SaleID,SaleDate,StoreID,ProductID,Quantity,UnitPrice,Discount,Revenue,Cost,PaymentMethod,CustomerSegment
SAL20250049445,2025-06-06,STR024,PRD00190,1,12169.57,0.0,12169.57,7955.32,Credit Card,Regular
SAL20250049446,2025-06-19,STR021,PRD00860,1,694.13,0.05,659.42,417.51,Cash,Regular
SAL20250049447,2025-06-17,STR040,PRD01191,2,6431.83,0.0,12863.66,8022.98,Credit Card,Regular
SAL20250049448,2025-06-29,STR001,PRD00832,1,1859.75,0.0,1859.75,1370.28,Cash,Regular
SAL20250049449,2025-06-07,STR040,PRD00442,2,148.56,0.0,297.12,239.4,Cash,Regular
SAL20250049450,2025-06-27,STR032,PRD00618,2,249.13,0.0,498.26,366.06,UPI,Regular
SAL20250049451,2025-06-09,STR020,PRD01159,1,3270.67,0.0,3270.67,1499.26,Credit Card,Regular
SAL20250049452,2025-06-05,STR016,PRD00348,1,1231.54,0.0,1231.54,694.06,Credit Card,Walk-in
SAL20250049453,2025-06-27,STR022,,2,773.23,0.05,1469.14,1312.28,Cash,Regular
SAL20250049454,2025-06-17,STR006,PRD00092,1,6575.52,0.0,6575.52,4677.68,Debit Card,Walk-in
SAL20250049455,2025-06-28,STR016,PRD00984,1,34.1,0.0,34.1,20.02,UPI,Walk-in
SAL20250049456,2025-06-26,STR028,PRD01099,1,4242.7,0.0,4242.7,2721.85,UPI,Regular
SAL20250049457,2025-06-27,STR016,PRD00782,3,3353.32,0.0,10059.96,5872.56,Credit Card,Regular
SAL20250049458,2025-06-03,STR022,PRD00689,1,492.79,0.0,492.79,332.83,Debit Card,Regular
SAL20250049459,2025-06-03,STR008,PRD01037,4,431.13,0.1,1552.07,928.76,Net Banking,Corporate
SAL20250049460,2025-06-07,STR037,PRD00823,1,2558.98,0.0,2558.98,1717.69,Credit Card,Regular
SAL20250049461,2025-06-07,STR011,PRD00483,1,634.79,0.0,634.79,530.96,Credit Card,Regular
SAL20250049462,2025-06-19,STR038,PRD00570,1,376.39,0.0,376.39,268.57,Cash,Regular
SAL20250049463,2025-06-03,STR030,PRD00598,1,173.87,0.0,173.87,122.49,UPI,Regular
SAL20250049464,2025-06-13,STR034,PRD01068,4,5954.4,0.0,23817.6,13980.8,Debit Card,Corporate
SAL20250049465,2025-06-14,STR036,PRD00019,1,9063.53,0.0,9063.53,6399.55,Cash,Premium
SAL20250049466,2025-06-29,STR010,PRD00041,1,19732.0,0.0,19732.0,14953.27,Debit Card,Walk-in
SAL20250049467,2025-06-22,STR010,PRD00473,1,113.62,0.0,113.62,94.83,UPI,Premium
SAL20250049468,2025-06-21,STR022,PRD00664,1,181.84,0.0,181.84,109.21,Credit Card,Walk-in
SAL20250049469,2025-06-06,STR012,PRD00649,2,333.14,0.0,666.28,477.92,Credit Card,Regular
SAL20250049470,2025-06-09,STR001,PRD00198,1,4266.35,0.0,4266.35,2976.38,UPI,Regular
SAL20250049471,2025-06-05,STR028,PRD00945,1,871.49,0.0,871.49,550.24,Cash,Regular
SAL20250049472,2025-06-15,STR022,PRD01107,2,1600.76,0.05,3041.44,1470.26,UPI,Walk-in
SAL20250049473,2025-06-11,STR015,PRD00878,4,1229.84,0.0,4919.36,3186.24,UPI,Corporate
SAL20250049474,2025-06-25,STR021,PRD00977,4,417.51,0.0,1670.04,1129.12,Debit Card,Regular
SAL20250049475,2025-06-30,STR011,PRD00178,1,9669.95,0.0,9669.95,6949.73,UPI,Corporate
SAL20250049476,2025-06-09,STR005,PRD00735,2,2710.38,0.0,5420.76,3232.56,Debit Card,Regular
SAL20250049477,2025-06-10,STR021,PRD00317,1,1393.76,0.0,1393.76,799.47,UPI,Walk-in
SAL20250049478,2025-06-10,STR023,PRD00455,1,683.36,0.0,683.36,563.47,Net Banking,Regular
SAL20250049479,2025-06-08,STR008,PRD00404,1,695.46,0.0,695.46,604.38,Debit Card,Walk-in
SAL20250049480,2025-06-16,STR020,PRD00750,2,3884.81,0.0,7769.62,4289.96,Credit Card,Regular
SAL20250049481,2025-06-13,STR017,PRD00890,2,891.3,0.0,1782.6,1071.86,UPI,Premium
SAL20250049482,2025-06-06,STR025,PRD00255,1,3159.1,0.0,3159.1,2283.27,UPI,Regular
SAL20250049483,2025-06-19,STR008,PRD00526,1,712.58,0.05,676.95,592.24,Cash,Regular
SAL20250049484,2025-06-29,STR004,PRD00899,1,2165.69,0.0,2165.69,1458.76,Debit Card,Regular
SAL20250049485,2025-06-23,STR006,PRD00705,1,488.73,0.0,488.73,328.43,UPI,Regular
SAL20250049486,2025-06-05,STR038,PRD00818,2,2330.04,0.0,4660.08,3338.28,Debit Card,Walk-in
SAL20250049487,2025-06-02,STR014,PRD00661,1,443.39,0.0,443.39,283.68,UPI,Premium
SAL20250049488,2025-06-16,STR018,PRD01072,2,354.49,0.0,708.98,440.0,UPI,Regular
SAL20250049489,2025-06-21,STR022,PRD00906,1,3449.48,0.1,3104.53,2116.22,Cash,Regular
SAL20250049490,2025-06-13,STR032,PRD00735,1,2710.38,0.0,2710.38,1616.28,UPI,Premium
SAL20250049491,2025-06-10,STR022,PRD00909,2,1266.46,0.0,2532.92,1738.96,Debit Card,Premium
SAL20250049492,2025-06-22,STR040,PRD00154,1,614.66,0.1,553.19,476.92,UPI,Walk-in
SAL20250049493,2025-06-29,STR010,PRD00431,2,614.87,0.0,1229.74,1042.4,UPI,Regular
SAL20250049494,2025-06-01,STR010,PRD00297,2,1248.97,0.0,2497.94,1262.12,Debit Card,Regular
SAL20250049495,2025-06-14,STR033,PRD00528,4,1118.04,0.0,4472.16,3785.36,Credit Card,Walk-in
SAL20250049496,2025-06-11,STR039,PRD00291,1,469.9,0.0,469.9,279.76,Credit Card,Walk-in
SAL20250049497,2025-06-21,STR024,PRD00432,1,845.55,0.0,845.55,647.04,Credit Card,Premium
SAL20250049498,2025-06-27,STR032,PRD00598,1,173.87,0.05,165.18,122.49,UPI,Premium
SAL20250049499,2025-06-13,STR025,PRD00471,4,607.66,0.0,2430.64,1981.4,Debit Card,Walk-in
SAL20250049500,2025-06-04,STR013,PRD00676,1,4180.37,0.0,4180.37,2836.76,Credit Card,Regular
SAL20250049501,2025-06-26,STR030,PRD00865,2,2254.56,0.0,4509.12,2847.86,UPI,Walk-in
SAL20250049502,2025-06-07,STR031,PRD00295,1,1024.45,0.0,1024.45,568.49,UPI,Regular
SAL20250049503,2025-06-19,STR017,PRD00392,3,436.74,0.0,1310.22,726.84,UPI,Corporate
SAL20250049504,2025-06-22,STR031,PRD00298,1,1012.57,0.0,1012.57,666.12,UPI,Regular
SAL20250049505,2025-06-19,STR012,PRD00356,3,1354.34,0.0,4063.02,2202.54,UPI,Regular
SAL20250049506,2025-06-05,STR027,PRD01014,3,1123.09,0.0,3369.27,1908.24,Credit Card,Premium
SAL20250049507,2025-06-28,STR010,PRD00519,1,818.33,0.1,736.5,642.9,UPI,Walk-in
SAL20250049508,2025-06-28,STR002,PRD00817,2,3058.64,0.0,6117.28,4331.32,Credit Card,Regular
SAL20250049509,2025-06-14,STR019,PRD01071,1,5607.68,0.05,5327.3,3412.0,Net Banking,Walk-in
SAL20250049510,2025-06-01,STR030,PRD00785,2,4604.98,0.0,9209.96,5509.66,UPI,Regular
SAL20250049511,2025-06-01,STR038,PRD00220,3,5859.46,0.1,15820.54,13684.32,Debit Card,Premium
SAL20250049512,2025-06-08,STR024,PRD01124,4,4813.39,0.0,19253.56,8711.0,Credit Card,Regular
SAL20250049513,2025-06-25,STR013,PRD00183,1,6835.62,0.0,6835.62,4488.56,Credit Card,Walk-in
SAL20250049514,2025-06-26,STR011,PRD00674,1,2861.74,0.0,2861.74,1590.59,Debit Card,Regular
SAL20250049515,2025-06-03,STR024,PRD00505,6,1140.95,0.0,6845.7,5162.82,UPI,Regular
SAL20250049516,2025-06-25,STR020,PRD01194,1,6442.41,0.05,6120.29,3885.18,UPI,Regular
SAL20250049517,2025-06-10,STR024,PRD00886,1,1331.79,0.0,1331.79,944.7,Credit Card,Walk-in
SAL20250049518,2025-06-07,STR038,PRD00354,1,1099.31,0.0,1099.31,649.66,Credit Card,Regular
SAL20250049519,2025-06-10,STR002,PRD00978,1,172.32,0.0,172.32,107.32,UPI,Walk-in
SAL20250049520,2025-06-19,STR005,PRD00240,1,10596.37,0.0,10596.37,7390.73,UPI,Walk-in
SAL20250049521,2025-06-16,STR004,PRD00121,2,13928.8,0.0,27857.6,18664.66,Cash,Regular
SAL20250049522,2025-06-01,STR002,PRD00574,2,560.83,0.0,1121.66,677.12,Cash,Regular
SAL20250049523,2025-06-29,STR021,PRD00493,1,517.33,0.0,517.33,446.5,UPI,Walk-in
SAL20250049524,2025-06-06,STR008,PRD00632,2,758.72,0.0,1517.44,860.12,Cash,Regular
SAL20250049525,2025-06-29,STR006,PRD01072,1,354.49,0.0,354.49,220.0,Debit Card,Regular
SAL20250049526,2025-06-01,STR005,PRD00312,4,662.59,0.0,2650.36,1552.76,Debit Card,Premium
SAL20250049527,2025-06-06,STR038,PRD00678,1,3485.6,0.0,3485.6,2254.91,Net Banking,Premium
SAL20250049528,2025-06-25,STR022,PRD00902,3,258.19,0.0,774.57,462.21,Cash,Walk-in
SAL20250049529,2025-06-22,STR038,PRD00200,1,1880.51,0.0,1880.51,1363.43,Debit Card,Premium
SAL20250049530,2025-06-10,STR025,PRD00418,3,378.6,0.0,1135.8,946.29,Credit Card,Regular
SAL20250049531,2025-06-01,STR026,PRD00074,1,17249.82,0.0,17249.82,11809.64,Debit Card,Walk-in
SAL20250049532,2025-06-29,STR035,PRD00292,1,975.97,0.0,975.97,491.67,Credit Card,Regular
SAL20250049533,2025-06-07,STR037,PRD00037,1,21728.77,0.0,21728.77,16760.42,Credit Card,Regular
SAL20250049534,2025-06-12,STR023,PRD00670,1,3171.53,0.0,3171.53,1914.92,UPI,Walk-in
SAL20250049535,2025-06-24,STR034,PRD00398,1,358.79,0.0,358.79,173.35,UPI,Regular
SAL20250049536,2025-06-10,STR022,PRD00578,3,577.23,0.05,1645.11,1268.43,Cash,Corporate
SAL20250049537,2025-06-12,STR013,PRD01007,3,886.03,0.0,2658.09,1507.14,Cash,Walk-in
SAL20250049538,2025-06-19,STR041,PRD00071,1,14423.02,0.0,14423.02,9605.63,Cash,Regular
SAL20250049539,2025-06-14,STR021,PRD01080,1,1721.88,0.0,1721.88,771.73,Credit Card,Walk-in
SAL20250049540,2025-06-11,STR003,PRD00066,1,7423.58,0.1,6681.22,5820.76,Credit Card,Corporate
SAL20250049541,2025-06-02,STR030,PRD00248,1,9547.84,0.0,9547.84,6877.51,UPI,Regular
SAL20250049542,2025-06-28,STR020,PRD01015,1,771.47,0.1,694.32,541.12,Debit Card,Regular
SAL20250049543,2025-06-04,STR040,PRD00183,1,6835.62,0.0,6835.62,4488.56,Net Banking,Regular
SAL20250049544,2025-06-14,STR035,PRD00891,1,506.36,0.0,506.36,373.69,UPI,Walk-in
SAL20250049545,2025-06-24,STR030,PRD00580,5,372.59,0.0,1862.95,1056.5,UPI,Regular
SAL20250049546,2025-06-30,STR025,PRD00857,1,3027.87,0.0,3027.87,2160.84,Debit Card,Premium
SAL20250049547,2025-06-06,STR041,PRD00481,2,391.79,0.0,783.58,633.52,UPI,Walk-in
SAL20250049548,2025-06-23,STR020,PRD00313,3,1406.36,0.05,4008.13,1918.02,Debit Card,Regular
SAL20250049549,2025-06-18,STR024,PRD00487,2,92.35,0.05,175.46,157.68,Net Banking,Walk-in
SAL20250049550,2025-06-04,STR032,PRD01010,6,762.29,0.0,4573.74,2397.12,Debit Card,Walk-in
SAL20250049551,2025-06-06,STR038,PRD00197,1,4849.89,0.0,4849.89,3779.03,UPI,Regular
SAL20250049552,2025-06-23,STR030,PRD00936,1,964.58,0.1,868.12,620.53,Credit Card,Regular
SAL20250049553,2025-06-25,STR023,PRD00016,3,12816.4,0.0,38449.2,28300.71,Cash,Walk-in
SAL20250049554,2025-06-23,STR012,PRD01123,1,3145.87,0.0,3145.87,1902.26,UPI,Regular
SAL20250049555,2025-06-23,STR035,PRD00561,2,111.53,0.0,223.06,150.98,UPI,Regular
SAL20250049556,2025-06-05,STR028,PRD00194,1,5905.12,0.0,5905.12,4140.26,UPI,Regular
SAL20250049557,2025-06-01,STR005,PRD00917,2,1441.59,0.0,2883.18,1961.66,UPI,Walk-in
SAL20250049558,2025-06-06,STR013,PRD00696,1,1599.77,0.0,1599.77,1080.02,UPI,Regular
SAL20250049559,2025-06-02,STR029,,1,1211.65,0.0,1211.65,859.32,UPI,Regular
SAL20250049560,2025-06-01,STR018,PRD01036,4,177.81,0.0,711.24,500.68,Credit Card,Regular
SAL20250049561,2025-06-11,STR005,PRD00254,1,11020.14,0.0,11020.14,6776.21,Cash,Premium
SAL20250049562,2025-06-04,STR007,PRD00797,2,567.41,0.0,1134.82,822.82,UPI,Regular
SAL20250049563,2025-06-28,STR040,PRD00540,3,550.54,0.0,1651.62,1165.86,Net Banking,Premium
SAL20250049564,2025-06-23,STR036,PRD00561,3,111.53,0.0,334.59,226.47,Debit Card,Walk-in
SAL20250049565,2025-06-28,STR011,PRD00386,1,1129.86,0.05,1073.37,720.78,UPI,Regular
SAL20250049566,2025-06-07,STR015,PRD00205,1,2084.53,0.1,1876.08,1335.1,Cash,Premium
SAL20250049567,2025-06-05,STR023,PRD00439,4,122.61,0.1,441.4,382.44,Debit Card,Regular
SAL20250049568,2025-06-21,STR013,PRD00217,1,8159.94,0.0,8159.94,5298.43,Cash,Corporate
SAL20250049569,2025-06-20,STR011,PRD00107,1,4985.79,0.0,4985.79,3483.71,Net Banking,Walk-in
SAL20250049570,2025-06-12,STR015,PRD00869,1,3787.4,0.0,3787.4,2366.4,UPI,Regular
SAL20250049571,2025-06-21,STR022,PRD00927,1,799.32,0.0,799.32,584.58,Debit Card,Walk-in
SAL20250049572,2025-06-03,STR041,PRD00197,1,4849.89,0.0,4849.89,3779.03,UPI,Walk-in
SAL20250049573,2025-06-26,STR023,PRD00089,1,24330.95,0.0,24330.95,18400.64,UPI,Corporate
SAL20250049574,2025-06-01,STR013,PRD00905,3,2497.02,0.0,7491.06,4598.64,UPI,Regular
SAL20250049575,2025-06-16,STR009,PRD00866,2,1023.05,0.0,2046.1,1244.74,Net Banking,Corporate
SAL20250049576,2025-06-16,STR029,PRD00417,1,788.29,0.0,788.29,661.71,UPI,Walk-in
SAL20250049577,2025-06-06,STR020,PRD00754,2,372.52,0.0,745.04,441.76,Debit Card,Regular
SAL20250049578,2025-06-23,STR023,PRD00462,6,271.55,0.0,1629.3,1231.56,Debit Card,Regular
SAL20250049579,2025-06-06,STR009,PRD00286,2,390.77,0.0,781.54,506.68,Debit Card,Walk-in
SAL20250049580,2025-06-30,STR004,PRD00475,1,749.71,0.05,712.22,568.96,UPI,Regular
SAL20250049581,2025-06-09,STR011,PRD00034,1,761.93,0.0,761.93,520.56,Cash,Regular
SAL20250049582,2025-06-02,STR027,PRD00886,1,1331.79,0.1,1198.61,944.7,Cash,Regular
SAL20250049583,2025-06-15,STR020,PRD00887,1,2006.5,0.05,1906.17,1169.69,Debit Card,Regular
SAL20250049584,2025-06-14,STR015,PRD00935,3,821.43,0.0,2464.29,1758.3,Cash,Regular
SAL20250049585,2025-06-22,STR016,PRD00020,1,2507.15,0.0,2507.15,1948.29,Credit Card,Regular
SAL20250049586,2025-06-29,STR029,PRD00273,1,1306.29,0.0,1306.29,758.87,Cash,Corporate
SAL20250049587,2025-06-20,STR024,PRD00437,1,320.21,0.0,320.21,271.12,Cash,Premium
SAL20250049588,2025-06-13,STR012,PRD00509,3,888.38,0.0,2665.14,2022.99,UPI,Premium
SAL20250049589,2025-06-08,STR012,PRD01070,2,5540.5,0.05,10526.95,5153.54,UPI,Premium
SAL20250049590,2025-06-17,STR021,PRD00617,1,496.18,0.0,496.18,363.01,UPI,Regular
SAL20250049591,2025-06-10,STR012,PRD00003,1,810.89,0.05,770.35,534.24,UPI,Premium
SAL20250049592,2025-06-10,STR023,PRD00732,3,4150.55,0.05,11829.07,7945.53,Credit Card,Regular
SAL20250049593,2025-06-13,STR002,PRD00321,3,1442.95,0.0,4328.85,2146.47,Credit Card,Walk-in
SAL20250049594,2025-06-08,STR021,PRD00637,3,299.32,0.0,897.96,640.8,Credit Card,Walk-in
SAL20250049595,2025-06-26,STR023,PRD00941,3,737.4,0.1,1990.98,1533.27,UPI,Regular
SAL20250049596,2025-06-26,STR002,PRD00541,3,685.8,0.0,2057.4,1216.71,Debit Card,Regular
SAL20250049597,2025-06-19,STR023,PRD01049,2,225.77,0.0,451.54,275.76,Credit Card,Regular
SAL20250049598,2025-06-23,STR013,PRD00557,2,210.61,0.0,421.22,268.86,Credit Card,Walk-in
SAL20250049599,2025-06-13,STR018,PRD00724,2,2856.14,0.0,5712.28,3188.82,UPI,Corporate
SAL20250049600,2025-06-07,STR030,PRD00798,3,1720.26,0.0,5160.78,2884.65,UPI,Walk-in
SAL20250049601,2025-06-14,STR004,PRD00853,1,3236.74,0.0,3236.74,1868.14,Cash,Walk-in
SAL20250049602,2025-06-26,STR026,PRD00426,4,496.18,0.0,1984.72,1663.48,Credit Card,Regular
SAL20250049603,2025-06-26,STR026,PRD00596,3,666.12,0.0,1998.36,1193.73,Credit Card,Regular
SAL20250049604,2025-06-13,STR011,PRD00186,2,7826.08,0.0,15652.16,10249.78,Net Banking,Premium
SAL20250049605,2025-06-21,STR025,PRD01169,1,6625.23,0.0,6625.23,4001.41,Debit Card,Regular
SAL20250049606,2025-06-25,STR007,PRD00698,3,1659.66,0.0,4978.98,3283.77,UPI,Regular
SAL20250049607,2025-06-19,STR016,PRD00140,1,6378.06,0.0,6378.06,4851.7,Credit Card,Premium
SAL20250049608,2025-06-15,STR038,PRD00642,2,467.68,0.0,935.36,580.44,Credit Card,Premium
SAL20250049609,2025-06-18,STR006,PRD00082,1,9499.68,0.0,9499.68,6552.44,UPI,Regular
SAL20250049610,2025-06-28,STR035,PRD00777,1,3515.65,0.0,3515.65,1941.78,UPI,Regular
SAL20250049611,2025-06-19,STR002,PRD00787,1,291.05,0.0,291.05,189.14,UPI,Walk-in
SAL20250049612,2025-06-20,STR041,PRD00698,3,1659.66,0.0,4978.98,3283.77,UPI,Regular
SAL20250049613,2025-06-22,STR019,PRD01033,3,703.74,0.0,2111.22,1136.07,Debit Card,Corporate
SAL20250049614,2025-06-30,STR028,PRD00644,2,812.84,0.0,1625.68,904.78,UPI,Regular
SAL20250049615,2025-06-20,STR006,PRD01008,10,227.58,0.0,2275.8,1420.0,UPI,Regular
SAL20250049616,2025-06-21,STR033,PRD00335,1,1156.98,0.0,1156.98,622.56,UPI,Walk-in
SAL20250049617,2025-06-21,STR026,PRD00657,4,272.71,0.1,981.76,643.36,UPI,Regular
SAL20250049618,2025-06-02,STR038,PRD01146,1,2954.25,0.05,2806.54,1488.77,Credit Card,Regular
SAL20250049619,2025-06-09,STR019,PRD00980,1,608.25,0.0,608.25,362.26,Credit Card,Regular
SAL20250049620,2025-06-13,STR020,PRD00480,4,103.25,0.0,413.0,344.68,Credit Card,Regular
SAL20250049621,2025-06-06,STR014,PRD00251,2,10660.28,0.0,21320.56,14612.12,Credit Card,Corporate
SAL20250049622,2025-06-06,STR026,PRD00365,1,693.15,0.0,693.15,448.69,UPI,Walk-in
SAL20250049623,2025-06-22,STR041,PRD00427,2,558.44,0.0,1116.88,968.52,UPI,Walk-in
SAL20250049624,2025-06-11,STR035,PRD00670,1,3171.53,0.0,3171.53,1914.92,Cash,Walk-in
SAL20250049625,2025-06-07,STR023,PRD00710,1,4042.5,0.0,4042.5,2223.99,UPI,Regular
SAL20250049626,2025-06-02,STR029,PRD00998,2,883.36,0.0,1766.72,899.78,UPI,Regular
SAL20250049627,2025-06-14,STR001,PRD00367,1,450.03,0.1,405.03,246.78,UPI,Walk-in
SAL20250049628,2025-06-09,STR033,PRD00933,3,3527.61,0.0,10582.83,6540.9,UPI,Corporate
SAL20250049629,2025-06-01,STR041,PRD00871,1,1211.65,0.0,1211.65,859.32,UPI,Regular
SAL20250049630,2025-06-19,STR014,PRD00804,3,782.93,0.05,2231.35,1694.34,Credit Card,Regular
SAL20250049631,2025-06-07,STR003,PRD00791,1,855.75,0.0,855.75,599.47,UPI,Corporate
SAL20250049632,2025-06-30,STR040,PRD00476,4,645.16,0.05,2451.61,2172.72,UPI,Walk-in
SAL20250049633,2025-06-13,STR001,PRD00352,2,930.67,0.0,1861.34,1193.8,Credit Card,Premium
SAL20250049634,2025-06-26,STR027,PRD00292,1,975.97,0.0,975.97,491.67,Cash,Regular
SAL20250049635,2025-06-18,STR002,PRD00389,2,1606.86,0.1,2892.35,1479.92,Net Banking,Walk-in
SAL20250049636,2025-06-10,STR010,PRD00059,1,15692.67,0.0,15692.67,12269.76,Debit Card,Walk-in
SAL20250049637,2025-06-24,STR019,PRD00153,1,12724.66,0.0,12724.66,7922.12,Credit Card,Regular
SAL20250049638,2025-06-20,STR013,PRD00164,1,7383.75,0.0,7383.75,4728.61,UPI,Regular
SAL20250049639,2025-06-09,STR006,PRD01162,2,3657.07,0.0,7314.14,4034.58,Cash,Regular
SAL20250049640,2025-06-10,STR034,PRD00747,4,1306.66,0.0,5226.64,3840.64,UPI,Regular
SAL20250049641,2025-06-03,STR025,PRD00474,1,108.22,0.0,108.22,89.37,UPI,Premium
SAL20250049642,2025-06-18,STR018,PRD01057,2,52.31,0.0,104.62,66.6,UPI,Regular
SAL20250049643,2025-06-22,STR009,PRD00008,1,14817.35,0.0,14817.35,10393.47,UPI,Premium
SAL20250049644,2025-06-13,STR022,PRD00453,3,1257.16,0.0,3771.48,2839.11,Debit Card,Regular
SAL20250049645,2025-06-08,STR012,PRD00925,1,2271.72,0.0,2271.72,1525.09,UPI,Premium
SAL20250049646,2025-06-20,STR028,PRD00607,2,313.72,0.0,627.44,362.7,UPI,Regular
SAL20250049647,2025-06-03,STR010,PRD01003,5,278.9,0.0,1394.5,731.6,UPI,Walk-in
SAL20250049648,2025-06-26,STR028,PRD00107,1,4985.79,0.0,4985.79,3483.71,UPI,Regular
SAL20250049649,2025-06-30,STR031,PRD00593,6,596.07,0.0,3576.42,2315.04,Cash,Walk-in
SAL20250049650,2025-06-02,STR029,PRD00110,1,26501.66,0.0,26501.66,18492.65,Credit Card,Regular
SAL20250049651,2025-06-19,STR030,PRD00523,1,773.23,0.0,773.23,656.14,UPI,Regular
SAL20250049652,2025-06-05,STR040,PRD00789,1,4846.68,0.0,4846.68,2934.91,Credit Card,Walk-in
SAL20250049653,2025-06-11,STR023,PRD00526,3,712.58,0.0,2137.74,1776.72,Cash,Regular
SAL20250049654,2025-06-17,STR027,PRD00035,1,7229.47,0.0,7229.47,4889.28,Debit Card,Premium
SAL20250049655,2025-06-07,STR020,PRD00797,4,567.41,0.0,2269.64,1645.64,Credit Card,Regular
SAL20250049656,2025-06-26,STR036,PRD01118,1,5734.69,0.1,5161.22,3371.1,UPI,Corporate
SAL20250049657,2025-06-10,STR012,PRD00892,1,2494.33,0.0,2494.33,1742.01,Cash,Regular
SAL20250049658,2025-06-19,STR005,PRD01031,1,1036.47,0.0,1036.47,523.37,Cash,Regular
SAL20250049659,2025-06-22,STR004,PRD01193,1,1712.13,0.1,1540.92,1034.91,Credit Card,Premium
SAL20250049660,2025-06-22,STR014,PRD00087,1,23253.22,0.0,23253.22,15702.94,Credit Card,Walk-in
SAL20250049661,2025-06-22,STR039,PRD00717,1,402.54,0.05,382.41,262.23,Cash,Premium
SAL20250049662,2025-06-25,STR001,PRD01167,3,1364.58,0.0,4093.74,2506.98,Credit Card,Regular
SAL20250049663,2025-06-17,STR035,PRD00034,1,761.93,0.1,685.74,520.56,UPI,Regular
SAL20250049664,2025-06-23,STR010,PRD00653,4,614.39,0.05,2334.68,1791.04,UPI,Walk-in
SAL20250049665,2025-06-07,STR002,PRD00396,1,713.53,0.0,713.53,454.7,Debit Card,Regular
SAL20250049666,2025-06-06,STR013,PRD00703,1,940.1,0.0,940.1,700.55,UPI,Walk-in
SAL20250049667,2025-06-29,STR029,PRD00446,2,1037.38,0.0,2074.76,1762.82,Cash,Regular
SAL20250049668,2025-06-21,STR015,PRD00845,1,2226.26,0.0,2226.26,1523.41,Net Banking,Regular
SAL20250049669,2025-06-24,STR007,PRD00614,4,52.25,0.0,209.0,137.12,UPI,Walk-in
SAL20250049670,2025-06-26,STR012,PRD00114,3,17643.2,0.0,52929.6,36918.0,Cash,Walk-in
SAL20250049671,2025-06-23,STR030,PRD00750,1,3884.81,0.0,3884.81,2144.98,Debit Card,Regular
SAL20250049672,2025-06-04,STR018,PRD00434,2,648.17,0.0,1296.34,1077.58,UPI,Walk-in
SAL20250049673,2025-06-13,STR005,PRD01014,5,1123.09,0.0,5615.45,3180.4,UPI,Regular
SAL20250049674,2025-06-03,STR032,PRD00548,2,172.01,0.0,344.02,240.72,UPI,Regular
SAL20250049675,2025-06-02,STR019,PRD00417,6,788.29,0.0,4729.74,3970.26,Credit Card,Regular
SAL20250049676,2025-06-08,STR027,PRD00587,4,250.15,0.0,1000.6,687.16,Cash,Regular
SAL20250049677,2025-06-19,STR012,PRD00966,1,814.75,0.0,814.75,526.45,UPI,Walk-in
SAL20250049678,2025-06-04,STR020,PRD00814,1,3265.17,0.0,3265.17,1889.37,UPI,Regular
SAL20250049679,2025-06-16,STR013,PRD00308,1,373.95,0.0,373.95,260.57,Debit Card,Walk-in
SAL20250049680,2025-06-02,STR001,PRD00467,1,528.8,0.0,528.8,453.05,UPI,Walk-in
SAL20250049681,2025-06-20,STR030,PRD00910,3,2302.88,0.0,6908.64,4739.07,Cash,Premium
SAL20250049682,2025-06-27,STR016,PRD00748,1,2656.98,0.0,2656.98,1815.38,Credit Card,Premium
SAL20250049683,2025-06-13,STR022,PRD00546,3,854.43,0.05,2435.13,1421.7,UPI,Regular
SAL20250049684,2025-06-21,STR022,PRD00762,1,1596.23,0.1,1436.61,909.86,UPI,Regular
SAL20250049685,2025-06-24,STR001,PRD00386,1,1129.86,0.0,1129.86,720.78,Credit Card,Premium
SAL20250049686,2025-06-02,STR035,PRD00413,1,347.68,0.0,347.68,300.31,UPI,Regular
SAL20250049687,2025-06-02,STR037,PRD00595,1,524.85,0.0,524.85,364.52,UPI,Walk-in
SAL20250049688,2025-06-30,STR015,PRD00361,1,1524.53,0.1,1372.08,825.7,Debit Card,Walk-in
SAL20250049689,2025-06-17,STR031,PRD01028,5,93.34,0.0,466.7,240.5,UPI,Walk-in
SAL20250049690,2025-06-14,STR011,PRD01082,2,1474.53,0.0,2949.06,1594.52,Credit Card,Regular
SAL20250049691,2025-06-21,STR006,PRD01134,1,5914.46,0.0,5914.46,2929.32,Debit Card,Regular
SAL20250049692,2025-06-22,STR021,PRD01101,1,4929.57,0.0,4929.57,2668.17,UPI,Premium
SAL20250049693,2025-06-26,STR028,PRD00455,6,683.36,0.0,4100.16,3380.82,UPI,Premium
SAL20250049694,2025-06-06,STR010,PRD01082,2,1474.53,0.0,2949.06,1594.52,UPI,Regular
SAL20250049695,2025-06-04,STR026,PRD01019,3,948.07,0.1,2559.79,1469.25,UPI,Premium
SAL20250049696,2025-06-27,STR023,PRD00048,1,26663.85,0.0,26663.85,18297.1,Cash,Walk-in
SAL20250049697,2025-06-08,STR021,PRD00934,1,3207.23,0.0,3207.23,1811.07,UPI,Regular
SAL20250049698,2025-06-29,STR005,PRD00429,1,725.58,0.0,725.58,550.01,Debit Card,Walk-in
SAL20250049699,2025-06-24,STR034,PRD00429,2,725.58,0.0,1451.16,1100.02,Cash,Premium
SAL20250049700,2025-06-15,STR010,PRD00367,4,450.03,0.0,1800.12,987.12,Debit Card,Corporate
SAL20250049701,2025-06-18,STR003,PRD00183,1,6835.62,0.0,6835.62,4488.56,Net Banking,Regular
SAL20250049702,2025-06-15,STR027,PRD00626,2,125.9,0.0,251.8,151.86,Credit Card,Walk-in
SAL20250049703,2025-06-03,STR010,PRD00538,3,57.89,0.0,173.67,125.34,UPI,Walk-in
SAL20250049704,2025-06-03,STR040,PRD00490,2,177.23,0.0,354.46,276.62,Debit Card,Walk-in
SAL20250049705,2025-06-23,STR039,PRD00474,1,108.22,0.0,108.22,89.37,UPI,Regular
SAL20250049706,2025-06-03,STR018,PRD00722,1,2039.88,0.1,1835.89,1170.85,Credit Card,Walk-in
SAL20250049707,2025-06-28,STR031,PRD00048,2,26663.85,0.0,53327.7,36594.2,Credit Card,Regular
SAL20250049708,2025-06-13,STR040,PRD00520,1,482.69,0.0,482.69,405.86,UPI,Walk-in
SAL20250049709,2025-06-14,STR029,PRD01027,5,412.95,0.0,2064.75,1128.6,Credit Card,Premium
SAL20250049710,2025-06-20,STR006,PRD00220,1,5859.46,0.0,5859.46,4561.44,UPI,Walk-in
SAL20250049711,2025-06-30,STR029,PRD00479,4,303.49,0.0,1213.96,1022.44,Credit Card,Walk-in
SAL20250049712,2025-06-18,STR013,PRD00604,1,254.69,0.1,229.22,151.9,Credit Card,Walk-in
SAL20250049713,2025-06-15,STR026,PRD00136,2,8242.41,0.0,16484.82,11282.42,Debit Card,Regular
SAL20250049714,2025-06-19,STR013,PRD01039,5,616.85,0.0,3084.25,1969.7,Credit Card,Premium
SAL20250049715,2025-06-27,STR015,PRD00002,1,1289.58,0.0,1289.58,870.9,Net Banking,Corporate
SAL20250049716,2025-06-07,STR030,PRD01015,1,771.47,0.0,771.47,541.12,Credit Card,Regular
SAL20250049717,2025-06-25,STR029,PRD00555,3,381.92,0.0,1145.76,659.37,Credit Card,Regular
SAL20250049718,2025-06-25,STR025,PRD00241,1,7381.55,0.0,7381.55,5583.94,Cash,Premium
SAL20250049719,2025-06-03,STR023,PRD00573,1,44.75,0.0,44.75,26.95,Credit Card,Premium
SAL20250049720,2025-06-21,STR010,PRD00607,3,313.72,0.0,941.16,544.05,UPI,Walk-in
SAL20250049721,2025-06-05,STR023,PRD00664,1,181.84,0.0,181.84,109.21,UPI,Premium
SAL20250049722,2025-06-16,STR037,PRD00421,3,579.98,0.0,1739.94,1459.5,Debit Card,Walk-in
SAL20250049723,2025-06-21,STR005,PRD00931,1,1839.81,0.0,1839.81,1246.88,Credit Card,Walk-in
SAL20250049724,2025-06-13,STR016,PRD00475,2,749.71,0.0,1499.42,1137.92,Cash,Premium
SAL20250049725,2025-06-14,STR027,PRD00300,2,1106.33,0.1,1991.39,1202.2,UPI,Walk-in
SAL20250049726,2025-06-17,STR004,PRD00143,1,11610.06,0.0,11610.06,8058.06,UPI,Regular
SAL20250049727,2025-06-20,STR033,PRD00783,1,2295.14,0.05,2180.38,1443.25,Cash,Regular
SAL20250049728,2025-06-07,STR010,PRD00715,3,2949.53,0.0,8848.59,5952.0,Debit Card,Regular
SAL20250049729,2025-06-03,STR035,PRD00210,1,8463.87,0.0,8463.87,5533.2,Credit Card,Premium
SAL20250049730,2025-06-21,STR041,PRD00313,3,1406.36,0.0,4219.08,1918.02,Cash,Regular
SAL20250049731,2025-06-07,STR033,PRD00261,1,8333.44,0.0,8333.44,5118.51,Debit Card,Premium
SAL20250049732,2025-06-24,STR021,PRD00548,5,172.01,0.0,860.05,601.8,Net Banking,Regular
SAL20250049733,2025-06-01,STR031,PRD00233,1,9134.67,0.0,9134.67,7104.84,UPI,Walk-in
SAL20250049734,2025-06-19,STR009,PRD00049,1,4540.51,0.0,4540.51,3028.11,Credit Card,Walk-in
SAL20250049735,2025-06-21,STR004,PRD00733,4,3579.07,0.0,14316.28,8747.88,UPI,Walk-in
SAL20250049736,2025-06-16,STR020,PRD01003,1,278.9,0.0,278.9,146.32,UPI,Regular
SAL20250049737,2025-06-16,STR001,PRD00264,1,4452.38,0.0,4452.38,3172.04,Debit Card,Premium
SAL20250049738,2025-06-02,STR039,PRD00624,3,124.7,0.1,336.69,261.24,UPI,Corporate
SAL20250049739,2025-06-10,STR018,PRD00347,2,1133.22,0.0,2266.44,1338.52,Net Banking,Regular
SAL20250049740,2025-06-30,STR033,PRD00625,1,629.94,0.05,598.44,432.91,Credit Card,Premium
SAL20250049741,2025-06-10,STR004,PRD00850,4,1897.52,0.05,7210.58,4940.28,UPI,Walk-in
SAL20250049742,2025-06-02,STR032,PRD00095,1,18324.65,0.0,18324.65,13913.8,UPI,Regular
SAL20250049743,2025-06-07,STR018,PRD00705,2,488.73,0.1,879.71,656.86,Debit Card,Regular
SAL20250049744,2025-06-13,STR013,PRD00234,1,3859.31,0.0,3859.31,2374.04,UPI,Regular
SAL20250049745,2025-06-18,STR016,PRD00915,2,703.59,0.0,1407.18,926.3,Debit Card,Regular
SAL20250049746,2025-06-27,STR025,PRD00351,1,802.18,0.0,802.18,503.24,Credit Card,Premium
SAL20250049747,2025-06-27,STR004,PRD01023,2,241.67,0.0,483.34,266.56,UPI,Regular
SAL20250049748,2025-06-06,STR041,PRD01013,4,214.89,0.0,859.56,592.96,UPI,Regular
SAL20250049749,2025-06-24,STR001,PRD00095,1,18324.65,0.0,18324.65,13913.8,UPI,Walk-in
SAL20250049750,2025-06-22,STR020,PRD00815,1,2750.26,0.0,2750.26,1847.59,UPI,Regular
SAL20250049751,2025-06-17,STR025,PRD00066,1,7423.58,0.0,7423.58,5820.76,Debit Card,Walk-in
SAL20250049752,2025-06-19,STR027,PRD00043,1,22998.01,0.0,22998.01,15302.97,Debit Card,Regular
SAL20250049753,2025-06-05,STR007,PRD00709,2,232.93,0.0,465.86,306.1,UPI,Regular
SAL20250049754,2025-06-25,STR033,PRD01130,1,3164.31,0.0,3164.31,1889.64,UPI,Regular
SAL20250049755,2025-06-07,STR012,PRD00250,1,3877.74,0.0,3877.74,2737.07,UPI,Regular
SAL20250049756,2025-06-20,STR040,PRD00582,1,535.32,0.1,481.79,385.0,UPI,Walk-in
SAL20250049757,2025-06-04,STR018,PRD00037,1,21728.77,0.0,21728.77,16760.42,Cash,Regular
SAL20250049758,2025-06-05,STR030,PRD00844,1,3943.03,0.0,3943.03,2224.57,Cash,Regular
SAL20250049759,2025-06-06,STR016,PRD00163,2,12710.38,0.0,25420.76,15425.98,UPI,Regular
SAL20250049760,2025-06-25,STR003,PRD00338,4,1223.61,0.0,4894.44,2752.92,UPI,Walk-in
SAL20250049761,2025-06-19,STR014,PRD00522,2,1139.79,0.05,2165.6,1751.66,UPI,Premium
SAL20250049762,2025-06-20,STR020,PRD00503,2,634.01,0.0,1268.02,1051.58,Cash,Regular
SAL20250049763,2025-06-09,STR013,PRD01031,1,1036.47,0.0,1036.47,523.37,Net Banking,Walk-in
SAL20250049764,2025-06-13,STR032,PRD00182,1,1682.57,0.0,1682.57,1144.55,UPI,Walk-in
SAL20250049765,2025-06-14,STR028,PRD00496,2,1047.75,0.0,2095.5,1804.88,Cash,Premium
SAL20250049766,2025-06-30,STR017,PRD01050,2,562.12,0.0,1124.24,658.28,Net Banking,Walk-in
SAL20250049767,2025-06-06,STR039,PRD00496,1,1047.75,0.0,1047.75,902.44,UPI,Walk-in
SAL20250049768,2025-06-10,STR023,PRD00194,1,5905.12,0.0,5905.12,4140.26,UPI,Walk-in
SAL20250049769,2025-06-30,STR018,PRD00520,2,482.69,0.1,868.84,811.72,UPI,Walk-in
SAL20250049770,2025-06-09,STR015,PRD00201,1,2838.89,0.0,2838.89,1889.59,Credit Card,Regular
SAL20250049771,2025-06-19,STR014,PRD00663,2,109.46,0.0,218.92,125.8,Debit Card,Regular
SAL20250049772,2025-06-09,STR040,PRD00195,1,4088.9,0.1,3680.01,3108.85,UPI,Walk-in
SAL20250049773,2025-06-16,STR036,PRD00002,1,1289.58,0.05,1225.1,870.9,Net Banking,Walk-in
SAL20250049774,2025-06-28,STR035,PRD00293,1,859.61,0.0,859.61,442.5,Credit Card,Walk-in
SAL20250049775,2025-06-14,STR026,PRD00990,2,577.78,0.0,1155.56,701.58,UPI,Premium
SAL20250049776,2025-06-06,STR038,PRD00522,4,1139.79,0.0,4559.16,3503.32,Net Banking,Premium
SAL20250049777,2025-06-20,STR035,PRD00658,2,338.62,0.0,677.24,455.36,UPI,Walk-in
SAL20250049778,2025-06-20,STR034,PRD00689,1,492.79,0.05,468.15,332.83,Debit Card,Regular
SAL20250049779,2025-06-03,STR029,PRD01175,2,2568.19,0.0,5136.38,3145.4,Cash,Premium
SAL20250049780,2025-06-21,STR010,PRD01023,1,241.67,0.0,241.67,133.28,UPI,Regular
SAL20250049781,2025-06-10,STR014,PRD01047,5,844.86,0.0,4224.3,2416.9,Credit Card,Walk-in
SAL20250049782,2025-06-03,STR023,PRD01148,1,584.33,0.0,584.33,241.48,UPI,Regular
SAL20250049783,2025-06-28,STR012,PRD01014,1,1123.09,0.0,1123.09,636.08,Credit Card,Walk-in
SAL20250049784,2025-06-24,STR013,PRD01084,3,10498.54,0.0,31495.62,12634.17,Cash,Walk-in
SAL20250049785,2025-06-15,STR001,PRD01170,1,1269.68,0.1,1142.71,694.9,Credit Card,Corporate
SAL20250049786,2025-06-21,STR031,PRD01083,1,8991.53,0.0,8991.53,3921.72,UPI,Regular
SAL20250049787,2025-06-03,STR011,PRD00465,1,578.8,0.0,578.8,442.8,Credit Card,Premium
SAL20250049788,2025-06-25,STR017,PRD00973,2,291.44,0.0,582.88,313.82,Debit Card,Regular
SAL20250049789,2025-06-11,STR031,PRD00947,1,413.13,0.0,413.13,208.02,Debit Card,Regular
SAL20250049790,2025-06-12,STR006,PRD00226,1,3456.4,0.1,3110.76,2122.01,UPI,Premium
SAL20250049791,2025-06-21,STR009,,2,177.23,0.1,319.01,276.62,Credit Card,Regular
SAL20250049792,2025-06-05,STR015,PRD00872,1,467.45,0.0,467.45,333.62,Credit Card,Regular
SAL20250049793,2025-06-15,STR009,PRD00890,1,891.3,0.0,891.3,535.93,Debit Card,Regular
SAL20250049794,2025-06-12,STR024,PRD00816,1,1448.92,0.0,1448.92,857.39,Credit Card,Regular
SAL20250049795,2025-06-30,STR039,PRD00716,2,1780.84,0.0,3561.68,2014.92,UPI,Walk-in
SAL20250049796,2025-06-11,STR037,PRD00893,3,963.04,0.0,2889.12,1809.15,Debit Card,Walk-in
SAL20250049797,2025-06-19,STR009,PRD00476,1,645.16,0.0,645.16,543.18,UPI,Regular
SAL20250049798,2025-06-02,STR041,PRD00858,1,1066.62,0.0,1066.62,695.16,UPI,Regular
SAL20250049799,2025-06-30,STR035,PRD00316,1,924.22,0.0,924.22,589.52,Credit Card,Walk-in
SAL20250049800,2025-06-25,STR025,PRD00727,1,737.62,0.0,737.62,442.28,Net Banking,Walk-in
SAL20250049801,2025-06-13,STR038,PRD00003,1,810.89,0.0,810.89,534.24,UPI,Regular
SAL20250049802,2025-06-03,STR038,PRD00663,2,109.46,0.0,218.92,125.8,Debit Card,Walk-in
SAL20250049803,2025-06-28,STR026,PRD00518,10,1000.64,0.0,10006.4,7684.3,Debit Card,Regular
SAL20250049804,2025-06-27,STR041,PRD00074,1,17249.82,0.0,17249.82,11809.64,UPI,Regular
SAL20250049805,2025-06-26,STR010,PRD00936,4,964.58,0.0,3858.32,2482.12,UPI,Walk-in
SAL20250049806,2025-06-21,STR010,PRD00063,1,19546.78,0.0,19546.78,13446.97,UPI,Regular
SAL20250049807,2025-06-23,STR021,PRD00229,1,2013.93,0.0,2013.93,1348.9,UPI,Walk-in
SAL20250049808,2025-06-29,STR019,PRD00394,1,327.5,0.0,327.5,218.51,Debit Card,Walk-in
SAL20250049809,2025-06-29,STR014,PRD00504,3,1118.52,0.0,3355.56,2802.72,Debit Card,Regular
SAL20250049810,2025-06-01,STR001,PRD01145,1,3609.72,0.1,3248.75,2080.21,UPI,Walk-in
SAL20250049811,2025-06-08,STR017,PRD01017,1,1092.19,0.0,1092.19,591.69,Credit Card,Regular
SAL20250049812,2025-06-29,STR025,PRD00545,5,450.85,0.0,2254.25,1262.25,Credit Card,Regular
SAL20250049813,2025-06-25,STR029,PRD00624,1,124.7,0.0,124.7,87.08,Net Banking,Walk-in
SAL20250049814,2025-06-23,STR023,PRD00660,1,324.23,0.0,324.23,238.04,UPI,Regular
SAL20250049815,2025-06-22,STR014,PRD00978,4,172.32,0.0,689.28,429.28,UPI,Walk-in
SAL20250049816,2025-06-20,STR031,PRD00377,2,1177.54,0.05,2237.33,1645.44,Cash,Walk-in
SAL20250049817,2025-06-15,STR019,PRD00458,6,587.81,0.0,3526.86,2675.52,Credit Card,Walk-in
SAL20250049818,2025-06-20,STR004,PRD00346,2,927.55,0.0,1855.1,1269.24,UPI,Regular
SAL20250049819,2025-06-18,STR018,PRD00613,2,239.41,0.0,478.82,357.22,UPI,Regular
SAL20250049820,2025-06-21,STR008,PRD00058,1,3380.1,0.0,3380.1,2568.5,Net Banking,Corporate
SAL20250049821,2025-06-01,STR003,PRD00411,6,779.25,0.0,4675.5,3791.1,UPI,Corporate
SAL20250049822,2025-06-23,STR003,PRD01167,1,1364.58,0.0,1364.58,835.66,UPI,Premium
SAL20250049823,2025-06-22,STR027,PRD00564,1,566.41,0.0,566.41,347.97,UPI,Premium
SAL20250049824,2025-06-24,STR004,PRD00952,2,892.13,0.0,1784.26,1005.42,Net Banking,Premium
SAL20250049825,2025-06-12,STR033,PRD00318,2,184.33,0.1,331.79,237.54,UPI,Regular
SAL20250049826,2025-06-06,STR031,PRD00420,5,876.02,0.0,4380.1,3712.85,UPI,Regular
SAL20250049827,2025-06-03,STR040,PRD00794,1,5386.59,0.0,5386.59,3160.43,Net Banking,Corporate
SAL20250049828,2025-06-16,STR017,PRD00061,1,7691.1,0.0,7691.1,5309.86,UPI,Regular
SAL20250049829,2025-06-28,STR021,PRD00874,2,3195.38,0.0,6390.76,4664.96,UPI,Corporate
SAL20250049830,2025-06-25,STR002,PRD00657,2,272.71,0.0,545.42,321.68,Cash,Regular
SAL20250049831,2025-06-07,STR016,PRD00550,2,639.85,0.0,1279.7,729.84,Credit Card,Premium
SAL20250049832,2025-06-21,STR023,PRD00727,1,737.62,0.1,663.86,442.28,Credit Card,Regular
SAL20250049833,2025-06-03,STR001,PRD00864,1,1725.02,0.0,1725.02,1118.06,UPI,Walk-in
SAL20250049834,2025-06-16,STR018,PRD00542,1,534.65,0.1,481.19,341.81,UPI,Regular
SAL20250049835,2025-06-20,STR013,PRD00655,1,75.89,0.0,75.89,47.15,UPI,Walk-in
SAL20250049836,2025-06-22,STR002,PRD00937,5,262.48,0.0,1312.4,887.8,Cash,Walk-in
SAL20250049837,2025-06-09,STR005,PRD00775,1,3571.78,0.1,3214.6,1976.55,Credit Card,Premium
SAL20250049838,2025-06-13,STR006,PRD00083,1,9369.31,0.0,9369.31,6462.27,UPI,Regular
SAL20250049839,2025-06-08,STR010,PRD01170,1,1269.68,0.0,1269.68,694.9,UPI,Walk-in
SAL20250049840,2025-06-16,STR018,PRD00520,3,482.69,0.0,1448.07,1217.58,UPI,Regular
SAL20250049841,2025-06-20,STR040,PRD00530,1,663.27,0.0,663.27,562.07,Debit Card,Regular
SAL20250049842,2025-06-23,STR036,PRD00618,2,249.13,0.1,448.43,366.06,Cash,Premium
SAL20250049843,2025-06-24,STR015,PRD01082,3,1474.53,0.0,4423.59,2391.78,Credit Card,Walk-in
SAL20250049844,2025-06-02,STR011,PRD00344,2,702.67,0.0,1405.34,867.2,UPI,Regular
SAL20250049845,2025-06-12,STR008,PRD00876,1,2635.68,0.0,2635.68,1798.38,Cash,Premium
SAL20250049846,2025-06-16,STR025,PRD00543,4,579.45,0.0,2317.8,1700.92,Credit Card,Walk-in
SAL20250049847,2025-06-05,STR023,PRD00357,2,1112.32,0.05,2113.41,1353.8,UPI,Regular
SAL20250049848,2025-06-30,STR023,PRD00058,2,3380.1,0.0,6760.2,5137.0,Cash,Regular
SAL20250049849,2025-06-18,STR018,PRD00559,2,674.89,0.0,1349.78,843.12,Debit Card,Regular
SAL20250049850,2025-06-28,STR014,PRD00406,10,663.68,0.0,6636.8,5330.6,Credit Card,Walk-in
SAL20250049851,2025-06-28,STR022,PRD01169,2,6625.23,0.0,13250.46,8002.82,Credit Card,Walk-in
SAL20250049852,2025-06-10,STR030,PRD00519,1,818.33,0.0,818.33,642.9,Debit Card,Regular
SAL20250049853,2025-06-27,STR028,PRD00738,1,984.8,0.0,984.8,687.04,Credit Card,Premium
SAL20250049854,2025-06-05,STR004,PRD00519,1,818.33,0.0,818.33,642.9,UPI,Walk-in
SAL20250049855,2025-06-03,STR029,PRD00925,1,2271.72,0.0,2271.72,1525.09,UPI,Walk-in
SAL20250049856,2025-06-19,STR031,PRD00196,1,3177.64,0.0,3177.64,2246.88,Credit Card,Regular
SAL20250049857,2025-06-06,STR031,PRD00443,1,206.94,0.1,186.25,167.06,Net Banking,Walk-in
SAL20250049858,2025-06-24,STR011,PRD01023,4,241.67,0.0,966.68,533.12,Net Banking,Walk-in
SAL20250049859,2025-06-10,STR017,PRD00279,3,704.62,0.0,2113.86,1337.76,Debit Card,Walk-in
SAL20250049860,2025-06-22,STR010,PRD00863,1,1338.83,0.05,1271.89,745.06,UPI,Regular
SAL20250049861,2025-06-02,STR039,PRD00446,1,1037.38,0.05,985.51,881.41,Debit Card,Premium
SAL20250049862,2025-06-13,STR017,PRD00864,2,1725.02,0.0,3450.04,2236.12,UPI,Corporate
SAL20250049863,2025-06-06,STR035,PRD01191,2,6431.83,0.0,12863.66,8022.98,Cash,Corporate
SAL20250049864,2025-06-19,STR019,PRD00999,2,1102.59,0.0,2205.18,1173.7,Credit Card,Walk-in
SAL20250049865,2025-06-27,STR010,PRD00485,1,693.22,0.0,693.22,593.15,UPI,Walk-in
SAL20250049866,2025-06-02,STR026,PRD00725,2,2084.99,0.0,4169.98,3023.38,Debit Card,Walk-in
SAL20250049867,2025-06-24,STR036,PRD00545,3,450.85,0.0,1352.55,757.35,Credit Card,Walk-in
SAL20250049868,2025-06-09,STR004,PRD00474,1,108.22,0.0,108.22,89.37,Credit Card,Walk-in
SAL20250049869,2025-06-10,STR001,PRD00566,3,655.12,0.0,1965.36,1269.36,UPI,Walk-in
SAL20250049870,2025-06-02,STR037,PRD00222,1,8948.67,0.05,8501.24,6580.84,Net Banking,Regular
SAL20250049871,2025-06-15,STR016,PRD00820,1,2007.6,0.0,2007.6,1177.18,Credit Card,Walk-in
SAL20250049872,2025-06-21,STR036,PRD00414,3,546.79,0.0,1640.37,1275.96,UPI,Regular
SAL20250049873,2025-06-19,STR016,PRD00215,1,9358.07,0.0,9358.07,6525.15,UPI,Premium
SAL20250049874,2025-06-22,STR020,PRD00532,3,1039.03,0.1,2805.38,2426.58,Debit Card,Regular
SAL20250049875,2025-06-27,STR019,PRD00087,1,23253.22,0.0,23253.22,15702.94,UPI,Regular
SAL20250049876,2025-06-11,STR002,PRD00334,1,796.78,0.0,796.78,400.76,UPI,Walk-in
SAL20250049877,2025-06-04,STR022,PRD01021,1,582.28,0.05,553.17,378.12,Net Banking,Regular
SAL20250049878,2025-06-18,STR035,PRD00408,1,1017.09,0.0,1017.09,782.92,Cash,Premium
SAL20250049879,2025-06-19,STR011,PRD00531,10,217.65,0.0,2176.5,1822.0,UPI,Regular
SAL20250049880,2025-06-26,STR030,PRD00063,1,19546.78,0.0,19546.78,13446.97,UPI,Regular
SAL20250049881,2025-06-02,STR027,PRD00548,2,172.01,0.0,344.02,240.72,UPI,Premium
SAL20250049882,2025-06-03,STR025,PRD00939,1,463.84,0.0,463.84,242.34,Debit Card,Walk-in
SAL20250049883,2025-06-20,STR035,PRD00664,5,181.84,0.0,909.2,546.05,UPI,Regular
SAL20250049884,2025-06-11,STR021,PRD00380,2,304.64,0.0,609.28,421.0,UPI,Walk-in
SAL20250049885,2025-06-22,STR017,PRD00731,4,2513.85,0.0,10055.4,6328.2,Credit Card,Regular
SAL20250049886,2025-06-06,STR012,PRD00931,1,1839.81,0.1,1655.83,1246.88,UPI,Regular
SAL20250049887,2025-06-28,STR006,PRD00305,1,1134.36,0.0,1134.36,615.3,Credit Card,Premium
SAL20250049888,2025-06-23,STR008,PRD00408,5,1017.09,0.1,4576.9,3914.6,Net Banking,Walk-in
SAL20250049889,2025-06-26,STR002,PRD01157,1,8076.82,0.0,8076.82,4265.41,UPI,Walk-in
SAL20250049890,2025-06-22,STR036,PRD00518,1,1000.64,0.0,1000.64,768.43,UPI,Walk-in
SAL20250049891,2025-06-05,STR004,PRD00157,1,5982.96,0.05,5683.81,4355.19,Debit Card,Regular
SAL20250049892,2025-06-24,STR025,PRD00988,2,774.65,0.0,1549.3,1065.0,UPI,Premium
SAL20250049893,2025-06-10,STR015,PRD00370,2,676.23,0.0,1352.46,902.66,UPI,Regular
SAL20250049894,2025-06-21,STR004,PRD00842,1,1322.87,0.0,1322.87,956.88,UPI,Regular
SAL20250049895,2025-06-11,STR005,PRD00363,1,1443.62,0.0,1443.62,690.35,Debit Card,Walk-in
SAL20250049896,2025-06-25,STR023,PRD00256,2,13048.37,0.0,26096.74,16214.1,UPI,Walk-in
SAL20250049897,2025-06-19,STR001,PRD00742,2,3993.24,0.0,7986.48,4736.52,UPI,Premium
SAL20250049898,2025-06-17,STR003,PRD00542,1,534.65,0.0,534.65,341.81,Credit Card,Walk-in
SAL20250049899,2025-06-14,STR006,PRD00699,1,2305.84,0.05,2190.55,1522.28,Cash,Regular
SAL20250049900,2025-06-22,STR017,PRD00624,2,124.7,0.0,249.4,174.16,Debit Card,Regular
SAL20250049901,2025-06-06,STR031,PRD00050,1,20155.67,0.0,20155.67,16076.03,Debit Card,Walk-in
SAL20250049902,2025-06-08,STR006,PRD00755,2,511.82,0.0,1023.64,688.62,Credit Card,Regular
SAL20250049903,2025-06-16,STR022,PRD01072,1,354.49,0.0,354.49,220.0,Credit Card,Walk-in
SAL20250049904,2025-06-24,STR004,PRD00660,1,324.23,0.1,291.81,238.04,UPI,Regular
SAL20250049905,2025-06-04,STR003,PRD00881,2,802.33,0.0,1604.66,1067.02,UPI,Walk-in
SAL20250049906,2025-06-22,STR007,PRD00716,1,1780.84,0.0,1780.84,1007.46,Cash,Walk-in
SAL20250049907,2025-06-13,STR022,PRD00359,2,1383.56,0.0,2767.12,1287.28,Credit Card,Regular
SAL20250049908,2025-06-24,STR015,PRD01092,2,5535.53,0.05,10517.51,5269.02,UPI,Walk-in
SAL20250049909,2025-06-04,STR021,PRD01023,2,241.67,0.0,483.34,266.56,Credit Card,Walk-in
SAL20250049910,2025-06-27,STR030,PRD01069,3,2127.71,0.0,6383.13,3251.55,Cash,Walk-in
SAL20250049911,2025-06-02,STR029,PRD00962,4,708.41,0.0,2833.64,1582.72,UPI,Premium
SAL20250049912,2025-06-22,STR034,PRD00508,1,125.21,0.05,118.95,109.93,UPI,Corporate
SAL20250049913,2025-06-09,STR006,PRD00146,1,5953.14,0.0,5953.14,4155.91,UPI,Premium
SAL20250049914,2025-06-02,STR006,PRD00291,3,469.9,0.0,1409.7,839.28,Debit Card,Regular
SAL20250049915,2025-06-24,STR002,PRD00903,3,433.92,0.0,1301.76,826.23,Credit Card,Walk-in
SAL20250049916,2025-06-01,STR024,PRD01135,1,2481.4,0.0,2481.4,1259.74,UPI,Walk-in
SAL20250049917,2025-06-23,STR018,PRD00959,1,664.61,0.05,631.38,402.69,UPI,Regular
SAL20250049918,2025-06-27,STR016,PRD00904,2,2811.36,0.1,5060.45,3719.94,Credit Card,Regular
SAL20250049919,2025-06-04,STR008,PRD00934,1,3207.23,0.05,3046.87,1811.07,UPI,Regular
SAL20250049920,2025-06-01,STR006,PRD00223,1,11271.43,0.0,11271.43,7014.79,UPI,Regular
SAL20250049921,2025-06-01,STR006,PRD00196,1,3177.64,0.0,3177.64,2246.88,Credit Card,Regular
SAL20250049922,2025-06-13,STR003,PRD00836,2,605.3,0.0,1210.6,816.24,UPI,Premium
SAL20250049923,2025-06-13,STR034,PRD00996,4,577.22,0.0,2308.88,1317.56,UPI,Walk-in
SAL20250049924,2025-06-26,STR027,PRD00735,2,2710.38,0.0,5420.76,3232.56,Debit Card,Regular
SAL20250049925,2025-06-14,STR038,PRD00613,1,239.41,0.1,215.47,178.61,Debit Card,Regular
SAL20250049926,2025-06-08,STR008,PRD00773,2,733.06,0.0,1466.12,1036.9,Debit Card,Regular
SAL20250049927,2025-06-11,STR026,PRD00754,1,372.52,0.0,372.52,220.88,Cash,Regular
SAL20250049928,2025-06-09,STR014,PRD00639,1,160.88,0.0,160.88,102.41,Debit Card,Walk-in
SAL20250049929,2025-06-09,STR006,PRD01077,1,8389.04,0.0,8389.04,3493.39,Credit Card,Premium
SAL20250049930,2025-06-17,STR012,PRD01100,2,6765.12,0.0,13530.24,8161.74,UPI,Regular
SAL20250049931,2025-06-27,STR036,PRD00052,1,1655.5,0.0,1655.5,1137.08,UPI,Walk-in
SAL20250049932,2025-06-20,STR018,PRD00457,4,726.05,0.0,2904.2,2197.56,UPI,Regular
SAL20250049933,2025-06-23,STR026,PRD00416,5,833.51,0.0,4167.55,3458.95,Credit Card,Walk-in
SAL20250049934,2025-06-22,STR029,PRD00579,3,398.71,0.0,1196.13,876.51,UPI,Premium
SAL20250049935,2025-06-21,STR020,PRD00460,1,816.3,0.1,734.67,667.77,UPI,Walk-in
SAL20250049936,2025-06-06,STR041,PRD00885,1,1948.54,0.0,1948.54,1253.39,Credit Card,Walk-in
SAL20250049937,2025-06-09,STR001,PRD00975,2,912.31,0.1,1642.16,1197.0,Credit Card,Walk-in
SAL20250049938,2025-06-16,STR027,PRD00578,3,577.23,0.0,1731.69,1268.43,Credit Card,Regular
SAL20250049939,2025-06-09,STR026,PRD00900,1,3167.3,0.0,3167.3,1961.05,Cash,Walk-in
SAL20250049940,2025-06-07,STR024,PRD01081,1,7442.0,0.0,7442.0,3523.33,UPI,Corporate
SAL20250049941,2025-06-22,STR018,PRD00357,2,1112.32,0.1,2002.18,1353.8,UPI,Regular
SAL20250049942,2025-06-25,STR034,PRD00984,1,34.1,0.0,34.1,20.02,UPI,Walk-in
SAL20250049943,2025-06-24,STR016,PRD00066,1,7423.58,0.05,7052.4,5820.76,UPI,Walk-in
SAL20250049944,2025-06-01,STR034,PRD00253,1,9663.5,0.0,9663.5,6717.07,Debit Card,Premium
SAL20250049945,2025-06-27,STR019,PRD01036,2,177.81,0.1,320.06,250.34,Cash,Premium
SAL20250049946,2025-06-19,STR017,PRD00215,1,9358.07,0.0,9358.07,6525.15,Credit Card,Regular
SAL20250049947,2025-06-09,STR037,PRD00579,2,398.71,0.0,797.42,584.34,Cash,Regular
SAL20250049948,2025-06-04,STR038,PRD01158,2,7747.18,0.05,14719.64,8354.56,Net Banking,Regular
SAL20250049949,2025-06-07,STR027,PRD00824,2,3034.92,0.0,6069.84,4333.06,Credit Card,Walk-in
SAL20250049950,2025-06-10,STR016,PRD00038,1,2962.9,0.0,2962.9,2113.53,UPI,Walk-in
SAL20250049951,2025-06-09,STR007,PRD00215,1,9358.07,0.0,9358.07,6525.15,Debit Card,Premium
SAL20250049952,2025-06-06,STR041,PRD00375,1,650.42,0.0,650.42,365.06,Credit Card,Regular
SAL20250049953,2025-06-22,STR041,PRD00053,2,3304.53,0.1,5948.15,4619.02,Credit Card,Premium
SAL20250049954,2025-06-01,STR013,PRD00768,1,281.0,0.0,281.0,205.1,Credit Card,Regular
SAL20250049955,2025-06-09,STR031,PRD00755,1,511.82,0.0,511.82,344.31,UPI,Walk-in
SAL20250049956,2025-06-16,STR002,PRD00075,1,9132.03,0.0,9132.03,7042.59,Cash,Regular
SAL20250049957,2025-06-12,STR028,PRD00556,1,634.75,0.0,634.75,470.98,Debit Card,Walk-in
SAL20250049958,2025-06-25,STR008,PRD00653,2,614.39,0.0,1228.78,895.52,Cash,Regular
SAL20250049959,2025-06-24,STR026,PRD00578,5,577.23,0.0,2886.15,2114.05,Credit Card,Regular
SAL20250049960,2025-06-22,STR016,PRD00791,1,855.75,0.0,855.75,599.47,UPI,Walk-in
SAL20250049961,2025-06-19,STR022,PRD00748,1,2656.98,0.1,2391.28,1815.38,UPI,Regular
SAL20250049962,2025-06-19,STR010,PRD00515,2,551.51,0.0,1103.02,946.42,Credit Card,Walk-in
SAL20250049963,2025-06-26,STR040,PRD01191,2,6431.83,0.0,12863.66,8022.98,Net Banking,Walk-in
SAL20250049964,2025-06-24,STR014,PRD00860,2,694.13,0.0,1388.26,835.02,UPI,Walk-in
SAL20250049965,2025-06-30,STR020,PRD00444,5,347.0,0.05,1648.25,1429.8,Debit Card,Regular
SAL20250049966,2025-06-05,STR002,PRD01188,2,2837.24,0.0,5674.48,3372.48,Net Banking,Regular
SAL20250049967,2025-06-23,STR012,PRD00547,2,105.91,0.0,211.82,152.54,Credit Card,Regular
SAL20250049968,2025-06-04,STR030,PRD00797,1,567.41,0.0,567.41,411.41,Credit Card,Regular
SAL20250049969,2025-06-12,STR002,PRD00280,2,605.7,0.0,1211.4,622.74,Credit Card,Premium
SAL20250049970,2025-06-10,STR011,PRD01071,1,5607.68,0.0,5607.68,3412.0,UPI,Walk-in
SAL20250049971,2025-06-01,STR025,PRD00020,1,2507.15,0.05,2381.79,1948.29,Debit Card,Walk-in
SAL20250049972,2025-06-02,STR025,PRD00305,1,1134.36,0.1,1020.92,615.3,UPI,Walk-in
SAL20250049973,2025-06-18,STR026,PRD00079,1,19037.37,0.0,19037.37,13485.77,Cash,Regular
SAL20250049974,2025-06-19,STR029,PRD00005,1,25382.71,0.0,25382.71,18438.86,Cash,Walk-in
SAL20250049975,2025-06-25,STR005,PRD00263,2,3207.01,0.0,6414.02,4878.2,UPI,Premium
SAL20250049976,2025-06-27,STR034,PRD00752,1,4535.72,0.0,4535.72,3022.89,Credit Card,Walk-in
SAL20250049977,2025-06-11,STR009,PRD00012,2,5255.98,0.0,10511.96,8242.7,Debit Card,Premium
SAL20250049978,2025-06-17,STR038,PRD00564,1,566.41,0.0,566.41,347.97,UPI,Walk-in
SAL20250049979,2025-06-29,STR014,PRD00263,2,3207.01,0.1,5772.62,4878.2,Net Banking,Premium
SAL20250049980,2025-06-25,STR026,PRD00209,1,4015.2,0.0,4015.2,2717.92,Debit Card,Walk-in
SAL20250049981,2025-06-13,STR037,PRD01007,2,886.03,0.0,1772.06,1004.76,Credit Card,Regular
SAL20250049982,2025-06-04,STR032,PRD00665,3,157.57,0.0,472.71,309.42,Cash,Walk-in
SAL20250049983,2025-06-28,STR038,PRD00804,1,782.93,0.0,782.93,564.78,UPI,Walk-in
SAL20250049984,2025-06-18,STR009,PRD00404,1,695.46,0.0,695.46,604.38,Credit Card,Regular
SAL20250049985,2025-06-14,STR009,PRD00250,1,3877.74,0.0,3877.74,2737.07,Credit Card,Walk-in
SAL20250049986,2025-06-02,STR031,PRD00504,3,1118.52,0.1,3020.0,2802.72,Credit Card,Regular
SAL20250049987,2025-06-17,STR031,PRD01106,1,3135.75,0.0,3135.75,1669.16,Credit Card,Regular
SAL20250049988,2025-06-09,STR031,PRD00323,1,361.28,0.0,361.28,188.15,Debit Card,Walk-in
SAL20250049989,2025-06-02,STR013,PRD00618,1,249.13,0.0,249.13,183.03,Credit Card,Walk-in
SAL20250049990,2025-06-09,STR021,PRD00234,1,3859.31,0.0,3859.31,2374.04,Credit Card,Walk-in
SAL20250049991,2025-06-29,STR015,PRD00047,1,27210.89,0.1,24489.8,17922.95,Credit Card,Corporate
SAL20250049992,2025-06-22,STR028,PRD00383,2,216.69,0.05,411.71,271.48,UPI,Regular
SAL20250049993,2025-06-03,STR038,PRD00416,3,833.51,0.0,2500.53,2075.37,UPI,Walk-in
SAL20250049994,2025-06-16,STR020,PRD00628,1,365.09,0.05,346.84,210.81,UPI,Walk-in
SAL20250049995,2025-06-24,STR007,PRD00034,1,761.93,0.0,761.93,520.56,Credit Card,Walk-in
SAL20250049996,2025-06-21,STR034,PRD00769,1,1757.79,0.0,1757.79,1242.17,Cash,Regular
SAL20250049997,2025-06-24,STR014,PRD00022,1,22149.39,0.0,22149.39,16337.37,Cash,Regular
SAL20250049998,2025-06-09,STR023,PRD00303,2,674.18,0.0,1348.36,724.56,UPI,Corporate
SAL20250049999,2025-06-09,STR033,PRD01108,2,4924.79,0.0,9849.58,4579.0,Credit Card,Walk-in
SAL20250050000,2025-06-26,STR030,PRD00145,1,2570.9,0.05,2442.36,1687.81,Cash,Walk-in
SAL20250050001,2025-06-14,STR006,PRD00078,1,9036.37,0.0,9036.37,6491.36,UPI,Regular
SAL20250050002,2025-06-22,STR020,PRD01001,1,315.54,0.0,315.54,178.37,UPI,Walk-in
SAL20250050003,2025-06-12,STR002,PRD00518,3,1000.64,0.1,2701.73,2305.29,UPI,Walk-in
SAL20250050004,2025-06-09,STR028,PRD00358,4,873.37,0.0,3493.48,1866.68,UPI,Regular
SAL20250050005,2025-06-10,STR015,PRD01070,4,5540.5,0.0,22162.0,10307.08,Credit Card,Regular
SAL20250050006,2025-06-14,STR023,PRD01003,1,278.9,0.0,278.9,146.32,Debit Card,Walk-in
SAL20250050007,2025-06-16,STR005,PRD00070,1,15101.4,0.0,15101.4,11038.01,UPI,Regular
SAL20250050008,2025-06-11,STR013,PRD00923,1,3811.45,0.1,3430.3,2262.33,Credit Card,Walk-in
SAL20250050009,2025-06-24,STR036,PRD00283,1,917.06,0.1,825.35,431.47,UPI,Regular
SAL20250050010,2025-06-25,STR022,PRD00796,1,462.4,0.0,462.4,329.9,Credit Card,Regular
SAL20250050011,2025-06-24,STR017,PRD00653,1,614.39,0.0,614.39,447.76,Credit Card,Walk-in
SAL20250050012,2025-06-21,STR012,PRD00411,3,779.25,0.0,2337.75,1895.55,Credit Card,Regular
SAL20250050013,2025-06-09,STR035,PRD00506,1,725.03,0.0,725.03,579.1,UPI,Regular
SAL20250050014,2025-06-01,STR011,PRD00122,1,23504.26,0.0,23504.26,16366.57,UPI,Regular
SAL20250050015,2025-06-15,STR003,PRD01051,1,694.43,0.0,694.43,354.19,Credit Card,Regular
SAL20250050016,2025-06-25,STR003,PRD00590,1,353.62,0.0,353.62,243.18,Credit Card,Premium
SAL20250050017,2025-06-03,STR014,PRD01100,1,6765.12,0.0,6765.12,4080.87,UPI,Walk-in
SAL20250050018,2025-06-21,STR031,PRD00866,2,1023.05,0.0,2046.1,1244.74,Debit Card,Premium
SAL20250050019,2025-06-27,STR039,PRD00171,1,6232.31,0.0,6232.31,4552.99,Debit Card,Walk-in
SAL20250050020,2025-06-08,STR021,PRD00692,2,1997.13,0.05,3794.55,2891.8,Debit Card,Regular
SAL20250050021,2025-06-17,STR015,PRD00925,1,2271.72,0.0,2271.72,1525.09,UPI,Regular
SAL20250050022,2025-06-10,STR005,PRD00782,1,3353.32,0.0,3353.32,1957.52,UPI,Regular
SAL20250050023,2025-06-08,STR017,PRD00966,2,814.75,0.0,1629.5,1052.9,UPI,Regular
SAL20250050024,2025-06-20,STR012,PRD00253,1,9663.5,0.0,9663.5,6717.07,Debit Card,Regular
SAL20250050025,2025-06-28,STR030,PRD00351,1,802.18,0.0,802.18,503.24,UPI,Corporate
SAL20250050026,2025-06-02,STR025,PRD01044,5,762.23,0.0,3811.15,2722.4,Cash,Walk-in
SAL20250050027,2025-06-07,STR019,PRD00629,2,197.41,0.0,394.82,274.18,Credit Card,Walk-in
SAL20250050028,2025-06-09,STR023,PRD00411,2,779.25,0.1,1402.65,1263.7,Credit Card,Premium
SAL20250050029,2025-06-16,STR015,PRD00413,1,347.68,0.0,347.68,300.31,Credit Card,Regular
SAL20250050030,2025-06-25,STR025,PRD01078,1,2107.38,0.0,2107.38,1315.89,Credit Card,Premium
SAL20250050031,2025-06-18,STR007,PRD00299,3,1362.69,0.0,4088.07,2469.9,UPI,Walk-in
SAL20250050032,2025-06-15,STR011,PRD00612,1,287.57,0.0,287.57,212.43,UPI,Regular
SAL20250050033,2025-06-18,STR017,PRD00967,2,44.43,0.0,88.86,57.08,UPI,Regular
SAL20250050034,2025-06-02,STR017,PRD00092,1,6575.52,0.0,6575.52,4677.68,UPI,Walk-in
SAL20250050035,2025-06-06,STR001,PRD00450,3,377.7,0.0,1133.1,871.62,Credit Card,Walk-in
SAL20250050036,2025-06-28,STR030,PRD00589,2,435.23,0.0,870.46,508.08,Cash,Premium
SAL20250050037,2025-06-25,STR040,PRD00162,1,9916.48,0.0,9916.48,6686.04,Credit Card,Walk-in
SAL20250050038,2025-06-25,STR018,PRD01190,1,7433.72,0.0,7433.72,3770.31,UPI,Walk-in
SAL20250050039,2025-06-07,STR005,PRD00720,1,3749.56,0.1,3374.6,2104.95,UPI,Walk-in
SAL20250050040,2025-06-11,STR006,PRD00601,3,50.1,0.0,150.3,92.46,UPI,Walk-in
SAL20250050041,2025-06-10,STR032,PRD00539,3,69.32,0.05,197.56,143.19,UPI,Premium
SAL20250050042,2025-06-24,STR025,PRD00995,10,585.44,0.0,5854.4,4177.2,Credit Card,Regular
SAL20250050043,2025-06-29,STR036,PRD01162,3,3657.07,0.0,10971.21,6051.87,UPI,Regular
SAL20250050044,2025-06-10,STR019,PRD00927,2,799.32,0.0,1598.64,1169.16,UPI,Regular
SAL20250050045,2025-06-27,STR040,PRD00727,1,737.62,0.0,737.62,442.28,UPI,Walk-in
SAL20250050046,2025-06-06,STR040,PRD00900,1,3167.3,0.0,3167.3,1961.05,UPI,Corporate
SAL20250050047,2025-06-10,STR017,PRD01145,1,3609.72,0.0,3609.72,2080.21,Credit Card,Premium
SAL20250050048,2025-06-17,STR001,PRD00661,4,443.39,0.0,1773.56,1134.72,UPI,Regular
SAL20250050049,2025-06-23,STR001,PRD01148,1,584.33,0.0,584.33,241.48,Debit Card,Walk-in
SAL20250050050,2025-06-22,STR025,PRD01011,6,265.01,0.0,1590.06,898.14,Credit Card,Regular
SAL20250050051,2025-06-13,STR004,PRD00660,2,324.23,0.0,648.46,476.08,UPI,Regular
SAL20250050052,2025-06-27,STR007,PRD01190,2,7433.72,0.0,14867.44,7540.62,UPI,Walk-in
SAL20250050053,2025-06-09,STR030,PRD00403,1,158.56,0.1,142.7,138.22,UPI,Regular
SAL20250050054,2025-06-21,STR039,PRD00762,3,1596.23,0.0,4788.69,2729.58,Credit Card,Regular
SAL20250050055,2025-06-08,STR010,PRD00041,1,19732.0,0.0,19732.0,14953.27,Credit Card,Premium
SAL20250050056,2025-06-30,STR010,PRD00953,1,80.84,0.0,80.84,57.97,Cash,Walk-in
SAL20250050057,2025-06-08,STR027,PRD00056,1,11452.31,0.05,10879.69,8581.01,UPI,Walk-in
SAL20250050058,2025-06-11,STR024,PRD01015,2,771.47,0.0,1542.94,1082.24,UPI,Regular
SAL20250050059,2025-06-08,STR023,PRD00276,1,499.9,0.0,499.9,292.67,Credit Card,Walk-in
SAL20250050060,2025-06-05,STR019,PRD00448,1,612.68,0.0,612.68,518.56,Credit Card,Regular
SAL20250050061,2025-06-19,STR004,PRD00658,2,338.62,0.0,677.24,455.36,Debit Card,Walk-in
SAL20250050062,2025-06-26,STR001,PRD00180,1,3550.84,0.05,3373.3,2526.78,UPI,Regular
SAL20250050063,2025-06-14,STR008,PRD01119,1,9164.59,0.1,8248.13,4378.4,UPI,Walk-in
SAL20250050064,2025-06-22,STR002,PRD01038,1,565.57,0.0,565.57,303.34,Debit Card,Walk-in
SAL20250050065,2025-06-18,STR007,PRD00338,2,1223.61,0.05,2324.86,1376.46,Net Banking,Premium
SAL20250050066,2025-06-14,STR002,PRD00265,1,4797.2,0.1,4317.48,2920.06,Credit Card,Walk-in
SAL20250050067,2025-06-18,STR012,PRD01186,4,3042.91,0.0,12171.64,6008.8,Cash,Regular
SAL20250050068,2025-06-24,STR008,PRD00832,2,1859.75,0.0,3719.5,2740.56,Credit Card,Premium
SAL20250050069,2025-06-25,STR041,PRD00115,1,5778.27,0.0,5778.27,4176.17,UPI,Walk-in
SAL20250050070,2025-06-10,STR038,PRD00368,1,927.52,0.0,927.52,587.93,UPI,Regular
SAL20250050071,2025-06-11,STR011,PRD00180,1,3550.84,0.0,3550.84,2526.78,Net Banking,Regular
SAL20250050072,2025-06-07,STR002,PRD00105,1,9145.0,0.0,9145.0,7010.14,UPI,Regular
SAL20250050073,2025-06-11,STR008,PRD00876,1,2635.68,0.0,2635.68,1798.38,Credit Card,Regular
SAL20250050074,2025-06-29,STR003,PRD00611,2,51.03,0.0,102.06,75.62,Debit Card,Regular
SAL20250050075,2025-06-11,STR015,PRD00245,2,6730.38,0.0,13460.76,8858.62,Credit Card,Regular
SAL20250050076,2025-06-28,STR005,PRD00368,1,927.52,0.0,927.52,587.93,UPI,Walk-in
SAL20250050077,2025-06-30,STR041,PRD00919,1,3391.01,0.0,3391.01,2232.08,UPI,Walk-in
SAL20250050078,2025-06-25,STR002,PRD00383,1,216.69,0.05,205.86,135.74,UPI,Walk-in
SAL20250050079,2025-06-17,STR009,PRD00735,2,2710.38,0.0,5420.76,3232.56,Cash,Walk-in
SAL20250050080,2025-06-27,STR025,PRD00620,1,556.49,0.05,528.67,325.67,Debit Card,Walk-in
SAL20250050081,2025-06-22,STR034,PRD00295,1,1024.45,0.0,1024.45,568.49,Credit Card,Premium
SAL20250050082,2025-06-16,STR011,PRD00523,1,773.23,0.1,695.91,656.14,Cash,Regular
SAL20250050083,2025-06-19,STR018,PRD00559,2,674.89,0.0,1349.78,843.12,Credit Card,Regular
SAL20250050084,2025-06-01,STR003,PRD00641,2,499.93,0.0,999.86,666.24,UPI,Walk-in
SAL20250050085,2025-06-20,STR041,PRD00899,2,2165.69,0.0,4331.38,2917.52,UPI,Regular
SAL20250050086,2025-06-10,STR029,PRD01082,1,1474.53,0.0,1474.53,797.26,Credit Card,Walk-in
SAL20250050087,2025-06-11,STR006,PRD01049,1,225.77,0.0,225.77,137.88,UPI,Corporate
SAL20250050088,2025-06-20,STR038,PRD00044,1,3159.2,0.0,3159.2,2114.03,Debit Card,Premium
SAL20250050089,2025-06-16,STR013,PRD00920,1,2715.99,0.0,2715.99,1534.46,UPI,Regular
SAL20250050090,2025-06-20,STR021,PRD00336,1,1590.59,0.05,1511.06,821.11,Debit Card,Premium
SAL20250050091,2025-06-25,STR021,PRD00420,2,876.02,0.0,1752.04,1485.14,UPI,Regular
SAL20250050092,2025-06-02,STR005,PRD00611,1,51.03,0.0,51.03,37.81,Net Banking,Regular
SAL20250050093,2025-06-08,STR040,PRD00146,1,5953.14,0.0,5953.14,4155.91,UPI,Walk-in
SAL20250050094,2025-06-02,STR041,PRD01117,2,2651.1,0.0,5302.2,2893.6,Cash,Regular
SAL20250050095,2025-06-22,STR035,PRD00477,4,121.21,0.0,484.84,390.64,Cash,Regular
SAL20250050096,2025-06-25,STR026,PRD00538,1,57.89,0.0,57.89,41.78,Credit Card,Regular
SAL20250050097,2025-06-04,STR013,PRD01199,4,6549.57,0.05,24888.37,13586.6,Debit Card,Premium
SAL20250050098,2025-06-28,STR038,PRD00231,1,9171.94,0.0,9171.94,6705.09,Debit Card,Regular
SAL20250050099,2025-06-22,STR017,PRD00964,1,842.84,0.0,842.84,575.19,Cash,Walk-in
SAL20250050100,2025-06-22,STR005,PRD00789,1,4846.68,0.0,4846.68,2934.91,UPI,Regular
SAL20250050101,2025-06-05,STR034,PRD00122,1,23504.26,0.0,23504.26,16366.57,UPI,Premium
SAL20250050102,2025-06-21,STR005,PRD00832,3,1859.75,0.0,5579.25,4110.84,Cash,Premium
SAL20250050103,2025-06-12,STR017,PRD01181,1,2062.42,0.0,2062.42,1282.83,UPI,Regular
SAL20250050104,2025-06-25,STR040,PRD01018,1,139.93,0.0,139.93,88.8,Cash,Walk-in
SAL20250050105,2025-06-26,STR037,PRD00988,2,774.65,0.0,1549.3,1065.0,Credit Card,Walk-in
SAL20250050106,2025-06-07,STR007,PRD00780,1,1384.22,0.0,1384.22,888.86,Net Banking,Walk-in
SAL20250050107,2025-06-10,STR022,PRD01170,1,1269.68,0.0,1269.68,694.9,UPI,Regular
SAL20250050108,2025-06-21,STR027,PRD00292,2,975.97,0.0,1951.94,983.34,Credit Card,Regular
SAL20250050109,2025-06-10,STR006,PRD00042,1,15775.49,0.0,15775.49,11939.67,Cash,Walk-in
SAL20250050110,2025-06-17,STR017,PRD01009,2,52.33,0.05,99.43,58.78,UPI,Regular
SAL20250050111,2025-06-23,STR022,PRD00279,2,704.62,0.05,1338.78,891.84,UPI,Walk-in
SAL20250050112,2025-06-01,STR018,PRD01149,4,4599.19,0.1,16557.08,9339.08,UPI,Regular
SAL20250050113,2025-06-18,STR041,PRD00501,2,707.96,0.0,1415.92,1094.7,Cash,Walk-in
SAL20250050114,2025-06-10,STR033,PRD00729,1,3595.95,0.0,3595.95,2557.72,UPI,Corporate
SAL20250050115,2025-06-22,STR037,PRD00918,1,2741.1,0.0,2741.1,1987.44,Credit Card,Walk-in
SAL20250050116,2025-06-09,STR002,PRD01124,1,4813.39,0.0,4813.39,2177.75,UPI,Regular
SAL20250050117,2025-06-19,STR030,PRD00977,2,417.51,0.0,835.02,564.56,Credit Card,Regular
SAL20250050118,2025-06-16,STR040,PRD00295,2,1024.45,0.0,2048.9,1136.98,Debit Card,Regular
SAL20250050119,2025-06-28,STR003,PRD00022,2,22149.39,0.05,42083.84,32674.74,Debit Card,Regular
SAL20250050120,2025-06-30,STR011,PRD00843,1,1073.63,0.0,1073.63,689.46,UPI,Walk-in
SAL20250050121,2025-06-07,STR005,PRD00999,3,1102.59,0.1,2976.99,1760.55,Net Banking,Premium
SAL20250050122,2025-06-28,STR034,PRD00100,1,14294.81,0.0,14294.81,9774.86,UPI,Premium
SAL20250050123,2025-06-04,STR014,PRD01023,6,241.67,0.0,1450.02,799.68,Cash,Regular
SAL20250050124,2025-06-25,STR030,PRD00844,1,3943.03,0.0,3943.03,2224.57,Cash,Regular
SAL20250050125,2025-06-23,STR035,PRD00641,1,499.93,0.0,499.93,333.12,UPI,Regular
SAL20250050126,2025-06-05,STR002,PRD00509,5,888.38,0.05,4219.8,3371.65,UPI,Regular
SAL20250050127,2025-06-11,STR004,PRD00314,1,610.16,0.0,610.16,372.41,UPI,Walk-in
SAL20250050128,2025-06-28,STR002,PRD01130,1,3164.31,0.0,3164.31,1889.64,Cash,Regular
SAL20250050129,2025-06-07,STR026,PRD00915,1,703.59,0.0,703.59,463.15,UPI,Premium
SAL20250050130,2025-06-19,STR040,PRD00207,2,9083.73,0.0,18167.46,13484.28,Credit Card,Walk-in
SAL20250050131,2025-06-04,STR015,PRD00911,4,807.88,0.0,3231.52,2408.8,Cash,Regular
SAL20250050132,2025-06-19,STR021,PRD00149,1,3024.83,0.0,3024.83,2041.86,Debit Card,Regular
SAL20250050133,2025-06-12,STR032,PRD00714,1,1837.1,0.0,1837.1,1348.01,UPI,Walk-in
SAL20250050134,2025-06-18,STR037,PRD00013,1,17378.5,0.0,17378.5,12862.09,Debit Card,Walk-in
SAL20250050135,2025-06-16,STR035,PRD01186,1,3042.91,0.0,3042.91,1502.2,UPI,Regular
SAL20250050136,2025-06-22,STR039,PRD00806,1,330.79,0.0,330.79,186.63,Credit Card,Premium
SAL20250050137,2025-06-21,STR029,PRD00649,3,333.14,0.0,999.42,716.88,Debit Card,Walk-in
SAL20250050138,2025-06-12,STR010,PRD00416,1,833.51,0.0,833.51,691.79,Credit Card,Regular
SAL20250050139,2025-06-22,STR024,PRD00575,1,90.77,0.0,90.77,67.08,UPI,Walk-in
SAL20250050140,2025-06-19,STR016,PRD00298,1,1012.57,0.0,1012.57,666.12,Cash,Regular
SAL20250050141,2025-06-11,STR007,PRD00155,1,2214.51,0.0,2214.51,1652.19,Credit Card,Walk-in
SAL20250050142,2025-06-15,STR013,PRD01170,1,1269.68,0.0,1269.68,694.9,Credit Card,Regular
SAL20250050143,2025-06-21,STR022,PRD00031,3,18632.2,0.05,53101.77,41711.43,UPI,Regular
SAL20250050144,2025-06-14,STR041,PRD00272,4,610.52,0.0,2442.08,1378.88,UPI,Premium
SAL20250050145,2025-06-10,STR023,PRD01013,2,214.89,0.1,386.8,296.48,Debit Card,Premium
SAL20250050146,2025-06-21,STR030,PRD00967,1,44.43,0.1,39.99,28.54,Cash,Walk-in
SAL20250050147,2025-06-08,STR020,PRD00117,3,5653.79,0.0,16961.37,12159.06,UPI,Regular
SAL20250050148,2025-06-19,STR002,PRD00904,1,2811.36,0.05,2670.79,1859.97,Net Banking,Regular
SAL20250050149,2025-06-20,STR033,PRD00760,1,4801.08,0.0,4801.08,3172.81,Debit Card,Premium
SAL20250050150,2025-06-21,STR015,PRD01186,1,3042.91,0.05,2890.76,1502.2,UPI,Premium
SAL20250050151,2025-06-07,STR041,PRD00431,4,614.87,0.0,2459.48,2084.8,Net Banking,Walk-in
SAL20250050152,2025-06-20,STR033,PRD00871,1,1211.65,0.0,1211.65,859.32,Cash,Regular
SAL20250050153,2025-06-27,STR015,PRD01155,3,7374.97,0.0,22124.91,10982.73,UPI,Walk-in
SAL20250050154,2025-06-25,STR023,PRD01089,1,8670.13,0.0,8670.13,3797.02,UPI,Regular
SAL20250050155,2025-06-03,STR028,PRD00849,1,315.58,0.0,315.58,211.78,Cash,Regular
SAL20250050156,2025-06-03,STR002,PRD00994,1,1224.56,0.0,1224.56,633.19,Net Banking,Walk-in
SAL20250050157,2025-06-18,STR038,PRD00209,1,4015.2,0.1,3613.68,2717.92,UPI,Premium
SAL20250050158,2025-06-06,STR015,PRD00799,1,3907.93,0.0,3907.93,2458.58,Cash,Regular
SAL20250050159,2025-06-16,STR001,PRD01054,1,256.04,0.0,256.04,167.96,Credit Card,Walk-in
SAL20250050160,2025-06-23,STR033,PRD01036,3,177.81,0.0,533.43,375.51,UPI,Walk-in
SAL20250050161,2025-06-16,STR020,PRD00731,1,2513.85,0.05,2388.16,1582.05,Cash,Corporate
SAL20250050162,2025-06-28,STR002,PRD00844,4,3943.03,0.0,15772.12,8898.28,UPI,Walk-in
SAL20250050163,2025-06-13,STR039,PRD00476,1,645.16,0.0,645.16,543.18,Debit Card,Premium
SAL20250050164,2025-06-17,STR022,PRD00311,3,936.08,0.0,2808.24,1735.02,Net Banking,Walk-in
SAL20250050165,2025-06-04,STR016,PRD00384,1,1012.08,0.0,1012.08,513.64,UPI,Walk-in
SAL20250050166,2025-06-04,STR041,PRD00227,1,5367.28,0.0,5367.28,3567.65,Net Banking,Premium
SAL20250050167,2025-06-26,STR039,PRD00857,1,3027.87,0.0,3027.87,2160.84,UPI,Regular
SAL20250050168,2025-06-11,STR038,PRD00685,1,4676.03,0.0,4676.03,2851.64,Cash,Regular
SAL20250050169,2025-06-02,STR007,PRD00078,1,9036.37,0.05,8584.55,6491.36,UPI,Regular
SAL20250050170,2025-06-03,STR032,PRD01179,1,3455.57,0.0,3455.57,2074.52,UPI,Regular
SAL20250050171,2025-06-11,STR013,PRD00778,3,875.87,0.0,2627.61,1708.62,Debit Card,Regular
SAL20250050172,2025-06-12,STR006,PRD01089,1,8670.13,0.0,8670.13,3797.02,Credit Card,Walk-in
SAL20250050173,2025-06-09,STR026,PRD00225,1,9871.63,0.1,8884.47,6952.04,UPI,Corporate
SAL20250050174,2025-06-07,STR037,PRD00645,2,456.66,0.0,913.32,660.84,UPI,Walk-in
SAL20250050175,2025-06-29,STR041,PRD00109,1,12280.41,0.0,12280.41,9316.5,UPI,Walk-in
SAL20250050176,2025-06-13,STR005,PRD01179,2,3455.57,0.0,6911.14,4149.04,Credit Card,Regular
SAL20250050177,2025-06-07,STR018,PRD00671,2,327.72,0.0,655.44,416.02,Credit Card,Regular
SAL20250050178,2025-06-27,STR032,PRD00003,1,810.89,0.05,770.35,534.24,UPI,Walk-in
SAL20250050179,2025-06-26,STR004,PRD00942,1,93.87,0.0,93.87,61.73,Debit Card,Walk-in
SAL20250050180,2025-06-04,STR033,PRD00996,1,577.22,0.0,577.22,329.39,Debit Card,Regular
SAL20250050181,2025-06-19,STR008,PRD00734,1,817.34,0.0,817.34,469.79,UPI,Premium
SAL20250050182,2025-06-16,STR017,PRD00138,1,3460.02,0.0,3460.02,2661.97,Net Banking,Premium
SAL20250050183,2025-06-06,STR041,PRD00180,1,3550.84,0.0,3550.84,2526.78,Cash,Regular
SAL20250050184,2025-06-04,STR006,PRD00154,1,614.66,0.0,614.66,476.92,UPI,Walk-in
SAL20250050185,2025-06-23,STR007,PRD00357,3,1112.32,0.05,3170.11,2030.7,Credit Card,Regular
SAL20250050186,2025-06-11,STR017,PRD00135,1,9390.96,0.0,9390.96,6866.63,Credit Card,Regular
SAL20250050187,2025-06-03,STR011,PRD00445,5,417.63,0.0,2088.15,1676.35,Cash,Regular
SAL20250050188,2025-06-28,STR029,PRD00948,2,38.1,0.0,76.2,53.1,UPI,Walk-in
SAL20250050189,2025-06-09,STR037,PRD00865,4,2254.56,0.0,9018.24,5695.72,Debit Card,Regular
SAL20250050190,2025-06-03,STR017,PRD00432,6,845.55,0.0,5073.3,3882.24,Credit Card,Premium
SAL20250050191,2025-06-14,STR036,PRD01174,2,4967.43,0.0,9934.86,5329.94,UPI,Regular
SAL20250050192,2025-06-18,STR034,PRD00580,1,372.59,0.0,372.59,211.3,UPI,Walk-in
SAL20250050193,2025-06-06,STR029,PRD00698,1,1659.66,0.0,1659.66,1094.59,Debit Card,Regular
SAL20250050194,2025-06-23,STR010,PRD00943,1,787.16,0.0,787.16,532.44,Credit Card,Regular
SAL20250050195,2025-06-11,STR015,PRD01153,3,5497.78,0.0,16493.34,7498.65,UPI,Walk-in
SAL20250050196,2025-06-08,STR015,PRD00233,1,9134.67,0.1,8221.2,7104.84,Debit Card,Walk-in
SAL20250050197,2025-06-11,STR006,PRD00982,2,104.72,0.0,209.44,116.68,Debit Card,Premium
SAL20250050198,2025-06-10,STR030,PRD00955,1,608.44,0.0,608.44,410.9,UPI,Walk-in
SAL20250050199,2025-06-20,STR035,PRD00806,2,330.79,0.0,661.58,373.26,Credit Card,Walk-in
SAL20250050200,2025-06-03,STR038,PRD00416,2,833.51,0.0,1667.02,1383.58,Debit Card,Regular
SAL20250050201,2025-06-06,STR038,PRD00567,4,365.44,0.0,1461.76,907.84,UPI,Walk-in
SAL20250050202,2025-06-25,STR040,PRD00434,2,648.17,0.0,1296.34,1077.58,UPI,Walk-in
SAL20250050203,2025-06-15,STR023,PRD00059,1,15692.67,0.1,14123.4,12269.76,Credit Card,Regular
SAL20250050204,2025-06-08,STR001,PRD00617,1,496.18,0.0,496.18,363.01,Cash,Regular
SAL20250050205,2025-06-02,STR022,PRD00620,2,556.49,0.05,1057.33,651.34,UPI,Premium
SAL20250050206,2025-06-12,STR035,PRD00952,2,892.13,0.1,1605.83,1005.42,UPI,Walk-in
SAL20250050207,2025-06-29,STR033,PRD00394,4,327.5,0.0,1310.0,874.04,Cash,Regular
SAL20250050208,2025-06-03,STR013,PRD00406,2,663.68,0.0,1327.36,1066.12,UPI,Regular
SAL20250050209,2025-06-18,STR029,PRD00915,2,703.59,0.0,1407.18,926.3,UPI,Walk-in
SAL20250050210,2025-06-29,STR041,PRD00496,1,1047.75,0.0,1047.75,902.44,UPI,Walk-in
SAL20250050211,2025-06-07,STR012,PRD00721,1,2330.52,0.0,2330.52,1727.63,UPI,Walk-in
SAL20250050212,2025-06-06,STR036,PRD00104,3,21587.41,0.1,58286.01,52748.49,UPI,Regular
SAL20250050213,2025-06-13,STR017,PRD01135,1,2481.4,0.0,2481.4,1259.74,UPI,Walk-in
SAL20250050214,2025-06-24,STR019,PRD00290,1,747.46,0.0,747.46,478.32,UPI,Walk-in
SAL20250050215,2025-06-17,STR031,PRD00489,1,850.74,0.0,850.74,690.88,Credit Card,Walk-in
SAL20250050216,2025-06-26,STR030,PRD00129,1,19597.62,0.1,17637.86,15263.15,UPI,Premium
SAL20250050217,2025-06-18,STR022,PRD00780,1,1384.22,0.0,1384.22,888.86,UPI,Corporate
SAL20250050218,2025-06-26,STR035,PRD00028,3,4027.15,0.1,10873.31,7924.11,UPI,Corporate
SAL20250050219,2025-06-29,STR005,PRD00505,2,1140.95,0.05,2167.8,1720.94,UPI,Corporate
SAL20250050220,2025-06-23,STR014,PRD00355,2,304.11,0.0,608.22,327.6,UPI,Regular
SAL20250050221,2025-06-15,STR010,PRD00920,1,2715.99,0.0,2715.99,1534.46,UPI,Premium
SAL20250050222,2025-06-11,STR023,PRD00722,3,2039.88,0.1,5507.68,3512.55,UPI,Walk-in
SAL20250050223,2025-06-15,STR039,PRD00697,1,1377.61,0.1,1239.85,807.52,UPI,Regular
SAL20250050224,2025-06-27,STR030,PRD00954,1,1090.11,0.0,1090.11,614.96,UPI,Walk-in
SAL20250050225,2025-06-09,STR037,PRD01122,1,6526.26,0.0,6526.26,3631.48,UPI,Regular
SAL20250050226,2025-06-08,STR002,PRD01040,3,466.28,0.1,1258.96,992.31,Credit Card,Regular
SAL20250050227,2025-06-28,STR015,PRD00442,2,148.56,0.0,297.12,239.4,UPI,Walk-in
SAL20250050228,2025-06-04,STR032,PRD00979,1,62.69,0.0,62.69,37.43,Credit Card,Walk-in
SAL20250050229,2025-06-02,STR031,PRD00081,1,19888.54,0.0,19888.54,13106.38,Cash,Regular
SAL20250050230,2025-06-19,STR025,PRD00851,2,2659.29,0.0,5318.58,3854.78,UPI,Walk-in
SAL20250050231,2025-06-08,STR028,PRD00549,3,585.62,0.0,1756.86,1147.2,UPI,Regular
SAL20250050232,2025-06-09,STR006,PRD00169,1,8761.68,0.1,7885.51,5628.67,Credit Card,Regular
SAL20250050233,2025-06-30,STR007,PRD01145,1,3609.72,0.0,3609.72,2080.21,UPI,Regular
SAL20250050234,2025-06-14,STR010,PRD00400,1,920.96,0.0,920.96,551.48,UPI,Regular
SAL20250050235,2025-06-26,STR013,PRD01073,1,4074.99,0.05,3871.24,2440.45,UPI,Regular
SAL20250050236,2025-06-09,STR010,PRD00252,1,10910.07,0.0,10910.07,7523.25,UPI,Regular
SAL20250050237,2025-06-12,STR027,PRD00995,2,585.44,0.0,1170.88,835.44,Credit Card,Regular
SAL20250050238,2025-06-11,STR038,PRD00231,1,9171.94,0.1,8254.75,6705.09,UPI,Regular
SAL20250050239,2025-06-24,STR026,PRD00363,2,1443.62,0.0,2887.24,1380.7,UPI,Walk-in
SAL20250050240,2025-06-19,STR002,PRD00180,3,3550.84,0.0,10652.52,7580.34,UPI,Regular
SAL20250050241,2025-06-18,STR037,PRD01199,3,6549.57,0.0,19648.71,10189.95,Debit Card,Premium
SAL20250050242,2025-06-02,STR003,PRD00536,4,393.56,0.05,1495.53,1083.8,UPI,Walk-in
SAL20250050243,2025-06-16,STR033,PRD00195,1,4088.9,0.1,3680.01,3108.85,UPI,Corporate
SAL20250050244,2025-06-11,STR031,PRD00426,1,496.18,0.0,496.18,415.87,Credit Card,Regular
SAL20250050245,2025-06-17,STR030,PRD00539,2,69.32,0.1,124.78,95.46,UPI,Walk-in
SAL20250050246,2025-06-11,STR001,PRD00369,1,1020.79,0.0,1020.79,482.49,UPI,Regular
SAL20250050247,2025-06-24,STR026,PRD00226,3,3456.4,0.1,9332.28,6366.03,Cash,Premium
SAL20250050248,2025-06-11,STR038,PRD00820,2,2007.6,0.0,4015.2,2354.36,Debit Card,Walk-in
SAL20250050249,2025-06-15,STR008,PRD00248,1,9547.84,0.0,9547.84,6877.51,Debit Card,Walk-in
SAL20250050250,2025-06-21,STR039,PRD00315,1,452.88,0.0,452.88,281.44,UPI,Regular
SAL20250050251,2025-06-22,STR032,PRD01129,2,691.29,0.0,1382.58,562.24,UPI,Premium
SAL20250050252,2025-06-26,STR015,PRD00763,2,3968.33,0.0,7936.66,5701.8,Credit Card,Regular
SAL20250050253,2025-06-11,STR032,PRD00270,4,1213.51,0.0,4854.04,3076.24,UPI,Regular
SAL20250050254,2025-06-25,STR019,PRD00827,1,3989.15,0.05,3789.69,2196.59,UPI,Regular
SAL20250050255,2025-06-12,STR026,PRD00480,5,103.25,0.0,516.25,430.85,UPI,Walk-in
SAL20250050256,2025-06-07,STR008,PRD00489,2,850.74,0.1,1531.33,1381.76,UPI,Regular
SAL20250050257,2025-06-17,STR032,PRD00223,1,11271.43,0.0,11271.43,7014.79,UPI,Walk-in
SAL20250050258,2025-06-20,STR040,PRD00505,2,1140.95,0.0,2281.9,1720.94,UPI,Regular
SAL20250050259,2025-06-19,STR022,PRD00926,1,683.78,0.1,615.4,481.25,Debit Card,Regular
SAL20250050260,2025-06-13,STR030,PRD00956,3,1028.6,0.0,3085.8,1716.0,Cash,Premium
SAL20250050261,2025-06-16,STR008,PRD00563,3,667.75,0.0,2003.25,1300.68,Credit Card,Premium
SAL20250050262,2025-06-28,STR037,PRD00439,4,122.61,0.0,490.44,382.44,UPI,Premium
SAL20250050263,2025-06-15,STR024,PRD00516,2,653.26,0.0,1306.52,1005.12,Debit Card,Regular
SAL20250050264,2025-06-03,STR032,PRD00414,4,546.79,0.0,2187.16,1701.28,Credit Card,Premium
SAL20250050265,2025-06-01,STR030,PRD01132,1,7393.47,0.0,7393.47,3891.12,Debit Card,Premium
SAL20250050266,2025-06-27,STR039,PRD01107,1,1600.76,0.0,1600.76,735.13,Credit Card,Regular
SAL20250050267,2025-06-03,STR005,PRD00132,1,22943.8,0.0,22943.8,17725.67,UPI,Regular
SAL20250050268,2025-06-29,STR021,PRD00165,1,10264.9,0.0,10264.9,6671.83,UPI,Walk-in
SAL20250050269,2025-06-26,STR034,PRD01018,2,139.93,0.0,279.86,177.6,Debit Card,Regular
SAL20250050270,2025-06-22,STR005,PRD00044,1,3159.2,0.0,3159.2,2114.03,Debit Card,Regular
SAL20250050271,2025-06-20,STR018,PRD00861,1,3212.99,0.0,3212.99,1773.8,Credit Card,Regular
SAL20250050272,2025-06-17,STR033,PRD00888,2,2557.48,0.1,4603.46,3450.08,Debit Card,Premium
SAL20250050273,2025-06-03,STR010,PRD00015,1,3619.87,0.0,3619.87,2931.59,Credit Card,Premium
SAL20250050274,2025-06-13,STR021,PRD01179,1,3455.57,0.0,3455.57,2074.52,UPI,Corporate
SAL20250050275,2025-06-23,STR020,PRD00010,1,14520.45,0.05,13794.43,11774.44,Cash,Premium
SAL20250050276,2025-06-29,STR038,PRD00137,1,8245.04,0.1,7420.54,6423.44,Credit Card,Regular
SAL20250050277,2025-06-13,STR005,PRD00103,1,4104.09,0.0,4104.09,2941.45,Credit Card,Regular
SAL20250050278,2025-06-13,STR010,PRD01114,2,8827.06,0.0,17654.12,7146.68,UPI,Regular
SAL20250050279,2025-06-17,STR012,PRD00390,1,1246.69,0.0,1246.69,785.33,UPI,Regular
SAL20250050280,2025-06-28,STR014,PRD01114,2,8827.06,0.0,17654.12,7146.68,Debit Card,Regular
SAL20250050281,2025-06-10,STR016,PRD01169,2,6625.23,0.1,11925.41,8002.82,Credit Card,Regular
SAL20250050282,2025-06-19,STR027,PRD00172,1,7151.58,0.0,7151.58,5253.3,UPI,Regular
SAL20250050283,2025-06-20,STR001,PRD00362,3,1120.03,0.0,3360.09,1597.53,Credit Card,Regular
SAL20250050284,2025-06-20,STR012,PRD00395,1,562.56,0.0,562.56,373.28,Credit Card,Walk-in
SAL20250050285,2025-06-08,STR032,PRD01066,4,424.4,0.0,1697.6,1011.96,UPI,Premium
SAL20250050286,2025-06-12,STR024,PRD00332,2,556.82,0.0,1113.64,545.86,Credit Card,Regular
SAL20250050287,2025-06-15,STR034,PRD00893,1,963.04,0.0,963.04,603.05,Debit Card,Premium
SAL20250050288,2025-06-13,STR028,PRD00829,3,2093.34,0.0,6280.02,4616.61,Debit Card,Premium
SAL20250050289,2025-06-27,STR015,PRD01041,6,954.2,0.0,5725.2,3196.86,UPI,Regular
SAL20250050290,2025-06-18,STR023,PRD00963,3,93.93,0.0,281.79,191.28,Debit Card,Premium
SAL20250050291,2025-06-01,STR003,PRD00460,2,816.3,0.0,1632.6,1335.54,Cash,Regular
SAL20250050292,2025-06-21,STR017,PRD01013,2,214.89,0.0,429.78,296.48,Credit Card,Regular
SAL20250050293,2025-06-28,STR036,PRD00266,1,13058.2,0.0,13058.2,8085.89,Credit Card,Regular
SAL20250050294,2025-06-09,STR009,PRD00864,1,1725.02,0.0,1725.02,1118.06,UPI,Regular
SAL20250050295,2025-06-28,STR012,PRD00749,2,4060.84,0.0,8121.68,4889.54,Credit Card,Regular
SAL20250050296,2025-06-06,STR032,PRD00857,3,3027.87,0.0,9083.61,6482.52,Debit Card,Walk-in
SAL20250050297,2025-06-17,STR021,PRD01065,2,936.71,0.05,1779.75,956.72,UPI,Premium
SAL20250050298,2025-06-19,STR016,PRD00114,1,17643.2,0.1,15878.88,12306.0,Credit Card,Walk-in
SAL20250050299,2025-06-02,STR010,PRD00344,1,702.67,0.0,702.67,433.6,Cash,Walk-in
SAL20250050300,2025-06-11,STR017,PRD00430,1,129.33,0.0,129.33,108.7,Credit Card,Regular
SAL20250050301,2025-06-30,STR002,PRD00621,2,335.41,0.0,670.82,470.86,UPI,Premium
SAL20250050302,2025-06-11,STR008,PRD00786,2,2271.94,0.0,4543.88,3066.98,UPI,Walk-in
SAL20250050303,2025-06-17,STR012,PRD00199,1,1863.27,0.0,1863.27,1335.3,Debit Card,Premium
SAL20250050304,2025-06-02,STR036,PRD00643,3,345.09,0.0,1035.27,652.8,Cash,Regular
SAL20250050305,2025-06-28,STR019,PRD00167,1,8410.2,0.0,8410.2,5523.21,UPI,Regular
SAL20250050306,2025-06-27,STR041,PRD01029,2,762.26,0.0,1524.52,1086.72,Debit Card,Walk-in
SAL20250050307,2025-06-11,STR010,PRD00229,1,2013.93,0.1,1812.54,1348.9,UPI,Walk-in
SAL20250050308,2025-06-15,STR012,PRD00036,1,8731.85,0.0,8731.85,5708.44,Credit Card,Walk-in
SAL20250050309,2025-06-20,STR024,PRD00101,2,2548.25,0.0,5096.5,3606.5,Credit Card,Regular
SAL20250050310,2025-06-14,STR040,PRD00183,1,6835.62,0.0,6835.62,4488.56,Debit Card,Walk-in
SAL20250050311,2025-06-18,STR019,PRD00772,2,988.94,0.0,1977.88,1318.98,Debit Card,Regular
SAL20250050312,2025-06-27,STR033,PRD00405,1,917.35,0.0,917.35,803.86,Credit Card,Walk-in
SAL20250050313,2025-06-21,STR023,PRD00486,3,161.3,0.0,483.9,370.65,UPI,Walk-in
SAL20250050314,2025-06-10,STR041,PRD00156,1,1591.76,0.0,1591.76,1231.95,UPI,Regular
SAL20250050315,2025-06-06,STR017,PRD01160,1,7696.75,0.0,7696.75,3490.84,Debit Card,Corporate
SAL20250050316,2025-06-12,STR021,PRD00740,1,3926.7,0.0,3926.7,2842.31,Cash,Premium
SAL20250050317,2025-06-25,STR021,PRD00618,1,249.13,0.0,249.13,183.03,UPI,Premium
SAL20250050318,2025-06-25,STR036,PRD00762,1,1596.23,0.05,1516.42,909.86,Credit Card,Premium
SAL20250050319,2025-06-15,STR039,PRD00071,1,14423.02,0.0,14423.02,9605.63,UPI,Walk-in
SAL20250050320,2025-06-04,STR019,PRD00670,2,3171.53,0.0,6343.06,3829.84,UPI,Regular
SAL20250050321,2025-06-04,STR020,PRD00933,1,3527.61,0.0,3527.61,2180.3,Credit Card,Walk-in
SAL20250050322,2025-06-24,STR017,PRD00486,1,161.3,0.0,161.3,123.55,Debit Card,Walk-in
SAL20250050323,2025-06-22,STR022,PRD00706,1,3862.25,0.05,3669.14,2444.01,Credit Card,Walk-in
SAL20250050324,2025-06-03,STR037,PRD01116,1,792.37,0.0,792.37,396.32,UPI,Regular
SAL20250050325,2025-06-26,STR032,PRD01129,2,691.29,0.1,1244.32,562.24,UPI,Regular
SAL20250050326,2025-06-09,STR034,PRD00426,4,496.18,0.1,1786.25,1663.48,Credit Card,Walk-in
SAL20250050327,2025-06-05,STR009,PRD00106,2,3614.0,0.0,7228.0,4974.72,UPI,Corporate
SAL20250050328,2025-06-15,STR002,PRD00048,1,26663.85,0.0,26663.85,18297.1,UPI,Regular
SAL20250050329,2025-06-05,STR037,PRD01184,1,6927.53,0.0,6927.53,3182.7,Debit Card,Premium
SAL20250050330,2025-06-14,STR005,PRD00724,2,2856.14,0.0,5712.28,3188.82,Cash,Premium
SAL20250050331,2025-06-14,STR018,PRD00614,1,52.25,0.0,52.25,34.28,UPI,Regular
SAL20250050332,2025-06-01,STR021,PRD01156,2,3916.29,0.0,7832.58,4535.54,Credit Card,Regular
SAL20250050333,2025-06-19,STR023,PRD01186,1,3042.91,0.1,2738.62,1502.2,UPI,Premium
SAL20250050334,2025-06-03,STR012,PRD00016,1,12816.4,0.0,12816.4,9433.57,Debit Card,Premium
SAL20250050335,2025-06-12,STR034,PRD00332,1,556.82,0.1,501.14,272.93,Cash,Walk-in
SAL20250050336,2025-06-27,STR026,PRD00277,3,1350.87,0.0,4052.61,2040.75,Debit Card,Corporate
SAL20250050337,2025-06-28,STR011,PRD00471,10,607.66,0.1,5468.94,4953.5,Debit Card,Walk-in
SAL20250050338,2025-06-15,STR026,PRD01125,1,3015.8,0.05,2865.01,1423.43,Credit Card,Walk-in
SAL20250050339,2025-06-03,STR016,PRD00940,1,57.11,0.0,57.11,38.86,UPI,Walk-in
SAL20250050340,2025-06-09,STR039,PRD00893,1,963.04,0.05,914.89,603.05,UPI,Premium
SAL20250050341,2025-06-20,STR008,PRD01168,1,4286.69,0.0,4286.69,2474.04,UPI,Walk-in
SAL20250050342,2025-06-09,STR020,PRD00668,3,302.1,0.0,906.3,649.62,Cash,Premium
SAL20250050343,2025-06-17,STR001,PRD00041,1,19732.0,0.0,19732.0,14953.27,Cash,Corporate
SAL20250050344,2025-06-24,STR021,PRD00161,1,9190.04,0.0,9190.04,7015.28,UPI,Premium
SAL20250050345,2025-06-29,STR027,PRD00054,1,16291.52,0.1,14662.37,11840.34,Cash,Regular
SAL20250050346,2025-06-21,STR013,PRD00933,2,3527.61,0.05,6702.46,4360.6,UPI,Corporate
SAL20250050347,2025-06-23,STR035,PRD00360,1,505.68,0.0,505.68,239.22,UPI,Walk-in
SAL20250050348,2025-06-10,STR009,PRD01172,1,1132.5,0.0,1132.5,578.06,Debit Card,Regular
SAL20250050349,2025-06-23,STR033,PRD00134,1,19404.79,0.0,19404.79,14953.78,Debit Card,Regular
SAL20250050350,2025-06-02,STR017,PRD00260,3,8853.62,0.0,26560.86,16823.61,Debit Card,Regular
SAL20250050351,2025-06-22,STR001,PRD00380,2,304.64,0.0,609.28,421.0,Credit Card,Walk-in
SAL20250050352,2025-06-25,STR037,PRD00842,2,1322.87,0.0,2645.74,1913.76,UPI,Regular
SAL20250050353,2025-06-09,STR007,PRD00849,2,315.58,0.0,631.16,423.56,UPI,Walk-in
SAL20250050354,2025-06-20,STR026,PRD01050,1,562.12,0.0,562.12,329.14,Credit Card,Walk-in
SAL20250050355,2025-06-16,STR041,PRD00179,2,5253.14,0.0,10506.28,6415.08,Credit Card,Regular
SAL20250050356,2025-06-01,STR002,PRD00411,3,779.25,0.0,2337.75,1895.55,UPI,Premium
SAL20250050357,2025-06-28,STR023,PRD00678,2,3485.6,0.0,6971.2,4509.82,Net Banking,Premium
SAL20250050358,2025-06-17,STR003,PRD00972,3,1079.34,0.05,3076.12,1887.0,Credit Card,Regular
SAL20250050359,2025-06-19,STR035,PRD00792,2,5089.33,0.0,10178.66,5850.68,Net Banking,Walk-in
SAL20250050360,2025-06-11,STR016,PRD00503,2,634.01,0.0,1268.02,1051.58,UPI,Regular
SAL20250050361,2025-06-16,STR031,PRD00845,3,2226.26,0.0,6678.78,4570.23,Cash,Regular
SAL20250050362,2025-06-02,STR012,PRD00755,1,511.82,0.0,511.82,344.31,Cash,Regular
SAL20250050363,2025-06-29,STR011,PRD00030,1,17262.94,0.0,17262.94,12589.59,Debit Card,Walk-in
SAL20250050364,2025-06-28,STR017,PRD01118,1,5734.69,0.05,5447.96,3371.1,Credit Card,Walk-in
SAL20250050365,2025-06-04,STR006,PRD00762,1,1596.23,0.0,1596.23,909.86,UPI,Corporate
SAL20250050366,2025-06-06,STR025,PRD00950,1,184.59,0.0,184.59,127.31,UPI,Walk-in
SAL20250050367,2025-06-13,STR020,PRD00410,-3,245.81,0.0,-737.43,578.28,UPI,Walk-in
SAL20250050368,2025-06-20,STR023,PRD00395,3,562.56,0.0,1687.68,1119.84,Net Banking,Regular
SAL20250050369,2025-06-09,STR040,PRD00518,1,1000.64,0.05,950.61,768.43,Debit Card,Regular
SAL20250050370,2025-06-01,STR001,PRD00387,1,446.12,0.0,446.12,248.3,UPI,Walk-in
SAL20250050371,2025-06-04,STR018,PRD00849,3,315.58,0.0,946.74,635.34,UPI,Walk-in
SAL20250050372,2025-06-30,STR006,PRD00416,2,833.51,0.0,1667.02,1383.58,UPI,Regular
SAL20250050373,2025-06-16,STR035,PRD00977,1,417.51,0.05,396.63,282.28,Credit Card,Walk-in
SAL20250050374,2025-06-19,STR028,PRD01133,1,8197.9,0.0,8197.9,3765.02,UPI,Walk-in
SAL20250050375,2025-06-11,STR028,PRD00501,1,707.96,0.0,707.96,547.35,Debit Card,Regular
SAL20250050376,2025-06-20,STR008,PRD00127,1,14293.97,0.05,13579.27,10567.08,Credit Card,Premium
SAL20250050377,2025-06-30,STR007,PRD00821,2,2784.44,0.0,5568.88,3164.82,UPI,Walk-in
SAL20250050378,2025-06-24,STR023,PRD00678,2,3485.6,0.0,6971.2,4509.82,Net Banking,Walk-in
SAL20250050379,2025-06-24,STR038,PRD00230,1,11424.91,0.0,11424.91,7835.88,UPI,Premium
SAL20250050380,2025-06-30,STR039,PRD00874,2,3195.38,0.1,5751.68,4664.96,Credit Card,Premium
SAL20250050381,2025-06-26,STR033,PRD00351,3,802.18,0.0,2406.54,1509.72,Credit Card,Walk-in
SAL20250050382,2025-06-14,STR003,PRD00095,1,18324.65,0.0,18324.65,13913.8,Net Banking,Walk-in
SAL20250050383,2025-06-20,STR001,PRD00069,1,11744.39,0.0,11744.39,7701.34,Credit Card,Regular
SAL20250050384,2025-06-05,STR014,PRD00954,3,1090.11,0.0,3270.33,1844.88,UPI,Walk-in
SAL20250050385,2025-06-10,STR006,PRD00741,1,2848.85,0.0,2848.85,2028.89,Credit Card,Regular
SAL20250050386,2025-06-02,STR003,PRD01138,1,4917.81,0.0,4917.81,2789.31,UPI,Walk-in
SAL20250050387,2025-06-17,STR008,PRD00393,1,526.25,0.0,526.25,344.18,Credit Card,Walk-in
SAL20250050388,2025-06-18,STR006,PRD00396,1,713.53,0.0,713.53,454.7,Credit Card,Regular
SAL20250050389,2025-06-05,STR036,PRD00506,1,725.03,0.0,725.03,579.1,Net Banking,Walk-in
SAL20250050390,2025-06-16,STR039,PRD00410,2,245.81,0.0,491.62,385.52,Credit Card,Walk-in
SAL20250050391,2025-06-14,STR021,PRD00281,1,679.79,0.0,679.79,393.52,Credit Card,Regular
SAL20250050392,2025-06-22,STR003,PRD01095,1,4795.88,0.05,4556.09,2620.97,UPI,Walk-in
SAL20250050393,2025-06-06,STR026,PRD00923,1,3811.45,0.0,3811.45,2262.33,Credit Card,Walk-in
SAL20250050394,2025-06-24,STR032,PRD01142,2,3878.91,0.0,7757.82,4529.58,Credit Card,Premium
SAL20250050395,2025-06-05,STR024,PRD01081,2,7442.0,0.0,14884.0,7046.66,UPI,Regular
SAL20250050396,2025-06-19,STR031,PRD00291,4,469.9,0.0,1879.6,1119.04,UPI,Premium
SAL20250050397,2025-06-18,STR012,PRD00191,1,7660.03,0.0,7660.03,5198.25,Cash,Walk-in
SAL20250050398,2025-06-06,STR039,PRD00973,1,291.44,0.0,291.44,156.91,UPI,Premium
SAL20250050399,2025-06-29,STR001,PRD01017,6,1092.19,0.05,6225.48,3550.14,UPI,Walk-in
SAL20250050400,2025-06-25,STR003,PRD00875,2,258.44,0.0,516.88,301.8,UPI,Premium
SAL20250050401,2025-06-09,STR001,PRD00188,1,6172.58,0.0,6172.58,4027.57,Cash,Regular
SAL20250050402,2025-06-24,STR007,PRD00133,3,10102.94,0.0,30308.82,20042.34,Cash,Premium
SAL20250050403,2025-06-11,STR028,PRD00095,1,18324.65,0.1,16492.19,13913.8,Cash,Walk-in
SAL20250050404,2025-06-30,STR036,PRD00463,1,933.21,0.0,933.21,747.47,Credit Card,Corporate
SAL20250050405,2025-06-01,STR023,PRD00711,1,1868.86,0.0,1868.86,1355.68,UPI,Regular
SAL20250050406,2025-06-18,STR006,PRD00702,1,1394.73,0.0,1394.73,988.64,Credit Card,Walk-in
SAL20250050407,2025-06-09,STR033,PRD00378,1,667.36,0.0,667.36,365.54,UPI,Regular
SAL20250050408,2025-06-29,STR020,PRD00995,2,585.44,0.0,1170.88,835.44,Credit Card,Regular
SAL20250050409,2025-06-12,STR013,PRD00375,1,650.42,0.0,650.42,365.06,UPI,Walk-in
SAL20250050410,2025-06-24,STR024,PRD00821,1,2784.44,0.0,2784.44,1582.41,Credit Card,Premium
SAL20250050411,2025-06-11,STR008,PRD00730,1,3497.66,0.0,3497.66,2580.93,Debit Card,Regular
SAL20250050412,2025-06-25,STR012,PRD01011,2,265.01,0.0,530.02,299.38,Debit Card,Walk-in
SAL20250050413,2025-06-24,STR037,PRD00525,2,76.55,0.0,153.1,132.9,UPI,Regular
SAL20250050414,2025-06-30,STR015,PRD00019,1,9063.53,0.0,9063.53,6399.55,UPI,Regular
SAL20250050415,2025-06-25,STR014,PRD00006,1,3457.14,0.0,3457.14,2519.92,Credit Card,Premium
SAL20250050416,2025-06-02,STR014,PRD00340,2,956.64,0.1,1721.95,1112.16,Cash,Corporate
SAL20250050417,2025-06-28,STR030,PRD01084,1,10498.54,0.0,10498.54,4211.39,UPI,Walk-in
SAL20250050418,2025-06-24,STR001,PRD00584,4,232.29,0.0,929.16,569.4,Credit Card,Corporate
SAL20250050419,2025-06-18,STR025,PRD01136,1,7702.34,0.0,7702.34,4125.05,Cash,Corporate
SAL20250050420,2025-06-24,STR037,PRD00323,1,361.28,0.05,343.22,188.15,Debit Card,Regular
SAL20250050421,2025-06-11,STR023,PRD00331,1,133.4,0.05,126.73,89.83,UPI,Walk-in
SAL20250050422,2025-06-15,STR024,PRD00110,1,26501.66,0.0,26501.66,18492.65,UPI,Walk-in
SAL20250050423,2025-06-13,STR036,PRD00024,1,23723.95,0.05,22537.75,15500.24,Credit Card,Regular
SAL20250050424,2025-06-20,STR035,PRD00068,1,10777.06,0.0,10777.06,8694.54,Net Banking,Regular
SAL20250050425,2025-06-11,STR031,PRD00391,2,716.46,0.1,1289.63,694.82,Cash,Regular
SAL20250050426,2025-06-06,STR018,PRD00126,1,8140.39,0.0,8140.39,6131.32,UPI,Walk-in
SAL20250050427,2025-06-12,STR028,PRD00871,2,1211.65,0.0,2423.3,1718.64,UPI,Premium
SAL20250050428,2025-06-22,STR005,PRD00591,2,500.81,0.0,1001.62,727.46,Cash,Regular
SAL20250050429,2025-06-16,STR004,PRD00637,2,299.32,0.05,568.71,427.2,Net Banking,Corporate
SAL20250050430,2025-06-26,STR009,PRD00140,1,6378.06,0.05,6059.16,4851.7,Debit Card,Walk-in
SAL20250050431,2025-06-24,STR041,PRD00907,2,1536.02,0.1,2764.84,1953.74,Cash,Regular
SAL20250050432,2025-06-20,STR025,PRD00468,2,180.53,0.0,361.06,296.64,UPI,Walk-in
SAL20250050433,2025-06-08,STR007,PRD00765,1,1419.48,0.0,1419.48,920.94,Debit Card,Regular
SAL20250050434,2025-06-27,STR006,PRD00230,1,11424.91,0.0,11424.91,7835.88,UPI,Premium
SAL20250050435,2025-06-06,STR032,PRD00745,1,2529.52,0.0,2529.52,1829.18,UPI,Premium
SAL20250050436,2025-06-30,STR013,PRD00563,2,667.75,0.0,1335.5,867.12,UPI,Walk-in
SAL20250050437,2025-06-07,STR039,PRD00028,2,4027.15,0.0,8054.3,5282.74,Debit Card,Regular
SAL20250050438,2025-06-14,STR027,PRD00818,1,2330.04,0.05,2213.54,1669.14,UPI,Corporate
SAL20250050439,2025-06-08,STR001,PRD00989,1,922.35,0.0,922.35,592.11,Credit Card,Regular
SAL20250050440,2025-06-14,STR003,PRD00401,1,743.9,0.0,743.9,628.4,UPI,Walk-in
SAL20250050441,2025-06-10,STR019,PRD00871,1,1211.65,0.0,1211.65,859.32,Credit Card,Regular
SAL20250050442,2025-06-24,STR032,PRD00480,4,103.25,0.0,413.0,344.68,UPI,Walk-in
SAL20250050443,2025-06-14,STR012,PRD00554,10,805.55,0.0,8055.5,4664.1,Debit Card,Walk-in
SAL20250050444,2025-06-22,STR021,PRD00831,3,2902.42,0.0,8707.26,5979.51,UPI,Regular
SAL20250050445,2025-06-11,STR006,PRD01064,4,155.0,0.0,620.0,314.52,Debit Card,Premium
SAL20250050446,2025-06-21,STR011,PRD00738,3,984.8,0.05,2806.68,2061.12,UPI,Regular
SAL20250050447,2025-06-18,STR008,PRD00553,1,150.28,0.0,150.28,87.11,UPI,Regular
SAL20250050448,2025-06-26,STR029,PRD01066,1,424.4,0.0,424.4,252.99,UPI,Walk-in
SAL20250050449,2025-06-30,STR002,PRD00666,4,224.43,0.05,852.83,650.84,UPI,Regular
SAL20250050450,2025-06-30,STR020,PRD00674,4,2861.74,0.1,10302.26,6362.36,Credit Card,Walk-in
SAL20250050451,2025-06-01,STR016,PRD00328,1,1206.9,0.0,1206.9,619.01,UPI,Walk-in
SAL20250050452,2025-06-28,STR021,PRD00561,1,111.53,0.0,111.53,75.49,Debit Card,Walk-in
SAL20250050453,2025-06-22,STR018,PRD00139,1,2949.49,0.0,2949.49,1812.36,UPI,Regular
SAL20250050454,2025-06-21,STR028,PRD01183,1,7827.71,0.0,7827.71,3332.0,UPI,Walk-in
SAL20250050455,2025-06-03,STR014,PRD00458,3,587.81,0.1,1587.09,1337.76,UPI,Walk-in
SAL20250050456,2025-06-25,STR021,PRD00566,3,655.12,0.0,1965.36,1269.36,UPI,Walk-in
SAL20250050457,2025-06-25,STR017,PRD00410,2,245.81,0.0,491.62,385.52,Debit Card,Walk-in
SAL20250050458,2025-06-05,STR031,PRD00536,1,393.56,0.0,393.56,270.95,UPI,Corporate
SAL20250050459,2025-06-12,STR012,PRD00391,1,716.46,0.0,716.46,347.41,UPI,Regular
SAL20250050460,2025-06-01,STR014,PRD00826,1,174.23,0.0,174.23,120.2,UPI,Walk-in
SAL20250050461,2025-06-13,STR004,PRD00519,1,818.33,0.05,777.41,642.9,Cash,Walk-in
SAL20250050462,2025-06-15,STR033,PRD00414,2,546.79,0.0,1093.58,850.64,UPI,Walk-in
SAL20250050463,2025-06-06,STR018,PRD00122,1,23504.26,0.0,23504.26,16366.57,UPI,Premium
SAL20250050464,2025-06-03,STR035,PRD01185,3,2223.59,0.0,6670.77,2774.55,Credit Card,Premium
SAL20250050465,2025-06-01,STR019,PRD00316,2,924.22,0.0,1848.44,1179.04,Credit Card,Walk-in
SAL20250050466,2025-06-19,STR011,PRD01102,1,845.86,0.0,845.86,353.36,UPI,Walk-in
SAL20250050467,2025-06-12,STR016,PRD00295,3,1024.45,0.0,3073.35,1705.47,UPI,Walk-in
SAL20250050468,2025-06-08,STR029,PRD01129,1,691.29,0.1,622.16,281.12,UPI,Walk-in
SAL20250050469,2025-06-03,STR005,PRD00537,2,133.85,0.05,254.31,157.56,Debit Card,Walk-in
SAL20250050470,2025-06-29,STR012,PRD00217,1,8159.94,0.0,8159.94,5298.43,Credit Card,Regular
SAL20250050471,2025-06-09,STR002,PRD00425,3,878.01,0.1,2370.63,2092.53,Credit Card,Regular
SAL20250050472,2025-06-17,STR030,PRD00523,1,773.23,0.0,773.23,656.14,UPI,Regular
SAL20250050473,2025-06-15,STR003,PRD00728,1,5071.72,0.0,5071.72,3009.63,UPI,Premium
SAL20250050474,2025-06-29,STR023,PRD00305,2,1134.36,0.0,2268.72,1230.6,Debit Card,Regular
SAL20250050475,2025-06-30,STR037,PRD00578,4,577.23,0.05,2193.47,1691.24,UPI,Walk-in
SAL20250050476,2025-06-16,STR008,PRD00933,1,3527.61,0.0,3527.61,2180.3,UPI,Walk-in
SAL20250050477,2025-06-12,STR007,PRD00588,1,125.09,0.0,125.09,90.39,UPI,Regular
SAL20250050478,2025-06-03,STR028,PRD00976,2,1125.69,0.0,2251.38,1165.22,UPI,Walk-in
SAL20250050479,2025-06-10,STR038,PRD00540,4,550.54,0.0,2202.16,1554.48,UPI,Walk-in
SAL20250050480,2025-06-14,STR006,PRD00120,1,22170.49,0.0,22170.49,16305.22,UPI,Regular
SAL20250050481,2025-06-13,STR007,PRD01002,1,98.3,0.0,98.3,55.69,Net Banking,Regular
SAL20250050482,2025-06-21,STR025,PRD01163,3,6199.15,0.0,18597.45,11148.18,UPI,Regular
SAL20250050483,2025-06-30,STR028,PRD00617,1,496.18,0.0,496.18,363.01,UPI,Regular
SAL20250050484,2025-06-30,STR032,PRD00132,1,22943.8,0.0,22943.8,17725.67,UPI,Regular
SAL20250050485,2025-06-17,STR022,PRD00902,1,258.19,0.0,258.19,154.07,Debit Card,Walk-in
SAL20250050486,2025-06-26,STR040,PRD00025,1,2348.16,0.0,2348.16,1617.05,Debit Card,Regular
SAL20250050487,2025-06-08,STR032,PRD01010,2,762.29,0.1,1372.12,799.04,UPI,Regular
SAL20250050488,2025-06-23,STR028,PRD00152,1,8357.62,0.0,8357.62,5421.82,UPI,Regular
SAL20250050489,2025-06-25,STR018,PRD00541,2,685.8,0.05,1303.02,811.14,Credit Card,Walk-in
SAL20250050490,2025-06-24,STR011,PRD00640,3,209.4,0.05,596.79,352.29,UPI,Premium
SAL20250050491,2025-06-07,STR041,PRD00629,4,197.41,0.0,789.64,548.36,UPI,Walk-in
SAL20250050492,2025-06-20,STR015,PRD00834,3,1440.43,0.05,4105.23,2746.47,Net Banking,Regular
SAL20250050493,2025-06-18,STR002,PRD00280,1,605.7,0.0,605.7,311.37,Net Banking,Walk-in
SAL20250050494,2025-06-18,STR036,PRD00624,1,124.7,0.0,124.7,87.08,Credit Card,Regular
SAL20250050495,2025-06-04,STR006,PRD00781,1,2809.53,0.0,2809.53,2070.84,Debit Card,Regular
SAL20250050496,2025-06-20,STR034,PRD00102,2,21236.57,0.1,38225.83,32282.34,UPI,Walk-in
SAL20250050497,2025-06-12,STR002,PRD01149,1,4599.19,0.0,4599.19,2334.77,UPI,Premium
SAL20250050498,2025-06-25,STR013,PRD00810,2,406.14,0.1,731.05,522.2,UPI,Walk-in
SAL20250050499,2025-06-14,STR009,PRD00089,1,24330.95,0.0,24330.95,18400.64,Net Banking,Walk-in
SAL20250050500,2025-06-26,STR031,PRD00668,1,302.1,0.0,302.1,216.54,UPI,Walk-in
SAL20250050501,2025-06-12,STR019,PRD00950,3,184.59,0.0,553.77,381.93,UPI,Regular
SAL20250050502,2025-06-07,STR034,PRD00180,1,3550.84,0.0,3550.84,2526.78,Credit Card,Walk-in
SAL20250050503,2025-06-17,STR013,PRD00625,2,629.94,0.0,1259.88,865.82,UPI,Premium
SAL20250050504,2025-06-28,STR002,PRD00333,1,1043.83,0.0,1043.83,554.4,Cash,Regular
SAL20250050505,2025-06-05,STR005,PRD00073,1,23649.92,0.0,23649.92,17123.4,Credit Card,Walk-in
SAL20250050506,2025-06-10,STR027,PRD00938,4,622.57,0.0,2490.28,1309.32,Net Banking,Walk-in
SAL20250050507,2025-06-05,STR038,PRD00575,2,90.77,0.0,181.54,134.16,UPI,Walk-in
SAL20250050508,2025-06-02,STR002,PRD00775,2,3571.78,0.0,7143.56,3953.1,Debit Card,Corporate
SAL20250050509,2025-06-04,STR038,PRD00140,1,6378.06,0.1,5740.25,4851.7,UPI,Premium
SAL20250050510,2025-06-16,STR024,PRD00202,1,1209.84,0.0,1209.84,865.49,UPI,Walk-in
SAL20250050511,2025-06-11,STR037,PRD00490,1,177.23,0.0,177.23,138.31,UPI,Premium
SAL20250050512,2025-06-10,STR027,PRD00798,1,1720.26,0.0,1720.26,961.55,UPI,Walk-in
SAL20250050513,2025-06-23,STR015,PRD00155,2,2214.51,0.1,3986.12,3304.38,Debit Card,Walk-in
SAL20250050514,2025-06-02,STR003,PRD00942,1,93.87,0.05,89.18,61.73,UPI,Premium
SAL20250050515,2025-06-09,STR006,PRD01162,3,3657.07,0.05,10422.65,6051.87,Debit Card,Walk-in
SAL20250050516,2025-06-29,STR010,PRD00228,1,4421.9,0.0,4421.9,2982.31,UPI,Regular
SAL20250050517,2025-06-11,STR028,PRD00596,1,666.12,0.0,666.12,397.91,Credit Card,Regular
SAL20250050518,2025-06-19,STR022,PRD00858,3,1066.62,0.0,3199.86,2085.48,Credit Card,Walk-in
SAL20250050519,2025-06-16,STR005,PRD01192,1,7158.24,0.0,7158.24,4065.98,Cash,Walk-in
SAL20250050520,2025-06-07,STR031,PRD00003,1,810.89,0.0,810.89,534.24,UPI,Premium
SAL20250050521,2025-06-06,STR015,PRD01151,1,7065.61,0.0,7065.61,3374.36,UPI,Premium
SAL20250050522,2025-06-22,STR019,PRD00227,1,5367.28,0.0,5367.28,3567.65,Credit Card,Walk-in
SAL20250050523,2025-06-11,STR010,PRD00310,1,607.97,0.0,607.97,303.74,Credit Card,Walk-in
SAL20250050524,2025-06-06,STR001,PRD00977,2,417.51,0.0,835.02,564.56,UPI,Premium
SAL20250050525,2025-06-02,STR011,PRD01172,3,1132.5,0.0,3397.5,1734.18,UPI,Walk-in
SAL20250050526,2025-06-14,STR038,PRD00221,2,9230.37,0.0,18460.74,11541.78,UPI,Regular
SAL20250050527,2025-06-15,STR040,PRD00737,2,1053.41,0.0,2106.82,1506.74,UPI,Regular
SAL20250050528,2025-06-03,,PRD00059,1,15692.67,0.0,15692.67,12269.76,UPI,Regular
SAL20250050529,2025-06-05,STR021,PRD00950,2,184.59,0.0,369.18,254.62,UPI,Regular
SAL20250050530,2025-06-07,STR021,PRD01052,1,462.25,0.0,462.25,323.0,Credit Card,Regular
SAL20250050531,2025-06-10,STR041,PRD00212,1,9559.41,0.05,9081.44,6260.97,UPI,Regular
SAL20250050532,2025-06-12,STR040,PRD00972,6,1079.34,0.1,5828.44,3774.0,Credit Card,Walk-in
SAL20250050533,2025-06-23,STR011,PRD00008,1,14817.35,0.0,14817.35,10393.47,Credit Card,Walk-in
SAL20250050534,2025-06-21,STR041,PRD00125,1,1511.82,0.1,1360.64,1056.29,Debit Card,Walk-in
SAL20250050535,2025-06-08,STR034,PRD00405,1,917.35,0.05,871.48,803.86,UPI,Walk-in
SAL20250050536,2025-06-30,STR008,PRD00910,1,2302.88,0.0,2302.88,1579.69,Cash,Regular
SAL20250050537,2025-06-08,STR032,PRD00862,1,1883.72,0.0,1883.72,1142.54,UPI,Walk-in
SAL20250050538,2025-06-10,STR039,PRD00218,1,7357.64,0.0,7357.64,5051.02,UPI,Regular
SAL20250050539,2025-06-06,STR007,PRD00073,2,23649.92,0.1,42569.86,34246.8,Net Banking,Regular
SAL20250050540,2025-06-19,STR018,PRD01186,1,3042.91,0.0,3042.91,1502.2,UPI,Walk-in
SAL20250050541,2025-06-16,STR019,PRD00466,1,725.28,0.0,725.28,629.72,UPI,Walk-in
SAL20250050542,2025-06-04,STR010,PRD00251,1,10660.28,0.0,10660.28,7306.06,UPI,Regular
SAL20250050543,2025-06-05,STR030,PRD00431,2,614.87,0.0,1229.74,1042.4,UPI,Walk-in
SAL20250050544,2025-06-12,STR005,PRD00754,1,372.52,0.05,353.89,220.88,Credit Card,Premium
SAL20250050545,2025-06-21,STR025,PRD00130,1,17171.37,0.1,15454.23,12882.58,Cash,Walk-in
SAL20250050546,2025-06-01,STR001,PRD00172,1,7151.58,0.0,7151.58,5253.3,Debit Card,Regular
SAL20250050547,2025-06-14,STR025,PRD00151,1,5709.55,0.1,5138.6,3733.65,Debit Card,Regular
SAL20250050548,2025-06-01,STR024,PRD00776,1,1145.74,0.0,1145.74,684.76,Credit Card,Regular
SAL20250050549,2025-06-26,STR013,PRD00613,2,239.41,0.0,478.82,357.22,UPI,Regular
SAL20250050550,2025-06-28,STR040,PRD00968,2,316.7,0.0,633.4,317.52,UPI,Regular
SAL20250050551,2025-06-16,STR030,PRD00286,1,390.77,0.0,390.77,253.34,UPI,Regular
SAL20250050552,2025-06-20,STR007,PRD00086,1,22194.93,0.0,22194.93,15176.58,UPI,Regular
SAL20250050553,2025-06-07,STR011,PRD00929,4,3367.15,0.0,13468.6,8144.96,UPI,Regular
SAL20250050554,2025-06-19,STR027,PRD00507,2,259.46,0.0,518.92,430.7,Cash,Regular
SAL20250050555,2025-06-16,STR014,PRD00552,5,296.06,0.0,1480.3,974.7,UPI,Regular
SAL20250050556,2025-06-02,STR027,PRD00587,2,250.15,0.0,500.3,343.58,UPI,Regular
SAL20250050557,2025-06-01,STR016,PRD00582,2,535.32,0.0,1070.64,770.0,Debit Card,Walk-in
SAL20250050558,2025-06-18,STR013,PRD01128,4,2522.35,0.05,9584.93,5762.72,Debit Card,Regular
SAL20250050559,2025-06-24,STR033,PRD00720,1,3749.56,0.0,3749.56,2104.95,UPI,Walk-in
SAL20250050560,2025-06-15,STR013,PRD01129,2,691.29,0.0,1382.58,562.24,Credit Card,Regular
SAL20250050561,2025-06-03,STR002,PRD00062,1,21073.23,0.0,21073.23,13798.59,UPI,Regular
SAL20250050562,2025-06-12,STR025,PRD00575,10,90.77,0.0,907.7,670.8,Credit Card,Walk-in
SAL20250050563,2025-06-26,STR006,PRD00777,2,3515.65,0.0,7031.3,3883.56,UPI,Walk-in
SAL20250050564,2025-06-21,STR015,PRD00062,1,21073.23,0.0,21073.23,13798.59,UPI,Walk-in
SAL20250050565,2025-06-08,STR011,PRD00729,1,3595.95,0.0,3595.95,2557.72,UPI,Regular
SAL20250050566,2025-06-27,STR004,PRD00989,2,922.35,0.0,1844.7,1184.22,Credit Card,Regular
SAL20250050567,2025-06-11,STR024,PRD00114,1,17643.2,0.0,17643.2,12306.0,UPI,Regular
SAL20250050568,2025-06-12,STR030,PRD00467,1,528.8,0.0,528.8,453.05,Credit Card,Walk-in
SAL20250050569,2025-06-21,STR019,PRD01117,3,2651.1,0.0,7953.3,4340.4,Debit Card,Regular
SAL20250050570,2025-06-26,STR003,PRD00024,1,23723.95,0.0,23723.95,15500.24,Credit Card,Premium
SAL20250050571,2025-06-08,STR041,PRD00522,3,1139.79,0.0,3419.37,2627.49,Cash,Walk-in
SAL20250050572,2025-06-05,STR023,PRD00308,2,373.95,0.0,747.9,521.14,UPI,Premium
SAL20250050573,2025-06-02,STR010,PRD00868,2,1450.33,0.0,2900.66,1824.42,Net Banking,Regular
SAL20250050574,2025-06-28,STR014,PRD00628,1,365.09,0.0,365.09,210.81,UPI,Walk-in
SAL20250050575,2025-06-01,STR040,PRD00807,1,667.9,0.0,667.9,429.52,Credit Card,Regular
SAL20250050576,2025-06-04,STR022,PRD00906,3,3449.48,0.1,9313.6,6348.66,UPI,Walk-in
SAL20250050577,2025-06-16,STR034,PRD00589,2,435.23,0.0,870.46,508.08,Cash,Regular
SAL20250050578,2025-06-21,STR028,PRD00885,1,1948.54,0.0,1948.54,1253.39,Debit Card,Premium
SAL20250050579,2025-06-14,STR008,PRD00565,2,107.78,0.0,215.56,122.96,UPI,Regular
SAL20250050580,2025-06-01,STR005,PRD00279,3,704.62,0.05,2008.17,1337.76,Credit Card,Premium
SAL20250050581,2025-06-23,STR029,PRD00449,1,236.21,0.0,236.21,199.14,Credit Card,Regular
SAL20250050582,2025-06-29,STR003,PRD00640,2,209.4,0.0,418.8,234.86,Debit Card,Regular
SAL20250050583,2025-06-28,STR037,PRD00918,1,2741.1,0.0,2741.1,1987.44,Debit Card,Regular
SAL20250050584,2025-06-19,STR030,PRD00975,2,912.31,0.0,1824.62,1197.0,UPI,Walk-in
SAL20250050585,2025-06-11,STR027,PRD00102,1,21236.57,0.0,21236.57,16141.17,UPI,Walk-in
SAL20250050586,2025-06-21,STR027,PRD01174,1,4967.43,0.0,4967.43,2664.97,Credit Card,Regular
SAL20250050587,2025-06-23,STR027,PRD00690,2,3635.92,0.0,7271.84,4794.84,Cash,Walk-in
SAL20250050588,2025-06-15,STR017,PRD00482,4,411.59,0.0,1646.36,1376.48,UPI,Regular
SAL20250050589,2025-06-30,STR017,PRD00747,1,1306.66,0.0,1306.66,960.16,UPI,Regular
SAL20250050590,2025-06-03,STR010,PRD00934,2,3207.23,0.0,6414.46,3622.14,Credit Card,Walk-in
SAL20250050591,2025-06-29,STR018,PRD00953,1,80.84,0.1,72.76,57.97,UPI,Walk-in
SAL20250050592,2025-06-17,STR027,PRD00601,1,50.1,0.0,50.1,30.82,UPI,Premium
SAL20250050593,2025-06-08,STR039,PRD00553,2,150.28,0.0,300.56,174.22,Cash,Walk-in
SAL20250050594,2025-06-29,STR008,PRD00161,1,9190.04,0.0,9190.04,7015.28,UPI,Walk-in
SAL20250050595,2025-06-03,STR025,PRD01170,1,1269.68,0.0,1269.68,694.9,Debit Card,Walk-in
SAL20250050596,2025-06-16,STR024,PRD00318,1,184.33,0.1,165.9,118.77,UPI,Regular
SAL20250050597,2025-06-16,STR018,PRD00421,2,579.98,0.0,1159.96,973.0,UPI,Regular
SAL20250050598,2025-06-17,STR004,PRD00030,1,17262.94,0.0,17262.94,12589.59,Credit Card,Regular
SAL20250050599,2025-06-15,STR037,PRD00826,1,174.23,0.0,174.23,120.2,UPI,Regular
SAL20250050600,2025-06-24,STR023,PRD00922,2,953.09,0.0,1906.18,1256.32,Credit Card,Walk-in
SAL20250050601,2025-06-22,STR007,PRD00919,1,3391.01,0.1,3051.91,2232.08,UPI,Walk-in
SAL20250050602,2025-06-23,STR004,PRD00104,1,21587.41,0.0,21587.41,17582.83,Cash,Walk-in
SAL20250050603,2025-06-15,STR028,PRD00838,1,1522.8,0.0,1522.8,1046.85,UPI,Premium
SAL20250050604,2025-06-19,STR041,PRD00130,1,17171.37,0.0,17171.37,12882.58,UPI,Regular
SAL20250050605,2025-06-24,STR013,PRD00956,3,1028.6,0.0,3085.8,1716.0,UPI,Walk-in
SAL20250050606,2025-06-07,STR028,PRD00781,1,2809.53,0.0,2809.53,2070.84,Credit Card,Walk-in
SAL20250050607,2025-06-03,STR032,PRD00757,1,1608.8,0.0,1608.8,1037.87,UPI,Regular
SAL20250050608,2025-06-21,STR003,PRD01138,1,4917.81,0.0,4917.81,2789.31,Debit Card,Walk-in
SAL20250050609,2025-06-18,STR002,PRD00557,1,210.61,0.0,210.61,134.43,Debit Card,Walk-in
SAL20250050610,2025-06-01,STR034,PRD01000,2,495.66,0.0,991.32,691.74,UPI,Regular
SAL20250050611,2025-06-03,STR023,PRD00901,1,3120.68,0.0,3120.68,2071.57,Credit Card,Regular
SAL20250050612,2025-06-10,STR026,PRD00468,1,180.53,0.0,180.53,148.32,Debit Card,Walk-in
SAL20250050613,2025-06-13,STR023,PRD00767,2,2122.92,0.0,4245.84,3114.28,Debit Card,Walk-in
SAL20250050614,2025-06-02,STR005,PRD00727,1,737.62,0.0,737.62,442.28,Credit Card,Corporate
SAL20250050615,2025-06-19,STR038,PRD01061,1,1015.91,0.0,1015.91,535.53,Debit Card,Walk-in
SAL20250050616,2025-06-10,STR033,PRD00340,1,956.64,0.0,956.64,556.08,Debit Card,Regular
SAL20250050617,2025-06-20,STR039,PRD00746,2,2299.94,0.0,4599.88,3052.02,Debit Card,Regular
SAL20250050618,2025-06-08,STR020,PRD00197,1,4849.89,0.0,4849.89,3779.03,UPI,Regular
SAL20250050619,2025-06-20,STR014,PRD00665,1,157.57,0.0,157.57,103.14,Credit Card,Regular
SAL20250050620,2025-06-03,STR031,PRD00454,4,238.81,0.0,955.24,729.2,Cash,Walk-in
SAL20250050621,2025-06-23,STR006,PRD01163,2,6199.15,0.0,12398.3,7432.12,UPI,Walk-in
SAL20250050622,2025-06-25,STR025,PRD00050,2,20155.67,0.0,40311.34,32152.06,UPI,Regular
SAL20250050623,2025-06-30,STR025,PRD01101,1,4929.57,0.1,4436.61,2668.17,Debit Card,Premium
SAL20250050624,2025-06-20,STR026,PRD00122,2,23504.26,0.0,47008.52,32733.14,UPI,Walk-in
SAL20250050625,2025-06-12,STR039,PRD00022,2,22149.39,0.0,44298.78,32674.74,Debit Card,Premium
SAL20250050626,2025-06-17,STR040,PRD00091,1,21335.5,0.0,21335.5,15504.58,Credit Card,Walk-in
SAL20250050627,2025-06-18,STR027,PRD00728,4,5071.72,0.0,20286.88,12038.52,Cash,Walk-in
SAL20250050628,2025-06-16,STR012,PRD00712,1,1580.0,0.0,1580.0,947.15,Credit Card,Regular
SAL20250050629,2025-06-19,STR016,PRD00389,3,1606.86,0.0,4820.58,2219.88,Cash,Regular
SAL20250050630,2025-06-14,STR028,PRD00928,1,2503.87,0.0,2503.87,1812.53,Net Banking,Regular
SAL20250050631,2025-06-15,STR026,PRD00333,1,1043.83,0.0,1043.83,554.4,UPI,Regular
SAL20250050632,2025-06-29,STR020,PRD00355,4,304.11,0.1,1094.8,655.2,Credit Card,Regular
SAL20250050633,2025-06-18,STR040,PRD00961,1,294.28,0.0,294.28,158.53,UPI,Walk-in
SAL20250050634,2025-06-20,STR020,PRD00501,2,707.96,0.0,1415.92,1094.7,UPI,Premium
SAL20250050635,2025-06-23,STR033,PRD00549,1,585.62,0.0,585.62,382.4,UPI,Premium
SAL20250050636,2025-06-18,STR003,PRD00597,3,765.55,0.0,2296.65,1331.46,Credit Card,Walk-in
SAL20250050637,2025-06-29,STR037,PRD00109,1,12280.41,0.0,12280.41,9316.5,Cash,Premium
SAL20250050638,2025-06-21,STR026,PRD00030,1,17262.94,0.0,17262.94,12589.59,UPI,Walk-in
SAL20250050639,2025-06-22,STR030,PRD00265,1,4797.2,0.0,4797.2,2920.06,UPI,Walk-in
SAL20250050640,2025-06-05,STR003,PRD01008,1,227.58,0.0,227.58,142.0,Debit Card,Regular
SAL20250050641,2025-06-17,STR029,PRD00035,1,7229.47,0.05,6868.0,4889.28,UPI,Regular
SAL20250050642,2025-06-03,STR005,PRD00197,1,4849.89,0.0,4849.89,3779.03,UPI,Premium
SAL20250050643,2025-06-29,STR020,PRD00319,1,746.89,0.0,746.89,463.81,Debit Card,Premium
SAL20250050644,2025-06-19,STR021,PRD00023,1,6541.47,0.0,6541.47,4428.32,Cash,Walk-in
SAL20250050645,2025-06-23,STR003,PRD01193,1,1712.13,0.05,1626.52,1034.91,Credit Card,Regular
SAL20250050646,2025-06-19,STR023,PRD00931,1,1839.81,0.0,1839.81,1246.88,UPI,Regular
SAL20250050647,2025-06-30,STR014,PRD00787,1,291.05,0.0,291.05,189.14,UPI,Walk-in
SAL20250050648,2025-06-10,STR012,PRD00492,6,431.72,0.0,2590.32,2172.24,UPI,Walk-in
SAL20250050649,2025-06-10,STR014,PRD00332,4,556.82,0.05,2115.92,1091.72,UPI,Walk-in
SAL20250050650,2025-06-02,STR029,PRD00300,1,1106.33,0.0,1106.33,601.1,UPI,Regular
SAL20250050651,2025-06-20,STR020,PRD01016,1,253.56,0.0,253.56,161.4,UPI,Walk-in
SAL20250050652,2025-06-12,STR006,PRD00328,1,1206.9,0.05,1146.56,619.01,Net Banking,Regular
SAL20250050653,2025-06-06,STR027,PRD00156,2,1591.76,0.0,3183.52,2463.9,Credit Card,Regular
SAL20250050654,2025-06-14,STR023,PRD01003,2,278.9,0.1,502.02,292.64,Debit Card,Regular
SAL20250050655,2025-06-23,STR030,PRD01148,4,584.33,0.1,2103.59,965.92,Cash,Walk-in
SAL20250050656,2025-06-22,STR007,PRD00959,1,664.61,0.0,664.61,402.69,Credit Card,Walk-in
SAL20250050657,2025-06-05,STR035,PRD00732,2,4150.55,0.0,8301.1,5297.02,Credit Card,Walk-in
SAL20250050658,2025-06-11,STR025,PRD00517,1,252.82,0.0,252.82,203.03,UPI,Walk-in
SAL20250050659,2025-06-08,STR002,PRD00249,1,4858.0,0.0,4858.0,3416.15,UPI,Premium
SAL20250050660,2025-06-14,STR039,PRD00459,2,918.25,0.0,1836.5,1470.02,UPI,Premium
SAL20250050661,2025-06-05,STR009,PRD00261,1,8333.44,0.0,8333.44,5118.51,UPI,Walk-in
SAL20250050662,2025-06-05,STR007,PRD00120,1,22170.49,0.0,22170.49,16305.22,UPI,Walk-in
SAL20250050663,2025-06-09,STR041,PRD01022,2,1023.04,0.1,1841.47,1257.02,UPI,Regular
SAL20250050664,2025-06-04,STR041,PRD01041,4,954.2,0.05,3625.96,2131.24,UPI,Walk-in
SAL20250050665,2025-06-19,STR018,PRD00278,1,439.84,0.0,439.84,292.07,Credit Card,Walk-in
SAL20250050666,2025-06-02,STR041,PRD00586,1,648.21,0.0,648.21,440.01,UPI,Walk-in
SAL20250050667,2025-06-27,STR009,PRD00341,1,977.08,0.0,977.08,605.56,UPI,Corporate
SAL20250050668,2025-06-04,STR019,PRD00109,2,12280.41,0.0,24560.82,18633.0,Net Banking,Regular
SAL20250050669,2025-06-12,STR037,PRD00348,2,1231.54,0.0,2463.08,1388.12,Credit Card,Regular
SAL20250050670,2025-06-12,STR009,PRD01002,4,98.3,0.05,373.54,222.76,UPI,Walk-in
SAL20250050671,2025-06-13,STR031,PRD00940,1,57.11,0.0,57.11,38.86,UPI,Regular
SAL20250050672,2025-06-26,STR006,PRD00417,3,788.29,0.05,2246.63,1985.13,Credit Card,Walk-in
SAL20250050673,2025-06-21,STR035,PRD01174,1,4967.43,0.05,4719.06,2664.97,Cash,Walk-in
SAL20250050674,2025-06-27,STR011,PRD01184,3,6927.53,0.0,20782.59,9548.1,Net Banking,Regular
SAL20250050675,2025-06-16,STR018,PRD01171,2,6541.96,0.0,13083.92,5247.78,UPI,Regular
SAL20250050676,2025-06-28,STR039,PRD00676,1,4180.37,0.0,4180.37,2836.76,Credit Card,Walk-in
SAL20250050677,2025-06-30,STR038,PRD00480,1,103.25,0.0,103.25,86.17,UPI,Regular
SAL20250050678,2025-06-12,STR016,PRD00248,1,9547.84,0.0,9547.84,6877.51,Credit Card,Premium
SAL20250050679,2025-06-04,STR030,PRD00851,1,2659.29,0.0,2659.29,1927.39,UPI,Walk-in
SAL20250050680,2025-06-03,STR041,PRD00120,1,22170.49,0.0,22170.49,16305.22,Debit Card,Regular
SAL20250050681,2025-06-08,STR026,PRD00228,1,4421.9,0.05,4200.8,2982.31,UPI,Walk-in
SAL20250050682,2025-06-26,STR039,PRD00344,1,702.67,0.05,667.54,433.6,Net Banking,Regular
SAL20250050683,2025-06-07,STR030,PRD00013,1,17378.5,0.0,17378.5,12862.09,Cash,Walk-in
SAL20250050684,2025-06-25,STR024,PRD01152,1,2969.91,0.0,2969.91,1378.7,UPI,Regular
SAL20250050685,2025-06-12,STR029,PRD00814,1,3265.17,0.05,3101.91,1889.37,UPI,Regular
SAL20250050686,2025-06-01,STR018,PRD00105,1,9145.0,0.0,9145.0,7010.14,UPI,Walk-in
SAL20250050687,2025-06-22,STR040,PRD00513,4,111.04,0.0,444.16,371.04,Cash,Walk-in
SAL20250050688,2025-06-03,STR010,PRD00306,1,1349.3,0.0,1349.3,771.94,UPI,Regular
SAL20250050689,2025-06-26,STR010,PRD00369,1,1020.79,0.0,1020.79,482.49,UPI,Regular
SAL20250050690,2025-06-25,STR031,PRD00535,1,314.95,0.0,314.95,224.28,UPI,Premium
SAL20250050691,2025-06-16,STR010,PRD01179,1,3455.57,0.05,3282.79,2074.52,Debit Card,Regular
SAL20250050692,2025-06-24,STR011,PRD00827,3,3989.15,0.0,11967.45,6589.77,UPI,Walk-in
SAL20250050693,2025-06-07,STR040,PRD01056,1,449.88,0.0,449.88,302.01,Credit Card,Premium
SAL20250050694,2025-06-03,STR020,PRD00491,1,675.67,0.1,608.1,526.71,Credit Card,Walk-in
SAL20250050695,2025-06-12,STR035,PRD00298,1,1012.57,0.05,961.94,666.12,Net Banking,Walk-in
SAL20250050696,2025-06-19,STR036,PRD00966,3,814.75,0.0,2444.25,1579.35,Debit Card,Regular
SAL20250050697,2025-06-24,STR002,PRD00289,1,1047.34,0.0,1047.34,607.0,UPI,Premium
SAL20250050698,2025-06-17,STR001,PRD00809,1,1418.3,0.0,1418.3,895.74,UPI,Regular
SAL20250050699,2025-06-28,STR034,PRD00619,1,215.37,0.0,215.37,139.33,Credit Card,Regular
SAL20250050700,2025-06-10,STR040,PRD00544,2,114.7,0.0,229.4,165.48,Credit Card,Premium
SAL20250050701,2025-06-02,STR029,PRD00885,3,1948.54,0.0,5845.62,3760.17,UPI,Corporate
SAL20250050702,2025-06-30,STR006,PRD01039,2,616.85,0.05,1172.02,787.88,Credit Card,Regular
SAL20250050703,2025-06-16,STR033,PRD01104,2,7758.33,0.0,15516.66,6976.72,UPI,Walk-in
SAL20250050704,2025-06-26,STR014,PRD00381,2,931.15,0.0,1862.3,1062.56,UPI,Regular
SAL20250050705,2025-06-13,STR033,PRD00424,1,428.73,0.1,385.86,377.24,Net Banking,Premium
SAL20250050706,2025-06-25,STR001,PRD00890,3,891.3,0.0,2673.9,1607.79,Credit Card,Walk-in
SAL20250050707,2025-06-26,STR027,PRD00846,1,1551.36,0.0,1551.36,1102.23,Cash,Premium
SAL20250050708,2025-06-30,STR009,PRD00167,1,8410.2,0.0,8410.2,5523.21,UPI,Regular
SAL20250050709,2025-06-17,STR015,PRD01061,10,1015.91,0.05,9651.15,5355.3,UPI,Regular
SAL20250050710,2025-06-17,STR028,PRD00434,1,648.17,0.0,648.17,538.79,Credit Card,Regular
SAL20250050711,2025-06-18,STR009,PRD00198,1,4266.35,0.0,4266.35,2976.38,Credit Card,Regular
SAL20250050712,2025-06-16,STR035,PRD00196,1,3177.64,0.0,3177.64,2246.88,UPI,Regular
SAL20250050713,2025-06-26,STR013,PRD01125,2,3015.8,0.0,6031.6,2846.86,Credit Card,Walk-in
SAL20250050714,2025-06-17,STR021,PRD00714,1,1837.1,0.0,1837.1,1348.01,UPI,Premium
SAL20250050715,2025-06-12,STR022,PRD00878,1,1229.84,0.0,1229.84,796.56,Net Banking,Walk-in
SAL20250050716,2025-06-26,STR008,PRD00528,1,1118.04,0.0,1118.04,946.34,Credit Card,Regular
SAL20250050717,2025-06-02,STR007,PRD00570,1,376.39,0.0,376.39,268.57,UPI,Regular
SAL20250050718,2025-06-25,STR029,PRD00242,1,3336.56,0.0,3336.56,2557.66,UPI,Corporate
SAL20250050719,2025-06-09,STR017,PRD00464,1,598.64,0.0,598.64,458.49,UPI,Walk-in
SAL20250050720,2025-06-05,STR031,PRD00007,1,20090.22,0.0,20090.22,15462.2,UPI,Walk-in
SAL20250050721,2025-06-06,STR004,PRD00377,1,1177.54,0.0,1177.54,822.72,UPI,Regular
SAL20250050722,2025-06-15,STR013,PRD00060,1,15273.35,0.1,13746.02,10531.53,Cash,Regular
SAL20250050723,2025-06-27,STR011,PRD00659,1,294.97,0.1,265.47,218.84,Cash,Regular
SAL20250050724,2025-06-11,STR017,PRD00119,1,21410.34,0.0,21410.34,16034.57,Cash,Regular
SAL20250050725,2025-06-30,STR034,PRD00362,1,1120.03,0.05,1064.03,532.51,Credit Card,Regular
SAL20250050726,2025-06-14,STR033,PRD00881,1,802.33,0.0,802.33,533.51,UPI,Walk-in
SAL20250050727,2025-06-25,STR024,PRD00386,1,1129.86,0.0,1129.86,720.78,Credit Card,Walk-in
SAL20250050728,2025-06-21,STR040,PRD01141,1,1387.21,0.1,1248.49,810.65,UPI,Regular
SAL20250050729,2025-06-18,STR002,PRD01200,1,1804.12,0.0,1804.12,865.8,UPI,Walk-in
SAL20250050730,2025-06-07,STR036,PRD00036,1,8731.85,0.0,8731.85,5708.44,UPI,Corporate
SAL20250050731,2025-06-24,STR028,PRD00862,1,1883.72,0.0,1883.72,1142.54,UPI,Walk-in
SAL20250050732,2025-06-19,STR008,PRD00934,1,3207.23,0.0,3207.23,1811.07,UPI,Regular
SAL20250050733,2025-06-13,STR016,PRD01100,1,6765.12,0.1,6088.61,4080.87,UPI,Walk-in
SAL20250050734,2025-06-09,STR005,PRD00892,1,2494.33,0.1,2244.9,1742.01,UPI,Premium
SAL20250050735,2025-06-16,STR020,PRD00888,1,2557.48,0.0,2557.48,1725.04,UPI,Regular
SAL20250050736,2025-06-28,STR029,PRD01173,2,1034.88,0.0,2069.76,991.44,Credit Card,Premium
SAL20250050737,2025-06-19,STR016,PRD01103,1,5704.94,0.0,5704.94,2392.72,Credit Card,Corporate
SAL20250050738,2025-06-30,STR009,PRD00868,2,1450.33,0.0,2900.66,1824.42,Debit Card,Walk-in
SAL20250050739,2025-06-02,STR029,PRD01042,4,143.52,0.0,574.08,378.76,Credit Card,Premium
SAL20250050740,2025-06-07,STR032,PRD00069,2,11744.39,0.0,23488.78,15402.68,Debit Card,Regular
SAL20250050741,2025-06-20,STR018,PRD00697,1,1377.61,0.1,1239.85,807.52,UPI,Corporate
SAL20250050742,2025-06-16,STR030,PRD00804,2,782.93,0.0,1565.86,1129.56,UPI,Regular
SAL20250050743,2025-06-21,STR021,PRD00002,1,1289.58,0.0,1289.58,870.9,Cash,Premium
SAL20250050744,2025-06-20,STR041,PRD01017,1,1092.19,0.0,1092.19,591.69,UPI,Walk-in
SAL20250050745,2025-06-19,STR008,PRD01126,1,2931.04,0.0,2931.04,1651.37,UPI,Walk-in
SAL20250050746,2025-06-17,STR024,PRD00185,1,1926.14,0.0,1926.14,1500.04,Credit Card,Premium
SAL20250050747,2025-06-28,STR041,PRD00922,4,953.09,0.0,3812.36,2512.64,Credit Card,Walk-in
SAL20250050748,2025-06-10,STR014,PRD00134,1,19404.79,0.0,19404.79,14953.78,Debit Card,Regular
SAL20250050749,2025-06-16,STR010,PRD00814,3,3265.17,0.1,8815.96,5668.11,Debit Card,Walk-in
SAL20250050750,2025-06-21,STR002,PRD00915,2,703.59,0.0,1407.18,926.3,UPI,Corporate
SAL20250050751,2025-06-06,STR027,PRD00432,2,845.55,0.0,1691.1,1294.08,UPI,Walk-in
SAL20250050752,2025-06-11,STR002,PRD00686,2,3692.38,0.1,6646.28,4227.66,Credit Card,Premium
SAL20250050753,2025-06-06,STR023,PRD01163,1,6199.15,0.0,6199.15,3716.06,Debit Card,Regular
SAL20250050754,2025-06-07,STR027,PRD00138,1,3460.02,0.0,3460.02,2661.97,Cash,Regular
SAL20250050755,2025-06-12,STR018,PRD00205,2,2084.53,0.0,4169.06,2670.2,UPI,Regular
SAL20250050756,2025-06-10,STR017,PRD00578,2,577.23,0.0,1154.46,845.62,Debit Card,Walk-in
SAL20250050757,2025-06-15,STR036,PRD00113,1,16350.49,0.0,16350.49,11876.29,Credit Card,Walk-in
SAL20250050758,2025-06-04,STR026,PRD00554,1,805.55,0.05,765.27,466.41,UPI,Premium
SAL20250050759,2025-06-14,STR014,PRD00968,2,316.7,0.1,570.06,317.52,Debit Card,Walk-in
SAL20250050760,2025-06-19,STR022,PRD00079,1,19037.37,0.0,19037.37,13485.77,Debit Card,Walk-in
SAL20250050761,2025-06-18,STR028,PRD01019,2,948.07,0.0,1896.14,979.5,UPI,Regular
SAL20250050762,2025-06-07,STR028,PRD00410,2,245.81,0.0,491.62,385.52,UPI,Walk-in
SAL20250050763,2025-06-12,STR028,PRD00614,2,52.25,0.1,94.05,68.56,Debit Card,Regular
SAL20250050764,2025-06-17,STR005,PRD00537,3,133.85,0.0,401.55,236.34,UPI,Regular
SAL20250050765,2025-06-22,STR011,PRD00045,1,17414.18,0.0,17414.18,13822.18,UPI,Walk-in
SAL20250050766,2025-06-20,STR037,PRD00359,1,1383.56,0.1,1245.2,643.64,UPI,Regular
SAL20250050767,2025-06-24,STR029,PRD00215,1,9358.07,0.0,9358.07,6525.15,Credit Card,Corporate
SAL20250050768,2025-06-18,STR037,PRD00599,5,273.52,0.0,1367.6,946.85,UPI,Premium
SAL20250050769,2025-06-25,STR034,PRD00240,2,10596.37,0.0,21192.74,14781.46,Debit Card,Premium
SAL20250050770,2025-06-14,STR022,PRD00855,2,2084.62,0.0,4169.24,3051.1,Credit Card,Walk-in
SAL20250050771,2025-06-25,STR036,PRD01086,1,5541.98,0.0,5541.98,3222.42,UPI,Premium
SAL20250050772,2025-06-22,STR024,PRD00505,1,1140.95,0.0,1140.95,860.47,UPI,Walk-in
SAL20250050773,2025-06-18,STR025,PRD00473,3,113.62,0.05,323.82,284.49,Credit Card,Walk-in
SAL20250050774,2025-06-02,STR032,PRD00559,6,674.89,0.05,3846.87,2529.36,Debit Card,Regular
SAL20250050775,2025-06-20,STR040,PRD00431,2,614.87,0.0,1229.74,1042.4,UPI,Walk-in
SAL20250050776,2025-06-17,STR008,PRD01157,1,8076.82,0.0,8076.82,4265.41,Net Banking,Regular
SAL20250050777,2025-06-12,STR029,PRD00861,2,3212.99,0.1,5783.38,3547.6,Credit Card,Walk-in
SAL20250050778,2025-06-02,STR020,PRD00032,1,19217.6,0.0,19217.6,14800.0,Cash,Regular
SAL20250050779,2025-06-08,STR040,PRD00059,2,15692.67,0.0,31385.34,24539.52,Cash,Regular
SAL20250050780,2025-06-08,STR037,PRD00892,1,2494.33,0.0,2494.33,1742.01,Credit Card,Regular
SAL20250050781,2025-06-14,STR004,PRD00179,1,5253.14,0.0,5253.14,3207.54,Debit Card,Walk-in
SAL20250050782,2025-06-18,STR030,PRD00178,1,9669.95,0.0,9669.95,6949.73,UPI,Walk-in
SAL20250050783,2025-06-05,STR013,PRD00527,2,938.3,0.0,1876.6,1482.54,UPI,Walk-in
SAL20250050784,2025-06-11,STR015,PRD00596,2,666.12,0.0,1332.24,795.82,UPI,Walk-in
SAL20250050785,2025-06-07,STR016,PRD00136,1,8242.41,0.0,8242.41,5641.21,UPI,Regular
SAL20250050786,2025-06-14,STR027,PRD01166,1,3220.85,0.0,3220.85,1660.43,UPI,Regular
SAL20250050787,2025-06-12,STR011,PRD00430,1,129.33,0.0,129.33,108.7,UPI,Walk-in
SAL20250050788,2025-06-01,STR019,PRD00322,4,839.74,0.0,3358.96,2349.44,UPI,Corporate
SAL20250050789,2025-06-11,STR001,PRD00665,6,157.57,0.0,945.42,618.84,UPI,Regular
SAL20250050790,2025-06-05,STR001,PRD00475,1,749.71,0.05,712.22,568.96,Credit Card,Premium
SAL20250050791,2025-06-15,STR018,PRD00663,1,109.46,0.0,109.46,62.9,UPI,Regular
SAL20250050792,2025-06-05,STR035,PRD00372,1,542.7,0.0,542.7,275.98,Credit Card,Walk-in
SAL20250050793,2025-06-21,STR026,PRD00796,1,462.4,0.0,462.4,329.9,Cash,Corporate
SAL20250050794,2025-06-05,STR023,PRD01037,6,431.13,0.0,2586.78,1393.14,Credit Card,Walk-in
SAL20250050795,2025-06-12,STR009,PRD00994,1,1224.56,0.05,1163.33,633.19,UPI,Walk-in
SAL20250050796,2025-06-25,STR041,PRD00824,2,3034.92,0.0,6069.84,4333.06,UPI,Walk-in
SAL20250050797,2025-06-01,STR015,PRD00810,2,406.14,0.0,812.28,522.2,Credit Card,Regular
SAL20250050798,2025-06-11,STR006,PRD00093,2,12459.16,0.0,24918.32,19408.14,UPI,Walk-in
SAL20250050799,2025-06-21,STR032,PRD00001,1,21322.84,0.0,21322.84,15337.08,UPI,Regular
SAL20250050800,2025-06-03,STR008,PRD00668,3,302.1,0.0,906.3,649.62,UPI,Premium
SAL20250050801,2025-06-22,STR034,PRD01058,1,211.57,0.0,211.57,145.02,UPI,Walk-in
SAL20250050802,2025-06-15,STR008,PRD00877,1,1728.24,0.0,1728.24,1211.91,Cash,Walk-in
SAL20250050803,2025-06-19,STR039,PRD01072,1,354.49,0.0,354.49,220.0,Credit Card,Regular
SAL20250050804,2025-06-10,STR030,PRD00626,4,125.9,0.0,503.6,303.72,UPI,Regular
SAL20250050805,2025-06-21,STR038,PRD00162,1,9916.48,0.0,9916.48,6686.04,Net Banking,Regular
SAL20250050806,2025-06-16,STR029,PRD00054,1,16291.52,0.0,16291.52,11840.34,Cash,Walk-in
SAL20250050807,2025-06-03,STR026,PRD01061,2,1015.91,0.0,2031.82,1071.06,UPI,Walk-in
SAL20250050808,2025-06-30,STR005,PRD01155,1,7374.97,0.0,7374.97,3660.91,Cash,Premium
SAL20250050809,2025-06-05,STR025,PRD00892,1,2494.33,0.0,2494.33,1742.01,UPI,Regular
SAL20250050810,2025-06-07,STR004,PRD00013,1,17378.5,0.0,17378.5,12862.09,Debit Card,Regular
SAL20250050811,2025-06-29,STR009,PRD00088,1,22406.29,0.0,22406.29,17527.4,Credit Card,Regular
SAL20250050812,2025-06-04,STR008,PRD00804,1,782.93,0.0,782.93,564.78,UPI,Regular
SAL20250050813,2025-06-16,STR024,PRD01196,1,1369.18,0.0,1369.18,596.89,Debit Card,Premium
SAL20250050814,2025-06-19,STR013,PRD00620,2,556.49,0.0,1112.98,651.34,UPI,Regular
SAL20250050815,2025-06-28,STR007,PRD00165,1,10264.9,0.0,10264.9,6671.83,UPI,Regular
SAL20250050816,2025-06-14,STR021,PRD00991,2,894.61,0.0,1789.22,1029.06,UPI,Walk-in
SAL20250050817,2025-06-08,STR020,PRD00113,1,16350.49,0.0,16350.49,11876.29,Debit Card,Walk-in
SAL20250050818,2025-06-06,STR027,PRD00888,2,2557.48,0.0,5114.96,3450.08,UPI,Regular
SAL20250050819,2025-06-02,STR010,PRD01130,-1,3164.31,0.0,-3164.31,1889.64,Credit Card,Premium
SAL20250050820,2025-06-16,STR008,PRD00625,1,629.94,0.0,629.94,432.91,UPI,Regular
SAL20250050821,2025-06-06,STR041,PRD01109,1,5029.33,0.0,5029.33,2768.42,Net Banking,Walk-in
SAL20250050822,2025-06-02,STR024,PRD00562,3,671.35,0.0,2014.05,1414.41,Debit Card,Regular
SAL20250050823,2025-06-24,STR003,PRD01161,4,5090.05,0.0,20360.2,8875.84,Credit Card,Walk-in
SAL20250050824,2025-06-08,STR007,PRD00799,1,3907.93,0.0,3907.93,2458.58,UPI,Regular
SAL20250050825,2025-06-07,STR018,PRD01012,3,896.48,0.0,2689.44,1747.74,UPI,Walk-in
SAL20250050826,2025-06-20,STR035,PRD01110,2,1048.97,0.0,2097.94,1162.22,UPI,Walk-in
SAL20250050827,2025-06-25,STR008,PRD00832,3,1859.75,0.0,5579.25,4110.84,UPI,Premium
SAL20250050828,2025-06-11,STR002,PRD00712,3,1580.0,0.0,4740.0,2841.45,Credit Card,Corporate
SAL20250050829,2025-06-08,STR015,PRD01103,2,5704.94,0.0,11409.88,4785.44,UPI,Walk-in
SAL20250050830,2025-06-04,STR001,PRD00465,1,578.8,0.0,578.8,442.8,Credit Card,Regular
SAL20250050831,2025-06-04,STR034,PRD00107,1,4985.79,0.0,4985.79,3483.71,Cash,Regular
SAL20250050832,2025-06-12,STR014,PRD00149,1,3024.83,0.0,3024.83,2041.86,UPI,Regular
SAL20250050833,2025-06-03,STR037,PRD00728,1,5071.72,0.0,5071.72,3009.63,Cash,Walk-in
SAL20250050834,2025-06-24,STR005,PRD00171,1,6232.31,0.0,6232.31,4552.99,Credit Card,Walk-in
SAL20250050835,2025-06-15,STR015,PRD00508,4,125.21,0.05,475.8,439.72,UPI,Regular
SAL20250050836,2025-06-11,STR028,PRD00430,10,129.33,0.0,1293.3,1087.0,UPI,Regular
SAL20250050837,2025-06-13,STR030,PRD00814,1,3265.17,0.0,3265.17,1889.37,UPI,Walk-in
SAL20250050838,2025-06-03,STR036,PRD01184,1,6927.53,0.05,6581.15,3182.7,UPI,Premium
SAL20250050839,2025-06-29,STR004,,1,2285.46,0.1,2056.91,1340.06,UPI,Regular
SAL20250050840,2025-06-09,STR039,PRD00828,1,765.4,0.0,765.4,443.0,Credit Card,Walk-in
SAL20250050841,2025-06-15,STR005,PRD00099,1,19924.5,0.0,19924.5,14858.06,UPI,Regular
SAL20250050842,2025-06-04,STR030,PRD00685,1,4676.03,0.1,4208.43,2851.64,Credit Card,Regular
SAL20250050843,2025-06-30,STR025,PRD00711,2,1868.86,0.0,3737.72,2711.36,UPI,Regular
SAL20250050844,2025-06-01,STR004,PRD00555,1,381.92,0.0,381.92,219.79,Credit Card,Regular
SAL20250050845,2025-06-13,STR028,PRD00594,2,129.17,0.0,258.34,162.66,Net Banking,Walk-in
SAL20250050846,2025-06-21,STR006,PRD00617,1,496.18,0.0,496.18,363.01,UPI,Regular
SAL20250050847,2025-06-04,STR021,PRD01114,1,8827.06,0.0,8827.06,3573.34,Credit Card,Walk-in
SAL20250050848,2025-06-01,STR009,PRD00082,1,9499.68,0.0,9499.68,6552.44,Net Banking,Regular
SAL20250050849,2025-06-27,STR033,PRD00681,1,4114.63,0.0,4114.63,2696.18,Debit Card,Premium
SAL20250050850,2025-06-26,STR034,PRD01108,3,4924.79,0.0,14774.37,6868.5,UPI,Regular
SAL20250050851,2025-06-21,STR028,PRD00747,1,1306.66,0.0,1306.66,960.16,UPI,Premium
SAL20250050852,2025-06-26,STR029,PRD00483,1,634.79,0.0,634.79,530.96,UPI,Walk-in
SAL20250050853,2025-06-04,STR036,PRD00683,1,794.15,0.0,794.15,594.03,UPI,Walk-in
SAL20250050854,2025-06-02,STR034,PRD00907,1,1536.02,0.0,1536.02,976.87,Cash,Walk-in
SAL20250050855,2025-06-22,STR021,PRD00632,5,758.72,0.0,3793.6,2150.3,Debit Card,Walk-in
SAL20250050856,2025-06-11,STR012,PRD00589,1,435.23,0.05,413.47,254.04,UPI,Premium
SAL20250050857,2025-06-28,STR034,PRD00561,1,111.53,0.0,111.53,75.49,UPI,Regular
SAL20250050858,2025-06-23,STR004,PRD00790,1,1379.35,0.0,1379.35,902.72,UPI,Regular
SAL20250050859,2025-06-03,STR003,PRD01003,1,278.9,0.05,264.95,146.32,UPI,Walk-in
SAL20250050860,2025-06-18,STR013,PRD00287,1,550.08,0.0,550.08,274.34,UPI,Walk-in
SAL20250050861,2025-06-16,STR017,PRD01051,1,694.43,0.0,694.43,354.19,Credit Card,Regular
SAL20250050862,2025-06-04,STR031,PRD01022,4,1023.04,0.0,4092.16,2514.04,UPI,Corporate
SAL20250050863,2025-06-09,STR013,PRD00590,1,353.62,0.0,353.62,243.18,UPI,Corporate
SAL20250050864,2025-06-25,STR003,PRD00081,1,19888.54,0.1,17899.69,13106.38,Credit Card,Regular
SAL20250050865,2025-06-30,STR005,PRD00259,2,1699.09,0.0,3398.18,2466.0,UPI,Walk-in
SAL20250050866,2025-06-01,STR027,PRD00295,1,1024.45,0.0,1024.45,568.49,UPI,Regular
SAL20250050867,2025-06-27,STR002,PRD00349,2,152.26,0.0,304.52,167.74,Credit Card,Walk-in
SAL20250050868,2025-06-06,STR023,PRD00860,1,694.13,0.0,694.13,417.51,UPI,Walk-in
SAL20250050869,2025-06-12,STR027,PRD00295,2,1024.45,0.0,2048.9,1136.98,UPI,Walk-in
SAL20250050870,2025-06-10,STR024,PRD00363,2,1443.62,0.0,2887.24,1380.7,UPI,Regular
SAL20250050871,2025-06-16,STR017,PRD00302,2,486.18,0.0,972.36,450.18,Credit Card,Regular
SAL20250050872,2025-06-08,STR013,PRD00797,1,567.41,0.1,510.67,411.41,Net Banking,Regular
SAL20250050873,2025-06-08,STR007,,1,372.52,0.1,335.27,220.88,Credit Card,Walk-in
SAL20250050874,2025-06-03,STR022,PRD00674,2,2861.74,0.0,5723.48,3181.18,Net Banking,Regular
SAL20250050875,2025-06-18,STR005,PRD00282,1,705.96,0.0,705.96,470.23,UPI,Regular
SAL20250050876,2025-06-04,STR041,PRD00241,1,7381.55,0.05,7012.47,5583.94,UPI,Premium
SAL20250050877,2025-06-02,STR039,PRD00066,1,7423.58,0.0,7423.58,5820.76,Cash,Regular
SAL20250050878,2025-06-03,STR025,PRD00050,1,20155.67,0.0,20155.67,16076.03,UPI,Premium
SAL20250050879,2025-06-13,STR039,PRD01097,1,4205.24,0.0,4205.24,2054.25,UPI,Regular
SAL20250050880,2025-06-11,STR007,PRD00565,2,107.78,0.0,215.56,122.96,Debit Card,Walk-in
SAL20250050881,2025-06-19,STR031,PRD00415,3,345.23,0.0,1035.69,858.57,Credit Card,Corporate
SAL20250050882,2025-06-02,STR006,PRD00710,1,4042.5,0.0,4042.5,2223.99,UPI,Walk-in
SAL20250050883,2025-06-15,STR005,PRD00372,3,542.7,0.0,1628.1,827.94,Debit Card,Regular
SAL20250050884,2025-06-17,STR029,PRD00907,4,1536.02,0.0,6144.08,3907.48,Cash,Regular
SAL20250050885,2025-06-18,STR040,PRD00369,2,1020.79,0.0,2041.58,964.98,Credit Card,Regular
SAL20250050886,2025-06-18,STR034,PRD00756,4,3090.95,0.0,12363.8,8833.6,UPI,Regular
SAL20250050887,2025-06-08,STR027,PRD00279,1,704.62,0.0,704.62,445.92,UPI,Regular
SAL20250050888,2025-06-04,STR004,PRD00841,2,1965.17,0.0,3930.34,2676.52,Debit Card,Walk-in
SAL20250050889,2025-06-16,STR033,PRD00943,3,787.16,0.0,2361.48,1597.32,Debit Card,Walk-in
SAL20250050890,2025-06-20,STR001,PRD01108,1,4924.79,0.0,4924.79,2289.5,Debit Card,Walk-in
SAL20250050891,2025-06-26,STR003,PRD00340,1,956.64,0.0,956.64,556.08,UPI,Walk-in
SAL20250050892,2025-06-28,STR041,PRD01145,1,3609.72,0.0,3609.72,2080.21,UPI,Walk-in
SAL20250050893,2025-06-05,STR021,PRD00005,1,25382.71,0.0,25382.71,18438.86,Credit Card,Regular
SAL20250050894,2025-06-26,STR031,PRD01084,4,10498.54,0.0,41994.16,16845.56,Credit Card,Regular
SAL20250050895,2025-06-24,STR035,PRD00034,1,761.93,0.0,761.93,520.56,Cash,Regular
SAL20250050896,2025-06-23,STR009,PRD00722,2,2039.88,0.0,4079.76,2341.7,UPI,Regular
SAL20250050897,2025-06-15,STR015,PRD00345,1,670.76,0.0,670.76,393.88,Credit Card,Regular
SAL20250050898,2025-06-12,STR023,PRD00255,1,3159.1,0.0,3159.1,2283.27,Cash,Regular
SAL20250050899,2025-06-11,STR041,PRD00715,1,2949.53,0.1,2654.58,1984.0,Credit Card,Premium
SAL20250050900,2025-06-29,STR031,PRD00501,1,707.96,0.0,707.96,547.35,Credit Card,Corporate
SAL20250050901,2025-06-21,STR035,PRD00747,1,1306.66,0.0,1306.66,960.16,Cash,Walk-in
SAL20250050902,2025-06-29,STR009,PRD00680,2,3900.49,0.0,7800.98,5610.0,Debit Card,Corporate
SAL20250050903,2025-06-01,STR013,PRD01187,3,5464.91,0.0,16394.73,10064.97,UPI,Regular
SAL20250050904,2025-06-08,STR017,PRD00829,1,2093.34,0.0,2093.34,1538.87,Net Banking,Regular
SAL20250050905,2025-06-01,STR003,PRD00245,1,6730.38,0.0,6730.38,4429.31,Credit Card,Walk-in
SAL20250050906,2025-06-03,STR033,PRD00812,1,3142.68,0.0,3142.68,1823.3,UPI,Regular
SAL20250050907,2025-06-05,STR024,PRD00672,3,4427.9,0.1,11955.33,9041.52,Credit Card,Regular
SAL20250050908,2025-06-04,STR004,PRD01139,2,4060.77,0.0,8121.54,3689.12,UPI,Regular
SAL20250050909,2025-06-26,STR006,PRD00451,3,641.37,0.0,1924.11,1515.69,UPI,Walk-in
SAL20250050910,2025-06-28,STR029,PRD00108,2,22607.14,0.0,45214.28,31604.44,UPI,Walk-in
SAL20250050911,2025-06-21,STR024,PRD00183,1,6835.62,0.0,6835.62,4488.56,UPI,Walk-in
SAL20250050912,2025-06-28,STR010,PRD00914,2,3460.6,0.0,6921.2,4401.44,UPI,Regular
SAL20250050913,2025-06-30,STR041,PRD00742,1,3993.24,0.05,3793.58,2368.26,Cash,Regular
SAL20250050914,2025-06-17,STR039,PRD00960,1,572.91,0.0,572.91,382.4,Credit Card,Walk-in
SAL20250050915,2025-06-10,STR018,PRD00094,1,15405.56,0.0,15405.56,12408.34,Credit Card,Regular
SAL20250050916,2025-06-28,STR008,PRD00297,3,1248.97,0.1,3372.22,1893.18,Credit Card,Regular
SAL20250050917,2025-06-17,STR030,PRD00848,1,2441.1,0.0,2441.1,1616.32,Debit Card,Regular
SAL20250050918,2025-06-18,STR031,PRD00723,4,1757.3,0.0,7029.2,4391.84,UPI,Walk-in
SAL20250050919,2025-06-07,STR038,PRD00169,1,8761.68,0.0,8761.68,5628.67,UPI,Walk-in
SAL20250050920,2025-06-24,STR015,PRD00563,2,667.75,0.05,1268.72,867.12,Debit Card,Regular
SAL20250050921,2025-06-07,STR023,PRD00945,2,871.49,0.0,1742.98,1100.48,UPI,Premium
SAL20250050922,2025-06-16,STR024,PRD00662,1,192.14,0.0,192.14,140.96,UPI,Regular
SAL20250050923,2025-06-20,STR003,PRD00941,4,737.4,0.05,2802.12,2044.36,UPI,Walk-in
SAL20250050924,2025-06-29,STR026,PRD01121,1,2103.52,0.0,2103.52,974.58,UPI,Regular
SAL20250050925,2025-06-04,STR019,PRD00320,1,273.23,0.0,273.23,149.99,UPI,Regular
SAL20250050926,2025-06-30,STR017,PRD00420,1,876.02,0.1,788.42,742.57,Credit Card,Corporate
SAL20250050927,2025-06-01,STR041,PRD00671,1,327.72,0.0,327.72,208.01,Credit Card,Regular
SAL20250050928,2025-06-23,STR034,PRD00393,2,526.25,0.05,999.88,688.36,Cash,Walk-in
SAL20250050929,2025-06-22,STR009,PRD00694,1,3202.51,0.0,3202.51,2319.01,UPI,Walk-in
SAL20250050930,2025-06-29,STR009,PRD00076,1,13611.14,0.0,13611.14,10725.57,Net Banking,Walk-in
SAL20250050931,2025-06-19,STR030,PRD00244,1,9135.72,0.0,9135.72,5766.93,UPI,Premium
SAL20250050932,2025-06-25,STR014,PRD00200,1,1880.51,0.0,1880.51,1363.43,Credit Card,Premium
SAL20250050933,2025-06-10,STR011,PRD00608,1,314.95,0.0,314.95,234.14,Cash,Regular
SAL20250050934,2025-06-17,STR015,PRD01190,1,7433.72,0.0,7433.72,3770.31,UPI,Walk-in
SAL20250050935,2025-06-30,STR030,PRD00610,1,637.82,0.0,637.82,413.73,UPI,Premium
SAL20250050936,2025-06-30,STR019,PRD00921,1,3248.47,0.0,3248.47,1833.94,UPI,Regular
SAL20250050937,2025-06-08,STR001,PRD00061,2,7691.1,0.05,14613.09,10619.72,UPI,Regular
SAL20250050938,2025-06-05,STR020,PRD00979,1,62.69,0.0,62.69,37.43,UPI,Regular
SAL20250050939,2025-06-08,STR004,PRD00246,1,1945.93,0.0,1945.93,1239.78,UPI,Walk-in
SAL20250050940,2025-06-26,STR011,PRD00956,1,1028.6,0.1,925.74,572.0,UPI,Regular
SAL20250050941,2025-06-16,STR021,PRD00938,5,622.57,0.0,3112.85,1636.65,UPI,Walk-in
SAL20250050942,2025-06-21,STR032,PRD00977,1,417.51,0.1,375.76,282.28,Net Banking,Corporate
SAL20250050943,2025-06-27,STR040,PRD00168,1,8820.25,0.05,8379.24,6611.06,UPI,Premium
SAL20250050944,2025-06-09,STR001,PRD01065,-1,936.71,0.0,-936.71,478.36,UPI,Walk-in
SAL20250050945,2025-06-21,STR038,PRD00085,1,26032.76,0.0,26032.76,17875.58,UPI,Walk-in
SAL20250050946,2025-06-13,STR009,PRD00921,1,3248.47,0.0,3248.47,1833.94,Credit Card,Walk-in
SAL20250050947,2025-06-25,STR039,PRD00358,1,873.37,0.0,873.37,466.67,Debit Card,Regular
SAL20250050948,2025-06-20,STR002,PRD00031,1,18632.2,0.1,16768.98,13903.81,UPI,Premium
SAL20250050949,2025-06-13,STR023,PRD00990,2,577.78,0.1,1040.0,701.58,UPI,Regular
SAL20250050950,2025-06-15,STR028,PRD01080,1,1721.88,0.0,1721.88,771.73,UPI,Walk-in
SAL20250050951,2025-06-23,STR006,PRD00985,3,79.43,0.0,238.29,165.18,Credit Card,Regular
SAL20250050952,2025-06-19,STR018,PRD00959,1,664.61,0.0,664.61,402.69,UPI,Regular
SAL20250050953,2025-06-12,STR003,PRD01044,1,762.23,0.1,686.01,544.48,Debit Card,Premium
SAL20250050954,2025-06-28,STR020,PRD01139,3,4060.77,0.05,11573.19,5533.68,Debit Card,Regular
SAL20250050955,2025-06-14,STR012,PRD00069,1,11744.39,0.1,10569.95,7701.34,Credit Card,Regular
SAL20250050956,2025-06-17,STR024,PRD00352,2,930.67,0.0,1861.34,1193.8,UPI,Premium
SAL20250050957,2025-06-16,STR036,PRD00663,2,109.46,0.0,218.92,125.8,Credit Card,Regular
SAL20250050958,2025-06-15,STR023,PRD01174,1,4967.43,0.05,4719.06,2664.97,Debit Card,Regular
SAL20250050959,2025-06-09,STR031,PRD01066,2,424.4,0.1,763.92,505.98,UPI,Regular
SAL20250050960,2025-06-03,STR024,PRD00118,3,13769.46,0.0,41308.38,31631.91,UPI,Regular
SAL20250050961,2025-06-22,STR002,PRD00870,1,2808.24,0.0,2808.24,1618.68,Credit Card,Walk-in
SAL20250050962,2025-06-27,STR022,PRD01020,2,560.55,0.0,1121.1,723.94,Cash,Regular
SAL20250050963,2025-06-26,STR014,PRD00463,1,933.21,0.0,933.21,747.47,Credit Card,Walk-in
SAL20250050964,2025-06-10,STR031,PRD00015,2,3619.87,0.1,6515.77,5863.18,UPI,Regular
SAL20250050965,2025-06-28,STR035,PRD00610,4,637.82,0.0,2551.28,1654.92,Credit Card,Regular
SAL20250050966,2025-06-15,STR016,PRD00629,5,197.41,0.0,987.05,685.45,UPI,Walk-in
SAL20250050967,2025-06-06,STR013,PRD00562,3,671.35,0.0,2014.05,1414.41,Debit Card,Walk-in
SAL20250050968,2025-06-16,STR021,PRD00265,1,4797.2,0.1,4317.48,2920.06,Cash,Walk-in
SAL20250050969,2025-06-30,STR028,PRD00660,2,324.23,0.0,648.46,476.08,UPI,Regular
SAL20250050970,2025-06-20,STR009,PRD00299,1,1362.69,0.05,1294.56,823.3,UPI,Regular
SAL20250050971,2025-06-30,STR006,PRD01182,2,9675.4,0.0,19350.8,8531.12,UPI,Regular
SAL20250050972,2025-06-29,STR028,PRD00005,1,25382.71,0.0,25382.71,18438.86,Net Banking,Walk-in
SAL20250050973,2025-06-24,STR015,PRD00337,1,1047.01,0.0,1047.01,731.43,Credit Card,Walk-in
SAL20250050974,2025-06-12,STR020,PRD01184,3,6927.53,0.0,20782.59,9548.1,UPI,Regular
SAL20250050975,2025-06-07,STR026,PRD00416,1,833.51,0.0,833.51,691.79,Credit Card,Regular
SAL20250050976,2025-06-05,STR011,PRD00678,1,3485.6,0.1,3137.04,2254.91,Debit Card,Premium
SAL20250050977,2025-06-01,STR038,PRD00775,1,3571.78,0.0,3571.78,1976.55,UPI,Walk-in
SAL20250050978,2025-06-27,STR036,PRD00107,1,4985.79,0.0,4985.79,3483.71,UPI,Premium
SAL20250050979,2025-06-08,STR035,PRD00583,1,704.61,0.0,704.61,437.59,UPI,Walk-in
SAL20250050980,2025-06-10,STR004,PRD00530,3,663.27,0.0,1989.81,1686.21,Credit Card,Regular
SAL20250050981,2025-06-10,STR029,PRD00587,1,250.15,0.05,237.64,171.79,UPI,Regular
SAL20250050982,2025-06-12,STR018,PRD00109,1,12280.41,0.0,12280.41,9316.5,Credit Card,Walk-in
SAL20250050983,2025-06-23,STR010,PRD00056,1,11452.31,0.0,11452.31,8581.01,Debit Card,Premium
SAL20250050984,2025-06-10,STR019,PRD00301,1,189.19,0.0,189.19,130.27,UPI,Corporate
SAL20250050985,2025-06-15,STR012,PRD00842,1,1322.87,0.0,1322.87,956.88,Debit Card,Regular
SAL20250050986,2025-06-02,STR041,PRD00953,1,80.84,0.1,72.76,57.97,UPI,Regular
SAL20250050987,2025-06-27,STR039,PRD00693,4,2512.22,0.0,10048.88,6685.68,Debit Card,Regular
SAL20250050988,2025-06-20,STR004,PRD00366,4,994.61,0.0,3978.44,1898.92,Cash,Walk-in
SAL20250050989,2025-06-10,STR025,PRD01019,1,948.07,0.0,948.07,489.75,Cash,Regular
SAL20250050990,2025-06-17,STR012,PRD00010,1,14520.45,0.0,14520.45,11774.44,Debit Card,Walk-in
SAL20250050991,2025-06-27,STR035,PRD00715,1,2949.53,0.0,2949.53,1984.0,UPI,Premium
SAL20250050992,2025-06-29,STR008,PRD00034,1,761.93,0.0,761.93,520.56,Credit Card,Regular
SAL20250050993,2025-06-30,STR002,PRD00880,1,430.21,0.0,430.21,293.94,UPI,Regular
SAL20250050994,2025-06-24,STR014,PRD00742,1,3993.24,0.05,3793.58,2368.26,UPI,Walk-in
SAL20250050995,2025-06-24,STR037,PRD00419,1,950.16,0.0,950.16,763.92,Debit Card,Premium
SAL20250050996,2025-06-14,STR008,PRD00419,3,950.16,0.0,2850.48,2291.76,UPI,Walk-in
SAL20250050997,2025-06-11,STR008,PRD00396,1,713.53,0.1,642.18,454.7,UPI,Corporate
SAL20250050998,2025-06-29,STR010,PRD00909,1,1266.46,0.0,1266.46,869.48,Net Banking,Regular
SAL20250050999,2025-06-13,STR011,PRD00326,3,1442.32,0.1,3894.26,2044.29,Credit Card,Premium
SAL20250051000,2025-06-05,STR015,PRD00955,1,608.44,0.0,608.44,410.9,UPI,Walk-in
SAL20250051001,2025-06-15,STR013,PRD00925,3,2271.72,0.0,6815.16,4575.27,Credit Card,Premium
SAL20250051002,2025-06-09,STR025,PRD00219,1,1404.86,0.0,1404.86,998.92,UPI,Regular
SAL20250051003,2025-06-15,STR024,PRD00697,2,1377.61,0.0,2755.22,1615.04,Credit Card,Regular
SAL20250051004,2025-06-03,STR030,PRD00181,1,4428.73,0.0,4428.73,3239.36,UPI,Walk-in
SAL20250051005,2025-06-20,STR015,PRD00741,1,2848.85,0.0,2848.85,2028.89,UPI,Walk-in
SAL20250051006,2025-06-02,STR005,PRD00093,1,12459.16,0.0,12459.16,9704.07,Credit Card,Regular
SAL20250051007,2025-06-07,STR015,PRD00742,1,3993.24,0.1,3593.92,2368.26,UPI,Walk-in
SAL20250051008,2025-06-27,STR032,PRD00310,1,607.97,0.05,577.57,303.74,Net Banking,Regular
SAL20250051009,2025-06-15,STR030,PRD00726,1,2171.72,0.0,2171.72,1497.85,UPI,Regular
SAL20250051010,2025-06-19,STR041,PRD00946,3,937.06,0.0,2811.18,1576.74,UPI,Premium
SAL20250051011,2025-06-17,STR038,PRD00195,1,4088.9,0.0,4088.9,3108.85,UPI,Regular
SAL20250051012,2025-06-28,STR028,PRD00942,5,93.87,0.0,469.35,308.65,Cash,Premium
SAL20250051013,2025-06-03,STR038,PRD00076,1,13611.14,0.0,13611.14,10725.57,Credit Card,Corporate
SAL20250051014,2025-06-17,STR003,PRD01028,3,93.34,0.0,280.02,144.3,UPI,Premium
SAL20250051015,2025-06-12,STR028,PRD00533,1,799.67,0.0,799.67,662.06,Credit Card,Regular
SAL20250051016,2025-06-24,STR020,PRD00743,1,1675.83,0.05,1592.04,1131.56,Credit Card,Regular
SAL20250051017,2025-06-07,STR001,PRD00250,1,3877.74,0.0,3877.74,2737.07,UPI,Regular
SAL20250051018,2025-06-15,STR005,PRD01088,3,4543.5,0.0,13630.5,5977.65,Debit Card,Regular
SAL20250051019,2025-06-14,STR008,PRD00640,3,209.4,0.0,628.2,352.29,UPI,Walk-in
SAL20250051020,2025-06-26,STR015,PRD01083,1,8991.53,0.0,8991.53,3921.72,Credit Card,Walk-in
SAL20250051021,2025-06-06,STR007,PRD00323,2,361.28,0.0,722.56,376.3,Debit Card,Regular
SAL20250051022,2025-06-10,STR039,PRD00896,2,255.31,0.0,510.62,290.06,UPI,Premium
SAL20250051023,2025-06-09,STR040,PRD00689,4,492.79,0.0,1971.16,1331.32,Credit Card,Premium
SAL20250051024,2025-06-10,STR017,PRD00777,1,3515.65,0.0,3515.65,1941.78,UPI,Regular
SAL20250051025,2025-06-07,STR019,PRD00051,1,18906.15,0.0,18906.15,13812.18,UPI,Premium
SAL20250051026,2025-06-14,STR033,PRD00430,2,129.33,0.0,258.66,217.4,Credit Card,Regular
SAL20250051027,2025-06-11,STR041,PRD00607,1,313.72,0.0,313.72,181.35,Debit Card,Walk-in
SAL20250051028,2025-06-05,STR001,PRD00208,1,2761.76,0.0,2761.76,2051.3,Debit Card,Walk-in
SAL20250051029,2025-06-15,STR035,PRD00271,1,660.1,0.0,660.1,418.6,Cash,Regular
SAL20250051030,2025-06-03,STR011,PRD00368,2,927.52,0.0,1855.04,1175.86,Cash,Regular
SAL20250051031,2025-06-30,STR029,PRD00588,1,125.09,0.05,118.84,90.39,UPI,Regular
SAL20250051032,2025-06-08,STR003,PRD01090,2,4828.9,0.1,8692.02,6129.12,Credit Card,Regular
SAL20250051033,2025-06-24,STR034,PRD00737,1,1053.41,0.0,1053.41,753.37,Cash,Walk-in
SAL20250051034,2025-06-04,STR037,PRD00551,6,585.58,0.0,3513.48,2583.42,Credit Card,Regular
SAL20250051035,2025-06-09,STR038,PRD00506,1,725.03,0.0,725.03,579.1,Cash,Regular
SAL20250051036,2025-06-19,STR012,PRD00815,2,2750.26,0.0,5500.52,3695.18,UPI,Walk-in
SAL20250051037,2025-06-03,STR031,PRD00146,1,5953.14,0.05,5655.48,4155.91,UPI,Premium
SAL20250051038,2025-06-29,STR036,PRD01002,1,98.3,0.0,98.3,55.69,UPI,Walk-in
SAL20250051039,2025-06-01,STR032,PRD00077,1,14848.8,0.0,14848.8,12077.21,Debit Card,Regular
SAL20250051040,2025-06-07,STR036,PRD00454,1,238.81,0.0,238.81,182.3,Debit Card,Regular
SAL20250051041,2025-06-19,STR033,PRD01011,1,265.01,0.0,265.01,149.69,UPI,Regular
SAL20250051042,2025-06-10,STR017,PRD01121,1,2103.52,0.0,2103.52,974.58,UPI,Regular
SAL20250051043,2025-06-04,STR027,PRD00641,1,499.93,0.0,499.93,333.12,UPI,Walk-in
SAL20250051044,2025-06-01,STR009,PRD00688,2,2802.62,0.0,5605.24,4177.68,UPI,Regular
SAL20250051045,2025-06-23,STR036,PRD00996,2,577.22,0.0,1154.44,658.78,UPI,Walk-in
SAL20250051046,2025-06-10,STR034,PRD01033,1,703.74,0.0,703.74,378.69,UPI,Regular
SAL20250051047,2025-06-19,STR036,PRD00112,1,3948.48,0.05,3751.06,3127.23,Net Banking,Regular
SAL20250051048,2025-06-27,STR021,PRD00853,1,3236.74,0.0,3236.74,1868.14,UPI,Premium
SAL20250051049,2025-06-22,STR006,PRD00889,3,2052.09,0.0,6156.27,4422.45,UPI,Regular
SAL20250051050,2025-06-22,STR004,PRD01162,1,3657.07,0.0,3657.07,2017.29,Net Banking,Walk-in
SAL20250051051,2025-06-18,STR032,PRD00973,2,291.44,0.0,582.88,313.82,Credit Card,Corporate
SAL20250051052,2025-06-10,STR011,PRD00375,1,650.42,0.0,650.42,365.06,UPI,Regular
SAL20250051053,2025-06-20,STR005,PRD00033,1,2653.86,0.0,2653.86,1783.28,Debit Card,Walk-in
SAL20250051054,2025-06-20,STR036,PRD00412,1,576.41,0.0,576.41,454.75,Credit Card,Regular
SAL20250051055,2025-06-21,STR007,PRD00911,2,807.88,0.1,1454.18,1204.4,UPI,Premium
SAL20250051056,2025-06-28,STR037,PRD00107,1,4985.79,0.05,4736.5,3483.71,Credit Card,Premium
SAL20250051057,2025-06-19,STR004,PRD00878,1,1229.84,0.0,1229.84,796.56,UPI,Regular
SAL20250051058,2025-06-08,STR002,PRD00033,1,2653.86,0.0,2653.86,1783.28,UPI,Walk-in
SAL20250051059,2025-06-04,STR011,PRD00271,1,660.1,0.0,660.1,418.6,UPI,Regular
SAL20250051060,2025-06-10,STR009,PRD00717,4,402.54,0.0,1610.16,1048.92,Credit Card,Walk-in
SAL20250051061,2025-06-08,STR022,PRD00332,3,556.82,0.0,1670.46,818.79,Credit Card,Regular
SAL20250051062,2025-06-06,STR024,PRD01141,1,1387.21,0.0,1387.21,810.65,Debit Card,Regular
SAL20250051063,2025-06-10,STR033,PRD00022,2,22149.39,0.0,44298.78,32674.74,UPI,Walk-in
SAL20250051064,2025-06-16,STR023,PRD00413,4,347.68,0.0,1390.72,1201.24,UPI,Walk-in
SAL20250051065,2025-06-29,STR023,PRD00270,1,1213.51,0.0,1213.51,769.06,Credit Card,Walk-in
SAL20250051066,2025-06-23,STR012,PRD00238,3,4984.73,0.0,14954.19,9404.34,UPI,Walk-in
SAL20250051067,2025-06-03,STR006,PRD00257,1,3131.42,0.0,3131.42,2145.77,Debit Card,Regular
SAL20250051068,2025-06-24,STR025,PRD01111,1,1735.9,0.05,1649.11,955.52,UPI,Premium
SAL20250051069,2025-06-21,STR040,PRD00923,1,3811.45,0.0,3811.45,2262.33,UPI,Regular
SAL20250051070,2025-06-11,STR024,PRD00665,2,157.57,0.05,299.38,206.28,Cash,Regular
SAL20250051071,2025-06-06,STR037,PRD00919,1,3391.01,0.0,3391.01,2232.08,UPI,Regular
SAL20250051072,2025-06-15,STR004,PRD00966,1,814.75,0.0,814.75,526.45,UPI,Regular
SAL20250051073,2025-06-23,STR034,PRD00383,2,216.69,0.0,433.38,271.48,UPI,Regular
SAL20250051074,2025-06-25,STR029,PRD00576,1,451.26,0.0,451.26,330.56,UPI,Walk-in
SAL20250051075,2025-06-03,STR028,PRD00647,2,284.75,0.0,569.5,378.14,UPI,Premium
SAL20250051076,2025-06-24,STR028,PRD00594,2,129.17,0.0,258.34,162.66,Cash,Walk-in
SAL20250051077,2025-06-21,STR033,PRD00722,2,2039.88,0.0,4079.76,2341.7,UPI,Walk-in
SAL20250051078,2025-06-14,STR031,PRD00394,1,327.5,0.0,327.5,218.51,UPI,Walk-in
SAL20250051079,2025-06-07,STR025,PRD00285,1,1499.26,0.0,1499.26,768.76,Cash,Walk-in
SAL20250051080,2025-06-18,STR024,PRD00769,1,1757.79,0.1,1582.01,1242.17,Credit Card,Regular
SAL20250051081,2025-06-02,STR021,PRD00122,1,23504.26,0.0,23504.26,16366.57,UPI,Premium
SAL20250051082,2025-06-05,STR040,PRD00323,1,361.28,0.0,361.28,188.15,UPI,Walk-in
SAL20250051083,2025-06-10,STR010,PRD00827,2,3989.15,0.0,7978.3,4393.18,Credit Card,Regular
SAL20250051084,2025-06-01,STR040,PRD00673,2,2685.18,0.0,5370.36,3396.58,Debit Card,Walk-in
SAL20250051085,2025-06-10,STR029,PRD00206,2,10675.4,0.0,21350.8,13766.1,Debit Card,Regular
SAL20250051086,2025-06-25,STR016,PRD00385,1,460.87,0.0,460.87,278.52,Debit Card,Walk-in
SAL20250051087,2025-06-22,STR008,PRD00952,1,892.13,0.0,892.13,502.71,UPI,Regular
SAL20250051088,2025-06-16,STR014,PRD00900,2,3167.3,0.0,6334.6,3922.1,Cash,Regular
SAL20250051089,2025-06-10,STR007,PRD00831,1,2902.42,0.0,2902.42,1993.17,Cash,Walk-in
SAL20250051090,2025-06-24,STR037,PRD00808,2,2998.33,0.0,5996.66,3627.94,Debit Card,Premium
SAL20250051091,2025-06-08,STR008,PRD00846,1,1551.36,0.1,1396.22,1102.23,Net Banking,Walk-in
SAL20250051092,2025-06-22,STR013,PRD01018,2,139.93,0.1,251.87,177.6,UPI,Regular
SAL20250051093,2025-06-18,STR016,PRD00881,4,802.33,0.0,3209.32,2134.04,Cash,Premium
SAL20250051094,2025-06-19,STR034,PRD00889,1,2052.09,0.0,2052.09,1474.15,Credit Card,Regular
SAL20250051095,2025-06-30,STR025,PRD00868,1,1450.33,0.0,1450.33,912.21,Debit Card,Walk-in
SAL20250051096,2025-06-06,STR004,PRD00990,2,577.78,0.0,1155.56,701.58,Cash,Regular
SAL20250051097,2025-06-08,STR010,PRD01029,2,762.26,0.0,1524.52,1086.72,UPI,Regular
SAL20250051098,2025-06-16,STR033,PRD00416,6,833.51,0.0,5001.06,4150.74,UPI,Regular
SAL20250051099,2025-06-26,STR009,PRD00866,1,1023.05,0.0,1023.05,622.37,Debit Card,Regular
SAL20250051100,2025-06-29,STR029,PRD00419,6,950.16,0.0,5700.96,4583.52,Credit Card,Corporate
SAL20250051101,2025-06-04,STR040,PRD00322,2,839.74,0.0,1679.48,1174.72,Debit Card,Regular
SAL20250051102,2025-06-04,STR036,PRD00576,3,451.26,0.0,1353.78,991.68,UPI,Regular
SAL20250051103,2025-06-23,STR022,PRD00096,1,1587.91,0.0,1587.91,1154.69,Cash,Corporate
SAL20250051104,2025-06-21,STR041,PRD01090,4,4828.9,0.0,19315.6,12258.24,Debit Card,Premium
SAL20250051105,2025-06-09,STR009,PRD00502,5,721.0,0.0,3605.0,3143.6,Credit Card,Regular
SAL20250051106,2025-06-22,STR024,PRD01000,4,495.66,0.0,1982.64,1383.48,UPI,Regular
SAL20250051107,2025-06-28,STR003,PRD00566,1,655.12,0.0,655.12,423.12,Cash,Walk-in
SAL20250051108,2025-06-01,STR034,PRD01152,3,2969.91,0.0,8909.73,4136.1,Net Banking,Premium
SAL20250051109,2025-06-01,STR014,PRD00066,1,7423.58,0.0,7423.58,5820.76,Debit Card,Regular
SAL20250051110,2025-06-04,STR040,PRD00454,2,238.81,0.0,477.62,364.6,Credit Card,Regular
SAL20250051111,2025-06-25,STR031,PRD00975,1,912.31,0.0,912.31,598.5,UPI,Walk-in
SAL20250051112,2025-06-08,STR028,PRD00286,1,390.77,0.0,390.77,253.34,UPI,Regular
SAL20250051113,2025-06-13,STR041,PRD00800,1,478.19,0.0,478.19,324.59,Credit Card,Walk-in
SAL20250051114,2025-06-20,STR038,PRD00335,2,1156.98,0.0,2313.96,1245.12,Debit Card,Regular
SAL20250051115,2025-06-08,STR004,PRD00302,1,486.18,0.0,486.18,225.09,Credit Card,Regular
SAL20250051116,2025-06-14,STR008,PRD00485,2,693.22,0.0,1386.44,1186.3,UPI,Regular
SAL20250051117,2025-06-11,STR003,PRD00784,1,1985.25,0.1,1786.73,1302.04,Credit Card,Regular
SAL20250051118,2025-06-08,STR019,PRD00130,1,17171.37,0.0,17171.37,12882.58,Credit Card,Regular
SAL20250051119,2025-06-02,STR009,PRD00741,1,2848.85,0.0,2848.85,2028.89,Credit Card,Premium
SAL20250051120,2025-06-20,STR010,PRD00665,6,157.57,0.0,945.42,618.84,Debit Card,Walk-in
SAL20250051121,2025-06-05,STR007,PRD00883,3,2575.75,0.0,7727.25,4312.44,Net Banking,Walk-in
SAL20250051122,2025-06-05,STR030,PRD00638,2,188.95,0.0,377.9,230.42,UPI,Walk-in
SAL20250051123,2025-06-25,STR010,PRD00014,1,5918.05,0.0,5918.05,4586.64,UPI,Premium
SAL20250051124,2025-06-12,STR001,PRD01092,1,5535.53,0.0,5535.53,2634.51,Credit Card,Walk-in
SAL20250051125,2025-06-25,STR020,PRD00834,2,1440.43,0.0,2880.86,1830.98,UPI,Walk-in
SAL20250051126,2025-06-01,STR009,PRD00827,1,3989.15,0.0,3989.15,2196.59,Net Banking,Regular
SAL20250051127,2025-06-04,STR006,PRD00934,1,3207.23,0.0,3207.23,1811.07,Credit Card,Walk-in
SAL20250051128,2025-06-20,STR027,PRD01004,5,128.91,0.0,644.55,329.65,Credit Card,Walk-in
SAL20250051129,2025-06-08,STR010,PRD00101,1,2548.25,0.0,2548.25,1803.25,Cash,Regular
SAL20250051130,2025-06-16,STR012,PRD00217,1,8159.94,0.0,8159.94,5298.43,UPI,Premium
SAL20250051131,2025-06-19,STR033,PRD00895,1,472.54,0.0,472.54,297.4,Cash,Walk-in
SAL20250051132,2025-06-15,STR016,PRD00857,4,3027.87,0.0,12111.48,8643.36,Cash,Regular
SAL20250051133,2025-06-01,STR027,PRD00636,3,685.82,0.0,2057.46,1357.32,Cash,Walk-in
SAL20250051134,2025-06-17,STR020,PRD00246,1,1945.93,0.0,1945.93,1239.78,UPI,Premium
SAL20250051135,2025-06-23,STR008,PRD00744,1,4365.48,0.05,4147.21,2879.4,Net Banking,Walk-in
SAL20250051136,2025-06-12,STR033,PRD00763,1,3968.33,0.0,3968.33,2850.9,Cash,Regular
SAL20250051137,2025-06-20,STR002,PRD00153,1,12724.66,0.0,12724.66,7922.12,Debit Card,Regular
SAL20250051138,2025-06-12,STR008,PRD01006,3,849.47,0.0,2548.41,1820.07,Debit Card,Regular
SAL20250051139,2025-06-04,STR013,PRD00003,1,810.89,0.0,810.89,534.24,Net Banking,Premium
SAL20250051140,2025-06-11,STR018,PRD00368,1,927.52,0.0,927.52,587.93,UPI,Regular
SAL20250051141,2025-06-08,STR021,PRD00177,1,10270.98,0.0,10270.98,7398.07,UPI,Walk-in
SAL20250051142,2025-06-06,STR021,PRD00990,1,577.78,0.0,577.78,350.79,UPI,Walk-in
SAL20250051143,2025-06-28,STR024,PRD00921,1,3248.47,0.0,3248.47,1833.94,Credit Card,Premium
SAL20250051144,2025-06-21,STR032,PRD00263,2,3207.01,0.0,6414.02,4878.2,Credit Card,Regular
SAL20250051145,2025-06-29,STR003,PRD00926,1,683.78,0.0,683.78,481.25,UPI,Walk-in
SAL20250051146,2025-06-05,STR022,PRD00592,3,365.4,0.0,1096.2,654.87,UPI,Regular
SAL20250051147,2025-06-18,STR037,PRD01176,1,5880.6,0.0,5880.6,3519.33,Credit Card,Walk-in
SAL20250051148,2025-06-10,STR010,PRD00401,1,743.9,0.1,669.51,628.4,UPI,Walk-in
SAL20250051149,2025-06-14,STR013,PRD00697,1,1377.61,0.0,1377.61,807.52,Credit Card,Regular
SAL20250051150,2025-06-07,STR021,PRD00132,1,22943.8,0.0,22943.8,17725.67,Debit Card,Regular
SAL20250051151,2025-06-19,STR007,PRD00998,4,883.36,0.0,3533.44,1799.56,Debit Card,Walk-in
SAL20250051152,2025-06-13,STR001,PRD00502,3,721.0,0.0,2163.0,1886.16,UPI,Regular
SAL20250051153,2025-06-26,STR001,PRD00137,1,8245.04,0.05,7832.79,6423.44,Debit Card,Premium
SAL20250051154,2025-06-04,STR010,PRD00785,1,4604.98,0.05,4374.73,2754.83,UPI,Regular
SAL20250051155,2025-06-10,STR038,PRD00117,1,5653.79,0.0,5653.79,4053.02,Credit Card,Regular
SAL20250051156,2025-06-30,STR003,PRD00765,1,1419.48,0.0,1419.48,920.94,UPI,Walk-in
SAL20250051157,2025-06-29,STR016,PRD01095,1,4795.88,0.0,4795.88,2620.97,UPI,Premium
SAL20250051158,2025-06-02,STR005,PRD00282,1,705.96,0.0,705.96,470.23,Net Banking,Corporate
SAL20250051159,2025-06-08,STR029,PRD00297,1,1248.97,0.0,1248.97,631.06,UPI,Walk-in
SAL20250051160,2025-06-12,STR036,PRD00372,1,542.7,0.0,542.7,275.98,Credit Card,Regular
SAL20250051161,2025-06-05,STR016,PRD00807,1,667.9,0.1,601.11,429.52,UPI,Corporate
SAL20250051162,2025-06-17,STR034,PRD00058,1,3380.1,0.0,3380.1,2568.5,UPI,Walk-in
SAL20250051163,2025-06-14,STR019,PRD00825,2,2419.3,0.05,4596.67,2804.98,UPI,Walk-in
SAL20250051164,2025-06-27,STR015,PRD00560,2,314.33,0.0,628.66,437.58,UPI,Regular
SAL20250051165,2025-06-15,STR017,PRD00002,1,1289.58,0.0,1289.58,870.9,Credit Card,Regular
SAL20250051166,2025-06-17,STR008,PRD00011,1,13229.12,0.0,13229.12,9834.69,Credit Card,Regular
SAL20250051167,2025-06-12,STR030,PRD00863,1,1338.83,0.0,1338.83,745.06,UPI,Regular
SAL20250051168,2025-06-29,STR018,PRD00258,1,2441.64,0.0,2441.64,1594.77,Debit Card,Regular
SAL20250051169,2025-06-01,STR020,PRD00819,1,2315.45,0.0,2315.45,1549.5,UPI,Walk-in
SAL20250051170,2025-06-21,STR002,PRD00764,4,3332.71,0.0,13330.84,7344.44,Cash,Walk-in
SAL20250051171,2025-06-02,STR002,PRD00167,1,8410.2,0.05,7989.69,5523.21,Credit Card,Regular
SAL20250051172,2025-06-17,STR031,PRD00950,1,184.59,0.05,175.36,127.31,Net Banking,Walk-in
SAL20250051173,2025-06-01,STR028,,2,715.75,0.0,1431.5,914.54,Credit Card,Walk-in
SAL20250051174,2025-06-01,STR015,PRD01157,1,8076.82,0.0,8076.82,4265.41,Debit Card,Regular
SAL20250051175,2025-06-15,STR033,PRD00084,1,11056.09,0.0,11056.09,8293.77,Debit Card,Regular
SAL20250051176,2025-06-21,STR008,PRD00659,3,294.97,0.0,884.91,656.52,UPI,Regular
SAL20250051177,2025-06-16,STR039,PRD00478,2,959.84,0.0,1919.68,1624.52,Credit Card,Premium
SAL20250051178,2025-06-03,STR019,PRD00796,1,462.4,0.0,462.4,329.9,UPI,Walk-in
SAL20250051179,2025-06-17,STR016,PRD00740,2,3926.7,0.0,7853.4,5684.62,UPI,Regular
SAL20250051180,2025-06-12,STR008,PRD00376,2,1476.13,0.1,2657.03,1365.98,UPI,Regular
SAL20250051181,2025-06-15,STR032,PRD00014,1,5918.05,0.0,5918.05,4586.64,UPI,Premium
SAL20250051182,2025-06-24,STR010,PRD00359,1,1383.56,0.0,1383.56,643.64,Net Banking,Walk-in
SAL20250051183,2025-06-17,STR026,PRD00658,5,338.62,0.0,1693.1,1138.4,Cash,Walk-in
SAL20250051184,2025-06-13,STR008,PRD00288,2,827.89,0.05,1572.99,878.72,UPI,Regular
SAL20250051185,2025-06-01,STR030,PRD00065,1,10562.87,0.0,10562.87,8152.93,Credit Card,Walk-in
SAL20250051186,2025-06-20,STR035,PRD01079,2,323.52,0.05,614.69,383.08,UPI,Regular
SAL20250051187,2025-06-11,STR035,PRD01115,1,4843.87,0.0,4843.87,2404.35,Cash,Regular
SAL20250051188,2025-06-02,STR019,PRD00779,1,1606.83,0.0,1606.83,998.29,Debit Card,Regular
SAL20250051189,2025-06-21,STR039,PRD00028,1,4027.15,0.0,4027.15,2641.37,UPI,Regular
SAL20250051190,2025-06-26,STR032,PRD00673,1,2685.18,0.0,2685.18,1698.29,UPI,Regular
SAL20250051191,2025-06-28,STR021,PRD00698,3,1659.66,0.0,4978.98,3283.77,UPI,Regular
SAL20250051192,2025-06-16,STR016,PRD00539,1,69.32,0.05,65.85,47.73,Debit Card,Walk-in
SAL20250051193,2025-06-18,STR007,PRD00466,2,725.28,0.0,1450.56,1259.44,UPI,Walk-in
SAL20250051194,2025-06-14,STR035,PRD00740,1,3926.7,0.0,3926.7,2842.31,UPI,Walk-in
SAL20250051195,2025-06-03,STR018,PRD00791,3,855.75,0.1,2310.53,1798.41,Credit Card,Regular
SAL20250051196,2025-06-30,STR015,PRD00637,1,299.32,0.0,299.32,213.6,UPI,Walk-in
SAL20250051197,2025-06-27,STR036,PRD01197,1,2167.83,0.05,2059.44,1161.18,UPI,Walk-in
SAL20250051198,2025-06-22,STR035,PRD00688,2,2802.62,0.05,5324.98,4177.68,UPI,Regular
SAL20250051199,2025-06-09,STR005,PRD00745,1,2529.52,0.0,2529.52,1829.18,Net Banking,Walk-in
SAL20250051200,2025-06-10,STR031,PRD00406,3,663.68,0.0,1991.04,1599.18,Credit Card,Regular
SAL20250051201,2025-06-06,STR013,PRD00567,3,365.44,0.0,1096.32,680.88,UPI,Walk-in
SAL20250051202,2025-06-02,STR041,PRD01033,2,703.74,0.0,1407.48,757.38,Cash,Corporate
SAL20250051203,2025-06-30,STR013,PRD01054,2,256.04,0.1,460.87,335.92,Debit Card,Walk-in
SAL20250051204,2025-06-24,STR014,PRD00312,1,662.59,0.05,629.46,388.19,UPI,Premium
SAL20250051205,2025-06-11,STR028,PRD00481,4,391.79,0.0,1567.16,1267.04,Credit Card,Regular
SAL20250051206,2025-06-01,STR004,PRD00777,1,3515.65,0.05,3339.87,1941.78,UPI,Walk-in
SAL20250051207,2025-06-02,STR013,PRD00391,1,716.46,0.0,716.46,347.41,UPI,Regular
SAL20250051208,2025-06-20,STR013,PRD00366,1,994.61,0.0,994.61,474.73,Cash,Premium
SAL20250051209,2025-06-07,STR008,PRD00385,1,460.87,0.05,437.83,278.52,UPI,Walk-in
SAL20250051210,2025-06-18,STR022,PRD00368,3,927.52,0.1,2504.3,1763.79,UPI,Walk-in
SAL20250051211,2025-06-14,STR028,PRD00068,1,10777.06,0.0,10777.06,8694.54,Debit Card,Regular
SAL20250051212,2025-06-12,STR030,PRD00897,1,3626.87,0.0,3626.87,2369.21,Debit Card,Regular
SAL20250051213,2025-06-08,STR023,PRD00993,1,168.95,0.05,160.5,86.92,UPI,Regular
SAL20250051214,2025-06-25,STR015,PRD00553,3,150.28,0.0,450.84,261.33,Debit Card,Walk-in
SAL20250051215,2025-06-30,STR004,PRD00159,1,4881.58,0.0,4881.58,3676.52,UPI,Premium
SAL20250051216,2025-06-10,STR001,PRD00940,2,57.11,0.0,114.22,77.72,Credit Card,Regular
SAL20250051217,2025-06-26,STR002,PRD00619,1,215.37,0.05,204.6,139.33,Cash,Walk-in
SAL20250051218,2025-06-01,STR007,PRD01077,1,8389.04,0.0,8389.04,3493.39,UPI,Regular
SAL20250051219,2025-06-23,STR038,PRD00600,2,709.55,0.0,1419.1,938.32,Net Banking,Walk-in
SAL20250051220,2025-06-23,STR038,PRD01182,4,9675.4,0.0,38701.6,17062.24,UPI,Regular
SAL20250051221,2025-06-15,STR002,PRD00763,1,3968.33,0.0,3968.33,2850.9,Net Banking,Walk-in
SAL20250051222,2025-06-30,STR016,PRD00587,1,250.15,0.0,250.15,171.79,Net Banking,Premium
SAL20250051223,2025-06-04,STR027,PRD00227,1,5367.28,0.0,5367.28,3567.65,Cash,Regular
SAL20250051224,2025-06-14,STR032,PRD00567,2,365.44,0.0,730.88,453.92,Debit Card,Walk-in
SAL20250051225,2025-06-11,STR009,PRD00409,10,950.85,0.0,9508.5,7381.1,UPI,Regular
SAL20250051226,2025-06-12,STR008,PRD00448,2,612.68,0.0,1225.36,1037.12,UPI,Regular
SAL20250051227,2025-06-04,STR022,PRD01129,1,691.29,0.0,691.29,281.12,UPI,Walk-in
SAL20250051228,2025-06-21,STR020,PRD00919,1,3391.01,0.1,3051.91,2232.08,Credit Card,Regular
SAL20250051229,2025-06-08,STR009,PRD00394,2,327.5,0.0,655.0,437.02,Credit Card,Premium
SAL20250051230,2025-06-11,STR011,PRD00719,1,4808.67,0.0,4808.67,2759.21,UPI,Regular
SAL20250051231,2025-06-27,STR019,PRD00721,1,2330.52,0.05,2213.99,1727.63,UPI,Premium
SAL20250051232,2025-06-08,STR014,PRD00042,1,15775.49,0.0,15775.49,11939.67,Credit Card,Corporate
SAL20250051233,2025-06-29,STR013,PRD00845,1,2226.26,0.1,2003.63,1523.41,Debit Card,Regular
SAL20250051234,2025-06-14,STR027,PRD00120,1,22170.49,0.0,22170.49,16305.22,UPI,Regular
SAL20250051235,2025-06-06,STR003,PRD01041,1,954.2,0.0,954.2,532.81,Debit Card,Regular
SAL20250051236,2025-06-16,STR022,PRD01077,4,8389.04,0.1,30200.54,13973.56,Credit Card,Regular
SAL20250051237,2025-06-01,STR008,PRD00673,3,2685.18,0.05,7652.76,5094.87,Debit Card,Premium
SAL20250051238,2025-06-17,STR009,PRD00947,1,413.13,0.0,413.13,208.02,Cash,Walk-in
SAL20250051239,2025-06-10,STR035,PRD00670,1,3171.53,0.05,3012.95,1914.92,UPI,Regular
SAL20250051240,2025-06-09,STR012,PRD00605,6,66.61,0.0,399.66,294.3,Credit Card,Regular
SAL20250051241,2025-06-15,STR023,PRD00107,1,4985.79,0.0,4985.79,3483.71,Cash,Walk-in
SAL20250051242,2025-06-19,STR038,PRD01068,1,5954.4,0.1,5358.96,3495.2,Debit Card,Regular
SAL20250051243,2025-06-09,STR038,PRD00292,1,975.97,0.05,927.17,491.67,Debit Card,Premium
SAL20250051244,2025-06-20,STR018,PRD00095,1,18324.65,0.1,16492.19,13913.8,Credit Card,Regular
SAL20250051245,2025-06-27,STR036,PRD00109,1,12280.41,0.0,12280.41,9316.5,UPI,Walk-in
SAL20250051246,2025-06-01,STR023,PRD00306,2,1349.3,0.0,2698.6,1543.88,UPI,Walk-in
SAL20250051247,2025-06-28,STR017,PRD01107,4,1600.76,0.05,6082.89,2940.52,Credit Card,Regular
SAL20250051248,2025-06-12,STR025,PRD00209,1,4015.2,0.0,4015.2,2717.92,Credit Card,Regular
SAL20250051249,2025-06-11,STR020,PRD00042,2,15775.49,0.0,31550.98,23879.34,UPI,Walk-in
SAL20250051250,2025-06-08,STR010,PRD00597,3,765.55,0.0,2296.65,1331.46,Credit Card,Walk-in
SAL20250051251,2025-06-12,STR022,PRD00359,1,1383.56,0.05,1314.38,643.64,UPI,Regular
SAL20250051252,2025-06-11,STR028,PRD00676,1,4180.37,0.0,4180.37,2836.76,UPI,Premium
SAL20250051253,2025-06-20,STR031,PRD00021,1,1822.47,0.05,1731.35,1333.8,UPI,Walk-in
SAL20250051254,2025-06-23,STR036,PRD00931,1,1839.81,0.0,1839.81,1246.88,Credit Card,Walk-in
SAL20250051255,2025-06-30,STR008,PRD00149,1,3024.83,0.0,3024.83,2041.86,UPI,Regular
SAL20250051256,2025-06-26,STR028,PRD00588,2,125.09,0.0,250.18,180.78,Net Banking,Regular
SAL20250051257,2025-06-22,STR032,PRD00707,3,2433.38,0.0,7300.14,4880.16,Credit Card,Premium
SAL20250051258,2025-06-14,STR020,PRD00337,1,1047.01,0.0,1047.01,731.43,UPI,Regular
SAL20250051259,2025-06-07,STR023,PRD01163,1,6199.15,0.1,5579.23,3716.06,Credit Card,Regular
SAL20250051260,2025-06-05,STR021,PRD01153,3,5497.78,0.0,16493.34,7498.65,Debit Card,Regular
SAL20250051261,2025-06-06,STR040,PRD00186,1,7826.08,0.0,7826.08,5124.89,Credit Card,Regular
SAL20250051262,2025-06-01,STR002,PRD01115,1,4843.87,0.05,4601.68,2404.35,Cash,Regular
SAL20250051263,2025-06-06,STR025,PRD01080,1,1721.88,0.0,1721.88,771.73,Credit Card,Premium
SAL20250051264,2025-06-17,STR024,PRD00588,2,125.09,0.1,225.16,180.78,Cash,Regular
SAL20250051265,2025-06-06,STR037,PRD01155,1,7374.97,0.0,7374.97,3660.91,UPI,Corporate
SAL20250051266,2025-06-02,STR030,PRD00236,1,5591.1,0.0,5591.1,3989.78,Credit Card,Walk-in
SAL20250051267,2025-06-10,STR011,PRD00989,1,922.35,0.0,922.35,592.11,Debit Card,Premium
SAL20250051268,2025-06-26,STR002,PRD01188,2,2837.24,0.05,5390.76,3372.48,Credit Card,Walk-in
SAL20250051269,2025-06-18,STR018,PRD00051,1,18906.15,0.1,17015.54,13812.18,UPI,Regular
SAL20250051270,2025-06-01,STR009,PRD01087,1,7006.0,0.0,7006.0,3419.72,Credit Card,Regular
SAL20250051271,2025-06-22,STR039,PRD00511,5,709.29,0.1,3191.8,2795.9,Credit Card,Walk-in
SAL20250051272,2025-06-06,STR025,PRD00526,5,712.58,0.0,3562.9,2961.2,Debit Card,Walk-in
SAL20250051273,2025-06-14,STR008,PRD00726,1,2171.72,0.05,2063.13,1497.85,UPI,Walk-in
SAL20250051274,2025-06-02,STR008,PRD00720,2,3749.56,0.1,6749.21,4209.9,Credit Card,Regular
SAL20250051275,2025-06-23,STR028,PRD00934,2,3207.23,0.0,6414.46,3622.14,UPI,Regular
SAL20250051276,2025-06-19,STR022,PRD01112,1,3077.42,0.0,3077.42,1558.19,UPI,Walk-in
SAL20250051277,2025-06-05,STR016,PRD00443,2,206.94,0.0,413.88,334.12,Debit Card,Walk-in
SAL20250051278,2025-06-27,STR033,PRD00752,3,4535.72,0.0,13607.16,9068.67,Debit Card,Premium
SAL20250051279,2025-06-21,STR006,PRD00355,1,304.11,0.05,288.9,163.8,UPI,Premium
SAL20250051280,2025-06-04,STR039,PRD00226,2,3456.4,0.1,6221.52,4244.02,Cash,Walk-in
SAL20250051281,2025-06-25,STR040,PRD00448,2,612.68,0.0,1225.36,1037.12,UPI,Walk-in
SAL20250051282,2025-06-06,STR024,PRD00628,2,365.09,0.0,730.18,421.62,Cash,Regular
SAL20250051283,2025-06-17,STR030,PRD00633,3,365.95,0.1,988.06,638.7,Credit Card,Corporate
SAL20250051284,2025-06-15,STR020,PRD00805,1,3870.93,0.0,3870.93,2163.81,Cash,Walk-in
SAL20250051285,2025-06-18,STR016,PRD00709,3,232.93,0.0,698.79,459.15,UPI,Regular
SAL20250051286,2025-06-12,STR035,PRD00618,1,249.13,0.0,249.13,183.03,Cash,Walk-in
SAL20250051287,2025-06-09,STR004,PRD00772,1,988.94,0.0,988.94,659.49,UPI,Walk-in
SAL20250051288,2025-06-12,STR041,PRD00541,2,685.8,0.0,1371.6,811.14,UPI,Regular
SAL20250051289,2025-06-24,STR014,PRD00213,1,7822.44,0.0,7822.44,5597.11,Credit Card,Regular
SAL20250051290,2025-06-12,STR019,PRD00366,1,994.61,0.0,994.61,474.73,Debit Card,Regular
SAL20250051291,2025-06-13,STR025,PRD00416,1,833.51,0.0,833.51,691.79,Net Banking,Walk-in
SAL20250051292,2025-06-09,STR009,PRD01060,2,277.54,0.0,555.08,396.7,UPI,Walk-in
SAL20250051293,2025-06-08,STR015,PRD00049,1,4540.51,0.0,4540.51,3028.11,Debit Card,Walk-in
SAL20250051294,2025-06-10,STR010,PRD00721,4,2330.52,0.0,9322.08,6910.52,Cash,Regular
SAL20250051295,2025-06-07,STR032,PRD00762,2,1596.23,0.0,3192.46,1819.72,UPI,Regular
SAL20250051296,2025-06-25,STR002,PRD01023,5,241.67,0.1,1087.51,666.4,UPI,Walk-in
SAL20250051297,2025-06-10,STR035,PRD00546,3,854.43,0.0,2563.29,1421.7,Credit Card,Walk-in
SAL20250051298,2025-06-08,STR005,PRD00071,2,14423.02,0.0,28846.04,19211.26,UPI,Walk-in
SAL20250051299,2025-06-14,STR016,PRD00714,3,1837.1,0.0,5511.3,4044.03,Credit Card,Regular
SAL20250051300,2025-06-06,STR038,PRD00299,1,1362.69,0.0,1362.69,823.3,UPI,Walk-in
SAL20250051301,2025-06-02,STR002,PRD00650,4,429.23,0.05,1631.07,997.24,UPI,Regular
SAL20250051302,2025-06-19,STR027,PRD00797,1,567.41,0.0,567.41,411.41,Debit Card,Walk-in
SAL20250051303,2025-06-12,STR037,PRD00037,1,21728.77,0.0,21728.77,16760.42,Debit Card,Corporate
SAL20250051304,2025-06-08,STR006,PRD00957,1,157.86,0.0,157.86,94.55,Credit Card,Regular
SAL20250051305,2025-06-21,STR004,PRD00335,3,1156.98,0.0,3470.94,1867.68,UPI,Regular
SAL20250051306,2025-06-17,STR027,PRD01031,3,1036.47,0.0,3109.41,1570.11,Cash,Premium
SAL20250051307,2025-06-21,STR033,PRD00649,3,333.14,0.0,999.42,716.88,Credit Card,Walk-in
SAL20250051308,2025-06-20,STR010,PRD00720,1,3749.56,0.0,3749.56,2104.95,UPI,Walk-in
SAL20250051309,2025-02-30,STR028,PRD00459,1,918.25,0.0,918.25,735.01,Net Banking,Regular
SAL20250051310,2025-06-18,STR032,PRD00850,2,1897.52,0.05,3605.29,2470.14,Cash,Corporate
SAL20250051311,2025-06-12,STR028,PRD00057,1,2490.08,0.0,2490.08,2005.73,UPI,Walk-in
SAL20250051312,2025-06-22,STR041,PRD00705,4,488.73,0.0,1954.92,1313.72,Credit Card,Walk-in
SAL20250051313,2025-06-25,STR029,PRD01033,1,703.74,0.0,703.74,378.69,Debit Card,Regular
SAL20250051314,2025-06-29,STR031,PRD00973,3,291.44,0.0,874.32,470.73,Credit Card,Walk-in
SAL20250051315,2025-06-27,STR020,PRD00518,2,1000.64,0.05,1901.22,1536.86,UPI,Walk-in
SAL20250051316,2025-06-28,STR007,PRD00639,2,160.88,0.0,321.76,204.82,Credit Card,Premium
SAL20250051317,2025-06-15,STR029,PRD00816,1,1448.92,0.05,1376.47,857.39,UPI,Premium
SAL20250051318,2025-06-26,STR003,PRD00075,1,9132.03,0.0,9132.03,7042.59,UPI,Regular
SAL20250051319,2025-06-13,STR024,PRD00696,1,1599.77,0.0,1599.77,1080.02,UPI,Premium
SAL20250051320,2025-06-06,STR022,PRD00034,1,761.93,0.05,723.83,520.56,Credit Card,Walk-in
SAL20250051321,2025-06-12,STR035,PRD01006,1,849.47,0.0,849.47,606.69,Credit Card,Regular
SAL20250051322,2025-06-28,STR015,PRD01192,1,7158.24,0.0,7158.24,4065.98,Credit Card,Regular
SAL20250051323,2025-06-14,STR040,PRD00775,2,3571.78,0.0,7143.56,3953.1,UPI,Premium
SAL20250051324,2025-06-02,STR007,PRD00579,4,398.71,0.0,1594.84,1168.68,UPI,Walk-in
SAL20250051325,2025-06-08,STR016,PRD00359,3,1383.56,0.05,3943.15,1930.92,UPI,Walk-in
SAL20250051326,2025-06-08,STR002,PRD00457,1,726.05,0.0,726.05,549.39,Credit Card,Premium
SAL20250051327,2025-06-16,STR008,PRD00639,1,160.88,0.0,160.88,102.41,UPI,Walk-in
SAL20250051328,2025-06-02,STR018,PRD00535,1,314.95,0.0,314.95,224.28,UPI,Regular
SAL20250051329,2025-06-10,STR037,PRD00265,1,4797.2,0.0,4797.2,2920.06,Cash,Regular
SAL20250051330,2025-06-29,STR039,PRD00042,1,15775.49,0.0,15775.49,11939.67,UPI,Regular
SAL20250051331,2025-06-07,STR015,PRD01162,1,3657.07,0.0,3657.07,2017.29,UPI,Walk-in
SAL20250051332,2025-06-04,STR031,PRD00616,1,565.82,0.0,565.82,314.13,Debit Card,Walk-in
SAL20250051333,2025-06-22,STR005,PRD00150,2,1288.03,0.0,2576.06,1794.92,Credit Card,Regular
SAL20250051334,2025-06-25,STR012,PRD00577,3,262.74,0.0,788.22,567.84,UPI,Regular
SAL20250051335,2025-06-19,STR029,PRD01138,1,4917.81,0.05,4671.92,2789.31,UPI,Walk-in
SAL20250051336,2025-06-12,STR005,PRD00358,1,873.37,0.0,873.37,466.67,Credit Card,Walk-in
SAL20250051337,2025-06-16,STR038,PRD00102,2,21236.57,0.1,38225.83,32282.34,Debit Card,Walk-in
SAL20250051338,2025-06-21,STR017,PRD00966,1,814.75,0.0,814.75,526.45,UPI,Walk-in
SAL20250051339,2025-06-07,STR032,PRD00199,1,1863.27,0.0,1863.27,1335.3,Credit Card,Walk-in
SAL20250051340,2025-06-07,STR014,PRD00049,1,4540.51,0.05,4313.48,3028.11,UPI,Regular
SAL20250051341,2025-06-04,STR035,PRD00058,1,3380.1,0.0,3380.1,2568.5,Credit Card,Walk-in
SAL20250051342,2025-06-13,STR001,PRD01001,2,315.54,0.0,631.08,356.74,Credit Card,Walk-in
SAL20250051343,2025-06-15,STR022,PRD00574,2,560.83,0.0,1121.66,677.12,UPI,Regular
SAL20250051344,2025-06-23,STR025,PRD00102,1,21236.57,0.0,21236.57,16141.17,UPI,Regular
SAL20250051345,2025-06-01,STR033,PRD00387,2,446.12,0.0,892.24,496.6,UPI,Regular
SAL20250051346,2025-06-20,STR019,PRD00735,2,2710.38,0.1,4878.68,3232.56,Credit Card,Regular
SAL20250051347,2025-06-18,STR035,PRD00644,3,812.84,0.0,2438.52,1357.17,Debit Card,Regular
SAL20250051348,2025-06-05,STR005,PRD00735,1,2710.38,0.0,2710.38,1616.28,Credit Card,Premium
SAL20250051349,2025-06-24,STR031,PRD00052,2,1655.5,0.0,3311.0,2274.16,Net Banking,Regular
SAL20250051350,2025-06-12,STR015,PRD00757,1,1608.8,0.0,1608.8,1037.87,Credit Card,Premium
SAL20250051351,2025-06-18,STR006,PRD00504,1,1118.52,0.0,1118.52,934.24,UPI,Walk-in
SAL20250051352,2025-06-13,STR027,PRD00198,1,4266.35,0.1,3839.72,2976.38,UPI,Regular
SAL20250051353,2025-06-06,STR007,PRD00344,1,702.67,0.0,702.67,433.6,UPI,Regular
SAL20250051354,2025-06-11,STR025,PRD00052,1,1655.5,0.0,1655.5,1137.08,UPI,Regular
SAL20250051355,2025-06-09,STR021,PRD00752,4,4535.72,0.1,16328.59,12091.56,UPI,Premium
SAL20250051356,2025-06-17,STR037,PRD00384,2,1012.08,0.1,1821.74,1027.28,Debit Card,Regular
SAL20250051357,2025-06-15,STR003,PRD00785,2,4604.98,0.0,9209.96,5509.66,UPI,Regular
SAL20250051358,2025-06-12,STR015,PRD00324,1,1095.89,0.0,1095.89,714.91,Debit Card,Regular
SAL20250051359,2025-06-10,STR007,PRD00952,3,892.13,0.0,2676.39,1508.13,Debit Card,Corporate
SAL20250051360,2025-06-22,STR027,PRD01134,1,5914.46,0.0,5914.46,2929.32,UPI,Regular
SAL20250051361,2025-06-01,STR020,PRD00422,3,218.73,0.0,656.19,500.79,UPI,Regular
SAL20250051362,2025-06-08,STR017,PRD00508,1,125.21,0.1,112.69,109.93,Credit Card,Corporate
SAL20250051363,2025-06-06,STR022,PRD00681,2,4114.63,0.05,7817.8,5392.36,Debit Card,Regular
SAL20250051364,2025-06-02,STR022,PRD00232,1,6785.18,0.1,6106.66,4843.37,UPI,Regular
SAL20250051365,2025-06-15,STR005,PRD00826,1,174.23,0.05,165.52,120.2,Credit Card,Walk-in
SAL20250051366,2025-06-12,STR032,PRD00824,1,3034.92,0.05,2883.17,2166.53,UPI,Walk-in
SAL20250051367,2025-06-29,STR012,PRD00933,1,3527.61,0.05,3351.23,2180.3,UPI,Regular
SAL20250051368,2025-06-17,STR034,PRD00927,2,799.32,0.0,1598.64,1169.16,UPI,Regular
SAL20250051369,2025-06-15,STR015,PRD00426,1,496.18,0.0,496.18,415.87,Debit Card,Regular
SAL20250051370,2025-06-15,STR013,PRD00589,2,435.23,0.0,870.46,508.08,Cash,Premium
SAL20250051371,2025-06-01,STR022,PRD00001,1,21322.84,0.0,21322.84,15337.08,UPI,Walk-in
SAL20250051372,2025-06-01,STR026,PRD00509,1,888.38,0.0,888.38,674.33,Debit Card,Premium
SAL20250051373,2025-06-27,STR039,PRD00872,2,467.45,0.0,934.9,667.24,Credit Card,Premium
SAL20250051374,2025-06-13,STR023,PRD00738,1,984.8,0.05,935.56,687.04,UPI,Regular
SAL20250051375,2025-06-26,STR023,PRD00046,1,12754.14,0.0,12754.14,8397.4,Debit Card,Corporate
SAL20250051376,2025-06-26,STR022,PRD00688,1,2802.62,0.0,2802.62,2088.84,UPI,Regular
SAL20250051377,2025-06-09,STR024,PRD00100,1,14294.81,0.0,14294.81,9774.86,UPI,Regular
SAL20250051378,2025-06-01,STR012,PRD00847,3,2294.5,0.0,6883.5,4851.36,UPI,Walk-in
SAL20250051379,2025-06-11,STR034,PRD00422,2,218.73,0.0,437.46,333.86,UPI,Walk-in
SAL20250051380,2025-06-28,STR001,PRD00699,1,2305.84,0.0,2305.84,1522.28,Debit Card,Regular
SAL20250051381,2025-06-02,STR004,PRD00531,2,217.65,0.0,435.3,364.4,Debit Card,Premium
SAL20250051382,2025-06-11,STR027,PRD00321,3,1442.95,0.0,4328.85,2146.47,Debit Card,Walk-in
SAL20250051383,2025-06-21,STR040,PRD01058,3,211.57,0.0,634.71,435.06,Cash,Regular
SAL20250051384,2025-06-13,STR021,PRD00295,4,1024.45,0.0,4097.8,2273.96,Credit Card,Walk-in
SAL20250051385,2025-06-30,STR012,PRD00937,1,262.48,0.0,262.48,177.56,UPI,Walk-in
SAL20250051386,2025-06-28,STR004,PRD00687,1,2662.45,0.0,2662.45,1789.17,Debit Card,Corporate
SAL20250051387,2025-06-23,STR016,PRD01036,1,177.81,0.0,177.81,125.17,UPI,Regular
SAL20250051388,2025-06-19,STR015,PRD01081,2,7442.0,0.0,14884.0,7046.66,UPI,Walk-in
SAL20250051389,2025-06-03,STR007,PRD00795,1,965.34,0.0,965.34,688.02,UPI,Regular
SAL20250051390,2025-06-14,STR007,PRD00294,3,1047.83,0.05,2986.32,1959.12,UPI,Regular
SAL20250051391,2025-06-22,STR023,PRD00928,1,2503.87,0.0,2503.87,1812.53,Credit Card,Corporate
SAL20250051392,2025-06-22,STR003,PRD00285,2,1499.26,0.0,2998.52,1537.52,UPI,Regular
SAL20250051393,2025-06-30,STR016,PRD00373,1,159.48,0.0,159.48,85.54,Credit Card,Corporate
SAL20250051394,2025-06-10,STR029,PRD01019,4,948.07,0.0,3792.28,1959.0,Credit Card,Walk-in
SAL20250051395,2025-06-22,STR007,PRD00367,4,450.03,0.0,1800.12,987.12,UPI,Walk-in
SAL20250051396,2025-06-07,STR009,PRD00233,1,9134.67,0.0,9134.67,7104.84,Credit Card,Walk-in
SAL20250051397,2025-06-16,STR041,PRD01069,1,2127.71,0.0,2127.71,1083.85,Debit Card,Corporate
SAL20250051398,2025-06-30,STR006,PRD00985,2,79.43,0.0,158.86,110.12,UPI,Walk-in
SAL20250051399,2025-06-03,STR005,PRD00404,1,695.46,0.0,695.46,604.38,UPI,Walk-in
SAL20250051400,2025-06-28,STR010,PRD00350,1,1107.22,0.0,1107.22,735.62,Cash,Walk-in
SAL20250051401,2025-06-13,STR019,PRD00137,1,8245.04,0.1,7420.54,6423.44,Cash,Premium
SAL20250051402,2025-06-07,STR021,PRD00300,1,1106.33,0.0,1106.33,601.1,Net Banking,Walk-in
SAL20250051403,2025-06-17,STR040,PRD00025,1,2348.16,0.1,2113.34,1617.05,UPI,Premium
SAL20250051404,2025-06-17,STR006,PRD00930,1,4102.13,0.05,3897.02,2365.34,UPI,Premium
SAL20250051405,2025-06-02,STR007,PRD00574,1,560.83,0.1,504.75,338.56,UPI,Walk-in
SAL20250051406,2025-06-11,STR040,PRD00526,5,712.58,0.0,3562.9,2961.2,UPI,Walk-in
SAL20250051407,2025-06-09,STR016,PRD00547,5,105.91,0.0,529.55,381.35,Credit Card,Regular
SAL20250051408,2025-06-19,STR024,PRD00956,5,1028.6,0.1,4628.7,2860.0,UPI,Walk-in
SAL20250051409,2025-06-19,STR007,PRD00580,10,372.59,0.0,3725.9,2113.0,Cash,Regular
SAL20250051410,2025-06-11,STR004,PRD00967,1,44.43,0.05,42.21,28.54,UPI,Premium
SAL20250051411,2025-06-29,STR041,PRD01101,3,4929.57,0.05,14049.27,8004.51,Cash,Walk-in
SAL20250051412,2025-06-22,STR016,PRD01199,1,6549.57,0.0,6549.57,3396.65,Credit Card,Regular
SAL20250051413,2025-06-12,STR037,PRD00319,1,746.89,0.0,746.89,463.81,Debit Card,Walk-in
SAL20250051414,2025-06-25,STR025,PRD01199,1,6549.57,0.0,6549.57,3396.65,Credit Card,Walk-in
SAL20250051415,2025-06-27,STR005,PRD00081,1,19888.54,0.0,19888.54,13106.38,Credit Card,Walk-in
SAL20250051416,2025-06-07,STR002,PRD00700,1,4752.07,0.0,4752.07,2864.63,UPI,Walk-in
SAL20250051417,2025-06-20,STR013,PRD00754,1,372.52,0.0,372.52,220.88,Debit Card,Walk-in
SAL20250051418,2025-06-11,STR026,PRD01099,1,4242.7,0.0,4242.7,2721.85,UPI,Walk-in
SAL20250051419,2025-06-20,STR001,PRD00283,3,917.06,0.1,2476.06,1294.41,Credit Card,Walk-in
SAL20250051420,2025-06-16,STR007,PRD00576,2,451.26,0.0,902.52,661.12,UPI,Corporate
SAL20250051421,2025-06-05,STR033,PRD01143,2,5565.18,0.05,10573.84,6314.64,UPI,Premium
SAL20250051422,2025-06-14,STR022,PRD00035,1,7229.47,0.0,7229.47,4889.28,Credit Card,Walk-in
SAL20250051423,2025-06-17,STR021,PRD00814,1,3265.17,0.0,3265.17,1889.37,Credit Card,Premium
SAL20250051424,2025-06-04,STR036,PRD01098,2,1920.11,0.0,3840.22,2245.72,Credit Card,Regular
SAL20250051425,2025-06-16,STR024,PRD01076,1,4373.35,0.05,4154.68,2595.55,Credit Card,Regular
SAL20250051426,2025-06-23,STR039,PRD00172,1,7151.58,0.0,7151.58,5253.3,Cash,Walk-in
SAL20250051427,2025-06-10,STR030,PRD01002,2,98.3,0.0,196.6,111.38,Debit Card,Walk-in
SAL20250051428,2025-06-15,STR025,PRD01096,2,3066.12,0.0,6132.24,3428.52,Cash,Premium
SAL20250051429,2025-06-16,STR013,PRD01080,1,1721.88,0.0,1721.88,771.73,Credit Card,Regular
SAL20250051430,2025-06-11,STR015,PRD00586,2,648.21,0.0,1296.42,880.02,UPI,Walk-in
SAL20250051431,2025-06-29,STR016,PRD00196,1,3177.64,0.0,3177.64,2246.88,Credit Card,Walk-in
SAL20250051432,2025-06-07,STR021,PRD00410,1,245.81,0.0,245.81,192.76,UPI,Walk-in
SAL20250051433,2025-06-11,STR038,PRD00819,3,2315.45,0.0,6946.35,4648.5,Debit Card,Walk-in
SAL20250051434,2025-06-11,STR024,PRD00754,3,372.52,0.0,1117.56,662.64,Credit Card,Walk-in
SAL20250051435,2025-06-07,STR041,PRD00283,4,917.06,0.0,3668.24,1725.88,Cash,Corporate
SAL20250051436,2025-06-02,STR028,PRD00494,5,893.47,0.0,4467.35,3413.65,UPI,Regular
SAL20250051437,2025-06-26,STR019,PRD00554,1,805.55,0.0,805.55,466.41,Credit Card,Walk-in
SAL20250051438,2025-06-06,STR030,PRD00808,1,2998.33,0.1,2698.5,1813.97,UPI,Premium
SAL20250051439,2025-06-18,STR010,PRD01067,1,922.58,0.0,922.58,564.84,UPI,Walk-in
SAL20250051440,2025-06-15,STR001,PRD00997,1,893.9,0.0,893.9,624.69,Credit Card,Regular
SAL20250051441,2025-06-19,STR010,PRD00994,1,1224.56,0.0,1224.56,633.19,Credit Card,Regular
SAL20250051442,2025-06-26,STR008,PRD00566,5,655.12,0.0,3275.6,2115.6,UPI,Walk-in
SAL20250051443,2025-06-12,STR040,PRD01034,5,310.11,0.1,1395.5,1088.6,Debit Card,Walk-in
SAL20250051444,2025-06-13,STR022,PRD00651,2,368.8,0.0,737.6,512.96,UPI,Regular
SAL20250051445,2025-06-29,STR010,PRD00787,1,291.05,0.1,261.94,189.14,Net Banking,Walk-in
SAL20250051446,2025-06-02,STR012,PRD00301,1,189.19,0.0,189.19,130.27,Credit Card,Regular
SAL20250051447,2025-06-25,STR026,PRD00483,6,634.79,0.1,3427.87,3185.76,UPI,Regular
SAL20250051448,2025-06-09,STR031,PRD00991,4,894.61,0.0,3578.44,2058.12,Debit Card,Regular
SAL20250051449,2025-06-13,STR017,PRD01080,1,1721.88,0.0,1721.88,771.73,Credit Card,Walk-in
SAL20250051450,2025-06-24,STR018,PRD01020,1,560.55,0.0,560.55,361.97,UPI,Regular
SAL20250051451,2025-06-17,STR014,PRD00765,2,1419.48,0.0,2838.96,1841.88,UPI,Walk-in
SAL20250051452,2025-06-02,STR007,PRD00166,1,4039.27,0.05,3837.31,2471.0,UPI,Regular
SAL20250051453,2025-06-19,STR040,PRD00181,1,4428.73,0.0,4428.73,3239.36,Debit Card,Regular
SAL20250051454,2025-06-11,STR009,PRD00727,1,737.62,0.0,737.62,442.28,Credit Card,Walk-in
SAL20250051455,2025-06-10,STR039,PRD00007,1,20090.22,0.0,20090.22,15462.2,Credit Card,Walk-in
SAL20250051456,2025-06-02,STR018,PRD00845,1,2226.26,0.0,2226.26,1523.41,UPI,Regular
SAL20250051457,2025-06-06,STR039,PRD00062,2,21073.23,0.0,42146.46,27597.18,Cash,Premium
SAL20250051458,2025-06-04,STR001,PRD00684,3,3989.77,0.0,11969.31,7396.62,Debit Card,Premium
SAL20250051459,2025-06-19,STR039,PRD01102,1,845.86,0.0,845.86,353.36,UPI,Regular
SAL20250051460,2025-06-27,STR026,PRD00588,1,125.09,0.0,125.09,90.39,UPI,Walk-in
SAL20250051461,2025-06-26,STR002,PRD00071,1,14423.02,0.0,14423.02,9605.63,Debit Card,Walk-in
SAL20250051462,2025-06-01,STR025,PRD00603,4,196.91,0.0,787.64,523.84,UPI,Regular
SAL20250051463,2025-06-25,STR031,PRD00936,5,964.58,0.1,4340.61,3102.65,Cash,Regular
SAL20250051464,2025-06-21,STR009,PRD00473,2,113.62,0.05,215.88,189.66,UPI,Corporate
SAL20250051465,2025-06-01,STR003,PRD00985,1,79.43,0.0,79.43,55.06,Cash,Premium
SAL20250051466,2025-06-01,STR030,PRD00755,1,511.82,0.0,511.82,344.31,Credit Card,Regular
SAL20250051467,2025-06-25,STR012,PRD00656,2,201.0,0.0,402.0,282.2,Debit Card,Regular
SAL20250051468,2025-06-16,STR041,PRD00095,1,18324.65,0.0,18324.65,13913.8,Credit Card,Regular
SAL20250051469,2025-06-17,STR010,PRD00782,2,3353.32,0.0,6706.64,3915.04,Net Banking,Regular
SAL20250051470,2025-06-22,STR020,PRD00833,4,1761.67,0.0,7046.68,3919.68,Credit Card,Premium
SAL20250051471,2025-06-10,STR039,PRD01030,2,525.24,0.1,945.43,635.14,Credit Card,Regular
SAL20250051472,2025-06-02,STR005,PRD00488,1,995.48,0.05,945.71,835.86,Cash,Walk-in
SAL20250051473,2025-06-09,STR029,PRD00193,1,5766.86,0.05,5478.52,4191.48,Credit Card,Regular
SAL20250051474,2025-06-15,STR026,PRD00172,1,7151.58,0.05,6794.0,5253.3,UPI,Walk-in
SAL20250051475,2025-06-07,STR010,PRD00710,1,4042.5,0.0,4042.5,2223.99,UPI,Walk-in
SAL20250051476,2025-06-22,STR016,PRD00132,1,22943.8,0.0,22943.8,17725.67,UPI,Regular
SAL20250051477,2025-06-19,STR013,PRD01102,2,845.86,0.0,1691.72,706.72,Credit Card,Walk-in
SAL20250051478,2025-06-11,STR031,PRD00435,4,718.79,0.0,2875.16,2336.68,Credit Card,Premium
SAL20250051479,2025-06-18,STR008,PRD01173,1,1034.88,0.05,983.14,495.72,UPI,Regular
SAL20250051480,2025-02-30,STR035,PRD00534,2,97.09,0.1,174.76,161.18,Credit Card,Walk-in
SAL20250051481,2025-06-22,STR007,PRD00721,2,2330.52,0.0,4661.04,3455.26,Cash,Walk-in
SAL20250051482,2025-06-26,STR040,PRD00596,2,666.12,0.0,1332.24,795.82,UPI,Regular
SAL20250051483,2025-06-02,STR008,PRD00119,1,21410.34,0.0,21410.34,16034.57,UPI,Regular
SAL20250051484,2025-06-20,STR005,PRD01158,1,7747.18,0.0,7747.18,4177.28,Credit Card,Premium
SAL20250051485,2025-06-16,STR016,PRD00945,3,871.49,0.0,2614.47,1650.72,Credit Card,Walk-in
SAL20250051486,2025-06-26,STR017,PRD01070,2,5540.5,0.05,10526.95,5153.54,UPI,Walk-in
SAL20250051487,2025-06-04,STR035,PRD00148,1,6813.06,0.0,6813.06,4694.28,Credit Card,Regular
SAL20250051488,2025-06-24,STR019,PRD00568,2,465.88,0.05,885.17,576.62,Debit Card,Walk-in
SAL20250051489,2025-06-28,STR019,PRD00009,1,10580.64,0.0,10580.64,8344.51,Credit Card,Premium
SAL20250051490,2025-06-10,STR033,PRD00989,2,922.35,0.0,1844.7,1184.22,Cash,Regular
SAL20250051491,2025-06-18,STR010,PRD00977,2,417.51,0.0,835.02,564.56,Credit Card,Regular
SAL20250051492,2025-06-04,STR010,PRD00407,5,687.91,0.0,3439.55,2667.0,Cash,Regular
SAL20250051493,2025-06-26,STR037,PRD00979,2,62.69,0.05,119.11,74.86,Credit Card,Regular
SAL20250051494,2025-06-23,STR031,PRD00862,2,1883.72,0.0,3767.44,2285.08,Debit Card,Walk-in
SAL20250051495,2025-06-02,STR008,PRD00949,6,855.15,0.0,5130.9,3401.1,Credit Card,Walk-in
SAL20250051496,2025-06-12,STR003,PRD01150,1,4074.75,0.0,4074.75,2372.04,Cash,Regular
SAL20250051497,2025-06-27,STR020,PRD01164,2,2114.79,0.1,3806.62,2217.42,UPI,Premium
SAL20250051498,2025-06-07,STR015,PRD01076,1,4373.35,0.0,4373.35,2595.55,UPI,Premium
SAL20250051499,2025-06-25,STR016,PRD00284,2,170.59,0.0,341.18,207.06,Credit Card,Walk-in
SAL20250051500,2025-06-28,STR017,PRD00218,1,7357.64,0.0,7357.64,5051.02,UPI,Walk-in
SAL20250051501,2025-06-19,STR001,PRD00301,2,189.19,0.0,378.38,260.54,Debit Card,Regular
SAL20250051502,2025-06-14,STR009,PRD00129,1,19597.62,0.05,18617.74,15263.15,Credit Card,Walk-in
SAL20250051503,2025-06-13,STR024,PRD00588,2,125.09,0.05,237.67,180.78,Cash,Premium
SAL20250051504,2025-06-26,STR028,PRD00824,1,3034.92,0.0,3034.92,2166.53,UPI,Regular
SAL20250051505,2025-06-17,STR011,PRD00409,1,950.85,0.0,950.85,738.11,UPI,Corporate
SAL20250051506,2025-06-18,STR032,PRD00613,3,239.41,0.0,718.23,535.83,Credit Card,Premium
SAL20250051507,2025-06-02,STR005,PRD00270,4,1213.51,0.0,4854.04,3076.24,Cash,Premium
SAL20250051508,2025-06-07,STR040,PRD00597,3,765.55,0.0,2296.65,1331.46,Debit Card,Regular
SAL20250051509,2025-06-27,STR005,PRD00079,1,19037.37,0.0,19037.37,13485.77,Credit Card,Premium
SAL20250051510,2025-06-14,STR008,PRD00361,2,1524.53,0.0,3049.06,1651.4,Net Banking,Walk-in
SAL20250051511,2025-06-10,STR015,PRD00416,1,833.51,0.0,833.51,691.79,UPI,Walk-in
SAL20250051512,2025-06-18,STR026,PRD00033,1,2653.86,0.0,2653.86,1783.28,Net Banking,Regular
SAL20250051513,2025-06-04,STR036,PRD00910,1,2302.88,0.0,2302.88,1579.69,UPI,Premium
SAL20250051514,2025-06-15,STR008,PRD00703,1,940.1,0.0,940.1,700.55,Net Banking,Walk-in
SAL20250051515,2025-06-05,STR040,PRD00288,1,827.89,0.1,745.1,439.36,Credit Card,Regular
SAL20250051516,2025-06-30,STR027,PRD00548,1,172.01,0.0,172.01,120.36,UPI,Walk-in
SAL20250051517,2025-06-02,STR028,PRD00622,1,644.0,0.0,644.0,399.79,Net Banking,Walk-in
SAL20250051518,2025-06-25,STR025,PRD00275,1,1560.95,0.0,1560.95,847.9,Debit Card,Walk-in
SAL20250051519,2025-06-02,STR007,PRD00466,2,725.28,0.0,1450.56,1259.44,Debit Card,Regular
SAL20250051520,2025-06-29,STR005,PRD00318,2,184.33,0.0,368.66,237.54,UPI,Walk-in
SAL20250051521,2025-06-10,STR036,PRD01004,1,128.91,0.0,128.91,65.93,Cash,Walk-in
SAL20250051522,2025-06-23,STR036,PRD00057,1,2490.08,0.1,2241.07,2005.73,Credit Card,Regular
SAL20250051523,2025-06-20,STR019,PRD00023,1,6541.47,0.1,5887.32,4428.32,Credit Card,Walk-in
SAL20250051524,2025-06-22,STR034,PRD00709,1,232.93,0.0,232.93,153.05,Credit Card,Walk-in
SAL20250051525,2025-06-17,STR012,PRD00258,1,2441.64,0.0,2441.64,1594.77,UPI,Walk-in
SAL20250051526,2025-06-08,STR023,PRD01019,4,948.07,0.0,3792.28,1959.0,Credit Card,Corporate
SAL20250051527,2025-06-22,STR018,PRD00511,1,709.29,0.0,709.29,559.18,Debit Card,Regular
SAL20250051528,2025-06-03,STR013,PRD00299,1,1362.69,0.0,1362.69,823.3,UPI,Premium
SAL20250051529,2025-06-13,STR033,PRD00015,1,3619.87,0.0,3619.87,2931.59,Debit Card,Walk-in
SAL20250051530,2025-06-17,STR037,PRD00531,6,217.65,0.05,1240.61,1093.2,UPI,Regular
SAL20250051531,2025-06-29,STR007,PRD01027,3,412.95,0.1,1114.96,677.16,UPI,Walk-in
SAL20250051532,2025-06-26,STR026,PRD00145,1,2570.9,0.1,2313.81,1687.81,UPI,Corporate
SAL20250051533,2025-06-14,STR013,PRD00754,3,372.52,0.0,1117.56,662.64,Cash,Regular
SAL20250051534,2025-06-24,STR001,PRD00387,1,446.12,0.05,423.81,248.3,UPI,Premium
SAL20250051535,2025-06-13,STR041,PRD00991,5,894.61,0.0,4473.05,2572.65,Credit Card,Regular
SAL20250051536,2025-06-29,STR007,PRD01091,1,5878.46,0.0,5878.46,2808.85,Credit Card,Walk-in
SAL20250051537,2025-06-16,STR016,PRD00551,1,585.58,0.1,527.02,430.57,UPI,Walk-in
SAL20250051538,2025-06-30,STR014,PRD00132,1,22943.8,0.0,22943.8,17725.67,UPI,Walk-in
SAL20250051539,2025-06-27,STR035,PRD01071,1,5607.68,0.0,5607.68,3412.0,Cash,Premium
SAL20250051540,2025-06-23,STR037,PRD00291,3,469.9,0.0,1409.7,839.28,Credit Card,Premium
SAL20250051541,2025-06-10,STR030,PRD01190,1,7433.72,0.0,7433.72,3770.31,Cash,Walk-in
SAL20250051542,2025-06-11,STR030,PRD00658,1,338.62,0.0,338.62,227.68,UPI,Regular
SAL20250051543,2025-06-22,STR038,PRD00022,1,22149.39,0.05,21041.92,16337.37,UPI,Corporate
SAL20250051544,2025-06-15,STR006,PRD00261,1,8333.44,0.1,7500.1,5118.51,Credit Card,Premium
SAL20250051545,2025-06-10,STR009,PRD00152,2,8357.62,0.0,16715.24,10843.64,UPI,Regular
SAL20250051546,2025-06-12,STR010,PRD00959,2,664.61,0.0,1329.22,805.38,UPI,Premium
SAL20250051547,2025-06-21,STR024,PRD00125,1,1511.82,0.0,1511.82,1056.29,Credit Card,Regular
SAL20250051548,2025-06-20,STR010,PRD01147,2,6760.77,0.1,12169.39,7726.56,UPI,Walk-in
SAL20250051549,2025-06-06,STR040,PRD00058,1,3380.1,0.0,3380.1,2568.5,Credit Card,Walk-in
SAL20250051550,2025-06-05,STR037,PRD00468,3,180.53,0.0,541.59,444.96,Credit Card,Walk-in
SAL20250051551,2025-06-17,STR008,PRD00042,1,15775.49,0.0,15775.49,11939.67,UPI,Corporate
SAL20250051552,2025-06-20,STR002,PRD01025,5,56.45,0.0,282.25,150.75,Debit Card,Regular
SAL20250051553,2025-06-01,STR026,PRD00102,1,21236.57,0.0,21236.57,16141.17,UPI,Regular
SAL20250051554,2025-06-12,STR037,PRD00196,1,3177.64,0.0,3177.64,2246.88,Debit Card,Regular
SAL20250051555,2025-06-13,STR014,PRD00387,1,446.12,0.0,446.12,248.3,Cash,Premium
SAL20250051556,2025-06-15,STR016,PRD00271,1,660.1,0.05,627.1,418.6,Credit Card,Premium
SAL20250051557,2025-06-16,STR035,PRD00233,1,9134.67,0.05,8677.94,7104.84,UPI,Corporate
SAL20250051558,2025-06-08,STR024,PRD01043,1,134.43,0.0,134.43,80.46,Debit Card,Walk-in
SAL20250051559,2025-06-23,STR034,PRD00306,1,1349.3,0.0,1349.3,771.94,Debit Card,Regular
SAL20250051560,2025-06-11,STR005,PRD00368,3,927.52,0.0,2782.56,1763.79,Debit Card,Regular
SAL20250051561,2025-06-22,STR026,PRD00430,10,129.33,0.0,1293.3,1087.0,UPI,Regular
SAL20250051562,2025-06-03,STR032,PRD00169,3,8761.68,0.0,26285.04,16886.01,UPI,Walk-in
SAL20250051563,2025-06-10,STR002,PRD00902,2,258.19,0.0,516.38,308.14,UPI,Premium
SAL20250051564,2025-06-24,STR041,PRD00462,1,271.55,0.0,271.55,205.26,Credit Card,Premium
SAL20250051565,2025-06-09,STR040,PRD00447,5,458.65,0.0,2293.25,1778.3,Credit Card,Corporate
SAL20250051566,2025-06-23,STR013,PRD01155,1,7374.97,0.05,7006.22,3660.91,Debit Card,Walk-in
SAL20250051567,2025-06-04,STR002,PRD00710,1,4042.5,0.0,4042.5,2223.99,UPI,Regular
SAL20250051568,2025-06-21,STR040,PRD00789,1,4846.68,0.0,4846.68,2934.91,UPI,Walk-in
SAL20250051569,2025-06-24,STR029,PRD00653,2,614.39,0.05,1167.34,895.52,UPI,Premium
SAL20250051570,2025-06-24,STR033,PRD01040,5,466.28,0.0,2331.4,1653.85,Credit Card,Premium
SAL20250051571,2025-06-14,STR033,PRD00712,3,1580.0,0.0,4740.0,2841.45,UPI,Premium
SAL20250051572,2025-06-05,STR013,PRD00307,4,743.28,0.0,2973.12,1931.28,UPI,Regular
SAL20250051573,2025-06-14,STR018,PRD00103,1,4104.09,0.05,3898.89,2941.45,Debit Card,Walk-in
SAL20250051574,2025-06-17,STR025,PRD01174,1,4967.43,0.1,4470.69,2664.97,UPI,Regular
SAL20250051575,2025-06-13,STR028,PRD00717,1,402.54,0.1,362.29,262.23,UPI,Regular
SAL20250051576,2025-06-27,STR010,PRD01187,1,5464.91,0.0,5464.91,3354.99,Credit Card,Premium
SAL20250051577,2025-06-12,STR004,PRD00381,1,931.15,0.0,931.15,531.28,Cash,Premium
SAL20250051578,2025-06-08,STR028,PRD01155,1,7374.97,0.0,7374.97,3660.91,Credit Card,Premium
SAL20250051579,2025-06-07,STR030,PRD00062,1,21073.23,0.0,21073.23,13798.59,Debit Card,Walk-in
SAL20250051580,2025-06-02,STR009,PRD01145,1,3609.72,0.0,3609.72,2080.21,Debit Card,Regular
SAL20250051581,2025-06-29,STR006,PRD00446,4,1037.38,0.0,4149.52,3525.64,Debit Card,Walk-in
SAL20250051582,2025-06-02,STR012,PRD00858,1,1066.62,0.0,1066.62,695.16,Credit Card,Regular
SAL20250051583,2025-06-06,STR034,PRD00371,1,199.9,0.1,179.91,113.45,Cash,Walk-in
SAL20250051584,2025-06-03,STR021,PRD00144,2,7333.73,0.0,14667.46,9928.14,Credit Card,Premium
SAL20250051585,2025-06-24,STR036,PRD00188,1,6172.58,0.0,6172.58,4027.57,Debit Card,Regular
SAL20250051586,2025-06-14,STR020,PRD00844,1,3943.03,0.0,3943.03,2224.57,UPI,Regular
SAL20250051587,2025-06-21,STR038,PRD00057,1,2490.08,0.0,2490.08,2005.73,Credit Card,Premium
SAL20250051588,2025-06-18,STR025,PRD00077,1,14848.8,0.1,13363.92,12077.21,UPI,Regular
SAL20250051589,2025-06-30,STR014,PRD00102,2,21236.57,0.05,40349.48,32282.34,Debit Card,Regular
SAL20250051590,2025-06-11,STR005,PRD00254,1,11020.14,0.0,11020.14,6776.21,UPI,Regular
SAL20250051591,2025-06-09,STR013,PRD00455,2,683.36,0.0,1366.72,1126.94,Cash,Walk-in
SAL20250051592,2025-06-08,STR029,PRD00738,1,984.8,0.0,984.8,687.04,UPI,Regular
SAL20250051593,2025-06-09,STR013,PRD00687,3,2662.45,0.0,7987.35,5367.51,Cash,Regular
SAL20250051594,2025-06-11,STR018,PRD01168,1,4286.69,0.0,4286.69,2474.04,UPI,Regular
SAL20250051595,2025-06-05,STR006,PRD00894,1,2403.9,0.05,2283.7,1608.16,UPI,Walk-in
SAL20250051596,2025-06-27,STR029,PRD01182,3,9675.4,0.0,29026.2,12796.68,Debit Card,Regular
SAL20250051597,2025-06-09,STR034,PRD00738,1,984.8,0.0,984.8,687.04,Credit Card,Regular
SAL20250051598,2025-06-13,STR014,PRD01152,1,2969.91,0.1,2672.92,1378.7,UPI,Regular
SAL20250051599,2025-06-12,STR002,PRD01171,1,6541.96,0.05,6214.86,2623.89,Credit Card,Walk-in
SAL20250051600,2025-06-21,STR012,PRD00773,1,733.06,0.0,733.06,518.45,Credit Card,Regular
SAL20250051601,2025-06-17,STR016,PRD00141,2,2559.21,0.0,5118.42,3888.58,Cash,Premium
SAL20250051602,2025-06-27,STR011,PRD00098,1,13136.22,0.0,13136.22,10206.01,Credit Card,Regular
SAL20250051603,2025-06-04,STR040,PRD00857,1,3027.87,0.0,3027.87,2160.84,UPI,Corporate
SAL20250051604,2025-06-22,STR021,PRD00388,1,522.1,0.0,522.1,256.49,Cash,Premium
SAL20250051605,2025-06-23,STR034,PRD00252,1,10910.07,0.0,10910.07,7523.25,UPI,Walk-in
SAL20250051606,2025-06-06,STR004,PRD00291,2,469.9,0.0,939.8,559.52,UPI,Regular
SAL20250051607,2025-06-12,STR038,PRD00647,1,284.75,0.0,284.75,189.07,Debit Card,Regular
SAL20250051608,2025-06-02,STR011,PRD01046,1,946.12,0.0,946.12,526.29,Credit Card,Regular
SAL20250051609,2025-06-17,STR040,PRD00901,1,3120.68,0.1,2808.61,2071.57,Debit Card,Regular
SAL20250051610,2025-06-13,STR008,PRD00159,1,4881.58,0.0,4881.58,3676.52,UPI,Regular
SAL20250051611,2025-06-07,STR012,PRD01191,1,6431.83,0.0,6431.83,4011.49,Net Banking,Regular
SAL20250051612,2025-06-12,STR035,PRD00775,1,3571.78,0.0,3571.78,1976.55,Credit Card,Premium
SAL20250051613,2025-06-14,STR031,PRD00181,2,4428.73,0.0,8857.46,6478.72,UPI,Walk-in
SAL20250051614,2025-06-10,STR027,PRD00432,2,845.55,0.0,1691.1,1294.08,UPI,Corporate
SAL20250051615,2025-06-24,STR028,PRD01096,1,3066.12,0.0,3066.12,1714.26,UPI,Walk-in
SAL20250051616,2025-06-05,STR036,PRD01037,1,431.13,0.0,431.13,232.19,UPI,Premium
SAL20250051617,2025-06-13,STR013,PRD00875,4,258.44,0.0,1033.76,603.6,Cash,Walk-in
SAL20250051618,2025-06-22,STR018,PRD01068,1,5954.4,0.0,5954.4,3495.2,Credit Card,Regular
SAL20250051619,2025-06-17,STR026,PRD00945,4,871.49,0.0,3485.96,2200.96,UPI,Regular
SAL20250051620,2025-06-06,STR033,PRD00231,1,9171.94,0.0,9171.94,6705.09,Cash,Regular
SAL20250051621,2025-06-10,STR010,PRD00254,1,11020.14,0.0,11020.14,6776.21,UPI,Corporate
SAL20250051622,2025-06-08,STR006,PRD00855,2,2084.62,0.0,4169.24,3051.1,UPI,Premium
SAL20250051623,2025-06-01,STR011,PRD00119,1,21410.34,0.0,21410.34,16034.57,UPI,Walk-in
SAL20250051624,2025-06-10,STR034,PRD00621,5,335.41,0.1,1509.35,1177.15,Credit Card,Premium
SAL20250051625,2025-06-08,STR034,PRD00446,5,1037.38,0.0,5186.9,4407.05,UPI,Premium
SAL20250051626,2025-06-20,STR033,PRD00112,1,3948.48,0.05,3751.06,3127.23,UPI,Walk-in
SAL20250051627,2025-06-12,STR020,PRD00722,1,2039.88,0.0,2039.88,1170.85,UPI,Regular
SAL20250051628,2025-06-24,STR015,PRD00374,2,1242.75,0.1,2236.95,1476.66,Debit Card,Premium
SAL20250051629,2025-06-21,STR020,PRD00789,4,4846.68,0.0,19386.72,11739.64,UPI,Walk-in
SAL20250051630,2025-06-17,STR014,PRD00630,4,612.41,0.0,2449.64,1445.8,Debit Card,Regular
SAL20250051631,2025-06-08,STR023,PRD00935,6,821.43,0.0,4928.58,3516.6,Credit Card,Premium
SAL20250051632,2025-06-20,STR002,PRD00718,1,2341.08,0.0,2341.08,1675.99,UPI,Walk-in
SAL20250051633,2025-06-22,STR004,PRD00559,3,674.89,0.0,2024.67,1264.68,UPI,Regular
SAL20250051634,2025-06-16,STR008,PRD00944,1,197.23,0.0,197.23,127.82,Debit Card,Regular
SAL20250051635,2025-06-26,STR033,PRD00764,4,3332.71,0.0,13330.84,7344.44,UPI,Premium
SAL20250051636,2025-06-12,STR041,PRD00684,1,3989.77,0.0,3989.77,2465.54,UPI,Regular
SAL20250051637,2025-06-12,STR003,PRD01019,1,948.07,0.0,948.07,489.75,UPI,Regular
SAL20250051638,2025-06-25,STR007,PRD00220,1,5859.46,0.0,5859.46,4561.44,Debit Card,Walk-in
SAL20250051639,2025-06-06,STR005,PRD00429,10,725.58,0.1,6530.22,5500.1,Credit Card,Premium
SAL20250051640,2025-06-17,STR023,PRD01112,1,3077.42,0.0,3077.42,1558.19,Debit Card,Walk-in
SAL20250051641,2025-06-27,STR034,PRD00872,1,467.45,0.0,467.45,333.62,Cash,Regular
SAL20250051642,2025-06-11,STR015,PRD00385,3,460.87,0.0,1382.61,835.56,UPI,Regular
SAL20250051643,2025-06-14,STR027,PRD00993,3,168.95,0.0,506.85,260.76,UPI,Regular
SAL20250051644,2025-06-22,STR026,PRD00368,2,927.52,0.0,1855.04,1175.86,Credit Card,Corporate
SAL20250051645,2025-06-11,STR027,PRD00382,1,534.11,0.1,480.7,292.91,UPI,Premium
SAL20250051646,2025-06-30,STR017,PRD00648,2,715.75,0.0,1431.5,914.54,UPI,Walk-in
SAL20250051647,2025-06-29,STR029,PRD00341,4,977.08,0.0,3908.32,2422.24,Debit Card,Regular
SAL20250051648,2025-06-02,STR004,PRD00552,1,296.06,0.1,266.45,194.94,Debit Card,Premium
SAL20250051649,2025-06-28,STR024,PRD00446,1,1037.38,0.0,1037.38,881.41,UPI,Regular
SAL20250051650,2025-06-23,STR036,PRD01020,2,560.55,0.0,1121.1,723.94,Cash,Corporate
SAL20250051651,2025-06-02,STR003,PRD00813,1,3086.68,0.0,3086.68,2009.41,Credit Card,Premium
SAL20250051652,2025-06-16,STR013,PRD00652,1,210.65,0.1,189.59,137.0,Credit Card,Regular
SAL20250051653,2025-06-09,STR016,PRD00585,1,401.86,0.1,361.67,289.65,Debit Card,Regular
SAL20250051654,2025-06-19,STR023,PRD01020,5,560.55,0.0,2802.75,1809.85,Credit Card,Regular
SAL20250051655,2025-06-11,STR007,PRD00900,2,3167.3,0.0,6334.6,3922.1,UPI,Regular
SAL20250051656,2025-06-19,STR031,PRD01121,4,2103.52,0.1,7572.67,3898.32,UPI,Premium
SAL20250051657,2025-06-25,STR035,PRD00296,1,250.04,0.0,250.04,121.63,UPI,Walk-in
SAL20250051658,2025-06-27,STR015,PRD00331,1,133.4,0.0,133.4,89.83,Debit Card,Premium
SAL20250051659,2025-06-27,STR039,PRD00232,1,6785.18,0.05,6445.92,4843.37,UPI,Walk-in
SAL20250051660,2025-06-11,STR035,PRD00815,1,2750.26,0.1,2475.23,1847.59,Cash,Walk-in
SAL20250051661,2025-06-06,STR008,PRD01152,1,2969.91,0.1,2672.92,1378.7,Net Banking,Regular
SAL20250051662,2025-06-18,STR011,PRD01092,1,5535.53,0.0,5535.53,2634.51,UPI,Premium
SAL20250051663,2025-06-27,STR026,PRD00561,2,111.53,0.1,200.75,150.98,UPI,Premium
SAL20250051664,2025-06-03,STR009,PRD00765,4,1419.48,0.0,5677.92,3683.76,Credit Card,Premium
SAL20250051665,2025-06-19,STR021,PRD00653,2,614.39,0.0,1228.78,895.52,Credit Card,Walk-in
SAL20250051666,2025-06-17,STR022,PRD00547,3,105.91,0.05,301.84,228.81,UPI,Premium
SAL20250051667,2025-06-10,STR035,PRD00663,3,109.46,0.05,311.96,188.7,Net Banking,Walk-in
SAL20250051668,2025-06-12,STR024,PRD00096,1,1587.91,0.0,1587.91,1154.69,Cash,Regular
SAL20250051669,2025-06-27,STR041,PRD00009,1,10580.64,0.05,10051.61,8344.51,UPI,Regular
SAL20250051670,2025-06-07,STR003,PRD00799,1,3907.93,0.0,3907.93,2458.58,Debit Card,Regular
SAL20250051671,2025-06-29,STR020,PRD00431,5,614.87,0.0,3074.35,2606.0,Net Banking,Regular
SAL20250051672,2025-06-27,STR014,PRD01027,1,412.95,0.05,392.3,225.72,UPI,Premium
SAL20250051673,2025-06-24,STR012,PRD00056,1,11452.31,0.0,11452.31,8581.01,Debit Card,Regular
SAL20250051674,2025-06-11,STR020,PRD00234,1,3859.31,0.05,3666.34,2374.04,Cash,Regular
SAL20250051675,2025-06-03,STR003,PRD00625,1,629.94,0.0,629.94,432.91,Credit Card,Regular
SAL20250051676,2025-06-04,STR029,PRD00593,1,596.07,0.0,596.07,385.84,UPI,Regular
SAL20250051677,2025-06-27,STR002,PRD01004,2,128.91,0.0,257.82,131.86,Credit Card,Walk-in
SAL20250051678,2025-06-24,STR010,PRD01182,1,9675.4,0.0,9675.4,4265.56,UPI,Walk-in
SAL20250051679,2025-06-25,STR025,PRD00177,1,10270.98,0.1,9243.88,7398.07,UPI,Walk-in
SAL20250051680,2025-06-20,STR023,PRD00931,2,1839.81,0.0,3679.62,2493.76,Credit Card,Regular
SAL20250051681,2025-06-20,STR034,PRD00031,1,18632.2,0.1,16768.98,13903.81,Credit Card,Walk-in
SAL20250051682,2025-06-22,STR018,PRD00981,2,76.61,0.1,137.9,108.48,Credit Card,Walk-in
SAL20250051683,2025-06-20,STR034,PRD00522,1,1139.79,0.1,1025.81,875.83,UPI,Regular
SAL20250051684,2025-06-12,STR002,PRD01141,3,1387.21,0.0,4161.63,2431.95,Debit Card,Regular
SAL20250051685,2025-06-01,STR029,PRD00027,1,21177.44,0.0,21177.44,15886.64,UPI,Walk-in
SAL20250051686,2025-06-21,STR007,PRD00548,10,172.01,0.0,1720.1,1203.6,Net Banking,Regular
SAL20250051687,2025-06-07,STR012,PRD01181,1,2062.42,0.0,2062.42,1282.83,Cash,Regular
SAL20250051688,2025-06-05,STR023,PRD01058,5,211.57,0.0,1057.85,725.1,UPI,Walk-in
SAL20250051689,2025-06-12,STR021,PRD01093,2,4476.19,0.0,8952.38,5774.04,UPI,Walk-in
SAL20250051690,2025-06-10,STR033,PRD00595,1,524.85,0.0,524.85,364.52,UPI,Premium
SAL20250051691,2025-06-30,STR032,PRD00323,3,361.28,0.1,975.46,564.45,UPI,Regular
SAL20250051692,2025-06-03,STR041,PRD00505,1,1140.95,0.05,1083.9,860.47,UPI,Regular
SAL20250051693,2025-06-30,STR020,PRD00236,1,5591.1,0.0,5591.1,3989.78,Debit Card,Premium
SAL20250051694,2025-06-13,STR002,PRD00480,1,103.25,0.0,103.25,86.17,UPI,Walk-in
SAL20250051695,2025-06-16,,PRD00538,3,57.89,0.0,173.67,125.34,Debit Card,Walk-in
SAL20250051696,2025-06-01,STR017,PRD00788,2,3329.23,0.0,6658.46,4210.4,Credit Card,Regular
SAL20250051697,2025-06-25,STR013,PRD01041,3,954.2,0.0,2862.6,1598.43,Credit Card,Walk-in
SAL20250051698,2025-06-16,STR011,PRD00862,3,1883.72,0.0,5651.16,3427.62,Net Banking,Walk-in
SAL20250051699,2025-06-12,STR025,PRD00312,2,662.59,0.0,1325.18,776.38,Debit Card,Regular
SAL20250051700,2025-06-26,STR017,PRD01129,3,691.29,0.0,2073.87,843.36,Net Banking,Regular
SAL20250051701,2025-06-22,STR013,PRD00611,1,51.03,0.1,45.93,37.81,UPI,Corporate
SAL20250051702,2025-06-20,STR006,PRD00555,1,381.92,0.0,381.92,219.79,Debit Card,Regular
SAL20250051703,2025-06-13,STR008,PRD00522,1,1139.79,0.0,1139.79,875.83,Net Banking,Regular
SAL20250051704,2025-06-18,STR021,PRD00657,3,272.71,0.05,777.22,482.52,Credit Card,Walk-in
SAL20250051705,2025-06-05,STR041,PRD01182,1,9675.4,0.0,9675.4,4265.56,UPI,Regular
SAL20250051706,2025-06-18,STR023,PRD00485,1,693.22,0.0,693.22,593.15,Cash,Regular
SAL20250051707,2025-06-09,STR032,PRD00385,2,460.87,0.0,921.74,557.04,Cash,Regular
SAL20250051708,2025-06-05,STR032,PRD00401,2,743.9,0.0,1487.8,1256.8,UPI,Regular
SAL20250051709,2025-06-22,STR019,PRD00307,3,743.28,0.0,2229.84,1448.46,Credit Card,Premium
SAL20250051710,2025-06-27,STR002,PRD00550,2,639.85,0.0,1279.7,729.84,UPI,Premium
SAL20250051711,2025-06-20,STR032,PRD00073,1,23649.92,0.0,23649.92,17123.4,UPI,Walk-in
SAL20250051712,2025-06-06,STR038,PRD00933,4,3527.61,0.0,14110.44,8721.2,Debit Card,Regular
SAL20250051713,2025-06-17,STR016,PRD00371,1,199.9,0.05,189.91,113.45,UPI,Walk-in
SAL20250051714,2025-06-15,STR019,PRD00716,1,1780.84,0.0,1780.84,1007.46,UPI,Premium
SAL20250051715,2025-06-11,STR026,PRD01104,1,7758.33,0.0,7758.33,3488.36,UPI,Walk-in
SAL20250051716,2025-06-30,STR035,PRD00088,1,22406.29,0.0,22406.29,17527.4,UPI,Regular
SAL20250051717,2025-06-23,STR001,PRD00481,3,391.79,0.0,1175.37,950.28,UPI,Premium
SAL20250051718,2025-06-17,STR013,PRD00101,1,2548.25,0.05,2420.84,1803.25,UPI,Walk-in
SAL20250051719,2025-06-28,STR040,PRD00913,2,3252.33,0.0,6504.66,4321.0,Debit Card,Regular
SAL20250051720,2025-06-16,STR001,PRD01036,1,177.81,0.0,177.81,125.17,Cash,Walk-in
SAL20250051721,2025-06-16,STR040,PRD00373,1,159.48,0.0,159.48,85.54,UPI,Regular
SAL20250051722,2025-06-24,STR019,PRD00326,2,1442.32,0.1,2596.18,1362.86,UPI,Regular
SAL20250051723,2025-06-04,STR024,PRD00880,2,430.21,0.0,860.42,587.88,Credit Card,Premium
SAL20250051724,2025-06-28,STR005,PRD00126,1,8140.39,0.0,8140.39,6131.32,UPI,Regular
SAL20250051725,2025-06-13,STR041,PRD00023,3,6541.47,0.1,17661.97,13284.96,Credit Card,Regular
SAL20250051726,2025-06-06,STR016,PRD00259,2,1699.09,0.1,3058.36,2466.0,Credit Card,Premium
SAL20250051727,2025-06-15,STR017,PRD00775,2,3571.78,0.0,7143.56,3953.1,Credit Card,Regular
SAL20250051728,2025-06-24,STR035,PRD00040,1,26675.54,0.0,26675.54,17487.01,Debit Card,Walk-in
SAL20250051729,2025-06-13,STR005,PRD00769,1,1757.79,0.0,1757.79,1242.17,Debit Card,Walk-in
SAL20250051730,2025-06-13,STR018,PRD00849,1,315.58,0.0,315.58,211.78,Debit Card,Regular
SAL20250051731,2025-06-27,STR018,PRD00941,1,737.4,0.0,737.4,511.09,UPI,Regular
SAL20250051732,2025-06-11,STR030,PRD00941,3,737.4,0.05,2101.59,1533.27,Net Banking,Regular
SAL20250051733,2025-06-18,STR031,PRD00826,1,174.23,0.1,156.81,120.2,Debit Card,Corporate
SAL20250051734,2025-06-10,STR030,PRD00907,1,1536.02,0.05,1459.22,976.87,UPI,Premium
SAL20250051735,2025-06-02,STR002,PRD00715,1,2949.53,0.0,2949.53,1984.0,Debit Card,Walk-in
SAL20250051736,2025-06-16,STR033,PRD00781,1,2809.53,0.0,2809.53,2070.84,UPI,Regular
SAL20250051737,2025-06-21,STR024,PRD00991,2,894.61,0.0,1789.22,1029.06,Credit Card,Walk-in
SAL20250051738,2025-06-23,STR034,PRD00507,2,259.46,0.0,518.92,430.7,Credit Card,Premium
SAL20250051739,2025-06-28,STR004,PRD00102,1,21236.57,0.0,21236.57,16141.17,UPI,Regular
SAL20250051740,2025-06-04,STR023,PRD00458,1,587.81,0.0,587.81,445.92,Credit Card,Corporate
SAL20250051741,2025-06-26,STR002,PRD00667,6,129.77,0.0,778.62,546.3,Debit Card,Walk-in
SAL20250051742,2025-06-05,STR025,PRD00342,1,1186.13,0.0,1186.13,698.17,Credit Card,Regular
SAL20250051743,2025-06-10,STR015,PRD01040,1,466.28,0.0,466.28,330.77,Net Banking,Premium
SAL20250051744,2025-06-15,STR001,PRD01072,1,354.49,0.0,354.49,220.0,Cash,Regular
SAL20250051745,2025-06-28,STR035,PRD00952,1,892.13,0.0,892.13,502.71,Debit Card,Regular
SAL20250051746,2025-06-20,STR023,PRD01194,2,6442.41,0.0,12884.82,7770.36,UPI,Corporate
SAL20250051747,2025-06-24,STR028,PRD00056,1,11452.31,0.1,10307.08,8581.01,UPI,Walk-in
SAL20250051748,2025-06-21,STR021,PRD00833,1,1761.67,0.0,1761.67,979.92,Credit Card,Walk-in
SAL20250051749,2025-06-15,STR021,PRD00464,4,598.64,0.0,2394.56,1833.96,UPI,Regular
SAL20250051750,2025-06-06,STR010,PRD00456,5,215.04,0.0,1075.2,849.95,UPI,Walk-in
SAL20250051751,2025-06-23,STR037,PRD00128,1,13672.72,0.0,13672.72,8963.81,UPI,Regular
SAL20250051752,2025-06-07,STR026,PRD00165,3,10264.9,0.0,30794.7,20015.49,Credit Card,Walk-in
SAL20250051753,2025-06-22,STR019,PRD00068,1,10777.06,0.0,10777.06,8694.54,Credit Card,Walk-in
SAL20250051754,2025-06-02,STR007,PRD01158,1,7747.18,0.0,7747.18,4177.28,Debit Card,Regular
SAL20250051755,2025-06-13,STR037,PRD01183,1,7827.71,0.0,7827.71,3332.0,UPI,Walk-in
SAL20250051756,2025-06-05,STR013,PRD00077,2,14848.8,0.0,29697.6,24154.42,UPI,Regular
SAL20250051757,2025-06-29,STR016,PRD00297,1,1248.97,0.0,1248.97,631.06,UPI,Walk-in
SAL20250051758,2025-06-23,STR019,PRD01023,1,241.67,0.0,241.67,133.28,Debit Card,Regular
SAL20250051759,2025-06-11,STR025,PRD00394,2,327.5,0.0,655.0,437.02,Cash,Walk-in
SAL20250051760,2025-06-22,STR015,PRD00121,1,13928.8,0.0,13928.8,9332.33,UPI,Walk-in
SAL20250051761,2025-06-21,STR006,PRD00119,1,21410.34,0.0,21410.34,16034.57,Cash,Walk-in
SAL20250051762,2025-06-13,STR024,PRD01009,2,52.33,0.0,104.66,58.78,UPI,Regular
SAL20250051763,2025-06-13,STR038,PRD00552,3,296.06,0.0,888.18,584.82,UPI,Regular
SAL20250051764,2025-06-04,STR030,PRD00291,1,469.9,0.0,469.9,279.76,Credit Card,Regular
SAL20250051765,2025-06-07,STR015,PRD00475,1,749.71,0.0,749.71,568.96,Cash,Regular
SAL20250051766,2025-06-27,STR027,PRD01135,1,2481.4,0.0,2481.4,1259.74,Debit Card,Regular
SAL20250051767,2025-06-21,STR016,PRD00910,1,2302.88,0.0,2302.88,1579.69,UPI,Regular
SAL20250051768,2025-06-28,STR016,PRD00334,1,796.78,0.0,796.78,400.76,UPI,Regular
SAL20250051769,2025-06-13,STR040,PRD01162,3,3657.07,0.0,10971.21,6051.87,Cash,Regular
SAL20250051770,2025-06-27,STR041,PRD00189,1,8529.1,0.0,8529.1,5554.64,UPI,Regular
SAL20250051771,2025-06-19,STR039,PRD00334,2,796.78,0.0,1593.56,801.52,UPI,Premium
SAL20250051772,2025-06-14,STR016,PRD00815,1,2750.26,0.0,2750.26,1847.59,Debit Card,Regular
SAL20250051773,2025-06-25,STR022,PRD00370,3,676.23,0.0,2028.69,1353.99,UPI,Regular
SAL20250051774,2025-06-16,STR008,PRD00604,5,254.69,0.0,1273.45,759.5,UPI,Regular
SAL20250051775,2025-06-03,STR016,PRD01143,2,5565.18,0.0,11130.36,6314.64,Credit Card,Walk-in
SAL20250051776,2025-06-23,STR024,PRD00745,1,2529.52,0.0,2529.52,1829.18,UPI,Premium
SAL20250051777,2025-06-02,STR031,PRD00438,1,638.02,0.0,638.02,486.89,Debit Card,Regular
SAL20250051778,2025-06-12,STR002,PRD00094,1,15405.56,0.0,15405.56,12408.34,UPI,Regular
SAL20250051779,2025-06-04,STR012,PRD00281,2,679.79,0.05,1291.6,787.04,Credit Card,Premium
SAL20250051780,2025-06-20,STR018,PRD00024,1,23723.95,0.0,23723.95,15500.24,Debit Card,Premium
SAL20250051781,2025-06-15,STR037,PRD00777,1,3515.65,0.0,3515.65,1941.78,Debit Card,Walk-in
SAL20250051782,2025-06-17,STR023,PRD01108,2,4924.79,0.0,9849.58,4579.0,UPI,Premium
SAL20250051783,2025-06-25,STR013,PRD00572,1,728.84,0.0,728.84,468.84,Credit Card,Regular
SAL20250051784,2025-06-20,STR019,PRD00771,1,2601.02,0.0,2601.02,1436.13,UPI,Regular
SAL20250051785,2025-06-17,STR041,PRD00983,2,1007.95,0.1,1814.31,1167.76,Credit Card,Regular
SAL20250051786,2025-06-29,STR021,PRD00192,1,3362.18,0.0,3362.18,2170.51,Cash,Walk-in
SAL20250051787,2025-06-04,STR008,PRD01114,1,8827.06,0.1,7944.35,3573.34,Credit Card,Walk-in
SAL20250051788,2025-06-13,STR019,PRD00409,3,950.85,0.0,2852.55,2214.33,Credit Card,Walk-in
SAL20250051789,2025-06-28,STR007,PRD00221,1,9230.37,0.05,8768.85,5770.89,UPI,Walk-in
SAL20250051790,2025-06-15,STR027,PRD01000,1,495.66,0.1,446.09,345.87,Debit Card,Corporate
SAL20250051791,2025-06-13,STR037,PRD00891,1,506.36,0.1,455.72,373.69,Net Banking,Regular
SAL20250051792,2025-06-16,STR030,PRD00983,1,1007.95,0.0,1007.95,583.88,Credit Card,Regular
SAL20250051793,2025-06-21,STR007,PRD00043,2,22998.01,0.0,45996.02,30605.94,UPI,Walk-in
SAL20250051794,2025-06-09,STR012,PRD00628,4,365.09,0.0,1460.36,843.24,Net Banking,Walk-in
SAL20250051795,2025-06-21,STR018,PRD01136,1,7702.34,0.0,7702.34,4125.05,UPI,Regular
SAL20250051796,2025-06-23,STR005,PRD00991,6,894.61,0.05,5099.28,3087.18,UPI,Regular
SAL20250051797,2025-06-08,STR028,PRD00894,1,2403.9,0.0,2403.9,1608.16,Debit Card,Walk-in
SAL20250051798,2025-06-30,STR002,PRD00992,3,439.67,0.1,1187.11,672.51,UPI,Regular
SAL20250051799,2025-06-03,STR037,PRD00435,1,718.79,0.0,718.79,584.17,UPI,Regular
SAL20250051800,2025-06-09,STR003,PRD00649,1,333.14,0.1,299.83,238.96,UPI,Walk-in
SAL20250051801,2025-06-07,STR037,PRD00165,1,10264.9,0.1,9238.41,6671.83,UPI,Regular
SAL20250051802,2025-06-28,STR016,PRD00716,1,1780.84,0.0,1780.84,1007.46,UPI,Walk-in
SAL20250051803,2025-06-11,STR029,PRD00310,3,607.97,0.0,1823.91,911.22,Credit Card,Regular
SAL20250051804,2025-06-18,STR036,PRD00740,1,3926.7,0.05,3730.36,2842.31,UPI,Corporate
SAL20250051805,2025-06-10,STR011,PRD00698,2,1659.66,0.0,3319.32,2189.18,Credit Card,Regular
SAL20250051806,2025-06-07,STR036,PRD00894,2,2403.9,0.0,4807.8,3216.32,UPI,Regular
SAL20250051807,2025-06-27,STR032,PRD00551,1,585.58,0.0,585.58,430.57,Credit Card,Premium
SAL20250051808,2025-06-01,STR010,PRD01106,1,3135.75,0.0,3135.75,1669.16,Debit Card,Walk-in
SAL20250051809,2025-06-02,STR006,PRD00611,3,51.03,0.05,145.44,113.43,UPI,Regular
SAL20250051810,2025-06-18,STR040,PRD00666,1,224.43,0.0,224.43,162.71,Debit Card,Walk-in
SAL20250051811,2025-06-07,STR040,PRD00806,1,330.79,0.0,330.79,186.63,Cash,Regular
SAL20250051812,2025-06-08,STR009,PRD00492,1,431.72,0.0,431.72,362.04,UPI,Corporate
SAL20250051813,2025-06-25,STR031,PRD01086,1,5541.98,0.0,5541.98,3222.42,UPI,Regular
SAL20250051814,2025-06-03,STR027,PRD00956,3,1028.6,0.0,3085.8,1716.0,UPI,Regular
SAL20250051815,2025-06-09,STR009,PRD00673,1,2685.18,0.0,2685.18,1698.29,UPI,Regular
SAL20250051816,2025-06-20,STR027,PRD00542,2,534.65,0.0,1069.3,683.62,UPI,Regular
SAL20250051817,2025-06-12,STR008,PRD00413,2,347.68,0.0,695.36,600.62,Credit Card,Premium
SAL20250051818,2025-06-11,STR023,PRD00146,3,5953.14,0.0,17859.42,12467.73,UPI,Premium
SAL20250051819,2025-06-05,STR012,PRD00629,4,197.41,0.0,789.64,548.36,UPI,Corporate
SAL20250051820,2025-06-18,STR024,PRD01040,3,466.28,0.0,1398.84,992.31,Credit Card,Premium
SAL20250051821,2025-06-22,STR007,PRD00008,1,14817.35,0.0,14817.35,10393.47,UPI,Regular
SAL20250051822,2025-06-09,STR005,PRD00190,1,12169.57,0.0,12169.57,7955.32,Net Banking,Walk-in
SAL20250051823,2025-06-04,STR038,PRD00158,3,3798.87,0.0,11396.61,7747.32,Debit Card,Corporate
SAL20250051824,2025-06-15,STR037,PRD01182,1,9675.4,0.0,9675.4,4265.56,Cash,Walk-in
SAL20250051825,2025-06-03,STR002,PRD00698,1,1659.66,0.0,1659.66,1094.59,UPI,Regular
SAL20250051826,2025-06-06,STR014,PRD01013,2,214.89,0.0,429.78,296.48,Debit Card,Corporate
SAL20250051827,2025-06-04,STR005,PRD01108,1,4924.79,0.0,4924.79,2289.5,UPI,Corporate
SAL20250051828,2025-06-23,STR015,PRD00219,1,1404.86,0.0,1404.86,998.92,Debit Card,Regular
SAL20250051829,2025-06-19,STR011,PRD00488,2,995.48,0.0,1990.96,1671.72,UPI,Regular
SAL20250051830,2025-06-14,STR026,PRD00741,2,2848.85,0.0,5697.7,4057.78,UPI,Walk-in
SAL20250051831,2025-06-20,STR005,PRD00558,1,353.1,0.0,353.1,243.3,Cash,Premium
SAL20250051832,2025-06-24,STR032,PRD00651,10,368.8,0.0,3688.0,2564.8,UPI,Regular
SAL20250051833,2025-06-26,STR024,PRD00480,1,103.25,0.0,103.25,86.17,UPI,Walk-in
SAL20250051834,2025-06-16,STR038,PRD00190,1,12169.57,0.0,12169.57,7955.32,Net Banking,Regular
SAL20250051835,2025-06-09,STR034,PRD01091,2,5878.46,0.05,11169.07,5617.7,UPI,Regular
SAL20250051836,2025-06-03,STR014,PRD00658,2,338.62,0.0,677.24,455.36,Debit Card,Regular
SAL20250051837,2025-06-09,STR038,PRD00221,2,9230.37,0.0,18460.74,11541.78,UPI,Regular
SAL20250051838,2025-06-24,STR015,PRD00815,1,2750.26,0.0,2750.26,1847.59,Cash,Regular
SAL20250051839,2025-06-20,STR014,PRD00798,2,1720.26,0.0,3440.52,1923.1,UPI,Walk-in
SAL20250051840,2025-06-07,STR021,PRD01095,1,4795.88,0.0,4795.88,2620.97,Debit Card,Walk-in
SAL20250051841,2025-06-09,STR020,PRD00856,2,1871.17,0.1,3368.11,2425.14,UPI,Premium
SAL20250051842,2025-06-19,STR035,PRD00050,1,20155.67,0.0,20155.67,16076.03,UPI,Regular
SAL20250051843,2025-06-14,STR011,PRD00133,1,10102.94,0.0,10102.94,6680.78,Debit Card,Walk-in
SAL20250051844,2025-06-08,STR036,PRD00583,3,704.61,0.0,2113.83,1312.77,UPI,Regular
SAL20250051845,2025-06-10,STR015,PRD00229,1,2013.93,0.0,2013.93,1348.9,UPI,Regular
SAL20250051846,2025-06-21,STR018,PRD00180,1,3550.84,0.0,3550.84,2526.78,Debit Card,Walk-in
SAL20250051847,2025-06-13,STR017,PRD01098,1,1920.11,0.0,1920.11,1122.86,Credit Card,Walk-in
SAL20250051848,2025-06-30,STR028,PRD01118,2,5734.69,0.0,11469.38,6742.2,Credit Card,Regular
SAL20250051849,2025-06-26,STR030,PRD00477,1,121.21,0.0,121.21,97.66,UPI,Regular
SAL20250051850,2025-06-01,STR006,PRD00652,2,210.65,0.0,421.3,274.0,Credit Card,Walk-in
SAL20250051851,2025-06-15,STR035,PRD00476,3,645.16,0.0,1935.48,1629.54,Credit Card,Regular
SAL20250051852,2025-06-07,STR025,PRD00518,1,1000.64,0.0,1000.64,768.43,UPI,Walk-in
SAL20250051853,2025-06-30,STR039,PRD00236,1,5591.1,0.1,5031.99,3989.78,UPI,Regular
SAL20250051854,2025-06-06,STR037,PRD00932,2,479.96,0.0,959.92,587.98,Debit Card,Regular
SAL20250051855,2025-06-03,STR032,PRD00925,1,2271.72,0.0,2271.72,1525.09,Cash,Regular
SAL20250051856,2025-06-28,STR018,PRD01104,1,7758.33,0.1,6982.5,3488.36,Credit Card,Walk-in
SAL20250051857,2025-06-14,STR029,PRD00663,2,109.46,0.0,218.92,125.8,Credit Card,Premium
SAL20250051858,2025-06-18,STR034,PRD00073,2,23649.92,0.0,47299.84,34246.8,Credit Card,Walk-in
SAL20250051859,2025-06-29,STR038,PRD00777,1,3515.65,0.0,3515.65,1941.78,Cash,Walk-in
SAL20250051860,2025-06-13,STR005,PRD01190,1,7433.72,0.0,7433.72,3770.31,UPI,Walk-in
SAL20250051861,2025-06-18,STR008,PRD00432,2,845.55,0.0,1691.1,1294.08,Net Banking,Walk-in
SAL20250051862,2025-06-10,STR022,PRD00048,2,26663.85,0.05,50661.31,36594.2,UPI,Premium
SAL20250051863,2025-06-04,STR030,PRD01159,2,3270.67,0.0,6541.34,2998.52,Debit Card,Walk-in
SAL20250051864,2025-06-24,STR001,PRD01086,1,5541.98,0.05,5264.88,3222.42,Credit Card,Walk-in
SAL20250051865,2025-06-09,STR035,PRD00364,2,296.2,0.0,592.4,391.38,Debit Card,Walk-in
SAL20250051866,2025-06-01,STR003,PRD00197,1,4849.89,0.0,4849.89,3779.03,Credit Card,Walk-in
SAL20250051867,2025-06-23,STR036,PRD00161,1,9190.04,0.05,8730.54,7015.28,Debit Card,Regular
SAL20250051868,2025-06-07,STR020,PRD00511,3,709.29,0.0,2127.87,1677.54,Credit Card,Walk-in
SAL20250051869,2025-06-27,STR041,PRD01035,3,199.19,0.0,597.57,375.21,Cash,Regular
SAL20250051870,2025-06-20,STR036,PRD00879,1,2290.26,0.0,2290.26,1614.23,Credit Card,Regular
SAL20250051871,2025-06-26,STR013,PRD00715,1,2949.53,0.0,2949.53,1984.0,UPI,Regular
SAL20250051872,2025-06-09,STR024,PRD00011,1,13229.12,0.0,13229.12,9834.69,UPI,Walk-in
SAL20250051873,2025-06-04,STR033,PRD00212,1,9559.41,0.0,9559.41,6260.97,Credit Card,Walk-in
SAL20250051874,2025-06-04,STR030,PRD00475,1,749.71,0.0,749.71,568.96,Credit Card,Regular
SAL20250051875,2025-06-07,STR025,PRD01139,1,4060.77,0.0,4060.77,1844.56,UPI,Walk-in
SAL20250051876,2025-06-16,STR040,PRD00736,1,1942.77,0.05,1845.63,1241.55,Credit Card,Walk-in
SAL20250051877,2025-06-04,STR033,PRD00443,2,206.94,0.05,393.19,334.12,Credit Card,Regular
SAL20250051878,2025-06-19,STR034,PRD00712,1,1580.0,0.0,1580.0,947.15,UPI,Walk-in
SAL20250051879,2025-06-19,STR007,PRD00834,2,1440.43,0.0,2880.86,1830.98,Net Banking,Regular
SAL20250051880,2025-06-24,STR039,PRD00251,1,10660.28,0.0,10660.28,7306.06,Credit Card,Regular
SAL20250051881,2025-06-27,STR016,PRD00893,2,963.04,0.0,1926.08,1206.1,UPI,Corporate
SAL20250051882,2025-06-25,STR032,PRD00956,1,1028.6,0.0,1028.6,572.0,UPI,Regular
SAL20250051883,2025-06-20,STR012,PRD00259,1,1699.09,0.05,1614.14,1233.0,Credit Card,Premium
SAL20250051884,2025-06-15,STR017,PRD01197,1,2167.83,0.0,2167.83,1161.18,Credit Card,Regular
SAL20250051885,2025-06-17,STR038,PRD00362,2,1120.03,0.0,2240.06,1065.02,Cash,Regular
SAL20250051886,2025-06-14,STR012,PRD00918,3,2741.1,0.0,8223.3,5962.32,Credit Card,Regular
SAL20250051887,2025-06-09,STR002,PRD00420,1,876.02,0.0,876.02,742.57,Credit Card,Corporate
SAL20250051888,2025-06-08,STR022,PRD00535,2,314.95,0.1,566.91,448.56,Credit Card,Regular
SAL20250051889,2025-06-28,STR009,PRD00466,5,725.28,0.0,3626.4,3148.6,UPI,Regular
SAL20250051890,2025-06-02,STR039,PRD00404,1,695.46,0.0,695.46,604.38,Net Banking,Corporate
SAL20250051891,2025-06-15,STR021,PRD00304,2,1052.14,0.0,2104.28,1447.62,UPI,Regular
SAL20250051892,2025-06-16,STR024,PRD01014,1,1123.09,0.0,1123.09,636.08,Cash,Premium
SAL20250051893,2025-06-07,STR031,PRD00234,2,3859.31,0.0,7718.62,4748.08,Debit Card,Regular
SAL20250051894,2025-06-11,STR039,PRD00532,1,1039.03,0.0,1039.03,808.86,Cash,Premium
SAL20250051895,2025-06-02,STR011,PRD01095,3,4795.88,0.05,13668.26,7862.91,UPI,Regular
SAL20250051896,2025-06-14,STR032,PRD00902,2,258.19,0.0,516.38,308.14,Debit Card,Regular
SAL20250051897,2025-06-26,STR041,PRD01130,1,3164.31,0.0,3164.31,1889.64,UPI,Regular
SAL20250051898,2025-06-07,STR018,PRD00903,1,433.92,0.0,433.92,275.41,Credit Card,Walk-in
SAL20250051899,2025-06-13,,PRD01091,3,5878.46,0.0,17635.38,8426.55,Debit Card,Regular
SAL20250051900,2025-06-30,STR038,PRD00289,1,1047.34,0.0,1047.34,607.0,Credit Card,Regular
SAL20250051901,2025-06-26,STR021,PRD00952,2,892.13,0.0,1784.26,1005.42,UPI,Regular
SAL20250051902,2025-06-07,STR018,PRD00401,1,743.9,0.05,706.7,628.4,UPI,Walk-in
SAL20250051903,2025-06-27,STR041,PRD00951,3,594.37,0.1,1604.8,1057.14,Debit Card,Regular
SAL20250051904,2025-06-10,STR035,PRD01093,1,4476.19,0.0,4476.19,2887.02,UPI,Regular
SAL20250051905,2025-06-10,STR033,PRD00245,1,6730.38,0.0,6730.38,4429.31,UPI,Walk-in
SAL20250051906,2025-06-24,STR021,PRD01077,3,8389.04,0.0,25167.12,10480.17,Credit Card,Regular
SAL20250051907,2025-06-04,STR030,PRD00763,2,3968.33,0.0,7936.66,5701.8,Credit Card,Walk-in
SAL20250051908,2025-06-09,STR015,PRD00381,2,931.15,0.05,1769.18,1062.56,Net Banking,Walk-in
SAL20250051909,2025-06-22,STR021,PRD00546,2,854.43,0.0,1708.86,947.8,UPI,Regular
SAL20250051910,2025-06-16,STR030,PRD00223,2,11271.43,0.0,22542.86,14029.58,UPI,Premium
SAL20250051911,2025-06-09,STR012,PRD00869,1,3787.4,0.0,3787.4,2366.4,Credit Card,Regular
SAL20250051912,2025-06-26,STR029,PRD00630,1,612.41,0.0,612.41,361.45,Credit Card,Regular
SAL20250051913,2025-06-23,STR021,PRD00253,3,9663.5,0.0,28990.5,20151.21,Credit Card,Regular
SAL20250051914,2025-06-25,STR001,PRD00534,2,97.09,0.0,194.18,161.18,UPI,Walk-in
SAL20250051915,2025-06-28,STR026,PRD00460,2,816.3,0.0,1632.6,1335.54,Credit Card,Regular
SAL20250051916,2025-06-30,STR005,PRD00185,1,1926.14,0.0,1926.14,1500.04,Net Banking,Walk-in
SAL20250051917,2025-06-29,STR037,PRD01051,3,694.43,0.0,2083.29,1062.57,UPI,Regular
SAL20250051918,2025-06-14,STR005,PRD00570,3,376.39,0.0,1129.17,805.71,UPI,Regular
SAL20250051919,2025-06-10,STR041,PRD00963,1,93.93,0.05,89.23,63.76,UPI,Premium
SAL20250051920,2025-06-12,STR001,PRD00571,1,201.22,0.0,201.22,143.49,UPI,Regular
SAL20250051921,2025-06-17,STR007,PRD00414,1,546.79,0.1,492.11,425.32,UPI,Walk-in
SAL20250051922,2025-06-23,STR017,PRD00531,1,217.65,0.0,217.65,182.2,Credit Card,Walk-in
SAL20250051923,2025-06-12,STR035,PRD00012,1,5255.98,0.0,5255.98,4121.35,Credit Card,Walk-in
SAL20250051924,2025-06-26,STR014,PRD00405,4,917.35,0.0,3669.4,3215.44,UPI,Regular
SAL20250051925,2025-06-14,STR025,PRD00672,1,4427.9,0.0,4427.9,3013.84,Credit Card,Walk-in
SAL20250051926,2025-06-07,STR037,PRD00355,1,304.11,0.0,304.11,163.8,Debit Card,Regular
SAL20250051927,2025-06-03,STR013,PRD00277,3,1350.87,0.0,4052.61,2040.75,UPI,Regular
SAL20250051928,2025-06-24,STR023,PRD00202,1,1209.84,0.0,1209.84,865.49,Cash,Walk-in
SAL20250051929,2025-06-05,STR036,PRD00604,4,254.69,0.0,1018.76,607.6,UPI,Walk-in
SAL20250051930,2025-06-01,STR035,PRD00038,1,2962.9,0.0,2962.9,2113.53,UPI,Regular
SAL20250051931,2025-06-16,STR007,PRD01080,2,1721.88,0.0,3443.76,1543.46,UPI,Premium
SAL20250051932,2025-06-18,STR016,PRD00204,3,3776.34,0.0,11329.02,7740.33,Credit Card,Regular
SAL20250051933,2025-06-13,STR024,PRD00899,4,2165.69,0.0,8662.76,5835.04,Credit Card,Corporate
SAL20250051934,2025-06-14,STR020,PRD00580,3,372.59,0.0,1117.77,633.9,UPI,Walk-in
SAL20250051935,2025-06-06,STR007,PRD00202,1,1209.84,0.1,1088.86,865.49,UPI,Premium
SAL20250051936,2025-06-27,STR023,PRD00848,3,2441.1,0.05,6957.13,4848.96,Credit Card,Regular
SAL20250051937,2025-06-09,STR031,PRD00504,3,1118.52,0.0,3355.56,2802.72,UPI,Regular
SAL20250051938,2025-06-22,STR019,PRD00672,3,4427.9,0.0,13283.7,9041.52,Credit Card,Walk-in
SAL20250051939,2025-06-14,STR034,PRD01122,1,6526.26,0.0,6526.26,3631.48,Debit Card,Regular
SAL20250051940,2025-06-23,STR038,PRD00795,2,965.34,0.0,1930.68,1376.04,Debit Card,Walk-in
SAL20250051941,2025-06-24,STR041,PRD00868,3,1450.33,0.0,4350.99,2736.63,Credit Card,Corporate
SAL20250051942,2025-06-13,STR035,PRD00417,4,788.29,0.0,3153.16,2646.84,Debit Card,Walk-in
SAL20250051943,2025-06-19,STR014,PRD00148,1,6813.06,0.0,6813.06,4694.28,UPI,Premium
SAL20250051944,2025-06-11,STR034,PRD00083,1,9369.31,0.0,9369.31,6462.27,Credit Card,Regular
SAL20250051945,2025-06-08,STR026,PRD00620,3,556.49,0.0,1669.47,977.01,UPI,Walk-in
SAL20250051946,2025-06-27,STR003,PRD00907,1,1536.02,0.0,1536.02,976.87,UPI,Walk-in
SAL20250051947,2025-06-18,STR015,PRD00385,2,460.87,0.0,921.74,557.04,UPI,Walk-in
SAL20250051948,2025-06-14,STR021,PRD00984,3,34.1,0.1,92.07,60.06,Credit Card,Premium
SAL20250051949,2025-06-01,STR012,PRD00330,3,275.94,0.0,827.82,506.58,Credit Card,Premium
SAL20250051950,2025-06-25,STR006,PRD00529,1,569.27,0.05,540.81,490.31,UPI,Corporate
SAL20250051951,2025-06-22,STR032,PRD00926,1,683.78,0.0,683.78,481.25,Credit Card,Regular
SAL20250051952,2025-06-07,STR040,PRD00709,1,232.93,0.0,232.93,153.05,Debit Card,Walk-in
SAL20250051953,2025-06-01,STR027,PRD00249,1,4858.0,0.0,4858.0,3416.15,Credit Card,Regular
SAL20250051954,2025-06-06,STR041,PRD00130,1,17171.37,0.05,16312.8,12882.58,UPI,Regular
SAL20250051955,2025-06-05,STR028,PRD01017,3,1092.19,0.05,3112.74,1775.07,UPI,Regular
SAL20250051956,2025-06-11,STR031,PRD00501,1,707.96,0.0,707.96,547.35,Debit Card,Corporate
SAL20250051957,2025-06-28,STR041,PRD00956,1,1028.6,0.0,1028.6,572.0,Debit Card,Regular
SAL20250051958,2025-06-25,STR002,PRD00163,1,12710.38,0.0,12710.38,7712.99,UPI,Regular
SAL20250051959,2025-06-14,STR002,PRD00641,1,499.93,0.1,449.94,333.12,Debit Card,Regular
SAL20250051960,2025-06-23,STR024,PRD00568,1,465.88,0.1,419.29,288.31,UPI,Regular
SAL20250051961,2025-06-30,STR004,PRD00396,1,713.53,0.0,713.53,454.7,UPI,Walk-in
SAL20250051962,2025-06-12,STR038,PRD01191,1,6431.83,0.0,6431.83,4011.49,UPI,Regular
SAL20250051963,2025-06-08,STR030,PRD00412,2,576.41,0.0,1152.82,909.5,Cash,Premium
SAL20250051964,2025-06-08,STR007,PRD00485,1,693.22,0.0,693.22,593.15,Debit Card,Premium
SAL20250051965,2025-06-15,STR002,PRD00415,2,345.23,0.0,690.46,572.38,Credit Card,Regular
SAL20250051966,2025-06-25,STR016,PRD00225,1,9871.63,0.0,9871.63,6952.04,Credit Card,Regular
SAL20250051967,2025-06-03,STR021,PRD00068,1,10777.06,0.0,10777.06,8694.54,UPI,Walk-in
SAL20250051968,2025-06-06,STR040,PRD01188,1,2837.24,0.05,2695.38,1686.24,UPI,Regular
SAL20250051969,2025-06-10,STR001,PRD00750,1,3884.81,0.0,3884.81,2144.98,Cash,Regular
SAL20250051970,2025-06-22,STR021,PRD01025,2,56.45,0.0,112.9,60.3,UPI,Regular
SAL20250051971,2025-06-12,STR014,PRD00389,4,1606.86,0.1,5784.7,2959.84,UPI,Walk-in
SAL20250051972,2025-06-25,STR017,PRD00245,1,6730.38,0.0,6730.38,4429.31,UPI,Regular
SAL20250051973,2025-06-20,STR005,PRD00548,1,172.01,0.0,172.01,120.36,UPI,Regular
SAL20250051974,2025-06-23,STR021,PRD00962,2,708.41,0.0,1416.82,791.36,UPI,Regular
SAL20250051975,2025-06-19,STR013,PRD00506,1,725.03,0.0,725.03,579.1,UPI,Walk-in
SAL20250051976,2025-06-10,STR038,PRD00531,4,217.65,0.0,870.6,728.8,UPI,Premium
SAL20250051977,2025-06-08,STR010,PRD00457,1,726.05,0.0,726.05,549.39,Cash,Walk-in
SAL20250051978,2025-06-01,STR040,PRD00283,1,917.06,0.1,825.35,431.47,Cash,Walk-in
SAL20250051979,2025-06-02,STR005,PRD00357,1,1112.32,0.0,1112.32,676.9,UPI,Regular
SAL20250051980,2025-06-16,STR009,PRD00605,1,66.61,0.0,66.61,49.05,UPI,Walk-in
SAL20250051981,2025-06-15,STR005,PRD00831,3,2902.42,0.0,8707.26,5979.51,Credit Card,Regular
SAL20250051982,2025-06-18,STR022,PRD00695,1,2280.88,0.0,2280.88,1276.46,UPI,Walk-in
SAL20250051983,2025-06-02,STR032,PRD00147,2,10113.79,0.1,18204.82,12598.46,Debit Card,Walk-in
SAL20250051984,2025-06-15,STR032,PRD00083,1,9369.31,0.0,9369.31,6462.27,UPI,Walk-in
SAL20250051985,2025-06-26,STR032,PRD00890,1,891.3,0.0,891.3,535.93,Credit Card,Regular
SAL20250051986,2025-06-17,STR029,PRD00284,1,170.59,0.0,170.59,103.53,UPI,Walk-in
SAL20250051987,2025-06-16,STR013,PRD00881,4,802.33,0.1,2888.39,2134.04,UPI,Walk-in
SAL20250051988,2025-06-28,STR036,PRD00810,1,406.14,0.0,406.14,261.1,Credit Card,Walk-in
SAL20250051989,2025-06-08,STR014,PRD01034,3,310.11,0.0,930.33,653.16,Debit Card,Walk-in
SAL20250051990,2025-06-13,STR021,PRD00214,1,9551.75,0.05,9074.16,6869.66,Debit Card,Premium
SAL20250051991,2025-06-17,STR029,PRD00454,1,238.81,0.0,238.81,182.3,Credit Card,Regular
SAL20250051992,2025-06-18,STR016,PRD01060,1,277.54,0.0,277.54,198.35,Credit Card,Walk-in
SAL20250051993,2025-06-15,STR041,PRD00874,3,3195.38,0.0,9586.14,6997.44,Net Banking,Regular
SAL20250051994,2025-06-01,STR041,PRD00199,2,1863.27,0.0,3726.54,2670.6,UPI,Regular
SAL20250051995,2025-06-25,STR007,PRD00383,1,216.69,0.0,216.69,135.74,Credit Card,Premium
SAL20250051996,2025-06-01,STR011,PRD00192,2,3362.18,0.0,6724.36,4341.02,Credit Card,Premium
SAL20250051997,2025-06-02,STR031,PRD00774,1,2102.71,0.1,1892.44,1549.27,Credit Card,Regular
SAL20250051998,2025-06-30,STR005,PRD00566,1,655.12,0.0,655.12,423.12,Credit Card,Walk-in
SAL20250051999,2025-06-30,STR020,PRD00804,1,782.93,0.0,782.93,564.78,Credit Card,Regular
SAL20250052000,2025-06-19,STR037,PRD00249,2,4858.0,0.0,9716.0,6832.3,Debit Card,Premium
SAL20250052001,2025-06-16,STR001,PRD01150,2,4074.75,0.0,8149.5,4744.08,Credit Card,Walk-in
SAL20250052002,2025-06-20,STR021,PRD00846,2,1551.36,0.0,3102.72,2204.46,Cash,Regular
SAL20250052003,2025-06-24,STR005,PRD01087,3,7006.0,0.0,21018.0,10259.16,UPI,Regular
SAL20250052004,2025-06-26,STR021,PRD00084,2,11056.09,0.1,19900.96,16587.54,Cash,Regular
SAL20250052005,2025-06-30,STR001,PRD00293,1,859.61,0.0,859.61,442.5,UPI,Regular
SAL20250052006,2025-06-09,STR032,PRD00842,2,1322.87,0.0,2645.74,1913.76,UPI,Walk-in
SAL20250052007,2025-06-01,STR019,PRD00364,2,296.2,0.0,592.4,391.38,Net Banking,Regular
SAL20250052008,2025-06-28,STR012,PRD00119,1,21410.34,0.0,21410.34,16034.57,Credit Card,Corporate
SAL20250052009,2025-06-04,STR041,PRD00456,1,215.04,0.0,215.04,169.99,Net Banking,Regular
SAL20250052010,2025-06-24,STR026,PRD00622,1,644.0,0.0,644.0,399.79,Credit Card,Regular
SAL20250052011,2025-06-12,STR021,PRD00226,1,3456.4,0.0,3456.4,2122.01,Credit Card,Walk-in
SAL20250052012,2025-06-07,STR004,PRD00673,1,2685.18,0.0,2685.18,1698.29,UPI,Walk-in
SAL20250052013,2025-06-02,STR006,PRD00787,1,291.05,0.0,291.05,189.14,Debit Card,Regular
SAL20250052014,2025-06-22,STR036,PRD00367,1,450.03,0.05,427.53,246.78,Cash,Premium
SAL20250052015,2025-06-02,STR037,PRD00854,1,2355.83,0.0,2355.83,1467.93,Debit Card,Corporate
SAL20250052016,2025-06-10,STR032,PRD00116,3,21256.57,0.0,63769.71,44865.27,Cash,Walk-in
SAL20250052017,2025-06-28,STR014,PRD00048,1,26663.85,0.05,25330.66,18297.1,Cash,Walk-in
SAL20250052018,2025-06-27,STR024,PRD01134,1,5914.46,0.0,5914.46,2929.32,Credit Card,Regular
SAL20250052019,2025-06-02,STR016,PRD00004,1,18331.36,0.0,18331.36,14741.73,Cash,Regular
SAL20250052020,2025-06-29,STR001,PRD00356,2,1354.34,0.0,2708.68,1468.36,UPI,Walk-in
SAL20250052021,2025-06-04,STR035,PRD00956,2,1028.6,0.05,1954.34,1144.0,Credit Card,Regular
SAL20250052022,2025-06-29,STR020,PRD00642,1,467.68,0.0,467.68,290.22,Debit Card,Walk-in
SAL20250052023,2025-06-08,STR037,PRD00666,4,224.43,0.0,897.72,650.84,Net Banking,Walk-in
SAL20250052024,2025-06-04,STR040,PRD01009,2,52.33,0.0,104.66,58.78,Cash,Regular
SAL20250052025,2025-06-05,STR021,PRD01176,1,5880.6,0.0,5880.6,3519.33,UPI,Walk-in
SAL20250052026,2025-06-19,STR032,PRD00450,1,377.7,0.0,377.7,290.54,UPI,Regular
SAL20250052027,2025-06-21,STR004,PRD00370,1,676.23,0.0,676.23,451.33,Debit Card,Walk-in
SAL20250052028,2025-06-13,STR013,PRD01026,2,512.0,0.0,1024.0,683.9,Cash,Walk-in
SAL20250052029,2025-06-20,STR032,PRD01144,1,2397.7,0.0,2397.7,1426.02,Credit Card,Premium
SAL20250052030,2025-06-20,STR015,PRD00567,1,365.44,0.0,365.44,226.96,UPI,Regular
SAL20250052031,2025-06-02,STR011,PRD00080,1,17292.25,0.0,17292.25,13027.41,Cash,Walk-in
SAL20250052032,2025-06-29,STR028,PRD00819,2,2315.45,0.0,4630.9,3099.0,UPI,Walk-in
SAL20250052033,2025-06-30,STR009,PRD01167,2,1364.58,0.05,2592.7,1671.32,UPI,Regular
SAL20250052034,2025-06-26,STR020,PRD00917,2,1441.59,0.0,2883.18,1961.66,UPI,Regular
SAL20250052035,2025-06-28,STR036,PRD00867,2,798.49,0.05,1517.13,915.52,Credit Card,Regular
SAL20250052036,2025-06-27,STR001,PRD01141,1,1387.21,0.0,1387.21,810.65,Debit Card,Walk-in
SAL20250052037,2025-06-16,STR006,PRD01111,4,1735.9,0.0,6943.6,3822.08,UPI,Regular
SAL20250052038,2025-06-17,STR003,PRD01084,1,10498.54,0.0,10498.54,4211.39,UPI,Walk-in
SAL20250052039,2025-06-24,STR005,PRD00094,1,15405.56,0.0,15405.56,12408.34,UPI,Regular
SAL20250052040,2025-06-07,STR040,PRD00310,1,607.97,0.0,607.97,303.74,UPI,Walk-in
SAL20250052041,2025-06-02,STR039,PRD01049,1,225.77,0.0,225.77,137.88,UPI,Regular
SAL20250052042,2025-06-29,STR016,PRD00187,1,5314.8,0.0,5314.8,3364.43,Debit Card,Regular
SAL20250052043,2025-06-27,STR035,PRD00109,1,12280.41,0.0,12280.41,9316.5,Debit Card,Regular
SAL20250052044,2025-06-24,STR005,PRD00576,2,451.26,0.0,902.52,661.12,UPI,Walk-in
SAL20250052045,2025-06-29,STR007,PRD00993,5,168.95,0.0,844.75,434.6,UPI,Premium
SAL20250052046,2025-06-19,STR011,PRD00414,1,546.79,0.0,546.79,425.32,Debit Card,Regular
SAL20250052047,2025-06-11,STR008,PRD00355,1,304.11,0.0,304.11,163.8,UPI,Regular
SAL20250052048,2025-06-06,STR014,PRD00670,2,3171.53,0.0,6343.06,3829.84,Debit Card,Walk-in
SAL20250052049,2025-06-18,STR017,PRD00275,1,1560.95,0.0,1560.95,847.9,Debit Card,Regular
SAL20250052050,2025-06-25,STR027,PRD00784,1,1985.25,0.05,1885.99,1302.04,Net Banking,Walk-in
SAL20250052051,2025-06-08,STR008,PRD00128,1,13672.72,0.05,12989.08,8963.81,UPI,Walk-in
SAL20250052052,2025-06-27,STR003,PRD00837,2,4012.56,0.0,8025.12,4737.28,UPI,Regular
SAL20250052053,2025-06-08,STR023,PRD00353,3,948.44,0.0,2845.32,1589.43,UPI,Walk-in
SAL20250052054,2025-06-18,STR033,PRD00046,3,12754.14,0.0,38262.42,25192.2,UPI,Premium
SAL20250052055,2025-06-25,STR014,PRD00193,1,5766.86,0.0,5766.86,4191.48,Credit Card,Walk-in
SAL20250052056,2025-06-17,STR007,PRD00957,1,157.86,0.0,157.86,94.55,Credit Card,Regular
SAL20250052057,2025-06-16,STR021,PRD00496,3,1047.75,0.0,3143.25,2707.32,UPI,Walk-in
SAL20250052058,2025-06-15,STR034,PRD00988,3,774.65,0.05,2207.75,1597.5,UPI,Walk-in
SAL20250052059,2025-06-09,STR031,PRD01000,2,495.66,0.0,991.32,691.74,UPI,Walk-in
SAL20250052060,2025-06-03,STR008,PRD00797,1,567.41,0.05,539.04,411.41,UPI,Regular
SAL20250052061,2025-06-13,STR022,PRD01121,1,2103.52,0.0,2103.52,974.58,Debit Card,Walk-in
SAL20250052062,2025-06-28,STR041,PRD00601,1,50.1,0.0,50.1,30.82,UPI,Regular
SAL20250052063,2025-06-25,STR008,PRD00863,1,1338.83,0.0,1338.83,745.06,Debit Card,Regular
SAL20250052064,2025-06-06,STR013,PRD00104,1,21587.41,0.05,20508.04,17582.83,Credit Card,Regular
SAL20250052065,2025-06-21,STR013,PRD01200,1,1804.12,0.05,1713.91,865.8,UPI,Premium
SAL20250052066,2025-06-24,STR020,PRD01049,1,225.77,0.0,225.77,137.88,UPI,Premium
SAL20250052067,2025-06-11,STR040,PRD01021,1,582.28,0.0,582.28,378.12,UPI,Walk-in
SAL20250052068,2025-06-18,STR033,PRD01192,1,7158.24,0.1,6442.42,4065.98,Cash,Regular
SAL20250052069,2025-06-27,STR028,PRD00014,1,5918.05,0.0,5918.05,4586.64,UPI,Regular
SAL20250052070,2025-06-02,STR025,PRD01151,1,7065.61,0.1,6359.05,3374.36,Credit Card,Regular
SAL20250052071,2025-06-22,STR006,PRD00746,1,2299.94,0.0,2299.94,1526.01,Net Banking,Corporate
SAL20250052072,2025-06-12,STR012,PRD00378,3,667.36,0.05,1901.98,1096.62,UPI,Regular
SAL20250052073,2025-06-06,STR038,PRD00408,1,1017.09,0.0,1017.09,782.92,Debit Card,Regular
SAL20250052074,2025-06-26,STR018,PRD00094,1,15405.56,0.0,15405.56,12408.34,UPI,Walk-in
SAL20250052075,2025-06-22,STR004,PRD00586,4,648.21,0.0,2592.84,1760.04,Credit Card,Walk-in
SAL20250052076,2025-06-17,STR033,PRD00550,1,639.85,0.0,639.85,364.92,UPI,Walk-in
SAL20250052077,2025-06-23,STR018,PRD00159,1,4881.58,0.0,4881.58,3676.52,Net Banking,Walk-in
SAL20250052078,2025-06-24,STR017,PRD00560,4,314.33,0.0,1257.32,875.16,Credit Card,Walk-in
SAL20250052079,2025-06-11,STR041,PRD01116,2,792.37,0.0,1584.74,792.64,Credit Card,Regular
SAL20250052080,2025-06-03,STR017,PRD00922,3,953.09,0.05,2716.31,1884.48,UPI,Regular
SAL20250052081,2025-06-12,STR010,PRD01179,1,3455.57,0.0,3455.57,2074.52,UPI,Walk-in
SAL20250052082,2025-06-03,STR028,PRD00283,2,917.06,0.0,1834.12,862.94,Cash,Regular
SAL20250052083,2025-06-19,STR017,PRD00989,2,922.35,0.0,1844.7,1184.22,Credit Card,Premium
SAL20250052084,2025-06-14,STR001,PRD00674,2,2861.74,0.0,5723.48,3181.18,UPI,Walk-in
SAL20250052085,2025-06-03,STR009,PRD00594,3,129.17,0.0,387.51,243.99,UPI,Walk-in
SAL20250052086,2025-06-21,STR032,PRD00097,1,19452.93,0.0,19452.93,14437.86,Credit Card,Regular
SAL20250052087,2025-06-07,STR027,PRD00183,1,6835.62,0.0,6835.62,4488.56,Debit Card,Regular
SAL20250052088,2025-06-29,STR036,PRD00942,1,93.87,0.05,89.18,61.73,Credit Card,Walk-in
SAL20250052089,2025-06-22,STR011,PRD00827,1,3989.15,0.0,3989.15,2196.59,Credit Card,Walk-in
SAL20250052090,2025-06-01,STR025,PRD00551,1,585.58,0.0,585.58,430.57,Credit Card,Regular
SAL20250052091,2025-06-16,STR013,PRD00695,1,2280.88,0.0,2280.88,1276.46,UPI,Regular
SAL20250052092,2025-06-23,STR030,PRD00522,3,1139.79,0.0,3419.37,2627.49,UPI,Regular
SAL20250052093,2025-06-14,STR029,PRD00320,1,273.23,0.05,259.57,149.99,UPI,Regular
SAL20250052094,2025-06-08,STR031,PRD00816,1,1448.92,0.0,1448.92,857.39,UPI,Walk-in
SAL20250052095,2025-06-11,STR001,PRD01111,1,1735.9,0.1,1562.31,955.52,UPI,Walk-in
SAL20250052096,2025-06-18,STR028,PRD00319,1,746.89,0.0,746.89,463.81,UPI,Regular
SAL20250052097,2025-06-07,STR001,PRD00367,2,450.03,0.0,900.06,493.56,UPI,Regular
SAL20250052098,2025-06-01,STR029,PRD00684,1,3989.77,0.0,3989.77,2465.54,Debit Card,Premium
SAL20250052099,2025-06-03,STR017,PRD00458,4,587.81,0.05,2233.68,1783.68,Cash,Regular
SAL20250052100,2025-06-24,STR009,PRD01000,4,495.66,0.0,1982.64,1383.48,UPI,Regular
SAL20250052101,2025-06-26,STR021,PRD00836,1,605.3,0.0,605.3,408.12,Debit Card,Walk-in
SAL20250052102,2025-06-05,STR008,PRD00605,1,66.61,0.0,66.61,49.05,UPI,Regular
SAL20250052103,2025-06-22,STR012,PRD00288,1,827.89,0.0,827.89,439.36,Debit Card,Premium
SAL20250052104,2025-06-29,STR040,PRD00038,2,2962.9,0.0,5925.8,4227.06,UPI,Premium
SAL20250052105,2025-06-15,STR026,PRD00674,1,2861.74,0.0,2861.74,1590.59,Debit Card,Walk-in
SAL20250052106,2025-06-20,STR001,PRD00084,1,11056.09,0.0,11056.09,8293.77,Credit Card,Walk-in
SAL20250052107,2025-06-05,STR037,PRD00996,2,577.22,0.0,1154.44,658.78,Cash,Walk-in
SAL20250052108,2025-06-24,STR018,PRD00673,1,2685.18,0.0,2685.18,1698.29,Credit Card,Premium
SAL20250052109,2025-06-22,STR030,PRD00598,1,173.87,0.05,165.18,122.49,Debit Card,Regular
SAL20250052110,2025-06-10,STR005,PRD00018,1,13116.16,0.05,12460.35,9769.19,Credit Card,Walk-in
SAL20250052111,2025-06-23,STR009,PRD00966,1,814.75,0.0,814.75,526.45,UPI,Premium
SAL20250052112,2025-06-08,STR011,PRD01173,3,1034.88,0.0,3104.64,1487.16,UPI,Regular
SAL20250052113,2025-06-20,STR011,PRD00230,1,11424.91,0.0,11424.91,7835.88,Credit Card,Walk-in
SAL20250052114,2025-06-24,STR002,PRD00446,5,1037.38,0.0,5186.9,4407.05,UPI,Regular
SAL20250052115,2025-06-30,STR004,PRD00661,1,443.39,0.0,443.39,283.68,Credit Card,Premium
SAL20250052116,2025-06-25,STR029,PRD00434,1,648.17,0.0,648.17,538.79,UPI,Walk-in
SAL20250052117,2025-06-22,STR007,PRD00752,1,4535.72,0.0,4535.72,3022.89,UPI,Walk-in
SAL20250052118,2025-06-30,STR026,PRD00291,2,469.9,0.0,939.8,559.52,Net Banking,Regular
SAL20250052119,2025-06-30,STR004,PRD00514,1,1177.91,0.0,1177.91,914.33,Credit Card,Walk-in
SAL20250052120,2025-06-03,STR027,PRD00055,1,18236.77,0.0,18236.77,12233.04,Credit Card,Walk-in
SAL20250052121,2025-06-13,STR016,PRD00738,2,984.8,0.0,1969.6,1374.08,Credit Card,Regular
SAL20250052122,2025-06-07,STR003,PRD00303,1,674.18,0.1,606.76,362.28,UPI,Corporate
SAL20250052123,2025-06-29,STR013,PRD00252,1,10910.07,0.05,10364.57,7523.25,UPI,Regular
SAL20250052124,2025-06-18,STR014,PRD01121,1,2103.52,0.1,1893.17,974.58,UPI,Regular
SAL20250052125,2025-06-11,STR003,PRD00895,3,472.54,0.0,1417.62,892.2,Credit Card,Walk-in
SAL20250052126,2025-06-11,STR006,PRD00494,10,893.47,0.0,8934.7,6827.3,UPI,Walk-in
SAL20250052127,2025-06-19,STR015,PRD00839,1,2839.58,0.0,2839.58,1814.97,Credit Card,Regular
SAL20250052128,2025-06-30,STR026,PRD00711,2,1868.86,0.0,3737.72,2711.36,UPI,Walk-in
SAL20250052129,2025-06-28,STR030,PRD00918,1,2741.1,0.0,2741.1,1987.44,UPI,Premium
SAL20250052130,2025-06-04,STR032,PRD01049,1,225.77,0.0,225.77,137.88,Debit Card,Premium
SAL20250052131,2025-06-16,STR028,PRD00466,2,725.28,0.0,1450.56,1259.44,UPI,Walk-in
SAL20250052132,2025-06-29,STR036,PRD00809,1,1418.3,0.0,1418.3,895.74,Cash,Walk-in
SAL20250052133,2025-06-19,STR025,PRD00811,1,243.22,0.0,243.22,140.95,Credit Card,Regular
SAL20250052134,2025-06-30,STR004,PRD00884,1,1777.05,0.05,1688.2,1086.34,UPI,Walk-in
SAL20250052135,2025-06-13,STR001,PRD00472,1,554.85,0.1,499.37,444.9,UPI,Walk-in
SAL20250052136,2025-06-01,STR003,PRD00596,1,666.12,0.0,666.12,397.91,UPI,Premium
SAL20250052137,2025-06-18,STR005,PRD00241,1,7381.55,0.1,6643.4,5583.94,UPI,Premium
SAL20250052138,2025-06-29,STR021,PRD00331,2,133.4,0.0,266.8,179.66,UPI,Regular
SAL20250052139,2025-06-07,STR038,PRD00042,1,15775.49,0.0,15775.49,11939.67,Debit Card,Regular
SAL20250052140,2025-06-27,STR037,PRD00645,1,456.66,0.0,456.66,330.42,UPI,Premium
SAL20250052141,2025-06-07,STR034,PRD00184,1,3565.48,0.0,3565.48,2588.7,UPI,Walk-in
SAL20250052142,2025-06-14,STR001,PRD00044,1,3159.2,0.1,2843.28,2114.03,UPI,Walk-in
SAL20250052143,2025-06-11,STR037,PRD01142,4,3878.91,0.0,15515.64,9059.16,Debit Card,Walk-in
SAL20250052144,2025-06-23,STR008,PRD00362,1,1120.03,0.0,1120.03,532.51,UPI,Walk-in
SAL20250052145,2025-06-06,STR019,PRD00778,1,875.87,0.0,875.87,569.54,Cash,Regular
SAL20250052146,2025-06-22,STR015,PRD00858,1,1066.62,0.0,1066.62,695.16,UPI,Walk-in
SAL20250052147,2025-06-29,STR014,PRD00429,3,725.58,0.0,2176.74,1650.03,UPI,Corporate
SAL20250052148,2025-06-14,STR024,PRD00757,1,1608.8,0.0,1608.8,1037.87,UPI,Regular
SAL20250052149,2025-06-30,STR037,PRD00971,1,604.86,0.0,604.86,306.67,Credit Card,Regular
SAL20250052150,2025-06-19,STR017,PRD00810,1,406.14,0.0,406.14,261.1,Cash,Premium
SAL20250052151,2025-06-13,STR039,PRD00159,1,4881.58,0.0,4881.58,3676.52,Credit Card,Regular
SAL20250052152,2025-06-11,STR023,PRD00028,2,4027.15,0.0,8054.3,5282.74,Net Banking,Regular
SAL20250052153,2025-06-21,STR032,PRD00707,1,2433.38,0.0,2433.38,1626.72,UPI,Corporate
SAL20250052154,2025-06-18,STR015,PRD00782,1,3353.32,0.0,3353.32,1957.52,Net Banking,Walk-in
SAL20250052155,2025-06-21,STR010,PRD00478,5,959.84,0.0,4799.2,4061.3,Credit Card,Corporate
SAL20250052156,2025-06-21,STR005,PRD00643,4,345.09,0.0,1380.36,870.4,Credit Card,Corporate
SAL20250052157,2025-06-08,STR001,PRD00183,1,6835.62,0.0,6835.62,4488.56,UPI,Walk-in
SAL20250052158,2025-06-17,STR002,PRD00535,4,314.95,0.0,1259.8,897.12,Credit Card,Walk-in
SAL20250052159,2025-06-18,STR038,PRD00396,1,713.53,0.0,713.53,454.7,UPI,Walk-in
SAL20250052160,2025-06-20,STR008,PRD01073,3,4074.99,0.0,12224.97,7321.35,Credit Card,Walk-in
SAL20250052161,2025-06-08,STR026,PRD00187,1,5314.8,0.0,5314.8,3364.43,UPI,Regular
SAL20250052162,2025-06-03,STR023,PRD01199,2,6549.57,0.1,11789.23,6793.3,UPI,Walk-in
SAL20250052163,2025-06-13,STR024,PRD00084,1,11056.09,0.0,11056.09,8293.77,UPI,Premium
SAL20250052164,2025-06-25,STR037,PRD00838,1,1522.8,0.0,1522.8,1046.85,Debit Card,Corporate
SAL20250052165,2025-06-16,STR011,PRD00096,1,1587.91,0.0,1587.91,1154.69,UPI,Walk-in
SAL20250052166,2025-06-13,STR037,PRD00113,1,16350.49,0.0,16350.49,11876.29,UPI,Regular
SAL20250052167,2025-06-07,STR002,PRD00852,2,1751.61,0.1,3152.9,2429.68,UPI,Regular
SAL20250052168,2025-06-16,STR012,PRD00626,1,125.9,0.0,125.9,75.93,Credit Card,Premium
SAL20250052169,2025-06-18,STR017,PRD01019,1,948.07,0.0,948.07,489.75,Credit Card,Regular
SAL20250052170,2025-06-18,STR011,PRD00311,2,936.08,0.0,1872.16,1156.68,UPI,Regular
SAL20250052171,2025-06-28,STR005,PRD00629,3,197.41,0.1,533.01,411.27,Credit Card,Walk-in
SAL20250052172,2025-06-25,STR034,PRD00822,1,3937.8,0.0,3937.8,2399.9,UPI,Premium
SAL20250052173,2025-06-21,STR015,PRD00779,2,1606.83,0.0,3213.66,1996.58,UPI,Regular
SAL20250052174,2025-06-17,STR015,PRD00825,1,2419.3,0.0,2419.3,1402.49,Debit Card,Premium
SAL20250052175,2025-06-10,STR034,PRD01073,1,4074.99,0.0,4074.99,2440.45,Credit Card,Walk-in
SAL20250052176,2025-06-15,STR011,PRD00758,1,4375.02,0.0,4375.02,3168.27,Credit Card,Walk-in
SAL20250052177,2025-06-13,STR009,PRD00745,1,2529.52,0.0,2529.52,1829.18,UPI,Premium
SAL20250052178,2025-06-04,STR009,PRD00756,2,3090.95,0.0,6181.9,4416.8,Credit Card,Walk-in
SAL20250052179,2025-06-08,STR019,PRD00254,1,11020.14,0.0,11020.14,6776.21,Credit Card,Regular
SAL20250052180,2025-06-01,STR011,PRD00906,1,3449.48,0.0,3449.48,2116.22,Credit Card,Walk-in
SAL20250052181,2025-06-07,STR024,PRD00557,4,210.61,0.0,842.44,537.72,Cash,Walk-in
SAL20250052182,2025-06-19,STR003,PRD00209,1,4015.2,0.0,4015.2,2717.92,UPI,Premium
SAL20250052183,2025-06-27,STR035,PRD00258,1,2441.64,0.05,2319.56,1594.77,Credit Card,Walk-in
SAL20250052184,2025-06-08,STR037,PRD00181,1,4428.73,0.0,4428.73,3239.36,UPI,Regular
SAL20250052185,2025-06-16,STR020,PRD00589,2,435.23,0.1,783.41,508.08,UPI,Regular
SAL20250052186,2025-06-17,STR012,PRD00644,1,812.84,0.0,812.84,452.39,UPI,Regular
SAL20250052187,2025-06-16,STR001,PRD00644,1,812.84,0.0,812.84,452.39,Debit Card,Walk-in
SAL20250052188,2025-06-26,STR023,PRD00658,1,338.62,0.0,338.62,227.68,Cash,Premium
SAL20250052189,2025-06-14,STR010,PRD00846,3,1551.36,0.05,4421.38,3306.69,UPI,Regular
SAL20250052190,2025-06-01,STR013,PRD00154,1,614.66,0.0,614.66,476.92,Debit Card,Premium
SAL20250052191,2025-06-25,STR017,PRD00189,1,8529.1,0.0,8529.1,5554.64,Cash,Regular
SAL20250052192,2025-06-16,STR007,PRD01097,1,4205.24,0.0,4205.24,2054.25,Debit Card,Regular
SAL20250052193,2025-06-30,STR040,PRD00037,1,21728.77,0.0,21728.77,16760.42,UPI,Walk-in
SAL20250052194,2025-06-01,STR015,PRD00689,1,492.79,0.0,492.79,332.83,Credit Card,Regular
SAL20250052195,2025-06-04,STR036,PRD01031,4,1036.47,0.05,3938.59,2093.48,UPI,Walk-in
SAL20250052196,2025-06-25,STR024,PRD00771,2,2601.02,0.0,5202.04,2872.26,UPI,Regular
SAL20250052197,2025-06-10,STR027,PRD00151,1,5709.55,0.0,5709.55,3733.65,Cash,Regular
SAL20250052198,2025-06-26,STR025,PRD00685,1,4676.03,0.0,4676.03,2851.64,Debit Card,Premium
SAL20250052199,2025-06-26,STR003,PRD00383,1,216.69,0.0,216.69,135.74,UPI,Regular
SAL20250052200,2025-06-17,STR008,PRD00892,3,2494.33,0.05,7108.84,5226.03,Debit Card,Regular
SAL20250052201,2025-06-30,STR023,PRD00355,1,304.11,0.0,304.11,163.8,Net Banking,Walk-in
SAL20250052202,2025-06-16,STR009,PRD00816,1,1448.92,0.05,1376.47,857.39,UPI,Regular
SAL20250052203,2025-06-01,STR037,PRD00574,2,560.83,0.0,1121.66,677.12,UPI,Regular
SAL20250052204,2025-06-23,STR013,PRD00419,1,950.16,0.0,950.16,763.92,UPI,Walk-in
SAL20250052205,2025-06-30,STR010,PRD01157,3,8076.82,0.0,24230.46,12796.23,Debit Card,Premium
SAL20250052206,2025-06-06,STR014,PRD00854,2,2355.83,0.0,4711.66,2935.86,Cash,Regular
SAL20250052207,2025-06-02,STR010,PRD00818,1,2330.04,0.0,2330.04,1669.14,Debit Card,Regular
SAL20250052208,2025-06-20,STR001,PRD01178,2,5467.45,0.0,10934.9,7033.06,Credit Card,Walk-in
SAL20250052209,2025-06-21,STR034,PRD00564,5,566.41,0.05,2690.45,1739.85,Credit Card,Walk-in
SAL20250052210,2025-06-09,STR031,PRD00243,1,1936.68,0.0,1936.68,1385.71,Credit Card,Walk-in
SAL20250052211,2025-06-29,STR021,PRD01017,4,1092.19,0.0,4368.76,2366.76,Credit Card,Walk-in
SAL20250052212,2025-06-18,STR019,PRD00825,1,2419.3,0.0,2419.3,1402.49,UPI,Regular
SAL20250052213,2025-06-28,STR012,PRD00097,1,19452.93,0.0,19452.93,14437.86,UPI,Regular
SAL20250052214,2025-06-04,STR028,PRD00315,1,452.88,0.0,452.88,281.44,UPI,Regular
SAL20250052215,2025-06-16,STR016,PRD00854,1,2355.83,0.1,2120.25,1467.93,Cash,Walk-in
SAL20250052216,2025-06-30,STR019,PRD00078,1,9036.37,0.0,9036.37,6491.36,UPI,Premium
SAL20250052217,2025-06-23,STR015,PRD00869,2,3787.4,0.1,6817.32,4732.8,UPI,Premium
SAL20250052218,2025-06-17,STR029,PRD00841,1,1965.17,0.0,1965.17,1338.26,Cash,Regular
SAL20250052219,2025-06-18,STR031,PRD00382,1,534.11,0.1,480.7,292.91,UPI,Regular
SAL20250052220,2025-06-09,STR022,PRD00906,2,3449.48,0.0,6898.96,4232.44,Cash,Walk-in
SAL20250052221,2025-06-02,STR004,PRD00618,10,249.13,0.05,2366.74,1830.3,Credit Card,Premium
SAL20250052222,2025-06-26,STR004,PRD00729,1,3595.95,0.0,3595.95,2557.72,UPI,Walk-in
SAL20250052223,2025-06-17,STR024,PRD00558,1,353.1,0.0,353.1,243.3,UPI,Walk-in
SAL20250052224,2025-06-29,STR026,PRD00627,1,670.0,0.0,670.0,403.71,Debit Card,Corporate
SAL20250052225,2025-06-06,STR024,PRD01040,1,466.28,0.1,419.65,330.77,Credit Card,Premium
SAL20250052226,2025-06-26,STR024,PRD00777,2,3515.65,0.0,7031.3,3883.56,UPI,Walk-in
SAL20250052227,2025-06-19,STR016,PRD00909,1,1266.46,0.0,1266.46,869.48,Debit Card,Walk-in
SAL20250052228,2025-06-27,STR029,PRD00691,1,1815.13,0.0,1815.13,1149.93,Credit Card,Walk-in
SAL20250052229,2025-06-12,STR017,PRD00134,1,19404.79,0.0,19404.79,14953.78,UPI,Regular
SAL20250052230,2025-06-11,STR039,PRD01124,1,4813.39,0.0,4813.39,2177.75,UPI,Walk-in
SAL20250052231,2025-06-27,STR037,PRD00576,4,451.26,0.0,1805.04,1322.24,Net Banking,Walk-in
SAL20250052232,2025-06-14,STR039,PRD00764,2,3332.71,0.0,6665.42,3672.22,UPI,Walk-in
SAL20250052233,2025-06-23,STR034,PRD00217,1,8159.94,0.0,8159.94,5298.43,Cash,Walk-in
SAL20250052234,2025-06-01,STR012,PRD00429,3,725.58,0.0,2176.74,1650.03,Net Banking,Walk-in
SAL20250052235,2025-06-19,STR011,PRD00149,1,3024.83,0.0,3024.83,2041.86,Credit Card,Regular
SAL20250052236,2025-06-10,STR016,PRD00106,1,3614.0,0.1,3252.6,2487.36,UPI,Premium
SAL20250052237,2025-06-30,STR016,PRD00415,1,345.23,0.0,345.23,286.19,UPI,Premium
SAL20250052238,2025-06-28,STR033,PRD01047,1,844.86,0.0,844.86,483.38,Credit Card,Regular
SAL20250052239,2025-06-09,STR039,PRD00437,2,320.21,0.0,640.42,542.24,UPI,Walk-in
SAL20250052240,2025-06-21,STR006,PRD00076,1,13611.14,0.0,13611.14,10725.57,Debit Card,Walk-in
SAL20250052241,2025-06-27,STR021,PRD00673,2,2685.18,0.0,5370.36,3396.58,Debit Card,Walk-in
SAL20250052242,2025-06-04,STR012,PRD00317,1,1393.76,0.05,1324.07,799.47,Credit Card,Premium
SAL20250052243,2025-06-11,STR038,PRD00521,3,947.8,0.0,2843.4,2497.8,Credit Card,Corporate
SAL20250052244,2025-06-01,STR014,PRD00896,2,255.31,0.0,510.62,290.06,Net Banking,Regular
SAL20250052245,2025-06-25,STR025,PRD01024,2,129.44,0.1,232.99,184.2,Cash,Walk-in
SAL20250052246,2025-06-27,STR037,PRD01018,2,139.93,0.0,279.86,177.6,Cash,Walk-in
SAL20250052247,2025-06-13,STR029,PRD00123,1,7408.15,0.0,7408.15,5588.12,Credit Card,Regular
SAL20250052248,2025-06-09,STR035,PRD00850,1,1897.52,0.1,1707.77,1235.07,UPI,Regular
SAL20250052249,2025-06-21,STR021,PRD01147,1,6760.77,0.0,6760.77,3863.28,Net Banking,Walk-in
SAL20250052250,2025-06-30,STR013,PRD00688,1,2802.62,0.1,2522.36,2088.84,UPI,Regular
SAL20250052251,2025-06-20,STR040,PRD00948,5,38.1,0.0,190.5,132.75,UPI,Regular
SAL20250052252,2025-06-18,STR006,PRD00725,1,2084.99,0.0,2084.99,1511.69,Credit Card,Regular
SAL20250052253,2025-06-04,STR016,PRD00475,2,749.71,0.0,1499.42,1137.92,Net Banking,Walk-in
SAL20250052254,2025-06-04,STR004,PRD00503,2,634.01,0.0,1268.02,1051.58,UPI,Regular
SAL20250052255,2025-06-07,STR037,PRD00529,2,569.27,0.1,1024.69,980.62,Credit Card,Walk-in
SAL20250052256,2025-06-02,STR006,PRD01132,2,7393.47,0.0,14786.94,7782.24,Credit Card,Walk-in
SAL20250052257,2025-06-05,STR040,PRD00179,1,5253.14,0.0,5253.14,3207.54,UPI,Regular
SAL20250052258,2025-06-04,STR025,PRD00143,1,11610.06,0.0,11610.06,8058.06,Cash,Walk-in
SAL20250052259,2025-06-28,STR031,PRD00599,-2,273.52,0.0,-547.04,378.74,Credit Card,Regular
SAL20250052260,2025-06-19,STR035,PRD01041,2,954.2,0.0,1908.4,1065.62,Net Banking,Walk-in
SAL20250052261,2025-06-04,STR021,PRD01117,1,2651.1,0.0,2651.1,1446.8,Credit Card,Walk-in
SAL20250052262,2025-06-16,STR012,PRD00834,1,1440.43,0.0,1440.43,915.49,UPI,Walk-in
SAL20250052263,2025-06-24,STR004,PRD00395,1,562.56,0.0,562.56,373.28,Credit Card,Regular
SAL20250052264,2025-06-01,STR026,PRD00697,1,1377.61,0.05,1308.73,807.52,UPI,Walk-in
SAL20250052265,2025-06-12,STR034,PRD00723,1,1757.3,0.0,1757.3,1097.96,Credit Card,Walk-in
SAL20250052266,2025-06-30,STR022,PRD00229,1,2013.93,0.0,2013.93,1348.9,Credit Card,Regular
SAL20250052267,2025-06-13,STR016,PRD00655,1,75.89,0.1,68.3,47.15,Credit Card,Regular
SAL20250052268,2025-06-13,STR012,PRD01178,1,5467.45,0.0,5467.45,3516.53,UPI,Walk-in
SAL20250052269,2025-06-05,STR028,PRD00029,1,24663.79,0.1,22197.41,16157.43,UPI,Regular
SAL20250052270,2025-06-04,STR017,PRD00678,1,3485.6,0.0,3485.6,2254.91,Credit Card,Walk-in
SAL20250052271,2025-06-25,STR015,PRD00746,2,2299.94,0.0,4599.88,3052.02,Credit Card,Walk-in
SAL20250052272,2025-06-19,STR027,PRD00797,3,567.41,0.0,1702.23,1234.23,Credit Card,Walk-in
SAL20250052273,2025-06-20,STR005,PRD00851,1,2659.29,0.0,2659.29,1927.39,UPI,Walk-in
SAL20250052274,2025-06-11,STR030,PRD00429,3,725.58,0.0,2176.74,1650.03,Net Banking,Regular
SAL20250052275,2025-06-15,STR038,PRD00865,2,2254.56,0.0,4509.12,2847.86,Debit Card,Regular
SAL20250052276,2025-06-29,STR039,PRD00223,1,11271.43,0.0,11271.43,7014.79,UPI,Premium
SAL20250052277,2025-06-07,STR037,PRD00238,1,4984.73,0.05,4735.49,3134.78,Credit Card,Regular
SAL20250052278,2025-06-17,STR021,PRD00093,1,12459.16,0.0,12459.16,9704.07,UPI,Premium
SAL20250052279,2025-06-12,STR010,PRD01084,2,10498.54,0.1,18897.37,8422.78,UPI,Regular
SAL20250052280,2025-06-06,STR025,PRD00655,3,75.89,0.0,227.67,141.45,UPI,Corporate
SAL20250052281,2025-06-10,STR013,PRD00209,1,4015.2,0.0,4015.2,2717.92,Credit Card,Regular
SAL20250052282,2025-06-19,STR038,PRD01191,1,6431.83,0.05,6110.24,4011.49,Debit Card,Regular
SAL20250052283,2025-06-05,STR012,PRD01176,3,5880.6,0.0,17641.8,10557.99,UPI,Corporate
SAL20250052284,2025-06-13,STR038,PRD00589,1,435.23,0.0,435.23,254.04,UPI,Walk-in
SAL20250052285,2025-06-26,STR001,PRD00740,1,3926.7,0.0,3926.7,2842.31,Credit Card,Regular
SAL20250052286,2025-06-03,STR011,PRD01129,3,691.29,0.0,2073.87,843.36,UPI,Regular
SAL20250052287,2025-06-14,STR020,PRD01032,6,117.65,0.0,705.9,421.2,Credit Card,Regular
SAL20250052288,2025-06-07,STR019,PRD00269,1,151.87,0.0,151.87,99.82,UPI,Walk-in
SAL20250052289,2025-06-25,STR017,PRD00527,1,938.3,0.0,938.3,741.27,UPI,Regular
SAL20250052290,2025-06-05,STR040,PRD00093,1,12459.16,0.0,12459.16,9704.07,UPI,Regular
SAL20250052291,2025-06-24,STR002,PRD01135,1,2481.4,0.0,2481.4,1259.74,UPI,Walk-in
SAL20250052292,2025-06-12,STR003,PRD00218,1,7357.64,0.1,6621.88,5051.02,Credit Card,Walk-in
SAL20250052293,2025-06-21,STR019,PRD00570,4,376.39,0.0,1505.56,1074.28,Debit Card,Regular
SAL20250052294,2025-06-24,STR028,PRD01004,2,128.91,0.0,257.82,131.86,Debit Card,Walk-in
SAL20250052295,2025-06-30,STR006,PRD00014,2,5918.05,0.0,11836.1,9173.28,Credit Card,Corporate
SAL20250052296,2025-06-02,STR018,PRD00900,1,3167.3,0.0,3167.3,1961.05,Debit Card,Regular
SAL20250052297,2025-06-16,STR038,PRD00645,1,456.66,0.0,456.66,330.42,Debit Card,Regular
SAL20250052298,2025-06-07,STR006,PRD00015,1,3619.87,0.0,3619.87,2931.59,Cash,Corporate
SAL20250052299,2025-06-20,STR001,PRD00468,1,180.53,0.0,180.53,148.32,Debit Card,Regular
SAL20250052300,2025-06-22,STR006,PRD00666,2,224.43,0.0,448.86,325.42,Cash,Walk-in
SAL20250052301,2025-06-03,STR028,PRD00620,5,556.49,0.0,2782.45,1628.35,UPI,Premium
SAL20250052302,2025-06-13,STR029,PRD00184,2,3565.48,0.0,7130.96,5177.4,Credit Card,Premium
SAL20250052303,2025-06-11,STR026,PRD00725,2,2084.99,0.0,4169.98,3023.38,UPI,Premium
SAL20250052304,2025-06-24,STR003,PRD00704,1,1185.8,0.05,1126.51,707.14,Debit Card,Premium
SAL20250052305,2025-06-17,STR012,PRD00305,3,1134.36,0.1,3062.77,1845.9,Credit Card,Walk-in
SAL20250052306,2025-06-19,STR031,PRD01052,3,462.25,0.05,1317.41,969.0,Net Banking,Regular
SAL20250052307,2025-06-22,STR024,PRD00324,1,1095.89,0.0,1095.89,714.91,Debit Card,Regular
SAL20250052308,2025-06-08,STR021,PRD01185,1,2223.59,0.0,2223.59,924.85,Credit Card,Walk-in
SAL20250052309,2025-06-28,STR038,PRD00347,4,1133.22,0.0,4532.88,2677.04,UPI,Corporate
SAL20250052310,2025-06-13,STR030,PRD00907,1,1536.02,0.0,1536.02,976.87,UPI,Regular
SAL20250052311,2025-06-26,STR041,PRD01177,1,2791.89,0.0,2791.89,1594.63,UPI,Walk-in
SAL20250052312,2025-06-18,STR009,PRD00031,1,18632.2,0.0,18632.2,13903.81,Net Banking,Walk-in
SAL20250052313,2025-06-04,STR011,PRD00164,1,7383.75,0.0,7383.75,4728.61,UPI,Regular
SAL20250052314,2025-06-20,STR014,PRD00106,1,3614.0,0.0,3614.0,2487.36,UPI,Walk-in
SAL20250052315,2025-06-19,STR028,PRD00196,1,3177.64,0.0,3177.64,2246.88,UPI,Walk-in
SAL20250052316,2025-06-10,,PRD00603,1,196.91,0.0,196.91,130.96,Credit Card,Walk-in
SAL20250052317,2025-06-08,STR033,PRD00741,1,2848.85,0.0,2848.85,2028.89,UPI,Corporate
SAL20250052318,2025-06-18,STR025,PRD00983,2,1007.95,0.0,2015.9,1167.76,Debit Card,Premium
SAL20250052319,2025-06-17,STR009,PRD00610,6,637.82,0.0,3826.92,2482.38,UPI,Premium
SAL20250052320,2025-06-24,STR012,PRD00519,1,818.33,0.0,818.33,642.9,UPI,Walk-in
SAL20250052321,2025-06-21,STR025,PRD01078,3,2107.38,0.0,6322.14,3947.67,Credit Card,Corporate
SAL20250052322,2025-06-01,STR029,PRD00152,1,8357.62,0.0,8357.62,5421.82,Credit Card,Regular
SAL20250052323,2025-06-14,STR036,PRD00567,1,365.44,0.0,365.44,226.96,Credit Card,Regular
SAL20250052324,2025-06-18,STR015,PRD00339,4,831.47,0.0,3325.88,1992.68,UPI,Premium
SAL20250052325,2025-06-30,STR028,PRD01094,1,7758.5,0.0,7758.5,3797.17,UPI,Regular
SAL20250052326,2025-06-20,STR033,PRD00242,1,3336.56,0.0,3336.56,2557.66,Credit Card,Walk-in
SAL20250052327,2025-06-21,STR026,PRD01156,1,3916.29,0.0,3916.29,2267.77,Credit Card,Walk-in
SAL20250052328,2025-06-09,STR003,PRD00506,3,725.03,0.0,2175.09,1737.3,UPI,Walk-in
SAL20250052329,2025-06-16,STR012,PRD00203,1,6533.34,0.0,6533.34,4260.88,UPI,Regular
SAL20250052330,2025-06-04,STR033,PRD00912,1,532.47,0.0,532.47,306.3,Debit Card,Regular
SAL20250052331,2025-06-21,STR017,PRD01007,2,886.03,0.0,1772.06,1004.76,UPI,Regular
SAL20250052332,2025-06-02,STR026,PRD00389,1,1606.86,0.0,1606.86,739.96,Credit Card,Regular
SAL20250052333,2025-06-04,STR039,PRD00957,1,157.86,0.0,157.86,94.55,UPI,Walk-in
SAL20250052334,2025-06-01,STR011,PRD00951,1,594.37,0.0,594.37,352.38,UPI,Walk-in
SAL20250052335,2025-06-12,STR014,PRD00692,1,1997.13,0.0,1997.13,1445.9,Credit Card,Regular
SAL20250052336,2025-06-17,STR032,PRD00731,1,2513.85,0.0,2513.85,1582.05,Debit Card,Walk-in
SAL20250052337,2025-06-30,STR017,PRD00879,1,2290.26,0.05,2175.75,1614.23,UPI,Walk-in
SAL20250052338,2025-06-10,STR032,PRD00095,1,18324.65,0.0,18324.65,13913.8,Debit Card,Regular
SAL20250052339,2025-06-11,STR022,PRD00350,1,1107.22,0.05,1051.86,735.62,UPI,Regular
SAL20250052340,2025-06-05,STR011,PRD01179,2,3455.57,0.0,6911.14,4149.04,Credit Card,Walk-in
SAL20250052341,2025-06-03,STR031,PRD00550,2,639.85,0.0,1279.7,729.84,Net Banking,Premium
SAL20250052342,2025-06-06,STR001,PRD00416,3,833.51,0.0,2500.53,2075.37,Net Banking,Regular
SAL20250052343,2025-06-08,STR017,PRD00868,1,1450.33,0.0,1450.33,912.21,Debit Card,Regular
SAL20250052344,2025-06-03,STR021,PRD00691,1,1815.13,0.0,1815.13,1149.93,UPI,Regular
SAL20250052345,2025-06-26,STR001,PRD00602,2,328.03,0.0,656.06,414.56,Credit Card,Premium
SAL20250052346,2025-06-04,STR021,PRD00893,1,963.04,0.0,963.04,603.05,Cash,Regular
SAL20250052347,2025-06-04,STR025,PRD01169,1,6625.23,0.0,6625.23,4001.41,UPI,Walk-in
SAL20250052348,2025-06-27,STR017,PRD00581,2,310.86,0.0,621.72,397.42,Credit Card,Walk-in
SAL20250052349,2025-06-16,STR016,PRD01011,3,265.01,0.0,795.03,449.07,UPI,Regular
SAL20250052350,2025-06-24,STR028,PRD00954,1,1090.11,0.0,1090.11,614.96,Credit Card,Regular
SAL20250052351,2025-06-05,STR032,PRD00132,1,22943.8,0.0,22943.8,17725.67,Cash,Walk-in
SAL20250052352,2025-06-27,STR005,PRD00579,1,398.71,0.0,398.71,292.17,UPI,Walk-in
SAL20250052353,2025-06-05,STR010,PRD00645,2,456.66,0.0,913.32,660.84,Cash,Regular
SAL20250052354,2025-06-21,STR041,PRD00658,4,338.62,0.1,1219.03,910.72,UPI,Walk-in
SAL20250052355,2025-06-30,STR002,PRD00976,2,1125.69,0.1,2026.24,1165.22,Credit Card,Corporate
SAL20250052356,2025-06-15,STR012,PRD00892,1,2494.33,0.05,2369.61,1742.01,UPI,Regular
SAL20250052357,2025-06-01,STR041,PRD00968,1,316.7,0.0,316.7,158.76,UPI,Regular
SAL20250052358,2025-06-23,STR002,PRD00289,1,1047.34,0.05,994.97,607.0,UPI,Premium
SAL20250052359,2025-06-17,STR021,PRD00749,1,4060.84,0.0,4060.84,2444.77,Cash,Regular
SAL20250052360,2025-06-01,STR038,PRD00261,1,8333.44,0.05,7916.77,5118.51,Credit Card,Regular
SAL20250052361,2025-06-08,STR020,PRD01133,2,8197.9,0.0,16395.8,7530.04,UPI,Regular
SAL20250052362,2025-06-02,STR002,PRD00221,1,9230.37,0.0,9230.37,5770.89,UPI,Walk-in
SAL20250052363,2025-06-21,STR040,PRD00179,1,5253.14,0.1,4727.83,3207.54,Debit Card,Premium
SAL20250052364,2025-06-04,STR018,PRD01021,1,582.28,0.0,582.28,378.12,UPI,Regular
SAL20250052365,2025-06-05,STR034,PRD00481,2,391.79,0.05,744.4,633.52,Credit Card,Walk-in
SAL20250052366,2025-06-07,STR014,PRD00856,3,1871.17,0.0,5613.51,3637.71,UPI,Walk-in
SAL20250052367,2025-06-03,STR040,PRD00180,1,3550.84,0.05,3373.3,2526.78,UPI,Premium
SAL20250052368,2025-06-17,STR023,PRD00273,1,1306.29,0.1,1175.66,758.87,UPI,Premium
SAL20250052369,2025-06-25,STR016,PRD00765,1,1419.48,0.0,1419.48,920.94,Debit Card,Walk-in
SAL20250052370,2025-06-10,STR015,PRD00438,2,638.02,0.0,1276.04,973.78,Debit Card,Corporate
SAL20250052371,2025-06-13,STR003,PRD01058,3,211.57,0.0,634.71,435.06,Credit Card,Walk-in
SAL20250052372,2025-06-07,STR033,PRD01172,2,1132.5,0.0,2265.0,1156.12,UPI,Walk-in
SAL20250052373,2025-06-20,STR011,PRD00277,1,1350.87,0.0,1350.87,680.25,Net Banking,Walk-in
SAL20250052374,2025-06-30,STR038,PRD01024,6,129.44,0.05,737.81,552.6,Net Banking,Regular
SAL20250052375,2025-06-14,STR037,PRD00225,1,9871.63,0.0,9871.63,6952.04,Credit Card,Walk-in
SAL20250052376,2025-06-04,STR036,PRD00290,1,747.46,0.0,747.46,478.32,Debit Card,Regular
SAL20250052377,2025-06-14,STR034,PRD00437,2,320.21,0.0,640.42,542.24,UPI,Regular
SAL20250052378,2025-06-28,STR041,PRD00544,1,114.7,0.1,103.23,82.74,UPI,Premium
SAL20250052379,2025-06-29,STR020,PRD00354,1,1099.31,0.0,1099.31,649.66,UPI,Walk-in
SAL20250052380,2025-06-24,STR006,PRD00473,1,113.62,0.05,107.94,94.83,UPI,Regular
SAL20250052381,2025-06-15,STR039,PRD00666,3,224.43,0.0,673.29,488.13,Credit Card,Regular
SAL20250052382,2025-06-17,STR028,PRD00059,1,15692.67,0.0,15692.67,12269.76,UPI,Regular
SAL20250052383,2025-06-06,STR026,PRD00945,2,871.49,0.0,1742.98,1100.48,UPI,Walk-in
SAL20250052384,2025-06-22,STR020,PRD00683,1,794.15,0.0,794.15,594.03,Debit Card,Regular
SAL20250052385,2025-06-05,STR022,PRD01031,5,1036.47,0.0,5182.35,2616.85,Debit Card,Regular
SAL20250052386,2025-06-08,STR009,PRD00371,1,199.9,0.1,179.91,113.45,UPI,Premium
SAL20250052387,2025-06-28,STR016,PRD01195,1,6990.3,0.1,6291.27,3398.23,Cash,Premium
SAL20250052388,2025-06-06,STR040,PRD00086,1,22194.93,0.05,21085.18,15176.58,Credit Card,Corporate
SAL20250052389,2025-06-10,STR021,PRD00640,6,209.4,0.0,1256.4,704.58,Credit Card,Walk-in
SAL20250052390,2025-06-09,STR012,PRD00495,2,212.14,0.0,424.28,328.54,UPI,Walk-in
SAL20250052391,2025-06-07,STR034,PRD00521,2,947.8,0.0,1895.6,1665.2,Credit Card,Regular
SAL20250052392,2025-06-23,STR010,PRD00759,1,4285.9,0.0,4285.9,2644.58,Debit Card,Premium
SAL20250052393,2025-06-29,STR015,PRD00605,1,66.61,0.0,66.61,49.05,UPI,Regular
SAL20250052394,2025-06-25,STR041,PRD00775,1,3571.78,0.0,3571.78,1976.55,Credit Card,Walk-in
SAL20250052395,2025-06-17,STR018,PRD00910,2,2302.88,0.0,4605.76,3159.38,Cash,Regular
SAL20250052396,2025-06-03,STR026,PRD00820,1,2007.6,0.0,2007.6,1177.18,Cash,Regular
SAL20250052397,2025-06-05,STR006,PRD00312,4,662.59,0.1,2385.32,1552.76,UPI,Walk-in
SAL20250052398,2025-06-18,STR032,PRD00847,3,2294.5,0.1,6195.15,4851.36,UPI,Regular
SAL20250052399,2025-06-01,STR041,PRD01004,3,128.91,0.0,386.73,197.79,Debit Card,Premium
SAL20250052400,2025-06-13,STR008,PRD01080,4,1721.88,0.0,6887.52,3086.92,UPI,Regular
SAL20250052401,2025-06-24,STR005,PRD01105,1,2498.16,0.0,2498.16,1508.52,Credit Card,Regular
SAL20250052402,2025-06-30,STR003,PRD00125,1,1511.82,0.0,1511.82,1056.29,Credit Card,Walk-in
SAL20250052403,2025-06-23,STR010,PRD01126,1,2931.04,0.0,2931.04,1651.37,Debit Card,Walk-in
SAL20250052404,2025-06-11,STR036,PRD00623,2,563.55,0.0,1127.1,775.32,Debit Card,Walk-in
SAL20250052405,2025-06-19,STR030,PRD00486,1,161.3,0.0,161.3,123.55,UPI,Regular
SAL20250052406,2025-06-12,STR031,PRD00051,2,18906.15,0.0,37812.3,27624.36,Credit Card,Premium
SAL20250052407,2025-06-11,STR038,PRD00317,1,1393.76,0.0,1393.76,799.47,Cash,Regular
SAL20250052408,2025-06-02,STR036,PRD00836,2,605.3,0.0,1210.6,816.24,Credit Card,Walk-in
SAL20250052409,2025-06-16,STR022,PRD00142,1,4154.89,0.0,4154.89,2736.44,UPI,Regular
SAL20250052410,2025-06-24,STR005,PRD00748,2,2656.98,0.0,5313.96,3630.76,UPI,Premium
SAL20250052411,2025-06-19,STR033,PRD00285,3,1499.26,0.0,4497.78,2306.28,UPI,Corporate
SAL20250052412,2025-06-11,STR011,PRD00874,2,3195.38,0.05,6071.22,4664.96,Credit Card,Walk-in
SAL20250052413,2025-06-03,STR034,PRD00488,1,995.48,0.0,995.48,835.86,Credit Card,Regular
SAL20250052414,2025-06-14,STR024,PRD00111,1,16671.18,0.0,16671.18,12693.98,Credit Card,Corporate
SAL20250052415,2025-06-28,STR009,PRD00026,2,4182.92,0.0,8365.84,6094.02,Cash,Regular
SAL20250052416,2025-06-17,STR039,PRD00463,1,933.21,0.0,933.21,747.47,UPI,Regular
SAL20250052417,2025-06-01,STR017,PRD01153,2,5497.78,0.0,10995.56,4999.1,Debit Card,Regular
SAL20250052418,2025-06-06,STR033,PRD00127,2,14293.97,0.0,28587.94,21134.16,UPI,Regular
SAL20250052419,2025-06-30,STR007,PRD00836,1,605.3,0.0,605.3,408.12,Credit Card,Regular
SAL20250052420,2025-06-10,STR019,PRD00366,1,994.61,0.0,994.61,474.73,Credit Card,Regular
SAL20250052421,2025-06-25,STR026,PRD00215,1,9358.07,0.05,8890.17,6525.15,UPI,Walk-in
SAL20250052422,2025-06-09,STR001,PRD01013,5,214.89,0.0,1074.45,741.2,Credit Card,Walk-in
SAL20250052423,2025-06-03,STR016,PRD00995,1,585.44,0.1,526.9,417.72,UPI,Regular
SAL20250052424,2025-06-30,STR009,PRD00072,1,4522.2,0.0,4522.2,3124.59,Credit Card,Regular
SAL20250052425,2025-06-23,STR012,PRD01167,2,1364.58,0.0,2729.16,1671.32,Debit Card,Regular
SAL20250052426,2025-06-26,STR011,PRD00667,2,129.77,0.0,259.54,182.1,Debit Card,Corporate
SAL20250052427,2025-06-15,STR014,PRD00484,2,678.16,0.0,1356.32,1135.08,UPI,Premium
SAL20250052428,2025-06-26,STR036,PRD00933,1,3527.61,0.0,3527.61,2180.3,Credit Card,Regular
SAL20250052429,2025-06-19,STR011,PRD01042,2,143.52,0.0,287.04,189.38,UPI,Premium
SAL20250052430,2025-06-11,STR030,PRD00737,2,1053.41,0.0,2106.82,1506.74,UPI,Regular
SAL20250052431,2025-06-29,STR011,PRD01176,2,5880.6,0.0,11761.2,7038.66,Credit Card,Walk-in
SAL20250052432,2025-06-23,STR035,PRD00026,1,4182.92,0.0,4182.92,3047.01,UPI,Regular
SAL20250052433,2025-06-10,STR037,PRD00784,2,1985.25,0.0,3970.5,2604.08,UPI,Walk-in
SAL20250052434,2025-06-20,STR028,PRD00013,1,17378.5,0.1,15640.65,12862.09,Cash,Regular
SAL20250052435,2025-06-20,STR007,PRD00341,1,977.08,0.1,879.37,605.56,UPI,Regular
SAL20250052436,2025-06-22,STR017,PRD00368,2,927.52,0.0,1855.04,1175.86,UPI,Premium
SAL20250052437,2025-06-02,STR036,PRD00824,1,3034.92,0.0,3034.92,2166.53,Cash,Regular
SAL20250052438,2025-06-09,STR034,PRD00749,3,4060.84,0.0,12182.52,7334.31,UPI,Corporate
SAL20250052439,2025-06-29,STR019,PRD00954,4,1090.11,0.0,4360.44,2459.84,UPI,Walk-in
SAL20250052440,2025-06-09,STR036,PRD00464,1,598.64,0.0,598.64,458.49,UPI,Regular
SAL20250052441,2025-06-16,STR003,PRD00363,1,1443.62,0.0,1443.62,690.35,UPI,Regular
SAL20250052442,2025-06-05,STR027,PRD00194,1,5905.12,0.1,5314.61,4140.26,UPI,Regular
SAL20250052443,2025-06-28,STR027,PRD00313,1,1406.36,0.0,1406.36,639.34,UPI,Regular
SAL20250052444,2025-06-30,STR033,PRD00964,2,842.84,0.0,1685.68,1150.38,Cash,Walk-in
SAL20250052445,2025-06-16,STR033,PRD00501,1,707.96,0.0,707.96,547.35,Credit Card,Regular
SAL20250052446,2025-06-17,STR005,PRD00017,1,6386.7,0.0,6386.7,4504.98,Cash,Regular
SAL20250052447,2025-06-30,STR018,PRD00784,2,1985.25,0.1,3573.45,2604.08,UPI,Regular
SAL20250052448,2025-06-10,STR033,PRD01041,2,954.2,0.0,1908.4,1065.62,Credit Card,Regular
SAL20250052449,2025-06-30,STR016,PRD00428,1,311.12,0.05,295.56,244.75,UPI,Walk-in
SAL20250052450,2025-06-10,STR041,PRD00623,1,563.55,0.0,563.55,387.66,Cash,Regular
SAL20250052451,2025-06-09,STR034,PRD01150,1,4074.75,0.1,3667.28,2372.04,UPI,Regular
SAL20250052452,2025-06-30,STR031,PRD00900,3,3167.3,0.0,9501.9,5883.15,UPI,Premium
SAL20250052453,2025-06-24,STR011,PRD01017,1,1092.19,0.0,1092.19,591.69,Credit Card,Premium
SAL20250052454,2025-06-19,STR011,PRD00241,1,7381.55,0.0,7381.55,5583.94,UPI,Walk-in
SAL20250052455,2025-06-23,STR016,PRD00455,2,683.36,0.0,1366.72,1126.94,UPI,Walk-in
SAL20250052456,2025-06-21,STR008,PRD00221,2,9230.37,0.0,18460.74,11541.78,UPI,Premium
SAL20250052457,2025-06-18,STR028,PRD00953,1,80.84,0.0,80.84,57.97,Credit Card,Walk-in
SAL20250052458,2025-06-13,STR027,PRD00130,1,17171.37,0.0,17171.37,12882.58,Credit Card,Walk-in
SAL20250052459,2025-06-08,STR040,PRD00210,1,8463.87,0.05,8040.68,5533.2,UPI,Walk-in
SAL20250052460,2025-06-25,STR033,PRD00066,1,7423.58,0.05,7052.4,5820.76,Cash,Regular
SAL20250052461,2025-06-28,STR022,PRD00936,2,964.58,0.0,1929.16,1241.06,Debit Card,Regular
SAL20250052462,2025-06-05,STR041,PRD00421,1,579.98,0.0,579.98,486.5,UPI,Regular
SAL20250052463,2025-06-16,STR032,PRD00374,2,1242.75,0.0,2485.5,1476.66,Net Banking,Walk-in
SAL20250052464,2025-06-23,STR009,PRD01152,1,2969.91,0.0,2969.91,1378.7,UPI,Walk-in
SAL20250052465,2025-06-01,STR040,PRD00447,2,458.65,0.0,917.3,711.32,Debit Card,Walk-in
SAL20250052466,2025-06-26,STR001,PRD01134,2,5914.46,0.0,11828.92,5858.64,UPI,Regular
SAL20250052467,2025-06-21,STR015,PRD01036,2,177.81,0.05,337.84,250.34,UPI,Walk-in
SAL20250052468,2025-06-13,STR013,PRD00939,3,463.84,0.0,1391.52,727.02,UPI,Corporate
SAL20250052469,2025-06-30,STR017,PRD00827,1,3989.15,0.0,3989.15,2196.59,Credit Card,Walk-in
SAL20250052470,2025-06-25,STR036,PRD00699,1,2305.84,0.0,2305.84,1522.28,Cash,Regular
SAL20250052471,2025-06-23,STR028,PRD00128,1,13672.72,0.05,12989.08,8963.81,UPI,Walk-in
SAL20250052472,2025-06-22,STR013,PRD00042,1,15775.49,0.0,15775.49,11939.67,Debit Card,Regular
SAL20250052473,2025-06-09,STR012,PRD00550,2,639.85,0.0,1279.7,729.84,UPI,Regular
SAL20250052474,2025-06-01,STR006,PRD00681,1,4114.63,0.0,4114.63,2696.18,Credit Card,Regular
SAL20250052475,2025-06-18,STR005,PRD00905,1,2497.02,0.0,2497.02,1532.88,UPI,Walk-in
SAL20250052476,2025-06-17,STR036,PRD00709,1,232.93,0.0,232.93,153.05,UPI,Premium
SAL20250052477,2025-06-24,STR006,PRD00678,1,3485.6,0.0,3485.6,2254.91,Net Banking,Regular
SAL20250052478,2025-06-20,STR015,PRD00436,1,630.05,0.0,630.05,507.7,UPI,Regular
SAL20250052479,2025-06-17,STR008,PRD00539,1,69.32,0.0,69.32,47.73,Debit Card,Premium
SAL20250052480,2025-06-22,STR032,PRD00565,3,107.78,0.0,323.34,184.44,Debit Card,Walk-in
SAL20250052481,2025-06-04,STR021,PRD00400,3,920.96,0.0,2762.88,1654.44,UPI,Walk-in
SAL20250052482,2025-06-30,STR024,PRD00031,1,18632.2,0.05,17700.59,13903.81,UPI,Walk-in
SAL20250052483,2025-06-11,STR034,PRD00039,1,8380.37,0.0,8380.37,6279.95,Credit Card,Premium
SAL20250052484,2025-06-06,STR036,PRD00601,1,50.1,0.0,50.1,30.82,UPI,Regular
SAL20250052485,2025-06-09,STR017,PRD00657,1,272.71,0.0,272.71,160.84,Credit Card,Walk-in
SAL20250052486,2025-06-12,STR022,PRD00960,10,572.91,0.0,5729.1,3824.0,UPI,Premium
SAL20250052487,2025-06-25,STR024,PRD00595,3,524.85,0.0,1574.55,1093.56,UPI,Regular
SAL20250052488,2025-06-17,STR030,PRD00850,2,1897.52,0.05,3605.29,2470.14,UPI,Regular
SAL20250052489,2025-06-20,STR038,PRD00772,1,988.94,0.0,988.94,659.49,Debit Card,Walk-in
SAL20250052490,2025-06-02,STR033,PRD00759,1,4285.9,0.0,4285.9,2644.58,UPI,Walk-in
SAL20250052491,2025-06-12,STR007,PRD00504,1,1118.52,0.0,1118.52,934.24,Cash,Regular
SAL20250052492,2025-06-01,STR006,PRD01034,1,310.11,0.0,310.11,217.72,UPI,Regular
SAL20250052493,2025-06-19,STR026,PRD00335,4,1156.98,0.0,4627.92,2490.24,Debit Card,Regular
SAL20250052494,2025-06-01,STR030,PRD00081,1,19888.54,0.0,19888.54,13106.38,Credit Card,Corporate
SAL20250052495,2025-06-05,STR015,PRD00362,1,1120.03,0.0,1120.03,532.51,Net Banking,Walk-in
SAL20250052496,2025-06-18,STR008,PRD00461,4,198.22,0.1,713.59,677.8,UPI,Premium
SAL20250052497,2025-06-17,STR009,PRD00764,1,3332.71,0.0,3332.71,1836.11,UPI,Walk-in
SAL20250052498,2025-06-05,STR039,PRD00006,1,3457.14,0.0,3457.14,2519.92,Credit Card,Walk-in
SAL20250052499,2025-06-25,STR027,PRD00449,3,236.21,0.0,708.63,597.42,Credit Card,Walk-in
SAL20250052500,2025-06-07,STR006,PRD00833,2,1761.67,0.0,3523.34,1959.84,Credit Card,Regular
SAL20250052501,2025-06-07,STR006,PRD00549,1,585.62,0.0,585.62,382.4,UPI,Regular
SAL20250052502,2025-06-04,STR035,PRD00427,1,558.44,0.1,502.6,484.26,Debit Card,Walk-in
SAL20250052503,2025-06-18,STR016,PRD00304,1,1052.14,0.0,1052.14,723.81,UPI,Regular
SAL20250052504,2025-06-26,STR005,PRD00571,1,201.22,0.0,201.22,143.49,Net Banking,Premium
SAL20250052505,2025-06-12,STR017,PRD00350,1,1107.22,0.0,1107.22,735.62,UPI,Regular
SAL20250052506,2025-06-08,STR025,PRD00188,1,6172.58,0.0,6172.58,4027.57,Debit Card,Walk-in
SAL20250052507,2025-06-09,STR016,PRD00166,1,4039.27,0.0,4039.27,2471.0,Credit Card,Walk-in
SAL20250052508,2025-06-17,STR011,PRD01086,2,5541.98,0.0,11083.96,6444.84,Debit Card,Regular
SAL20250052509,2025-06-16,STR037,PRD01168,2,4286.69,0.0,8573.38,4948.08,UPI,Walk-in
SAL20250052510,2025-06-05,STR038,PRD00326,1,1442.32,0.0,1442.32,681.43,UPI,Regular
SAL20250052511,2025-06-28,STR020,PRD00505,1,1140.95,0.1,1026.86,860.47,Credit Card,Regular
SAL20250052512,2025-06-26,STR039,PRD00413,1,347.68,0.0,347.68,300.31,Credit Card,Regular
SAL20250052513,2025-06-01,STR019,PRD00710,2,4042.5,0.0,8085.0,4447.98,Debit Card,Premium
SAL20250052514,2025-06-27,STR008,PRD01131,2,6280.13,0.0,12560.26,6851.06,UPI,Walk-in
SAL20250052515,2025-06-17,STR030,PRD00448,4,612.68,0.0,2450.72,2074.24,Credit Card,Corporate
SAL20250052516,2025-06-17,STR026,PRD00792,1,5089.33,0.0,5089.33,2925.34,UPI,Premium
SAL20250052517,2025-06-01,STR011,PRD00097,1,19452.93,0.0,19452.93,14437.86,UPI,Walk-in
SAL20250052518,2025-06-29,STR019,PRD00959,2,664.61,0.0,1329.22,805.38,UPI,Regular
SAL20250052519,2025-06-08,STR021,PRD00735,1,2710.38,0.05,2574.86,1616.28,Credit Card,Regular
SAL20250052520,2025-06-13,STR038,PRD00928,2,2503.87,0.0,5007.74,3625.06,Credit Card,Corporate
SAL20250052521,2025-06-14,STR016,PRD00224,1,4670.9,0.0,4670.9,3440.61,UPI,Regular
SAL20250052522,2025-06-30,STR024,PRD01035,1,199.19,0.1,179.27,125.07,UPI,Walk-in
SAL20250052523,2025-06-04,STR019,PRD00128,2,13672.72,0.0,27345.44,17927.62,UPI,Corporate
SAL20250052524,2025-06-09,STR001,PRD00378,1,667.36,0.0,667.36,365.54,Net Banking,Regular
SAL20250052525,2025-06-05,STR014,PRD00686,1,3692.38,0.0,3692.38,2113.83,UPI,Premium
SAL20250052526,2025-06-22,STR018,PRD00581,1,310.86,0.05,295.32,198.71,UPI,Regular
SAL20250052527,2025-06-07,STR022,PRD00324,1,1095.89,0.0,1095.89,714.91,Credit Card,Walk-in
SAL20250052528,2025-06-18,STR041,PRD00035,1,7229.47,0.05,6868.0,4889.28,Cash,Walk-in
SAL20250052529,2025-06-01,STR004,PRD00540,1,550.54,0.0,550.54,388.62,UPI,Regular
SAL20250052530,2025-06-29,STR006,PRD00390,1,1246.69,0.0,1246.69,785.33,UPI,Regular
SAL20250052531,2025-06-03,STR004,PRD01184,2,6927.53,0.0,13855.06,6365.4,Credit Card,Regular
SAL20250052532,2025-06-15,STR030,PRD01133,3,8197.9,0.0,24593.7,11295.06,Credit Card,Walk-in
SAL20250052533,2025-06-02,STR010,PRD00496,1,1047.75,0.1,942.98,902.44,Credit Card,Regular
SAL20250052534,2025-06-08,STR039,PRD00498,6,178.55,0.05,1017.74,828.9,UPI,Regular
SAL20250052535,2025-06-25,STR020,PRD00762,1,1596.23,0.1,1436.61,909.86,Credit Card,Walk-in
SAL20250052536,2025-06-06,STR039,PRD00591,4,500.81,0.0,2003.24,1454.92,Net Banking,Walk-in
SAL20250052537,2025-06-26,STR007,PRD00012,2,5255.98,0.0,10511.96,8242.7,Credit Card,Regular
SAL20250052538,2025-06-12,STR032,PRD01105,1,2498.16,0.0,2498.16,1508.52,UPI,Regular
SAL20250052539,2025-06-01,STR004,PRD00291,2,469.9,0.0,939.8,559.52,UPI,Regular
SAL20250052540,2025-06-01,STR010,PRD00745,3,2529.52,0.0,7588.56,5487.54,UPI,Corporate
SAL20250052541,2025-06-25,STR038,PRD00342,2,1186.13,0.1,2135.03,1396.34,UPI,Corporate
SAL20250052542,2025-06-06,STR012,PRD00668,1,302.1,0.0,302.1,216.54,UPI,Regular
SAL20250052543,2025-06-23,STR016,PRD01137,1,2009.09,0.0,2009.09,1074.27,UPI,Walk-in
SAL20250052544,2025-06-27,STR028,PRD00675,1,1206.06,0.0,1206.06,758.43,Credit Card,Walk-in
SAL20250052545,2025-06-17,STR016,PRD00714,2,1837.1,0.0,3674.2,2696.02,UPI,Premium
SAL20250052546,2025-06-27,STR008,PRD01182,1,9675.4,0.0,9675.4,4265.56,Net Banking,Regular
SAL20250052547,2025-06-03,STR032,PRD00652,1,210.65,0.1,189.59,137.0,Cash,Walk-in
SAL20250052548,2025-06-23,STR026,PRD00507,1,259.46,0.0,259.46,215.35,UPI,Corporate
SAL20250052549,2025-06-28,STR024,PRD00008,1,14817.35,0.0,14817.35,10393.47,UPI,Walk-in
SAL20250052550,2025-06-28,STR021,PRD00787,1,291.05,0.0,291.05,189.14,Debit Card,Premium
SAL20250052551,2025-06-29,STR006,PRD00223,2,11271.43,0.0,22542.86,14029.58,UPI,Regular
SAL20250052552,2025-06-24,STR022,PRD00075,1,9132.03,0.0,9132.03,7042.59,Cash,Walk-in
SAL20250052553,2025-06-01,STR021,PRD00807,1,667.9,0.05,634.5,429.52,Net Banking,Walk-in
SAL20250052554,2025-06-28,STR015,PRD00882,1,3706.7,0.0,3706.7,2187.93,UPI,Premium
SAL20250052555,2025-06-16,STR029,PRD01139,4,4060.77,0.0,16243.08,7378.24,Cash,Walk-in
SAL20250052556,2025-06-12,STR006,PRD01188,1,2837.24,0.0,2837.24,1686.24,UPI,Regular
SAL20250052557,2025-06-03,STR026,PRD00791,1,855.75,0.0,855.75,599.47,Cash,Premium
SAL20250052558,2025-06-10,STR035,PRD00870,1,2808.24,0.0,2808.24,1618.68,Credit Card,Walk-in
SAL20250052559,2025-06-21,STR034,PRD00469,1,499.21,0.0,499.21,389.45,Debit Card,Regular
SAL20250052560,2025-06-06,STR018,PRD00214,1,9551.75,0.1,8596.58,6869.66,Cash,Corporate
SAL20250052561,2025-06-04,STR012,PRD00977,1,417.51,0.0,417.51,282.28,Credit Card,Regular
SAL20250052562,2025-06-10,STR024,PRD00266,1,13058.2,0.0,13058.2,8085.89,Debit Card,Premium
SAL20250052563,2025-06-27,STR023,PRD00631,4,725.12,0.0,2900.48,1677.84,UPI,Regular
SAL20250052564,2025-06-25,STR023,PRD00583,2,704.61,0.0,1409.22,875.18,Credit Card,Walk-in
SAL20250052565,2025-06-24,STR017,PRD00659,1,294.97,0.05,280.22,218.84,Debit Card,Regular
SAL20250052566,2025-06-28,STR027,PRD01014,1,1123.09,0.0,1123.09,636.08,UPI,Premium
SAL20250052567,2025-06-30,STR001,PRD00023,1,6541.47,0.0,6541.47,4428.32,Debit Card,Regular
SAL20250052568,2025-06-09,STR035,PRD00548,4,172.01,0.1,619.24,481.44,UPI,Premium
SAL20250052569,2025-06-18,STR039,PRD00404,1,695.46,0.0,695.46,604.38,UPI,Regular
SAL20250052570,2025-06-23,STR027,PRD00315,1,452.88,0.1,407.59,281.44,Credit Card,Regular
SAL20250052571,2025-06-26,STR002,PRD00116,1,21256.57,0.0,21256.57,14955.09,UPI,Premium
SAL20250052572,2025-06-25,STR032,PRD00011,1,13229.12,0.1,11906.21,9834.69,Cash,Regular
SAL20250052573,2025-06-28,STR007,PRD00075,1,9132.03,0.1,8218.83,7042.59,Cash,Corporate
SAL20250052574,2025-06-22,STR001,PRD00676,2,4180.37,0.0,8360.74,5673.52,Credit Card,Regular
SAL20250052575,2025-06-11,STR009,PRD00636,4,685.82,0.0,2743.28,1809.76,UPI,Premium
SAL20250052576,2025-06-28,STR033,PRD00555,1,381.92,0.1,343.73,219.79,Credit Card,Walk-in
SAL20250052577,2025-06-22,STR004,PRD00220,1,5859.46,0.0,5859.46,4561.44,UPI,Regular
SAL20250052578,2025-06-01,STR034,PRD00264,1,4452.38,0.0,4452.38,3172.04,UPI,Walk-in
SAL20250052579,2025-06-15,STR037,PRD00347,2,1133.22,0.0,2266.44,1338.52,Credit Card,Regular
SAL20250052580,2025-06-10,STR030,PRD00742,1,3993.24,0.1,3593.92,2368.26,Cash,Walk-in
SAL20250052581,2025-06-15,STR035,PRD00945,2,871.49,0.0,1742.98,1100.48,Credit Card,Regular
SAL20250052582,2025-06-17,STR031,PRD01003,1,278.9,0.1,251.01,146.32,UPI,Walk-in
SAL20250052583,2025-06-08,STR011,PRD00708,4,2849.79,0.0,11399.16,7532.6,Cash,Corporate
SAL20250052584,2025-06-17,STR037,PRD00368,1,927.52,0.0,927.52,587.93,UPI,Regular
SAL20250052585,2025-06-13,STR002,PRD00461,2,198.22,0.0,396.44,338.9,UPI,Premium
SAL20250052586,2025-06-26,STR006,PRD00783,2,2295.14,0.0,4590.28,2886.5,UPI,Premium
SAL20250052587,2025-06-02,STR003,PRD01135,1,2481.4,0.05,2357.33,1259.74,Credit Card,Regular
SAL20250052588,2025-06-17,STR016,PRD00504,1,1118.52,0.0,1118.52,934.24,UPI,Regular
SAL20250052589,2025-06-20,STR022,PRD00574,1,560.83,0.0,560.83,338.56,Debit Card,Regular
SAL20250052590,2025-06-12,STR032,PRD00182,1,1682.57,0.0,1682.57,1144.55,UPI,Regular
SAL20250052591,2025-06-10,STR024,PRD00225,1,9871.63,0.0,9871.63,6952.04,UPI,Premium
SAL20250052592,2025-06-06,STR021,PRD01186,4,3042.91,0.0,12171.64,6008.8,Credit Card,Premium
SAL20250052593,2025-06-27,STR032,PRD01087,1,7006.0,0.0,7006.0,3419.72,UPI,Walk-in
SAL20250052594,2025-06-08,STR016,PRD00024,2,23723.95,0.0,47447.9,31000.48,Credit Card,Walk-in
SAL20250052595,2025-06-01,STR038,PRD00358,2,873.37,0.0,1746.74,933.34,Credit Card,Regular
SAL20250052596,2025-06-25,STR041,PRD00891,4,506.36,0.0,2025.44,1494.76,UPI,Premium
SAL20250052597,2025-06-16,STR019,PRD01132,1,7393.47,0.0,7393.47,3891.12,Net Banking,Walk-in
SAL20250052598,2025-06-30,STR026,PRD01141,2,1387.21,0.0,2774.42,1621.3,UPI,Regular
SAL20250052599,2025-06-28,STR012,PRD01140,1,5750.16,0.05,5462.65,3316.46,Net Banking,Regular
SAL20250052600,2025-06-27,STR027,PRD00972,4,1079.34,0.1,3885.62,2516.0,UPI,Premium
SAL20250052601,2025-06-17,STR041,PRD00477,2,121.21,0.0,242.42,195.32,UPI,Walk-in
SAL20250052602,2025-06-14,STR013,PRD00180,1,3550.84,0.0,3550.84,2526.78,Credit Card,Regular
SAL20250052603,2025-06-16,STR035,PRD00026,1,4182.92,0.0,4182.92,3047.01,Cash,Premium
SAL20250052604,2025-06-16,STR034,PRD00311,1,936.08,0.0,936.08,578.34,UPI,Walk-in
SAL20250052605,2025-06-06,STR006,PRD00963,1,93.93,0.0,93.93,63.76,Credit Card,Walk-in
SAL20250052606,2025-06-06,STR032,PRD01162,2,3657.07,0.05,6948.43,4034.58,UPI,Premium
SAL20250052607,2025-06-19,STR003,PRD00717,1,402.54,0.0,402.54,262.23,UPI,Regular
SAL20250052608,2025-06-21,STR031,PRD01160,1,7696.75,0.0,7696.75,3490.84,Credit Card,Regular
SAL20250052609,2025-06-19,STR008,PRD00381,3,931.15,0.0,2793.45,1593.84,Cash,Regular
SAL20250052610,2025-06-10,STR009,PRD00638,4,188.95,0.0,755.8,460.84,UPI,Regular
SAL20250052611,2025-06-30,STR009,PRD00258,1,2441.64,0.0,2441.64,1594.77,Debit Card,Walk-in
SAL20250052612,2025-06-29,STR040,PRD00342,1,1186.13,0.0,1186.13,698.17,UPI,Premium
SAL20250052613,2025-06-20,STR036,PRD01053,6,481.32,0.1,2599.13,1876.68,UPI,Regular
SAL20250052614,2025-06-24,STR003,PRD00867,3,798.49,0.1,2155.92,1373.28,UPI,Regular
SAL20250052615,2025-06-30,STR007,PRD00125,1,1511.82,0.0,1511.82,1056.29,Cash,Walk-in
SAL20250052616,2025-06-03,STR007,PRD00261,1,8333.44,0.0,8333.44,5118.51,UPI,Regular
SAL20250052617,2025-06-16,STR014,PRD00680,1,3900.49,0.0,3900.49,2805.0,Cash,Walk-in
SAL20250052618,2025-06-19,STR015,PRD00900,1,3167.3,0.0,3167.3,1961.05,UPI,Regular
SAL20250052619,2025-06-13,STR007,PRD00628,2,365.09,0.1,657.16,421.62,Net Banking,Regular
SAL20250052620,2025-06-11,STR022,PRD00266,1,13058.2,0.1,11752.38,8085.89,Credit Card,Walk-in
SAL20250052621,2025-06-17,STR039,PRD00244,1,9135.72,0.0,9135.72,5766.93,Credit Card,Walk-in
SAL20250052622,2025-06-27,STR003,PRD00707,1,2433.38,0.0,2433.38,1626.72,UPI,Premium
SAL20250052623,2025-06-17,STR020,PRD00413,5,347.68,0.0,1738.4,1501.55,Debit Card,Regular
SAL20250052624,2025-06-19,STR031,PRD00781,1,2809.53,0.05,2669.05,2070.84,UPI,Walk-in
SAL20250052625,2025-06-17,STR031,PRD00325,1,1273.47,0.0,1273.47,587.01,UPI,Premium
SAL20250052626,2025-06-28,STR029,PRD01002,1,98.3,0.0,98.3,55.69,Credit Card,Walk-in
SAL20250052627,2025-06-13,STR038,PRD00816,1,1448.92,0.0,1448.92,857.39,UPI,Regular
SAL20250052628,2025-06-11,STR031,PRD00692,1,1997.13,0.0,1997.13,1445.9,UPI,Regular
SAL20250052629,2025-06-04,STR035,PRD00503,1,634.01,0.0,634.01,525.79,Credit Card,Premium
SAL20250052630,2025-06-02,STR024,PRD00095,1,18324.65,0.0,18324.65,13913.8,UPI,Regular
SAL20250052631,2025-06-25,STR011,PRD00345,1,670.76,0.0,670.76,393.88,UPI,Regular
SAL20250052632,2025-06-07,STR003,PRD00953,1,80.84,0.0,80.84,57.97,Cash,Regular
SAL20250052633,2025-06-28,STR035,PRD01193,2,1712.13,0.0,3424.26,2069.82,Net Banking,Walk-in
SAL20250052634,2025-06-22,STR008,PRD00793,1,2445.38,0.0,2445.38,1405.41,UPI,Walk-in
SAL20250052635,2025-06-22,STR001,PRD01106,3,3135.75,0.0,9407.25,5007.48,UPI,Walk-in
SAL20250052636,2025-06-01,STR027,PRD00493,3,517.33,0.0,1551.99,1339.5,UPI,Corporate
SAL20250052637,2025-06-04,STR021,PRD00965,5,67.67,0.0,338.35,242.3,Credit Card,Premium
SAL20250052638,2025-06-12,STR038,PRD00640,2,209.4,0.0,418.8,234.86,UPI,Walk-in
SAL20250052639,2025-06-09,STR017,PRD01085,2,7889.14,0.05,14989.37,8272.58,Cash,Regular
SAL20250052640,2025-06-13,STR034,PRD00763,1,3968.33,0.0,3968.33,2850.9,UPI,Regular
SAL20250052641,2025-06-27,STR022,PRD00591,3,500.81,0.0,1502.43,1091.19,Credit Card,Regular
SAL20250052642,2025-06-27,STR018,PRD00221,1,9230.37,0.0,9230.37,5770.89,Credit Card,Corporate
SAL20250052643,2025-06-10,STR035,PRD01066,2,424.4,0.05,806.36,505.98,Credit Card,Regular
SAL20250052644,2025-06-20,STR037,PRD00531,3,217.65,0.0,652.95,546.6,UPI,Walk-in
SAL20250052645,2025-06-04,STR017,PRD00885,2,1948.54,0.0,3897.08,2506.78,Credit Card,Regular
SAL20250052646,2025-06-24,STR012,PRD00043,1,22998.01,0.05,21848.11,15302.97,UPI,Walk-in
SAL20250052647,2025-06-20,STR020,PRD00550,1,639.85,0.0,639.85,364.92,UPI,Walk-in
SAL20250052648,2025-06-24,STR029,PRD00591,3,500.81,0.0,1502.43,1091.19,Net Banking,Regular
SAL20250052649,2025-06-03,STR023,PRD00904,3,2811.36,0.0,8434.08,5579.91,Credit Card,Regular
SAL20250052650,2025-06-05,STR023,PRD00546,1,854.43,0.0,854.43,473.9,UPI,Walk-in
SAL20250052651,2025-06-17,STR030,PRD00094,2,15405.56,0.0,30811.12,24816.68,Credit Card,Regular
SAL20250052652,2025-06-08,STR007,PRD01037,2,431.13,0.0,862.26,464.38,Cash,Walk-in
SAL20250052653,2025-06-14,STR013,PRD00596,2,666.12,0.0,1332.24,795.82,Debit Card,Regular
SAL20250052654,2025-06-30,STR032,PRD00830,1,1783.32,0.0,1783.32,1089.78,UPI,Regular
SAL20250052655,2025-06-01,STR008,PRD00360,1,505.68,0.0,505.68,239.22,UPI,Walk-in
SAL20250052656,2025-06-02,STR002,PRD00375,1,650.42,0.0,650.42,365.06,UPI,Premium
SAL20250052657,2025-06-26,STR020,PRD00234,1,3859.31,0.0,3859.31,2374.04,Credit Card,Walk-in
SAL20250052658,2025-06-06,STR035,PRD00071,1,14423.02,0.0,14423.02,9605.63,Debit Card,Premium
SAL20250052659,2025-06-15,STR032,PRD00429,4,725.58,0.0,2902.32,2200.04,Credit Card,Regular
SAL20250052660,2025-06-20,STR031,PRD00707,3,2433.38,0.0,7300.14,4880.16,Cash,Walk-in
SAL20250052661,2025-06-04,STR020,PRD00503,1,634.01,0.0,634.01,525.79,UPI,Walk-in
SAL20250052662,2025-06-18,STR006,PRD01147,2,6760.77,0.0,13521.54,7726.56,Cash,Walk-in
SAL20250052663,2025-06-05,STR034,PRD00235,1,11077.6,0.0,11077.6,6683.62,UPI,Regular
SAL20250052664,2025-06-16,STR032,PRD00123,1,7408.15,0.0,7408.15,5588.12,Credit Card,Corporate
SAL20250052665,2025-06-21,STR026,PRD00274,4,920.1,0.05,3496.38,1703.04,UPI,Regular
SAL20250052666,2025-06-24,STR033,PRD00355,4,304.11,0.0,1216.44,655.2,UPI,Walk-in
SAL20250052667,2025-06-18,STR025,PRD01122,1,6526.26,0.0,6526.26,3631.48,UPI,Premium
SAL20250052668,2025-06-16,STR027,PRD00881,1,802.33,0.1,722.1,533.51,Cash,Regular
SAL20250052669,2025-06-02,STR008,PRD01158,3,7747.18,0.0,23241.54,12531.84,UPI,Walk-in
SAL20250052670,2025-06-23,STR004,PRD01005,1,682.39,0.1,614.15,475.7,UPI,Walk-in
SAL20250052671,2025-06-08,STR024,PRD01062,1,925.26,0.05,879.0,543.06,Debit Card,Corporate
SAL20250052672,2025-06-10,STR033,PRD01150,1,4074.75,0.0,4074.75,2372.04,Credit Card,Walk-in
SAL20250052673,2025-06-08,STR022,PRD00132,1,22943.8,0.0,22943.8,17725.67,Credit Card,Walk-in
SAL20250052674,2025-06-27,STR001,PRD01080,1,1721.88,0.0,1721.88,771.73,Credit Card,Regular
SAL20250052675,2025-06-21,STR039,PRD00548,3,172.01,0.0,516.03,361.08,Debit Card,Walk-in
SAL20250052676,2025-06-08,STR015,PRD00152,1,8357.62,0.05,7939.74,5421.82,Credit Card,Regular
SAL20250052677,2025-06-27,STR028,PRD00129,2,19597.62,0.0,39195.24,30526.3,UPI,Regular
SAL20250052678,2025-06-21,STR024,PRD00141,1,2559.21,0.05,2431.25,1944.29,Debit Card,Walk-in
SAL20250052679,2025-06-26,STR011,PRD00432,1,845.55,0.0,845.55,647.04,UPI,Regular
SAL20250052680,2025-06-03,STR006,PRD00716,1,1780.84,0.1,1602.76,1007.46,UPI,Walk-in
SAL20250052681,2025-06-12,STR003,PRD01069,2,2127.71,0.0,4255.42,2167.7,Cash,Regular
SAL20250052682,2025-06-03,STR029,PRD00579,1,398.71,0.0,398.71,292.17,UPI,Walk-in
SAL20250052683,2025-06-04,STR036,PRD00141,1,2559.21,0.0,2559.21,1944.29,UPI,Premium
SAL20250052684,2025-06-01,STR020,PRD01114,1,8827.06,0.0,8827.06,3573.34,Credit Card,Regular
SAL20250052685,2025-06-15,STR033,PRD00314,1,610.16,0.05,579.65,372.41,UPI,Walk-in
SAL20250052686,2025-06-03,STR023,PRD00423,2,256.23,0.05,486.84,427.8,Cash,Walk-in
SAL20250052687,2025-06-18,STR017,PRD00401,2,743.9,0.0,1487.8,1256.8,Credit Card,Regular
SAL20250052688,2025-06-11,STR003,PRD00749,2,4060.84,0.0,8121.68,4889.54,UPI,Walk-in
SAL20250052689,2025-06-23,STR021,PRD00985,2,79.43,0.0,158.86,110.12,Credit Card,Regular
SAL20250052690,2025-06-11,STR038,PRD00279,1,704.62,0.0,704.62,445.92,Credit Card,Regular
SAL20250052691,2025-06-05,STR021,PRD01087,1,7006.0,0.0,7006.0,3419.72,Credit Card,Regular
SAL20250052692,2025-06-04,STR012,PRD01130,1,3164.31,0.0,3164.31,1889.64,UPI,Premium
SAL20250052693,2025-06-10,STR014,PRD00143,1,11610.06,0.0,11610.06,8058.06,UPI,Regular
SAL20250052694,2025-06-20,STR025,PRD00314,1,610.16,0.1,549.14,372.41,Credit Card,Premium
SAL20250052695,2025-06-26,STR035,PRD00374,1,1242.75,0.0,1242.75,738.33,UPI,Regular
SAL20250052696,2025-06-04,STR014,PRD01174,1,4967.43,0.0,4967.43,2664.97,UPI,Regular
SAL20250052697,2025-06-22,STR018,PRD00167,2,8410.2,0.05,15979.38,11046.42,Net Banking,Regular
SAL20250052698,2025-06-23,STR007,PRD00268,1,1061.68,0.0,1061.68,520.26,UPI,Regular
SAL20250052699,2025-06-15,STR018,PRD00561,2,111.53,0.0,223.06,150.98,Debit Card,Walk-in
SAL20250052700,2025-06-02,STR034,PRD00459,1,918.25,0.0,918.25,735.01,Credit Card,Regular
SAL20250052701,2025-06-29,STR021,PRD00464,2,598.64,0.0,1197.28,916.98,Debit Card,Regular
SAL20250052702,2025-06-16,STR030,PRD00953,1,80.84,0.0,80.84,57.97,Credit Card,Regular
SAL20250052703,2025-06-21,STR035,PRD00536,3,393.56,0.0,1180.68,812.85,Credit Card,Walk-in
SAL20250052704,2025-06-04,STR018,PRD00306,2,1349.3,0.0,2698.6,1543.88,UPI,Regular
SAL20250052705,2025-06-24,STR007,PRD00251,1,10660.28,0.0,10660.28,7306.06,UPI,Walk-in
SAL20250052706,2025-06-04,STR002,PRD00755,1,511.82,0.0,511.82,344.31,Net Banking,Premium
SAL20250052707,2025-06-23,STR018,PRD00205,1,2084.53,0.0,2084.53,1335.1,Credit Card,Walk-in
SAL20250052708,2025-06-19,STR013,PRD00812,1,3142.68,0.0,3142.68,1823.3,UPI,Corporate
SAL20250052709,2025-06-05,STR007,PRD00372,2,542.7,0.0,1085.4,551.96,Net Banking,Regular
SAL20250052710,2025-06-17,STR009,PRD00649,2,333.14,0.0,666.28,477.92,UPI,Regular
SAL20250052711,2025-06-01,STR008,PRD00837,1,4012.56,0.1,3611.3,2368.64,UPI,Regular
SAL20250052712,2025-06-11,STR026,PRD01147,2,6760.77,0.0,13521.54,7726.56,Credit Card,Premium
SAL20250052713,2025-06-01,STR023,PRD00465,2,578.8,0.0,1157.6,885.6,UPI,Premium
SAL20250052714,2025-06-09,STR014,PRD01121,1,2103.52,0.0,2103.52,974.58,Credit Card,Regular
SAL20250052715,2025-06-02,STR003,PRD00826,3,174.23,0.0,522.69,360.6,Debit Card,Premium
SAL20250052716,2025-06-14,STR014,PRD00548,1,172.01,0.0,172.01,120.36,UPI,Corporate
SAL20250052717,2025-06-08,STR034,PRD00345,1,670.76,0.0,670.76,393.88,UPI,Regular
SAL20250052718,2025-06-26,STR022,PRD00992,1,439.67,0.1,395.7,224.17,Credit Card,Walk-in
SAL20250052719,2025-06-11,STR019,PRD00039,1,8380.37,0.05,7961.35,6279.95,Credit Card,Walk-in
SAL20250052720,2025-06-03,STR034,PRD01095,2,4795.88,0.0,9591.76,5241.94,UPI,Walk-in
SAL20250052721,2025-06-28,STR031,PRD00849,2,315.58,0.0,631.16,423.56,UPI,Regular
SAL20250052722,2025-06-15,STR037,PRD01051,1,694.43,0.0,694.43,354.19,Debit Card,Walk-in
SAL20250052723,2025-06-19,STR011,PRD00393,1,526.25,0.0,526.25,344.18,Credit Card,Walk-in
SAL20250052724,2025-06-20,STR036,PRD01016,1,253.56,0.0,253.56,161.4,Net Banking,Premium
SAL20250052725,2025-06-22,STR036,PRD01133,1,8197.9,0.1,7378.11,3765.02,Cash,Regular
SAL20250052726,2025-06-10,STR026,PRD01054,1,256.04,0.0,256.04,167.96,Credit Card,Walk-in
SAL20250052727,2025-06-02,STR034,PRD00894,1,2403.9,0.0,2403.9,1608.16,Credit Card,Premium
SAL20250052728,2025-06-04,STR039,PRD00037,2,21728.77,0.0,43457.54,33520.84,Debit Card,Walk-in
SAL20250052729,2025-06-18,STR034,PRD00949,3,855.15,0.0,2565.45,1700.55,Credit Card,Walk-in
SAL20250052730,2025-06-25,STR014,PRD00101,1,2548.25,0.0,2548.25,1803.25,UPI,Regular
SAL20250052731,2025-06-13,STR001,PRD00686,2,3692.38,0.0,7384.76,4227.66,UPI,Walk-in
SAL20250052732,2025-06-27,STR005,PRD00995,2,585.44,0.0,1170.88,835.44,UPI,Regular
SAL20250052733,2025-06-18,STR032,PRD00682,3,3799.71,0.0,11399.13,7341.84,UPI,Walk-in
SAL20250052734,2025-06-14,STR002,PRD00032,1,19217.6,0.0,19217.6,14800.0,Net Banking,Walk-in
SAL20250052735,2025-06-29,STR011,PRD00010,1,14520.45,0.0,14520.45,11774.44,UPI,Premium
SAL20250052736,2025-06-16,STR008,PRD00461,1,198.22,0.0,198.22,169.45,UPI,Regular
SAL20250052737,2025-06-01,STR008,PRD00004,1,18331.36,0.0,18331.36,14741.73,Credit Card,Corporate
SAL20250052738,2025-06-15,STR006,PRD00238,3,4984.73,0.0,14954.19,9404.34,UPI,Premium
SAL20250052739,2025-06-12,STR023,PRD00123,1,7408.15,0.0,7408.15,5588.12,Credit Card,Regular
SAL20250052740,2025-06-28,STR001,PRD00601,2,50.1,0.1,90.18,61.64,UPI,Regular
SAL20250052741,2025-06-26,STR029,PRD01149,1,4599.19,0.0,4599.19,2334.77,UPI,Regular
SAL20250052742,2025-06-30,STR006,PRD01168,1,4286.69,0.0,4286.69,2474.04,UPI,Regular
SAL20250052743,2025-06-07,STR031,PRD00334,2,796.78,0.0,1593.56,801.52,UPI,Corporate
SAL20250052744,2025-06-28,STR010,PRD01073,1,4074.99,0.0,4074.99,2440.45,Net Banking,Regular
SAL20250052745,2025-06-01,STR008,PRD00380,1,304.64,0.0,304.64,210.5,Credit Card,Premium
SAL20250052746,2025-06-13,STR023,PRD00639,1,160.88,0.0,160.88,102.41,UPI,Regular
SAL20250052747,2025-06-24,STR032,PRD00651,4,368.8,0.1,1327.68,1025.92,Credit Card,Walk-in
SAL20250052748,2025-06-25,STR031,PRD00230,1,11424.91,0.0,11424.91,7835.88,UPI,Regular
SAL20250052749,2025-06-26,STR008,PRD00900,2,3167.3,0.1,5701.14,3922.1,Credit Card,Walk-in
SAL20250052750,2025-06-12,STR020,PRD00840,1,2736.67,0.0,2736.67,1682.08,Debit Card,Regular
SAL20250052751,2025-06-15,STR026,PRD00925,1,2271.72,0.1,2044.55,1525.09,UPI,Corporate
SAL20250052752,2025-06-17,STR033,PRD00208,1,2761.76,0.0,2761.76,2051.3,Credit Card,Regular
SAL20250052753,2025-06-25,STR031,PRD00299,1,1362.69,0.05,1294.56,823.3,Cash,Walk-in
SAL20250052754,2025-06-22,STR022,PRD00383,3,216.69,0.05,617.57,407.22,Credit Card,Regular
SAL20250052755,2025-06-12,STR036,PRD00910,1,2302.88,0.0,2302.88,1579.69,Debit Card,Regular
SAL20250052756,2025-06-18,STR015,PRD00890,1,891.3,0.0,891.3,535.93,Cash,Walk-in
SAL20250052757,2025-06-30,STR022,PRD00640,3,209.4,0.05,596.79,352.29,UPI,Walk-in
SAL20250052758,2025-06-12,STR025,PRD00669,2,3235.01,0.0,6470.02,3773.52,UPI,Premium
SAL20250052759,2025-06-23,STR016,PRD00323,1,361.28,0.0,361.28,188.15,UPI,Regular
SAL20250052760,2025-06-26,STR035,PRD00617,6,496.18,0.0,2977.08,2178.06,Credit Card,Walk-in
SAL20250052761,2025-06-28,STR007,PRD00727,3,737.62,0.0,2212.86,1326.84,UPI,Walk-in
SAL20250052762,2025-06-20,STR016,PRD00443,3,206.94,0.0,620.82,501.18,Credit Card,Walk-in
SAL20250052763,2025-06-07,STR028,PRD00677,1,1193.37,0.1,1074.03,833.49,UPI,Walk-in
SAL20250052764,2025-06-21,STR011,PRD01171,2,6541.96,0.05,12429.72,5247.78,UPI,Walk-in
SAL20250052765,2025-06-30,STR012,PRD00893,2,963.04,0.0,1926.08,1206.1,Debit Card,Walk-in
SAL20250052766,2025-06-16,STR009,PRD00440,2,366.81,0.0,733.62,641.66,Debit Card,Regular
SAL20250052767,2025-06-19,STR012,PRD00343,2,244.94,0.0,489.88,260.82,Credit Card,Walk-in
SAL20250052768,2025-06-01,STR025,PRD00826,1,174.23,0.1,156.81,120.2,Credit Card,Regular
SAL20250052769,2025-06-24,STR040,PRD00696,3,1599.77,0.0,4799.31,3240.06,UPI,Regular
SAL20250052770,2025-06-01,STR003,PRD00973,4,291.44,0.0,1165.76,627.64,UPI,Walk-in
SAL20250052771,2025-06-11,STR016,PRD00021,2,1822.47,0.0,3644.94,2667.6,Cash,Regular
SAL20250052772,2025-06-20,STR005,PRD00771,1,2601.02,0.0,2601.02,1436.13,UPI,Regular
SAL20250052773,2025-06-24,STR002,PRD00087,1,23253.22,0.0,23253.22,15702.94,Credit Card,Regular
SAL20250052774,2025-06-14,STR036,PRD00657,1,272.71,0.0,272.71,160.84,Credit Card,Corporate
SAL20250052775,2025-06-29,STR020,PRD01138,1,4917.81,0.1,4426.03,2789.31,UPI,Premium
SAL20250052776,2025-06-26,STR035,PRD00743,1,1675.83,0.0,1675.83,1131.56,Credit Card,Premium
SAL20250052777,2025-06-26,STR010,PRD00704,2,1185.8,0.0,2371.6,1414.28,UPI,Walk-in
SAL20250052778,2025-06-12,STR019,PRD00884,3,1777.05,0.0,5331.15,3259.02,UPI,Regular
SAL20250052779,2025-06-19,STR009,PRD00506,1,725.03,0.0,725.03,579.1,UPI,Walk-in
SAL20250052780,2025-06-20,STR022,PRD00097,1,19452.93,0.0,19452.93,14437.86,Debit Card,Regular
SAL20250052781,2025-06-12,STR016,PRD00164,1,7383.75,0.0,7383.75,4728.61,UPI,Regular
SAL20250052782,2025-06-19,STR010,PRD00629,2,197.41,0.0,394.82,274.18,Debit Card,Regular
SAL20250052783,2025-06-23,STR024,PRD00122,1,23504.26,0.05,22329.05,16366.57,UPI,Walk-in
SAL20250052784,2025-06-15,STR036,PRD00970,1,370.51,0.0,370.51,239.77,Debit Card,Premium
SAL20250052785,2025-06-08,STR040,PRD00757,2,1608.8,0.1,2895.84,2075.74,UPI,Walk-in
SAL20250052786,2025-06-13,STR024,PRD01080,2,1721.88,0.0,3443.76,1543.46,Net Banking,Walk-in
SAL20250052787,2025-06-01,STR007,PRD01110,1,1048.97,0.0,1048.97,581.11,UPI,Walk-in
SAL20250052788,2025-06-06,STR034,PRD00196,2,3177.64,0.0,6355.28,4493.76,Credit Card,Regular
SAL20250052789,2025-06-06,STR024,PRD00948,2,38.1,0.0,76.2,53.1,Debit Card,Regular
SAL20250052790,2025-06-12,STR007,PRD01010,1,762.29,0.1,686.06,399.52,Net Banking,Premium
SAL20250052791,2025-06-24,STR008,PRD00170,1,1380.75,0.0,1380.75,918.49,Cash,Regular
SAL20250052792,2025-06-22,STR005,PRD00254,1,11020.14,0.1,9918.13,6776.21,UPI,Regular
SAL20250052793,2025-06-19,STR027,PRD00249,1,4858.0,0.0,4858.0,3416.15,Credit Card,Walk-in
SAL20250052794,2025-06-16,STR034,PRD00731,1,2513.85,0.0,2513.85,1582.05,UPI,Walk-in
SAL20250052795,2025-06-13,STR031,PRD00488,1,995.48,0.0,995.48,835.86,Net Banking,Corporate
SAL20250052796,2025-06-02,STR022,PRD00988,1,774.65,0.05,735.92,532.5,Cash,Walk-in
SAL20250052797,2025-06-25,STR032,PRD00763,1,3968.33,0.05,3769.91,2850.9,UPI,Corporate
SAL20250052798,2025-06-10,STR017,PRD00383,2,216.69,0.0,433.38,271.48,UPI,Premium
SAL20250052799,2025-06-20,STR012,PRD00591,1,500.81,0.0,500.81,363.73,Debit Card,Walk-in
SAL20250052800,2025-06-20,STR003,PRD01020,6,560.55,0.0,3363.3,2171.82,Debit Card,Regular
SAL20250052801,2025-06-04,STR028,PRD00441,1,853.01,0.0,853.01,707.08,UPI,Regular
SAL20250052802,2025-06-22,STR020,PRD00467,3,528.8,0.0,1586.4,1359.15,UPI,Regular
SAL20250052803,2025-06-04,STR008,PRD00341,1,977.08,0.0,977.08,605.56,Debit Card,Regular
SAL20250052804,2025-06-26,STR018,PRD00622,2,644.0,0.0,1288.0,799.58,UPI,Regular
SAL20250052805,2025-06-29,STR009,PRD00081,1,19888.54,0.0,19888.54,13106.38,UPI,Regular
SAL20250052806,2025-06-04,STR026,PRD01051,1,694.43,0.0,694.43,354.19,UPI,Walk-in
SAL20250052807,2025-06-05,STR016,PRD00514,3,1177.91,0.1,3180.36,2742.99,Credit Card,Corporate
SAL20250052808,2025-06-05,STR007,PRD00472,1,554.85,0.0,554.85,444.9,Debit Card,Regular
SAL20250052809,2025-06-25,STR004,PRD01155,2,7374.97,0.05,14012.44,7321.82,UPI,Regular
SAL20250052810,2025-06-03,STR037,PRD00092,1,6575.52,0.0,6575.52,4677.68,Credit Card,Regular
SAL20250052811,2025-06-13,STR040,PRD00299,2,1362.69,0.0,2725.38,1646.6,Credit Card,Premium
SAL20250052812,2025-06-25,STR029,PRD00142,1,4154.89,0.0,4154.89,2736.44,UPI,Premium
SAL20250052813,2025-06-13,STR013,PRD01138,1,4917.81,0.0,4917.81,2789.31,Cash,Regular
SAL20250052814,2025-06-10,STR041,PRD00659,3,294.97,0.0,884.91,656.52,UPI,Premium
SAL20250052815,2025-06-22,STR022,PRD00212,1,9559.41,0.0,9559.41,6260.97,Debit Card,Regular
SAL20250052816,2025-06-29,STR006,PRD00711,1,1868.86,0.0,1868.86,1355.68,UPI,Regular
SAL20250052817,2025-06-03,STR004,PRD01188,1,2837.24,0.0,2837.24,1686.24,UPI,Walk-in
SAL20250052818,2025-06-11,STR010,PRD00341,3,977.08,0.0,2931.24,1816.68,UPI,Corporate
SAL20250052819,2025-06-21,STR020,PRD00834,1,1440.43,0.0,1440.43,915.49,UPI,Regular
SAL20250052820,2025-06-26,STR021,PRD00025,1,2348.16,0.0,2348.16,1617.05,UPI,Premium
SAL20250052821,2025-06-26,STR012,PRD00056,1,11452.31,0.0,11452.31,8581.01,Credit Card,Walk-in
SAL20250052822,2025-06-30,STR030,PRD00653,1,614.39,0.1,552.95,447.76,Debit Card,Regular
SAL20250052823,2025-06-13,STR023,PRD00072,1,4522.2,0.0,4522.2,3124.59,Credit Card,Walk-in
SAL20250052824,2025-06-27,STR007,PRD00175,1,11344.22,0.0,11344.22,7434.87,UPI,Corporate
SAL20250052825,2025-06-06,STR030,PRD00997,1,893.9,0.0,893.9,624.69,UPI,Regular
SAL20250052826,2025-06-14,STR028,PRD01168,1,4286.69,0.0,4286.69,2474.04,UPI,Regular
SAL20250052827,2025-06-12,STR032,PRD01095,1,4795.88,0.0,4795.88,2620.97,UPI,Premium
SAL20250052828,2025-06-18,STR021,PRD00108,1,22607.14,0.0,22607.14,15802.22,Cash,Regular
SAL20250052829,2025-06-05,STR013,PRD01145,1,3609.72,0.0,3609.72,2080.21,Credit Card,Regular
SAL20250052830,2025-06-05,STR011,PRD01152,1,2969.91,0.0,2969.91,1378.7,Cash,Walk-in
SAL20250052831,2025-06-25,STR006,PRD00772,1,988.94,0.0,988.94,659.49,UPI,Premium
SAL20250052832,2025-06-02,STR014,PRD00474,2,108.22,0.05,205.62,178.74,Credit Card,Premium
SAL20250052833,2025-06-06,STR007,PRD01130,1,3164.31,0.0,3164.31,1889.64,UPI,Premium
SAL20250052834,2025-06-20,STR012,PRD00268,2,1061.68,0.0,2123.36,1040.52,Credit Card,Corporate
SAL20250052835,2025-06-11,STR040,PRD00118,1,13769.46,0.0,13769.46,10543.97,Credit Card,Premium
SAL20250052836,2025-06-18,STR006,PRD00376,1,1476.13,0.0,1476.13,682.99,UPI,Walk-in
SAL20250052837,2025-06-24,STR008,PRD00296,1,250.04,0.0,250.04,121.63,Net Banking,Regular
SAL20250052838,2025-06-22,STR023,PRD00313,4,1406.36,0.0,5625.44,2557.36,Credit Card,Regular
SAL20250052839,2025-06-27,STR016,PRD00553,5,150.28,0.0,751.4,435.55,UPI,Premium
SAL20250052840,2025-06-05,STR036,PRD00442,2,148.56,0.0,297.12,239.4,Debit Card,Regular
SAL20250052841,2025-06-23,STR009,PRD00736,1,1942.77,0.0,1942.77,1241.55,Credit Card,Regular
SAL20250052842,2025-06-04,STR025,PRD00640,1,209.4,0.0,209.4,117.43,UPI,Regular
SAL20250052843,2025-06-10,STR016,PRD00813,3,3086.68,0.0,9260.04,6028.23,Credit Card,Regular
SAL20250052844,2025-06-01,STR018,PRD00958,2,274.5,0.0,549.0,383.46,UPI,Walk-in
SAL20250052845,2025-06-24,STR026,PRD00061,1,7691.1,0.0,7691.1,5309.86,Cash,Walk-in
SAL20250052846,2025-06-18,STR002,PRD00014,1,5918.05,0.0,5918.05,4586.64,Credit Card,Premium
SAL20250052847,2025-06-14,STR031,PRD00234,1,3859.31,0.1,3473.38,2374.04,Debit Card,Walk-in
SAL20250052848,2025-06-04,STR035,PRD00580,3,372.59,0.0,1117.77,633.9,Credit Card,Walk-in
SAL20250052849,2025-06-06,STR038,PRD00479,4,303.49,0.1,1092.56,1022.44,UPI,Corporate
SAL20250052850,2025-06-13,STR030,PRD00914,2,3460.6,0.0,6921.2,4401.44,Debit Card,Walk-in
SAL20250052851,2025-06-01,STR041,PRD01060,1,277.54,0.0,277.54,198.35,UPI,Corporate
SAL20250052852,2025-06-09,STR007,PRD00923,1,3811.45,0.0,3811.45,2262.33,UPI,Premium
SAL20250052853,2025-06-20,STR039,PRD00189,1,8529.1,0.1,7676.19,5554.64,UPI,Regular
SAL20250052854,2025-06-04,STR035,PRD01059,1,553.69,0.0,553.69,368.36,Debit Card,Walk-in
SAL20250052855,2025-06-30,STR033,PRD00686,2,3692.38,0.0,7384.76,4227.66,UPI,Walk-in
SAL20250052856,2025-06-16,STR019,PRD00540,5,550.54,0.0,2752.7,1943.1,UPI,Regular
SAL20250052857,2025-06-17,STR032,PRD01182,1,9675.4,0.0,9675.4,4265.56,Credit Card,Walk-in
SAL20250052858,2025-06-09,STR011,PRD00922,2,953.09,0.1,1715.56,1256.32,UPI,Walk-in
SAL20250052859,2025-06-06,STR006,PRD00431,10,614.87,0.0,6148.7,5212.0,UPI,Regular
SAL20250052860,2025-06-02,STR021,PRD01158,1,7747.18,0.0,7747.18,4177.28,UPI,Regular
SAL20250052861,2025-06-13,STR015,PRD00560,1,314.33,0.0,314.33,218.79,Credit Card,Regular
SAL20250052862,2025-06-20,STR041,PRD00241,1,7381.55,0.05,7012.47,5583.94,Debit Card,Regular
SAL20250052863,2025-06-16,STR025,PRD00454,2,238.81,0.0,477.62,364.6,UPI,Walk-in
SAL20250052864,2025-06-24,STR039,PRD01039,4,616.85,0.0,2467.4,1575.76,Cash,Premium
SAL20250052865,2025-06-08,STR038,PRD00718,1,2341.08,0.1,2106.97,1675.99,UPI,Regular
SAL20250052866,2025-06-07,STR039,PRD00373,4,159.48,0.1,574.13,342.16,Debit Card,Walk-in
SAL20250052867,2025-06-13,STR016,PRD01185,3,2223.59,0.0,6670.77,2774.55,Debit Card,Regular
SAL20250052868,2025-06-19,STR008,PRD00557,2,210.61,0.0,421.22,268.86,Cash,Regular
SAL20250052869,2025-06-22,STR032,PRD00549,2,585.62,0.0,1171.24,764.8,Cash,Regular
SAL20250052870,2025-06-04,STR001,PRD00328,1,1206.9,0.0,1206.9,619.01,Credit Card,Regular
SAL20250052871,2025-06-29,STR025,PRD00518,4,1000.64,0.0,4002.56,3073.72,Debit Card,Regular
SAL20250052872,2025-06-18,STR002,PRD00555,3,381.92,0.0,1145.76,659.37,Debit Card,Premium
SAL20250052873,2025-06-13,STR016,PRD01157,1,8076.82,0.0,8076.82,4265.41,UPI,Walk-in
SAL20250052874,2025-06-27,STR013,PRD00268,1,1061.68,0.0,1061.68,520.26,UPI,Premium
SAL20250052875,2025-06-11,STR021,PRD00130,1,17171.37,0.0,17171.37,12882.58,Credit Card,Premium
SAL20250052876,2025-06-29,STR024,PRD00954,3,1090.11,0.0,3270.33,1844.88,Net Banking,Walk-in
SAL20250052877,2025-06-03,STR013,PRD00112,1,3948.48,0.05,3751.06,3127.23,UPI,Premium
SAL20250052878,2025-06-12,STR016,PRD00471,1,607.66,0.0,607.66,495.35,UPI,Walk-in
SAL20250052879,2025-06-16,STR035,PRD01008,3,227.58,0.0,682.74,426.0,UPI,Walk-in
SAL20250052880,2025-06-13,STR036,PRD00239,1,6180.81,0.0,6180.81,4556.06,Credit Card,Walk-in
SAL20250052881,2025-06-20,STR030,PRD00128,1,13672.72,0.0,13672.72,8963.81,UPI,Regular
SAL20250052882,2025-06-24,STR039,PRD01160,3,7696.75,0.0,23090.25,10472.52,UPI,Premium
SAL20250052883,2025-06-14,STR012,PRD00540,4,550.54,0.0,2202.16,1554.48,Credit Card,Walk-in
SAL20250052884,2025-06-15,STR023,PRD00967,5,44.43,0.0,222.15,142.7,Debit Card,Walk-in
SAL20250052885,2025-06-24,STR034,PRD00307,3,743.28,0.0,2229.84,1448.46,UPI,Regular
SAL20250052886,2025-06-16,STR003,PRD00956,2,1028.6,0.0,2057.2,1144.0,UPI,Premium
SAL20250052887,2025-06-24,STR010,PRD00530,1,663.27,0.0,663.27,562.07,UPI,Regular
SAL20250052888,2025-06-14,STR012,PRD00084,1,11056.09,0.0,11056.09,8293.77,UPI,Regular
SAL20250052889,2025-06-09,STR039,PRD01175,1,2568.19,0.0,2568.19,1572.7,Credit Card,Regular
SAL20250052890,2025-06-21,STR004,PRD00139,1,2949.49,0.05,2802.02,1812.36,UPI,Walk-in
SAL20250052891,2025-06-28,STR041,PRD00310,1,607.97,0.0,607.97,303.74,Credit Card,Regular
SAL20250052892,2025-06-17,STR023,PRD00321,1,1442.95,0.0,1442.95,715.49,UPI,Regular
SAL20250052893,2025-06-27,STR018,PRD00332,2,556.82,0.0,1113.64,545.86,UPI,Regular
SAL20250052894,2025-06-23,STR011,PRD00966,2,814.75,0.0,1629.5,1052.9,Credit Card,Walk-in
SAL20250052895,2025-06-06,STR004,PRD01143,2,5565.18,0.0,11130.36,6314.64,Debit Card,Regular
SAL20250052896,2025-06-08,STR029,PRD00318,2,184.33,0.1,331.79,237.54,Net Banking,Regular
SAL20250052897,2025-06-19,STR021,PRD00471,1,607.66,0.0,607.66,495.35,Debit Card,Walk-in
SAL20250052898,2025-06-22,STR031,PRD00030,1,17262.94,0.05,16399.79,12589.59,Debit Card,Premium
SAL20250052899,2025-06-15,STR022,PRD00514,2,1177.91,0.1,2120.24,1828.66,Cash,Regular
SAL20250052900,2025-06-28,STR004,PRD00952,5,892.13,0.0,4460.65,2513.55,Cash,Walk-in
SAL20250052901,2025-06-06,STR032,PRD00226,1,3456.4,0.05,3283.58,2122.01,Credit Card,Premium
SAL20250052902,2025-06-23,STR031,PRD00138,1,3460.02,0.0,3460.02,2661.97,Credit Card,Premium
SAL20250052903,2025-06-01,STR029,PRD00432,1,845.55,0.1,761.0,647.04,Credit Card,Corporate
SAL20250052904,2025-06-09,STR022,PRD00431,1,614.87,0.0,614.87,521.2,Credit Card,Regular
SAL20250052905,2025-06-13,STR003,PRD01166,1,3220.85,0.0,3220.85,1660.43,UPI,Walk-in
SAL20250052906,2025-06-25,STR003,PRD00072,1,4522.2,0.0,4522.2,3124.59,Debit Card,Regular
SAL20250052907,2025-06-12,STR022,PRD00990,1,577.78,0.0,577.78,350.79,UPI,Walk-in
SAL20250052908,2025-06-07,STR005,PRD00477,1,121.21,0.0,121.21,97.66,UPI,Corporate
SAL20250052909,2025-06-16,STR030,PRD00141,2,2559.21,0.0,5118.42,3888.58,UPI,Regular
SAL20250052910,2025-06-30,STR003,PRD00755,1,511.82,0.0,511.82,344.31,Debit Card,Regular
SAL20250052911,2025-06-28,STR005,PRD00647,6,284.75,0.0,1708.5,1134.42,UPI,Walk-in
SAL20250052912,2025-06-10,STR029,PRD00473,1,113.62,0.0,113.62,94.83,Debit Card,Regular
SAL20250052913,2025-06-07,STR023,PRD00633,3,365.95,0.0,1097.85,638.7,Credit Card,Walk-in
SAL20250052914,2025-06-13,STR031,PRD00733,1,3579.07,0.1,3221.16,2186.97,UPI,Regular
SAL20250052915,2025-06-23,STR029,PRD00306,1,1349.3,0.0,1349.3,771.94,Debit Card,Corporate
SAL20250052916,2025-06-15,STR009,PRD01059,1,553.69,0.0,553.69,368.36,Debit Card,Regular
SAL20250052917,2025-06-13,STR032,PRD00488,2,995.48,0.0,1990.96,1671.72,Credit Card,Walk-in
SAL20250052918,2025-06-19,STR012,PRD00424,3,428.73,0.0,1286.19,1131.72,UPI,Premium
SAL20250052919,2025-06-25,STR013,PRD00592,1,365.4,0.1,328.86,218.29,UPI,Walk-in
SAL20250052920,2025-06-11,STR011,PRD00818,3,2330.04,0.0,6990.12,5007.42,UPI,Walk-in
SAL20250052921,2025-06-23,STR032,PRD00980,1,608.25,0.0,608.25,362.26,Credit Card,Walk-in
SAL20250052922,2025-06-29,STR011,PRD00284,1,170.59,0.0,170.59,103.53,Credit Card,Walk-in
SAL20250052923,2025-06-11,STR036,PRD01075,1,6164.63,0.0,6164.63,3178.28,Credit Card,Regular
SAL20250052924,2025-06-12,STR019,PRD00617,4,496.18,0.0,1984.72,1452.04,UPI,Corporate
SAL20250052925,2025-06-30,STR015,PRD00992,3,439.67,0.0,1319.01,672.51,UPI,Regular
SAL20250052926,2025-06-11,STR001,PRD00426,2,496.18,0.0,992.36,831.74,UPI,Regular
SAL20250052927,2025-06-24,STR022,PRD00864,1,1725.02,0.0,1725.02,1118.06,UPI,Regular
SAL20250052928,2025-06-24,STR039,PRD00614,2,52.25,0.0,104.5,68.56,Credit Card,Corporate
SAL20250052929,2025-06-05,STR003,PRD00334,1,796.78,0.0,796.78,400.76,UPI,Walk-in
SAL20250052930,2025-06-28,STR036,PRD00462,1,271.55,0.1,244.4,205.26,UPI,Premium
SAL20250052931,2025-06-17,STR008,PRD00611,2,51.03,0.0,102.06,75.62,Cash,Regular
SAL20250052932,2025-06-22,,PRD00372,3,542.7,0.0,1628.1,827.94,Cash,Regular
SAL20250052933,2025-06-26,STR031,PRD00001,1,21322.84,0.0,21322.84,15337.08,UPI,Walk-in
SAL20250052934,2025-06-29,STR031,PRD00269,4,151.87,0.05,577.11,399.28,Debit Card,Walk-in
SAL20250052935,2025-06-29,STR003,PRD00161,1,9190.04,0.0,9190.04,7015.28,UPI,Walk-in
SAL20250052936,2025-06-11,STR023,PRD00768,2,281.0,0.0,562.0,410.2,UPI,Walk-in
SAL20250052937,2025-06-02,STR027,PRD01027,3,412.95,0.0,1238.85,677.16,Credit Card,Walk-in
SAL20250052938,2025-06-04,STR024,PRD00163,2,12710.38,0.0,25420.76,15425.98,UPI,Walk-in
SAL20250052939,2025-06-22,STR037,PRD00066,2,7423.58,0.0,14847.16,11641.52,Debit Card,Premium
SAL20250052940,2025-06-21,STR002,PRD00791,3,855.75,0.0,2567.25,1798.41,Credit Card,Regular
SAL20250052941,2025-06-15,STR006,PRD00665,4,157.57,0.0,630.28,412.56,UPI,Premium
SAL20250052942,2025-06-02,STR032,PRD00865,1,2254.56,0.0,2254.56,1423.93,Net Banking,Walk-in
SAL20250052943,2025-06-25,STR030,PRD00629,1,197.41,0.0,197.41,137.09,Credit Card,Walk-in
SAL20250052944,2025-06-30,STR032,PRD00363,1,1443.62,0.0,1443.62,690.35,Credit Card,Walk-in
SAL20250052945,2025-06-14,STR010,PRD01055,1,428.04,0.0,428.04,266.57,Cash,Premium
SAL20250052946,2025-06-26,STR001,PRD00503,1,634.01,0.0,634.01,525.79,UPI,Regular
SAL20250052947,2025-06-20,STR032,PRD00723,1,1757.3,0.0,1757.3,1097.96,UPI,Walk-in
SAL20250052948,2025-06-24,STR018,PRD00537,2,133.85,0.0,267.7,157.56,UPI,Premium
SAL20250052949,2025-06-30,STR019,PRD00543,1,579.45,0.0,579.45,425.23,UPI,Regular
SAL20250052950,2025-06-25,STR009,PRD00439,1,122.61,0.0,122.61,95.61,UPI,Regular
SAL20250052951,2025-06-15,STR006,PRD00077,1,14848.8,0.0,14848.8,12077.21,Credit Card,Regular
SAL20250052952,2025-06-28,STR040,PRD00606,1,516.03,0.0,516.03,308.57,UPI,Regular
SAL20250052953,2025-06-02,STR008,PRD00383,1,216.69,0.0,216.69,135.74,UPI,Regular
SAL20250052954,2025-06-01,STR028,PRD00128,2,13672.72,0.0,27345.44,17927.62,Debit Card,Regular
SAL20250052955,2025-06-28,STR004,PRD01061,4,1015.91,0.0,4063.64,2142.12,UPI,Walk-in
SAL20250052956,2025-06-09,STR039,PRD00033,1,2653.86,0.0,2653.86,1783.28,UPI,Regular
SAL20250052957,2025-06-07,STR016,PRD00382,1,534.11,0.0,534.11,292.91,Debit Card,Walk-in
SAL20250052958,2025-06-11,STR005,PRD00171,1,6232.31,0.0,6232.31,4552.99,UPI,Regular
SAL20250052959,2025-06-03,STR017,PRD00362,2,1120.03,0.0,2240.06,1065.02,UPI,Premium
SAL20250052960,2025-06-14,STR014,PRD00089,1,24330.95,0.0,24330.95,18400.64,UPI,Regular
SAL20250052961,2025-06-21,STR005,PRD00263,1,3207.01,0.0,3207.01,2439.1,Credit Card,Premium
SAL20250052962,2025-06-08,STR006,PRD00373,1,159.48,0.0,159.48,85.54,UPI,Walk-in
SAL20250052963,2025-06-19,STR040,PRD00908,3,2285.46,0.0,6856.38,4020.18,UPI,Walk-in
SAL20250052964,2025-06-09,STR041,PRD00908,2,2285.46,0.0,4570.92,2680.12,UPI,Premium
SAL20250052965,2025-06-23,STR014,PRD00255,1,3159.1,0.1,2843.19,2283.27,Credit Card,Walk-in
SAL20250052966,2025-06-20,STR034,PRD00546,2,854.43,0.1,1537.97,947.8,UPI,Regular
SAL20250052967,2025-06-22,STR005,PRD00767,1,2122.92,0.0,2122.92,1557.14,Credit Card,Regular
SAL20250052968,2025-06-10,STR034,PRD00876,3,2635.68,0.05,7511.69,5395.14,Credit Card,Regular
SAL20250052969,2025-06-19,STR015,PRD00702,2,1394.73,0.0,2789.46,1977.28,Debit Card,Premium
SAL20250052970,2025-06-29,STR014,PRD00919,4,3391.01,0.0,13564.04,8928.32,Cash,Regular
SAL20250052971,2025-06-29,STR039,PRD00684,2,3989.77,0.0,7979.54,4931.08,Debit Card,Premium
SAL20250052972,2025-06-17,STR033,PRD01018,2,139.93,0.0,279.86,177.6,Net Banking,Walk-in
SAL20250052973,2025-06-05,STR034,PRD00504,1,1118.52,0.0,1118.52,934.24,Credit Card,Regular
SAL20250052974,2025-06-11,STR007,PRD00783,1,2295.14,0.0,2295.14,1443.25,UPI,Regular
SAL20250052975,2025-06-02,STR007,PRD00805,1,3870.93,0.0,3870.93,2163.81,Debit Card,Corporate
SAL20250052976,2025-06-18,STR024,PRD00962,1,708.41,0.1,637.57,395.68,Debit Card,Regular
SAL20250052977,2025-06-13,STR025,PRD01130,3,3164.31,0.0,9492.93,5668.92,Debit Card,Regular
SAL20250052978,2025-06-11,STR016,PRD00565,1,107.78,0.0,107.78,61.48,Credit Card,Regular
SAL20250052979,2025-06-30,STR013,PRD00913,1,3252.33,0.0,3252.33,2160.5,Debit Card,Regular
SAL20250052980,2025-06-18,STR036,PRD00167,1,8410.2,0.05,7989.69,5523.21,Credit Card,Regular
SAL20250052981,2025-06-02,STR011,PRD00433,1,1065.88,0.0,1065.88,861.75,UPI,Regular
SAL20250052982,2025-06-16,STR028,PRD00259,1,1699.09,0.0,1699.09,1233.0,UPI,Walk-in
SAL20250052983,2025-06-05,STR032,PRD00722,1,2039.88,0.1,1835.89,1170.85,Credit Card,Walk-in
SAL20250052984,2025-06-13,STR010,PRD01176,3,5880.6,0.0,17641.8,10557.99,UPI,Walk-in
SAL20250052985,2025-06-10,STR021,PRD00209,1,4015.2,0.1,3613.68,2717.92,Cash,Regular
SAL20250052986,2025-06-24,STR031,PRD00406,3,663.68,0.05,1891.49,1599.18,Credit Card,Walk-in
SAL20250052987,2025-06-01,STR006,PRD01016,1,253.56,0.0,253.56,161.4,Credit Card,Walk-in
SAL20250052988,2025-06-15,STR007,PRD00708,1,2849.79,0.0,2849.79,1883.15,UPI,Walk-in
SAL20250052989,2025-06-24,STR039,PRD00119,1,21410.34,0.0,21410.34,16034.57,Debit Card,Regular
SAL20250052990,2025-06-19,STR017,PRD00325,2,1273.47,0.0,2546.94,1174.02,UPI,Walk-in
SAL20250052991,2025-06-02,STR010,PRD00086,3,22194.93,0.0,66584.79,45529.74,Credit Card,Premium
SAL20250052992,2025-06-21,STR023,PRD00190,1,12169.57,0.1,10952.61,7955.32,Credit Card,Regular
SAL20250052993,2025-06-27,STR032,PRD00518,3,1000.64,0.0,3001.92,2305.29,Cash,Regular
SAL20250052994,2025-06-06,STR001,PRD00301,1,189.19,0.0,189.19,130.27,UPI,Walk-in
SAL20250052995,2025-06-17,STR041,PRD00973,3,291.44,0.1,786.89,470.73,Net Banking,Walk-in
SAL20250052996,2025-06-02,STR023,PRD01197,2,2167.83,0.0,4335.66,2322.36,Credit Card,Regular
SAL20250052997,2025-06-22,STR010,PRD00833,1,1761.67,0.0,1761.67,979.92,UPI,Walk-in
SAL20250052998,2025-06-11,STR006,PRD00068,1,10777.06,0.0,10777.06,8694.54,UPI,Walk-in
SAL20250052999,2025-06-27,STR021,PRD00392,1,436.74,0.0,436.74,242.28,UPI,Walk-in
SAL20250053000,2025-06-28,STR001,PRD00694,1,3202.51,0.0,3202.51,2319.01,Net Banking,Walk-in
SAL20250053001,2025-06-12,STR039,PRD00461,2,198.22,0.0,396.44,338.9,UPI,Premium
SAL20250053002,2025-06-08,STR005,PRD00546,4,854.43,0.0,3417.72,1895.6,Credit Card,Regular
SAL20250053003,2025-06-01,STR019,PRD00487,1,92.35,0.05,87.73,78.84,UPI,Premium
SAL20250053004,2025-06-25,STR006,PRD00425,1,878.01,0.0,878.01,697.51,Debit Card,Walk-in
SAL20250053005,2025-06-29,STR008,PRD00819,1,2315.45,0.1,2083.9,1549.5,Credit Card,Corporate
SAL20250053006,2025-06-19,STR034,PRD00895,2,472.54,0.0,945.08,594.8,UPI,Walk-in
SAL20250053007,2025-06-11,STR019,PRD00290,2,747.46,0.0,1494.92,956.64,Debit Card,Regular
SAL20250053008,2025-06-19,STR012,PRD00879,1,2290.26,0.0,2290.26,1614.23,UPI,Walk-in
SAL20250053009,2025-06-11,STR024,PRD00610,3,637.82,0.0,1913.46,1241.19,UPI,Regular
SAL20250053010,2025-06-13,STR004,PRD01087,1,7006.0,0.0,7006.0,3419.72,UPI,Premium
SAL20250053011,2025-06-10,STR035,PRD00942,1,93.87,0.05,89.18,61.73,UPI,Regular
SAL20250053012,2025-06-22,STR003,PRD00348,2,1231.54,0.0,2463.08,1388.12,Debit Card,Walk-in
SAL20250053013,2025-06-13,STR035,PRD00922,1,953.09,0.0,953.09,628.16,Debit Card,Corporate
SAL20250053014,2025-06-10,STR016,PRD00915,3,703.59,0.0,2110.77,1389.45,Credit Card,Walk-in
SAL20250053015,2025-06-29,STR001,PRD01136,3,7702.34,0.0,23107.02,12375.15,UPI,Walk-in
SAL20250053016,2025-06-08,STR011,PRD00614,2,52.25,0.0,104.5,68.56,Credit Card,Regular
SAL20250053017,2025-06-08,STR041,PRD00073,1,23649.92,0.0,23649.92,17123.4,Credit Card,Regular
SAL20250053018,2025-06-19,STR038,PRD00246,1,1945.93,0.0,1945.93,1239.78,Debit Card,Regular
SAL20250053019,2025-06-22,STR030,PRD00472,1,554.85,0.0,554.85,444.9,Credit Card,Premium
SAL20250053020,2025-06-17,STR013,PRD00610,6,637.82,0.05,3635.57,2482.38,Credit Card,Walk-in
SAL20250053021,2025-06-20,STR020,PRD00208,1,2761.76,0.0,2761.76,2051.3,UPI,Walk-in
SAL20250053022,2025-06-29,STR003,PRD00828,1,765.4,0.0,765.4,443.0,UPI,Walk-in
SAL20250053023,2025-06-29,STR026,PRD00041,1,19732.0,0.0,19732.0,14953.27,UPI,Walk-in
SAL20250053024,2025-06-10,STR038,PRD00230,1,11424.91,0.05,10853.66,7835.88,Cash,Regular
SAL20250053025,2025-06-12,STR027,PRD00492,3,431.72,0.0,1295.16,1086.12,Net Banking,Corporate
SAL20250053026,2025-06-19,STR030,PRD00304,1,1052.14,0.0,1052.14,723.81,Credit Card,Premium
SAL20250053027,2025-06-20,STR012,PRD00167,1,8410.2,0.1,7569.18,5523.21,UPI,Walk-in
SAL20250053028,2025-06-15,STR012,PRD01105,1,2498.16,0.0,2498.16,1508.52,Credit Card,Corporate
SAL20250053029,2025-06-05,STR020,PRD01140,4,5750.16,0.0,23000.64,13265.84,Net Banking,Premium
SAL20250053030,2025-06-21,STR039,PRD01058,2,211.57,0.1,380.83,290.04,UPI,Walk-in
SAL20250053031,2025-06-28,STR003,PRD00326,1,1442.32,0.1,1298.09,681.43,Credit Card,Premium
SAL20250053032,2025-06-17,STR004,PRD00187,1,5314.8,0.0,5314.8,3364.43,UPI,Regular
SAL20250053033,2025-06-27,STR019,PRD01143,2,5565.18,0.0,11130.36,6314.64,Credit Card,Regular
SAL20250053034,2025-06-05,STR007,PRD00408,2,1017.09,0.0,2034.18,1565.84,Credit Card,Walk-in
SAL20250053035,2025-06-14,STR039,PRD00036,1,8731.85,0.0,8731.85,5708.44,Credit Card,Corporate
SAL20250053036,2025-06-17,STR031,PRD00214,1,9551.75,0.0,9551.75,6869.66,Cash,Premium
SAL20250053037,2025-06-06,STR034,PRD01135,1,2481.4,0.0,2481.4,1259.74,UPI,Premium
SAL20250053038,2025-06-22,STR001,PRD00106,1,3614.0,0.0,3614.0,2487.36,Debit Card,Premium
SAL20250053039,2025-06-09,STR026,PRD00647,3,284.75,0.1,768.83,567.21,Credit Card,Walk-in
SAL20250053040,2025-06-22,STR015,PRD00846,1,1551.36,0.0,1551.36,1102.23,Credit Card,Premium
SAL20250053041,2025-06-14,STR014,PRD00149,1,3024.83,0.0,3024.83,2041.86,Credit Card,Regular
SAL20250053042,2025-06-13,STR037,PRD00662,1,192.14,0.0,192.14,140.96,Credit Card,Regular
SAL20250053043,2025-06-04,STR033,PRD00030,1,17262.94,0.0,17262.94,12589.59,UPI,Regular
SAL20250053044,2025-06-15,STR021,PRD01094,1,7758.5,0.0,7758.5,3797.17,UPI,Walk-in
SAL20250053045,2025-06-09,STR027,PRD00371,1,199.9,0.0,199.9,113.45,UPI,Regular
SAL20250053046,2025-06-03,STR037,PRD00393,1,526.25,0.0,526.25,344.18,Credit Card,Regular
SAL20250053047,2025-06-26,STR030,PRD00503,1,634.01,0.0,634.01,525.79,UPI,Walk-in
SAL20250053048,2025-06-27,STR012,PRD00913,2,3252.33,0.0,6504.66,4321.0,UPI,Regular
SAL20250053049,2025-06-22,STR012,PRD00374,1,1242.75,0.0,1242.75,738.33,Debit Card,Premium
SAL20250053050,2025-06-25,STR012,PRD00063,1,19546.78,0.05,18569.44,13446.97,Credit Card,Regular
SAL20250053051,2025-06-06,STR016,PRD01050,3,562.12,0.0,1686.36,987.42,UPI,Regular
SAL20250053052,2025-06-16,STR011,PRD00995,1,585.44,0.0,585.44,417.72,UPI,Walk-in
SAL20250053053,2025-06-24,STR041,PRD00839,2,2839.58,0.0,5679.16,3629.94,UPI,Walk-in
SAL20250053054,2025-06-19,STR040,PRD00206,1,10675.4,0.0,10675.4,6883.05,UPI,Walk-in
SAL20250053055,2025-06-17,STR017,PRD00307,1,743.28,0.0,743.28,482.82,UPI,Regular
SAL20250053056,2025-06-27,STR017,PRD00811,1,243.22,0.0,243.22,140.95,UPI,Walk-in
SAL20250053057,2025-06-29,STR003,PRD00594,2,129.17,0.0,258.34,162.66,Credit Card,Walk-in
SAL20250053058,2025-06-22,STR001,PRD00753,2,4495.87,0.0,8991.74,5243.44,Debit Card,Regular
SAL20250053059,2025-06-01,STR017,PRD01134,1,5914.46,0.0,5914.46,2929.32,UPI,Walk-in
SAL20250053060,2025-06-01,STR027,PRD00389,1,1606.86,0.0,1606.86,739.96,UPI,Walk-in
SAL20250053061,2025-06-20,STR026,PRD00880,1,430.21,0.0,430.21,293.94,Cash,Regular
SAL20250053062,2025-06-12,STR041,PRD01171,1,6541.96,0.0,6541.96,2623.89,Debit Card,Regular
SAL20250053063,2025-06-20,STR041,PRD01054,3,256.04,0.0,768.12,503.88,Debit Card,Regular
SAL20250053064,2025-06-03,STR010,PRD01122,2,6526.26,0.0,13052.52,7262.96,Cash,Premium
SAL20250053065,2025-06-26,STR011,PRD00029,2,24663.79,0.0,49327.58,32314.86,Net Banking,Regular
SAL20250053066,2025-06-17,STR034,PRD00264,2,4452.38,0.05,8459.52,6344.08,Cash,Regular
SAL20250053067,2025-06-24,STR012,PRD00165,1,10264.9,0.0,10264.9,6671.83,Net Banking,Regular
SAL20250053068,2025-06-22,STR015,PRD00847,1,2294.5,0.0,2294.5,1617.12,Net Banking,Regular
SAL20250053069,2025-06-27,STR026,PRD00441,2,853.01,0.0,1706.02,1414.16,UPI,Premium
SAL20250053070,2025-06-28,STR037,PRD00776,1,1145.74,0.0,1145.74,684.76,UPI,Regular
SAL20250053071,2025-06-12,STR032,PRD00134,1,19404.79,0.1,17464.31,14953.78,UPI,Regular
SAL20250053072,2025-06-14,STR033,PRD00179,2,5253.14,0.0,10506.28,6415.08,Debit Card,Regular
SAL20250053073,2025-06-21,STR025,PRD00651,1,368.8,0.05,350.36,256.48,UPI,Walk-in
SAL20250053074,2025-06-07,STR017,PRD00925,2,2271.72,0.05,4316.27,3050.18,Credit Card,Regular
SAL20250053075,2025-06-30,STR011,PRD00116,1,21256.57,0.0,21256.57,14955.09,Net Banking,Regular
SAL20250053076,2025-06-27,STR006,PRD00967,4,44.43,0.0,177.72,114.16,UPI,Regular
SAL20250053077,2025-06-24,STR016,PRD00410,1,245.81,0.0,245.81,192.76,UPI,Regular
SAL20250053078,2025-06-17,STR030,PRD00717,2,402.54,0.0,805.08,524.46,UPI,Regular
SAL20250053079,2025-06-08,STR006,PRD00740,1,3926.7,0.0,3926.7,2842.31,UPI,Premium
SAL20250053080,2025-06-27,STR009,PRD01012,3,896.48,0.0,2689.44,1747.74,Debit Card,Corporate
SAL20250053081,2025-06-20,STR023,PRD00084,1,11056.09,0.0,11056.09,8293.77,Credit Card,Walk-in
SAL20250053082,2025-06-18,STR001,PRD00698,2,1659.66,0.0,3319.32,2189.18,Cash,Walk-in
SAL20250053083,2025-06-17,STR013,PRD00235,1,11077.6,0.0,11077.6,6683.62,UPI,Regular
SAL20250053084,2025-06-23,STR010,PRD00441,1,853.01,0.1,767.71,707.08,Credit Card,Walk-in
SAL20250053085,2025-06-30,STR025,PRD00743,1,1675.83,0.0,1675.83,1131.56,Credit Card,Premium
SAL20250053086,2025-06-15,STR040,PRD00832,2,1859.75,0.0,3719.5,2740.56,Debit Card,Regular
SAL20250053087,2025-06-26,STR017,PRD00422,3,218.73,0.0,656.19,500.79,UPI,Regular
SAL20250053088,2025-06-09,STR030,PRD00607,1,313.72,0.1,282.35,181.35,Credit Card,Premium
SAL20250053089,2025-06-15,STR024,PRD00616,6,565.82,0.0,3394.92,1884.78,Credit Card,Regular
SAL20250053090,2025-06-30,STR037,PRD00028,1,4027.15,0.05,3825.79,2641.37,UPI,Regular
SAL20250053091,2025-06-03,STR026,PRD00923,2,3811.45,0.0,7622.9,4524.66,UPI,Regular
SAL20250053092,2025-06-21,STR011,PRD00557,2,210.61,0.0,421.22,268.86,Cash,Regular
SAL20250053093,2025-06-20,STR031,PRD00415,1,345.23,0.0,345.23,286.19,UPI,Regular
SAL20250053094,2025-06-03,STR011,PRD01081,3,7442.0,0.0,22326.0,10569.99,UPI,Regular
SAL20250053095,2025-06-19,STR040,PRD01064,1,155.0,0.0,155.0,78.63,Credit Card,Regular
SAL20250053096,2025-06-16,STR039,PRD00575,2,90.77,0.0,181.54,134.16,Debit Card,Regular
SAL20250053097,2025-06-15,STR030,PRD00083,1,9369.31,0.0,9369.31,6462.27,Cash,Walk-in
SAL20250053098,2025-06-30,STR004,PRD00342,1,1186.13,0.0,1186.13,698.17,Net Banking,Premium
SAL20250053099,2025-06-03,STR038,PRD00900,2,3167.3,0.0,6334.6,3922.1,Credit Card,Premium
SAL20250053100,2025-06-01,STR024,PRD00629,1,197.41,0.05,187.54,137.09,Debit Card,Walk-in
SAL20250053101,2025-06-07,STR007,PRD00618,6,249.13,0.1,1345.3,1098.18,Debit Card,Regular
SAL20250053102,2025-06-10,STR031,PRD00989,2,922.35,0.0,1844.7,1184.22,UPI,Regular
SAL20250053103,2025-06-15,STR029,PRD00954,5,1090.11,0.05,5178.02,3074.8,Credit Card,Corporate
SAL20250053104,2025-06-15,STR030,PRD00739,1,2279.96,0.0,2279.96,1541.42,UPI,Walk-in
SAL20250053105,2025-06-28,STR034,PRD00951,6,594.37,0.0,3566.22,2114.28,UPI,Walk-in
SAL20250053106,2025-06-23,STR029,PRD00136,1,8242.41,0.0,8242.41,5641.21,UPI,Premium
SAL20250053107,2025-06-01,STR024,PRD00046,1,12754.14,0.0,12754.14,8397.4,UPI,Regular
SAL20250053108,2025-06-16,STR011,PRD00971,1,604.86,0.0,604.86,306.67,UPI,Regular
SAL20250053109,2025-06-15,STR010,PRD00282,1,705.96,0.0,705.96,470.23,Cash,Regular
SAL20250053110,2025-06-14,STR004,PRD01119,2,9164.59,0.1,16496.26,8756.8,UPI,Regular
SAL20250053111,2025-06-06,STR026,PRD00468,5,180.53,0.1,812.38,741.6,UPI,Regular
SAL20250053112,2025-06-13,STR014,PRD00916,1,3924.97,0.0,3924.97,2270.78,Credit Card,Regular
SAL20250053113,2025-06-16,STR011,PRD00917,3,1441.59,0.0,4324.77,2942.49,UPI,Walk-in
SAL20250053114,2025-06-03,STR024,PRD01089,1,8670.13,0.0,8670.13,3797.02,Cash,Regular
SAL20250053115,2025-06-06,STR028,PRD00921,1,3248.47,0.0,3248.47,1833.94,Credit Card,Regular
SAL20250053116,2025-06-16,STR032,PRD00960,2,572.91,0.0,1145.82,764.8,Credit Card,Regular
SAL20250053117,2025-06-11,STR029,PRD00283,1,917.06,0.1,825.35,431.47,Credit Card,Regular
SAL20250053118,2025-06-18,STR028,PRD00478,1,959.84,0.05,911.85,812.26,UPI,Regular
SAL20250053119,2025-06-02,STR025,PRD00958,1,274.5,0.0,274.5,191.73,UPI,Premium
SAL20250053120,2025-06-10,STR030,PRD00721,1,2330.52,0.1,2097.47,1727.63,UPI,Regular
SAL20250053121,2025-06-27,STR036,PRD01124,2,4813.39,0.0,9626.78,4355.5,UPI,Corporate
SAL20250053122,2025-06-28,STR018,PRD01090,1,4828.9,0.05,4587.45,3064.56,Cash,Regular
SAL20250053123,2025-06-12,STR019,PRD00017,1,6386.7,0.0,6386.7,4504.98,UPI,Regular
SAL20250053124,2025-06-07,STR021,PRD00489,3,850.74,0.0,2552.22,2072.64,UPI,Walk-in
SAL20250053125,2025-06-04,STR035,PRD00151,1,5709.55,0.0,5709.55,3733.65,UPI,Walk-in
SAL20250053126,2025-06-05,STR009,PRD01085,1,7889.14,0.1,7100.23,4136.29,UPI,Regular
SAL20250053127,2025-06-04,STR006,PRD00855,1,2084.62,0.0,2084.62,1525.55,UPI,Walk-in
SAL20250053128,2025-06-15,STR035,PRD00406,1,663.68,0.0,663.68,533.06,Credit Card,Walk-in
SAL20250053129,2025-06-01,STR024,PRD00392,1,436.74,0.0,436.74,242.28,Debit Card,Regular
SAL20250053130,2025-06-13,STR022,PRD00445,10,417.63,0.0,4176.3,3352.7,UPI,Premium
SAL20250053131,2025-06-11,STR031,PRD01187,1,5464.91,0.0,5464.91,3354.99,UPI,Premium
SAL20250053132,2025-06-15,STR031,PRD00137,1,8245.04,0.0,8245.04,6423.44,UPI,Regular
SAL20250053133,2025-06-03,STR020,PRD00901,2,3120.68,0.05,5929.29,4143.14,Debit Card,Premium
SAL20250053134,2025-06-14,STR036,PRD00002,1,1289.58,0.05,1225.1,870.9,Credit Card,Walk-in
SAL20250053135,2025-06-22,STR002,PRD00910,1,2302.88,0.0,2302.88,1579.69,Debit Card,Regular
SAL20250053136,2025-06-08,STR019,PRD00229,1,2013.93,0.0,2013.93,1348.9,Credit Card,Regular
SAL20250053137,2025-06-01,STR013,PRD01103,2,5704.94,0.0,11409.88,4785.44,Credit Card,Regular
SAL20250053138,2025-06-26,STR030,PRD00995,3,585.44,0.0,1756.32,1253.16,Net Banking,Walk-in
SAL20250053139,2025-06-29,STR006,PRD00774,3,2102.71,0.0,6308.13,4647.81,Credit Card,Regular
SAL20250053140,2025-06-02,STR037,PRD00402,1,947.11,0.0,947.11,818.06,Debit Card,Premium
SAL20250053141,2025-06-28,STR026,PRD01123,3,3145.87,0.05,8965.73,5706.78,Cash,Premium
SAL20250053142,2025-06-10,STR029,PRD00238,1,4984.73,0.0,4984.73,3134.78,Cash,Premium
SAL20250053143,2025-06-06,STR033,PRD01036,1,177.81,0.0,177.81,125.17,UPI,Premium
SAL20250053144,2025-06-07,STR034,PRD01083,1,8991.53,0.0,8991.53,3921.72,UPI,Walk-in
SAL20250053145,2025-06-29,STR020,PRD00479,4,303.49,0.0,1213.96,1022.44,Credit Card,Walk-in
SAL20250053146,2025-06-21,STR036,PRD00944,2,197.23,0.0,394.46,255.64,Credit Card,Premium
SAL20250053147,2025-06-17,STR022,PRD00607,1,313.72,0.0,313.72,181.35,UPI,Walk-in
SAL20250053148,2025-06-12,STR024,PRD00972,2,1079.34,0.0,2158.68,1258.0,UPI,Regular
SAL20250053149,2025-06-21,STR024,PRD00232,1,6785.18,0.0,6785.18,4843.37,UPI,Walk-in
SAL20250053150,2025-06-08,STR019,PRD00784,1,1985.25,0.0,1985.25,1302.04,UPI,Regular
SAL20250053151,2025-06-14,STR004,PRD01037,1,431.13,0.0,431.13,232.19,UPI,Walk-in
SAL20250053152,2025-06-26,STR015,PRD00584,3,232.29,0.0,696.87,427.05,Debit Card,Regular
SAL20250053153,2025-06-30,STR022,PRD00021,2,1822.47,0.0,3644.94,2667.6,Credit Card,Walk-in
SAL20250053154,2025-06-30,STR021,PRD00913,1,3252.33,0.0,3252.33,2160.5,UPI,Premium
SAL20250053155,2025-06-08,STR013,PRD01000,6,495.66,0.0,2973.96,2075.22,UPI,Premium
SAL20250053156,2025-06-22,STR019,PRD00686,2,3692.38,0.0,7384.76,4227.66,Cash,Walk-in
SAL20250053157,2025-06-18,STR034,PRD01099,3,4242.7,0.0,12728.1,8165.55,UPI,Premium
SAL20250053158,2025-06-27,STR004,PRD01112,3,3077.42,0.0,9232.26,4674.57,UPI,Corporate
SAL20250053159,2025-06-28,STR035,PRD01054,3,256.04,0.0,768.12,503.88,UPI,Premium
SAL20250053160,2025-06-23,STR007,PRD00032,1,19217.6,0.0,19217.6,14800.0,UPI,Walk-in
SAL20250053161,2025-06-03,STR018,PRD01048,1,623.5,0.05,592.32,415.19,Debit Card,Regular
SAL20250053162,2025-06-24,STR006,PRD00814,2,3265.17,0.0,6530.34,3778.74,Debit Card,Regular
SAL20250053163,2025-06-21,STR018,PRD00622,1,644.0,0.0,644.0,399.79,Debit Card,Regular
SAL20250053164,2025-06-12,STR024,PRD00814,1,3265.17,0.1,2938.65,1889.37,UPI,Walk-in
SAL20250053165,2025-06-18,STR035,PRD00607,1,313.72,0.0,313.72,181.35,UPI,Walk-in
SAL20250053166,2025-06-11,STR003,PRD00132,2,22943.8,0.0,45887.6,35451.34,UPI,Regular
SAL20250053167,2025-06-03,STR028,PRD00604,3,254.69,0.0,764.07,455.7,Debit Card,Walk-in
SAL20250053168,2025-06-06,STR021,PRD01015,1,771.47,0.0,771.47,541.12,Credit Card,Regular
SAL20250053169,2025-06-29,STR006,PRD00481,4,391.79,0.0,1567.16,1267.04,UPI,Walk-in
SAL20250053170,2025-06-15,STR023,PRD01175,1,2568.19,0.0,2568.19,1572.7,Cash,Regular
SAL20250053171,2025-06-11,STR006,PRD00968,6,316.7,0.0,1900.2,952.56,Credit Card,Walk-in
SAL20250053172,2025-06-25,STR026,PRD00849,1,315.58,0.0,315.58,211.78,UPI,Regular
SAL20250053173,2025-06-03,STR007,PRD00892,2,2494.33,0.0,4988.66,3484.02,Credit Card,Regular
SAL20250053174,2025-06-23,STR013,PRD00083,1,9369.31,0.0,9369.31,6462.27,Credit Card,Walk-in
SAL20250053175,2025-06-12,STR022,PRD00231,1,9171.94,0.1,8254.75,6705.09,Cash,Regular
SAL20250053176,2025-06-08,STR040,PRD00409,1,950.85,0.1,855.76,738.11,UPI,Walk-in
SAL20250053177,2025-06-30,STR027,PRD00848,3,2441.1,0.0,7323.3,4848.96,Credit Card,Premium
SAL20250053178,2025-06-29,STR039,PRD00978,3,172.32,0.0,516.96,321.96,UPI,Regular
SAL20250053179,2025-06-20,STR041,PRD00482,1,411.59,0.05,391.01,344.12,Credit Card,Regular
SAL20250053180,2025-06-27,STR002,PRD01005,1,682.39,0.0,682.39,475.7,Debit Card,Regular
SAL20250053181,2025-06-27,STR019,PRD01020,1,560.55,0.05,532.52,361.97,Cash,Regular
SAL20250053182,2025-06-25,STR028,PRD00620,1,556.49,0.0,556.49,325.67,Credit Card,Regular
SAL20250053183,2025-06-21,STR010,PRD00524,1,128.85,0.0,128.85,106.5,UPI,Regular
SAL20250053184,2025-06-09,STR010,PRD00627,1,670.0,0.0,670.0,403.71,Debit Card,Regular
SAL20250053185,2025-06-15,STR002,PRD00647,1,284.75,0.0,284.75,189.07,UPI,Walk-in
SAL20250053186,2025-06-20,STR037,PRD00450,2,377.7,0.0,755.4,581.08,UPI,Regular
SAL20250053187,2025-06-14,STR026,PRD01094,1,7758.5,0.0,7758.5,3797.17,Debit Card,Walk-in
SAL20250053188,2025-06-27,STR029,PRD01007,1,886.03,0.0,886.03,502.38,Debit Card,Regular
SAL20250053189,2025-06-03,STR002,PRD00412,4,576.41,0.1,2075.08,1819.0,UPI,Regular
SAL20250053190,2025-06-15,STR027,PRD00937,2,262.48,0.0,524.96,355.12,UPI,Walk-in
SAL20250053191,2025-06-22,STR019,PRD01023,4,241.67,0.0,966.68,533.12,UPI,Corporate
SAL20250053192,2025-06-19,STR007,PRD01172,1,1132.5,0.0,1132.5,578.06,Net Banking,Premium
SAL20250053193,2025-06-15,STR012,PRD01028,4,93.34,0.0,373.36,192.4,Credit Card,Regular
SAL20250053194,2025-06-03,STR034,PRD00772,1,988.94,0.0,988.94,659.49,UPI,Regular
SAL20250053195,2025-06-18,STR027,PRD01143,1,5565.18,0.0,5565.18,3157.32,Cash,Regular
SAL20250053196,2025-06-05,STR017,PRD00156,2,1591.76,0.0,3183.52,2463.9,Cash,Walk-in
SAL20250053197,2025-06-06,STR013,PRD00691,2,1815.13,0.0,3630.26,2299.86,Debit Card,Walk-in
SAL20250053198,2025-06-26,STR040,PRD01114,2,8827.06,0.0,17654.12,7146.68,Credit Card,Regular
SAL20250053199,2025-06-13,STR039,PRD00563,1,667.75,0.0,667.75,433.56,Debit Card,Regular
SAL20250053200,2025-06-10,STR031,PRD00811,4,243.22,0.0,972.88,563.8,Credit Card,Regular
SAL20250053201,2025-06-27,STR005,PRD00174,3,698.44,0.0,2095.32,1569.72,Debit Card,Regular
SAL20250053202,2025-06-18,STR018,PRD00832,1,1859.75,0.0,1859.75,1370.28,Net Banking,Regular
SAL20250053203,2025-06-21,STR019,PRD01124,1,4813.39,0.1,4332.05,2177.75,Debit Card,Regular
SAL20250053204,2025-06-19,STR004,PRD00235,1,11077.6,0.0,11077.6,6683.62,UPI,Regular
SAL20250053205,2025-06-29,STR032,PRD00635,3,332.03,0.0,996.09,621.9,Credit Card,Walk-in
SAL20250053206,2025-06-19,STR016,PRD00924,2,261.16,0.05,496.2,389.0,Debit Card,Regular
SAL20250053207,2025-06-21,STR012,PRD01058,5,211.57,0.0,1057.85,725.1,Cash,Walk-in
SAL20250053208,2025-06-14,STR031,PRD00087,3,23253.22,0.1,62783.69,47108.82,UPI,Walk-in
SAL20250053209,2025-06-15,STR033,PRD01016,3,253.56,0.0,760.68,484.2,Net Banking,Corporate
SAL20250053210,2025-06-23,STR026,PRD00539,1,69.32,0.0,69.32,47.73,Credit Card,Walk-in
SAL20250053211,2025-06-04,STR004,PRD00636,1,685.82,0.0,685.82,452.44,Net Banking,Regular
SAL20250053212,2025-06-27,STR020,PRD01134,2,5914.46,0.1,10646.03,5858.64,Debit Card,Walk-in
SAL20250053213,2025-06-01,STR025,PRD00798,2,1720.26,0.0,3440.52,1923.1,UPI,Corporate
SAL20250053214,2025-06-14,STR021,PRD00606,1,516.03,0.0,516.03,308.57,Cash,Regular
SAL20250053215,2025-06-17,STR020,PRD00789,1,4846.68,0.0,4846.68,2934.91,UPI,Regular
SAL20250053216,2025-06-12,STR020,PRD00462,2,271.55,0.1,488.79,410.52,Credit Card,Regular
SAL20250053217,2025-06-10,STR023,PRD00376,1,1476.13,0.0,1476.13,682.99,UPI,Walk-in
SAL20250053218,2025-06-08,STR034,PRD01174,2,4967.43,0.0,9934.86,5329.94,UPI,Walk-in
SAL20250053219,2025-06-26,STR005,PRD00173,1,9167.15,0.0,9167.15,5751.32,Credit Card,Walk-in
SAL20250053220,2025-06-25,STR035,PRD00545,6,450.85,0.0,2705.1,1514.7,UPI,Walk-in
SAL20250053221,2025-06-18,STR034,PRD00068,1,10777.06,0.0,10777.06,8694.54,UPI,Regular
SAL20250053222,2025-06-08,STR041,PRD00467,2,528.8,0.0,1057.6,906.1,UPI,Corporate
SAL20250053223,2025-06-04,STR018,PRD00676,2,4180.37,0.0,8360.74,5673.52,Cash,Walk-in
SAL20250053224,2025-06-09,STR018,PRD00320,1,273.23,0.0,273.23,149.99,Credit Card,Regular
SAL20250053225,2025-06-04,STR002,PRD00113,1,16350.49,0.0,16350.49,11876.29,UPI,Premium
SAL20250053226,2025-06-21,STR007,PRD00452,1,1046.75,0.0,1046.75,879.65,UPI,Regular
SAL20250053227,2025-06-11,STR029,PRD00368,4,927.52,0.1,3339.07,2351.72,UPI,Walk-in
SAL20250053228,2025-06-17,STR015,PRD00063,1,19546.78,0.0,19546.78,13446.97,UPI,Walk-in
SAL20250053229,2025-06-02,STR029,PRD00009,1,10580.64,0.0,10580.64,8344.51,Credit Card,Regular
SAL20250053230,2025-06-10,STR007,PRD00997,2,893.9,0.0,1787.8,1249.38,UPI,Regular
SAL20250053231,2025-06-22,STR028,PRD01000,1,495.66,0.05,470.88,345.87,Cash,Regular
SAL20250053232,2025-06-06,STR022,PRD00330,2,275.94,0.1,496.69,337.72,UPI,Regular
SAL20250053233,2025-06-07,STR019,PRD00836,2,605.3,0.1,1089.54,816.24,Debit Card,Regular
SAL20250053234,2025-06-13,STR039,PRD00997,1,893.9,0.0,893.9,624.69,Credit Card,Premium
SAL20250053235,2025-06-06,STR011,PRD00408,2,1017.09,0.0,2034.18,1565.84,Debit Card,Regular
SAL20250053236,2025-06-04,STR017,PRD00634,10,509.03,0.0,5090.3,2989.6,UPI,Walk-in
SAL20250053237,2025-06-15,STR007,PRD00790,3,1379.35,0.0,4138.05,2708.16,Cash,Walk-in
SAL20250053238,2025-06-03,STR002,PRD00780,1,1384.22,0.0,1384.22,888.86,UPI,Regular
SAL20250053239,2025-06-25,STR004,PRD00862,1,1883.72,0.0,1883.72,1142.54,Credit Card,Regular
SAL20250053240,2025-06-08,STR033,PRD00701,1,4774.16,0.0,4774.16,3063.26,UPI,Regular
SAL20250053241,2025-06-30,STR031,PRD01197,2,2167.83,0.0,4335.66,2322.36,Debit Card,Regular
SAL20250053242,2025-06-22,STR024,PRD00674,2,2861.74,0.0,5723.48,3181.18,Cash,Regular
SAL20250053243,2025-06-01,STR021,PRD00431,6,614.87,0.0,3689.22,3127.2,Credit Card,Walk-in
SAL20250053244,2025-06-28,STR036,PRD00177,1,10270.98,0.0,10270.98,7398.07,Cash,Walk-in
SAL20250053245,2025-06-17,STR034,PRD00290,1,747.46,0.0,747.46,478.32,UPI,Walk-in
SAL20250053246,2025-06-06,STR026,PRD00667,4,129.77,0.0,519.08,364.2,Cash,Regular
SAL20250053247,2025-06-04,STR009,PRD00582,1,535.32,0.0,535.32,385.0,Credit Card,Corporate
SAL20250053248,2025-06-18,STR038,PRD01190,1,7433.72,0.0,7433.72,3770.31,Credit Card,Walk-in
SAL20250053249,2025-06-05,STR040,PRD01014,1,1123.09,0.0,1123.09,636.08,Credit Card,Walk-in
SAL20250053250,2025-06-27,STR007,PRD00398,1,358.79,0.0,358.79,173.35,UPI,Regular
SAL20250053251,2025-06-28,STR004,PRD00245,1,6730.38,0.0,6730.38,4429.31,UPI,Premium
SAL20250053252,2025-06-10,STR033,PRD00221,1,9230.37,0.0,9230.37,5770.89,UPI,Premium
SAL20250053253,2025-06-17,STR025,PRD00923,2,3811.45,0.0,7622.9,4524.66,Debit Card,Regular
SAL20250053254,2025-06-09,STR029,PRD00029,1,24663.79,0.0,24663.79,16157.43,Credit Card,Walk-in
SAL20250053255,2025-06-27,STR037,PRD00185,1,1926.14,0.0,1926.14,1500.04,Cash,Walk-in
SAL20250053256,2025-06-21,STR024,PRD00246,2,1945.93,0.0,3891.86,2479.56,UPI,Walk-in
SAL20250053257,2025-06-30,STR015,PRD00641,4,499.93,0.0,1999.72,1332.48,Credit Card,Regular
SAL20250053258,2025-06-27,STR018,PRD00369,1,1020.79,0.0,1020.79,482.49,UPI,Premium
SAL20250053259,2025-06-26,STR034,PRD00838,2,1522.8,0.0,3045.6,2093.7,UPI,Walk-in
SAL20250053260,2025-06-04,STR030,PRD00706,1,3862.25,0.0,3862.25,2444.01,Credit Card,Corporate
SAL20250053261,2025-06-22,STR034,PRD00167,1,8410.2,0.0,8410.2,5523.21,UPI,Walk-in
SAL20250053262,2025-06-18,STR012,PRD00098,1,13136.22,0.0,13136.22,10206.01,UPI,Regular
SAL20250053263,2025-06-21,STR006,PRD01133,1,8197.9,0.0,8197.9,3765.02,UPI,Regular
SAL20250053264,2025-06-11,STR030,PRD00666,1,224.43,0.0,224.43,162.71,UPI,Premium
SAL20250053265,2025-06-09,STR038,PRD01132,2,7393.47,0.0,14786.94,7782.24,UPI,Regular
SAL20250053266,2025-06-11,STR024,PRD00400,2,920.96,0.0,1841.92,1102.96,UPI,Walk-in
SAL20250053267,2025-06-29,STR018,PRD00477,2,121.21,0.0,242.42,195.32,Cash,Corporate
SAL20250053268,2025-06-13,STR009,PRD01065,4,936.71,0.0,3746.84,1913.44,UPI,Premium
SAL20250053269,2025-06-25,STR032,PRD01011,3,265.01,0.1,715.53,449.07,UPI,Regular
SAL20250053270,2025-06-30,STR029,PRD00760,1,4801.08,0.1,4320.97,3172.81,Net Banking,Walk-in
SAL20250053271,2025-06-05,STR017,PRD01145,1,3609.72,0.0,3609.72,2080.21,Credit Card,Regular
SAL20250053272,2025-06-30,STR001,PRD00467,4,528.8,0.05,2009.44,1812.2,Credit Card,Regular
SAL20250053273,2025-06-26,STR020,PRD01185,1,2223.59,0.0,2223.59,924.85,UPI,Walk-in
SAL20250053274,2025-06-25,STR025,PRD00720,1,3749.56,0.0,3749.56,2104.95,Cash,Regular
SAL20250053275,2025-06-20,STR015,PRD00351,2,802.18,0.05,1524.14,1006.48,Cash,Regular
SAL20250053276,2025-06-14,STR023,PRD00135,2,9390.96,0.0,18781.92,13733.26,Debit Card,Regular
SAL20250053277,2025-06-12,STR009,PRD00277,2,1350.87,0.1,2431.57,1360.5,Debit Card,Walk-in
SAL20250053278,2025-06-11,STR027,PRD00142,1,4154.89,0.0,4154.89,2736.44,Net Banking,Walk-in
SAL20250053279,2025-06-08,STR003,PRD00121,1,13928.8,0.0,13928.8,9332.33,Credit Card,Regular
SAL20250053280,2025-06-10,STR004,PRD00276,1,499.9,0.0,499.9,292.67,UPI,Regular
SAL20250053281,2025-06-30,STR012,PRD00174,2,698.44,0.1,1257.19,1046.48,UPI,Regular
SAL20250053282,2025-06-29,STR014,PRD01041,10,954.2,0.0,9542.0,5328.1,Credit Card,Walk-in
SAL20250053283,2025-06-13,STR022,PRD00961,1,294.28,0.0,294.28,158.53,UPI,Premium
SAL20250053284,2025-06-09,STR026,PRD00690,1,3635.92,0.0,3635.92,2397.42,UPI,Walk-in
SAL20250053285,2025-06-22,STR019,PRD00116,2,21256.57,0.0,42513.14,29910.18,UPI,Walk-in
SAL20250053286,2025-06-29,STR024,PRD00567,3,365.44,0.0,1096.32,680.88,UPI,Walk-in
SAL20250053287,2025-06-04,STR003,PRD00228,1,4421.9,0.05,4200.8,2982.31,UPI,Regular
SAL20250053288,2025-06-18,STR025,PRD00132,1,22943.8,0.0,22943.8,17725.67,UPI,Walk-in
SAL20250053289,2025-06-12,STR023,PRD00109,1,12280.41,0.0,12280.41,9316.5,Debit Card,Walk-in
SAL20250053290,2025-06-06,STR016,PRD00353,3,948.44,0.0,2845.32,1589.43,Credit Card,Walk-in
SAL20250053291,2025-06-11,STR004,PRD00785,1,4604.98,0.05,4374.73,2754.83,UPI,Walk-in
SAL20250053292,2025-06-17,STR025,PRD00548,4,172.01,0.0,688.04,481.44,UPI,Premium
SAL20250053293,2025-06-13,STR032,PRD01050,1,562.12,0.0,562.12,329.14,UPI,Regular
SAL20250053294,2025-06-24,STR013,PRD00549,1,585.62,0.0,585.62,382.4,Debit Card,Regular
SAL20250053295,2025-06-27,STR020,PRD00079,1,19037.37,0.0,19037.37,13485.77,UPI,Premium
SAL20250053296,2025-06-18,STR005,PRD00065,1,10562.87,0.0,10562.87,8152.93,Debit Card,Regular
SAL20250053297,2025-06-01,STR025,PRD00150,1,1288.03,0.05,1223.63,897.46,Cash,Walk-in
SAL20250053298,2025-06-08,STR020,PRD00183,1,6835.62,0.0,6835.62,4488.56,Credit Card,Regular
SAL20250053299,2025-06-14,STR020,PRD00830,2,1783.32,0.05,3388.31,2179.56,UPI,Regular
SAL20250053300,2025-06-15,STR035,PRD00642,2,467.68,0.05,888.59,580.44,Net Banking,Regular
SAL20250053301,2025-06-28,STR029,PRD00239,1,6180.81,0.1,5562.73,4556.06,UPI,Regular
SAL20250053302,2025-06-10,STR030,PRD01001,3,315.54,0.0,946.62,535.11,Credit Card,Walk-in
SAL20250053303,2025-06-18,STR013,PRD00267,1,11328.41,0.0,11328.41,8001.59,UPI,Walk-in
SAL20250053304,2025-06-29,STR020,PRD00144,1,7333.73,0.0,7333.73,4964.07,Credit Card,Corporate
SAL20250053305,2025-06-03,STR012,PRD00226,1,3456.4,0.05,3283.58,2122.01,UPI,Walk-in
SAL20250053306,2025-06-06,STR035,PRD00051,1,18906.15,0.0,18906.15,13812.18,Credit Card,Regular
SAL20250053307,2025-06-15,STR039,PRD00478,4,959.84,0.0,3839.36,3249.04,UPI,Regular
SAL20250053308,2025-06-18,STR033,PRD00660,2,324.23,0.0,648.46,476.08,UPI,Premium
SAL20250053309,2025-06-13,STR035,PRD00445,1,417.63,0.0,417.63,335.27,UPI,Premium
SAL20250053310,2025-06-10,STR033,PRD00871,3,1211.65,0.0,3634.95,2577.96,UPI,Walk-in
SAL20250053311,2025-06-20,STR028,PRD00336,2,1590.59,0.0,3181.18,1642.22,UPI,Regular
SAL20250053312,2025-06-07,STR023,PRD00884,1,1777.05,0.0,1777.05,1086.34,UPI,Regular
SAL20250053313,2025-06-29,STR040,PRD00209,1,4015.2,0.0,4015.2,2717.92,Cash,Corporate
SAL20250053314,2025-06-15,STR004,PRD00923,3,3811.45,0.0,11434.35,6786.99,UPI,Regular
SAL20250053315,2025-06-17,STR011,PRD01132,1,7393.47,0.0,7393.47,3891.12,Credit Card,Regular
SAL20250053316,2025-06-26,STR013,PRD00821,3,2784.44,0.1,7517.99,4747.23,UPI,Regular
SAL20250053317,2025-06-19,STR014,PRD00354,1,1099.31,0.05,1044.34,649.66,UPI,Regular
SAL20250053318,2025-06-09,STR031,PRD00990,2,577.78,0.0,1155.56,701.58,Debit Card,Walk-in
SAL20250053319,2025-06-28,STR027,PRD01134,2,5914.46,0.0,11828.92,5858.64,Debit Card,Premium
SAL20250053320,2025-06-06,STR029,PRD00466,1,725.28,0.0,725.28,629.72,UPI,Regular
SAL20250053321,2025-06-15,STR028,PRD00661,1,443.39,0.0,443.39,283.68,UPI,Regular
SAL20250053322,2025-06-14,STR013,PRD00659,3,294.97,0.1,796.42,656.52,Net Banking,Regular
SAL20250053323,2025-06-05,STR040,PRD00395,3,562.56,0.05,1603.3,1119.84,Debit Card,Walk-in
SAL20250053324,2025-06-15,STR035,PRD00713,1,4061.86,0.0,4061.86,2937.76,Debit Card,Premium
SAL20250053325,2025-06-10,STR022,PRD00005,1,25382.71,0.0,25382.71,18438.86,Debit Card,Walk-in
SAL20250053326,2025-06-27,STR038,PRD00649,1,333.14,0.0,333.14,238.96,Cash,Premium
SAL20250053327,2025-06-30,STR005,PRD00985,2,79.43,0.1,142.97,110.12,Net Banking,Premium
SAL20250053328,2025-06-11,STR012,PRD00259,1,1699.09,0.05,1614.14,1233.0,UPI,Walk-in
SAL20250053329,2025-06-12,STR029,PRD00980,1,608.25,0.0,608.25,362.26,Credit Card,Regular
SAL20250053330,2025-06-09,STR040,PRD00470,2,416.77,0.1,750.19,650.22,UPI,Regular
SAL20250053331,2025-06-17,STR029,PRD00574,2,560.83,0.0,1121.66,677.12,UPI,Walk-in
SAL20250053332,2025-06-15,STR038,PRD01095,1,4795.88,0.0,4795.88,2620.97,UPI,Regular
SAL20250053333,2025-06-30,STR038,PRD00676,1,4180.37,0.0,4180.37,2836.76,Debit Card,Regular
SAL20250053334,2025-06-07,STR041,PRD00493,2,517.33,0.1,931.19,893.0,Credit Card,Walk-in
SAL20250053335,2025-06-20,STR029,PRD00674,1,2861.74,0.05,2718.65,1590.59,UPI,Regular
SAL20250053336,2025-06-13,STR015,PRD00040,1,26675.54,0.0,26675.54,17487.01,Debit Card,Regular
SAL20250053337,2025-06-22,STR021,PRD01008,1,227.58,0.0,227.58,142.0,Credit Card,Walk-in
SAL20250053338,2025-06-28,STR010,PRD00252,1,10910.07,0.05,10364.57,7523.25,Credit Card,Regular
SAL20250053339,2025-06-16,STR035,PRD01110,4,1048.97,0.0,4195.88,2324.44,UPI,Regular
SAL20250053340,2025-06-09,STR010,PRD00457,2,726.05,0.0,1452.1,1098.78,Credit Card,Regular
SAL20250053341,2025-06-22,STR008,PRD00673,2,2685.18,0.0,5370.36,3396.58,UPI,Walk-in
SAL20250053342,2025-06-18,STR027,PRD00965,5,67.67,0.0,338.35,242.3,Net Banking,Corporate
SAL20250053343,2025-06-23,STR018,PRD00260,1,8853.62,0.1,7968.26,5607.87,Credit Card,Premium
SAL20250053344,2025-06-20,STR032,PRD00752,1,4535.72,0.0,4535.72,3022.89,Credit Card,Walk-in
SAL20250053345,2025-06-20,STR017,PRD01086,2,5541.98,0.0,11083.96,6444.84,Net Banking,Walk-in
SAL20250053346,2025-06-20,STR028,PRD00525,3,76.55,0.05,218.17,199.35,Debit Card,Walk-in
SAL20250053347,2025-06-10,STR018,PRD00417,3,788.29,0.0,2364.87,1985.13,Cash,Regular
SAL20250053348,2025-06-13,STR005,PRD01016,5,253.56,0.0,1267.8,807.0,UPI,Regular
SAL20250053349,2025-06-22,STR027,PRD00595,4,524.85,0.0,2099.4,1458.08,Debit Card,Walk-in
SAL20250053350,2025-06-14,STR008,PRD00136,1,8242.41,0.0,8242.41,5641.21,UPI,Corporate
SAL20250053351,2025-06-24,STR009,PRD00027,1,21177.44,0.0,21177.44,15886.64,Credit Card,Regular
SAL20250053352,2025-06-08,STR027,PRD00650,2,429.23,0.1,772.61,498.62,Credit Card,Walk-in
SAL20250053353,2025-06-13,STR027,PRD00697,1,1377.61,0.0,1377.61,807.52,Credit Card,Walk-in
SAL20250053354,2025-06-07,STR015,PRD00785,3,4604.98,0.0,13814.94,8264.49,UPI,Regular
SAL20250053355,2025-06-16,STR031,PRD00473,1,113.62,0.05,107.94,94.83,Credit Card,Walk-in
SAL20250053356,2025-06-13,STR020,PRD00339,1,831.47,0.0,831.47,498.17,Credit Card,Regular
SAL20250053357,2025-06-09,STR013,PRD00746,1,2299.94,0.0,2299.94,1526.01,UPI,Premium
SAL20250053358,2025-06-16,STR024,PRD01141,1,1387.21,0.0,1387.21,810.65,Net Banking,Regular
SAL20250053359,2025-06-13,STR012,PRD00543,3,579.45,0.0,1738.35,1275.69,Credit Card,Walk-in
SAL20250053360,2025-06-05,STR008,PRD00516,1,653.26,0.0,653.26,502.56,UPI,Regular
SAL20250053361,2025-06-09,STR038,PRD00897,1,3626.87,0.0,3626.87,2369.21,UPI,Regular
SAL20250053362,2025-06-19,STR008,PRD00951,4,594.37,0.0,2377.48,1409.52,UPI,Walk-in
SAL20250053363,2025-06-26,STR016,PRD00750,1,3884.81,0.0,3884.81,2144.98,UPI,Corporate
SAL20250053364,2025-06-16,STR018,PRD01021,4,582.28,0.0,2329.12,1512.48,Credit Card,Regular
SAL20250053365,2025-06-18,STR008,PRD01174,1,4967.43,0.1,4470.69,2664.97,UPI,Walk-in
SAL20250053366,2025-06-06,STR022,PRD00378,1,667.36,0.0,667.36,365.54,UPI,Premium
SAL20250053367,2025-06-24,STR036,PRD00005,1,25382.71,0.05,24113.57,18438.86,Credit Card,Regular
SAL20250053368,2025-06-14,STR016,PRD00293,1,859.61,0.0,859.61,442.5,Credit Card,Regular
SAL20250053369,2025-06-09,STR003,PRD00594,3,129.17,0.0,387.51,243.99,Credit Card,Premium
SAL20250053370,2025-06-10,STR033,PRD00198,1,4266.35,0.1,3839.72,2976.38,UPI,Regular
SAL20250053371,2025-06-28,STR027,PRD00495,3,212.14,0.0,636.42,492.81,Debit Card,Walk-in
SAL20250053372,2025-06-03,STR017,PRD00836,2,605.3,0.0,1210.6,816.24,Credit Card,Premium
SAL20250053373,2025-06-30,STR017,PRD00283,1,917.06,0.0,917.06,431.47,Debit Card,Corporate
SAL20250053374,2025-06-05,STR032,PRD00020,1,2507.15,0.0,2507.15,1948.29,Debit Card,Regular
SAL20250053375,2025-06-20,STR040,PRD00016,1,12816.4,0.0,12816.4,9433.57,UPI,Walk-in
SAL20250053376,2025-06-07,STR004,PRD00768,1,281.0,0.0,281.0,205.1,Cash,Regular
SAL20250053377,2025-06-03,STR016,PRD01012,5,896.48,0.0,4482.4,2912.9,UPI,Regular
SAL20250053378,2025-06-11,STR032,PRD00015,1,3619.87,0.0,3619.87,2931.59,UPI,Walk-in
SAL20250053379,2025-06-12,STR007,PRD00126,1,8140.39,0.0,8140.39,6131.32,UPI,Premium
SAL20250053380,2025-06-14,STR014,PRD00298,1,1012.57,0.1,911.31,666.12,UPI,Walk-in
SAL20250053381,2025-06-20,STR038,PRD00394,1,327.5,0.0,327.5,218.51,Net Banking,Regular
SAL20250053382,2025-06-22,STR010,PRD00677,2,1193.37,0.05,2267.4,1666.98,Credit Card,Premium
SAL20250053383,2025-06-12,STR035,PRD00594,1,129.17,0.0,129.17,81.33,Credit Card,Regular
SAL20250053384,2025-06-22,STR041,PRD00711,3,1868.86,0.0,5606.58,4067.04,UPI,Walk-in
SAL20250053385,2025-06-13,STR019,PRD01107,1,1600.76,0.0,1600.76,735.13,UPI,Walk-in
SAL20250053386,2025-06-09,STR029,PRD00409,3,950.85,0.0,2852.55,2214.33,Credit Card,Regular
SAL20250053387,2025-06-26,STR027,PRD00730,1,3497.66,0.0,3497.66,2580.93,Debit Card,Walk-in
SAL20250053388,2025-06-28,STR015,PRD00909,2,1266.46,0.0,2532.92,1738.96,UPI,Regular
SAL20250053389,2025-06-11,STR003,PRD00625,2,629.94,0.1,1133.89,865.82,UPI,Walk-in
SAL20250053390,2025-06-19,STR009,PRD01189,1,5263.0,0.0,5263.0,2237.37,Debit Card,Corporate
SAL20250053391,2025-06-22,STR018,PRD00044,2,3159.2,0.0,6318.4,4228.06,UPI,Regular
SAL20250053392,2025-06-05,STR039,PRD00549,4,585.62,0.0,2342.48,1529.6,UPI,Walk-in
SAL20250053393,2025-06-09,STR032,PRD00981,3,76.61,0.0,229.83,162.72,UPI,Walk-in
SAL20250053394,2025-06-04,STR024,PRD00149,2,3024.83,0.0,6049.66,4083.72,UPI,Regular
SAL20250053395,2025-06-19,STR005,PRD00034,1,761.93,0.0,761.93,520.56,UPI,Regular
SAL20250053396,2025-06-01,STR006,PRD01045,6,910.12,0.0,5460.72,2827.44,Credit Card,Walk-in
SAL20250053397,2025-06-23,STR024,PRD00226,1,3456.4,0.0,3456.4,2122.01,UPI,Regular
SAL20250053398,2025-06-27,STR031,PRD00694,2,3202.51,0.0,6405.02,4638.02,UPI,Premium
SAL20250053399,2025-06-21,STR033,PRD01141,1,1387.21,0.0,1387.21,810.65,UPI,Regular
SAL20250053400,2025-06-15,STR035,PRD00126,1,8140.39,0.1,7326.35,6131.32,UPI,Corporate
SAL20250053401,2025-06-09,STR012,PRD00746,1,2299.94,0.1,2069.95,1526.01,Credit Card,Regular
SAL20250053402,2025-06-09,STR040,PRD00749,1,4060.84,0.0,4060.84,2444.77,Credit Card,Walk-in
SAL20250053403,2025-06-02,STR017,PRD00108,1,22607.14,0.0,22607.14,15802.22,UPI,Walk-in
SAL20250053404,2025-06-10,STR025,PRD00149,1,3024.83,0.0,3024.83,2041.86,Cash,Walk-in
SAL20250053405,2025-06-10,STR018,PRD00821,2,2784.44,0.0,5568.88,3164.82,UPI,Regular
SAL20250053406,2025-06-03,STR010,PRD00907,2,1536.02,0.0,3072.04,1953.74,UPI,Premium
SAL20250053407,2025-06-11,STR041,PRD00074,1,17249.82,0.0,17249.82,11809.64,UPI,Walk-in
SAL20250053408,2025-06-25,STR005,PRD00223,1,11271.43,0.05,10707.86,7014.79,Debit Card,Walk-in
SAL20250053409,2025-06-10,STR013,PRD00893,1,963.04,0.0,963.04,603.05,UPI,Regular
SAL20250053410,2025-06-13,STR032,PRD00744,2,4365.48,0.0,8730.96,5758.8,Credit Card,Walk-in
SAL20250053411,2025-06-16,STR005,PRD00606,6,516.03,0.0,3096.18,1851.42,Credit Card,Walk-in
SAL20250053412,2025-06-16,STR018,PRD00899,1,2165.69,0.0,2165.69,1458.76,Credit Card,Regular
SAL20250053413,2025-06-25,STR014,PRD00631,3,725.12,0.0,2175.36,1258.38,UPI,Regular
SAL20250053414,2025-06-01,STR011,PRD00753,1,4495.87,0.0,4495.87,2621.72,UPI,Corporate
SAL20250053415,2025-06-30,STR038,PRD00939,1,463.84,0.0,463.84,242.34,Credit Card,Premium
SAL20250053416,2025-06-15,STR021,PRD00892,3,2494.33,0.0,7482.99,5226.03,Credit Card,Walk-in
SAL20250053417,2025-06-25,STR001,PRD00347,2,1133.22,0.0,2266.44,1338.52,Debit Card,Regular
SAL20250053418,2025-06-04,STR011,PRD01089,4,8670.13,0.0,34680.52,15188.08,Credit Card,Regular
SAL20250053419,2025-06-23,STR025,PRD00987,2,289.9,0.0,579.8,404.7,UPI,Premium
SAL20250053420,2025-06-09,STR003,PRD00123,1,7408.15,0.0,7408.15,5588.12,Credit Card,Walk-in
SAL20250053421,2025-06-25,STR012,PRD00221,2,9230.37,0.0,18460.74,11541.78,UPI,Regular
SAL20250053422,2025-06-06,STR025,,1,948.44,0.0,948.44,529.81,UPI,Walk-in
SAL20250053423,2025-06-07,STR033,PRD01186,1,3042.91,0.05,2890.76,1502.2,Cash,Regular
SAL20250053424,2025-06-29,STR003,PRD00814,1,3265.17,0.1,2938.65,1889.37,Credit Card,Regular
SAL20250053425,2025-06-28,STR032,PRD00865,2,2254.56,0.0,4509.12,2847.86,UPI,Regular
SAL20250053426,2025-06-03,STR034,PRD00204,1,3776.34,0.0,3776.34,2580.11,UPI,Regular
SAL20250053427,2025-06-28,STR004,PRD00263,1,3207.01,0.0,3207.01,2439.1,Cash,Walk-in
SAL20250053428,2025-06-02,STR022,PRD00223,1,11271.43,0.0,11271.43,7014.79,Credit Card,Regular
SAL20250053429,2025-06-08,STR007,PRD01112,2,3077.42,0.0,6154.84,3116.38,Cash,Corporate
SAL20250053430,2025-06-05,STR022,PRD00031,2,18632.2,0.0,37264.4,27807.62,UPI,Walk-in
SAL20250053431,2025-06-28,STR028,PRD00240,1,10596.37,0.0,10596.37,7390.73,Net Banking,Walk-in
SAL20250053432,2025-06-19,STR020,PRD00175,2,11344.22,0.0,22688.44,14869.74,Net Banking,Regular
SAL20250053433,2025-06-24,STR024,PRD00702,4,1394.73,0.0,5578.92,3954.56,UPI,Corporate
SAL20250053434,2025-06-12,STR023,PRD00338,1,1223.61,0.0,1223.61,688.23,UPI,Regular
SAL20250053435,2025-06-16,STR017,PRD00023,1,6541.47,0.0,6541.47,4428.32,Debit Card,Walk-in
SAL20250053436,2025-06-18,STR010,PRD00718,1,2341.08,0.0,2341.08,1675.99,UPI,Walk-in
SAL20250053437,2025-06-11,STR034,PRD00667,3,129.77,0.0,389.31,273.15,Credit Card,Walk-in
SAL20250053438,2025-06-04,STR026,PRD00614,6,52.25,0.0,313.5,205.68,UPI,Regular
SAL20250053439,2025-06-07,STR013,PRD00873,4,687.87,0.0,2751.48,1965.8,Credit Card,Regular
SAL20250053440,2025-06-25,STR007,PRD00035,1,7229.47,0.0,7229.47,4889.28,UPI,Walk-in
SAL20250053441,2025-06-04,STR024,PRD00644,2,812.84,0.0,1625.68,904.78,UPI,Walk-in
SAL20250053442,2025-06-17,STR019,PRD00908,2,2285.46,0.0,4570.92,2680.12,UPI,Regular
SAL20250053443,2025-06-25,STR022,PRD00059,1,15692.67,0.0,15692.67,12269.76,Credit Card,Regular
SAL20250053444,2025-06-22,STR023,PRD00172,1,7151.58,0.0,7151.58,5253.3,Cash,Corporate
SAL20250053445,2025-06-10,STR012,PRD01116,1,792.37,0.0,792.37,396.32,Credit Card,Regular
SAL20250053446,2025-06-15,STR037,PRD00990,1,577.78,0.0,577.78,350.79,Debit Card,Walk-in
SAL20250053447,2025-06-25,STR023,PRD00862,1,1883.72,0.0,1883.72,1142.54,UPI,Walk-in
SAL20250053448,2025-06-11,STR021,PRD00684,3,3989.77,0.0,11969.31,7396.62,UPI,Walk-in
SAL20250053449,2025-06-10,STR003,PRD00817,3,3058.64,0.1,8258.33,6496.98,UPI,Walk-in
SAL20250053450,2025-06-11,STR037,PRD01048,10,623.5,0.0,6235.0,4151.9,UPI,Regular
SAL20250053451,2025-06-28,STR031,PRD00279,2,704.62,0.0,1409.24,891.84,Credit Card,Premium
SAL20250053452,2025-06-09,STR011,PRD00286,1,390.77,0.0,390.77,253.34,Debit Card,Walk-in
SAL20250053453,2025-06-19,STR003,PRD00467,4,528.8,0.0,2115.2,1812.2,UPI,Walk-in
SAL20250053454,2025-06-30,STR032,PRD00099,1,19924.5,0.05,18928.27,14858.06,Credit Card,Walk-in
SAL20250053455,2025-06-20,STR028,PRD01084,2,10498.54,0.1,18897.37,8422.78,UPI,Walk-in
SAL20250053456,2025-06-16,STR010,PRD00007,1,20090.22,0.05,19085.71,15462.2,UPI,Premium
SAL20250053457,2025-06-09,STR040,PRD00554,1,805.55,0.0,805.55,466.41,Credit Card,Walk-in
SAL20250053458,2025-06-15,STR003,PRD00355,2,304.11,0.1,547.4,327.6,UPI,Walk-in
SAL20250053459,2025-06-22,STR032,PRD00081,1,19888.54,0.05,18894.11,13106.38,UPI,Walk-in
SAL20250053460,2025-06-02,STR017,PRD01119,4,9164.59,0.1,32992.52,17513.6,Debit Card,Premium
SAL20250053461,2025-06-04,STR004,PRD00094,1,15405.56,0.0,15405.56,12408.34,UPI,Walk-in
SAL20250053462,2025-06-15,STR001,PRD00496,2,1047.75,0.0,2095.5,1804.88,UPI,Regular
SAL20250053463,2025-06-17,STR002,PRD00096,1,1587.91,0.0,1587.91,1154.69,UPI,Premium
SAL20250053464,2025-06-28,STR017,PRD00856,3,1871.17,0.0,5613.51,3637.71,Credit Card,Regular
SAL20250053465,2025-06-16,STR010,PRD00868,1,1450.33,0.0,1450.33,912.21,UPI,Premium
SAL20250053466,2025-06-16,STR028,PRD00275,1,1560.95,0.0,1560.95,847.9,Credit Card,Premium
SAL20250053467,2025-06-05,STR041,PRD01004,3,128.91,0.0,386.73,197.79,UPI,Regular
SAL20250053468,2025-06-19,STR016,PRD00003,1,810.89,0.0,810.89,534.24,Credit Card,Walk-in
SAL20250053469,2025-06-07,STR029,PRD00322,2,839.74,0.0,1679.48,1174.72,Debit Card,Regular
SAL20250053470,2025-06-29,STR015,PRD00788,4,3329.23,0.0,13316.92,8420.8,UPI,Premium
SAL20250053471,2025-06-12,STR015,PRD00530,3,663.27,0.1,1790.83,1686.21,UPI,Regular
SAL20250053472,2025-06-09,STR034,PRD00581,4,310.86,0.0,1243.44,794.84,Cash,Corporate
SAL20250053473,2025-06-11,STR020,PRD00126,1,8140.39,0.0,8140.39,6131.32,UPI,Regular
SAL20250053474,2025-06-16,STR026,PRD00305,2,1134.36,0.1,2041.85,1230.6,Debit Card,Regular
SAL20250053475,2025-06-02,STR022,PRD00481,2,391.79,0.0,783.58,633.52,UPI,Regular
SAL20250053476,2025-06-01,STR031,PRD00573,4,44.75,0.0,179.0,107.8,UPI,Premium
SAL20250053477,2025-06-27,STR026,PRD00227,1,5367.28,0.0,5367.28,3567.65,UPI,Walk-in
SAL20250053478,2025-06-09,STR007,PRD00627,1,670.0,0.0,670.0,403.71,Credit Card,Premium
SAL20250053479,2025-06-30,STR025,PRD00405,2,917.35,0.0,1834.7,1607.72,Debit Card,Walk-in
SAL20250053480,2025-06-12,STR004,PRD00609,3,338.3,0.0,1014.9,606.09,Net Banking,Premium
SAL20250053481,2025-06-12,STR011,PRD01120,3,8969.51,0.0,26908.53,13199.88,Credit Card,Regular
SAL20250053482,2025-06-14,STR030,PRD01036,1,177.81,0.0,177.81,125.17,UPI,Regular
SAL20250053483,2025-06-22,STR003,PRD00956,2,1028.6,0.0,2057.2,1144.0,UPI,Premium
SAL20250053484,2025-06-07,STR014,PRD01082,2,1474.53,0.05,2801.61,1594.52,UPI,Walk-in
SAL20250053485,2025-06-17,STR018,PRD00439,2,122.61,0.0,245.22,191.22,UPI,Regular
SAL20250053486,2025-06-09,STR010,PRD00020,1,2507.15,0.0,2507.15,1948.29,UPI,Premium
SAL20250053487,2025-06-28,STR028,PRD00178,3,9669.95,0.0,29009.85,20849.19,Credit Card,Regular
SAL20250053488,2025-06-18,STR036,PRD00442,2,148.56,0.0,297.12,239.4,Credit Card,Walk-in
SAL20250053489,2025-06-18,STR012,PRD00891,1,506.36,0.0,506.36,373.69,Debit Card,Walk-in
SAL20250053490,2025-06-06,STR023,PRD00504,2,1118.52,0.0,2237.04,1868.48,UPI,Regular
SAL20250053491,2025-06-17,STR034,PRD00141,3,2559.21,0.0,7677.63,5832.87,UPI,Walk-in
SAL20250053492,2025-06-25,STR008,PRD00259,1,1699.09,0.0,1699.09,1233.0,UPI,Walk-in
SAL20250053493,2025-06-20,STR014,PRD00455,1,683.36,0.0,683.36,563.47,UPI,Premium
SAL20250053494,2025-06-02,STR029,PRD00679,1,2876.53,0.0,2876.53,1865.54,Credit Card,Walk-in
SAL20250053495,2025-06-27,STR029,PRD00225,2,9871.63,0.0,19743.26,13904.08,Debit Card,Regular
SAL20250053496,2025-06-08,STR017,PRD00675,4,1206.06,0.0,4824.24,3033.72,UPI,Regular
SAL20250053497,2025-06-17,STR041,PRD00918,3,2741.1,0.0,8223.3,5962.32,Credit Card,Regular
SAL20250053498,2025-06-16,STR003,PRD00867,4,798.49,0.0,3193.96,1831.04,Debit Card,Walk-in
SAL20250053499,2025-06-15,STR011,PRD00257,1,3131.42,0.0,3131.42,2145.77,Credit Card,Premium
SAL20250053500,2025-06-21,STR008,PRD00817,3,3058.64,0.0,9175.92,6496.98,Credit Card,Regular
SAL20250053501,2025-06-04,STR038,PRD00813,1,3086.68,0.0,3086.68,2009.41,Cash,Premium
SAL20250053502,2025-06-23,STR020,PRD00708,2,2849.79,0.0,5699.58,3766.3,UPI,Regular
SAL20250053503,2025-06-09,STR032,PRD00595,1,524.85,0.0,524.85,364.52,UPI,Walk-in
SAL20250053504,2025-06-18,STR039,PRD00857,3,3027.87,0.0,9083.61,6482.52,Credit Card,Premium
SAL20250053505,2025-06-03,STR013,PRD00362,1,1120.03,0.0,1120.03,532.51,UPI,Walk-in
SAL20250053506,2025-06-06,STR001,PRD00133,1,10102.94,0.0,10102.94,6680.78,Credit Card,Regular
SAL20250053507,2025-06-18,STR040,PRD00506,1,725.03,0.0,725.03,579.1,UPI,Premium
SAL20250053508,2025-06-30,STR001,PRD00381,1,931.15,0.0,931.15,531.28,Cash,Premium
SAL20250053509,2025-06-20,STR041,PRD01093,1,4476.19,0.0,4476.19,2887.02,Debit Card,Premium
SAL20250053510,2025-06-15,STR025,PRD00227,1,5367.28,0.0,5367.28,3567.65,Debit Card,Premium
SAL20250053511,2025-06-22,STR013,PRD00433,5,1065.88,0.0,5329.4,4308.75,Debit Card,Regular
SAL20250053512,2025-06-17,STR039,PRD00401,3,743.9,0.1,2008.53,1885.2,Debit Card,Regular
SAL20250053513,2025-06-30,STR008,PRD00128,1,13672.72,0.0,13672.72,8963.81,UPI,Regular
SAL20250053514,2025-06-07,,PRD00169,1,8761.68,0.0,8761.68,5628.67,Net Banking,Walk-in
SAL20250053515,2025-06-09,STR019,PRD00149,2,3024.83,0.0,6049.66,4083.72,Debit Card,Premium
SAL20250053516,2025-06-19,STR032,PRD00259,3,1699.09,0.0,5097.27,3699.0,UPI,Regular
SAL20250053517,2025-06-01,STR025,PRD00758,1,4375.02,0.0,4375.02,3168.27,Cash,Premium
SAL20250053518,2025-06-29,STR021,PRD00516,5,653.26,0.0,3266.3,2512.8,UPI,Regular
SAL20250053519,2025-06-26,STR013,PRD00359,1,1383.56,0.0,1383.56,643.64,Debit Card,Walk-in
SAL20250053520,2025-06-15,STR015,PRD00564,2,566.41,0.1,1019.54,695.94,UPI,Walk-in
SAL20250056935,2025-06-12,STR041,PRD00232,1,6785.18,0.0,6785.18,4843.37,UPI,Regular
SAL20250053522,2025-06-09,STR018,PRD01090,4,4828.9,0.0,19315.6,12258.24,Debit Card,Walk-in
SAL20250053523,2025-06-19,STR021,PRD00573,1,44.75,0.1,40.27,26.95,UPI,Regular
SAL20250053524,2025-06-05,STR004,PRD00639,2,160.88,0.1,289.58,204.82,Debit Card,Walk-in
SAL20250053525,2025-06-09,STR015,PRD00726,2,2171.72,0.0,4343.44,2995.7,Credit Card,Regular
SAL20250053526,2025-06-05,STR037,PRD00898,3,3032.43,0.0,9097.29,5502.6,Debit Card,Regular
SAL20250053527,2025-06-28,STR014,PRD00328,2,1206.9,0.0,2413.8,1238.02,UPI,Corporate
SAL20250053528,2025-06-22,STR015,PRD00600,4,709.55,0.0,2838.2,1876.64,UPI,Walk-in
SAL20250053529,2025-06-10,STR018,PRD00529,2,569.27,0.0,1138.54,980.62,Credit Card,Regular
SAL20250053530,2025-06-21,STR009,PRD00467,1,528.8,0.0,528.8,453.05,Debit Card,Regular
SAL20250053531,2025-06-10,STR025,PRD00276,2,499.9,0.0,999.8,585.34,UPI,Corporate
SAL20250053532,2025-06-12,STR032,PRD00551,5,585.58,0.0,2927.9,2152.85,Debit Card,Regular
SAL20250053533,2025-06-08,STR008,PRD00550,5,639.85,0.0,3199.25,1824.6,Cash,Regular
SAL20250053534,2025-06-03,STR012,PRD01081,2,7442.0,0.0,14884.0,7046.66,Credit Card,Walk-in
SAL20250053535,2025-06-16,STR010,PRD00245,1,6730.38,0.05,6393.86,4429.31,Credit Card,Walk-in
SAL20250053536,2025-06-03,STR019,PRD00705,2,488.73,0.1,879.71,656.86,Credit Card,Regular
SAL20250053537,2025-06-11,STR003,PRD00154,1,614.66,0.0,614.66,476.92,Credit Card,Walk-in
SAL20250053538,2025-06-29,STR011,PRD00696,2,1599.77,0.0,3199.54,2160.04,UPI,Regular
SAL20250053539,2025-06-09,STR020,PRD00965,2,67.67,0.0,135.34,96.92,UPI,Regular
SAL20250053540,2025-06-12,STR007,PRD00691,2,1815.13,0.0,3630.26,2299.86,Credit Card,Walk-in
SAL20250053541,2025-06-28,STR029,PRD00966,2,814.75,0.0,1629.5,1052.9,UPI,Walk-in
SAL20250053542,2025-06-12,STR009,PRD00708,1,2849.79,0.0,2849.79,1883.15,UPI,Premium
SAL20250053543,2025-06-22,STR001,PRD00035,1,7229.47,0.1,6506.52,4889.28,UPI,Regular
SAL20250053544,2025-06-05,STR027,PRD00129,1,19597.62,0.0,19597.62,15263.15,Debit Card,Regular
SAL20250053545,2025-06-10,STR010,PRD01160,2,7696.75,0.0,15393.5,6981.68,Credit Card,Walk-in
SAL20250053546,2025-06-02,STR024,PRD00063,1,19546.78,0.0,19546.78,13446.97,UPI,Regular
SAL20250053547,2025-06-23,STR021,PRD00334,1,796.78,0.0,796.78,400.76,UPI,Regular
SAL20250053548,2025-06-22,STR025,PRD00798,2,1720.26,0.0,3440.52,1923.1,Credit Card,Walk-in
SAL20250053549,2025-06-02,STR027,PRD00307,1,743.28,0.0,743.28,482.82,UPI,Regular
SAL20250053550,2025-06-11,STR023,PRD01132,1,7393.47,0.0,7393.47,3891.12,UPI,Walk-in
SAL20250053551,2025-06-09,STR024,PRD00228,1,4421.9,0.05,4200.8,2982.31,UPI,Walk-in
SAL20250053552,2025-06-14,STR021,PRD00230,1,11424.91,0.0,11424.91,7835.88,Net Banking,Regular
SAL20250053553,2025-06-01,STR029,PRD00794,2,5386.59,0.0,10773.18,6320.86,UPI,Regular
SAL20250053554,2025-06-23,STR036,PRD00035,1,7229.47,0.1,6506.52,4889.28,UPI,Regular
SAL20250053555,2025-06-19,STR025,PRD00362,1,1120.03,0.0,1120.03,532.51,Debit Card,Walk-in
SAL20250053556,2025-06-01,STR026,PRD00696,3,1599.77,0.1,4319.38,3240.06,Debit Card,Regular
SAL20250053557,2025-06-04,STR026,PRD00669,1,3235.01,0.05,3073.26,1886.76,Cash,Walk-in
SAL20250053558,2025-06-28,STR007,PRD00800,1,478.19,0.0,478.19,324.59,UPI,Regular
SAL20250053559,2025-06-04,STR016,PRD00302,3,486.18,0.0,1458.54,675.27,Debit Card,Regular
SAL20250053560,2025-06-19,STR021,PRD00513,4,111.04,0.0,444.16,371.04,Debit Card,Regular
SAL20250053561,2025-06-08,STR027,PRD00413,5,347.68,0.1,1564.56,1501.55,Debit Card,Regular
SAL20250053562,2025-06-17,STR029,PRD00530,3,663.27,0.0,1989.81,1686.21,UPI,Walk-in
SAL20250053563,2025-06-20,STR023,PRD00941,2,737.4,0.1,1327.32,1022.18,Cash,Premium
SAL20250053564,2025-06-24,STR023,PRD00015,1,3619.87,0.0,3619.87,2931.59,UPI,Walk-in
SAL20250053565,2025-06-28,STR030,PRD00693,1,2512.22,0.0,2512.22,1671.42,Credit Card,Regular
SAL20250053566,2025-06-16,STR014,PRD00487,1,92.35,0.0,92.35,78.84,UPI,Premium
SAL20250053567,2025-06-20,STR033,PRD00610,1,637.82,0.0,637.82,413.73,UPI,Walk-in
SAL20250053568,2025-06-21,STR004,PRD00956,1,1028.6,0.0,1028.6,572.0,Debit Card,Regular
SAL20250053569,2025-06-09,STR020,PRD00956,1,1028.6,0.05,977.17,572.0,Credit Card,Regular
SAL20250053570,2025-06-02,STR018,PRD00232,3,6785.18,0.0,20355.54,14530.11,UPI,Walk-in
SAL20250053571,2025-06-14,STR033,PRD00651,1,368.8,0.0,368.8,256.48,Credit Card,Corporate
SAL20250053572,2025-06-03,STR019,PRD00260,1,8853.62,0.1,7968.26,5607.87,Debit Card,Walk-in
SAL20250053573,2025-06-10,STR005,PRD00959,2,664.61,0.05,1262.76,805.38,UPI,Walk-in
SAL20250053574,2025-06-22,STR005,PRD00670,1,3171.53,0.0,3171.53,1914.92,Cash,Premium
SAL20250053575,2025-06-22,STR004,PRD00604,3,254.69,0.0,764.07,455.7,Debit Card,Regular
SAL20250053576,2025-06-21,STR022,PRD00785,1,4604.98,0.0,4604.98,2754.83,Debit Card,Corporate
SAL20250053577,2025-06-30,STR026,PRD00839,1,2839.58,0.0,2839.58,1814.97,UPI,Regular
SAL20250053578,2025-06-10,STR005,PRD00306,1,1349.3,0.0,1349.3,771.94,Credit Card,Regular
SAL20250053579,2025-06-20,STR019,PRD00238,1,4984.73,0.0,4984.73,3134.78,Debit Card,Corporate
SAL20250053580,2025-06-24,STR009,PRD00773,2,733.06,0.0,1466.12,1036.9,UPI,Regular
SAL20250053581,2025-06-23,STR041,PRD00092,1,6575.52,0.0,6575.52,4677.68,UPI,Walk-in
SAL20250053582,2025-06-08,STR025,PRD00919,2,3391.01,0.0,6782.02,4464.16,Net Banking,Premium
SAL20250053583,2025-06-24,STR020,PRD01162,3,3657.07,0.0,10971.21,6051.87,Debit Card,Regular
SAL20250053584,2025-06-02,STR035,PRD00902,1,258.19,0.0,258.19,154.07,UPI,Regular
SAL20250053585,2025-06-29,STR020,PRD01058,4,211.57,0.05,803.97,580.08,UPI,Regular
SAL20250053586,2025-06-29,STR023,PRD00396,1,713.53,0.0,713.53,454.7,UPI,Walk-in
SAL20250053587,2025-06-10,STR034,PRD00812,3,3142.68,0.0,9428.04,5469.9,UPI,Walk-in
SAL20250053588,2025-06-24,STR007,PRD00131,1,11948.61,0.0,11948.61,9032.43,Credit Card,Regular
SAL20250053589,2025-06-05,STR015,PRD00347,2,1133.22,0.0,2266.44,1338.52,UPI,Regular
SAL20250053590,2025-06-04,STR023,PRD01053,2,481.32,0.0,962.64,625.56,Cash,Regular
SAL20250053591,2025-06-24,STR028,PRD00464,2,598.64,0.0,1197.28,916.98,UPI,Regular
SAL20250053592,2025-06-17,STR028,PRD00569,5,219.4,0.1,987.3,716.5,Cash,Walk-in
SAL20250053593,2025-06-14,STR002,PRD01038,2,565.57,0.0,1131.14,606.68,Credit Card,Premium
SAL20250053594,2025-06-21,STR033,PRD00918,2,2741.1,0.1,4933.98,3974.88,Debit Card,Walk-in
SAL20250053595,2025-06-20,STR007,PRD00912,1,532.47,0.0,532.47,306.3,Net Banking,Regular
SAL20250053596,2025-06-27,STR022,PRD01086,1,5541.98,0.0,5541.98,3222.42,Net Banking,Regular
SAL20250053597,2025-06-22,STR021,PRD00140,1,6378.06,0.0,6378.06,4851.7,Credit Card,Regular
SAL20250053598,2025-06-04,STR004,PRD00196,1,3177.64,0.05,3018.76,2246.88,Credit Card,Walk-in
SAL20250053599,2025-06-17,STR030,PRD00791,3,855.75,0.0,2567.25,1798.41,Net Banking,Premium
SAL20250053600,2025-06-04,STR039,PRD01082,2,1474.53,0.0,2949.06,1594.52,Credit Card,Walk-in
SAL20250053601,2025-06-04,STR034,PRD00042,1,15775.49,0.05,14986.72,11939.67,Credit Card,Regular
SAL20250053602,2025-06-20,STR005,PRD00286,1,390.77,0.0,390.77,253.34,UPI,Regular
SAL20250053603,2025-06-10,STR020,PRD00601,1,50.1,0.05,47.59,30.82,UPI,Walk-in
SAL20250053604,2025-06-28,STR007,PRD00053,1,3304.53,0.0,3304.53,2309.51,Credit Card,Regular
SAL20250053605,2025-06-01,STR005,PRD01161,1,5090.05,0.0,5090.05,2218.96,Credit Card,Walk-in
SAL20250053606,2025-06-04,STR030,PRD00409,1,950.85,0.0,950.85,738.11,UPI,Walk-in
SAL20250053607,2025-06-13,STR008,PRD01182,3,9675.4,0.0,29026.2,12796.68,UPI,Regular
SAL20250053608,2025-06-28,STR019,PRD00067,1,3694.12,0.0,3694.12,2694.72,UPI,Walk-in
SAL20250053609,2025-06-25,STR010,PRD00322,2,839.74,0.0,1679.48,1174.72,UPI,Regular
SAL20250053610,2025-06-13,STR037,PRD00891,1,506.36,0.0,506.36,373.69,Credit Card,Walk-in
SAL20250053611,2025-06-16,STR023,PRD00445,1,417.63,0.0,417.63,335.27,Credit Card,Premium
SAL20250053612,2025-06-07,STR031,PRD00813,1,3086.68,0.0,3086.68,2009.41,Cash,Walk-in
SAL20250053613,2025-06-24,STR030,PRD00523,5,773.23,0.1,3479.54,3280.7,Credit Card,Regular
SAL20250053614,2025-06-17,STR002,PRD00829,1,2093.34,0.0,2093.34,1538.87,UPI,Regular
SAL20250053615,2025-06-09,STR008,PRD00563,4,667.75,0.0,2671.0,1734.24,UPI,Regular
SAL20250053616,2025-06-12,STR029,PRD00822,1,3937.8,0.0,3937.8,2399.9,Credit Card,Regular
SAL20250053617,2025-06-13,STR028,PRD00385,1,460.87,0.0,460.87,278.52,Debit Card,Walk-in
SAL20250053618,2025-06-23,STR032,PRD00877,1,1728.24,0.0,1728.24,1211.91,UPI,Walk-in
SAL20250053619,2025-06-25,STR041,PRD00539,2,69.32,0.1,124.78,95.46,Credit Card,Regular
SAL20250053620,2025-06-15,STR006,PRD00090,2,8184.6,0.1,14732.28,11113.72,Net Banking,Walk-in
SAL20250053621,2025-06-08,STR028,PRD00717,1,402.54,0.0,402.54,262.23,Credit Card,Premium
SAL20250053622,2025-06-11,STR036,PRD00881,2,802.33,0.0,1604.66,1067.02,Cash,Regular
SAL20250053623,2025-06-25,STR033,PRD00465,2,578.8,0.0,1157.6,885.6,Credit Card,Regular
SAL20250053624,2025-06-11,STR028,PRD00568,1,465.88,0.0,465.88,288.31,Debit Card,Premium
SAL20250053625,2025-06-01,STR038,PRD00392,1,436.74,0.05,414.9,242.28,UPI,Corporate
SAL20250053626,2025-06-10,,PRD00599,2,273.52,0.0,547.04,378.74,UPI,Walk-in
SAL20250053627,2025-06-25,STR024,PRD00714,1,1837.1,0.1,1653.39,1348.01,Credit Card,Walk-in
SAL20250053628,2025-06-06,STR015,PRD00155,1,2214.51,0.0,2214.51,1652.19,Net Banking,Regular
SAL20250053629,2025-06-11,STR041,PRD00001,1,21322.84,0.0,21322.84,15337.08,UPI,Walk-in
SAL20250053630,2025-06-19,STR005,PRD01125,1,3015.8,0.0,3015.8,1423.43,Debit Card,Regular
SAL20250053631,2025-06-21,STR019,PRD01064,2,155.0,0.0,310.0,157.26,UPI,Regular
SAL20250053632,2025-06-10,STR021,PRD00321,1,1442.95,0.0,1442.95,715.49,UPI,Premium
SAL20250053633,2025-06-10,STR006,PRD00739,2,2279.96,0.0,4559.92,3082.84,UPI,Regular
SAL20250053634,2025-06-10,STR013,PRD00324,1,1095.89,0.0,1095.89,714.91,UPI,Regular
SAL20250053635,2025-06-04,STR040,PRD00730,1,3497.66,0.0,3497.66,2580.93,Credit Card,Regular
SAL20250053636,2025-06-04,STR016,PRD00943,1,787.16,0.0,787.16,532.44,UPI,Walk-in
SAL20250053637,2025-06-04,STR013,PRD00647,4,284.75,0.0,1139.0,756.28,Debit Card,Regular
SAL20250053638,2025-06-22,STR009,PRD00158,1,3798.87,0.05,3608.93,2582.44,UPI,Regular
SAL20250053639,2025-06-18,STR004,PRD00777,2,3515.65,0.0,7031.3,3883.56,Credit Card,Premium
SAL20250053640,2025-06-11,STR032,PRD00986,5,156.79,0.1,705.55,560.7,UPI,Regular
SAL20250053641,2025-06-04,STR012,PRD00112,1,3948.48,0.0,3948.48,3127.23,UPI,Walk-in
SAL20250053642,2025-06-12,STR014,PRD00924,3,261.16,0.0,783.48,583.5,Credit Card,Walk-in
SAL20250053643,2025-06-07,STR021,PRD00672,2,4427.9,0.0,8855.8,6027.68,UPI,Premium
SAL20250053644,2025-06-29,STR001,PRD00600,3,709.55,0.0,2128.65,1407.48,UPI,Walk-in
SAL20250053645,2025-06-03,STR040,PRD01127,1,730.99,0.0,730.99,319.39,Credit Card,Premium
SAL20250053646,2025-06-01,STR022,PRD00363,1,1443.62,0.0,1443.62,690.35,Cash,Regular
SAL20250053647,2025-06-03,STR034,PRD00959,1,664.61,0.0,664.61,402.69,Credit Card,Regular
SAL20250053648,2025-06-13,STR001,PRD00351,1,802.18,0.0,802.18,503.24,UPI,Premium
SAL20250053649,2025-06-08,STR010,PRD00324,1,1095.89,0.0,1095.89,714.91,UPI,Regular
SAL20250053650,2025-06-02,STR003,PRD00023,1,6541.47,0.0,6541.47,4428.32,UPI,Regular
SAL20250053651,2025-06-29,STR025,PRD01143,1,5565.18,0.0,5565.18,3157.32,Credit Card,Walk-in
SAL20250053652,2025-06-14,STR025,PRD00805,3,3870.93,0.0,11612.79,6491.43,Credit Card,Walk-in
SAL20250053653,2025-06-18,STR032,PRD00334,2,796.78,0.05,1513.88,801.52,UPI,Walk-in
SAL20250053654,2025-06-07,STR001,PRD00304,1,1052.14,0.0,1052.14,723.81,Debit Card,Regular
SAL20250053655,2025-06-08,STR040,PRD00138,2,3460.02,0.1,6228.04,5323.94,Cash,Premium
SAL20250053656,2025-06-28,STR032,PRD00373,2,159.48,0.0,318.96,171.08,UPI,Regular
SAL20250053657,2025-06-05,STR029,PRD01053,3,481.32,0.0,1443.96,938.34,Credit Card,Corporate
SAL20250053658,2025-06-06,STR017,PRD00339,1,831.47,0.0,831.47,498.17,Credit Card,Regular
SAL20250053659,2025-06-22,STR008,PRD00523,2,773.23,0.0,1546.46,1312.28,UPI,Regular
SAL20250053660,2025-06-18,STR002,PRD00720,4,3749.56,0.0,14998.24,8419.8,Debit Card,Regular
SAL20250053661,2025-06-07,STR034,PRD00084,1,11056.09,0.0,11056.09,8293.77,Net Banking,Walk-in
SAL20250053662,2025-06-29,STR027,PRD00540,2,550.54,0.0,1101.08,777.24,UPI,Regular
SAL20250053663,2025-06-24,STR035,PRD00974,1,202.7,0.0,202.7,106.76,Debit Card,Regular
SAL20250053664,2025-06-26,STR004,PRD00580,1,372.59,0.0,372.59,211.3,UPI,Premium
SAL20250053665,2025-06-18,STR022,PRD00890,1,891.3,0.1,802.17,535.93,Credit Card,Walk-in
SAL20250053666,2025-06-20,STR033,PRD00452,4,1046.75,0.0,4187.0,3518.6,Debit Card,Corporate
SAL20250053667,2025-06-11,STR017,PRD00260,1,8853.62,0.0,8853.62,5607.87,Debit Card,Walk-in
SAL20250053668,2025-06-02,STR037,PRD00171,1,6232.31,0.05,5920.69,4552.99,Credit Card,Walk-in
SAL20250053669,2025-06-27,STR002,PRD00540,4,550.54,0.1,1981.94,1554.48,UPI,Walk-in
SAL20250053670,2025-06-21,STR019,PRD00289,1,1047.34,0.0,1047.34,607.0,UPI,Walk-in
SAL20250053671,2025-06-25,STR017,PRD01036,2,177.81,0.0,355.62,250.34,UPI,Regular
SAL20250053672,2025-06-28,STR036,PRD00264,1,4452.38,0.0,4452.38,3172.04,Credit Card,Walk-in
SAL20250053673,2025-06-08,STR032,PRD00022,1,22149.39,0.1,19934.45,16337.37,UPI,Walk-in
SAL20250053674,2025-06-14,STR032,PRD01030,1,525.24,0.0,525.24,317.57,Cash,Walk-in
SAL20250053675,2025-06-09,STR011,PRD01153,1,5497.78,0.1,4948.0,2499.55,Cash,Regular
SAL20250053676,2025-06-10,STR005,PRD00130,1,17171.37,0.0,17171.37,12882.58,Credit Card,Regular
SAL20250053677,2025-06-12,STR035,PRD00314,1,610.16,0.0,610.16,372.41,UPI,Regular
SAL20250053678,2025-06-29,STR002,PRD00587,4,250.15,0.05,950.57,687.16,Credit Card,Regular
SAL20250053679,2025-06-27,STR013,PRD00050,1,20155.67,0.0,20155.67,16076.03,Credit Card,Regular
SAL20250053680,2025-06-08,STR019,PRD00044,1,3159.2,0.0,3159.2,2114.03,UPI,Walk-in
SAL20250053681,2025-06-08,STR027,PRD00937,2,262.48,0.0,524.96,355.12,UPI,Walk-in
SAL20250053682,2025-06-24,STR016,PRD00938,1,622.57,0.0,622.57,327.33,Cash,Corporate
SAL20250053683,2025-06-21,STR040,PRD00833,2,1761.67,0.0,3523.34,1959.84,Credit Card,Corporate
SAL20250053684,2025-06-16,STR038,PRD00957,1,157.86,0.0,157.86,94.55,Debit Card,Walk-in
SAL20250053685,2025-06-12,STR026,PRD00656,3,201.0,0.0,603.0,423.3,UPI,Premium
SAL20250053686,2025-06-13,STR003,PRD01178,3,5467.45,0.0,16402.35,10549.59,UPI,Regular
SAL20250053687,2025-06-20,STR009,PRD00356,1,1354.34,0.0,1354.34,734.18,Debit Card,Regular
SAL20250053688,2025-06-29,STR012,PRD00725,4,2084.99,0.0,8339.96,6046.76,UPI,Premium
SAL20250053689,2025-06-16,STR011,PRD01126,2,2931.04,0.0,5862.08,3302.74,UPI,Premium
SAL20250053690,2025-06-16,STR009,PRD00073,1,23649.92,0.0,23649.92,17123.4,UPI,Regular
SAL20250053691,2025-06-14,STR005,PRD00607,2,313.72,0.0,627.44,362.7,Debit Card,Regular
SAL20250053692,2025-06-24,STR022,PRD00516,4,653.26,0.0,2613.04,2010.24,Credit Card,Premium
SAL20250053693,2025-06-14,STR011,PRD00906,1,3449.48,0.0,3449.48,2116.22,Debit Card,Walk-in
SAL20250053694,2025-06-22,STR041,PRD01040,4,466.28,0.0,1865.12,1323.08,UPI,Regular
SAL20250053695,2025-06-05,STR014,PRD00186,1,7826.08,0.0,7826.08,5124.89,Credit Card,Walk-in
SAL20250053696,2025-06-01,STR041,PRD00063,1,19546.78,0.1,17592.1,13446.97,UPI,Regular
SAL20250053697,2025-06-11,STR031,PRD00460,1,816.3,0.0,816.3,667.77,UPI,Regular
SAL20250053698,2025-06-12,STR038,PRD00400,1,920.96,0.0,920.96,551.48,UPI,Walk-in
SAL20250053699,2025-06-06,STR038,PRD00212,1,9559.41,0.0,9559.41,6260.97,Credit Card,Regular
SAL20250053700,2025-06-08,STR036,PRD00483,5,634.79,0.0,3173.95,2654.8,UPI,Regular
SAL20250053701,2025-06-10,STR029,PRD00177,1,10270.98,0.0,10270.98,7398.07,Credit Card,Corporate
SAL20250053702,2025-06-11,STR004,PRD00903,1,433.92,0.0,433.92,275.41,Debit Card,Walk-in
SAL20250053703,2025-06-05,STR017,PRD00693,2,2512.22,0.0,5024.44,3342.84,UPI,Regular
SAL20250053704,2025-06-18,STR009,PRD00278,3,439.84,0.0,1319.52,876.21,UPI,Walk-in
SAL20250053705,2025-06-21,STR001,PRD00482,1,411.59,0.0,411.59,344.12,UPI,Walk-in
SAL20250053706,2025-06-29,STR035,PRD00031,2,18632.2,0.0,37264.4,27807.62,UPI,Premium
SAL20250053707,2025-06-07,STR031,PRD00219,1,1404.86,0.0,1404.86,998.92,Net Banking,Walk-in
SAL20250053708,2025-06-19,STR002,PRD00169,1,8761.68,0.0,8761.68,5628.67,Cash,Regular
SAL20250053709,2025-06-01,STR033,PRD00504,2,1118.52,0.0,2237.04,1868.48,UPI,Regular
SAL20250053710,2025-06-23,STR020,PRD00659,2,294.97,0.1,530.95,437.68,Credit Card,Walk-in
SAL20250053711,2025-06-29,STR013,PRD00943,3,787.16,0.0,2361.48,1597.32,UPI,Regular
SAL20250053712,2025-06-01,STR036,PRD01172,1,1132.5,0.05,1075.88,578.06,UPI,Regular
SAL20250053713,2025-06-03,STR025,PRD00398,1,358.79,0.0,358.79,173.35,Cash,Regular
SAL20250053714,2025-06-11,STR037,PRD01084,1,10498.54,0.0,10498.54,4211.39,UPI,Walk-in
SAL20250053715,2025-06-06,STR024,PRD00534,1,97.09,0.0,97.09,80.59,Debit Card,Regular
SAL20250053716,2025-06-09,STR024,PRD00559,5,674.89,0.0,3374.45,2107.8,Debit Card,Premium
SAL20250053717,2025-06-16,STR002,PRD00544,1,114.7,0.0,114.7,82.74,Credit Card,Walk-in
SAL20250053718,2025-06-17,STR020,PRD00381,1,931.15,0.0,931.15,531.28,Debit Card,Regular
SAL20250053719,2025-06-27,STR012,PRD00563,1,667.75,0.05,634.36,433.56,Debit Card,Walk-in
SAL20250053720,2025-06-10,STR037,PRD00314,1,610.16,0.0,610.16,372.41,Credit Card,Corporate
SAL20250053721,2025-06-07,STR002,PRD00908,2,2285.46,0.0,4570.92,2680.12,Cash,Regular
SAL20250053722,2025-06-08,STR018,PRD00797,3,567.41,0.0,1702.23,1234.23,Debit Card,Regular
SAL20250053723,2025-06-16,STR008,PRD00523,3,773.23,0.05,2203.71,1968.42,Credit Card,Premium
SAL20250053724,2025-06-26,STR020,PRD00128,2,13672.72,0.1,24610.9,17927.62,Credit Card,Regular
SAL20250053725,2025-06-17,STR014,PRD00414,1,546.79,0.0,546.79,425.32,UPI,Walk-in
SAL20250053726,2025-06-11,STR024,PRD01040,1,466.28,0.0,466.28,330.77,Debit Card,Regular
SAL20250053727,2025-06-03,STR027,PRD00255,1,3159.1,0.1,2843.19,2283.27,UPI,Regular
SAL20250053728,2025-06-30,STR023,PRD00278,1,439.84,0.0,439.84,292.07,Debit Card,Regular
SAL20250053729,2025-06-01,STR026,PRD00407,2,687.91,0.0,1375.82,1066.8,Credit Card,Regular
SAL20250053730,2025-06-11,STR006,PRD01016,1,253.56,0.0,253.56,161.4,Net Banking,Regular
SAL20250053731,2025-06-02,STR030,PRD00389,2,1606.86,0.0,3213.72,1479.92,Debit Card,Corporate
SAL20250053732,2025-06-12,STR025,PRD00270,1,1213.51,0.0,1213.51,769.06,UPI,Walk-in
SAL20250053733,2025-06-25,STR040,PRD01090,1,4828.9,0.05,4587.45,3064.56,Net Banking,Premium
SAL20250053734,2025-06-05,STR003,PRD00940,2,57.11,0.0,114.22,77.72,UPI,Premium
SAL20250053735,2025-06-18,STR019,PRD00804,1,782.93,0.0,782.93,564.78,UPI,Walk-in
SAL20250053736,2025-06-26,STR037,PRD00548,3,172.01,0.1,464.43,361.08,UPI,Regular
SAL20250053737,2025-06-08,STR025,PRD00555,1,381.92,0.0,381.92,219.79,UPI,Premium
SAL20250053738,2025-06-12,STR013,PRD00471,1,607.66,0.0,607.66,495.35,Credit Card,Regular
SAL20250053739,2025-06-01,STR002,PRD00383,1,216.69,0.0,216.69,135.74,Credit Card,Walk-in
SAL20250053740,2025-06-11,STR041,PRD00424,3,428.73,0.0,1286.19,1131.72,UPI,Regular
SAL20250053741,2025-06-05,STR037,PRD00170,2,1380.75,0.1,2485.35,1836.98,Debit Card,Regular
SAL20250053742,2025-06-16,STR040,PRD00704,4,1185.8,0.0,4743.2,2828.56,Debit Card,Walk-in
SAL20250053743,2025-06-13,STR036,PRD00895,2,472.54,0.0,945.08,594.8,UPI,Premium
SAL20250053744,2025-06-25,STR010,PRD00894,1,2403.9,0.1,2163.51,1608.16,Cash,Walk-in
SAL20250053745,2025-06-07,STR020,PRD01042,1,143.52,0.0,143.52,94.69,UPI,Premium
SAL20250053746,2025-06-24,STR007,PRD01095,3,4795.88,0.0,14387.64,7862.91,Debit Card,Walk-in
SAL20250053747,2025-06-30,STR012,PRD00057,1,2490.08,0.0,2490.08,2005.73,Credit Card,Walk-in
SAL20250053748,2025-06-18,STR002,PRD01082,1,1474.53,0.0,1474.53,797.26,Credit Card,Regular
SAL20250053749,2025-06-03,STR016,PRD01155,1,7374.97,0.0,7374.97,3660.91,UPI,Walk-in
SAL20250053750,2025-06-03,STR001,PRD00449,2,236.21,0.0,472.42,398.28,Credit Card,Walk-in
SAL20250053751,2025-06-09,STR030,PRD00554,4,805.55,0.0,3222.2,1865.64,Cash,Walk-in
SAL20250053752,2025-06-14,STR041,PRD00086,1,22194.93,0.0,22194.93,15176.58,UPI,Regular
SAL20250053753,2025-06-05,STR030,PRD00179,1,5253.14,0.0,5253.14,3207.54,Debit Card,Regular
SAL20250053754,2025-06-01,STR009,PRD00445,2,417.63,0.0,835.26,670.54,UPI,Walk-in
SAL20250053755,2025-06-24,STR003,PRD00848,2,2441.1,0.0,4882.2,3232.64,Credit Card,Walk-in
SAL20250053756,2025-06-07,STR024,PRD00298,-1,1012.57,0.0,-1012.57,666.12,Debit Card,Premium
SAL20250053757,2025-06-29,STR002,PRD00596,3,666.12,0.0,1998.36,1193.73,Credit Card,Regular
SAL20250053758,2025-06-17,STR028,PRD00889,2,2052.09,0.0,4104.18,2948.3,Cash,Regular
SAL20250053759,2025-06-29,STR012,PRD00481,2,391.79,0.0,783.58,633.52,UPI,Regular
SAL20250053760,2025-06-10,STR004,PRD00304,1,1052.14,0.0,1052.14,723.81,Cash,Regular
SAL20250053761,2025-06-24,STR032,PRD01058,1,211.57,0.05,200.99,145.02,Debit Card,Walk-in
SAL20250053762,2025-06-15,STR022,PRD01057,3,52.31,0.05,149.08,99.9,UPI,Walk-in
SAL20250053763,2025-06-14,STR021,PRD00935,4,821.43,0.0,3285.72,2344.4,Debit Card,Walk-in
SAL20250053764,2025-06-22,STR013,PRD00082,1,9499.68,0.0,9499.68,6552.44,Credit Card,Walk-in
SAL20250053765,2025-06-30,STR019,PRD00093,1,12459.16,0.0,12459.16,9704.07,UPI,Walk-in
SAL20250053766,2025-06-22,STR021,PRD01008,2,227.58,0.1,409.64,284.0,Credit Card,Regular
SAL20250053767,2025-06-02,STR016,PRD00486,1,161.3,0.0,161.3,123.55,UPI,Regular
SAL20250053768,2025-06-28,STR011,PRD01077,1,8389.04,0.0,8389.04,3493.39,Cash,Premium
SAL20250053769,2025-06-01,STR009,PRD00256,1,13048.37,0.0,13048.37,8107.05,UPI,Regular
SAL20250053770,2025-06-09,STR014,PRD00856,1,1871.17,0.0,1871.17,1212.57,Credit Card,Regular
SAL20250053771,2025-06-10,STR030,PRD00633,1,365.95,0.0,365.95,212.9,Cash,Premium
SAL20250053772,2025-06-01,STR024,PRD01132,1,7393.47,0.0,7393.47,3891.12,UPI,Premium
SAL20250053773,2025-06-21,STR040,PRD00408,1,1017.09,0.1,915.38,782.92,Credit Card,Walk-in
SAL20250053774,2025-06-10,STR014,PRD00155,2,2214.51,0.05,4207.57,3304.38,Cash,Regular
SAL20250053775,2025-06-18,STR024,PRD00248,1,9547.84,0.0,9547.84,6877.51,Credit Card,Walk-in
SAL20250053776,2025-06-22,STR018,PRD01075,1,6164.63,0.05,5856.4,3178.28,Cash,Walk-in
SAL20250053777,2025-06-20,STR024,PRD01064,2,155.0,0.0,310.0,157.26,Net Banking,Regular
SAL20250053778,2025-06-11,STR010,PRD00105,1,9145.0,0.05,8687.75,7010.14,UPI,Walk-in
SAL20250053779,2025-06-12,STR038,PRD00012,1,5255.98,0.0,5255.98,4121.35,Credit Card,Regular
SAL20250053780,2025-06-18,STR009,PRD00027,1,21177.44,0.0,21177.44,15886.64,Credit Card,Regular
SAL20250053781,2025-06-02,STR002,PRD00053,1,3304.53,0.0,3304.53,2309.51,UPI,Premium
SAL20250053782,2025-06-29,STR009,PRD00414,1,546.79,0.0,546.79,425.32,Debit Card,Walk-in
SAL20250053783,2025-06-03,STR030,PRD00929,2,3367.15,0.0,6734.3,4072.48,Cash,Walk-in
SAL20250053784,2025-06-28,STR030,PRD01062,1,925.26,0.0,925.26,543.06,Debit Card,Regular
SAL20250053785,2025-06-23,STR031,PRD00579,2,398.71,0.0,797.42,584.34,Credit Card,Walk-in
SAL20250053786,2025-06-16,STR037,PRD00405,1,917.35,0.0,917.35,803.86,UPI,Premium
SAL20250053787,2025-06-01,STR023,PRD00947,2,413.13,0.0,826.26,416.04,UPI,Walk-in
SAL20250053788,2025-06-16,STR040,PRD01084,2,10498.54,0.0,20997.08,8422.78,UPI,Premium
SAL20250053789,2025-06-08,STR036,PRD00847,1,2294.5,0.0,2294.5,1617.12,UPI,Walk-in
SAL20250053790,2025-06-26,STR024,PRD00049,2,4540.51,0.0,9081.02,6056.22,Cash,Regular
SAL20250053791,2025-06-17,STR020,PRD00701,2,4774.16,0.0,9548.32,6126.52,UPI,Regular
SAL20250053792,2025-06-27,STR006,PRD00674,1,2861.74,0.0,2861.74,1590.59,UPI,Walk-in
SAL20250053793,2025-06-24,STR037,PRD01023,4,241.67,0.0,966.68,533.12,Debit Card,Regular
SAL20250053794,2025-06-28,STR009,PRD00454,1,238.81,0.0,238.81,182.3,Net Banking,Regular
SAL20250053795,2025-06-16,STR033,PRD00476,2,645.16,0.0,1290.32,1086.36,Credit Card,Walk-in
SAL20250053796,2025-06-12,STR028,PRD00283,1,917.06,0.05,871.21,431.47,Credit Card,Regular
SAL20250053797,2025-06-30,STR020,PRD00240,2,10596.37,0.0,21192.74,14781.46,Net Banking,Walk-in
SAL20250053798,2025-06-24,STR018,PRD00942,1,93.87,0.0,93.87,61.73,Debit Card,Walk-in
SAL20250053799,2025-06-04,STR018,PRD00249,1,4858.0,0.1,4372.2,3416.15,Credit Card,Walk-in
SAL20250053800,2025-06-17,STR035,PRD01166,2,3220.85,0.0,6441.7,3320.86,UPI,Regular
SAL20250053801,2025-06-26,STR021,PRD00318,1,184.33,0.0,184.33,118.77,Credit Card,Walk-in
SAL20250053802,2025-06-03,STR026,PRD00089,1,24330.95,0.0,24330.95,18400.64,Cash,Walk-in
SAL20250053803,2025-06-30,STR011,PRD00891,2,506.36,0.0,1012.72,747.38,Cash,Regular
SAL20250053804,2025-06-27,STR021,PRD00711,1,1868.86,0.0,1868.86,1355.68,Net Banking,Walk-in
SAL20250053805,2025-06-14,STR025,PRD01152,3,2969.91,0.0,8909.73,4136.1,Cash,Regular
SAL20250053806,2025-06-07,STR027,PRD00108,1,22607.14,0.0,22607.14,15802.22,Cash,Walk-in
SAL20250053807,2025-06-20,STR027,PRD00960,2,572.91,0.0,1145.82,764.8,UPI,Walk-in
SAL20250053808,2025-06-19,STR007,PRD00117,1,5653.79,0.05,5371.1,4053.02,UPI,Regular
SAL20250053809,2025-06-18,STR005,PRD00494,1,893.47,0.0,893.47,682.73,Debit Card,Regular
SAL20250053810,2025-06-06,STR041,PRD01114,1,8827.06,0.0,8827.06,3573.34,Debit Card,Regular
SAL20250053811,2025-06-26,STR014,PRD00600,1,709.55,0.0,709.55,469.16,UPI,Regular
SAL20250053812,2025-06-20,STR030,PRD00099,1,19924.5,0.05,18928.27,14858.06,Credit Card,Corporate
SAL20250053813,2025-06-09,STR017,PRD01007,1,886.03,0.0,886.03,502.38,UPI,Walk-in
SAL20250053814,2025-06-25,STR029,PRD00309,1,1344.75,0.0,1344.75,637.15,Credit Card,Regular
SAL20250053815,2025-06-06,STR010,PRD00735,4,2710.38,0.0,10841.52,6465.12,UPI,Regular
SAL20250053816,2025-06-05,STR006,PRD00188,1,6172.58,0.0,6172.58,4027.57,Credit Card,Regular
SAL20250053817,2025-06-21,STR037,PRD00176,1,4757.11,0.0,4757.11,2887.26,Credit Card,Regular
SAL20250053818,2025-06-23,STR007,PRD01019,6,948.07,0.0,5688.42,2938.5,UPI,Regular
SAL20250053819,2025-06-16,STR037,PRD00791,2,855.75,0.05,1625.92,1198.94,Debit Card,Regular
SAL20250053820,2025-06-03,STR002,PRD00396,2,713.53,0.0,1427.06,909.4,Debit Card,Walk-in
SAL20250053821,2025-06-19,STR025,PRD00057,1,2490.08,0.0,2490.08,2005.73,Credit Card,Regular
SAL20250053822,2025-06-15,STR018,PRD01192,1,7158.24,0.0,7158.24,4065.98,UPI,Premium
SAL20250053823,2025-06-05,STR017,PRD00018,1,13116.16,0.0,13116.16,9769.19,Debit Card,Regular
SAL20250053824,2025-06-03,STR004,PRD00315,1,452.88,0.0,452.88,281.44,UPI,Regular
SAL20250053825,2025-06-20,STR007,,3,6280.13,0.0,18840.39,10276.59,Credit Card,Walk-in
SAL20250053826,2025-06-04,STR040,PRD00920,1,2715.99,0.0,2715.99,1534.46,UPI,Walk-in
SAL20250053827,2025-06-11,STR006,PRD00717,1,402.54,0.1,362.29,262.23,Debit Card,Regular
SAL20250053828,2025-06-30,STR027,PRD00131,1,11948.61,0.05,11351.18,9032.43,Debit Card,Premium
SAL20250053829,2025-06-14,STR039,PRD00049,2,4540.51,0.0,9081.02,6056.22,Debit Card,Regular
SAL20250053830,2025-06-09,STR010,PRD00246,1,1945.93,0.0,1945.93,1239.78,Credit Card,Regular
SAL20250053831,2025-06-13,STR023,PRD00292,2,975.97,0.0,1951.94,983.34,UPI,Walk-in
SAL20250053832,2025-06-07,STR020,PRD01015,1,771.47,0.0,771.47,541.12,Debit Card,Walk-in
SAL20250053833,2025-06-17,STR004,PRD00081,1,19888.54,0.0,19888.54,13106.38,UPI,Walk-in
SAL20250053834,2025-06-19,STR023,PRD01137,2,2009.09,0.0,4018.18,2148.54,Cash,Walk-in
SAL20250053835,2025-06-19,STR015,PRD01166,2,3220.85,0.0,6441.7,3320.86,UPI,Walk-in
SAL20250053836,2025-06-11,STR015,PRD00769,2,1757.79,0.05,3339.8,2484.34,Credit Card,Walk-in
SAL20250053837,2025-06-06,STR022,PRD00272,1,610.52,0.0,610.52,344.72,Cash,Regular
SAL20250053838,2025-06-02,STR001,PRD00612,1,287.57,0.0,287.57,212.43,Credit Card,Regular
SAL20250053839,2025-06-21,STR034,PRD00949,10,855.15,0.0,8551.5,5668.5,Credit Card,Regular
SAL20250053840,2025-06-23,STR026,PRD00365,2,693.15,0.0,1386.3,897.38,Cash,Premium
SAL20250053841,2025-06-04,STR001,PRD00464,1,598.64,0.1,538.78,458.49,Net Banking,Walk-in
SAL20250053842,2025-06-20,STR035,PRD00956,1,1028.6,0.0,1028.6,572.0,UPI,Regular
SAL20250053843,2025-06-30,STR025,PRD00191,1,7660.03,0.0,7660.03,5198.25,Net Banking,Premium
SAL20250053844,2025-06-03,STR040,PRD01096,4,3066.12,0.0,12264.48,6857.04,Credit Card,Regular
SAL20250053845,2025-06-16,STR022,PRD00477,1,121.21,0.0,121.21,97.66,UPI,Regular
SAL20250053846,2025-06-08,STR030,PRD00166,1,4039.27,0.0,4039.27,2471.0,Debit Card,Regular
SAL20250053847,2025-06-26,STR010,PRD00119,1,21410.34,0.0,21410.34,16034.57,Credit Card,Walk-in
SAL20250053848,2025-06-18,STR008,PRD00537,3,133.85,0.0,401.55,236.34,UPI,Regular
SAL20250053849,2025-06-24,STR001,PRD00118,1,13769.46,0.0,13769.46,10543.97,Credit Card,Walk-in
SAL20250053850,2025-06-21,STR040,PRD00214,1,9551.75,0.1,8596.58,6869.66,Cash,Regular
SAL20250053851,2025-06-08,STR012,PRD00736,1,1942.77,0.0,1942.77,1241.55,Cash,Premium
SAL20250053852,2025-06-01,STR019,PRD00282,3,705.96,0.0,2117.88,1410.69,UPI,Premium
SAL20250053853,2025-06-28,STR012,PRD00640,4,209.4,0.0,837.6,469.72,UPI,Regular
SAL20250053854,2025-06-23,STR008,PRD00988,4,774.65,0.0,3098.6,2130.0,Credit Card,Walk-in
SAL20250053855,2025-06-24,STR022,PRD00395,4,562.56,0.0,2250.24,1493.12,UPI,Walk-in
SAL20250053856,2025-06-20,STR027,PRD00822,1,3937.8,0.0,3937.8,2399.9,UPI,Walk-in
SAL20250053857,2025-06-29,STR007,PRD00061,1,7691.1,0.05,7306.55,5309.86,UPI,Walk-in
SAL20250053858,2025-06-09,STR029,PRD00299,1,1362.69,0.0,1362.69,823.3,UPI,Regular
SAL20250053859,2025-06-08,STR019,PRD00480,2,103.25,0.0,206.5,172.34,Cash,Walk-in
SAL20250053860,2025-06-06,STR001,PRD00288,2,827.89,0.05,1572.99,878.72,Debit Card,Walk-in
SAL20250053861,2025-06-25,STR030,PRD00230,1,11424.91,0.0,11424.91,7835.88,Credit Card,Premium
SAL20250053862,2025-06-23,STR011,PRD01074,1,6150.42,0.0,6150.42,3269.15,Cash,Walk-in
SAL20250053863,2025-06-11,STR004,PRD00769,2,1757.79,0.05,3339.8,2484.34,Credit Card,Corporate
SAL20250053864,2025-06-13,STR006,PRD01010,1,762.29,0.1,686.06,399.52,Debit Card,Walk-in
SAL20250053865,2025-06-05,STR005,PRD00752,1,4535.72,0.0,4535.72,3022.89,Credit Card,Premium
SAL20250053866,2025-06-29,STR002,PRD00881,2,802.33,0.0,1604.66,1067.02,Credit Card,Regular
SAL20250053867,2025-06-07,STR021,PRD00903,2,433.92,0.0,867.84,550.82,Debit Card,Regular
SAL20250053868,2025-06-07,STR008,PRD00831,4,2902.42,0.0,11609.68,7972.68,UPI,Regular
SAL20250053869,2025-06-06,STR004,PRD00208,1,2761.76,0.0,2761.76,2051.3,UPI,Regular
SAL20250053870,2025-06-09,STR006,PRD00596,2,666.12,0.0,1332.24,795.82,Credit Card,Regular
SAL20250053871,2025-06-12,STR027,PRD00867,2,798.49,0.1,1437.28,915.52,Cash,Regular
SAL20250053872,2025-06-26,STR021,PRD00134,1,19404.79,0.0,19404.79,14953.78,Credit Card,Premium
SAL20250053873,2025-06-29,STR039,PRD00814,1,3265.17,0.0,3265.17,1889.37,Credit Card,Regular
SAL20250053874,2025-06-01,STR035,PRD00907,1,1536.02,0.0,1536.02,976.87,Credit Card,Regular
SAL20250053875,2025-06-23,STR022,PRD00997,3,893.9,0.0,2681.7,1874.07,UPI,Regular
SAL20250053876,2025-06-30,STR027,PRD00550,3,639.85,0.0,1919.55,1094.76,Credit Card,Walk-in
SAL20250053877,2025-06-01,STR041,PRD00056,1,11452.31,0.0,11452.31,8581.01,UPI,Walk-in
SAL20250053878,2025-06-18,STR038,PRD00208,1,2761.76,0.0,2761.76,2051.3,UPI,Regular
SAL20250053879,2025-06-04,STR005,PRD00221,1,9230.37,0.0,9230.37,5770.89,UPI,Walk-in
SAL20250053880,2025-06-01,STR037,PRD00380,1,304.64,0.0,304.64,210.5,Credit Card,Walk-in
SAL20250053881,2025-06-29,STR003,PRD00111,1,16671.18,0.0,16671.18,12693.98,Debit Card,Walk-in
SAL20250053882,2025-06-04,STR007,PRD00714,1,1837.1,0.0,1837.1,1348.01,UPI,Regular
SAL20250053883,2025-06-14,STR010,PRD00624,2,124.7,0.0,249.4,174.16,Credit Card,Corporate
SAL20250053884,2025-06-15,STR024,PRD00364,2,296.2,0.0,592.4,391.38,Cash,Regular
SAL20250053885,2025-06-01,STR017,PRD00666,3,224.43,0.0,673.29,488.13,UPI,Premium
SAL20250053886,2025-06-24,STR022,PRD01057,2,52.31,0.0,104.62,66.6,UPI,Walk-in
SAL20250053887,2025-06-26,STR002,PRD00798,1,1720.26,0.0,1720.26,961.55,Debit Card,Premium
SAL20250053888,2025-06-22,STR037,PRD00958,6,274.5,0.0,1647.0,1150.38,UPI,Regular
SAL20250053889,2025-06-28,STR001,PRD00013,1,17378.5,0.0,17378.5,12862.09,Debit Card,Regular
SAL20250053890,2025-06-07,STR022,PRD00482,10,411.59,0.0,4115.9,3441.2,UPI,Regular
SAL20250053891,2025-06-06,STR032,PRD00752,1,4535.72,0.05,4308.93,3022.89,Debit Card,Regular
SAL20250053892,2025-06-27,STR008,PRD00190,1,12169.57,0.0,12169.57,7955.32,Net Banking,Regular
SAL20250053893,2025-06-02,STR041,PRD00498,3,178.55,0.0,535.65,414.45,Debit Card,Walk-in
SAL20250053894,2025-06-30,STR009,PRD00707,2,2433.38,0.0,4866.76,3253.44,Cash,Walk-in
SAL20250053895,2025-06-26,STR040,PRD01047,2,844.86,0.05,1605.23,966.76,Credit Card,Walk-in
SAL20250053896,2025-06-19,STR011,PRD00779,3,1606.83,0.0,4820.49,2994.87,UPI,Walk-in
SAL20250053897,2025-06-16,STR005,PRD00692,1,1997.13,0.0,1997.13,1445.9,UPI,Walk-in
SAL20250053898,2025-06-23,STR017,PRD01016,2,253.56,0.1,456.41,322.8,Credit Card,Premium
SAL20250053899,2025-06-15,STR035,PRD00957,5,157.86,0.0,789.3,472.75,Credit Card,Regular
SAL20250053900,2025-06-20,STR025,PRD00661,3,443.39,0.0,1330.17,851.04,UPI,Regular
SAL20250053901,2025-06-10,STR017,PRD00472,2,554.85,0.0,1109.7,889.8,Credit Card,Regular
SAL20250053902,2025-06-01,STR003,PRD00977,2,417.51,0.0,835.02,564.56,Credit Card,Walk-in
SAL20250053903,2025-06-10,STR010,PRD00493,3,517.33,0.05,1474.39,1339.5,Cash,Walk-in
SAL20250053904,2025-06-17,STR007,PRD00648,1,715.75,0.0,715.75,457.27,Credit Card,Premium
SAL20250053905,2025-06-15,STR018,PRD01187,2,5464.91,0.0,10929.82,6709.98,Net Banking,Regular
SAL20250053906,2025-06-18,STR013,PRD00022,1,22149.39,0.0,22149.39,16337.37,Credit Card,Regular
SAL20250053907,2025-06-24,STR034,PRD00993,3,168.95,0.0,506.85,260.76,Cash,Walk-in
SAL20250053908,2025-06-21,STR029,PRD00352,2,930.67,0.0,1861.34,1193.8,Cash,Walk-in
SAL20250053909,2025-06-29,STR030,PRD00332,1,556.82,0.0,556.82,272.93,Debit Card,Regular
SAL20250053910,2025-06-16,STR003,PRD00636,2,685.82,0.0,1371.64,904.88,Net Banking,Walk-in
SAL20250053911,2025-06-03,STR003,PRD00224,1,4670.9,0.0,4670.9,3440.61,UPI,Walk-in
SAL20250053912,2025-06-18,STR002,PRD00104,2,21587.41,0.05,41016.08,35165.66,Credit Card,Regular
SAL20250053913,2025-06-24,STR021,PRD00772,1,988.94,0.0,988.94,659.49,Debit Card,Walk-in
SAL20250053914,2025-06-10,STR004,PRD01187,1,5464.91,0.0,5464.91,3354.99,UPI,Premium
SAL20250053915,2025-06-18,STR008,PRD01171,1,6541.96,0.0,6541.96,2623.89,Cash,Regular
SAL20250053916,2025-06-21,STR020,PRD00205,1,2084.53,0.05,1980.3,1335.1,UPI,Premium
SAL20250053917,2025-06-07,STR012,PRD01161,2,5090.05,0.1,9162.09,4437.92,Cash,Regular
SAL20250053918,2025-06-24,STR038,PRD00982,2,104.72,0.0,209.44,116.68,UPI,Premium
SAL20250053919,2025-06-01,STR023,PRD00518,10,1000.64,0.0,10006.4,7684.3,UPI,Walk-in
SAL20250053920,2025-06-23,STR016,PRD00381,1,931.15,0.05,884.59,531.28,Credit Card,Regular
SAL20250053921,2025-06-21,STR026,PRD01116,3,792.37,0.0,2377.11,1188.96,Credit Card,Regular
SAL20250053922,2025-06-11,STR038,PRD00361,1,1524.53,0.0,1524.53,825.7,UPI,Regular
SAL20250053923,2025-06-17,STR018,PRD00602,1,328.03,0.0,328.03,207.28,Credit Card,Walk-in
SAL20250053924,2025-06-02,STR004,PRD01014,1,1123.09,0.0,1123.09,636.08,UPI,Regular
SAL20250053925,2025-06-26,STR027,PRD00656,3,201.0,0.0,603.0,423.3,Credit Card,Regular
SAL20250053926,2025-06-26,STR006,PRD00016,1,12816.4,0.05,12175.58,9433.57,UPI,Walk-in
SAL20250053927,2025-06-01,STR016,PRD01025,4,56.45,0.1,203.22,120.6,UPI,Regular
SAL20250053928,2025-06-09,STR013,PRD00687,2,2662.45,0.0,5324.9,3578.34,Credit Card,Regular
SAL20250053929,2025-06-02,STR003,PRD00563,6,667.75,0.0,4006.5,2601.36,UPI,Walk-in
SAL20250053930,2025-06-25,STR014,PRD00392,1,436.74,0.0,436.74,242.28,Debit Card,Regular
SAL20250053931,2025-06-12,STR034,PRD00987,10,289.9,0.0,2899.0,2023.5,UPI,Regular
SAL20250053932,2025-06-28,STR017,PRD00577,1,262.74,0.1,236.47,189.28,Cash,Regular
SAL20250053933,2025-06-10,STR035,PRD01130,1,3164.31,0.0,3164.31,1889.64,Credit Card,Regular
SAL20250053934,2025-06-17,STR032,PRD00134,1,19404.79,0.0,19404.79,14953.78,Credit Card,Corporate
SAL20250053935,2025-06-25,STR029,PRD00173,1,9167.15,0.0,9167.15,5751.32,Debit Card,Premium
SAL20250053936,2025-06-10,STR012,PRD01180,1,9129.62,0.0,9129.62,4243.81,Credit Card,Premium
SAL20250053937,2025-06-05,STR021,PRD00407,2,687.91,0.0,1375.82,1066.8,UPI,Regular
SAL20250053938,2025-06-05,STR001,PRD00511,3,709.29,0.0,2127.87,1677.54,UPI,Walk-in
SAL20250053939,2025-06-30,STR037,PRD00274,1,920.1,0.0,920.1,425.76,Credit Card,Walk-in
SAL20250053940,2025-06-22,STR025,PRD01105,1,2498.16,0.05,2373.25,1508.52,Net Banking,Regular
SAL20250053941,2025-06-21,STR028,PRD00500,4,936.13,0.05,3557.29,3030.12,Net Banking,Regular
SAL20250053942,2025-06-24,STR038,PRD00465,4,578.8,0.0,2315.2,1771.2,Cash,Walk-in
SAL20250053943,2025-06-24,STR019,PRD00689,1,492.79,0.05,468.15,332.83,UPI,Walk-in
SAL20250053944,2025-06-03,STR021,PRD00407,1,687.91,0.05,653.51,533.4,UPI,Regular
SAL20250053945,2025-06-30,STR033,PRD00031,1,18632.2,0.1,16768.98,13903.81,Cash,Walk-in
SAL20250053946,2025-06-12,STR029,PRD00728,3,5071.72,0.1,13693.64,9028.89,Debit Card,Corporate
SAL20250053947,2025-06-23,STR003,PRD00061,1,7691.1,0.0,7691.1,5309.86,Credit Card,Regular
SAL20250053948,2025-06-26,STR020,PRD00453,2,1257.16,0.0,2514.32,1892.74,Debit Card,Walk-in
SAL20250053949,2025-06-30,STR018,PRD00941,1,737.4,0.0,737.4,511.09,Credit Card,Regular
SAL20250053950,2025-06-15,STR019,PRD00145,1,2570.9,0.0,2570.9,1687.81,Credit Card,Regular
SAL20250053951,2025-06-17,STR041,PRD00194,1,5905.12,0.0,5905.12,4140.26,Credit Card,Regular
SAL20250053952,2025-06-17,STR012,PRD00023,2,6541.47,0.0,13082.94,8856.64,Net Banking,Walk-in
SAL20250053953,2025-06-25,STR039,PRD00157,1,5982.96,0.0,5982.96,4355.19,Cash,Regular
SAL20250053954,2025-06-15,STR009,PRD00644,3,812.84,0.1,2194.67,1357.17,UPI,Regular
SAL20250053955,2025-06-28,STR023,PRD00472,1,554.85,0.0,554.85,444.9,Cash,Regular
SAL20250053956,2025-06-22,STR032,PRD00793,2,2445.38,0.1,4401.68,2810.82,UPI,Regular
SAL20250053957,2025-06-25,STR028,PRD00354,4,1099.31,0.0,4397.24,2598.64,Credit Card,Premium
SAL20250053958,2025-06-15,STR041,PRD00076,1,13611.14,0.0,13611.14,10725.57,Credit Card,Walk-in
SAL20250053959,2025-06-21,STR011,PRD00746,1,2299.94,0.0,2299.94,1526.01,Credit Card,Regular
SAL20250053960,2025-06-18,STR030,PRD00981,1,76.61,0.0,76.61,54.24,UPI,Premium
SAL20250053961,2025-06-28,STR028,PRD01085,2,7889.14,0.0,15778.28,8272.58,Credit Card,Regular
SAL20250053962,2025-06-23,STR012,PRD01182,3,9675.4,0.1,26123.58,12796.68,Credit Card,Regular
SAL20250053963,2025-06-26,STR007,PRD00412,4,576.41,0.0,2305.64,1819.0,UPI,Premium
SAL20250053964,2025-06-10,STR018,PRD00867,2,798.49,0.0,1596.98,915.52,UPI,Walk-in
SAL20250053965,2025-06-02,STR030,PRD01036,2,177.81,0.0,355.62,250.34,UPI,Regular
SAL20250053966,2025-06-17,STR039,PRD00322,2,839.74,0.0,1679.48,1174.72,Debit Card,Regular
SAL20250053967,2025-06-24,STR012,PRD00207,1,9083.73,0.0,9083.73,6742.14,Cash,Regular
SAL20250053968,2025-06-27,STR011,PRD00647,2,284.75,0.0,569.5,378.14,Debit Card,Regular
SAL20250053969,2025-06-16,STR002,PRD00752,2,4535.72,0.0,9071.44,6045.78,Credit Card,Regular
SAL20250053970,2025-06-13,STR015,PRD00558,2,353.1,0.0,706.2,486.6,UPI,Regular
SAL20250053971,2025-06-26,STR018,PRD01178,2,5467.45,0.0,10934.9,7033.06,Net Banking,Walk-in
SAL20250053972,2025-06-14,STR032,PRD00278,1,439.84,0.05,417.85,292.07,Net Banking,Walk-in
SAL20250053973,2025-06-16,STR026,PRD00972,1,1079.34,0.0,1079.34,629.0,UPI,Walk-in
SAL20250053974,2025-06-10,STR023,PRD00157,1,5982.96,0.0,5982.96,4355.19,UPI,Walk-in
SAL20250053975,2025-06-09,STR036,PRD00312,1,662.59,0.0,662.59,388.19,Debit Card,Premium
SAL20250053976,2025-06-25,STR036,PRD00233,1,9134.67,0.0,9134.67,7104.84,Credit Card,Regular
SAL20250053977,2025-06-26,STR005,PRD00426,3,496.18,0.1,1339.69,1247.61,UPI,Regular
SAL20250053978,2025-06-26,STR019,PRD00284,1,170.59,0.0,170.59,103.53,UPI,Corporate
SAL20250053979,2025-06-23,STR034,PRD00454,5,238.81,0.0,1194.05,911.5,Cash,Walk-in
SAL20250053980,2025-06-20,STR039,PRD00900,2,3167.3,0.0,6334.6,3922.1,Debit Card,Premium
SAL20250053981,2025-06-02,STR034,PRD00285,3,1499.26,0.05,4272.89,2306.28,Credit Card,Walk-in
SAL20250053982,2025-06-23,STR026,PRD00883,1,2575.75,0.0,2575.75,1437.48,UPI,Regular
SAL20250053983,2025-06-27,STR031,PRD00378,3,667.36,0.0,2002.08,1096.62,Debit Card,Premium
SAL20250053984,2025-06-09,STR040,PRD00533,4,799.67,0.0,3198.68,2648.24,UPI,Regular
SAL20250053985,2025-06-11,STR026,PRD00047,1,27210.89,0.0,27210.89,17922.95,UPI,Regular
SAL20250053986,2025-06-12,STR032,PRD00382,2,534.11,0.0,1068.22,585.82,UPI,Walk-in
SAL20250053987,2025-06-30,STR026,PRD00918,1,2741.1,0.0,2741.1,1987.44,Debit Card,Walk-in
SAL20250053988,2025-06-15,STR005,PRD00005,1,25382.71,0.0,25382.71,18438.86,Debit Card,Walk-in
SAL20250053989,2025-06-09,STR015,PRD00405,3,917.35,0.0,2752.05,2411.58,UPI,Walk-in
SAL20250053990,2025-06-09,STR006,PRD00244,1,9135.72,0.1,8222.15,5766.93,Net Banking,Walk-in
SAL20250053991,2025-06-02,STR037,PRD00864,2,1725.02,0.0,3450.04,2236.12,UPI,Regular
SAL20250053992,2025-06-29,STR021,PRD00505,3,1140.95,0.1,3080.57,2581.41,UPI,Regular
SAL20250053993,2025-06-14,STR007,PRD00098,1,13136.22,0.0,13136.22,10206.01,Credit Card,Regular
SAL20250053994,2025-06-26,STR027,PRD01045,5,910.12,0.0,4550.6,2356.2,Debit Card,Regular
SAL20250053995,2025-06-11,STR021,PRD00021,1,1822.47,0.0,1822.47,1333.8,Debit Card,Regular
SAL20250053996,2025-06-18,STR031,PRD01157,4,8076.82,0.0,32307.28,17061.64,Net Banking,Walk-in
SAL20250053997,2025-06-28,STR039,PRD01040,2,466.28,0.0,932.56,661.54,UPI,Regular
SAL20250053998,2025-06-13,STR015,PRD00258,1,2441.64,0.0,2441.64,1594.77,Net Banking,Regular
SAL20250053999,2025-06-06,STR009,PRD00616,2,565.82,0.0,1131.64,628.26,Net Banking,Regular
SAL20250054000,2025-06-08,STR035,PRD00281,1,679.79,0.1,611.81,393.52,UPI,Regular
SAL20250054001,2025-06-12,STR033,PRD00040,1,26675.54,0.05,25341.76,17487.01,UPI,Walk-in
SAL20250054002,2025-06-03,STR014,PRD00054,1,16291.52,0.0,16291.52,11840.34,Credit Card,Walk-in
SAL20250054003,2025-06-08,STR022,PRD00571,4,201.22,0.0,804.88,573.96,UPI,Regular
SAL20250054004,2025-06-17,STR034,PRD01159,2,3270.67,0.0,6541.34,2998.52,Credit Card,Regular
SAL20250054005,2025-06-19,STR029,PRD00111,1,16671.18,0.0,16671.18,12693.98,Credit Card,Regular
SAL20250054006,2025-06-26,STR019,PRD00132,1,22943.8,0.0,22943.8,17725.67,UPI,Premium
SAL20250054007,2025-06-19,STR025,PRD00207,1,9083.73,0.05,8629.54,6742.14,Credit Card,Regular
SAL20250054008,2025-06-04,STR014,PRD00462,3,271.55,0.0,814.65,615.78,Credit Card,Walk-in
SAL20250054009,2025-06-17,STR026,PRD00556,2,634.75,0.0,1269.5,941.96,Credit Card,Regular
SAL20250054010,2025-06-20,STR030,PRD00656,4,201.0,0.1,723.6,564.4,UPI,Premium
SAL20250054011,2025-06-08,STR019,PRD01138,2,4917.81,0.0,9835.62,5578.62,UPI,Regular
SAL20250054012,2025-06-06,STR039,PRD00289,2,1047.34,0.0,2094.68,1214.0,UPI,Walk-in
SAL20250054013,2025-06-07,STR040,PRD00132,1,22943.8,0.1,20649.42,17725.67,UPI,Walk-in
SAL20250054014,2025-06-04,STR008,PRD00472,1,554.85,0.0,554.85,444.9,Debit Card,Walk-in
SAL20250054015,2025-06-11,STR037,PRD01150,1,4074.75,0.05,3871.01,2372.04,UPI,Regular
SAL20250054016,2025-06-27,STR040,PRD00740,2,3926.7,0.0,7853.4,5684.62,UPI,Walk-in
SAL20250055316,2025-06-29,STR012,PRD00527,5,938.3,0.0,4691.5,3706.35,Cash,Regular
SAL20250054018,2025-06-05,STR026,PRD00264,1,4452.38,0.05,4229.76,3172.04,Debit Card,Walk-in
SAL20250054019,2025-06-05,STR009,PRD01095,1,4795.88,0.0,4795.88,2620.97,Debit Card,Regular
SAL20250054020,2025-06-11,STR004,PRD00060,1,15273.35,0.1,13746.02,10531.53,Debit Card,Regular
SAL20250054021,2025-06-10,STR026,PRD00810,2,406.14,0.0,812.28,522.2,UPI,Walk-in
SAL20250054022,2025-06-19,STR041,PRD00442,3,148.56,0.0,445.68,359.1,UPI,Premium
SAL20250054023,2025-06-07,STR006,PRD00880,1,430.21,0.0,430.21,293.94,Credit Card,Regular
SAL20250054024,2025-06-05,STR002,PRD01137,3,2009.09,0.0,6027.27,3222.81,UPI,Premium
SAL20250054025,2025-06-01,STR041,PRD01194,3,6442.41,0.0,19327.23,11655.54,UPI,Regular
SAL20250054026,2025-06-21,STR001,PRD00290,1,747.46,0.0,747.46,478.32,UPI,Regular
SAL20250054027,2025-06-25,STR038,PRD01083,2,8991.53,0.0,17983.06,7843.44,UPI,Regular
SAL20250054028,2025-06-14,STR010,PRD00889,2,2052.09,0.05,3898.97,2948.3,Debit Card,Corporate
SAL20250054029,2025-06-18,STR036,PRD00383,2,216.69,0.05,411.71,271.48,UPI,Premium
SAL20250054030,2025-06-20,STR007,PRD00096,1,1587.91,0.0,1587.91,1154.69,Credit Card,Walk-in
SAL20250054031,2025-06-19,STR037,PRD00412,1,576.41,0.0,576.41,454.75,UPI,Walk-in
SAL20250054032,2025-06-02,STR022,PRD00224,1,4670.9,0.05,4437.35,3440.61,Credit Card,Regular
SAL20250054033,2025-06-02,STR019,PRD00931,1,1839.81,0.0,1839.81,1246.88,Credit Card,Premium
SAL20250054034,2025-06-03,STR023,PRD00222,1,8948.67,0.0,8948.67,6580.84,Cash,Regular
SAL20250054035,2025-06-20,STR011,PRD00307,1,743.28,0.0,743.28,482.82,UPI,Regular
SAL20250054036,2025-06-21,STR007,PRD00956,3,1028.6,0.0,3085.8,1716.0,Debit Card,Walk-in
SAL20250054037,2025-06-28,STR016,PRD00280,2,605.7,0.1,1090.26,622.74,Credit Card,Regular
SAL20250054038,2025-06-28,STR022,PRD00384,1,1012.08,0.0,1012.08,513.64,Cash,Premium
SAL20250054039,2025-06-12,STR038,PRD01190,2,7433.72,0.0,14867.44,7540.62,Cash,Regular
SAL20250054040,2025-06-12,STR033,PRD00335,1,1156.98,0.1,1041.28,622.56,UPI,Regular
SAL20250054041,2025-06-23,STR015,PRD00983,4,1007.95,0.0,4031.8,2335.52,Net Banking,Regular
SAL20250054042,2025-06-22,STR019,PRD01031,6,1036.47,0.0,6218.82,3140.22,UPI,Regular
SAL20250054043,2025-06-01,STR041,PRD00676,1,4180.37,0.0,4180.37,2836.76,UPI,Regular
SAL20250054044,2025-06-24,STR014,PRD00416,10,833.51,0.0,8335.1,6917.9,Net Banking,Walk-in
SAL20250054045,2025-06-25,STR001,PRD00238,2,4984.73,0.0,9969.46,6269.56,UPI,Premium
SAL20250054046,2025-06-22,STR023,PRD00538,1,57.89,0.1,52.1,41.78,Credit Card,Regular
SAL20250054047,2025-06-08,STR006,PRD01196,4,1369.18,0.0,5476.72,2387.56,UPI,Walk-in
SAL20250054048,2025-06-06,STR039,PRD00945,1,871.49,0.0,871.49,550.24,Credit Card,Regular
SAL20250054049,2025-06-28,STR033,PRD00501,3,707.96,0.0,2123.88,1642.05,UPI,Regular
SAL20250054050,2025-06-22,STR022,PRD00690,1,3635.92,0.1,3272.33,2397.42,UPI,Walk-in
SAL20250054051,2025-06-25,STR028,PRD00305,1,1134.36,0.0,1134.36,615.3,UPI,Regular
SAL20250054052,2025-06-25,STR001,PRD00580,2,372.59,0.0,745.18,422.6,UPI,Walk-in
SAL20250054053,2025-06-14,STR029,PRD00654,1,474.17,0.0,474.17,324.39,Net Banking,Regular
SAL20250054054,2025-06-17,STR013,PRD00063,2,19546.78,0.0,39093.56,26893.94,UPI,Walk-in
SAL20250054055,2025-06-24,STR016,PRD00925,4,2271.72,0.1,8178.19,6100.36,Net Banking,Regular
SAL20250054056,2025-06-23,STR016,PRD00035,1,7229.47,0.0,7229.47,4889.28,Credit Card,Regular
SAL20250054057,2025-06-10,STR036,PRD00371,1,199.9,0.0,199.9,113.45,UPI,Premium
SAL20250054058,2025-06-25,STR001,PRD00196,1,3177.64,0.0,3177.64,2246.88,Debit Card,Regular
SAL20250054059,2025-06-04,STR005,PRD00221,1,9230.37,0.0,9230.37,5770.89,Cash,Regular
SAL20250054060,2025-06-05,STR040,PRD00433,2,1065.88,0.05,2025.17,1723.5,Credit Card,Walk-in
SAL20250054061,2025-06-25,STR007,PRD01149,1,4599.19,0.0,4599.19,2334.77,UPI,Corporate
SAL20250054062,2025-06-24,STR003,PRD00760,1,4801.08,0.0,4801.08,3172.81,Credit Card,Regular
SAL20250054063,2025-06-25,STR035,PRD01107,1,1600.76,0.0,1600.76,735.13,UPI,Regular
SAL20250054064,2025-06-04,STR002,PRD00364,1,296.2,0.0,296.2,195.69,UPI,Regular
SAL20250054065,2025-06-20,STR021,PRD00988,1,774.65,0.0,774.65,532.5,UPI,Regular
SAL20250054066,2025-06-17,STR021,PRD00643,3,345.09,0.0,1035.27,652.8,Credit Card,Regular
SAL20250054067,2025-06-30,STR009,PRD00832,1,1859.75,0.0,1859.75,1370.28,UPI,Walk-in
SAL20250054068,2025-06-01,STR033,PRD00664,2,181.84,0.0,363.68,218.42,UPI,Regular
SAL20250054069,2025-06-24,STR006,PRD00829,2,2093.34,0.0,4186.68,3077.74,UPI,Corporate
SAL20250054070,2025-06-25,STR021,PRD01009,1,52.33,0.0,52.33,29.39,Credit Card,Premium
SAL20250054071,2025-06-03,STR004,PRD00825,2,2419.3,0.0,4838.6,2804.98,Credit Card,Regular
SAL20250054072,2025-06-06,STR034,PRD01175,1,2568.19,0.0,2568.19,1572.7,UPI,Walk-in
SAL20250054073,2025-06-03,STR009,PRD00346,1,927.55,0.0,927.55,634.62,Credit Card,Premium
SAL20250054074,2025-06-05,STR025,PRD00435,4,718.79,0.0,2875.16,2336.68,Credit Card,Regular
SAL20250054075,2025-06-19,STR009,PRD00601,2,50.1,0.0,100.2,61.64,UPI,Walk-in
SAL20250054076,2025-06-30,STR007,PRD00218,2,7357.64,0.0,14715.28,10102.04,Cash,Regular
SAL20250054077,2025-06-02,STR009,PRD00998,10,883.36,0.0,8833.6,4498.9,Credit Card,Walk-in
SAL20250054078,2025-06-07,STR030,PRD00147,1,10113.79,0.1,9102.41,6299.23,UPI,Premium
SAL20250054079,2025-06-09,STR026,PRD00641,1,499.93,0.0,499.93,333.12,Cash,Walk-in
SAL20250054080,2025-06-28,STR028,PRD00971,6,604.86,0.0,3629.16,1840.02,Credit Card,Corporate
SAL20250054081,2025-06-28,STR011,PRD00417,1,788.29,0.0,788.29,661.71,Credit Card,Regular
SAL20250054082,2025-06-16,STR037,PRD00799,1,3907.93,0.0,3907.93,2458.58,Debit Card,Walk-in
SAL20250054083,2025-06-05,STR014,PRD00394,2,327.5,0.05,622.25,437.02,UPI,Walk-in
SAL20250054084,2025-06-27,STR038,PRD00091,1,21335.5,0.0,21335.5,15504.58,UPI,Walk-in
SAL20250054085,2025-06-20,STR001,PRD00821,1,2784.44,0.0,2784.44,1582.41,Credit Card,Premium
SAL20250054086,2025-06-06,STR003,PRD00893,1,963.04,0.1,866.74,603.05,UPI,Premium
SAL20250054087,2025-06-27,STR036,PRD00797,3,567.41,0.0,1702.23,1234.23,UPI,Regular
SAL20250054088,2025-06-02,STR011,PRD00160,1,7937.44,0.0,7937.44,4808.49,Credit Card,Regular
SAL20250054089,2025-06-16,STR031,PRD00778,1,875.87,0.0,875.87,569.54,Debit Card,Premium
SAL20250054090,2025-06-18,STR017,PRD00607,1,313.72,0.0,313.72,181.35,UPI,Regular
SAL20250054091,2025-06-10,STR020,PRD00174,1,698.44,0.0,698.44,523.24,UPI,Regular
SAL20250054092,2025-06-05,STR023,PRD00606,1,516.03,0.0,516.03,308.57,UPI,Walk-in
SAL20250054093,2025-06-05,STR020,PRD00083,1,9369.31,0.1,8432.38,6462.27,UPI,Walk-in
SAL20250054094,2025-06-20,STR007,PRD00942,1,93.87,0.0,93.87,61.73,Debit Card,Regular
SAL20250054095,2025-06-13,STR027,PRD00693,1,2512.22,0.0,2512.22,1671.42,Debit Card,Regular
SAL20250054096,2025-06-16,STR014,PRD00604,1,254.69,0.0,254.69,151.9,Debit Card,Regular
SAL20250054097,2025-06-26,STR033,PRD01083,1,8991.53,0.0,8991.53,3921.72,Credit Card,Walk-in
SAL20250054098,2025-06-28,STR012,PRD01093,1,4476.19,0.05,4252.38,2887.02,Debit Card,Regular
SAL20250054099,2025-06-28,STR009,PRD00550,1,639.85,0.1,575.87,364.92,Credit Card,Walk-in
SAL20250054100,2025-06-15,STR020,PRD00881,2,802.33,0.0,1604.66,1067.02,Credit Card,Premium
SAL20250054101,2025-06-13,STR028,PRD01059,4,553.69,0.0,2214.76,1473.44,UPI,Walk-in
SAL20250054102,2025-06-23,STR034,PRD00972,4,1079.34,0.0,4317.36,2516.0,Credit Card,Corporate
SAL20250054103,2025-06-13,STR008,PRD00373,2,159.48,0.0,318.96,171.08,UPI,Regular
SAL20250054104,2025-06-09,STR030,PRD00189,1,8529.1,0.1,7676.19,5554.64,Debit Card,Premium
SAL20250054105,2025-06-10,STR021,PRD00248,1,9547.84,0.0,9547.84,6877.51,Credit Card,Regular
SAL20250054106,2025-06-27,STR010,PRD00541,2,685.8,0.0,1371.6,811.14,Credit Card,Walk-in
SAL20250054107,2025-06-24,STR023,PRD00362,2,1120.03,0.0,2240.06,1065.02,Net Banking,Walk-in
SAL20250054108,2025-06-10,STR014,PRD00895,2,472.54,0.0,945.08,594.8,Debit Card,Walk-in
SAL20250054109,2025-06-29,STR018,PRD00085,2,26032.76,0.1,46858.97,35751.16,Net Banking,Premium
SAL20250054110,2025-06-18,STR026,PRD00893,2,963.04,0.0,1926.08,1206.1,UPI,Regular
SAL20250054111,2025-06-27,STR027,PRD00444,4,347.0,0.0,1388.0,1143.84,UPI,Regular
SAL20250054112,2025-06-15,STR033,PRD00410,4,245.81,0.0,983.24,771.04,UPI,Premium
SAL20250054113,2025-06-22,STR009,PRD01112,1,3077.42,0.0,3077.42,1558.19,Debit Card,Premium
SAL20250054114,2025-06-04,STR040,PRD00424,3,428.73,0.0,1286.19,1131.72,UPI,Regular
SAL20250054115,2025-06-12,STR014,PRD00588,6,125.09,0.0,750.54,542.34,UPI,Regular
SAL20250054116,2025-06-09,STR013,PRD00664,1,181.84,0.0,181.84,109.21,Debit Card,Walk-in
SAL20250054117,2025-06-18,STR013,PRD00011,1,13229.12,0.0,13229.12,9834.69,UPI,Premium
SAL20250054118,2025-06-07,STR003,PRD00425,1,878.01,0.0,878.01,697.51,Debit Card,Walk-in
SAL20250054119,2025-06-02,STR016,PRD01063,5,747.32,0.0,3736.6,2441.95,Credit Card,Regular
SAL20250054120,2025-06-28,STR029,PRD00979,1,62.69,0.05,59.56,37.43,Credit Card,Premium
SAL20250054121,2025-06-15,STR001,PRD00323,2,361.28,0.0,722.56,376.3,Cash,Premium
SAL20250054122,2025-06-05,STR027,PRD00374,1,1242.75,0.0,1242.75,738.33,Credit Card,Regular
SAL20250054123,2025-06-03,STR022,PRD00668,2,302.1,0.0,604.2,433.08,UPI,Regular
SAL20250054124,2025-06-23,STR026,PRD00561,1,111.53,0.0,111.53,75.49,Credit Card,Regular
SAL20250054125,2025-06-30,STR011,PRD00740,1,3926.7,0.0,3926.7,2842.31,UPI,Walk-in
SAL20250054126,2025-06-23,STR006,PRD00495,6,212.14,0.05,1209.2,985.62,UPI,Walk-in
SAL20250054127,2025-06-20,STR041,PRD01172,2,1132.5,0.0,2265.0,1156.12,UPI,Premium
SAL20250054128,2025-06-09,STR026,PRD00322,1,839.74,0.0,839.74,587.36,UPI,Walk-in
SAL20250054129,2025-06-05,STR019,PRD00731,1,2513.85,0.0,2513.85,1582.05,Credit Card,Walk-in
SAL20250054130,2025-06-22,STR032,PRD00797,2,567.41,0.0,1134.82,822.82,Debit Card,Walk-in
SAL20250054131,2025-06-21,STR022,PRD00445,4,417.63,0.1,1503.47,1341.08,UPI,Regular
SAL20250054132,2025-06-20,STR008,PRD01186,2,3042.91,0.0,6085.82,3004.4,Debit Card,Regular
SAL20250054133,2025-06-07,STR015,PRD00254,1,11020.14,0.05,10469.13,6776.21,Debit Card,Regular
SAL20250054134,2025-06-07,STR007,PRD00377,2,1177.54,0.05,2237.33,1645.44,Cash,Regular
SAL20250054135,2025-06-28,STR005,PRD00685,1,4676.03,0.0,4676.03,2851.64,Net Banking,Regular
SAL20250054136,2025-06-20,STR019,PRD01180,2,9129.62,0.0,18259.24,8487.62,UPI,Walk-in
SAL20250054137,2025-06-29,STR006,PRD00175,2,11344.22,0.0,22688.44,14869.74,Net Banking,Walk-in
SAL20250054138,2025-06-26,STR025,PRD01034,3,310.11,0.1,837.3,653.16,UPI,Regular
SAL20250054139,2025-06-01,STR010,PRD00750,1,3884.81,0.1,3496.33,2144.98,Cash,Regular
SAL20250054140,2025-06-18,STR003,PRD00920,1,2715.99,0.1,2444.39,1534.46,UPI,Regular
SAL20250054141,2025-06-14,STR011,PRD00920,2,2715.99,0.0,5431.98,3068.92,UPI,Walk-in
SAL20250054142,2025-06-19,STR023,PRD00309,1,1344.75,0.0,1344.75,637.15,Credit Card,Regular
SAL20250054143,2025-06-04,STR020,PRD00517,2,252.82,0.0,505.64,406.06,UPI,Walk-in
SAL20250054144,2025-06-23,STR001,PRD00747,1,1306.66,0.0,1306.66,960.16,Credit Card,Walk-in
SAL20250054145,2025-06-16,STR020,PRD00615,1,478.74,0.1,430.87,339.34,Debit Card,Regular
SAL20250054146,2025-06-09,STR020,PRD00222,2,8948.67,0.1,16107.61,13161.68,UPI,Walk-in
SAL20250054147,2025-06-13,STR025,PRD00830,2,1783.32,0.1,3209.98,2179.56,Credit Card,Corporate
SAL20250054148,2025-06-30,STR041,PRD00752,1,4535.72,0.0,4535.72,3022.89,Credit Card,Regular
SAL20250054149,2025-06-15,STR026,PRD00111,1,16671.18,0.1,15004.06,12693.98,Debit Card,Walk-in
SAL20250054150,2025-06-09,STR028,PRD00712,1,1580.0,0.1,1422.0,947.15,Credit Card,Regular
SAL20250054151,2025-06-20,STR015,PRD00399,3,1354.99,0.0,4064.97,1941.39,Credit Card,Regular
SAL20250054152,2025-06-08,STR030,PRD00673,2,2685.18,0.05,5101.84,3396.58,Credit Card,Regular
SAL20250054153,2025-06-03,STR029,PRD01039,5,616.85,0.0,3084.25,1969.7,UPI,Regular
SAL20250054154,2025-06-19,STR001,PRD01039,2,616.85,0.0,1233.7,787.88,UPI,Walk-in
SAL20250054155,2025-06-25,STR006,PRD00002,2,1289.58,0.0,2579.16,1741.8,UPI,Walk-in
SAL20250054156,2025-06-18,STR013,PRD00022,1,22149.39,0.0,22149.39,16337.37,Credit Card,Regular
SAL20250054157,2025-06-19,STR022,PRD00664,2,181.84,0.0,363.68,218.42,UPI,Regular
SAL20250054158,2025-06-05,STR007,PRD01163,2,6199.15,0.0,12398.3,7432.12,Credit Card,Regular
SAL20250054159,2025-06-18,STR019,PRD01188,2,2837.24,0.0,5674.48,3372.48,UPI,Walk-in
SAL20250054160,2025-06-14,STR040,PRD00007,1,20090.22,0.0,20090.22,15462.2,Credit Card,Regular
SAL20250054161,2025-06-27,STR021,PRD00135,1,9390.96,0.0,9390.96,6866.63,Credit Card,Regular
SAL20250054162,2025-06-23,STR031,PRD01050,2,562.12,0.0,1124.24,658.28,UPI,Walk-in
SAL20250054163,2025-06-21,STR021,PRD00405,2,917.35,0.1,1651.23,1607.72,Credit Card,Regular
SAL20250054164,2025-06-28,STR040,PRD00412,3,576.41,0.05,1642.77,1364.25,Debit Card,Regular
SAL20250054165,2025-06-22,STR030,PRD00608,2,314.95,0.0,629.9,468.28,Credit Card,Regular
SAL20250054166,2025-06-25,STR003,PRD00490,1,177.23,0.1,159.51,138.31,UPI,Regular
SAL20250054167,2025-06-03,STR011,PRD00743,2,1675.83,0.0,3351.66,2263.12,Net Banking,Premium
SAL20250054168,2025-06-09,STR036,PRD00673,1,2685.18,0.0,2685.18,1698.29,Debit Card,Regular
SAL20250054169,2025-06-18,STR011,PRD00253,1,9663.5,0.0,9663.5,6717.07,Credit Card,Premium
SAL20250054170,2025-06-11,STR031,PRD00071,1,14423.02,0.0,14423.02,9605.63,UPI,Premium
SAL20250054171,2025-06-12,STR032,PRD00437,1,320.21,0.05,304.2,271.12,UPI,Walk-in
SAL20250054172,2025-06-26,STR031,PRD00875,3,258.44,0.0,775.32,452.7,UPI,Regular
SAL20250054173,2025-06-02,STR025,PRD00712,1,1580.0,0.0,1580.0,947.15,UPI,Premium
SAL20250054174,2025-06-26,STR040,PRD00337,1,1047.01,0.0,1047.01,731.43,Credit Card,Walk-in
SAL20250054175,2025-06-06,STR033,PRD00416,3,833.51,0.0,2500.53,2075.37,Cash,Walk-in
SAL20250054176,2025-06-01,STR006,PRD00579,1,398.71,0.0,398.71,292.17,Net Banking,Regular
SAL20250054177,2025-06-27,STR018,PRD00499,1,309.01,0.0,309.01,265.54,UPI,Corporate
SAL20250054178,2025-06-15,STR004,PRD00768,2,281.0,0.0,562.0,410.2,UPI,Regular
SAL20250054179,2025-06-15,STR025,PRD00956,4,1028.6,0.0,4114.4,2288.0,Cash,Walk-in
SAL20250054180,2025-06-08,STR031,PRD00013,1,17378.5,0.0,17378.5,12862.09,Credit Card,Walk-in
SAL20250054181,2025-06-11,STR025,PRD00652,1,210.65,0.05,200.12,137.0,Credit Card,Regular
SAL20250054182,2025-06-14,STR012,PRD00628,6,365.09,0.0,2190.54,1264.86,Cash,Premium
SAL20250054183,2025-06-14,STR033,PRD01019,1,948.07,0.0,948.07,489.75,Credit Card,Regular
SAL20250054184,2025-06-29,STR036,PRD01133,2,8197.9,0.0,16395.8,7530.04,UPI,Regular
SAL20250054185,2025-06-22,STR002,PRD00059,1,15692.67,0.0,15692.67,12269.76,UPI,Regular
SAL20250054186,2025-06-13,STR001,PRD00978,2,172.32,0.0,344.64,214.64,UPI,Corporate
SAL20250054187,2025-06-23,STR010,PRD00711,1,1868.86,0.0,1868.86,1355.68,UPI,Premium
SAL20250054188,2025-06-11,STR033,PRD00615,5,478.74,0.0,2393.7,1696.7,Cash,Walk-in
SAL20250054189,2025-06-06,STR006,PRD00880,1,430.21,0.0,430.21,293.94,Cash,Regular
SAL20250054190,2025-06-14,STR007,PRD00021,1,1822.47,0.05,1731.35,1333.8,Credit Card,Regular
SAL20250054191,2025-06-02,STR031,PRD01015,1,771.47,0.1,694.32,541.12,Net Banking,Walk-in
SAL20250054192,2025-06-23,STR025,PRD00789,1,4846.68,0.0,4846.68,2934.91,Cash,Premium
SAL20250054193,2025-06-24,STR016,PRD00646,4,108.22,0.0,432.88,263.16,Cash,Regular
SAL20250054194,2025-06-16,STR027,PRD00516,2,653.26,0.0,1306.52,1005.12,Debit Card,Regular
SAL20250054195,2025-06-04,STR023,PRD00935,1,821.43,0.0,821.43,586.1,Credit Card,Regular
SAL20250054196,2025-06-01,STR028,PRD00991,1,894.61,0.1,805.15,514.53,Credit Card,Regular
SAL20250054197,2025-06-30,STR031,PRD00190,1,12169.57,0.0,12169.57,7955.32,UPI,Regular
SAL20250054198,2025-06-23,STR024,PRD00289,2,1047.34,0.0,2094.68,1214.0,UPI,Regular
SAL20250054199,2025-06-25,STR029,PRD00715,1,2949.53,0.0,2949.53,1984.0,Credit Card,Regular
SAL20250054200,2025-06-09,STR003,PRD00444,4,347.0,0.05,1318.6,1143.84,Debit Card,Regular
SAL20250054201,2025-06-17,STR017,PRD00869,1,3787.4,0.0,3787.4,2366.4,UPI,Regular
SAL20250054202,2025-06-16,STR036,PRD00011,1,13229.12,0.0,13229.12,9834.69,UPI,Regular
SAL20250054203,2025-06-22,STR035,PRD00466,1,725.28,0.0,725.28,629.72,Cash,Regular
SAL20250054204,2025-06-21,STR035,PRD00444,6,347.0,0.0,2082.0,1715.76,Credit Card,Regular
SAL20250054205,2025-06-28,STR022,PRD01041,2,954.2,0.0,1908.4,1065.62,Cash,Premium
SAL20250054206,2025-06-07,STR029,PRD00468,10,180.53,0.1,1624.77,1483.2,UPI,Walk-in
SAL20250054207,2025-06-20,STR016,PRD00508,3,125.21,0.0,375.63,329.79,UPI,Walk-in
SAL20250054208,2025-06-05,STR027,PRD00472,3,554.85,0.0,1664.55,1334.7,UPI,Regular
SAL20250054209,2025-06-02,STR028,PRD00417,2,788.29,0.0,1576.58,1323.42,Credit Card,Regular
SAL20250054210,2025-06-30,STR025,PRD00855,2,2084.62,0.0,4169.24,3051.1,Cash,Regular
SAL20250054211,2025-06-11,STR033,PRD00706,1,3862.25,0.0,3862.25,2444.01,Credit Card,Regular
SAL20250054212,2025-06-24,STR030,PRD00249,1,4858.0,0.05,4615.1,3416.15,UPI,Regular
SAL20250054213,2025-06-08,STR014,PRD00711,1,1868.86,0.0,1868.86,1355.68,UPI,Regular
SAL20250054214,2025-06-12,STR041,PRD00848,3,2441.1,0.0,7323.3,4848.96,Credit Card,Regular
SAL20250054215,2025-06-27,STR013,PRD01134,1,5914.46,0.0,5914.46,2929.32,UPI,Premium
SAL20250054216,2025-06-01,STR001,PRD00761,4,367.88,0.0,1471.52,1076.84,Debit Card,Walk-in
SAL20250054217,2025-06-27,STR020,PRD00584,1,232.29,0.0,232.29,142.35,UPI,Walk-in
SAL20250054218,2025-06-24,STR010,PRD00266,1,13058.2,0.0,13058.2,8085.89,Debit Card,Regular
SAL20250054219,2025-06-19,STR032,PRD00858,1,1066.62,0.0,1066.62,695.16,Credit Card,Regular
SAL20250054220,2025-06-23,STR034,PRD00809,1,1418.3,0.0,1418.3,895.74,Debit Card,Regular
SAL20250054221,2025-06-18,STR003,PRD00082,1,9499.68,0.0,9499.68,6552.44,Debit Card,Corporate
SAL20250059268,2025-06-19,STR039,PRD00451,2,641.37,0.0,1282.74,1010.46,UPI,Walk-in
SAL20250054223,2025-06-13,STR014,PRD00084,1,11056.09,0.0,11056.09,8293.77,UPI,Regular
SAL20250054224,2025-06-29,STR027,PRD00125,1,1511.82,0.0,1511.82,1056.29,Cash,Regular
SAL20250054225,2025-06-10,STR006,PRD00543,2,579.45,0.0,1158.9,850.46,UPI,Regular
SAL20250054226,2025-06-18,STR021,PRD01167,2,1364.58,0.0,2729.16,1671.32,Credit Card,Regular
SAL20250054227,2025-06-18,STR037,PRD00682,1,3799.71,0.05,3609.72,2447.28,UPI,Premium
SAL20250054228,2025-06-15,STR015,PRD00657,1,272.71,0.0,272.71,160.84,UPI,Corporate
SAL20250054229,2025-06-23,STR012,PRD00281,1,679.79,0.0,679.79,393.52,Credit Card,Walk-in
SAL20250054230,2025-06-19,STR032,PRD00118,1,13769.46,0.05,13080.99,10543.97,Debit Card,Corporate
SAL20250054231,2025-06-26,STR017,PRD00584,1,232.29,0.0,232.29,142.35,UPI,Walk-in
SAL20250054232,2025-06-11,STR004,PRD01003,4,278.9,0.0,1115.6,585.28,Cash,Corporate
SAL20250054233,2025-06-29,STR023,PRD00541,1,685.8,0.0,685.8,405.57,UPI,Walk-in
SAL20250054234,2025-06-21,STR023,PRD00317,1,1393.76,0.0,1393.76,799.47,UPI,Premium
SAL20250054235,2025-06-03,STR037,PRD01123,1,3145.87,0.0,3145.87,1902.26,UPI,Walk-in
SAL20250054236,2025-06-15,STR013,PRD01061,4,1015.91,0.0,4063.64,2142.12,Credit Card,Walk-in
SAL20250054237,2025-06-14,STR039,PRD01073,1,4074.99,0.0,4074.99,2440.45,UPI,Walk-in
SAL20250054238,2025-06-09,STR023,PRD00829,2,2093.34,0.0,4186.68,3077.74,Credit Card,Premium
SAL20250054239,2025-06-23,STR011,PRD00699,1,2305.84,0.0,2305.84,1522.28,UPI,Regular
SAL20250054240,2025-06-28,STR021,PRD00029,2,24663.79,0.0,49327.58,32314.86,Debit Card,Regular
SAL20250054241,2025-06-13,STR015,PRD00351,1,802.18,0.0,802.18,503.24,UPI,Regular
SAL20250054242,2025-06-29,STR039,PRD01061,1,1015.91,0.0,1015.91,535.53,Debit Card,Walk-in
SAL20250054243,2025-06-15,STR002,PRD00812,1,3142.68,0.0,3142.68,1823.3,Net Banking,Walk-in
SAL20250054244,2025-06-21,STR003,PRD00815,1,2750.26,0.0,2750.26,1847.59,Credit Card,Regular
SAL20250054245,2025-06-06,STR005,PRD00993,1,168.95,0.0,168.95,86.92,Credit Card,Walk-in
SAL20250054246,2025-06-25,STR024,PRD00056,1,11452.31,0.0,11452.31,8581.01,UPI,Regular
SAL20250054247,2025-06-21,STR015,PRD00011,1,13229.12,0.0,13229.12,9834.69,Debit Card,Premium
SAL20250054248,2025-06-26,STR010,PRD00885,1,1948.54,0.0,1948.54,1253.39,UPI,Premium
SAL20250054249,2025-06-15,STR024,PRD01097,1,4205.24,0.0,4205.24,2054.25,Cash,Regular
SAL20250054250,2025-06-17,STR003,PRD00338,1,1223.61,0.0,1223.61,688.23,UPI,Regular
SAL20250054251,2025-06-09,STR007,PRD00647,1,284.75,0.0,284.75,189.07,Cash,Regular
SAL20250054252,2025-06-04,STR019,PRD00189,1,8529.1,0.0,8529.1,5554.64,Debit Card,Premium
SAL20250054253,2025-06-13,STR011,PRD00977,3,417.51,0.0,1252.53,846.84,UPI,Regular
SAL20250054254,2025-06-16,STR004,PRD00564,2,566.41,0.0,1132.82,695.94,UPI,Premium
SAL20250054255,2025-06-16,STR031,PRD00681,1,4114.63,0.05,3908.9,2696.18,Credit Card,Premium
SAL20250054256,2025-06-26,STR038,PRD00040,1,26675.54,0.1,24007.99,17487.01,UPI,Regular
SAL20250054257,2025-06-09,STR020,PRD01076,1,4373.35,0.0,4373.35,2595.55,UPI,Regular
SAL20250054258,2025-06-15,STR041,PRD00280,2,605.7,0.0,1211.4,622.74,Cash,Regular
SAL20250054259,2025-06-05,STR001,PRD00257,1,3131.42,0.0,3131.42,2145.77,UPI,Walk-in
SAL20250054260,2025-06-14,STR036,PRD01004,2,128.91,0.0,257.82,131.86,Credit Card,Regular
SAL20250054261,2025-06-15,STR019,PRD01161,4,5090.05,0.0,20360.2,8875.84,Debit Card,Regular
SAL20250054262,2025-06-09,STR005,PRD00266,1,13058.2,0.1,11752.38,8085.89,UPI,Regular
SAL20250054263,2025-06-04,STR025,PRD00832,1,1859.75,0.0,1859.75,1370.28,Debit Card,Walk-in
SAL20250054264,2025-06-02,STR004,PRD00991,2,894.61,0.0,1789.22,1029.06,UPI,Walk-in
SAL20250054265,2025-06-05,STR021,PRD01042,2,143.52,0.05,272.69,189.38,UPI,Regular
SAL20250054266,2025-06-24,STR040,PRD00807,1,667.9,0.0,667.9,429.52,UPI,Premium
SAL20250054267,2025-06-30,STR037,PRD00361,1,1524.53,0.0,1524.53,825.7,Debit Card,Premium
SAL20250054268,2025-06-03,STR037,PRD01080,1,1721.88,0.0,1721.88,771.73,UPI,Walk-in
SAL20250054269,2025-06-12,STR014,PRD00549,2,585.62,0.0,1171.24,764.8,Debit Card,Premium
SAL20250054270,2025-06-01,STR025,PRD00701,1,4774.16,0.0,4774.16,3063.26,Debit Card,Regular
SAL20250054271,2025-06-27,STR019,PRD00959,1,664.61,0.0,664.61,402.69,UPI,Walk-in
SAL20250054272,2025-06-22,STR019,PRD00523,4,773.23,0.1,2783.63,2624.56,UPI,Premium
SAL20250054273,2025-06-09,STR018,PRD00966,1,814.75,0.1,733.27,526.45,Cash,Premium
SAL20250054274,2025-06-02,STR031,PRD00837,4,4012.56,0.0,16050.24,9474.56,UPI,Regular
SAL20250054275,2025-06-20,STR022,PRD00408,3,1017.09,0.0,3051.27,2348.76,Credit Card,Walk-in
SAL20250054276,2025-06-16,STR001,PRD00135,1,9390.96,0.0,9390.96,6866.63,Net Banking,Walk-in
SAL20250054277,2025-06-04,STR017,PRD00046,1,12754.14,0.1,11478.73,8397.4,UPI,Walk-in
SAL20250054278,2025-06-20,STR001,PRD00793,2,2445.38,0.05,4646.22,2810.82,UPI,Regular
SAL20250054279,2025-06-02,STR027,PRD00919,4,3391.01,0.0,13564.04,8928.32,Credit Card,Walk-in
SAL20250054280,2025-06-06,STR035,PRD00463,3,933.21,0.0,2799.63,2242.41,Cash,Walk-in
SAL20250054281,2025-06-06,STR036,PRD00974,2,202.7,0.0,405.4,213.52,Net Banking,Regular
SAL20250054282,2025-06-07,STR008,PRD01062,1,925.26,0.0,925.26,543.06,UPI,Regular
SAL20250054283,2025-06-08,STR025,PRD00026,1,4182.92,0.0,4182.92,3047.01,Credit Card,Regular
SAL20250054284,2025-06-20,STR031,PRD00048,1,26663.85,0.0,26663.85,18297.1,Credit Card,Regular
SAL20250054285,2025-06-11,STR026,PRD00812,2,3142.68,0.0,6285.36,3646.6,Debit Card,Regular
SAL20250054286,2025-06-17,STR006,PRD01073,1,4074.99,0.0,4074.99,2440.45,UPI,Regular
SAL20250054287,2025-06-23,STR020,PRD01174,1,4967.43,0.0,4967.43,2664.97,UPI,Walk-in
SAL20250054288,2025-06-23,STR029,PRD00820,3,2007.6,0.0,6022.8,3531.54,Credit Card,Premium
SAL20250054289,2025-06-17,STR009,PRD00421,1,579.98,0.0,579.98,486.5,Credit Card,Walk-in
SAL20250054290,2025-06-17,STR041,PRD00710,3,4042.5,0.0,12127.5,6671.97,UPI,Walk-in
SAL20250054291,2025-06-19,STR033,PRD00033,2,2653.86,0.0,5307.72,3566.56,Credit Card,Walk-in
SAL20250054292,2025-06-15,STR032,PRD00394,1,327.5,0.0,327.5,218.51,Net Banking,Premium
SAL20250054293,2025-06-09,STR022,PRD00006,2,3457.14,0.0,6914.28,5039.84,UPI,Regular
SAL20250054294,2025-06-18,STR021,PRD00644,1,812.84,0.0,812.84,452.39,UPI,Premium
SAL20250054295,2025-06-04,STR031,PRD00915,1,703.59,0.05,668.41,463.15,Debit Card,Regular
SAL20250054296,2025-06-26,STR029,PRD01010,1,762.29,0.0,762.29,399.52,Debit Card,Walk-in
SAL20250054297,2025-06-24,STR034,PRD00210,1,8463.87,0.0,8463.87,5533.2,UPI,Regular
SAL20250054298,2025-06-24,STR032,PRD00403,1,158.56,0.05,150.63,138.22,Debit Card,Regular
SAL20250054299,2025-06-11,STR010,PRD00478,1,959.84,0.0,959.84,812.26,Debit Card,Premium
SAL20250054300,2025-06-09,STR007,PRD00288,1,827.89,0.0,827.89,439.36,Cash,Regular
SAL20250054301,2025-06-15,STR031,PRD00368,1,927.52,0.0,927.52,587.93,Net Banking,Walk-in
SAL20250054302,2025-06-13,STR021,PRD00723,1,1757.3,0.0,1757.3,1097.96,UPI,Walk-in
SAL20250054303,2025-06-16,STR005,PRD00317,1,1393.76,0.0,1393.76,799.47,Credit Card,Premium
SAL20250054304,2025-06-29,STR038,PRD00113,1,16350.49,0.0,16350.49,11876.29,Credit Card,Regular
SAL20250054305,2025-06-19,STR016,PRD00963,1,93.93,0.0,93.93,63.76,UPI,Premium
SAL20250054306,2025-06-28,STR030,PRD00947,2,413.13,0.05,784.95,416.04,Debit Card,Walk-in
SAL20250054307,2025-06-10,STR038,PRD00726,3,2171.72,0.0,6515.16,4493.55,Net Banking,Walk-in
SAL20250054308,2025-06-26,STR026,PRD00972,3,1079.34,0.0,3238.02,1887.0,UPI,Premium
SAL20250054309,2025-06-22,STR006,PRD01046,1,946.12,0.05,898.81,526.29,Net Banking,Regular
SAL20250054310,2025-06-25,STR010,PRD00372,2,542.7,0.0,1085.4,551.96,UPI,Regular
SAL20250054311,2025-06-24,STR005,PRD00399,2,1354.99,0.05,2574.48,1294.26,Credit Card,Premium
SAL20250054312,2025-06-14,STR011,PRD00480,1,103.25,0.05,98.09,86.17,UPI,Walk-in
SAL20250054313,2025-06-29,STR007,PRD00593,1,596.07,0.0,596.07,385.84,UPI,Regular
SAL20250054314,2025-06-08,STR005,PRD00276,1,499.9,0.0,499.9,292.67,UPI,Walk-in
SAL20250054315,2025-06-30,STR001,PRD00290,1,747.46,0.0,747.46,478.32,UPI,Walk-in
SAL20250054316,2025-06-08,STR020,PRD00309,1,1344.75,0.05,1277.51,637.15,UPI,Regular
SAL20250054317,2025-06-07,STR009,PRD01131,1,6280.13,0.0,6280.13,3425.53,Debit Card,Regular
SAL20250054318,2025-06-27,STR030,PRD00860,1,694.13,0.0,694.13,417.51,UPI,Regular
SAL20250054319,2025-06-14,STR041,PRD01000,5,495.66,0.05,2354.39,1729.35,Debit Card,Regular
SAL20250054320,2025-06-16,STR009,PRD00027,1,21177.44,0.0,21177.44,15886.64,Cash,Walk-in
SAL20250054321,2025-06-17,STR012,PRD00447,4,458.65,0.0,1834.6,1422.64,UPI,Corporate
SAL20250054322,2025-06-18,STR026,PRD00091,1,21335.5,0.0,21335.5,15504.58,Credit Card,Regular
SAL20250054323,2025-06-29,STR004,PRD00350,3,1107.22,0.1,2989.49,2206.86,Credit Card,Walk-in
SAL20250054324,2025-06-25,STR025,PRD00304,3,1052.14,0.0,3156.42,2171.43,Debit Card,Premium
SAL20250054325,2025-06-03,STR023,PRD00780,2,1384.22,0.0,2768.44,1777.72,Credit Card,Regular
SAL20250054326,2025-06-01,STR036,PRD00248,1,9547.84,0.0,9547.84,6877.51,Credit Card,Regular
SAL20250054327,2025-06-20,STR009,PRD01180,1,9129.62,0.05,8673.14,4243.81,Cash,Regular
SAL20250054328,2025-06-30,STR020,PRD00341,1,977.08,0.0,977.08,605.56,UPI,Walk-in
SAL20250054329,2025-06-06,STR003,PRD00805,1,3870.93,0.0,3870.93,2163.81,Debit Card,Walk-in
SAL20250054330,2025-06-21,STR036,PRD00298,1,1012.57,0.0,1012.57,666.12,Credit Card,Walk-in
SAL20250054331,2025-06-29,STR027,PRD01096,1,3066.12,0.1,2759.51,1714.26,Debit Card,Regular
SAL20250054332,2025-06-16,STR015,PRD01186,2,3042.91,0.0,6085.82,3004.4,UPI,Regular
SAL20250054333,2025-06-27,STR023,PRD00814,1,3265.17,0.05,3101.91,1889.37,Credit Card,Walk-in
SAL20250054334,2025-06-20,STR004,PRD01047,3,844.86,0.0,2534.58,1450.14,UPI,Walk-in
SAL20250054335,2025-06-07,STR012,PRD00959,1,664.61,0.0,664.61,402.69,Credit Card,Premium
SAL20250054336,2025-06-23,STR005,PRD00733,2,3579.07,0.0,7158.14,4373.94,Debit Card,Walk-in
SAL20250054337,2025-06-09,STR018,PRD01176,2,5880.6,0.0,11761.2,7038.66,UPI,Regular
SAL20250054338,2025-06-29,STR012,PRD00818,2,2330.04,0.0,4660.08,3338.28,UPI,Regular
SAL20250054339,2025-06-06,STR004,PRD00036,1,8731.85,0.0,8731.85,5708.44,Debit Card,Premium
SAL20250054340,2025-06-30,STR036,PRD01014,2,1123.09,0.0,2246.18,1272.16,Cash,Regular
SAL20250054341,2025-06-14,STR039,PRD01129,2,691.29,0.0,1382.58,562.24,Debit Card,Regular
SAL20250054342,2025-06-13,STR031,PRD00299,1,1362.69,0.0,1362.69,823.3,UPI,Walk-in
SAL20250054343,2025-06-15,STR022,PRD00564,1,566.41,0.0,566.41,347.97,UPI,Regular
SAL20250054344,2025-06-24,STR018,PRD00220,2,5859.46,0.0,11718.92,9122.88,UPI,Premium
SAL20250054345,2025-06-06,STR031,PRD00899,1,2165.69,0.0,2165.69,1458.76,Net Banking,Regular
SAL20250054346,2025-06-17,STR026,PRD00616,1,565.82,0.0,565.82,314.13,UPI,Walk-in
SAL20250054347,2025-06-10,STR011,PRD01169,3,6625.23,0.05,18881.91,12004.23,Cash,Regular
SAL20250054348,2025-06-03,STR013,PRD00876,2,2635.68,0.0,5271.36,3596.76,UPI,Regular
SAL20250054349,2025-06-08,STR038,PRD01191,1,6431.83,0.0,6431.83,4011.49,UPI,Regular
SAL20250054350,2025-06-25,STR030,PRD00953,2,80.84,0.0,161.68,115.94,UPI,Regular
SAL20250054351,2025-06-24,STR016,PRD00244,1,9135.72,0.0,9135.72,5766.93,UPI,Regular
SAL20250054352,2025-06-24,STR003,PRD00864,2,1725.02,0.0,3450.04,2236.12,Debit Card,Premium
SAL20250054353,2025-06-14,STR003,PRD00922,1,953.09,0.1,857.78,628.16,Cash,Premium
SAL20250054354,2025-06-22,STR035,PRD00466,5,725.28,0.0,3626.4,3148.6,UPI,Corporate
SAL20250054355,2025-06-02,STR021,PRD00705,2,488.73,0.0,977.46,656.86,UPI,Walk-in
SAL20250054356,2025-06-06,STR027,PRD01182,1,9675.4,0.0,9675.4,4265.56,Credit Card,Regular
SAL20250054357,2025-06-09,STR006,PRD00360,1,505.68,0.0,505.68,239.22,UPI,Regular
SAL20250054358,2025-06-21,STR003,PRD00365,3,693.15,0.0,2079.45,1346.07,UPI,Regular
SAL20250054359,2025-06-26,STR003,PRD00496,10,1047.75,0.0,10477.5,9024.4,Credit Card,Walk-in
SAL20250054360,2025-06-10,STR001,PRD01154,2,1216.46,0.0,2432.92,1222.92,UPI,Regular
SAL20250054361,2025-06-30,STR038,PRD00353,1,948.44,0.0,948.44,529.81,Credit Card,Walk-in
SAL20250054362,2025-06-25,STR006,PRD01122,1,6526.26,0.0,6526.26,3631.48,UPI,Walk-in
SAL20250054363,2025-06-24,STR037,PRD00692,1,1997.13,0.0,1997.13,1445.9,Credit Card,Walk-in
SAL20250054364,2025-06-09,STR018,PRD00429,6,725.58,0.0,4353.48,3300.06,UPI,Regular
SAL20250054365,2025-06-20,STR028,PRD01028,2,93.34,0.0,186.68,96.2,UPI,Corporate
SAL20250054366,2025-06-03,STR004,PRD01050,2,562.12,0.0,1124.24,658.28,Cash,Regular
SAL20250054367,2025-06-07,STR028,PRD00190,1,12169.57,0.0,12169.57,7955.32,UPI,Regular
SAL20250054368,2025-06-11,STR026,PRD00702,1,1394.73,0.1,1255.26,988.64,Cash,Regular
SAL20250054369,2025-06-11,STR027,PRD00544,2,114.7,0.0,229.4,165.48,Credit Card,Regular
SAL20250054370,2025-06-11,STR033,PRD00217,1,8159.94,0.0,8159.94,5298.43,Credit Card,Walk-in
SAL20250054371,2025-06-11,STR005,PRD00656,4,201.0,0.0,804.0,564.4,UPI,Walk-in
SAL20250054372,2025-06-22,STR019,PRD01182,1,9675.4,0.0,9675.4,4265.56,Credit Card,Regular
SAL20250054373,2025-06-14,STR032,PRD00403,2,158.56,0.0,317.12,276.44,UPI,Regular
SAL20250054374,2025-06-21,STR005,PRD00019,1,9063.53,0.0,9063.53,6399.55,UPI,Regular
SAL20250054375,2025-06-15,STR019,PRD00491,1,675.67,0.0,675.67,526.71,UPI,Walk-in
SAL20250054376,2025-06-30,STR013,PRD00960,3,572.91,0.0,1718.73,1147.2,Credit Card,Premium
SAL20250054377,2025-06-26,STR019,PRD00415,3,345.23,0.0,1035.69,858.57,Credit Card,Regular
SAL20250054378,2025-06-12,STR004,PRD00188,2,6172.58,0.0,12345.16,8055.14,Cash,Regular
SAL20250054379,2025-06-10,STR031,PRD00380,2,304.64,0.1,548.35,421.0,Credit Card,Premium
SAL20250054380,2025-06-12,STR014,PRD00119,1,21410.34,0.0,21410.34,16034.57,UPI,Walk-in
SAL20250054381,2025-06-30,STR007,PRD01072,2,354.49,0.1,638.08,440.0,UPI,Corporate
SAL20250054382,2025-06-24,STR033,PRD00199,1,1863.27,0.0,1863.27,1335.3,UPI,Premium
SAL20250054383,2025-06-13,STR039,PRD01049,1,225.77,0.05,214.48,137.88,Credit Card,Regular
SAL20250054384,2025-06-19,STR022,PRD00138,1,3460.02,0.0,3460.02,2661.97,Net Banking,Regular
SAL20250054385,2025-06-05,STR031,PRD00837,2,4012.56,0.0,8025.12,4737.28,UPI,Walk-in
SAL20250054386,2025-06-20,STR017,PRD00496,2,1047.75,0.0,2095.5,1804.88,UPI,Regular
SAL20250054387,2025-06-13,STR019,PRD00408,1,1017.09,0.0,1017.09,782.92,Credit Card,Walk-in
SAL20250054388,2025-06-10,STR028,PRD00232,2,6785.18,0.0,13570.36,9686.74,Credit Card,Walk-in
SAL20250054389,2025-06-26,STR017,PRD00656,2,201.0,0.0,402.0,282.2,Credit Card,Regular
SAL20250054390,2025-06-08,STR008,PRD00625,1,629.94,0.0,629.94,432.91,UPI,Premium
SAL20250054391,2025-06-08,STR006,PRD00760,1,4801.08,0.1,4320.97,3172.81,UPI,Corporate
SAL20250054392,2025-06-06,STR005,PRD00437,1,320.21,0.0,320.21,271.12,Credit Card,Premium
SAL20250054393,2025-06-12,STR025,PRD01022,1,1023.04,0.0,1023.04,628.51,Credit Card,Regular
SAL20250054394,2025-06-12,STR027,PRD00394,1,327.5,0.0,327.5,218.51,Credit Card,Walk-in
SAL20250054395,2025-06-24,STR011,PRD00186,3,7826.08,0.0,23478.24,15374.67,UPI,Regular
SAL20250054396,2025-06-27,STR019,PRD00300,3,1106.33,0.0,3318.99,1803.3,Credit Card,Premium
SAL20250054397,2025-06-17,STR041,PRD00580,1,372.59,0.05,353.96,211.3,Credit Card,Premium
SAL20250054398,2025-06-18,STR023,PRD00755,2,511.82,0.1,921.28,688.62,UPI,Premium
SAL20250054399,2025-06-14,STR007,PRD01011,1,265.01,0.0,265.01,149.69,Debit Card,Premium
SAL20250054400,2025-06-12,STR023,PRD00289,1,1047.34,0.0,1047.34,607.0,Debit Card,Regular
SAL20250054401,2025-06-04,STR029,PRD00871,2,1211.65,0.0,2423.3,1718.64,Cash,Walk-in
SAL20250054402,2025-06-15,STR014,PRD00254,3,11020.14,0.0,33060.42,20328.63,Credit Card,Regular
SAL20250054403,2025-06-29,STR029,PRD00326,1,1442.32,0.1,1298.09,681.43,Credit Card,Walk-in
SAL20250054404,2025-06-09,STR035,PRD00461,2,198.22,0.0,396.44,338.9,Cash,Walk-in
SAL20250054405,2025-06-26,STR036,PRD00321,4,1442.95,0.0,5771.8,2861.96,Credit Card,Regular
SAL20250054406,2025-06-20,STR008,PRD00074,1,17249.82,0.0,17249.82,11809.64,Credit Card,Regular
SAL20250054407,2025-06-17,STR030,PRD00704,1,1185.8,0.0,1185.8,707.14,UPI,Regular
SAL20250054408,2025-06-14,STR014,PRD00708,1,2849.79,0.0,2849.79,1883.15,Credit Card,Regular
SAL20250054409,2025-06-24,STR040,PRD00346,1,927.55,0.0,927.55,634.62,Cash,Corporate
SAL20250054410,2025-06-10,STR040,PRD00018,1,13116.16,0.0,13116.16,9769.19,Credit Card,Regular
SAL20250054411,2025-06-15,STR009,PRD00973,1,291.44,0.0,291.44,156.91,UPI,Premium
SAL20250054412,2025-06-09,STR002,PRD00331,2,133.4,0.0,266.8,179.66,UPI,Regular
SAL20250054413,2025-06-10,STR018,PRD01083,1,8991.53,0.0,8991.53,3921.72,UPI,Walk-in
SAL20250054414,2025-06-01,STR017,PRD00561,5,111.53,0.0,557.65,377.45,UPI,Regular
SAL20250054415,2025-06-08,STR027,PRD00383,1,216.69,0.0,216.69,135.74,UPI,Regular
SAL20250054416,2025-06-11,STR010,PRD00514,1,1177.91,0.0,1177.91,914.33,UPI,Premium
SAL20250054417,2025-06-12,STR016,PRD00314,1,610.16,0.1,549.14,372.41,UPI,Premium
SAL20250054418,2025-06-04,STR021,PRD00908,2,2285.46,0.0,4570.92,2680.12,Cash,Regular
SAL20250054419,2025-06-09,STR015,PRD00018,1,13116.16,0.0,13116.16,9769.19,Credit Card,Walk-in
SAL20250054420,2025-06-05,STR003,PRD00214,1,9551.75,0.0,9551.75,6869.66,UPI,Regular
SAL20250054421,2025-06-12,STR028,PRD00741,1,2848.85,0.0,2848.85,2028.89,Net Banking,Walk-in
SAL20250054422,2025-06-26,STR024,PRD00874,2,3195.38,0.0,6390.76,4664.96,UPI,Walk-in
SAL20250054423,2025-06-02,STR005,PRD00426,2,496.18,0.05,942.74,831.74,UPI,Premium
SAL20250054424,2025-06-20,STR028,PRD01191,2,6431.83,0.0,12863.66,8022.98,Credit Card,Regular
SAL20250054425,2025-06-24,STR033,PRD00181,1,4428.73,0.1,3985.86,3239.36,Credit Card,Regular
SAL20250054426,2025-06-14,STR035,PRD00157,1,5982.96,0.0,5982.96,4355.19,Debit Card,Regular
SAL20250054427,2025-06-25,STR034,PRD00683,3,794.15,0.0,2382.45,1782.09,Credit Card,Regular
SAL20250054428,2025-06-14,STR017,PRD00073,1,23649.92,0.0,23649.92,17123.4,UPI,Regular
SAL20250054429,2025-06-01,STR011,PRD00283,2,917.06,0.0,1834.12,862.94,Credit Card,Walk-in
SAL20250054430,2025-06-01,STR033,PRD00849,1,315.58,0.0,315.58,211.78,Credit Card,Regular
SAL20250054431,2025-06-07,STR036,PRD00508,10,125.21,0.0,1252.1,1099.3,Credit Card,Regular
SAL20250054432,2025-06-20,STR019,PRD00999,2,1102.59,0.0,2205.18,1173.7,Debit Card,Regular
SAL20250054433,2025-06-20,STR026,PRD01026,3,512.0,0.0,1536.0,1025.85,Debit Card,Walk-in
SAL20250054434,2025-06-18,STR020,PRD00526,1,712.58,0.0,712.58,592.24,Credit Card,Regular
SAL20250054435,2025-06-29,STR024,PRD00609,2,338.3,0.05,642.77,404.06,Cash,Walk-in
SAL20250054436,2025-06-08,STR009,PRD00665,2,157.57,0.0,315.14,206.28,Cash,Walk-in
SAL20250054437,2025-06-27,STR006,PRD00380,2,304.64,0.0,609.28,421.0,UPI,Regular
SAL20250054438,2025-06-29,STR015,PRD00875,1,258.44,0.0,258.44,150.9,UPI,Walk-in
SAL20250054439,2025-06-28,STR015,PRD00012,1,5255.98,0.0,5255.98,4121.35,UPI,Walk-in
SAL20250054440,2025-06-20,STR018,PRD00391,2,716.46,0.0,1432.92,694.82,Net Banking,Walk-in
SAL20250054441,2025-06-03,STR004,PRD01146,1,2954.25,0.0,2954.25,1488.77,UPI,Premium
SAL20250054442,2025-06-09,STR027,PRD01002,1,98.3,0.0,98.3,55.69,UPI,Walk-in
SAL20250054443,2025-06-27,STR015,PRD00764,1,3332.71,0.0,3332.71,1836.11,Debit Card,Premium
SAL20250054444,2025-06-11,STR037,PRD00751,2,3034.29,0.0,6068.58,3880.72,Credit Card,Walk-in
SAL20250054445,2025-06-08,STR014,PRD01064,5,155.0,0.05,736.25,393.15,Credit Card,Premium
SAL20250054446,2025-06-09,STR023,PRD00204,1,3776.34,0.1,3398.71,2580.11,Credit Card,Regular
SAL20250054447,2025-06-12,STR040,PRD00546,2,854.43,0.0,1708.86,947.8,UPI,Regular
SAL20250054448,2025-06-23,STR031,PRD00853,2,3236.74,0.0,6473.48,3736.28,UPI,Walk-in
SAL20250054449,2025-06-25,STR034,PRD00777,1,3515.65,0.0,3515.65,1941.78,UPI,Regular
SAL20250054450,2025-06-29,STR003,PRD00636,5,685.82,0.0,3429.1,2262.2,UPI,Walk-in
SAL20250054451,2025-06-14,STR020,PRD00007,1,20090.22,0.0,20090.22,15462.2,Credit Card,Premium
SAL20250054452,2025-06-03,STR011,PRD00880,1,430.21,0.0,430.21,293.94,Debit Card,Walk-in
SAL20250054453,2025-06-22,STR029,PRD00040,1,26675.54,0.0,26675.54,17487.01,Credit Card,Walk-in
SAL20250054454,2025-06-24,STR009,PRD00965,2,67.67,0.0,135.34,96.92,Credit Card,Walk-in
SAL20250054455,2025-06-30,STR015,PRD00607,1,313.72,0.0,313.72,181.35,Cash,Walk-in
SAL20250054456,2025-06-05,STR011,PRD00356,2,1354.34,0.0,2708.68,1468.36,Credit Card,Regular
SAL20250054457,2025-06-26,STR025,PRD00910,3,2302.88,0.0,6908.64,4739.07,UPI,Walk-in
SAL20250054458,2025-06-13,STR038,PRD01027,2,412.95,0.0,825.9,451.44,Credit Card,Walk-in
SAL20250054459,2025-06-29,STR004,PRD00209,1,4015.2,0.0,4015.2,2717.92,UPI,Walk-in
SAL20250054460,2025-06-13,STR030,PRD01130,1,3164.31,0.1,2847.88,1889.64,Net Banking,Regular
SAL20250054461,2025-06-14,STR031,PRD00177,1,10270.98,0.0,10270.98,7398.07,Credit Card,Walk-in
SAL20250054462,2025-06-02,STR031,PRD00944,4,197.23,0.0,788.92,511.28,Debit Card,Corporate
SAL20250054463,2025-06-20,STR006,PRD00368,3,927.52,0.0,2782.56,1763.79,Debit Card,Regular
SAL20250054464,2025-06-25,STR040,PRD00226,1,3456.4,0.1,3110.76,2122.01,UPI,Regular
SAL20250054465,2025-06-23,STR013,PRD00564,1,566.41,0.0,566.41,347.97,Cash,Regular
SAL20250054466,2025-06-15,STR005,PRD00235,1,11077.6,0.0,11077.6,6683.62,Cash,Premium
SAL20250054467,2025-06-02,STR025,PRD01120,1,8969.51,0.0,8969.51,4399.96,Credit Card,Regular
SAL20250054468,2025-06-21,STR019,PRD00167,1,8410.2,0.0,8410.2,5523.21,UPI,Premium
SAL20250054469,2025-06-21,STR007,PRD00063,1,19546.78,0.0,19546.78,13446.97,Debit Card,Regular
SAL20250054470,2025-06-11,STR012,PRD00239,1,6180.81,0.0,6180.81,4556.06,Cash,Walk-in
SAL20250054471,2025-06-28,STR005,PRD00443,2,206.94,0.0,413.88,334.12,Debit Card,Regular
SAL20250054472,2025-06-10,STR030,PRD00707,2,2433.38,0.0,4866.76,3253.44,UPI,Premium
SAL20250054473,2025-06-30,STR015,PRD01086,1,5541.98,0.0,5541.98,3222.42,Credit Card,Regular
SAL20250054474,2025-06-24,STR005,PRD00736,3,1942.77,0.0,5828.31,3724.65,Cash,Premium
SAL20250054475,2025-06-20,STR005,PRD01141,1,1387.21,0.0,1387.21,810.65,UPI,Walk-in
SAL20250054476,2025-06-14,STR037,PRD00404,1,695.46,0.0,695.46,604.38,Debit Card,Premium
SAL20250054477,2025-06-17,STR039,PRD00895,1,472.54,0.0,472.54,297.4,Credit Card,Walk-in
SAL20250054478,2025-06-08,STR036,PRD00747,2,1306.66,0.0,2613.32,1920.32,UPI,Regular
SAL20250054479,2025-06-27,STR035,PRD00292,2,975.97,0.0,1951.94,983.34,Cash,Premium
SAL20250054480,2025-06-23,STR032,PRD00535,1,314.95,0.0,314.95,224.28,Credit Card,Walk-in
SAL20250054481,2025-06-13,STR039,PRD01115,1,4843.87,0.0,4843.87,2404.35,Debit Card,Premium
SAL20250054482,2025-06-04,STR020,PRD01076,2,4373.35,0.05,8309.36,5191.1,UPI,Premium
SAL20250054483,2025-06-29,STR023,PRD00813,2,3086.68,0.0,6173.36,4018.82,Credit Card,Regular
SAL20250054484,2025-06-04,STR019,PRD00535,4,314.95,0.0,1259.8,897.12,Debit Card,Regular
SAL20250054485,2025-06-30,STR017,PRD01042,4,143.52,0.0,574.08,378.76,UPI,Regular
SAL20250054486,2025-06-26,STR013,PRD00345,2,670.76,0.05,1274.44,787.76,UPI,Regular
SAL20250054487,2025-06-27,STR012,PRD00431,1,614.87,0.0,614.87,521.2,Credit Card,Regular
SAL20250054488,2025-06-19,STR028,PRD00834,1,1440.43,0.0,1440.43,915.49,UPI,Corporate
SAL20250054489,2025-06-19,STR040,PRD00335,3,1156.98,0.0,3470.94,1867.68,UPI,Premium
SAL20250054490,2025-06-26,STR030,PRD01008,1,227.58,0.0,227.58,142.0,UPI,Walk-in
SAL20250054491,2025-06-01,STR026,PRD00559,3,674.89,0.0,2024.67,1264.68,UPI,Regular
SAL20250054492,2025-06-28,STR037,PRD00043,1,22998.01,0.0,22998.01,15302.97,Credit Card,Regular
SAL20250054493,2025-06-04,STR034,PRD00841,1,1965.17,0.1,1768.65,1338.26,UPI,Walk-in
SAL20250054494,2025-06-19,STR007,PRD00863,1,1338.83,0.05,1271.89,745.06,Net Banking,Regular
SAL20250054495,2025-06-04,STR011,PRD00599,5,273.52,0.1,1230.84,946.85,UPI,Regular
SAL20250054496,2025-06-26,STR018,PRD00984,3,34.1,0.0,102.3,60.06,Debit Card,Walk-in
SAL20250054497,2025-06-29,STR038,PRD00909,1,1266.46,0.0,1266.46,869.48,UPI,Premium
SAL20250054498,2025-06-10,STR012,PRD00216,1,11614.64,0.0,11614.64,7226.78,UPI,Walk-in
SAL20250054499,2025-06-15,STR028,PRD00250,1,3877.74,0.0,3877.74,2737.07,UPI,Regular
SAL20250054500,2025-06-04,STR037,PRD00194,1,5905.12,0.0,5905.12,4140.26,UPI,Walk-in
SAL20250054501,2025-06-02,STR033,PRD00819,1,2315.45,0.0,2315.45,1549.5,UPI,Walk-in
SAL20250054502,2025-06-26,STR019,PRD00479,2,303.49,0.0,606.98,511.22,UPI,Walk-in
SAL20250054503,2025-06-27,STR028,PRD01029,4,762.26,0.1,2744.14,2173.44,UPI,Regular
SAL20250054504,2025-06-04,STR015,PRD00320,1,273.23,0.0,273.23,149.99,UPI,Regular
SAL20250054505,2025-06-07,STR011,PRD01071,1,5607.68,0.0,5607.68,3412.0,UPI,Regular
SAL20250054506,2025-06-30,STR039,PRD00464,1,598.64,0.05,568.71,458.49,Cash,Premium
SAL20250054507,2025-06-01,STR030,PRD00528,2,1118.04,0.0,2236.08,1892.68,UPI,Corporate
SAL20250054508,2025-06-10,STR020,PRD01097,1,4205.24,0.0,4205.24,2054.25,UPI,Walk-in
SAL20250054509,2025-06-30,STR018,PRD00367,1,450.03,0.0,450.03,246.78,Debit Card,Corporate
SAL20250054510,2025-06-06,STR003,PRD00596,1,666.12,0.1,599.51,397.91,Credit Card,Regular
SAL20250054511,2025-06-23,STR040,PRD00242,1,3336.56,0.0,3336.56,2557.66,Credit Card,Regular
SAL20250054512,2025-06-28,STR010,PRD00624,3,124.7,0.05,355.39,261.24,Cash,Regular
SAL20250054513,2025-06-07,STR034,PRD00430,3,129.33,0.0,387.99,326.1,UPI,Premium
SAL20250054514,2025-06-22,STR022,PRD00782,1,3353.32,0.0,3353.32,1957.52,Cash,Regular
SAL20250054515,2025-06-28,STR019,PRD01110,3,1048.97,0.0,3146.91,1743.33,Debit Card,Regular
SAL20250054516,2025-06-14,STR020,PRD01194,1,6442.41,0.0,6442.41,3885.18,UPI,Premium
SAL20250054517,2025-06-24,STR035,PRD00948,1,38.1,0.0,38.1,26.55,UPI,Regular
SAL20250054518,2025-06-25,STR011,PRD01185,4,2223.59,0.0,8894.36,3699.4,UPI,Regular
SAL20250054519,2025-06-20,STR031,PRD00884,1,1777.05,0.05,1688.2,1086.34,UPI,Regular
SAL20250054520,2025-06-22,STR028,PRD00789,1,4846.68,0.0,4846.68,2934.91,UPI,Regular
SAL20250054521,2025-06-20,STR028,PRD00593,2,596.07,0.1,1072.93,771.68,Credit Card,Walk-in
SAL20250054522,2025-06-30,STR023,PRD00893,1,963.04,0.0,963.04,603.05,UPI,Premium
SAL20250054523,2025-06-06,STR028,PRD00444,3,347.0,0.0,1041.0,857.88,Credit Card,Regular
SAL20250054524,2025-06-11,STR019,PRD00908,1,2285.46,0.0,2285.46,1340.06,Credit Card,Walk-in
SAL20250054525,2025-06-27,STR015,PRD00514,2,1177.91,0.0,2355.82,1828.66,Credit Card,Regular
SAL20250054526,2025-06-20,STR013,PRD00846,1,1551.36,0.0,1551.36,1102.23,UPI,Walk-in
SAL20250054527,2025-06-09,STR007,PRD00854,1,2355.83,0.0,2355.83,1467.93,Debit Card,Regular
SAL20250054528,2025-06-14,STR018,PRD00872,2,467.45,0.0,934.9,667.24,UPI,Walk-in
SAL20250054529,2025-06-27,STR030,PRD00094,1,15405.56,0.0,15405.56,12408.34,Credit Card,Walk-in
SAL20250054530,2025-06-02,STR021,PRD00484,2,678.16,0.0,1356.32,1135.08,Cash,Premium
SAL20250054531,2025-06-08,STR021,PRD00522,1,1139.79,0.0,1139.79,875.83,Cash,Regular
SAL20250054532,2025-06-27,STR026,PRD01140,1,5750.16,0.0,5750.16,3316.46,UPI,Regular
SAL20250054533,2025-06-14,STR038,PRD00800,2,478.19,0.0,956.38,649.18,UPI,Regular
SAL20250054534,2025-06-04,STR003,PRD00285,1,1499.26,0.0,1499.26,768.76,Credit Card,Premium
SAL20250054535,2025-06-27,STR041,PRD00120,1,22170.49,0.1,19953.44,16305.22,Credit Card,Premium
SAL20250054536,2025-06-29,STR037,PRD00692,2,1997.13,0.0,3994.26,2891.8,UPI,Regular
SAL20250054537,2025-06-11,STR013,PRD00047,1,27210.89,0.0,27210.89,17922.95,UPI,Regular
SAL20250054538,2025-06-15,STR001,PRD00580,5,372.59,0.0,1862.95,1056.5,Net Banking,Regular
SAL20250054539,2025-06-13,STR010,PRD00259,1,1699.09,0.0,1699.09,1233.0,UPI,Regular
SAL20250054540,2025-06-16,STR041,PRD00126,2,8140.39,0.0,16280.78,12262.64,Debit Card,Premium
SAL20250054541,2025-06-24,STR040,PRD00368,2,927.52,0.0,1855.04,1175.86,Credit Card,Regular
SAL20250054542,2025-06-03,STR003,PRD00295,1,1024.45,0.0,1024.45,568.49,UPI,Walk-in
SAL20250054543,2025-06-06,STR019,PRD00688,1,2802.62,0.0,2802.62,2088.84,UPI,Regular
SAL20250054544,2025-06-29,STR039,PRD01104,1,7758.33,0.0,7758.33,3488.36,Credit Card,Regular
SAL20250054545,2025-06-26,STR014,PRD00707,4,2433.38,0.1,8760.17,6506.88,Debit Card,Walk-in
SAL20250054546,2025-06-12,STR002,PRD00895,1,472.54,0.0,472.54,297.4,Debit Card,Premium
SAL20250054547,2025-06-15,STR009,PRD00092,1,6575.52,0.0,6575.52,4677.68,UPI,Regular
SAL20250054548,2025-06-13,STR002,PRD01017,2,1092.19,0.0,2184.38,1183.38,UPI,Walk-in
SAL20250054549,2025-06-16,STR038,PRD01037,3,431.13,0.0,1293.39,696.57,Cash,Premium
SAL20250054550,2025-06-01,STR039,PRD00084,1,11056.09,0.0,11056.09,8293.77,UPI,Corporate
SAL20250054551,2025-06-25,STR012,PRD00388,4,522.1,0.0,2088.4,1025.96,Credit Card,Regular
SAL20250054552,2025-06-30,STR009,PRD00560,2,314.33,0.05,597.23,437.58,Debit Card,Walk-in
SAL20250054553,2025-06-17,STR035,PRD00393,1,526.25,0.0,526.25,344.18,Net Banking,Walk-in
SAL20250054554,2025-06-04,STR028,PRD00252,1,10910.07,0.0,10910.07,7523.25,UPI,Corporate
SAL20250054555,2025-06-29,STR041,PRD00303,1,674.18,0.0,674.18,362.28,UPI,Premium
SAL20250054556,2025-06-05,STR019,PRD00975,2,912.31,0.0,1824.62,1197.0,UPI,Premium
SAL20250054557,2025-06-11,STR034,PRD00159,1,4881.58,0.0,4881.58,3676.52,UPI,Regular
SAL20250054558,2025-06-06,STR019,PRD00082,1,9499.68,0.0,9499.68,6552.44,Net Banking,Regular
SAL20250054559,2025-06-12,STR022,PRD00417,6,788.29,0.0,4729.74,3970.26,Net Banking,Regular
SAL20250054560,2025-06-26,STR032,PRD00425,6,878.01,0.05,5004.66,4185.06,Debit Card,Regular
SAL20250054561,2025-06-17,STR007,PRD00698,2,1659.66,0.0,3319.32,2189.18,Credit Card,Regular
SAL20250054562,2025-06-18,STR011,PRD00596,4,666.12,0.0,2664.48,1591.64,UPI,Regular
SAL20250054563,2025-06-29,STR031,PRD01076,1,4373.35,0.0,4373.35,2595.55,Cash,Regular
SAL20250054564,2025-06-28,STR003,PRD00108,1,22607.14,0.0,22607.14,15802.22,Debit Card,Regular
SAL20250054565,2025-06-24,STR032,PRD00424,10,428.73,0.0,4287.3,3772.4,Credit Card,Premium
SAL20250054566,2025-06-19,STR030,PRD00670,1,3171.53,0.0,3171.53,1914.92,UPI,Regular
SAL20250054567,2025-06-27,STR031,PRD00419,2,950.16,0.0,1900.32,1527.84,Cash,Regular
SAL20250054568,2025-06-20,STR038,PRD01144,2,2397.7,0.1,4315.86,2852.04,Credit Card,Regular
SAL20250054569,2025-06-19,STR039,PRD01064,2,155.0,0.0,310.0,157.26,UPI,Regular
SAL20250054570,2025-06-03,STR013,PRD00161,3,9190.04,0.0,27570.12,21045.84,Debit Card,Walk-in
SAL20250054571,2025-06-28,STR005,PRD00140,1,6378.06,0.0,6378.06,4851.7,Credit Card,Walk-in
SAL20250054572,2025-06-22,STR020,PRD00902,2,258.19,0.0,516.38,308.14,Credit Card,Regular
SAL20250054573,2025-06-23,STR037,PRD00104,2,21587.41,0.0,43174.82,35165.66,UPI,Walk-in
SAL20250054574,2025-06-16,STR001,PRD00344,1,702.67,0.05,667.54,433.6,UPI,Premium
SAL20250054575,2025-06-16,STR026,PRD00032,1,19217.6,0.0,19217.6,14800.0,UPI,Premium
SAL20250054576,2025-06-15,STR025,PRD00325,1,1273.47,0.0,1273.47,587.01,UPI,Regular
SAL20250054577,2025-06-11,STR016,PRD00023,1,6541.47,0.0,6541.47,4428.32,Net Banking,Corporate
SAL20250054578,2025-06-01,STR026,PRD00070,2,15101.4,0.0,30202.8,22076.02,UPI,Premium
SAL20250054579,2025-06-01,STR013,PRD00560,3,314.33,0.0,942.99,656.37,UPI,Corporate
SAL20250054580,2025-06-14,STR001,PRD00921,1,3248.47,0.05,3086.05,1833.94,Cash,Regular
SAL20250054581,2025-06-12,STR017,PRD00083,1,9369.31,0.0,9369.31,6462.27,UPI,Regular
SAL20250054582,2025-06-24,STR026,PRD01116,3,792.37,0.0,2377.11,1188.96,Debit Card,Regular
SAL20250054583,2025-06-10,STR026,PRD01068,1,5954.4,0.0,5954.4,3495.2,UPI,Walk-in
SAL20250054584,2025-06-07,STR027,PRD00915,3,703.59,0.0,2110.77,1389.45,UPI,Walk-in
SAL20250054585,2025-06-20,STR022,PRD00330,1,275.94,0.0,275.94,168.86,UPI,Walk-in
SAL20250054586,2025-06-18,STR010,PRD00532,1,1039.03,0.0,1039.03,808.86,UPI,Premium
SAL20250054587,2025-06-03,STR030,PRD00786,4,2271.94,0.0,9087.76,6133.96,Cash,Walk-in
SAL20250054588,2025-06-15,STR016,PRD00782,1,3353.32,0.0,3353.32,1957.52,Debit Card,Walk-in
SAL20250054589,2025-06-03,STR020,PRD00907,2,1536.02,0.0,3072.04,1953.74,Credit Card,Walk-in
SAL20250054590,2025-06-04,STR029,PRD00732,1,4150.55,0.1,3735.5,2648.51,Debit Card,Regular
SAL20250054591,2025-06-07,STR002,PRD01083,1,8991.53,0.0,8991.53,3921.72,Credit Card,Regular
SAL20250054592,2025-06-16,STR005,PRD00508,1,125.21,0.0,125.21,109.93,Credit Card,Regular
SAL20250054593,2025-06-06,STR016,PRD00852,1,1751.61,0.0,1751.61,1214.84,Credit Card,Regular
SAL20250054594,2025-06-13,STR026,PRD00190,1,12169.57,0.0,12169.57,7955.32,UPI,Corporate
SAL20250054595,2025-06-28,STR012,PRD01158,3,7747.18,0.0,23241.54,12531.84,Debit Card,Regular
SAL20250054596,2025-06-27,STR037,PRD01101,1,4929.57,0.05,4683.09,2668.17,UPI,Premium
SAL20250054597,2025-06-21,STR039,PRD00880,1,430.21,0.0,430.21,293.94,UPI,Walk-in
SAL20250054598,2025-06-18,STR009,PRD01012,4,896.48,0.0,3585.92,2330.32,Credit Card,Regular
SAL20250054599,2025-06-20,STR003,PRD00156,1,1591.76,0.05,1512.17,1231.95,UPI,Corporate
SAL20250054600,2025-06-26,STR038,PRD00492,2,431.72,0.0,863.44,724.08,Debit Card,Premium
SAL20250054601,2025-06-27,STR034,PRD01086,3,5541.98,0.1,14963.35,9667.26,Cash,Regular
SAL20250054602,2025-06-29,STR006,PRD00335,1,1156.98,0.0,1156.98,622.56,UPI,Walk-in
SAL20250054603,2025-06-24,STR022,PRD00641,1,499.93,0.0,499.93,333.12,Credit Card,Walk-in
SAL20250054604,2025-06-30,STR019,PRD01136,1,7702.34,0.05,7317.22,4125.05,UPI,Walk-in
SAL20250054605,2025-06-18,STR028,PRD00720,3,3749.56,0.0,11248.68,6314.85,UPI,Corporate
SAL20250054606,2025-06-17,STR004,PRD00087,1,23253.22,0.0,23253.22,15702.94,Debit Card,Walk-in
SAL20250054607,2025-06-14,STR031,PRD01126,1,2931.04,0.0,2931.04,1651.37,UPI,Walk-in
SAL20250054608,2025-06-01,STR031,PRD00015,1,3619.87,0.0,3619.87,2931.59,Credit Card,Walk-in
SAL20250054609,2025-06-19,STR017,PRD01136,1,7702.34,0.0,7702.34,4125.05,UPI,Corporate
SAL20250054610,2025-06-19,STR031,PRD00226,1,3456.4,0.1,3110.76,2122.01,UPI,Regular
SAL20250054611,2025-06-03,STR007,PRD01011,2,265.01,0.0,530.02,299.38,Cash,Premium
SAL20250054612,2025-06-23,STR023,PRD00096,1,1587.91,0.0,1587.91,1154.69,UPI,Premium
SAL20250054613,2025-06-12,STR023,PRD00379,1,660.61,0.0,660.61,460.66,Credit Card,Regular
SAL20250054614,2025-06-02,STR041,PRD00931,2,1839.81,0.0,3679.62,2493.76,UPI,Walk-in
SAL20250054615,2025-06-15,STR039,PRD00842,1,1322.87,0.0,1322.87,956.88,Cash,Premium
SAL20250054616,2025-06-23,STR032,PRD00566,3,655.12,0.0,1965.36,1269.36,Credit Card,Regular
SAL20250054617,2025-06-11,STR037,PRD00049,1,4540.51,0.1,4086.46,3028.11,UPI,Walk-in
SAL20250054618,2025-06-19,STR041,PRD00772,1,988.94,0.0,988.94,659.49,Net Banking,Regular
SAL20250054619,2025-06-18,STR029,PRD01054,1,256.04,0.0,256.04,167.96,Credit Card,Regular
SAL20250054620,2025-06-25,STR016,PRD00237,2,9971.54,0.0,19943.08,12926.24,UPI,Walk-in
SAL20250054621,2025-06-06,STR020,PRD01174,1,4967.43,0.0,4967.43,2664.97,Credit Card,Regular
SAL20250054622,2025-06-03,STR004,PRD01075,1,6164.63,0.0,6164.63,3178.28,Cash,Regular
SAL20250054623,2025-06-02,STR016,PRD00023,1,6541.47,0.05,6214.4,4428.32,Debit Card,Corporate
SAL20250054624,2025-06-06,STR014,PRD00236,2,5591.1,0.0,11182.2,7979.56,UPI,Walk-in
SAL20250054625,2025-06-10,STR004,PRD00601,3,50.1,0.0,150.3,92.46,Cash,Premium
SAL20250054626,2025-06-16,STR032,PRD00718,2,2341.08,0.0,4682.16,3351.98,Credit Card,Corporate
SAL20250054627,2025-06-19,STR028,PRD01118,2,5734.69,0.0,11469.38,6742.2,UPI,Walk-in
SAL20250054628,2025-06-03,STR019,PRD00560,3,314.33,0.0,942.99,656.37,UPI,Walk-in
SAL20250054629,2025-06-24,STR040,PRD01080,1,1721.88,0.0,1721.88,771.73,UPI,Walk-in
SAL20250054630,2025-06-30,STR030,PRD00254,1,11020.14,0.0,11020.14,6776.21,Credit Card,Regular
SAL20250054631,2025-06-29,STR036,PRD00032,1,19217.6,0.0,19217.6,14800.0,Cash,Regular
SAL20250054632,2025-06-28,STR024,PRD00183,1,6835.62,0.0,6835.62,4488.56,Cash,Walk-in
SAL20250054633,2025-06-11,STR014,PRD00792,3,5089.33,0.0,15267.99,8776.02,Debit Card,Regular
SAL20250054634,2025-06-15,STR036,PRD00691,1,1815.13,0.05,1724.37,1149.93,Credit Card,Premium
SAL20250054635,2025-06-28,STR014,PRD01075,2,6164.63,0.0,12329.26,6356.56,Credit Card,Corporate
SAL20250054636,2025-06-01,STR041,PRD00930,1,4102.13,0.0,4102.13,2365.34,Debit Card,Corporate
SAL20250054637,2025-06-21,STR002,PRD00727,1,737.62,0.0,737.62,442.28,UPI,Regular
SAL20250054638,2025-06-26,STR009,PRD01132,1,7393.47,0.0,7393.47,3891.12,Debit Card,Regular
SAL20250054639,2025-06-01,STR020,PRD00481,3,391.79,0.1,1057.83,950.28,Cash,Walk-in
SAL20250054640,2025-06-20,STR001,PRD00578,4,577.23,0.1,2078.03,1691.24,Credit Card,Walk-in
SAL20250054641,2025-06-23,STR007,PRD00128,1,13672.72,0.1,12305.45,8963.81,UPI,Premium
SAL20250054642,2025-06-21,STR023,PRD00348,4,1231.54,0.0,4926.16,2776.24,UPI,Premium
SAL20250054643,2025-06-30,STR024,PRD00561,3,111.53,0.0,334.59,226.47,UPI,Regular
SAL20250054644,2025-06-11,STR026,PRD00054,1,16291.52,0.0,16291.52,11840.34,Net Banking,Regular
SAL20250054645,2025-06-03,STR022,PRD00877,1,1728.24,0.0,1728.24,1211.91,UPI,Regular
SAL20250054646,2025-06-10,STR010,PRD00041,1,19732.0,0.0,19732.0,14953.27,Debit Card,Regular
SAL20250054647,2025-06-02,STR006,PRD00709,3,232.93,0.0,698.79,459.15,UPI,Regular
SAL20250054648,2025-06-03,STR001,PRD00430,1,129.33,0.0,129.33,108.7,UPI,Regular
SAL20250054649,2025-06-01,STR008,PRD01199,2,6549.57,0.05,12444.18,6793.3,UPI,Regular
SAL20250054650,2025-06-27,STR004,PRD00606,2,516.03,0.0,1032.06,617.14,Cash,Regular
SAL20250054651,2025-06-15,STR003,PRD00305,3,1134.36,0.0,3403.08,1845.9,Debit Card,Regular
SAL20250054652,2025-06-02,STR025,PRD00202,2,1209.84,0.0,2419.68,1730.98,Cash,Walk-in
SAL20250054653,2025-06-13,STR010,PRD00636,4,685.82,0.0,2743.28,1809.76,Net Banking,Walk-in
SAL20250054654,2025-06-30,STR030,PRD00154,1,614.66,0.0,614.66,476.92,Credit Card,Regular
SAL20250054655,2025-06-10,STR003,PRD00619,1,215.37,0.0,215.37,139.33,Credit Card,Corporate
SAL20250054656,2025-06-04,STR035,PRD01002,1,98.3,0.0,98.3,55.69,UPI,Regular
SAL20250054657,2025-06-28,STR036,PRD00335,2,1156.98,0.05,2198.26,1245.12,Debit Card,Walk-in
SAL20250054658,2025-06-18,STR027,PRD00683,2,794.15,0.05,1508.88,1188.06,Cash,Regular
SAL20250054659,2025-06-16,STR023,PRD00190,1,12169.57,0.0,12169.57,7955.32,Credit Card,Regular
SAL20250054660,2025-06-14,STR010,PRD00494,2,893.47,0.0,1786.94,1365.46,Credit Card,Walk-in
SAL20250054661,2025-06-10,STR017,PRD00073,1,23649.92,0.0,23649.92,17123.4,UPI,Premium
SAL20250054662,2025-06-05,STR036,PRD00107,1,4985.79,0.05,4736.5,3483.71,Debit Card,Walk-in
SAL20250054663,2025-06-29,STR012,PRD01160,1,7696.75,0.0,7696.75,3490.84,UPI,Walk-in
SAL20250054664,2025-06-19,STR033,PRD01035,1,199.19,0.1,179.27,125.07,Cash,Regular
SAL20250054665,2025-06-24,STR031,PRD01199,1,6549.57,0.0,6549.57,3396.65,Debit Card,Premium
SAL20250054666,2025-06-17,STR004,PRD00788,1,3329.23,0.05,3162.77,2105.2,UPI,Walk-in
SAL20250054667,2025-06-22,STR041,PRD00394,3,327.5,0.1,884.25,655.53,UPI,Walk-in
SAL20250054668,2025-06-23,STR024,PRD00436,1,630.05,0.0,630.05,507.7,UPI,Corporate
SAL20250054669,2025-06-27,STR031,PRD00012,1,5255.98,0.0,5255.98,4121.35,Credit Card,Walk-in
SAL20250054670,2025-06-10,STR002,PRD00966,4,814.75,0.0,3259.0,2105.8,Debit Card,Regular
SAL20250054671,2025-06-26,STR024,PRD00266,1,13058.2,0.0,13058.2,8085.89,UPI,Regular
SAL20250054672,2025-06-09,STR012,PRD00756,1,3090.95,0.0,3090.95,2208.4,UPI,Walk-in
SAL20250054673,2025-06-01,STR036,PRD00270,2,1213.51,0.0,2427.02,1538.12,Credit Card,Premium
SAL20250054674,2025-06-20,STR031,PRD00304,1,1052.14,0.0,1052.14,723.81,UPI,Walk-in
SAL20250054675,2025-06-07,STR006,PRD00544,3,114.7,0.0,344.1,248.22,UPI,Walk-in
SAL20250054676,2025-06-13,STR041,PRD00736,1,1942.77,0.0,1942.77,1241.55,Cash,Regular
SAL20250054677,2025-06-18,STR014,PRD00790,2,1379.35,0.0,2758.7,1805.44,UPI,Walk-in
SAL20250054678,2025-06-22,STR027,PRD00207,1,9083.73,0.0,9083.73,6742.14,Net Banking,Walk-in
SAL20250054679,2025-06-30,STR021,PRD00259,1,1699.09,0.1,1529.18,1233.0,Cash,Walk-in
SAL20250054680,2025-06-15,STR007,PRD01151,3,7065.61,0.0,21196.83,10123.08,Credit Card,Regular
SAL20250054681,2025-06-22,STR033,PRD00668,1,302.1,0.0,302.1,216.54,Net Banking,Regular
SAL20250054682,2025-06-09,STR039,PRD00531,1,217.65,0.0,217.65,182.2,UPI,Regular
SAL20250054683,2025-06-24,STR035,PRD00448,2,612.68,0.0,1225.36,1037.12,UPI,Premium
SAL20250054684,2025-06-01,STR022,PRD00804,3,782.93,0.0,2348.79,1694.34,UPI,Corporate
SAL20250054685,2025-06-24,STR006,PRD00994,3,1224.56,0.0,3673.68,1899.57,Debit Card,Walk-in
SAL20250054686,2025-06-29,STR004,PRD00302,2,486.18,0.0,972.36,450.18,UPI,Regular
SAL20250054687,2025-06-16,STR010,PRD00138,1,3460.02,0.0,3460.02,2661.97,UPI,Regular
SAL20250054688,2025-06-04,STR006,PRD00002,1,1289.58,0.0,1289.58,870.9,UPI,Corporate
SAL20250054689,2025-06-12,STR031,PRD00706,1,3862.25,0.05,3669.14,2444.01,Credit Card,Regular
SAL20250054690,2025-06-22,STR016,PRD00923,1,3811.45,0.0,3811.45,2262.33,UPI,Regular
SAL20250054691,2025-06-17,STR012,PRD00543,4,579.45,0.0,2317.8,1700.92,Credit Card,Walk-in
SAL20250054692,2025-06-02,STR018,PRD00660,1,324.23,0.0,324.23,238.04,UPI,Walk-in
SAL20250054693,2025-06-05,STR030,PRD00514,2,1177.91,0.05,2238.03,1828.66,Credit Card,Walk-in
SAL20250054694,2025-06-27,STR009,PRD00713,2,4061.86,0.0,8123.72,5875.52,Debit Card,Walk-in
SAL20250054695,2025-06-07,STR023,PRD01058,2,211.57,0.0,423.14,290.04,Net Banking,Regular
SAL20250054696,2025-06-12,STR024,PRD00260,1,8853.62,0.1,7968.26,5607.87,Credit Card,Regular
SAL20250054697,2025-06-20,STR013,PRD00842,1,1322.87,0.0,1322.87,956.88,UPI,Regular
SAL20250054698,2025-06-05,STR030,PRD00056,1,11452.31,0.0,11452.31,8581.01,Cash,Regular
SAL20250054699,2025-06-05,STR001,PRD01200,1,1804.12,0.0,1804.12,865.8,Credit Card,Premium
SAL20250054700,2025-06-11,STR033,PRD00531,3,217.65,0.0,652.95,546.6,Credit Card,Regular
SAL20250054701,2025-06-16,STR025,PRD00393,1,526.25,0.0,526.25,344.18,Cash,Regular
SAL20250054702,2025-06-21,STR001,PRD00771,4,2601.02,0.1,9363.67,5744.52,Credit Card,Corporate
SAL20250054703,2025-06-08,STR012,PRD00261,1,8333.44,0.0,8333.44,5118.51,Debit Card,Regular
SAL20250054704,2025-06-11,STR036,PRD00432,1,845.55,0.0,845.55,647.04,UPI,Regular
SAL20250054705,2025-06-22,STR028,PRD00984,1,34.1,0.1,30.69,20.02,Credit Card,Walk-in
SAL20250054706,2025-06-25,STR001,PRD00398,1,358.79,0.05,340.85,173.35,Credit Card,Premium
SAL20250054707,2025-06-15,STR010,PRD01046,1,946.12,0.0,946.12,526.29,UPI,Regular
SAL20250054708,2025-06-22,STR013,PRD00541,10,685.8,0.0,6858.0,4055.7,UPI,Regular
SAL20250054709,2025-06-14,STR037,PRD00882,1,3706.7,0.0,3706.7,2187.93,Credit Card,Premium
SAL20250054710,2025-06-13,STR030,PRD00148,1,6813.06,0.0,6813.06,4694.28,UPI,Walk-in
SAL20250054711,2025-06-02,STR037,PRD00769,2,1757.79,0.05,3339.8,2484.34,Cash,Premium
SAL20250054712,2025-06-19,STR041,PRD00820,1,2007.6,0.1,1806.84,1177.18,UPI,Walk-in
SAL20250054713,2025-06-03,STR032,PRD01165,2,6335.51,0.0,12671.02,6057.38,Credit Card,Walk-in
SAL20250054714,2025-06-15,STR007,PRD00484,1,678.16,0.0,678.16,567.54,Credit Card,Regular
SAL20250054715,2025-06-18,STR034,PRD00722,1,2039.88,0.0,2039.88,1170.85,UPI,Regular
SAL20250054716,2025-06-25,STR015,PRD00913,1,3252.33,0.0,3252.33,2160.5,UPI,Regular
SAL20250054717,2025-06-23,STR013,PRD00496,4,1047.75,0.0,4191.0,3609.76,UPI,Walk-in
SAL20250054718,2025-06-07,STR028,PRD00909,1,1266.46,0.0,1266.46,869.48,Credit Card,Walk-in
SAL20250054719,2025-06-04,STR041,PRD00608,2,314.95,0.0,629.9,468.28,UPI,Walk-in
SAL20250054720,2025-06-15,STR012,PRD00129,1,19597.62,0.05,18617.74,15263.15,UPI,Walk-in
SAL20250054721,2025-06-01,STR011,PRD00730,2,3497.66,0.0,6995.32,5161.86,Credit Card,Regular
SAL20250054722,2025-06-26,STR024,PRD00250,1,3877.74,0.0,3877.74,2737.07,Debit Card,Premium
SAL20250054723,2025-06-26,STR022,PRD00322,1,839.74,0.05,797.75,587.36,UPI,Regular
SAL20250054724,2025-06-23,STR032,PRD00419,1,950.16,0.0,950.16,763.92,Net Banking,Corporate
SAL20250054725,2025-06-07,STR010,PRD00082,1,9499.68,0.0,9499.68,6552.44,UPI,Corporate
SAL20250054726,2025-06-14,STR034,PRD00569,4,219.4,0.0,877.6,573.2,UPI,Walk-in
SAL20250054727,2025-06-13,STR010,PRD00814,1,3265.17,0.0,3265.17,1889.37,UPI,Regular
SAL20250054728,2025-06-29,STR009,PRD00416,10,833.51,0.0,8335.1,6917.9,UPI,Regular
SAL20250054729,2025-06-18,STR032,PRD00264,1,4452.38,0.0,4452.38,3172.04,Cash,Regular
SAL20250054730,2025-06-08,STR010,PRD00140,1,6378.06,0.0,6378.06,4851.7,UPI,Regular
SAL20250054731,2025-06-16,STR030,PRD00260,1,8853.62,0.0,8853.62,5607.87,Debit Card,Walk-in
SAL20250054732,2025-06-07,STR008,PRD00640,5,209.4,0.1,942.3,587.15,Cash,Premium
SAL20250054733,2025-06-24,STR019,PRD01023,1,241.67,0.1,217.5,133.28,UPI,Walk-in
SAL20250054734,2025-06-03,STR030,PRD00294,4,1047.83,0.0,4191.32,2612.16,Credit Card,Premium
SAL20250054735,2025-06-27,STR006,PRD00718,1,2341.08,0.0,2341.08,1675.99,UPI,Corporate
SAL20250054736,2025-06-04,STR004,PRD00710,1,4042.5,0.0,4042.5,2223.99,UPI,Regular
SAL20250054737,2025-06-08,STR006,PRD00525,1,76.55,0.0,76.55,66.45,Credit Card,Regular
SAL20250054738,2025-06-29,STR018,PRD00079,3,19037.37,0.0,57112.11,40457.31,Credit Card,Regular
SAL20250054739,2025-06-23,STR028,PRD01063,1,747.32,0.0,747.32,488.39,Credit Card,Walk-in
SAL20250054740,2025-06-28,STR041,PRD00984,1,34.1,0.0,34.1,20.02,Net Banking,Premium
SAL20250054741,2025-06-18,STR002,PRD00634,2,509.03,0.0,1018.06,597.92,Credit Card,Regular
SAL20250054742,2025-06-28,STR022,PRD00791,1,855.75,0.05,812.96,599.47,Debit Card,Regular
SAL20250054743,2025-06-30,STR022,PRD00595,4,524.85,0.0,2099.4,1458.08,Credit Card,Walk-in
SAL20250054744,2025-06-08,STR034,PRD01073,1,4074.99,0.0,4074.99,2440.45,Debit Card,Walk-in
SAL20250054745,2025-06-09,STR014,PRD00433,1,1065.88,0.0,1065.88,861.75,Debit Card,Walk-in
SAL20250054746,2025-06-12,STR028,PRD00242,1,3336.56,0.05,3169.73,2557.66,Cash,Regular
SAL20250054747,2025-06-07,STR016,PRD00971,2,604.86,0.0,1209.72,613.34,UPI,Regular
SAL20250054748,2025-06-21,STR031,PRD00483,1,634.79,0.0,634.79,530.96,Debit Card,Walk-in
SAL20250054749,2025-06-23,STR039,PRD01110,1,1048.97,0.0,1048.97,581.11,UPI,Walk-in
SAL20250054750,2025-06-15,STR013,PRD00771,2,2601.02,0.1,4681.84,2872.26,Debit Card,Corporate
SAL20250054751,2025-06-20,STR032,PRD00548,3,172.01,0.0,516.03,361.08,Cash,Premium
SAL20250054752,2025-06-21,STR038,PRD00748,1,2656.98,0.0,2656.98,1815.38,Debit Card,Regular
SAL20250054753,2025-06-23,STR009,PRD01093,1,4476.19,0.0,4476.19,2887.02,UPI,Regular
SAL20250054754,2025-06-14,STR001,PRD00095,1,18324.65,0.0,18324.65,13913.8,Credit Card,Premium
SAL20250054755,2025-06-23,STR003,PRD01005,2,682.39,0.0,1364.78,951.4,Credit Card,Premium
SAL20250054756,2025-06-07,STR015,PRD00399,2,1354.99,0.0,2709.98,1294.26,Credit Card,Premium
SAL20250054757,2025-06-06,STR010,PRD00064,1,2458.4,0.0,2458.4,1830.7,Debit Card,Premium
SAL20250054758,2025-06-26,STR004,PRD00163,1,12710.38,0.1,11439.34,7712.99,UPI,Premium
SAL20250054759,2025-06-23,STR014,PRD00856,1,1871.17,0.0,1871.17,1212.57,Credit Card,Premium
SAL20250054760,2025-06-03,STR008,PRD00132,1,22943.8,0.0,22943.8,17725.67,UPI,Regular
SAL20250054761,2025-06-16,STR012,PRD00840,1,2736.67,0.05,2599.84,1682.08,Debit Card,Premium
SAL20250054762,2025-06-28,STR030,PRD00431,1,614.87,0.0,614.87,521.2,UPI,Walk-in
SAL20250054763,2025-06-13,STR005,PRD00321,1,1442.95,0.0,1442.95,715.49,UPI,Walk-in
SAL20250054764,2025-06-18,STR006,PRD00592,1,365.4,0.05,347.13,218.29,UPI,Regular
SAL20250054765,2025-06-16,STR017,PRD00065,1,10562.87,0.0,10562.87,8152.93,Credit Card,Regular
SAL20250054766,2025-06-02,STR017,PRD00620,10,556.49,0.0,5564.9,3256.7,Cash,Walk-in
SAL20250054767,2025-06-04,STR040,PRD00468,2,180.53,0.0,361.06,296.64,Debit Card,Premium
SAL20250054768,2025-06-29,STR021,PRD00599,2,273.52,0.0,547.04,378.74,UPI,Regular
SAL20250054769,2025-06-15,STR013,PRD01032,4,117.65,0.0,470.6,280.8,Cash,Regular
SAL20250054770,2025-06-07,STR009,PRD00489,1,850.74,0.0,850.74,690.88,Cash,Walk-in
SAL20250054771,2025-06-10,STR028,PRD00982,1,104.72,0.0,104.72,58.34,Cash,Premium
SAL20250054772,2025-06-01,STR041,PRD00677,1,1193.37,0.0,1193.37,833.49,UPI,Premium
SAL20250054773,2025-06-02,STR011,PRD00866,2,1023.05,0.0,2046.1,1244.74,Credit Card,Regular
SAL20250054774,2025-06-11,STR008,PRD00706,1,3862.25,0.0,3862.25,2444.01,UPI,Regular
SAL20250054775,2025-06-29,STR022,PRD00022,1,22149.39,0.0,22149.39,16337.37,Cash,Premium
SAL20250054776,2025-06-08,STR022,PRD00295,1,1024.45,0.0,1024.45,568.49,UPI,Walk-in
SAL20250054777,2025-06-28,STR008,PRD00964,2,842.84,0.0,1685.68,1150.38,Cash,Premium
SAL20250054778,2025-06-27,STR018,PRD00059,1,15692.67,0.0,15692.67,12269.76,UPI,Walk-in
SAL20250054779,2025-06-03,STR006,PRD01143,2,5565.18,0.05,10573.84,6314.64,Debit Card,Regular
SAL20250054780,2025-06-27,STR028,PRD01193,1,1712.13,0.0,1712.13,1034.91,Net Banking,Walk-in
SAL20250054781,2025-06-14,STR010,PRD00641,6,499.93,0.0,2999.58,1998.72,Credit Card,Regular
SAL20250054782,2025-06-25,STR039,PRD00913,2,3252.33,0.05,6179.43,4321.0,UPI,Regular
SAL20250054783,2025-06-06,STR023,PRD00791,1,855.75,0.0,855.75,599.47,UPI,Regular
SAL20250054784,2025-06-08,STR018,PRD00972,3,1079.34,0.05,3076.12,1887.0,UPI,Regular
SAL20250054785,2025-06-15,STR034,PRD00776,2,1145.74,0.05,2176.91,1369.52,UPI,Regular
SAL20250054786,2025-06-01,STR039,PRD00056,1,11452.31,0.0,11452.31,8581.01,UPI,Regular
SAL20250054787,2025-06-26,STR009,PRD00375,2,650.42,0.0,1300.84,730.12,Net Banking,Walk-in
SAL20250054788,2025-06-23,STR013,PRD01159,1,3270.67,0.0,3270.67,1499.26,Cash,Regular
SAL20250054789,2025-06-02,STR012,PRD00308,2,373.95,0.0,747.9,521.14,Credit Card,Regular
SAL20250054790,2025-06-25,STR003,PRD00809,1,1418.3,0.1,1276.47,895.74,Debit Card,Corporate
SAL20250054791,2025-06-27,STR022,PRD00229,1,2013.93,0.0,2013.93,1348.9,Credit Card,Walk-in
SAL20250054792,2025-06-10,STR029,PRD00031,1,18632.2,0.0,18632.2,13903.81,UPI,Walk-in
SAL20250054793,2025-06-03,STR037,PRD00148,1,6813.06,0.0,6813.06,4694.28,UPI,Regular
SAL20250054794,2025-06-06,STR039,PRD00057,1,2490.08,0.0,2490.08,2005.73,UPI,Regular
SAL20250054795,2025-06-03,STR038,PRD00261,1,8333.44,0.0,8333.44,5118.51,Credit Card,Walk-in
SAL20250054796,2025-06-25,STR023,PRD00024,1,23723.95,0.1,21351.56,15500.24,UPI,Regular
SAL20250054797,2025-06-13,STR011,PRD00521,3,947.8,0.05,2701.23,2497.8,Credit Card,Premium
SAL20250054798,2025-06-16,STR001,PRD01062,1,925.26,0.05,879.0,543.06,Debit Card,Walk-in
SAL20250054799,2025-06-13,STR015,PRD00161,1,9190.04,0.0,9190.04,7015.28,Credit Card,Regular
SAL20250054800,2025-06-07,STR006,PRD01098,1,1920.11,0.0,1920.11,1122.86,Net Banking,Regular
SAL20250054801,2025-06-22,STR025,PRD00793,3,2445.38,0.0,7336.14,4216.23,Credit Card,Premium
SAL20250054802,2025-06-26,STR040,PRD00104,1,21587.41,0.05,20508.04,17582.83,Credit Card,Regular
SAL20250054803,2025-06-26,STR008,PRD00316,1,924.22,0.0,924.22,589.52,UPI,Regular
SAL20250054804,2025-06-12,STR020,PRD00561,1,111.53,0.0,111.53,75.49,UPI,Walk-in
SAL20250054805,2025-06-10,STR007,PRD00293,1,859.61,0.0,859.61,442.5,UPI,Regular
SAL20250054806,2025-06-11,STR027,PRD00788,3,3329.23,0.0,9987.69,6315.6,Cash,Regular
SAL20250054807,2025-06-05,STR011,PRD00610,1,637.82,0.0,637.82,413.73,Credit Card,Regular
SAL20250054808,2025-06-21,STR009,PRD00895,2,472.54,0.0,945.08,594.8,Cash,Regular
SAL20250054809,2025-06-18,STR035,PRD01041,2,954.2,0.0,1908.4,1065.62,UPI,Regular
SAL20250054810,2025-06-17,STR012,PRD00686,3,3692.38,0.05,10523.28,6341.49,Credit Card,Regular
SAL20250054811,2025-06-26,STR024,PRD00757,1,1608.8,0.0,1608.8,1037.87,UPI,Walk-in
SAL20250054812,2025-06-21,STR029,PRD00811,1,243.22,0.1,218.9,140.95,UPI,Regular
SAL20250054813,2025-06-14,STR022,PRD01014,2,1123.09,0.0,2246.18,1272.16,UPI,Premium
SAL20250054814,2025-06-12,STR020,PRD00546,1,854.43,0.0,854.43,473.9,Credit Card,Premium
SAL20250054815,2025-06-25,STR013,PRD00284,2,170.59,0.0,341.18,207.06,Cash,Walk-in
SAL20250054816,2025-06-28,STR039,PRD00069,1,11744.39,0.0,11744.39,7701.34,Credit Card,Walk-in
SAL20250054817,2025-06-04,STR029,PRD00098,1,13136.22,0.0,13136.22,10206.01,Credit Card,Walk-in
SAL20250054818,2025-06-28,STR039,PRD01061,3,1015.91,0.0,3047.73,1606.59,Credit Card,Regular
SAL20250054819,2025-06-15,STR002,PRD00834,1,1440.43,0.05,1368.41,915.49,Cash,Premium
SAL20250054820,2025-06-03,STR014,PRD00059,1,15692.67,0.0,15692.67,12269.76,UPI,Corporate
SAL20250054821,2025-06-29,STR010,PRD00087,1,23253.22,0.05,22090.56,15702.94,UPI,Regular
SAL20250054822,2025-06-10,STR013,PRD00404,3,695.46,0.1,1877.74,1813.14,Credit Card,Premium
SAL20250054823,2025-06-13,STR034,PRD00691,1,1815.13,0.0,1815.13,1149.93,Credit Card,Regular
SAL20250054824,2025-06-09,STR040,PRD01168,3,4286.69,0.0,12860.07,7422.12,Cash,Regular
SAL20250054825,2025-06-15,STR037,PRD00798,1,1720.26,0.0,1720.26,961.55,UPI,Premium
SAL20250054826,2025-06-22,STR028,PRD00819,2,2315.45,0.1,4167.81,3099.0,Credit Card,Regular
SAL20250054827,2025-06-13,STR014,PRD00634,2,509.03,0.0,1018.06,597.92,Credit Card,Corporate
SAL20250054828,2025-06-28,STR001,PRD00181,1,4428.73,0.0,4428.73,3239.36,UPI,Premium
SAL20250054829,2025-06-14,STR010,PRD00527,3,938.3,0.1,2533.41,2223.81,UPI,Walk-in
SAL20250054830,2025-06-01,STR025,PRD00722,1,2039.88,0.0,2039.88,1170.85,Credit Card,Walk-in
SAL20250054831,2025-06-05,STR012,PRD00004,1,18331.36,0.0,18331.36,14741.73,UPI,Regular
SAL20250054832,2025-06-23,STR019,PRD00145,1,2570.9,0.1,2313.81,1687.81,UPI,Regular
SAL20250054833,2025-06-14,STR018,PRD00426,3,496.18,0.0,1488.54,1247.61,Credit Card,Regular
SAL20250054834,2025-06-11,STR038,PRD00188,1,6172.58,0.0,6172.58,4027.57,UPI,Walk-in
SAL20250054835,2025-06-09,STR005,PRD00448,2,612.68,0.0,1225.36,1037.12,UPI,Walk-in
SAL20250054836,2025-06-15,STR008,PRD01013,1,214.89,0.0,214.89,148.24,Credit Card,Walk-in
SAL20250054837,2025-06-24,STR040,PRD00724,2,2856.14,0.0,5712.28,3188.82,Credit Card,Regular
SAL20250054838,2025-06-23,STR028,PRD00488,6,995.48,0.0,5972.88,5015.16,UPI,Walk-in
SAL20250054839,2025-06-12,STR018,PRD01136,2,7702.34,0.0,15404.68,8250.1,Credit Card,Regular
SAL20250054840,2025-06-05,STR034,PRD00728,4,5071.72,0.0,20286.88,12038.52,UPI,Regular
SAL20250054841,2025-06-23,STR020,PRD00946,1,937.06,0.0,937.06,525.58,Cash,Regular
SAL20250054842,2025-06-04,STR018,PRD00297,1,1248.97,0.1,1124.07,631.06,Credit Card,Regular
SAL20250054843,2025-06-30,STR018,PRD00340,1,956.64,0.0,956.64,556.08,Cash,Regular
SAL20250054844,2025-06-07,STR040,PRD01056,4,449.88,0.0,1799.52,1208.04,UPI,Walk-in
SAL20250054845,2025-06-26,STR041,PRD01123,2,3145.87,0.0,6291.74,3804.52,Credit Card,Regular
SAL20250054846,2025-06-26,STR007,PRD00221,1,9230.37,0.05,8768.85,5770.89,Debit Card,Regular
SAL20250054847,2025-06-24,STR008,PRD01164,1,2114.79,0.05,2009.05,1108.71,UPI,Regular
SAL20250054848,2025-06-26,STR016,PRD00979,2,62.69,0.0,125.38,74.86,Credit Card,Corporate
SAL20250054849,2025-06-30,STR012,PRD00996,1,577.22,0.0,577.22,329.39,UPI,Regular
SAL20250054850,2025-06-22,STR032,PRD00858,1,1066.62,0.0,1066.62,695.16,Debit Card,Regular
SAL20250054851,2025-06-22,STR009,PRD00205,1,2084.53,0.0,2084.53,1335.1,Credit Card,Regular
SAL20250054852,2025-06-25,STR018,PRD00151,3,5709.55,0.0,17128.65,11200.95,Credit Card,Regular
SAL20250054853,2025-06-06,STR002,PRD00052,1,1655.5,0.05,1572.72,1137.08,Cash,Regular
SAL20250054854,2025-06-22,STR004,PRD01053,6,481.32,0.05,2743.52,1876.68,Credit Card,Walk-in
SAL20250054855,2025-06-22,STR040,PRD00993,1,168.95,0.0,168.95,86.92,Debit Card,Premium
SAL20250054856,2025-06-10,STR017,PRD01126,2,2931.04,0.0,5862.08,3302.74,Debit Card,Walk-in
SAL20250054857,2025-06-18,STR023,PRD00894,4,2403.9,0.1,8654.04,6432.64,Debit Card,Walk-in
SAL20250054858,2025-06-06,STR026,PRD00235,1,11077.6,0.0,11077.6,6683.62,Cash,Regular
SAL20250054859,2025-06-05,STR030,PRD01115,1,4843.87,0.0,4843.87,2404.35,Cash,Regular
SAL20250054860,2025-06-17,STR016,PRD00164,2,7383.75,0.0,14767.5,9457.22,UPI,Regular
SAL20250054861,2025-06-10,STR036,PRD01052,2,462.25,0.0,924.5,646.0,UPI,Regular
SAL20250054862,2025-06-17,STR008,PRD00146,1,5953.14,0.0,5953.14,4155.91,Cash,Premium
SAL20250054863,2025-06-01,STR024,PRD01135,3,2481.4,0.1,6699.78,3779.22,Credit Card,Regular
SAL20250054864,2025-06-11,STR024,PRD01131,1,6280.13,0.05,5966.12,3425.53,UPI,Walk-in
SAL20250054865,2025-06-11,STR027,PRD00844,1,3943.03,0.1,3548.73,2224.57,UPI,Regular
SAL20250054866,2025-06-09,STR011,PRD00502,10,721.0,0.0,7210.0,6287.2,UPI,Regular
SAL20250054867,2025-06-17,STR029,PRD01160,2,7696.75,0.0,15393.5,6981.68,Debit Card,Regular
SAL20250054868,2025-06-19,STR010,PRD00489,1,850.74,0.0,850.74,690.88,Cash,Regular
SAL20250054869,2025-06-04,STR025,PRD00708,2,2849.79,0.0,5699.58,3766.3,UPI,Regular
SAL20250054870,2025-06-26,STR029,PRD00910,4,2302.88,0.0,9211.52,6318.76,Cash,Regular
SAL20250054871,2025-06-15,STR032,PRD00173,1,9167.15,0.0,9167.15,5751.32,UPI,Regular
SAL20250056989,2025-06-19,STR027,PRD00637,2,299.32,0.0,598.64,427.2,UPI,Regular
SAL20250054873,2025-06-03,STR002,PRD00330,1,275.94,0.0,275.94,168.86,UPI,Regular
SAL20250054874,2025-06-29,STR028,PRD00174,1,698.44,0.0,698.44,523.24,Credit Card,Regular
SAL20250054875,2025-06-07,STR015,PRD00843,3,1073.63,0.0,3220.89,2068.38,Credit Card,Regular
SAL20250054876,2025-06-14,STR008,PRD00492,4,431.72,0.05,1640.54,1448.16,Credit Card,Regular
SAL20250054877,2025-06-22,STR031,PRD00114,1,17643.2,0.0,17643.2,12306.0,Cash,Premium
SAL20250054878,2025-06-18,STR022,PRD00275,3,1560.95,0.0,4682.85,2543.7,UPI,Walk-in
SAL20250054879,2025-06-24,STR039,PRD00083,1,9369.31,0.0,9369.31,6462.27,Credit Card,Walk-in
SAL20250054880,2025-06-22,STR019,PRD00385,1,460.87,0.0,460.87,278.52,Credit Card,Regular
SAL20250054881,2025-06-06,STR003,PRD01145,1,3609.72,0.0,3609.72,2080.21,Credit Card,Premium
SAL20250054882,2025-06-03,STR003,PRD00796,1,462.4,0.1,416.16,329.9,Credit Card,Regular
SAL20250054883,2025-06-23,STR021,PRD00787,2,291.05,0.0,582.1,378.28,UPI,Walk-in
SAL20250054884,2025-06-09,STR006,PRD00152,1,8357.62,0.0,8357.62,5421.82,UPI,Regular
SAL20250054885,2025-06-28,STR019,PRD01000,2,495.66,0.0,991.32,691.74,UPI,Corporate
SAL20250054886,2025-06-24,STR018,PRD00133,1,10102.94,0.0,10102.94,6680.78,Credit Card,Regular
SAL20250054887,2025-06-30,STR013,PRD00476,2,645.16,0.0,1290.32,1086.36,Debit Card,Regular
SAL20250054888,2025-06-04,STR015,PRD00947,4,413.13,0.0,1652.52,832.08,UPI,Corporate
SAL20250054889,2025-06-06,STR005,PRD00400,3,920.96,0.0,2762.88,1654.44,UPI,Regular
SAL20250054890,2025-06-08,STR020,PRD00285,1,1499.26,0.0,1499.26,768.76,Credit Card,Regular
SAL20250054891,2025-06-07,STR037,PRD00829,3,2093.34,0.0,6280.02,4616.61,UPI,Premium
SAL20250054892,2025-06-28,STR004,PRD00659,6,294.97,0.0,1769.82,1313.04,UPI,Walk-in
SAL20250054893,2025-06-09,STR019,PRD00874,2,3195.38,0.0,6390.76,4664.96,Cash,Premium
SAL20250054894,2025-06-09,STR004,PRD00547,1,105.91,0.05,100.61,76.27,UPI,Premium
SAL20250054895,2025-06-23,STR035,PRD01000,3,495.66,0.0,1486.98,1037.61,Cash,Regular
SAL20250054896,2025-06-13,STR024,PRD01140,1,5750.16,0.0,5750.16,3316.46,UPI,Walk-in
SAL20250054897,2025-06-14,STR039,PRD00479,1,303.49,0.0,303.49,255.61,UPI,Regular
SAL20250054898,2025-06-14,STR014,PRD00206,2,10675.4,0.0,21350.8,13766.1,UPI,Walk-in
SAL20250054899,2025-06-29,STR008,PRD01104,3,7758.33,0.0,23274.99,10465.08,UPI,Regular
SAL20250054900,2025-06-09,STR030,PRD00923,1,3811.45,0.0,3811.45,2262.33,Credit Card,Regular
SAL20250054901,2025-06-03,STR011,PRD00272,1,610.52,0.0,610.52,344.72,UPI,Regular
SAL20250054902,2025-06-27,STR005,PRD00136,1,8242.41,0.05,7830.29,5641.21,UPI,Corporate
SAL20250054903,2025-06-13,STR020,PRD00250,1,3877.74,0.0,3877.74,2737.07,UPI,Regular
SAL20250054904,2025-06-12,STR027,PRD00659,5,294.97,0.0,1474.85,1094.2,Credit Card,Regular
SAL20250054905,2025-06-04,STR027,PRD00434,1,648.17,0.0,648.17,538.79,Credit Card,Regular
SAL20250054906,2025-06-13,STR020,PRD01037,2,431.13,0.0,862.26,464.38,Cash,Regular
SAL20250054907,2025-06-15,STR002,PRD00433,4,1065.88,0.0,4263.52,3447.0,Credit Card,Walk-in
SAL20250054908,2025-06-06,STR033,PRD01002,6,98.3,0.1,530.82,334.14,Credit Card,Regular
SAL20250054909,2025-06-16,STR037,PRD00833,1,1761.67,0.0,1761.67,979.92,UPI,Walk-in
SAL20250054910,2025-06-23,STR010,PRD01141,1,1387.21,0.0,1387.21,810.65,Debit Card,Regular
SAL20250054911,2025-06-29,STR013,PRD01009,1,52.33,0.05,49.71,29.39,UPI,Regular
SAL20250054912,2025-06-20,STR026,PRD00433,10,1065.88,0.0,10658.8,8617.5,Cash,Walk-in
SAL20250054913,2025-06-16,STR013,PRD00388,1,522.1,0.0,522.1,256.49,UPI,Walk-in
SAL20250054914,2025-06-29,STR015,PRD00246,1,1945.93,0.0,1945.93,1239.78,Debit Card,Corporate
SAL20250054915,2025-06-04,STR005,PRD00957,1,157.86,0.1,142.07,94.55,Cash,Regular
SAL20250054916,2025-06-17,STR010,PRD00798,1,1720.26,0.0,1720.26,961.55,UPI,Regular
SAL20250054917,2025-06-07,STR021,PRD00212,1,9559.41,0.0,9559.41,6260.97,Credit Card,Regular
SAL20250054918,2025-06-26,STR005,PRD00097,2,19452.93,0.0,38905.86,28875.72,UPI,Regular
SAL20250054919,2025-06-19,STR041,PRD00228,2,4421.9,0.0,8843.8,5964.62,Credit Card,Premium
SAL20250054920,2025-06-07,STR025,PRD00129,1,19597.62,0.0,19597.62,15263.15,Credit Card,Regular
SAL20250054921,2025-06-22,STR005,PRD00431,1,614.87,0.0,614.87,521.2,Net Banking,Regular
SAL20250054922,2025-06-19,STR017,PRD01003,1,278.9,0.0,278.9,146.32,Cash,Regular
SAL20250054923,2025-06-16,STR035,PRD00097,1,19452.93,0.05,18480.28,14437.86,UPI,Walk-in
SAL20250054924,2025-06-18,STR017,PRD00007,1,20090.22,0.0,20090.22,15462.2,UPI,Regular
SAL20250054925,2025-06-02,STR020,PRD00780,1,1384.22,0.0,1384.22,888.86,Credit Card,Regular
SAL20250054926,2025-06-18,STR025,PRD00648,1,715.75,0.05,679.96,457.27,UPI,Walk-in
SAL20250054927,2025-06-04,STR011,PRD00422,2,218.73,0.0,437.46,333.86,UPI,Walk-in
SAL20250054928,2025-06-25,STR015,PRD00983,1,1007.95,0.0,1007.95,583.88,UPI,Premium
SAL20250054929,2025-06-24,STR025,PRD01010,1,762.29,0.0,762.29,399.52,Debit Card,Walk-in
SAL20250054930,2025-06-13,STR040,PRD01036,1,177.81,0.0,177.81,125.17,UPI,Regular
SAL20250054931,2025-06-09,STR009,PRD00186,1,7826.08,0.0,7826.08,5124.89,UPI,Regular
SAL20250054932,2025-06-13,STR003,PRD00013,2,17378.5,0.0,34757.0,25724.18,Cash,Regular
SAL20250054933,2025-06-07,STR009,PRD00777,2,3515.65,0.0,7031.3,3883.56,Debit Card,Walk-in
SAL20250054934,2025-06-17,STR019,PRD00705,1,488.73,0.1,439.86,328.43,Credit Card,Premium
SAL20250054935,2025-06-12,STR034,PRD00643,10,345.09,0.0,3450.9,2176.0,UPI,Regular
SAL20250054936,2025-06-04,STR031,PRD00312,1,662.59,0.0,662.59,388.19,Net Banking,Walk-in
SAL20250054937,2025-06-10,STR029,PRD00610,1,637.82,0.1,574.04,413.73,UPI,Walk-in
SAL20250054938,2025-06-10,STR002,PRD00599,1,273.52,0.0,273.52,189.37,UPI,Regular
SAL20250054939,2025-06-03,STR027,PRD00724,1,2856.14,0.1,2570.53,1594.41,UPI,Walk-in
SAL20250054940,2025-06-10,STR035,PRD00869,2,3787.4,0.0,7574.8,4732.8,Debit Card,Regular
SAL20250054941,2025-06-28,STR001,PRD00908,1,2285.46,0.05,2171.19,1340.06,UPI,Regular
SAL20250054942,2025-06-22,STR002,PRD00469,1,499.21,0.0,499.21,389.45,Credit Card,Regular
SAL20250054943,2025-06-24,STR012,PRD00846,2,1551.36,0.0,3102.72,2204.46,UPI,Walk-in
SAL20250054944,2025-06-04,STR010,PRD00254,1,11020.14,0.0,11020.14,6776.21,UPI,Regular
SAL20250054945,2025-06-01,STR016,PRD00149,1,3024.83,0.0,3024.83,2041.86,UPI,Regular
SAL20250054946,2025-06-15,STR025,PRD01152,1,2969.91,0.0,2969.91,1378.7,Net Banking,Regular
SAL20250054947,2025-06-19,STR038,PRD00862,3,1883.72,0.0,5651.16,3427.62,Credit Card,Regular
SAL20250054948,2025-06-28,STR013,PRD00257,1,3131.42,0.0,3131.42,2145.77,UPI,Regular
SAL20250054949,2025-06-14,STR041,PRD00332,4,556.82,0.1,2004.55,1091.72,Debit Card,Walk-in
SAL20250054950,2025-06-24,STR023,PRD00408,3,1017.09,0.0,3051.27,2348.76,UPI,Premium
SAL20250054951,2025-06-11,STR039,PRD00113,1,16350.49,0.0,16350.49,11876.29,Debit Card,Walk-in
SAL20250054952,2025-06-14,STR036,PRD00795,3,965.34,0.05,2751.22,2064.06,Credit Card,Regular
SAL20250054953,2025-06-22,STR023,PRD00885,1,1948.54,0.0,1948.54,1253.39,UPI,Regular
SAL20250054954,2025-06-04,STR033,PRD00464,3,598.64,0.1,1616.33,1375.47,UPI,Premium
SAL20250054955,2025-06-21,STR031,PRD00675,1,1206.06,0.0,1206.06,758.43,Credit Card,Regular
SAL20250054956,2025-06-08,STR008,PRD00326,2,1442.32,0.0,2884.64,1362.86,Credit Card,Walk-in
SAL20250054957,2025-06-09,STR010,PRD00289,2,1047.34,0.0,2094.68,1214.0,UPI,Walk-in
SAL20250054958,2025-06-08,STR017,PRD01114,3,8827.06,0.1,23833.06,10720.02,UPI,Regular
SAL20250054959,2025-06-11,STR017,PRD00201,1,2838.89,0.0,2838.89,1889.59,Credit Card,Corporate
SAL20250054960,2025-06-09,STR026,PRD00638,1,188.95,0.0,188.95,115.21,UPI,Regular
SAL20250054961,2025-06-02,STR034,PRD00949,1,855.15,0.0,855.15,566.85,Credit Card,Walk-in
SAL20250054962,2025-06-03,STR004,PRD00203,1,6533.34,0.0,6533.34,4260.88,UPI,Regular
SAL20250054963,2025-06-21,STR001,PRD00900,2,3167.3,0.0,6334.6,3922.1,Credit Card,Regular
SAL20250054964,2025-06-14,STR006,PRD00566,1,655.12,0.0,655.12,423.12,Cash,Regular
SAL20250054965,2025-06-10,STR008,PRD00333,1,1043.83,0.05,991.64,554.4,UPI,Regular
SAL20250054966,2025-06-04,STR027,PRD01169,3,6625.23,0.0,19875.69,12004.23,UPI,Walk-in
SAL20250054967,2025-06-18,STR021,PRD00683,2,794.15,0.0,1588.3,1188.06,Cash,Regular
SAL20250054968,2025-06-29,STR002,PRD00585,6,401.86,0.0,2411.16,1737.9,UPI,Walk-in
SAL20250054969,2025-06-04,STR011,PRD00126,2,8140.39,0.0,16280.78,12262.64,Debit Card,Regular
SAL20250054970,2025-06-25,STR005,PRD00349,1,152.26,0.0,152.26,83.87,Debit Card,Regular
SAL20250054971,2025-06-22,STR006,PRD00438,3,638.02,0.1,1722.65,1460.67,Credit Card,Regular
SAL20250054972,2025-06-06,STR006,PRD00488,4,995.48,0.0,3981.92,3343.44,Cash,Walk-in
SAL20250054973,2025-06-24,STR037,PRD00365,2,693.15,0.0,1386.3,897.38,Debit Card,Walk-in
SAL20250054974,2025-06-01,STR034,PRD00338,3,1223.61,0.05,3487.29,2064.69,UPI,Walk-in
SAL20250054975,2025-06-04,STR037,PRD00715,1,2949.53,0.0,2949.53,1984.0,Net Banking,Regular
SAL20250054976,2025-06-11,STR021,PRD00411,1,779.25,0.1,701.33,631.85,Cash,Premium
SAL20250054977,2025-06-02,STR037,PRD00264,1,4452.38,0.0,4452.38,3172.04,Credit Card,Walk-in
SAL20250054978,2025-06-26,STR027,PRD00846,1,1551.36,0.0,1551.36,1102.23,Debit Card,Premium
SAL20250054979,2025-06-18,STR004,PRD00282,3,705.96,0.0,2117.88,1410.69,Credit Card,Walk-in
SAL20250054980,2025-06-23,STR009,PRD00752,1,4535.72,0.0,4535.72,3022.89,Debit Card,Regular
SAL20250054981,2025-06-25,STR033,PRD00814,1,3265.17,0.1,2938.65,1889.37,UPI,Walk-in
SAL20250054982,2025-06-04,STR009,PRD00812,3,3142.68,0.0,9428.04,5469.9,UPI,Walk-in
SAL20250054983,2025-06-14,STR030,PRD01016,1,253.56,0.0,253.56,161.4,Debit Card,Premium
SAL20250054984,2025-06-09,STR019,PRD00072,1,4522.2,0.0,4522.2,3124.59,Cash,Corporate
SAL20250054985,2025-06-19,STR021,PRD00536,1,393.56,0.0,393.56,270.95,Credit Card,Premium
SAL20250054986,2025-06-08,STR002,PRD00893,1,963.04,0.05,914.89,603.05,Debit Card,Corporate
SAL20250054987,2025-06-13,STR040,PRD00929,1,3367.15,0.0,3367.15,2036.24,UPI,Premium
SAL20250054988,2025-06-12,STR025,PRD00603,2,196.91,0.05,374.13,261.92,UPI,Corporate
SAL20250054989,2025-06-22,STR040,PRD00125,1,1511.82,0.1,1360.64,1056.29,Debit Card,Regular
SAL20250054990,2025-06-09,STR020,PRD00430,1,129.33,0.0,129.33,108.7,UPI,Premium
SAL20250054991,2025-06-25,STR028,PRD00980,3,608.25,0.0,1824.75,1086.78,Debit Card,Walk-in
SAL20250054992,2025-06-20,STR025,PRD00180,1,3550.84,0.0,3550.84,2526.78,UPI,Regular
SAL20250054993,2025-06-28,STR026,PRD00610,1,637.82,0.0,637.82,413.73,UPI,Walk-in
SAL20250054994,2025-06-23,STR025,PRD00606,3,516.03,0.0,1548.09,925.71,Credit Card,Regular
SAL20250054995,2025-06-14,STR025,PRD00381,2,931.15,0.05,1769.18,1062.56,Net Banking,Walk-in
SAL20250054996,2025-06-09,STR001,PRD00635,1,332.03,0.0,332.03,207.3,UPI,Premium
SAL20250054997,2025-06-12,STR011,PRD01195,2,6990.3,0.0,13980.6,6796.46,Debit Card,Premium
SAL20250054998,2025-06-26,STR028,PRD00260,1,8853.62,0.0,8853.62,5607.87,Cash,Corporate
SAL20250054999,2025-06-10,STR021,PRD00461,3,198.22,0.0,594.66,508.35,UPI,Walk-in
SAL20250055000,2025-06-04,STR008,PRD00063,1,19546.78,0.0,19546.78,13446.97,UPI,Walk-in
SAL20250055001,2025-06-18,STR007,PRD00002,2,1289.58,0.0,2579.16,1741.8,UPI,Regular
SAL20250055002,2025-06-24,STR032,PRD01041,1,954.2,0.0,954.2,532.81,UPI,Walk-in
SAL20250055003,2025-06-17,STR029,PRD00710,1,4042.5,0.0,4042.5,2223.99,Credit Card,Walk-in
SAL20250055004,2025-06-30,STR039,PRD00879,1,2290.26,0.0,2290.26,1614.23,UPI,Regular
SAL20250055005,2025-06-10,STR019,PRD00486,1,161.3,0.0,161.3,123.55,UPI,Regular
SAL20250055006,2025-06-08,STR015,PRD01169,1,6625.23,0.0,6625.23,4001.41,Cash,Regular
SAL20250055007,2025-06-03,STR030,PRD01097,1,4205.24,0.0,4205.24,2054.25,UPI,Walk-in
SAL20250055008,2025-06-25,STR013,PRD00766,3,1923.71,0.0,5771.13,4103.97,Credit Card,Walk-in
SAL20250055009,2025-06-06,STR002,PRD00704,1,1185.8,0.0,1185.8,707.14,UPI,Premium
SAL20250055010,2025-06-28,STR033,PRD00176,1,4757.11,0.0,4757.11,2887.26,UPI,Regular
SAL20250055011,2025-06-01,STR010,PRD00544,3,114.7,0.0,344.1,248.22,Debit Card,Walk-in
SAL20250055012,2025-06-23,STR022,PRD00383,1,216.69,0.05,205.86,135.74,UPI,Regular
SAL20250055013,2025-06-19,STR033,PRD00747,3,1306.66,0.0,3919.98,2880.48,Debit Card,Walk-in
SAL20250055014,2025-06-11,STR007,PRD00071,1,14423.02,0.05,13701.87,9605.63,UPI,Corporate
SAL20250055015,2025-06-11,STR017,PRD00706,1,3862.25,0.0,3862.25,2444.01,UPI,Regular
SAL20250055016,2025-06-06,STR021,PRD00167,1,8410.2,0.0,8410.2,5523.21,Net Banking,Regular
SAL20250055017,2025-06-13,STR024,PRD00070,1,15101.4,0.0,15101.4,11038.01,UPI,Walk-in
SAL20250055018,2025-06-07,STR002,PRD00280,1,605.7,0.0,605.7,311.37,Debit Card,Corporate
SAL20250055019,2025-06-13,STR032,PRD01008,5,227.58,0.0,1137.9,710.0,Credit Card,Walk-in
SAL20250055020,2025-06-16,STR024,PRD01043,1,134.43,0.05,127.71,80.46,Net Banking,Walk-in
SAL20250055021,2025-06-01,STR031,PRD00973,1,291.44,0.0,291.44,156.91,UPI,Walk-in
SAL20250055022,2025-06-17,STR024,PRD01000,1,495.66,0.05,470.88,345.87,UPI,Regular
SAL20250055023,2025-06-26,STR040,PRD00367,2,450.03,0.0,900.06,493.56,UPI,Walk-in
SAL20250055024,2025-06-03,STR003,PRD00318,2,184.33,0.0,368.66,237.54,Debit Card,Walk-in
SAL20250055025,2025-06-15,STR011,PRD01003,5,278.9,0.0,1394.5,731.6,Credit Card,Walk-in
SAL20250055026,2025-06-07,STR035,PRD00442,4,148.56,0.0,594.24,478.8,UPI,Regular
SAL20250055027,2025-06-03,STR028,PRD00337,1,1047.01,0.1,942.31,731.43,UPI,Premium
SAL20250055028,2025-06-14,STR017,PRD00924,1,261.16,0.1,235.04,194.5,UPI,Regular
SAL20250055029,2025-06-17,STR035,PRD01122,1,6526.26,0.0,6526.26,3631.48,Credit Card,Regular
SAL20250055030,2025-06-11,STR041,PRD00247,3,8119.57,0.0,24358.71,14977.26,Credit Card,Regular
SAL20250055031,2025-06-25,STR021,PRD00468,10,180.53,0.0,1805.3,1483.2,Debit Card,Walk-in
SAL20250055032,2025-06-06,STR014,PRD00389,2,1606.86,0.0,3213.72,1479.92,Credit Card,Walk-in
SAL20250055033,2025-06-24,STR029,PRD00311,3,936.08,0.0,2808.24,1735.02,UPI,Regular
SAL20250055034,2025-06-10,STR011,PRD00367,1,450.03,0.1,405.03,246.78,Credit Card,Regular
SAL20250055035,2025-06-01,STR030,PRD00236,2,5591.1,0.0,11182.2,7979.56,UPI,Regular
SAL20250055036,2025-06-19,STR014,PRD00631,4,725.12,0.0,2900.48,1677.84,Credit Card,Walk-in
SAL20250050410,2025-06-29,STR015,PRD00637,1,299.32,0.0,299.32,213.6,UPI,Premium
SAL20250055038,2025-06-04,STR023,PRD01028,10,93.34,0.0,933.4,481.0,UPI,Premium
SAL20250055039,2025-06-10,STR009,PRD01019,1,948.07,0.0,948.07,489.75,Credit Card,Regular
SAL20250055040,2025-06-02,STR031,PRD00325,1,1273.47,0.0,1273.47,587.01,UPI,Premium
SAL20250055041,2025-06-21,STR004,PRD00555,3,381.92,0.0,1145.76,659.37,UPI,Walk-in
SAL20250055042,2025-06-13,STR015,PRD00812,1,3142.68,0.05,2985.55,1823.3,UPI,Premium
SAL20250055043,2025-06-01,STR018,PRD00241,1,7381.55,0.0,7381.55,5583.94,Debit Card,Walk-in
SAL20250055044,2025-06-15,STR022,PRD00773,1,733.06,0.0,733.06,518.45,Debit Card,Regular
SAL20250055045,2025-06-12,STR025,PRD01122,1,6526.26,0.0,6526.26,3631.48,Debit Card,Premium
SAL20250055046,2025-06-14,STR011,PRD00490,1,177.23,0.0,177.23,138.31,UPI,Premium
SAL20250055047,2025-06-27,STR020,PRD00595,1,524.85,0.0,524.85,364.52,UPI,Corporate
SAL20250055048,2025-06-22,STR007,PRD00783,1,2295.14,0.0,2295.14,1443.25,Debit Card,Walk-in
SAL20250055049,2025-06-21,STR015,PRD00178,1,9669.95,0.0,9669.95,6949.73,Debit Card,Walk-in
SAL20250055050,2025-06-18,STR033,PRD00692,1,1997.13,0.0,1997.13,1445.9,Cash,Regular
SAL20250055051,2025-06-09,STR027,PRD01020,1,560.55,0.0,560.55,361.97,UPI,Regular
SAL20250055052,2025-06-02,STR040,PRD01155,3,7374.97,0.0,22124.91,10982.73,UPI,Regular
SAL20250055053,2025-06-03,STR024,PRD00101,3,2548.25,0.05,7262.51,5409.75,Credit Card,Premium
SAL20250055054,2025-06-09,STR040,PRD00759,1,4285.9,0.05,4071.6,2644.58,Credit Card,Walk-in
SAL20250055055,2025-06-13,STR009,PRD00186,1,7826.08,0.0,7826.08,5124.89,Cash,Premium
SAL20250055056,2025-06-02,STR030,PRD00064,1,2458.4,0.0,2458.4,1830.7,Debit Card,Premium
SAL20250055057,2025-06-09,STR024,PRD00117,1,5653.79,0.1,5088.41,4053.02,Debit Card,Walk-in
SAL20250055058,2025-06-17,STR034,PRD00504,6,1118.52,0.0,6711.12,5605.44,Credit Card,Regular
SAL20250055059,2025-06-03,STR020,PRD00699,1,2305.84,0.05,2190.55,1522.28,UPI,Walk-in
SAL20250055060,2025-06-22,STR020,PRD00493,2,517.33,0.05,982.93,893.0,Credit Card,Walk-in
SAL20250055061,2025-06-14,STR037,PRD00891,1,506.36,0.0,506.36,373.69,UPI,Regular
SAL20250055062,2025-06-01,STR006,PRD00383,1,216.69,0.0,216.69,135.74,Credit Card,Premium
SAL20250055063,2025-06-22,STR037,PRD00247,2,8119.57,0.05,15427.18,9984.84,UPI,Walk-in
SAL20250055064,2025-06-17,STR036,PRD01029,2,762.26,0.0,1524.52,1086.72,Net Banking,Corporate
SAL20250055065,2025-06-02,STR013,PRD00884,2,1777.05,0.0,3554.1,2172.68,Debit Card,Regular
SAL20250055066,2025-06-13,STR018,PRD00618,4,249.13,0.0,996.52,732.12,Net Banking,Regular
SAL20250055067,2025-06-02,STR009,PRD00617,2,496.18,0.0,992.36,726.02,Credit Card,Walk-in
SAL20250055068,2025-06-01,STR007,PRD00383,1,216.69,0.0,216.69,135.74,Debit Card,Walk-in
SAL20250055069,2025-06-10,STR019,PRD00995,2,585.44,0.0,1170.88,835.44,UPI,Walk-in
SAL20250055070,2025-06-19,STR009,PRD01179,1,3455.57,0.0,3455.57,2074.52,Debit Card,Regular
SAL20250055071,2025-06-01,STR023,PRD00278,3,439.84,0.05,1253.54,876.21,UPI,Regular
SAL20250055072,2025-06-18,STR016,PRD01118,1,5734.69,0.0,5734.69,3371.1,Credit Card,Regular
SAL20250055073,2025-06-22,STR011,PRD00194,1,5905.12,0.0,5905.12,4140.26,UPI,Regular
SAL20250055074,2025-06-10,STR039,PRD00343,3,244.94,0.0,734.82,391.23,Cash,Walk-in
SAL20250055075,2025-06-25,STR002,PRD00363,1,1443.62,0.0,1443.62,690.35,UPI,Regular
SAL20250055076,2025-06-26,STR027,PRD01052,4,462.25,0.0,1849.0,1292.0,Credit Card,Regular
SAL20250055077,2025-06-15,STR008,PRD00089,1,24330.95,0.0,24330.95,18400.64,Credit Card,Regular
SAL20250055078,2025-06-16,STR032,PRD00074,1,17249.82,0.1,15524.84,11809.64,Debit Card,Walk-in
SAL20250055079,2025-06-27,STR038,PRD00204,2,3776.34,0.0,7552.68,5160.22,UPI,Corporate
SAL20250055080,2025-06-12,STR038,PRD01102,2,845.86,0.0,1691.72,706.72,UPI,Walk-in
SAL20250055081,2025-06-29,STR038,PRD00271,1,660.1,0.0,660.1,418.6,Cash,Walk-in
SAL20250055082,2025-06-17,STR036,PRD00634,10,509.03,0.0,5090.3,2989.6,UPI,Walk-in
SAL20250055083,2025-06-08,STR003,PRD00366,1,994.61,0.0,994.61,474.73,UPI,Corporate
SAL20250055084,2025-06-26,STR003,PRD00881,1,802.33,0.0,802.33,533.51,UPI,Walk-in
SAL20250055085,2025-06-29,STR025,PRD00273,1,1306.29,0.0,1306.29,758.87,Credit Card,Walk-in
SAL20250055086,2025-06-15,STR030,PRD00217,1,8159.94,0.05,7751.94,5298.43,UPI,Corporate
SAL20250055087,2025-06-06,STR021,PRD00713,3,4061.86,0.0,12185.58,8813.28,Cash,Walk-in
SAL20250055088,2025-06-28,STR021,PRD00665,1,157.57,0.0,157.57,103.14,UPI,Walk-in
SAL20250055089,2025-06-15,STR035,PRD00982,3,104.72,0.1,282.74,175.02,Debit Card,Premium
SAL20250055090,2025-06-16,STR006,PRD01004,2,128.91,0.0,257.82,131.86,UPI,Premium
SAL20250055091,2025-06-07,STR031,PRD00212,1,9559.41,0.0,9559.41,6260.97,UPI,Walk-in
SAL20250055092,2025-06-29,STR017,PRD01096,1,3066.12,0.0,3066.12,1714.26,Net Banking,Regular
SAL20250055093,2025-06-06,STR040,PRD01089,1,8670.13,0.0,8670.13,3797.02,Credit Card,Regular
SAL20250055094,2025-06-09,STR033,PRD00926,2,683.78,0.0,1367.56,962.5,UPI,Walk-in
SAL20250055095,2025-06-26,STR028,PRD00228,1,4421.9,0.0,4421.9,2982.31,UPI,Regular
SAL20250055096,2025-06-24,STR030,PRD01106,1,3135.75,0.0,3135.75,1669.16,UPI,Walk-in
SAL20250055097,2025-06-17,STR019,PRD00630,5,612.41,0.0,3062.05,1807.25,Debit Card,Walk-in
SAL20250055098,2025-06-21,STR029,PRD01003,1,278.9,0.0,278.9,146.32,UPI,Walk-in
SAL20250055099,2025-06-24,STR033,PRD00100,1,14294.81,0.0,14294.81,9774.86,UPI,Regular
SAL20250055100,2025-06-06,STR033,PRD00963,1,93.93,0.0,93.93,63.76,UPI,Walk-in
SAL20250055101,2025-06-26,STR012,PRD00904,2,2811.36,0.0,5622.72,3719.94,UPI,Premium
SAL20250055102,2025-06-05,STR038,PRD01169,1,6625.23,0.0,6625.23,4001.41,Credit Card,Regular
SAL20250055103,2025-06-07,STR019,PRD00971,3,604.86,0.0,1814.58,920.01,UPI,Corporate
SAL20250055104,2025-06-22,STR011,PRD00814,2,3265.17,0.05,6203.82,3778.74,Debit Card,Walk-in
SAL20250055105,2025-06-22,STR037,PRD00575,1,90.77,0.1,81.69,67.08,Credit Card,Regular
SAL20250055106,2025-06-21,STR012,PRD01146,1,2954.25,0.0,2954.25,1488.77,UPI,Walk-in
SAL20250055107,2025-06-30,STR038,PRD01085,1,7889.14,0.0,7889.14,4136.29,UPI,Premium
SAL20250055108,2025-06-19,STR015,PRD01060,2,277.54,0.0,555.08,396.7,Credit Card,Premium
SAL20250055109,2025-06-07,STR020,PRD00818,1,2330.04,0.0,2330.04,1669.14,Net Banking,Regular
SAL20250055110,2025-06-22,STR010,PRD00764,3,3332.71,0.1,8998.32,5508.33,Credit Card,Walk-in
SAL20250055111,2025-06-26,STR003,PRD01048,3,623.5,0.0,1870.5,1245.57,UPI,Walk-in
SAL20250055112,2025-06-08,STR003,PRD00540,1,550.54,0.0,550.54,388.62,UPI,Premium
SAL20250055113,2025-06-13,STR036,PRD00180,1,3550.84,0.0,3550.84,2526.78,Credit Card,Regular
SAL20250055114,2025-06-24,STR032,PRD01073,1,4074.99,0.0,4074.99,2440.45,Cash,Regular
SAL20250055115,2025-06-28,STR022,PRD01135,1,2481.4,0.0,2481.4,1259.74,Credit Card,Regular
SAL20250055116,2025-06-03,STR007,PRD01196,1,1369.18,0.0,1369.18,596.89,UPI,Walk-in
SAL20250055117,2025-06-02,STR013,PRD01156,3,3916.29,0.0,11748.87,6803.31,Debit Card,Regular
SAL20250055118,2025-06-22,STR038,PRD01147,1,6760.77,0.0,6760.77,3863.28,UPI,Premium
SAL20250055119,2025-06-30,STR037,PRD00959,2,664.61,0.0,1329.22,805.38,UPI,Corporate
SAL20250055120,2025-06-06,STR036,PRD00350,1,1107.22,0.05,1051.86,735.62,UPI,Walk-in
SAL20250055121,2025-06-14,STR014,PRD00169,1,8761.68,0.0,8761.68,5628.67,UPI,Walk-in
SAL20250055122,2025-06-03,STR017,PRD00088,1,22406.29,0.0,22406.29,17527.4,Cash,Walk-in
SAL20250055123,2025-06-22,STR022,PRD00692,1,1997.13,0.05,1897.27,1445.9,UPI,Regular
SAL20250055124,2025-06-03,STR031,PRD00475,1,749.71,0.05,712.22,568.96,UPI,Premium
SAL20250055125,2025-06-20,STR015,PRD00956,3,1028.6,0.05,2931.51,1716.0,Credit Card,Regular
SAL20250055126,2025-06-22,STR001,PRD01200,1,1804.12,0.05,1713.91,865.8,Net Banking,Premium
SAL20250055127,2025-06-25,STR030,PRD00319,1,746.89,0.1,672.2,463.81,Credit Card,Premium
SAL20250055128,2025-06-24,STR036,PRD00055,1,18236.77,0.0,18236.77,12233.04,UPI,Premium
SAL20250055129,2025-06-08,STR014,PRD01128,1,2522.35,0.0,2522.35,1440.68,UPI,Premium
SAL20250055130,2025-06-04,STR008,PRD00902,2,258.19,0.0,516.38,308.14,UPI,Premium
SAL20250055131,2025-06-16,STR005,PRD00879,2,2290.26,0.0,4580.52,3228.46,Cash,Walk-in
SAL20250055132,2025-06-24,STR001,PRD00533,6,799.67,0.0,4798.02,3972.36,Debit Card,Walk-in
SAL20250055133,2025-06-28,STR032,PRD00106,1,3614.0,0.05,3433.3,2487.36,UPI,Walk-in
SAL20250055134,2025-06-19,STR038,PRD01071,2,5607.68,0.0,11215.36,6824.0,UPI,Regular
SAL20250055135,2025-06-01,STR021,PRD00469,1,499.21,0.1,449.29,389.45,UPI,Walk-in
SAL20250055136,2025-06-23,STR029,PRD00464,2,598.64,0.0,1197.28,916.98,UPI,Walk-in
SAL20250055137,2025-06-27,STR025,PRD01063,4,747.32,0.0,2989.28,1953.56,UPI,Premium
SAL20250055138,2025-06-12,STR028,PRD00483,2,634.79,0.0,1269.58,1061.92,Credit Card,Walk-in
SAL20250055139,2025-06-25,STR013,PRD01074,2,6150.42,0.0,12300.84,6538.3,UPI,Regular
SAL20250055140,2025-06-22,STR028,PRD00358,1,873.37,0.0,873.37,466.67,Credit Card,Walk-in
SAL20250055141,2025-06-22,STR032,PRD00264,2,4452.38,0.1,8014.28,6344.08,UPI,Walk-in
SAL20250055142,2025-06-11,STR027,PRD00464,1,598.64,0.0,598.64,458.49,UPI,Regular
SAL20250055143,2025-06-20,STR013,PRD00868,2,1450.33,0.0,2900.66,1824.42,UPI,Premium
SAL20250055144,2025-06-19,STR032,PRD00468,1,180.53,0.1,162.48,148.32,UPI,Regular
SAL20250055145,2025-06-24,STR012,PRD00174,1,698.44,0.0,698.44,523.24,UPI,Regular
SAL20250055146,2025-06-07,STR006,PRD01071,1,5607.68,0.0,5607.68,3412.0,Debit Card,Premium
SAL20250055147,2025-06-16,STR006,PRD00102,1,21236.57,0.05,20174.74,16141.17,UPI,Walk-in
SAL20250055148,2025-06-01,STR031,PRD00886,2,1331.79,0.0,2663.58,1889.4,UPI,Walk-in
SAL20250055149,2025-06-04,STR040,PRD01036,2,177.81,0.0,355.62,250.34,Net Banking,Regular
SAL20250055150,2025-06-03,STR012,PRD00246,2,1945.93,0.0,3891.86,2479.56,Cash,Corporate
SAL20250055151,2025-06-12,STR037,PRD01048,1,623.5,0.0,623.5,415.19,Net Banking,Premium
SAL20250055152,2025-06-05,STR016,PRD01103,1,5704.94,0.0,5704.94,2392.72,UPI,Regular
SAL20250055153,2025-06-10,STR008,PRD00337,1,1047.01,0.0,1047.01,731.43,Credit Card,Walk-in
SAL20250055154,2025-06-03,STR023,PRD00358,2,873.37,0.0,1746.74,933.34,UPI,Regular
SAL20250055155,2025-06-08,STR020,PRD01073,1,4074.99,0.0,4074.99,2440.45,Credit Card,Regular
SAL20250055156,2025-06-20,STR036,PRD00155,1,2214.51,0.0,2214.51,1652.19,Debit Card,Regular
SAL20250055157,2025-06-18,STR040,PRD01079,1,323.52,0.0,323.52,191.54,Debit Card,Regular
SAL20250055158,2025-06-25,STR034,PRD00213,1,7822.44,0.0,7822.44,5597.11,UPI,Regular
SAL20250055159,2025-06-04,STR023,PRD01017,2,1092.19,0.05,2075.16,1183.38,UPI,Walk-in
SAL20250055160,2025-06-15,STR033,PRD00655,1,75.89,0.0,75.89,47.15,Credit Card,Walk-in
SAL20250055161,2025-06-21,STR014,PRD00472,3,554.85,0.0,1664.55,1334.7,UPI,Regular
SAL20250055162,2025-06-11,STR024,PRD00292,1,975.97,0.05,927.17,491.67,UPI,Walk-in
SAL20250055163,2025-06-08,STR036,PRD00832,3,1859.75,0.0,5579.25,4110.84,Debit Card,Regular
SAL20250055164,2025-06-02,STR017,PRD00953,6,80.84,0.0,485.04,347.82,Credit Card,Regular
SAL20250055165,2025-06-23,STR007,PRD00542,1,534.65,0.0,534.65,341.81,UPI,Corporate
SAL20250055166,2025-06-23,STR005,PRD00948,2,38.1,0.0,76.2,53.1,Credit Card,Regular
SAL20250055167,2025-06-23,STR011,PRD00796,1,462.4,0.0,462.4,329.9,Cash,Walk-in
SAL20250055168,2025-06-03,STR007,PRD00394,1,327.5,0.1,294.75,218.51,UPI,Regular
SAL20250055169,2025-06-05,STR007,PRD00191,1,7660.03,0.0,7660.03,5198.25,UPI,Regular
SAL20250055170,2025-06-17,STR037,PRD01171,1,6541.96,0.0,6541.96,2623.89,Credit Card,Corporate
SAL20250055171,2025-06-09,STR018,PRD00757,2,1608.8,0.0,3217.6,2075.74,UPI,Walk-in
SAL20250055172,2025-06-28,STR007,PRD00304,4,1052.14,0.05,3998.13,2895.24,Credit Card,Walk-in
SAL20250055173,2025-06-17,STR022,PRD00743,3,1675.83,0.0,5027.49,3394.68,UPI,Regular
SAL20250055174,2025-06-12,STR023,PRD00274,2,920.1,0.0,1840.2,851.52,Cash,Walk-in
SAL20250055175,2025-06-22,STR030,PRD01138,1,4917.81,0.0,4917.81,2789.31,UPI,Regular
SAL20250055176,2025-06-03,STR004,PRD00590,2,353.62,0.0,707.24,486.36,UPI,Regular
SAL20250055177,2025-06-19,STR041,PRD00830,2,1783.32,0.1,3209.98,2179.56,Debit Card,Regular
SAL20250055178,2025-06-01,STR035,PRD00534,2,97.09,0.0,194.18,161.18,UPI,Regular
SAL20250055179,2025-06-19,STR017,PRD00897,2,3626.87,0.0,7253.74,4738.42,Net Banking,Walk-in
SAL20250055180,2025-06-14,STR037,PRD00143,1,11610.06,0.0,11610.06,8058.06,UPI,Walk-in
SAL20250055181,2025-06-27,STR005,PRD00314,1,610.16,0.0,610.16,372.41,Credit Card,Walk-in
SAL20250055182,2025-06-08,STR032,PRD01108,1,4924.79,0.0,4924.79,2289.5,UPI,Walk-in
SAL20250055183,2025-06-16,STR008,PRD00840,1,2736.67,0.0,2736.67,1682.08,UPI,Premium
SAL20250055184,2025-06-08,STR029,PRD00337,1,1047.01,0.0,1047.01,731.43,Cash,Regular
SAL20250055185,2025-06-29,STR026,PRD00496,1,1047.75,0.0,1047.75,902.44,Credit Card,Walk-in
SAL20250055186,2025-06-24,STR030,PRD00454,1,238.81,0.0,238.81,182.3,Credit Card,Premium
SAL20250055187,2025-06-18,STR036,PRD00835,1,1480.55,0.1,1332.49,1008.2,UPI,Walk-in
SAL20250055188,2025-06-07,STR004,PRD00508,6,125.21,0.05,713.7,659.58,Debit Card,Regular
SAL20250055189,2025-06-08,STR041,PRD00833,2,1761.67,0.1,3171.01,1959.84,Credit Card,Regular
SAL20250055190,2025-06-08,STR004,PRD00028,3,4027.15,0.0,12081.45,7924.11,UPI,Regular
SAL20250055191,2025-06-13,STR033,PRD00328,2,1206.9,0.0,2413.8,1238.02,Credit Card,Walk-in
SAL20250055192,2025-06-28,STR023,PRD01115,3,4843.87,0.05,13805.03,7213.05,Cash,Premium
SAL20250055193,2025-06-21,STR006,PRD00880,2,430.21,0.0,860.42,587.88,Cash,Regular
SAL20250055194,2025-06-06,STR028,PRD00126,1,8140.39,0.0,8140.39,6131.32,UPI,Premium
SAL20250055195,2025-06-23,STR041,PRD00603,2,196.91,0.0,393.82,261.92,UPI,Walk-in
SAL20250055196,2025-06-28,STR001,PRD00724,2,2856.14,0.0,5712.28,3188.82,UPI,Walk-in
SAL20250055197,2025-06-05,STR008,PRD00256,1,13048.37,0.0,13048.37,8107.05,Debit Card,Walk-in
SAL20250055198,2025-06-28,STR027,PRD00104,1,21587.41,0.0,21587.41,17582.83,Debit Card,Regular
SAL20250055199,2025-06-09,STR002,PRD00820,1,2007.6,0.0,2007.6,1177.18,Credit Card,Premium
SAL20250055200,2025-06-21,STR007,PRD00822,1,3937.8,0.0,3937.8,2399.9,UPI,Corporate
SAL20250055201,2025-06-16,STR011,PRD00740,2,3926.7,0.1,7068.06,5684.62,Debit Card,Regular
SAL20250055202,2025-06-17,STR037,PRD00287,4,550.08,0.0,2200.32,1097.36,Cash,Corporate
SAL20250055203,2025-06-15,STR013,PRD00875,1,258.44,0.0,258.44,150.9,UPI,Regular
SAL20250055204,2025-06-27,STR007,PRD00309,3,1344.75,0.0,4034.25,1911.45,UPI,Regular
SAL20250055205,2025-06-03,STR037,PRD00836,1,605.3,0.0,605.3,408.12,Debit Card,Regular
SAL20250055206,2025-06-05,STR013,PRD00993,2,168.95,0.0,337.9,173.84,Debit Card,Regular
SAL20250055207,2025-06-13,STR032,PRD00486,6,161.3,0.0,967.8,741.3,Net Banking,Regular
SAL20250055208,2025-06-10,STR001,PRD00009,1,10580.64,0.05,10051.61,8344.51,Debit Card,Walk-in
SAL20250055209,2025-06-25,STR022,PRD00033,1,2653.86,0.0,2653.86,1783.28,Debit Card,Regular
SAL20250055210,2025-06-15,STR013,PRD00156,1,1591.76,0.05,1512.17,1231.95,Credit Card,Walk-in
SAL20250055211,2025-06-22,STR001,PRD00398,1,358.79,0.0,358.79,173.35,Credit Card,Walk-in
SAL20250055212,2025-06-17,STR001,PRD00649,2,333.14,0.0,666.28,477.92,Credit Card,Regular
SAL20250055213,2025-06-26,STR016,PRD00554,1,805.55,0.0,805.55,466.41,Credit Card,Regular
SAL20250055214,2025-06-26,STR008,PRD00470,2,416.77,0.0,833.54,650.22,Net Banking,Regular
SAL20250055215,2025-06-17,STR004,PRD00189,1,8529.1,0.05,8102.64,5554.64,Debit Card,Regular
SAL20250055216,2025-06-13,STR020,PRD00168,1,8820.25,0.0,8820.25,6611.06,Cash,Regular
SAL20250055217,2025-06-30,STR014,PRD00701,1,4774.16,0.0,4774.16,3063.26,Credit Card,Walk-in
SAL20250055218,2025-06-05,STR009,PRD00577,1,262.74,0.0,262.74,189.28,Credit Card,Regular
SAL20250055219,2025-06-17,STR024,PRD00109,1,12280.41,0.1,11052.37,9316.5,UPI,Corporate
SAL20250055220,2025-06-03,STR006,PRD00988,3,774.65,0.05,2207.75,1597.5,UPI,Premium
SAL20250055221,2025-06-20,STR003,PRD01068,1,5954.4,0.0,5954.4,3495.2,UPI,Regular
SAL20250055222,2025-06-30,STR038,PRD00702,2,1394.73,0.0,2789.46,1977.28,UPI,Walk-in
SAL20250055223,2025-06-18,STR029,PRD00677,1,1193.37,0.0,1193.37,833.49,UPI,Walk-in
SAL20250055224,2025-06-18,STR040,PRD00646,4,108.22,0.0,432.88,263.16,UPI,Walk-in
SAL20250055225,2025-06-21,STR041,PRD01122,1,6526.26,0.0,6526.26,3631.48,Credit Card,Regular
SAL20250055226,2025-06-21,STR017,PRD00324,1,1095.89,0.0,1095.89,714.91,Debit Card,Regular
SAL20250055227,2025-06-29,STR022,PRD01129,1,691.29,0.1,622.16,281.12,Debit Card,Walk-in
SAL20250055228,2025-06-04,STR017,PRD00809,2,1418.3,0.0,2836.6,1791.48,Credit Card,Regular
SAL20250055229,2025-06-02,STR027,PRD00103,1,4104.09,0.0,4104.09,2941.45,UPI,Regular
SAL20250055230,2025-06-25,STR020,PRD00721,2,2330.52,0.0,4661.04,3455.26,Cash,Regular
SAL20250055231,2025-06-01,STR005,PRD00630,3,612.41,0.0,1837.23,1084.35,Debit Card,Walk-in
SAL20250055232,2025-06-12,STR014,PRD00507,1,259.46,0.05,246.49,215.35,Credit Card,Walk-in
SAL20250055233,2025-06-20,STR032,PRD00958,10,274.5,0.0,2745.0,1917.3,Credit Card,Walk-in
SAL20250055234,2025-06-28,STR024,PRD00542,1,534.65,0.0,534.65,341.81,Credit Card,Regular
SAL20250055235,2025-06-08,STR039,PRD01150,1,4074.75,0.1,3667.28,2372.04,Net Banking,Walk-in
SAL20250055236,2025-06-27,STR003,PRD00410,2,245.81,0.0,491.62,385.52,Net Banking,Regular
SAL20250055237,2025-06-15,STR021,PRD00277,4,1350.87,0.0,5403.48,2721.0,Cash,Walk-in
SAL20250055238,2025-06-09,STR041,PRD01054,1,256.04,0.0,256.04,167.96,UPI,Walk-in
SAL20250055239,2025-06-06,STR010,PRD00719,1,4808.67,0.0,4808.67,2759.21,Credit Card,Regular
SAL20250055240,2025-06-05,STR011,PRD00386,3,1129.86,0.0,3389.58,2162.34,UPI,Premium
SAL20250055241,2025-06-20,STR033,PRD00692,1,1997.13,0.0,1997.13,1445.9,UPI,Corporate
SAL20250055242,2025-06-22,STR021,PRD00108,1,22607.14,0.0,22607.14,15802.22,UPI,Regular
SAL20250055243,2025-06-06,STR010,PRD00221,1,9230.37,0.0,9230.37,5770.89,Debit Card,Walk-in
SAL20250055244,2025-06-22,STR023,PRD01095,1,4795.88,0.0,4795.88,2620.97,UPI,Walk-in
SAL20250055245,2025-06-20,STR001,PRD01074,1,6150.42,0.0,6150.42,3269.15,Credit Card,Walk-in
SAL20250055246,2025-06-19,STR009,PRD01018,2,139.93,0.0,279.86,177.6,Credit Card,Walk-in
SAL20250055247,2025-06-21,STR017,PRD00812,1,3142.68,0.0,3142.68,1823.3,Debit Card,Premium
SAL20250055248,2025-06-23,STR018,PRD00516,2,653.26,0.0,1306.52,1005.12,Debit Card,Regular
SAL20250055249,2025-06-05,STR037,PRD00653,2,614.39,0.0,1228.78,895.52,Credit Card,Regular
SAL20250055250,2025-06-19,STR005,PRD01062,6,925.26,0.0,5551.56,3258.36,UPI,Regular
SAL20250055251,2025-06-21,STR011,PRD00010,1,14520.45,0.0,14520.45,11774.44,UPI,Regular
SAL20250055252,2025-06-23,STR031,PRD00469,4,499.21,0.05,1897.0,1557.8,Credit Card,Regular
SAL20250055253,2025-06-29,STR002,PRD00828,1,765.4,0.0,765.4,443.0,Debit Card,Regular
SAL20250055254,2025-06-22,STR013,PRD00467,1,528.8,0.0,528.8,453.05,Credit Card,Walk-in
SAL20250055255,2025-06-21,STR021,PRD00735,1,2710.38,0.0,2710.38,1616.28,Net Banking,Walk-in
SAL20250055256,2025-06-05,STR021,PRD00842,2,1322.87,0.0,2645.74,1913.76,UPI,Regular
SAL20250055257,2025-06-24,STR014,PRD00064,2,2458.4,0.0,4916.8,3661.4,Credit Card,Regular
SAL20250055258,2025-06-21,STR006,PRD00389,2,1606.86,0.0,3213.72,1479.92,UPI,Walk-in
SAL20250055259,2025-06-14,STR032,PRD00426,3,496.18,0.0,1488.54,1247.61,Debit Card,Premium
SAL20250055260,2025-06-02,STR037,PRD01180,2,9129.62,0.0,18259.24,8487.62,UPI,Regular
SAL20250055261,2025-06-18,STR002,PRD00645,4,456.66,0.0,1826.64,1321.68,Debit Card,Regular
SAL20250055262,2025-06-23,STR036,PRD00781,1,2809.53,0.1,2528.58,2070.84,Debit Card,Walk-in
SAL20250055263,2025-06-06,STR014,PRD00818,1,2330.04,0.1,2097.04,1669.14,UPI,Regular
SAL20250055264,2025-06-17,STR011,PRD01199,2,6549.57,0.0,13099.14,6793.3,Debit Card,Walk-in
SAL20250055265,2025-06-28,STR027,PRD00323,1,361.28,0.0,361.28,188.15,Credit Card,Regular
SAL20250055266,2025-06-10,STR007,PRD00963,1,93.93,0.0,93.93,63.76,Debit Card,Walk-in
SAL20250055267,2025-06-06,STR006,PRD00630,5,612.41,0.05,2908.95,1807.25,Credit Card,Regular
SAL20250055268,2025-06-09,STR019,PRD00212,1,9559.41,0.0,9559.41,6260.97,Credit Card,Regular
SAL20250055269,2025-06-14,STR023,PRD00212,1,9559.41,0.1,8603.47,6260.97,UPI,Walk-in
SAL20250055270,2025-06-13,STR035,PRD00097,1,19452.93,0.0,19452.93,14437.86,Credit Card,Regular
SAL20250055271,2025-06-11,STR025,PRD01100,1,6765.12,0.1,6088.61,4080.87,Credit Card,Regular
SAL20250055272,2025-06-22,STR035,PRD00435,1,718.79,0.0,718.79,584.17,UPI,Regular
SAL20250055273,2025-06-05,STR036,PRD00886,1,1331.79,0.0,1331.79,944.7,Credit Card,Premium
SAL20250055274,2025-06-11,STR037,PRD00821,3,2784.44,0.0,8353.32,4747.23,Debit Card,Walk-in
SAL20250055275,2025-06-05,STR002,PRD00881,1,802.33,0.0,802.33,533.51,Debit Card,Regular
SAL20250055276,2025-06-26,STR017,PRD00069,1,11744.39,0.0,11744.39,7701.34,Cash,Regular
SAL20250055277,2025-06-10,STR036,PRD00571,2,201.22,0.0,402.44,286.98,Net Banking,Walk-in
SAL20250055278,2025-06-10,STR036,PRD00373,1,159.48,0.1,143.53,85.54,Credit Card,Walk-in
SAL20250055279,2025-06-28,STR016,PRD00659,4,294.97,0.0,1179.88,875.36,UPI,Walk-in
SAL20250055280,2025-06-07,STR024,PRD00169,1,8761.68,0.0,8761.68,5628.67,UPI,Regular
SAL20250055281,2025-06-10,STR028,PRD00004,1,18331.36,0.0,18331.36,14741.73,UPI,Regular
SAL20250055282,2025-06-27,STR030,PRD00831,1,2902.42,0.1,2612.18,1993.17,Debit Card,Walk-in
SAL20250055283,2025-06-23,STR008,PRD00346,1,927.55,0.0,927.55,634.62,Credit Card,Premium
SAL20250055284,2025-06-08,STR013,PRD00249,1,4858.0,0.0,4858.0,3416.15,UPI,Walk-in
SAL20250055285,2025-06-09,STR030,PRD00321,1,1442.95,0.0,1442.95,715.49,Credit Card,Walk-in
SAL20250055286,2025-06-26,STR041,PRD00255,2,3159.1,0.0,6318.2,4566.54,UPI,Walk-in
SAL20250055287,2025-06-19,STR034,PRD00110,1,26501.66,0.0,26501.66,18492.65,Credit Card,Walk-in
SAL20250055288,2025-06-19,STR018,PRD00695,1,2280.88,0.05,2166.84,1276.46,Credit Card,Walk-in
SAL20250055289,2025-06-12,STR029,PRD00558,2,353.1,0.0,706.2,486.6,Credit Card,Regular
SAL20250055290,2025-06-26,STR028,PRD00762,1,1596.23,0.0,1596.23,909.86,Net Banking,Walk-in
SAL20250055291,2025-06-06,STR007,PRD01076,1,4373.35,0.1,3936.02,2595.55,Cash,Walk-in
SAL20250055292,2025-06-01,STR041,PRD01134,2,5914.46,0.0,11828.92,5858.64,Credit Card,Walk-in
SAL20250055293,2025-06-03,STR018,PRD00864,1,1725.02,0.0,1725.02,1118.06,Net Banking,Regular
SAL20250055294,2025-06-11,STR018,PRD00041,1,19732.0,0.0,19732.0,14953.27,UPI,Walk-in
SAL20250055295,2025-06-01,STR041,PRD00711,1,1868.86,0.0,1868.86,1355.68,UPI,Regular
SAL20250055296,2025-06-07,STR036,PRD00557,6,210.61,0.0,1263.66,806.58,Credit Card,Walk-in
SAL20250055297,2025-06-28,STR024,PRD00951,6,594.37,0.1,3209.6,2114.28,UPI,Regular
SAL20250055298,2025-06-22,STR033,PRD01017,6,1092.19,0.0,6553.14,3550.14,UPI,Regular
SAL20250055299,2025-06-27,STR036,PRD00305,2,1134.36,0.05,2155.28,1230.6,Net Banking,Regular
SAL20250055300,2025-06-24,STR037,PRD01066,4,424.4,0.0,1697.6,1011.96,Credit Card,Walk-in
SAL20250055301,2025-06-10,STR016,PRD01073,3,4074.99,0.0,12224.97,7321.35,Credit Card,Premium
SAL20250055302,2025-06-27,STR031,PRD01182,1,9675.4,0.05,9191.63,4265.56,UPI,Walk-in
SAL20250055303,2025-06-18,STR020,PRD00744,2,4365.48,0.0,8730.96,5758.8,Cash,Walk-in
SAL20250055304,2025-06-03,STR013,PRD01045,1,910.12,0.0,910.12,471.24,UPI,Walk-in
SAL20250055305,2025-06-16,STR002,PRD00664,1,181.84,0.0,181.84,109.21,Debit Card,Regular
SAL20250055306,2025-06-19,STR010,PRD00194,1,5905.12,0.0,5905.12,4140.26,UPI,Walk-in
SAL20250055307,2025-06-10,STR005,PRD01188,4,2837.24,0.0,11348.96,6744.96,UPI,Premium
SAL20250055308,2025-06-26,STR001,PRD00566,10,655.12,0.0,6551.2,4231.2,Credit Card,Walk-in
SAL20250055309,2025-06-17,STR020,PRD01019,10,948.07,0.1,8532.63,4897.5,Credit Card,Walk-in
SAL20250055310,2025-06-25,STR028,PRD00796,1,462.4,0.0,462.4,329.9,Cash,Regular
SAL20250055311,2025-06-20,STR008,PRD00316,1,924.22,0.0,924.22,589.52,UPI,Premium
SAL20250055312,2025-06-03,STR013,PRD01168,1,4286.69,0.0,4286.69,2474.04,UPI,Premium
SAL20250055313,2025-06-09,STR012,PRD01064,2,155.0,0.0,310.0,157.26,UPI,Regular
SAL20250055314,2025-06-13,STR029,PRD00011,1,13229.12,0.0,13229.12,9834.69,Credit Card,Regular
SAL20250055315,2025-06-24,STR002,PRD00856,1,1871.17,0.0,1871.17,1212.57,Debit Card,Regular
SAL20250055316,2025-06-29,STR018,PRD00715,1,2949.53,0.0,2949.53,1984.0,UPI,Regular
SAL20250055317,2025-06-06,STR027,PRD01158,2,7747.18,0.0,15494.36,8354.56,UPI,Regular
SAL20250055318,2025-06-11,STR022,PRD00031,1,18632.2,0.0,18632.2,13903.81,Cash,Regular
SAL20250055319,2025-06-14,STR039,PRD00561,1,111.53,0.0,111.53,75.49,Debit Card,Walk-in
SAL20250055320,2025-06-10,STR008,PRD00817,1,3058.64,0.0,3058.64,2165.66,UPI,Regular
SAL20250055321,2025-06-10,STR021,PRD01080,1,1721.88,0.0,1721.88,771.73,Credit Card,Walk-in
SAL20250055322,2025-06-05,STR034,PRD00036,1,8731.85,0.1,7858.67,5708.44,Credit Card,Corporate
SAL20250055323,2025-06-30,STR008,PRD00485,4,693.22,0.0,2772.88,2372.6,Credit Card,Regular
SAL20250055324,2025-06-11,STR016,PRD00143,1,11610.06,0.0,11610.06,8058.06,Credit Card,Regular
SAL20250055325,2025-06-15,STR019,PRD00924,1,261.16,0.0,261.16,194.5,UPI,Corporate
SAL20250055326,2025-06-26,STR036,PRD00692,1,1997.13,0.0,1997.13,1445.9,UPI,Walk-in
SAL20250055327,2025-06-13,STR030,PRD00243,1,1936.68,0.0,1936.68,1385.71,UPI,Regular
SAL20250055328,2025-06-08,STR015,PRD00341,1,977.08,0.0,977.08,605.56,UPI,Walk-in
SAL20250055329,2025-06-04,STR038,PRD00642,1,467.68,0.0,467.68,290.22,Credit Card,Walk-in
SAL20250055330,2025-06-21,STR003,PRD00886,2,1331.79,0.0,2663.58,1889.4,Cash,Regular
SAL20250055331,2025-06-07,STR031,PRD00727,1,737.62,0.0,737.62,442.28,UPI,Regular
SAL20250055332,2025-06-27,STR028,PRD00991,1,894.61,0.05,849.88,514.53,Credit Card,Walk-in
SAL20250055333,2025-06-14,STR039,PRD00691,3,1815.13,0.0,5445.39,3449.79,UPI,Walk-in
SAL20250055334,2025-06-18,STR003,PRD01035,1,199.19,0.0,199.19,125.07,UPI,Walk-in
SAL20250055335,2025-06-21,STR007,PRD00561,1,111.53,0.0,111.53,75.49,Debit Card,Regular
SAL20250055336,2025-06-23,STR014,PRD00987,2,289.9,0.0,579.8,404.7,Debit Card,Regular
SAL20250055337,2025-06-09,STR037,PRD00569,4,219.4,0.0,877.6,573.2,Credit Card,Regular
SAL20250055338,2025-06-17,STR032,PRD00224,1,4670.9,0.0,4670.9,3440.61,Debit Card,Regular
SAL20250055339,2025-06-25,STR013,PRD00748,1,2656.98,0.0,2656.98,1815.38,Credit Card,Regular
SAL20250055340,2025-06-24,STR001,PRD01009,1,52.33,0.1,47.1,29.39,Credit Card,Regular
SAL20250055341,2025-06-24,STR002,PRD00131,3,11948.61,0.0,35845.83,27097.29,Cash,Regular
SAL20250055342,2025-06-02,STR021,PRD01166,1,3220.85,0.0,3220.85,1660.43,UPI,Premium
SAL20250055343,2025-06-06,STR002,PRD00165,1,10264.9,0.0,10264.9,6671.83,Credit Card,Walk-in
SAL20250055344,2025-06-11,STR006,PRD00223,1,11271.43,0.0,11271.43,7014.79,UPI,Regular
SAL20250055345,2025-06-21,STR034,PRD00529,1,569.27,0.0,569.27,490.31,UPI,Regular
SAL20250055346,2025-06-21,STR034,PRD01100,1,6765.12,0.0,6765.12,4080.87,Credit Card,Regular
SAL20250055347,2025-06-07,STR032,PRD01009,3,52.33,0.0,156.99,88.17,UPI,Regular
SAL20250055348,2025-06-21,STR018,PRD00105,1,9145.0,0.05,8687.75,7010.14,Credit Card,Regular
SAL20250055349,2025-06-11,STR031,PRD00557,2,210.61,0.0,421.22,268.86,Debit Card,Regular
SAL20250055350,2025-06-16,STR040,PRD00299,2,1362.69,0.0,2725.38,1646.6,Credit Card,Regular
SAL20250055351,2025-06-29,STR008,PRD00024,1,23723.95,0.0,23723.95,15500.24,Credit Card,Walk-in
SAL20250055352,2025-06-19,STR018,PRD00931,2,1839.81,0.1,3311.66,2493.76,Cash,Regular
SAL20250055353,2025-06-09,STR022,PRD00599,1,273.52,0.0,273.52,189.37,Credit Card,Premium
SAL20250055354,2025-06-06,STR028,PRD00553,2,150.28,0.0,300.56,174.22,UPI,Regular
SAL20250055355,2025-06-03,STR013,PRD00925,1,2271.72,0.0,2271.72,1525.09,UPI,Regular
SAL20250055356,2025-06-28,STR036,PRD00918,3,2741.1,0.05,7812.13,5962.32,Net Banking,Regular
SAL20250055357,2025-06-28,STR009,PRD00248,1,9547.84,0.0,9547.84,6877.51,Debit Card,Premium
SAL20250055358,2025-06-27,STR001,PRD00754,2,372.52,0.0,745.04,441.76,Debit Card,Regular
SAL20250055359,2025-06-15,STR009,PRD00271,1,660.1,0.05,627.1,418.6,Cash,Walk-in
SAL20250055360,2025-06-19,STR035,PRD00871,1,1211.65,0.1,1090.49,859.32,Cash,Regular
SAL20250055361,2025-06-28,STR026,PRD00531,2,217.65,0.0,435.3,364.4,Net Banking,Regular
SAL20250055362,2025-06-03,STR039,PRD00463,3,933.21,0.0,2799.63,2242.41,Debit Card,Premium
SAL20250055363,2025-06-25,STR019,PRD01108,2,4924.79,0.0,9849.58,4579.0,Debit Card,Regular
SAL20250055364,2025-06-14,STR038,PRD00520,2,482.69,0.0,965.38,811.72,UPI,Corporate
SAL20250055365,2025-06-22,STR019,PRD01034,1,310.11,0.0,310.11,217.72,UPI,Walk-in
SAL20250055366,2025-06-24,STR026,PRD00738,2,984.8,0.0,1969.6,1374.08,UPI,Regular
SAL20250055367,2025-06-12,STR016,PRD00570,1,376.39,0.0,376.39,268.57,Credit Card,Premium
SAL20250055368,2025-06-24,STR040,PRD00250,1,3877.74,0.0,3877.74,2737.07,UPI,Regular
SAL20250055369,2025-06-18,STR036,PRD00688,1,2802.62,0.0,2802.62,2088.84,Credit Card,Premium
SAL20250055370,2025-06-11,STR031,PRD00180,1,3550.84,0.0,3550.84,2526.78,UPI,Regular
SAL20250055371,2025-06-04,STR030,PRD00695,1,2280.88,0.0,2280.88,1276.46,UPI,Regular
SAL20250055372,2025-06-29,STR012,PRD00899,2,2165.69,0.0,4331.38,2917.52,Debit Card,Walk-in
SAL20250055373,2025-06-13,STR023,PRD01148,2,584.33,0.0,1168.66,482.96,UPI,Premium
SAL20250055374,2025-06-04,STR008,PRD00261,1,8333.44,0.05,7916.77,5118.51,UPI,Walk-in
SAL20250055375,2025-06-24,STR026,PRD00165,1,10264.9,0.0,10264.9,6671.83,Cash,Regular
SAL20250055376,2025-06-04,STR013,PRD00396,3,713.53,0.0,2140.59,1364.1,UPI,Regular
SAL20250055377,2025-06-10,STR007,PRD00545,1,450.85,0.0,450.85,252.45,UPI,Premium
SAL20250055378,2025-06-24,STR001,PRD00407,10,687.91,0.0,6879.1,5334.0,UPI,Walk-in
SAL20250055379,2025-06-10,STR020,PRD00149,1,3024.83,0.1,2722.35,2041.86,Credit Card,Premium
SAL20250055380,2025-06-30,STR020,PRD01180,1,9129.62,0.0,9129.62,4243.81,UPI,Regular
SAL20250055381,2025-06-07,STR012,PRD00410,2,245.81,0.1,442.46,385.52,UPI,Premium
SAL20250055382,2025-06-22,STR014,PRD00492,1,431.72,0.0,431.72,362.04,UPI,Regular
SAL20250055383,2025-06-01,STR029,PRD00723,2,1757.3,0.0,3514.6,2195.92,Debit Card,Walk-in
SAL20250055384,2025-06-05,STR010,PRD00374,2,1242.75,0.0,2485.5,1476.66,UPI,Regular
SAL20250055385,2025-06-09,STR025,PRD00383,1,216.69,0.0,216.69,135.74,UPI,Walk-in
SAL20250055386,2025-06-13,STR007,PRD00872,1,467.45,0.0,467.45,333.62,Credit Card,Walk-in
SAL20250055387,2025-06-13,STR036,PRD00403,4,158.56,0.0,634.24,552.88,Cash,Regular
SAL20250055388,2025-06-03,STR004,PRD01059,2,553.69,0.1,996.64,736.72,Credit Card,Regular
SAL20250055389,2025-06-15,STR031,PRD00729,4,3595.95,0.0,14383.8,10230.88,Credit Card,Walk-in
SAL20250055390,2025-06-28,STR012,PRD00158,1,3798.87,0.0,3798.87,2582.44,Credit Card,Regular
SAL20250055391,2025-06-24,STR013,PRD01151,3,7065.61,0.0,21196.83,10123.08,UPI,Regular
SAL20250055392,2025-06-21,STR012,PRD00374,1,1242.75,0.0,1242.75,738.33,Debit Card,Regular
SAL20250055393,2025-06-19,STR005,PRD01049,4,225.77,0.0,903.08,551.52,Cash,Regular
SAL20250055394,2025-06-03,STR016,PRD00824,2,3034.92,0.0,6069.84,4333.06,UPI,Regular
SAL20250055395,2025-06-22,STR018,PRD00390,1,1246.69,0.0,1246.69,785.33,Credit Card,Premium
SAL20250055396,2025-06-11,STR002,PRD00396,3,713.53,0.05,2033.56,1364.1,UPI,Regular
SAL20250055397,2025-06-03,STR002,PRD01199,1,6549.57,0.0,6549.57,3396.65,UPI,Walk-in
SAL20250055398,2025-06-07,STR041,PRD00156,1,1591.76,0.0,1591.76,1231.95,Cash,Premium
SAL20250055399,2025-06-03,STR028,PRD00188,1,6172.58,0.0,6172.58,4027.57,Debit Card,Regular
SAL20250055400,2025-06-09,STR009,PRD00077,1,14848.8,0.0,14848.8,12077.21,Credit Card,Premium
SAL20250055401,2025-06-03,STR028,PRD00091,1,21335.5,0.0,21335.5,15504.58,Credit Card,Regular
SAL20250055402,2025-06-15,STR020,PRD00887,2,2006.5,0.0,4013.0,2339.38,UPI,Walk-in
SAL20250055403,2025-06-15,STR034,PRD00457,1,726.05,0.0,726.05,549.39,UPI,Regular
SAL20250055404,2025-06-21,STR020,PRD00834,1,1440.43,0.0,1440.43,915.49,Net Banking,Walk-in
SAL20250055405,2025-06-25,STR022,PRD01097,2,4205.24,0.0,8410.48,4108.5,UPI,Regular
SAL20250055406,2025-06-04,STR033,PRD00733,2,3579.07,0.0,7158.14,4373.94,UPI,Walk-in
SAL20250055407,2025-06-16,STR008,PRD00725,2,2084.99,0.0,4169.98,3023.38,Credit Card,Premium
SAL20250055408,2025-06-07,STR031,PRD00080,1,17292.25,0.0,17292.25,13027.41,Cash,Walk-in
SAL20250055409,2025-06-18,STR008,PRD00010,1,14520.45,0.05,13794.43,11774.44,UPI,Walk-in
SAL20250055410,2025-06-03,STR015,PRD00728,2,5071.72,0.0,10143.44,6019.26,Debit Card,Premium
SAL20250055411,2025-06-06,STR004,PRD00675,2,1206.06,0.0,2412.12,1516.86,Credit Card,Walk-in
SAL20250055412,2025-06-03,STR036,PRD00376,1,1476.13,0.0,1476.13,682.99,Debit Card,Regular
SAL20250055413,2025-06-18,STR033,PRD00190,1,12169.57,0.1,10952.61,7955.32,Credit Card,Corporate
SAL20250055414,2025-06-11,STR041,PRD00818,1,2330.04,0.05,2213.54,1669.14,UPI,Regular
SAL20250055415,2025-06-14,STR033,PRD00997,3,893.9,0.05,2547.61,1874.07,Net Banking,Premium
SAL20250055416,2025-06-18,STR035,PRD00611,2,51.03,0.1,91.85,75.62,Credit Card,Walk-in
SAL20250055417,2025-06-14,STR030,PRD00045,1,17414.18,0.0,17414.18,13822.18,Debit Card,Walk-in
SAL20250055418,2025-06-24,STR038,PRD00599,2,273.52,0.0,547.04,378.74,Debit Card,Walk-in
SAL20250055419,2025-06-27,STR003,PRD00052,1,1655.5,0.1,1489.95,1137.08,Credit Card,Premium
SAL20250055420,2025-06-30,STR016,PRD00524,2,128.85,0.05,244.81,213.0,Credit Card,Regular
SAL20250055421,2025-06-01,STR039,PRD00971,6,604.86,0.05,3447.7,1840.02,UPI,Regular
SAL20250055422,2025-06-25,STR010,PRD00058,1,3380.1,0.0,3380.1,2568.5,Credit Card,Premium
SAL20250055423,2025-06-26,STR003,PRD00986,2,156.79,0.0,313.58,224.28,UPI,Walk-in
SAL20250055424,2025-06-21,STR034,PRD00620,2,556.49,0.0,1112.98,651.34,Debit Card,Walk-in
SAL20250055425,2025-06-21,STR038,PRD00053,1,3304.53,0.1,2974.08,2309.51,Debit Card,Regular
SAL20250055426,2025-06-16,STR036,PRD00655,2,75.89,0.0,151.78,94.3,Credit Card,Regular
SAL20250055427,2025-06-15,STR021,PRD00961,2,294.28,0.1,529.7,317.06,Cash,Regular
SAL20250055428,2025-06-02,STR031,PRD00445,2,417.63,0.0,835.26,670.54,UPI,Walk-in
SAL20250055429,2025-06-04,STR007,PRD00516,5,653.26,0.0,3266.3,2512.8,UPI,Walk-in
SAL20250055430,2025-06-22,STR028,PRD00509,4,888.38,0.0,3553.52,2697.32,Debit Card,Regular
SAL20250055431,2025-06-16,STR006,PRD00577,3,262.74,0.0,788.22,567.84,UPI,Walk-in
SAL20250055432,2025-06-13,STR039,PRD01196,1,1369.18,0.0,1369.18,596.89,UPI,Walk-in
SAL20250055433,2025-06-05,STR008,PRD00086,1,22194.93,0.0,22194.93,15176.58,Credit Card,Walk-in
SAL20250055434,2025-06-09,STR012,PRD00650,6,429.23,0.0,2575.38,1495.86,Credit Card,Regular
SAL20250055435,2025-06-08,STR017,PRD00289,1,1047.34,0.0,1047.34,607.0,Debit Card,Regular
SAL20250055436,2025-06-16,STR025,PRD01181,1,2062.42,0.0,2062.42,1282.83,Cash,Regular
SAL20250055437,2025-06-14,STR037,PRD00647,1,284.75,0.05,270.51,189.07,Credit Card,Premium
SAL20250055438,2025-06-10,STR016,PRD01045,1,910.12,0.0,910.12,471.24,UPI,Walk-in
SAL20250055439,2025-06-03,STR017,PRD00878,2,1229.84,0.0,2459.68,1593.12,Debit Card,Walk-in
SAL20250055440,2025-06-02,STR038,PRD01021,5,582.28,0.0,2911.4,1890.6,Credit Card,Walk-in
SAL20250055441,2025-06-06,STR007,PRD01144,4,2397.7,0.0,9590.8,5704.08,Credit Card,Walk-in
SAL20250055442,2025-06-28,STR001,PRD00984,1,34.1,0.0,34.1,20.02,UPI,Regular
SAL20250055443,2025-06-09,STR033,PRD00864,1,1725.02,0.0,1725.02,1118.06,Debit Card,Corporate
SAL20250055444,2025-06-21,STR006,PRD00129,1,19597.62,0.0,19597.62,15263.15,UPI,Regular
SAL20250055445,2025-06-12,STR012,PRD00534,1,97.09,0.0,97.09,80.59,Debit Card,Regular
SAL20250055446,2025-06-12,STR039,PRD01064,3,155.0,0.0,465.0,235.89,Credit Card,Regular
SAL20250055447,2025-06-06,STR034,PRD00678,2,3485.6,0.0,6971.2,4509.82,UPI,Premium
SAL20250055448,2025-06-09,STR026,PRD00086,1,22194.93,0.0,22194.93,15176.58,UPI,Premium
SAL20250055449,2025-06-12,STR011,PRD01051,4,694.43,0.0,2777.72,1416.76,Debit Card,Premium
SAL20250055450,2025-06-25,STR002,PRD00496,2,1047.75,0.0,2095.5,1804.88,Cash,Walk-in
SAL20250055451,2025-06-30,STR041,PRD00029,1,24663.79,0.0,24663.79,16157.43,UPI,Regular
SAL20250055452,2025-06-17,STR011,PRD00653,4,614.39,0.0,2457.56,1791.04,Credit Card,Walk-in
SAL20250055453,2025-06-26,STR015,PRD00634,1,509.03,0.1,458.13,298.96,Net Banking,Regular
SAL20250055454,2025-06-30,STR014,PRD00124,1,10921.57,0.0,10921.57,7123.55,UPI,Regular
SAL20250055455,2025-06-30,STR010,PRD00124,1,10921.57,0.0,10921.57,7123.55,UPI,Walk-in
SAL20250055456,2025-06-29,STR037,PRD00145,1,2570.9,0.0,2570.9,1687.81,UPI,Premium
SAL20250055457,2025-06-20,STR041,PRD00918,1,2741.1,0.0,2741.1,1987.44,Credit Card,Regular
SAL20250055458,2025-06-23,STR035,PRD00490,1,177.23,0.0,177.23,138.31,UPI,Walk-in
SAL20250055459,2025-06-02,STR039,PRD00790,1,1379.35,0.0,1379.35,902.72,UPI,Walk-in
SAL20250055460,2025-06-19,STR019,PRD00373,2,159.48,0.05,303.01,171.08,UPI,Regular
SAL20250055461,2025-06-24,STR001,PRD00622,6,644.0,0.0,3864.0,2398.74,Credit Card,Regular
SAL20250055462,2025-06-12,STR029,PRD01022,1,1023.04,0.0,1023.04,628.51,Credit Card,Regular
SAL20250055463,2025-06-28,STR029,PRD00616,4,565.82,0.0,2263.28,1256.52,UPI,Regular
SAL20250055464,2025-06-20,STR030,PRD00280,1,605.7,0.0,605.7,311.37,UPI,Premium
SAL20250055465,2025-06-22,STR009,PRD00526,1,712.58,0.0,712.58,592.24,Credit Card,Premium
SAL20250055466,2025-06-05,STR010,PRD00081,1,19888.54,0.0,19888.54,13106.38,Credit Card,Walk-in
SAL20250055467,2025-06-16,STR015,PRD01072,2,354.49,0.0,708.98,440.0,Cash,Walk-in
SAL20250055468,2025-06-26,STR020,PRD00960,1,572.91,0.0,572.91,382.4,UPI,Walk-in
SAL20250055469,2025-06-01,STR011,PRD00962,4,708.41,0.0,2833.64,1582.72,UPI,Regular
SAL20250055470,2025-06-15,STR041,PRD00970,2,370.51,0.05,703.97,479.54,UPI,Regular
SAL20250055471,2025-06-13,STR037,PRD00142,1,4154.89,0.0,4154.89,2736.44,Cash,Premium
SAL20250055472,2025-06-22,STR010,PRD00837,2,4012.56,0.0,8025.12,4737.28,Debit Card,Regular
SAL20250055473,2025-06-25,STR038,PRD00839,1,2839.58,0.05,2697.6,1814.97,UPI,Walk-in
SAL20250055474,2025-06-03,STR038,PRD00578,1,577.23,0.0,577.23,422.81,UPI,Premium
SAL20250055475,2025-06-05,STR024,PRD00616,2,565.82,0.0,1131.64,628.26,Cash,Regular
SAL20250055476,2025-06-14,STR005,PRD01010,2,762.29,0.0,1524.58,799.04,Debit Card,Regular
SAL20250055477,2025-06-07,STR001,PRD00401,1,743.9,0.0,743.9,628.4,Cash,Regular
SAL20250055478,2025-06-19,STR037,PRD00393,1,526.25,0.0,526.25,344.18,UPI,Walk-in
SAL20250055479,2025-06-18,STR016,PRD00541,2,685.8,0.0,1371.6,811.14,Credit Card,Walk-in
SAL20250055480,2025-06-17,STR007,PRD00657,3,272.71,0.0,818.13,482.52,Cash,Walk-in
SAL20250055481,2025-06-12,STR028,PRD00100,1,14294.81,0.0,14294.81,9774.86,Credit Card,Regular
SAL20250055482,2025-06-05,STR014,PRD00892,2,2494.33,0.0,4988.66,3484.02,Credit Card,Regular
SAL20250055483,2025-06-30,STR014,PRD00114,1,17643.2,0.0,17643.2,12306.0,UPI,Regular
SAL20250055484,2025-06-24,STR010,PRD01179,1,3455.57,0.0,3455.57,2074.52,Credit Card,Regular
SAL20250055485,2025-06-14,STR037,PRD00894,2,2403.9,0.0,4807.8,3216.32,Cash,Walk-in
SAL20250055486,2025-06-18,STR002,PRD00436,2,630.05,0.0,1260.1,1015.4,Net Banking,Regular
SAL20250055487,2025-06-17,STR034,PRD00446,3,1037.38,0.1,2800.93,2644.23,Debit Card,Regular
SAL20250055488,2025-06-13,STR019,PRD00010,1,14520.45,0.0,14520.45,11774.44,UPI,Walk-in
SAL20250055489,2025-06-27,STR019,PRD00703,3,940.1,0.0,2820.3,2101.65,Cash,Regular
SAL20250055490,2025-06-27,STR003,PRD00395,2,562.56,0.0,1125.12,746.56,Debit Card,Walk-in
SAL20250055491,2025-06-22,STR029,PRD00355,3,304.11,0.0,912.33,491.4,Debit Card,Regular
SAL20250055492,2025-06-27,STR037,PRD00441,1,853.01,0.0,853.01,707.08,Credit Card,Walk-in
SAL20250055493,2025-06-17,STR014,PRD00874,2,3195.38,0.0,6390.76,4664.96,Debit Card,Walk-in
SAL20250055494,2025-06-09,STR005,PRD00826,1,174.23,0.05,165.52,120.2,UPI,Walk-in
SAL20250055495,2025-06-19,STR008,PRD00382,2,534.11,0.0,1068.22,585.82,Cash,Regular
SAL20250055496,2025-06-02,STR008,PRD00541,1,685.8,0.0,685.8,405.57,Debit Card,Walk-in
SAL20250055497,2025-06-12,STR038,PRD00026,1,4182.92,0.0,4182.92,3047.01,UPI,Regular
SAL20250055498,2025-06-17,STR020,PRD01189,1,5263.0,0.0,5263.0,2237.37,UPI,Regular
SAL20250055499,2025-06-05,STR003,PRD00074,1,17249.82,0.0,17249.82,11809.64,UPI,Walk-in
SAL20250055500,2025-06-20,STR027,PRD00770,1,1474.46,0.0,1474.46,1090.39,Debit Card,Walk-in
SAL20250055501,2025-06-11,STR032,PRD00385,3,460.87,0.0,1382.61,835.56,UPI,Regular
SAL20250055502,2025-06-24,STR037,PRD01167,2,1364.58,0.0,2729.16,1671.32,UPI,Walk-in
SAL20250055503,2025-06-12,STR029,PRD00148,1,6813.06,0.1,6131.75,4694.28,Debit Card,Walk-in
SAL20250055504,2025-06-02,STR015,PRD00110,1,26501.66,0.0,26501.66,18492.65,UPI,Premium
SAL20250055505,2025-06-13,STR012,PRD00714,2,1837.1,0.0,3674.2,2696.02,UPI,Walk-in
SAL20250055506,2025-06-26,STR016,PRD01150,2,4074.75,0.0,8149.5,4744.08,UPI,Regular
SAL20250055507,2025-06-20,STR034,PRD00537,1,133.85,0.0,133.85,78.78,UPI,Regular
SAL20250055508,2025-06-02,STR007,PRD00646,2,108.22,0.0,216.44,131.58,UPI,Regular
SAL20250055509,2025-06-26,STR006,PRD00943,2,787.16,0.0,1574.32,1064.88,UPI,Walk-in
SAL20250055510,2025-06-14,STR032,PRD01039,1,616.85,0.0,616.85,393.94,UPI,Regular
SAL20250055511,2025-06-29,STR012,PRD00546,4,854.43,0.0,3417.72,1895.6,Net Banking,Premium
SAL20250055512,2025-06-10,STR041,PRD00214,1,9551.75,0.0,9551.75,6869.66,Credit Card,Walk-in
SAL20250055513,2025-06-21,STR017,PRD01102,2,845.86,0.1,1522.55,706.72,UPI,Walk-in
SAL20250055514,2025-06-07,STR040,PRD01133,1,8197.9,0.0,8197.9,3765.02,Debit Card,Premium
SAL20250055515,2025-06-18,STR041,PRD00603,1,196.91,0.05,187.06,130.96,UPI,Walk-in
SAL20250055516,2025-06-14,STR031,PRD00926,1,683.78,0.0,683.78,481.25,Net Banking,Premium
SAL20250055517,2025-06-15,STR037,PRD00554,2,805.55,0.0,1611.1,932.82,UPI,Regular
SAL20250055518,2025-06-13,STR010,PRD00724,1,2856.14,0.0,2856.14,1594.41,Credit Card,Premium
SAL20250055519,2025-06-29,STR007,PRD00631,2,725.12,0.0,1450.24,838.92,Credit Card,Regular
SAL20250055520,2025-06-20,STR023,PRD00232,1,6785.18,0.0,6785.18,4843.37,Credit Card,Regular
SAL20250055521,2025-06-08,STR040,PRD00013,1,17378.5,0.0,17378.5,12862.09,UPI,Walk-in
SAL20250055522,2025-06-18,STR030,PRD00700,1,4752.07,0.0,4752.07,2864.63,Credit Card,Regular
SAL20250055523,2025-06-24,STR009,PRD00711,1,1868.86,0.0,1868.86,1355.68,Credit Card,Walk-in
SAL20250055524,2025-06-05,STR029,PRD01179,2,3455.57,0.0,6911.14,4149.04,Credit Card,Regular
SAL20250055525,2025-06-03,STR003,PRD00241,1,7381.55,0.0,7381.55,5583.94,UPI,Regular
SAL20250055526,2025-06-30,STR027,PRD00349,1,152.26,0.0,152.26,83.87,UPI,Walk-in
SAL20250055527,2025-06-27,STR041,PRD00579,1,398.71,0.0,398.71,292.17,Credit Card,Walk-in
SAL20250055528,2025-06-26,STR035,PRD00158,1,3798.87,0.0,3798.87,2582.44,Debit Card,Walk-in
SAL20250055529,2025-06-07,STR020,PRD00572,1,728.84,0.0,728.84,468.84,Credit Card,Regular
SAL20250055530,2025-06-20,STR002,PRD00968,3,316.7,0.0,950.1,476.28,UPI,Regular
SAL20250055531,2025-06-15,STR029,PRD00918,2,2741.1,0.0,5482.2,3974.88,Credit Card,Walk-in
SAL20250055532,2025-06-01,STR008,PRD00396,2,713.53,0.05,1355.71,909.4,Cash,Regular
SAL20250055533,2025-06-05,STR039,PRD00652,1,210.65,0.0,210.65,137.0,Debit Card,Corporate
SAL20250055534,2025-06-08,STR036,PRD01123,3,3145.87,0.0,9437.61,5706.78,Credit Card,Regular
SAL20250055535,2025-06-04,STR015,PRD00325,2,1273.47,0.0,2546.94,1174.02,Net Banking,Regular
SAL20250055536,2025-06-21,STR032,PRD00750,2,3884.81,0.0,7769.62,4289.96,Debit Card,Regular
SAL20250055537,2025-06-19,STR024,PRD01057,2,52.31,0.0,104.62,66.6,UPI,Regular
SAL20250055538,2025-06-02,STR017,PRD00930,1,4102.13,0.0,4102.13,2365.34,UPI,Premium
SAL20250055539,2025-06-07,STR013,PRD00564,2,566.41,0.0,1132.82,695.94,Credit Card,Premium
SAL20250055540,2025-06-19,STR006,PRD01021,2,582.28,0.0,1164.56,756.24,Credit Card,Regular
SAL20250055541,2025-06-18,STR032,PRD01139,1,4060.77,0.0,4060.77,1844.56,Credit Card,Walk-in
SAL20250055542,2025-06-06,STR015,PRD00679,1,2876.53,0.0,2876.53,1865.54,UPI,Regular
SAL20250055543,2025-06-30,STR022,PRD00157,1,5982.96,0.05,5683.81,4355.19,UPI,Walk-in
SAL20250055544,2025-06-04,STR039,PRD00723,2,1757.3,0.0,3514.6,2195.92,Credit Card,Premium
SAL20250055545,2025-06-02,STR028,PRD00558,3,353.1,0.05,1006.34,729.9,Credit Card,Regular
SAL20250055546,2025-06-06,STR008,PRD00959,2,664.61,0.0,1329.22,805.38,Credit Card,Regular
SAL20250055547,2025-06-05,STR004,PRD00426,1,496.18,0.05,471.37,415.87,UPI,Regular
SAL20250055548,2025-06-21,STR011,PRD00751,1,3034.29,0.0,3034.29,1940.36,UPI,Regular
SAL20250055549,2025-06-02,STR028,PRD00089,1,24330.95,0.0,24330.95,18400.64,Credit Card,Regular
SAL20250055550,2025-06-04,STR005,PRD01156,2,3916.29,0.05,7440.95,4535.54,UPI,Regular
SAL20250055551,2025-06-21,STR012,PRD00097,1,19452.93,0.0,19452.93,14437.86,Credit Card,Walk-in
SAL20250055552,2025-06-02,STR029,PRD00652,1,210.65,0.0,210.65,137.0,Credit Card,Walk-in
SAL20250055553,2025-06-11,STR027,PRD00731,3,2513.85,0.0,7541.55,4746.15,Credit Card,Regular
SAL20250055554,2025-06-21,STR032,PRD00127,1,14293.97,0.0,14293.97,10567.08,UPI,Regular
SAL20250055555,2025-06-21,STR010,PRD00428,1,311.12,0.1,280.01,244.75,Cash,Regular
SAL20250055556,2025-06-06,STR035,PRD01052,3,462.25,0.0,1386.75,969.0,Debit Card,Premium
SAL20250055557,2025-06-25,STR024,PRD01034,1,310.11,0.0,310.11,217.72,Debit Card,Regular
SAL20250055558,2025-06-21,STR003,PRD00776,2,1145.74,0.0,2291.48,1369.52,Cash,Walk-in
SAL20250055559,2025-06-17,STR038,PRD00672,2,4427.9,0.05,8413.01,6027.68,UPI,Premium
SAL20250055560,2025-06-16,STR008,PRD00881,2,802.33,0.0,1604.66,1067.02,Net Banking,Walk-in
SAL20250055561,2025-06-21,STR007,PRD00792,1,5089.33,0.0,5089.33,2925.34,UPI,Corporate
SAL20250055562,2025-06-17,STR013,PRD00439,2,122.61,0.0,245.22,191.22,Cash,Walk-in
SAL20250055563,2025-06-24,STR010,PRD01059,2,553.69,0.0,1107.38,736.72,Debit Card,Walk-in
SAL20250055564,2025-06-29,STR036,PRD00973,3,291.44,0.05,830.6,470.73,UPI,Walk-in
SAL20250055565,2025-06-24,STR013,PRD00749,1,4060.84,0.0,4060.84,2444.77,Debit Card,Walk-in
SAL20250055566,2025-06-02,STR016,PRD00488,2,995.48,0.05,1891.41,1671.72,UPI,Regular
SAL20250055567,2025-06-20,STR035,PRD00554,2,805.55,0.0,1611.1,932.82,UPI,Regular
SAL20250055568,2025-06-15,STR006,PRD00575,4,90.77,0.0,363.08,268.32,Debit Card,Regular
SAL20250055569,2025-06-26,STR020,PRD00705,1,488.73,0.0,488.73,328.43,UPI,Regular
SAL20250055570,2025-06-16,STR017,PRD00166,1,4039.27,0.0,4039.27,2471.0,UPI,Walk-in
SAL20250055571,2025-06-02,STR005,PRD00551,2,585.58,0.0,1171.16,861.14,UPI,Regular
SAL20250055572,2025-06-11,STR038,PRD00474,3,108.22,0.05,308.43,268.11,Cash,Walk-in
SAL20250055573,2025-06-09,STR035,PRD00538,2,57.89,0.0,115.78,83.56,Credit Card,Premium
SAL20250055574,2025-06-07,STR020,PRD00839,3,2839.58,0.0,8518.74,5444.91,Credit Card,Walk-in
SAL20250055575,2025-06-01,STR021,PRD00001,1,21322.84,0.0,21322.84,15337.08,Debit Card,Walk-in
SAL20250055576,2025-06-30,STR017,PRD01063,2,747.32,0.0,1494.64,976.78,Credit Card,Regular
SAL20250055577,2025-06-25,STR035,PRD00528,3,1118.04,0.0,3354.12,2839.02,Credit Card,Walk-in
SAL20250055578,2025-06-05,STR020,PRD00518,2,1000.64,0.0,2001.28,1536.86,Cash,Regular
SAL20250055579,2025-06-14,STR019,PRD00370,2,676.23,0.1,1217.21,902.66,UPI,Premium
SAL20250055580,2025-06-15,STR034,PRD01058,3,211.57,0.0,634.71,435.06,Net Banking,Walk-in
SAL20250055581,2025-06-17,STR002,PRD00710,1,4042.5,0.05,3840.38,2223.99,Debit Card,Regular
SAL20250055582,2025-06-15,STR030,PRD00773,2,733.06,0.0,1466.12,1036.9,Net Banking,Regular
SAL20250055583,2025-06-09,STR024,PRD00887,1,2006.5,0.0,2006.5,1169.69,UPI,Regular
SAL20250055584,2025-06-10,STR021,PRD00280,1,605.7,0.05,575.41,311.37,Cash,Regular
SAL20250055585,2025-06-18,STR013,PRD00912,2,532.47,0.0,1064.94,612.6,UPI,Regular
SAL20250055586,2025-06-12,STR021,PRD00847,1,2294.5,0.0,2294.5,1617.12,Credit Card,Regular
SAL20250055587,2025-06-15,STR041,PRD00686,1,3692.38,0.0,3692.38,2113.83,UPI,Regular
SAL20250055588,2025-06-26,STR020,PRD00585,2,401.86,0.1,723.35,579.3,UPI,Regular
SAL20250055589,2025-06-03,STR015,PRD01061,3,1015.91,0.0,3047.73,1606.59,Credit Card,Regular
SAL20250055590,2025-06-25,STR004,PRD00645,2,456.66,0.0,913.32,660.84,UPI,Regular
SAL20250055591,2025-06-25,STR027,PRD00726,1,2171.72,0.05,2063.13,1497.85,Credit Card,Regular
SAL20250055592,2025-06-19,STR022,PRD00166,1,4039.27,0.05,3837.31,2471.0,Debit Card,Walk-in
SAL20250055593,2025-06-15,STR020,PRD00960,1,572.91,0.0,572.91,382.4,UPI,Premium
SAL20250055594,2025-06-26,STR015,PRD00873,2,687.87,0.0,1375.74,982.9,Debit Card,Regular
SAL20250055595,2025-06-17,STR034,PRD00529,1,569.27,0.0,569.27,490.31,UPI,Walk-in
SAL20250055596,2025-06-24,STR032,PRD01055,1,428.04,0.0,428.04,266.57,Credit Card,Walk-in
SAL20250055597,2025-06-18,STR022,PRD00105,1,9145.0,0.1,8230.5,7010.14,UPI,Premium
SAL20250055598,2025-06-10,STR006,PRD00181,1,4428.73,0.0,4428.73,3239.36,UPI,Regular
SAL20250055599,2025-06-17,STR009,PRD01068,1,5954.4,0.0,5954.4,3495.2,UPI,Regular
SAL20250055600,2025-06-25,STR033,PRD00514,6,1177.91,0.0,7067.46,5485.98,UPI,Walk-in
SAL20250055601,2025-06-05,STR040,PRD00258,1,2441.64,0.0,2441.64,1594.77,Net Banking,Walk-in
SAL20250055602,2025-06-08,STR033,PRD00574,1,560.83,0.0,560.83,338.56,Debit Card,Regular
SAL20250055603,2025-06-21,STR013,PRD00923,1,3811.45,0.05,3620.88,2262.33,Credit Card,Walk-in
SAL20250055604,2025-06-17,STR032,PRD00075,2,9132.03,0.0,18264.06,14085.18,UPI,Regular
SAL20250055605,2025-06-18,STR034,PRD01034,5,310.11,0.0,1550.55,1088.6,UPI,Regular
SAL20250055606,2025-06-30,STR039,PRD01056,1,449.88,0.0,449.88,302.01,Debit Card,Premium
SAL20250055607,2025-06-26,STR015,PRD01147,1,6760.77,0.0,6760.77,3863.28,Cash,Premium
SAL20250055608,2025-06-12,STR015,PRD00689,2,492.79,0.0,985.58,665.66,UPI,Premium
SAL20250055609,2025-06-03,STR034,PRD00816,1,1448.92,0.0,1448.92,857.39,UPI,Regular
SAL20250055610,2025-06-30,STR009,PRD00682,4,3799.71,0.0,15198.84,9789.12,Credit Card,Walk-in
SAL20250055611,2025-06-16,STR023,PRD01068,2,5954.4,0.0,11908.8,6990.4,Credit Card,Walk-in
SAL20250055612,2025-06-15,STR009,PRD00182,1,1682.57,0.0,1682.57,1144.55,UPI,Walk-in
SAL20250055613,2025-06-24,STR034,PRD01117,4,2651.1,0.0,10604.4,5787.2,Cash,Regular
SAL20250055614,2025-06-17,STR016,PRD00374,1,1242.75,0.0,1242.75,738.33,UPI,Regular
SAL20250055615,2025-06-19,STR009,PRD00896,1,255.31,0.0,255.31,145.03,UPI,Regular
SAL20250055616,2025-06-10,STR020,PRD00618,4,249.13,0.0,996.52,732.12,Credit Card,Regular
SAL20250055617,2025-06-05,STR033,PRD00381,3,931.15,0.0,2793.45,1593.84,Cash,Walk-in
SAL20250055618,2025-06-04,STR027,PRD00076,1,13611.14,0.0,13611.14,10725.57,UPI,Walk-in
SAL20250055619,2025-06-19,STR013,PRD00404,6,695.46,0.1,3755.48,3626.28,Cash,Walk-in
SAL20250055620,2025-06-27,STR022,PRD00613,1,239.41,0.0,239.41,178.61,UPI,Regular
SAL20250055621,2025-06-10,STR003,PRD00399,2,1354.99,0.0,2709.98,1294.26,Net Banking,Walk-in
SAL20250055622,2025-06-08,STR014,PRD00524,1,128.85,0.0,128.85,106.5,Cash,Regular
SAL20250055623,2025-06-27,STR001,PRD01045,1,910.12,0.0,910.12,471.24,Cash,Premium
SAL20250055624,2025-06-18,STR019,PRD00155,2,2214.51,0.0,4429.02,3304.38,Credit Card,Regular
SAL20250055625,2025-06-08,STR031,PRD00428,3,311.12,0.1,840.02,734.25,Debit Card,Walk-in
SAL20250055626,2025-06-21,STR006,PRD00192,2,3362.18,0.0,6724.36,4341.02,UPI,Regular
SAL20250055627,2025-06-07,STR016,PRD00236,1,5591.1,0.0,5591.1,3989.78,Debit Card,Regular
SAL20250055628,2025-06-29,STR023,PRD00351,1,802.18,0.05,762.07,503.24,Debit Card,Corporate
SAL20250055629,2025-06-26,STR035,PRD01157,2,8076.82,0.0,16153.64,8530.82,UPI,Regular
SAL20250055630,2025-06-21,STR005,PRD00219,1,1404.86,0.0,1404.86,998.92,UPI,Walk-in
SAL20250055631,2025-06-08,STR038,PRD00429,1,725.58,0.0,725.58,550.01,Credit Card,Regular
SAL20250056402,2025-06-05,STR030,PRD00695,3,2280.88,0.1,6158.38,3829.38,Cash,Premium
SAL20250055633,2025-06-14,STR012,PRD00752,3,4535.72,0.0,13607.16,9068.67,Credit Card,Corporate
SAL20250055634,2025-06-12,STR041,PRD00372,2,542.7,0.1,976.86,551.96,UPI,Corporate
SAL20250055635,2025-06-27,STR005,PRD00264,1,4452.38,0.0,4452.38,3172.04,Credit Card,Premium
SAL20250055636,2025-06-26,STR036,PRD01018,1,139.93,0.0,139.93,88.8,Credit Card,Regular
SAL20250055637,2025-06-26,STR006,PRD00564,2,566.41,0.05,1076.18,695.94,Credit Card,Walk-in
SAL20250055638,2025-06-22,STR001,PRD00128,1,13672.72,0.0,13672.72,8963.81,Net Banking,Regular
SAL20250055639,2025-06-27,STR010,PRD00345,3,670.76,0.0,2012.28,1181.64,Debit Card,Regular
SAL20250055640,2025-06-05,STR011,PRD01050,1,562.12,0.0,562.12,329.14,UPI,Regular
SAL20250055641,2025-06-05,STR034,PRD00785,3,4604.98,0.05,13124.19,8264.49,Debit Card,Regular
SAL20250055642,2025-06-03,STR002,PRD00604,10,254.69,0.0,2546.9,1519.0,Credit Card,Corporate
SAL20250055643,2025-06-20,STR031,PRD00966,1,814.75,0.0,814.75,526.45,Net Banking,Regular
SAL20250055644,2025-06-08,STR034,PRD00423,6,256.23,0.0,1537.38,1283.4,UPI,Walk-in
SAL20250055645,2025-06-30,STR024,PRD00348,1,1231.54,0.0,1231.54,694.06,UPI,Regular
SAL20250055646,2025-06-18,STR037,PRD00517,5,252.82,0.05,1200.89,1015.15,Debit Card,Walk-in
SAL20250055647,2025-06-23,STR037,PRD01180,3,9129.62,0.0,27388.86,12731.43,Debit Card,Premium
SAL20250055648,2025-06-28,STR025,PRD00707,1,2433.38,0.0,2433.38,1626.72,UPI,Regular
SAL20250055649,2025-06-29,STR035,PRD00787,2,291.05,0.0,582.1,378.28,UPI,Premium
SAL20250055650,2025-06-01,STR014,PRD00262,3,10754.4,0.05,30650.04,24190.32,Cash,Walk-in
SAL20250055651,2025-06-28,STR029,PRD00179,1,5253.14,0.0,5253.14,3207.54,Credit Card,Corporate
SAL20250055652,2025-06-07,STR020,PRD00720,1,3749.56,0.0,3749.56,2104.95,Credit Card,Corporate
SAL20250055653,2025-06-30,STR024,PRD00152,1,8357.62,0.0,8357.62,5421.82,Cash,Walk-in
SAL20250055654,2025-06-26,STR040,PRD00345,4,670.76,0.0,2683.04,1575.52,UPI,Walk-in
SAL20250055655,2025-06-29,STR009,PRD00725,4,2084.99,0.0,8339.96,6046.76,UPI,Premium
SAL20250055656,2025-06-10,STR040,PRD00643,1,345.09,0.1,310.58,217.6,Credit Card,Premium
SAL20250055657,2025-06-24,STR041,PRD00287,1,550.08,0.0,550.08,274.34,UPI,Premium
SAL20250055658,2025-06-24,STR030,PRD01127,1,730.99,0.0,730.99,319.39,Cash,Walk-in
SAL20250055659,2025-06-28,STR014,PRD00108,1,22607.14,0.0,22607.14,15802.22,UPI,Regular
SAL20250055660,2025-06-21,STR010,PRD00771,1,2601.02,0.0,2601.02,1436.13,UPI,Walk-in
SAL20250055661,2025-06-15,STR008,PRD00460,1,816.3,0.0,816.3,667.77,UPI,Walk-in
SAL20250055662,2025-06-01,STR038,PRD01001,1,315.54,0.0,315.54,178.37,UPI,Walk-in
SAL20250055663,2025-06-24,STR040,PRD00468,2,180.53,0.1,324.95,296.64,Credit Card,Corporate
SAL20250055664,2025-06-26,STR018,PRD00688,2,2802.62,0.0,5605.24,4177.68,Credit Card,Walk-in
SAL20250055665,2025-06-06,STR027,PRD00304,2,1052.14,0.0,2104.28,1447.62,UPI,Walk-in
SAL20250055666,2025-06-05,STR014,PRD00612,3,287.57,0.1,776.44,637.29,Cash,Regular
SAL20250055667,2025-06-28,STR001,PRD00597,2,765.55,0.0,1531.1,887.64,UPI,Regular
SAL20250055668,2025-06-22,STR034,PRD00857,1,3027.87,0.0,3027.87,2160.84,Credit Card,Walk-in
SAL20250055669,2025-06-29,STR025,PRD00585,6,401.86,0.0,2411.16,1737.9,Credit Card,Walk-in
SAL20250055670,2025-06-25,STR017,PRD00752,1,4535.72,0.0,4535.72,3022.89,UPI,Walk-in
SAL20250055671,2025-06-03,STR028,PRD00888,1,2557.48,0.0,2557.48,1725.04,Cash,Regular
SAL20250055672,2025-06-17,STR009,PRD00027,1,21177.44,0.0,21177.44,15886.64,Debit Card,Walk-in
SAL20250055673,2025-06-21,STR002,PRD00972,5,1079.34,0.0,5396.7,3145.0,Debit Card,Premium
SAL20250055674,2025-06-19,STR020,PRD00646,1,108.22,0.0,108.22,65.79,UPI,Regular
SAL20250055675,2025-06-29,STR020,PRD00197,1,4849.89,0.0,4849.89,3779.03,UPI,Walk-in
SAL20250055676,2025-06-11,STR032,PRD00853,2,3236.74,0.0,6473.48,3736.28,UPI,Walk-in
SAL20250055677,2025-06-19,STR003,PRD00883,1,2575.75,0.0,2575.75,1437.48,UPI,Walk-in
SAL20250055678,2025-06-26,STR007,PRD00371,1,199.9,0.0,199.9,113.45,Credit Card,Regular
SAL20250055679,2025-06-19,STR005,PRD00856,1,1871.17,0.0,1871.17,1212.57,Credit Card,Regular
SAL20250055680,2025-06-16,STR006,PRD00538,6,57.89,0.0,347.34,250.68,Cash,Walk-in
SAL20250055681,2025-06-12,STR008,PRD00708,1,2849.79,0.0,2849.79,1883.15,Credit Card,Regular
SAL20250055682,2025-06-14,STR015,PRD00163,1,12710.38,0.05,12074.86,7712.99,Credit Card,Regular
SAL20250055683,2025-06-09,STR032,PRD00617,1,496.18,0.1,446.56,363.01,UPI,Corporate
SAL20250055684,2025-06-02,STR019,PRD00008,1,14817.35,0.0,14817.35,10393.47,Credit Card,Regular
SAL20250055685,2025-06-17,STR009,PRD00268,1,1061.68,0.0,1061.68,520.26,Credit Card,Regular
SAL20250055686,2025-06-24,STR038,PRD00766,1,1923.71,0.0,1923.71,1367.99,UPI,Walk-in
SAL20250055687,2025-06-12,STR010,PRD00091,1,21335.5,0.0,21335.5,15504.58,Credit Card,Regular
SAL20250055688,2025-06-28,STR031,PRD00074,1,17249.82,0.0,17249.82,11809.64,UPI,Walk-in
SAL20250055689,2025-06-29,STR020,PRD00921,1,3248.47,0.0,3248.47,1833.94,UPI,Walk-in
SAL20250055690,2025-06-27,STR007,PRD00784,4,1985.25,0.05,7543.95,5208.16,Debit Card,Walk-in
SAL20250055691,2025-06-06,STR025,PRD00783,1,2295.14,0.0,2295.14,1443.25,UPI,Walk-in
SAL20250055692,2025-06-05,STR010,PRD00892,1,2494.33,0.0,2494.33,1742.01,UPI,Walk-in
SAL20250055693,2025-06-01,STR008,PRD00794,4,5386.59,0.0,21546.36,12641.72,UPI,Premium
SAL20250055694,2025-06-14,STR034,PRD00867,2,798.49,0.0,1596.98,915.52,Cash,Premium
SAL20250055695,2025-06-19,STR038,PRD00793,3,2445.38,0.0,7336.14,4216.23,Credit Card,Premium
SAL20250055696,2025-06-29,STR016,PRD00289,1,1047.34,0.0,1047.34,607.0,Net Banking,Walk-in
SAL20250055697,2025-06-25,STR032,PRD00600,1,709.55,0.0,709.55,469.16,Debit Card,Regular
SAL20250055698,2025-06-26,STR041,PRD00935,1,821.43,0.05,780.36,586.1,UPI,Regular
SAL20250055699,2025-06-14,STR026,PRD00137,1,8245.04,0.05,7832.79,6423.44,Credit Card,Regular
SAL20250055700,2025-06-17,STR006,PRD00527,1,938.3,0.0,938.3,741.27,Credit Card,Premium
SAL20250055701,2025-06-20,STR026,PRD00684,2,3989.77,0.05,7580.56,4931.08,Credit Card,Premium
SAL20250055702,2025-06-30,STR016,PRD01067,2,922.58,0.05,1752.9,1129.68,UPI,Walk-in
SAL20250055703,2025-06-20,STR024,PRD01185,2,2223.59,0.0,4447.18,1849.7,Credit Card,Regular
SAL20250055704,2025-06-14,STR012,PRD00013,1,17378.5,0.0,17378.5,12862.09,Debit Card,Regular
SAL20250055705,2025-06-14,STR008,PRD00844,2,3943.03,0.0,7886.06,4449.14,Credit Card,Walk-in
SAL20250055706,2025-06-16,STR016,PRD00604,1,254.69,0.0,254.69,151.9,UPI,Premium
SAL20250055707,2025-06-16,STR037,PRD00471,1,607.66,0.0,607.66,495.35,UPI,Regular
SAL20250055708,2025-06-15,STR038,PRD01064,1,155.0,0.0,155.0,78.63,Credit Card,Regular
SAL20250055709,2025-06-11,STR040,PRD00651,1,368.8,0.1,331.92,256.48,Credit Card,Walk-in
SAL20250055710,2025-06-26,STR016,PRD00340,1,956.64,0.0,956.64,556.08,Credit Card,Regular
SAL20250055711,2025-06-28,STR028,PRD00081,1,19888.54,0.0,19888.54,13106.38,UPI,Premium
SAL20250055712,2025-06-04,STR004,PRD00741,1,2848.85,0.0,2848.85,2028.89,UPI,Walk-in
SAL20250055713,2025-06-14,STR040,PRD00556,1,634.75,0.0,634.75,470.98,Cash,Walk-in
SAL20250055714,2025-06-16,STR034,PRD01066,1,424.4,0.1,381.96,252.99,Credit Card,Walk-in
SAL20250055715,2025-06-09,STR039,PRD00158,1,3798.87,0.0,3798.87,2582.44,UPI,Corporate
SAL20250055716,2025-06-04,STR009,PRD01048,2,623.5,0.1,1122.3,830.38,UPI,Premium
SAL20250055717,2025-06-25,STR035,PRD00533,2,799.67,0.0,1599.34,1324.12,UPI,Premium
SAL20250055718,2025-06-13,STR020,PRD00844,1,3943.03,0.05,3745.88,2224.57,UPI,Premium
SAL20250055719,2025-06-15,STR041,PRD00140,1,6378.06,0.0,6378.06,4851.7,UPI,Walk-in
SAL20250055720,2025-06-16,STR033,PRD00411,4,779.25,0.05,2961.15,2527.4,Credit Card,Regular
SAL20250055721,2025-06-30,STR033,PRD00464,1,598.64,0.0,598.64,458.49,UPI,Walk-in
SAL20250055722,2025-06-18,STR029,PRD00134,1,19404.79,0.0,19404.79,14953.78,Credit Card,Premium
SAL20250055723,2025-06-20,STR028,PRD00585,4,401.86,0.0,1607.44,1158.6,Debit Card,Regular
SAL20250055724,2025-06-30,STR024,PRD00151,1,5709.55,0.0,5709.55,3733.65,UPI,Premium
SAL20250055725,2025-06-06,STR007,PRD00141,1,2559.21,0.0,2559.21,1944.29,Credit Card,Walk-in
SAL20250055726,2025-06-25,STR021,PRD01107,3,1600.76,0.0,4802.28,2205.39,UPI,Regular
SAL20250055727,2025-06-13,STR030,PRD00436,2,630.05,0.0,1260.1,1015.4,UPI,Walk-in
SAL20250055728,2025-06-13,STR027,PRD00576,2,451.26,0.0,902.52,661.12,UPI,Walk-in
SAL20250055729,2025-06-02,STR040,PRD00453,4,1257.16,0.0,5028.64,3785.48,Credit Card,Walk-in
SAL20250055730,2025-06-27,STR032,PRD00353,2,948.44,0.0,1896.88,1059.62,UPI,Walk-in
SAL20250055731,2025-06-19,STR039,PRD00180,1,3550.84,0.0,3550.84,2526.78,Net Banking,Walk-in
SAL20250055732,2025-06-22,STR028,PRD00418,1,378.6,0.0,378.6,315.43,UPI,Regular
SAL20250055733,2025-06-25,STR034,PRD00430,1,129.33,0.0,129.33,108.7,Debit Card,Regular
SAL20250055734,2025-06-25,STR038,PRD00865,1,2254.56,0.0,2254.56,1423.93,Debit Card,Regular
SAL20250055735,2025-06-04,STR002,PRD00690,1,3635.92,0.05,3454.12,2397.42,Net Banking,Regular
SAL20250055736,2025-06-07,STR022,PRD00814,2,3265.17,0.1,5877.31,3778.74,Credit Card,Walk-in
SAL20250055737,2025-06-25,STR019,PRD00518,3,1000.64,0.1,2701.73,2305.29,UPI,Regular
SAL20250055738,2025-06-02,STR016,PRD01135,1,2481.4,0.0,2481.4,1259.74,UPI,Walk-in
SAL20250055739,2025-06-08,STR039,PRD01003,1,278.9,0.0,278.9,146.32,Credit Card,Regular
SAL20250055740,2025-06-07,STR026,PRD00448,1,612.68,0.0,612.68,518.56,UPI,Regular
SAL20250055741,2025-06-20,STR002,PRD00178,1,9669.95,0.0,9669.95,6949.73,Debit Card,Walk-in
SAL20250055742,2025-06-30,STR029,PRD00812,1,3142.68,0.0,3142.68,1823.3,Debit Card,Corporate
SAL20250055743,2025-06-30,STR035,PRD00390,2,1246.69,0.0,2493.38,1570.66,UPI,Walk-in
SAL20250055744,2025-06-17,STR041,PRD00380,1,304.64,0.0,304.64,210.5,Cash,Regular
SAL20250055745,2025-06-19,STR006,PRD00261,1,8333.44,0.0,8333.44,5118.51,UPI,Walk-in
SAL20250055746,2025-06-13,STR032,PRD00360,1,505.68,0.0,505.68,239.22,UPI,Walk-in
SAL20250055747,2025-06-29,STR021,PRD00856,1,1871.17,0.0,1871.17,1212.57,Debit Card,Regular
SAL20250055748,2025-06-05,STR014,PRD00279,1,704.62,0.0,704.62,445.92,Credit Card,Premium
SAL20250055749,2025-06-03,STR024,PRD00583,1,704.61,0.0,704.61,437.59,Cash,Walk-in
SAL20250055750,2025-06-26,STR020,PRD01022,2,1023.04,0.0,2046.08,1257.02,UPI,Regular
SAL20250055751,2025-06-20,STR033,PRD00382,4,534.11,0.0,2136.44,1171.64,Cash,Walk-in
SAL20250055752,2025-06-15,STR003,PRD00552,4,296.06,0.0,1184.24,779.76,Debit Card,Walk-in
SAL20250055753,2025-06-16,STR001,PRD01006,2,849.47,0.0,1698.94,1213.38,Credit Card,Regular
SAL20250055754,2025-06-23,STR011,PRD01153,2,5497.78,0.0,10995.56,4999.1,Credit Card,Regular
SAL20250055755,2025-06-30,STR040,PRD01072,3,354.49,0.0,1063.47,660.0,Net Banking,Walk-in
SAL20250055756,2025-06-27,STR029,PRD00873,1,687.87,0.0,687.87,491.45,UPI,Walk-in
SAL20250055757,2025-06-15,STR001,PRD00652,2,210.65,0.05,400.24,274.0,Net Banking,Premium
SAL20250055758,2025-06-24,STR032,PRD00641,2,499.93,0.0,999.86,666.24,Debit Card,Regular
SAL20250055759,2025-06-03,STR032,PRD00132,1,22943.8,0.0,22943.8,17725.67,UPI,Regular
SAL20250055760,2025-06-04,STR006,PRD00458,1,587.81,0.0,587.81,445.92,Cash,Walk-in
SAL20250055761,2025-06-09,STR025,PRD00746,1,2299.94,0.0,2299.94,1526.01,Credit Card,Walk-in
SAL20250055762,2025-06-02,STR002,PRD01167,3,1364.58,0.0,4093.74,2506.98,Credit Card,Regular
SAL20250055763,2025-06-17,STR016,PRD00474,1,108.22,0.0,108.22,89.37,UPI,Walk-in
SAL20250055764,2025-06-28,STR019,PRD00375,3,650.42,0.0,1951.26,1095.18,UPI,Walk-in
SAL20250055765,2025-06-14,STR038,PRD00528,10,1118.04,0.0,11180.4,9463.4,Credit Card,Regular
SAL20250055766,2025-06-15,STR036,PRD00372,2,542.7,0.0,1085.4,551.96,UPI,Walk-in
SAL20250055767,2025-06-30,STR037,PRD00555,1,381.92,0.0,381.92,219.79,Credit Card,Walk-in
SAL20250055768,2025-06-16,STR021,PRD00433,2,1065.88,0.1,1918.58,1723.5,Credit Card,Regular
SAL20250055769,2025-06-27,STR029,PRD00485,5,693.22,0.0,3466.1,2965.75,Cash,Premium
SAL20250055770,2025-06-29,STR036,PRD00728,1,5071.72,0.05,4818.13,3009.63,Credit Card,Walk-in
SAL20250055771,2025-06-29,STR013,PRD00017,3,6386.7,0.0,19160.1,13514.94,UPI,Walk-in
SAL20250055772,2025-06-26,STR014,PRD00612,1,287.57,0.0,287.57,212.43,UPI,Walk-in
SAL20250055773,2025-06-25,STR015,PRD00252,1,10910.07,0.0,10910.07,7523.25,UPI,Regular
SAL20250055774,2025-06-11,STR024,PRD00617,4,496.18,0.0,1984.72,1452.04,UPI,Regular
SAL20250055775,2025-06-22,STR009,PRD00936,2,964.58,0.0,1929.16,1241.06,Credit Card,Walk-in
SAL20250055776,2025-06-18,STR014,PRD00818,2,2330.04,0.0,4660.08,3338.28,UPI,Regular
SAL20250055777,2025-06-27,STR028,PRD00765,2,1419.48,0.0,2838.96,1841.88,Debit Card,Walk-in
SAL20250055778,2025-06-14,STR034,PRD00726,2,2171.72,0.0,4343.44,2995.7,Net Banking,Walk-in
SAL20250055779,2025-06-10,STR016,PRD01016,1,253.56,0.0,253.56,161.4,UPI,Regular
SAL20250055780,2025-06-04,STR025,PRD00788,1,3329.23,0.0,3329.23,2105.2,UPI,Walk-in
SAL20250055781,2025-06-08,STR001,PRD00352,1,930.67,0.0,930.67,596.9,Credit Card,Regular
SAL20250055782,2025-06-06,STR012,PRD01165,2,6335.51,0.0,12671.02,6057.38,Net Banking,Walk-in
SAL20250055783,2025-06-05,STR033,PRD00975,2,912.31,0.0,1824.62,1197.0,Cash,Premium
SAL20250055784,2025-06-07,STR028,PRD00243,1,1936.68,0.0,1936.68,1385.71,Net Banking,Corporate
SAL20250055785,2025-06-19,STR028,PRD00139,1,2949.49,0.1,2654.54,1812.36,Credit Card,Regular
SAL20250055786,2025-06-08,STR001,PRD00882,1,3706.7,0.0,3706.7,2187.93,Credit Card,Premium
SAL20250055787,2025-06-16,STR034,PRD00611,3,51.03,0.05,145.44,113.43,Debit Card,Corporate
SAL20250055788,2025-06-05,STR033,PRD00283,1,917.06,0.0,917.06,431.47,Debit Card,Corporate
SAL20250055789,2025-06-25,STR009,PRD00390,1,1246.69,0.1,1122.02,785.33,Credit Card,Walk-in
SAL20250055790,2025-06-16,STR021,PRD00814,2,3265.17,0.0,6530.34,3778.74,Credit Card,Regular
SAL20250055791,2025-06-02,STR029,PRD00923,3,3811.45,0.0,11434.35,6786.99,UPI,Premium
SAL20250055792,2025-06-03,STR008,PRD00793,4,2445.38,0.0,9781.52,5621.64,Cash,Premium
SAL20250055793,2025-06-20,STR007,PRD00803,2,2033.91,0.0,4067.82,2449.48,Debit Card,Regular
SAL20250055794,2025-06-17,STR007,PRD00741,1,2848.85,0.0,2848.85,2028.89,UPI,Walk-in
SAL20250055795,2025-06-21,STR024,PRD00034,1,761.93,0.0,761.93,520.56,UPI,Regular
SAL20250055796,2025-06-16,STR021,PRD00044,1,3159.2,0.0,3159.2,2114.03,UPI,Premium
SAL20250055797,2025-06-20,STR021,PRD01183,1,7827.71,0.0,7827.71,3332.0,UPI,Regular
SAL20250055798,2025-06-04,STR025,PRD00350,2,1107.22,0.0,2214.44,1471.24,UPI,Walk-in
SAL20250055799,2025-06-08,STR037,PRD00979,2,62.69,0.0,125.38,74.86,UPI,Regular
SAL20250055800,2025-06-09,STR016,PRD00375,4,650.42,0.0,2601.68,1460.24,UPI,Walk-in
SAL20250055801,2025-06-22,STR029,PRD00266,1,13058.2,0.0,13058.2,8085.89,UPI,Walk-in
SAL20250055802,2025-06-17,STR026,PRD00901,3,3120.68,0.0,9362.04,6214.71,UPI,Regular
SAL20250055803,2025-06-04,STR041,PRD00720,1,3749.56,0.0,3749.56,2104.95,Credit Card,Walk-in
SAL20250055804,2025-06-11,STR036,PRD00241,1,7381.55,0.0,7381.55,5583.94,Credit Card,Regular
SAL20250055805,2025-06-16,STR003,PRD00082,1,9499.68,0.05,9024.7,6552.44,UPI,Walk-in
SAL20250055806,2025-06-08,STR035,PRD00122,1,23504.26,0.0,23504.26,16366.57,UPI,Walk-in
SAL20250055807,2025-06-08,STR010,PRD00793,3,2445.38,0.0,7336.14,4216.23,UPI,Corporate
SAL20250055808,2025-06-21,STR007,PRD00744,1,4365.48,0.1,3928.93,2879.4,Debit Card,Regular
SAL20250055809,2025-06-05,STR009,PRD00125,1,1511.82,0.0,1511.82,1056.29,Debit Card,Regular
SAL20250055810,2025-06-15,STR023,PRD00186,1,7826.08,0.0,7826.08,5124.89,Credit Card,Walk-in
SAL20250055811,2025-06-10,STR004,PRD00007,1,20090.22,0.0,20090.22,15462.2,UPI,Regular
SAL20250055812,2025-06-09,STR014,PRD00402,1,947.11,0.0,947.11,818.06,UPI,Premium
SAL20250055813,2025-06-22,STR030,PRD00272,2,610.52,0.0,1221.04,689.44,UPI,Premium
SAL20250055814,2025-06-14,STR014,PRD00588,5,125.09,0.0,625.45,451.95,Debit Card,Walk-in
SAL20250055815,2025-06-24,STR006,PRD01105,1,2498.16,0.0,2498.16,1508.52,UPI,Regular
SAL20250055816,2025-06-15,STR041,PRD00565,5,107.78,0.1,485.01,307.4,Credit Card,Regular
SAL20250055817,2025-06-20,STR019,PRD00311,1,936.08,0.0,936.08,578.34,Cash,Regular
SAL20250055818,2025-06-30,STR005,PRD00489,2,850.74,0.05,1616.41,1381.76,Debit Card,Regular
SAL20250055819,2025-06-13,STR019,PRD00981,1,76.61,0.05,72.78,54.24,Debit Card,Walk-in
SAL20250055820,2025-06-01,STR021,PRD00101,1,2548.25,0.0,2548.25,1803.25,Debit Card,Regular
SAL20250055821,2025-06-27,STR021,PRD01192,1,7158.24,0.0,7158.24,4065.98,Net Banking,Regular
SAL20250055822,2025-06-30,STR039,PRD00665,6,157.57,0.0,945.42,618.84,UPI,Walk-in
SAL20250055823,2025-06-27,STR029,PRD00132,1,22943.8,0.0,22943.8,17725.67,UPI,Corporate
SAL20250055824,2025-06-26,STR008,PRD00605,2,66.61,0.0,133.22,98.1,Debit Card,Walk-in
SAL20250055825,2025-06-11,STR021,PRD00452,5,1046.75,0.1,4710.38,4398.25,UPI,Regular
SAL20250055826,2025-06-20,STR013,PRD00668,1,302.1,0.0,302.1,216.54,Credit Card,Regular
SAL20250052613,2025-06-18,STR037,PRD00872,4,467.45,0.0,1869.8,1334.48,Credit Card,Walk-in
SAL20250055828,2025-06-19,STR022,PRD00936,3,964.58,0.05,2749.05,1861.59,Debit Card,Regular
SAL20250055829,2025-06-09,STR005,PRD00581,1,310.86,0.0,310.86,198.71,UPI,Regular
SAL20250055830,2025-06-23,STR033,PRD00246,1,1945.93,0.0,1945.93,1239.78,UPI,Regular
SAL20250055831,2025-06-08,STR021,PRD00337,1,1047.01,0.1,942.31,731.43,UPI,Walk-in
SAL20250055832,2025-06-08,STR010,PRD00271,1,660.1,0.05,627.1,418.6,UPI,Regular
SAL20250055833,2025-06-20,STR023,PRD00203,1,6533.34,0.05,6206.67,4260.88,Credit Card,Premium
SAL20250055834,2025-06-13,STR011,PRD00666,1,224.43,0.0,224.43,162.71,Debit Card,Premium
SAL20250055835,2025-06-29,STR030,PRD00852,1,1751.61,0.0,1751.61,1214.84,UPI,Regular
SAL20250055836,2025-06-18,STR018,PRD00495,1,212.14,0.0,212.14,164.27,UPI,Regular
SAL20250055837,2025-06-21,STR015,PRD00956,4,1028.6,0.0,4114.4,2288.0,UPI,Regular
SAL20250055838,2025-06-01,STR023,PRD01107,2,1600.76,0.0,3201.52,1470.26,UPI,Walk-in
SAL20250055839,2025-06-13,STR011,PRD00379,1,660.61,0.0,660.61,460.66,UPI,Corporate
SAL20250055840,2025-06-16,STR008,PRD00593,1,596.07,0.1,536.46,385.84,Debit Card,Regular
SAL20250055841,2025-06-26,STR012,PRD00913,1,3252.33,0.0,3252.33,2160.5,Net Banking,Walk-in
SAL20250055842,2025-06-09,STR028,PRD00605,2,66.61,0.0,133.22,98.1,Credit Card,Premium
SAL20250055843,2025-06-11,STR033,PRD00974,1,202.7,0.0,202.7,106.76,Cash,Regular
SAL20250055844,2025-06-19,STR016,PRD00341,1,977.08,0.0,977.08,605.56,UPI,Regular
SAL20250055845,2025-06-24,STR013,PRD00479,3,303.49,0.0,910.47,766.83,Debit Card,Corporate
SAL20250055846,2025-06-04,STR030,PRD00183,1,6835.62,0.0,6835.62,4488.56,Cash,Regular
SAL20250055847,2025-06-07,STR007,PRD00025,1,2348.16,0.0,2348.16,1617.05,UPI,Regular
SAL20250055848,2025-06-08,STR008,PRD00518,1,1000.64,0.0,1000.64,768.43,Cash,Regular
SAL20250055849,2025-06-19,STR036,PRD00954,4,1090.11,0.0,4360.44,2459.84,Net Banking,Regular
SAL20250055850,2025-06-23,STR005,PRD00830,3,1783.32,0.0,5349.96,3269.34,Credit Card,Walk-in
SAL20250055851,2025-06-21,STR010,PRD00140,2,6378.06,0.0,12756.12,9703.4,UPI,Regular
SAL20250055852,2025-06-26,STR008,PRD00018,1,13116.16,0.0,13116.16,9769.19,Credit Card,Regular
SAL20250055853,2025-06-28,STR025,PRD00189,1,8529.1,0.0,8529.1,5554.64,Cash,Regular
SAL20250055854,2025-06-06,STR028,PRD00822,1,3937.8,0.0,3937.8,2399.9,UPI,Walk-in
SAL20250055855,2025-06-22,STR004,PRD01079,3,323.52,0.0,970.56,574.62,Cash,Walk-in
SAL20250055856,2025-06-25,STR037,PRD01101,3,4929.57,0.0,14788.71,8004.51,Debit Card,Regular
SAL20250055857,2025-06-15,STR014,PRD00078,1,9036.37,0.0,9036.37,6491.36,UPI,Walk-in
SAL20250055858,2025-06-07,STR018,PRD00737,2,1053.41,0.0,2106.82,1506.74,UPI,Regular
SAL20250055859,2025-06-01,STR008,PRD00103,1,4104.09,0.0,4104.09,2941.45,UPI,Premium
SAL20250055860,2025-06-08,STR037,PRD00877,1,1728.24,0.0,1728.24,1211.91,UPI,Walk-in
SAL20250055861,2025-06-17,STR007,PRD00278,1,439.84,0.0,439.84,292.07,UPI,Walk-in
SAL20250055862,2025-06-17,STR039,PRD00787,1,291.05,0.0,291.05,189.14,Cash,Walk-in
SAL20250055863,2025-06-24,STR021,PRD00706,1,3862.25,0.0,3862.25,2444.01,UPI,Regular
SAL20250055864,2025-06-13,STR024,PRD01195,2,6990.3,0.0,13980.6,6796.46,Debit Card,Regular
SAL20250055865,2025-06-13,STR016,PRD00818,1,2330.04,0.0,2330.04,1669.14,UPI,Regular
SAL20250055866,2025-06-02,STR021,PRD00772,1,988.94,0.1,890.05,659.49,UPI,Premium
SAL20250055867,2025-06-08,STR021,PRD00071,1,14423.02,0.0,14423.02,9605.63,UPI,Regular
SAL20250055868,2025-06-22,STR028,PRD00918,1,2741.1,0.1,2466.99,1987.44,Debit Card,Regular
SAL20250055869,2025-06-02,STR013,PRD00519,1,818.33,0.0,818.33,642.9,Debit Card,Regular
SAL20250055870,2025-06-03,STR030,PRD00576,2,451.26,0.0,902.52,661.12,UPI,Walk-in
SAL20250055871,2025-06-01,STR024,PRD00518,2,1000.64,0.0,2001.28,1536.86,Cash,Regular
SAL20250055872,2025-06-02,STR016,PRD01093,4,4476.19,0.0,17904.76,11548.08,UPI,Premium
SAL20250055873,2025-06-10,STR027,PRD00737,4,1053.41,0.1,3792.28,3013.48,UPI,Regular
SAL20250055874,2025-06-10,STR034,PRD00115,2,5778.27,0.0,11556.54,8352.34,UPI,Walk-in
SAL20250055875,2025-06-05,STR041,PRD00361,1,1524.53,0.1,1372.08,825.7,Credit Card,Regular
SAL20250055876,2025-06-14,STR013,PRD01151,1,7065.61,0.0,7065.61,3374.36,Cash,Walk-in
SAL20250055877,2025-06-14,STR019,PRD00293,4,859.61,0.05,3266.52,1770.0,UPI,Walk-in
SAL20250055878,2025-06-04,STR001,PRD00381,2,931.15,0.0,1862.3,1062.56,Credit Card,Regular
SAL20250055879,2025-06-23,STR030,PRD00590,1,353.62,0.0,353.62,243.18,UPI,Corporate
SAL20250055880,2025-06-24,STR006,PRD00995,1,585.44,0.0,585.44,417.72,Net Banking,Regular
SAL20250055881,2025-06-15,STR033,PRD00848,2,2441.1,0.0,4882.2,3232.64,UPI,Walk-in
SAL20250055882,2025-06-28,STR040,PRD00479,1,303.49,0.0,303.49,255.61,Debit Card,Premium
SAL20250055883,2025-06-01,STR011,PRD00739,3,2279.96,0.0,6839.88,4624.26,Credit Card,Walk-in
SAL20250055884,2025-06-06,STR018,PRD00088,1,22406.29,0.0,22406.29,17527.4,Debit Card,Regular
SAL20250055885,2025-06-10,STR026,PRD00705,1,488.73,0.0,488.73,328.43,UPI,Regular
SAL20250055886,2025-06-15,STR021,PRD00910,1,2302.88,0.0,2302.88,1579.69,UPI,Walk-in
SAL20250055887,2025-06-20,STR021,PRD00150,1,1288.03,0.0,1288.03,897.46,Credit Card,Walk-in
SAL20250055888,2025-06-11,STR038,PRD01008,4,227.58,0.0,910.32,568.0,UPI,Premium
SAL20250055889,2025-06-08,STR020,PRD00644,4,812.84,0.1,2926.22,1809.56,Credit Card,Premium
SAL20250055890,2025-06-21,STR041,PRD00162,1,9916.48,0.0,9916.48,6686.04,UPI,Walk-in
SAL20250055891,2025-06-10,STR031,PRD01150,1,4074.75,0.0,4074.75,2372.04,UPI,Regular
SAL20250055892,2025-06-20,STR028,PRD00764,3,3332.71,0.0,9998.13,5508.33,Cash,Walk-in
SAL20250055893,2025-06-16,STR041,PRD00415,1,345.23,0.0,345.23,286.19,Debit Card,Regular
SAL20250055894,2025-06-30,STR011,PRD00695,1,2280.88,0.0,2280.88,1276.46,Credit Card,Regular
SAL20250055895,2025-06-26,STR020,PRD00795,3,965.34,0.0,2896.02,2064.06,Net Banking,Walk-in
SAL20250055896,2025-06-17,STR009,PRD00560,2,314.33,0.0,628.66,437.58,Debit Card,Premium
SAL20250055897,2025-06-14,STR022,PRD01049,6,225.77,0.0,1354.62,827.28,Credit Card,Premium
SAL20250055898,2025-06-26,STR026,PRD00765,2,1419.48,0.0,2838.96,1841.88,UPI,Walk-in
SAL20250055899,2025-06-17,STR012,PRD00517,1,252.82,0.0,252.82,203.03,Net Banking,Corporate
SAL20250055900,2025-06-03,STR035,PRD00565,5,107.78,0.0,538.9,307.4,UPI,Corporate
SAL20250055901,2025-06-23,STR001,PRD00197,1,4849.89,0.0,4849.89,3779.03,UPI,Premium
SAL20250055902,2025-06-04,STR039,PRD00665,10,157.57,0.0,1575.7,1031.4,UPI,Walk-in
SAL20250055903,2025-06-02,STR041,PRD00782,1,3353.32,0.1,3017.99,1957.52,Credit Card,Regular
SAL20250055904,2025-06-28,STR041,PRD00936,4,964.58,0.0,3858.32,2482.12,Debit Card,Walk-in
SAL20250055905,2025-06-28,STR017,PRD00079,1,19037.37,0.0,19037.37,13485.77,Credit Card,Walk-in
SAL20250055906,2025-06-10,STR003,PRD00430,2,129.33,0.0,258.66,217.4,Credit Card,Regular
SAL20250055907,2025-06-11,STR026,PRD01193,1,1712.13,0.0,1712.13,1034.91,Cash,Walk-in
SAL20250055908,2025-06-03,STR016,PRD00068,1,10777.06,0.0,10777.06,8694.54,Debit Card,Walk-in
SAL20250055909,2025-06-16,STR032,PRD00351,2,802.18,0.0,1604.36,1006.48,Credit Card,Walk-in
SAL20250055910,2025-06-13,STR039,PRD00284,1,170.59,0.0,170.59,103.53,UPI,Regular
SAL20250055911,2025-06-13,STR005,PRD00054,2,16291.52,0.1,29324.74,23680.68,Credit Card,Walk-in
SAL20250055912,2025-06-29,STR032,PRD00665,3,157.57,0.0,472.71,309.42,UPI,Walk-in
SAL20250055913,2025-06-03,STR011,PRD00938,3,622.57,0.0,1867.71,981.99,UPI,Regular
SAL20250055914,2025-06-02,STR008,PRD01035,1,199.19,0.0,199.19,125.07,Debit Card,Regular
SAL20250055915,2025-06-23,STR038,PRD01052,1,462.25,0.0,462.25,323.0,Cash,Walk-in
SAL20250055916,2025-06-30,STR005,PRD00890,1,891.3,0.0,891.3,535.93,Cash,Regular
SAL20250055917,2025-06-22,STR040,PRD01011,1,265.01,0.1,238.51,149.69,UPI,Corporate
SAL20250055918,2025-06-16,STR024,PRD00066,1,7423.58,0.0,7423.58,5820.76,UPI,Walk-in
SAL20250055919,2025-06-25,STR030,PRD00583,4,704.61,0.0,2818.44,1750.36,Cash,Regular
SAL20250055920,2025-06-07,STR018,PRD00516,3,653.26,0.0,1959.78,1507.68,Credit Card,Regular
SAL20250055921,2025-06-25,STR015,PRD00094,1,15405.56,0.0,15405.56,12408.34,Cash,Walk-in
SAL20250055922,2025-06-28,STR030,PRD00691,2,1815.13,0.0,3630.26,2299.86,Cash,Walk-in
SAL20250055923,2025-06-11,STR001,PRD01002,1,98.3,0.1,88.47,55.69,UPI,Regular
SAL20250055924,2025-06-27,STR014,PRD00094,2,15405.56,0.0,30811.12,24816.68,Credit Card,Regular
SAL20250055925,2025-06-11,STR027,PRD00879,1,2290.26,0.0,2290.26,1614.23,Debit Card,Walk-in
SAL20250055926,2025-06-14,STR004,PRD00616,4,565.82,0.0,2263.28,1256.52,UPI,Premium
SAL20250055927,2025-06-03,STR013,PRD00677,1,1193.37,0.0,1193.37,833.49,UPI,Corporate
SAL20250055928,2025-06-25,STR018,PRD01051,1,694.43,0.05,659.71,354.19,Credit Card,Premium
SAL20250055929,2025-06-04,STR036,PRD01089,2,8670.13,0.1,15606.23,7594.04,Debit Card,Premium
SAL20250055930,2025-06-12,STR037,PRD00185,2,1926.14,0.0,3852.28,3000.08,Credit Card,Regular
SAL20250055931,2025-06-06,STR024,PRD00068,2,10777.06,0.05,20476.41,17389.08,Credit Card,Walk-in
SAL20250055932,2025-02-30,STR012,PRD00440,4,366.81,0.0,1467.24,1283.32,UPI,Walk-in
SAL20250055933,2025-06-27,STR037,PRD01041,1,954.2,0.0,954.2,532.81,Credit Card,Regular
SAL20250055934,2025-06-01,STR028,PRD01190,1,7433.72,0.05,7062.03,3770.31,Credit Card,Walk-in
SAL20250055935,2025-06-20,STR033,PRD00304,1,1052.14,0.0,1052.14,723.81,Credit Card,Walk-in
SAL20250055936,2025-06-25,STR020,PRD00145,2,2570.9,0.0,5141.8,3375.62,Credit Card,Walk-in
SAL20250055937,2025-06-09,STR024,PRD01092,1,5535.53,0.0,5535.53,2634.51,Cash,Regular
SAL20250055938,2025-06-11,STR011,PRD00559,2,674.89,0.0,1349.78,843.12,Credit Card,Walk-in
SAL20250055939,2025-06-06,STR033,PRD00206,1,10675.4,0.0,10675.4,6883.05,UPI,Walk-in
SAL20250055940,2025-06-27,STR018,PRD00788,1,3329.23,0.0,3329.23,2105.2,Credit Card,Regular
SAL20250055941,2025-06-29,STR024,PRD00305,1,1134.36,0.0,1134.36,615.3,Net Banking,Walk-in
SAL20250055942,2025-06-13,STR040,PRD00268,1,1061.68,0.05,1008.6,520.26,Credit Card,Premium
SAL20250055943,2025-06-26,STR010,PRD00563,1,667.75,0.0,667.75,433.56,Net Banking,Corporate
SAL20250055944,2025-06-10,STR003,PRD00372,1,542.7,0.0,542.7,275.98,UPI,Walk-in
SAL20250055945,2025-06-16,STR009,PRD00112,1,3948.48,0.0,3948.48,3127.23,Debit Card,Premium
SAL20250055946,2025-06-24,STR021,PRD00481,1,391.79,0.05,372.2,316.76,Credit Card,Premium
SAL20250055947,2025-06-27,STR006,PRD00045,1,17414.18,0.0,17414.18,13822.18,Credit Card,Regular
SAL20250055948,2025-06-26,STR010,PRD00571,1,201.22,0.0,201.22,143.49,UPI,Walk-in
SAL20250055949,2025-06-02,STR027,PRD00715,1,2949.53,0.0,2949.53,1984.0,UPI,Regular
SAL20250055950,2025-06-16,STR015,PRD00100,1,14294.81,0.0,14294.81,9774.86,Credit Card,Regular
SAL20250055951,2025-06-26,STR019,PRD00331,1,133.4,0.05,126.73,89.83,UPI,Walk-in
SAL20250055952,2025-06-10,STR028,PRD00823,1,2558.98,0.0,2558.98,1717.69,Debit Card,Walk-in
SAL20250055953,2025-06-10,STR025,PRD00495,6,212.14,0.0,1272.84,985.62,Credit Card,Walk-in
SAL20250055954,2025-06-05,STR013,PRD00289,1,1047.34,0.0,1047.34,607.0,Credit Card,Premium
SAL20250055955,2025-06-21,STR036,PRD00892,2,2494.33,0.1,4489.79,3484.02,Credit Card,Regular
SAL20250055956,2025-06-12,STR004,PRD00299,1,1362.69,0.0,1362.69,823.3,UPI,Regular
SAL20250055957,2025-06-01,STR016,PRD00665,4,157.57,0.05,598.77,412.56,Credit Card,Walk-in
SAL20250055958,2025-06-30,STR009,PRD00851,1,2659.29,0.0,2659.29,1927.39,UPI,Walk-in
SAL20250055959,2025-06-29,STR028,PRD00317,2,1393.76,0.0,2787.52,1598.94,UPI,Premium
SAL20250055960,2025-06-08,STR007,PRD00674,3,2861.74,0.0,8585.22,4771.77,Debit Card,Walk-in
SAL20250055961,2025-06-01,STR029,PRD00938,4,622.57,0.0,2490.28,1309.32,Cash,Regular
SAL20250055962,2025-06-06,STR024,PRD00964,2,842.84,0.05,1601.4,1150.38,UPI,Regular
SAL20250055963,2025-06-10,STR007,PRD01004,1,128.91,0.0,128.91,65.93,Cash,Regular
SAL20250055964,2025-06-24,STR016,PRD01124,3,4813.39,0.0,14440.17,6533.25,Cash,Walk-in
SAL20250055965,2025-06-16,STR023,PRD00078,2,9036.37,0.0,18072.74,12982.72,UPI,Regular
SAL20250055966,2025-06-16,STR026,PRD01083,1,8991.53,0.0,8991.53,3921.72,UPI,Walk-in
SAL20250055967,2025-06-24,STR025,PRD00569,2,219.4,0.0,438.8,286.6,UPI,Premium
SAL20250055968,2025-06-10,STR021,PRD01030,3,525.24,0.0,1575.72,952.71,UPI,Regular
SAL20250055969,2025-06-27,STR041,PRD00261,1,8333.44,0.0,8333.44,5118.51,UPI,Walk-in
SAL20250055970,2025-06-25,STR012,PRD00214,1,9551.75,0.0,9551.75,6869.66,Credit Card,Walk-in
SAL20250055971,2025-06-23,STR021,PRD00868,1,1450.33,0.05,1377.81,912.21,UPI,Premium
SAL20250055972,2025-06-23,STR039,PRD00628,1,365.09,0.05,346.84,210.81,UPI,Regular
SAL20250055973,2025-06-26,STR034,PRD00678,1,3485.6,0.0,3485.6,2254.91,UPI,Walk-in
SAL20250055974,2025-06-19,STR004,PRD00640,2,209.4,0.0,418.8,234.86,Credit Card,Regular
SAL20250055975,2025-06-25,STR001,PRD01026,3,512.0,0.0,1536.0,1025.85,Credit Card,Regular
SAL20250055976,2025-06-13,,PRD01006,2,849.47,0.05,1613.99,1213.38,Credit Card,Walk-in
SAL20250055977,2025-06-25,STR040,PRD00232,1,6785.18,0.0,6785.18,4843.37,UPI,Corporate
SAL20250055978,2025-06-28,STR040,PRD01061,2,1015.91,0.0,2031.82,1071.06,Debit Card,Corporate
SAL20250055979,2025-06-19,STR034,PRD00225,1,9871.63,0.0,9871.63,6952.04,Credit Card,Walk-in
SAL20250055980,2025-06-18,STR004,PRD00275,1,1560.95,0.0,1560.95,847.9,UPI,Walk-in
SAL20250055981,2025-06-21,STR013,PRD00199,1,1863.27,0.0,1863.27,1335.3,Debit Card,Regular
SAL20250055982,2025-06-16,STR007,PRD01016,1,253.56,0.0,253.56,161.4,Credit Card,Walk-in
SAL20250055983,2025-06-22,STR013,PRD00173,2,9167.15,0.0,18334.3,11502.64,UPI,Premium
SAL20250055984,2025-06-04,STR019,PRD00485,6,693.22,0.0,4159.32,3558.9,UPI,Premium
SAL20250055985,2025-06-10,STR028,PRD00943,1,787.16,0.0,787.16,532.44,UPI,Walk-in
SAL20250055986,2025-06-24,STR030,PRD00966,1,814.75,0.1,733.27,526.45,Credit Card,Walk-in
SAL20250055987,2025-06-05,STR022,PRD00885,1,1948.54,0.0,1948.54,1253.39,Cash,Regular
SAL20250055988,2025-06-23,STR015,PRD00877,1,1728.24,0.0,1728.24,1211.91,Credit Card,Regular
SAL20250055989,2025-06-04,STR010,PRD00855,2,2084.62,0.05,3960.78,3051.1,UPI,Walk-in
SAL20250055990,2025-06-21,STR026,PRD00122,1,23504.26,0.1,21153.83,16366.57,UPI,Regular
SAL20250055991,2025-06-28,STR023,PRD00198,1,4266.35,0.0,4266.35,2976.38,UPI,Regular
SAL20250055992,2025-06-02,STR041,PRD00978,4,172.32,0.0,689.28,429.28,UPI,Regular
SAL20250055993,2025-06-24,STR029,PRD00422,3,218.73,0.1,590.57,500.79,UPI,Regular
SAL20250055994,2025-06-18,STR032,PRD00043,1,22998.01,0.0,22998.01,15302.97,Debit Card,Regular
SAL20250055995,2025-06-04,STR036,PRD00694,2,3202.51,0.0,6405.02,4638.02,UPI,Regular
SAL20250055996,2025-06-17,STR028,PRD01130,1,3164.31,0.05,3006.09,1889.64,Credit Card,Walk-in
SAL20250055997,2025-06-24,STR039,PRD00779,1,1606.83,0.0,1606.83,998.29,UPI,Premium
SAL20250055998,2025-06-06,STR009,PRD01176,2,5880.6,0.1,10585.08,7038.66,UPI,Regular
SAL20250055999,2025-06-29,STR002,PRD01064,1,155.0,0.1,139.5,78.63,UPI,Walk-in
SAL20250056000,2025-06-10,STR012,PRD00804,1,782.93,0.0,782.93,564.78,UPI,Walk-in
SAL20250056001,2025-06-12,STR011,PRD00353,2,948.44,0.0,1896.88,1059.62,UPI,Premium
SAL20250056002,2025-06-15,STR021,PRD00154,1,614.66,0.05,583.93,476.92,Cash,Regular
SAL20250056003,2025-06-05,STR016,PRD00946,1,937.06,0.0,937.06,525.58,UPI,Regular
SAL20250056004,2025-06-19,STR032,PRD01141,1,1387.21,0.1,1248.49,810.65,Net Banking,Premium
SAL20250056005,2025-06-05,STR030,PRD00904,3,2811.36,0.0,8434.08,5579.91,Cash,Walk-in
SAL20250056006,2025-06-20,STR021,PRD01089,3,8670.13,0.0,26010.39,11391.06,Credit Card,Regular
SAL20250056007,2025-06-25,STR035,PRD00288,1,827.89,0.0,827.89,439.36,UPI,Walk-in
SAL20250056008,2025-06-27,STR040,PRD01099,1,4242.7,0.05,4030.56,2721.85,Credit Card,Premium
SAL20250056009,2025-06-21,STR006,PRD00941,5,737.4,0.0,3687.0,2555.45,UPI,Regular
SAL20250056010,2025-06-29,STR036,PRD00238,1,4984.73,0.0,4984.73,3134.78,Credit Card,Premium
SAL20250056011,2025-06-09,STR041,PRD00930,1,4102.13,0.0,4102.13,2365.34,UPI,Regular
SAL20250056012,2025-06-03,STR016,PRD00577,1,262.74,0.0,262.74,189.28,UPI,Regular
SAL20250056013,2025-06-30,STR007,PRD00119,1,21410.34,0.0,21410.34,16034.57,UPI,Corporate
SAL20250056014,2025-06-05,STR020,PRD00178,1,9669.95,0.0,9669.95,6949.73,UPI,Regular
SAL20250056015,2025-06-26,STR021,PRD00376,1,1476.13,0.05,1402.32,682.99,UPI,Premium
SAL20250056016,2025-06-26,STR026,PRD00527,2,938.3,0.0,1876.6,1482.54,UPI,Regular
SAL20250056017,2025-06-22,STR002,PRD00810,1,406.14,0.0,406.14,261.1,Net Banking,Walk-in
SAL20250056018,2025-06-02,STR031,PRD00746,2,2299.94,0.0,4599.88,3052.02,UPI,Walk-in
SAL20250056019,2025-06-10,STR041,PRD00469,4,499.21,0.0,1996.84,1557.8,Debit Card,Premium
SAL20250056020,2025-06-26,STR008,PRD00826,4,174.23,0.0,696.92,480.8,Cash,Walk-in
SAL20250056021,2025-06-14,STR012,PRD00914,1,3460.6,0.0,3460.6,2200.72,UPI,Regular
SAL20250056022,2025-06-03,STR001,PRD00447,1,458.65,0.1,412.78,355.66,Credit Card,Regular
SAL20250056023,2025-06-24,STR041,PRD00337,1,1047.01,0.0,1047.01,731.43,Cash,Walk-in
SAL20250056024,2025-06-21,STR033,PRD00772,4,988.94,0.1,3560.18,2637.96,UPI,Regular
SAL20250056025,2025-06-20,STR008,PRD01010,3,762.29,0.0,2286.87,1198.56,UPI,Premium
SAL20250056026,2025-06-15,STR017,PRD00869,1,3787.4,0.0,3787.4,2366.4,UPI,Walk-in
SAL20250056027,2025-06-13,STR038,PRD00969,2,147.34,0.0,294.68,152.48,Credit Card,Walk-in
SAL20250056028,2025-06-15,STR004,PRD00077,1,14848.8,0.1,13363.92,12077.21,UPI,Premium
SAL20250056029,2025-06-06,STR005,PRD01149,1,4599.19,0.0,4599.19,2334.77,UPI,Walk-in
SAL20250056030,2025-06-17,STR019,PRD00633,1,365.95,0.0,365.95,212.9,Credit Card,Regular
SAL20250056031,2025-06-07,STR037,PRD00653,2,614.39,0.0,1228.78,895.52,Debit Card,Premium
SAL20250056032,2025-06-14,STR019,PRD00699,3,2305.84,0.05,6571.64,4566.84,Net Banking,Premium
SAL20250056033,2025-06-21,STR027,PRD00447,1,458.65,0.0,458.65,355.66,UPI,Regular
SAL20250056034,2025-06-13,STR012,PRD00991,1,894.61,0.0,894.61,514.53,Credit Card,Premium
SAL20250056035,2025-06-24,STR020,PRD00553,2,150.28,0.0,300.56,174.22,UPI,Regular
SAL20250056036,2025-06-16,STR029,PRD00408,10,1017.09,0.0,10170.9,7829.2,Debit Card,Walk-in
SAL20250056037,2025-06-19,STR024,PRD00639,2,160.88,0.0,321.76,204.82,UPI,Regular
SAL20250056038,2025-06-16,STR039,PRD00640,1,209.4,0.05,198.93,117.43,Debit Card,Regular
SAL20250056039,2025-06-13,STR017,PRD00855,4,2084.62,0.1,7504.63,6102.2,Debit Card,Walk-in
SAL20250056040,2025-06-21,STR016,PRD00724,2,2856.14,0.0,5712.28,3188.82,Credit Card,Regular
SAL20250056041,2025-06-04,STR010,PRD00263,1,3207.01,0.05,3046.66,2439.1,Debit Card,Walk-in
SAL20250056042,2025-06-29,STR031,PRD00669,1,3235.01,0.0,3235.01,1886.76,Debit Card,Regular
SAL20250056043,2025-06-15,STR011,PRD00490,3,177.23,0.0,531.69,414.93,UPI,Regular
SAL20250056044,2025-06-04,STR031,PRD00640,2,209.4,0.0,418.8,234.86,Debit Card,Walk-in
SAL20250056045,2025-06-02,STR034,PRD00631,3,725.12,0.0,2175.36,1258.38,Credit Card,Premium
SAL20250056046,2025-06-13,STR033,PRD01197,1,2167.83,0.0,2167.83,1161.18,Credit Card,Regular
SAL20250056047,2025-06-14,STR009,PRD00369,1,1020.79,0.0,1020.79,482.49,UPI,Corporate
SAL20250056048,2025-06-02,STR005,PRD00538,3,57.89,0.0,173.67,125.34,UPI,Regular
SAL20250056049,2025-06-27,STR014,PRD00428,2,311.12,0.0,622.24,489.5,Credit Card,Walk-in
SAL20250056050,2025-06-23,STR016,PRD00864,1,1725.02,0.05,1638.77,1118.06,UPI,Corporate
SAL20250056051,2025-06-10,STR025,PRD00457,1,726.05,0.0,726.05,549.39,Debit Card,Walk-in
SAL20250056052,2025-06-29,STR009,PRD00483,3,634.79,0.1,1713.93,1592.88,Net Banking,Walk-in
SAL20250056053,2025-06-20,STR021,PRD00892,1,2494.33,0.0,2494.33,1742.01,Cash,Regular
SAL20250056054,2025-06-04,STR014,PRD00228,1,4421.9,0.0,4421.9,2982.31,UPI,Regular
SAL20250056055,2025-06-24,STR030,PRD01013,3,214.89,0.0,644.67,444.72,UPI,Corporate
SAL20250056056,2025-06-04,STR004,PRD01020,1,560.55,0.0,560.55,361.97,UPI,Regular
SAL20250056057,2025-06-02,STR005,PRD00284,2,170.59,0.0,341.18,207.06,UPI,Corporate
SAL20250056058,2025-06-20,STR031,PRD00049,1,4540.51,0.0,4540.51,3028.11,Cash,Premium
SAL20250056059,2025-06-06,STR034,PRD00691,3,1815.13,0.0,5445.39,3449.79,UPI,Corporate
SAL20250056060,2025-06-15,STR017,PRD00270,4,1213.51,0.0,4854.04,3076.24,UPI,Regular
SAL20250056061,2025-06-11,STR006,PRD00145,2,2570.9,0.0,5141.8,3375.62,UPI,Regular
SAL20250056062,2025-06-21,STR038,PRD00660,1,324.23,0.05,308.02,238.04,UPI,Walk-in
SAL20250056063,2025-06-04,STR025,PRD00284,1,170.59,0.0,170.59,103.53,Credit Card,Regular
SAL20250056064,2025-06-20,STR030,PRD00007,1,20090.22,0.0,20090.22,15462.2,UPI,Regular
SAL20250056065,2025-06-10,STR011,PRD00389,1,1606.86,0.0,1606.86,739.96,Credit Card,Premium
SAL20250056066,2025-06-19,STR012,PRD00974,1,202.7,0.0,202.7,106.76,Credit Card,Premium
SAL20250056067,2025-06-10,STR002,PRD00532,1,1039.03,0.0,1039.03,808.86,UPI,Regular
SAL20250056068,2025-06-05,STR017,PRD00312,1,662.59,0.0,662.59,388.19,Cash,Regular
SAL20250056069,2025-06-24,STR028,PRD01198,3,7043.58,0.0,21130.74,13296.69,UPI,Regular
SAL20250056070,2025-06-30,STR008,PRD01053,1,481.32,0.05,457.25,312.78,Cash,Regular
SAL20250056071,2025-06-22,STR033,PRD00159,1,4881.58,0.0,4881.58,3676.52,Credit Card,Walk-in
SAL20250056072,2025-06-19,STR003,PRD01152,1,2969.91,0.0,2969.91,1378.7,UPI,Regular
SAL20250056073,2025-06-25,STR003,PRD00739,1,2279.96,0.0,2279.96,1541.42,UPI,Premium
SAL20250056074,2025-06-23,STR037,PRD01170,1,1269.68,0.0,1269.68,694.9,UPI,Walk-in
SAL20250056075,2025-06-05,STR026,PRD00526,2,712.58,0.05,1353.9,1184.48,UPI,Regular
SAL20250056076,2025-06-28,STR012,PRD00358,3,873.37,0.0,2620.11,1400.01,Debit Card,Premium
SAL20250056077,2025-06-07,STR008,PRD00343,2,244.94,0.0,489.88,260.82,Credit Card,Premium
SAL20250056078,2025-06-30,STR017,PRD00279,1,704.62,0.0,704.62,445.92,UPI,Walk-in
SAL20250056079,2025-06-29,STR039,PRD00634,2,509.03,0.0,1018.06,597.92,UPI,Regular
SAL20250056080,2025-06-30,STR017,PRD00429,3,725.58,0.0,2176.74,1650.03,Credit Card,Corporate
SAL20250056081,2025-06-08,STR024,PRD01134,4,5914.46,0.0,23657.84,11717.28,UPI,Premium
SAL20250056082,2025-06-25,STR017,PRD01136,1,7702.34,0.0,7702.34,4125.05,UPI,Walk-in
SAL20250056083,2025-06-22,STR014,PRD00109,2,12280.41,0.0,24560.82,18633.0,UPI,Corporate
SAL20250056084,2025-06-12,STR036,PRD00475,3,749.71,0.0,2249.13,1706.88,Debit Card,Walk-in
SAL20250056085,2025-06-01,STR024,PRD00725,2,2084.99,0.0,4169.98,3023.38,Debit Card,Regular
SAL20250056086,2025-06-25,STR030,PRD00101,1,2548.25,0.05,2420.84,1803.25,UPI,Premium
SAL20250056087,2025-06-20,STR019,PRD00256,1,13048.37,0.0,13048.37,8107.05,UPI,Regular
SAL20250056088,2025-06-22,STR017,PRD00103,1,4104.09,0.0,4104.09,2941.45,Net Banking,Regular
SAL20250056089,2025-06-07,STR003,PRD00912,2,532.47,0.0,1064.94,612.6,Debit Card,Walk-in
SAL20250056090,2025-06-20,STR032,PRD00625,2,629.94,0.0,1259.88,865.82,UPI,Premium
SAL20250056091,2025-06-07,STR025,PRD00865,1,2254.56,0.0,2254.56,1423.93,UPI,Corporate
SAL20250056092,2025-06-23,STR007,PRD00934,3,3207.23,0.0,9621.69,5433.21,Credit Card,Regular
SAL20250056093,2025-06-01,STR006,PRD00798,1,1720.26,0.0,1720.26,961.55,UPI,Regular
SAL20250056094,2025-06-16,STR038,PRD00927,1,799.32,0.1,719.39,584.58,Debit Card,Walk-in
SAL20250056095,2025-06-07,STR032,PRD00913,2,3252.33,0.0,6504.66,4321.0,Credit Card,Regular
SAL20250056096,2025-06-24,STR036,PRD01097,3,4205.24,0.0,12615.72,6162.75,UPI,Regular
SAL20250056097,2025-06-06,STR008,PRD00365,1,693.15,0.0,693.15,448.69,UPI,Regular
SAL20250056098,2025-06-24,STR002,PRD00273,1,1306.29,0.0,1306.29,758.87,Credit Card,Regular
SAL20250056099,2025-06-27,STR036,PRD00517,2,252.82,0.1,455.08,406.06,Cash,Regular
SAL20250056100,2025-06-07,STR036,PRD00927,3,799.32,0.0,2397.96,1753.74,UPI,Regular
SAL20250056101,2025-06-08,STR013,PRD00221,1,9230.37,0.0,9230.37,5770.89,UPI,Regular
SAL20250056102,2025-06-09,STR030,PRD01018,3,139.93,0.05,398.8,266.4,Credit Card,Regular
SAL20250056103,2025-06-21,STR038,PRD00566,3,655.12,0.0,1965.36,1269.36,UPI,Walk-in
SAL20250056104,2025-06-02,STR036,PRD00591,2,500.81,0.0,1001.62,727.46,Credit Card,Walk-in
SAL20250056105,2025-06-19,STR038,PRD00809,1,1418.3,0.0,1418.3,895.74,Debit Card,Premium
SAL20250056106,2025-06-12,STR029,PRD00688,3,2802.62,0.1,7567.07,6266.52,Debit Card,Premium
SAL20250056107,2025-06-25,STR024,PRD00710,1,4042.5,0.0,4042.5,2223.99,UPI,Premium
SAL20250056108,2025-06-08,STR026,PRD00496,1,1047.75,0.0,1047.75,902.44,UPI,Walk-in
SAL20250056109,2025-06-23,STR014,PRD00589,1,435.23,0.0,435.23,254.04,UPI,Premium
SAL20250056110,2025-06-23,STR036,PRD00706,4,3862.25,0.0,15449.0,9776.04,Credit Card,Walk-in
SAL20250056111,2025-06-26,STR032,PRD00903,4,433.92,0.0,1735.68,1101.64,Credit Card,Regular
SAL20250056112,2025-06-06,STR006,PRD00221,1,9230.37,0.0,9230.37,5770.89,UPI,Walk-in
SAL20250056113,2025-06-22,STR022,PRD00771,1,2601.02,0.0,2601.02,1436.13,Credit Card,Walk-in
SAL20250056114,2025-06-16,STR032,PRD00245,1,6730.38,0.0,6730.38,4429.31,Credit Card,Regular
SAL20250056115,2025-06-11,STR018,PRD01079,2,323.52,0.0,647.04,383.08,UPI,Regular
SAL20250056116,2025-06-09,STR018,PRD01137,1,2009.09,0.0,2009.09,1074.27,UPI,Walk-in
SAL20250056117,2025-06-10,STR016,PRD00718,1,2341.08,0.05,2224.03,1675.99,Credit Card,Premium
SAL20250056118,2025-06-28,STR026,PRD00691,2,1815.13,0.0,3630.26,2299.86,Cash,Regular
SAL20250056119,2025-06-07,STR018,PRD00696,2,1599.77,0.0,3199.54,2160.04,UPI,Regular
SAL20250056120,2025-06-04,STR018,PRD00624,1,124.7,0.0,124.7,87.08,Net Banking,Regular
SAL20250056121,2025-06-23,STR011,PRD00168,3,8820.25,0.0,26460.75,19833.18,UPI,Corporate
SAL20250056122,2025-06-04,STR023,PRD00671,1,327.72,0.0,327.72,208.01,UPI,Regular
SAL20250056123,2025-06-20,STR022,PRD00159,1,4881.58,0.0,4881.58,3676.52,Debit Card,Premium
SAL20250056124,2025-06-17,STR001,PRD00011,1,13229.12,0.0,13229.12,9834.69,UPI,Regular
SAL20250056125,2025-06-21,STR040,PRD00075,1,9132.03,0.0,9132.03,7042.59,UPI,Regular
SAL20250056126,2025-06-21,STR022,PRD01006,6,849.47,0.0,5096.82,3640.14,UPI,Walk-in
SAL20250056127,2025-06-11,STR012,PRD00444,1,347.0,0.0,347.0,285.96,Cash,Walk-in
SAL20250056128,2025-06-30,STR008,PRD01075,1,6164.63,0.0,6164.63,3178.28,Debit Card,Premium
SAL20250056129,2025-06-09,STR037,PRD00313,2,1406.36,0.0,2812.72,1278.68,Credit Card,Walk-in
SAL20250056130,2025-06-10,STR020,PRD00151,1,5709.55,0.0,5709.55,3733.65,Credit Card,Regular
SAL20250056131,2025-06-19,STR017,PRD01083,1,8991.53,0.0,8991.53,3921.72,Credit Card,Regular
SAL20250056132,2025-06-02,STR012,PRD00822,1,3937.8,0.05,3740.91,2399.9,Credit Card,Regular
SAL20250056133,2025-06-08,STR020,PRD01197,2,2167.83,0.05,4118.88,2322.36,Credit Card,Regular
SAL20250056134,2025-06-21,STR041,PRD01043,4,134.43,0.0,537.72,321.84,Credit Card,Regular
SAL20250056135,2025-06-09,STR021,PRD00402,1,947.11,0.0,947.11,818.06,Debit Card,Corporate
SAL20250056136,2025-06-21,STR004,PRD01123,1,3145.87,0.0,3145.87,1902.26,UPI,Regular
SAL20250056137,2025-06-11,STR036,PRD01157,3,8076.82,0.1,21807.41,12796.23,Net Banking,Regular
SAL20250056138,2025-06-27,STR040,PRD00624,3,124.7,0.0,374.1,261.24,UPI,Regular
SAL20250056139,2025-06-12,STR016,PRD00600,1,709.55,0.0,709.55,469.16,UPI,Regular
SAL20250056140,2025-06-21,STR005,PRD00650,3,429.23,0.0,1287.69,747.93,Credit Card,Premium
SAL20250056141,2025-06-10,STR029,PRD00117,3,5653.79,0.0,16961.37,12159.06,UPI,Regular
SAL20250056142,2025-06-23,STR007,PRD00450,1,377.7,0.0,377.7,290.54,UPI,Premium
SAL20250056143,2025-06-05,STR019,PRD00092,3,6575.52,0.0,19726.56,14033.04,UPI,Regular
SAL20250056144,2025-06-17,STR040,PRD00306,1,1349.3,0.0,1349.3,771.94,Credit Card,Regular
SAL20250056145,2025-06-24,STR036,PRD00320,1,273.23,0.05,259.57,149.99,UPI,Regular
SAL20250056146,2025-06-09,STR040,PRD00127,1,14293.97,0.0,14293.97,10567.08,Credit Card,Walk-in
SAL20250056147,2025-06-25,STR009,PRD00093,2,12459.16,0.0,24918.32,19408.14,UPI,Walk-in
SAL20250056148,2025-06-01,STR015,PRD00077,2,14848.8,0.05,28212.72,24154.42,Debit Card,Regular
SAL20250056149,2025-06-05,STR030,PRD00157,1,5982.96,0.0,5982.96,4355.19,UPI,Regular
SAL20250056150,2025-06-09,STR037,PRD01122,1,6526.26,0.0,6526.26,3631.48,Net Banking,Premium
SAL20250056151,2025-06-05,STR017,PRD00359,1,1383.56,0.0,1383.56,643.64,Debit Card,Walk-in
SAL20250056152,2025-06-30,STR003,PRD00779,1,1606.83,0.0,1606.83,998.29,UPI,Regular
SAL20250056153,2025-06-30,STR007,PRD00772,3,988.94,0.0,2966.82,1978.47,Credit Card,Regular
SAL20250056154,2025-06-18,STR031,PRD00993,1,168.95,0.05,160.5,86.92,UPI,Corporate
SAL20250056155,2025-06-04,STR022,PRD00337,1,1047.01,0.0,1047.01,731.43,Credit Card,Walk-in
SAL20250056156,2025-06-23,STR015,PRD01076,1,4373.35,0.0,4373.35,2595.55,UPI,Regular
SAL20250056157,2025-06-02,STR039,PRD01149,1,4599.19,0.0,4599.19,2334.77,UPI,Regular
SAL20250056158,2025-06-10,STR017,PRD00037,1,21728.77,0.0,21728.77,16760.42,UPI,Walk-in
SAL20250056159,2025-06-15,STR020,PRD00238,1,4984.73,0.1,4486.26,3134.78,Credit Card,Regular
SAL20250056160,2025-06-26,STR001,PRD00537,1,133.85,0.0,133.85,78.78,Credit Card,Walk-in
SAL20250056161,2025-06-20,STR021,PRD01187,1,5464.91,0.0,5464.91,3354.99,UPI,Premium
SAL20250056162,2025-06-22,STR012,PRD00460,2,816.3,0.0,1632.6,1335.54,Debit Card,Premium
SAL20250056163,2025-06-19,STR023,PRD00840,1,2736.67,0.0,2736.67,1682.08,Credit Card,Regular
SAL20250056164,2025-06-25,STR008,PRD00695,1,2280.88,0.0,2280.88,1276.46,Debit Card,Regular
SAL20250056165,2025-06-07,STR032,PRD00792,1,5089.33,0.0,5089.33,2925.34,UPI,Regular
SAL20250056166,2025-06-17,STR008,PRD00160,1,7937.44,0.0,7937.44,4808.49,UPI,Regular
SAL20250056167,2025-06-04,STR039,PRD01058,2,211.57,0.0,423.14,290.04,Credit Card,Corporate
SAL20250056168,2025-06-08,STR029,PRD01058,1,211.57,0.0,211.57,145.02,Cash,Walk-in
SAL20250056169,2025-06-11,STR023,PRD00501,1,707.96,0.1,637.16,547.35,Cash,Walk-in
SAL20250056170,2025-06-25,STR003,PRD00372,1,542.7,0.1,488.43,275.98,UPI,Walk-in
SAL20250056171,2025-06-13,STR029,PRD01049,10,225.77,0.0,2257.7,1378.8,UPI,Premium
SAL20250056172,2025-06-17,STR023,PRD00154,1,614.66,0.0,614.66,476.92,UPI,Walk-in
SAL20250056173,2025-06-06,STR019,PRD01156,1,3916.29,0.0,3916.29,2267.77,Credit Card,Regular
SAL20250056174,2025-06-30,STR017,PRD00962,2,708.41,0.1,1275.14,791.36,UPI,Regular
SAL20250056175,2025-06-25,STR012,PRD00672,1,4427.9,0.0,4427.9,3013.84,Credit Card,Corporate
SAL20250056176,2025-06-03,STR024,PRD00977,2,417.51,0.0,835.02,564.56,Credit Card,Walk-in
SAL20250056177,2025-06-21,STR031,PRD00780,1,1384.22,0.0,1384.22,888.86,Debit Card,Walk-in
SAL20250056178,2025-06-01,STR029,PRD00224,1,4670.9,0.0,4670.9,3440.61,Cash,Regular
SAL20250056179,2025-06-13,STR034,PRD01149,2,4599.19,0.0,9198.38,4669.54,Credit Card,Walk-in
SAL20250056180,2025-06-27,STR024,PRD00179,1,5253.14,0.0,5253.14,3207.54,Net Banking,Regular
SAL20250056181,2025-06-22,STR026,PRD00771,2,2601.02,0.0,5202.04,2872.26,UPI,Walk-in
SAL20250056182,2025-06-13,STR009,PRD00054,2,16291.52,0.0,32583.04,23680.68,Debit Card,Regular
SAL20250056183,2025-06-14,STR031,PRD00799,2,3907.93,0.0,7815.86,4917.16,Net Banking,Walk-in
SAL20250056184,2025-06-04,STR006,PRD00926,1,683.78,0.0,683.78,481.25,Debit Card,Premium
SAL20250056185,2025-06-17,STR003,PRD00981,3,76.61,0.0,229.83,162.72,Credit Card,Regular
SAL20250056186,2025-06-10,STR005,PRD01106,1,3135.75,0.0,3135.75,1669.16,Credit Card,Regular
SAL20250056187,2025-06-21,STR019,PRD00779,2,1606.83,0.0,3213.66,1996.58,UPI,Premium
SAL20250056188,2025-06-19,STR008,PRD00886,1,1331.79,0.0,1331.79,944.7,UPI,Regular
SAL20250056189,2025-06-17,STR003,PRD00532,2,1039.03,0.0,2078.06,1617.72,Net Banking,Walk-in
SAL20250056190,2025-06-22,STR018,PRD00253,1,9663.5,0.0,9663.5,6717.07,UPI,Walk-in
SAL20250056191,2025-06-14,STR009,PRD00265,1,4797.2,0.1,4317.48,2920.06,Debit Card,Walk-in
SAL20250056192,2025-06-16,STR007,PRD01005,1,682.39,0.0,682.39,475.7,UPI,Regular
SAL20250056193,2025-06-19,STR029,PRD00022,1,22149.39,0.0,22149.39,16337.37,UPI,Regular
SAL20250056194,2025-06-14,STR033,PRD00177,1,10270.98,0.1,9243.88,7398.07,UPI,Walk-in
SAL20250056195,2025-06-14,STR017,PRD00672,2,4427.9,0.05,8413.01,6027.68,UPI,Corporate
SAL20250056196,2025-06-11,STR024,PRD00982,1,104.72,0.0,104.72,58.34,UPI,Regular
SAL20250056197,2025-06-27,STR039,PRD00829,1,2093.34,0.0,2093.34,1538.87,UPI,Regular
SAL20250056198,2025-06-22,STR015,PRD01198,1,7043.58,0.0,7043.58,4432.23,UPI,Walk-in
SAL20250056199,2025-06-17,STR034,PRD01006,1,849.47,0.0,849.47,606.69,Debit Card,Regular
SAL20250056200,2025-06-23,STR002,PRD00392,4,436.74,0.0,1746.96,969.12,Net Banking,Regular
SAL20250056201,2025-06-17,STR038,PRD01127,1,730.99,0.0,730.99,319.39,Net Banking,Premium
SAL20250056202,2025-06-01,STR001,PRD00229,1,2013.93,0.0,2013.93,1348.9,UPI,Walk-in
SAL20250056203,2025-06-18,STR005,PRD00540,1,550.54,0.05,523.01,388.62,UPI,Walk-in
SAL20250056204,2025-06-15,STR005,PRD00189,1,8529.1,0.0,8529.1,5554.64,Credit Card,Walk-in
SAL20250056205,2025-06-16,STR006,PRD00567,1,365.44,0.0,365.44,226.96,UPI,Walk-in
SAL20250056206,2025-06-10,STR029,PRD00784,2,1985.25,0.0,3970.5,2604.08,Credit Card,Corporate
SAL20250056207,2025-06-16,STR018,PRD01192,1,7158.24,0.0,7158.24,4065.98,Credit Card,Walk-in
SAL20250056208,2025-06-27,STR038,PRD00837,4,4012.56,0.0,16050.24,9474.56,UPI,Regular
SAL20250056209,2025-06-08,STR017,PRD00553,2,150.28,0.0,300.56,174.22,Credit Card,Regular
SAL20250056210,2025-06-23,STR039,PRD00714,2,1837.1,0.0,3674.2,2696.02,UPI,Regular
SAL20250056211,2025-06-21,STR026,PRD00187,1,5314.8,0.0,5314.8,3364.43,Cash,Walk-in
SAL20250056212,2025-06-20,STR040,PRD01107,1,1600.76,0.0,1600.76,735.13,Debit Card,Regular
SAL20250056213,2025-06-03,STR016,PRD00656,3,201.0,0.0,603.0,423.3,Credit Card,Walk-in
SAL20250056214,2025-06-04,STR033,PRD00264,1,4452.38,0.0,4452.38,3172.04,Debit Card,Walk-in
SAL20250056215,2025-06-02,STR033,PRD00599,1,273.52,0.0,273.52,189.37,UPI,Regular
SAL20250056216,2025-06-30,STR016,PRD00137,1,8245.04,0.1,7420.54,6423.44,UPI,Walk-in
SAL20250056217,2025-06-28,STR014,PRD00296,3,250.04,0.1,675.11,364.89,Credit Card,Regular
SAL20250056218,2025-06-07,STR040,PRD00449,2,236.21,0.0,472.42,398.28,UPI,Premium
SAL20250056219,2025-06-25,STR010,PRD00069,1,11744.39,0.0,11744.39,7701.34,Credit Card,Regular
SAL20250056220,2025-06-05,STR031,PRD00173,3,9167.15,0.0,27501.45,17253.96,Debit Card,Regular
SAL20250056221,2025-06-07,STR037,PRD01150,1,4074.75,0.0,4074.75,2372.04,Cash,Walk-in
SAL20250056222,2025-06-25,STR020,PRD00831,2,2902.42,0.0,5804.84,3986.34,UPI,Walk-in
SAL20250056223,2025-06-30,STR032,PRD00432,2,845.55,0.0,1691.1,1294.08,UPI,Regular
SAL20250056224,2025-06-05,STR007,PRD00891,1,506.36,0.0,506.36,373.69,UPI,Walk-in
SAL20250056225,2025-06-08,STR034,PRD00486,1,161.3,0.0,161.3,123.55,Net Banking,Premium
SAL20250056226,2025-06-12,STR040,PRD00408,1,1017.09,0.0,1017.09,782.92,UPI,Regular
SAL20250056227,2025-06-18,STR008,PRD00854,1,2355.83,0.1,2120.25,1467.93,Credit Card,Premium
SAL20250056228,2025-06-17,STR007,PRD00821,1,2784.44,0.0,2784.44,1582.41,UPI,Regular
SAL20250056229,2025-06-08,STR022,PRD01015,4,771.47,0.05,2931.59,2164.48,Credit Card,Regular
SAL20250056230,2025-06-04,STR029,PRD01047,3,844.86,0.0,2534.58,1450.14,UPI,Walk-in
SAL20250056231,2025-06-01,STR023,PRD00097,1,19452.93,0.0,19452.93,14437.86,UPI,Walk-in
SAL20250056232,2025-06-07,STR019,PRD00401,1,743.9,0.0,743.9,628.4,UPI,Walk-in
SAL20250056233,2025-06-02,STR006,PRD01176,2,5880.6,0.0,11761.2,7038.66,Debit Card,Regular
SAL20250056234,2025-06-15,STR041,PRD00020,1,2507.15,0.0,2507.15,1948.29,Cash,Regular
SAL20250056235,2025-06-25,STR011,PRD01109,1,5029.33,0.0,5029.33,2768.42,UPI,Regular
SAL20250056236,2025-06-09,STR024,PRD00869,4,3787.4,0.0,15149.6,9465.6,Credit Card,Premium
SAL20250056237,2025-06-27,STR030,PRD00200,1,1880.51,0.0,1880.51,1363.43,UPI,Walk-in
SAL20250056238,2025-06-13,STR014,PRD00713,1,4061.86,0.05,3858.77,2937.76,Debit Card,Regular
SAL20250056239,2025-06-28,STR001,PRD00656,4,201.0,0.0,804.0,564.4,UPI,Regular
SAL20250056240,2025-06-10,STR028,PRD01121,1,2103.52,0.0,2103.52,974.58,UPI,Premium
SAL20250056241,2025-06-27,STR017,PRD00740,1,3926.7,0.0,3926.7,2842.31,Cash,Walk-in
SAL20250056242,2025-06-02,STR034,PRD00966,4,814.75,0.0,3259.0,2105.8,Cash,Walk-in
SAL20250056243,2025-06-10,STR024,PRD00550,2,639.85,0.1,1151.73,729.84,Debit Card,Walk-in
SAL20250056244,2025-06-28,STR006,PRD01014,5,1123.09,0.1,5053.9,3180.4,Credit Card,Regular
SAL20250056245,2025-06-02,STR041,PRD00358,4,873.37,0.0,3493.48,1866.68,Debit Card,Walk-in
SAL20250056246,2025-06-16,STR017,PRD00150,1,1288.03,0.0,1288.03,897.46,Cash,Walk-in
SAL20250056247,2025-06-05,STR011,PRD00019,1,9063.53,0.0,9063.53,6399.55,UPI,Walk-in
SAL20250056248,2025-06-24,STR003,PRD00552,1,296.06,0.0,296.06,194.94,Cash,Walk-in
SAL20250056249,2025-06-07,STR004,PRD00097,1,19452.93,0.0,19452.93,14437.86,Debit Card,Walk-in
SAL20250056250,2025-06-11,STR031,PRD00613,4,239.41,0.0,957.64,714.44,UPI,Walk-in
SAL20250056251,2025-06-19,STR017,PRD00204,1,3776.34,0.0,3776.34,2580.11,Debit Card,Corporate
SAL20250056252,2025-06-08,STR003,PRD00384,1,1012.08,0.0,1012.08,513.64,UPI,Walk-in
SAL20250056253,2025-06-24,STR008,PRD00331,1,133.4,0.0,133.4,89.83,Net Banking,Regular
SAL20250056254,2025-06-14,STR021,PRD00061,1,7691.1,0.05,7306.55,5309.86,UPI,Corporate
SAL20250056255,2025-06-03,STR036,PRD00444,1,347.0,0.0,347.0,285.96,UPI,Walk-in
SAL20250056256,2025-06-28,STR022,PRD00533,1,799.67,0.0,799.67,662.06,Debit Card,Premium
SAL20250056257,2025-06-11,STR001,PRD00618,1,249.13,0.05,236.67,183.03,Debit Card,Regular
SAL20250056258,2025-06-01,STR008,PRD00816,1,1448.92,0.0,1448.92,857.39,Debit Card,Regular
SAL20250056259,2025-06-08,STR014,PRD01057,1,52.31,0.0,52.31,33.3,Debit Card,Corporate
SAL20250056260,2025-06-23,STR018,PRD00527,3,938.3,0.0,2814.9,2223.81,Credit Card,Regular
SAL20250056261,2025-06-03,STR010,PRD00637,1,299.32,0.0,299.32,213.6,Debit Card,Premium
SAL20250056262,2025-06-23,STR025,PRD00834,4,1440.43,0.0,5761.72,3661.96,UPI,Corporate
SAL20250056263,2025-06-15,STR015,PRD00686,3,3692.38,0.0,11077.14,6341.49,Debit Card,Walk-in
SAL20250056264,2025-06-16,STR040,PRD00182,1,1682.57,0.0,1682.57,1144.55,Credit Card,Regular
SAL20250056265,2025-06-03,STR025,PRD01194,1,6442.41,0.0,6442.41,3885.18,Credit Card,Walk-in
SAL20250056266,2025-06-27,STR002,PRD01135,2,2481.4,0.0,4962.8,2519.48,Net Banking,Walk-in
SAL20250056267,2025-06-14,STR036,PRD01118,1,5734.69,0.0,5734.69,3371.1,UPI,Premium
SAL20250056268,2025-06-03,STR039,PRD00684,2,3989.77,0.1,7181.59,4931.08,Credit Card,Premium
SAL20250056269,2025-06-23,STR020,PRD01021,1,582.28,0.1,524.05,378.12,Credit Card,Walk-in
SAL20250056270,2025-06-12,STR014,PRD00737,2,1053.41,0.1,1896.14,1506.74,Debit Card,Regular
SAL20250056271,2025-06-29,STR004,PRD00316,1,924.22,0.0,924.22,589.52,Debit Card,Regular
SAL20250056272,2025-06-24,STR031,PRD01057,1,52.31,0.0,52.31,33.3,UPI,Regular
SAL20250056273,2025-06-20,STR027,PRD00891,3,506.36,0.05,1443.13,1121.07,UPI,Regular
SAL20250056274,2025-06-26,STR029,PRD00045,1,17414.18,0.1,15672.76,13822.18,UPI,Regular
SAL20250056275,2025-06-04,STR019,PRD01185,1,2223.59,0.0,2223.59,924.85,Credit Card,Regular
SAL20250056276,2025-06-30,STR009,PRD00659,1,294.97,0.0,294.97,218.84,UPI,Regular
SAL20250056277,2025-06-10,STR033,PRD00416,1,833.51,0.0,833.51,691.79,Credit Card,Premium
SAL20250056278,2025-06-17,STR033,PRD01061,2,1015.91,0.0,2031.82,1071.06,UPI,Regular
SAL20250056279,2025-06-17,STR035,PRD00378,1,667.36,0.0,667.36,365.54,Cash,Regular
SAL20250056280,2025-06-29,STR017,PRD01031,2,1036.47,0.0,2072.94,1046.74,UPI,Premium
SAL20250056281,2025-06-08,STR040,PRD00317,1,1393.76,0.0,1393.76,799.47,UPI,Regular
SAL20250056282,2025-06-27,STR025,PRD00068,1,10777.06,0.0,10777.06,8694.54,UPI,Regular
SAL20250056283,2025-06-11,STR004,PRD00987,2,289.9,0.0,579.8,404.7,UPI,Regular
SAL20250056284,2025-06-22,STR008,PRD00319,1,746.89,0.05,709.55,463.81,UPI,Walk-in
SAL20250056285,2025-06-17,STR012,PRD00146,1,5953.14,0.0,5953.14,4155.91,UPI,Walk-in
SAL20250056286,2025-06-18,STR008,PRD00071,1,14423.02,0.0,14423.02,9605.63,UPI,Walk-in
SAL20250056287,2025-06-15,STR008,PRD00416,4,833.51,0.0,3334.04,2767.16,Credit Card,Regular
SAL20250056288,2025-06-20,STR016,PRD00578,1,577.23,0.0,577.23,422.81,Credit Card,Premium
SAL20250056289,2025-06-28,STR026,PRD00972,3,1079.34,0.0,3238.02,1887.0,Credit Card,Walk-in
SAL20250056290,2025-06-10,STR038,PRD00671,1,327.72,0.0,327.72,208.01,UPI,Premium
SAL20250056291,2025-06-14,STR011,PRD00604,1,254.69,0.0,254.69,151.9,Net Banking,Walk-in
SAL20250056292,2025-06-13,STR026,PRD00435,2,718.79,0.0,1437.58,1168.34,UPI,Walk-in
SAL20250056293,2025-06-17,STR013,PRD00459,1,918.25,0.0,918.25,735.01,Credit Card,Walk-in
SAL20250056294,2025-06-18,STR026,PRD00191,1,7660.03,0.0,7660.03,5198.25,Credit Card,Walk-in
SAL20250056295,2025-06-19,STR026,PRD00154,1,614.66,0.0,614.66,476.92,UPI,Walk-in
SAL20250056296,2025-06-16,STR014,PRD00034,1,761.93,0.05,723.83,520.56,UPI,Walk-in
SAL20250056297,2025-06-21,STR039,PRD01134,4,5914.46,0.0,23657.84,11717.28,Credit Card,Premium
SAL20250056298,2025-06-22,STR030,PRD00751,3,3034.29,0.1,8192.58,5821.08,Credit Card,Walk-in
SAL20250056299,2025-06-30,STR001,PRD00670,1,3171.53,0.0,3171.53,1914.92,UPI,Corporate
SAL20250056300,2025-06-21,STR004,PRD00851,2,2659.29,0.0,5318.58,3854.78,UPI,Walk-in
SAL20250056301,2025-06-30,STR023,PRD00894,4,2403.9,0.0,9615.6,6432.64,Credit Card,Walk-in
SAL20250056302,2025-06-05,STR015,PRD00785,1,4604.98,0.0,4604.98,2754.83,Debit Card,Walk-in
SAL20250056303,2025-06-07,STR023,PRD00727,1,737.62,0.0,737.62,442.28,UPI,Walk-in
SAL20250056304,2025-06-25,STR005,PRD00310,2,607.97,0.0,1215.94,607.48,UPI,Regular
SAL20250056305,2025-06-28,STR002,PRD00682,3,3799.71,0.0,11399.13,7341.84,Credit Card,Regular
SAL20250056306,2025-06-05,STR027,PRD00772,1,988.94,0.0,988.94,659.49,UPI,Regular
SAL20250056307,2025-06-01,STR003,PRD00773,1,733.06,0.05,696.41,518.45,Credit Card,Premium
SAL20250056308,2025-06-22,STR002,PRD00636,1,685.82,0.0,685.82,452.44,UPI,Regular
SAL20250056309,2025-06-26,STR016,PRD00611,1,51.03,0.0,51.03,37.81,UPI,Regular
SAL20250056310,2025-06-21,STR026,PRD01184,2,6927.53,0.0,13855.06,6365.4,Cash,Walk-in
SAL20250056311,2025-06-12,STR037,PRD00492,1,431.72,0.0,431.72,362.04,UPI,Premium
SAL20250056312,2025-06-20,STR040,PRD01129,3,691.29,0.0,2073.87,843.36,Debit Card,Regular
SAL20250056313,2025-06-18,STR020,PRD01018,3,139.93,0.0,419.79,266.4,Debit Card,Walk-in
SAL20250056314,2025-06-10,STR019,PRD00146,1,5953.14,0.0,5953.14,4155.91,UPI,Regular
SAL20250056315,2025-06-20,STR013,PRD00728,1,5071.72,0.0,5071.72,3009.63,UPI,Regular
SAL20250056316,2025-06-26,STR040,PRD00008,1,14817.35,0.0,14817.35,10393.47,UPI,Walk-in
SAL20250056317,2025-06-26,STR019,PRD00492,2,431.72,0.0,863.44,724.08,Credit Card,Premium
SAL20250056318,2025-06-27,STR033,PRD00490,3,177.23,0.0,531.69,414.93,UPI,Regular
SAL20250056319,2025-06-03,STR006,PRD01099,1,4242.7,0.0,4242.7,2721.85,UPI,Regular
SAL20250056320,2025-06-09,STR006,PRD00200,1,1880.51,0.0,1880.51,1363.43,UPI,Regular
SAL20250056321,2025-06-27,STR024,PRD00694,1,3202.51,0.0,3202.51,2319.01,UPI,Regular
SAL20250056322,2025-06-21,STR005,PRD01180,1,9129.62,0.0,9129.62,4243.81,UPI,Regular
SAL20250056323,2025-06-07,STR005,PRD00761,1,367.88,0.1,331.09,269.21,UPI,Walk-in
SAL20250056324,2025-06-16,STR026,PRD00080,1,17292.25,0.0,17292.25,13027.41,Debit Card,Walk-in
SAL20250056325,2025-06-23,STR035,PRD01154,1,1216.46,0.05,1155.64,611.46,Debit Card,Walk-in
SAL20250056326,2025-06-23,STR040,PRD00332,1,556.82,0.0,556.82,272.93,UPI,Premium
SAL20250056327,2025-06-05,STR038,PRD01037,2,431.13,0.0,862.26,464.38,UPI,Walk-in
SAL20250056328,2025-06-01,STR007,PRD00139,1,2949.49,0.0,2949.49,1812.36,UPI,Regular
SAL20250056329,2025-06-26,STR041,PRD00519,3,818.33,0.0,2454.99,1928.7,UPI,Regular
SAL20250056330,2025-06-22,STR027,PRD00864,2,1725.02,0.0,3450.04,2236.12,UPI,Walk-in
SAL20250056331,2025-06-11,STR041,PRD00866,1,1023.05,0.0,1023.05,622.37,Credit Card,Walk-in
SAL20250056332,2025-06-07,STR018,PRD00179,1,5253.14,0.0,5253.14,3207.54,UPI,Regular
SAL20250056333,2025-06-02,STR007,PRD00920,1,2715.99,0.0,2715.99,1534.46,Cash,Walk-in
SAL20250056334,2025-06-25,STR021,PRD00363,2,1443.62,0.0,2887.24,1380.7,UPI,Walk-in
SAL20250056335,2025-06-01,STR016,PRD00740,1,3926.7,0.0,3926.7,2842.31,UPI,Walk-in
SAL20250056336,2025-06-02,STR011,PRD00136,1,8242.41,0.0,8242.41,5641.21,Cash,Walk-in
SAL20250056337,2025-06-11,STR035,PRD01141,1,1387.21,0.05,1317.85,810.65,UPI,Walk-in
SAL20250056338,2025-06-06,STR020,PRD00671,2,327.72,0.05,622.67,416.02,UPI,Walk-in
SAL20250056339,2026-05-15,STR013,PRD00449,5,236.21,0.0,1181.05,995.7,Cash,Regular
SAL20250056340,2025-06-24,STR027,PRD01072,2,354.49,0.0,708.98,440.0,UPI,Corporate
SAL20250056341,2025-06-14,STR041,PRD00555,1,381.92,0.0,381.92,219.79,Debit Card,Regular
SAL20250056342,2025-06-01,STR006,PRD01005,2,682.39,0.0,1364.78,951.4,Cash,Walk-in
SAL20250056343,2025-06-10,STR036,PRD00343,1,244.94,0.1,220.45,130.41,Credit Card,Regular
SAL20250056344,2025-06-02,STR013,PRD00529,3,569.27,0.0,1707.81,1470.93,UPI,Regular
SAL20250056345,2025-06-28,STR035,PRD00598,1,173.87,0.0,173.87,122.49,Credit Card,Regular
SAL20250056346,2025-06-12,STR005,PRD00139,1,2949.49,0.0,2949.49,1812.36,Credit Card,Regular
SAL20250056347,2025-06-23,STR037,PRD00881,4,802.33,0.1,2888.39,2134.04,Credit Card,Regular
SAL20250056348,2025-06-22,STR005,PRD00906,1,3449.48,0.1,3104.53,2116.22,UPI,Regular
SAL20250056349,2025-06-05,STR026,PRD00207,1,9083.73,0.1,8175.36,6742.14,UPI,Walk-in
SAL20250056350,2025-06-25,STR027,PRD00629,2,197.41,0.0,394.82,274.18,Net Banking,Premium
SAL20250056351,2025-06-10,STR027,PRD00031,2,18632.2,0.0,37264.4,27807.62,UPI,Regular
SAL20250056352,2025-06-19,STR021,PRD01195,1,6990.3,0.0,6990.3,3398.23,UPI,Walk-in
SAL20250056353,2025-06-24,STR034,PRD00609,3,338.3,0.1,913.41,606.09,UPI,Walk-in
SAL20250056354,2025-06-19,STR010,PRD01190,2,7433.72,0.0,14867.44,7540.62,UPI,Walk-in
SAL20250056355,2025-06-25,STR007,PRD00256,1,13048.37,0.0,13048.37,8107.05,Credit Card,Walk-in
SAL20250056356,2025-06-01,STR041,PRD00433,1,1065.88,0.0,1065.88,861.75,Debit Card,Regular
SAL20250056357,2025-06-16,STR002,PRD01139,1,4060.77,0.0,4060.77,1844.56,UPI,Regular
SAL20250056358,2025-06-02,STR033,PRD00078,1,9036.37,0.0,9036.37,6491.36,UPI,Regular
SAL20250056359,2025-06-13,STR041,PRD00755,1,511.82,0.0,511.82,344.31,Credit Card,Regular
SAL20250056360,2025-06-20,STR028,PRD01034,1,310.11,0.0,310.11,217.72,Debit Card,Regular
SAL20250056361,2025-06-16,STR015,PRD00464,3,598.64,0.0,1795.92,1375.47,Cash,Walk-in
SAL20250056362,2025-06-23,STR038,PRD01172,3,1132.5,0.0,3397.5,1734.18,Credit Card,Regular
SAL20250056363,2025-06-10,STR021,PRD01015,1,771.47,0.0,771.47,541.12,Credit Card,Walk-in
SAL20250056364,2025-06-04,STR024,PRD00715,1,2949.53,0.0,2949.53,1984.0,Cash,Walk-in
SAL20250056365,2025-06-07,STR035,PRD00962,10,708.41,0.0,7084.1,3956.8,UPI,Corporate
SAL20250056366,2025-06-06,STR041,PRD00524,1,128.85,0.05,122.41,106.5,Debit Card,Premium
SAL20250056367,2025-06-25,STR014,PRD00724,1,2856.14,0.0,2856.14,1594.41,UPI,Regular
SAL20250056368,2025-06-06,STR041,PRD00697,1,1377.61,0.0,1377.61,807.52,UPI,Walk-in
SAL20250056369,2025-06-11,STR005,PRD00893,1,963.04,0.0,963.04,603.05,UPI,Walk-in
SAL20250056370,2025-06-25,STR021,PRD00283,4,917.06,0.0,3668.24,1725.88,Credit Card,Regular
SAL20250056371,2025-06-04,STR002,PRD00080,1,17292.25,0.0,17292.25,13027.41,Credit Card,Regular
SAL20250056372,2025-06-13,STR025,PRD00410,2,245.81,0.0,491.62,385.52,UPI,Regular
SAL20250056373,2025-06-11,STR004,PRD00456,2,215.04,0.0,430.08,339.98,UPI,Regular
SAL20250056374,2025-06-09,STR033,PRD00698,3,1659.66,0.0,4978.98,3283.77,UPI,Regular
SAL20250056375,2025-06-18,STR036,PRD00128,1,13672.72,0.0,13672.72,8963.81,UPI,Walk-in
SAL20250056376,2025-06-06,STR022,PRD01097,2,4205.24,0.1,7569.43,4108.5,UPI,Walk-in
SAL20250056377,2025-06-29,STR002,PRD00394,2,327.5,0.0,655.0,437.02,UPI,Regular
SAL20250056378,2025-06-02,STR006,PRD00103,1,4104.09,0.0,4104.09,2941.45,Net Banking,Premium
SAL20250056379,2025-06-14,STR026,PRD00861,4,3212.99,0.05,12209.36,7095.2,Credit Card,Walk-in
SAL20250056380,2025-06-02,STR021,PRD00281,1,679.79,0.0,679.79,393.52,Credit Card,Premium
SAL20250056381,2025-06-29,STR019,PRD01166,2,3220.85,0.0,6441.7,3320.86,Credit Card,Walk-in
SAL20250056382,2025-06-20,STR006,PRD00127,1,14293.97,0.0,14293.97,10567.08,UPI,Walk-in
SAL20250056383,2025-06-08,STR037,PRD00811,1,243.22,0.05,231.06,140.95,Credit Card,Regular
SAL20250056384,2025-06-20,STR030,PRD00253,1,9663.5,0.05,9180.32,6717.07,Debit Card,Walk-in
SAL20250056385,2025-06-30,STR033,PRD00060,1,15273.35,0.0,15273.35,10531.53,UPI,Regular
SAL20250056386,2025-06-30,STR036,PRD00603,2,196.91,0.05,374.13,261.92,Debit Card,Regular
SAL20250056387,2025-06-27,STR030,PRD00228,2,4421.9,0.0,8843.8,5964.62,Cash,Regular
SAL20250056388,2025-06-15,STR023,PRD00520,2,482.69,0.0,965.38,811.72,Credit Card,Walk-in
SAL20250056389,2025-06-22,STR013,PRD01114,1,8827.06,0.1,7944.35,3573.34,UPI,Walk-in
SAL20250056390,2025-06-29,STR006,PRD00573,1,44.75,0.0,44.75,26.95,Debit Card,Corporate
SAL20250056391,2025-06-19,STR019,PRD00013,1,17378.5,0.0,17378.5,12862.09,UPI,Walk-in
SAL20250056392,2025-06-25,STR033,PRD00656,4,201.0,0.0,804.0,564.4,Credit Card,Walk-in
SAL20250056393,2025-06-29,STR015,PRD00805,1,3870.93,0.05,3677.38,2163.81,Credit Card,Premium
SAL20250056394,2025-06-11,STR001,PRD00740,1,3926.7,0.0,3926.7,2842.31,Credit Card,Corporate
SAL20250056395,2025-06-18,STR020,PRD00699,3,2305.84,0.0,6917.52,4566.84,Debit Card,Walk-in
SAL20250056396,2025-06-20,STR032,PRD00610,1,637.82,0.0,637.82,413.73,Credit Card,Regular
SAL20250056397,2025-06-12,STR002,PRD00377,1,1177.54,0.1,1059.79,822.72,Debit Card,Regular
SAL20250056398,2025-06-28,STR001,PRD00853,1,3236.74,0.1,2913.07,1868.14,Credit Card,Walk-in
SAL20250056399,2025-06-19,STR008,PRD00471,1,607.66,0.0,607.66,495.35,Credit Card,Premium
SAL20250056400,2025-06-03,STR012,PRD00179,1,5253.14,0.0,5253.14,3207.54,Debit Card,Regular
SAL20250056401,2025-06-17,STR017,PRD00543,1,579.45,0.0,579.45,425.23,Credit Card,Walk-in
SAL20250056402,2025-06-27,STR032,PRD00302,1,486.18,0.0,486.18,225.09,Debit Card,Regular
SAL20250056403,2025-06-21,STR025,PRD00371,1,199.9,0.0,199.9,113.45,UPI,Premium
SAL20250056404,2025-06-25,STR024,PRD00119,1,21410.34,0.0,21410.34,16034.57,UPI,Regular
SAL20250056405,2025-06-22,STR019,PRD00639,1,160.88,0.0,160.88,102.41,UPI,Regular
SAL20250056406,2025-06-04,STR033,PRD00636,2,685.82,0.0,1371.64,904.88,UPI,Regular
SAL20250056407,2025-06-09,STR039,PRD00795,2,965.34,0.0,1930.68,1376.04,UPI,Walk-in
SAL20250056408,2025-06-21,STR011,PRD00953,1,80.84,0.0,80.84,57.97,UPI,Walk-in
SAL20250056409,2025-06-12,STR009,PRD00100,1,14294.81,0.05,13580.07,9774.86,UPI,Regular
SAL20250056410,2025-06-04,STR033,PRD00378,2,667.36,0.0,1334.72,731.08,Credit Card,Premium
SAL20250056411,2025-06-06,STR016,PRD01127,1,730.99,0.0,730.99,319.39,Credit Card,Walk-in
SAL20250056412,2025-06-06,STR026,PRD00460,4,816.3,0.0,3265.2,2671.08,UPI,Regular
SAL20250056413,2025-06-21,STR024,PRD00067,2,3694.12,0.05,7018.83,5389.44,UPI,Regular
SAL20250056414,2025-06-23,STR017,PRD00299,1,1362.69,0.0,1362.69,823.3,Debit Card,Regular
SAL20250056415,2025-06-14,STR019,PRD00611,1,51.03,0.0,51.03,37.81,Credit Card,Regular
SAL20250056416,2025-06-20,STR030,PRD00203,1,6533.34,0.0,6533.34,4260.88,UPI,Regular
SAL20250056417,2025-06-23,STR019,PRD00465,2,578.8,0.0,1157.6,885.6,UPI,Premium
SAL20250056418,2025-06-02,STR020,PRD01033,1,703.74,0.0,703.74,378.69,UPI,Walk-in
SAL20250056419,2025-06-23,STR003,PRD00984,5,34.1,0.0,170.5,100.1,Debit Card,Regular
SAL20250056420,2025-06-13,STR015,PRD00474,3,108.22,0.0,324.66,268.11,Cash,Premium
SAL20250056421,2025-06-09,STR017,PRD00298,1,1012.57,0.0,1012.57,666.12,UPI,Walk-in
SAL20250056422,2025-06-05,STR028,PRD00997,4,893.9,0.0,3575.6,2498.76,Cash,Walk-in
SAL20250056423,2025-06-08,STR017,PRD00159,1,4881.58,0.05,4637.5,3676.52,Credit Card,Walk-in
SAL20250056424,2025-06-19,STR037,PRD00601,10,50.1,0.0,501.0,308.2,UPI,Regular
SAL20250056425,2025-06-12,STR019,PRD00478,10,959.84,0.0,9598.4,8122.6,UPI,Regular
SAL20250056426,2025-06-02,STR040,PRD00042,1,15775.49,0.0,15775.49,11939.67,UPI,Walk-in
SAL20250056427,2025-06-18,STR009,PRD00254,1,11020.14,0.0,11020.14,6776.21,UPI,Walk-in
SAL20250056428,2025-06-08,STR033,PRD00943,4,787.16,0.0,3148.64,2129.76,UPI,Premium
SAL20250056429,2025-06-05,STR020,PRD00472,5,554.85,0.0,2774.25,2224.5,UPI,Walk-in
SAL20250056430,2025-06-04,STR006,PRD00696,1,1599.77,0.0,1599.77,1080.02,Credit Card,Regular
SAL20250056431,2025-06-21,STR036,PRD00423,2,256.23,0.0,512.46,427.8,Cash,Corporate
SAL20250056432,2025-06-14,STR010,PRD01163,1,6199.15,0.1,5579.23,3716.06,UPI,Regular
SAL20250056433,2025-06-01,STR038,PRD00453,2,1257.16,0.0,2514.32,1892.74,UPI,Regular
SAL20250056434,2025-06-04,STR009,PRD00708,2,2849.79,0.0,5699.58,3766.3,UPI,Walk-in
SAL20250056435,2025-06-08,STR028,PRD00790,2,1379.35,0.0,2758.7,1805.44,Cash,Regular
SAL20250056436,2025-06-01,STR036,PRD00492,4,431.72,0.0,1726.88,1448.16,Credit Card,Regular
SAL20250056437,2025-06-29,STR003,PRD00267,1,11328.41,0.0,11328.41,8001.59,Debit Card,Regular
SAL20250056438,2025-06-26,STR040,PRD00403,3,158.56,0.0,475.68,414.66,Credit Card,Premium
SAL20250056439,2025-06-13,STR004,PRD00085,1,26032.76,0.05,24731.12,17875.58,Debit Card,Corporate
SAL20250056440,2025-06-08,STR013,PRD00982,1,104.72,0.0,104.72,58.34,Net Banking,Regular
SAL20250056441,2025-06-17,STR023,PRD01165,1,6335.51,0.0,6335.51,3028.69,Credit Card,Regular
SAL20250056442,2025-06-03,STR019,PRD01016,1,253.56,0.0,253.56,161.4,UPI,Regular
SAL20250056443,2025-06-09,STR022,PRD00785,1,4604.98,0.0,4604.98,2754.83,Credit Card,Regular
SAL20250056444,2025-06-24,STR010,PRD00702,2,1394.73,0.1,2510.51,1977.28,Credit Card,Regular
SAL20250056445,2025-06-07,STR034,PRD00890,1,891.3,0.0,891.3,535.93,Cash,Walk-in
SAL20250056446,2025-06-20,STR018,PRD00803,3,2033.91,0.0,6101.73,3674.22,UPI,Regular
SAL20250056447,2025-06-22,STR002,PRD00666,3,224.43,0.05,639.63,488.13,UPI,Walk-in
SAL20250056448,2025-06-13,STR009,PRD00604,1,254.69,0.0,254.69,151.9,Credit Card,Walk-in
SAL20250056449,2025-06-20,STR021,PRD00867,1,798.49,0.0,798.49,457.76,Credit Card,Regular
SAL20250056450,2025-06-17,STR015,PRD00684,1,3989.77,0.0,3989.77,2465.54,Debit Card,Walk-in
SAL20250056451,2025-06-21,STR014,PRD01021,1,582.28,0.1,524.05,378.12,Credit Card,Premium
SAL20250056452,2025-06-22,STR028,PRD00111,1,16671.18,0.0,16671.18,12693.98,UPI,Premium
SAL20250056453,2025-06-19,STR011,PRD00316,3,924.22,0.0,2772.66,1768.56,Credit Card,Regular
SAL20250056454,2025-06-26,STR012,PRD01045,1,910.12,0.0,910.12,471.24,Net Banking,Premium
SAL20250056455,2025-06-30,STR008,PRD00780,3,1384.22,0.0,4152.66,2666.58,UPI,Regular
SAL20250056456,2025-06-22,STR020,PRD00868,2,1450.33,0.1,2610.59,1824.42,Credit Card,Regular
SAL20250056457,2025-06-28,STR006,PRD01176,1,5880.6,0.0,5880.6,3519.33,Cash,Premium
SAL20250056458,2025-06-17,STR004,PRD00465,4,578.8,0.0,2315.2,1771.2,UPI,Regular
SAL20250056459,2025-06-19,STR006,PRD00876,3,2635.68,0.0,7907.04,5395.14,Credit Card,Regular
SAL20250056460,2025-06-15,STR017,PRD01106,2,3135.75,0.05,5957.92,3338.32,Net Banking,Premium
SAL20250056461,2025-06-06,STR016,PRD00818,2,2330.04,0.0,4660.08,3338.28,Debit Card,Premium
SAL20250056462,2025-06-25,STR004,PRD00790,2,1379.35,0.0,2758.7,1805.44,Cash,Walk-in
SAL20250056463,2025-06-02,STR017,PRD00769,2,1757.79,0.0,3515.58,2484.34,UPI,Regular
SAL20250056464,2025-06-20,STR021,PRD00022,2,22149.39,0.0,44298.78,32674.74,UPI,Regular
SAL20250056465,2025-06-14,STR008,PRD01194,2,6442.41,0.0,12884.82,7770.36,UPI,Regular
SAL20250056466,2025-06-07,STR009,PRD00256,3,13048.37,0.0,39145.11,24321.15,Credit Card,Walk-in
SAL20250056467,2025-06-30,STR019,PRD01095,1,4795.88,0.1,4316.29,2620.97,UPI,Regular
SAL20250056468,2025-06-11,STR022,PRD00650,3,429.23,0.0,1287.69,747.93,Net Banking,Premium
SAL20250056469,2025-06-25,STR010,PRD00785,2,4604.98,0.0,9209.96,5509.66,UPI,Walk-in
SAL20250056470,2025-06-12,STR006,PRD00642,10,467.68,0.0,4676.8,2902.2,Debit Card,Regular
SAL20250056471,2025-06-17,STR030,PRD00716,2,1780.84,0.0,3561.68,2014.92,UPI,Walk-in
SAL20250056472,2025-06-03,STR013,PRD01046,1,946.12,0.0,946.12,526.29,Credit Card,Corporate
SAL20250056473,2025-06-28,STR007,PRD00906,2,3449.48,0.05,6554.01,4232.44,Cash,Regular
SAL20250056474,2025-06-27,STR018,PRD00144,1,7333.73,0.1,6600.36,4964.07,Credit Card,Premium
SAL20250056475,2025-06-11,STR010,PRD00616,4,565.82,0.0,2263.28,1256.52,UPI,Premium
SAL20250056476,2025-06-13,STR006,PRD00525,3,76.55,0.0,229.65,199.35,UPI,Walk-in
SAL20250056477,2025-06-29,STR033,PRD00878,1,1229.84,0.0,1229.84,796.56,Credit Card,Regular
SAL20250056478,2025-06-18,STR041,PRD00570,4,376.39,0.0,1505.56,1074.28,UPI,Walk-in
SAL20250056479,2025-06-03,STR039,PRD00573,4,44.75,0.0,179.0,107.8,UPI,Walk-in
SAL20250059355,2025-06-12,STR040,PRD00471,3,607.66,0.0,1822.98,1486.05,UPI,Premium
SAL20250056481,2025-06-01,STR016,PRD00264,1,4452.38,0.0,4452.38,3172.04,UPI,Regular
SAL20250056482,2025-06-07,STR037,PRD00696,2,1599.77,0.0,3199.54,2160.04,Cash,Corporate
SAL20250056483,2025-06-26,STR014,PRD00253,2,9663.5,0.0,19327.0,13434.14,Debit Card,Regular
SAL20250056484,2025-06-18,STR033,PRD00362,2,1120.03,0.0,2240.06,1065.02,Credit Card,Regular
SAL20250056485,2025-06-26,STR006,PRD01109,1,5029.33,0.0,5029.33,2768.42,Debit Card,Regular
SAL20250056486,2025-06-14,STR040,PRD00065,1,10562.87,0.0,10562.87,8152.93,UPI,Walk-in
SAL20250056487,2025-06-16,STR036,PRD01175,2,2568.19,0.0,5136.38,3145.4,Credit Card,Walk-in
SAL20250056488,2025-06-13,STR034,PRD00176,1,4757.11,0.0,4757.11,2887.26,UPI,Premium
SAL20250056489,2025-06-17,STR014,PRD01195,4,6990.3,0.0,27961.2,13592.92,UPI,Corporate
SAL20250056490,2025-06-22,STR034,PRD01068,1,5954.4,0.0,5954.4,3495.2,UPI,Regular
SAL20250056491,2025-06-01,STR009,PRD00962,1,708.41,0.0,708.41,395.68,UPI,Regular
SAL20250056492,2025-06-23,STR014,PRD00936,4,964.58,0.1,3472.49,2482.12,Credit Card,Regular
SAL20250056493,2025-06-23,STR012,PRD00663,3,109.46,0.1,295.54,188.7,UPI,Walk-in
SAL20250056494,2025-06-28,STR040,PRD00133,1,10102.94,0.1,9092.65,6680.78,Credit Card,Walk-in
SAL20250056495,2025-06-14,STR035,PRD00608,1,314.95,0.0,314.95,234.14,Cash,Regular
SAL20250056496,2025-06-18,STR016,PRD01060,3,277.54,0.0,832.62,595.05,UPI,Regular
SAL20250056497,2025-06-18,STR013,PRD01143,2,5565.18,0.05,10573.84,6314.64,Credit Card,Regular
SAL20250056498,2025-06-24,STR039,PRD00724,2,2856.14,0.0,5712.28,3188.82,UPI,Walk-in
SAL20250056499,2025-06-22,STR026,PRD00692,1,1997.13,0.1,1797.42,1445.9,Credit Card,Premium
SAL20250056500,2025-06-10,STR028,PRD00972,2,1079.34,0.1,1942.81,1258.0,UPI,Walk-in
SAL20250056501,2025-06-28,STR024,PRD00298,2,1012.57,0.0,2025.14,1332.24,UPI,Walk-in
SAL20250056502,2025-06-18,STR020,PRD00194,2,5905.12,0.0,11810.24,8280.52,UPI,Regular
SAL20250056503,2025-06-13,STR037,PRD00849,1,315.58,0.05,299.8,211.78,UPI,Regular
SAL20250056504,2025-06-01,STR002,PRD00585,1,401.86,0.1,361.67,289.65,Cash,Walk-in
SAL20250056505,2025-06-20,STR008,PRD01042,1,143.52,0.05,136.34,94.69,UPI,Regular
SAL20250056506,2025-06-09,STR004,PRD00727,2,737.62,0.0,1475.24,884.56,Debit Card,Regular
SAL20250056507,2025-06-15,STR020,PRD00672,2,4427.9,0.0,8855.8,6027.68,Credit Card,Regular
SAL20250056508,2025-06-18,STR019,PRD00088,1,22406.29,0.0,22406.29,17527.4,Credit Card,Premium
SAL20250056509,2025-06-14,STR024,PRD00428,2,311.12,0.0,622.24,489.5,UPI,Premium
SAL20250056510,2025-06-29,STR039,PRD00258,1,2441.64,0.0,2441.64,1594.77,UPI,Regular
SAL20250056511,2025-06-13,STR028,PRD00232,2,6785.18,0.0,13570.36,9686.74,UPI,Walk-in
SAL20250056512,2025-06-11,STR014,PRD01033,1,703.74,0.0,703.74,378.69,Net Banking,Regular
SAL20250056513,2025-06-18,STR002,PRD00754,4,372.52,0.0,1490.08,883.52,Debit Card,Regular
SAL20250056514,2025-06-22,STR040,PRD00007,1,20090.22,0.05,19085.71,15462.2,UPI,Walk-in
SAL20250056515,2025-06-13,STR029,PRD00183,1,6835.62,0.0,6835.62,4488.56,Debit Card,Walk-in
SAL20250056516,2025-06-14,STR026,PRD01158,3,7747.18,0.1,20917.39,12531.84,UPI,Walk-in
SAL20250056517,2025-06-02,STR005,PRD00990,1,577.78,0.0,577.78,350.79,UPI,Walk-in
SAL20250056518,2025-06-21,STR022,PRD00654,2,474.17,0.0,948.34,648.78,Credit Card,Walk-in
SAL20250056519,2025-06-17,STR001,PRD01166,3,3220.85,0.0,9662.55,4981.29,Cash,Walk-in
SAL20250056520,2025-06-03,STR013,PRD00953,3,80.84,0.1,218.27,173.91,Debit Card,Walk-in
SAL20250056521,2025-06-20,STR036,PRD01041,1,954.2,0.0,954.2,532.81,Credit Card,Regular
SAL20250056522,2025-06-26,STR004,PRD00547,1,105.91,0.0,105.91,76.27,Credit Card,Walk-in
SAL20250056523,2025-06-04,STR038,PRD00402,1,947.11,0.0,947.11,818.06,Cash,Walk-in
SAL20250056524,2025-06-16,STR019,PRD00651,1,368.8,0.0,368.8,256.48,Credit Card,Walk-in
SAL20250056525,2025-06-07,STR033,PRD00367,1,450.03,0.0,450.03,246.78,Credit Card,Corporate
SAL20250056526,2025-06-19,STR041,PRD01191,1,6431.83,0.0,6431.83,4011.49,Credit Card,Regular
SAL20250056527,2025-06-22,STR015,PRD00292,1,975.97,0.0,975.97,491.67,UPI,Regular
SAL20250056528,2025-06-22,STR039,PRD00766,1,1923.71,0.0,1923.71,1367.99,Cash,Walk-in
SAL20250056529,2025-06-12,STR022,PRD00845,3,2226.26,0.0,6678.78,4570.23,Cash,Walk-in
SAL20250056530,2025-06-14,STR032,PRD01131,4,6280.13,0.0,25120.52,13702.12,UPI,Walk-in
SAL20250056531,2025-06-24,STR041,PRD00290,4,747.46,0.0,2989.84,1913.28,UPI,Walk-in
SAL20250056532,2025-06-06,STR012,PRD00339,2,831.47,0.0,1662.94,996.34,UPI,Walk-in
SAL20250056533,2025-06-04,STR004,PRD00402,1,947.11,0.0,947.11,818.06,Debit Card,Walk-in
SAL20250056534,2025-06-28,STR004,PRD00095,1,18324.65,0.0,18324.65,13913.8,Credit Card,Walk-in
SAL20250056535,2025-06-24,STR013,PRD00099,1,19924.5,0.0,19924.5,14858.06,Credit Card,Regular
SAL20250056536,2025-06-13,STR015,PRD00620,1,556.49,0.0,556.49,325.67,Credit Card,Corporate
SAL20250056537,2025-06-16,STR037,PRD00765,2,1419.48,0.0,2838.96,1841.88,Net Banking,Regular
SAL20250056538,2025-06-08,STR001,PRD00615,2,478.74,0.0,957.48,678.68,UPI,Premium
SAL20250056539,2025-06-20,STR027,PRD01153,2,5497.78,0.0,10995.56,4999.1,UPI,Regular
SAL20250056540,2025-06-28,STR038,PRD01136,1,7702.34,0.1,6932.11,4125.05,Credit Card,Walk-in
SAL20250056541,2025-06-23,STR001,PRD00184,1,3565.48,0.0,3565.48,2588.7,Credit Card,Regular
SAL20250056542,2025-06-27,STR038,PRD01019,1,948.07,0.0,948.07,489.75,Credit Card,Walk-in
SAL20250056543,2025-06-30,STR008,PRD00333,1,1043.83,0.0,1043.83,554.4,Credit Card,Walk-in
SAL20250056544,2025-06-04,STR010,PRD00379,1,660.61,0.1,594.55,460.66,Debit Card,Walk-in
SAL20250056545,2025-06-06,STR014,PRD00475,1,749.71,0.0,749.71,568.96,Debit Card,Regular
SAL20250056546,2025-06-18,STR041,PRD01177,1,2791.89,0.0,2791.89,1594.63,UPI,Walk-in
SAL20250056547,2025-06-26,STR040,PRD00186,1,7826.08,0.0,7826.08,5124.89,Net Banking,Walk-in
SAL20250056548,2025-06-29,STR031,PRD00096,1,1587.91,0.0,1587.91,1154.69,Credit Card,Regular
SAL20250056549,2025-06-20,STR030,PRD00315,1,452.88,0.0,452.88,281.44,UPI,Walk-in
SAL20250056550,2025-06-30,STR020,PRD01200,2,1804.12,0.0,3608.24,1731.6,Credit Card,Premium
SAL20250056551,2025-06-26,STR005,PRD00883,1,2575.75,0.0,2575.75,1437.48,Cash,Walk-in
SAL20250056552,2025-06-03,STR023,PRD00782,1,3353.32,0.0,3353.32,1957.52,Debit Card,Regular
SAL20250056553,2025-06-07,STR036,PRD01002,3,98.3,0.0,294.9,167.07,Credit Card,Walk-in
SAL20250056554,2025-06-29,STR038,PRD00176,1,4757.11,0.0,4757.11,2887.26,Debit Card,Regular
SAL20250056555,2025-06-30,STR027,PRD00005,1,25382.71,0.0,25382.71,18438.86,UPI,Walk-in
SAL20250056556,2025-06-04,STR041,PRD00493,3,517.33,0.0,1551.99,1339.5,UPI,Regular
SAL20250056557,2025-06-29,STR027,PRD00739,1,2279.96,0.0,2279.96,1541.42,Cash,Regular
SAL20250056558,2025-06-21,STR032,PRD01122,1,6526.26,0.0,6526.26,3631.48,UPI,Regular
SAL20250056559,2025-06-13,STR027,PRD00194,1,5905.12,0.1,5314.61,4140.26,Debit Card,Premium
SAL20250056560,2025-06-22,STR019,PRD00060,1,15273.35,0.0,15273.35,10531.53,Credit Card,Regular
SAL20250056561,2025-06-13,STR025,PRD01062,2,925.26,0.0,1850.52,1086.12,UPI,Regular
SAL20250056562,2025-06-11,STR038,PRD00662,2,192.14,0.0,384.28,281.92,UPI,Premium
SAL20250056563,2025-06-21,STR005,PRD00279,2,704.62,0.0,1409.24,891.84,Debit Card,Walk-in
SAL20250056564,2025-06-25,STR032,PRD00002,1,1289.58,0.0,1289.58,870.9,Credit Card,Walk-in
SAL20250056565,2025-06-17,STR002,PRD00893,1,963.04,0.0,963.04,603.05,UPI,Regular
SAL20250056566,2025-06-08,STR017,PRD01106,2,3135.75,0.1,5644.35,3338.32,Credit Card,Walk-in
SAL20250056567,2025-06-09,STR017,PRD00029,1,24663.79,0.0,24663.79,16157.43,Net Banking,Regular
SAL20250056568,2025-06-10,STR020,PRD00421,3,579.98,0.0,1739.94,1459.5,UPI,Corporate
SAL20250056569,2025-06-12,STR005,PRD00648,1,715.75,0.0,715.75,457.27,UPI,Regular
SAL20250056570,2025-06-07,STR022,PRD00928,1,2503.87,0.05,2378.68,1812.53,Debit Card,Regular
SAL20250056571,2025-06-16,STR023,PRD00703,1,940.1,0.0,940.1,700.55,Credit Card,Walk-in
SAL20250056572,2025-06-09,STR005,PRD01017,2,1092.19,0.0,2184.38,1183.38,Cash,Regular
SAL20250056573,2025-06-30,STR011,PRD00469,2,499.21,0.0,998.42,778.9,UPI,Walk-in
SAL20250056574,2025-06-05,STR001,PRD00782,1,3353.32,0.0,3353.32,1957.52,Credit Card,Regular
SAL20250056575,2025-06-09,STR014,PRD00962,2,708.41,0.0,1416.82,791.36,Debit Card,Walk-in
SAL20250056576,2025-06-22,STR032,PRD00478,3,959.84,0.0,2879.52,2436.78,UPI,Walk-in
SAL20250056577,2025-06-30,STR008,PRD00465,3,578.8,0.0,1736.4,1328.4,UPI,Regular
SAL20250056578,2025-06-29,STR018,PRD00415,1,345.23,0.0,345.23,286.19,Cash,Regular
SAL20250056579,2025-06-02,STR001,PRD00502,5,721.0,0.0,3605.0,3143.6,UPI,Regular
SAL20250056580,2025-06-24,STR032,PRD00413,1,347.68,0.0,347.68,300.31,UPI,Walk-in
SAL20250056581,2025-06-28,STR017,PRD00660,3,324.23,0.0,972.69,714.12,UPI,Regular
SAL20250056582,2025-06-09,STR006,PRD00614,2,52.25,0.0,104.5,68.56,Credit Card,Regular
SAL20250056583,2025-06-04,STR009,PRD01164,2,2114.79,0.05,4018.1,2217.42,Credit Card,Regular
SAL20250056584,2025-06-13,STR041,PRD00762,3,1596.23,0.0,4788.69,2729.58,UPI,Walk-in
SAL20250056585,2025-06-11,STR004,PRD00948,2,38.1,0.0,76.2,53.1,Credit Card,Regular
SAL20250056586,2025-06-26,STR024,PRD00080,2,17292.25,0.0,34584.5,26054.82,Credit Card,Regular
SAL20250056587,2025-06-29,STR032,PRD00559,2,674.89,0.0,1349.78,843.12,Credit Card,Premium
SAL20250056588,2025-06-01,STR011,PRD00755,1,511.82,0.0,511.82,344.31,Cash,Walk-in
SAL20250056589,2025-06-24,STR018,PRD00724,1,2856.14,0.0,2856.14,1594.41,UPI,Walk-in
SAL20250056590,2025-06-21,STR011,PRD00118,1,13769.46,0.0,13769.46,10543.97,Debit Card,Regular
SAL20250056591,2025-06-16,STR009,PRD00420,1,876.02,0.0,876.02,742.57,UPI,Regular
SAL20250056592,2025-06-19,STR011,PRD00114,1,17643.2,0.0,17643.2,12306.0,Credit Card,Walk-in
SAL20250056593,2025-06-01,STR030,PRD00090,1,8184.6,0.1,7366.14,5556.86,Credit Card,Regular
SAL20250056594,2025-06-20,STR020,PRD00223,1,11271.43,0.0,11271.43,7014.79,Debit Card,Corporate
SAL20250056595,2025-06-29,STR031,PRD01151,3,7065.61,0.0,21196.83,10123.08,UPI,Walk-in
SAL20250056596,2025-06-29,STR010,PRD00619,6,215.37,0.1,1163.0,835.98,UPI,Regular
SAL20250056597,2025-06-18,STR024,PRD00495,1,212.14,0.1,190.93,164.27,Debit Card,Regular
SAL20250056598,2025-06-02,STR010,PRD00759,2,4285.9,0.0,8571.8,5289.16,UPI,Premium
SAL20250056599,2025-06-15,STR021,PRD00941,3,737.4,0.0,2212.2,1533.27,Credit Card,Walk-in
SAL20250056600,2025-06-04,STR015,PRD00506,2,725.03,0.0,1450.06,1158.2,Credit Card,Regular
SAL20250056601,2025-06-11,STR013,PRD01154,2,1216.46,0.05,2311.27,1222.92,UPI,Corporate
SAL20250056602,2025-06-03,STR019,PRD00554,2,805.55,0.0,1611.1,932.82,Cash,Regular
SAL20250056603,2025-06-04,STR028,PRD00487,2,92.35,0.1,166.23,157.68,Net Banking,Corporate
SAL20250056604,2025-06-24,STR033,PRD00671,1,327.72,0.0,327.72,208.01,UPI,Regular
SAL20250056605,2025-06-13,STR028,PRD00981,1,76.61,0.0,76.61,54.24,Net Banking,Walk-in
SAL20250056606,2025-06-10,STR018,PRD00615,1,478.74,0.0,478.74,339.34,UPI,Premium
SAL20250056607,2025-06-09,STR010,PRD00023,1,6541.47,0.05,6214.4,4428.32,UPI,Regular
SAL20250056608,2025-06-17,STR013,PRD00328,1,1206.9,0.0,1206.9,619.01,Cash,Walk-in
SAL20250056609,2025-06-22,STR011,PRD00678,1,3485.6,0.1,3137.04,2254.91,UPI,Regular
SAL20250056610,2025-06-21,STR033,PRD01136,1,7702.34,0.0,7702.34,4125.05,Credit Card,Walk-in
SAL20250056611,2025-06-05,STR002,PRD00886,1,1331.79,0.0,1331.79,944.7,Debit Card,Premium
SAL20250056612,2025-06-10,STR006,PRD00780,1,1384.22,0.0,1384.22,888.86,UPI,Regular
SAL20250056613,2025-06-10,STR003,PRD00399,1,1354.99,0.0,1354.99,647.13,UPI,Walk-in
SAL20250056614,2025-06-19,STR010,PRD00541,1,685.8,0.0,685.8,405.57,Credit Card,Regular
SAL20250056615,2025-06-16,STR008,PRD00255,1,3159.1,0.1,2843.19,2283.27,UPI,Premium
SAL20250056616,2025-06-07,STR012,PRD00685,1,4676.03,0.1,4208.43,2851.64,Net Banking,Regular
SAL20250056617,2025-06-16,STR010,PRD00053,2,3304.53,0.0,6609.06,4619.02,Debit Card,Regular
SAL20250056618,2025-06-04,STR002,PRD00087,1,23253.22,0.1,20927.9,15702.94,Credit Card,Premium
SAL20250056619,2025-06-06,STR040,PRD00990,1,577.78,0.1,520.0,350.79,Credit Card,Premium
SAL20250056620,2025-06-04,STR008,PRD00438,1,638.02,0.0,638.02,486.89,UPI,Premium
SAL20250056621,2025-06-01,STR016,PRD00697,1,1377.61,0.0,1377.61,807.52,UPI,Walk-in
SAL20250056622,2025-06-01,STR029,PRD01199,1,6549.57,0.0,6549.57,3396.65,UPI,Walk-in
SAL20250056623,2025-06-15,STR029,PRD00326,1,1442.32,0.0,1442.32,681.43,UPI,Regular
SAL20250056624,2025-06-15,STR031,PRD00513,2,111.04,0.0,222.08,185.52,UPI,Regular
SAL20250056625,2025-06-01,STR015,PRD00299,2,1362.69,0.0,2725.38,1646.6,Credit Card,Regular
SAL20250056626,2025-06-12,STR021,PRD00726,1,2171.72,0.05,2063.13,1497.85,Debit Card,Regular
SAL20250056627,2025-06-20,STR004,PRD00461,2,198.22,0.1,356.8,338.9,Credit Card,Regular
SAL20250056628,2025-06-02,STR039,PRD00837,1,4012.56,0.0,4012.56,2368.64,Credit Card,Regular
SAL20250056629,2025-06-11,STR001,PRD00612,6,287.57,0.1,1552.88,1274.58,Credit Card,Walk-in
SAL20250056630,2025-06-27,STR002,PRD01003,5,278.9,0.0,1394.5,731.6,Credit Card,Corporate
SAL20250056631,2025-06-23,STR018,PRD00423,3,256.23,0.0,768.69,641.7,Credit Card,Regular
SAL20250056632,2025-06-26,STR006,PRD00487,1,92.35,0.0,92.35,78.84,Credit Card,Regular
SAL20250056633,2025-06-01,STR007,PRD01103,3,5704.94,0.0,17114.82,7178.16,Cash,Regular
SAL20250056634,2025-06-07,STR016,PRD00116,1,21256.57,0.0,21256.57,14955.09,UPI,Walk-in
SAL20250056635,2025-06-22,STR020,PRD00495,3,212.14,0.0,636.42,492.81,Debit Card,Corporate
SAL20250056636,2025-06-03,STR038,PRD01178,1,5467.45,0.0,5467.45,3516.53,Cash,Regular
SAL20250056637,2025-06-06,STR012,PRD00339,2,831.47,0.0,1662.94,996.34,Credit Card,Regular
SAL20250056638,2025-06-16,STR040,PRD01083,1,8991.53,0.1,8092.38,3921.72,UPI,Walk-in
SAL20250056639,2025-06-24,STR025,PRD00469,2,499.21,0.0,998.42,778.9,Credit Card,Regular
SAL20250056640,2025-06-27,STR032,PRD01100,1,6765.12,0.0,6765.12,4080.87,Credit Card,Regular
SAL20250056641,2025-06-19,STR033,PRD00871,1,1211.65,0.0,1211.65,859.32,Credit Card,Premium
SAL20250056642,2025-06-12,STR008,PRD00653,2,614.39,0.0,1228.78,895.52,Net Banking,Regular
SAL20250056643,2025-06-07,STR030,PRD00594,1,129.17,0.0,129.17,81.33,Net Banking,Regular
SAL20250056644,2025-06-19,STR035,PRD00469,1,499.21,0.0,499.21,389.45,Credit Card,Walk-in
SAL20250056645,2025-06-07,STR013,PRD01120,2,8969.51,0.0,17939.02,8799.92,UPI,Regular
SAL20250056646,2025-06-18,STR034,PRD00742,1,3993.24,0.0,3993.24,2368.26,Cash,Walk-in
SAL20250056647,2025-06-21,STR014,PRD00745,2,2529.52,0.0,5059.04,3658.36,UPI,Walk-in
SAL20250056648,2025-06-13,STR032,PRD00561,4,111.53,0.0,446.12,301.96,Debit Card,Regular
SAL20250056649,2025-06-22,STR029,PRD00096,1,1587.91,0.0,1587.91,1154.69,UPI,Corporate
SAL20250056650,2025-06-28,STR027,PRD00414,5,546.79,0.05,2597.25,2126.6,Credit Card,Regular
SAL20250056651,2025-06-06,STR035,PRD00278,1,439.84,0.0,439.84,292.07,UPI,Regular
SAL20250056652,2025-06-19,STR031,PRD00969,1,147.34,0.0,147.34,76.24,Debit Card,Walk-in
SAL20250056653,2025-06-10,STR036,PRD00165,1,10264.9,0.0,10264.9,6671.83,UPI,Premium
SAL20250056654,2025-06-05,STR009,PRD01163,3,6199.15,0.05,17667.58,11148.18,Credit Card,Regular
SAL20250056655,2025-06-13,STR026,PRD00173,2,9167.15,0.05,17417.58,11502.64,Cash,Regular
SAL20250056656,2025-06-04,STR035,PRD01122,1,6526.26,0.1,5873.63,3631.48,UPI,Regular
SAL20250056657,2025-06-23,STR008,PRD00771,1,2601.02,0.0,2601.02,1436.13,UPI,Walk-in
SAL20250056658,2025-06-22,STR041,PRD00485,6,693.22,0.0,4159.32,3558.9,Debit Card,Regular
SAL20250056659,2025-06-14,STR033,PRD01200,1,1804.12,0.0,1804.12,865.8,UPI,Regular
SAL20250056660,2025-06-22,STR007,PRD01193,2,1712.13,0.0,3424.26,2069.82,UPI,Regular
SAL20250056661,2025-06-15,STR004,PRD00063,1,19546.78,0.0,19546.78,13446.97,UPI,Regular
SAL20250056662,2025-06-13,STR034,PRD00425,2,878.01,0.0,1756.02,1395.02,Credit Card,Regular
SAL20250056663,2025-06-28,STR033,PRD00062,1,21073.23,0.0,21073.23,13798.59,Net Banking,Walk-in
SAL20250056664,2025-06-25,STR037,PRD01119,1,9164.59,0.0,9164.59,4378.4,Credit Card,Premium
SAL20250056665,2025-06-09,STR024,PRD01154,1,1216.46,0.0,1216.46,611.46,Debit Card,Walk-in
SAL20250056666,2025-06-02,STR027,PRD00711,2,1868.86,0.0,3737.72,2711.36,Net Banking,Walk-in
SAL20250056667,2025-06-11,STR001,PRD00385,1,460.87,0.0,460.87,278.52,UPI,Regular
SAL20250056668,2025-06-08,STR018,PRD00271,1,660.1,0.0,660.1,418.6,UPI,Regular
SAL20250056669,2025-06-12,STR016,PRD00682,1,3799.71,0.0,3799.71,2447.28,UPI,Regular
SAL20250056670,2025-06-22,STR004,PRD00984,3,34.1,0.0,102.3,60.06,UPI,Premium
SAL20250056671,2025-06-12,STR025,PRD00092,2,6575.52,0.0,13151.04,9355.36,UPI,Premium
SAL20250056672,2025-06-13,STR019,PRD00407,1,687.91,0.0,687.91,533.4,Credit Card,Regular
SAL20250056673,2025-06-04,STR030,PRD00939,4,463.84,0.0,1855.36,969.36,UPI,Premium
SAL20250056674,2025-06-11,STR018,PRD01157,1,8076.82,0.0,8076.82,4265.41,Debit Card,Walk-in
SAL20250056675,2025-06-19,STR021,PRD00934,3,3207.23,0.0,9621.69,5433.21,Cash,Walk-in
SAL20250056676,2025-06-21,STR020,PRD00019,1,9063.53,0.0,9063.53,6399.55,Net Banking,Regular
SAL20250056677,2025-06-15,STR002,PRD00187,1,5314.8,0.05,5049.06,3364.43,UPI,Walk-in
SAL20250056678,2025-06-03,STR016,PRD00984,3,34.1,0.0,102.3,60.06,Cash,Regular
SAL20250056679,2025-06-19,STR013,PRD01171,3,6541.96,0.0,19625.88,7871.67,UPI,Premium
SAL20250056680,2025-06-05,STR023,PRD00594,4,129.17,0.0,516.68,325.32,Credit Card,Walk-in
SAL20250056681,2025-06-20,STR041,PRD01005,1,682.39,0.1,614.15,475.7,UPI,Regular
SAL20250056682,2025-06-06,STR029,PRD00617,3,496.18,0.0,1488.54,1089.03,UPI,Regular
SAL20250056683,2025-06-26,STR028,PRD00079,1,19037.37,0.0,19037.37,13485.77,Debit Card,Regular
SAL20250056684,2025-06-28,STR021,PRD01033,1,703.74,0.0,703.74,378.69,UPI,Walk-in
SAL20250056685,2025-06-14,STR006,PRD00246,1,1945.93,0.0,1945.93,1239.78,Credit Card,Regular
SAL20250056686,2025-06-18,STR033,PRD00147,2,10113.79,0.0,20227.58,12598.46,Debit Card,Regular
SAL20250056687,2025-06-18,STR002,PRD00539,1,69.32,0.0,69.32,47.73,UPI,Walk-in
SAL20250056688,2025-06-22,STR002,PRD01183,2,7827.71,0.1,14089.88,6664.0,Credit Card,Walk-in
SAL20250056689,2025-06-21,STR025,PRD00632,3,758.72,0.0,2276.16,1290.18,Credit Card,Premium
SAL20250056690,2025-06-02,STR015,PRD00673,1,2685.18,0.0,2685.18,1698.29,UPI,Walk-in
SAL20250056691,2025-06-11,STR021,PRD00394,1,327.5,0.05,311.12,218.51,Credit Card,Regular
SAL20250056692,2025-06-05,STR038,PRD00888,1,2557.48,0.0,2557.48,1725.04,Cash,Walk-in
SAL20250056693,2025-06-17,STR001,PRD00342,1,1186.13,0.0,1186.13,698.17,Credit Card,Walk-in
SAL20250056694,2025-06-13,STR030,PRD01162,1,3657.07,0.0,3657.07,2017.29,UPI,Regular
SAL20250056695,2025-06-23,STR002,PRD00232,3,6785.18,0.1,18319.99,14530.11,UPI,Corporate
SAL20250056696,2025-06-12,STR025,PRD00357,1,1112.32,0.0,1112.32,676.9,Credit Card,Premium
SAL20250056697,2025-06-05,STR015,PRD00496,3,1047.75,0.0,3143.25,2707.32,Credit Card,Regular
SAL20250056698,2025-06-30,STR014,PRD00786,1,2271.94,0.0,2271.94,1533.49,UPI,Walk-in
SAL20250056699,2025-06-29,STR017,PRD00425,1,878.01,0.0,878.01,697.51,Cash,Walk-in
SAL20250056700,2025-06-12,STR027,PRD00204,1,3776.34,0.0,3776.34,2580.11,UPI,Regular
SAL20250056701,2025-06-23,STR033,PRD00871,1,1211.65,0.0,1211.65,859.32,Debit Card,Walk-in
SAL20250056702,2025-06-26,STR020,PRD01148,1,584.33,0.05,555.11,241.48,UPI,Walk-in
SAL20250056703,2025-06-28,STR007,PRD00827,1,3989.15,0.0,3989.15,2196.59,UPI,Walk-in
SAL20250056704,2025-06-29,STR041,PRD00314,1,610.16,0.0,610.16,372.41,Debit Card,Walk-in
SAL20250056705,2025-06-14,STR018,PRD00087,1,23253.22,0.1,20927.9,15702.94,Credit Card,Corporate
SAL20250056706,2025-06-04,STR014,PRD00710,1,4042.5,0.0,4042.5,2223.99,UPI,Regular
SAL20250056707,2025-06-08,STR020,PRD00663,1,109.46,0.0,109.46,62.9,UPI,Regular
SAL20250056708,2025-06-19,STR026,PRD00581,1,310.86,0.0,310.86,198.71,Credit Card,Regular
SAL20250056709,2025-06-05,STR028,PRD01107,1,1600.76,0.0,1600.76,735.13,UPI,Regular
SAL20250056710,2025-06-26,STR041,PRD00686,1,3692.38,0.0,3692.38,2113.83,UPI,Regular
SAL20250056711,2025-06-01,STR032,PRD00123,1,7408.15,0.0,7408.15,5588.12,UPI,Regular
SAL20250056712,2025-06-19,STR003,PRD00987,1,289.9,0.0,289.9,202.35,UPI,Regular
SAL20250056713,2025-06-02,STR018,PRD00756,1,3090.95,0.0,3090.95,2208.4,Net Banking,Walk-in
SAL20250056714,2025-06-20,STR018,PRD00682,1,3799.71,0.0,3799.71,2447.28,UPI,Walk-in
SAL20250056715,2025-06-16,STR020,PRD00354,1,1099.31,0.0,1099.31,649.66,Credit Card,Walk-in
SAL20250056716,2025-06-28,STR041,PRD00719,1,4808.67,0.0,4808.67,2759.21,UPI,Walk-in
SAL20250056717,2025-06-09,STR028,PRD00194,1,5905.12,0.0,5905.12,4140.26,UPI,Premium
SAL20250056718,2025-06-03,STR003,PRD00184,1,3565.48,0.0,3565.48,2588.7,Credit Card,Premium
SAL20250056719,2025-06-26,STR017,PRD00961,4,294.28,0.0,1177.12,634.12,Debit Card,Premium
SAL20250056720,2025-06-29,STR005,PRD00549,1,585.62,0.0,585.62,382.4,Debit Card,Corporate
SAL20250056721,2025-06-27,STR002,PRD00169,2,8761.68,0.0,17523.36,11257.34,UPI,Walk-in
SAL20250056722,2025-06-25,STR014,PRD00854,1,2355.83,0.0,2355.83,1467.93,UPI,Walk-in
SAL20250056723,2025-06-27,STR004,PRD00738,2,984.8,0.0,1969.6,1374.08,Debit Card,Walk-in
SAL20250056724,2025-06-15,STR039,PRD00917,3,1441.59,0.0,4324.77,2942.49,UPI,Premium
SAL20250056725,2025-06-09,STR017,PRD00594,2,129.17,0.0,258.34,162.66,UPI,Regular
SAL20250056726,2025-06-19,STR031,PRD00172,1,7151.58,0.1,6436.42,5253.3,Debit Card,Walk-in
SAL20250056727,2025-06-05,STR015,PRD00273,1,1306.29,0.0,1306.29,758.87,Credit Card,Regular
SAL20250056728,2025-06-06,STR015,PRD00451,1,641.37,0.0,641.37,505.23,UPI,Walk-in
SAL20250056729,2025-06-16,STR034,PRD01171,3,6541.96,0.0,19625.88,7871.67,UPI,Walk-in
SAL20250056730,2025-06-01,STR027,PRD00296,2,250.04,0.0,500.08,243.26,Cash,Premium
SAL20250056731,2025-06-24,STR024,PRD01093,1,4476.19,0.0,4476.19,2887.02,Cash,Walk-in
SAL20250056732,2025-06-18,STR041,PRD00292,3,975.97,0.0,2927.91,1475.01,Cash,Walk-in
SAL20250056733,2025-06-05,STR016,PRD01059,1,553.69,0.0,553.69,368.36,UPI,Premium
SAL20250056734,2025-06-30,STR037,PRD00516,5,653.26,0.0,3266.3,2512.8,Cash,Regular
SAL20250056735,2025-06-06,STR008,PRD00489,10,850.74,0.1,7656.66,6908.8,UPI,Walk-in
SAL20250056736,2025-06-08,STR025,PRD00426,3,496.18,0.05,1414.11,1247.61,UPI,Walk-in
SAL20250056737,2025-06-27,STR023,PRD00401,1,743.9,0.05,706.7,628.4,Credit Card,Walk-in
SAL20250056738,2025-06-02,STR023,PRD01060,3,277.54,0.0,832.62,595.05,Debit Card,Regular
SAL20250056739,2025-06-20,STR033,PRD00018,1,13116.16,0.0,13116.16,9769.19,UPI,Regular
SAL20250056740,2025-06-21,STR038,PRD00121,1,13928.8,0.0,13928.8,9332.33,UPI,Walk-in
SAL20250056741,2025-06-13,STR012,PRD01012,1,896.48,0.1,806.83,582.58,Debit Card,Premium
SAL20250056742,2025-06-25,STR017,PRD00179,1,5253.14,0.0,5253.14,3207.54,Credit Card,Regular
SAL20250056743,2025-06-22,STR040,PRD00380,1,304.64,0.05,289.41,210.5,UPI,Walk-in
SAL20250056744,2025-06-18,STR020,PRD00050,1,20155.67,0.0,20155.67,16076.03,Debit Card,Walk-in
SAL20250056745,2025-06-01,STR015,PRD00396,1,713.53,0.05,677.85,454.7,Credit Card,Walk-in
SAL20250056746,2025-06-25,STR031,PRD01140,1,5750.16,0.0,5750.16,3316.46,Net Banking,Regular
SAL20250056747,2025-06-27,STR028,PRD00330,2,275.94,0.0,551.88,337.72,UPI,Regular
SAL20250056748,2025-06-09,STR003,PRD00572,1,728.84,0.0,728.84,468.84,UPI,Corporate
SAL20250056749,2025-06-16,STR027,PRD00642,6,467.68,0.0,2806.08,1741.32,UPI,Walk-in
SAL20250056750,2025-06-04,STR001,PRD00308,1,373.95,0.0,373.95,260.57,Debit Card,Walk-in
SAL20250056751,2025-06-04,STR036,PRD01166,1,3220.85,0.0,3220.85,1660.43,UPI,Regular
SAL20250056752,2025-06-20,STR019,PRD01067,1,922.58,0.0,922.58,564.84,UPI,Premium
SAL20250056753,2025-06-09,STR005,PRD01064,3,155.0,0.0,465.0,235.89,Cash,Regular
SAL20250056754,2025-06-10,STR022,PRD00503,4,634.01,0.0,2536.04,2103.16,UPI,Premium
SAL20250056755,2025-06-17,STR003,PRD01127,1,730.99,0.0,730.99,319.39,UPI,Walk-in
SAL20250056756,2025-06-05,STR005,PRD00262,1,10754.4,0.05,10216.68,8063.44,Debit Card,Regular
SAL20250056757,2025-06-26,STR008,PRD00398,1,358.79,0.1,322.91,173.35,Debit Card,Walk-in
SAL20250056758,2025-06-22,STR002,PRD01021,1,582.28,0.0,582.28,378.12,Debit Card,Corporate
SAL20250056759,2025-06-10,STR010,PRD00246,1,1945.93,0.0,1945.93,1239.78,Credit Card,Corporate
SAL20250056760,2025-06-30,STR029,PRD00421,5,579.98,0.0,2899.9,2432.5,UPI,Regular
SAL20250056761,2025-06-04,STR010,PRD00640,3,209.4,0.05,596.79,352.29,Credit Card,Regular
SAL20250056762,2025-06-09,STR032,PRD00599,3,273.52,0.0,820.56,568.11,Credit Card,Regular
SAL20250056763,2025-06-19,STR023,PRD00151,1,5709.55,0.0,5709.55,3733.65,Credit Card,Walk-in
SAL20250056764,2025-06-02,STR020,PRD00260,1,8853.62,0.0,8853.62,5607.87,Credit Card,Walk-in
SAL20250056765,2025-06-04,STR022,PRD00312,1,662.59,0.0,662.59,388.19,UPI,Walk-in
SAL20250056766,2025-06-28,STR002,PRD01009,1,52.33,0.1,47.1,29.39,UPI,Regular
SAL20250056767,2025-06-28,STR036,PRD00078,1,9036.37,0.0,9036.37,6491.36,Credit Card,Premium
SAL20250056768,2025-06-10,STR003,PRD00898,2,3032.43,0.05,5761.62,3668.4,Debit Card,Regular
SAL20250056769,2025-06-12,STR030,PRD00305,2,1134.36,0.0,2268.72,1230.6,UPI,Walk-in
SAL20250056770,2025-06-27,STR034,PRD00095,1,18324.65,0.05,17408.42,13913.8,Cash,Walk-in
SAL20250056771,2025-06-07,STR005,PRD00858,1,1066.62,0.0,1066.62,695.16,UPI,Regular
SAL20250056772,2025-06-22,STR002,PRD00169,1,8761.68,0.0,8761.68,5628.67,UPI,Walk-in
SAL20250056773,2025-06-02,STR030,PRD00344,1,702.67,0.0,702.67,433.6,Credit Card,Regular
SAL20250056774,2025-06-27,STR009,PRD01176,1,5880.6,0.0,5880.6,3519.33,Cash,Premium
SAL20250056775,2025-06-16,STR005,PRD01189,1,5263.0,0.0,5263.0,2237.37,UPI,Regular
SAL20250056776,2025-06-02,STR035,PRD00441,5,853.01,0.1,3838.55,3535.4,Cash,Regular
SAL20250056777,2025-06-21,STR030,PRD00384,2,1012.08,0.0,2024.16,1027.28,UPI,Regular
SAL20250056778,2025-06-20,STR037,PRD00815,2,2750.26,0.0,5500.52,3695.18,UPI,Walk-in
SAL20250056779,2025-06-18,STR026,PRD00848,3,2441.1,0.0,7323.3,4848.96,UPI,Walk-in
SAL20250056780,2025-06-28,STR017,PRD00941,1,737.4,0.05,700.53,511.09,UPI,Regular
SAL20250056781,2025-06-15,STR007,PRD00514,2,1177.91,0.0,2355.82,1828.66,Cash,Regular
SAL20250056782,2025-06-08,STR012,PRD00893,1,963.04,0.0,963.04,603.05,UPI,Walk-in
SAL20250056783,2025-06-26,STR034,PRD01047,1,844.86,0.0,844.86,483.38,UPI,Regular
SAL20250056784,2025-06-14,STR019,PRD00884,1,1777.05,0.0,1777.05,1086.34,Credit Card,Regular
SAL20250056785,2025-06-02,STR040,PRD01011,1,265.01,0.0,265.01,149.69,Debit Card,Walk-in
SAL20250056786,2025-06-18,STR011,PRD00786,2,2271.94,0.0,4543.88,3066.98,UPI,Regular
SAL20250056787,2025-06-12,STR003,PRD00142,1,4154.89,0.1,3739.4,2736.44,Debit Card,Walk-in
SAL20250056788,2025-06-19,STR027,PRD00998,1,883.36,0.05,839.19,449.89,Credit Card,Regular
SAL20250056789,2025-06-11,STR040,PRD00692,2,1997.13,0.1,3594.83,2891.8,Cash,Regular
SAL20250056790,2025-06-01,STR008,PRD00350,1,1107.22,0.05,1051.86,735.62,UPI,Walk-in
SAL20250056791,2025-06-13,STR033,PRD00214,1,9551.75,0.0,9551.75,6869.66,Credit Card,Regular
SAL20250056792,2025-06-26,STR023,PRD00908,1,2285.46,0.0,2285.46,1340.06,Credit Card,Regular
SAL20250056793,2025-06-08,STR014,PRD00584,2,232.29,0.0,464.58,284.7,Cash,Walk-in
SAL20250056794,2025-06-01,STR010,PRD00152,1,8357.62,0.0,8357.62,5421.82,UPI,Walk-in
SAL20250056795,2025-06-18,STR012,PRD00612,10,287.57,0.0,2875.7,2124.3,UPI,Regular
SAL20250056796,2025-06-19,STR012,PRD00700,1,4752.07,0.0,4752.07,2864.63,UPI,Regular
SAL20250056797,2025-06-03,STR028,PRD00984,1,34.1,0.0,34.1,20.02,UPI,Regular
SAL20250056798,2025-06-04,STR035,PRD00148,1,6813.06,0.0,6813.06,4694.28,UPI,Walk-in
SAL20250056799,2025-06-10,STR006,PRD00796,1,462.4,0.0,462.4,329.9,Debit Card,Walk-in
SAL20250056800,2025-06-30,STR005,PRD00693,3,2512.22,0.0,7536.66,5014.26,Credit Card,Walk-in
SAL20250056801,2025-06-15,STR013,PRD00053,1,3304.53,0.1,2974.08,2309.51,UPI,Premium
SAL20250056802,2025-06-22,STR011,PRD00821,1,2784.44,0.0,2784.44,1582.41,Net Banking,Walk-in
SAL20250056803,2025-06-19,STR014,PRD00833,1,1761.67,0.05,1673.59,979.92,Credit Card,Regular
SAL20250056804,2025-06-22,STR017,PRD00697,1,1377.61,0.0,1377.61,807.52,UPI,Walk-in
SAL20250056805,2025-06-25,STR034,PRD00768,1,281.0,0.0,281.0,205.1,UPI,Premium
SAL20250056806,2025-06-23,STR001,PRD01104,3,7758.33,0.0,23274.99,10465.08,Credit Card,Regular
SAL20250056807,2025-06-03,STR021,PRD00033,1,2653.86,0.0,2653.86,1783.28,Net Banking,Corporate
SAL20250056808,2025-06-24,STR021,PRD00727,1,737.62,0.0,737.62,442.28,UPI,Corporate
SAL20250056809,2025-06-12,STR031,PRD00270,1,1213.51,0.1,1092.16,769.06,UPI,Regular
SAL20250056810,2025-06-12,STR037,PRD00418,2,378.6,0.0,757.2,630.86,UPI,Walk-in
SAL20250056811,2025-06-17,STR038,PRD00168,2,8820.25,0.0,17640.5,13222.12,Credit Card,Premium
SAL20250056812,2025-06-01,STR031,PRD01117,1,2651.1,0.0,2651.1,1446.8,Debit Card,Regular
SAL20250056813,2025-06-15,STR041,PRD00616,1,565.82,0.0,565.82,314.13,Debit Card,Regular
SAL20250056814,2025-06-07,STR013,PRD00396,1,713.53,0.0,713.53,454.7,Credit Card,Premium
SAL20250056815,2025-06-09,STR015,PRD00898,1,3032.43,0.05,2880.81,1834.2,UPI,Premium
SAL20250056816,2025-06-14,STR019,PRD00125,2,1511.82,0.0,3023.64,2112.58,Credit Card,Regular
SAL20250056817,2025-06-06,STR034,PRD00276,2,499.9,0.0,999.8,585.34,Credit Card,Walk-in
SAL20250056818,2025-06-11,STR032,PRD00854,1,2355.83,0.0,2355.83,1467.93,Debit Card,Regular
SAL20250056819,2025-06-26,STR023,PRD00217,1,8159.94,0.0,8159.94,5298.43,Net Banking,Corporate
SAL20250056820,2025-06-16,STR038,PRD00273,1,1306.29,0.0,1306.29,758.87,Debit Card,Regular
SAL20250056821,2025-06-27,STR022,PRD00172,1,7151.58,0.0,7151.58,5253.3,UPI,Premium
SAL20250056822,2025-06-12,STR019,PRD00528,2,1118.04,0.0,2236.08,1892.68,Debit Card,Regular
SAL20250056823,2025-06-21,STR036,PRD00783,-1,2295.14,0.0,-2295.14,1443.25,Debit Card,Walk-in
SAL20250056824,2025-06-11,STR003,PRD00543,5,579.45,0.0,2897.25,2126.15,Debit Card,Regular
SAL20250056825,2025-06-21,STR023,PRD00881,1,802.33,0.0,802.33,533.51,Cash,Regular
SAL20250056826,2025-06-23,STR015,PRD00348,2,1231.54,0.0,2463.08,1388.12,UPI,Premium
SAL20250056827,2025-06-14,STR004,PRD01187,1,5464.91,0.0,5464.91,3354.99,UPI,Walk-in
SAL20250056828,2025-06-26,STR017,PRD01144,1,2397.7,0.0,2397.7,1426.02,UPI,Regular
SAL20250056829,2025-06-06,STR022,PRD00644,6,812.84,0.0,4877.04,2714.34,UPI,Walk-in
SAL20250056830,2025-06-28,STR027,PRD00640,3,209.4,0.0,628.2,352.29,UPI,Walk-in
SAL20250056831,2025-06-23,STR009,PRD00874,1,3195.38,0.1,2875.84,2332.48,UPI,Premium
SAL20250056832,2025-06-01,STR038,PRD00964,1,842.84,0.05,800.7,575.19,Debit Card,Walk-in
SAL20250056833,2025-06-02,STR026,PRD00146,1,5953.14,0.0,5953.14,4155.91,UPI,Regular
SAL20250056834,2025-06-28,STR017,PRD00736,1,1942.77,0.0,1942.77,1241.55,Credit Card,Regular
SAL20250056835,2025-06-15,STR010,PRD00073,1,23649.92,0.0,23649.92,17123.4,Cash,Walk-in
SAL20250056836,2025-06-05,STR031,PRD00712,4,1580.0,0.0,6320.0,3788.6,Debit Card,Premium
SAL20250056837,2025-06-04,STR035,PRD00912,1,532.47,0.0,532.47,306.3,Debit Card,Walk-in
SAL20250056838,2025-06-20,STR027,PRD00372,1,542.7,0.0,542.7,275.98,Credit Card,Walk-in
SAL20250056839,2025-06-22,STR035,PRD00815,1,2750.26,0.0,2750.26,1847.59,UPI,Walk-in
SAL20250056840,2025-06-03,STR026,PRD00090,1,8184.6,0.05,7775.37,5556.86,Net Banking,Walk-in
SAL20250056841,2025-06-25,STR015,PRD00616,1,565.82,0.0,565.82,314.13,UPI,Walk-in
SAL20250056842,2025-06-23,STR021,PRD01069,2,2127.71,0.0,4255.42,2167.7,UPI,Regular
SAL20250056843,2025-06-10,STR038,PRD00751,1,3034.29,0.0,3034.29,1940.36,UPI,Premium
SAL20250056844,2025-06-11,STR013,PRD01121,1,2103.52,0.0,2103.52,974.58,UPI,Premium
SAL20250056845,2025-06-20,STR008,PRD00645,1,456.66,0.0,456.66,330.42,UPI,Walk-in
SAL20250056846,2025-06-27,STR027,PRD00228,1,4421.9,0.0,4421.9,2982.31,UPI,Walk-in
SAL20250056847,2025-06-08,STR035,PRD01089,2,8670.13,0.0,17340.26,7594.04,UPI,Regular
SAL20250056848,2025-06-22,STR022,PRD00873,1,687.87,0.0,687.87,491.45,Net Banking,Regular
SAL20250056849,2025-06-16,STR031,PRD00023,1,6541.47,0.0,6541.47,4428.32,Cash,Regular
SAL20250056850,2025-06-01,STR019,PRD01032,3,117.65,0.0,352.95,210.6,Debit Card,Regular
SAL20250056851,2025-06-29,STR010,PRD00730,1,3497.66,0.0,3497.66,2580.93,Net Banking,Regular
SAL20250056852,2025-06-11,STR007,PRD00053,2,3304.53,0.0,6609.06,4619.02,UPI,Regular
SAL20250056853,2025-06-10,STR012,PRD00550,1,639.85,0.0,639.85,364.92,Credit Card,Walk-in
SAL20250056854,2025-06-16,STR014,PRD00964,5,842.84,0.0,4214.2,2875.95,Debit Card,Walk-in
SAL20250056855,2025-06-18,STR003,PRD00676,2,4180.37,0.0,8360.74,5673.52,UPI,Walk-in
SAL20250056856,2025-06-22,STR009,PRD00330,1,275.94,0.0,275.94,168.86,Cash,Regular
SAL20250056857,2025-06-06,STR015,PRD00039,1,8380.37,0.0,8380.37,6279.95,Credit Card,Regular
SAL20250056858,2025-06-19,STR034,PRD00500,2,936.13,0.1,1685.03,1515.06,UPI,Walk-in
SAL20250056859,2025-06-19,STR039,PRD00239,1,6180.81,0.0,6180.81,4556.06,UPI,Walk-in
SAL20250056860,2025-06-15,STR039,PRD00079,1,19037.37,0.0,19037.37,13485.77,Credit Card,Walk-in
SAL20250056861,2025-06-11,STR015,PRD01070,3,5540.5,0.0,16621.5,7730.31,Debit Card,Regular
SAL20250056862,2025-06-21,STR021,PRD00271,2,660.1,0.0,1320.2,837.2,UPI,Regular
SAL20250056863,2025-06-25,STR035,PRD00351,1,802.18,0.0,802.18,503.24,Debit Card,Walk-in
SAL20250056864,2025-06-14,STR003,PRD00293,2,859.61,0.05,1633.26,885.0,UPI,Premium
SAL20250056865,2025-06-12,STR014,PRD00614,1,52.25,0.0,52.25,34.28,UPI,Walk-in
SAL20250056866,2025-06-27,STR012,PRD00080,1,17292.25,0.0,17292.25,13027.41,UPI,Regular
SAL20250056867,2025-06-05,STR004,PRD00114,1,17643.2,0.0,17643.2,12306.0,UPI,Regular
SAL20250056868,2025-06-08,STR015,PRD01149,2,4599.19,0.0,9198.38,4669.54,UPI,Regular
SAL20250056869,2025-06-02,STR003,PRD00415,2,345.23,0.0,690.46,572.38,UPI,Premium
SAL20250056870,2025-06-12,STR002,PRD00849,2,315.58,0.05,599.6,423.56,Net Banking,Walk-in
SAL20250056871,2025-06-10,STR032,PRD00967,1,44.43,0.05,42.21,28.54,UPI,Walk-in
SAL20250056872,2025-06-01,STR006,PRD00163,1,12710.38,0.0,12710.38,7712.99,Debit Card,Premium
SAL20250056873,2025-06-01,STR027,PRD00523,1,773.23,0.0,773.23,656.14,UPI,Premium
SAL20250056874,2025-06-02,STR041,PRD00721,3,2330.52,0.1,6292.4,5182.89,UPI,Walk-in
SAL20250056875,2025-06-06,STR022,PRD00975,1,912.31,0.0,912.31,598.5,Debit Card,Regular
SAL20250056876,2025-06-10,STR019,PRD00570,2,376.39,0.05,715.14,537.14,Debit Card,Corporate
SAL20250056877,2025-06-12,STR007,PRD00309,1,1344.75,0.0,1344.75,637.15,UPI,Regular
SAL20250056878,2025-06-12,STR019,PRD00903,1,433.92,0.0,433.92,275.41,Credit Card,Regular
SAL20250056879,2025-06-08,STR001,PRD00380,1,304.64,0.0,304.64,210.5,Credit Card,Walk-in
SAL20250056880,2025-06-18,STR032,PRD00631,1,725.12,0.0,725.12,419.46,Debit Card,Walk-in
SAL20250056881,2025-06-01,STR027,PRD00038,1,2962.9,0.0,2962.9,2113.53,Credit Card,Walk-in
SAL20250056882,2025-06-04,STR011,PRD00635,1,332.03,0.0,332.03,207.3,UPI,Walk-in
SAL20250056883,2025-06-24,STR019,PRD01008,1,227.58,0.1,204.82,142.0,Net Banking,Regular
SAL20250056884,2025-06-23,STR004,PRD00175,1,11344.22,0.0,11344.22,7434.87,Net Banking,Walk-in
SAL20250056885,2025-06-18,STR002,PRD00326,1,1442.32,0.05,1370.2,681.43,Net Banking,Premium
SAL20250056886,2025-06-05,STR028,PRD01134,1,5914.46,0.0,5914.46,2929.32,UPI,Premium
SAL20250056887,2025-06-05,STR022,PRD00061,2,7691.1,0.0,15382.2,10619.72,UPI,Premium
SAL20250056888,2025-06-16,STR006,PRD00870,1,2808.24,0.0,2808.24,1618.68,UPI,Regular
SAL20250056889,2025-06-16,STR034,PRD00608,2,314.95,0.1,566.91,468.28,Credit Card,Regular
SAL20250056890,2025-06-01,STR025,PRD00451,3,641.37,0.05,1827.9,1515.69,UPI,Regular
SAL20250056891,2025-06-04,STR003,PRD01105,1,2498.16,0.0,2498.16,1508.52,UPI,Regular
SAL20250056892,2025-06-11,STR041,PRD01038,2,565.57,0.1,1018.03,606.68,Credit Card,Regular
SAL20250056893,2025-06-03,STR001,PRD00694,1,3202.51,0.0,3202.51,2319.01,UPI,Regular
SAL20250056894,2025-06-23,STR039,PRD00232,2,6785.18,0.0,13570.36,9686.74,Debit Card,Premium
SAL20250056895,2025-06-16,STR012,PRD00254,1,11020.14,0.0,11020.14,6776.21,Debit Card,Walk-in
SAL20250056896,2025-06-22,STR008,PRD00467,6,528.8,0.0,3172.8,2718.3,UPI,Regular
SAL20250056897,2025-06-09,STR037,PRD01046,3,946.12,0.0,2838.36,1578.87,UPI,Regular
SAL20250056898,2025-06-05,STR035,PRD00585,1,401.86,0.0,401.86,289.65,Credit Card,Premium
SAL20250056899,2025-06-23,STR011,PRD00931,1,1839.81,0.0,1839.81,1246.88,Net Banking,Regular
SAL20250056900,2025-06-08,STR040,PRD00581,1,310.86,0.0,310.86,198.71,Net Banking,Corporate
SAL20250056901,2025-06-08,STR013,PRD00648,3,715.75,0.0,2147.25,1371.81,Credit Card,Regular
SAL20250056902,2025-06-24,STR018,PRD00967,3,44.43,0.0,133.29,85.62,Credit Card,Premium
SAL20250056903,2025-06-03,STR019,PRD00858,1,1066.62,0.0,1066.62,695.16,Credit Card,Walk-in
SAL20250056904,2025-06-21,STR007,PRD00689,2,492.79,0.0,985.58,665.66,Debit Card,Regular
SAL20250056905,2025-06-07,STR013,PRD00311,1,936.08,0.05,889.28,578.34,UPI,Regular
SAL20250056906,2025-06-05,STR020,PRD00251,1,10660.28,0.05,10127.27,7306.06,Credit Card,Regular
SAL20250056907,2025-06-29,STR010,PRD00843,2,1073.63,0.0,2147.26,1378.92,UPI,Regular
SAL20250056908,2025-06-23,STR025,PRD01196,2,1369.18,0.0,2738.36,1193.78,UPI,Regular
SAL20250056909,2025-06-18,STR025,PRD01196,2,1369.18,0.0,2738.36,1193.78,Cash,Walk-in
SAL20250056910,2025-06-28,STR007,PRD00654,3,474.17,0.0,1422.51,973.17,Credit Card,Premium
SAL20250056911,2025-06-19,STR020,PRD00040,1,26675.54,0.0,26675.54,17487.01,Net Banking,Regular
SAL20250056912,2025-06-06,STR030,PRD00988,1,774.65,0.05,735.92,532.5,Cash,Walk-in
SAL20250056913,2025-06-08,STR022,PRD01095,1,4795.88,0.0,4795.88,2620.97,UPI,Regular
SAL20250056914,2025-06-07,STR017,PRD01020,4,560.55,0.0,2242.2,1447.88,Cash,Walk-in
SAL20250056915,2025-06-18,STR008,PRD00018,1,13116.16,0.0,13116.16,9769.19,UPI,Walk-in
SAL20250056916,2025-06-16,STR024,PRD00504,2,1118.52,0.0,2237.04,1868.48,UPI,Regular
SAL20250056917,2025-06-04,STR006,PRD00686,3,3692.38,0.0,11077.14,6341.49,UPI,Regular
SAL20250056918,2025-06-23,STR031,PRD00707,1,2433.38,0.0,2433.38,1626.72,UPI,Regular
SAL20250056919,2025-06-15,STR026,PRD00219,1,1404.86,0.0,1404.86,998.92,Net Banking,Regular
SAL20250056920,2025-06-15,STR014,PRD00472,1,554.85,0.1,499.37,444.9,Debit Card,Walk-in
SAL20250056921,2025-06-26,STR022,PRD00799,3,3907.93,0.0,11723.79,7375.74,UPI,Walk-in
SAL20250056922,2025-06-20,STR021,PRD01076,2,4373.35,0.0,8746.7,5191.1,Credit Card,Regular
SAL20250056923,2025-06-14,STR005,PRD00385,1,460.87,0.0,460.87,278.52,Net Banking,Regular
SAL20250056924,2025-06-22,STR005,PRD00472,1,554.85,0.0,554.85,444.9,UPI,Walk-in
SAL20250056925,2025-06-05,STR004,PRD00307,2,743.28,0.1,1337.9,965.64,UPI,Regular
SAL20250056926,2025-06-05,STR010,PRD00111,1,16671.18,0.0,16671.18,12693.98,Net Banking,Regular
SAL20250056927,2025-06-22,STR015,PRD00701,1,4774.16,0.0,4774.16,3063.26,UPI,Walk-in
SAL20250056928,2025-06-01,STR032,PRD00379,2,660.61,0.0,1321.22,921.32,UPI,Walk-in
SAL20250056929,2025-06-01,STR034,PRD00705,2,488.73,0.0,977.46,656.86,UPI,Premium
SAL20250056930,2025-06-23,STR018,PRD00561,1,111.53,0.0,111.53,75.49,Net Banking,Regular
SAL20250056931,2025-06-29,STR003,PRD00566,4,655.12,0.0,2620.48,1692.48,Cash,Walk-in
SAL20250056932,2025-06-17,STR021,PRD00545,3,450.85,0.0,1352.55,757.35,Credit Card,Regular
SAL20250056933,2025-06-18,STR016,PRD00176,1,4757.11,0.1,4281.4,2887.26,Credit Card,Premium
SAL20250056934,2025-06-19,STR030,PRD00047,1,27210.89,0.0,27210.89,17922.95,Cash,Regular
SAL20250056935,2025-06-30,STR014,PRD00840,1,2736.67,0.0,2736.67,1682.08,UPI,Walk-in
SAL20250056936,2025-06-05,STR021,PRD00963,2,93.93,0.0,187.86,127.52,UPI,Corporate
SAL20250056937,2025-06-19,STR026,PRD00717,1,402.54,0.0,402.54,262.23,Credit Card,Regular
SAL20250056938,2025-06-29,STR028,PRD00442,6,148.56,0.0,891.36,718.2,Credit Card,Regular
SAL20250056939,2025-06-15,STR016,PRD00356,2,1354.34,0.0,2708.68,1468.36,UPI,Regular
SAL20250056940,2025-06-24,STR025,PRD00911,1,807.88,0.0,807.88,602.2,Credit Card,Walk-in
SAL20250056941,2025-06-04,STR034,PRD00352,1,930.67,0.0,930.67,596.9,UPI,Regular
SAL20250056942,2025-06-27,STR015,PRD00404,1,695.46,0.0,695.46,604.38,Debit Card,Regular
SAL20250056943,2025-06-03,STR016,PRD00933,1,3527.61,0.0,3527.61,2180.3,Debit Card,Walk-in
SAL20250056944,2025-06-05,STR005,PRD01125,1,3015.8,0.0,3015.8,1423.43,Net Banking,Premium
SAL20250056945,2025-06-04,STR008,PRD00701,2,4774.16,0.0,9548.32,6126.52,UPI,Regular
SAL20250056946,2025-06-01,STR005,PRD00104,1,21587.41,0.0,21587.41,17582.83,UPI,Regular
SAL20250056947,2025-06-26,STR026,PRD01140,1,5750.16,0.0,5750.16,3316.46,UPI,Regular
SAL20250056948,2025-06-29,STR002,PRD00620,2,556.49,0.0,1112.98,651.34,UPI,Premium
SAL20250056949,2025-06-28,STR009,PRD00073,1,23649.92,0.0,23649.92,17123.4,Cash,Regular
SAL20250056950,2025-06-13,STR020,PRD01003,1,278.9,0.0,278.9,146.32,Cash,Premium
SAL20250056951,2025-06-18,STR007,PRD00096,1,1587.91,0.0,1587.91,1154.69,UPI,Regular
SAL20250056952,2025-06-27,STR001,PRD00208,2,2761.76,0.0,5523.52,4102.6,Net Banking,Premium
SAL20250056953,2025-06-20,STR013,PRD00601,5,50.1,0.0,250.5,154.1,UPI,Walk-in
SAL20250056954,2025-06-30,STR013,PRD00130,1,17171.37,0.0,17171.37,12882.58,Debit Card,Walk-in
SAL20250056955,2025-06-15,STR013,PRD00012,1,5255.98,0.0,5255.98,4121.35,Credit Card,Regular
SAL20250056956,2025-06-20,STR006,PRD00557,1,210.61,0.0,210.61,134.43,Credit Card,Regular
SAL20250056957,2025-06-13,STR030,PRD00169,1,8761.68,0.0,8761.68,5628.67,UPI,Regular
SAL20250056958,2025-06-24,STR018,PRD00985,1,79.43,0.0,79.43,55.06,Debit Card,Regular
SAL20250056959,2025-06-11,STR013,PRD00549,3,585.62,0.0,1756.86,1147.2,Cash,Regular
SAL20250056960,2025-06-27,STR032,PRD00749,4,4060.84,0.05,15431.19,9779.08,UPI,Walk-in
SAL20250056961,2025-06-09,STR029,PRD00114,3,17643.2,0.0,52929.6,36918.0,UPI,Walk-in
SAL20250056962,2025-06-07,STR006,PRD00506,3,725.03,0.0,2175.09,1737.3,Debit Card,Premium
SAL20250056963,2025-06-13,STR033,PRD00080,1,17292.25,0.0,17292.25,13027.41,UPI,Walk-in
SAL20250056964,2025-06-15,STR032,PRD00064,1,2458.4,0.0,2458.4,1830.7,Debit Card,Regular
SAL20250056965,2025-06-18,STR022,PRD00572,1,728.84,0.0,728.84,468.84,Debit Card,Regular
SAL20250056966,2025-06-17,STR041,PRD01184,1,6927.53,0.0,6927.53,3182.7,UPI,Corporate
SAL20250056967,2025-06-26,STR040,PRD00124,1,10921.57,0.0,10921.57,7123.55,Cash,Walk-in
SAL20250056968,2025-06-08,STR006,PRD00074,1,17249.82,0.0,17249.82,11809.64,Cash,Corporate
SAL20250056969,2025-06-21,STR008,PRD00416,2,833.51,0.0,1667.02,1383.58,UPI,Walk-in
SAL20250056970,2025-06-11,STR027,PRD00739,2,2279.96,0.0,4559.92,3082.84,UPI,Premium
SAL20250056971,2025-06-20,STR030,PRD00689,1,492.79,0.0,492.79,332.83,Debit Card,Walk-in
SAL20250056972,2025-06-19,STR034,PRD00844,1,3943.03,0.0,3943.03,2224.57,Credit Card,Walk-in
SAL20250056973,2025-06-06,STR015,PRD00912,1,532.47,0.1,479.22,306.3,UPI,Premium
SAL20250056974,2025-06-08,STR034,PRD00719,1,4808.67,0.05,4568.24,2759.21,UPI,Walk-in
SAL20250056975,2025-06-11,STR035,PRD00361,1,1524.53,0.0,1524.53,825.7,UPI,Walk-in
SAL20250056976,2025-06-13,STR011,PRD00628,3,365.09,0.0,1095.27,632.43,UPI,Walk-in
SAL20250056977,2025-06-14,STR001,PRD00460,5,816.3,0.05,3877.42,3338.85,Net Banking,Walk-in
SAL20250056978,2025-06-04,STR029,PRD00781,3,2809.53,0.0,8428.59,6212.52,Credit Card,Corporate
SAL20250056979,2025-06-24,STR001,PRD00489,1,850.74,0.0,850.74,690.88,Cash,Walk-in
SAL20250056980,2025-06-02,STR025,PRD00375,2,650.42,0.0,1300.84,730.12,Debit Card,Walk-in
SAL20250056981,2025-06-02,STR022,PRD00023,1,6541.47,0.0,6541.47,4428.32,UPI,Regular
SAL20250056982,2025-06-10,STR015,PRD00557,3,210.61,0.0,631.83,403.29,Credit Card,Premium
SAL20250056983,2025-06-15,STR035,PRD00035,1,7229.47,0.0,7229.47,4889.28,UPI,Premium
SAL20250056984,2025-06-18,STR033,PRD00715,1,2949.53,0.0,2949.53,1984.0,UPI,Corporate
SAL20250056985,2025-06-29,STR006,PRD00887,1,2006.5,0.0,2006.5,1169.69,Credit Card,Walk-in
SAL20250056986,2025-06-26,STR035,PRD00860,1,694.13,0.0,694.13,417.51,Net Banking,Regular
SAL20250056987,2025-06-14,STR018,PRD00477,1,121.21,0.0,121.21,97.66,Credit Card,Premium
SAL20250056988,2025-06-28,STR030,PRD00904,3,2811.36,0.0,8434.08,5579.91,Cash,Regular
SAL20250056989,2025-06-19,STR017,PRD00440,1,366.81,0.05,348.47,320.83,UPI,Regular
SAL20250056990,2025-06-02,STR014,PRD00973,3,291.44,0.0,874.32,470.73,UPI,Corporate
SAL20250056991,2025-06-03,STR024,PRD00146,1,5953.14,0.0,5953.14,4155.91,UPI,Premium
SAL20250056992,2025-06-25,STR028,PRD00564,1,566.41,0.0,566.41,347.97,UPI,Walk-in
SAL20250056993,2025-06-06,STR017,PRD00338,2,1223.61,0.0,2447.22,1376.46,Credit Card,Regular
SAL20250056994,2025-06-28,STR032,PRD00945,2,871.49,0.0,1742.98,1100.48,Cash,Regular
SAL20250056995,2025-06-15,STR041,PRD00278,2,439.84,0.0,879.68,584.14,Cash,Regular
SAL20250056996,2025-06-03,STR026,PRD00423,4,256.23,0.1,922.43,855.6,UPI,Regular
SAL20250056997,2025-06-15,STR006,PRD00486,1,161.3,0.0,161.3,123.55,UPI,Premium
SAL20250056998,2025-06-26,STR040,PRD00043,1,22998.01,0.0,22998.01,15302.97,UPI,Regular
SAL20250056999,2025-06-22,STR019,PRD00797,1,567.41,0.0,567.41,411.41,Cash,Regular
SAL20250057000,2025-06-05,STR009,PRD00828,3,765.4,0.0,2296.2,1329.0,UPI,Walk-in
SAL20250057001,2025-06-01,STR040,PRD01070,2,5540.5,0.0,11081.0,5153.54,Debit Card,Corporate
SAL20250057002,2025-06-08,STR037,PRD00943,2,787.16,0.0,1574.32,1064.88,UPI,Premium
SAL20250057003,2025-06-06,STR039,PRD00320,1,273.23,0.1,245.91,149.99,Credit Card,Regular
SAL20250057004,2025-06-13,STR001,PRD00080,1,17292.25,0.0,17292.25,13027.41,Cash,Premium
SAL20250057005,2025-06-28,STR037,PRD00967,4,44.43,0.0,177.72,114.16,UPI,Regular
SAL20250057006,2025-06-02,STR009,PRD00843,1,1073.63,0.0,1073.63,689.46,Net Banking,Regular
SAL20250057007,2025-06-17,STR014,PRD00925,1,2271.72,0.0,2271.72,1525.09,Debit Card,Walk-in
SAL20250057008,2025-06-05,STR009,PRD01096,1,3066.12,0.0,3066.12,1714.26,Credit Card,Premium
SAL20250057009,2025-06-03,STR036,PRD00014,1,5918.05,0.0,5918.05,4586.64,Net Banking,Walk-in
SAL20250057010,2025-06-25,STR012,PRD00652,1,210.65,0.0,210.65,137.0,Net Banking,Walk-in
SAL20250057011,2025-06-15,STR028,PRD00680,2,3900.49,0.0,7800.98,5610.0,Credit Card,Walk-in
SAL20250057012,2025-06-01,STR002,PRD01198,1,7043.58,0.1,6339.22,4432.23,Credit Card,Walk-in
SAL20250057013,2025-06-09,STR011,PRD00456,1,215.04,0.1,193.54,169.99,UPI,Corporate
SAL20250057014,2025-06-10,STR009,,1,2761.76,0.0,2761.76,2051.3,UPI,Corporate
SAL20250057015,2025-06-03,STR033,PRD00977,1,417.51,0.1,375.76,282.28,Net Banking,Premium
SAL20250057016,2025-06-04,STR032,PRD00912,2,532.47,0.0,1064.94,612.6,UPI,Corporate
SAL20250057017,2025-06-21,STR008,PRD00425,2,878.01,0.0,1756.02,1395.02,UPI,Regular
SAL20250057018,2025-06-09,STR002,PRD00239,1,6180.81,0.0,6180.81,4556.06,UPI,Walk-in
SAL20250057019,2025-06-26,STR037,PRD00905,2,2497.02,0.0,4994.04,3065.76,UPI,Regular
SAL20250057020,2025-06-25,STR039,PRD00465,2,578.8,0.1,1041.84,885.6,UPI,Walk-in
SAL20250057021,2025-06-23,STR007,PRD01105,1,2498.16,0.0,2498.16,1508.52,UPI,Walk-in
SAL20250057022,2025-06-17,STR009,PRD00989,1,922.35,0.1,830.12,592.11,Credit Card,Regular
SAL20250057023,2025-06-03,STR040,PRD00430,1,129.33,0.0,129.33,108.7,UPI,Premium
SAL20250057024,2025-06-11,STR041,PRD00552,2,296.06,0.05,562.51,389.88,UPI,Regular
SAL20250057025,2025-06-18,STR008,PRD01135,1,2481.4,0.0,2481.4,1259.74,UPI,Corporate
SAL20250057026,2025-06-28,STR001,PRD00215,1,9358.07,0.0,9358.07,6525.15,UPI,Walk-in
SAL20250057027,2025-06-01,STR022,PRD00558,1,353.1,0.0,353.1,243.3,UPI,Regular
SAL20250057028,2025-06-25,STR036,PRD01018,2,139.93,0.0,279.86,177.6,UPI,Walk-in
SAL20250057029,2025-06-21,STR006,PRD00107,1,4985.79,0.0,4985.79,3483.71,Net Banking,Walk-in
SAL20250057030,2025-06-09,STR020,PRD00803,2,2033.91,0.0,4067.82,2449.48,UPI,Walk-in
SAL20250057031,2025-06-11,STR006,PRD00780,1,1384.22,0.0,1384.22,888.86,UPI,Walk-in
SAL20250057032,2025-06-14,STR001,PRD00910,1,2302.88,0.0,2302.88,1579.69,Credit Card,Premium
SAL20250057033,2025-06-20,STR007,PRD00102,1,21236.57,0.0,21236.57,16141.17,UPI,Regular
SAL20250057034,2025-06-09,STR028,PRD00504,6,1118.52,0.0,6711.12,5605.44,Credit Card,Walk-in
SAL20250057035,2025-06-11,STR007,PRD00426,3,496.18,0.0,1488.54,1247.61,Debit Card,Premium
SAL20250057036,2025-06-21,STR012,PRD01095,2,4795.88,0.1,8632.58,5241.94,Debit Card,Regular
SAL20250057037,2025-06-07,STR040,PRD00340,2,956.64,0.0,1913.28,1112.16,Credit Card,Premium
SAL20250057038,2025-06-29,STR010,PRD00640,2,209.4,0.1,376.92,234.86,Credit Card,Walk-in
SAL20250057039,2025-06-19,STR017,PRD00055,1,18236.77,0.0,18236.77,12233.04,UPI,Regular
SAL20250057040,2025-06-26,STR033,PRD01154,1,1216.46,0.0,1216.46,611.46,UPI,Walk-in
SAL20250057041,2025-06-26,STR010,PRD01172,3,1132.5,0.0,3397.5,1734.18,Credit Card,Regular
SAL20250057042,2025-06-22,STR018,PRD00487,1,92.35,0.0,92.35,78.84,UPI,Walk-in
SAL20250057043,2025-06-20,STR036,PRD00182,1,1682.57,0.0,1682.57,1144.55,UPI,Walk-in
SAL20250057044,2025-06-15,STR025,PRD00111,1,16671.18,0.0,16671.18,12693.98,UPI,Regular
SAL20250057045,2025-06-20,STR008,PRD00079,1,19037.37,0.0,19037.37,13485.77,Cash,Regular
SAL20250057046,2025-06-15,STR006,PRD00119,1,21410.34,0.0,21410.34,16034.57,Debit Card,Walk-in
SAL20250057047,2025-06-18,STR038,PRD00893,2,963.04,0.0,1926.08,1206.1,Credit Card,Regular
SAL20250057048,2025-06-11,STR033,PRD01088,4,4543.5,0.0,18174.0,7970.2,Net Banking,Regular
SAL20250057049,2025-06-27,STR039,PRD00155,1,2214.51,0.0,2214.51,1652.19,Debit Card,Regular
SAL20250057050,2025-06-11,STR013,PRD00737,1,1053.41,0.0,1053.41,753.37,UPI,Regular
SAL20250057051,2025-06-30,STR019,PRD00370,2,676.23,0.0,1352.46,902.66,Cash,Walk-in
SAL20250057052,2025-06-30,STR011,PRD01127,3,730.99,0.05,2083.32,958.17,Debit Card,Walk-in
SAL20250057053,2025-06-16,STR013,PRD00787,1,291.05,0.0,291.05,189.14,UPI,Walk-in
SAL20250057054,2025-06-26,STR032,PRD00761,2,367.88,0.0,735.76,538.42,UPI,Regular
SAL20250057055,2025-06-17,STR034,PRD00666,1,224.43,0.05,213.21,162.71,UPI,Premium
SAL20250057056,2025-06-24,STR008,PRD00923,1,3811.45,0.05,3620.88,2262.33,UPI,Regular
SAL20250057057,2025-06-23,STR005,PRD00761,3,367.88,0.1,993.28,807.63,UPI,Regular
SAL20250057058,2025-06-06,STR025,PRD00200,1,1880.51,0.05,1786.48,1363.43,Cash,Walk-in
SAL20250057059,2025-06-04,STR009,PRD00266,1,13058.2,0.0,13058.2,8085.89,UPI,Regular
SAL20250057060,2025-06-16,STR033,PRD00559,3,674.89,0.0,2024.67,1264.68,Debit Card,Regular
SAL20250057061,2025-06-23,STR028,PRD00789,2,4846.68,0.0,9693.36,5869.82,UPI,Regular
SAL20250057062,2025-06-29,STR023,PRD00219,3,1404.86,0.0,4214.58,2996.76,UPI,Regular
SAL20250057063,2025-06-29,STR008,PRD00748,1,2656.98,0.05,2524.13,1815.38,UPI,Walk-in
SAL20250057064,2025-06-08,STR017,PRD00425,4,878.01,0.1,3160.84,2790.04,UPI,Premium
SAL20250057065,2025-06-06,STR011,PRD00842,2,1322.87,0.0,2645.74,1913.76,Credit Card,Regular
SAL20250057066,2025-06-14,STR007,PRD01117,1,2651.1,0.0,2651.1,1446.8,UPI,Premium
SAL20250057067,2025-06-16,STR011,PRD00195,2,4088.9,0.0,8177.8,6217.7,Cash,Corporate
SAL20250057068,2025-06-04,STR015,PRD00765,2,1419.48,0.05,2697.01,1841.88,Net Banking,Premium
SAL20250057069,2025-06-28,STR015,PRD01125,1,3015.8,0.05,2865.01,1423.43,UPI,Walk-in
SAL20250057070,2025-06-02,STR016,PRD00897,1,3626.87,0.1,3264.18,2369.21,UPI,Regular
SAL20250057071,2025-06-25,STR023,PRD00623,2,563.55,0.0,1127.1,775.32,Credit Card,Regular
SAL20250057072,2025-06-21,STR007,PRD00398,1,358.79,0.0,358.79,173.35,UPI,Regular
SAL20250057073,2025-06-12,STR021,PRD01124,1,4813.39,0.0,4813.39,2177.75,Debit Card,Premium
SAL20250057074,2025-06-10,STR020,PRD00477,1,121.21,0.0,121.21,97.66,Net Banking,Regular
SAL20250057075,2025-06-03,STR030,PRD00719,2,4808.67,0.0,9617.34,5518.42,UPI,Premium
SAL20250057076,2025-06-21,STR033,PRD00817,1,3058.64,0.0,3058.64,2165.66,UPI,Walk-in
SAL20250057077,2025-06-30,STR008,PRD01000,1,495.66,0.0,495.66,345.87,Credit Card,Regular
SAL20250057078,2025-06-05,STR008,PRD00807,1,667.9,0.0,667.9,429.52,Cash,Regular
SAL20250057079,2025-06-16,STR037,PRD01025,1,56.45,0.0,56.45,30.15,UPI,Regular
SAL20250057080,2025-06-28,STR001,PRD01200,1,1804.12,0.0,1804.12,865.8,Net Banking,Regular
SAL20250057081,2025-06-29,STR019,PRD00307,1,743.28,0.0,743.28,482.82,UPI,Walk-in
SAL20250057082,2025-06-09,STR025,PRD00624,6,124.7,0.0,748.2,522.48,UPI,Walk-in
SAL20250057083,2025-06-24,STR025,PRD00385,2,460.87,0.0,921.74,557.04,UPI,Premium
SAL20250057084,2025-06-30,STR026,PRD00177,1,10270.98,0.0,10270.98,7398.07,UPI,Walk-in
SAL20250057085,2025-06-09,STR004,PRD00074,1,17249.82,0.0,17249.82,11809.64,Debit Card,Walk-in
SAL20250057086,2025-06-15,STR005,PRD00807,2,667.9,0.0,1335.8,859.04,Credit Card,Regular
SAL20250057087,2025-06-11,STR011,PRD00248,1,9547.84,0.0,9547.84,6877.51,UPI,Regular
SAL20250057088,2025-06-22,STR035,PRD00586,2,648.21,0.1,1166.78,880.02,UPI,Regular
SAL20250057089,2025-06-15,STR041,PRD00592,2,365.4,0.0,730.8,436.58,UPI,Regular
SAL20250057090,2025-06-10,STR017,PRD00441,2,853.01,0.0,1706.02,1414.16,Debit Card,Walk-in
SAL20250057091,2025-06-04,STR026,PRD00441,4,853.01,0.0,3412.04,2828.32,UPI,Regular
SAL20250057092,2025-06-14,STR022,PRD00980,1,608.25,0.0,608.25,362.26,Cash,Regular
SAL20250057093,2025-06-26,STR012,PRD00670,2,3171.53,0.0,6343.06,3829.84,Credit Card,Regular
SAL20250057094,2025-06-26,STR022,PRD00754,2,372.52,0.0,745.04,441.76,Net Banking,Regular
SAL20250057095,2025-06-08,STR029,PRD00960,3,572.91,0.0,1718.73,1147.2,UPI,Walk-in
SAL20250057096,2025-06-20,STR029,PRD00275,2,1560.95,0.0,3121.9,1695.8,UPI,Walk-in
SAL20250057097,2025-06-10,STR012,PRD00565,4,107.78,0.05,409.56,245.92,Credit Card,Walk-in
SAL20250057098,2025-06-24,STR017,PRD00200,1,1880.51,0.0,1880.51,1363.43,Cash,Premium
SAL20250057099,2025-06-24,STR034,PRD00226,1,3456.4,0.0,3456.4,2122.01,Credit Card,Walk-in
SAL20250057100,2025-06-24,STR007,PRD00776,1,1145.74,0.0,1145.74,684.76,Net Banking,Regular
SAL20250057101,2025-06-22,STR007,PRD01107,4,1600.76,0.0,6403.04,2940.52,Debit Card,Walk-in
SAL20250057102,2025-06-13,STR029,PRD00652,3,210.65,0.0,631.95,411.0,Cash,Walk-in
SAL20250057103,2025-06-09,STR027,PRD00999,1,1102.59,0.0,1102.59,586.85,UPI,Regular
SAL20250057104,2025-06-02,STR031,PRD00124,1,10921.57,0.05,10375.49,7123.55,Credit Card,Walk-in
SAL20250057105,2025-06-17,STR023,PRD01076,1,4373.35,0.0,4373.35,2595.55,Debit Card,Premium
SAL20250057106,2025-06-01,STR037,PRD00749,2,4060.84,0.0,8121.68,4889.54,UPI,Regular
SAL20250057107,2025-06-09,STR014,PRD00933,2,3527.61,0.0,7055.22,4360.6,UPI,Regular
SAL20250057108,2025-06-09,STR024,PRD00895,2,472.54,0.0,945.08,594.8,Debit Card,Regular
SAL20250057109,2025-06-12,STR028,PRD00781,1,2809.53,0.0,2809.53,2070.84,UPI,Regular
SAL20250057110,2025-06-19,STR005,PRD00990,1,577.78,0.0,577.78,350.79,UPI,Premium
SAL20250057111,2025-06-12,STR024,PRD00056,1,11452.31,0.0,11452.31,8581.01,UPI,Walk-in
SAL20250057112,2025-06-15,STR038,PRD00139,1,2949.49,0.1,2654.54,1812.36,UPI,Corporate
SAL20250057113,2025-06-12,STR038,PRD00128,1,13672.72,0.0,13672.72,8963.81,UPI,Premium
SAL20250057114,2025-06-22,STR014,PRD00186,1,7826.08,0.0,7826.08,5124.89,Credit Card,Premium
SAL20250057115,2025-06-16,STR037,PRD00416,4,833.51,0.0,3334.04,2767.16,UPI,Regular
SAL20250057116,2025-06-24,STR028,PRD01141,3,1387.21,0.0,4161.63,2431.95,Debit Card,Regular
SAL20250057117,2025-06-08,STR018,PRD00111,1,16671.18,0.0,16671.18,12693.98,UPI,Regular
SAL20250057118,2025-06-04,STR013,PRD00524,1,128.85,0.0,128.85,106.5,UPI,Regular
SAL20250057119,2025-06-17,STR035,PRD01110,1,1048.97,0.0,1048.97,581.11,Debit Card,Regular
SAL20250057120,2025-06-25,STR030,PRD00994,1,1224.56,0.0,1224.56,633.19,Debit Card,Regular
SAL20250057121,2025-06-25,STR005,PRD00896,2,255.31,0.0,510.62,290.06,Cash,Regular
SAL20250057122,2025-06-15,STR030,PRD00235,1,11077.6,0.0,11077.6,6683.62,UPI,Regular
SAL20250057123,2025-06-27,STR040,PRD00595,2,524.85,0.05,997.22,729.04,Debit Card,Premium
SAL20250057124,2025-06-13,STR038,PRD00132,1,22943.8,0.0,22943.8,17725.67,Cash,Walk-in
SAL20250057125,2025-06-25,STR031,PRD00235,1,11077.6,0.0,11077.6,6683.62,UPI,Walk-in
SAL20250057126,2025-06-08,STR016,PRD00301,4,189.19,0.0,756.76,521.08,UPI,Premium
SAL20250057127,2025-06-17,STR026,PRD01167,2,1364.58,0.0,2729.16,1671.32,Debit Card,Walk-in
SAL20250057128,2025-06-28,STR031,PRD00827,3,3989.15,0.05,11369.08,6589.77,Cash,Premium
SAL20250057129,2025-06-27,STR039,PRD00474,1,108.22,0.1,97.4,89.37,UPI,Premium
SAL20250057130,2025-06-12,STR035,PRD00155,1,2214.51,0.0,2214.51,1652.19,Net Banking,Walk-in
SAL20250057131,2025-06-04,STR014,PRD00270,2,1213.51,0.0,2427.02,1538.12,UPI,Regular
SAL20250057132,2025-06-06,STR005,PRD00760,1,4801.08,0.0,4801.08,3172.81,Debit Card,Premium
SAL20250057133,2025-06-24,STR036,PRD00901,3,3120.68,0.0,9362.04,6214.71,UPI,Regular
SAL20250057134,2025-06-14,STR010,PRD00970,2,370.51,0.0,741.02,479.54,Credit Card,Regular
SAL20250057135,2025-06-29,STR041,PRD00705,1,488.73,0.0,488.73,328.43,Credit Card,Regular
SAL20250057136,2025-06-01,STR010,PRD01176,1,5880.6,0.0,5880.6,3519.33,UPI,Regular
SAL20250057137,2025-06-18,STR014,PRD00162,1,9916.48,0.0,9916.48,6686.04,UPI,Walk-in
SAL20250057138,2025-06-27,STR038,PRD00793,1,2445.38,0.0,2445.38,1405.41,UPI,Regular
SAL20250057139,2025-06-26,STR016,PRD00637,1,299.32,0.0,299.32,213.6,Credit Card,Walk-in
SAL20250057140,2025-06-21,STR006,PRD00311,2,936.08,0.0,1872.16,1156.68,Debit Card,Walk-in
SAL20250057141,2025-06-22,STR022,PRD00288,2,827.89,0.0,1655.78,878.72,Cash,Regular
SAL20250057142,2025-06-28,STR019,PRD00598,1,173.87,0.0,173.87,122.49,Credit Card,Premium
SAL20250057143,2025-06-10,STR009,PRD01108,2,4924.79,0.05,9357.1,4579.0,Net Banking,Premium
SAL20250057144,2025-06-25,STR038,PRD00160,1,7937.44,0.0,7937.44,4808.49,Debit Card,Regular
SAL20250057145,2025-06-09,STR017,PRD01185,1,2223.59,0.0,2223.59,924.85,Debit Card,Premium
SAL20250057146,2025-06-05,STR022,PRD00980,1,608.25,0.0,608.25,362.26,UPI,Walk-in
SAL20250057147,2025-06-23,STR034,PRD00193,1,5766.86,0.0,5766.86,4191.48,Credit Card,Regular
SAL20250057148,2025-06-18,STR021,PRD01021,2,582.28,0.0,1164.56,756.24,Credit Card,Regular
SAL20250057149,2025-06-16,STR031,PRD00133,1,10102.94,0.0,10102.94,6680.78,Cash,Regular
SAL20250057150,2025-06-26,STR040,PRD01033,6,703.74,0.0,4222.44,2272.14,UPI,Premium
SAL20250057151,2025-06-15,STR022,PRD00908,1,2285.46,0.0,2285.46,1340.06,UPI,Walk-in
SAL20250057152,2025-06-24,STR009,PRD00259,2,1699.09,0.0,3398.18,2466.0,Credit Card,Walk-in
SAL20250057153,2025-06-16,STR008,PRD00402,1,947.11,0.05,899.75,818.06,Credit Card,Premium
SAL20250057154,2025-06-22,STR003,PRD01122,2,6526.26,0.1,11747.27,7262.96,Credit Card,Regular
SAL20250057155,2025-06-27,STR009,PRD01069,3,2127.71,0.0,6383.13,3251.55,Credit Card,Regular
SAL20250057156,2025-06-14,STR013,PRD00065,1,10562.87,0.05,10034.73,8152.93,Cash,Walk-in
SAL20250057157,2025-06-02,STR020,PRD00511,2,709.29,0.0,1418.58,1118.36,Credit Card,Walk-in
SAL20250057158,2025-06-24,STR003,PRD00785,1,4604.98,0.0,4604.98,2754.83,Cash,Regular
SAL20250057159,2025-06-01,STR037,PRD00293,3,859.61,0.0,2578.83,1327.5,UPI,Regular
SAL20250057160,2025-06-09,STR041,PRD00116,1,21256.57,0.0,21256.57,14955.09,UPI,Walk-in
SAL20250057161,2025-06-25,STR018,PRD01074,1,6150.42,0.0,6150.42,3269.15,Cash,Regular
SAL20250057162,2025-06-23,STR031,PRD00726,2,2171.72,0.0,4343.44,2995.7,Debit Card,Premium
SAL20250057163,2025-06-21,STR017,PRD00068,1,10777.06,0.05,10238.21,8694.54,UPI,Regular
SAL20250052394,2025-06-11,STR034,PRD00317,1,1393.76,0.0,1393.76,799.47,Cash,Walk-in
SAL20250057165,2025-06-19,STR017,PRD00719,1,4808.67,0.0,4808.67,2759.21,UPI,Premium
SAL20250057166,2025-06-27,STR029,PRD00211,1,6731.6,0.0,6731.6,4925.05,UPI,Regular
SAL20250057167,2025-06-09,STR034,PRD00113,1,16350.49,0.0,16350.49,11876.29,Cash,Regular
SAL20250057168,2025-06-22,STR030,PRD01015,1,771.47,0.0,771.47,541.12,Credit Card,Regular
SAL20250057169,2025-06-24,STR001,PRD01026,2,512.0,0.0,1024.0,683.9,UPI,Walk-in
SAL20250057170,2025-06-19,STR022,PRD00719,1,4808.67,0.0,4808.67,2759.21,UPI,Walk-in
SAL20250057171,2025-06-19,STR038,PRD00929,3,3367.15,0.0,10101.45,6108.72,Credit Card,Regular
SAL20250057172,2025-06-29,STR018,PRD00407,5,687.91,0.0,3439.55,2667.0,UPI,Walk-in
SAL20250057173,2025-06-01,STR032,PRD00711,1,1868.86,0.1,1681.97,1355.68,Credit Card,Walk-in
SAL20250057174,2025-06-08,STR025,PRD01197,1,2167.83,0.0,2167.83,1161.18,Credit Card,Premium
SAL20250057175,2025-06-19,STR023,PRD00542,1,534.65,0.0,534.65,341.81,Cash,Walk-in
SAL20250057176,2025-06-27,STR024,PRD00270,2,1213.51,0.05,2305.67,1538.12,Credit Card,Premium
SAL20250057177,2025-06-10,STR030,PRD00144,2,7333.73,0.0,14667.46,9928.14,Debit Card,Walk-in
SAL20250057178,2025-06-15,STR004,PRD00429,2,725.58,0.0,1451.16,1100.02,UPI,Regular
SAL20250057179,2025-06-07,STR022,PRD00583,1,704.61,0.0,704.61,437.59,UPI,Walk-in
SAL20250057180,2025-06-16,STR030,PRD00991,1,894.61,0.0,894.61,514.53,UPI,Regular
SAL20250057181,2025-06-15,STR027,PRD00446,4,1037.38,0.0,4149.52,3525.64,Credit Card,Walk-in
SAL20250057182,2025-06-03,STR022,PRD00518,2,1000.64,0.0,2001.28,1536.86,Credit Card,Walk-in
SAL20250057183,2025-06-27,STR020,PRD00349,1,152.26,0.0,152.26,83.87,Net Banking,Walk-in
SAL20250057184,2025-06-22,STR018,PRD01167,1,1364.58,0.0,1364.58,835.66,Credit Card,Walk-in
SAL20250057185,2025-06-24,STR040,PRD00344,1,702.67,0.0,702.67,433.6,UPI,Regular
SAL20250057186,2025-06-07,STR007,PRD00921,1,3248.47,0.0,3248.47,1833.94,UPI,Walk-in
SAL20250057187,2025-06-20,STR040,PRD00430,10,129.33,0.05,1228.64,1087.0,Debit Card,Corporate
SAL20250057188,2025-06-25,STR025,PRD00129,1,19597.62,0.05,18617.74,15263.15,UPI,Premium
SAL20250057189,2025-06-08,STR040,PRD00542,3,534.65,0.0,1603.95,1025.43,Cash,Walk-in
SAL20250057190,2025-06-23,STR025,PRD00956,3,1028.6,0.0,3085.8,1716.0,UPI,Walk-in
SAL20250057191,2025-06-28,STR021,PRD01128,1,2522.35,0.0,2522.35,1440.68,UPI,Walk-in
SAL20250057192,2025-06-15,STR019,PRD01060,1,277.54,0.05,263.66,198.35,UPI,Walk-in
SAL20250057193,2025-06-14,STR037,PRD00396,2,713.53,0.0,1427.06,909.4,UPI,Walk-in
SAL20250057194,2025-06-29,STR017,PRD00650,2,429.23,0.0,858.46,498.62,UPI,Walk-in
SAL20250057195,2025-06-17,STR013,PRD00033,2,2653.86,0.0,5307.72,3566.56,Cash,Regular
SAL20250057196,2025-06-07,STR019,PRD00540,2,550.54,0.0,1101.08,777.24,UPI,Premium
SAL20250057197,2025-06-27,STR018,PRD00518,1,1000.64,0.0,1000.64,768.43,UPI,Premium
SAL20250057198,2025-06-22,STR027,PRD00682,1,3799.71,0.0,3799.71,2447.28,Debit Card,Walk-in
SAL20250057199,2025-06-26,STR034,PRD00507,1,259.46,0.0,259.46,215.35,Debit Card,Regular
SAL20250057200,2025-06-12,STR035,PRD00060,3,15273.35,0.0,45820.05,31594.59,Credit Card,Premium
SAL20250057201,2025-06-16,STR024,PRD00220,1,5859.46,0.0,5859.46,4561.44,Cash,Walk-in
SAL20250057202,2025-06-05,STR023,PRD00952,1,892.13,0.0,892.13,502.71,Debit Card,Premium
SAL20250057203,2025-06-27,STR012,PRD00912,1,532.47,0.05,505.85,306.3,UPI,Regular
SAL20250057204,2025-06-05,STR014,PRD00607,3,313.72,0.0,941.16,544.05,UPI,Regular
SAL20250057205,2025-06-29,STR032,PRD00279,1,704.62,0.0,704.62,445.92,Cash,Premium
SAL20250057206,2025-06-26,STR016,PRD00792,3,5089.33,0.0,15267.99,8776.02,Net Banking,Walk-in
SAL20250057207,2025-06-28,STR004,PRD00716,1,1780.84,0.0,1780.84,1007.46,Debit Card,Walk-in
SAL20250057208,2025-06-26,STR015,PRD00346,1,927.55,0.0,927.55,634.62,UPI,Regular
SAL20250057209,2025-06-02,STR028,PRD00944,2,197.23,0.0,394.46,255.64,UPI,Regular
SAL20250057210,2025-06-23,STR028,PRD00749,1,4060.84,0.0,4060.84,2444.77,UPI,Walk-in
SAL20250057211,2025-06-19,STR020,PRD00161,1,9190.04,0.0,9190.04,7015.28,Credit Card,Walk-in
SAL20250057212,2025-06-15,STR005,PRD00137,2,8245.04,0.0,16490.08,12846.88,Cash,Walk-in
SAL20250057213,2025-06-27,STR031,PRD00360,2,505.68,0.05,960.79,478.44,Credit Card,Walk-in
SAL20250057214,2025-06-03,STR035,PRD01066,3,424.4,0.0,1273.2,758.97,Credit Card,Premium
SAL20250057215,2025-06-12,STR040,PRD00269,2,151.87,0.0,303.74,199.64,Credit Card,Walk-in
SAL20250057216,2025-06-22,STR030,PRD01180,1,9129.62,0.0,9129.62,4243.81,Debit Card,Walk-in
SAL20250057217,2025-06-13,STR012,PRD01160,4,7696.75,0.0,30787.0,13963.36,Debit Card,Walk-in
SAL20250057218,2025-06-04,STR008,PRD00560,6,314.33,0.0,1885.98,1312.74,Net Banking,Regular
SAL20250057219,2025-06-03,STR019,PRD00473,1,113.62,0.0,113.62,94.83,Debit Card,Premium
SAL20250057220,2025-06-08,STR037,PRD00876,1,2635.68,0.0,2635.68,1798.38,UPI,Walk-in
SAL20250057221,2025-06-23,STR018,PRD00555,2,381.92,0.0,763.84,439.58,UPI,Walk-in
SAL20250057222,2025-06-30,STR015,PRD00648,3,715.75,0.0,2147.25,1371.81,Debit Card,Regular
SAL20250057223,2025-06-02,STR013,PRD00291,1,469.9,0.0,469.9,279.76,Cash,Walk-in
SAL20250057224,2025-06-20,STR011,PRD00984,2,34.1,0.1,61.38,40.04,UPI,Walk-in
SAL20250057225,2025-06-22,STR027,PRD01033,1,703.74,0.0,703.74,378.69,Credit Card,Premium
SAL20250057226,2025-06-10,STR029,PRD00854,1,2355.83,0.0,2355.83,1467.93,Cash,Regular
SAL20250057227,2025-06-18,STR019,PRD00063,1,19546.78,0.0,19546.78,13446.97,UPI,Regular
SAL20250057228,2025-06-07,STR009,PRD00017,1,6386.7,0.05,6067.36,4504.98,UPI,Regular
SAL20250057229,2025-06-10,STR005,PRD00334,1,796.78,0.0,796.78,400.76,Credit Card,Regular
SAL20250057230,2025-06-01,STR035,PRD00245,1,6730.38,0.0,6730.38,4429.31,Credit Card,Walk-in
SAL20250057231,2025-06-29,STR004,PRD01015,2,771.47,0.0,1542.94,1082.24,UPI,Corporate
SAL20250057232,2025-06-19,STR033,PRD00980,6,608.25,0.1,3284.55,2173.56,UPI,Regular
SAL20250057233,2025-06-26,STR038,PRD00583,3,704.61,0.0,2113.83,1312.77,UPI,Walk-in
SAL20250057234,2025-06-01,STR035,PRD00274,1,920.1,0.0,920.1,425.76,Credit Card,Corporate
SAL20250057235,2025-06-17,STR024,PRD00806,2,330.79,0.0,661.58,373.26,Cash,Premium
SAL20250057236,2025-06-15,STR020,PRD01097,1,4205.24,0.0,4205.24,2054.25,Net Banking,Regular
SAL20250057237,2025-06-17,STR023,PRD00344,2,702.67,0.0,1405.34,867.2,Cash,Premium
SAL20250057238,2025-06-04,STR034,PRD00766,1,1923.71,0.0,1923.71,1367.99,Cash,Walk-in
SAL20250057239,2025-06-15,STR017,PRD00278,1,439.84,0.05,417.85,292.07,Credit Card,Walk-in
SAL20250057240,2025-06-20,STR033,PRD01167,2,1364.58,0.0,2729.16,1671.32,UPI,Walk-in
SAL20250057241,2025-06-18,STR014,PRD00066,1,7423.58,0.0,7423.58,5820.76,Debit Card,Walk-in
SAL20250057242,2025-06-03,STR038,PRD00006,1,3457.14,0.0,3457.14,2519.92,UPI,Regular
SAL20250057243,2025-06-07,STR009,PRD00507,4,259.46,0.0,1037.84,861.4,UPI,Premium
SAL20250057244,2025-06-10,STR031,PRD00379,1,660.61,0.0,660.61,460.66,Credit Card,Walk-in
SAL20250057245,2025-06-05,STR028,PRD00077,1,14848.8,0.0,14848.8,12077.21,Cash,Walk-in
SAL20250057246,2025-06-15,STR010,PRD00649,1,333.14,0.0,333.14,238.96,Credit Card,Corporate
SAL20250057247,2025-06-04,STR036,PRD00943,1,787.16,0.05,747.8,532.44,Cash,Regular
SAL20250057248,2025-06-05,STR030,PRD00266,2,13058.2,0.0,26116.4,16171.78,UPI,Walk-in
SAL20250057249,2025-06-24,STR013,PRD00704,4,1185.8,0.0,4743.2,2828.56,Net Banking,Walk-in
SAL20250057250,2025-06-22,STR004,PRD00491,2,675.67,0.0,1351.34,1053.42,UPI,Regular
SAL20250057251,2025-06-03,STR017,PRD00863,1,1338.83,0.0,1338.83,745.06,Credit Card,Regular
SAL20250057252,2025-06-08,STR019,PRD00432,2,845.55,0.0,1691.1,1294.08,UPI,Regular
SAL20250057253,2025-06-22,STR010,PRD00718,2,2341.08,0.0,4682.16,3351.98,Debit Card,Regular
SAL20250057254,2025-06-16,STR033,PRD01150,2,4074.75,0.0,8149.5,4744.08,Debit Card,Premium
SAL20250057255,2025-06-07,STR012,PRD01128,1,2522.35,0.0,2522.35,1440.68,UPI,Premium
SAL20250057256,2025-06-29,STR028,PRD01019,6,948.07,0.0,5688.42,2938.5,Cash,Regular
SAL20250057257,2025-06-16,STR028,PRD00335,4,1156.98,0.0,4627.92,2490.24,Credit Card,Walk-in
SAL20250057258,2025-06-13,STR030,PRD00231,1,9171.94,0.0,9171.94,6705.09,UPI,Walk-in
SAL20250057259,2025-06-11,STR017,PRD00433,1,1065.88,0.1,959.29,861.75,Debit Card,Regular
SAL20250057260,2025-06-07,STR011,PRD00445,1,417.63,0.0,417.63,335.27,Cash,Regular
SAL20250057261,2025-06-07,STR012,PRD00095,1,18324.65,0.0,18324.65,13913.8,Net Banking,Walk-in
SAL20250057262,2025-06-16,STR025,PRD01022,1,1023.04,0.0,1023.04,628.51,Credit Card,Regular
SAL20250057263,2025-06-27,STR005,PRD00591,1,500.81,0.0,500.81,363.73,Credit Card,Walk-in
SAL20250057264,2025-06-19,STR017,PRD00109,1,12280.41,0.1,11052.37,9316.5,Credit Card,Walk-in
SAL20250057265,2025-06-03,STR009,PRD00460,4,816.3,0.0,3265.2,2671.08,Credit Card,Regular
SAL20250057266,2025-06-10,STR013,PRD00167,1,8410.2,0.0,8410.2,5523.21,Credit Card,Walk-in
SAL20250057267,2025-06-26,STR005,PRD00444,1,347.0,0.0,347.0,285.96,UPI,Regular
SAL20250057268,2025-06-13,STR006,PRD00339,2,831.47,0.05,1579.79,996.34,Credit Card,Walk-in
SAL20250057269,2025-06-16,STR019,PRD01121,1,2103.52,0.0,2103.52,974.58,Credit Card,Regular
SAL20250057270,2025-06-09,STR037,PRD00608,2,314.95,0.0,629.9,468.28,UPI,Walk-in
SAL20250057271,2025-06-26,STR013,PRD00917,1,1441.59,0.0,1441.59,980.83,Debit Card,Walk-in
SAL20250057272,2025-06-09,STR030,PRD00809,1,1418.3,0.0,1418.3,895.74,UPI,Walk-in
SAL20250057273,2025-06-16,STR039,PRD01107,1,1600.76,0.0,1600.76,735.13,Debit Card,Regular
SAL20250057274,2025-06-07,STR026,PRD00765,1,1419.48,0.0,1419.48,920.94,UPI,Regular
SAL20250057275,2025-06-15,STR038,PRD00134,1,19404.79,0.0,19404.79,14953.78,Credit Card,Walk-in
SAL20250057276,2025-06-30,STR031,PRD01147,3,6760.77,0.0,20282.31,11589.84,Credit Card,Regular
SAL20250057277,2025-06-27,STR014,PRD00690,1,3635.92,0.0,3635.92,2397.42,Credit Card,Walk-in
SAL20250057278,2025-06-05,STR025,PRD00458,1,587.81,0.0,587.81,445.92,Credit Card,Regular
SAL20250057279,2025-06-19,STR003,PRD01171,1,6541.96,0.0,6541.96,2623.89,UPI,Regular
SAL20250057280,2025-06-25,STR001,PRD00413,10,347.68,0.0,3476.8,3003.1,UPI,Premium
SAL20250057281,2025-06-25,STR007,PRD01191,1,6431.83,0.0,6431.83,4011.49,Credit Card,Regular
SAL20250057282,2025-06-20,STR018,PRD00307,2,743.28,0.0,1486.56,965.64,Cash,Regular
SAL20250057283,2025-06-21,STR021,PRD00190,1,12169.57,0.0,12169.57,7955.32,Cash,Regular
SAL20250057284,2025-06-27,STR041,PRD00044,2,3159.2,0.0,6318.4,4228.06,Credit Card,Walk-in
SAL20250057285,2025-06-24,STR015,PRD00696,3,1599.77,0.0,4799.31,3240.06,UPI,Walk-in
SAL20250057286,2025-06-29,STR003,PRD00913,1,3252.33,0.0,3252.33,2160.5,Credit Card,Walk-in
SAL20250057287,2025-06-23,STR031,PRD00134,2,19404.79,0.0,38809.58,29907.56,UPI,Regular
SAL20250057288,2025-06-19,STR011,PRD01003,2,278.9,0.0,557.8,292.64,UPI,Regular
SAL20250057289,2025-06-14,STR021,PRD01079,1,323.52,0.0,323.52,191.54,Cash,Regular
SAL20250057290,2025-06-22,STR008,PRD00017,1,6386.7,0.0,6386.7,4504.98,Net Banking,Premium
SAL20250057291,2025-06-05,STR024,PRD00429,10,725.58,0.0,7255.8,5500.1,Cash,Walk-in
SAL20250057292,2025-06-08,STR038,PRD00849,1,315.58,0.0,315.58,211.78,Credit Card,Premium
SAL20250057293,2025-06-12,STR004,PRD00609,1,338.3,0.1,304.47,202.03,Credit Card,Walk-in
SAL20250057294,2025-06-04,STR005,PRD00045,1,17414.18,0.0,17414.18,13822.18,Debit Card,Walk-in
SAL20250057295,2025-06-08,STR016,PRD01138,2,4917.81,0.0,9835.62,5578.62,Credit Card,Regular
SAL20250057296,2025-06-11,STR015,PRD00047,1,27210.89,0.0,27210.89,17922.95,UPI,Regular
SAL20250057297,2025-06-12,STR037,PRD00086,1,22194.93,0.0,22194.93,15176.58,Net Banking,Corporate
SAL20250057298,2025-06-23,STR036,PRD00861,1,3212.99,0.0,3212.99,1773.8,Cash,Regular
SAL20250057299,2025-06-02,STR035,PRD00155,2,2214.51,0.1,3986.12,3304.38,Credit Card,Regular
SAL20250057300,2025-06-05,STR009,PRD00734,1,817.34,0.0,817.34,469.79,Cash,Premium
SAL20250057301,2025-06-25,STR013,PRD00484,2,678.16,0.05,1288.5,1135.08,UPI,Walk-in
SAL20250057302,2025-06-28,STR014,PRD00611,1,51.03,0.0,51.03,37.81,Credit Card,Regular
SAL20250057303,2025-06-15,STR032,PRD00594,3,129.17,0.0,387.51,243.99,UPI,Regular
SAL20250057304,2025-06-11,STR024,PRD01187,2,5464.91,0.0,10929.82,6709.98,Credit Card,Regular
SAL20250057305,2025-06-17,STR013,PRD00281,2,679.79,0.0,1359.58,787.04,UPI,Premium
SAL20250057306,2025-06-30,STR028,PRD00363,1,1443.62,0.0,1443.62,690.35,Credit Card,Regular
SAL20250057307,2025-06-24,STR016,PRD00515,1,551.51,0.0,551.51,473.21,Cash,Walk-in
SAL20250057308,2025-06-22,STR017,PRD00621,1,335.41,0.0,335.41,235.43,Cash,Premium
SAL20250057309,2025-06-26,STR029,PRD01082,1,1474.53,0.0,1474.53,797.26,UPI,Regular
SAL20250057310,2025-06-19,STR035,PRD01135,2,2481.4,0.05,4714.66,2519.48,UPI,Walk-in
SAL20250057311,2025-06-17,STR013,PRD00959,1,664.61,0.0,664.61,402.69,Credit Card,Regular
SAL20250057312,2025-06-16,STR004,PRD00561,3,111.53,0.0,334.59,226.47,UPI,Corporate
SAL20250057313,2025-06-26,STR002,PRD00061,1,7691.1,0.0,7691.1,5309.86,Cash,Regular
SAL20250057314,2025-06-03,STR001,PRD00458,1,587.81,0.0,587.81,445.92,Credit Card,Regular
SAL20250057315,2025-06-02,STR021,PRD01200,1,1804.12,0.0,1804.12,865.8,UPI,Regular
SAL20250057316,2025-06-23,STR019,PRD01145,2,3609.72,0.0,7219.44,4160.42,UPI,Regular
SAL20250057317,2025-06-08,STR020,PRD00320,1,273.23,0.0,273.23,149.99,Debit Card,Premium
SAL20250057318,2025-06-17,STR017,PRD00546,5,854.43,0.0,4272.15,2369.5,UPI,Regular
SAL20250057319,2025-06-05,STR007,PRD01133,1,8197.9,0.0,8197.9,3765.02,UPI,Walk-in
SAL20250057320,2025-06-08,STR033,PRD00436,1,630.05,0.1,567.04,507.7,UPI,Premium
SAL20250057321,2025-06-19,STR008,PRD00909,3,1266.46,0.0,3799.38,2608.44,UPI,Walk-in
SAL20250057322,2025-06-01,STR012,PRD00998,2,883.36,0.0,1766.72,899.78,UPI,Walk-in
SAL20250057323,2025-06-25,STR021,PRD00260,1,8853.62,0.1,7968.26,5607.87,Credit Card,Regular
SAL20250057324,2025-06-09,STR002,PRD01106,2,3135.75,0.0,6271.5,3338.32,UPI,Regular
SAL20250057325,2025-06-05,STR009,PRD00737,3,1053.41,0.0,3160.23,2260.11,Debit Card,Regular
SAL20250057326,2025-06-04,STR021,PRD00403,1,158.56,0.1,142.7,138.22,Credit Card,Regular
SAL20250057327,2025-06-11,STR027,PRD00534,1,97.09,0.0,97.09,80.59,UPI,Regular
SAL20250057328,2025-06-20,STR003,PRD00520,1,482.69,0.05,458.56,405.86,UPI,Walk-in
SAL20250057329,2025-06-27,STR032,PRD01083,1,8991.53,0.0,8991.53,3921.72,UPI,Premium
SAL20250057330,2025-06-06,STR040,PRD00650,3,429.23,0.0,1287.69,747.93,UPI,Regular
SAL20250057331,2025-06-09,STR012,PRD01033,1,703.74,0.0,703.74,378.69,Debit Card,Regular
SAL20250057332,2025-06-04,STR041,PRD00521,3,947.8,0.0,2843.4,2497.8,UPI,Walk-in
SAL20250057333,2025-06-25,STR022,PRD00890,2,891.3,0.0,1782.6,1071.86,Net Banking,Premium
SAL20250057334,2025-06-10,STR017,PRD00209,1,4015.2,0.0,4015.2,2717.92,Net Banking,Regular
SAL20250057335,2025-06-19,STR017,PRD01039,2,616.85,0.0,1233.7,787.88,Credit Card,Regular
SAL20250057336,2025-06-30,STR035,PRD00349,2,152.26,0.0,304.52,167.74,Credit Card,Regular
SAL20250057337,2025-06-04,STR003,PRD00285,1,1499.26,0.0,1499.26,768.76,Cash,Corporate
SAL20250057338,2025-06-12,STR005,PRD00212,1,9559.41,0.0,9559.41,6260.97,UPI,Walk-in
SAL20250057339,2025-06-03,STR032,PRD00599,5,273.52,0.05,1299.22,946.85,Credit Card,Walk-in
SAL20250057340,2025-06-29,STR016,PRD00974,4,202.7,0.0,810.8,427.04,Debit Card,Premium
SAL20250057341,2025-06-20,STR015,PRD00808,1,2998.33,0.0,2998.33,1813.97,UPI,Regular
SAL20250057342,2025-06-12,STR011,PRD01073,1,4074.99,0.0,4074.99,2440.45,Debit Card,Regular
SAL20250057343,2025-06-22,STR034,PRD00117,1,5653.79,0.0,5653.79,4053.02,Cash,Regular
SAL20250057344,2025-06-25,STR005,PRD00420,4,876.02,0.0,3504.08,2970.28,Credit Card,Premium
SAL20250057345,2025-06-27,STR008,PRD00571,2,201.22,0.0,402.44,286.98,Cash,Premium
SAL20250057346,2025-06-10,STR031,PRD00432,2,845.55,0.05,1606.54,1294.08,UPI,Regular
SAL20250057347,2025-06-09,STR019,PRD01079,2,323.52,0.0,647.04,383.08,Net Banking,Regular
SAL20250057348,2025-06-07,STR035,PRD00689,3,492.79,0.0,1478.37,998.49,UPI,Regular
SAL20250057349,2025-06-16,STR023,PRD01062,1,925.26,0.0,925.26,543.06,Credit Card,Walk-in
SAL20250057350,2025-06-05,STR034,PRD00209,1,4015.2,0.0,4015.2,2717.92,UPI,Regular
SAL20250057351,2025-06-13,STR014,PRD00055,1,18236.77,0.0,18236.77,12233.04,Credit Card,Walk-in
SAL20250057352,2025-06-05,STR040,PRD00225,1,9871.63,0.0,9871.63,6952.04,UPI,Corporate
SAL20250057353,2025-06-27,STR004,PRD00644,2,812.84,0.05,1544.4,904.78,Credit Card,Regular
SAL20250057354,2025-06-06,STR023,PRD00321,1,1442.95,0.0,1442.95,715.49,UPI,Walk-in
SAL20250057355,2025-06-01,STR031,PRD00009,1,10580.64,0.0,10580.64,8344.51,UPI,Regular
SAL20250057356,2025-06-08,STR027,PRD00818,2,2330.04,0.0,4660.08,3338.28,UPI,Regular
SAL20250057357,2025-06-22,STR037,PRD00155,1,2214.51,0.0,2214.51,1652.19,Credit Card,Walk-in
SAL20250057358,2025-06-29,STR009,PRD00834,2,1440.43,0.0,2880.86,1830.98,Cash,Regular
SAL20250057359,2025-06-23,STR017,PRD00410,1,245.81,0.0,245.81,192.76,UPI,Walk-in
SAL20250057360,2025-06-14,STR002,PRD00603,4,196.91,0.0,787.64,523.84,UPI,Regular
SAL20250057361,2025-06-06,STR012,PRD00810,1,406.14,0.05,385.83,261.1,UPI,Walk-in
SAL20250057362,2025-06-22,STR013,PRD00461,2,198.22,0.0,396.44,338.9,UPI,Walk-in
SAL20250057363,2025-06-06,STR029,PRD00207,1,9083.73,0.0,9083.73,6742.14,Credit Card,Premium
SAL20250057364,2025-06-08,STR020,PRD00345,4,670.76,0.0,2683.04,1575.52,UPI,Regular
SAL20250057365,2025-06-17,STR021,PRD00452,1,1046.75,0.0,1046.75,879.65,Debit Card,Regular
SAL20250057366,2025-06-22,STR004,PRD00252,3,10910.07,0.0,32730.21,22569.75,Credit Card,Regular
SAL20250057367,2025-06-10,STR016,PRD00878,1,1229.84,0.0,1229.84,796.56,Credit Card,Premium
SAL20250057368,2025-06-23,STR027,PRD00610,3,637.82,0.0,1913.46,1241.19,UPI,Walk-in
SAL20250057369,2025-06-02,STR002,PRD01082,1,1474.53,0.0,1474.53,797.26,Cash,Corporate
SAL20250057370,2025-06-09,STR027,PRD00453,1,1257.16,0.0,1257.16,946.37,UPI,Walk-in
SAL20250057371,2025-06-28,STR023,PRD01146,1,2954.25,0.0,2954.25,1488.77,UPI,Walk-in
SAL20250057372,2025-06-21,STR025,PRD00006,3,3457.14,0.0,10371.42,7559.76,Cash,Premium
SAL20250057373,2025-06-11,STR031,PRD00676,1,4180.37,0.1,3762.33,2836.76,Credit Card,Walk-in
SAL20250057374,2025-06-23,STR030,PRD00482,6,411.59,0.0,2469.54,2064.72,UPI,Corporate
SAL20250057375,2025-06-06,STR035,PRD00766,1,1923.71,0.0,1923.71,1367.99,UPI,Walk-in
SAL20250057376,2025-06-15,STR040,PRD00732,3,4150.55,0.0,12451.65,7945.53,Debit Card,Walk-in
SAL20250057377,2025-06-24,STR037,PRD00398,1,358.79,0.0,358.79,173.35,Credit Card,Walk-in
SAL20250057378,2025-06-21,STR020,PRD00647,2,284.75,0.0,569.5,378.14,Credit Card,Regular
SAL20250057379,2025-06-25,STR012,PRD00206,1,10675.4,0.0,10675.4,6883.05,Debit Card,Regular
SAL20250057380,2025-06-29,STR020,PRD00335,1,1156.98,0.0,1156.98,622.56,UPI,Regular
SAL20250057381,2025-06-28,STR008,PRD00798,1,1720.26,0.0,1720.26,961.55,Credit Card,Premium
SAL20250057382,2025-06-16,STR030,PRD00646,4,108.22,0.0,432.88,263.16,Credit Card,Walk-in
SAL20250057383,2025-06-02,STR001,PRD00721,1,2330.52,0.0,2330.52,1727.63,UPI,Walk-in
SAL20250057384,2025-06-19,STR022,PRD00444,6,347.0,0.0,2082.0,1715.76,UPI,Corporate
SAL20250057385,2025-06-30,STR010,PRD00635,2,332.03,0.0,664.06,414.6,UPI,Walk-in
SAL20250057386,2025-06-21,STR012,PRD00577,2,262.74,0.0,525.48,378.56,UPI,Regular
SAL20250057387,2025-06-29,STR026,PRD00205,1,2084.53,0.0,2084.53,1335.1,Credit Card,Premium
SAL20250057388,2025-06-09,STR025,PRD00709,1,232.93,0.0,232.93,153.05,UPI,Regular
SAL20250057389,2025-06-24,STR027,PRD00197,1,4849.89,0.0,4849.89,3779.03,UPI,Walk-in
SAL20250057390,2025-06-02,STR032,PRD00198,1,4266.35,0.1,3839.72,2976.38,Debit Card,Premium
SAL20250057391,2025-06-03,STR001,PRD00473,1,113.62,0.0,113.62,94.83,Debit Card,Walk-in
SAL20250057392,2025-06-10,STR041,PRD00741,1,2848.85,0.0,2848.85,2028.89,UPI,Regular
SAL20250057393,2025-06-05,STR021,PRD00070,1,15101.4,0.05,14346.33,11038.01,Credit Card,Premium
SAL20250057394,2025-06-28,STR036,PRD00392,1,436.74,0.1,393.07,242.28,UPI,Premium
SAL20250057395,2025-06-28,STR034,PRD00110,1,26501.66,0.0,26501.66,18492.65,Debit Card,Premium
SAL20250057396,2025-06-10,STR007,PRD00067,1,3694.12,0.0,3694.12,2694.72,Debit Card,Regular
SAL20250057397,2025-06-28,STR021,PRD00521,6,947.8,0.0,5686.8,4995.6,Debit Card,Regular
SAL20250057398,2025-06-01,STR010,PRD00516,1,653.26,0.0,653.26,502.56,UPI,Walk-in
SAL20250057399,2025-06-12,STR022,PRD00682,1,3799.71,0.0,3799.71,2447.28,Debit Card,Premium
SAL20250057400,2025-06-01,STR008,PRD00632,1,758.72,0.0,758.72,430.06,Cash,Regular
SAL20250057401,2025-06-07,STR008,PRD00558,1,353.1,0.0,353.1,243.3,Debit Card,Walk-in
SAL20250057402,2025-06-17,STR007,PRD00471,3,607.66,0.0,1822.98,1486.05,UPI,Walk-in
SAL20250057403,2025-06-04,STR016,PRD00376,2,1476.13,0.05,2804.65,1365.98,UPI,Regular
SAL20250057404,2025-06-22,STR003,PRD00200,1,1880.51,0.0,1880.51,1363.43,UPI,Walk-in
SAL20250057405,2025-06-14,STR013,PRD00003,1,810.89,0.0,810.89,534.24,Debit Card,Regular
SAL20250057406,2025-06-17,STR033,PRD00331,2,133.4,0.0,266.8,179.66,Credit Card,Regular
SAL20250057407,2025-06-12,STR005,PRD01056,10,449.88,0.0,4498.8,3020.1,Cash,Walk-in
SAL20250057408,2025-06-11,STR041,PRD00806,1,330.79,0.0,330.79,186.63,Net Banking,Premium
SAL20250057409,2025-06-09,STR019,PRD00423,1,256.23,0.0,256.23,213.9,UPI,Walk-in
SAL20250057410,2025-06-15,STR021,PRD00253,1,9663.5,0.0,9663.5,6717.07,Cash,Walk-in
SAL20250057411,2025-06-02,STR022,PRD00737,1,1053.41,0.05,1000.74,753.37,Debit Card,Walk-in
SAL20250057412,2025-06-02,STR004,PRD01067,1,922.58,0.0,922.58,564.84,Net Banking,Corporate
SAL20250057413,2025-06-12,STR038,PRD01055,1,428.04,0.0,428.04,266.57,Credit Card,Regular
SAL20250057414,2025-06-05,STR036,PRD00829,2,2093.34,0.0,4186.68,3077.74,UPI,Corporate
SAL20250057415,2025-06-27,STR024,PRD00304,2,1052.14,0.0,2104.28,1447.62,UPI,Corporate
SAL20250057416,2025-06-24,STR017,PRD00993,1,168.95,0.0,168.95,86.92,UPI,Premium
SAL20250057417,2025-06-10,STR004,PRD00979,1,62.69,0.0,62.69,37.43,UPI,Regular
SAL20250057418,2025-06-05,STR029,PRD00202,1,1209.84,0.0,1209.84,865.49,Credit Card,Walk-in
SAL20250057419,2025-06-24,STR031,PRD00814,3,3265.17,0.0,9795.51,5668.11,UPI,Regular
SAL20250057420,2025-06-02,STR041,PRD01133,4,8197.9,0.1,29512.44,15060.08,Credit Card,Regular
SAL20250057421,2025-06-30,STR041,PRD00155,1,2214.51,0.05,2103.78,1652.19,Debit Card,Walk-in
SAL20250057422,2025-06-20,STR032,PRD01070,1,5540.5,0.05,5263.47,2576.77,UPI,Regular
SAL20250057423,2025-06-27,STR033,PRD00415,4,345.23,0.0,1380.92,1144.76,UPI,Regular
SAL20250057424,2025-06-21,STR026,PRD01091,2,5878.46,0.1,10581.23,5617.7,Debit Card,Premium
SAL20250057425,2025-06-24,STR018,PRD00608,3,314.95,0.0,944.85,702.42,Cash,Corporate
SAL20250057426,2025-06-04,STR035,PRD00644,2,812.84,0.0,1625.68,904.78,Debit Card,Regular
SAL20250057427,2025-06-01,STR031,PRD01006,1,849.47,0.0,849.47,606.69,Credit Card,Regular
SAL20250057428,2025-06-04,STR032,PRD00022,1,22149.39,0.0,22149.39,16337.37,Credit Card,Regular
SAL20250057429,2025-06-02,STR037,PRD01019,2,948.07,0.0,1896.14,979.5,UPI,Regular
SAL20250057430,2025-06-22,STR016,PRD00405,1,917.35,0.0,917.35,803.86,Credit Card,Regular
SAL20250057431,2025-06-17,STR008,PRD00805,3,3870.93,0.0,11612.79,6491.43,UPI,Regular
SAL20250057432,2025-06-06,STR027,PRD01027,1,412.95,0.1,371.65,225.72,UPI,Premium
SAL20250057433,2025-06-03,STR016,PRD00743,1,1675.83,0.0,1675.83,1131.56,Credit Card,Walk-in
SAL20250057434,2025-06-24,STR014,PRD00464,3,598.64,0.05,1706.12,1375.47,UPI,Premium
SAL20250057435,2025-06-07,STR037,PRD00310,1,607.97,0.0,607.97,303.74,UPI,Regular
SAL20250057436,2025-06-27,STR023,PRD00162,1,9916.48,0.0,9916.48,6686.04,Debit Card,Walk-in
SAL20250057437,2025-06-07,STR028,PRD00813,1,3086.68,0.0,3086.68,2009.41,Cash,Regular
SAL20250057438,2025-06-28,STR022,PRD00253,1,9663.5,0.0,9663.5,6717.07,Net Banking,Walk-in
SAL20250057439,2025-06-08,STR013,PRD00366,3,994.61,0.0,2983.83,1424.19,Net Banking,Regular
SAL20250057440,2025-06-10,STR018,PRD00092,1,6575.52,0.1,5917.97,4677.68,UPI,Regular
SAL20250057441,2025-06-05,STR018,PRD01186,2,3042.91,0.0,6085.82,3004.4,UPI,Regular
SAL20250057442,2025-06-14,STR001,PRD00860,1,694.13,0.0,694.13,417.51,Debit Card,Walk-in
SAL20250057443,2025-06-21,STR027,PRD00367,1,450.03,0.0,450.03,246.78,Credit Card,Premium
SAL20250057444,2025-06-09,STR006,PRD01172,1,1132.5,0.0,1132.5,578.06,UPI,Walk-in
SAL20250057445,2025-06-07,STR037,PRD00038,1,2962.9,0.0,2962.9,2113.53,UPI,Premium
SAL20250057446,2025-06-19,STR029,PRD00344,2,702.67,0.0,1405.34,867.2,Credit Card,Walk-in
SAL20250057447,2025-06-04,STR020,PRD00514,1,1177.91,0.0,1177.91,914.33,Credit Card,Regular
SAL20250057448,2025-06-22,STR021,PRD00858,4,1066.62,0.0,4266.48,2780.64,UPI,Walk-in
SAL20250057449,2025-06-22,STR010,PRD01150,1,4074.75,0.0,4074.75,2372.04,Credit Card,Regular
SAL20250057450,2025-06-15,STR041,PRD01162,1,3657.07,0.0,3657.07,2017.29,Net Banking,Walk-in
SAL20250057451,2025-06-26,STR038,PRD01174,1,4967.43,0.1,4470.69,2664.97,UPI,Premium
SAL20250057452,2025-06-07,STR033,PRD00820,2,2007.6,0.05,3814.44,2354.36,UPI,Regular
SAL20250057453,2025-06-23,STR030,PRD00757,1,1608.8,0.0,1608.8,1037.87,Debit Card,Walk-in
SAL20250057454,2025-06-30,STR038,PRD01167,1,1364.58,0.0,1364.58,835.66,UPI,Regular
SAL20250057455,2025-06-03,STR015,PRD00477,1,121.21,0.0,121.21,97.66,Credit Card,Walk-in
SAL20250057456,2025-06-20,STR025,PRD01151,1,7065.61,0.05,6712.33,3374.36,Cash,Regular
SAL20250057457,2025-06-11,STR028,PRD00210,1,8463.87,0.0,8463.87,5533.2,Cash,Regular
SAL20250057458,2025-06-26,STR004,PRD01064,2,155.0,0.0,310.0,157.26,Net Banking,Walk-in
SAL20250057459,2025-06-16,STR041,PRD00134,1,19404.79,0.1,17464.31,14953.78,Credit Card,Walk-in
SAL20250057460,2025-06-15,STR026,PRD00197,1,4849.89,0.0,4849.89,3779.03,Net Banking,Regular
SAL20250057461,2025-06-05,STR024,PRD00193,1,5766.86,0.0,5766.86,4191.48,UPI,Walk-in
SAL20250057462,2025-06-29,STR003,PRD00133,1,10102.94,0.0,10102.94,6680.78,Credit Card,Premium
SAL20250057463,2025-06-13,STR024,PRD00940,1,57.11,0.0,57.11,38.86,UPI,Walk-in
SAL20250057464,2025-06-19,STR016,PRD00467,2,528.8,0.0,1057.6,906.1,UPI,Corporate
SAL20250057465,2025-06-08,STR028,PRD00216,1,11614.64,0.0,11614.64,7226.78,Cash,Regular
SAL20250057466,2025-06-17,STR015,PRD00186,1,7826.08,0.0,7826.08,5124.89,Credit Card,Walk-in
SAL20250057467,2025-06-19,STR012,PRD00967,1,44.43,0.0,44.43,28.54,Debit Card,Regular
SAL20250057468,2025-06-23,STR040,PRD00545,1,450.85,0.0,450.85,252.45,UPI,Premium
SAL20250057469,2025-06-21,STR035,PRD00701,1,4774.16,0.0,4774.16,3063.26,Cash,Walk-in
SAL20250057470,2025-06-25,STR018,PRD00024,3,23723.95,0.0,71171.85,46500.72,UPI,Walk-in
SAL20250057471,2025-06-16,STR007,PRD00482,3,411.59,0.0,1234.77,1032.36,UPI,Walk-in
SAL20250057472,2025-06-15,STR029,PRD01176,1,5880.6,0.0,5880.6,3519.33,UPI,Walk-in
SAL20250057473,2025-06-06,STR033,PRD00449,1,236.21,0.0,236.21,199.14,UPI,Regular
SAL20250057474,2025-06-25,STR039,PRD00611,1,51.03,0.0,51.03,37.81,Debit Card,Regular
SAL20250057475,2025-06-30,STR018,PRD00885,1,1948.54,0.0,1948.54,1253.39,Net Banking,Walk-in
SAL20250057476,2025-06-20,STR013,PRD00361,1,1524.53,0.0,1524.53,825.7,UPI,Regular
SAL20250057477,2025-06-08,STR037,PRD00991,2,894.61,0.05,1699.76,1029.06,Debit Card,Walk-in
SAL20250057478,2025-06-25,STR031,PRD00669,1,3235.01,0.05,3073.26,1886.76,Debit Card,Walk-in
SAL20250057479,2025-06-27,STR001,PRD00066,1,7423.58,0.0,7423.58,5820.76,UPI,Regular
SAL20250057480,2025-06-28,STR004,PRD00555,4,381.92,0.0,1527.68,879.16,Credit Card,Walk-in
SAL20250057481,2025-06-12,STR038,PRD00776,1,1145.74,0.1,1031.17,684.76,Debit Card,Walk-in
SAL20250057482,2025-06-29,STR026,PRD00627,10,670.0,0.0,6700.0,4037.1,Credit Card,Corporate
SAL20250057483,2025-06-19,STR003,PRD00655,1,75.89,0.0,75.89,47.15,Debit Card,Regular
SAL20250057484,2025-06-16,STR021,PRD00744,2,4365.48,0.0,8730.96,5758.8,UPI,Regular
SAL20250057485,2025-06-02,STR022,PRD00135,1,9390.96,0.0,9390.96,6866.63,Credit Card,Walk-in
SAL20250057486,2025-06-19,STR028,PRD00949,1,855.15,0.0,855.15,566.85,Credit Card,Walk-in
SAL20250057487,2025-06-05,STR034,PRD00173,1,9167.15,0.0,9167.15,5751.32,Credit Card,Premium
SAL20250057488,2025-06-22,STR003,PRD00249,2,4858.0,0.0,9716.0,6832.3,Debit Card,Regular
SAL20250057489,2025-06-08,STR037,PRD01018,4,139.93,0.0,559.72,355.2,UPI,Walk-in
SAL20250057490,2025-06-07,STR007,PRD01154,1,1216.46,0.0,1216.46,611.46,Credit Card,Walk-in
SAL20250057491,2025-06-06,STR034,PRD00207,1,9083.73,0.0,9083.73,6742.14,UPI,Walk-in
SAL20250057492,2025-06-22,STR010,PRD01125,1,3015.8,0.0,3015.8,1423.43,UPI,Regular
SAL20250057493,2025-06-23,STR025,PRD00146,1,5953.14,0.0,5953.14,4155.91,UPI,Walk-in
SAL20250057494,2025-06-26,STR004,PRD00005,1,25382.71,0.0,25382.71,18438.86,Net Banking,Regular
SAL20250057495,2025-06-13,STR037,PRD00741,2,2848.85,0.0,5697.7,4057.78,UPI,Regular
SAL20250057496,2025-06-09,STR011,PRD01034,10,310.11,0.0,3101.1,2177.2,UPI,Regular
SAL20250057497,2025-06-01,STR005,PRD00574,2,560.83,0.0,1121.66,677.12,Credit Card,Regular
SAL20250057498,2025-06-25,STR021,PRD00229,3,2013.93,0.0,6041.79,4046.7,UPI,Regular
SAL20250057499,2025-06-22,STR015,PRD00107,1,4985.79,0.0,4985.79,3483.71,UPI,Regular
SAL20250057500,2025-06-13,STR039,PRD00821,2,2784.44,0.0,5568.88,3164.82,UPI,Premium
SAL20250057501,2025-06-25,STR015,PRD01062,1,925.26,0.0,925.26,543.06,Net Banking,Regular
SAL20250057502,2025-06-07,STR019,PRD00450,1,377.7,0.1,339.93,290.54,UPI,Regular
SAL20250057503,2025-06-27,STR001,PRD00927,2,799.32,0.0,1598.64,1169.16,UPI,Premium
SAL20250057504,2025-06-06,STR014,PRD01008,2,227.58,0.0,455.16,284.0,Cash,Regular
SAL20250057505,2025-06-13,STR039,PRD00411,1,779.25,0.0,779.25,631.85,UPI,Regular
SAL20250057506,2025-06-08,STR026,PRD00760,2,4801.08,0.0,9602.16,6345.62,UPI,Regular
SAL20250057507,2025-06-25,STR027,PRD00709,2,232.93,0.0,465.86,306.1,Debit Card,Premium
SAL20250057508,2025-06-17,STR041,PRD00732,1,4150.55,0.0,4150.55,2648.51,Credit Card,Regular
SAL20250057509,2025-06-07,STR023,PRD00672,1,4427.9,0.0,4427.9,3013.84,Debit Card,Regular
SAL20250057510,2025-06-10,STR010,PRD00048,1,26663.85,0.0,26663.85,18297.1,UPI,Walk-in
SAL20250057511,2025-06-13,STR014,PRD00550,2,639.85,0.0,1279.7,729.84,UPI,Walk-in
SAL20250057512,2025-06-03,STR035,PRD00151,1,5709.55,0.0,5709.55,3733.65,Credit Card,Walk-in
SAL20250057513,2025-06-30,STR023,PRD01098,3,1920.11,0.0,5760.33,3368.58,Debit Card,Regular
SAL20250057514,2025-06-30,STR031,PRD00629,1,197.41,0.05,187.54,137.09,Credit Card,Regular
SAL20250057515,2025-06-24,STR016,PRD00826,2,174.23,0.0,348.46,240.4,UPI,Regular
SAL20250057516,2025-06-09,STR024,PRD00761,1,367.88,0.0,367.88,269.21,Debit Card,Walk-in
SAL20250057517,2025-06-10,STR017,PRD00413,3,347.68,0.05,990.89,900.93,Credit Card,Regular
SAL20250057518,2025-06-18,STR026,PRD00570,1,376.39,0.0,376.39,268.57,Cash,Walk-in
SAL20250057519,2025-06-23,STR024,PRD00440,3,366.81,0.0,1100.43,962.49,UPI,Walk-in
SAL20250057520,2025-06-05,STR014,PRD00645,3,456.66,0.0,1369.98,991.26,UPI,Regular
SAL20250057521,2025-06-29,STR022,PRD00987,1,289.9,0.1,260.91,202.35,UPI,Regular
SAL20250057522,2025-06-16,STR007,PRD00503,1,634.01,0.0,634.01,525.79,Credit Card,Regular
SAL20250057523,2025-06-29,STR003,PRD00930,4,4102.13,0.0,16408.52,9461.36,Credit Card,Walk-in
SAL20250057524,2025-06-21,STR004,PRD00424,1,428.73,0.0,428.73,377.24,Credit Card,Regular
SAL20250057525,2025-06-28,STR010,PRD00345,1,670.76,0.05,637.22,393.88,UPI,Walk-in
SAL20250057526,2025-06-18,STR006,PRD01056,2,449.88,0.1,809.78,604.02,Cash,Walk-in
SAL20250057527,2025-06-26,STR023,PRD00681,1,4114.63,0.0,4114.63,2696.18,UPI,Walk-in
SAL20250057528,2025-06-18,STR041,PRD00537,4,133.85,0.0,535.4,315.12,UPI,Regular
SAL20250057529,2025-06-22,STR017,PRD01008,1,227.58,0.0,227.58,142.0,Debit Card,Walk-in
SAL20250057530,2025-06-18,STR013,PRD01013,1,214.89,0.0,214.89,148.24,UPI,Walk-in
SAL20250057531,2025-06-14,STR010,PRD01197,2,2167.83,0.0,4335.66,2322.36,Credit Card,Premium
SAL20250057532,2025-06-24,STR012,PRD00951,1,594.37,0.0,594.37,352.38,UPI,Corporate
SAL20250057533,2025-06-16,STR014,PRD01192,2,7158.24,0.0,14316.48,8131.96,UPI,Premium
SAL20250057534,2025-06-17,STR040,PRD00999,1,1102.59,0.0,1102.59,586.85,Debit Card,Regular
SAL20250057535,2025-06-09,STR012,PRD00968,1,316.7,0.0,316.7,158.76,Credit Card,Walk-in
SAL20250057536,2025-06-03,STR028,PRD00084,1,11056.09,0.0,11056.09,8293.77,Debit Card,Premium
SAL20250057537,2025-06-20,STR017,PRD00797,1,567.41,0.0,567.41,411.41,Cash,Walk-in
SAL20250057538,2025-06-03,STR037,PRD00002,1,1289.58,0.1,1160.62,870.9,UPI,Walk-in
SAL20250057539,2025-06-02,STR033,PRD01068,3,5954.4,0.0,17863.2,10485.6,UPI,Walk-in
SAL20250057540,2025-06-14,STR010,PRD01027,2,412.95,0.0,825.9,451.44,UPI,Walk-in
SAL20250057541,2025-06-23,STR030,PRD01036,5,177.81,0.0,889.05,625.85,UPI,Premium
SAL20250057542,2025-06-08,STR015,PRD01099,1,4242.7,0.0,4242.7,2721.85,Credit Card,Regular
SAL20250057543,2025-06-09,STR007,PRD00011,1,13229.12,0.0,13229.12,9834.69,Cash,Corporate
SAL20250057544,2025-06-30,STR025,PRD00767,3,2122.92,0.0,6368.76,4671.42,UPI,Premium
SAL20250057545,2025-06-13,STR030,PRD00799,4,3907.93,0.0,15631.72,9834.32,UPI,Walk-in
SAL20250057546,2025-06-09,STR006,PRD00771,1,2601.02,0.0,2601.02,1436.13,Credit Card,Walk-in
SAL20250057547,2025-06-20,STR035,PRD00776,1,1145.74,0.1,1031.17,684.76,Credit Card,Regular
SAL20250057548,2025-06-21,STR040,PRD00852,1,1751.61,0.0,1751.61,1214.84,Credit Card,Regular
SAL20250057549,2025-06-12,STR028,PRD01134,1,5914.46,0.0,5914.46,2929.32,UPI,Walk-in
SAL20250057550,2025-06-26,STR005,PRD00098,1,13136.22,0.0,13136.22,10206.01,Credit Card,Walk-in
SAL20250057551,2025-06-20,STR012,PRD01002,2,98.3,0.05,186.77,111.38,Cash,Regular
SAL20250057552,2025-06-18,STR019,PRD00885,2,1948.54,0.0,3897.08,2506.78,Credit Card,Premium
SAL20250055745,2025-06-24,STR018,PRD00161,1,9190.04,0.0,9190.04,7015.28,UPI,Regular
SAL20250057554,2025-06-13,STR027,PRD00522,2,1139.79,0.0,2279.58,1751.66,Cash,Regular
SAL20250057555,2025-06-11,STR014,PRD00598,1,173.87,0.0,173.87,122.49,Debit Card,Walk-in
SAL20250057556,2025-06-02,STR018,PRD00543,1,579.45,0.0,579.45,425.23,Debit Card,Walk-in
SAL20250057557,2025-06-30,STR029,PRD00756,1,3090.95,0.0,3090.95,2208.4,UPI,Walk-in
SAL20250057558,2025-06-10,STR018,PRD00095,1,18324.65,0.0,18324.65,13913.8,UPI,Walk-in
SAL20250057559,2025-06-21,STR010,PRD00731,2,2513.85,0.0,5027.7,3164.1,UPI,Regular
SAL20250057560,2025-06-08,STR006,PRD00065,1,10562.87,0.1,9506.58,8152.93,UPI,Premium
SAL20250057561,2025-06-15,STR039,PRD00196,1,3177.64,0.0,3177.64,2246.88,Cash,Premium
SAL20250057562,2025-06-20,STR023,PRD00726,4,2171.72,0.05,8252.54,5991.4,UPI,Walk-in
SAL20250057563,2025-06-06,STR025,PRD00578,6,577.23,0.0,3463.38,2536.86,UPI,Regular
SAL20250057564,2025-06-09,STR021,PRD01099,2,4242.7,0.0,8485.4,5443.7,UPI,Regular
SAL20250057565,2025-06-17,STR025,PRD00623,3,563.55,0.0,1690.65,1162.98,UPI,Regular
SAL20250057566,2025-06-24,STR011,PRD00051,2,18906.15,0.0,37812.3,27624.36,Debit Card,Walk-in
SAL20250057567,2025-06-12,STR026,PRD00394,1,327.5,0.0,327.5,218.51,Credit Card,Premium
SAL20250057568,2025-06-12,STR005,PRD00556,10,634.75,0.0,6347.5,4709.8,UPI,Regular
SAL20250057569,2025-06-12,STR010,PRD01174,1,4967.43,0.0,4967.43,2664.97,UPI,Walk-in
SAL20250057570,2025-06-08,STR009,PRD00531,4,217.65,0.0,870.6,728.8,UPI,Regular
SAL20250057571,2025-06-23,STR026,PRD00978,1,172.32,0.1,155.09,107.32,Net Banking,Regular
SAL20250057572,2025-06-25,STR006,PRD00837,1,4012.56,0.05,3811.93,2368.64,Credit Card,Walk-in
SAL20250057573,2025-06-08,STR027,PRD01134,1,5914.46,0.0,5914.46,2929.32,Cash,Regular
SAL20250057574,2025-06-16,STR004,PRD00385,1,460.87,0.0,460.87,278.52,Debit Card,Walk-in
SAL20250057575,2025-06-18,STR040,PRD00703,3,940.1,0.0,2820.3,2101.65,UPI,Premium
SAL20250057576,2025-06-16,STR031,PRD00092,1,6575.52,0.0,6575.52,4677.68,Debit Card,Premium
SAL20250057577,2025-06-03,STR008,PRD01160,1,7696.75,0.0,7696.75,3490.84,Debit Card,Walk-in
SAL20250057578,2025-06-18,STR031,PRD00408,1,1017.09,0.0,1017.09,782.92,UPI,Walk-in
SAL20250057579,2025-06-27,STR017,PRD00096,1,1587.91,0.0,1587.91,1154.69,Debit Card,Walk-in
SAL20250057580,2025-06-29,STR013,PRD01024,5,129.44,0.0,647.2,460.5,Credit Card,Premium
SAL20250057581,2025-06-27,STR023,PRD00326,1,1442.32,0.0,1442.32,681.43,UPI,Premium
SAL20250057582,2025-06-13,STR027,PRD00325,1,1273.47,0.0,1273.47,587.01,UPI,Regular
SAL20250057583,2025-06-13,STR007,PRD00660,1,324.23,0.0,324.23,238.04,Credit Card,Regular
SAL20250057584,2025-06-03,STR025,PRD01083,1,8991.53,0.0,8991.53,3921.72,Cash,Premium
SAL20250057585,2025-06-09,STR007,PRD00388,2,522.1,0.1,939.78,512.98,UPI,Walk-in
SAL20250057586,2025-06-07,STR022,PRD01001,6,315.54,0.0,1893.24,1070.22,UPI,Walk-in
SAL20250057587,2025-06-23,STR005,PRD00328,1,1206.9,0.0,1206.9,619.01,Credit Card,Regular
SAL20250057588,2025-06-02,STR002,PRD00964,1,842.84,0.0,842.84,575.19,UPI,Walk-in
SAL20250057589,2025-06-30,STR017,PRD00008,1,14817.35,0.0,14817.35,10393.47,UPI,Regular
SAL20250057590,2025-06-10,STR010,PRD00945,6,871.49,0.0,5228.94,3301.44,Credit Card,Regular
SAL20250057591,2025-06-01,STR029,PRD00553,1,150.28,0.0,150.28,87.11,Credit Card,Premium
SAL20250057592,2025-06-11,STR010,PRD00597,2,765.55,0.0,1531.1,887.64,UPI,Regular
SAL20250057593,2025-06-27,STR001,PRD00272,1,610.52,0.1,549.47,344.72,UPI,Premium
SAL20250057594,2025-06-29,STR038,PRD00660,1,324.23,0.0,324.23,238.04,Debit Card,Regular
SAL20250057595,2025-06-10,STR007,PRD00013,3,17378.5,0.0,52135.5,38586.27,Credit Card,Walk-in
SAL20250057596,2025-06-07,STR040,PRD00565,2,107.78,0.0,215.56,122.96,Net Banking,Walk-in
SAL20250057597,2025-06-01,STR018,PRD01142,1,3878.91,0.0,3878.91,2264.79,Net Banking,Regular
SAL20250057598,2025-06-26,STR009,PRD00287,1,550.08,0.0,550.08,274.34,Credit Card,Premium
SAL20250057599,2025-06-23,STR005,PRD00282,3,705.96,0.0,2117.88,1410.69,Credit Card,Regular
SAL20250057600,2025-06-25,STR034,PRD00659,1,294.97,0.05,280.22,218.84,UPI,Walk-in
SAL20250057601,2025-06-10,STR040,PRD00592,4,365.4,0.0,1461.6,873.16,Net Banking,Premium
SAL20250057602,2025-06-19,STR009,PRD00946,2,937.06,0.05,1780.41,1051.16,UPI,Premium
SAL20250057603,2025-06-11,STR017,PRD00617,1,496.18,0.0,496.18,363.01,UPI,Walk-in
SAL20250057604,2025-06-10,STR007,PRD00394,1,327.5,0.1,294.75,218.51,Net Banking,Premium
SAL20250057605,2025-06-03,STR015,PRD00739,2,2279.96,0.0,4559.92,3082.84,UPI,Walk-in
SAL20250057606,2025-06-24,STR041,PRD00423,5,256.23,0.0,1281.15,1069.5,UPI,Regular
SAL20250057607,2025-06-24,STR024,PRD00794,3,5386.59,0.0,16159.77,9481.29,Debit Card,Regular
SAL20250057608,2025-06-18,STR028,PRD00686,1,3692.38,0.0,3692.38,2113.83,Debit Card,Regular
SAL20250057609,2025-06-11,STR010,PRD01162,1,3657.07,0.0,3657.07,2017.29,Net Banking,Corporate
SAL20250057610,2025-06-11,STR040,PRD01106,2,3135.75,0.0,6271.5,3338.32,Credit Card,Regular
SAL20250057611,2025-06-06,STR013,PRD00914,4,3460.6,0.05,13150.28,8802.88,Cash,Walk-in
SAL20250057612,2025-06-14,STR022,PRD00820,3,2007.6,0.0,6022.8,3531.54,Cash,Walk-in
SAL20250057613,2025-06-30,STR001,PRD00100,1,14294.81,0.0,14294.81,9774.86,Credit Card,Premium
SAL20250057614,2025-06-10,STR038,PRD00314,1,610.16,0.0,610.16,372.41,UPI,Regular
SAL20250057615,2025-06-23,STR035,PRD00237,1,9971.54,0.0,9971.54,6463.12,Cash,Walk-in
SAL20250057616,2025-06-01,STR005,PRD00612,1,287.57,0.1,258.81,212.43,UPI,Walk-in
SAL20250057617,2025-06-01,STR007,PRD01108,2,4924.79,0.0,9849.58,4579.0,UPI,Walk-in
SAL20250057618,2025-06-24,STR033,PRD01180,1,9129.62,0.0,9129.62,4243.81,UPI,Regular
SAL20250057619,2025-06-19,STR032,PRD00545,2,450.85,0.0,901.7,504.9,UPI,Regular
SAL20250057620,2025-06-14,STR013,PRD00748,1,2656.98,0.0,2656.98,1815.38,UPI,Regular
SAL20250057621,2025-06-10,STR037,PRD00745,4,2529.52,0.0,10118.08,7316.72,Credit Card,Regular
SAL20250057622,2025-06-22,STR028,PRD00963,1,93.93,0.0,93.93,63.76,Credit Card,Regular
SAL20250057623,2025-06-10,STR016,PRD00404,1,695.46,0.0,695.46,604.38,Debit Card,Premium
SAL20250057624,2025-06-15,STR014,PRD00755,2,511.82,0.0,1023.64,688.62,UPI,Regular
SAL20250057625,2025-06-20,STR011,PRD00424,2,428.73,0.0,857.46,754.48,Cash,Regular
SAL20250057626,2025-06-13,STR026,PRD01159,1,3270.67,0.1,2943.6,1499.26,Credit Card,Regular
SAL20250057627,2025-06-28,STR014,PRD00307,1,743.28,0.05,706.12,482.82,Debit Card,Regular
SAL20250057628,2025-06-15,STR040,PRD01010,2,762.29,0.1,1372.12,799.04,Cash,Regular
SAL20250057629,2025-06-19,STR007,PRD00139,2,2949.49,0.0,5898.98,3624.72,Credit Card,Walk-in
SAL20250057630,2025-06-21,STR001,PRD00834,2,1440.43,0.0,2880.86,1830.98,Credit Card,Walk-in
SAL20250057631,2025-06-26,STR003,PRD00247,1,8119.57,0.05,7713.59,4992.42,UPI,Regular
SAL20250057632,2025-06-17,STR041,PRD00015,2,3619.87,0.05,6877.75,5863.18,UPI,Regular
SAL20250057633,2025-06-08,STR001,PRD00145,1,2570.9,0.0,2570.9,1687.81,Net Banking,Regular
SAL20250057634,2025-06-11,STR034,PRD00155,1,2214.51,0.1,1993.06,1652.19,Net Banking,Walk-in
SAL20250057635,2025-06-10,STR032,PRD00305,1,1134.36,0.0,1134.36,615.3,Cash,Walk-in
SAL20250057636,2025-06-26,STR027,PRD00911,1,807.88,0.0,807.88,602.2,UPI,Walk-in
SAL20250057637,2025-06-17,STR041,PRD00322,1,839.74,0.0,839.74,587.36,Credit Card,Walk-in
SAL20250057638,2025-06-28,STR023,PRD01119,1,9164.59,0.0,9164.59,4378.4,Credit Card,Walk-in
SAL20250057639,2025-06-03,STR033,PRD00974,1,202.7,0.05,192.56,106.76,Net Banking,Regular
SAL20250057640,2025-06-06,STR038,PRD00231,1,9171.94,0.0,9171.94,6705.09,Debit Card,Walk-in
SAL20250057641,2025-06-18,STR029,PRD01120,4,8969.51,0.0,35878.04,17599.84,Credit Card,Premium
SAL20250057642,2025-06-10,STR024,PRD00324,2,1095.89,0.05,2082.19,1429.82,UPI,Regular
SAL20250057643,2025-06-16,STR009,PRD00954,4,1090.11,0.1,3924.4,2459.84,UPI,Walk-in
SAL20250057644,2025-06-30,STR012,PRD00803,1,2033.91,0.0,2033.91,1224.74,Credit Card,Regular
SAL20250057645,2025-06-06,STR019,PRD00586,1,648.21,0.0,648.21,440.01,Credit Card,Walk-in
SAL20250057646,2025-06-02,STR024,PRD00233,2,9134.67,0.0,18269.34,14209.68,Cash,Regular
SAL20250057647,2025-06-14,STR039,PRD00509,1,888.38,0.0,888.38,674.33,Cash,Regular
SAL20250057648,2025-06-07,STR016,PRD01125,1,3015.8,0.0,3015.8,1423.43,UPI,Premium
SAL20250057649,2025-06-09,STR037,PRD00079,1,19037.37,0.0,19037.37,13485.77,Net Banking,Regular
SAL20250057650,2025-06-27,STR031,PRD01196,1,1369.18,0.0,1369.18,596.89,Credit Card,Regular
SAL20250057651,2025-06-11,STR039,PRD00011,1,13229.12,0.0,13229.12,9834.69,UPI,Regular
SAL20250057652,2025-06-27,STR040,PRD00093,1,12459.16,0.0,12459.16,9704.07,UPI,Walk-in
SAL20250057653,2025-06-12,STR027,PRD00246,1,1945.93,0.1,1751.34,1239.78,UPI,Regular
SAL20250057654,2025-06-27,STR031,PRD00196,1,3177.64,0.0,3177.64,2246.88,Net Banking,Regular
SAL20250057655,2025-06-13,STR010,PRD00813,1,3086.68,0.0,3086.68,2009.41,Credit Card,Walk-in
SAL20250057656,2025-06-25,STR024,PRD01157,1,8076.82,0.0,8076.82,4265.41,Credit Card,Regular
SAL20250057657,2025-06-10,STR005,PRD00994,1,1224.56,0.0,1224.56,633.19,Credit Card,Regular
SAL20250057658,2025-06-28,STR023,PRD00487,3,92.35,0.05,263.2,236.52,UPI,Regular
SAL20250057659,2025-06-10,STR035,PRD00174,1,698.44,0.0,698.44,523.24,Cash,Walk-in
SAL20250057660,2025-06-20,STR020,PRD00258,1,2441.64,0.0,2441.64,1594.77,Credit Card,Walk-in
SAL20250057661,2025-06-09,STR033,PRD00495,3,212.14,0.0,636.42,492.81,Credit Card,Regular
SAL20250057662,2025-06-06,STR012,PRD00255,1,3159.1,0.0,3159.1,2283.27,Cash,Corporate
SAL20250057663,2025-06-26,STR014,PRD01019,1,948.07,0.05,900.67,489.75,Debit Card,Regular
SAL20250057664,2025-06-16,STR027,PRD00326,1,1442.32,0.0,1442.32,681.43,UPI,Walk-in
SAL20250057665,2025-06-14,STR023,PRD00009,1,10580.64,0.0,10580.64,8344.51,Credit Card,Walk-in
SAL20250057666,2025-06-16,STR029,PRD00304,1,1052.14,0.05,999.53,723.81,Credit Card,Regular
SAL20250057667,2025-06-03,STR002,PRD00308,1,373.95,0.0,373.95,260.57,UPI,Walk-in
SAL20250057668,2025-06-21,STR006,PRD00575,1,90.77,0.0,90.77,67.08,Cash,Walk-in
SAL20250057669,2025-06-16,STR017,PRD00689,2,492.79,0.0,985.58,665.66,Cash,Regular
SAL20250057670,2025-06-25,STR016,PRD00784,1,1985.25,0.0,1985.25,1302.04,Credit Card,Premium
SAL20250057671,2025-06-09,STR034,PRD00364,3,296.2,0.1,799.74,587.07,UPI,Corporate
SAL20250057672,2025-06-19,STR007,PRD00927,2,799.32,0.0,1598.64,1169.16,Credit Card,Walk-in
SAL20250057673,2025-06-16,STR013,PRD00825,4,2419.3,0.0,9677.2,5609.96,Debit Card,Premium
SAL20250057674,2025-06-21,STR001,PRD00965,10,67.67,0.05,642.87,484.6,UPI,Walk-in
SAL20250057675,2025-06-03,STR012,PRD00672,4,4427.9,0.05,16826.02,12055.36,UPI,Walk-in
SAL20250057676,2025-06-23,STR008,PRD00456,3,215.04,0.0,645.12,509.97,UPI,Corporate
SAL20250057677,2025-06-05,STR015,PRD00301,2,189.19,0.0,378.38,260.54,UPI,Walk-in
SAL20250057678,2025-06-17,STR009,PRD00408,1,1017.09,0.05,966.24,782.92,Credit Card,Regular
SAL20250057679,2025-06-24,STR027,PRD00818,1,2330.04,0.0,2330.04,1669.14,UPI,Regular
SAL20250057680,2025-06-15,STR030,PRD00505,6,1140.95,0.0,6845.7,5162.82,Debit Card,Premium
SAL20250057681,2025-06-07,STR039,PRD00040,1,26675.54,0.0,26675.54,17487.01,UPI,Regular
SAL20250057682,2025-06-25,STR018,PRD00339,1,831.47,0.0,831.47,498.17,Debit Card,Walk-in
SAL20250057683,2025-06-15,STR022,PRD01175,1,2568.19,0.0,2568.19,1572.7,UPI,Regular
SAL20250057684,2025-06-06,STR041,PRD00233,1,9134.67,0.05,8677.94,7104.84,UPI,Premium
SAL20250057685,2025-06-15,STR001,PRD00019,1,9063.53,0.0,9063.53,6399.55,UPI,Regular
SAL20250057686,2025-06-12,STR026,PRD00358,1,873.37,0.0,873.37,466.67,UPI,Walk-in
SAL20250057687,2025-06-15,STR030,PRD00177,1,10270.98,0.0,10270.98,7398.07,Credit Card,Regular
SAL20250057688,2025-06-17,STR022,PRD00513,3,111.04,0.1,299.81,278.28,Net Banking,Regular
SAL20250057689,2025-06-25,STR030,PRD00452,2,1046.75,0.0,2093.5,1759.3,UPI,Premium
SAL20250057690,2025-06-14,STR010,PRD00650,2,429.23,0.0,858.46,498.62,Credit Card,Regular
SAL20250057691,2025-06-24,STR004,PRD01199,2,6549.57,0.05,12444.18,6793.3,UPI,Regular
SAL20250057692,2025-06-06,STR041,PRD00678,1,3485.6,0.0,3485.6,2254.91,UPI,Regular
SAL20250057693,2025-06-27,STR013,PRD00259,1,1699.09,0.0,1699.09,1233.0,Credit Card,Walk-in
SAL20250057694,2025-06-06,STR022,PRD00984,2,34.1,0.05,64.79,40.04,UPI,Regular
SAL20250057695,2025-06-10,STR008,PRD00259,1,1699.09,0.0,1699.09,1233.0,Cash,Walk-in
SAL20250057696,2025-06-13,STR015,PRD00559,2,674.89,0.0,1349.78,843.12,UPI,Regular
SAL20250057697,2025-06-03,STR002,PRD00529,2,569.27,0.0,1138.54,980.62,UPI,Premium
SAL20250057698,2025-06-15,STR040,PRD01133,1,8197.9,0.05,7788.0,3765.02,Debit Card,Regular
SAL20250057699,2025-06-04,STR013,PRD00366,4,994.61,0.0,3978.44,1898.92,UPI,Premium
SAL20250057700,2025-06-29,STR010,PRD00975,1,912.31,0.0,912.31,598.5,UPI,Regular
SAL20250057701,2025-06-10,STR037,PRD00435,1,718.79,0.0,718.79,584.17,Credit Card,Premium
SAL20250057702,2025-06-08,STR009,PRD00824,1,3034.92,0.0,3034.92,2166.53,Credit Card,Regular
SAL20250057703,2025-06-25,STR022,PRD01121,1,2103.52,0.0,2103.52,974.58,UPI,Regular
SAL20250057704,2025-06-11,STR030,PRD00922,1,953.09,0.1,857.78,628.16,Credit Card,Walk-in
SAL20250057705,2025-06-07,STR038,PRD00008,1,14817.35,0.1,13335.61,10393.47,UPI,Regular
SAL20250057706,2025-06-09,STR026,PRD00386,2,1129.86,0.0,2259.72,1441.56,UPI,Corporate
SAL20250057707,2025-06-01,STR030,PRD01186,1,3042.91,0.0,3042.91,1502.2,Credit Card,Regular
SAL20250057708,2025-06-29,STR005,PRD00707,1,2433.38,0.0,2433.38,1626.72,Credit Card,Walk-in
SAL20250057709,2025-06-01,STR012,PRD01040,1,466.28,0.0,466.28,330.77,UPI,Regular
SAL20250057710,2025-06-10,STR012,PRD00116,1,21256.57,0.0,21256.57,14955.09,Credit Card,Regular
SAL20250057711,2025-06-21,STR035,PRD00456,1,215.04,0.0,215.04,169.99,Cash,Walk-in
SAL20250057712,2025-06-09,STR033,PRD00516,2,653.26,0.0,1306.52,1005.12,UPI,Walk-in
SAL20250057713,2025-06-26,STR030,PRD00819,2,2315.45,0.0,4630.9,3099.0,Cash,Premium
SAL20250057714,2025-06-09,STR015,PRD00491,5,675.67,0.0,3378.35,2633.55,Debit Card,Walk-in
SAL20250057715,2025-06-09,STR001,PRD00534,2,97.09,0.0,194.18,161.18,Credit Card,Walk-in
SAL20250057716,2025-06-17,STR032,PRD00239,1,6180.81,0.0,6180.81,4556.06,UPI,Walk-in
SAL20250057717,2025-06-27,STR021,PRD00759,3,4285.9,0.0,12857.7,7933.74,UPI,Premium
SAL20250057718,2025-06-25,STR015,PRD00706,3,3862.25,0.0,11586.75,7332.03,Net Banking,Regular
SAL20250057719,2025-06-02,STR015,PRD00150,1,1288.03,0.0,1288.03,897.46,UPI,Walk-in
SAL20250057720,2025-06-01,STR026,PRD01003,10,278.9,0.0,2789.0,1463.2,UPI,Walk-in
SAL20250057721,2025-06-16,STR035,PRD00131,1,11948.61,0.0,11948.61,9032.43,UPI,Walk-in
SAL20250057722,2025-06-21,STR024,PRD01090,1,4828.9,0.0,4828.9,3064.56,UPI,Walk-in
SAL20250057723,2025-06-24,STR003,PRD00988,2,774.65,0.05,1471.83,1065.0,UPI,Walk-in
SAL20250057724,2025-06-18,STR007,PRD00278,1,439.84,0.0,439.84,292.07,Credit Card,Regular
SAL20250057725,2025-06-03,STR039,PRD00149,1,3024.83,0.0,3024.83,2041.86,UPI,Regular
SAL20250057726,2025-06-10,STR007,PRD00722,2,2039.88,0.05,3875.77,2341.7,Credit Card,Regular
SAL20250057727,2025-06-17,STR026,PRD00388,1,522.1,0.0,522.1,256.49,Cash,Walk-in
SAL20250057728,2025-06-23,STR036,PRD00856,1,1871.17,0.0,1871.17,1212.57,UPI,Walk-in
SAL20250057729,2025-06-02,STR041,PRD00895,2,472.54,0.0,945.08,594.8,UPI,Regular
SAL20250057730,2025-06-07,STR026,PRD00471,2,607.66,0.0,1215.32,990.7,UPI,Regular
SAL20250057731,2025-06-19,STR030,PRD00167,1,8410.2,0.0,8410.2,5523.21,UPI,Regular
SAL20250057732,2025-06-04,STR003,PRD01071,1,5607.68,0.0,5607.68,3412.0,Cash,Walk-in
SAL20250057733,2025-06-30,STR005,PRD00868,1,1450.33,0.0,1450.33,912.21,UPI,Regular
SAL20250057734,2025-06-20,STR003,PRD01009,4,52.33,0.1,188.39,117.56,Debit Card,Walk-in
SAL20250057735,2025-06-18,STR003,PRD01106,1,3135.75,0.0,3135.75,1669.16,UPI,Regular
SAL20250057736,2025-06-21,STR025,PRD00058,2,3380.1,0.0,6760.2,5137.0,Cash,Regular
SAL20250057737,2025-06-25,STR020,PRD00782,1,3353.32,0.0,3353.32,1957.52,UPI,Walk-in
SAL20250057738,2025-06-30,STR002,PRD00344,2,702.67,0.05,1335.07,867.2,UPI,Walk-in
SAL20250057739,2025-06-14,STR031,PRD00484,2,678.16,0.0,1356.32,1135.08,UPI,Walk-in
SAL20250057740,2025-06-04,STR041,PRD00270,1,1213.51,0.05,1152.83,769.06,UPI,Walk-in
SAL20250057741,2025-06-02,STR022,PRD00236,1,5591.1,0.0,5591.1,3989.78,Cash,Corporate
SAL20250057742,2025-06-28,STR035,PRD00563,1,667.75,0.0,667.75,433.56,UPI,Corporate
SAL20250057743,2025-06-05,STR034,PRD00616,1,565.82,0.0,565.82,314.13,UPI,Regular
SAL20250057744,2025-06-08,STR035,PRD00724,1,2856.14,0.05,2713.33,1594.41,Debit Card,Walk-in
SAL20250057745,2025-06-03,STR031,PRD00191,1,7660.03,0.0,7660.03,5198.25,Debit Card,Regular
SAL20250057746,2025-06-27,STR006,PRD00800,1,478.19,0.0,478.19,324.59,Credit Card,Regular
SAL20250057747,2025-06-02,STR013,PRD00582,1,535.32,0.0,535.32,385.0,Debit Card,Walk-in
SAL20250057748,2025-06-09,STR008,PRD00608,3,314.95,0.05,897.61,702.42,UPI,Regular
SAL20250057749,2025-06-03,STR037,PRD01163,2,6199.15,0.0,12398.3,7432.12,UPI,Walk-in
SAL20250057750,2025-06-26,STR041,PRD01100,1,6765.12,0.0,6765.12,4080.87,UPI,Premium
SAL20250057751,2025-06-15,STR039,PRD00199,2,1863.27,0.0,3726.54,2670.6,Cash,Walk-in
SAL20250057752,2025-06-16,STR002,PRD01031,2,1036.47,0.0,2072.94,1046.74,Credit Card,Walk-in
SAL20250057753,2025-06-03,STR025,PRD00517,6,252.82,0.05,1441.07,1218.18,Credit Card,Corporate
SAL20250057754,2025-06-11,STR028,PRD00625,3,629.94,0.0,1889.82,1298.73,UPI,Regular
SAL20250057755,2025-06-12,STR028,PRD00513,2,111.04,0.0,222.08,185.52,Debit Card,Walk-in
SAL20250057756,2025-06-10,STR029,PRD00569,1,219.4,0.0,219.4,143.3,Credit Card,Corporate
SAL20250057757,2025-06-24,STR038,PRD00168,1,8820.25,0.0,8820.25,6611.06,UPI,Regular
SAL20250057758,2025-06-01,STR002,PRD00675,1,1206.06,0.0,1206.06,758.43,UPI,Walk-in
SAL20250057759,2025-06-15,STR018,PRD00035,2,7229.47,0.05,13735.99,9778.56,UPI,Regular
SAL20250057760,2025-06-29,STR029,PRD00300,1,1106.33,0.0,1106.33,601.1,Credit Card,Regular
SAL20250057761,2025-06-23,STR012,PRD00703,1,940.1,0.0,940.1,700.55,Net Banking,Regular
SAL20250057762,2025-06-15,STR040,PRD00843,2,1073.63,0.05,2039.9,1378.92,Cash,Regular
SAL20250057763,2025-06-20,STR026,PRD00523,2,773.23,0.0,1546.46,1312.28,UPI,Walk-in
SAL20250057764,2025-06-20,STR006,PRD00716,1,1780.84,0.0,1780.84,1007.46,Cash,Regular
SAL20250057765,2025-06-03,STR021,PRD00588,2,125.09,0.0,250.18,180.78,Cash,Regular
SAL20250057766,2025-06-02,STR011,PRD00352,1,930.67,0.1,837.6,596.9,Credit Card,Corporate
SAL20250057767,2025-06-07,STR020,PRD00841,3,1965.17,0.0,5895.51,4014.78,UPI,Regular
SAL20250057768,2025-06-14,STR020,PRD00788,1,3329.23,0.0,3329.23,2105.2,Debit Card,Regular
SAL20250057769,2025-06-03,STR015,PRD00563,3,667.75,0.0,2003.25,1300.68,UPI,Walk-in
SAL20250057770,2025-06-30,STR004,PRD01128,2,2522.35,0.0,5044.7,2881.36,Cash,Regular
SAL20250057771,2025-06-20,STR023,PRD00496,2,1047.75,0.0,2095.5,1804.88,UPI,Walk-in
SAL20250057772,2025-06-28,STR030,PRD00629,6,197.41,0.0,1184.46,822.54,UPI,Walk-in
SAL20250057773,2025-06-20,STR027,PRD00503,5,634.01,0.0,3170.05,2628.95,Credit Card,Regular
SAL20250057774,2025-06-14,STR003,PRD00699,1,2305.84,0.0,2305.84,1522.28,Net Banking,Walk-in
SAL20250057775,2025-06-07,STR036,PRD00893,1,963.04,0.0,963.04,603.05,UPI,Premium
SAL20250057776,2025-06-23,STR017,PRD00086,1,22194.93,0.0,22194.93,15176.58,UPI,Walk-in
SAL20250057777,2025-06-28,STR014,PRD00363,1,1443.62,0.05,1371.44,690.35,UPI,Regular
SAL20250057778,2025-06-15,STR028,PRD00385,1,460.87,0.0,460.87,278.52,UPI,Walk-in
SAL20250057779,2025-06-09,STR014,PRD00990,2,577.78,0.0,1155.56,701.58,UPI,Premium
SAL20250057780,2025-06-08,STR036,PRD00468,1,180.53,0.0,180.53,148.32,UPI,Regular
SAL20250057781,2025-06-26,STR016,,1,3694.12,0.0,3694.12,2694.72,Debit Card,Regular
SAL20250057782,2025-06-13,STR019,PRD01105,2,2498.16,0.0,4996.32,3017.04,Net Banking,Regular
SAL20250057783,2025-06-09,STR026,PRD00458,2,587.81,0.0,1175.62,891.84,Credit Card,Walk-in
SAL20250057784,2025-06-30,STR026,PRD00463,1,933.21,0.0,933.21,747.47,UPI,Walk-in
SAL20250057785,2025-06-08,STR039,PRD00770,2,1474.46,0.05,2801.47,2180.78,Debit Card,Walk-in
SAL20250057786,2025-06-16,STR021,PRD01076,2,4373.35,0.0,8746.7,5191.1,Credit Card,Walk-in
SAL20250057787,2025-06-25,STR027,PRD00308,2,373.95,0.0,747.9,521.14,UPI,Premium
SAL20250057788,2025-06-03,STR010,PRD00670,1,3171.53,0.1,2854.38,1914.92,UPI,Regular
SAL20250057789,2025-06-13,STR041,PRD00554,6,805.55,0.0,4833.3,2798.46,Credit Card,Premium
SAL20250057790,2025-06-22,STR006,PRD00121,1,13928.8,0.0,13928.8,9332.33,Cash,Regular
SAL20250057791,2025-06-11,STR006,PRD00955,2,608.44,0.0,1216.88,821.8,Credit Card,Regular
SAL20250057792,2025-06-21,STR034,PRD00383,2,216.69,0.0,433.38,271.48,Credit Card,Walk-in
SAL20250057793,2025-06-21,STR036,PRD00967,2,44.43,0.0,88.86,57.08,Cash,Regular
SAL20250057794,2025-06-01,STR026,PRD01194,1,6442.41,0.05,6120.29,3885.18,UPI,Walk-in
SAL20250057795,2025-06-10,STR040,PRD00318,4,184.33,0.0,737.32,475.08,Credit Card,Walk-in
SAL20250057796,2025-06-12,STR001,PRD00095,1,18324.65,0.0,18324.65,13913.8,Credit Card,Premium
SAL20250057797,2025-06-24,STR034,PRD00101,1,2548.25,0.0,2548.25,1803.25,Credit Card,Premium
SAL20250057798,2025-06-17,STR035,PRD00647,5,284.75,0.1,1281.38,945.35,UPI,Regular
SAL20250057799,2025-06-16,STR020,PRD01025,5,56.45,0.0,282.25,150.75,Net Banking,Regular
SAL20250057800,2025-06-20,STR021,PRD00506,2,725.03,0.0,1450.06,1158.2,Credit Card,Premium
SAL20250057801,2025-06-29,STR017,PRD00965,1,67.67,0.0,67.67,48.46,UPI,Walk-in
SAL20250057802,2025-06-10,STR037,PRD00058,1,3380.1,0.0,3380.1,2568.5,Credit Card,Regular
SAL20250057803,2025-06-23,STR022,PRD00758,1,4375.02,0.0,4375.02,3168.27,UPI,Regular
SAL20250057804,2025-06-02,STR029,PRD00399,1,1354.99,0.0,1354.99,647.13,UPI,Regular
SAL20250057805,2025-06-28,STR004,PRD00414,3,546.79,0.1,1476.33,1275.96,UPI,Walk-in
SAL20250057806,2025-06-21,STR027,PRD00915,1,703.59,0.0,703.59,463.15,UPI,Premium
SAL20250057807,2025-06-04,STR031,PRD00078,1,9036.37,0.0,9036.37,6491.36,Cash,Regular
SAL20250057808,2025-06-06,STR025,PRD01089,1,8670.13,0.0,8670.13,3797.02,Debit Card,Regular
SAL20250057809,2025-06-06,STR022,PRD00629,2,197.41,0.0,394.82,274.18,UPI,Walk-in
SAL20250057810,2025-06-24,STR002,PRD01117,3,2651.1,0.0,7953.3,4340.4,Credit Card,Regular
SAL20250057811,2025-06-05,STR032,PRD00240,1,10596.37,0.0,10596.37,7390.73,UPI,Regular
SAL20250057812,2025-06-08,STR003,PRD00547,5,105.91,0.0,529.55,381.35,UPI,Walk-in
SAL20250057813,2025-06-10,STR030,PRD00885,1,1948.54,0.1,1753.69,1253.39,UPI,Regular
SAL20250057814,2025-06-11,STR006,PRD01127,3,730.99,0.0,2192.97,958.17,Debit Card,Regular
SAL20250054989,2025-06-01,STR008,PRD00056,1,11452.31,0.0,11452.31,8581.01,UPI,Regular
SAL20250057816,2025-06-30,STR024,PRD00905,1,2497.02,0.1,2247.32,1532.88,Cash,Regular
SAL20250057817,2025-06-24,STR021,PRD00782,1,3353.32,0.05,3185.65,1957.52,Net Banking,Walk-in
SAL20250057818,2025-06-28,STR029,PRD01088,1,4543.5,0.0,4543.5,1992.55,Credit Card,Regular
SAL20250057819,2025-06-13,STR001,PRD00421,5,579.98,0.0,2899.9,2432.5,Credit Card,Corporate
SAL20250057820,2025-06-20,STR022,PRD00161,1,9190.04,0.0,9190.04,7015.28,Credit Card,Walk-in
SAL20250057821,2025-06-06,STR022,PRD00912,1,532.47,0.0,532.47,306.3,UPI,Walk-in
SAL20250057822,2025-06-17,STR036,PRD00701,4,4774.16,0.0,19096.64,12253.04,Cash,Walk-in
SAL20250057823,2025-06-29,STR020,PRD00674,1,2861.74,0.0,2861.74,1590.59,Debit Card,Walk-in
SAL20250057824,2025-06-08,STR014,PRD00918,1,2741.1,0.0,2741.1,1987.44,Credit Card,Premium
SAL20250057825,2025-06-24,STR041,PRD00197,1,4849.89,0.0,4849.89,3779.03,Credit Card,Walk-in
SAL20250057826,2025-06-12,STR021,PRD00283,1,917.06,0.1,825.35,431.47,UPI,Walk-in
SAL20250057827,2025-06-19,STR028,PRD00211,1,6731.6,0.05,6395.02,4925.05,Debit Card,Regular
SAL20250057828,2025-06-10,STR019,PRD00197,1,4849.89,0.0,4849.89,3779.03,UPI,Walk-in
SAL20250057829,2025-06-27,STR023,PRD00924,2,261.16,0.0,522.32,389.0,UPI,Walk-in
SAL20250057830,2025-06-19,STR039,PRD00260,2,8853.62,0.0,17707.24,11215.74,UPI,Walk-in
SAL20250057831,2025-06-17,STR040,PRD00486,1,161.3,0.0,161.3,123.55,UPI,Regular
SAL20250057832,2025-06-30,STR037,PRD00103,2,4104.09,0.0,8208.18,5882.9,UPI,Regular
SAL20250057833,2025-06-24,STR002,PRD00040,1,26675.54,0.0,26675.54,17487.01,Debit Card,Walk-in
SAL20250057834,2025-06-19,STR026,PRD01095,1,4795.88,0.0,4795.88,2620.97,Debit Card,Regular
SAL20250057835,2025-06-17,STR011,PRD00738,1,984.8,0.1,886.32,687.04,UPI,Walk-in
SAL20250057836,2025-06-30,STR008,PRD00974,4,202.7,0.0,810.8,427.04,UPI,Walk-in
SAL20250057837,2025-06-18,STR031,PRD00087,1,23253.22,0.0,23253.22,15702.94,Credit Card,Regular
SAL20250057838,2025-06-18,STR025,PRD00957,3,157.86,0.05,449.9,283.65,UPI,Walk-in
SAL20250057839,2025-06-18,STR026,PRD00175,1,11344.22,0.0,11344.22,7434.87,UPI,Regular
SAL20250057840,2025-06-19,STR027,PRD00887,1,2006.5,0.0,2006.5,1169.69,Debit Card,Walk-in
SAL20250057841,2025-06-11,STR038,PRD00771,2,2601.02,0.0,5202.04,2872.26,Net Banking,Walk-in
SAL20250057842,2025-06-08,STR020,PRD00376,1,1476.13,0.0,1476.13,682.99,Cash,Corporate
SAL20250057843,2025-06-13,STR028,PRD00332,3,556.82,0.0,1670.46,818.79,UPI,Regular
SAL20250057844,2025-06-15,STR017,PRD00560,2,314.33,0.0,628.66,437.58,Credit Card,Walk-in
SAL20250057845,2025-06-16,STR010,PRD00121,1,13928.8,0.1,12535.92,9332.33,UPI,Premium
SAL20250057846,2025-06-20,STR001,PRD00610,6,637.82,0.0,3826.92,2482.38,UPI,Premium
SAL20250057847,2025-06-15,STR026,PRD00370,1,676.23,0.0,676.23,451.33,Debit Card,Walk-in
SAL20250057848,2025-06-02,STR014,PRD01011,1,265.01,0.05,251.76,149.69,Credit Card,Regular
SAL20250057849,2025-06-29,STR024,PRD00870,1,2808.24,0.0,2808.24,1618.68,UPI,Walk-in
SAL20250057850,2025-06-25,STR008,PRD00186,1,7826.08,0.0,7826.08,5124.89,UPI,Walk-in
SAL20250057851,2025-06-12,STR029,PRD00190,1,12169.57,0.0,12169.57,7955.32,Credit Card,Regular
SAL20250057852,2025-06-05,STR039,PRD00597,1,765.55,0.0,765.55,443.82,Debit Card,Premium
SAL20250057853,2025-06-02,STR014,PRD01083,2,8991.53,0.05,17083.91,7843.44,Credit Card,Regular
SAL20250057854,2025-06-16,STR005,PRD01157,2,8076.82,0.0,16153.64,8530.82,UPI,Regular
SAL20250057855,2025-06-15,STR018,PRD00562,4,671.35,0.0,2685.4,1885.88,Credit Card,Regular
SAL20250057856,2025-06-04,STR004,PRD00360,1,505.68,0.0,505.68,239.22,UPI,Regular
SAL20250057857,2025-06-13,STR038,PRD00070,2,15101.4,0.0,30202.8,22076.02,UPI,Walk-in
SAL20250057858,2025-06-13,STR040,PRD00874,2,3195.38,0.0,6390.76,4664.96,UPI,Premium
SAL20250057859,2025-06-10,STR004,PRD00389,1,1606.86,0.0,1606.86,739.96,UPI,Premium
SAL20250057860,2025-06-29,STR029,PRD00344,2,702.67,0.0,1405.34,867.2,Debit Card,Walk-in
SAL20250057861,2025-06-09,STR032,PRD00935,1,821.43,0.0,821.43,586.1,Debit Card,Walk-in
SAL20250057862,2025-06-05,STR040,PRD00309,1,1344.75,0.0,1344.75,637.15,Credit Card,Premium
SAL20250057863,2025-06-05,STR007,PRD00900,1,3167.3,0.0,3167.3,1961.05,UPI,Regular
SAL20250057864,2025-06-21,STR003,PRD00140,1,6378.06,0.0,6378.06,4851.7,UPI,Walk-in
SAL20250057865,2025-06-27,STR030,PRD00702,1,1394.73,0.0,1394.73,988.64,Cash,Corporate
SAL20250057866,2025-06-30,STR027,PRD01126,1,2931.04,0.0,2931.04,1651.37,UPI,Regular
SAL20250057867,2025-06-15,STR015,PRD00976,2,1125.69,0.0,2251.38,1165.22,UPI,Walk-in
SAL20250057868,2025-06-24,STR025,PRD00008,2,14817.35,0.1,26671.23,20786.94,Cash,Regular
SAL20250057869,2025-06-21,STR005,PRD00562,1,671.35,0.1,604.22,471.47,UPI,Regular
SAL20250057870,2025-06-03,STR028,PRD00460,1,816.3,0.0,816.3,667.77,UPI,Walk-in
SAL20250057871,2025-06-23,STR022,PRD00713,1,4061.86,0.0,4061.86,2937.76,Credit Card,Walk-in
SAL20250057872,2025-06-07,STR020,PRD01123,2,3145.87,0.05,5977.15,3804.52,UPI,Premium
SAL20250057873,2025-06-16,STR008,PRD00914,1,3460.6,0.0,3460.6,2200.72,UPI,Walk-in
SAL20250057874,2025-06-08,STR022,PRD00629,1,197.41,0.1,177.67,137.09,Cash,Walk-in
SAL20250057875,2025-06-29,STR011,PRD00053,1,3304.53,0.0,3304.53,2309.51,UPI,Premium
SAL20250057876,2025-06-02,STR039,PRD00706,2,3862.25,0.0,7724.5,4888.02,Credit Card,Regular
SAL20250057877,2025-06-25,STR017,PRD00158,1,3798.87,0.0,3798.87,2582.44,Net Banking,Regular
SAL20250057878,2025-06-11,STR032,PRD00089,1,24330.95,0.05,23114.4,18400.64,UPI,Walk-in
SAL20250057879,2025-06-12,STR035,PRD01120,1,8969.51,0.0,8969.51,4399.96,Cash,Premium
SAL20250057880,2025-06-09,STR034,PRD01097,4,4205.24,0.0,16820.96,8217.0,UPI,Corporate
SAL20250057881,2025-06-25,STR038,PRD01119,1,9164.59,0.0,9164.59,4378.4,Cash,Regular
SAL20250057882,2025-06-12,STR010,PRD00121,1,13928.8,0.05,13232.36,9332.33,UPI,Walk-in
SAL20250057883,2025-06-09,STR028,PRD00319,1,746.89,0.0,746.89,463.81,Debit Card,Premium
SAL20250057884,2025-06-24,STR014,PRD00378,1,667.36,0.05,633.99,365.54,Cash,Premium
SAL20250057885,2025-06-28,STR023,PRD00457,2,726.05,0.0,1452.1,1098.78,Debit Card,Walk-in
SAL20250057886,2025-06-08,STR011,PRD00456,2,215.04,0.0,430.08,339.98,Cash,Corporate
SAL20250057887,2025-06-07,STR031,PRD00099,1,19924.5,0.0,19924.5,14858.06,Debit Card,Walk-in
SAL20250057888,2025-06-23,STR037,PRD00088,1,22406.29,0.0,22406.29,17527.4,Net Banking,Regular
SAL20250057889,2025-06-05,STR030,PRD00807,1,667.9,0.0,667.9,429.52,UPI,Regular
SAL20250057890,2025-06-05,STR018,PRD00181,1,4428.73,0.0,4428.73,3239.36,Debit Card,Walk-in
SAL20250057891,2025-06-08,STR002,PRD01024,3,129.44,0.1,349.49,276.3,Debit Card,Regular
SAL20250057892,2025-06-07,STR007,PRD01162,1,3657.07,0.0,3657.07,2017.29,Debit Card,Premium
SAL20250057893,2025-06-30,STR001,PRD00244,1,9135.72,0.0,9135.72,5766.93,UPI,Corporate
SAL20250057894,2025-06-07,STR021,PRD00421,1,579.98,0.0,579.98,486.5,UPI,Regular
SAL20250057895,2025-06-07,STR001,PRD00233,1,9134.67,0.0,9134.67,7104.84,UPI,Premium
SAL20250057896,2025-06-01,STR029,PRD00200,1,1880.51,0.0,1880.51,1363.43,Debit Card,Premium
SAL20250057897,2025-06-03,STR037,PRD00184,1,3565.48,0.0,3565.48,2588.7,Debit Card,Premium
SAL20250057898,2025-06-08,STR028,PRD00475,2,749.71,0.0,1499.42,1137.92,Cash,Walk-in
SAL20250057899,2025-06-11,STR023,PRD00367,1,450.03,0.0,450.03,246.78,Cash,Walk-in
SAL20250057900,2025-06-10,STR031,PRD00003,1,810.89,0.0,810.89,534.24,Credit Card,Regular
SAL20250057901,2025-06-26,STR029,PRD00968,10,316.7,0.0,3167.0,1587.6,UPI,Regular
SAL20250057902,2025-06-13,STR030,PRD00947,3,413.13,0.0,1239.39,624.06,UPI,Walk-in
SAL20250057903,2025-06-06,STR033,PRD00546,4,854.43,0.1,3075.95,1895.6,Credit Card,Walk-in
SAL20250057904,2025-06-20,STR009,PRD00838,2,1522.8,0.0,3045.6,2093.7,UPI,Regular
SAL20250057905,2025-06-23,STR007,PRD01148,1,584.33,0.0,584.33,241.48,Net Banking,Regular
SAL20250057906,2025-06-20,STR025,PRD00938,1,622.57,0.05,591.44,327.33,UPI,Regular
SAL20250057907,2025-06-21,STR008,PRD01192,1,7158.24,0.0,7158.24,4065.98,UPI,Walk-in
SAL20250057908,2025-06-30,STR029,PRD00199,1,1863.27,0.0,1863.27,1335.3,UPI,Walk-in
SAL20250057909,2025-06-06,STR027,PRD00691,2,1815.13,0.0,3630.26,2299.86,UPI,Premium
SAL20250057910,2025-06-05,STR022,PRD00696,1,1599.77,0.0,1599.77,1080.02,UPI,Regular
SAL20250057911,2025-06-29,STR019,PRD00775,1,3571.78,0.0,3571.78,1976.55,Credit Card,Regular
SAL20250057912,2025-06-17,STR026,PRD00928,1,2503.87,0.0,2503.87,1812.53,UPI,Walk-in
SAL20250057913,2025-06-19,STR019,PRD00616,1,565.82,0.0,565.82,314.13,Cash,Premium
SAL20250057914,2025-06-09,STR034,PRD00680,1,3900.49,0.1,3510.44,2805.0,Credit Card,Regular
SAL20250057915,2025-06-12,STR026,PRD00877,1,1728.24,0.1,1555.42,1211.91,UPI,Walk-in
SAL20250057916,2025-06-12,STR040,PRD01166,1,3220.85,0.05,3059.81,1660.43,UPI,Walk-in
SAL20250057917,2025-06-28,STR021,PRD00093,1,12459.16,0.1,11213.24,9704.07,UPI,Regular
SAL20250057918,2025-06-16,STR007,PRD00059,1,15692.67,0.05,14908.04,12269.76,Credit Card,Regular
SAL20250057919,2025-06-10,STR014,PRD00112,1,3948.48,0.0,3948.48,3127.23,Debit Card,Walk-in
SAL20250057920,2025-06-01,STR023,PRD00210,1,8463.87,0.0,8463.87,5533.2,Credit Card,Regular
SAL20250057921,2025-06-03,STR014,PRD01124,2,4813.39,0.0,9626.78,4355.5,Debit Card,Walk-in
SAL20250057922,2025-06-16,STR024,PRD00505,1,1140.95,0.0,1140.95,860.47,Credit Card,Corporate
SAL20250057923,2025-06-26,STR009,PRD00347,2,1133.22,0.0,2266.44,1338.52,Credit Card,Regular
SAL20250057924,2025-06-15,STR009,PRD00471,1,607.66,0.0,607.66,495.35,UPI,Walk-in
SAL20250057925,2025-06-01,STR019,PRD01124,1,4813.39,0.0,4813.39,2177.75,Debit Card,Walk-in
SAL20250057926,2025-06-11,STR006,PRD00340,4,956.64,0.0,3826.56,2224.32,UPI,Regular
SAL20250057927,2025-06-06,STR030,PRD00825,2,2419.3,0.1,4354.74,2804.98,UPI,Walk-in
SAL20250057928,2025-06-28,STR002,PRD00815,4,2750.26,0.0,11001.04,7390.36,Debit Card,Regular
SAL20250057929,2025-06-15,STR021,PRD00461,3,198.22,0.0,594.66,508.35,UPI,Premium
SAL20250057930,2025-06-05,STR021,PRD00441,1,853.01,0.0,853.01,707.08,UPI,Regular
SAL20250057931,2025-06-10,STR017,PRD00514,1,1177.91,0.0,1177.91,914.33,UPI,Walk-in
SAL20250057932,2025-06-01,STR036,PRD01164,1,2114.79,0.0,2114.79,1108.71,Credit Card,Regular
SAL20250057933,2025-06-23,STR031,PRD00735,1,2710.38,0.0,2710.38,1616.28,UPI,Walk-in
SAL20250057934,2025-06-24,STR014,PRD00300,2,1106.33,0.0,2212.66,1202.2,UPI,Regular
SAL20250057935,2025-06-03,STR014,PRD00696,1,1599.77,0.0,1599.77,1080.02,Credit Card,Walk-in
SAL20250057936,2025-06-07,STR026,PRD00879,2,2290.26,0.0,4580.52,3228.46,Credit Card,Regular
SAL20250057937,2025-06-08,STR023,PRD01085,1,7889.14,0.0,7889.14,4136.29,UPI,Regular
SAL20250057938,2025-06-05,STR039,PRD00796,1,462.4,0.0,462.4,329.9,UPI,Regular
SAL20250057939,2025-06-24,STR021,PRD00078,1,9036.37,0.0,9036.37,6491.36,Debit Card,Regular
SAL20250057940,2025-06-16,STR016,PRD00365,1,693.15,0.1,623.84,448.69,Credit Card,Premium
SAL20250057941,2025-06-23,STR017,PRD00845,1,2226.26,0.05,2114.95,1523.41,Debit Card,Regular
SAL20250057942,2025-06-17,STR013,PRD00154,1,614.66,0.0,614.66,476.92,Credit Card,Regular
SAL20250057943,2025-06-24,STR002,PRD00399,2,1354.99,0.0,2709.98,1294.26,Credit Card,Walk-in
SAL20250057944,2025-06-12,STR002,PRD00450,2,377.7,0.0,755.4,581.08,UPI,Regular
SAL20250057945,2025-06-05,STR027,PRD00810,1,406.14,0.1,365.53,261.1,UPI,Walk-in
SAL20250057946,2025-06-27,STR010,PRD00011,1,13229.12,0.0,13229.12,9834.69,UPI,Walk-in
SAL20250057947,2025-06-24,STR033,PRD00103,1,4104.09,0.0,4104.09,2941.45,UPI,Walk-in
SAL20250057948,2025-06-26,STR007,PRD00965,1,67.67,0.0,67.67,48.46,Credit Card,Walk-in
SAL20250057949,2025-06-11,STR038,PRD01147,2,6760.77,0.0,13521.54,7726.56,UPI,Walk-in
SAL20250057950,2025-06-23,STR017,PRD00931,1,1839.81,0.1,1655.83,1246.88,UPI,Regular
SAL20250057951,2025-06-22,STR030,PRD00716,2,1780.84,0.0,3561.68,2014.92,UPI,Regular
SAL20250057952,2025-06-22,STR003,PRD00669,1,3235.01,0.0,3235.01,1886.76,Credit Card,Premium
SAL20250057953,2025-06-01,STR029,PRD00647,2,284.75,0.0,569.5,378.14,UPI,Regular
SAL20250057954,2025-06-25,STR011,PRD00248,1,9547.84,0.0,9547.84,6877.51,UPI,Walk-in
SAL20250057955,2025-06-25,STR016,PRD00372,1,542.7,0.0,542.7,275.98,Cash,Premium
SAL20250057956,2025-06-03,STR017,PRD01019,3,948.07,0.0,2844.21,1469.25,Cash,Premium
SAL20250057957,2025-06-28,STR003,PRD01045,3,910.12,0.0,2730.36,1413.72,UPI,Regular
SAL20250057958,2025-06-03,STR034,PRD00800,1,478.19,0.0,478.19,324.59,UPI,Regular
SAL20250057959,2025-06-05,STR034,PRD00793,1,2445.38,0.0,2445.38,1405.41,Credit Card,Regular
SAL20250057960,2025-06-03,STR025,PRD00392,2,436.74,0.1,786.13,484.56,UPI,Walk-in
SAL20250057961,2025-06-15,STR007,PRD01126,1,2931.04,0.0,2931.04,1651.37,UPI,Premium
SAL20250057962,2025-06-23,STR034,PRD00279,2,704.62,0.0,1409.24,891.84,Debit Card,Premium
SAL20250057963,2025-06-21,STR002,PRD00455,1,683.36,0.0,683.36,563.47,Cash,Regular
SAL20250057964,2025-06-21,STR040,PRD00310,1,607.97,0.1,547.17,303.74,Net Banking,Regular
SAL20250057965,2025-06-27,STR029,PRD00025,1,2348.16,0.0,2348.16,1617.05,Net Banking,Premium
SAL20250057966,2025-06-08,STR008,PRD00350,1,1107.22,0.0,1107.22,735.62,Credit Card,Walk-in
SAL20250057967,2025-06-11,STR016,PRD00123,1,7408.15,0.05,7037.74,5588.12,Credit Card,Premium
SAL20250057968,2025-06-20,STR041,PRD00180,1,3550.84,0.1,3195.76,2526.78,Debit Card,Regular
SAL20250057969,2025-06-29,STR039,PRD00409,3,950.85,0.1,2567.3,2214.33,UPI,Regular
SAL20250057970,2025-06-24,STR022,PRD00502,2,721.0,0.0,1442.0,1257.44,Debit Card,Regular
SAL20250057971,2025-06-07,STR013,PRD00914,2,3460.6,0.0,6921.2,4401.44,Debit Card,Corporate
SAL20250057972,2025-06-11,STR018,PRD00439,1,122.61,0.0,122.61,95.61,Cash,Walk-in
SAL20250057973,2025-06-18,STR020,PRD00338,1,1223.61,0.0,1223.61,688.23,UPI,Walk-in
SAL20250057974,2025-06-15,STR031,PRD00992,3,439.67,0.0,1319.01,672.51,UPI,Walk-in
SAL20250057975,2025-06-01,STR030,PRD00156,1,1591.76,0.0,1591.76,1231.95,UPI,Regular
SAL20250057976,2025-06-04,STR002,PRD00722,2,2039.88,0.0,4079.76,2341.7,UPI,Walk-in
SAL20250057977,2025-06-28,STR031,PRD01137,1,2009.09,0.05,1908.64,1074.27,UPI,Walk-in
SAL20250057978,2025-06-06,STR037,PRD00604,4,254.69,0.0,1018.76,607.6,Cash,Walk-in
SAL20250057979,2025-06-28,STR005,PRD00435,5,718.79,0.0,3593.95,2920.85,UPI,Walk-in
SAL20250057980,2025-06-19,STR032,PRD00976,1,1125.69,0.0,1125.69,582.61,UPI,Regular
SAL20250057981,2025-06-12,STR034,PRD00518,3,1000.64,0.05,2851.82,2305.29,UPI,Regular
SAL20250057982,2025-06-22,STR014,PRD00890,1,891.3,0.0,891.3,535.93,Debit Card,Regular
SAL20250057983,2025-06-27,STR005,PRD00045,3,17414.18,0.0,52242.54,41466.54,Credit Card,Walk-in
SAL20250057984,2025-06-15,STR029,PRD00495,1,212.14,0.0,212.14,164.27,UPI,Walk-in
SAL20250057985,2025-06-18,STR031,PRD00696,1,1599.77,0.0,1599.77,1080.02,Debit Card,Walk-in
SAL20250057986,2025-06-07,STR004,PRD00815,1,2750.26,0.1,2475.23,1847.59,Debit Card,Walk-in
SAL20250057987,2025-06-17,STR016,PRD00564,2,566.41,0.0,1132.82,695.94,Credit Card,Regular
SAL20250057988,2025-06-25,STR012,PRD00548,1,172.01,0.05,163.41,120.36,Credit Card,Walk-in
SAL20250057989,2025-06-24,STR002,PRD00673,1,2685.18,0.0,2685.18,1698.29,UPI,Regular
SAL20250057990,2025-06-06,STR035,PRD01033,6,703.74,0.0,4222.44,2272.14,UPI,Regular
SAL20250057991,2025-06-22,STR005,PRD00163,1,12710.38,0.0,12710.38,7712.99,UPI,Walk-in
SAL20250057992,2025-06-19,STR030,PRD00530,1,663.27,0.0,663.27,562.07,Credit Card,Walk-in
SAL20250057993,2025-06-05,STR034,PRD00270,1,1213.51,0.0,1213.51,769.06,Credit Card,Regular
SAL20250057994,2025-06-04,STR011,PRD00835,2,1480.55,0.0,2961.1,2016.4,Debit Card,Walk-in
SAL20250057995,2025-06-03,STR041,PRD00001,1,21322.84,0.05,20256.7,15337.08,UPI,Walk-in
SAL20250057996,2025-06-11,STR041,PRD00317,1,1393.76,0.0,1393.76,799.47,UPI,Walk-in
SAL20250057997,2025-06-08,STR031,PRD00332,1,556.82,0.0,556.82,272.93,Credit Card,Premium
SAL20250057998,2025-06-07,STR004,PRD00961,2,294.28,0.0,588.56,317.06,UPI,Walk-in
SAL20250057999,2025-06-17,STR018,PRD00657,1,272.71,0.05,259.07,160.84,Cash,Walk-in
SAL20250058000,2025-06-08,STR040,PRD01085,2,7889.14,0.0,15778.28,8272.58,UPI,Walk-in
SAL20250058001,2025-06-22,STR003,PRD01071,1,5607.68,0.0,5607.68,3412.0,Credit Card,Regular
SAL20250058002,2025-06-22,STR035,PRD00142,1,4154.89,0.0,4154.89,2736.44,Cash,Walk-in
SAL20250058003,2025-06-08,STR013,PRD01125,1,3015.8,0.0,3015.8,1423.43,Debit Card,Premium
SAL20250058004,2025-06-08,STR019,PRD00865,1,2254.56,0.1,2029.1,1423.93,Credit Card,Premium
SAL20250058005,2025-06-18,STR030,PRD00528,2,1118.04,0.0,2236.08,1892.68,UPI,Walk-in
SAL20250058006,2025-06-27,STR010,PRD00502,1,721.0,0.0,721.0,628.72,Credit Card,Regular
SAL20250058007,2025-06-09,STR014,PRD00386,2,1129.86,0.1,2033.75,1441.56,UPI,Premium
SAL20250058008,2025-06-29,STR034,PRD00779,1,1606.83,0.0,1606.83,998.29,UPI,Premium
SAL20250058009,2025-06-06,STR026,PRD01084,2,10498.54,0.0,20997.08,8422.78,Credit Card,Regular
SAL20250058010,2025-06-28,STR005,PRD00609,1,338.3,0.0,338.3,202.03,Debit Card,Premium
SAL20250058011,2025-06-09,STR018,PRD00472,1,554.85,0.0,554.85,444.9,Credit Card,Regular
SAL20250058012,2025-06-10,STR032,PRD00586,2,648.21,0.0,1296.42,880.02,UPI,Walk-in
SAL20250058013,2025-06-26,STR015,PRD01101,1,4929.57,0.0,4929.57,2668.17,Net Banking,Regular
SAL20250058014,2025-06-06,STR030,PRD00656,1,201.0,0.0,201.0,141.1,Net Banking,Regular
SAL20250058015,2025-06-22,STR038,PRD00375,3,650.42,0.0,1951.26,1095.18,UPI,Walk-in
SAL20250058016,2025-06-28,STR011,PRD00759,1,4285.9,0.05,4071.6,2644.58,Net Banking,Regular
SAL20250058017,2025-06-20,STR041,PRD00121,1,13928.8,0.0,13928.8,9332.33,Credit Card,Regular
SAL20250058018,2025-06-12,STR004,PRD00372,1,542.7,0.0,542.7,275.98,UPI,Walk-in
SAL20250058019,2025-06-27,STR032,PRD00149,1,3024.83,0.0,3024.83,2041.86,Cash,Regular
SAL20250058020,2025-06-28,STR041,PRD00809,2,1418.3,0.0,2836.6,1791.48,UPI,Premium
SAL20250058021,2025-06-17,STR026,PRD00278,3,439.84,0.0,1319.52,876.21,Credit Card,Regular
SAL20250058022,2025-06-04,STR035,PRD01077,2,8389.04,0.0,16778.08,6986.78,Debit Card,Walk-in
SAL20250058023,2025-06-22,STR026,PRD00687,3,2662.45,0.0,7987.35,5367.51,UPI,Walk-in
SAL20250058024,2025-06-07,STR001,PRD00069,1,11744.39,0.0,11744.39,7701.34,Cash,Regular
SAL20250058025,2025-06-11,STR013,PRD01031,3,1036.47,0.0,3109.41,1570.11,Credit Card,Regular
SAL20250058026,2025-06-14,STR022,PRD00939,2,463.84,0.0,927.68,484.68,Credit Card,Walk-in
SAL20250058027,2025-06-20,STR008,PRD01002,1,98.3,0.05,93.38,55.69,Debit Card,Walk-in
SAL20250058028,2025-06-02,STR016,PRD01189,1,5263.0,0.0,5263.0,2237.37,Credit Card,Walk-in
SAL20250058029,2025-06-17,STR026,PRD00340,1,956.64,0.05,908.81,556.08,UPI,Regular
SAL20250058030,2025-06-30,STR022,PRD00936,1,964.58,0.1,868.12,620.53,UPI,Premium
SAL20250058031,2025-06-17,STR021,PRD01062,2,925.26,0.0,1850.52,1086.12,Cash,Walk-in
SAL20250058032,2025-06-03,STR016,PRD00728,4,5071.72,0.0,20286.88,12038.52,UPI,Premium
SAL20250058033,2025-06-08,STR018,PRD01161,1,5090.05,0.0,5090.05,2218.96,UPI,Walk-in
SAL20250058034,2025-06-14,STR039,PRD00958,1,274.5,0.05,260.77,191.73,UPI,Corporate
SAL20250058035,2025-06-01,STR008,PRD00561,1,111.53,0.0,111.53,75.49,Credit Card,Walk-in
SAL20250058036,2025-06-11,STR007,PRD00082,1,9499.68,0.0,9499.68,6552.44,UPI,Regular
SAL20250058037,2025-06-01,STR037,PRD00966,1,814.75,0.0,814.75,526.45,UPI,Walk-in
SAL20250058038,2025-06-26,STR010,PRD00805,1,3870.93,0.0,3870.93,2163.81,UPI,Walk-in
SAL20250058039,2025-06-21,STR004,PRD01063,3,747.32,0.0,2241.96,1465.17,UPI,Regular
SAL20250058040,2025-06-19,STR019,PRD00012,1,5255.98,0.0,5255.98,4121.35,UPI,Regular
SAL20250058041,2025-06-20,STR022,PRD00612,2,287.57,0.0,575.14,424.86,UPI,Regular
SAL20250058042,2025-06-17,STR023,PRD00721,2,2330.52,0.05,4427.99,3455.26,UPI,Regular
SAL20250058043,2025-06-23,STR012,PRD00656,1,201.0,0.0,201.0,141.1,Debit Card,Regular
SAL20250058044,2025-06-08,STR022,PRD01139,1,4060.77,0.0,4060.77,1844.56,UPI,Walk-in
SAL20250058045,2025-06-28,STR038,PRD00848,1,2441.1,0.0,2441.1,1616.32,Debit Card,Premium
SAL20250058046,2025-06-05,STR039,PRD00092,1,6575.52,0.0,6575.52,4677.68,UPI,Walk-in
SAL20250058047,2025-06-18,STR028,PRD01082,1,1474.53,0.0,1474.53,797.26,Debit Card,Walk-in
SAL20250058048,2025-06-02,STR023,PRD00254,1,11020.14,0.0,11020.14,6776.21,UPI,Regular
SAL20250058049,2025-06-24,STR006,PRD00029,1,24663.79,0.05,23430.6,16157.43,Debit Card,Corporate
SAL20250058050,2025-06-30,STR008,PRD01130,2,3164.31,0.0,6328.62,3779.28,Debit Card,Regular
SAL20250058051,2025-06-17,STR008,PRD00011,2,13229.12,0.1,23812.42,19669.38,Cash,Premium
SAL20250058052,2025-06-17,STR015,PRD00689,1,492.79,0.0,492.79,332.83,Net Banking,Corporate
SAL20250058053,2025-06-12,STR038,PRD01135,2,2481.4,0.0,4962.8,2519.48,Debit Card,Premium
SAL20250058054,2025-06-08,STR038,PRD00629,1,197.41,0.0,197.41,137.09,UPI,Regular
SAL20250058055,2025-06-23,STR040,PRD00163,1,12710.38,0.0,12710.38,7712.99,UPI,Regular
SAL20250058056,2025-06-24,STR003,PRD00159,1,4881.58,0.0,4881.58,3676.52,Cash,Regular
SAL20250058057,2025-06-13,STR040,PRD00325,2,1273.47,0.05,2419.59,1174.02,UPI,Walk-in
SAL20250058058,2025-06-25,STR012,PRD00011,1,13229.12,0.0,13229.12,9834.69,UPI,Premium
SAL20250058059,2025-06-22,STR018,PRD00346,1,927.55,0.0,927.55,634.62,Net Banking,Walk-in
SAL20250058060,2025-06-24,STR016,PRD00274,1,920.1,0.0,920.1,425.76,Credit Card,Premium
SAL20250058061,2025-06-10,STR014,PRD00969,1,147.34,0.0,147.34,76.24,Cash,Walk-in
SAL20250058062,2025-06-18,STR035,PRD00180,1,3550.84,0.0,3550.84,2526.78,Net Banking,Premium
SAL20250058063,2025-06-28,STR033,PRD00265,1,4797.2,0.0,4797.2,2920.06,Credit Card,Premium
SAL20250058064,2025-06-27,STR009,PRD00985,2,79.43,0.0,158.86,110.12,UPI,Walk-in
SAL20250058065,2025-06-03,STR006,PRD00180,1,3550.84,0.0,3550.84,2526.78,UPI,Regular
SAL20250058066,2025-06-03,STR002,PRD00113,1,16350.49,0.0,16350.49,11876.29,Credit Card,Corporate
SAL20250058067,2025-06-11,STR025,PRD00840,1,2736.67,0.0,2736.67,1682.08,Credit Card,Regular
SAL20250058068,2025-06-03,STR018,PRD00189,1,8529.1,0.0,8529.1,5554.64,UPI,Premium
SAL20250058069,2025-06-06,STR007,PRD00375,2,650.42,0.0,1300.84,730.12,Debit Card,Premium
SAL20250058070,2025-06-01,STR024,PRD00834,1,1440.43,0.0,1440.43,915.49,Cash,Regular
SAL20250058071,2025-06-13,STR036,PRD00937,3,262.48,0.0,787.44,532.68,UPI,Walk-in
SAL20250058072,2025-06-12,STR040,PRD00117,1,5653.79,0.0,5653.79,4053.02,Credit Card,Premium
SAL20250058073,2025-06-26,STR031,PRD00565,2,107.78,0.0,215.56,122.96,Credit Card,Walk-in
SAL20250058074,2025-06-03,STR029,PRD00106,1,3614.0,0.05,3433.3,2487.36,Credit Card,Walk-in
SAL20250058075,2025-06-24,STR004,PRD00026,1,4182.92,0.0,4182.92,3047.01,UPI,Regular
SAL20250058076,2025-06-25,STR033,PRD01123,1,3145.87,0.0,3145.87,1902.26,UPI,Regular
SAL20250058077,2025-06-27,STR027,PRD00217,1,8159.94,0.1,7343.95,5298.43,UPI,Walk-in
SAL20250058078,2025-06-18,STR001,PRD00009,1,10580.64,0.0,10580.64,8344.51,Debit Card,Regular
SAL20250058079,2025-06-12,STR033,PRD00514,2,1177.91,0.1,2120.24,1828.66,UPI,Regular
SAL20250058080,2025-06-28,STR027,PRD00240,1,10596.37,0.1,9536.73,7390.73,UPI,Walk-in
SAL20250058081,2025-06-02,STR030,PRD01096,1,3066.12,0.0,3066.12,1714.26,Credit Card,Walk-in
SAL20250058082,2025-06-09,STR029,PRD00692,2,1997.13,0.0,3994.26,2891.8,UPI,Regular
SAL20250058083,2025-06-24,STR016,PRD00438,1,638.02,0.0,638.02,486.89,Credit Card,Regular
SAL20250058084,2025-06-06,STR038,PRD00967,2,44.43,0.0,88.86,57.08,Credit Card,Walk-in
SAL20250058085,2025-06-16,STR010,PRD00966,5,814.75,0.1,3666.38,2632.25,Credit Card,Regular
SAL20250058086,2025-06-15,STR034,PRD00667,2,129.77,0.0,259.54,182.1,Cash,Walk-in
SAL20250058087,2025-06-13,STR025,PRD00719,2,4808.67,0.05,9136.47,5518.42,Debit Card,Walk-in
SAL20250058088,2025-06-19,STR021,PRD00723,1,1757.3,0.1,1581.57,1097.96,UPI,Walk-in
SAL20250058089,2025-06-17,STR027,PRD00728,1,5071.72,0.05,4818.13,3009.63,Credit Card,Walk-in
SAL20250058090,2025-06-18,STR040,PRD00521,1,947.8,0.0,947.8,832.6,UPI,Premium
SAL20250058091,2025-06-14,STR018,PRD00138,1,3460.02,0.05,3287.02,2661.97,Credit Card,Walk-in
SAL20250058092,2025-06-05,STR032,PRD01053,3,481.32,0.0,1443.96,938.34,UPI,Regular
SAL20250058093,2025-06-07,STR029,PRD00640,1,209.4,0.05,198.93,117.43,Cash,Regular
SAL20250058094,2025-06-26,STR014,PRD00450,5,377.7,0.0,1888.5,1452.7,Credit Card,Walk-in
SAL20250058095,2025-06-22,STR027,PRD00656,4,201.0,0.0,804.0,564.4,UPI,Walk-in
SAL20250058096,2025-06-11,STR026,PRD00530,4,663.27,0.0,2653.08,2248.28,UPI,Regular
SAL20250058097,2025-06-17,STR040,PRD00050,1,20155.67,0.0,20155.67,16076.03,Credit Card,Regular
SAL20250058098,2025-06-09,STR029,PRD00261,1,8333.44,0.0,8333.44,5118.51,Credit Card,Premium
SAL20250058099,2025-06-23,STR041,PRD00176,2,4757.11,0.0,9514.22,5774.52,UPI,Walk-in
SAL20250058100,2025-06-05,STR027,PRD00394,3,327.5,0.0,982.5,655.53,Net Banking,Regular
SAL20250058101,2025-06-18,STR036,PRD01171,1,6541.96,0.0,6541.96,2623.89,Credit Card,Regular
SAL20250058102,2025-06-14,STR037,PRD00345,1,670.76,0.0,670.76,393.88,Debit Card,Walk-in
SAL20250058103,2025-06-29,STR020,PRD01043,1,134.43,0.0,134.43,80.46,UPI,Regular
SAL20250058104,2025-06-14,STR034,PRD00790,1,1379.35,0.0,1379.35,902.72,UPI,Premium
SAL20250058105,2025-06-03,STR023,PRD00293,1,859.61,0.0,859.61,442.5,UPI,Regular
SAL20250058106,2025-06-16,STR020,PRD00082,2,9499.68,0.0,18999.36,13104.88,Net Banking,Regular
SAL20250058107,2025-06-11,STR032,PRD00471,1,607.66,0.0,607.66,495.35,Credit Card,Premium
SAL20250058108,2025-06-17,STR017,PRD01086,1,5541.98,0.0,5541.98,3222.42,Credit Card,Regular
SAL20250058109,2025-06-30,STR009,PRD00840,2,2736.67,0.0,5473.34,3364.16,UPI,Regular
SAL20250058110,2025-06-08,STR040,PRD00900,2,3167.3,0.0,6334.6,3922.1,UPI,Walk-in
SAL20250058111,2025-06-29,STR041,PRD00392,1,436.74,0.0,436.74,242.28,UPI,Corporate
SAL20250058112,2025-06-03,STR013,PRD00867,3,798.49,0.05,2275.7,1373.28,Credit Card,Regular
SAL20250058113,2025-06-06,STR032,PRD00783,1,2295.14,0.0,2295.14,1443.25,Credit Card,Walk-in
SAL20250058114,2025-06-08,STR035,PRD00981,1,76.61,0.05,72.78,54.24,UPI,Walk-in
SAL20250058115,2025-06-27,STR037,PRD00342,1,1186.13,0.0,1186.13,698.17,UPI,Corporate
SAL20250058116,2025-06-05,STR022,PRD00028,1,4027.15,0.0,4027.15,2641.37,Credit Card,Premium
SAL20250058117,2025-06-29,STR006,PRD00036,1,8731.85,0.05,8295.26,5708.44,Credit Card,Regular
SAL20250058118,2025-06-16,STR022,PRD00188,3,6172.58,0.05,17591.85,12082.71,Debit Card,Regular
SAL20250058119,2025-06-10,STR040,PRD01005,1,682.39,0.0,682.39,475.7,UPI,Regular
SAL20250058120,2025-06-24,STR004,PRD01114,1,8827.06,0.0,8827.06,3573.34,Credit Card,Premium
SAL20250058121,2025-06-06,STR024,PRD00471,4,607.66,0.0,2430.64,1981.4,Credit Card,Regular
SAL20250058122,2025-06-21,STR040,PRD00132,2,22943.8,0.0,45887.6,35451.34,Cash,Regular
SAL20250058123,2025-06-27,STR018,PRD00926,1,683.78,0.1,615.4,481.25,Credit Card,Walk-in
SAL20250058124,2025-06-24,STR006,PRD00692,2,1997.13,0.0,3994.26,2891.8,Cash,Regular
SAL20250058125,2025-06-24,STR011,PRD00318,1,184.33,0.1,165.9,118.77,UPI,Regular
SAL20250058126,2025-06-24,STR038,PRD00794,1,5386.59,0.0,5386.59,3160.43,Credit Card,Walk-in
SAL20250058127,2025-06-20,STR018,PRD01075,1,6164.63,0.0,6164.63,3178.28,UPI,Premium
SAL20250058128,2025-06-10,STR034,PRD00384,1,1012.08,0.1,910.87,513.64,Debit Card,Regular
SAL20250058129,2025-06-09,STR013,PRD01036,6,177.81,0.05,1013.52,751.02,Credit Card,Regular
SAL20250058130,2025-06-08,STR026,PRD00195,1,4088.9,0.0,4088.9,3108.85,Credit Card,Walk-in
SAL20250058131,2025-06-28,STR017,PRD01183,2,7827.71,0.0,15655.42,6664.0,Debit Card,Regular
SAL20250058132,2025-06-25,STR040,PRD00629,3,197.41,0.0,592.23,411.27,UPI,Regular
SAL20250058133,2025-06-22,STR023,PRD00699,2,2305.84,0.05,4381.1,3044.56,UPI,Premium
SAL20250058134,2025-06-04,STR032,PRD00761,1,367.88,0.0,367.88,269.21,UPI,Regular
SAL20250058135,2025-06-12,STR032,PRD00402,5,947.11,0.0,4735.55,4090.3,Credit Card,Regular
SAL20250058136,2025-06-25,STR025,PRD00853,1,3236.74,0.1,2913.07,1868.14,UPI,Walk-in
SAL20250058137,2025-06-16,STR018,PRD00245,1,6730.38,0.0,6730.38,4429.31,Credit Card,Premium
SAL20250058138,2025-06-15,STR001,PRD00771,1,2601.02,0.0,2601.02,1436.13,UPI,Regular
SAL20250058139,2025-06-20,STR022,PRD00676,1,4180.37,0.05,3971.35,2836.76,Credit Card,Walk-in
SAL20250058140,2025-06-22,STR038,PRD00601,1,50.1,0.0,50.1,30.82,Credit Card,Regular
SAL20250058141,2025-06-14,STR014,PRD00678,1,3485.6,0.0,3485.6,2254.91,Cash,Regular
SAL20250058142,2025-06-28,STR008,PRD00326,2,1442.32,0.0,2884.64,1362.86,Credit Card,Walk-in
SAL20250058143,2025-06-19,STR021,PRD00065,1,10562.87,0.0,10562.87,8152.93,Net Banking,Walk-in
SAL20250058144,2025-06-22,STR008,PRD01018,2,139.93,0.0,279.86,177.6,UPI,Premium
SAL20250058145,2025-06-18,STR003,PRD00592,10,365.4,0.0,3654.0,2182.9,Credit Card,Premium
SAL20250058146,2025-06-02,STR008,PRD00936,2,964.58,0.0,1929.16,1241.06,UPI,Regular
SAL20250058147,2025-06-27,STR025,PRD00734,1,817.34,0.0,817.34,469.79,Cash,Walk-in
SAL20250058148,2025-06-23,STR009,PRD01007,2,886.03,0.0,1772.06,1004.76,UPI,Walk-in
SAL20250058149,2025-06-20,STR029,PRD01008,1,227.58,0.05,216.2,142.0,Cash,Regular
SAL20250058150,2025-06-27,STR012,PRD00934,1,3207.23,0.0,3207.23,1811.07,Debit Card,Regular
SAL20250058151,2025-06-15,STR005,PRD00017,1,6386.7,0.0,6386.7,4504.98,UPI,Walk-in
SAL20250058152,2025-06-22,STR012,PRD00552,3,296.06,0.0,888.18,584.82,Credit Card,Regular
SAL20250058153,2025-06-06,STR013,PRD00035,1,7229.47,0.0,7229.47,4889.28,Credit Card,Premium
SAL20250058154,2025-06-07,STR029,PRD00323,1,361.28,0.0,361.28,188.15,Credit Card,Premium
SAL20250058155,2025-06-08,STR033,PRD00016,1,12816.4,0.0,12816.4,9433.57,UPI,Regular
SAL20250058156,2025-06-09,STR027,PRD00422,1,218.73,0.0,218.73,166.93,Debit Card,Walk-in
SAL20250058157,2025-06-12,STR009,PRD00292,1,975.97,0.0,975.97,491.67,Credit Card,Walk-in
SAL20250058158,2025-06-27,STR038,PRD00948,4,38.1,0.0,152.4,106.2,Debit Card,Regular
SAL20250058159,2025-06-12,STR008,PRD00068,3,10777.06,0.0,32331.18,26083.62,Credit Card,Walk-in
SAL20250058160,2025-06-27,STR020,PRD00217,1,8159.94,0.0,8159.94,5298.43,Debit Card,Walk-in
SAL20250058161,2025-06-11,STR039,PRD00484,1,678.16,0.0,678.16,567.54,UPI,Walk-in
SAL20250058162,2025-06-29,STR041,PRD00818,1,2330.04,0.0,2330.04,1669.14,UPI,Premium
SAL20250058163,2025-06-17,STR036,PRD00675,1,1206.06,0.05,1145.76,758.43,Credit Card,Walk-in
SAL20250058164,2025-06-17,STR004,PRD00682,2,3799.71,0.1,6839.48,4894.56,Cash,Walk-in
SAL20250058165,2025-06-05,STR033,PRD00308,1,373.95,0.0,373.95,260.57,UPI,Walk-in
SAL20250058166,2025-06-11,STR034,PRD01093,3,4476.19,0.0,13428.57,8661.06,Debit Card,Walk-in
SAL20250058167,2025-06-26,STR015,PRD00932,1,479.96,0.0,479.96,293.99,Debit Card,Regular
SAL20250058168,2025-06-29,STR038,PRD00291,1,469.9,0.0,469.9,279.76,Credit Card,Regular
SAL20250058169,2025-06-12,STR008,PRD00448,1,612.68,0.0,612.68,518.56,UPI,Regular
SAL20250058170,2025-06-17,STR022,PRD00836,1,605.3,0.0,605.3,408.12,UPI,Walk-in
SAL20250058171,2025-06-16,STR030,PRD00499,5,309.01,0.0,1545.05,1327.7,UPI,Regular
SAL20250058172,2025-06-06,STR037,PRD01046,5,946.12,0.0,4730.6,2631.45,UPI,Walk-in
SAL20250058173,2025-06-10,STR021,PRD01189,1,5263.0,0.0,5263.0,2237.37,Cash,Regular
SAL20250058174,2025-06-05,STR030,PRD00044,1,3159.2,0.05,3001.24,2114.03,UPI,Regular
SAL20250058175,2025-06-30,STR024,PRD00471,1,607.66,0.0,607.66,495.35,UPI,Corporate
SAL20250058176,2025-06-07,STR030,PRD00246,1,1945.93,0.0,1945.93,1239.78,Credit Card,Regular
SAL20250058177,2025-06-09,STR033,PRD00135,1,9390.96,0.0,9390.96,6866.63,Credit Card,Corporate
SAL20250058178,2025-06-27,STR017,PRD00968,1,316.7,0.0,316.7,158.76,Debit Card,Walk-in
SAL20250058179,2025-06-24,STR001,PRD00871,1,1211.65,0.0,1211.65,859.32,Credit Card,Regular
SAL20250058180,2025-06-04,STR019,PRD00115,1,5778.27,0.0,5778.27,4176.17,Debit Card,Walk-in
SAL20250058181,2025-06-04,STR008,PRD00102,1,21236.57,0.1,19112.91,16141.17,UPI,Regular
SAL20250058182,2025-06-09,STR040,PRD00559,10,674.89,0.0,6748.9,4215.6,UPI,Premium
SAL20250058183,2025-06-13,STR008,PRD01149,1,4599.19,0.0,4599.19,2334.77,Credit Card,Premium
SAL20250058184,2025-06-17,STR003,PRD00324,1,1095.89,0.0,1095.89,714.91,UPI,Regular
SAL20250058185,2025-06-30,STR007,PRD00035,1,7229.47,0.0,7229.47,4889.28,UPI,Regular
SAL20250058186,2025-06-19,STR029,PRD00243,1,1936.68,0.0,1936.68,1385.71,Credit Card,Corporate
SAL20250058187,2025-06-16,STR035,PRD00746,3,2299.94,0.0,6899.82,4578.03,Net Banking,Walk-in
SAL20250058188,2025-06-27,STR028,PRD00508,5,125.21,0.0,626.05,549.65,UPI,Walk-in
SAL20250058189,2025-06-02,STR011,PRD00778,1,875.87,0.0,875.87,569.54,Credit Card,Walk-in
SAL20250058190,2025-06-18,STR032,PRD00377,4,1177.54,0.0,4710.16,3290.88,Net Banking,Walk-in
SAL20250058191,2025-06-20,STR021,PRD00828,1,765.4,0.0,765.4,443.0,UPI,Walk-in
SAL20250058192,2025-06-15,STR021,PRD00478,3,959.84,0.0,2879.52,2436.78,UPI,Regular
SAL20250058193,2025-06-17,STR015,PRD00249,1,4858.0,0.0,4858.0,3416.15,Debit Card,Walk-in
SAL20250058194,2025-06-02,STR017,PRD00260,1,8853.62,0.0,8853.62,5607.87,UPI,Regular
SAL20250058195,2025-06-25,STR014,PRD00065,1,10562.87,0.0,10562.87,8152.93,UPI,Corporate
SAL20250058196,2025-06-24,STR006,PRD00541,1,685.8,0.0,685.8,405.57,UPI,Regular
SAL20250058197,2025-06-20,STR008,PRD00150,1,1288.03,0.0,1288.03,897.46,UPI,Walk-in
SAL20250058198,2025-06-14,STR020,PRD00636,2,685.82,0.0,1371.64,904.88,Cash,Regular
SAL20250058199,2025-06-22,STR034,PRD01120,1,8969.51,0.0,8969.51,4399.96,Debit Card,Walk-in
SAL20250058200,2025-06-19,STR008,PRD00597,10,765.55,0.0,7655.5,4438.2,Credit Card,Walk-in
SAL20250058201,2025-06-19,STR001,PRD00643,1,345.09,0.0,345.09,217.6,Credit Card,Regular
SAL20250058202,2025-06-22,STR001,PRD00775,3,3571.78,0.0,10715.34,5929.65,Credit Card,Walk-in
SAL20250058203,2025-06-17,STR004,PRD00854,2,2355.83,0.0,4711.66,2935.86,Debit Card,Walk-in
SAL20250058204,2025-06-25,STR013,PRD01192,2,7158.24,0.0,14316.48,8131.96,Credit Card,Premium
SAL20250058205,2025-06-13,STR035,PRD00558,3,353.1,0.0,1059.3,729.9,Credit Card,Corporate
SAL20250058206,2025-06-06,STR028,PRD00060,1,15273.35,0.0,15273.35,10531.53,UPI,Premium
SAL20250058207,2025-06-18,STR035,PRD01176,1,5880.6,0.0,5880.6,3519.33,UPI,Regular
SAL20250058208,2025-06-23,STR025,PRD00369,1,1020.79,0.0,1020.79,482.49,Credit Card,Premium
SAL20250058209,2025-06-08,STR007,PRD00428,2,311.12,0.0,622.24,489.5,UPI,Premium
SAL20250058210,2025-06-28,STR040,PRD01166,3,3220.85,0.1,8696.3,4981.29,Debit Card,Walk-in
SAL20250058211,2025-06-01,STR033,PRD00347,4,1133.22,0.0,4532.88,2677.04,Debit Card,Regular
SAL20250058212,2025-06-11,STR028,PRD01192,1,7158.24,0.0,7158.24,4065.98,UPI,Regular
SAL20250058213,2025-06-15,STR030,PRD00644,4,812.84,0.0,3251.36,1809.56,Credit Card,Regular
SAL20250058214,2025-06-30,STR034,PRD00024,1,23723.95,0.1,21351.56,15500.24,UPI,Walk-in
SAL20250058215,2025-06-19,STR025,PRD00579,1,398.71,0.05,378.77,292.17,Net Banking,Walk-in
SAL20250058216,2025-06-01,STR021,PRD00557,4,210.61,0.0,842.44,537.72,Debit Card,Regular
SAL20250058217,2025-06-18,STR037,PRD00701,1,4774.16,0.0,4774.16,3063.26,Debit Card,Walk-in
SAL20250058218,2025-06-28,STR004,PRD00503,2,634.01,0.0,1268.02,1051.58,Credit Card,Walk-in
SAL20250058219,2025-06-14,STR037,PRD00782,4,3353.32,0.0,13413.28,7830.08,Credit Card,Walk-in
SAL20250058220,2025-06-02,STR035,PRD01132,1,7393.47,0.1,6654.12,3891.12,Credit Card,Regular
SAL20250058221,2025-06-27,STR005,PRD01050,1,562.12,0.0,562.12,329.14,Credit Card,Walk-in
SAL20250058222,2025-06-09,STR002,PRD00697,4,1377.61,0.0,5510.44,3230.08,Credit Card,Regular
SAL20250058223,2025-06-24,STR004,PRD01036,1,177.81,0.0,177.81,125.17,UPI,Regular
SAL20250058224,2025-06-10,STR028,PRD00407,3,687.91,0.0,2063.73,1600.2,Credit Card,Walk-in
SAL20250058225,2025-06-25,STR026,PRD00105,1,9145.0,0.1,8230.5,7010.14,UPI,Walk-in
SAL20250058226,2025-06-08,STR024,PRD00589,1,435.23,0.0,435.23,254.04,Cash,Walk-in
SAL20250058227,2025-06-25,STR040,PRD00665,2,157.57,0.0,315.14,206.28,UPI,Premium
SAL20250058228,2025-06-03,STR015,PRD00591,2,500.81,0.0,1001.62,727.46,Credit Card,Walk-in
SAL20250058229,2025-06-09,STR018,PRD00590,1,353.62,0.0,353.62,243.18,Cash,Regular
SAL20250058230,2025-06-25,STR040,PRD00075,2,9132.03,0.0,18264.06,14085.18,Debit Card,Walk-in
SAL20250058231,2025-06-01,STR031,PRD00768,1,281.0,0.0,281.0,205.1,Debit Card,Corporate
SAL20250058232,2025-06-25,STR017,PRD00884,2,1777.05,0.0,3554.1,2172.68,UPI,Walk-in
SAL20250058233,2025-06-01,STR020,PRD00449,1,236.21,0.0,236.21,199.14,Credit Card,Premium
SAL20250058234,2025-06-20,STR028,PRD00011,1,13229.12,0.0,13229.12,9834.69,Credit Card,Walk-in
SAL20250058235,2025-06-23,STR031,PRD00940,3,57.11,0.0,171.33,116.58,Credit Card,Regular
SAL20250058236,2025-06-16,STR008,PRD00386,4,1129.86,0.0,4519.44,2883.12,UPI,Regular
SAL20250058237,2025-06-25,STR012,PRD00048,1,26663.85,0.0,26663.85,18297.1,Debit Card,Regular
SAL20250058238,2025-06-20,STR008,PRD00429,2,725.58,0.0,1451.16,1100.02,Cash,Walk-in
SAL20250058239,2025-06-13,STR031,PRD00980,2,608.25,0.0,1216.5,724.52,Credit Card,Regular
SAL20250058240,2025-06-30,STR024,PRD00663,4,109.46,0.0,437.84,251.6,Cash,Premium
SAL20250058241,2025-06-15,STR033,PRD00566,1,655.12,0.0,655.12,423.12,Credit Card,Regular
SAL20250058242,2025-06-08,STR010,PRD00946,2,937.06,0.0,1874.12,1051.16,UPI,Regular
SAL20250058243,2025-06-22,STR005,PRD00437,1,320.21,0.0,320.21,271.12,Net Banking,Regular
SAL20250058244,2025-06-03,STR013,PRD00159,2,4881.58,0.0,9763.16,7353.04,Debit Card,Regular
SAL20250058245,2025-06-03,STR011,PRD01010,1,762.29,0.05,724.18,399.52,UPI,Walk-in
SAL20250058246,2025-06-29,STR014,PRD00183,2,6835.62,0.0,13671.24,8977.12,Cash,Regular
SAL20250058247,2025-06-30,STR001,PRD01151,2,7065.61,0.0,14131.22,6748.72,Credit Card,Regular
SAL20250058248,2025-06-08,STR003,PRD00250,1,3877.74,0.0,3877.74,2737.07,UPI,Regular
SAL20250058249,2025-06-13,STR006,PRD01112,1,3077.42,0.0,3077.42,1558.19,Credit Card,Regular
SAL20250058250,2025-06-02,STR016,PRD00179,1,5253.14,0.0,5253.14,3207.54,Cash,Walk-in
SAL20250058251,2025-06-09,STR003,PRD00296,1,250.04,0.0,250.04,121.63,UPI,Regular
SAL20250058252,2025-06-17,STR031,PRD00829,1,2093.34,0.0,2093.34,1538.87,Credit Card,Walk-in
SAL20250058253,2025-06-12,STR026,PRD00788,3,3329.23,0.0,9987.69,6315.6,UPI,Regular
SAL20250058254,2025-06-13,STR005,PRD00956,1,1028.6,0.05,977.17,572.0,Credit Card,Walk-in
SAL20250058255,2025-06-05,STR008,PRD00671,2,327.72,0.0,655.44,416.02,UPI,Walk-in
SAL20250058256,2025-06-23,STR020,PRD00576,1,451.26,0.0,451.26,330.56,Credit Card,Regular
SAL20250058257,2025-06-11,STR025,PRD00580,1,372.59,0.0,372.59,211.3,UPI,Regular
SAL20250058258,2025-06-29,STR017,PRD00039,3,8380.37,0.0,25141.11,18839.85,UPI,Regular
SAL20250058259,2025-06-22,STR004,PRD00021,1,1822.47,0.1,1640.22,1333.8,Credit Card,Walk-in
SAL20250058260,2025-06-02,STR032,PRD01053,4,481.32,0.1,1732.75,1251.12,Debit Card,Walk-in
SAL20250058261,2025-06-24,STR025,PRD01112,2,3077.42,0.0,6154.84,3116.38,Net Banking,Premium
SAL20250058262,2025-06-20,STR024,PRD01137,1,2009.09,0.0,2009.09,1074.27,UPI,Walk-in
SAL20250058263,2025-06-29,STR018,PRD00823,2,2558.98,0.0,5117.96,3435.38,Debit Card,Regular
SAL20250058264,2025-06-09,STR038,PRD00486,1,161.3,0.0,161.3,123.55,Credit Card,Regular
SAL20250058265,2025-06-25,STR035,PRD00902,1,258.19,0.0,258.19,154.07,UPI,Premium
SAL20250058266,2025-06-25,STR017,PRD00499,2,309.01,0.05,587.12,531.08,UPI,Walk-in
SAL20250058267,2025-06-28,STR003,PRD00359,2,1383.56,0.1,2490.41,1287.28,Credit Card,Regular
SAL20250058268,2025-06-04,STR037,PRD00831,1,2902.42,0.0,2902.42,1993.17,UPI,Regular
SAL20250058269,2025-06-01,STR008,PRD00718,2,2341.08,0.1,4213.94,3351.98,UPI,Walk-in
SAL20250058270,2025-06-28,STR017,PRD00098,1,13136.22,0.0,13136.22,10206.01,Credit Card,Corporate
SAL20250058271,2025-06-02,STR002,PRD00524,1,128.85,0.1,115.97,106.5,Cash,Premium
SAL20250058272,2025-06-15,STR022,PRD00906,1,3449.48,0.0,3449.48,2116.22,Cash,Walk-in
SAL20250058273,2025-06-25,STR034,PRD00356,2,1354.34,0.0,2708.68,1468.36,Cash,Regular
SAL20250058274,2025-06-22,STR003,PRD00523,5,773.23,0.0,3866.15,3280.7,Debit Card,Premium
SAL20250058275,2025-06-22,STR010,PRD00379,1,660.61,0.0,660.61,460.66,Debit Card,Regular
SAL20250058276,2025-06-07,STR011,PRD00554,4,805.55,0.1,2899.98,1865.64,Cash,Regular
SAL20250058277,2025-06-13,STR016,PRD00090,1,8184.6,0.0,8184.6,5556.86,Net Banking,Walk-in
SAL20250058278,2025-06-13,STR006,PRD01076,2,4373.35,0.0,8746.7,5191.1,Cash,Premium
SAL20250058279,2025-06-16,STR024,PRD00787,1,291.05,0.0,291.05,189.14,UPI,Walk-in
SAL20250058280,2025-06-14,STR007,PRD00614,2,52.25,0.0,104.5,68.56,UPI,Regular
SAL20250058281,2025-06-03,STR022,PRD01010,2,762.29,0.0,1524.58,799.04,UPI,Regular
SAL20250058282,2025-06-21,STR012,PRD00634,1,509.03,0.0,509.03,298.96,Credit Card,Regular
SAL20250058283,2025-06-12,STR003,PRD00461,1,198.22,0.0,198.22,169.45,Debit Card,Regular
SAL20250058284,2025-06-10,STR018,PRD00976,1,1125.69,0.0,1125.69,582.61,Credit Card,Regular
SAL20250058285,2025-06-20,STR026,PRD00747,1,1306.66,0.0,1306.66,960.16,Net Banking,Premium
SAL20250058286,2025-06-11,STR019,PRD00674,4,2861.74,0.0,11446.96,6362.36,UPI,Walk-in
SAL20250058287,2025-06-27,STR028,PRD00346,2,927.55,0.0,1855.1,1269.24,Debit Card,Walk-in
SAL20250058288,2025-06-19,STR016,PRD00704,1,1185.8,0.0,1185.8,707.14,Net Banking,Walk-in
SAL20250058289,2025-06-18,STR015,PRD00527,1,938.3,0.0,938.3,741.27,UPI,Regular
SAL20250058290,2025-06-18,STR017,PRD01152,1,2969.91,0.0,2969.91,1378.7,Debit Card,Regular
SAL20250058291,2025-06-23,STR008,PRD00448,1,612.68,0.0,612.68,518.56,UPI,Corporate
SAL20250058292,2025-06-18,STR034,PRD00904,1,2811.36,0.0,2811.36,1859.97,UPI,Regular
SAL20250058293,2025-06-19,STR021,PRD01085,1,7889.14,0.0,7889.14,4136.29,Cash,Regular
SAL20250058294,2025-06-17,STR004,PRD00168,1,8820.25,0.0,8820.25,6611.06,Cash,Regular
SAL20250058295,2025-06-14,STR022,PRD00022,1,22149.39,0.0,22149.39,16337.37,Credit Card,Regular
SAL20250058296,2025-06-10,STR026,PRD01121,1,2103.52,0.1,1893.17,974.58,Debit Card,Regular
SAL20250058297,2025-06-18,STR039,PRD01186,3,3042.91,0.0,9128.73,4506.6,UPI,Regular
SAL20250058298,2025-06-21,STR033,PRD00586,1,648.21,0.0,648.21,440.01,Credit Card,Walk-in
SAL20250058299,2025-06-02,STR023,PRD00065,1,10562.87,0.0,10562.87,8152.93,Credit Card,Regular
SAL20250058300,2025-06-27,STR018,PRD00857,1,3027.87,0.1,2725.08,2160.84,UPI,Regular
SAL20250058301,2025-06-13,STR027,PRD01068,1,5954.4,0.0,5954.4,3495.2,Net Banking,Walk-in
SAL20250058302,2025-06-29,STR005,PRD00217,1,8159.94,0.05,7751.94,5298.43,Net Banking,Corporate
SAL20250058303,2025-06-12,STR004,PRD00176,1,4757.11,0.0,4757.11,2887.26,Credit Card,Walk-in
SAL20250058304,2025-06-10,STR008,PRD01062,1,925.26,0.0,925.26,543.06,Credit Card,Walk-in
SAL20250058305,2025-06-07,STR039,PRD00337,2,1047.01,0.0,2094.02,1462.86,UPI,Regular
SAL20250058306,2025-06-12,STR021,PRD00545,2,450.85,0.0,901.7,504.9,UPI,Regular
SAL20250058307,2025-06-15,STR013,PRD00805,1,3870.93,0.0,3870.93,2163.81,UPI,Walk-in
SAL20250058308,2025-06-16,STR032,PRD00301,1,189.19,0.0,189.19,130.27,UPI,Regular
SAL20250058309,2025-06-15,STR010,PRD00568,2,465.88,0.0,931.76,576.62,Cash,Regular
SAL20250058310,2025-06-06,STR038,PRD00849,1,315.58,0.1,284.02,211.78,Credit Card,Walk-in
SAL20250058311,2025-06-11,STR016,PRD00675,1,1206.06,0.0,1206.06,758.43,UPI,Premium
SAL20250058312,2025-06-16,STR013,PRD00355,1,304.11,0.0,304.11,163.8,UPI,Premium
SAL20250058313,2025-06-13,STR025,PRD00936,1,964.58,0.0,964.58,620.53,UPI,Regular
SAL20250058314,2025-06-15,STR011,PRD00118,1,13769.46,0.0,13769.46,10543.97,Debit Card,Premium
SAL20250058315,2025-06-10,STR004,PRD00285,1,1499.26,0.05,1424.3,768.76,Credit Card,Corporate
SAL20250058316,2025-06-13,STR022,PRD01141,3,1387.21,0.0,4161.63,2431.95,Cash,Premium
SAL20250058317,2025-06-24,STR006,PRD00073,1,23649.92,0.0,23649.92,17123.4,UPI,Regular
SAL20250058318,2025-06-18,STR031,PRD00208,1,2761.76,0.0,2761.76,2051.3,Cash,Walk-in
SAL20250058319,2025-06-29,STR022,PRD00593,10,596.07,0.0,5960.7,3858.4,Cash,Regular
SAL20250058320,2025-06-06,STR006,PRD01145,1,3609.72,0.0,3609.72,2080.21,UPI,Walk-in
SAL20250058321,2025-06-18,STR025,PRD00953,4,80.84,0.0,323.36,231.88,Debit Card,Walk-in
SAL20250058322,2025-06-29,STR013,PRD00294,1,1047.83,0.0,1047.83,653.04,UPI,Regular
SAL20250058323,2025-06-02,STR034,PRD00160,1,7937.44,0.0,7937.44,4808.49,UPI,Premium
SAL20250058324,2025-06-19,STR040,PRD00221,3,9230.37,0.0,27691.11,17312.67,Cash,Regular
SAL20250058325,2025-06-03,STR031,PRD00157,1,5982.96,0.0,5982.96,4355.19,UPI,Walk-in
SAL20250058326,2025-06-23,STR011,PRD00074,1,17249.82,0.0,17249.82,11809.64,Debit Card,Regular
SAL20250058327,2025-06-24,STR019,PRD00977,2,417.51,0.05,793.27,564.56,UPI,Premium
SAL20250058328,2025-06-11,STR001,PRD00454,1,238.81,0.0,238.81,182.3,UPI,Corporate
SAL20250058329,2025-06-28,STR024,PRD00597,1,765.55,0.0,765.55,443.82,UPI,Premium
SAL20250058330,2025-06-10,STR015,PRD00204,1,3776.34,0.0,3776.34,2580.11,Net Banking,Walk-in
SAL20250058331,2025-06-20,STR026,PRD00804,1,782.93,0.0,782.93,564.78,Cash,Regular
SAL20250058332,2025-06-08,STR016,PRD00755,2,511.82,0.1,921.28,688.62,Cash,Premium
SAL20250058333,2025-06-29,STR036,PRD00922,2,953.09,0.05,1810.87,1256.32,Credit Card,Premium
SAL20250058334,2025-06-26,STR005,PRD00722,1,2039.88,0.0,2039.88,1170.85,UPI,Walk-in
SAL20250058335,2025-06-07,STR002,PRD00183,2,6835.62,0.1,12304.12,8977.12,Debit Card,Regular
SAL20250058336,2025-06-04,STR013,PRD00960,3,572.91,0.0,1718.73,1147.2,UPI,Regular
SAL20250058337,2025-06-01,STR022,PRD00643,1,345.09,0.0,345.09,217.6,UPI,Walk-in
SAL20250058338,2025-06-05,STR024,PRD00312,2,662.59,0.0,1325.18,776.38,Cash,Regular
SAL20250058339,2025-06-21,STR038,PRD00719,1,4808.67,0.0,4808.67,2759.21,UPI,Premium
SAL20250058340,2025-06-21,STR003,PRD00237,1,9971.54,0.0,9971.54,6463.12,Debit Card,Regular
SAL20250058341,2025-06-13,STR005,PRD00909,4,1266.46,0.0,5065.84,3477.92,UPI,Regular
SAL20250058342,2025-06-22,STR024,PRD01042,1,143.52,0.0,143.52,94.69,Credit Card,Regular
SAL20250058343,2025-06-27,STR006,PRD00028,1,4027.15,0.0,4027.15,2641.37,UPI,Corporate
SAL20250058344,2025-06-02,STR017,PRD00276,1,499.9,0.0,499.9,292.67,Net Banking,Walk-in
SAL20250058345,2025-06-23,STR016,PRD01090,1,4828.9,0.1,4346.01,3064.56,Credit Card,Premium
SAL20250058346,2025-06-20,STR009,PRD00824,3,3034.92,0.0,9104.76,6499.59,UPI,Walk-in
SAL20250058347,2025-06-26,STR031,PRD00565,2,107.78,0.0,215.56,122.96,UPI,Regular
SAL20250058348,2025-06-21,STR005,PRD00118,1,13769.46,0.0,13769.46,10543.97,Credit Card,Regular
SAL20250058349,2025-06-27,STR032,PRD00813,3,3086.68,0.0,9260.04,6028.23,Net Banking,Corporate
SAL20250058350,2025-06-12,STR029,PRD00267,2,11328.41,0.05,21523.98,16003.18,Credit Card,Premium
SAL20250058351,2025-06-13,STR039,PRD00576,3,451.26,0.0,1353.78,991.68,Debit Card,Walk-in
SAL20250058352,2025-06-10,STR016,PRD01109,2,5029.33,0.0,10058.66,5536.84,Credit Card,Premium
SAL20250058353,2025-06-30,STR018,PRD00345,1,670.76,0.0,670.76,393.88,Debit Card,Premium
SAL20250058354,2025-06-14,STR041,PRD00918,1,2741.1,0.0,2741.1,1987.44,UPI,Regular
SAL20250058355,2025-06-20,STR008,PRD00002,1,1289.58,0.0,1289.58,870.9,UPI,Walk-in
SAL20250058356,2025-06-14,STR008,PRD00188,1,6172.58,0.0,6172.58,4027.57,UPI,Walk-in
SAL20250058357,2025-06-06,STR004,PRD00567,1,365.44,0.0,365.44,226.96,Debit Card,Corporate
SAL20250058358,2025-06-24,STR037,PRD00584,3,232.29,0.0,696.87,427.05,UPI,Regular
SAL20250058359,2025-06-03,STR035,PRD00317,2,1393.76,0.0,2787.52,1598.94,UPI,Walk-in
SAL20250058360,2025-06-15,STR035,PRD00269,1,151.87,0.0,151.87,99.82,UPI,Regular
SAL20250058361,2025-06-15,STR025,PRD00331,2,133.4,0.0,266.8,179.66,Credit Card,Walk-in
SAL20250058362,2025-06-16,STR031,PRD00276,1,499.9,0.0,499.9,292.67,UPI,Walk-in
SAL20250058363,2025-06-21,STR008,PRD00888,3,2557.48,0.0,7672.44,5175.12,UPI,Regular
SAL20250058364,2025-06-03,STR029,PRD00284,1,170.59,0.0,170.59,103.53,UPI,Walk-in
SAL20250058365,2025-06-12,STR031,PRD00123,2,7408.15,0.0,14816.3,11176.24,Debit Card,Walk-in
SAL20250058366,2025-06-24,STR026,PRD00644,1,812.84,0.0,812.84,452.39,UPI,Regular
SAL20250058367,2025-06-12,STR012,PRD00974,6,202.7,0.0,1216.2,640.56,UPI,Walk-in
SAL20250058368,2025-06-27,STR025,PRD00586,2,648.21,0.0,1296.42,880.02,UPI,Regular
SAL20250058369,2025-06-16,STR028,PRD00861,3,3212.99,0.1,8675.07,5321.4,Credit Card,Regular
SAL20250058370,2025-06-30,STR003,PRD00172,1,7151.58,0.0,7151.58,5253.3,Debit Card,Regular
SAL20250058371,2025-06-13,STR021,PRD01104,1,7758.33,0.0,7758.33,3488.36,UPI,Walk-in
SAL20250058372,2025-06-15,STR019,PRD00842,1,1322.87,0.0,1322.87,956.88,Cash,Regular
SAL20250058373,2025-06-15,STR033,PRD00595,1,524.85,0.0,524.85,364.52,Cash,Corporate
SAL20250058374,2025-06-10,STR027,PRD01057,4,52.31,0.1,188.32,133.2,UPI,Regular
SAL20250058375,2025-06-08,STR039,PRD00110,1,26501.66,0.1,23851.49,18492.65,Credit Card,Walk-in
SAL20250058376,2025-06-12,STR001,PRD00420,1,876.02,0.0,876.02,742.57,UPI,Premium
SAL20250058377,2025-06-28,STR036,PRD00286,1,390.77,0.05,371.23,253.34,UPI,Walk-in
SAL20250058378,2025-06-22,STR017,PRD00316,1,924.22,0.0,924.22,589.52,Credit Card,Regular
SAL20250058379,2025-06-13,STR030,PRD00468,3,180.53,0.0,541.59,444.96,Credit Card,Walk-in
SAL20250058380,2025-06-14,STR002,PRD00450,1,377.7,0.0,377.7,290.54,Credit Card,Regular
SAL20250058381,2025-06-17,STR025,PRD00652,10,210.65,0.0,2106.5,1370.0,UPI,Regular
SAL20250058382,2025-06-29,STR008,PRD00998,1,883.36,0.1,795.02,449.89,Credit Card,Walk-in
SAL20250058383,2025-06-30,STR018,PRD01037,1,431.13,0.0,431.13,232.19,UPI,Walk-in
SAL20250058384,2025-06-16,STR017,PRD01173,1,1034.88,0.0,1034.88,495.72,Credit Card,Premium
SAL20250058385,2025-06-07,STR018,PRD00945,2,871.49,0.0,1742.98,1100.48,UPI,Regular
SAL20250058386,2025-06-04,STR027,PRD00664,1,181.84,0.05,172.75,109.21,Debit Card,Regular
SAL20250058387,2025-06-07,STR038,PRD01054,1,256.04,0.0,256.04,167.96,Credit Card,Walk-in
SAL20250058388,2025-06-25,STR013,PRD00410,1,245.81,0.05,233.52,192.76,UPI,Regular
SAL20250058389,2025-06-10,STR013,PRD00608,1,314.95,0.1,283.45,234.14,Credit Card,Walk-in
SAL20250058390,2025-06-08,STR015,PRD00864,1,1725.02,0.05,1638.77,1118.06,UPI,Walk-in
SAL20250058391,2025-06-25,STR031,PRD00696,1,1599.77,0.0,1599.77,1080.02,Credit Card,Walk-in
SAL20250058392,2025-06-07,STR028,PRD00304,1,1052.14,0.0,1052.14,723.81,Cash,Walk-in
SAL20250058393,2025-06-23,STR026,PRD01070,2,5540.5,0.0,11081.0,5153.54,UPI,Walk-in
SAL20250058394,2025-06-25,STR034,PRD00428,3,311.12,0.0,933.36,734.25,UPI,Regular
SAL20250058395,2025-06-13,STR027,PRD00665,3,157.57,0.0,472.71,309.42,Debit Card,Walk-in
SAL20250058396,2025-06-18,STR019,PRD00876,1,2635.68,0.0,2635.68,1798.38,UPI,Regular
SAL20250058397,2025-06-21,STR026,PRD00439,1,122.61,0.0,122.61,95.61,UPI,Regular
SAL20250058398,2025-06-16,STR021,PRD00053,1,3304.53,0.1,2974.08,2309.51,Credit Card,Walk-in
SAL20250058399,2025-06-25,STR033,PRD00220,1,5859.46,0.0,5859.46,4561.44,Cash,Corporate
SAL20250058400,2025-06-04,STR031,PRD00427,1,558.44,0.0,558.44,484.26,Credit Card,Walk-in
SAL20250058401,2025-06-16,STR023,PRD00201,1,2838.89,0.0,2838.89,1889.59,UPI,Regular
SAL20250058402,2025-06-16,STR012,PRD00865,1,2254.56,0.0,2254.56,1423.93,Debit Card,Walk-in
SAL20250058403,2025-06-24,STR035,PRD00520,1,482.69,0.0,482.69,405.86,Credit Card,Walk-in
SAL20250058404,2025-06-17,STR032,,1,12710.38,0.0,12710.38,7712.99,UPI,Regular
SAL20250058405,2025-06-13,STR023,PRD00643,2,345.09,0.05,655.67,435.2,UPI,Premium
SAL20250058406,2025-06-16,STR017,PRD00255,1,3159.1,0.0,3159.1,2283.27,UPI,Regular
SAL20250058407,2025-06-29,STR012,PRD00426,6,496.18,0.0,2977.08,2495.22,UPI,Walk-in
SAL20250058408,2025-06-21,STR037,PRD00811,1,243.22,0.0,243.22,140.95,Net Banking,Regular
SAL20250058409,2025-06-26,STR037,PRD00060,1,15273.35,0.0,15273.35,10531.53,Credit Card,Walk-in
SAL20250058410,2025-06-09,STR039,PRD01169,2,6625.23,0.05,12587.94,8002.82,UPI,Regular
SAL20250058411,2025-06-01,STR020,PRD00955,2,608.44,0.05,1156.04,821.8,UPI,Regular
SAL20250058412,2025-06-08,STR039,PRD00236,1,5591.1,0.0,5591.1,3989.78,UPI,Corporate
SAL20250058413,2025-06-12,STR008,PRD00291,2,469.9,0.0,939.8,559.52,Cash,Regular
SAL20250058414,2025-06-12,STR033,PRD01067,2,922.58,0.0,1845.16,1129.68,Cash,Corporate
SAL20250058415,2025-06-16,STR039,PRD00145,1,2570.9,0.0,2570.9,1687.81,Credit Card,Walk-in
SAL20250058416,2025-06-06,STR034,PRD00383,2,216.69,0.0,433.38,271.48,Debit Card,Walk-in
SAL20250058417,2025-06-08,STR014,PRD01092,1,5535.53,0.0,5535.53,2634.51,Cash,Regular
SAL20250058418,2025-06-29,STR032,PRD01112,1,3077.42,0.0,3077.42,1558.19,Cash,Regular
SAL20250058419,2025-06-21,STR014,PRD00015,1,3619.87,0.0,3619.87,2931.59,UPI,Premium
SAL20250058420,2025-06-26,STR038,PRD01171,4,6541.96,0.0,26167.84,10495.56,Debit Card,Premium
SAL20250058421,2025-06-01,STR017,PRD00770,1,1474.46,0.0,1474.46,1090.39,Debit Card,Regular
SAL20250058422,2025-06-18,STR041,PRD00699,1,2305.84,0.0,2305.84,1522.28,UPI,Regular
SAL20250058423,2025-06-28,STR024,PRD00152,1,8357.62,0.0,8357.62,5421.82,Credit Card,Premium
SAL20250058424,2025-06-29,STR006,PRD00908,1,2285.46,0.0,2285.46,1340.06,UPI,Premium
SAL20250058425,2025-06-25,STR028,PRD01102,2,845.86,0.0,1691.72,706.72,UPI,Walk-in
SAL20250058426,2025-06-14,STR025,PRD00360,2,505.68,0.0,1011.36,478.44,Debit Card,Corporate
SAL20250058427,2025-06-09,STR005,PRD00302,2,486.18,0.0,972.36,450.18,UPI,Walk-in
SAL20250058428,2025-06-26,STR028,PRD00631,2,725.12,0.0,1450.24,838.92,UPI,Regular
SAL20250058429,2025-06-21,STR020,PRD00078,1,9036.37,0.0,9036.37,6491.36,UPI,Walk-in
SAL20250058430,2025-06-04,STR006,PRD00164,1,7383.75,0.0,7383.75,4728.61,UPI,Walk-in
SAL20250058431,2025-06-30,STR021,PRD00079,1,19037.37,0.0,19037.37,13485.77,Credit Card,Walk-in
SAL20250058432,2025-06-29,STR039,PRD00800,1,478.19,0.1,430.37,324.59,Credit Card,Regular
SAL20250058433,2025-06-03,STR038,PRD00567,1,365.44,0.0,365.44,226.96,Net Banking,Regular
SAL20250058434,2025-06-24,STR009,PRD00013,1,17378.5,0.0,17378.5,12862.09,Debit Card,Premium
SAL20250058435,2025-06-19,STR013,PRD00652,2,210.65,0.1,379.17,274.0,UPI,Walk-in
SAL20250058436,2025-06-06,STR037,PRD00523,1,773.23,0.1,695.91,656.14,Credit Card,Regular
SAL20250058437,2025-06-05,STR040,PRD00794,1,5386.59,0.0,5386.59,3160.43,Debit Card,Premium
SAL20250058438,2025-06-20,STR028,PRD00155,1,2214.51,0.0,2214.51,1652.19,Credit Card,Regular
SAL20250058439,2025-06-14,STR031,PRD00937,5,262.48,0.0,1312.4,887.8,UPI,Premium
SAL20250058440,2025-06-24,STR001,PRD00418,3,378.6,0.0,1135.8,946.29,Credit Card,Walk-in
SAL20250058441,2025-06-15,STR020,PRD00768,1,281.0,0.0,281.0,205.1,Debit Card,Corporate
SAL20250058442,2025-06-14,STR022,PRD00447,1,458.65,0.0,458.65,355.66,Cash,Walk-in
SAL20250058443,2025-06-13,STR001,PRD00499,1,309.01,0.1,278.11,265.54,Debit Card,Walk-in
SAL20250058444,2025-06-13,STR002,PRD01004,1,128.91,0.0,128.91,65.93,UPI,Walk-in
SAL20250058445,2025-06-25,STR015,PRD00448,6,612.68,0.05,3492.28,3111.36,Debit Card,Regular
SAL20250058446,2025-06-27,STR023,PRD00412,3,576.41,0.0,1729.23,1364.25,UPI,Regular
SAL20250058447,2025-06-11,STR023,PRD00386,1,1129.86,0.0,1129.86,720.78,UPI,Premium
SAL20250058448,2025-06-29,STR032,PRD00741,1,2848.85,0.0,2848.85,2028.89,Credit Card,Regular
SAL20250058449,2025-06-21,STR039,PRD01004,1,128.91,0.0,128.91,65.93,UPI,Premium
SAL20250058450,2025-06-12,STR027,PRD00157,1,5982.96,0.0,5982.96,4355.19,Cash,Walk-in
SAL20250058451,2025-06-07,STR014,PRD00670,2,3171.53,0.0,6343.06,3829.84,Credit Card,Walk-in
SAL20250058452,2025-06-05,STR031,PRD00763,2,3968.33,0.1,7142.99,5701.8,UPI,Regular
SAL20250058453,2025-06-10,STR032,PRD00239,2,6180.81,0.0,12361.62,9112.12,UPI,Walk-in
SAL20250058454,2025-06-19,STR026,PRD00815,1,2750.26,0.0,2750.26,1847.59,Credit Card,Regular
SAL20250058455,2025-06-15,STR027,PRD00520,1,482.69,0.0,482.69,405.86,UPI,Regular
SAL20250058456,2025-06-18,STR001,PRD00945,4,871.49,0.0,3485.96,2200.96,UPI,Walk-in
SAL20250058457,2025-06-13,STR036,PRD00971,1,604.86,0.0,604.86,306.67,Credit Card,Regular
SAL20250058458,2025-06-07,STR016,PRD00721,3,2330.52,0.1,6292.4,5182.89,Debit Card,Premium
SAL20250058459,2025-06-15,STR009,PRD00703,1,940.1,0.05,893.1,700.55,UPI,Walk-in
SAL20250058460,2025-06-12,STR033,PRD00707,1,2433.38,0.0,2433.38,1626.72,Cash,Premium
SAL20250058461,2025-06-18,STR003,PRD00122,2,23504.26,0.0,47008.52,32733.14,UPI,Walk-in
SAL20250058462,2025-06-27,STR005,PRD00928,1,2503.87,0.05,2378.68,1812.53,UPI,Walk-in
SAL20250058463,2025-06-18,STR015,PRD00321,1,1442.95,0.0,1442.95,715.49,UPI,Regular
SAL20250058464,2025-06-01,STR030,PRD00984,4,34.1,0.0,136.4,80.08,UPI,Regular
SAL20250058465,2025-06-13,STR013,PRD00862,1,1883.72,0.0,1883.72,1142.54,UPI,Regular
SAL20250058466,2025-06-28,STR038,PRD00021,1,1822.47,0.0,1822.47,1333.8,Credit Card,Regular
SAL20250058467,2025-06-04,STR009,PRD00214,1,9551.75,0.0,9551.75,6869.66,Debit Card,Walk-in
SAL20250058468,2025-06-06,STR024,PRD01197,1,2167.83,0.0,2167.83,1161.18,UPI,Walk-in
SAL20250058469,2025-06-12,STR017,PRD00580,1,372.59,0.0,372.59,211.3,UPI,Regular
SAL20250058470,2025-06-22,STR005,PRD01091,1,5878.46,0.0,5878.46,2808.85,Debit Card,Premium
SAL20250058471,2025-06-23,STR033,PRD00653,2,614.39,0.1,1105.9,895.52,Cash,Premium
SAL20250058472,2025-06-05,STR028,PRD00771,2,2601.02,0.0,5202.04,2872.26,UPI,Walk-in
SAL20250058473,2025-06-04,STR005,PRD00059,2,15692.67,0.05,29816.07,24539.52,Cash,Walk-in
SAL20250058474,2025-06-11,STR036,PRD01133,1,8197.9,0.0,8197.9,3765.02,UPI,Regular
SAL20250058475,2025-06-17,STR010,PRD00463,1,933.21,0.0,933.21,747.47,Credit Card,Corporate
SAL20250058476,2025-06-25,STR029,PRD01184,2,6927.53,0.0,13855.06,6365.4,UPI,Corporate
SAL20250058477,2025-06-04,STR026,PRD00287,1,550.08,0.0,550.08,274.34,Credit Card,Walk-in
SAL20250058478,2025-06-15,STR013,PRD01112,1,3077.42,0.0,3077.42,1558.19,Credit Card,Walk-in
SAL20250058479,2025-06-12,STR035,PRD00864,1,1725.02,0.0,1725.02,1118.06,UPI,Regular
SAL20250058480,2025-06-01,STR017,PRD01082,1,1474.53,0.0,1474.53,797.26,Cash,Regular
SAL20250058481,2025-06-18,STR028,PRD00950,1,184.59,0.0,184.59,127.31,Credit Card,Walk-in
SAL20250058482,2025-06-05,STR034,PRD00120,1,22170.49,0.0,22170.49,16305.22,Debit Card,Walk-in
SAL20250058483,2025-06-22,STR013,PRD00943,1,787.16,0.05,747.8,532.44,Cash,Regular
SAL20250058484,2025-06-24,STR024,PRD00848,1,2441.1,0.0,2441.1,1616.32,UPI,Walk-in
SAL20250058485,2025-06-30,STR004,PRD00340,2,956.64,0.0,1913.28,1112.16,Cash,Premium
SAL20250058486,2025-06-23,STR003,PRD00750,1,3884.81,0.0,3884.81,2144.98,Credit Card,Walk-in
SAL20250058487,2025-06-10,STR032,PRD00233,1,9134.67,0.0,9134.67,7104.84,Credit Card,Corporate
SAL20250058488,2025-06-12,STR022,PRD00602,2,328.03,0.0,656.06,414.56,UPI,Premium
SAL20250058489,2025-06-07,STR032,PRD00425,4,878.01,0.0,3512.04,2790.04,Cash,Regular
SAL20250058490,2025-06-15,STR019,PRD01018,6,139.93,0.0,839.58,532.8,Credit Card,Corporate
SAL20250058491,2025-06-02,STR036,PRD00133,1,10102.94,0.0,10102.94,6680.78,UPI,Regular
SAL20250058492,2025-06-14,STR039,PRD00972,3,1079.34,0.0,3238.02,1887.0,Credit Card,Regular
SAL20250058493,2025-06-13,STR016,PRD00630,2,612.41,0.1,1102.34,722.9,Credit Card,Walk-in
SAL20250058494,2025-06-23,STR008,PRD00099,1,19924.5,0.0,19924.5,14858.06,UPI,Corporate
SAL20250058495,2025-06-04,STR020,PRD00277,3,1350.87,0.0,4052.61,2040.75,UPI,Regular
SAL20250058496,2025-06-14,STR025,PRD00680,2,3900.49,0.0,7800.98,5610.0,Cash,Walk-in
SAL20250058497,2025-06-16,STR026,PRD00185,1,1926.14,0.0,1926.14,1500.04,Credit Card,Regular
SAL20250058498,2025-06-01,STR005,PRD00543,10,579.45,0.0,5794.5,4252.3,UPI,Walk-in
SAL20250058499,2025-06-16,STR002,PRD00888,1,2557.48,0.0,2557.48,1725.04,UPI,Regular
SAL20250058500,2025-06-24,STR039,PRD00071,1,14423.02,0.0,14423.02,9605.63,Credit Card,Regular
SAL20250058501,2025-06-09,STR013,PRD00665,1,157.57,0.0,157.57,103.14,UPI,Regular
SAL20250058502,2025-06-17,STR008,PRD00105,1,9145.0,0.0,9145.0,7010.14,UPI,Regular
SAL20250058503,2025-06-11,STR012,PRD01186,2,3042.91,0.0,6085.82,3004.4,UPI,Corporate
SAL20250058504,2025-06-02,STR026,PRD00426,1,496.18,0.0,496.18,415.87,UPI,Regular
SAL20250058505,2025-06-01,STR036,PRD00466,1,725.28,0.0,725.28,629.72,Credit Card,Regular
SAL20250058506,2025-06-08,STR014,PRD00704,1,1185.8,0.0,1185.8,707.14,UPI,Premium
SAL20250058507,2025-06-03,STR004,PRD00569,1,219.4,0.0,219.4,143.3,Credit Card,Walk-in
SAL20250058508,2025-06-01,STR004,PRD01021,1,582.28,0.0,582.28,378.12,Net Banking,Regular
SAL20250058509,2025-06-18,STR010,PRD00660,1,324.23,0.0,324.23,238.04,UPI,Walk-in
SAL20250058510,2025-06-15,STR040,PRD00425,2,878.01,0.05,1668.22,1395.02,Credit Card,Regular
SAL20250058511,2025-06-30,STR037,PRD01085,2,7889.14,0.1,14200.45,8272.58,Net Banking,Regular
SAL20250058512,2025-06-20,STR001,PRD00621,1,335.41,0.0,335.41,235.43,Cash,Walk-in
SAL20250058513,2025-06-08,STR029,PRD00731,2,2513.85,0.0,5027.7,3164.1,UPI,Walk-in
SAL20250058514,2025-06-20,STR026,PRD01003,1,278.9,0.1,251.01,146.32,UPI,Regular
SAL20250058515,2025-06-19,STR031,PRD01129,2,691.29,0.0,1382.58,562.24,Credit Card,Walk-in
SAL20250058516,2025-06-23,STR037,PRD00593,2,596.07,0.0,1192.14,771.68,Credit Card,Regular
SAL20250058517,2025-06-21,STR037,PRD00117,1,5653.79,0.0,5653.79,4053.02,UPI,Walk-in
SAL20250058518,2025-06-13,STR018,PRD00915,1,703.59,0.0,703.59,463.15,Net Banking,Regular
SAL20250058519,2025-06-15,STR004,PRD00380,2,304.64,0.0,609.28,421.0,UPI,Walk-in
SAL20250058520,2025-06-12,STR040,PRD00729,4,3595.95,0.0,14383.8,10230.88,UPI,Regular
SAL20250058521,2025-06-30,STR008,PRD00860,2,694.13,0.0,1388.26,835.02,Cash,Regular
SAL20250058522,2025-06-02,STR009,PRD00251,1,10660.28,0.0,10660.28,7306.06,UPI,Regular
SAL20250058523,2025-06-17,STR021,PRD00891,2,506.36,0.0,1012.72,747.38,UPI,Regular
SAL20250058524,2025-06-18,STR023,PRD00077,1,14848.8,0.0,14848.8,12077.21,UPI,Regular
SAL20250058525,2025-06-12,STR029,PRD00096,1,1587.91,0.05,1508.51,1154.69,UPI,Regular
SAL20250058526,2025-06-01,STR007,PRD00034,1,761.93,0.0,761.93,520.56,Credit Card,Regular
SAL20250058527,2025-06-08,STR010,PRD00250,1,3877.74,0.0,3877.74,2737.07,UPI,Corporate
SAL20250058528,2025-06-16,STR016,PRD00988,4,774.65,0.0,3098.6,2130.0,UPI,Regular
SAL20250058529,2025-06-18,STR011,PRD00516,1,653.26,0.0,653.26,502.56,Debit Card,Corporate
SAL20250058530,2025-06-19,STR015,PRD00019,1,9063.53,0.0,9063.53,6399.55,UPI,Walk-in
SAL20250058531,2025-06-26,STR010,PRD01144,1,2397.7,0.0,2397.7,1426.02,Debit Card,Walk-in
SAL20250058532,2025-06-18,STR005,PRD00129,1,19597.62,0.1,17637.86,15263.15,UPI,Walk-in
SAL20250058533,2025-06-14,STR039,PRD00624,1,124.7,0.0,124.7,87.08,UPI,Regular
SAL20250058534,2025-06-07,STR001,PRD01004,6,128.91,0.0,773.46,395.58,Credit Card,Walk-in
SAL20250058535,2025-06-02,STR004,PRD00067,1,3694.12,0.0,3694.12,2694.72,Net Banking,Corporate
SAL20250058536,2025-06-05,STR040,PRD00513,1,111.04,0.0,111.04,92.76,UPI,Premium
SAL20250058537,2025-06-28,STR037,PRD00080,1,17292.25,0.1,15563.02,13027.41,Credit Card,Regular
SAL20250058538,2025-06-20,STR014,PRD00951,1,594.37,0.0,594.37,352.38,Net Banking,Walk-in
SAL20250058539,2025-06-30,STR006,PRD00583,4,704.61,0.0,2818.44,1750.36,UPI,Walk-in
SAL20250058540,2025-06-05,STR032,PRD01029,3,762.26,0.05,2172.44,1630.08,Credit Card,Walk-in
SAL20250058541,2025-06-11,STR028,PRD00840,1,2736.67,0.0,2736.67,1682.08,UPI,Regular
SAL20250058542,2025-06-21,STR019,PRD00920,1,2715.99,0.0,2715.99,1534.46,UPI,Regular
SAL20250058543,2025-06-03,STR016,PRD01090,2,4828.9,0.0,9657.8,6129.12,UPI,Premium
SAL20250058544,2025-06-27,STR013,PRD01027,10,412.95,0.0,4129.5,2257.2,UPI,Regular
SAL20250058545,2025-06-03,STR001,PRD00617,3,496.18,0.0,1488.54,1089.03,Credit Card,Walk-in
SAL20250058546,2025-06-23,STR001,PRD00256,1,13048.37,0.0,13048.37,8107.05,Credit Card,Regular
SAL20250058547,2025-06-19,STR022,PRD00595,3,524.85,0.0,1574.55,1093.56,Debit Card,Walk-in
SAL20250058548,2025-06-23,STR029,PRD00893,1,963.04,0.0,963.04,603.05,Debit Card,Walk-in
SAL20250058549,2025-06-15,STR036,PRD00260,1,8853.62,0.1,7968.26,5607.87,UPI,Regular
SAL20250058550,2025-06-28,STR037,PRD00963,3,93.93,0.0,281.79,191.28,UPI,Regular
SAL20250058551,2025-06-07,STR027,PRD00334,2,796.78,0.0,1593.56,801.52,Credit Card,Walk-in
SAL20250058552,2025-06-15,STR012,PRD00155,1,2214.51,0.1,1993.06,1652.19,UPI,Premium
SAL20250058553,2025-06-13,STR028,PRD00885,3,1948.54,0.05,5553.34,3760.17,Debit Card,Walk-in
SAL20250058554,2025-06-12,STR022,PRD00065,1,10562.87,0.0,10562.87,8152.93,Credit Card,Walk-in
SAL20250058555,2025-06-26,STR039,PRD01084,1,10498.54,0.0,10498.54,4211.39,Credit Card,Walk-in
SAL20250058556,2025-06-18,STR008,PRD00136,1,8242.41,0.0,8242.41,5641.21,UPI,Walk-in
SAL20250058557,2025-06-19,STR008,PRD00642,1,467.68,0.0,467.68,290.22,Cash,Walk-in
SAL20250058558,2025-06-27,STR038,PRD00342,1,1186.13,0.0,1186.13,698.17,Credit Card,Walk-in
SAL20250058559,2025-06-09,STR038,PRD00828,1,765.4,0.05,727.13,443.0,UPI,Walk-in
SAL20250058560,2025-06-02,STR008,PRD00509,3,888.38,0.0,2665.14,2022.99,UPI,Walk-in
SAL20250058561,2025-06-27,STR005,PRD01100,1,6765.12,0.0,6765.12,4080.87,UPI,Walk-in
SAL20250058562,2025-06-05,STR037,PRD00392,1,436.74,0.05,414.9,242.28,UPI,Walk-in
SAL20250058563,2025-06-06,STR039,PRD00232,1,6785.18,0.0,6785.18,4843.37,Cash,Walk-in
SAL20250058564,2025-06-26,STR015,PRD00176,2,4757.11,0.0,9514.22,5774.52,Credit Card,Walk-in
SAL20250058565,2025-06-08,STR029,PRD01084,2,10498.54,0.1,18897.37,8422.78,UPI,Premium
SAL20250058566,2025-06-25,STR034,PRD00271,1,660.1,0.0,660.1,418.6,Cash,Walk-in
SAL20250058567,2025-06-08,STR041,PRD00725,2,2084.99,0.0,4169.98,3023.38,Net Banking,Regular
SAL20250058568,2025-06-04,STR032,PRD01118,1,5734.69,0.0,5734.69,3371.1,Debit Card,Regular
SAL20250058569,2025-06-02,STR037,PRD00981,1,76.61,0.0,76.61,54.24,UPI,Regular
SAL20250058570,2025-06-17,STR001,PRD00098,1,13136.22,0.0,13136.22,10206.01,Credit Card,Regular
SAL20250058571,2025-06-18,STR019,PRD00362,1,1120.03,0.05,1064.03,532.51,Cash,Walk-in
SAL20250058572,2025-06-10,STR001,PRD00830,1,1783.32,0.0,1783.32,1089.78,Cash,Regular
SAL20250058573,2025-06-26,STR037,PRD00351,2,802.18,0.0,1604.36,1006.48,UPI,Walk-in
SAL20250058574,2025-06-01,STR036,PRD00985,4,79.43,0.0,317.72,220.24,Credit Card,Premium
SAL20250058575,2025-06-08,STR033,PRD00617,2,496.18,0.0,992.36,726.02,Credit Card,Premium
SAL20250058576,2025-06-14,STR039,PRD00587,1,250.15,0.0,250.15,171.79,UPI,Regular
SAL20250058577,2025-06-06,STR019,PRD00281,2,679.79,0.0,1359.58,787.04,Cash,Regular
SAL20250058578,2025-06-13,STR006,PRD00649,4,333.14,0.0,1332.56,955.84,Credit Card,Regular
SAL20250058579,2025-06-14,STR018,PRD00829,1,2093.34,0.0,2093.34,1538.87,Credit Card,Corporate
SAL20250058580,2025-06-22,STR012,PRD00607,5,313.72,0.0,1568.6,906.75,UPI,Walk-in
SAL20250058581,2025-06-18,STR037,PRD01097,1,4205.24,0.05,3994.98,2054.25,UPI,Walk-in
SAL20250058582,2025-06-06,STR028,PRD00572,1,728.84,0.0,728.84,468.84,UPI,Regular
SAL20250058583,2025-06-14,STR033,PRD00042,1,15775.49,0.0,15775.49,11939.67,Debit Card,Regular
SAL20250058584,2025-06-30,STR041,PRD00726,3,2171.72,0.0,6515.16,4493.55,Cash,Regular
SAL20250058585,2025-06-05,STR026,PRD00243,1,1936.68,0.0,1936.68,1385.71,UPI,Regular
SAL20250058586,2025-06-02,STR027,PRD00126,1,8140.39,0.0,8140.39,6131.32,Net Banking,Premium
SAL20250058587,2025-06-24,STR014,PRD00379,1,660.61,0.05,627.58,460.66,UPI,Corporate
SAL20250058588,2025-06-03,STR006,PRD00818,1,2330.04,0.0,2330.04,1669.14,UPI,Regular
SAL20250058589,2025-06-12,STR004,PRD00796,1,462.4,0.0,462.4,329.9,Cash,Regular
SAL20250058590,2025-06-17,STR011,PRD00374,2,1242.75,0.0,2485.5,1476.66,Debit Card,Regular
SAL20250058591,2025-06-08,STR013,,1,411.59,0.0,411.59,344.12,Credit Card,Regular
SAL20250058592,2025-06-13,STR018,PRD00335,1,1156.98,0.0,1156.98,622.56,UPI,Regular
SAL20250058593,2025-06-18,STR019,PRD00341,2,977.08,0.0,1954.16,1211.12,UPI,Corporate
SAL20250058594,2025-06-18,STR014,PRD00512,3,151.51,0.0,454.53,347.4,UPI,Regular
SAL20250058595,2025-06-01,STR009,PRD00125,1,1511.82,0.1,1360.64,1056.29,Credit Card,Corporate
SAL20250058596,2025-06-07,STR040,PRD01091,3,5878.46,0.0,17635.38,8426.55,UPI,Premium
SAL20250058597,2025-06-25,STR041,PRD00540,2,550.54,0.0,1101.08,777.24,Debit Card,Walk-in
SAL20250058598,2025-06-14,STR018,PRD01058,1,211.57,0.1,190.41,145.02,UPI,Regular
SAL20250058599,2025-06-21,STR038,PRD00417,3,788.29,0.0,2364.87,1985.13,UPI,Regular
SAL20250058600,2025-06-06,STR001,PRD00180,1,3550.84,0.1,3195.76,2526.78,UPI,Premium
SAL20250058601,2025-06-30,STR035,PRD01146,2,2954.25,0.0,5908.5,2977.54,UPI,Walk-in
SAL20250058602,2025-06-27,STR005,PRD00678,2,3485.6,0.0,6971.2,4509.82,Debit Card,Premium
SAL20250058603,2025-06-03,STR015,PRD00651,3,368.8,0.0,1106.4,769.44,Credit Card,Regular
SAL20250058604,2025-06-07,STR030,PRD00067,1,3694.12,0.0,3694.12,2694.72,UPI,Regular
SAL20250058605,2025-06-22,STR038,PRD00233,1,9134.67,0.0,9134.67,7104.84,UPI,Walk-in
SAL20250058606,2025-06-06,STR023,PRD00179,1,5253.14,0.0,5253.14,3207.54,Cash,Walk-in
SAL20250058607,2025-06-10,STR021,PRD00337,1,1047.01,0.0,1047.01,731.43,Debit Card,Regular
SAL20250058608,2025-06-01,STR032,PRD00912,1,532.47,0.0,532.47,306.3,Credit Card,Regular
SAL20250058609,2025-06-13,STR038,PRD01067,3,922.58,0.0,2767.74,1694.52,UPI,Regular
SAL20250058610,2025-06-11,STR040,PRD00137,1,8245.04,0.0,8245.04,6423.44,Credit Card,Walk-in
SAL20250058611,2025-06-09,STR028,PRD00315,1,452.88,0.0,452.88,281.44,UPI,Premium
SAL20250058612,2025-06-06,STR022,PRD00380,2,304.64,0.05,578.82,421.0,Net Banking,Regular
SAL20250058613,2025-06-11,STR002,PRD01195,3,6990.3,0.0,20970.9,10194.69,UPI,Premium
SAL20250058614,2025-06-24,STR001,PRD00278,2,439.84,0.1,791.71,584.14,UPI,Walk-in
SAL20250058615,2025-06-12,STR005,PRD00339,1,831.47,0.0,831.47,498.17,UPI,Regular
SAL20250058616,2025-06-14,STR002,PRD00837,1,4012.56,0.0,4012.56,2368.64,UPI,Premium
SAL20250058617,2025-06-05,STR014,PRD00565,2,107.78,0.0,215.56,122.96,Cash,Walk-in
SAL20250058618,2025-06-18,STR013,PRD00473,2,113.62,0.1,204.52,189.66,Credit Card,Regular
SAL20250058619,2025-06-03,STR013,PRD00470,3,416.77,0.0,1250.31,975.33,UPI,Walk-in
SAL20250058620,2025-06-17,STR026,PRD00009,2,10580.64,0.05,20103.22,16689.02,Credit Card,Walk-in
SAL20250058621,2025-06-10,STR025,PRD00723,2,1757.3,0.0,3514.6,2195.92,Debit Card,Corporate
SAL20250058622,2025-06-09,STR036,PRD00720,1,3749.56,0.0,3749.56,2104.95,Credit Card,Regular
SAL20250058623,2025-06-10,STR027,PRD00268,1,1061.68,0.0,1061.68,520.26,Debit Card,Walk-in
SAL20250058624,2025-06-22,STR029,PRD00895,3,472.54,0.0,1417.62,892.2,Cash,Walk-in
SAL20250058625,2025-06-30,STR003,PRD00443,1,206.94,0.05,196.59,167.06,UPI,Walk-in
SAL20250058626,2025-06-13,STR022,PRD00311,3,936.08,0.0,2808.24,1735.02,Cash,Walk-in
SAL20250058627,2025-06-14,STR009,PRD00653,1,614.39,0.0,614.39,447.76,UPI,Walk-in
SAL20250058628,2025-06-01,STR024,PRD00385,1,460.87,0.0,460.87,278.52,Credit Card,Corporate
SAL20250058629,2025-06-20,STR028,PRD00752,1,4535.72,0.0,4535.72,3022.89,UPI,Regular
SAL20250058630,2025-06-20,STR029,PRD00627,1,670.0,0.0,670.0,403.71,UPI,Regular
SAL20250058631,2025-06-17,STR015,PRD00146,1,5953.14,0.0,5953.14,4155.91,UPI,Regular
SAL20250058632,2025-06-28,STR033,PRD00742,1,3993.24,0.0,3993.24,2368.26,UPI,Regular
SAL20250058633,2025-06-26,STR039,PRD00765,-1,1419.48,0.0,-1419.48,920.94,Credit Card,Regular
SAL20250058634,2025-06-25,STR002,PRD01160,2,7696.75,0.0,15393.5,6981.68,Cash,Walk-in
SAL20250058635,2025-06-28,STR023,PRD00809,2,1418.3,0.05,2694.77,1791.48,UPI,Corporate
SAL20250058636,2025-06-23,STR033,PRD00092,1,6575.52,0.0,6575.52,4677.68,Credit Card,Walk-in
SAL20250058637,2025-06-03,STR022,PRD00755,1,511.82,0.0,511.82,344.31,Debit Card,Walk-in
SAL20250058638,2025-06-23,STR031,PRD00806,2,330.79,0.1,595.42,373.26,Debit Card,Regular
SAL20250058639,2025-06-26,STR021,PRD01081,2,7442.0,0.0,14884.0,7046.66,UPI,Premium
SAL20250058640,2025-06-30,STR008,PRD00774,1,2102.71,0.1,1892.44,1549.27,Debit Card,Walk-in
SAL20250058641,2025-06-29,STR018,PRD00010,1,14520.45,0.0,14520.45,11774.44,Credit Card,Walk-in
SAL20250058642,2025-06-09,STR001,PRD01140,2,5750.16,0.05,10925.3,6632.92,UPI,Walk-in
SAL20250058643,2025-06-08,STR007,PRD00275,1,1560.95,0.0,1560.95,847.9,Debit Card,Regular
SAL20250058644,2025-06-04,STR017,PRD00115,1,5778.27,0.1,5200.44,4176.17,Net Banking,Walk-in
SAL20250058645,2025-06-21,STR029,PRD00954,3,1090.11,0.0,3270.33,1844.88,Credit Card,Walk-in
SAL20250058646,2025-06-27,STR024,PRD01195,1,6990.3,0.0,6990.3,3398.23,UPI,Regular
SAL20250058647,2025-06-11,STR004,PRD00309,2,1344.75,0.0,2689.5,1274.3,UPI,Premium
SAL20250058648,2025-06-15,STR003,PRD00045,1,17414.18,0.0,17414.18,13822.18,UPI,Walk-in
SAL20250058649,2025-06-03,STR025,PRD00198,1,4266.35,0.0,4266.35,2976.38,UPI,Premium
SAL20250058650,2025-06-18,STR013,PRD00948,1,38.1,0.0,38.1,26.55,Net Banking,Walk-in
SAL20250058651,2025-06-30,STR039,PRD00758,1,4375.02,0.0,4375.02,3168.27,Credit Card,Regular
SAL20250058652,2025-06-23,STR001,PRD00540,4,550.54,0.0,2202.16,1554.48,Debit Card,Regular
SAL20250058653,2025-06-16,STR018,PRD00149,1,3024.83,0.0,3024.83,2041.86,UPI,Regular
SAL20250058654,2025-06-01,STR032,PRD00441,1,853.01,0.1,767.71,707.08,UPI,Walk-in
SAL20250058655,2025-06-27,STR008,PRD00338,1,1223.61,0.0,1223.61,688.23,Cash,Walk-in
SAL20250058656,2025-06-30,STR036,PRD00670,1,3171.53,0.05,3012.95,1914.92,UPI,Walk-in
SAL20250058657,2025-06-23,STR033,PRD00119,1,21410.34,0.0,21410.34,16034.57,UPI,Regular
SAL20250058658,2025-06-06,STR030,PRD00153,1,12724.66,0.0,12724.66,7922.12,Debit Card,Walk-in
SAL20250058659,2025-06-21,STR033,PRD00552,2,296.06,0.05,562.51,389.88,UPI,Regular
SAL20250058660,2025-06-27,STR028,PRD01116,1,792.37,0.0,792.37,396.32,Credit Card,Regular
SAL20250058661,2025-06-02,STR019,PRD00940,2,57.11,0.0,114.22,77.72,UPI,Regular
SAL20250058662,2025-06-10,STR006,PRD00911,1,807.88,0.0,807.88,602.2,Cash,Regular
SAL20250058663,2025-06-28,STR025,PRD01170,1,1269.68,0.1,1142.71,694.9,UPI,Regular
SAL20250058664,2025-06-02,STR017,PRD00153,1,12724.66,0.0,12724.66,7922.12,UPI,Regular
SAL20250058665,2025-06-09,STR020,PRD00483,4,634.79,0.05,2412.2,2123.84,Credit Card,Walk-in
SAL20250058666,2025-06-26,STR002,PRD00678,1,3485.6,0.05,3311.32,2254.91,Cash,Walk-in
SAL20250058667,2025-06-28,STR031,PRD00332,1,556.82,0.1,501.14,272.93,UPI,Walk-in
SAL20250058668,2025-06-09,STR039,PRD00876,1,2635.68,0.0,2635.68,1798.38,Debit Card,Corporate
SAL20250058669,2025-06-18,STR009,PRD00813,1,3086.68,0.0,3086.68,2009.41,UPI,Regular
SAL20250058670,2025-06-25,STR007,PRD01166,2,3220.85,0.05,6119.61,3320.86,UPI,Walk-in
SAL20250058671,2025-06-01,STR008,PRD00209,1,4015.2,0.0,4015.2,2717.92,Net Banking,Walk-in
SAL20250058672,2025-06-19,STR002,PRD00766,2,1923.71,0.0,3847.42,2735.98,UPI,Premium
SAL20250058673,2025-06-05,STR037,PRD00798,1,1720.26,0.0,1720.26,961.55,UPI,Walk-in
SAL20250058674,2025-06-10,STR041,PRD00053,1,3304.53,0.1,2974.08,2309.51,Debit Card,Walk-in
SAL20250058675,2025-06-17,STR005,PRD01184,1,6927.53,0.0,6927.53,3182.7,Credit Card,Regular
SAL20250058676,2025-06-04,STR005,PRD00962,1,708.41,0.0,708.41,395.68,Credit Card,Walk-in
SAL20250058677,2025-06-14,STR040,PRD00531,3,217.65,0.0,652.95,546.6,UPI,Premium
SAL20250058678,2025-06-22,STR032,PRD00088,2,22406.29,0.0,44812.58,35054.8,UPI,Walk-in
SAL20250058679,2025-06-21,STR019,PRD00122,1,23504.26,0.0,23504.26,16366.57,UPI,Regular
SAL20250058680,2025-06-27,STR036,PRD00862,2,1883.72,0.05,3579.07,2285.08,Credit Card,Premium
SAL20250058681,2025-06-01,STR028,PRD01179,2,3455.57,0.0,6911.14,4149.04,UPI,Regular
SAL20250058682,2025-06-20,STR010,PRD00090,1,8184.6,0.05,7775.37,5556.86,Debit Card,Regular
SAL20250058683,2025-06-15,STR011,PRD00647,1,284.75,0.05,270.51,189.07,Debit Card,Premium
SAL20250058684,2025-06-01,STR028,PRD00739,3,2279.96,0.0,6839.88,4624.26,Credit Card,Regular
SAL20250058685,2025-06-30,STR035,PRD00336,2,1590.59,0.0,3181.18,1642.22,UPI,Walk-in
SAL20250058686,2025-06-28,STR007,PRD00923,1,3811.45,0.1,3430.3,2262.33,UPI,Walk-in
SAL20250058687,2025-06-30,STR014,PRD00381,3,931.15,0.0,2793.45,1593.84,Cash,Regular
SAL20250058688,2025-06-02,STR013,PRD00283,1,917.06,0.0,917.06,431.47,UPI,Regular
SAL20250058689,2025-06-12,STR041,PRD00874,1,3195.38,0.0,3195.38,2332.48,Debit Card,Regular
SAL20250058690,2025-06-26,STR013,PRD00966,1,814.75,0.05,774.01,526.45,UPI,Walk-in
SAL20250058691,2025-06-28,STR028,PRD00437,1,320.21,0.0,320.21,271.12,UPI,Regular
SAL20250058692,2025-06-04,STR034,PRD01135,1,2481.4,0.0,2481.4,1259.74,Credit Card,Regular
SAL20250058693,2025-06-24,STR017,PRD01079,2,323.52,0.05,614.69,383.08,Credit Card,Walk-in
SAL20250058694,2025-06-22,STR035,PRD00743,1,1675.83,0.0,1675.83,1131.56,Credit Card,Regular
SAL20250058695,2025-06-06,STR032,PRD00796,1,462.4,0.0,462.4,329.9,UPI,Regular
SAL20250058696,2025-06-17,STR020,PRD00338,2,1223.61,0.0,2447.22,1376.46,UPI,Regular
SAL20250058697,2025-06-04,STR023,PRD00432,2,845.55,0.0,1691.1,1294.08,UPI,Corporate
SAL20250058698,2025-06-23,STR011,PRD00754,2,372.52,0.0,745.04,441.76,Credit Card,Regular
SAL20250058699,2025-06-12,STR041,PRD00143,1,11610.06,0.05,11029.56,8058.06,Debit Card,Regular
SAL20250058700,2025-06-24,STR039,PRD00319,4,746.89,0.0,2987.56,1855.24,UPI,Regular
SAL20250058701,2025-06-09,STR038,PRD00791,2,855.75,0.0,1711.5,1198.94,UPI,Regular
SAL20250058702,2025-06-05,STR011,PRD01095,1,4795.88,0.0,4795.88,2620.97,Debit Card,Walk-in
SAL20250058703,2025-06-17,STR022,PRD00581,2,310.86,0.0,621.72,397.42,Credit Card,Corporate
SAL20250058704,2025-06-26,STR027,PRD00232,1,6785.18,0.0,6785.18,4843.37,Cash,Regular
SAL20250058705,2025-06-22,STR038,PRD00453,2,1257.16,0.0,2514.32,1892.74,UPI,Walk-in
SAL20250058706,2025-06-25,STR013,PRD00050,1,20155.67,0.0,20155.67,16076.03,UPI,Walk-in
SAL20250058707,2025-06-18,STR026,PRD00452,2,1046.75,0.1,1884.15,1759.3,UPI,Regular
SAL20250058708,2025-06-24,STR031,PRD00496,5,1047.75,0.1,4714.88,4512.2,Credit Card,Premium
SAL20250058709,2025-06-16,STR041,PRD00869,1,3787.4,0.05,3598.03,2366.4,Credit Card,Walk-in
SAL20250058710,2025-06-06,STR022,PRD00913,2,3252.33,0.0,6504.66,4321.0,Debit Card,Regular
SAL20250058711,2025-06-10,STR028,PRD00580,2,372.59,0.0,745.18,422.6,Debit Card,Regular
SAL20250058712,2025-06-12,STR001,PRD00539,2,69.32,0.1,124.78,95.46,Debit Card,Walk-in
SAL20250058713,2025-06-29,STR013,PRD00812,2,3142.68,0.0,6285.36,3646.6,Credit Card,Regular
SAL20250058714,2025-06-15,STR010,PRD00700,2,4752.07,0.0,9504.14,5729.26,Net Banking,Corporate
SAL20250058715,2025-06-02,STR020,PRD01042,2,143.52,0.05,272.69,189.38,Credit Card,Regular
SAL20250058716,2025-06-12,STR026,PRD00872,1,467.45,0.0,467.45,333.62,UPI,Regular
SAL20250058717,2025-06-06,STR002,PRD00759,1,4285.9,0.0,4285.9,2644.58,UPI,Regular
SAL20250058718,2025-06-11,STR026,PRD00761,1,367.88,0.0,367.88,269.21,Debit Card,Walk-in
SAL20250058719,2025-06-03,STR038,PRD00454,1,238.81,0.0,238.81,182.3,UPI,Corporate
SAL20250058720,2025-06-08,STR036,PRD00517,2,252.82,0.0,505.64,406.06,UPI,Regular
SAL20250058721,2025-06-07,STR017,PRD00572,3,728.84,0.0,2186.52,1406.52,Credit Card,Walk-in
SAL20250058722,2025-06-22,STR024,PRD00265,1,4797.2,0.1,4317.48,2920.06,Credit Card,Regular
SAL20250058723,2025-06-22,STR016,PRD00355,3,304.11,0.0,912.33,491.4,Debit Card,Walk-in
SAL20250058724,2025-06-07,STR001,PRD00448,3,612.68,0.0,1838.04,1555.68,Debit Card,Walk-in
SAL20250058725,2025-06-23,STR016,PRD00827,1,3989.15,0.0,3989.15,2196.59,UPI,Regular
SAL20250058726,2025-06-11,STR036,PRD00593,2,596.07,0.0,1192.14,771.68,Cash,Regular
SAL20250058727,2025-06-18,STR030,PRD00590,4,353.62,0.0,1414.48,972.72,Debit Card,Walk-in
SAL20250058728,2025-06-14,STR038,PRD01024,3,129.44,0.0,388.32,276.3,UPI,Regular
SAL20250058729,2025-06-08,STR009,PRD00893,2,963.04,0.0,1926.08,1206.1,Credit Card,Regular
SAL20250058730,2025-06-15,STR017,PRD00132,2,22943.8,0.1,41298.84,35451.34,UPI,Walk-in
SAL20250058731,2025-06-23,STR035,PRD00239,1,6180.81,0.0,6180.81,4556.06,UPI,Corporate
SAL20250058732,2025-06-03,STR029,PRD00401,5,743.9,0.0,3719.5,3142.0,Credit Card,Walk-in
SAL20250058733,2025-06-28,STR030,PRD00601,1,50.1,0.1,45.09,30.82,UPI,Walk-in
SAL20250058734,2025-06-11,STR029,PRD01018,1,139.93,0.0,139.93,88.8,Debit Card,Regular
SAL20250058735,2025-06-24,STR013,PRD00429,2,725.58,0.0,1451.16,1100.02,Cash,Walk-in
SAL20250058736,2025-06-08,STR039,PRD00423,2,256.23,0.0,512.46,427.8,UPI,Premium
SAL20250058737,2025-06-02,STR034,PRD01062,2,925.26,0.0,1850.52,1086.12,Credit Card,Walk-in
SAL20250058738,2025-06-12,STR005,PRD00101,1,2548.25,0.0,2548.25,1803.25,Cash,Regular
SAL20250058739,2025-06-01,STR003,PRD01115,2,4843.87,0.1,8718.97,4808.7,UPI,Regular
SAL20250058740,2025-06-14,STR034,PRD01065,2,936.71,0.0,1873.42,956.72,UPI,Premium
SAL20250058741,2025-06-06,STR011,PRD00703,1,940.1,0.0,940.1,700.55,UPI,Regular
SAL20250058742,2025-06-02,STR009,PRD00992,1,439.67,0.0,439.67,224.17,Net Banking,Walk-in
SAL20250058743,2025-06-21,STR019,PRD01039,4,616.85,0.0,2467.4,1575.76,Cash,Premium
SAL20250058744,2025-06-01,STR005,PRD00316,3,924.22,0.0,2772.66,1768.56,UPI,Walk-in
SAL20250058745,2025-06-10,STR029,PRD01002,3,98.3,0.0,294.9,167.07,UPI,Corporate
SAL20250058746,2025-06-30,STR020,PRD01044,1,762.23,0.0,762.23,544.48,Credit Card,Walk-in
SAL20250058747,2025-06-23,STR013,PRD00444,1,347.0,0.1,312.3,285.96,Debit Card,Regular
SAL20250058748,2025-06-09,STR017,PRD00968,2,316.7,0.0,633.4,317.52,Cash,Walk-in
SAL20250058749,2025-06-22,STR018,PRD00459,5,918.25,0.0,4591.25,3675.05,Credit Card,Regular
SAL20250058750,2025-06-26,STR037,PRD00230,1,11424.91,0.05,10853.66,7835.88,UPI,Walk-in
SAL20250058751,2025-06-28,STR014,PRD01005,2,682.39,0.0,1364.78,951.4,UPI,Premium
SAL20250058752,2025-06-08,STR039,PRD00624,2,124.7,0.0,249.4,174.16,Credit Card,Regular
SAL20250058753,2025-06-19,STR008,PRD00032,1,19217.6,0.1,17295.84,14800.0,Credit Card,Premium
SAL20250058754,2025-06-21,STR008,PRD00445,5,417.63,0.0,2088.15,1676.35,Credit Card,Premium
SAL20250058755,2025-06-29,STR040,PRD00546,2,854.43,0.1,1537.97,947.8,Credit Card,Regular
SAL20250058756,2025-06-18,STR010,PRD01028,1,93.34,0.0,93.34,48.1,Credit Card,Walk-in
SAL20250058757,2025-06-10,STR003,PRD01050,2,562.12,0.0,1124.24,658.28,Debit Card,Walk-in
SAL20250058758,2025-06-23,STR031,PRD00629,1,197.41,0.0,197.41,137.09,Debit Card,Walk-in
SAL20250058759,2025-06-21,STR021,PRD00631,4,725.12,0.0,2900.48,1677.84,Net Banking,Walk-in
SAL20250058760,2025-06-08,STR017,PRD00070,1,15101.4,0.0,15101.4,11038.01,UPI,Walk-in
SAL20250058761,2025-06-22,STR023,PRD01056,2,449.88,0.0,899.76,604.02,UPI,Premium
SAL20250058762,2025-06-07,STR008,PRD01028,1,93.34,0.0,93.34,48.1,Credit Card,Walk-in
SAL20250058763,2025-06-04,STR011,PRD01101,1,4929.57,0.0,4929.57,2668.17,Credit Card,Walk-in
SAL20250058764,2025-06-14,STR007,PRD00780,2,1384.22,0.0,2768.44,1777.72,Credit Card,Regular
SAL20250058765,2025-06-03,STR017,PRD00795,1,965.34,0.1,868.81,688.02,UPI,Premium
SAL20250058766,2025-06-02,STR041,PRD00921,2,3248.47,0.1,5847.25,3667.88,Credit Card,Regular
SAL20250058767,2025-06-10,STR009,PRD00450,1,377.7,0.0,377.7,290.54,Net Banking,Regular
SAL20250058768,2025-06-05,STR030,PRD01076,1,4373.35,0.05,4154.68,2595.55,UPI,Regular
SAL20250058769,2025-06-30,STR007,PRD00912,1,532.47,0.0,532.47,306.3,UPI,Regular
SAL20250058770,2025-06-01,STR016,PRD01162,2,3657.07,0.0,7314.14,4034.58,Cash,Regular
SAL20250058771,2025-06-18,STR010,PRD00317,2,1393.76,0.0,2787.52,1598.94,Cash,Walk-in
SAL20250058772,2025-06-02,STR010,PRD00122,1,23504.26,0.0,23504.26,16366.57,Cash,Regular
SAL20250058773,2025-06-27,STR013,PRD01160,3,7696.75,0.05,21935.74,10472.52,Credit Card,Premium
SAL20250058774,2025-06-10,STR002,PRD00931,1,1839.81,0.0,1839.81,1246.88,UPI,Walk-in
SAL20250058775,2025-06-19,STR030,PRD01148,1,584.33,0.1,525.9,241.48,UPI,Walk-in
SAL20250058776,2025-06-24,STR015,PRD00309,2,1344.75,0.0,2689.5,1274.3,Net Banking,Regular
SAL20250058777,2025-06-20,STR007,PRD00192,1,3362.18,0.0,3362.18,2170.51,Cash,Regular
SAL20250058778,2025-06-30,STR017,PRD00142,2,4154.89,0.0,8309.78,5472.88,UPI,Premium
SAL20250058779,2025-06-27,STR022,PRD00411,1,779.25,0.1,701.33,631.85,UPI,Corporate
SAL20250058780,2025-06-11,STR010,PRD01190,3,7433.72,0.0,22301.16,11310.93,Credit Card,Corporate
SAL20250058781,2025-06-03,STR028,PRD01042,2,143.52,0.0,287.04,189.38,Debit Card,Walk-in
SAL20250058782,2025-06-18,STR005,PRD00415,2,345.23,0.0,690.46,572.38,UPI,Walk-in
SAL20250058783,2025-06-18,STR019,PRD01155,2,7374.97,0.0,14749.94,7321.82,Credit Card,Walk-in
SAL20250058784,2025-06-26,STR014,PRD00263,1,3207.01,0.0,3207.01,2439.1,Credit Card,Regular
SAL20250058785,2025-06-03,STR038,PRD00245,1,6730.38,0.0,6730.38,4429.31,UPI,Walk-in
SAL20250058786,2025-06-09,STR012,PRD01093,2,4476.19,0.0,8952.38,5774.04,Credit Card,Regular
SAL20250058787,2025-06-12,STR039,PRD00295,2,1024.45,0.0,2048.9,1136.98,UPI,Premium
SAL20250058788,2025-06-01,STR032,PRD01109,1,5029.33,0.0,5029.33,2768.42,Credit Card,Regular
SAL20250058789,2025-06-03,STR021,PRD00804,1,782.93,0.1,704.64,564.78,UPI,Regular
SAL20250058790,2025-06-01,STR024,PRD00707,1,2433.38,0.0,2433.38,1626.72,Debit Card,Regular
SAL20250058791,2025-06-15,STR035,PRD01115,4,4843.87,0.0,19375.48,9617.4,UPI,Corporate
SAL20250058792,2025-06-22,STR006,PRD00437,1,320.21,0.0,320.21,271.12,Credit Card,Regular
SAL20250058793,2025-06-23,STR015,PRD01153,1,5497.78,0.1,4948.0,2499.55,UPI,Regular
SAL20250058794,2025-06-13,STR001,PRD00515,3,551.51,0.0,1654.53,1419.63,UPI,Regular
SAL20250058795,2025-06-11,STR040,PRD01174,1,4967.43,0.0,4967.43,2664.97,Cash,Regular
SAL20250058796,2025-06-08,STR009,PRD00901,2,3120.68,0.0,6241.36,4143.14,UPI,Walk-in
SAL20250058797,2025-06-06,STR026,PRD00336,2,1590.59,0.0,3181.18,1642.22,Credit Card,Regular
SAL20250058798,2025-06-13,STR002,PRD00964,2,842.84,0.0,1685.68,1150.38,UPI,Premium
SAL20250058799,2025-06-07,STR029,PRD01113,2,4340.13,0.0,8680.26,4031.84,Cash,Walk-in
SAL20250058800,2025-06-14,STR040,PRD00355,2,304.11,0.0,608.22,327.6,UPI,Regular
SAL20250058801,2025-06-11,STR024,PRD01094,1,7758.5,0.1,6982.65,3797.17,UPI,Walk-in
SAL20250058802,2025-06-30,STR031,PRD01175,1,2568.19,0.0,2568.19,1572.7,Cash,Walk-in
SAL20250058803,2025-06-18,STR031,PRD01164,1,2114.79,0.0,2114.79,1108.71,UPI,Walk-in
SAL20250058804,2025-06-13,STR022,PRD01127,2,730.99,0.0,1461.98,638.78,Credit Card,Premium
SAL20250058805,2025-06-02,STR037,PRD00698,3,1659.66,0.0,4978.98,3283.77,Cash,Premium
SAL20250058806,2025-06-15,STR014,PRD00115,1,5778.27,0.0,5778.27,4176.17,UPI,Corporate
SAL20250058807,2025-06-06,STR019,PRD01007,4,886.03,0.0,3544.12,2009.52,Credit Card,Regular
SAL20250058808,2025-06-17,STR002,PRD00671,2,327.72,0.1,589.9,416.02,Credit Card,Premium
SAL20250058809,2025-06-29,STR014,PRD00161,1,9190.04,0.1,8271.04,7015.28,UPI,Regular
SAL20250058810,2025-06-03,STR018,PRD00478,3,959.84,0.0,2879.52,2436.78,Debit Card,Walk-in
SAL20250058811,2025-06-21,STR015,PRD00892,1,2494.33,0.0,2494.33,1742.01,Debit Card,Walk-in
SAL20250058812,2025-06-13,STR010,PRD00477,3,121.21,0.0,363.63,292.98,UPI,Premium
SAL20250058813,2025-06-17,STR029,PRD01058,3,211.57,0.0,634.71,435.06,UPI,Regular
SAL20250058814,2025-06-13,STR012,PRD00842,1,1322.87,0.0,1322.87,956.88,UPI,Regular
SAL20250058815,2025-06-22,STR003,PRD00897,1,3626.87,0.05,3445.53,2369.21,Debit Card,Premium
SAL20250058816,2025-06-28,STR027,PRD00580,3,372.59,0.0,1117.77,633.9,Net Banking,Regular
SAL20250058817,2025-06-27,STR006,PRD00641,4,499.93,0.1,1799.75,1332.48,Credit Card,Regular
SAL20250058818,2025-06-01,STR011,PRD00727,3,737.62,0.0,2212.86,1326.84,UPI,Regular
SAL20250058819,2025-06-27,STR035,PRD01083,1,8991.53,0.0,8991.53,3921.72,Cash,Regular
SAL20250058820,2025-06-12,STR036,PRD00862,4,1883.72,0.05,7158.14,4570.16,Credit Card,Walk-in
SAL20250058821,2025-06-07,STR034,PRD00348,1,1231.54,0.0,1231.54,694.06,Credit Card,Premium
SAL20250058822,2025-06-03,STR020,PRD00865,2,2254.56,0.0,4509.12,2847.86,Net Banking,Corporate
SAL20250058823,2025-06-23,STR012,PRD00786,2,2271.94,0.0,4543.88,3066.98,UPI,Premium
SAL20250058824,2025-06-25,STR002,PRD01170,2,1269.68,0.0,2539.36,1389.8,Credit Card,Regular
SAL20250058825,2025-06-20,STR019,PRD00752,4,4535.72,0.0,18142.88,12091.56,Debit Card,Premium
SAL20250058826,2025-06-02,STR019,PRD00105,1,9145.0,0.05,8687.75,7010.14,Debit Card,Walk-in
SAL20250058827,2025-06-24,STR037,PRD00790,1,1379.35,0.0,1379.35,902.72,UPI,Corporate
SAL20250058828,2025-06-30,STR038,PRD01182,1,9675.4,0.0,9675.4,4265.56,Net Banking,Regular
SAL20250058829,2025-06-15,STR001,PRD01049,3,225.77,0.0,677.31,413.64,UPI,Regular
SAL20250058830,2025-06-30,STR002,PRD00568,1,465.88,0.0,465.88,288.31,Credit Card,Regular
SAL20250058831,2025-06-26,STR012,PRD01126,1,2931.04,0.0,2931.04,1651.37,UPI,Regular
SAL20250058832,2025-06-29,STR039,PRD00885,1,1948.54,0.0,1948.54,1253.39,Debit Card,Regular
SAL20250058833,2025-06-02,STR040,PRD00840,1,2736.67,0.1,2463.0,1682.08,Cash,Walk-in
SAL20250058834,2025-06-24,STR006,PRD00051,1,18906.15,0.0,18906.15,13812.18,UPI,Walk-in
SAL20250058835,2025-06-02,STR003,PRD00080,1,17292.25,0.0,17292.25,13027.41,Credit Card,Corporate
SAL20250058836,2025-06-25,STR004,PRD00557,4,210.61,0.0,842.44,537.72,Credit Card,Walk-in
SAL20250058837,2025-06-12,STR032,PRD01176,1,5880.6,0.1,5292.54,3519.33,Debit Card,Regular
SAL20250058838,2025-06-16,STR014,PRD00142,1,4154.89,0.0,4154.89,2736.44,UPI,Premium
SAL20250058839,2025-06-08,STR036,PRD00450,4,377.7,0.0,1510.8,1162.16,Debit Card,Walk-in
SAL20250058840,2025-06-15,STR017,PRD00288,2,827.89,0.0,1655.78,878.72,UPI,Walk-in
SAL20250058841,2025-06-01,STR024,PRD00851,1,2659.29,0.0,2659.29,1927.39,Cash,Walk-in
SAL20250058842,2025-06-12,STR021,PRD00781,2,2809.53,0.0,5619.06,4141.68,UPI,Regular
SAL20250058843,2025-06-08,STR012,PRD00103,1,4104.09,0.1,3693.68,2941.45,Cash,Premium
SAL20250058844,2025-06-10,STR022,PRD00611,3,51.03,0.1,137.78,113.43,UPI,Walk-in
SAL20250058845,2025-06-12,STR016,PRD00444,5,347.0,0.0,1735.0,1429.8,UPI,Regular
SAL20250058846,2025-06-11,STR038,PRD00106,1,3614.0,0.0,3614.0,2487.36,UPI,Walk-in
SAL20250058847,2025-06-06,STR040,PRD00406,6,663.68,0.0,3982.08,3198.36,UPI,Regular
SAL20250058848,2025-06-19,STR006,PRD01108,1,4924.79,0.0,4924.79,2289.5,UPI,Regular
SAL20250058849,2025-06-19,STR036,PRD00307,1,743.28,0.1,668.95,482.82,UPI,Walk-in
SAL20250058850,2025-06-12,STR004,PRD00786,1,2271.94,0.0,2271.94,1533.49,UPI,Regular
SAL20250058851,2025-06-05,STR034,PRD00546,3,854.43,0.0,2563.29,1421.7,Credit Card,Regular
SAL20250058852,2025-06-29,STR019,PRD00227,1,5367.28,0.0,5367.28,3567.65,UPI,Regular
SAL20250058853,2025-06-08,STR004,PRD00617,1,496.18,0.0,496.18,363.01,Debit Card,Premium
SAL20250058854,2025-06-19,STR014,PRD00355,2,304.11,0.0,608.22,327.6,UPI,Walk-in
SAL20250058855,2025-06-28,STR014,PRD00966,1,814.75,0.0,814.75,526.45,Net Banking,Regular
SAL20250058856,2025-06-20,STR041,PRD00686,1,3692.38,0.0,3692.38,2113.83,Debit Card,Walk-in
SAL20250058857,2025-06-22,STR028,PRD00156,1,1591.76,0.0,1591.76,1231.95,UPI,Walk-in
SAL20250058858,2025-06-30,STR006,PRD00830,1,1783.32,0.0,1783.32,1089.78,UPI,Corporate
SAL20250058859,2025-06-27,STR041,PRD00557,2,210.61,0.1,379.1,268.86,Cash,Premium
SAL20250058860,2025-06-21,STR017,PRD00559,1,674.89,0.0,674.89,421.56,Credit Card,Regular
SAL20250058861,2025-06-23,STR037,PRD00129,1,19597.62,0.0,19597.62,15263.15,Cash,Premium
SAL20250058862,2025-06-01,STR035,PRD00878,1,1229.84,0.0,1229.84,796.56,Debit Card,Walk-in
SAL20250058863,2025-06-22,STR018,PRD00006,1,3457.14,0.0,3457.14,2519.92,UPI,Walk-in
SAL20250058864,2025-06-24,STR010,PRD01064,3,155.0,0.0,465.0,235.89,UPI,Regular
SAL20250058865,2025-06-30,STR026,PRD00525,4,76.55,0.1,275.58,265.8,Credit Card,Regular
SAL20250058866,2025-06-29,STR010,PRD00331,1,133.4,0.0,133.4,89.83,UPI,Regular
SAL20250058867,2025-06-20,STR032,PRD00368,3,927.52,0.0,2782.56,1763.79,Credit Card,Regular
SAL20250058868,2025-06-02,STR026,PRD00743,1,1675.83,0.05,1592.04,1131.56,Credit Card,Regular
SAL20250058869,2025-06-05,STR021,PRD00559,3,674.89,0.0,2024.67,1264.68,Cash,Regular
SAL20250058870,2025-06-23,STR031,PRD00369,1,1020.79,0.0,1020.79,482.49,UPI,Premium
SAL20250058871,2025-06-19,STR022,PRD00628,3,365.09,0.0,1095.27,632.43,Debit Card,Walk-in
SAL20250058872,2025-06-22,STR041,PRD00666,3,224.43,0.0,673.29,488.13,UPI,Premium
SAL20250058873,2025-06-10,STR041,PRD00652,2,210.65,0.0,421.3,274.0,Credit Card,Walk-in
SAL20250058874,2025-06-16,STR020,PRD00897,4,3626.87,0.0,14507.48,9476.84,Credit Card,Corporate
SAL20250058875,2025-06-11,STR010,PRD00119,1,21410.34,0.0,21410.34,16034.57,UPI,Premium
SAL20250058876,2025-06-30,STR005,PRD00618,5,249.13,0.0,1245.65,915.15,Credit Card,Premium
SAL20250058877,2025-06-22,STR005,PRD00724,3,2856.14,0.05,8140.0,4783.23,Credit Card,Corporate
SAL20250058878,2025-06-15,STR008,PRD00647,2,284.75,0.0,569.5,378.14,Net Banking,Premium
SAL20250058879,2025-06-04,STR029,PRD00756,1,3090.95,0.0,3090.95,2208.4,Credit Card,Regular
SAL20250058880,2025-06-30,STR041,PRD00363,3,1443.62,0.0,4330.86,2071.05,Credit Card,Regular
SAL20250058881,2025-06-18,STR008,PRD00143,1,11610.06,0.0,11610.06,8058.06,Credit Card,Walk-in
SAL20250058882,2025-06-24,STR037,PRD00094,1,15405.56,0.1,13865.0,12408.34,Net Banking,Regular
SAL20250058883,2025-06-08,STR027,PRD00494,6,893.47,0.0,5360.82,4096.38,UPI,Premium
SAL20250058884,2025-06-16,STR028,PRD00750,1,3884.81,0.0,3884.81,2144.98,UPI,Premium
SAL20250058885,2025-06-16,STR017,PRD00270,1,1213.51,0.1,1092.16,769.06,Cash,Premium
SAL20250058886,2025-06-04,STR008,PRD00890,1,891.3,0.0,891.3,535.93,UPI,Walk-in
SAL20250058887,2025-06-28,STR035,PRD00289,1,1047.34,0.0,1047.34,607.0,Credit Card,Regular
SAL20250058888,2025-06-05,STR032,PRD00257,2,3131.42,0.05,5949.7,4291.54,Credit Card,Walk-in
SAL20250058889,2025-06-28,STR003,PRD00058,2,3380.1,0.0,6760.2,5137.0,UPI,Walk-in
SAL20250058890,2025-06-16,STR018,PRD00286,1,390.77,0.05,371.23,253.34,Credit Card,Premium
SAL20250058891,2025-06-12,STR018,PRD00645,1,456.66,0.1,410.99,330.42,Cash,Walk-in
SAL20250058892,2025-06-06,STR026,PRD01084,2,10498.54,0.0,20997.08,8422.78,UPI,Regular
SAL20250058893,2025-06-02,STR040,PRD01181,1,2062.42,0.0,2062.42,1282.83,Credit Card,Walk-in
SAL20250058894,2025-06-22,STR018,PRD00314,3,610.16,0.0,1830.48,1117.23,Cash,Regular
SAL20250058895,2025-06-08,STR008,PRD00286,1,390.77,0.05,371.23,253.34,Cash,Premium
SAL20250058896,2025-06-10,STR009,PRD00421,2,579.98,0.0,1159.96,973.0,UPI,Regular
SAL20250058897,2025-06-10,STR006,PRD00694,2,3202.51,0.0,6405.02,4638.02,UPI,Walk-in
SAL20250058898,2025-06-09,STR024,PRD00378,1,667.36,0.05,633.99,365.54,Credit Card,Premium
SAL20250058899,2025-06-16,STR034,PRD00587,2,250.15,0.05,475.28,343.58,Cash,Premium
SAL20250058900,2025-06-04,STR032,PRD00462,10,271.55,0.0,2715.5,2052.6,Credit Card,Regular
SAL20250058901,2025-06-02,STR001,PRD00288,1,827.89,0.0,827.89,439.36,Debit Card,Walk-in
SAL20250058902,2025-06-13,STR023,PRD00257,1,3131.42,0.0,3131.42,2145.77,UPI,Regular
SAL20250058903,2025-06-01,STR032,PRD01133,4,8197.9,0.0,32791.6,15060.08,UPI,Regular
SAL20250058904,2025-06-17,STR029,PRD00244,1,9135.72,0.0,9135.72,5766.93,Credit Card,Corporate
SAL20250058905,2025-06-30,STR036,PRD00761,2,367.88,0.0,735.76,538.42,UPI,Premium
SAL20250058906,2025-06-14,STR019,PRD00083,3,9369.31,0.0,28107.93,19386.81,Credit Card,Regular
SAL20250058907,2025-06-07,STR008,PRD01015,1,771.47,0.0,771.47,541.12,Debit Card,Regular
SAL20250058908,2025-06-05,STR037,PRD01063,10,747.32,0.0,7473.2,4883.9,Debit Card,Regular
SAL20250058909,2025-06-09,STR020,PRD00906,2,3449.48,0.0,6898.96,4232.44,Credit Card,Corporate
SAL20250058910,2025-06-06,STR009,PRD00298,1,1012.57,0.05,961.94,666.12,Cash,Corporate
SAL20250058911,2025-06-30,STR002,PRD00674,2,2861.74,0.0,5723.48,3181.18,Credit Card,Premium
SAL20250058912,2025-06-06,STR012,PRD00033,1,2653.86,0.0,2653.86,1783.28,Credit Card,Regular
SAL20250058913,2025-06-11,STR032,PRD00918,4,2741.1,0.1,9867.96,7949.76,Debit Card,Walk-in
SAL20250058914,2025-06-30,STR036,PRD00023,1,6541.47,0.0,6541.47,4428.32,UPI,Premium
SAL20250058915,2025-06-14,STR001,PRD00855,1,2084.62,0.1,1876.16,1525.55,Credit Card,Premium
SAL20250058916,2025-06-04,STR035,PRD00290,2,747.46,0.0,1494.92,956.64,UPI,Regular
SAL20250058917,2025-06-12,STR030,PRD00782,3,3353.32,0.0,10059.96,5872.56,UPI,Premium
SAL20250058918,2025-06-18,STR006,PRD00665,6,157.57,0.0,945.42,618.84,UPI,Regular
SAL20250058919,2025-06-06,STR030,PRD00725,3,2084.99,0.1,5629.47,4535.07,UPI,Regular
SAL20250058920,2025-06-04,STR036,PRD00764,1,3332.71,0.0,3332.71,1836.11,UPI,Regular
SAL20250058921,2025-06-06,STR027,PRD01096,1,3066.12,0.0,3066.12,1714.26,Debit Card,Walk-in
SAL20250058922,2025-06-21,STR015,PRD00538,1,57.89,0.05,55.0,41.78,Debit Card,Regular
SAL20250058923,2025-06-26,STR020,PRD00468,1,180.53,0.0,180.53,148.32,Credit Card,Regular
SAL20250058924,2025-06-04,STR015,PRD00599,1,273.52,0.0,273.52,189.37,Debit Card,Walk-in
SAL20250058925,2025-06-20,STR021,PRD00826,1,174.23,0.0,174.23,120.2,Cash,Regular
SAL20250058926,2025-06-09,STR039,PRD00087,1,23253.22,0.0,23253.22,15702.94,Debit Card,Regular
SAL20250058927,2025-06-17,STR037,PRD00599,5,273.52,0.0,1367.6,946.85,UPI,Regular
SAL20250058928,2025-06-27,STR021,PRD00624,4,124.7,0.05,473.86,348.32,UPI,Regular
SAL20250058929,2025-06-10,STR021,PRD00556,5,634.75,0.0,3173.75,2354.9,UPI,Walk-in
SAL20250058930,2025-06-06,STR018,PRD00614,1,52.25,0.05,49.64,34.28,UPI,Regular
SAL20250058931,2025-06-14,STR011,PRD01150,1,4074.75,0.0,4074.75,2372.04,UPI,Regular
SAL20250058932,2025-06-11,STR041,PRD00937,10,262.48,0.0,2624.8,1775.6,Net Banking,Walk-in
SAL20250058933,2025-06-17,STR041,PRD00735,2,2710.38,0.05,5149.72,3232.56,Debit Card,Premium
SAL20250058934,2025-06-05,STR039,PRD00489,4,850.74,0.0,3402.96,2763.52,Credit Card,Regular
SAL20250058935,2025-06-20,STR003,PRD00125,1,1511.82,0.0,1511.82,1056.29,Debit Card,Regular
SAL20250058936,2025-06-07,STR009,PRD00367,2,450.03,0.0,900.06,493.56,Debit Card,Walk-in
SAL20250058937,2025-06-28,STR010,PRD00645,3,456.66,0.05,1301.48,991.26,Credit Card,Regular
SAL20250058938,2025-06-12,STR018,PRD00502,2,721.0,0.0,1442.0,1257.44,Net Banking,Regular
SAL20250058939,2025-06-18,STR040,PRD00799,3,3907.93,0.0,11723.79,7375.74,Net Banking,Regular
SAL20250058940,2025-06-15,STR033,PRD00607,1,313.72,0.0,313.72,181.35,Debit Card,Premium
SAL20250058941,2025-06-09,STR015,PRD00411,5,779.25,0.0,3896.25,3159.25,Debit Card,Regular
SAL20250058942,2025-06-11,STR008,PRD00474,3,108.22,0.0,324.66,268.11,Debit Card,Walk-in
SAL20250058943,2025-06-08,STR033,PRD00806,2,330.79,0.1,595.42,373.26,UPI,Premium
SAL20250058944,2025-06-20,STR036,PRD00554,3,805.55,0.0,2416.65,1399.23,Credit Card,Regular
SAL20250058945,2025-06-29,STR020,PRD00252,3,10910.07,0.0,32730.21,22569.75,Credit Card,Premium
SAL20250058946,2025-06-03,STR004,PRD00461,2,198.22,0.0,396.44,338.9,Debit Card,Regular
SAL20250058947,2025-06-27,STR041,PRD00964,2,842.84,0.0,1685.68,1150.38,UPI,Walk-in
SAL20250058948,2025-06-06,STR029,PRD00192,1,3362.18,0.0,3362.18,2170.51,Debit Card,Regular
SAL20250058949,2025-06-23,STR040,PRD00381,1,931.15,0.0,931.15,531.28,UPI,Walk-in
SAL20250058950,2025-06-21,STR005,PRD00066,1,7423.58,0.05,7052.4,5820.76,UPI,Walk-in
SAL20250058951,2025-06-05,STR020,PRD00184,1,3565.48,0.0,3565.48,2588.7,Credit Card,Premium
SAL20250058952,2025-06-25,STR032,PRD00126,1,8140.39,0.0,8140.39,6131.32,UPI,Walk-in
SAL20250058953,2025-06-04,STR039,PRD00562,1,671.35,0.0,671.35,471.47,UPI,Regular
SAL20250058954,2025-06-11,STR005,PRD00047,3,27210.89,0.0,81632.67,53768.85,UPI,Corporate
SAL20250058955,2025-06-13,STR015,PRD00174,1,698.44,0.0,698.44,523.24,Debit Card,Walk-in
SAL20250058956,2025-06-27,STR038,PRD00613,2,239.41,0.1,430.94,357.22,Credit Card,Regular
SAL20250058957,2025-06-01,STR004,PRD00453,3,1257.16,0.0,3771.48,2839.11,Credit Card,Regular
SAL20250058958,2025-06-09,STR028,PRD01074,2,6150.42,0.0,12300.84,6538.3,Credit Card,Regular
SAL20250058959,2025-06-21,STR028,,6,218.73,0.0,1312.38,1001.58,UPI,Walk-in
SAL20250058960,2025-06-23,STR035,PRD00717,1,402.54,0.0,402.54,262.23,UPI,Regular
SAL20250058961,2025-06-24,STR031,PRD01062,5,925.26,0.0,4626.3,2715.3,UPI,Regular
SAL20250058962,2025-06-30,STR041,PRD00355,2,304.11,0.0,608.22,327.6,UPI,Walk-in
SAL20250058963,2025-06-12,STR039,PRD01080,2,1721.88,0.0,3443.76,1543.46,UPI,Regular
SAL20250058964,2025-06-22,STR005,PRD00607,3,313.72,0.0,941.16,544.05,Cash,Regular
SAL20250058965,2025-06-28,STR001,PRD00122,2,23504.26,0.05,44658.09,32733.14,Credit Card,Walk-in
SAL20250058966,2025-06-26,STR036,PRD01198,1,7043.58,0.0,7043.58,4432.23,Credit Card,Premium
SAL20250058967,2025-06-30,STR012,PRD00910,3,2302.88,0.0,6908.64,4739.07,UPI,Walk-in
SAL20250058968,2025-06-02,STR014,PRD00782,1,3353.32,0.0,3353.32,1957.52,UPI,Premium
SAL20250058969,2025-06-20,STR002,PRD01143,1,5565.18,0.05,5286.92,3157.32,Debit Card,Regular
SAL20250058970,2025-06-29,STR021,PRD00299,1,1362.69,0.1,1226.42,823.3,UPI,Premium
SAL20250058971,2025-06-29,,PRD00323,1,361.28,0.0,361.28,188.15,Debit Card,Walk-in
SAL20250058972,2025-06-07,STR024,PRD00632,1,758.72,0.0,758.72,430.06,Credit Card,Regular
SAL20250058973,2025-06-14,STR013,PRD00481,1,391.79,0.1,352.61,316.76,Credit Card,Regular
SAL20250058974,2025-06-19,STR007,PRD00363,1,1443.62,0.0,1443.62,690.35,UPI,Regular
SAL20250058975,2025-06-22,STR024,PRD00626,3,125.9,0.0,377.7,227.79,Credit Card,Regular
SAL20250058976,2025-06-15,STR029,PRD01065,1,936.71,0.05,889.87,478.36,UPI,Regular
SAL20250058977,2025-06-06,STR033,PRD00063,1,19546.78,0.0,19546.78,13446.97,Debit Card,Premium
SAL20250058978,2025-06-14,STR012,PRD00048,1,26663.85,0.0,26663.85,18297.1,Debit Card,Walk-in
SAL20250058979,2025-06-11,STR004,PRD00834,2,1440.43,0.0,2880.86,1830.98,UPI,Walk-in
SAL20250058980,2025-06-18,STR007,PRD00839,1,2839.58,0.05,2697.6,1814.97,UPI,Regular
SAL20250058981,2025-06-01,STR017,PRD00751,2,3034.29,0.0,6068.58,3880.72,Credit Card,Regular
SAL20250058982,2025-06-18,STR032,PRD00665,2,157.57,0.1,283.63,206.28,Credit Card,Walk-in
SAL20250058983,2025-06-19,STR037,PRD00818,2,2330.04,0.0,4660.08,3338.28,Credit Card,Walk-in
SAL20250058984,2025-06-15,STR018,PRD00470,1,416.77,0.05,395.93,325.11,UPI,Regular
SAL20250058985,2025-06-12,STR002,PRD01101,3,4929.57,0.0,14788.71,8004.51,UPI,Regular
SAL20250058986,2025-06-21,STR020,PRD00030,1,17262.94,0.1,15536.65,12589.59,Cash,Regular
SAL20250058987,2025-06-11,STR012,PRD00457,1,726.05,0.0,726.05,549.39,UPI,Premium
SAL20250058988,2025-06-14,STR019,PRD00575,3,90.77,0.0,272.31,201.24,Cash,Premium
SAL20250058989,2025-06-10,STR007,PRD00324,2,1095.89,0.0,2191.78,1429.82,Credit Card,Regular
SAL20250058990,2025-06-05,STR040,PRD01167,2,1364.58,0.1,2456.24,1671.32,UPI,Walk-in
SAL20250058991,2025-06-18,STR014,PRD00817,1,3058.64,0.0,3058.64,2165.66,Debit Card,Walk-in
SAL20250058992,2025-06-10,STR022,PRD01020,1,560.55,0.1,504.49,361.97,Debit Card,Regular
SAL20250058993,2025-06-14,STR039,PRD00996,2,577.22,0.0,1154.44,658.78,Cash,Regular
SAL20250058994,2025-06-17,STR002,PRD01043,2,134.43,0.1,241.97,160.92,UPI,Walk-in
SAL20250058995,2025-06-11,STR039,PRD01079,1,323.52,0.05,307.34,191.54,Net Banking,Walk-in
SAL20250058996,2025-06-29,STR017,PRD00813,1,3086.68,0.0,3086.68,2009.41,Debit Card,Regular
SAL20250058997,2025-06-09,STR025,PRD01056,1,449.88,0.0,449.88,302.01,UPI,Premium
SAL20250058998,2025-06-20,STR041,PRD00602,5,328.03,0.0,1640.15,1036.4,Credit Card,Regular
SAL20250058999,2025-06-28,STR035,PRD01142,1,3878.91,0.0,3878.91,2264.79,UPI,Regular
SAL20250059000,2025-06-16,STR023,PRD00277,1,1350.87,0.0,1350.87,680.25,Credit Card,Regular
SAL20250059001,2025-06-28,STR005,PRD00135,1,9390.96,0.0,9390.96,6866.63,Cash,Regular
SAL20250059002,2025-06-26,STR004,PRD01006,5,849.47,0.0,4247.35,3033.45,Cash,Walk-in
SAL20250059003,2025-06-04,STR019,PRD01199,2,6549.57,0.1,11789.23,6793.3,UPI,Regular
SAL20250059004,2025-06-23,STR040,PRD00194,1,5905.12,0.0,5905.12,4140.26,Credit Card,Regular
SAL20250059005,2025-06-12,STR017,PRD00758,1,4375.02,0.0,4375.02,3168.27,UPI,Regular
SAL20250059006,2025-06-10,STR025,PRD00998,2,883.36,0.0,1766.72,899.78,Credit Card,Regular
SAL20250059007,2025-06-27,STR019,PRD00695,1,2280.88,0.0,2280.88,1276.46,UPI,Walk-in
SAL20250059008,2025-06-25,STR021,PRD00244,1,9135.72,0.0,9135.72,5766.93,UPI,Premium
SAL20250059009,2025-06-09,STR040,PRD00979,2,62.69,0.05,119.11,74.86,Net Banking,Regular
SAL20250059010,2025-06-07,STR032,PRD00967,4,44.43,0.0,177.72,114.16,UPI,Walk-in
SAL20250059011,2025-06-11,STR022,PRD00574,6,560.83,0.0,3364.98,2031.36,Debit Card,Walk-in
SAL20250059012,2025-06-24,STR038,PRD00980,3,608.25,0.1,1642.28,1086.78,UPI,Regular
SAL20250059013,2025-06-20,STR037,PRD00309,1,1344.75,0.05,1277.51,637.15,UPI,Regular
SAL20250059014,2025-06-26,STR004,PRD00853,1,3236.74,0.0,3236.74,1868.14,UPI,Regular
SAL20250059015,2025-06-04,STR007,PRD00408,1,1017.09,0.0,1017.09,782.92,UPI,Premium
SAL20250059016,2025-06-29,STR026,PRD00325,1,1273.47,0.0,1273.47,587.01,UPI,Walk-in
SAL20250059017,2025-06-21,STR011,PRD00743,1,1675.83,0.05,1592.04,1131.56,UPI,Regular
SAL20250059018,2025-06-01,STR039,PRD00285,2,1499.26,0.0,2998.52,1537.52,Debit Card,Regular
SAL20250059019,2025-06-11,STR020,PRD01196,1,1369.18,0.0,1369.18,596.89,UPI,Regular
SAL20250059020,2025-06-23,STR026,PRD00279,3,704.62,0.0,2113.86,1337.76,UPI,Regular
SAL20250059021,2025-06-09,STR041,PRD00666,6,224.43,0.0,1346.58,976.26,UPI,Walk-in
SAL20250059022,2025-06-25,STR011,PRD00718,3,2341.08,0.0,7023.24,5027.97,Debit Card,Regular
SAL20250059023,2025-06-30,STR011,PRD00908,4,2285.46,0.0,9141.84,5360.24,UPI,Regular
SAL20250059024,2025-06-30,STR017,PRD00524,2,128.85,0.0,257.7,213.0,Cash,Regular
SAL20250059025,2025-06-03,STR015,PRD00712,3,1580.0,0.0,4740.0,2841.45,UPI,Walk-in
SAL20250059026,2025-06-29,STR003,PRD00572,1,728.84,0.05,692.4,468.84,Credit Card,Walk-in
SAL20250059027,2025-06-13,STR037,PRD00144,1,7333.73,0.0,7333.73,4964.07,Credit Card,Premium
SAL20250059028,2025-06-25,STR021,PRD00161,2,9190.04,0.0,18380.08,14030.56,UPI,Walk-in
SAL20250059029,2025-06-07,STR015,PRD00500,1,936.13,0.0,936.13,757.53,Credit Card,Walk-in
SAL20250059030,2025-06-25,STR022,PRD00777,2,3515.65,0.1,6328.17,3883.56,Debit Card,Premium
SAL20250059031,2025-06-03,STR005,PRD00732,2,4150.55,0.0,8301.1,5297.02,UPI,Walk-in
SAL20250059032,2025-06-04,STR002,PRD01097,1,4205.24,0.0,4205.24,2054.25,Debit Card,Walk-in
SAL20250059033,2025-06-04,STR033,PRD00564,3,566.41,0.0,1699.23,1043.91,UPI,Premium
SAL20250059034,2025-06-04,STR012,PRD01137,1,2009.09,0.0,2009.09,1074.27,Debit Card,Premium
SAL20250059035,2025-06-10,STR007,PRD00198,3,4266.35,0.0,12799.05,8929.14,Credit Card,Walk-in
SAL20250059036,2025-06-26,STR038,,1,338.62,0.0,338.62,227.68,Net Banking,Walk-in
SAL20250059037,2025-06-27,STR019,PRD00930,1,4102.13,0.0,4102.13,2365.34,UPI,Regular
SAL20250059038,2025-06-05,STR016,PRD00278,1,439.84,0.0,439.84,292.07,Cash,Corporate
SAL20250059039,2025-06-25,STR009,PRD01161,1,5090.05,0.0,5090.05,2218.96,UPI,Regular
SAL20250059040,2025-06-02,STR030,PRD00937,1,262.48,0.0,262.48,177.56,Cash,Corporate
SAL20250059041,2025-06-18,STR041,PRD00239,1,6180.81,0.0,6180.81,4556.06,UPI,Walk-in
SAL20250059042,2025-06-16,STR007,PRD00636,3,685.82,0.0,2057.46,1357.32,Debit Card,Premium
SAL20250059043,2025-06-12,STR006,PRD00176,1,4757.11,0.1,4281.4,2887.26,Debit Card,Premium
SAL20250059044,2025-06-27,STR012,PRD01198,1,7043.58,0.1,6339.22,4432.23,Credit Card,Walk-in
SAL20250059045,2025-06-03,STR003,PRD00432,4,845.55,0.1,3043.98,2588.16,Credit Card,Regular
SAL20250059046,2025-06-15,STR030,PRD00752,2,4535.72,0.0,9071.44,6045.78,Debit Card,Regular
SAL20250059047,2025-06-01,STR040,PRD01157,1,8076.82,0.0,8076.82,4265.41,UPI,Regular
SAL20250059048,2025-06-19,STR027,PRD00535,1,314.95,0.05,299.2,224.28,UPI,Regular
SAL20250059049,2025-06-09,STR005,PRD00560,1,314.33,0.0,314.33,218.79,UPI,Regular
SAL20250059050,2025-06-15,STR036,PRD01096,1,3066.12,0.0,3066.12,1714.26,Cash,Regular
SAL20250059051,2025-06-12,STR025,PRD00103,2,4104.09,0.0,8208.18,5882.9,Net Banking,Premium
SAL20250059052,2025-06-21,STR022,PRD00527,2,938.3,0.0,1876.6,1482.54,Debit Card,Walk-in
SAL20250059053,2025-06-09,STR021,PRD01064,2,155.0,0.05,294.5,157.26,Cash,Regular
SAL20250059054,2025-06-13,STR023,PRD00328,1,1206.9,0.0,1206.9,619.01,UPI,Walk-in
SAL20250059055,2025-06-25,STR018,PRD01165,2,6335.51,0.0,12671.02,6057.38,UPI,Walk-in
SAL20250059056,2025-06-20,STR012,PRD00024,1,23723.95,0.0,23723.95,15500.24,Cash,Premium
SAL20250059057,2025-06-25,STR027,PRD00520,1,482.69,0.0,482.69,405.86,Credit Card,Premium
SAL20250059058,2025-06-05,STR036,PRD00517,1,252.82,0.0,252.82,203.03,Debit Card,Regular
SAL20250059059,2025-06-15,STR015,PRD00832,1,1859.75,0.0,1859.75,1370.28,UPI,Premium
SAL20250059060,2025-06-13,STR014,PRD00283,4,917.06,0.0,3668.24,1725.88,Credit Card,Regular
SAL20250059061,2025-06-03,STR016,PRD00756,1,3090.95,0.05,2936.4,2208.4,Credit Card,Walk-in
SAL20250059062,2025-06-03,STR033,PRD00475,1,749.71,0.0,749.71,568.96,UPI,Regular
SAL20250059063,2025-06-22,STR041,PRD00598,4,173.87,0.0,695.48,489.96,Credit Card,Walk-in
SAL20250059064,2025-06-04,STR036,PRD00033,3,2653.86,0.0,7961.58,5349.84,Cash,Walk-in
SAL20250059065,2025-06-10,STR030,PRD01095,2,4795.88,0.1,8632.58,5241.94,Credit Card,Premium
SAL20250059066,2025-06-11,STR024,PRD00355,1,304.11,0.0,304.11,163.8,UPI,Walk-in
SAL20250059067,2025-06-15,STR032,PRD00791,1,855.75,0.0,855.75,599.47,Credit Card,Walk-in
SAL20250059068,2025-06-06,STR028,PRD00437,1,320.21,0.1,288.19,271.12,UPI,Regular
SAL20250059069,2025-06-25,STR018,PRD00522,6,1139.79,0.0,6838.74,5254.98,UPI,Walk-in
SAL20250059070,2025-06-20,STR014,PRD00985,2,79.43,0.0,158.86,110.12,Credit Card,Walk-in
SAL20250059071,2025-06-01,STR036,PRD00311,2,936.08,0.0,1872.16,1156.68,UPI,Walk-in
SAL20250059072,2025-06-29,STR035,PRD00328,3,1206.9,0.0,3620.7,1857.03,Cash,Regular
SAL20250059073,2025-06-01,STR036,PRD00652,3,210.65,0.0,631.95,411.0,Cash,Regular
SAL20250059074,2025-06-29,STR012,PRD00140,3,6378.06,0.0,19134.18,14555.1,UPI,Walk-in
SAL20250059075,2025-06-24,STR029,PRD01053,1,481.32,0.0,481.32,312.78,Cash,Regular
SAL20250059076,2025-06-30,STR036,PRD01055,1,428.04,0.0,428.04,266.57,Debit Card,Walk-in
SAL20250059077,2025-06-27,STR031,PRD00281,4,679.79,0.0,2719.16,1574.08,Credit Card,Regular
SAL20250059078,2025-06-19,STR031,PRD00527,3,938.3,0.0,2814.9,2223.81,UPI,Walk-in
SAL20250059079,2025-06-03,STR006,PRD00041,1,19732.0,0.0,19732.0,14953.27,Debit Card,Premium
SAL20250059080,2025-06-15,STR006,PRD00744,1,4365.48,0.1,3928.93,2879.4,UPI,Walk-in
SAL20250059081,2025-06-09,STR028,PRD00549,6,585.62,0.0,3513.72,2294.4,Debit Card,Walk-in
SAL20250059082,2025-06-24,STR028,PRD00679,1,2876.53,0.05,2732.7,1865.54,Debit Card,Premium
SAL20250059083,2025-06-23,STR005,PRD00129,2,19597.62,0.0,39195.24,30526.3,Credit Card,Regular
SAL20250059084,2025-06-28,STR023,PRD00425,1,878.01,0.1,790.21,697.51,UPI,Regular
SAL20250059085,2025-06-20,STR041,PRD00530,1,663.27,0.0,663.27,562.07,Debit Card,Walk-in
SAL20250059086,2025-06-16,STR037,PRD00007,1,20090.22,0.0,20090.22,15462.2,UPI,Regular
SAL20250059087,2025-06-05,STR022,PRD00168,2,8820.25,0.0,17640.5,13222.12,UPI,Regular
SAL20250059088,2025-06-03,STR023,PRD00507,1,259.46,0.0,259.46,215.35,UPI,Regular
SAL20250059089,2025-06-17,STR038,PRD00635,3,332.03,0.0,996.09,621.9,UPI,Walk-in
SAL20250059090,2025-06-05,STR014,PRD00998,2,883.36,0.0,1766.72,899.78,UPI,Regular
SAL20250059091,2025-06-09,STR013,PRD00683,1,794.15,0.0,794.15,594.03,Credit Card,Regular
SAL20250059092,2025-06-06,STR006,PRD00058,2,3380.1,0.0,6760.2,5137.0,UPI,Walk-in
SAL20250059093,2025-06-07,STR039,PRD00463,5,933.21,0.0,4666.05,3737.35,UPI,Corporate
SAL20250059094,2025-06-29,STR028,PRD01192,2,7158.24,0.1,12884.83,8131.96,Credit Card,Corporate
SAL20250059095,2025-06-12,STR013,PRD00321,1,1442.95,0.0,1442.95,715.49,Debit Card,Premium
SAL20250059096,2025-06-12,STR025,PRD00333,2,1043.83,0.0,2087.66,1108.8,Debit Card,Regular
SAL20250059097,2025-06-18,STR016,PRD00225,2,9871.63,0.0,19743.26,13904.08,Credit Card,Walk-in
SAL20250059098,2025-06-09,STR003,PRD00932,2,479.96,0.0,959.92,587.98,Debit Card,Premium
SAL20250059099,2025-06-23,STR005,,1,917.35,0.1,825.62,803.86,Credit Card,Walk-in
SAL20250059100,2025-06-13,STR003,PRD00258,3,2441.64,0.0,7324.92,4784.31,Credit Card,Regular
SAL20250059101,2025-06-03,STR015,PRD00072,1,4522.2,0.1,4069.98,3124.59,UPI,Regular
SAL20250059102,2025-06-17,STR039,PRD00686,1,3692.38,0.0,3692.38,2113.83,UPI,Regular
SAL20250059103,2025-06-11,STR036,PRD00428,6,311.12,0.0,1866.72,1468.5,UPI,Regular
SAL20250059104,2025-06-20,STR019,PRD00622,2,644.0,0.0,1288.0,799.58,UPI,Regular
SAL20250059105,2025-06-12,STR029,PRD01162,4,3657.07,0.0,14628.28,8069.16,UPI,Regular
SAL20250059106,2025-06-12,STR003,PRD00625,2,629.94,0.0,1259.88,865.82,Credit Card,Premium
SAL20250059107,2025-06-29,STR020,PRD00315,1,452.88,0.1,407.59,281.44,UPI,Corporate
SAL20250059108,2025-06-07,STR021,PRD00557,6,210.61,0.05,1200.48,806.58,UPI,Regular
SAL20250059109,2025-06-10,STR016,PRD00753,2,4495.87,0.1,8092.57,5243.44,Cash,Walk-in
SAL20250059110,2025-06-08,STR024,PRD00974,1,202.7,0.0,202.7,106.76,UPI,Regular
SAL20250059111,2025-06-25,STR034,PRD00994,2,1224.56,0.0,2449.12,1266.38,UPI,Regular
SAL20250059112,2025-06-04,STR027,PRD00110,1,26501.66,0.05,25176.58,18492.65,Credit Card,Walk-in
SAL20250059113,2025-06-05,STR034,PRD01144,1,2397.7,0.0,2397.7,1426.02,Credit Card,Regular
SAL20250059114,2025-06-15,STR023,PRD00543,4,579.45,0.0,2317.8,1700.92,UPI,Walk-in
SAL20250059115,2025-06-07,STR041,PRD00791,1,855.75,0.05,812.96,599.47,UPI,Regular
SAL20250059116,2025-06-20,STR010,PRD01111,2,1735.9,0.05,3298.21,1911.04,Debit Card,Premium
SAL20250059117,2025-06-14,STR021,PRD00136,1,8242.41,0.0,8242.41,5641.21,Cash,Regular
SAL20250059118,2025-06-10,STR035,PRD00536,1,393.56,0.1,354.2,270.95,UPI,Premium
SAL20250059119,2025-06-27,STR018,PRD00107,1,4985.79,0.0,4985.79,3483.71,Cash,Regular
SAL20250059120,2025-06-24,STR001,PRD00293,1,859.61,0.0,859.61,442.5,Credit Card,Corporate
SAL20250059121,2025-06-08,STR036,PRD01055,2,428.04,0.0,856.08,533.14,UPI,Regular
SAL20250059122,2025-06-16,STR016,PRD00216,1,11614.64,0.0,11614.64,7226.78,Cash,Regular
SAL20250059123,2025-06-30,STR026,PRD00048,2,26663.85,0.0,53327.7,36594.2,Debit Card,Regular
SAL20250059124,2025-06-26,STR038,PRD00715,4,2949.53,0.0,11798.12,7936.0,Credit Card,Premium
SAL20250059125,2025-06-18,STR022,PRD00837,2,4012.56,0.0,8025.12,4737.28,UPI,Walk-in
SAL20250059126,2025-06-19,STR027,PRD00299,1,1362.69,0.0,1362.69,823.3,Debit Card,Regular
SAL20250059127,2025-06-03,STR007,PRD00750,2,3884.81,0.0,7769.62,4289.96,UPI,Premium
SAL20250059128,2025-06-20,STR022,PRD00979,3,62.69,0.0,188.07,112.29,UPI,Regular
SAL20250059129,2025-06-28,STR010,PRD00704,1,1185.8,0.0,1185.8,707.14,UPI,Walk-in
SAL20250059130,2025-06-04,STR015,PRD01190,1,7433.72,0.0,7433.72,3770.31,UPI,Regular
SAL20250059131,2025-06-27,STR029,PRD00620,10,556.49,0.0,5564.9,3256.7,Credit Card,Regular
SAL20250059132,2025-06-22,STR029,PRD00975,1,912.31,0.0,912.31,598.5,Credit Card,Regular
SAL20250059133,2025-06-18,STR040,PRD00316,1,924.22,0.1,831.8,589.52,Net Banking,Walk-in
SAL20250059134,2025-06-02,STR011,PRD00032,2,19217.6,0.0,38435.2,29600.0,Credit Card,Regular
SAL20250059135,2025-06-16,STR001,PRD00973,2,291.44,0.05,553.74,313.82,UPI,Regular
SAL20250059136,2025-06-16,STR030,PRD00217,1,8159.94,0.05,7751.94,5298.43,UPI,Regular
SAL20250059137,2025-06-17,STR007,PRD00611,1,51.03,0.0,51.03,37.81,UPI,Walk-in
SAL20250059138,2025-06-07,STR024,PRD01171,1,6541.96,0.0,6541.96,2623.89,UPI,Walk-in
SAL20250059139,2025-06-28,,PRD01124,1,4813.39,0.0,4813.39,2177.75,Cash,Regular
SAL20250059140,2025-06-12,STR017,PRD01061,3,1015.91,0.0,3047.73,1606.59,UPI,Premium
SAL20250059141,2025-06-18,STR032,PRD00574,3,560.83,0.0,1682.49,1015.68,UPI,Premium
SAL20250059142,2025-06-06,STR006,PRD01013,4,214.89,0.0,859.56,592.96,UPI,Walk-in
SAL20250059143,2025-06-13,STR034,PRD00697,4,1377.61,0.0,5510.44,3230.08,Credit Card,Walk-in
SAL20250059144,2025-06-20,STR011,PRD00706,1,3862.25,0.0,3862.25,2444.01,Credit Card,Premium
SAL20250059145,2025-06-03,STR010,PRD00586,3,648.21,0.0,1944.63,1320.03,Debit Card,Premium
SAL20250059146,2025-06-25,STR022,PRD00232,2,6785.18,0.0,13570.36,9686.74,UPI,Walk-in
SAL20250059147,2025-06-14,STR038,PRD01146,1,2954.25,0.0,2954.25,1488.77,Credit Card,Regular
SAL20250059148,2025-06-30,STR002,PRD00486,1,161.3,0.0,161.3,123.55,UPI,Premium
SAL20250059149,2025-06-14,STR019,PRD00142,1,4154.89,0.0,4154.89,2736.44,UPI,Walk-in
SAL20250059150,2025-06-20,STR023,PRD00144,1,7333.73,0.05,6967.04,4964.07,UPI,Walk-in
SAL20250059151,2025-06-21,STR037,PRD00433,1,1065.88,0.0,1065.88,861.75,UPI,Premium
SAL20250059152,2025-06-17,STR016,PRD00099,1,19924.5,0.1,17932.05,14858.06,UPI,Premium
SAL20250059153,2025-06-25,STR006,PRD00345,1,670.76,0.1,603.68,393.88,Debit Card,Corporate
SAL20250059154,2025-06-01,STR039,PRD00848,1,2441.1,0.0,2441.1,1616.32,Cash,Regular
SAL20250059155,2025-06-18,STR009,PRD00239,1,6180.81,0.0,6180.81,4556.06,UPI,Regular
SAL20250059156,2025-06-08,STR015,PRD00045,1,17414.18,0.0,17414.18,13822.18,Net Banking,Walk-in
SAL20250059157,2025-06-13,STR012,PRD00774,1,2102.71,0.0,2102.71,1549.27,Cash,Regular
SAL20250059158,2025-06-25,STR025,PRD00056,1,11452.31,0.0,11452.31,8581.01,UPI,Premium
SAL20250059159,2025-06-13,STR037,PRD01105,1,2498.16,0.05,2373.25,1508.52,Net Banking,Regular
SAL20250059160,2025-06-12,STR013,PRD00778,2,875.87,0.1,1576.57,1139.08,Credit Card,Walk-in
SAL20250059161,2025-06-21,STR013,PRD00065,1,10562.87,0.0,10562.87,8152.93,UPI,Corporate
SAL20250059162,2025-06-28,STR002,PRD00099,1,19924.5,0.0,19924.5,14858.06,UPI,Premium
SAL20250059163,2025-06-12,STR009,PRD00766,1,1923.71,0.0,1923.71,1367.99,UPI,Walk-in
SAL20250059164,2025-06-17,STR035,PRD00573,1,44.75,0.0,44.75,26.95,Credit Card,Walk-in
SAL20250059165,2025-06-25,STR034,PRD01172,1,1132.5,0.0,1132.5,578.06,Credit Card,Premium
SAL20250059166,2025-06-23,STR004,PRD00426,1,496.18,0.0,496.18,415.87,UPI,Premium
SAL20250059167,2025-06-13,STR007,PRD01002,6,98.3,0.05,560.31,334.14,UPI,Walk-in
SAL20250059168,2025-06-14,STR004,PRD00467,1,528.8,0.1,475.92,453.05,Credit Card,Regular
SAL20250059169,2025-06-06,STR004,PRD00925,1,2271.72,0.0,2271.72,1525.09,Cash,Walk-in
SAL20250059170,2025-06-02,STR009,PRD01137,1,2009.09,0.1,1808.18,1074.27,Credit Card,Walk-in
SAL20250059171,2025-06-03,STR037,PRD00385,1,460.87,0.1,414.78,278.52,Credit Card,Regular
SAL20250059172,2025-06-19,STR002,PRD00028,1,4027.15,0.0,4027.15,2641.37,UPI,Regular
SAL20250059173,2025-06-16,STR026,PRD00279,1,704.62,0.1,634.16,445.92,Credit Card,Walk-in
SAL20250059174,2025-06-24,STR034,PRD00544,4,114.7,0.0,458.8,330.96,Cash,Walk-in
SAL20250059175,2025-06-20,STR019,PRD00532,2,1039.03,0.0,2078.06,1617.72,Credit Card,Walk-in
SAL20250059176,2025-06-23,STR022,PRD00204,2,3776.34,0.0,7552.68,5160.22,UPI,Regular
SAL20250059177,2025-06-06,STR009,PRD00607,1,313.72,0.0,313.72,181.35,Debit Card,Regular
SAL20250059178,2025-06-10,STR005,PRD00814,1,3265.17,0.0,3265.17,1889.37,UPI,Walk-in
SAL20250059179,2025-06-04,STR020,PRD00730,2,3497.66,0.0,6995.32,5161.86,UPI,Walk-in
SAL20250059180,2025-06-06,STR041,PRD00387,1,446.12,0.0,446.12,248.3,UPI,Regular
SAL20250059181,2025-06-22,STR040,PRD00913,3,3252.33,0.05,9269.14,6481.5,Debit Card,Regular
SAL20250059182,2025-06-26,STR022,PRD00806,1,330.79,0.0,330.79,186.63,UPI,Walk-in
SAL20250059183,2025-06-09,STR039,PRD00392,1,436.74,0.0,436.74,242.28,Debit Card,Regular
SAL20250059184,2025-06-02,STR039,PRD01093,1,4476.19,0.0,4476.19,2887.02,Debit Card,Regular
SAL20250059185,2025-06-11,STR028,PRD00951,1,594.37,0.0,594.37,352.38,UPI,Regular
SAL20250059186,2025-06-14,STR027,PRD00520,4,482.69,0.0,1930.76,1623.44,Debit Card,Walk-in
SAL20250059187,2025-06-12,STR009,PRD00396,2,713.53,0.0,1427.06,909.4,UPI,Regular
SAL20250059188,2025-06-20,STR027,PRD00959,2,664.61,0.0,1329.22,805.38,Credit Card,Walk-in
SAL20250059189,2025-06-15,STR003,PRD00005,1,25382.71,0.0,25382.71,18438.86,Cash,Premium
SAL20250059190,2025-06-20,STR009,PRD00020,1,2507.15,0.0,2507.15,1948.29,Debit Card,Regular
SAL20250059191,2025-06-08,STR032,PRD00050,1,20155.67,0.0,20155.67,16076.03,Credit Card,Regular
SAL20250059192,2025-06-09,STR012,PRD00571,1,201.22,0.0,201.22,143.49,UPI,Corporate
SAL20250059193,2025-06-05,STR020,PRD00776,1,1145.74,0.05,1088.45,684.76,UPI,Regular
SAL20250059194,2025-06-08,STR018,PRD00075,1,9132.03,0.0,9132.03,7042.59,Credit Card,Regular
SAL20250059195,2025-06-01,STR006,PRD00436,2,630.05,0.0,1260.1,1015.4,Credit Card,Regular
SAL20250059196,2025-06-23,STR040,PRD00459,3,918.25,0.0,2754.75,2205.03,Debit Card,Walk-in
SAL20250059197,2025-06-19,STR001,PRD00746,1,2299.94,0.0,2299.94,1526.01,Credit Card,Regular
SAL20250059198,2025-06-10,STR031,PRD00768,1,281.0,0.05,266.95,205.1,Cash,Regular
SAL20250059199,2025-06-14,STR016,PRD00827,3,3989.15,0.0,11967.45,6589.77,Debit Card,Walk-in
SAL20250059200,2025-06-30,STR041,PRD00098,2,13136.22,0.0,26272.44,20412.02,Credit Card,Walk-in
SAL20250059201,2025-06-24,STR009,PRD00156,1,1591.76,0.1,1432.58,1231.95,Credit Card,Regular
SAL20250059202,2025-06-29,STR010,PRD00633,1,365.95,0.0,365.95,212.9,UPI,Walk-in
SAL20250059203,2025-06-30,STR032,PRD00887,4,2006.5,0.0,8026.0,4678.76,Credit Card,Regular
SAL20250059204,2025-06-04,STR019,PRD00837,2,4012.56,0.0,8025.12,4737.28,UPI,Regular
SAL20250059205,2025-06-09,STR016,PRD00456,5,215.04,0.0,1075.2,849.95,UPI,Walk-in
SAL20250059206,2025-06-23,STR002,PRD00753,1,4495.87,0.0,4495.87,2621.72,Debit Card,Walk-in
SAL20250059207,2025-06-03,STR036,PRD00842,1,1322.87,0.1,1190.58,956.88,Cash,Premium
SAL20250059208,2025-06-03,STR034,PRD00415,1,345.23,0.0,345.23,286.19,UPI,Premium
SAL20250059209,2025-06-03,STR003,PRD00697,2,1377.61,0.0,2755.22,1615.04,UPI,Corporate
SAL20250059210,2025-06-22,STR029,PRD00987,2,289.9,0.0,579.8,404.7,UPI,Regular
SAL20250059211,2025-06-27,STR024,PRD01043,1,134.43,0.0,134.43,80.46,UPI,Regular
SAL20250059212,2025-06-11,STR041,PRD00619,5,215.37,0.0,1076.85,696.65,UPI,Regular
SAL20250059213,2025-06-16,STR033,PRD00453,3,1257.16,0.0,3771.48,2839.11,Cash,Walk-in
SAL20250059214,2025-06-17,STR041,PRD00473,1,113.62,0.0,113.62,94.83,Cash,Regular
SAL20250059215,2025-06-15,STR018,PRD00307,1,743.28,0.0,743.28,482.82,UPI,Regular
SAL20250059216,2025-06-17,STR005,PRD00536,2,393.56,0.0,787.12,541.9,UPI,Regular
SAL20250059217,2025-06-08,STR004,PRD00550,2,639.85,0.0,1279.7,729.84,Credit Card,Premium
SAL20250059218,2025-06-26,STR040,PRD00218,1,7357.64,0.0,7357.64,5051.02,Debit Card,Premium
SAL20250059219,2025-06-15,STR004,PRD00349,2,152.26,0.0,304.52,167.74,Credit Card,Walk-in
SAL20250059220,2025-06-09,STR036,PRD00915,1,703.59,0.1,633.23,463.15,UPI,Premium
SAL20250059221,2025-06-27,STR001,PRD00132,2,22943.8,0.0,45887.6,35451.34,UPI,Walk-in
SAL20250059222,2025-06-27,STR002,PRD00893,1,963.04,0.1,866.74,603.05,UPI,Walk-in
SAL20250059223,2025-06-09,STR019,PRD00596,2,666.12,0.0,1332.24,795.82,Debit Card,Premium
SAL20250059224,2025-06-23,STR019,PRD00665,2,157.57,0.0,315.14,206.28,UPI,Walk-in
SAL20250059225,2025-06-06,STR029,PRD01029,6,762.26,0.0,4573.56,3260.16,Cash,Walk-in
SAL20250059226,2025-06-27,STR020,PRD00834,3,1440.43,0.0,4321.29,2746.47,Credit Card,Walk-in
SAL20250059227,2025-06-05,STR010,PRD00005,1,25382.71,0.0,25382.71,18438.86,Credit Card,Regular
SAL20250059228,2025-06-22,STR033,PRD00983,1,1007.95,0.0,1007.95,583.88,UPI,Walk-in
SAL20250059229,2025-06-15,STR030,PRD00588,1,125.09,0.0,125.09,90.39,UPI,Regular
SAL20250059230,2025-06-20,STR038,PRD00847,3,2294.5,0.0,6883.5,4851.36,Cash,Walk-in
SAL20250059231,2025-06-27,STR033,PRD00930,2,4102.13,0.0,8204.26,4730.68,Credit Card,Walk-in
SAL20250059232,2025-06-02,STR030,PRD00559,2,674.89,0.0,1349.78,843.12,Debit Card,Premium
SAL20250059233,2025-06-03,STR033,PRD00825,1,2419.3,0.0,2419.3,1402.49,Debit Card,Walk-in
SAL20250059234,2025-06-29,STR005,PRD00674,1,2861.74,0.0,2861.74,1590.59,Credit Card,Walk-in
SAL20250059235,2025-06-28,STR031,PRD01048,1,623.5,0.05,592.32,415.19,UPI,Regular
SAL20250059236,2025-06-22,STR020,PRD00394,1,327.5,0.0,327.5,218.51,Credit Card,Walk-in
SAL20250059237,2025-06-17,STR016,PRD00973,3,291.44,0.0,874.32,470.73,Credit Card,Regular
SAL20250059238,2025-06-29,STR003,PRD00016,1,12816.4,0.0,12816.4,9433.57,UPI,Premium
SAL20250059239,2025-06-12,STR003,PRD00543,1,579.45,0.0,579.45,425.23,UPI,Regular
SAL20250059240,2025-06-10,STR031,PRD00312,1,662.59,0.0,662.59,388.19,Cash,Regular
SAL20250059241,2025-06-25,STR034,PRD00231,2,9171.94,0.0,18343.88,13410.18,Credit Card,Walk-in
SAL20250059242,2025-06-01,STR021,PRD00094,1,15405.56,0.0,15405.56,12408.34,Cash,Regular
SAL20250059243,2025-06-27,STR010,PRD00155,1,2214.51,0.0,2214.51,1652.19,UPI,Walk-in
SAL20250059244,2025-06-02,STR015,PRD00615,2,478.74,0.05,909.61,678.68,Cash,Regular
SAL20250059245,2025-06-06,STR021,PRD00294,1,1047.83,0.0,1047.83,653.04,Cash,Walk-in
SAL20250059246,2025-06-14,STR009,PRD01057,2,52.31,0.1,94.16,66.6,Debit Card,Regular
SAL20250059247,2025-06-10,STR022,PRD00378,1,667.36,0.0,667.36,365.54,UPI,Walk-in
SAL20250059248,2025-06-17,STR018,PRD00847,1,2294.5,0.0,2294.5,1617.12,Cash,Regular
SAL20250059249,2025-06-07,STR011,PRD00246,1,1945.93,0.0,1945.93,1239.78,UPI,Premium
SAL20250059250,2025-06-19,STR039,PRD00457,4,726.05,0.1,2613.78,2197.56,UPI,Regular
SAL20250059251,2025-06-12,STR029,PRD00264,1,4452.38,0.1,4007.14,3172.04,UPI,Walk-in
SAL20250059252,2025-06-24,STR014,PRD00947,3,413.13,0.0,1239.39,624.06,Credit Card,Corporate
SAL20250059253,2025-06-05,STR007,PRD00969,1,147.34,0.0,147.34,76.24,Cash,Regular
SAL20250059254,2025-06-19,STR038,PRD00196,1,3177.64,0.0,3177.64,2246.88,Credit Card,Walk-in
SAL20250059255,2025-06-29,STR034,PRD01154,4,1216.46,0.05,4622.55,2445.84,UPI,Walk-in
SAL20250059256,2025-06-01,STR013,PRD01194,1,6442.41,0.0,6442.41,3885.18,UPI,Walk-in
SAL20250059257,2025-06-21,STR020,PRD01111,1,1735.9,0.0,1735.9,955.52,Debit Card,Regular
SAL20250059258,2025-06-17,STR002,PRD01135,2,2481.4,0.0,4962.8,2519.48,Cash,Walk-in
SAL20250059259,2025-06-10,STR036,PRD01176,1,5880.6,0.0,5880.6,3519.33,UPI,Walk-in
SAL20250059260,2025-06-10,STR030,PRD00227,2,5367.28,0.0,10734.56,7135.3,Debit Card,Regular
SAL20250059261,2025-06-27,STR006,PRD00716,1,1780.84,0.0,1780.84,1007.46,Cash,Regular
SAL20250059262,2025-06-13,STR030,PRD00055,1,18236.77,0.0,18236.77,12233.04,Debit Card,Walk-in
SAL20250059263,2025-06-05,STR034,PRD00348,2,1231.54,0.0,2463.08,1388.12,UPI,Regular
SAL20250059264,2025-06-27,STR033,PRD01006,4,849.47,0.0,3397.88,2426.76,Credit Card,Walk-in
SAL20250059265,2025-06-09,STR040,PRD00207,1,9083.73,0.0,9083.73,6742.14,UPI,Regular
SAL20250059266,2025-06-13,STR011,PRD00134,2,19404.79,0.0,38809.58,29907.56,UPI,Regular
SAL20250059267,2025-06-03,STR037,PRD00569,10,219.4,0.0,2194.0,1433.0,UPI,Walk-in
SAL20250059268,2025-06-23,STR011,PRD00626,1,125.9,0.0,125.9,75.93,Debit Card,Walk-in
SAL20250059269,2025-06-23,STR035,PRD00892,4,2494.33,0.0,9977.32,6968.04,UPI,Regular
SAL20250059270,2025-06-18,STR027,PRD01183,4,7827.71,0.05,29745.3,13328.0,Debit Card,Walk-in
SAL20250059271,2025-06-08,STR014,PRD00893,3,963.04,0.0,2889.12,1809.15,Cash,Walk-in
SAL20250059272,2025-06-22,STR031,PRD00226,1,3456.4,0.0,3456.4,2122.01,Debit Card,Walk-in
SAL20250059273,2025-06-02,STR006,PRD00040,1,26675.54,0.05,25341.76,17487.01,Credit Card,Regular
SAL20250059274,2025-06-17,STR034,PRD00797,2,567.41,0.0,1134.82,822.82,Credit Card,Walk-in
SAL20250059275,2025-06-23,STR035,PRD00854,2,2355.83,0.0,4711.66,2935.86,Credit Card,Premium
SAL20250059276,2025-06-26,STR020,PRD00283,2,917.06,0.0,1834.12,862.94,UPI,Premium
SAL20250059277,2025-06-25,STR026,PRD01057,1,52.31,0.0,52.31,33.3,Credit Card,Regular
SAL20250059278,2025-06-14,STR023,PRD00798,1,1720.26,0.0,1720.26,961.55,UPI,Walk-in
SAL20250059279,2025-06-04,STR034,PRD00521,4,947.8,0.0,3791.2,3330.4,Net Banking,Walk-in
SAL20250059280,2025-06-23,STR034,PRD00268,1,1061.68,0.0,1061.68,520.26,Cash,Walk-in
SAL20250059281,2025-06-02,STR034,PRD00703,2,940.1,0.0,1880.2,1401.1,Cash,Premium
SAL20250059282,2025-06-07,STR029,PRD00787,2,291.05,0.0,582.1,378.28,UPI,Walk-in
SAL20250059283,2025-06-04,STR023,PRD01139,4,4060.77,0.1,14618.77,7378.24,UPI,Walk-in
SAL20250059284,2025-06-01,STR037,PRD00366,2,994.61,0.0,1989.22,949.46,Credit Card,Regular
SAL20250059285,2025-06-03,STR022,PRD00467,4,528.8,0.0,2115.2,1812.2,Cash,Regular
SAL20250059286,2025-06-08,STR003,PRD00533,1,799.67,0.0,799.67,662.06,UPI,Regular
SAL20250059287,2025-06-24,STR036,PRD00109,1,12280.41,0.0,12280.41,9316.5,Net Banking,Regular
SAL20250059288,2025-06-03,STR030,PRD00812,3,3142.68,0.0,9428.04,5469.9,Net Banking,Walk-in
SAL20250059289,2025-06-26,STR030,PRD00156,1,1591.76,0.0,1591.76,1231.95,UPI,Walk-in
SAL20250059290,2025-06-21,STR036,PRD01147,1,6760.77,0.1,6084.69,3863.28,UPI,Premium
SAL20250059291,2025-06-09,STR032,PRD00055,1,18236.77,0.0,18236.77,12233.04,Debit Card,Premium
SAL20250059292,2025-06-23,STR013,PRD00810,1,406.14,0.0,406.14,261.1,UPI,Walk-in
SAL20250059293,2025-06-21,STR001,PRD01073,1,4074.99,0.0,4074.99,2440.45,Credit Card,Walk-in
SAL20250059294,2025-06-25,STR040,PRD00669,2,3235.01,0.0,6470.02,3773.52,UPI,Regular
SAL20250059295,2025-06-09,STR006,PRD00532,1,1039.03,0.0,1039.03,808.86,UPI,Regular
SAL20250059296,2025-06-11,STR021,PRD00150,1,1288.03,0.1,1159.23,897.46,UPI,Walk-in
SAL20250059297,2025-06-15,STR026,PRD00222,1,8948.67,0.05,8501.24,6580.84,UPI,Regular
SAL20250059298,2025-06-06,STR006,PRD00303,2,674.18,0.0,1348.36,724.56,UPI,Premium
SAL20250059299,2025-06-20,STR039,PRD00095,1,18324.65,0.0,18324.65,13913.8,UPI,Premium
SAL20250059300,2025-06-09,STR035,PRD00653,1,614.39,0.05,583.67,447.76,Debit Card,Regular
SAL20250059301,2025-06-27,STR010,PRD00972,3,1079.34,0.1,2914.22,1887.0,Cash,Premium
SAL20250059302,2025-06-14,STR028,PRD00636,4,685.82,0.0,2743.28,1809.76,UPI,Regular
SAL20250059303,2025-06-21,STR031,PRD00860,1,694.13,0.0,694.13,417.51,Debit Card,Walk-in
SAL20250059304,2025-06-17,STR041,PRD00099,1,19924.5,0.0,19924.5,14858.06,Debit Card,Regular
SAL20250059305,2025-06-20,STR021,PRD00798,1,1720.26,0.0,1720.26,961.55,UPI,Premium
SAL20250059306,2025-06-25,STR034,PRD00151,1,5709.55,0.0,5709.55,3733.65,Credit Card,Walk-in
SAL20250059307,2025-06-09,STR015,PRD00144,2,7333.73,0.1,13200.71,9928.14,Debit Card,Regular
SAL20250059308,2025-06-09,STR041,PRD00407,1,687.91,0.0,687.91,533.4,UPI,Walk-in
SAL20250059309,2025-06-01,STR031,PRD00875,1,258.44,0.0,258.44,150.9,Debit Card,Walk-in
SAL20250059310,2025-06-19,STR010,PRD00747,1,1306.66,0.0,1306.66,960.16,Credit Card,Walk-in
SAL20250059311,2025-06-26,STR028,PRD00035,1,7229.47,0.0,7229.47,4889.28,Credit Card,Walk-in
SAL20250059312,2025-06-10,STR007,PRD01098,3,1920.11,0.0,5760.33,3368.58,UPI,Regular
SAL20250059313,2025-06-01,STR023,PRD00987,1,289.9,0.1,260.91,202.35,Debit Card,Regular
SAL20250059314,2025-06-20,STR010,PRD01148,1,584.33,0.0,584.33,241.48,Credit Card,Regular
SAL20250059315,2025-06-20,STR021,PRD00210,1,8463.87,0.0,8463.87,5533.2,Cash,Corporate
SAL20250059316,2025-06-03,STR039,PRD00523,1,773.23,0.05,734.57,656.14,Credit Card,Premium
SAL20250059317,2025-06-28,STR029,PRD01067,2,922.58,0.0,1845.16,1129.68,UPI,Walk-in
SAL20250059318,2025-06-14,STR026,PRD00365,1,693.15,0.0,693.15,448.69,Credit Card,Regular
SAL20250059319,2025-06-19,STR028,PRD00640,1,209.4,0.0,209.4,117.43,UPI,Walk-in
SAL20250059320,2025-06-28,STR033,PRD00711,4,1868.86,0.0,7475.44,5422.72,Credit Card,Premium
SAL20250059321,2025-06-13,STR004,PRD01192,1,7158.24,0.05,6800.33,4065.98,Debit Card,Regular
SAL20250059322,2025-06-19,STR028,PRD00013,2,17378.5,0.0,34757.0,25724.18,UPI,Regular
SAL20250059323,2025-06-11,STR023,PRD00899,1,2165.69,0.0,2165.69,1458.76,Cash,Walk-in
SAL20250059324,2025-06-11,STR006,PRD00285,3,1499.26,0.0,4497.78,2306.28,UPI,Regular
SAL20250059325,2025-06-27,STR003,PRD00710,1,4042.5,0.0,4042.5,2223.99,UPI,Premium
SAL20250059326,2025-06-09,STR038,PRD00114,1,17643.2,0.0,17643.2,12306.0,Credit Card,Regular
SAL20250051914,2025-06-25,STR021,PRD00246,1,1945.93,0.0,1945.93,1239.78,UPI,Walk-in
SAL20250059328,2025-06-09,STR005,PRD00179,2,5253.14,0.0,10506.28,6415.08,UPI,Premium
SAL20250059329,2025-06-14,STR010,PRD00500,1,936.13,0.1,842.52,757.53,UPI,Walk-in
SAL20250059330,2025-06-01,STR022,PRD00728,2,5071.72,0.05,9636.27,6019.26,UPI,Regular
SAL20250059331,2025-06-18,STR035,PRD01005,1,682.39,0.0,682.39,475.7,UPI,Premium
SAL20250059332,2025-06-20,STR035,PRD00403,6,158.56,0.0,951.36,829.32,Cash,Walk-in
SAL20250059333,2025-06-21,STR040,PRD00693,1,2512.22,0.0,2512.22,1671.42,UPI,Regular
SAL20250059334,2025-06-11,STR034,PRD00898,1,3032.43,0.0,3032.43,1834.2,Credit Card,Regular
SAL20250059335,2025-06-08,STR033,PRD00129,1,19597.62,0.1,17637.86,15263.15,UPI,Regular
SAL20250059336,2025-06-05,STR021,PRD00038,1,2962.9,0.0,2962.9,2113.53,UPI,Premium
SAL20250059337,2025-06-03,STR031,PRD00340,3,956.64,0.0,2869.92,1668.24,UPI,Regular
SAL20250059338,2025-06-06,STR034,PRD00812,4,3142.68,0.05,11942.18,7293.2,UPI,Regular
SAL20250059339,2025-06-05,STR035,PRD00038,1,2962.9,0.0,2962.9,2113.53,UPI,Regular
SAL20250059340,2025-06-05,STR023,PRD00500,2,936.13,0.1,1685.03,1515.06,UPI,Premium
SAL20250059341,2025-06-16,STR020,PRD00408,2,1017.09,0.0,2034.18,1565.84,Net Banking,Walk-in
SAL20250059342,2025-06-05,STR012,PRD00473,1,113.62,0.0,113.62,94.83,Credit Card,Walk-in
SAL20250059343,2025-06-25,STR016,PRD00365,3,693.15,0.0,2079.45,1346.07,Credit Card,Premium
SAL20250059344,2025-06-17,STR028,PRD00392,2,436.74,0.0,873.48,484.56,UPI,Walk-in
SAL20250059345,2025-06-22,STR023,PRD00033,1,2653.86,0.0,2653.86,1783.28,UPI,Regular
SAL20250059346,2025-06-04,STR027,PRD00750,1,3884.81,0.0,3884.81,2144.98,UPI,Walk-in
SAL20250059347,2025-06-03,STR010,PRD00691,1,1815.13,0.0,1815.13,1149.93,UPI,Walk-in
SAL20250059348,2025-06-11,STR036,PRD01137,1,2009.09,0.0,2009.09,1074.27,UPI,Corporate
SAL20250059349,2025-06-06,STR006,PRD00028,1,4027.15,0.0,4027.15,2641.37,UPI,Walk-in
SAL20250059350,2025-06-23,STR020,PRD00832,4,1859.75,0.05,7067.05,5481.12,Credit Card,Regular
SAL20250059351,2025-06-30,STR005,PRD00251,1,10660.28,0.0,10660.28,7306.06,Cash,Walk-in
SAL20250059352,2025-06-04,STR028,PRD00865,3,2254.56,0.0,6763.68,4271.79,UPI,Walk-in
SAL20250059353,2025-06-28,STR028,PRD00294,1,1047.83,0.1,943.05,653.04,Cash,Premium
SAL20250059354,2025-06-17,STR041,PRD01153,2,5497.78,0.0,10995.56,4999.1,Credit Card,Regular
SAL20250059355,2025-06-12,STR032,PRD00591,4,500.81,0.05,1903.08,1454.92,UPI,Premium
SAL20250059356,2025-06-04,STR041,PRD00812,3,3142.68,0.0,9428.04,5469.9,UPI,Regular
SAL20250059357,2025-06-01,STR032,PRD00442,2,148.56,0.0,297.12,239.4,Cash,Walk-in
SAL20250059358,2025-06-30,STR007,PRD00310,2,607.97,0.0,1215.94,607.48,Credit Card,Walk-in
SAL20250059359,2025-06-30,STR039,PRD00988,-1,774.65,0.0,-774.65,532.5,Debit Card,Regular
SAL20250059360,2025-06-25,STR014,PRD00324,1,1095.89,0.0,1095.89,714.91,Cash,Regular
SAL20250059361,2025-06-02,STR004,PRD00525,1,76.55,0.0,76.55,66.45,Credit Card,Walk-in
SAL20250059362,2025-06-14,STR001,PRD00435,1,718.79,0.1,646.91,584.17,UPI,Regular
SAL20250059363,2025-06-26,STR021,PRD00780,1,1384.22,0.0,1384.22,888.86,UPI,Regular
SAL20250059364,2025-06-26,STR005,PRD00894,1,2403.9,0.1,2163.51,1608.16,Credit Card,Premium
SAL20250059365,2025-06-19,STR036,PRD00036,1,8731.85,0.0,8731.85,5708.44,Credit Card,Premium
SAL20250059366,2025-06-04,STR006,PRD00225,1,9871.63,0.0,9871.63,6952.04,UPI,Corporate
SAL20250059367,2025-06-26,STR037,PRD00309,1,1344.75,0.0,1344.75,637.15,Debit Card,Regular
SAL20250059368,2025-06-08,STR032,PRD00772,2,988.94,0.0,1977.88,1318.98,Cash,Regular
SAL20250059369,2025-06-11,STR010,PRD00209,1,4015.2,0.0,4015.2,2717.92,Credit Card,Walk-in
SAL20250059370,2025-06-11,STR028,PRD00166,1,4039.27,0.0,4039.27,2471.0,Credit Card,Regular
SAL20250059371,2025-06-11,STR016,PRD01095,3,4795.88,0.05,13668.26,7862.91,Debit Card,Walk-in
SAL20250059372,2025-06-02,STR031,PRD00518,1,1000.64,0.0,1000.64,768.43,UPI,Regular
SAL20250059373,2025-06-29,STR018,PRD00854,1,2355.83,0.0,2355.83,1467.93,Credit Card,Regular
SAL20250059374,2025-06-09,STR037,PRD01125,1,3015.8,0.0,3015.8,1423.43,Debit Card,Regular
SAL20250059375,2025-06-02,STR008,PRD00178,1,9669.95,0.1,8702.96,6949.73,UPI,Regular
SAL20250059376,2025-06-13,STR017,PRD00520,2,482.69,0.0,965.38,811.72,Credit Card,Walk-in
SAL20250059377,2025-06-17,STR038,PRD01102,1,845.86,0.0,845.86,353.36,UPI,Premium
SAL20250059378,2025-06-10,STR022,PRD00480,1,103.25,0.0,103.25,86.17,Credit Card,Regular
SAL20250059379,2025-06-07,STR027,PRD00280,1,605.7,0.0,605.7,311.37,Debit Card,Regular
SAL20250059380,2025-06-13,STR025,PRD00591,1,500.81,0.0,500.81,363.73,Credit Card,Regular
SAL20250059381,2025-06-09,STR038,PRD00799,1,3907.93,0.0,3907.93,2458.58,UPI,Regular
SAL20250059382,2025-06-28,STR037,PRD01161,1,5090.05,0.0,5090.05,2218.96,UPI,Walk-in
SAL20250059383,2025-06-21,STR019,PRD00450,1,377.7,0.0,377.7,290.54,Credit Card,Walk-in
SAL20250059384,2025-06-01,STR020,PRD00826,2,174.23,0.0,348.46,240.4,UPI,Walk-in
SAL20250059385,2025-06-17,STR001,PRD01016,1,253.56,0.0,253.56,161.4,Debit Card,Walk-in
SAL20250059386,2025-06-15,STR020,PRD00413,2,347.68,0.0,695.36,600.62,UPI,Regular
SAL20250059387,2025-06-24,STR023,PRD00025,2,2348.16,0.0,4696.32,3234.1,UPI,Regular
SAL20250059388,2025-06-03,STR020,PRD00194,1,5905.12,0.0,5905.12,4140.26,Debit Card,Regular
SAL20250059389,2025-06-09,STR001,PRD00706,3,3862.25,0.0,11586.75,7332.03,UPI,Walk-in
SAL20250059390,2025-06-20,STR008,PRD00164,1,7383.75,0.0,7383.75,4728.61,UPI,Regular
SAL20250059391,2025-06-16,STR023,PRD01003,1,278.9,0.0,278.9,146.32,Cash,Walk-in
SAL20250059392,2025-06-30,STR007,PRD00087,1,23253.22,0.0,23253.22,15702.94,UPI,Regular
SAL20250059393,2025-06-28,STR001,PRD01099,1,4242.7,0.0,4242.7,2721.85,Cash,Regular
SAL20250059394,2025-06-08,STR020,PRD00796,1,462.4,0.0,462.4,329.9,UPI,Walk-in
SAL20250059395,2025-06-08,STR028,PRD00267,2,11328.41,0.0,22656.82,16003.18,UPI,Regular
SAL20250059396,2025-06-30,STR040,PRD00715,1,2949.53,0.1,2654.58,1984.0,UPI,Walk-in
SAL20250059397,2025-06-13,STR032,PRD00842,3,1322.87,0.0,3968.61,2870.64,Cash,Regular
SAL20250059398,2025-06-10,STR027,PRD00508,2,125.21,0.1,225.38,219.86,Cash,Regular
SAL20250059399,2025-06-30,STR020,PRD01000,1,495.66,0.1,446.09,345.87,UPI,Regular
SAL20250059400,2025-06-23,STR009,PRD00060,1,15273.35,0.05,14509.68,10531.53,Net Banking,Walk-in
SAL20250059401,2025-06-13,STR027,PRD00230,3,11424.91,0.0,34274.73,23507.64,UPI,Regular
SAL20250059402,2025-06-20,STR021,PRD00632,2,758.72,0.0,1517.44,860.12,Cash,Regular
SAL20250059403,2025-06-27,STR026,PRD00864,2,1725.02,0.0,3450.04,2236.12,Debit Card,Walk-in
SAL20250059404,2025-06-18,STR017,PRD00008,1,14817.35,0.05,14076.48,10393.47,UPI,Walk-in
SAL20250059405,2025-06-26,STR014,PRD00184,1,3565.48,0.0,3565.48,2588.7,Credit Card,Premium
SAL20250059406,2025-06-06,STR001,PRD00435,2,718.79,0.1,1293.82,1168.34,Debit Card,Regular
SAL20250059407,2025-06-03,STR002,PRD00886,2,1331.79,0.0,2663.58,1889.4,Net Banking,Premium
SAL20250059408,2025-06-27,STR011,PRD00921,2,3248.47,0.0,6496.94,3667.88,UPI,Walk-in
SAL20250059409,2025-06-02,STR025,PRD00432,1,845.55,0.0,845.55,647.04,UPI,Premium
SAL20250059410,2025-06-20,STR023,PRD01151,1,7065.61,0.0,7065.61,3374.36,Cash,Premium
SAL20250059411,2025-06-04,STR038,PRD01164,2,2114.79,0.0,4229.58,2217.42,Cash,Regular
SAL20250059412,2025-06-16,STR005,PRD00973,3,291.44,0.0,874.32,470.73,UPI,Corporate
SAL20250059413,2025-06-23,STR039,PRD00278,1,439.84,0.0,439.84,292.07,Debit Card,Walk-in
SAL20250059414,2025-06-02,STR006,PRD00064,1,2458.4,0.0,2458.4,1830.7,Credit Card,Regular
SAL20250059415,2025-06-13,STR028,PRD00920,2,2715.99,0.0,5431.98,3068.92,Credit Card,Regular
SAL20250059416,2025-06-29,STR035,PRD00548,2,172.01,0.0,344.02,240.72,Debit Card,Regular
SAL20250059417,2025-06-14,STR002,PRD00929,1,3367.15,0.0,3367.15,2036.24,Credit Card,Regular
SAL20250059418,2025-06-11,STR022,PRD01099,1,4242.7,0.0,4242.7,2721.85,UPI,Regular
SAL20250059419,2025-06-22,STR017,PRD00673,2,2685.18,0.0,5370.36,3396.58,Credit Card,Premium
SAL20250059420,2025-06-30,STR012,PRD01123,1,3145.87,0.05,2988.58,1902.26,Credit Card,Regular
SAL20250059421,2025-06-11,STR022,PRD01029,1,762.26,0.0,762.26,543.36,Credit Card,Premium
SAL20250059422,2025-06-28,STR022,PRD00040,1,26675.54,0.0,26675.54,17487.01,UPI,Premium
SAL20250059423,2025-06-28,STR027,PRD01168,1,4286.69,0.0,4286.69,2474.04,Credit Card,Walk-in
SAL20250059424,2025-06-02,STR031,PRD00440,3,366.81,0.0,1100.43,962.49,UPI,Walk-in
SAL20250059425,2025-06-30,STR003,PRD01113,1,4340.13,0.1,3906.12,2015.92,UPI,Walk-in
SAL20250059426,2025-06-27,STR006,PRD00558,2,353.1,0.0,706.2,486.6,Credit Card,Regular
SAL20250059427,2025-06-02,STR018,PRD00933,3,3527.61,0.05,10053.69,6540.9,UPI,Regular
SAL20250059428,2025-06-11,STR041,PRD00943,2,787.16,0.05,1495.6,1064.88,UPI,Regular
SAL20250059429,2025-06-26,STR008,PRD00126,2,8140.39,0.1,14652.7,12262.64,Net Banking,Walk-in
SAL20250059430,2025-06-06,STR032,PRD00974,1,202.7,0.0,202.7,106.76,Net Banking,Regular
SAL20250059431,2025-06-05,STR029,PRD00267,1,11328.41,0.0,11328.41,8001.59,Cash,Regular
SAL20250059432,2025-06-26,STR020,PRD00282,1,705.96,0.0,705.96,470.23,Net Banking,Regular
SAL20250059433,2025-06-25,STR026,PRD00532,3,1039.03,0.1,2805.38,2426.58,Net Banking,Regular
SAL20250059434,2025-06-27,STR001,PRD00320,1,273.23,0.05,259.57,149.99,Credit Card,Regular
SAL20250059435,2025-06-03,STR027,PRD00265,1,4797.2,0.0,4797.2,2920.06,UPI,Regular
SAL20250059436,2025-06-28,STR018,PRD00742,3,3993.24,0.0,11979.72,7104.78,Net Banking,Premium
SAL20250059437,2025-06-10,STR008,PRD00914,4,3460.6,0.0,13842.4,8802.88,UPI,Walk-in
SAL20250059438,2025-06-10,STR019,PRD00391,3,716.46,0.0,2149.38,1042.23,UPI,Regular
SAL20250059439,2025-06-13,STR022,PRD00056,1,11452.31,0.0,11452.31,8581.01,Cash,Premium
SAL20250059440,2025-06-02,STR036,PRD00221,1,9230.37,0.0,9230.37,5770.89,UPI,Walk-in
SAL20250059441,2025-06-25,STR008,PRD00686,1,3692.38,0.0,3692.38,2113.83,UPI,Regular
SAL20250059442,2025-06-26,STR023,PRD00761,1,367.88,0.1,331.09,269.21,UPI,Walk-in
SAL20250059443,2025-06-01,STR038,PRD00887,1,2006.5,0.0,2006.5,1169.69,Debit Card,Regular
SAL20250059444,2025-06-12,STR025,PRD00331,1,133.4,0.0,133.4,89.83,Debit Card,Regular
SAL20250059445,2025-06-17,STR032,PRD00835,1,1480.55,0.05,1406.52,1008.2,Cash,Regular
SAL20250059446,2025-06-18,STR039,PRD00886,1,1331.79,0.0,1331.79,944.7,UPI,Corporate
SAL20250059447,2025-06-14,STR030,PRD00854,1,2355.83,0.0,2355.83,1467.93,UPI,Walk-in
SAL20250059448,2025-06-06,STR026,PRD00425,3,878.01,0.0,2634.03,2092.53,Debit Card,Regular
SAL20250059449,2025-06-29,STR034,PRD01153,4,5497.78,0.0,21991.12,9998.2,Credit Card,Walk-in
SAL20250059450,2025-06-23,STR019,PRD01056,1,449.88,0.0,449.88,302.01,UPI,Premium
SAL20250059451,2025-06-14,STR035,PRD00928,1,2503.87,0.0,2503.87,1812.53,UPI,Regular
SAL20250059452,2025-06-23,STR012,PRD00556,1,634.75,0.1,571.27,470.98,UPI,Walk-in
SAL20250059453,2025-06-07,STR011,PRD00892,2,2494.33,0.0,4988.66,3484.02,Debit Card,Walk-in
SAL20250059454,2025-06-04,STR015,PRD01115,1,4843.87,0.0,4843.87,2404.35,Debit Card,Premium
SAL20250059455,2025-06-30,STR005,PRD00113,1,16350.49,0.0,16350.49,11876.29,Debit Card,Regular
SAL20250059456,2025-06-13,STR029,PRD01161,1,5090.05,0.0,5090.05,2218.96,Net Banking,Premium
SAL20250059457,2025-06-27,STR032,PRD01031,3,1036.47,0.05,2953.94,1570.11,Credit Card,Regular
SAL20250059458,2025-06-18,STR004,PRD00646,1,108.22,0.0,108.22,65.79,Credit Card,Walk-in
SAL20250059459,2025-06-16,STR031,PRD00571,2,201.22,0.0,402.44,286.98,Credit Card,Regular
SAL20250059460,2025-06-06,STR037,PRD00058,1,3380.1,0.0,3380.1,2568.5,UPI,Regular
SAL20250059461,2025-06-10,STR006,PRD01165,1,6335.51,0.0,6335.51,3028.69,UPI,Corporate
SAL20250059462,2025-06-18,STR033,PRD00554,1,805.55,0.0,805.55,466.41,UPI,Regular
SAL20250059463,2025-06-21,STR020,PRD01008,2,227.58,0.0,455.16,284.0,Credit Card,Walk-in
SAL20250059464,2025-06-30,STR024,PRD00532,4,1039.03,0.0,4156.12,3235.44,UPI,Regular
SAL20250059465,2025-06-02,STR011,PRD00575,1,90.77,0.0,90.77,67.08,UPI,Regular
SAL20250059466,2025-06-19,STR004,PRD00427,4,558.44,0.1,2010.38,1937.04,Credit Card,Walk-in
SAL20250059467,2025-06-07,STR001,PRD01128,1,2522.35,0.1,2270.11,1440.68,Cash,Regular
SAL20250059468,2025-06-11,STR027,PRD00323,1,361.28,0.0,361.28,188.15,UPI,Regular
SAL20250059469,2025-06-22,STR014,PRD01186,1,3042.91,0.05,2890.76,1502.2,Debit Card,Premium
SAL20250059470,2025-06-04,STR010,PRD00465,4,578.8,0.0,2315.2,1771.2,UPI,Walk-in
SAL20250059471,2025-06-24,STR022,PRD00424,1,428.73,0.1,385.86,377.24,Credit Card,Regular
SAL20250059472,2025-06-10,STR021,PRD00856,1,1871.17,0.0,1871.17,1212.57,UPI,Regular
SAL20250059473,2025-06-25,STR005,PRD00695,1,2280.88,0.0,2280.88,1276.46,UPI,Corporate
SAL20250059474,2025-06-07,STR032,PRD00735,2,2710.38,0.0,5420.76,3232.56,UPI,Regular
SAL20250059475,2025-06-07,STR038,PRD00617,4,496.18,0.0,1984.72,1452.04,UPI,Regular
SAL20250059476,2025-06-15,STR032,PRD00005,1,25382.71,0.0,25382.71,18438.86,UPI,Regular
SAL20250059477,2025-06-06,STR031,PRD00456,1,215.04,0.0,215.04,169.99,Net Banking,Walk-in
SAL20250059478,2025-06-11,STR016,PRD01116,3,792.37,0.0,2377.11,1188.96,Credit Card,Walk-in
SAL20250059479,2025-06-05,STR011,PRD00384,1,1012.08,0.0,1012.08,513.64,UPI,Walk-in
SAL20250059480,2025-06-04,STR019,PRD00540,1,550.54,0.1,495.49,388.62,UPI,Corporate
SAL20250059481,2025-06-21,STR041,PRD00130,2,17171.37,0.0,34342.74,25765.16,Cash,Premium
SAL20250059482,2025-06-24,STR017,PRD00159,1,4881.58,0.05,4637.5,3676.52,UPI,Regular
SAL20250059483,2025-06-12,STR033,PRD01008,1,227.58,0.05,216.2,142.0,Credit Card,Premium
SAL20250059484,2025-06-22,STR013,PRD00815,2,2750.26,0.0,5500.52,3695.18,Credit Card,Corporate
SAL20250059485,2025-06-16,STR025,PRD01196,3,1369.18,0.0,4107.54,1790.67,Debit Card,Walk-in
SAL20250059486,2025-06-08,STR005,PRD01046,1,946.12,0.0,946.12,526.29,Credit Card,Regular
SAL20250059487,2025-06-20,STR025,PRD01200,1,1804.12,0.0,1804.12,865.8,Credit Card,Premium
SAL20250059488,2025-06-15,STR009,PRD00037,1,21728.77,0.1,19555.89,16760.42,UPI,Corporate
SAL20250059489,2025-06-12,STR014,PRD01191,1,6431.83,0.0,6431.83,4011.49,Cash,Regular
SAL20250059490,2025-06-28,STR041,PRD00958,1,274.5,0.0,274.5,191.73,Debit Card,Regular
SAL20250059491,2025-06-23,STR015,PRD01187,1,5464.91,0.0,5464.91,3354.99,Cash,Walk-in
SAL20250059492,2025-06-18,STR040,PRD00747,2,1306.66,0.0,2613.32,1920.32,Credit Card,Walk-in
SAL20250059493,2025-06-10,STR012,PRD00392,1,436.74,0.05,414.9,242.28,UPI,Regular
SAL20250059494,2025-06-11,STR038,PRD00360,2,505.68,0.0,1011.36,478.44,Credit Card,Walk-in
SAL20250059495,2025-06-01,STR018,PRD00789,1,4846.68,0.0,4846.68,2934.91,Credit Card,Regular
SAL20250059496,2025-06-21,STR025,PRD00275,4,1560.95,0.1,5619.42,3391.6,Credit Card,Walk-in
SAL20250059497,2025-06-10,STR020,PRD00724,2,2856.14,0.0,5712.28,3188.82,Cash,Premium
SAL20250059498,2025-06-21,STR033,PRD00299,2,1362.69,0.0,2725.38,1646.6,Credit Card,Regular
SAL20250059499,2025-06-28,STR028,PRD00858,1,1066.62,0.0,1066.62,695.16,UPI,Walk-in
SAL20250059500,2025-06-24,STR028,PRD01141,1,1387.21,0.0,1387.21,810.65,Cash,Walk-in
SAL20250059501,2025-06-24,STR003,PRD00634,2,509.03,0.0,1018.06,597.92,Credit Card,Regular
SAL20250059502,2025-06-12,STR008,PRD00933,2,3527.61,0.0,7055.22,4360.6,UPI,Walk-in
SAL20250059503,2025-06-03,STR036,PRD00871,3,1211.65,0.1,3271.46,2577.96,UPI,Walk-in
SAL20250059504,2025-06-02,STR040,PRD00823,2,2558.98,0.0,5117.96,3435.38,UPI,Premium
SAL20250059505,2025-06-22,STR036,PRD00248,1,9547.84,0.1,8593.06,6877.51,UPI,Premium
SAL20250059506,2025-06-21,STR001,PRD00264,1,4452.38,0.1,4007.14,3172.04,UPI,Regular
SAL20250059507,2025-06-30,STR012,PRD00965,1,67.67,0.0,67.67,48.46,Credit Card,Regular
SAL20250059508,2025-06-08,STR008,PRD00784,1,1985.25,0.0,1985.25,1302.04,UPI,Regular
SAL20250059509,2025-06-09,STR008,PRD00266,1,13058.2,0.0,13058.2,8085.89,UPI,Regular
SAL20250059510,2025-06-04,STR026,PRD00298,2,1012.57,0.0,2025.14,1332.24,Cash,Premium
SAL20250059511,2025-06-27,STR017,PRD01006,2,849.47,0.0,1698.94,1213.38,Debit Card,Premium
SAL20250059512,2025-06-03,STR023,PRD00997,4,893.9,0.1,3218.04,2498.76,Credit Card,Walk-in
SAL20250059513,2025-06-23,STR031,PRD00080,1,17292.25,0.0,17292.25,13027.41,UPI,Walk-in
SAL20250059514,2025-06-04,STR013,PRD00502,1,721.0,0.0,721.0,628.72,UPI,Regular
SAL20250059515,2025-06-15,STR034,PRD00960,2,572.91,0.05,1088.53,764.8,Debit Card,Premium
SAL20250059516,2025-06-22,STR003,PRD00870,1,2808.24,0.0,2808.24,1618.68,Credit Card,Premium
SAL20250059517,2025-06-18,STR033,PRD00558,1,353.1,0.05,335.44,243.3,Debit Card,Regular
SAL20250059518,2025-06-03,STR027,PRD00258,1,2441.64,0.05,2319.56,1594.77,Credit Card,Premium
SAL20250059519,2025-06-18,STR031,PRD00012,1,5255.98,0.0,5255.98,4121.35,UPI,Walk-in
SAL20250059520,2025-06-15,STR029,PRD00340,1,956.64,0.0,956.64,556.08,Debit Card,Walk-in
SAL20250059521,2025-06-08,STR029,PRD00347,1,1133.22,0.0,1133.22,669.26,Debit Card,Premium
SAL20250059522,2025-06-28,STR019,PRD00570,1,376.39,0.0,376.39,268.57,UPI,Regular
SAL20250059523,2025-06-23,STR031,PRD00348,1,1231.54,0.0,1231.54,694.06,Credit Card,Regular
SAL20250059524,2025-06-30,STR036,PRD01175,4,2568.19,0.0,10272.76,6290.8,UPI,Corporate
SAL20250059525,2025-06-06,STR038,PRD00156,2,1591.76,0.05,3024.34,2463.9,UPI,Regular
SAL20250059526,2025-06-19,STR019,PRD00483,3,634.79,0.05,1809.15,1592.88,Debit Card,Corporate
SAL20250059527,2025-06-16,STR019,PRD00864,1,1725.02,0.0,1725.02,1118.06,Debit Card,Regular
SAL20250059528,2025-06-01,STR026,PRD00633,6,365.95,0.0,2195.7,1277.4,Debit Card,Premium
SAL20250059529,2025-06-27,STR011,PRD00150,1,1288.03,0.1,1159.23,897.46,UPI,Walk-in
SAL20250059530,2025-06-20,STR010,PRD00276,1,499.9,0.1,449.91,292.67,UPI,Corporate
SAL20250059531,2025-06-23,STR031,PRD01171,2,6541.96,0.05,12429.72,5247.78,Credit Card,Regular
SAL20250059532,2025-06-06,STR041,PRD00635,4,332.03,0.0,1328.12,829.2,Debit Card,Premium
SAL20250059533,2025-06-27,STR034,PRD00493,1,517.33,0.0,517.33,446.5,Debit Card,Walk-in
SAL20250059534,2025-06-08,STR005,PRD00864,1,1725.02,0.1,1552.52,1118.06,Credit Card,Regular
SAL20250059535,2025-06-21,STR029,PRD00874,1,3195.38,0.0,3195.38,2332.48,UPI,Corporate
SAL20250059536,2025-06-07,STR003,PRD01108,3,4924.79,0.0,14774.37,6868.5,Credit Card,Regular
SAL20250059537,2025-06-23,STR017,PRD00461,1,198.22,0.0,198.22,169.45,Debit Card,Regular
SAL20250059538,2025-06-23,STR029,PRD00880,2,430.21,0.0,860.42,587.88,UPI,Walk-in
SAL20250059539,2025-06-07,STR010,PRD01186,1,3042.91,0.0,3042.91,1502.2,Debit Card,Regular
SAL20250059540,2025-06-18,STR035,PRD00492,2,431.72,0.0,863.44,724.08,UPI,Premium
SAL20250059541,2025-06-05,STR024,PRD00223,1,11271.43,0.0,11271.43,7014.79,UPI,Regular
SAL20250059542,2025-06-30,STR029,PRD01145,1,3609.72,0.0,3609.72,2080.21,UPI,Walk-in
SAL20250059543,2025-06-27,STR014,PRD00921,1,3248.47,0.1,2923.62,1833.94,UPI,Regular
SAL20250059544,2025-06-06,STR037,PRD00019,1,9063.53,0.0,9063.53,6399.55,Cash,Regular
SAL20250059545,2025-06-13,STR002,PRD01147,3,6760.77,0.0,20282.31,11589.84,UPI,Regular
SAL20250059546,2025-06-21,STR030,PRD01062,1,925.26,0.0,925.26,543.06,UPI,Regular
SAL20250059547,2025-06-11,STR003,PRD00658,2,338.62,0.0,677.24,455.36,UPI,Walk-in
SAL20250059548,2025-06-24,STR037,PRD00215,1,9358.07,0.0,9358.07,6525.15,UPI,Regular
SAL20250059549,2025-06-25,STR017,PRD00163,1,12710.38,0.0,12710.38,7712.99,UPI,Walk-in
SAL20250059550,2025-06-19,STR010,PRD00943,2,787.16,0.0,1574.32,1064.88,Credit Card,Regular
SAL20250059551,2025-06-21,STR015,PRD00817,1,3058.64,0.0,3058.64,2165.66,Credit Card,Walk-in
SAL20250059552,2025-06-06,STR021,PRD00794,1,5386.59,0.0,5386.59,3160.43,Cash,Regular
SAL20250059553,2025-06-10,STR034,PRD01019,1,948.07,0.0,948.07,489.75,UPI,Corporate
SAL20250059554,2025-06-20,STR022,PRD00887,1,2006.5,0.0,2006.5,1169.69,UPI,Walk-in
SAL20250059555,2025-06-22,STR011,PRD00561,10,111.53,0.0,1115.3,754.9,Cash,Walk-in
SAL20250059556,2025-06-08,STR015,PRD00870,1,2808.24,0.0,2808.24,1618.68,Credit Card,Walk-in
SAL20250059557,2025-06-24,STR035,PRD01166,1,3220.85,0.0,3220.85,1660.43,UPI,Regular
SAL20250059558,2025-06-30,STR004,PRD00472,3,554.85,0.0,1664.55,1334.7,UPI,Regular
SAL20250054154,2025-06-11,STR041,PRD00289,1,1047.34,0.0,1047.34,607.0,Cash,Premium
SAL20250059560,2025-06-12,STR009,PRD00721,1,2330.52,0.0,2330.52,1727.63,Debit Card,Regular
SAL20250059561,2025-06-28,STR015,PRD01046,1,946.12,0.05,898.81,526.29,UPI,Regular
SAL20250059562,2025-06-15,STR002,PRD00906,3,3449.48,0.0,10348.44,6348.66,Credit Card,Regular
SAL20250059563,2025-06-18,STR019,PRD00249,1,4858.0,0.1,4372.2,3416.15,UPI,Walk-in
SAL20250059564,2025-06-10,STR005,PRD01126,3,2931.04,0.0,8793.12,4954.11,UPI,Walk-in
SAL20250059565,2025-06-26,STR041,PRD00283,2,917.06,0.0,1834.12,862.94,Credit Card,Premium
SAL20250059566,2025-06-02,STR033,PRD00951,2,594.37,0.0,1188.74,704.76,UPI,Walk-in
SAL20250059567,2025-06-01,STR036,PRD00030,1,17262.94,0.0,17262.94,12589.59,Cash,Regular
SAL20250059568,2025-06-01,STR015,PRD00733,3,3579.07,0.0,10737.21,6560.91,UPI,Regular
SAL20250059569,2025-06-01,STR033,PRD00586,3,648.21,0.05,1847.4,1320.03,Credit Card,Walk-in
SAL20250059570,2025-06-17,STR028,PRD00054,1,16291.52,0.0,16291.52,11840.34,Cash,Premium
SAL20250059571,2025-06-05,STR041,PRD00043,1,22998.01,0.0,22998.01,15302.97,Debit Card,Regular
SAL20250059572,2025-06-27,STR014,PRD00519,2,818.33,0.05,1554.83,1285.8,Credit Card,Premium
SAL20250059573,2025-06-05,STR017,PRD00939,1,463.84,0.1,417.46,242.34,Net Banking,Corporate
SAL20250059574,2025-06-02,STR014,PRD01009,1,52.33,0.0,52.33,29.39,UPI,Premium
SAL20250059575,2025-06-10,STR017,PRD00098,1,13136.22,0.0,13136.22,10206.01,UPI,Regular
SAL20250059576,2025-06-30,STR041,PRD00958,2,274.5,0.0,549.0,383.46,Credit Card,Walk-in
SAL20250059577,2025-06-20,STR035,PRD00301,1,189.19,0.05,179.73,130.27,Net Banking,Regular
SAL20250059578,2025-06-29,STR026,PRD00331,1,133.4,0.0,133.4,89.83,Credit Card,Walk-in
SAL20250059579,2025-06-20,STR032,PRD00347,1,1133.22,0.0,1133.22,669.26,Debit Card,Regular
SAL20250059580,2025-06-10,STR030,PRD00996,2,577.22,0.1,1039.0,658.78,Cash,Walk-in
SAL20250059581,2025-06-05,STR039,PRD01177,1,2791.89,0.0,2791.89,1594.63,UPI,Premium
SAL20250059582,2025-06-18,STR025,PRD00534,3,97.09,0.0,291.27,241.77,Credit Card,Regular
SAL20250059583,2025-06-22,STR021,PRD00211,1,6731.6,0.0,6731.6,4925.05,UPI,Walk-in
SAL20250059584,2025-06-11,STR004,PRD00989,1,922.35,0.0,922.35,592.11,UPI,Walk-in
SAL20250059585,2025-06-04,STR002,PRD00316,1,924.22,0.1,831.8,589.52,Credit Card,Premium
SAL20250059586,2025-06-25,STR019,PRD00622,3,644.0,0.0,1932.0,1199.37,Cash,Regular
SAL20250059587,2025-06-06,STR006,PRD00531,3,217.65,0.0,652.95,546.6,UPI,Regular
SAL20250059588,2025-06-27,STR016,PRD00496,5,1047.75,0.0,5238.75,4512.2,UPI,Premium
SAL20250059589,2025-06-14,STR026,PRD00700,1,4752.07,0.0,4752.07,2864.63,Credit Card,Premium
SAL20250059590,2025-06-10,STR021,PRD01124,1,4813.39,0.0,4813.39,2177.75,Cash,Premium
SAL20250050676,2025-06-28,STR039,PRD01037,1,431.13,0.0,431.13,232.19,Cash,Corporate
SAL20250059592,2025-06-04,STR035,PRD00743,1,1675.83,0.0,1675.83,1131.56,UPI,Walk-in
SAL20250059593,2025-06-13,STR011,PRD01169,1,6625.23,0.0,6625.23,4001.41,Net Banking,Regular
SAL20250059594,2025-06-07,STR016,PRD00831,1,2902.42,0.1,2612.18,1993.17,UPI,Walk-in
SAL20250059595,2025-06-10,STR015,PRD00819,1,2315.45,0.0,2315.45,1549.5,UPI,Walk-in
SAL20250059596,2025-06-12,STR016,PRD01027,1,412.95,0.0,412.95,225.72,Credit Card,Walk-in
SAL20250059597,2025-06-07,STR009,PRD01125,3,3015.8,0.0,9047.4,4270.29,UPI,Regular
SAL20250059598,2025-06-17,STR018,PRD00535,1,314.95,0.0,314.95,224.28,Debit Card,Walk-in
SAL20250059599,2025-06-05,STR007,PRD00102,1,21236.57,0.0,21236.57,16141.17,UPI,Premium
SAL20250059600,2025-06-14,STR040,PRD00420,2,876.02,0.1,1576.84,1485.14,UPI,Walk-in
SAL20250059601,2025-06-19,STR024,PRD00282,2,705.96,0.0,1411.92,940.46,Debit Card,Regular
SAL20250059602,2025-06-01,STR031,PRD00268,1,1061.68,0.0,1061.68,520.26,Credit Card,Premium
SAL20250059603,2025-06-28,STR038,PRD00599,2,273.52,0.0,547.04,378.74,Credit Card,Walk-in
SAL20250059604,2025-06-02,STR002,PRD00660,1,324.23,0.0,324.23,238.04,Credit Card,Regular
SAL20250059605,2025-06-28,STR002,PRD00166,1,4039.27,0.0,4039.27,2471.0,Cash,Premium
SAL20250059606,2025-06-04,STR041,PRD01004,1,128.91,0.1,116.02,65.93,Credit Card,Regular
SAL20250059607,2025-06-02,STR014,PRD00285,1,1499.26,0.05,1424.3,768.76,Debit Card,Premium
SAL20250059608,2025-06-12,STR034,PRD00965,2,67.67,0.1,121.81,96.92,UPI,Premium
SAL20250059609,2025-06-12,STR029,PRD00183,2,6835.62,0.1,12304.12,8977.12,Credit Card,Regular
SAL20250059610,2025-06-06,STR013,PRD00464,2,598.64,0.0,1197.28,916.98,UPI,Walk-in
SAL20250059611,2025-06-14,STR041,PRD00608,1,314.95,0.0,314.95,234.14,UPI,Regular
SAL20250059612,2025-06-01,STR038,PRD00817,1,3058.64,0.0,3058.64,2165.66,Debit Card,Regular
SAL20250059613,2025-06-24,STR024,PRD01090,1,4828.9,0.0,4828.9,3064.56,UPI,Regular
SAL20250059614,2025-06-21,STR031,PRD00010,3,14520.45,0.0,43561.35,35323.32,UPI,Regular
SAL20250059615,2025-06-30,STR013,PRD00362,2,1120.03,0.0,2240.06,1065.02,Credit Card,Walk-in
SAL20250059616,2025-06-20,STR023,PRD00209,1,4015.2,0.0,4015.2,2717.92,UPI,Regular
SAL20250059617,2025-06-28,STR029,PRD01135,1,2481.4,0.0,2481.4,1259.74,Credit Card,Walk-in
SAL20250059618,2025-06-08,STR033,PRD01170,3,1269.68,0.0,3809.04,2084.7,Credit Card,Premium
SAL20250059619,2025-06-18,STR039,PRD00425,5,878.01,0.0,4390.05,3487.55,Credit Card,Regular
SAL20250059620,2025-06-30,STR018,PRD01037,1,431.13,0.0,431.13,232.19,Debit Card,Regular
SAL20250059621,2025-06-14,STR033,PRD00895,2,472.54,0.0,945.08,594.8,UPI,Regular
SAL20250059622,2025-06-10,STR039,PRD00365,2,693.15,0.0,1386.3,897.38,UPI,Walk-in
SAL20250059623,2025-06-09,STR025,PRD00563,3,667.75,0.0,2003.25,1300.68,UPI,Walk-in
SAL20250059624,2025-06-29,STR018,PRD00706,1,3862.25,0.05,3669.14,2444.01,Credit Card,Regular
SAL20250059625,2025-06-04,STR011,PRD00621,1,335.41,0.0,335.41,235.43,Debit Card,Regular
SAL20250059626,2025-06-14,STR005,PRD00189,1,8529.1,0.0,8529.1,5554.64,UPI,Walk-in
SAL20250059627,2025-06-03,STR022,PRD00041,1,19732.0,0.0,19732.0,14953.27,Credit Card,Regular
SAL20250059628,2025-06-28,STR007,PRD00608,1,314.95,0.05,299.2,234.14,Credit Card,Walk-in
SAL20250059629,2025-06-20,STR007,PRD00478,1,959.84,0.0,959.84,812.26,Credit Card,Walk-in
SAL20250059630,2025-06-05,STR016,PRD00229,1,2013.93,0.0,2013.93,1348.9,Debit Card,Walk-in
SAL20250059631,2025-06-06,STR009,PRD00256,1,13048.37,0.0,13048.37,8107.05,Credit Card,Walk-in
SAL20250059632,2025-06-10,STR010,PRD00756,1,3090.95,0.0,3090.95,2208.4,Credit Card,Walk-in
SAL20250059633,2025-06-16,STR012,PRD01095,1,4795.88,0.0,4795.88,2620.97,UPI,Regular
SAL20250059634,2025-06-06,STR010,PRD01111,2,1735.9,0.0,3471.8,1911.04,UPI,Premium
SAL20250059635,2025-06-13,STR030,PRD00027,1,21177.44,0.0,21177.44,15886.64,Debit Card,Premium
SAL20250059636,2025-06-26,STR021,PRD00998,3,883.36,0.0,2650.08,1349.67,Net Banking,Regular
SAL20250059637,2025-06-12,STR026,PRD00568,10,465.88,0.0,4658.8,2883.1,Net Banking,Regular
SAL20250059638,2025-06-16,STR007,PRD01042,4,143.52,0.0,574.08,378.76,Credit Card,Walk-in
SAL20250059639,2025-06-05,STR011,PRD00033,1,2653.86,0.0,2653.86,1783.28,Credit Card,Walk-in
SAL20250059640,2025-06-20,STR020,PRD00028,1,4027.15,0.0,4027.15,2641.37,UPI,Regular
SAL20250059641,2025-06-05,STR001,PRD00936,4,964.58,0.0,3858.32,2482.12,Debit Card,Regular
SAL20250059642,2025-06-03,STR021,PRD00650,1,429.23,0.0,429.23,249.31,Debit Card,Regular
SAL20250059643,2025-06-26,STR014,PRD00608,1,314.95,0.0,314.95,234.14,UPI,Regular
SAL20250059644,2025-06-04,STR040,PRD01139,1,4060.77,0.0,4060.77,1844.56,UPI,Regular
SAL20250059645,2025-06-20,STR019,PRD00382,1,534.11,0.0,534.11,292.91,UPI,Corporate
SAL20250059646,2025-06-28,STR011,PRD01147,1,6760.77,0.0,6760.77,3863.28,UPI,Regular
SAL20250059647,2025-06-11,STR038,PRD00893,1,963.04,0.0,963.04,603.05,Credit Card,Walk-in
SAL20250059648,2025-06-20,STR003,PRD00516,3,653.26,0.0,1959.78,1507.68,Credit Card,Regular
SAL20250059649,2025-06-04,STR017,PRD00340,1,956.64,0.0,956.64,556.08,UPI,Regular
SAL20250059650,2025-06-12,STR014,PRD00435,2,718.79,0.0,1437.58,1168.34,UPI,Premium
SAL20250059651,2025-06-25,STR032,PRD00580,1,372.59,0.0,372.59,211.3,UPI,Walk-in
SAL20250059652,2025-06-25,STR037,PRD00216,1,11614.64,0.05,11033.91,7226.78,Debit Card,Regular
SAL20250059653,2025-06-07,STR016,PRD00942,2,93.87,0.05,178.35,123.46,UPI,Walk-in
SAL20250059654,2025-06-25,STR011,PRD00602,6,328.03,0.0,1968.18,1243.68,UPI,Regular
SAL20250059655,2025-06-24,STR040,PRD00415,1,345.23,0.05,327.97,286.19,Cash,Walk-in
SAL20250059656,2025-06-18,STR017,PRD00999,4,1102.59,0.0,4410.36,2347.4,UPI,Regular
SAL20250059657,2025-06-24,STR003,PRD01107,1,1600.76,0.0,1600.76,735.13,UPI,Walk-in
SAL20250059658,2025-06-28,STR031,PRD00328,4,1206.9,0.0,4827.6,2476.04,UPI,Corporate
SAL20250059659,2025-06-06,STR012,PRD00997,2,893.9,0.0,1787.8,1249.38,Debit Card,Walk-in
SAL20250059660,2025-06-30,STR040,PRD01164,1,2114.79,0.0,2114.79,1108.71,Credit Card,Regular
SAL20250059661,2025-06-24,STR007,PRD00483,5,634.79,0.1,2856.55,2654.8,UPI,Regular
SAL20250059662,2025-06-28,STR009,PRD00416,1,833.51,0.0,833.51,691.79,Cash,Premium
SAL20250059663,2025-06-05,STR008,PRD00045,1,17414.18,0.0,17414.18,13822.18,UPI,Walk-in
SAL20250059664,2025-06-05,STR011,PRD01051,3,694.43,0.0,2083.29,1062.57,Cash,Walk-in
SAL20250059665,2025-06-21,STR014,PRD01038,1,565.57,0.0,565.57,303.34,Cash,Walk-in
SAL20250059666,2025-06-16,STR015,PRD00342,2,1186.13,0.0,2372.26,1396.34,Debit Card,Walk-in
SAL20250059667,2025-06-19,STR029,PRD01016,4,253.56,0.05,963.53,645.6,UPI,Walk-in
SAL20250059668,2025-06-19,STR023,PRD00941,3,737.4,0.0,2212.2,1533.27,Credit Card,Walk-in
SAL20250059669,2025-06-25,STR014,PRD00098,1,13136.22,0.0,13136.22,10206.01,Credit Card,Corporate
SAL20250059670,2025-06-17,STR009,PRD00745,1,2529.52,0.0,2529.52,1829.18,UPI,Walk-in
SAL20250059671,2025-06-04,STR030,PRD01096,2,3066.12,0.1,5519.02,3428.52,UPI,Regular
SAL20250059672,2025-06-21,STR027,PRD00709,2,232.93,0.0,465.86,306.1,UPI,Walk-in
SAL20250059673,2025-06-23,STR033,PRD00564,2,566.41,0.0,1132.82,695.94,Debit Card,Regular
SAL20250059674,2025-06-29,STR019,PRD00575,1,90.77,0.0,90.77,67.08,UPI,Regular
SAL20250059675,2025-06-11,STR021,PRD00744,1,4365.48,0.0,4365.48,2879.4,Debit Card,Corporate
SAL20250059676,2025-06-09,STR001,PRD00328,1,1206.9,0.0,1206.9,619.01,Credit Card,Walk-in
SAL20250059677,2025-06-17,STR018,PRD01140,1,5750.16,0.0,5750.16,3316.46,Credit Card,Regular
SAL20250059678,2025-06-26,STR025,PRD00928,1,2503.87,0.0,2503.87,1812.53,UPI,Regular
SAL20250059679,2025-06-10,STR009,PRD01095,1,4795.88,0.0,4795.88,2620.97,UPI,Walk-in
SAL20250059680,2025-06-28,STR036,PRD00569,3,219.4,0.0,658.2,429.9,Net Banking,Regular
SAL20250059681,2025-06-09,STR008,PRD01063,2,747.32,0.0,1494.64,976.78,UPI,Walk-in
SAL20250059682,2025-06-20,STR018,PRD00750,4,3884.81,0.1,13985.32,8579.92,Debit Card,Premium
SAL20250059683,2025-06-06,STR038,PRD00485,1,693.22,0.05,658.56,593.15,UPI,Walk-in
SAL20250059684,2025-06-20,STR027,PRD00946,1,937.06,0.0,937.06,525.58,Debit Card,Premium
SAL20250059685,2025-06-25,STR007,PRD00574,1,560.83,0.0,560.83,338.56,UPI,Regular
SAL20250059686,2025-06-21,STR013,PRD00435,3,718.79,0.05,2048.55,1752.51,Credit Card,Regular
SAL20250059687,2025-06-29,STR001,PRD00613,1,239.41,0.0,239.41,178.61,UPI,Regular
SAL20250059688,2025-06-08,STR013,PRD00704,2,1185.8,0.0,2371.6,1414.28,UPI,Regular
SAL20250059689,2025-06-23,STR026,PRD00603,2,196.91,0.0,393.82,261.92,UPI,Walk-in
SAL20250059690,2025-06-18,STR017,PRD00676,2,4180.37,0.0,8360.74,5673.52,UPI,Premium
SAL20250059691,2025-06-25,STR029,PRD00720,1,3749.56,0.0,3749.56,2104.95,UPI,Regular
SAL20250059692,2025-06-13,STR012,PRD00627,2,670.0,0.1,1206.0,807.42,Debit Card,Regular
SAL20250059693,2025-06-08,STR022,PRD01186,1,3042.91,0.0,3042.91,1502.2,Cash,Regular
SAL20250059694,2025-06-07,STR020,PRD00904,1,2811.36,0.0,2811.36,1859.97,Net Banking,Premium
SAL20250059695,2025-06-16,STR019,PRD00595,6,524.85,0.0,3149.1,2187.12,Credit Card,Premium
SAL20250059696,2025-06-28,STR038,PRD00702,1,1394.73,0.0,1394.73,988.64,UPI,Walk-in
SAL20250059697,2025-06-21,STR040,PRD00677,1,1193.37,0.05,1133.7,833.49,Credit Card,Walk-in
SAL20250059698,2025-06-30,STR027,PRD00450,1,377.7,0.0,377.7,290.54,Cash,Walk-in
SAL20250059699,2025-06-07,STR029,PRD00361,1,1524.53,0.0,1524.53,825.7,UPI,Regular
SAL20250059700,2025-06-09,STR012,PRD00996,2,577.22,0.0,1154.44,658.78,Debit Card,Walk-in
SAL20250059701,2025-06-21,STR030,PRD00771,1,2601.02,0.0,2601.02,1436.13,Credit Card,Walk-in
SAL20250059702,2025-06-06,STR033,PRD00175,1,11344.22,0.05,10777.01,7434.87,Net Banking,Walk-in
SAL20250059703,2025-06-21,STR023,PRD00540,3,550.54,0.0,1651.62,1165.86,UPI,Walk-in
SAL20250059704,2025-06-20,STR029,PRD00987,2,289.9,0.0,579.8,404.7,UPI,Premium
SAL20250059705,2025-06-15,STR007,PRD00445,1,417.63,0.0,417.63,335.27,Cash,Regular
SAL20250059706,2025-06-26,STR012,PRD00612,3,287.57,0.0,862.71,637.29,UPI,Walk-in
SAL20250059707,2025-06-12,STR027,PRD01098,1,1920.11,0.0,1920.11,1122.86,Credit Card,Regular
SAL20250059708,2025-06-23,STR015,PRD00324,2,1095.89,0.0,2191.78,1429.82,UPI,Walk-in
SAL20250059709,2025-06-20,STR030,PRD00555,6,381.92,0.1,2062.37,1318.74,Credit Card,Walk-in
SAL20250059710,2025-06-06,STR014,PRD00923,2,3811.45,0.1,6860.61,4524.66,UPI,Premium
SAL20250059711,2025-06-26,STR033,PRD00103,1,4104.09,0.0,4104.09,2941.45,Credit Card,Regular
SAL20250059712,2025-06-11,STR013,PRD00828,1,765.4,0.05,727.13,443.0,UPI,Regular
SAL20250059713,2025-06-17,STR012,PRD00918,2,2741.1,0.0,5482.2,3974.88,Net Banking,Premium
SAL20250059714,2025-06-11,STR004,PRD00311,1,936.08,0.0,936.08,578.34,Credit Card,Walk-in
SAL20250059715,2025-06-20,STR016,PRD00824,2,3034.92,0.05,5766.35,4333.06,UPI,Regular
SAL20250059716,2025-06-08,STR029,PRD00546,4,854.43,0.0,3417.72,1895.6,Credit Card,Regular
SAL20250059717,2025-06-10,STR036,PRD00545,1,450.85,0.0,450.85,252.45,Debit Card,Walk-in
SAL20250059718,2025-06-04,STR038,PRD00261,1,8333.44,0.0,8333.44,5118.51,Net Banking,Walk-in
SAL20250059719,2025-06-21,STR007,PRD01059,2,553.69,0.1,996.64,736.72,Debit Card,Walk-in
SAL20250059720,2025-06-10,STR026,PRD00474,3,108.22,0.0,324.66,268.11,UPI,Regular
SAL20250059721,2025-06-15,STR026,PRD00957,1,157.86,0.0,157.86,94.55,Credit Card,Walk-in
SAL20250059722,2025-06-20,STR028,PRD00583,2,704.61,0.0,1409.22,875.18,UPI,Regular
SAL20250059723,2025-06-22,STR014,PRD01178,2,5467.45,0.05,10388.15,7033.06,UPI,Regular
SAL20250059724,2025-06-06,STR038,PRD00701,1,4774.16,0.0,4774.16,3063.26,Credit Card,Walk-in
SAL20250059725,2025-06-03,STR006,PRD01082,1,1474.53,0.0,1474.53,797.26,UPI,Walk-in
SAL20250059726,2025-06-07,STR017,PRD01167,4,1364.58,0.0,5458.32,3342.64,Cash,Premium
SAL20250059727,2025-06-21,STR022,PRD00417,1,788.29,0.0,788.29,661.71,UPI,Regular
SAL20250059728,2025-06-24,STR008,PRD00551,5,585.58,0.0,2927.9,2152.85,Credit Card,Regular
SAL20250059729,2025-06-26,STR030,PRD01029,6,762.26,0.0,4573.56,3260.16,Net Banking,Regular
SAL20250059730,2025-06-16,STR002,PRD00661,3,443.39,0.1,1197.15,851.04,Credit Card,Walk-in
SAL20250059731,2025-06-08,STR040,PRD00636,2,685.82,0.0,1371.64,904.88,UPI,Walk-in
SAL20250059732,2025-06-05,STR041,PRD00378,4,667.36,0.05,2535.97,1462.16,Cash,Walk-in
SAL20250059733,2025-06-13,STR018,PRD00697,1,1377.61,0.0,1377.61,807.52,Credit Card,Walk-in
SAL20250059734,2025-06-06,STR014,PRD00045,1,17414.18,0.0,17414.18,13822.18,UPI,Regular
SAL20250059735,2025-06-05,STR039,PRD00094,1,15405.56,0.1,13865.0,12408.34,Credit Card,Regular
SAL20250059736,2025-06-05,STR012,PRD00912,2,532.47,0.0,1064.94,612.6,UPI,Premium
SAL20250059737,2025-06-16,STR030,PRD00826,3,174.23,0.0,522.69,360.6,Credit Card,Walk-in
SAL20250059738,2025-06-10,STR003,PRD00332,2,556.82,0.1,1002.28,545.86,Debit Card,Regular
SAL20250059739,2025-06-30,STR026,PRD00260,2,8853.62,0.0,17707.24,11215.74,Cash,Premium
SAL20250059740,2025-06-03,STR012,PRD00957,3,157.86,0.1,426.22,283.65,UPI,Walk-in
SAL20250059741,2025-06-14,STR024,PRD00157,2,5982.96,0.0,11965.92,8710.38,UPI,Walk-in
SAL20250059742,2025-06-25,STR001,PRD01137,1,2009.09,0.0,2009.09,1074.27,Credit Card,Walk-in
SAL20250059743,2025-06-28,STR018,PRD00528,4,1118.04,0.0,4472.16,3785.36,Credit Card,Regular
SAL20250059744,2025-06-19,STR038,PRD00189,1,8529.1,0.0,8529.1,5554.64,Credit Card,Walk-in
SAL20250059745,2025-06-11,STR026,PRD00576,1,451.26,0.0,451.26,330.56,Debit Card,Walk-in
SAL20250059746,2025-06-28,STR029,PRD00741,3,2848.85,0.0,8546.55,6086.67,UPI,Premium
SAL20250059747,2025-06-06,STR033,PRD00756,1,3090.95,0.0,3090.95,2208.4,Credit Card,Walk-in
SAL20250059748,2025-06-14,STR034,PRD00855,3,2084.62,0.0,6253.86,4576.65,Debit Card,Walk-in
SAL20250059749,2025-06-17,STR028,PRD00322,4,839.74,0.0,3358.96,2349.44,Credit Card,Regular
SAL20250059750,2025-06-22,STR034,PRD01143,2,5565.18,0.0,11130.36,6314.64,UPI,Regular
SAL20250059751,2025-06-02,STR017,PRD00096,1,1587.91,0.0,1587.91,1154.69,UPI,Regular
SAL20250059752,2025-06-22,STR011,PRD00731,2,2513.85,0.1,4524.93,3164.1,UPI,Premium
SAL20250059753,2025-06-04,STR003,PRD00430,1,129.33,0.0,129.33,108.7,UPI,Regular
SAL20250059754,2025-06-29,STR018,PRD00632,1,758.72,0.05,720.78,430.06,UPI,Walk-in
SAL20250059755,2025-06-23,STR008,PRD00205,1,2084.53,0.0,2084.53,1335.1,UPI,Regular
SAL20250059756,2025-06-24,STR034,PRD00905,2,2497.02,0.0,4994.04,3065.76,UPI,Corporate
SAL20250059757,2025-06-15,STR037,PRD01125,3,3015.8,0.05,8595.03,4270.29,Debit Card,Walk-in
SAL20250059758,2025-06-05,STR040,PRD00504,3,1118.52,0.0,3355.56,2802.72,UPI,Walk-in
SAL20250059759,2025-06-28,STR022,PRD00668,2,302.1,0.0,604.2,433.08,Credit Card,Premium
SAL20250059760,2025-06-05,STR028,PRD00712,3,1580.0,0.1,4266.0,2841.45,UPI,Corporate
SAL20250059761,2025-06-25,STR033,PRD00154,1,614.66,0.0,614.66,476.92,Credit Card,Walk-in
SAL20250059762,2025-06-08,STR031,PRD01033,6,703.74,0.0,4222.44,2272.14,UPI,Corporate
SAL20250059763,2025-06-05,STR010,PRD00927,1,799.32,0.0,799.32,584.58,UPI,Premium
SAL20250059764,2025-06-30,STR002,PRD00458,2,587.81,0.0,1175.62,891.84,UPI,Regular
SAL20250059765,2025-06-05,STR006,PRD00427,1,558.44,0.0,558.44,484.26,Credit Card,Walk-in
SAL20250059766,2025-06-16,STR008,PRD00169,1,8761.68,0.0,8761.68,5628.67,Credit Card,Regular
SAL20250059767,2025-06-23,STR001,PRD00976,3,1125.69,0.0,3377.07,1747.83,Debit Card,Premium
SAL20250059768,2025-06-21,STR008,PRD00139,1,2949.49,0.0,2949.49,1812.36,UPI,Walk-in
SAL20250059769,2025-06-20,STR026,PRD00825,2,2419.3,0.0,4838.6,2804.98,UPI,Regular
SAL20250059770,2025-06-14,STR005,PRD00786,2,2271.94,0.0,4543.88,3066.98,Credit Card,Corporate
SAL20250059771,2025-06-27,STR040,PRD01167,1,1364.58,0.05,1296.35,835.66,UPI,Regular
SAL20250059772,2025-06-21,STR031,PRD00620,3,556.49,0.0,1669.47,977.01,UPI,Walk-in
SAL20250059773,2025-06-06,STR039,PRD00548,1,172.01,0.1,154.81,120.36,Debit Card,Regular
SAL20250059774,2025-06-01,STR040,PRD01042,2,143.52,0.0,287.04,189.38,Debit Card,Walk-in
SAL20250059775,2025-06-19,STR007,PRD00542,1,534.65,0.0,534.65,341.81,UPI,Premium
SAL20250059776,2025-06-02,STR021,PRD00093,2,12459.16,0.0,24918.32,19408.14,UPI,Regular
SAL20250059777,2025-06-05,STR035,PRD00533,2,799.67,0.0,1599.34,1324.12,UPI,Regular
SAL20250059778,2025-06-25,STR021,PRD00457,2,726.05,0.0,1452.1,1098.78,UPI,Regular
SAL20250059779,2025-06-10,STR016,PRD00274,1,920.1,0.05,874.1,425.76,UPI,Regular
SAL20250059780,2025-06-20,STR011,PRD00703,1,940.1,0.0,940.1,700.55,Net Banking,Regular
SAL20250059781,2025-06-18,STR039,PRD00589,2,435.23,0.0,870.46,508.08,Credit Card,Regular
SAL20250059782,2025-06-18,STR033,PRD00825,1,2419.3,0.1,2177.37,1402.49,UPI,Premium
SAL20250059783,2025-06-11,STR021,PRD00993,6,168.95,0.0,1013.7,521.52,Net Banking,Premium
SAL20250059784,2025-06-06,STR034,PRD00104,1,21587.41,0.0,21587.41,17582.83,UPI,Walk-in
SAL20250059785,2025-06-26,STR024,PRD00178,1,9669.95,0.0,9669.95,6949.73,Debit Card,Walk-in
SAL20250059786,2025-06-16,STR001,PRD00222,1,8948.67,0.0,8948.67,6580.84,Credit Card,Regular
SAL20250059787,2025-06-03,STR018,PRD00879,4,2290.26,0.0,9161.04,6456.92,Net Banking,Corporate
SAL20250059788,2025-06-21,STR008,PRD00634,1,509.03,0.0,509.03,298.96,Credit Card,Walk-in
SAL20250059789,2025-06-27,STR010,PRD01157,2,8076.82,0.0,16153.64,8530.82,Debit Card,Corporate
SAL20250059790,2025-06-24,STR003,PRD01170,2,1269.68,0.0,2539.36,1389.8,UPI,Walk-in
SAL20250059791,2025-06-19,STR002,PRD01124,2,4813.39,0.0,9626.78,4355.5,UPI,Premium
SAL20250059792,2025-06-23,STR033,PRD00390,2,1246.69,0.0,2493.38,1570.66,Net Banking,Regular
SAL20250059793,2025-06-03,STR022,PRD01050,6,562.12,0.0,3372.72,1974.84,UPI,Regular
SAL20250059794,2025-06-18,STR021,PRD00858,1,1066.62,0.1,959.96,695.16,Cash,Walk-in
SAL20250059795,2025-06-20,STR039,PRD00824,1,3034.92,0.0,3034.92,2166.53,Debit Card,Regular
SAL20250059796,2025-06-05,STR036,PRD00179,1,5253.14,0.0,5253.14,3207.54,UPI,Walk-in
SAL20250059797,2025-06-03,STR001,PRD00521,1,947.8,0.0,947.8,832.6,UPI,Walk-in
SAL20250059798,2025-06-16,STR024,PRD00392,1,436.74,0.0,436.74,242.28,Debit Card,Walk-in
SAL20250059799,2025-06-02,STR029,PRD00142,2,4154.89,0.0,8309.78,5472.88,Credit Card,Regular
SAL20250059800,2025-06-01,STR033,PRD00412,3,576.41,0.05,1642.77,1364.25,UPI,Corporate
SAL20250059801,2025-06-03,STR027,PRD00949,5,855.15,0.0,4275.75,2834.25,Credit Card,Regular
SAL20250059802,2025-06-13,STR010,PRD00564,2,566.41,0.05,1076.18,695.94,UPI,Regular
SAL20250059803,2025-06-20,STR002,PRD00336,1,1590.59,0.0,1590.59,821.11,UPI,Premium
SAL20250059804,2025-06-29,STR030,PRD00033,2,2653.86,0.0,5307.72,3566.56,Credit Card,Regular
SAL20250059805,2025-06-08,STR001,PRD01060,1,277.54,0.0,277.54,198.35,Debit Card,Premium
SAL20250059806,2025-06-01,STR010,PRD00675,1,1206.06,0.1,1085.45,758.43,Cash,Regular
SAL20250059807,2025-06-17,STR006,PRD01155,1,7374.97,0.0,7374.97,3660.91,UPI,Regular
SAL20250059808,2025-06-22,STR035,PRD00013,1,17378.5,0.1,15640.65,12862.09,UPI,Regular
SAL20250059809,2025-06-16,STR013,PRD00928,2,2503.87,0.05,4757.35,3625.06,UPI,Corporate
SAL20250059810,2025-06-05,STR041,PRD00871,3,1211.65,0.0,3634.95,2577.96,Credit Card,Premium
SAL20250059811,2025-06-18,STR033,PRD00664,1,181.84,0.0,181.84,109.21,Credit Card,Regular
SAL20250059812,2025-06-11,STR031,PRD01153,3,5497.78,0.0,16493.34,7498.65,Debit Card,Regular
SAL20250059813,2025-06-10,STR009,PRD00937,1,262.48,0.0,262.48,177.56,UPI,Regular
SAL20250059814,2025-06-14,STR010,PRD00489,2,850.74,0.0,1701.48,1381.76,UPI,Corporate
SAL20250059815,2025-06-02,STR039,PRD00354,2,1099.31,0.0,2198.62,1299.32,Credit Card,Premium
SAL20250059816,2025-06-15,STR025,PRD00211,1,6731.6,0.0,6731.6,4925.05,Debit Card,Walk-in
SAL20250059817,2025-06-24,STR017,PRD00700,3,4752.07,0.05,13543.4,8593.89,UPI,Walk-in
SAL20250059818,2025-06-07,STR032,PRD00395,2,562.56,0.05,1068.86,746.56,Credit Card,Premium
SAL20250059819,2025-06-08,STR014,PRD00906,1,3449.48,0.0,3449.48,2116.22,UPI,Regular
SAL20250059820,2025-06-22,STR008,PRD00573,1,44.75,0.0,44.75,26.95,Credit Card,Walk-in
SAL20250059821,2025-06-02,STR025,PRD00660,2,324.23,0.0,648.46,476.08,Credit Card,Walk-in
SAL20250059822,2025-06-04,STR039,PRD00489,2,850.74,0.0,1701.48,1381.76,Credit Card,Regular
SAL20250059823,2025-06-13,STR011,PRD00303,2,674.18,0.0,1348.36,724.56,Debit Card,Walk-in
SAL20250059824,2025-06-14,STR007,PRD00988,1,774.65,0.0,774.65,532.5,UPI,Walk-in
SAL20250059825,2025-06-30,STR022,PRD01001,1,315.54,0.0,315.54,178.37,UPI,Walk-in
SAL20250059826,2025-06-26,STR029,PRD00619,2,215.37,0.0,430.74,278.66,Credit Card,Premium
SAL20250059827,2025-06-19,STR019,PRD01054,3,256.04,0.0,768.12,503.88,Credit Card,Regular
SAL20250059828,2025-06-23,STR034,PRD00952,2,892.13,0.05,1695.05,1005.42,Debit Card,Walk-in
SAL20250059829,2025-06-15,STR033,PRD00974,2,202.7,0.0,405.4,213.52,Debit Card,Walk-in
SAL20250059830,2025-06-06,STR037,PRD01023,1,241.67,0.0,241.67,133.28,Credit Card,Regular
SAL20250059831,2025-06-27,STR008,PRD00025,2,2348.16,0.0,4696.32,3234.1,Debit Card,Regular
SAL20250059832,2025-06-25,STR024,PRD00647,5,284.75,0.05,1352.56,945.35,Debit Card,Regular
SAL20250059833,2025-06-04,STR033,PRD00865,2,2254.56,0.0,4509.12,2847.86,Credit Card,Regular
SAL20250059834,2025-06-07,STR036,PRD00162,1,9916.48,0.0,9916.48,6686.04,Net Banking,Corporate
SAL20250059835,2025-06-08,STR021,PRD01095,1,4795.88,0.1,4316.29,2620.97,Credit Card,Walk-in
SAL20250059836,2025-06-03,STR022,PRD00081,1,19888.54,0.05,18894.11,13106.38,Cash,Walk-in
SAL20250059837,2025-06-03,STR034,PRD00189,1,8529.1,0.0,8529.1,5554.64,UPI,Regular
SAL20250059838,2025-06-03,STR018,PRD00962,1,708.41,0.0,708.41,395.68,Cash,Regular
SAL20250059839,2025-06-06,STR040,PRD00272,1,610.52,0.0,610.52,344.72,UPI,Walk-in
SAL20250059840,2025-06-04,STR028,PRD00178,1,9669.95,0.05,9186.45,6949.73,Credit Card,Walk-in
SAL20250059841,2025-06-23,STR032,PRD00304,1,1052.14,0.0,1052.14,723.81,Credit Card,Regular
SAL20250059842,2025-06-04,STR007,PRD00152,2,8357.62,0.0,16715.24,10843.64,Credit Card,Walk-in
SAL20250059843,2025-06-02,STR029,PRD00048,2,26663.85,0.0,53327.7,36594.2,UPI,Premium
SAL20250059844,2025-06-19,STR035,PRD00038,2,2962.9,0.0,5925.8,4227.06,UPI,Walk-in
SAL20250059845,2025-06-04,STR036,PRD00695,1,2280.88,0.0,2280.88,1276.46,UPI,Walk-in
SAL20250059846,2025-06-27,STR039,PRD00495,3,212.14,0.0,636.42,492.81,Credit Card,Regular
SAL20250059847,2025-06-25,STR015,PRD00363,1,1443.62,0.0,1443.62,690.35,UPI,Regular
SAL20250059848,2025-06-28,STR029,PRD00675,1,1206.06,0.0,1206.06,758.43,UPI,Regular
SAL20250059849,2025-06-05,STR017,PRD00655,2,75.89,0.0,151.78,94.3,Net Banking,Regular
SAL20250059850,2025-06-15,STR005,PRD00051,1,18906.15,0.05,17960.84,13812.18,Debit Card,Walk-in
SAL20250059851,2025-06-18,STR001,PRD00462,1,271.55,0.0,271.55,205.26,Debit Card,Regular
SAL20250059852,2025-06-24,STR011,PRD00249,1,4858.0,0.0,4858.0,3416.15,UPI,Walk-in
SAL20250059853,2025-06-01,STR011,PRD00988,4,774.65,0.0,3098.6,2130.0,Debit Card,Premium
SAL20250059854,2025-06-13,STR035,PRD00632,2,758.72,0.0,1517.44,860.12,UPI,Walk-in
SAL20250059855,2025-06-14,STR024,PRD01067,2,922.58,0.1,1660.64,1129.68,UPI,Walk-in
SAL20250059856,2025-06-01,STR019,PRD00680,3,3900.49,0.0,11701.47,8415.0,UPI,Premium
SAL20250059857,2025-06-09,STR026,PRD01088,1,4543.5,0.0,4543.5,1992.55,Debit Card,Premium
SAL20250059858,2025-06-02,STR022,PRD00533,5,799.67,0.05,3798.43,3310.3,UPI,Walk-in
SAL20250059859,2025-06-30,STR007,PRD00459,2,918.25,0.0,1836.5,1470.02,Credit Card,Premium
SAL20250059860,2025-06-03,STR032,PRD00465,1,578.8,0.1,520.92,442.8,Cash,Corporate
SAL20250059861,2025-06-07,STR036,PRD00662,2,192.14,0.0,384.28,281.92,Debit Card,Walk-in
SAL20250059862,2025-06-14,STR025,PRD00006,1,3457.14,0.0,3457.14,2519.92,Credit Card,Walk-in
SAL20250059863,2025-06-02,STR021,PRD01106,1,3135.75,0.0,3135.75,1669.16,Credit Card,Regular
SAL20250059864,2025-06-17,STR015,PRD00984,2,34.1,0.05,64.79,40.04,Credit Card,Regular
SAL20250059865,2025-06-16,STR002,PRD00074,1,17249.82,0.0,17249.82,11809.64,UPI,Walk-in
SAL20250059866,2025-06-24,STR033,PRD00255,1,3159.1,0.0,3159.1,2283.27,UPI,Regular
SAL20250059867,2025-06-19,STR040,PRD00420,1,876.02,0.0,876.02,742.57,Credit Card,Regular
SAL20250059868,2025-06-05,STR012,PRD00109,1,12280.41,0.0,12280.41,9316.5,Credit Card,Regular
SAL20250059869,2025-06-03,STR015,PRD00335,1,1156.98,0.0,1156.98,622.56,Debit Card,Regular
SAL20250059870,2025-06-18,STR012,PRD01160,1,7696.75,0.0,7696.75,3490.84,Credit Card,Regular
SAL20250059871,2025-06-21,STR026,PRD00311,1,936.08,0.0,936.08,578.34,UPI,Walk-in
SAL20250059872,2025-06-11,STR009,PRD00746,2,2299.94,0.0,4599.88,3052.02,Credit Card,Regular
SAL20250059873,2025-06-06,STR041,PRD00969,2,147.34,0.0,294.68,152.48,Credit Card,Regular
SAL20250059874,2025-06-14,STR037,PRD00769,1,1757.79,0.0,1757.79,1242.17,UPI,Walk-in
SAL20250059875,2025-06-13,STR031,PRD00131,1,11948.61,0.0,11948.61,9032.43,UPI,Walk-in
SAL20250059876,2025-06-07,STR018,PRD01016,2,253.56,0.0,507.12,322.8,Debit Card,Regular
SAL20250059877,2025-06-16,STR040,PRD00145,1,2570.9,0.0,2570.9,1687.81,UPI,Walk-in
SAL20250059878,2025-06-30,STR003,PRD00793,1,2445.38,0.0,2445.38,1405.41,Debit Card,Walk-in
SAL20250059879,2025-06-08,STR008,PRD00971,2,604.86,0.0,1209.72,613.34,Net Banking,Regular
SAL20250059880,2025-06-12,STR012,PRD00217,1,8159.94,0.0,8159.94,5298.43,Credit Card,Walk-in
SAL20250059881,2025-06-06,STR013,PRD00884,1,1777.05,0.0,1777.05,1086.34,Cash,Regular
SAL20250059882,2025-06-29,STR034,PRD00607,1,313.72,0.1,282.35,181.35,Credit Card,Regular
SAL20250059883,2025-06-24,STR029,PRD01014,1,1123.09,0.0,1123.09,636.08,UPI,Regular
SAL20250059884,2025-06-22,STR005,PRD01115,1,4843.87,0.0,4843.87,2404.35,Credit Card,Regular
SAL20250059885,2025-06-17,STR015,PRD01099,3,4242.7,0.0,12728.1,8165.55,UPI,Regular
SAL20250059886,2025-06-28,STR033,PRD01113,1,4340.13,0.05,4123.12,2015.92,UPI,Regular
SAL20250059887,2025-06-04,STR017,PRD01084,1,10498.54,0.0,10498.54,4211.39,UPI,Walk-in
SAL20250059888,2025-06-06,STR038,PRD00337,2,1047.01,0.1,1884.62,1462.86,Debit Card,Regular
SAL20250059889,2025-06-06,STR025,PRD00143,1,11610.06,0.1,10449.05,8058.06,Debit Card,Premium
SAL20250059890,2025-06-05,STR023,PRD00959,1,664.61,0.0,664.61,402.69,UPI,Regular
SAL20250059891,2025-06-20,STR028,PRD00221,1,9230.37,0.0,9230.37,5770.89,UPI,Premium
SAL20250059892,2025-06-16,STR019,PRD00517,4,252.82,0.0,1011.28,812.12,Credit Card,Regular
SAL20250059893,2025-06-23,STR022,PRD00750,2,3884.81,0.05,7381.14,4289.96,UPI,Walk-in
SAL20250059894,2025-06-23,STR004,PRD00618,1,249.13,0.0,249.13,183.03,Debit Card,Regular
SAL20250059895,2025-06-21,STR002,PRD00503,3,634.01,0.0,1902.03,1577.37,Debit Card,Regular
SAL20250059896,2025-06-19,STR008,PRD00930,1,4102.13,0.1,3691.92,2365.34,Credit Card,Regular
SAL20250059897,2025-06-01,STR004,PRD01109,1,5029.33,0.0,5029.33,2768.42,UPI,Corporate
SAL20250059898,2025-06-30,STR015,PRD00977,1,417.51,0.1,375.76,282.28,Cash,Walk-in
SAL20250059899,2025-06-12,STR013,PRD00910,1,2302.88,0.0,2302.88,1579.69,UPI,Walk-in
SAL20250059900,2025-06-14,STR037,PRD00038,2,2962.9,0.05,5629.51,4227.06,Debit Card,Regular
SAL20250059901,2025-06-29,STR007,PRD01073,2,4074.99,0.1,7334.98,4880.9,Credit Card,Walk-in
SAL20250059902,2025-06-01,STR035,PRD00991,2,894.61,0.0,1789.22,1029.06,Debit Card,Walk-in
SAL20250059903,2025-06-13,STR035,PRD00139,1,2949.49,0.0,2949.49,1812.36,Credit Card,Premium
SAL20250059904,2025-06-20,STR018,PRD00143,1,11610.06,0.1,10449.05,8058.06,UPI,Regular
SAL20250059905,2025-06-15,STR017,PRD01034,4,310.11,0.0,1240.44,870.88,Credit Card,Walk-in
SAL20250059906,2025-06-11,STR016,PRD01050,2,562.12,0.0,1124.24,658.28,UPI,Premium
SAL20250059907,2025-06-12,STR028,PRD00289,1,1047.34,0.0,1047.34,607.0,Credit Card,Regular
SAL20250059908,2025-06-28,STR010,PRD00781,2,2809.53,0.0,5619.06,4141.68,Cash,Corporate
SAL20250059909,2025-06-27,STR032,PRD00187,1,5314.8,0.0,5314.8,3364.43,UPI,Premium
SAL20250059910,2025-06-23,STR003,PRD01102,2,845.86,0.0,1691.72,706.72,Credit Card,Regular
SAL20250059911,2025-06-08,STR036,PRD00728,1,5071.72,0.0,5071.72,3009.63,UPI,Walk-in
SAL20250059912,2025-06-09,STR006,PRD00225,1,9871.63,0.05,9378.05,6952.04,Debit Card,Regular
SAL20250059913,2025-06-19,STR023,PRD00107,3,4985.79,0.0,14957.37,10451.13,Credit Card,Regular
SAL20250059914,2025-06-09,STR011,PRD00542,3,534.65,0.0,1603.95,1025.43,UPI,Regular
SAL20250059915,2025-06-22,STR010,PRD00463,1,933.21,0.0,933.21,747.47,Debit Card,Walk-in
SAL20250059916,2025-06-01,STR026,PRD00737,1,1053.41,0.0,1053.41,753.37,Credit Card,Regular
SAL20250059917,2025-06-13,STR027,PRD00291,1,469.9,0.0,469.9,279.76,Credit Card,Regular
SAL20250059918,2025-06-03,STR030,PRD00296,1,250.04,0.0,250.04,121.63,UPI,Walk-in
SAL20250059919,2025-06-04,STR004,PRD01085,1,7889.14,0.0,7889.14,4136.29,UPI,Walk-in
SAL20250059920,2025-06-06,STR009,PRD00017,2,6386.7,0.0,12773.4,9009.96,UPI,Walk-in
SAL20250059921,2025-06-04,STR023,PRD00972,2,1079.34,0.0,2158.68,1258.0,UPI,Regular
SAL20250059922,2025-06-10,STR028,PRD00289,1,1047.34,0.0,1047.34,607.0,UPI,Regular
SAL20250059923,2025-06-23,STR027,PRD00866,1,1023.05,0.0,1023.05,622.37,UPI,Walk-in
SAL20250059924,2025-06-10,STR033,PRD00331,1,133.4,0.0,133.4,89.83,Debit Card,Walk-in
SAL20250059925,2025-06-26,STR025,PRD00998,3,883.36,0.0,2650.08,1349.67,Credit Card,Premium
SAL20250059926,2025-06-23,STR023,PRD00143,1,11610.06,0.0,11610.06,8058.06,UPI,Walk-in
SAL20250059927,2025-06-21,STR015,PRD00079,1,19037.37,0.0,19037.37,13485.77,Credit Card,Regular
SAL20250059928,2025-06-28,STR033,PRD00183,2,6835.62,0.0,13671.24,8977.12,Credit Card,Walk-in
SAL20250059929,2025-06-26,STR021,PRD00842,4,1322.87,0.0,5291.48,3827.52,UPI,Walk-in
SAL20250059930,2025-06-21,STR015,PRD00086,1,22194.93,0.0,22194.93,15176.58,Net Banking,Regular
SAL20250059931,2025-06-18,STR011,PRD00595,4,524.85,0.0,2099.4,1458.08,Credit Card,Regular
SAL20250059932,2025-06-02,STR035,PRD00974,4,202.7,0.0,810.8,427.04,UPI,Regular
SAL20250059933,2025-06-13,STR030,PRD00857,2,3027.87,0.0,6055.74,4321.68,UPI,Walk-in
SAL20250059934,2025-06-20,STR032,PRD00428,2,311.12,0.0,622.24,489.5,Cash,Premium
SAL20250059935,2025-06-29,STR019,PRD00751,1,3034.29,0.1,2730.86,1940.36,Debit Card,Walk-in
SAL20250059936,2025-06-15,STR006,PRD00685,1,4676.03,0.0,4676.03,2851.64,UPI,Regular
SAL20250059937,2025-06-04,STR010,PRD00293,2,859.61,0.0,1719.22,885.0,Cash,Walk-in
SAL20250059938,2025-06-09,STR003,PRD00631,1,725.12,0.0,725.12,419.46,Cash,Regular
SAL20250059939,2025-06-15,STR011,PRD01147,4,6760.77,0.0,27043.08,15453.12,Credit Card,Walk-in
SAL20250059940,2025-06-05,STR019,PRD00945,1,871.49,0.0,871.49,550.24,Cash,Walk-in
SAL20250059941,2025-06-30,STR005,PRD01172,2,1132.5,0.0,2265.0,1156.12,UPI,Premium
SAL20250059942,2025-06-14,STR007,PRD00418,1,378.6,0.1,340.74,315.43,Cash,Premium
SAL20250059943,2025-06-10,STR017,PRD00596,6,666.12,0.0,3996.72,2387.46,UPI,Walk-in
SAL20250059944,2025-06-26,STR041,PRD00696,4,1599.77,0.0,6399.08,4320.08,Net Banking,Corporate
SAL20250059945,2025-06-08,STR037,PRD01047,1,844.86,0.0,844.86,483.38,UPI,Regular
SAL20250059946,2025-06-21,STR002,PRD00698,1,1659.66,0.0,1659.66,1094.59,Credit Card,Regular
SAL20250059947,2025-06-29,STR006,PRD00373,1,159.48,0.0,159.48,85.54,UPI,Walk-in
SAL20250059948,2025-06-16,STR010,PRD00127,1,14293.97,0.0,14293.97,10567.08,Net Banking,Corporate
SAL20250059949,2025-06-18,STR026,PRD00931,1,1839.81,0.0,1839.81,1246.88,UPI,Regular
SAL20250059950,2025-06-27,STR004,PRD00019,1,9063.53,0.0,9063.53,6399.55,UPI,Regular
SAL20250059951,2025-06-09,STR011,PRD00913,1,3252.33,0.05,3089.71,2160.5,Credit Card,Walk-in
SAL20250059952,2025-06-02,STR021,PRD00693,2,2512.22,0.0,5024.44,3342.84,UPI,Regular
SAL20250059953,2025-06-02,STR036,PRD00234,1,3859.31,0.0,3859.31,2374.04,UPI,Premium
SAL20250059954,2025-06-27,STR020,PRD00916,3,3924.97,0.0,11774.91,6812.34,Debit Card,Regular
SAL20250059955,2025-06-27,STR037,PRD00914,2,3460.6,0.1,6229.08,4401.44,Credit Card,Corporate
SAL20250059956,2025-06-08,STR028,PRD01177,1,2791.89,0.0,2791.89,1594.63,UPI,Regular
SAL20250059957,2025-06-25,STR029,PRD00668,3,302.1,0.0,906.3,649.62,UPI,Regular
SAL20250059958,2025-06-10,STR015,PRD00584,1,232.29,0.05,220.68,142.35,UPI,Regular
SAL20250059959,2025-06-28,STR034,PRD00866,1,1023.05,0.1,920.75,622.37,UPI,Premium
SAL20250059960,2025-06-28,STR020,PRD01093,1,4476.19,0.0,4476.19,2887.02,Credit Card,Regular
SAL20250059961,2025-06-24,STR041,PRD01145,1,3609.72,0.0,3609.72,2080.21,UPI,Regular
SAL20250059962,2025-06-13,STR029,PRD00836,1,605.3,0.0,605.3,408.12,Credit Card,Regular
SAL20250059963,2025-06-30,STR034,PRD00933,4,3527.61,0.0,14110.44,8721.2,Credit Card,Premium
SAL20250059964,2025-06-05,STR021,PRD00920,3,2715.99,0.1,7333.17,4603.38,Credit Card,Regular
SAL20250059965,2025-06-24,STR039,PRD00978,1,172.32,0.0,172.32,107.32,Credit Card,Walk-in
SAL20250059966,2025-06-29,STR039,PRD00455,2,683.36,0.0,1366.72,1126.94,UPI,Walk-in
SAL20250059967,2025-06-15,STR036,PRD00949,4,855.15,0.0,3420.6,2267.4,Credit Card,Premium
SAL20250059968,2025-06-20,STR005,PRD01007,3,886.03,0.0,2658.09,1507.14,Cash,Regular
SAL20250059969,2025-06-20,STR038,PRD00931,2,1839.81,0.0,3679.62,2493.76,Debit Card,Regular
SAL20250059970,2025-06-30,STR009,PRD01130,1,3164.31,0.0,3164.31,1889.64,UPI,Walk-in
SAL20250059971,2025-06-23,STR001,PRD01117,3,2651.1,0.0,7953.3,4340.4,Debit Card,Regular
SAL20250059972,2025-06-15,STR027,PRD01034,2,310.11,0.0,620.22,435.44,Credit Card,Regular
SAL20250059973,2025-06-27,STR019,PRD00766,2,1923.71,0.05,3655.05,2735.98,Credit Card,Regular
SAL20250059974,2025-06-08,STR024,PRD01040,3,466.28,0.0,1398.84,992.31,UPI,Premium
SAL20250059975,2025-06-21,STR016,PRD00529,4,569.27,0.0,2277.08,1961.24,UPI,Walk-in
SAL20250059976,2025-06-25,STR015,PRD00951,4,594.37,0.0,2377.48,1409.52,Net Banking,Walk-in
SAL20250059977,2025-06-19,STR009,PRD00143,1,11610.06,0.0,11610.06,8058.06,Debit Card,Walk-in
SAL20250059978,2025-06-27,STR005,PRD00844,1,3943.03,0.0,3943.03,2224.57,UPI,Walk-in
SAL20250059979,2025-06-26,STR023,PRD00373,2,159.48,0.05,303.01,171.08,UPI,Regular
SAL20250059980,2025-06-10,STR018,PRD00369,4,1020.79,0.05,3879.0,1929.96,Credit Card,Walk-in
SAL20250059981,2025-06-09,STR008,PRD01095,1,4795.88,0.1,4316.29,2620.97,Credit Card,Premium
SAL20250059982,2025-06-12,STR009,PRD00398,2,358.79,0.0,717.58,346.7,Cash,Walk-in
SAL20250059983,2025-06-17,STR008,PRD00647,10,284.75,0.0,2847.5,1890.7,Debit Card,Regular
SAL20250059984,2025-06-24,STR031,PRD00246,1,1945.93,0.0,1945.93,1239.78,UPI,Premium
SAL20250059985,2025-06-28,STR011,PRD00538,5,57.89,0.0,289.45,208.9,UPI,Regular
SAL20250059986,2025-06-22,STR027,PRD01054,4,256.04,0.0,1024.16,671.84,Credit Card,Walk-in
SAL20250059987,2025-06-05,STR017,PRD00610,3,637.82,0.0,1913.46,1241.19,UPI,Premium
SAL20250059988,2025-06-01,STR030,PRD01027,5,412.95,0.0,2064.75,1128.6,UPI,Walk-in
SAL20250059989,2025-06-21,STR024,PRD00640,6,209.4,0.0,1256.4,704.58,UPI,Premium
SAL20250059990,2025-06-23,STR035,PRD00501,2,707.96,0.0,1415.92,1094.7,UPI,Walk-in
SAL20250059991,2025-06-07,STR006,PRD00831,1,2902.42,0.0,2902.42,1993.17,UPI,Regular
SAL20250059992,2025-06-12,STR029,PRD00485,2,693.22,0.0,1386.44,1186.3,Credit Card,Walk-in
SAL20250059993,2025-06-18,STR010,PRD00193,1,5766.86,0.0,5766.86,4191.48,UPI,Walk-in
SAL20250059994,2025-06-02,STR002,PRD00444,1,347.0,0.1,312.3,285.96,Net Banking,Walk-in
SAL20250059995,2025-06-19,STR036,PRD00437,1,320.21,0.0,320.21,271.12,Cash,Regular
SAL20250059996,2025-06-10,STR025,PRD00163,1,12710.38,0.0,12710.38,7712.99,Credit Card,Premium
SAL20250059997,2025-06-14,STR001,PRD00992,3,439.67,0.0,1319.01,672.51,UPI,Regular
SAL20250059998,2025-06-17,STR021,PRD00521,1,947.8,0.0,947.8,832.6,Cash,Walk-in
SAL20250059999,2025-06-06,STR038,PRD00382,2,534.11,0.0,1068.22,585.82,UPI,Walk-in
SAL20250060000,2025-06-19,STR024,PRD00508,1,125.21,0.0,125.21,109.93,UPI,Regular
SAL20250060001,2025-06-30,STR022,PRD00395,1,562.56,0.0,562.56,373.28,Cash,Premium
SAL20250060002,2025-06-03,STR017,PRD00166,2,4039.27,0.05,7674.61,4942.0,Credit Card,Walk-in
SAL20250060003,2025-06-02,STR013,PRD00368,2,927.52,0.0,1855.04,1175.86,Credit Card,Regular
SAL20250060004,2025-06-08,STR035,PRD00039,1,8380.37,0.0,8380.37,6279.95,UPI,Walk-in
SAL20250060005,2025-06-24,STR017,PRD00813,2,3086.68,0.05,5864.69,4018.82,UPI,Walk-in
SAL20250060006,2025-06-11,STR008,PRD00685,1,4676.03,0.0,4676.03,2851.64,UPI,Regular
SAL20250060007,2025-06-30,STR014,PRD00270,1,1213.51,0.0,1213.51,769.06,Credit Card,Regular
SAL20250060008,2025-06-27,STR005,PRD00768,3,281.0,0.0,843.0,615.3,Debit Card,Regular
SAL20250060009,2025-06-11,STR028,PRD00720,1,3749.56,0.0,3749.56,2104.95,UPI,Corporate
SAL20250060010,2025-06-29,STR010,PRD00441,1,853.01,0.0,853.01,707.08,Net Banking,Regular
SAL20250060011,2025-06-26,STR040,PRD01027,4,412.95,0.0,1651.8,902.88,Debit Card,Walk-in
SAL20250060012,2025-06-26,STR027,PRD00934,1,3207.23,0.0,3207.23,1811.07,UPI,Walk-in
SAL20250060013,2025-06-07,STR017,PRD00660,1,324.23,0.05,308.02,238.04,Credit Card,Regular
SAL20250060014,2025-06-29,STR032,PRD00816,4,1448.92,0.0,5795.68,3429.56,Credit Card,Corporate
SAL20250060015,2025-06-18,STR041,PRD01103,1,5704.94,0.0,5704.94,2392.72,Cash,Regular
SAL20250060016,2025-06-12,STR029,PRD01092,4,5535.53,0.0,22142.12,10538.04,UPI,Regular
SAL20250060017,2025-06-16,STR024,PRD00656,1,201.0,0.0,201.0,141.1,Cash,Regular
SAL20250060018,2025-06-14,STR008,PRD00186,1,7826.08,0.05,7434.78,5124.89,Credit Card,Premium
SAL20250060019,2025-06-03,STR005,PRD00370,1,676.23,0.05,642.42,451.33,Debit Card,Regular
SAL20250060020,2025-06-10,STR007,PRD00494,1,893.47,0.0,893.47,682.73,Debit Card,Regular
SAL20250060021,2025-06-22,STR017,PRD00075,1,9132.03,0.0,9132.03,7042.59,Credit Card,Regular
SAL20250060022,2025-06-25,STR014,PRD00065,1,10562.87,0.0,10562.87,8152.93,UPI,Regular
SAL20250060023,2025-06-01,STR032,PRD00858,3,1066.62,0.05,3039.87,2085.48,UPI,Regular
SAL20250060024,2025-06-03,STR004,PRD01042,2,143.52,0.0,287.04,189.38,Credit Card,Walk-in
SAL20250060025,2025-06-02,STR008,PRD00492,1,431.72,0.05,410.13,362.04,UPI,Walk-in
SAL20250060026,2025-06-10,STR034,PRD00947,4,413.13,0.0,1652.52,832.08,UPI,Walk-in
SAL20250060027,2025-06-20,STR004,PRD00611,1,51.03,0.0,51.03,37.81,Credit Card,Walk-in
SAL20250060028,2025-06-20,STR040,PRD01009,1,52.33,0.0,52.33,29.39,Debit Card,Premium
SAL20250060029,2025-06-27,STR020,PRD00804,1,782.93,0.0,782.93,564.78,UPI,Walk-in
SAL20250060030,2025-06-05,STR010,PRD00187,1,5314.8,0.0,5314.8,3364.43,UPI,Walk-in
SAL20250060031,2025-06-09,STR009,PRD00796,2,462.4,0.0,924.8,659.8,Debit Card,Premium
SAL20250060032,2025-06-14,STR037,PRD00334,1,796.78,0.0,796.78,400.76,Cash,Regular
SAL20250060033,2025-06-08,STR038,PRD00020,1,2507.15,0.0,2507.15,1948.29,UPI,Regular
SAL20250060034,2025-06-13,STR035,PRD00567,1,365.44,0.0,365.44,226.96,UPI,Walk-in
SAL20250060035,2025-06-05,STR006,PRD00814,1,3265.17,0.0,3265.17,1889.37,UPI,Walk-in
SAL20250060036,2025-06-13,STR029,PRD00734,1,817.34,0.0,817.34,469.79,Cash,Regular
SAL20250060037,2025-06-05,STR024,PRD00756,2,3090.95,0.1,5563.71,4416.8,Credit Card,Regular
SAL20250060038,2025-06-18,STR009,PRD00318,1,184.33,0.0,184.33,118.77,UPI,Regular
SAL20250060039,2025-06-05,STR013,PRD00401,1,743.9,0.0,743.9,628.4,UPI,Premium
SAL20250060040,2025-06-19,STR002,PRD00439,3,122.61,0.05,349.44,286.83,Credit Card,Walk-in
SAL20250060041,2025-06-11,STR006,PRD01034,2,310.11,0.1,558.2,435.44,Cash,Corporate
SAL20250060042,2025-06-06,STR005,PRD00127,1,14293.97,0.0,14293.97,10567.08,Debit Card,Walk-in
SAL20250060043,2025-06-12,STR014,PRD00065,1,10562.87,0.0,10562.87,8152.93,Net Banking,Regular
SAL20250060044,2025-06-25,STR032,PRD00200,1,1880.51,0.05,1786.48,1363.43,UPI,Premium
SAL20250060045,2025-06-21,STR017,PRD00089,3,24330.95,0.0,72992.85,55201.92,Credit Card,Regular
SAL20250060046,2025-06-08,STR014,PRD00846,1,1551.36,0.0,1551.36,1102.23,Credit Card,Regular
SAL20250060047,2025-06-10,STR009,PRD00421,4,579.98,0.0,2319.92,1946.0,UPI,Walk-in
SAL20250060048,2025-06-14,STR013,PRD01190,1,7433.72,0.1,6690.35,3770.31,UPI,Walk-in
SAL20250060049,2025-06-20,STR037,PRD00422,1,218.73,0.0,218.73,166.93,UPI,Walk-in
SAL20250060050,2025-06-16,STR015,PRD01189,1,5263.0,0.0,5263.0,2237.37,UPI,Walk-in
SAL20250060051,2025-06-17,STR033,PRD00063,1,19546.78,0.0,19546.78,13446.97,Cash,Corporate
SAL20250060052,2025-06-18,STR001,PRD00499,2,309.01,0.1,556.22,531.08,Net Banking,Walk-in
SAL20250060053,2025-06-04,STR031,PRD00087,1,23253.22,0.0,23253.22,15702.94,UPI,Regular
SAL20250060054,2025-06-15,STR003,PRD00304,1,1052.14,0.0,1052.14,723.81,UPI,Regular
SAL20250060055,2025-06-23,STR003,PRD00411,1,779.25,0.0,779.25,631.85,Credit Card,Regular
SAL20250060056,2025-06-21,STR041,PRD00689,2,492.79,0.0,985.58,665.66,UPI,Walk-in
SAL20250060057,2025-06-04,STR037,PRD00295,1,1024.45,0.0,1024.45,568.49,Debit Card,Walk-in
SAL20250060058,2025-06-25,STR033,PRD00996,4,577.22,0.0,2308.88,1317.56,UPI,Walk-in
SAL20250060059,2025-06-16,STR010,PRD00875,3,258.44,0.0,775.32,452.7,UPI,Regular
SAL20250060060,2025-06-17,STR007,PRD00359,1,1383.56,0.0,1383.56,643.64,UPI,Walk-in
SAL20250060061,2025-06-02,STR024,PRD00393,1,526.25,0.0,526.25,344.18,Debit Card,Regular
SAL20250060062,2025-06-26,STR030,PRD00837,1,4012.56,0.0,4012.56,2368.64,Debit Card,Premium
SAL20250060063,2025-06-05,STR034,PRD00822,1,3937.8,0.0,3937.8,2399.9,UPI,Walk-in
SAL20250060064,2025-06-03,STR036,PRD00487,3,92.35,0.0,277.05,236.52,Net Banking,Regular
SAL20250060065,2025-06-29,STR006,PRD00480,2,103.25,0.05,196.17,172.34,Debit Card,Premium
SAL20250060066,2025-06-21,STR015,PRD00630,1,612.41,0.1,551.17,361.45,UPI,Walk-in
SAL20250060067,2025-06-24,STR002,PRD00274,3,920.1,0.1,2484.27,1277.28,UPI,Regular
SAL20250060068,2025-06-22,STR007,PRD00056,1,11452.31,0.0,11452.31,8581.01,Credit Card,Walk-in
SAL20250060069,2025-06-07,STR032,PRD01109,2,5029.33,0.05,9555.73,5536.84,Debit Card,Regular
SAL20250060070,2025-06-20,STR027,PRD00564,1,566.41,0.0,566.41,347.97,UPI,Regular
SAL20250060071,2025-06-04,STR023,PRD00200,1,1880.51,0.0,1880.51,1363.43,UPI,Walk-in
SAL20250060072,2025-06-28,STR002,PRD00445,1,417.63,0.0,417.63,335.27,Credit Card,Regular
SAL20250060073,2025-06-18,STR013,PRD00572,2,728.84,0.0,1457.68,937.68,UPI,Regular
SAL20250060074,2025-06-04,STR016,PRD01045,1,910.12,0.0,910.12,471.24,Credit Card,Regular
SAL20250060075,2025-06-03,STR023,PRD00341,2,977.08,0.0,1954.16,1211.12,Debit Card,Regular
SAL20250060076,2025-06-06,STR002,PRD00363,1,1443.62,0.0,1443.62,690.35,UPI,Walk-in
SAL20250060077,2025-06-27,STR025,PRD00091,1,21335.5,0.05,20268.72,15504.58,UPI,Regular
SAL20250060078,2025-06-02,STR020,PRD01009,1,52.33,0.0,52.33,29.39,Cash,Walk-in
SAL20250060079,2025-06-06,STR002,PRD00233,2,9134.67,0.0,18269.34,14209.68,Debit Card,Premium
SAL20250060080,2025-06-25,STR006,PRD01096,2,3066.12,0.0,6132.24,3428.52,UPI,Walk-in
SAL20250060081,2025-06-10,STR002,PRD00982,1,104.72,0.0,104.72,58.34,Credit Card,Walk-in
SAL20250060082,2025-06-08,STR028,PRD00769,2,1757.79,0.05,3339.8,2484.34,UPI,Walk-in
SAL20250060083,2025-06-13,STR017,PRD00951,1,594.37,0.0,594.37,352.38,Debit Card,Walk-in
SAL20250060084,2025-06-03,STR031,PRD00894,1,2403.9,0.0,2403.9,1608.16,Credit Card,Walk-in
SAL20250060085,2025-06-12,STR020,PRD00508,4,125.21,0.05,475.8,439.72,UPI,Walk-in
SAL20250060086,2025-06-30,STR041,PRD00023,1,6541.47,0.1,5887.32,4428.32,Credit Card,Regular
SAL20250060087,2025-06-10,STR028,PRD00981,2,76.61,0.0,153.22,108.48,Debit Card,Corporate
SAL20250060088,2025-06-17,STR027,PRD00857,3,3027.87,0.0,9083.61,6482.52,UPI,Walk-in
SAL20250060089,2025-06-09,STR010,PRD00949,2,855.15,0.0,1710.3,1133.7,Credit Card,Regular
SAL20250060090,2025-06-16,STR029,PRD00733,1,3579.07,0.0,3579.07,2186.97,Debit Card,Regular
SAL20250060091,2025-06-01,STR009,PRD00043,1,22998.01,0.1,20698.21,15302.97,UPI,Regular
SAL20250060092,2025-06-02,STR016,PRD00625,1,629.94,0.0,629.94,432.91,Cash,Regular
SAL20250060093,2025-06-12,STR021,PRD00956,1,1028.6,0.0,1028.6,572.0,UPI,Walk-in
SAL20250060094,2025-06-07,STR029,PRD01145,2,3609.72,0.0,7219.44,4160.42,UPI,Regular
SAL20250060095,2025-06-18,STR011,PRD00999,6,1102.59,0.0,6615.54,3521.1,Cash,Regular
SAL20250060096,2025-06-01,STR007,PRD00704,1,1185.8,0.0,1185.8,707.14,Debit Card,Walk-in
SAL20250060097,2025-06-21,STR002,PRD00080,1,17292.25,0.0,17292.25,13027.41,UPI,Corporate
SAL20250060098,2025-06-21,STR031,PRD00870,1,2808.24,0.0,2808.24,1618.68,Credit Card,Regular
SAL20250060099,2025-06-23,STR027,PRD00038,2,2962.9,0.0,5925.8,4227.06,Cash,Regular
SAL20250060100,2025-06-10,STR019,PRD00656,3,201.0,0.0,603.0,423.3,UPI,Corporate
SAL20250060101,2025-06-03,STR032,PRD00025,1,2348.16,0.0,2348.16,1617.05,UPI,Regular
SAL20250060102,2026-05-15,STR037,PRD00364,1,296.2,0.1,266.58,195.69,Cash,Regular
SAL20250060103,2025-06-10,STR023,PRD00197,1,4849.89,0.0,4849.89,3779.03,Credit Card,Regular
SAL20250060104,2025-06-01,STR024,PRD00147,1,10113.79,0.1,9102.41,6299.23,UPI,Walk-in
SAL20250060105,2025-06-04,STR029,PRD00330,1,275.94,0.1,248.35,168.86,Credit Card,Regular
SAL20250060106,2025-06-03,STR007,PRD00817,1,3058.64,0.05,2905.71,2165.66,UPI,Walk-in
SAL20250060107,2025-06-08,STR002,PRD00296,4,250.04,0.0,1000.16,486.52,Debit Card,Walk-in
SAL20250060108,2025-06-06,STR002,PRD00818,2,2330.04,0.0,4660.08,3338.28,UPI,Premium
SAL20250060109,2025-06-24,STR001,PRD01040,3,466.28,0.0,1398.84,992.31,Credit Card,Premium
SAL20250060110,2025-06-16,STR033,PRD00567,3,365.44,0.0,1096.32,680.88,UPI,Regular
SAL20250060111,2025-06-22,STR025,PRD00353,1,948.44,0.0,948.44,529.81,UPI,Regular
SAL20250060112,2025-06-20,STR025,PRD01105,1,2498.16,0.1,2248.34,1508.52,UPI,Regular
SAL20250060113,2025-06-17,STR002,PRD00975,6,912.31,0.0,5473.86,3591.0,UPI,Premium
SAL20250060114,2025-06-10,STR004,PRD00936,1,964.58,0.0,964.58,620.53,UPI,Walk-in
SAL20250060115,2025-06-08,STR029,PRD00892,1,2494.33,0.1,2244.9,1742.01,UPI,Regular
SAL20250060116,2025-06-21,STR023,PRD00048,1,26663.85,0.0,26663.85,18297.1,UPI,Premium
SAL20250060117,2025-06-04,STR014,PRD01155,1,7374.97,0.0,7374.97,3660.91,UPI,Regular
SAL20250060118,2025-06-02,STR026,PRD00830,1,1783.32,0.0,1783.32,1089.78,UPI,Regular
SAL20250060119,2025-06-02,STR030,PRD00719,1,4808.67,0.0,4808.67,2759.21,UPI,Walk-in
SAL20250060120,2025-06-15,STR041,PRD00786,1,2271.94,0.0,2271.94,1533.49,UPI,Regular
SAL20250060121,2025-06-02,STR011,PRD00545,1,450.85,0.1,405.77,252.45,Cash,Regular
SAL20250060122,2025-06-24,STR026,PRD00793,2,2445.38,0.05,4646.22,2810.82,Debit Card,Regular
SAL20250060123,2025-06-14,STR029,PRD00898,1,3032.43,0.0,3032.43,1834.2,Credit Card,Regular
SAL20250060124,2025-06-09,STR039,PRD01063,2,747.32,0.0,1494.64,976.78,UPI,Premium
SAL20250060125,2025-06-10,STR021,PRD00900,1,3167.3,0.0,3167.3,1961.05,Credit Card,Corporate
SAL20250060126,2025-06-14,STR013,PRD00407,2,687.91,0.0,1375.82,1066.8,Debit Card,Walk-in
SAL20250060127,2025-06-30,STR014,PRD01040,5,466.28,0.05,2214.83,1653.85,Credit Card,Walk-in
SAL20250060128,2025-06-07,STR034,PRD00323,1,361.28,0.1,325.15,188.15,Credit Card,Walk-in
SAL20250060129,2025-06-25,STR004,PRD01199,1,6549.57,0.0,6549.57,3396.65,Cash,Regular
SAL20250060130,2025-06-20,STR037,PRD00579,1,398.71,0.0,398.71,292.17,Net Banking,Regular
SAL20250060131,2025-06-16,STR033,PRD00392,1,436.74,0.0,436.74,242.28,UPI,Walk-in
SAL20250060132,2025-06-30,STR024,PRD00337,1,1047.01,0.05,994.66,731.43,UPI,Premium
SAL20250060133,2025-06-05,STR038,PRD00204,1,3776.34,0.0,3776.34,2580.11,UPI,Walk-in
SAL20250060134,2025-06-27,STR006,PRD00637,1,299.32,0.0,299.32,213.6,UPI,Walk-in
SAL20250060135,2025-06-07,STR024,PRD00308,1,373.95,0.0,373.95,260.57,Credit Card,Regular
SAL20250060136,2025-06-23,STR008,PRD00639,5,160.88,0.0,804.4,512.05,UPI,Regular
SAL20250060137,2025-06-20,STR024,PRD00270,1,1213.51,0.0,1213.51,769.06,Debit Card,Walk-in
SAL20250060138,2025-06-09,STR001,PRD00166,2,4039.27,0.0,8078.54,4942.0,UPI,Regular
SAL20250060139,2025-06-30,STR016,PRD00362,1,1120.03,0.0,1120.03,532.51,Credit Card,Regular
SAL20250060140,2025-06-13,STR038,PRD00226,3,3456.4,0.0,10369.2,6366.03,Credit Card,Corporate
SAL20250060141,2025-06-12,STR017,PRD00537,1,133.85,0.0,133.85,78.78,UPI,Premium
SAL20250060142,2025-06-14,STR036,PRD01005,4,682.39,0.0,2729.56,1902.8,Debit Card,Regular
SAL20250060143,2025-06-13,STR001,PRD00659,2,294.97,0.1,530.95,437.68,Credit Card,Premium
SAL20250060144,2025-06-25,STR004,PRD01003,2,278.9,0.0,557.8,292.64,Cash,Premium
SAL20250060145,2025-06-21,STR031,PRD01172,1,1132.5,0.0,1132.5,578.06,Debit Card,Walk-in
SAL20250060146,2025-06-01,STR013,PRD00154,1,614.66,0.05,583.93,476.92,Debit Card,Premium
SAL20250060147,2025-06-21,STR038,PRD00150,1,1288.03,0.0,1288.03,897.46,UPI,Regular
SAL20250060148,2025-06-19,STR032,PRD00852,3,1751.61,0.0,5254.83,3644.52,Cash,Regular
SAL20250060149,2025-06-24,STR003,PRD00617,1,496.18,0.0,496.18,363.01,UPI,Regular
SAL20250060150,2025-06-27,STR006,PRD01112,1,3077.42,0.1,2769.68,1558.19,UPI,Regular
SAL20250060151,2025-06-16,STR026,PRD00570,1,376.39,0.1,338.75,268.57,UPI,Walk-in
SAL20250060152,2025-06-10,STR002,PRD00102,1,21236.57,0.0,21236.57,16141.17,Debit Card,Regular
SAL20250060153,2025-06-23,STR026,PRD00884,4,1777.05,0.1,6397.38,4345.36,Debit Card,Walk-in
SAL20250060154,2025-06-18,STR010,PRD00160,1,7937.44,0.0,7937.44,4808.49,Net Banking,Regular
SAL20250060155,2025-06-02,STR002,PRD00581,5,310.86,0.1,1398.87,993.55,Credit Card,Walk-in
SAL20250060156,2025-06-07,STR030,PRD00910,1,2302.88,0.0,2302.88,1579.69,Debit Card,Walk-in
SAL20250060157,2025-06-07,STR021,PRD00044,1,3159.2,0.1,2843.28,2114.03,Debit Card,Walk-in
SAL20250060158,2025-06-23,STR019,PRD00560,2,314.33,0.0,628.66,437.58,Credit Card,Regular
SAL20250060159,2025-06-05,STR027,PRD00422,2,218.73,0.0,437.46,333.86,Credit Card,Corporate
SAL20250060160,2025-06-07,STR028,PRD00567,1,365.44,0.0,365.44,226.96,Debit Card,Regular
SAL20250060161,2025-06-07,STR036,PRD01127,1,730.99,0.1,657.89,319.39,Credit Card,Corporate
SAL20250060162,2025-06-27,STR006,PRD01015,2,771.47,0.1,1388.65,1082.24,UPI,Regular
SAL20250060163,2025-06-12,STR007,PRD00435,5,718.79,0.0,3593.95,2920.85,UPI,Regular
SAL20250060164,2025-06-08,STR012,PRD00968,1,316.7,0.0,316.7,158.76,Net Banking,Premium
SAL20250060165,2025-06-21,STR031,PRD00585,3,401.86,0.05,1145.3,868.95,Credit Card,Regular
SAL20250060166,2025-06-04,STR025,PRD01056,1,449.88,0.0,449.88,302.01,Credit Card,Walk-in
SAL20250060167,2025-06-01,STR023,PRD00989,1,922.35,0.0,922.35,592.11,UPI,Regular
SAL20250060168,2025-06-23,STR021,PRD00785,1,4604.98,0.0,4604.98,2754.83,UPI,Regular
SAL20250060169,2025-06-30,STR019,PRD00772,3,988.94,0.0,2966.82,1978.47,UPI,Premium
SAL20250060170,2025-06-01,STR015,PRD00374,1,1242.75,0.1,1118.48,738.33,UPI,Walk-in
SAL20250060171,2025-06-22,STR021,PRD00658,2,338.62,0.1,609.52,455.36,UPI,Regular
SAL20250060172,2025-06-30,STR026,PRD00787,2,291.05,0.0,582.1,378.28,Cash,Corporate
SAL20250060173,2025-06-01,STR034,PRD00932,2,479.96,0.0,959.92,587.98,UPI,Corporate
SAL20250060174,2025-06-05,STR039,PRD01163,3,6199.15,0.1,16737.7,11148.18,UPI,Walk-in
SAL20250060175,2025-06-19,STR017,PRD01113,1,4340.13,0.0,4340.13,2015.92,Debit Card,Regular
SAL20250060176,2025-06-05,STR038,PRD00758,3,4375.02,0.05,12468.81,9504.81,Debit Card,Premium
SAL20250060177,2025-06-30,STR025,PRD00029,1,24663.79,0.0,24663.79,16157.43,UPI,Walk-in
SAL20250060178,2025-06-17,STR016,PRD00248,1,9547.84,0.0,9547.84,6877.51,UPI,Premium
SAL20250060179,2025-06-28,STR032,PRD01038,4,565.57,0.0,2262.28,1213.36,Credit Card,Walk-in
SAL20250060180,2025-06-17,STR009,PRD00436,1,630.05,0.0,630.05,507.7,Credit Card,Regular
SAL20250060181,2025-06-03,STR011,PRD00616,2,565.82,0.0,1131.64,628.26,Cash,Premium
SAL20250060182,2025-06-11,STR036,PRD00241,1,7381.55,0.1,6643.4,5583.94,UPI,Regular
SAL20250060183,2025-06-16,STR025,PRD00038,1,2962.9,0.0,2962.9,2113.53,Debit Card,Premium
SAL20250060184,2025-06-09,STR006,PRD01049,1,225.77,0.0,225.77,137.88,UPI,Regular
SAL20250060185,2025-06-09,STR030,PRD00538,1,57.89,0.0,57.89,41.78,Debit Card,Walk-in
SAL20250060186,2025-06-02,STR021,PRD00971,1,604.86,0.05,574.62,306.67,Debit Card,Walk-in
SAL20250060187,2025-06-01,STR022,PRD00378,1,667.36,0.0,667.36,365.54,Cash,Walk-in
SAL20250060188,2025-06-01,STR029,PRD00071,1,14423.02,0.0,14423.02,9605.63,UPI,Regular
SAL20250060189,2025-06-18,STR011,PRD01109,2,5029.33,0.0,10058.66,5536.84,UPI,Walk-in
SAL20250060190,2025-06-09,STR041,PRD00200,1,1880.51,0.0,1880.51,1363.43,Cash,Walk-in
SAL20250060191,2025-06-09,STR041,PRD01006,2,849.47,0.0,1698.94,1213.38,UPI,Regular
SAL20250060192,2025-06-17,STR040,PRD00761,1,367.88,0.0,367.88,269.21,UPI,Regular
SAL20250060193,2025-06-02,STR015,PRD00487,2,92.35,0.0,184.7,157.68,Debit Card,Regular
SAL20250060194,2025-06-06,STR022,PRD00841,1,1965.17,0.0,1965.17,1338.26,UPI,Premium
SAL20250060195,2025-06-13,STR012,PRD00150,1,1288.03,0.0,1288.03,897.46,UPI,Premium
SAL20250060196,2025-06-04,STR005,PRD01110,1,1048.97,0.0,1048.97,581.11,Credit Card,Premium
SAL20250060197,2025-06-10,STR039,PRD00828,1,765.4,0.05,727.13,443.0,Cash,Walk-in
SAL20250060198,2025-06-27,STR013,PRD01175,1,2568.19,0.0,2568.19,1572.7,Cash,Regular
SAL20250060199,2025-06-08,STR016,PRD01039,2,616.85,0.0,1233.7,787.88,Credit Card,Walk-in
SAL20250060200,2025-06-12,STR019,PRD00550,1,639.85,0.0,639.85,364.92,Credit Card,Regular
SAL20250060201,2025-06-28,STR040,PRD00426,2,496.18,0.0,992.36,831.74,UPI,Regular
SAL20250060202,2025-06-12,STR014,PRD00514,4,1177.91,0.1,4240.48,3657.32,Cash,Regular
SAL20250060203,2025-06-30,STR002,PRD00896,1,255.31,0.1,229.78,145.03,UPI,Regular
SAL20250060204,2025-06-05,STR029,PRD00168,2,8820.25,0.0,17640.5,13222.12,Net Banking,Regular
SAL20250060205,2025-06-28,STR022,PRD00858,1,1066.62,0.0,1066.62,695.16,UPI,Regular
SAL20250060206,2025-06-20,STR026,PRD00232,1,6785.18,0.0,6785.18,4843.37,Credit Card,Corporate
SAL20250060207,2025-06-08,STR024,PRD01101,1,4929.57,0.0,4929.57,2668.17,Credit Card,Walk-in
SAL20250060208,2025-06-30,STR006,PRD01171,3,6541.96,0.0,19625.88,7871.67,Credit Card,Premium
SAL20250060209,2025-06-28,STR030,PRD00344,1,702.67,0.0,702.67,433.6,UPI,Regular
SAL20250060210,2025-06-30,STR040,PRD01195,2,6990.3,0.1,12582.54,6796.46,UPI,Walk-in
SAL20250060211,2025-06-07,STR005,PRD00542,1,534.65,0.0,534.65,341.81,Debit Card,Corporate
SAL20250060212,2025-06-13,STR029,PRD00961,3,294.28,0.05,838.7,475.59,UPI,Regular
SAL20250060213,2025-06-02,STR024,PRD00986,3,156.79,0.0,470.37,336.42,Cash,Regular
SAL20250060214,2025-06-12,STR017,PRD01193,1,1712.13,0.0,1712.13,1034.91,UPI,Walk-in
SAL20250060215,2025-06-18,STR037,PRD00243,1,1936.68,0.0,1936.68,1385.71,Cash,Walk-in
SAL20250060216,2025-06-16,STR019,PRD01059,1,553.69,0.0,553.69,368.36,UPI,Premium
SAL20250060217,2025-06-15,STR005,PRD00908,2,2285.46,0.0,4570.92,2680.12,Credit Card,Regular
SAL20250060218,2025-06-28,STR015,PRD00528,1,1118.04,0.0,1118.04,946.34,Credit Card,Walk-in
SAL20250060219,2025-06-08,STR014,PRD00884,3,1777.05,0.0,5331.15,3259.02,Debit Card,Regular
SAL20250060220,2025-06-07,STR037,PRD00768,3,281.0,0.1,758.7,615.3,Debit Card,Walk-in
SAL20250060221,2025-06-19,STR023,PRD00699,1,2305.84,0.0,2305.84,1522.28,UPI,Regular
SAL20250060222,2025-06-18,STR019,PRD00290,1,747.46,0.0,747.46,478.32,Debit Card,Premium
SAL20250060223,2025-06-21,STR003,PRD00946,1,937.06,0.1,843.35,525.58,UPI,Walk-in
SAL20250060224,2025-06-27,STR009,PRD00112,1,3948.48,0.0,3948.48,3127.23,UPI,Walk-in
SAL20250060225,2025-06-11,STR018,PRD00074,2,17249.82,0.0,34499.64,23619.28,UPI,Regular
SAL20250060226,2025-06-23,STR035,PRD00458,1,587.81,0.0,587.81,445.92,UPI,Walk-in
SAL20250060227,2025-06-26,STR012,PRD00571,1,201.22,0.0,201.22,143.49,Debit Card,Regular
SAL20250060228,2025-06-30,STR038,PRD00008,1,14817.35,0.0,14817.35,10393.47,Credit Card,Walk-in
SAL20250060229,2025-06-07,STR022,PRD00603,2,196.91,0.0,393.82,261.92,UPI,Regular
SAL20250060230,2025-06-30,STR009,PRD00573,2,44.75,0.0,89.5,53.9,UPI,Regular
SAL20250060231,2025-06-12,STR005,PRD00287,1,550.08,0.0,550.08,274.34,UPI,Regular
SAL20250060232,2025-06-29,STR019,PRD00462,3,271.55,0.0,814.65,615.78,UPI,Walk-in
SAL20250060233,2025-06-19,STR022,PRD00150,2,1288.03,0.0,2576.06,1794.92,UPI,Premium
SAL20250060234,2025-06-04,STR003,PRD00588,1,125.09,0.05,118.84,90.39,UPI,Regular
SAL20250060235,2025-06-04,STR029,PRD00136,1,8242.41,0.05,7830.29,5641.21,Credit Card,Premium
SAL20250060236,2025-06-21,STR027,PRD00942,3,93.87,0.0,281.61,185.19,Debit Card,Regular
SAL20250060237,2025-06-12,STR036,PRD00848,1,2441.1,0.0,2441.1,1616.32,UPI,Regular
SAL20250060238,2025-06-09,STR028,PRD00298,1,1012.57,0.05,961.94,666.12,UPI,Regular
SAL20250060239,2025-06-13,STR025,PRD00459,1,918.25,0.1,826.43,735.01,UPI,Premium
SAL20250060240,2025-06-15,STR041,PRD00696,1,1599.77,0.0,1599.77,1080.02,Credit Card,Corporate
SAL20250060241,2025-06-21,STR020,PRD00498,1,178.55,0.0,178.55,138.15,UPI,Walk-in
SAL20250060242,2025-06-24,STR023,PRD00601,1,50.1,0.0,50.1,30.82,UPI,Walk-in
SAL20250060243,2025-06-15,STR008,PRD00061,1,7691.1,0.05,7306.55,5309.86,Cash,Regular
SAL20250060244,2025-06-06,STR016,PRD00877,3,1728.24,0.0,5184.72,3635.73,Debit Card,Walk-in
SAL20250060245,2025-06-16,STR005,PRD00748,3,2656.98,0.1,7173.85,5446.14,Net Banking,Walk-in
SAL20250060246,2025-06-05,STR014,PRD00338,1,1223.61,0.0,1223.61,688.23,UPI,Walk-in
SAL20250060247,2025-06-04,STR036,PRD00707,2,2433.38,0.0,4866.76,3253.44,Credit Card,Walk-in
SAL20250060248,2025-06-13,STR005,PRD00760,1,4801.08,0.0,4801.08,3172.81,Credit Card,Regular
SAL20250060249,2025-06-02,STR036,PRD00233,1,9134.67,0.05,8677.94,7104.84,Credit Card,Corporate
SAL20250060250,2025-06-15,STR016,PRD00305,3,1134.36,0.0,3403.08,1845.9,UPI,Premium
SAL20250060251,2025-06-14,STR031,PRD00523,10,773.23,0.0,7732.3,6561.4,UPI,Regular
SAL20250060252,2025-06-17,STR019,PRD01042,2,143.52,0.0,287.04,189.38,Credit Card,Regular
SAL20250060253,2025-06-11,STR035,PRD00995,3,585.44,0.0,1756.32,1253.16,UPI,Regular
SAL20250060254,2025-06-10,STR037,PRD00894,1,2403.9,0.0,2403.9,1608.16,UPI,Regular
SAL20250060255,2025-06-17,STR007,PRD01115,1,4843.87,0.1,4359.48,2404.35,Credit Card,Premium
SAL20250060256,2025-06-13,STR004,PRD00973,1,291.44,0.0,291.44,156.91,Debit Card,Walk-in
SAL20250060257,2025-06-03,STR033,PRD00074,1,17249.82,0.0,17249.82,11809.64,UPI,Regular
SAL20250060258,2025-06-16,STR015,PRD01182,3,9675.4,0.0,29026.2,12796.68,Credit Card,Regular
SAL20250060259,2025-06-23,STR038,PRD00886,1,1331.79,0.0,1331.79,944.7,Debit Card,Walk-in
SAL20250060260,2025-06-01,STR035,PRD00326,1,1442.32,0.0,1442.32,681.43,Credit Card,Regular
SAL20250060261,2025-06-05,STR026,PRD00268,4,1061.68,0.0,4246.72,2081.04,Credit Card,Premium
SAL20250060262,2025-06-20,STR028,PRD00750,1,3884.81,0.0,3884.81,2144.98,UPI,Regular
SAL20250060263,2025-06-05,STR041,PRD00385,3,460.87,0.0,1382.61,835.56,Net Banking,Premium
SAL20250060264,2025-06-03,STR005,PRD00479,4,303.49,0.0,1213.96,1022.44,Credit Card,Walk-in
SAL20250060265,2025-06-14,STR016,PRD00506,1,725.03,0.0,725.03,579.1,UPI,Corporate
SAL20250060266,2025-06-05,STR040,PRD00684,1,3989.77,0.0,3989.77,2465.54,Credit Card,Corporate
SAL20250060267,2025-06-28,STR020,PRD00138,1,3460.02,0.0,3460.02,2661.97,UPI,Regular
SAL20250060268,2025-06-05,STR003,PRD01049,3,225.77,0.0,677.31,413.64,UPI,Walk-in
SAL20250060269,2025-06-24,STR020,PRD01122,1,6526.26,0.0,6526.26,3631.48,UPI,Regular
SAL20250060270,2025-06-17,STR023,PRD00434,2,648.17,0.0,1296.34,1077.58,Net Banking,Premium
SAL20250060271,2025-06-21,STR030,PRD00367,2,450.03,0.0,900.06,493.56,Net Banking,Walk-in
SAL20250060272,2025-06-03,STR003,PRD00963,1,93.93,0.1,84.54,63.76,Credit Card,Regular
SAL20250060273,2025-06-17,STR035,PRD00515,4,551.51,0.05,2095.74,1892.84,Net Banking,Regular
SAL20250060274,2025-06-18,STR036,PRD00332,1,556.82,0.0,556.82,272.93,UPI,Walk-in
SAL20250060275,2025-06-20,STR040,PRD00647,1,284.75,0.05,270.51,189.07,Debit Card,Regular
SAL20250060276,2025-06-15,STR014,PRD01026,3,512.0,0.1,1382.4,1025.85,UPI,Regular
SAL20250060277,2025-06-13,STR007,PRD00433,1,1065.88,0.0,1065.88,861.75,UPI,Premium
SAL20250060278,2025-02-30,STR024,PRD00023,2,6541.47,0.0,13082.94,8856.64,UPI,Regular
SAL20250060279,2025-06-08,STR019,PRD00042,1,15775.49,0.0,15775.49,11939.67,Cash,Regular
SAL20250060280,2025-06-15,STR007,PRD00724,1,2856.14,0.1,2570.53,1594.41,UPI,Walk-in
SAL20250060281,2025-06-09,STR020,PRD01168,3,4286.69,0.05,12217.07,7422.12,Cash,Walk-in
SAL20250060282,2025-06-14,STR007,PRD00180,2,3550.84,0.05,6746.6,5053.56,UPI,Walk-in
SAL20250060283,2025-06-25,STR006,PRD00979,1,62.69,0.05,59.56,37.43,UPI,Premium
SAL20250060284,2025-06-10,STR013,PRD00114,3,17643.2,0.0,52929.6,36918.0,Net Banking,Regular
SAL20250060285,2025-06-03,STR001,PRD00169,1,8761.68,0.0,8761.68,5628.67,Cash,Corporate
SAL20250060286,2025-06-16,STR014,PRD00938,1,622.57,0.1,560.31,327.33,Debit Card,Walk-in
SAL20250060287,2025-06-20,STR011,PRD01021,3,582.28,0.0,1746.84,1134.36,Credit Card,Premium
SAL20250060288,2025-06-08,STR039,PRD01114,1,8827.06,0.0,8827.06,3573.34,UPI,Corporate
SAL20250060289,2025-06-09,STR037,PRD00523,1,773.23,0.0,773.23,656.14,UPI,Premium
SAL20250060290,2025-06-26,STR022,PRD00947,2,413.13,0.0,826.26,416.04,UPI,Walk-in
SAL20250060291,2025-06-24,STR004,PRD01015,5,771.47,0.0,3857.35,2705.6,UPI,Walk-in
SAL20250060292,2025-06-04,STR028,PRD01058,3,211.57,0.05,602.97,435.06,Credit Card,Regular
SAL20250060293,2025-06-28,STR016,PRD00515,10,551.51,0.0,5515.1,4732.1,Debit Card,Regular
SAL20250060294,2025-06-04,STR033,PRD00835,1,1480.55,0.0,1480.55,1008.2,UPI,Walk-in
SAL20250060295,2025-06-14,STR009,PRD00421,5,579.98,0.0,2899.9,2432.5,UPI,Regular
SAL20250060296,2025-06-21,STR035,PRD00201,1,2838.89,0.1,2555.0,1889.59,UPI,Walk-in
SAL20250060297,2025-06-06,STR009,PRD00486,1,161.3,0.0,161.3,123.55,Credit Card,Corporate
SAL20250060298,2025-06-19,STR024,PRD01180,1,9129.62,0.0,9129.62,4243.81,Credit Card,Walk-in
SAL20250060299,2025-06-06,STR023,PRD00504,4,1118.52,0.0,4474.08,3736.96,UPI,Regular
SAL20250060300,2025-06-16,STR012,PRD00451,2,641.37,0.0,1282.74,1010.46,UPI,Regular
SAL20250060301,2025-06-07,STR026,PRD00180,1,3550.84,0.0,3550.84,2526.78,Credit Card,Regular
SAL20250060302,2025-06-13,STR007,PRD00296,2,250.04,0.0,500.08,243.26,Debit Card,Regular
SAL20250060303,2025-06-10,STR028,PRD00123,2,7408.15,0.05,14075.48,11176.24,UPI,Regular
SAL20250060304,2025-06-19,STR011,PRD00586,4,648.21,0.0,2592.84,1760.04,UPI,Walk-in
SAL20250060305,2025-06-17,STR023,PRD00656,2,201.0,0.05,381.9,282.2,Debit Card,Walk-in
SAL20250060306,2025-06-08,STR013,PRD00461,3,198.22,0.0,594.66,508.35,Credit Card,Regular
SAL20250060307,2025-06-18,STR014,PRD00612,1,287.57,0.1,258.81,212.43,Debit Card,Premium
SAL20250060308,2025-06-06,STR041,PRD00393,1,526.25,0.05,499.94,344.18,Debit Card,Regular
SAL20250060309,2025-06-04,STR010,PRD00624,1,124.7,0.0,124.7,87.08,UPI,Premium
SAL20250060310,2025-06-29,STR003,PRD00162,1,9916.48,0.0,9916.48,6686.04,UPI,Walk-in
SAL20250060311,2025-06-03,STR005,PRD00623,1,563.55,0.0,563.55,387.66,Credit Card,Walk-in
SAL20250060312,2025-06-17,STR028,PRD01179,3,3455.57,0.0,10366.71,6223.56,Net Banking,Premium
SAL20250060313,2025-06-06,STR038,PRD00117,2,5653.79,0.0,11307.58,8106.04,Credit Card,Regular
SAL20250060314,2025-06-18,STR003,PRD00071,1,14423.02,0.0,14423.02,9605.63,UPI,Walk-in
SAL20250060315,2025-06-15,STR032,PRD00268,1,1061.68,0.0,1061.68,520.26,UPI,Walk-in
SAL20250060316,2025-06-12,STR019,PRD00285,1,1499.26,0.0,1499.26,768.76,Credit Card,Premium
SAL20250060317,2025-06-13,STR016,PRD01119,1,9164.59,0.0,9164.59,4378.4,UPI,Premium
SAL20250060318,2025-06-09,STR021,PRD00849,1,315.58,0.0,315.58,211.78,Cash,Regular
SAL20250060319,2025-06-05,STR008,PRD00491,3,675.67,0.0,2027.01,1580.13,UPI,Regular
SAL20250060320,2025-06-27,STR019,PRD00287,1,550.08,0.0,550.08,274.34,Credit Card,Walk-in
SAL20250060321,2025-06-27,STR006,PRD00042,2,15775.49,0.0,31550.98,23879.34,UPI,Premium
SAL20250060322,2025-06-19,STR037,PRD01178,4,5467.45,0.1,19682.82,14066.12,UPI,Regular
SAL20250060323,2025-06-24,STR007,PRD00453,1,1257.16,0.0,1257.16,946.37,UPI,Walk-in
SAL20250060324,2025-06-24,STR024,PRD00972,1,1079.34,0.0,1079.34,629.0,Debit Card,Walk-in
SAL20250060325,2025-06-17,STR032,PRD00257,1,3131.42,0.0,3131.42,2145.77,UPI,Premium
SAL20250060326,2025-06-24,STR028,PRD00741,1,2848.85,0.0,2848.85,2028.89,UPI,Regular
SAL20250060327,2025-06-27,STR014,PRD00490,1,177.23,0.0,177.23,138.31,UPI,Regular
SAL20250060328,2025-06-15,STR010,PRD00483,1,634.79,0.0,634.79,530.96,Credit Card,Premium
SAL20250060329,2025-06-19,STR014,PRD00954,2,1090.11,0.0,2180.22,1229.92,Debit Card,Regular
SAL20250060330,2025-06-21,STR014,PRD00595,5,524.85,0.0,2624.25,1822.6,UPI,Walk-in
SAL20250060331,2025-06-24,STR035,PRD00178,1,9669.95,0.1,8702.96,6949.73,Cash,Walk-in
SAL20250060332,2025-06-22,STR015,PRD00133,1,10102.94,0.1,9092.65,6680.78,Debit Card,Regular
SAL20250060333,2025-06-26,STR032,PRD00846,1,1551.36,0.0,1551.36,1102.23,Credit Card,Regular
SAL20250060334,2025-06-30,STR004,PRD00931,1,1839.81,0.0,1839.81,1246.88,UPI,Corporate
SAL20250060335,2025-06-19,STR010,PRD00155,1,2214.51,0.1,1993.06,1652.19,UPI,Walk-in
SAL20250060336,2025-06-26,STR024,PRD01002,1,98.3,0.1,88.47,55.69,UPI,Premium
SAL20250060337,2025-06-09,STR025,PRD01051,1,694.43,0.0,694.43,354.19,UPI,Regular
SAL20250060338,2025-06-28,STR033,PRD00436,2,630.05,0.0,1260.1,1015.4,Cash,Walk-in
SAL20250060339,2025-06-15,STR022,PRD01036,1,177.81,0.0,177.81,125.17,Credit Card,Corporate
SAL20250060340,2025-06-28,STR011,PRD01108,1,4924.79,0.0,4924.79,2289.5,UPI,Walk-in
SAL20250060341,2025-06-12,STR002,PRD00330,3,275.94,0.0,827.82,506.58,Debit Card,Walk-in
SAL20250060342,2025-06-01,STR027,PRD00684,1,3989.77,0.0,3989.77,2465.54,UPI,Walk-in
SAL20250060343,2025-06-12,STR037,PRD00375,2,650.42,0.0,1300.84,730.12,Credit Card,Walk-in
SAL20250060344,2025-06-29,STR040,PRD00338,2,1223.61,0.0,2447.22,1376.46,Debit Card,Premium
SAL20250060345,2025-06-16,STR020,PRD00111,1,16671.18,0.0,16671.18,12693.98,Credit Card,Regular
SAL20250060346,2025-06-14,STR033,PRD01040,1,466.28,0.05,442.97,330.77,Debit Card,Regular
SAL20250060347,2025-06-23,STR006,PRD01102,2,845.86,0.0,1691.72,706.72,UPI,Regular
SAL20250060348,2025-06-15,STR032,PRD00852,2,1751.61,0.0,3503.22,2429.68,Net Banking,Regular
SAL20250060349,2025-06-04,STR039,PRD00558,1,353.1,0.0,353.1,243.3,Cash,Regular
SAL20250060350,2025-06-12,STR035,PRD01168,1,4286.69,0.0,4286.69,2474.04,UPI,Premium
SAL20250060351,2025-06-19,STR016,PRD00964,4,842.84,0.0,3371.36,2300.76,Debit Card,Walk-in
SAL20250060352,2025-06-04,STR026,PRD01138,1,4917.81,0.0,4917.81,2789.31,UPI,Regular
SAL20250060353,2025-06-17,STR003,PRD00867,1,798.49,0.0,798.49,457.76,Cash,Regular
SAL20250060354,2025-06-21,STR023,PRD00391,1,716.46,0.0,716.46,347.41,Credit Card,Regular
SAL20250060355,2025-06-26,STR023,PRD00908,2,2285.46,0.0,4570.92,2680.12,UPI,Regular
SAL20250060356,2025-06-10,STR013,PRD00491,2,675.67,0.0,1351.34,1053.42,Debit Card,Premium
SAL20250060357,2025-06-14,STR002,PRD00491,1,675.67,0.0,675.67,526.71,UPI,Walk-in
SAL20250060358,2025-06-25,STR027,PRD00476,4,645.16,0.0,2580.64,2172.72,UPI,Regular
SAL20250060359,2025-06-15,STR010,PRD00487,1,92.35,0.0,92.35,78.84,UPI,Premium
SAL20250060360,2025-06-20,STR014,PRD00994,1,1224.56,0.0,1224.56,633.19,Credit Card,Premium
SAL20250060361,2025-06-09,STR023,PRD00113,2,16350.49,0.0,32700.98,23752.58,Net Banking,Walk-in
SAL20250060362,2025-06-09,STR022,PRD00020,1,2507.15,0.0,2507.15,1948.29,Debit Card,Premium
SAL20250060363,2025-06-12,STR027,PRD01061,3,1015.91,0.0,3047.73,1606.59,UPI,Walk-in
SAL20250060364,2025-06-27,STR011,PRD01129,1,691.29,0.0,691.29,281.12,UPI,Walk-in
SAL20250060365,2025-06-26,STR030,PRD00207,1,9083.73,0.0,9083.73,6742.14,Debit Card,Walk-in
SAL20250060366,2025-06-04,STR022,PRD00336,1,1590.59,0.1,1431.53,821.11,Cash,Walk-in
SAL20250060367,2025-06-25,STR001,PRD00800,2,478.19,0.0,956.38,649.18,Credit Card,Walk-in
SAL20250060368,2025-06-01,STR031,PRD00947,1,413.13,0.0,413.13,208.02,UPI,Premium
SAL20250060369,2025-06-27,STR036,PRD00498,1,178.55,0.1,160.7,138.15,Credit Card,Regular
SAL20250060370,2025-06-06,STR024,PRD00115,1,5778.27,0.0,5778.27,4176.17,UPI,Walk-in
SAL20250060371,2025-06-10,STR022,PRD00455,4,683.36,0.0,2733.44,2253.88,Credit Card,Regular
SAL20250060372,2025-06-22,STR019,PRD00096,2,1587.91,0.0,3175.82,2309.38,Debit Card,Regular
SAL20250060373,2025-06-04,STR033,PRD00271,1,660.1,0.0,660.1,418.6,UPI,Regular
SAL20250060374,2025-06-27,STR033,PRD01032,3,117.65,0.0,352.95,210.6,UPI,Walk-in
SAL20250060375,2025-06-04,STR020,PRD00706,3,3862.25,0.0,11586.75,7332.03,UPI,Regular
SAL20250060376,2025-06-05,STR013,PRD00440,1,366.81,0.0,366.81,320.83,UPI,Walk-in
SAL20250060377,2025-06-15,STR041,PRD01116,1,792.37,0.0,792.37,396.32,UPI,Regular
SAL20250060378,2025-06-20,STR030,PRD01069,4,2127.71,0.0,8510.84,4335.4,Credit Card,Premium
SAL20250060379,2025-06-13,STR036,PRD00785,1,4604.98,0.0,4604.98,2754.83,UPI,Regular
SAL20250060380,2025-06-04,STR021,PRD00468,2,180.53,0.1,324.95,296.64,UPI,Walk-in
SAL20250060381,2025-06-20,STR041,PRD00157,1,5982.96,0.0,5982.96,4355.19,Debit Card,Walk-in
SAL20250060382,2025-06-25,STR026,PRD00948,10,38.1,0.05,361.95,265.5,Cash,Walk-in
SAL20250060383,2025-06-07,STR006,PRD00505,2,1140.95,0.0,2281.9,1720.94,UPI,Walk-in
SAL20250060384,2025-06-23,STR026,PRD00313,1,1406.36,0.0,1406.36,639.34,UPI,Walk-in
SAL20250060385,2025-06-15,STR003,PRD00533,6,799.67,0.0,4798.02,3972.36,Credit Card,Walk-in
SAL20250060386,2025-06-12,STR024,PRD00588,3,125.09,0.0,375.27,271.17,Cash,Regular
SAL20250060387,2025-06-01,STR007,PRD00641,1,499.93,0.0,499.93,333.12,UPI,Regular
SAL20250060388,2025-06-25,STR009,PRD00866,1,1023.05,0.1,920.75,622.37,Cash,Walk-in
SAL20250060389,2025-06-24,STR008,PRD00370,2,676.23,0.0,1352.46,902.66,UPI,Walk-in
SAL20250060390,2025-06-18,STR018,PRD00698,3,1659.66,0.0,4978.98,3283.77,UPI,Regular
SAL20250060391,2025-06-10,STR007,PRD00579,5,398.71,0.0,1993.55,1460.85,UPI,Premium
SAL20250060392,2025-06-04,STR015,PRD00866,3,1023.05,0.0,3069.15,1867.11,UPI,Premium
SAL20250060393,2025-06-20,STR019,PRD00740,1,3926.7,0.0,3926.7,2842.31,Cash,Regular
SAL20250060394,2025-06-03,STR009,PRD00045,1,17414.18,0.0,17414.18,13822.18,Debit Card,Regular
SAL20250060395,2025-06-17,STR020,PRD00416,3,833.51,0.0,2500.53,2075.37,Credit Card,Walk-in
SAL20250060396,2025-06-24,STR010,PRD00390,3,1246.69,0.0,3740.07,2355.99,Debit Card,Corporate
SAL20250060397,2025-06-04,STR023,PRD00326,1,1442.32,0.0,1442.32,681.43,UPI,Premium
SAL20250060398,2025-06-11,STR001,PRD01127,1,730.99,0.0,730.99,319.39,Credit Card,Regular
SAL20250060399,2025-06-02,STR006,PRD01163,1,6199.15,0.0,6199.15,3716.06,Credit Card,Regular
SAL20250060400,2025-06-10,STR020,PRD00057,1,2490.08,0.0,2490.08,2005.73,Credit Card,Walk-in
SAL20250060401,2025-06-22,STR002,PRD01150,1,4074.75,0.0,4074.75,2372.04,UPI,Walk-in
SAL20250060402,2025-06-12,STR031,PRD00844,2,3943.03,0.1,7097.45,4449.14,Credit Card,Corporate
SAL20250060403,2025-06-03,STR017,PRD00227,1,5367.28,0.05,5098.92,3567.65,Credit Card,Walk-in
SAL20250060404,2025-06-18,STR019,PRD00771,1,2601.02,0.05,2470.97,1436.13,Debit Card,Regular
SAL20250060405,2025-06-16,STR038,PRD00580,3,372.59,0.1,1005.99,633.9,UPI,Regular
SAL20250060406,2025-06-12,STR016,PRD00437,4,320.21,0.0,1280.84,1084.48,Debit Card,Premium
SAL20250060407,2025-06-07,STR037,PRD01067,2,922.58,0.0,1845.16,1129.68,Debit Card,Walk-in
SAL20250060408,2025-06-28,STR032,PRD00657,3,272.71,0.0,818.13,482.52,UPI,Walk-in
SAL20250060409,2025-06-26,STR033,PRD01072,1,354.49,0.05,336.77,220.0,UPI,Walk-in
SAL20250060410,2025-06-23,STR033,PRD00778,1,875.87,0.1,788.28,569.54,Net Banking,Regular
SAL20250060411,2025-06-24,STR023,PRD00544,1,114.7,0.0,114.7,82.74,UPI,Regular
SAL20250060412,2025-06-18,STR017,PRD00954,1,1090.11,0.0,1090.11,614.96,Credit Card,Walk-in
SAL20250060413,2025-06-26,STR036,PRD00229,1,2013.93,0.0,2013.93,1348.9,UPI,Regular
SAL20250060414,2025-06-29,STR016,PRD00410,4,245.81,0.0,983.24,771.04,UPI,Walk-in
SAL20250060415,2025-06-06,STR022,PRD00184,1,3565.48,0.1,3208.93,2588.7,Net Banking,Regular
SAL20250060416,2025-06-03,STR006,PRD01125,1,3015.8,0.0,3015.8,1423.43,UPI,Regular
SAL20250060417,2025-06-06,STR012,PRD01163,1,6199.15,0.0,6199.15,3716.06,Credit Card,Regular
SAL20250060418,2025-06-29,STR008,PRD00462,1,271.55,0.0,271.55,205.26,UPI,Walk-in
SAL20250060419,2025-06-07,STR013,PRD00609,2,338.3,0.0,676.6,404.06,UPI,Regular
SAL20250060420,2025-06-21,STR014,PRD00137,1,8245.04,0.0,8245.04,6423.44,Cash,Walk-in
SAL20250060421,2025-06-11,STR009,PRD00877,2,1728.24,0.0,3456.48,2423.82,UPI,Walk-in
SAL20250060422,2025-06-02,STR024,PRD00186,1,7826.08,0.0,7826.08,5124.89,UPI,Premium
SAL20250060423,2025-06-27,STR038,PRD00673,3,2685.18,0.0,8055.54,5094.87,Cash,Regular
SAL20250060424,2025-06-25,STR006,PRD00002,1,1289.58,0.0,1289.58,870.9,UPI,Regular
SAL20250060425,2025-06-07,STR011,PRD00749,3,4060.84,0.0,12182.52,7334.31,Debit Card,Premium
SAL20250060426,2025-06-18,STR034,PRD00294,1,1047.83,0.0,1047.83,653.04,Credit Card,Regular
SAL20250060427,2025-06-12,STR021,PRD00850,2,1897.52,0.1,3415.54,2470.14,Cash,Regular
SAL20250060428,2025-06-07,STR010,PRD00879,2,2290.26,0.0,4580.52,3228.46,Credit Card,Regular
SAL20250060429,2025-06-26,STR004,PRD00084,1,11056.09,0.0,11056.09,8293.77,UPI,Corporate
SAL20250060430,2025-06-22,STR009,PRD00036,1,8731.85,0.0,8731.85,5708.44,UPI,Premium
SAL20250060431,2025-06-17,STR012,PRD00280,4,605.7,0.1,2180.52,1245.48,UPI,Walk-in
SAL20250060432,2025-06-06,STR015,PRD00141,2,2559.21,0.0,5118.42,3888.58,UPI,Walk-in
SAL20250060433,2025-06-21,STR006,PRD00270,1,1213.51,0.0,1213.51,769.06,UPI,Walk-in
SAL20250060434,2025-06-13,STR016,PRD00392,1,436.74,0.0,436.74,242.28,Cash,Walk-in
SAL20250060435,2025-06-02,STR014,PRD01027,1,412.95,0.0,412.95,225.72,UPI,Regular
SAL20250060436,2025-06-02,STR022,PRD00191,1,7660.03,0.0,7660.03,5198.25,UPI,Walk-in
SAL20250060437,2025-06-10,STR008,PRD00966,4,814.75,0.0,3259.0,2105.8,UPI,Walk-in
SAL20250060438,2025-06-27,STR027,PRD01040,2,466.28,0.0,932.56,661.54,Credit Card,Regular
SAL20250060439,2025-06-15,STR034,PRD01135,1,2481.4,0.0,2481.4,1259.74,Credit Card,Walk-in
SAL20250060440,2025-06-23,STR014,PRD00123,1,7408.15,0.0,7408.15,5588.12,Debit Card,Regular
SAL20250060441,2025-06-13,STR024,PRD00140,1,6378.06,0.0,6378.06,4851.7,UPI,Regular
SAL20250060442,2025-06-01,STR025,PRD00846,1,1551.36,0.0,1551.36,1102.23,Debit Card,Regular
SAL20250060443,2025-06-04,STR027,PRD00889,1,2052.09,0.0,2052.09,1474.15,UPI,Regular
SAL20250060444,2025-06-30,STR020,PRD00618,2,249.13,0.0,498.26,366.06,UPI,Walk-in
SAL20250060445,2025-06-22,STR031,PRD00871,1,1211.65,0.0,1211.65,859.32,UPI,Regular
SAL20250060446,2025-06-04,STR019,PRD00135,1,9390.96,0.0,9390.96,6866.63,Credit Card,Walk-in
SAL20250060447,2025-06-08,STR007,PRD00096,1,1587.91,0.0,1587.91,1154.69,Credit Card,Premium
SAL20250060448,2025-06-29,STR034,PRD00511,1,709.29,0.0,709.29,559.18,UPI,Walk-in
SAL20250060449,2025-06-12,STR011,PRD00026,1,4182.92,0.1,3764.63,3047.01,Debit Card,Corporate
SAL20250060450,2025-06-30,STR040,PRD00078,2,9036.37,0.0,18072.74,12982.72,Cash,Regular
SAL20250060451,2025-06-09,STR037,PRD00227,1,5367.28,0.05,5098.92,3567.65,Credit Card,Premium
SAL20250060452,2025-06-20,STR013,PRD00283,1,917.06,0.0,917.06,431.47,Cash,Premium
SAL20250060453,2025-06-02,STR023,PRD00952,2,892.13,0.0,1784.26,1005.42,Cash,Walk-in
SAL20250060454,2025-06-12,STR035,PRD01142,2,3878.91,0.05,7369.93,4529.58,UPI,Regular
SAL20250060455,2025-06-13,STR028,PRD00809,3,1418.3,0.0,4254.9,2687.22,Debit Card,Regular
SAL20250060456,2025-06-20,STR025,PRD00018,1,13116.16,0.0,13116.16,9769.19,Credit Card,Walk-in
SAL20250060457,2025-06-04,STR027,PRD00534,2,97.09,0.0,194.18,161.18,UPI,Walk-in
SAL20250060458,2025-06-21,STR026,PRD01194,4,6442.41,0.0,25769.64,15540.72,Net Banking,Regular
SAL20250060459,2025-06-17,STR033,PRD01069,2,2127.71,0.05,4042.65,2167.7,UPI,Regular
SAL20250060460,2025-06-23,STR037,PRD00646,1,108.22,0.05,102.81,65.79,Credit Card,Regular
SAL20250060461,2025-06-29,STR029,PRD00712,2,1580.0,0.0,3160.0,1894.3,Debit Card,Walk-in
SAL20250060462,2025-06-08,STR032,PRD00788,3,3329.23,0.0,9987.69,6315.6,UPI,Regular
SAL20250060463,2025-06-16,STR011,PRD00917,2,1441.59,0.0,2883.18,1961.66,UPI,Regular
SAL20250060464,2025-06-19,STR024,PRD00796,4,462.4,0.0,1849.6,1319.6,Cash,Regular
SAL20250060465,2025-06-14,STR027,PRD00423,2,256.23,0.05,486.84,427.8,Credit Card,Premium
SAL20250060466,2025-06-03,STR039,PRD00694,1,3202.51,0.05,3042.38,2319.01,UPI,Regular
SAL20250060467,2025-06-22,STR026,PRD00246,1,1945.93,0.05,1848.63,1239.78,UPI,Regular
SAL20250060468,2025-06-04,STR036,PRD00249,1,4858.0,0.0,4858.0,3416.15,Credit Card,Walk-in
SAL20250060469,2025-06-12,STR017,PRD00496,3,1047.75,0.05,2986.09,2707.32,UPI,Walk-in
SAL20250060470,2025-06-26,STR005,PRD01027,1,412.95,0.0,412.95,225.72,Credit Card,Regular
SAL20250060471,2025-06-29,STR011,PRD00882,1,3706.7,0.1,3336.03,2187.93,Cash,Regular
SAL20250060472,2025-06-18,STR027,PRD01128,1,2522.35,0.0,2522.35,1440.68,Cash,Regular
SAL20250060473,2025-06-06,STR030,PRD00286,1,390.77,0.0,390.77,253.34,UPI,Walk-in
SAL20250060474,2025-06-13,STR036,PRD00446,6,1037.38,0.0,6224.28,5288.46,UPI,Corporate
SAL20250060475,2025-06-09,STR017,PRD00872,3,467.45,0.0,1402.35,1000.86,Credit Card,Regular
SAL20250060476,2025-06-05,STR031,PRD00918,1,2741.1,0.0,2741.1,1987.44,Credit Card,Regular
SAL20250060477,2025-06-05,STR026,PRD00278,1,439.84,0.0,439.84,292.07,UPI,Regular
SAL20250060478,2025-06-02,STR026,PRD00450,2,377.7,0.1,679.86,581.08,UPI,Walk-in
SAL20250060479,2025-06-22,STR023,PRD00148,1,6813.06,0.0,6813.06,4694.28,UPI,Walk-in
SAL20250060480,2025-06-17,STR001,PRD01039,1,616.85,0.0,616.85,393.94,UPI,Regular
SAL20250060481,2025-06-04,STR018,PRD00564,2,566.41,0.05,1076.18,695.94,UPI,Regular
SAL20250060482,2025-06-20,STR025,PRD00148,1,6813.06,0.0,6813.06,4694.28,Debit Card,Walk-in
SAL20250060483,2025-06-13,STR015,PRD00333,1,1043.83,0.0,1043.83,554.4,UPI,Regular
SAL20250060484,2025-06-23,STR024,PRD00399,1,1354.99,0.0,1354.99,647.13,UPI,Walk-in
SAL20250060485,2025-06-05,STR019,PRD00308,1,373.95,0.0,373.95,260.57,Debit Card,Regular
SAL20250060486,2025-06-20,STR005,PRD00857,1,3027.87,0.0,3027.87,2160.84,UPI,Regular
SAL20250060487,2025-06-06,STR024,PRD01164,1,2114.79,0.0,2114.79,1108.71,UPI,Walk-in
SAL20250060488,2025-06-04,STR020,PRD00922,1,953.09,0.0,953.09,628.16,Debit Card,Regular
SAL20250060489,2025-06-04,STR019,PRD01048,5,623.5,0.0,3117.5,2075.95,Debit Card,Walk-in
SAL20250060490,2025-06-29,STR037,PRD00205,1,2084.53,0.0,2084.53,1335.1,UPI,Regular
SAL20250060491,2025-06-09,STR007,PRD00808,4,2998.33,0.0,11993.32,7255.88,UPI,Corporate
SAL20250060492,2025-06-12,STR025,PRD00793,1,2445.38,0.0,2445.38,1405.41,UPI,Regular
SAL20250060493,2025-06-27,STR004,PRD00900,1,3167.3,0.0,3167.3,1961.05,UPI,Corporate
SAL20250060494,2025-06-25,STR035,PRD00461,10,198.22,0.0,1982.2,1694.5,Credit Card,Premium
SAL20250060495,2025-06-13,STR011,PRD01087,2,7006.0,0.0,14012.0,6839.44,UPI,Walk-in
SAL20250060496,2025-06-19,STR017,PRD00940,2,57.11,0.0,114.22,77.72,Debit Card,Walk-in
SAL20250060497,2025-06-30,STR030,PRD01178,1,5467.45,0.0,5467.45,3516.53,Net Banking,Premium
SAL20250060498,2025-06-21,STR013,PRD00639,3,160.88,0.0,482.64,307.23,Debit Card,Regular
SAL20250060499,2025-06-01,STR033,PRD00586,1,648.21,0.0,648.21,440.01,UPI,Walk-in
SAL20250060500,2025-06-25,STR015,PRD00409,1,950.85,0.0,950.85,738.11,UPI,Regular
SAL20250060501,2025-06-15,STR026,PRD00719,1,4808.67,0.0,4808.67,2759.21,UPI,Regular
SAL20250060502,2025-06-06,STR032,PRD01063,2,747.32,0.0,1494.64,976.78,UPI,Walk-in
SAL20250060503,2025-06-06,STR010,PRD00867,2,798.49,0.0,1596.98,915.52,Debit Card,Regular
SAL20250060504,2025-06-28,STR001,PRD00246,1,1945.93,0.05,1848.63,1239.78,Cash,Walk-in
SAL20250060505,2025-06-14,STR018,PRD00598,1,173.87,0.0,173.87,122.49,Debit Card,Regular
SAL20250060506,2025-06-29,STR004,PRD00322,1,839.74,0.1,755.77,587.36,Debit Card,Corporate
SAL20250060507,2025-06-04,STR025,PRD00786,2,2271.94,0.0,4543.88,3066.98,Credit Card,Regular
SAL20250060508,2025-06-21,STR005,PRD00477,2,121.21,0.0,242.42,195.32,Debit Card,Premium
SAL20250060509,2025-06-26,STR039,PRD00699,1,2305.84,0.0,2305.84,1522.28,UPI,Regular
SAL20250060510,2025-06-28,STR003,PRD00145,1,2570.9,0.0,2570.9,1687.81,Credit Card,Corporate
SAL20250060511,2025-06-18,STR024,PRD00649,2,333.14,0.05,632.97,477.92,UPI,Premium
SAL20250060512,2025-06-12,STR021,PRD01193,1,1712.13,0.0,1712.13,1034.91,UPI,Regular
SAL20250060513,2025-06-11,STR036,PRD00055,1,18236.77,0.0,18236.77,12233.04,UPI,Premium
SAL20250060514,2025-06-09,STR004,PRD00090,1,8184.6,0.0,8184.6,5556.86,Credit Card,Walk-in
SAL20250060515,2025-06-29,STR003,PRD01075,1,6164.63,0.0,6164.63,3178.28,UPI,Regular
SAL20250060516,2025-06-13,STR010,PRD00919,1,3391.01,0.05,3221.46,2232.08,Credit Card,Regular
SAL20250060517,2025-06-06,STR035,PRD00648,2,715.75,0.1,1288.35,914.54,Credit Card,Regular
SAL20250060518,2025-06-27,STR031,PRD00739,2,2279.96,0.05,4331.92,3082.84,UPI,Walk-in
SAL20250060519,2025-06-15,STR031,PRD00016,1,12816.4,0.0,12816.4,9433.57,Debit Card,Regular
SAL20250060520,2025-06-03,STR027,PRD00286,4,390.77,0.0,1563.08,1013.36,UPI,Walk-in
SAL20250060521,2025-06-25,STR024,PRD01138,2,4917.81,0.0,9835.62,5578.62,Cash,Corporate
SAL20250060522,2025-06-11,STR010,PRD00537,2,133.85,0.0,267.7,157.56,Cash,Walk-in
SAL20250060523,2025-06-17,STR020,PRD00476,2,645.16,0.0,1290.32,1086.36,UPI,Regular
SAL20250060524,2025-06-22,STR002,PRD00073,1,23649.92,0.0,23649.92,17123.4,UPI,Corporate
SAL20250060525,2025-06-19,STR035,PRD00793,2,2445.38,0.0,4890.76,2810.82,UPI,Premium
SAL20250060526,2025-06-04,STR008,PRD00093,1,12459.16,0.05,11836.2,9704.07,Cash,Regular
SAL20250060527,2025-06-23,STR028,PRD00260,1,8853.62,0.1,7968.26,5607.87,Debit Card,Corporate
SAL20250060528,2025-06-08,STR041,PRD00722,2,2039.88,0.05,3875.77,2341.7,Credit Card,Premium
SAL20250060529,2025-06-10,STR040,PRD01174,1,4967.43,0.0,4967.43,2664.97,Credit Card,Regular
SAL20250060530,2025-06-06,STR002,PRD00455,1,683.36,0.0,683.36,563.47,UPI,Walk-in
SAL20250060531,2025-06-15,STR032,PRD00328,2,1206.9,0.1,2172.42,1238.02,Credit Card,Regular
SAL20250060532,2025-06-15,STR030,PRD00742,2,3993.24,0.0,7986.48,4736.52,UPI,Walk-in
SAL20250060533,2025-06-24,STR016,PRD00133,1,10102.94,0.0,10102.94,6680.78,Debit Card,Walk-in
SAL20250060534,2025-06-16,STR024,PRD00685,1,4676.03,0.0,4676.03,2851.64,UPI,Premium
SAL20250060535,2025-06-10,STR014,PRD00036,1,8731.85,0.0,8731.85,5708.44,Cash,Regular
SAL20250060536,2025-06-18,STR026,PRD00557,3,210.61,0.0,631.83,403.29,Credit Card,Premium
SAL20250060537,2025-06-22,STR009,PRD00158,1,3798.87,0.1,3418.98,2582.44,UPI,Regular
SAL20250060538,2025-06-07,STR012,PRD00220,1,5859.46,0.0,5859.46,4561.44,Credit Card,Corporate
SAL20250060539,2025-06-01,STR017,PRD00737,3,1053.41,0.0,3160.23,2260.11,Credit Card,Regular
SAL20250060540,2025-06-04,STR003,PRD00239,1,6180.81,0.1,5562.73,4556.06,Debit Card,Regular
SAL20250060541,2025-06-18,STR002,PRD00035,1,7229.47,0.0,7229.47,4889.28,Credit Card,Walk-in
SAL20250060542,2025-06-30,STR024,PRD00608,2,314.95,0.0,629.9,468.28,UPI,Regular
SAL20250060543,2025-06-15,STR021,PRD00359,1,1383.56,0.0,1383.56,643.64,Debit Card,Walk-in
SAL20250060544,2025-06-20,STR005,PRD00704,1,1185.8,0.0,1185.8,707.14,Credit Card,Premium
SAL20250060545,2025-06-24,STR015,PRD00217,2,8159.94,0.0,16319.88,10596.86,UPI,Walk-in
SAL20250060546,2025-06-27,STR017,PRD00699,1,2305.84,0.0,2305.84,1522.28,Credit Card,Regular
SAL20250060547,2025-06-24,STR010,PRD00373,1,159.48,0.0,159.48,85.54,UPI,Regular
SAL20250060548,2025-06-20,STR001,PRD00346,1,927.55,0.05,881.17,634.62,UPI,Regular
SAL20250060549,2025-06-25,STR035,PRD00993,2,168.95,0.0,337.9,173.84,UPI,Walk-in
SAL20250060550,2025-06-08,STR014,PRD01124,4,4813.39,0.0,19253.56,8711.0,Net Banking,Premium
SAL20250060551,2025-06-28,STR004,PRD00852,2,1751.61,0.0,3503.22,2429.68,UPI,Premium
SAL20250060552,2025-06-03,STR004,PRD00304,1,1052.14,0.0,1052.14,723.81,UPI,Walk-in
SAL20250060553,2025-06-24,STR022,PRD00263,1,3207.01,0.0,3207.01,2439.1,UPI,Premium
SAL20250060554,2025-06-27,STR033,PRD00309,1,1344.75,0.0,1344.75,637.15,Debit Card,Regular
SAL20250060555,2025-06-23,STR014,PRD00908,4,2285.46,0.0,9141.84,5360.24,UPI,Regular
SAL20250060556,2025-06-03,STR020,PRD01023,2,241.67,0.0,483.34,266.56,UPI,Regular
SAL20250060557,2025-06-17,STR021,PRD01190,1,7433.72,0.0,7433.72,3770.31,UPI,Regular
SAL20250060558,2025-06-24,STR031,PRD01137,2,2009.09,0.0,4018.18,2148.54,Cash,Regular
SAL20250060559,2025-06-08,STR014,PRD00119,2,21410.34,0.05,40679.65,32069.14,UPI,Premium
SAL20250060560,2025-06-01,STR037,PRD00103,1,4104.09,0.0,4104.09,2941.45,Credit Card,Regular
SAL20250060561,2025-06-15,STR027,PRD01009,5,52.33,0.0,261.65,146.95,Credit Card,Premium
SAL20250060562,2025-06-28,STR034,PRD01164,1,2114.79,0.0,2114.79,1108.71,UPI,Corporate
SAL20250060563,2025-06-03,STR031,PRD00857,1,3027.87,0.0,3027.87,2160.84,UPI,Regular
SAL20250060564,2025-06-20,STR033,PRD00083,1,9369.31,0.0,9369.31,6462.27,Cash,Premium
SAL20250060565,2025-06-15,STR029,PRD00902,3,258.19,0.0,774.57,462.21,Credit Card,Regular
SAL20250060566,2025-06-21,STR012,PRD01003,1,278.9,0.0,278.9,146.32,Cash,Walk-in
SAL20250060567,2025-06-13,STR015,PRD00378,2,667.36,0.0,1334.72,731.08,Net Banking,Premium
SAL20250060568,2025-06-05,STR004,PRD00369,1,1020.79,0.0,1020.79,482.49,UPI,Premium
SAL20250060569,2025-06-08,STR029,PRD00193,1,5766.86,0.05,5478.52,4191.48,UPI,Walk-in
SAL20250060570,2025-06-15,STR007,PRD01062,2,925.26,0.0,1850.52,1086.12,Net Banking,Premium
SAL20250060571,2025-06-20,STR033,PRD00912,1,532.47,0.0,532.47,306.3,Cash,Walk-in
SAL20250060572,2025-06-26,STR012,PRD01073,3,4074.99,0.05,11613.72,7321.35,UPI,Premium
SAL20250060573,2025-06-04,STR001,PRD00623,1,563.55,0.0,563.55,387.66,UPI,Premium
SAL20250060574,2025-06-04,STR037,PRD01104,2,7758.33,0.0,15516.66,6976.72,UPI,Walk-in
SAL20250060575,2025-06-10,STR008,PRD00522,6,1139.79,0.0,6838.74,5254.98,UPI,Regular
SAL20250060576,2025-06-01,STR023,PRD00522,4,1139.79,0.0,4559.16,3503.32,UPI,Corporate
SAL20250060577,2025-06-17,STR011,PRD00660,1,324.23,0.0,324.23,238.04,UPI,Walk-in
SAL20250060578,2025-06-03,STR032,PRD00740,1,3926.7,0.0,3926.7,2842.31,UPI,Walk-in
SAL20250060579,2025-06-18,STR005,PRD00106,1,3614.0,0.0,3614.0,2487.36,UPI,Premium
SAL20250060580,2025-06-11,STR025,PRD00278,1,439.84,0.0,439.84,292.07,UPI,Regular
SAL20250060581,2025-06-10,STR037,PRD00349,2,152.26,0.0,304.52,167.74,UPI,Regular
SAL20250060582,2025-06-04,STR026,PRD00833,2,1761.67,0.0,3523.34,1959.84,Credit Card,Regular
SAL20250060583,2025-06-12,STR025,PRD00545,3,450.85,0.0,1352.55,757.35,Cash,Walk-in
SAL20250060584,2025-06-07,STR004,PRD00436,1,630.05,0.0,630.05,507.7,UPI,Regular
SAL20250060585,2025-06-05,STR026,PRD00483,5,634.79,0.0,3173.95,2654.8,Credit Card,Walk-in
SAL20250060586,2025-06-04,STR019,PRD00825,1,2419.3,0.0,2419.3,1402.49,Credit Card,Walk-in
SAL20250060587,2025-06-14,STR020,PRD00753,1,4495.87,0.0,4495.87,2621.72,UPI,Premium
SAL20250060588,2025-06-23,STR014,PRD00507,3,259.46,0.0,778.38,646.05,Credit Card,Walk-in
SAL20250060589,2025-06-21,STR024,PRD00784,2,1985.25,0.1,3573.45,2604.08,UPI,Regular
SAL20250060590,2025-06-05,STR001,PRD00519,1,818.33,0.0,818.33,642.9,UPI,Regular
SAL20250060591,2025-06-12,STR036,PRD00157,1,5982.96,0.0,5982.96,4355.19,UPI,Regular
SAL20250060592,2025-06-18,STR038,PRD00191,1,7660.03,0.0,7660.03,5198.25,Credit Card,Walk-in
SAL20250060593,2025-06-21,STR007,PRD01151,3,7065.61,0.0,21196.83,10123.08,Debit Card,Premium
SAL20250060594,2025-06-22,STR026,PRD00408,3,1017.09,0.0,3051.27,2348.76,Credit Card,Regular
SAL20250060595,2025-06-12,STR021,PRD00269,1,151.87,0.1,136.68,99.82,UPI,Walk-in
SAL20250060596,2025-06-18,STR018,PRD00353,2,948.44,0.05,1802.04,1059.62,UPI,Walk-in
SAL20250060597,2025-06-15,STR028,PRD00571,1,201.22,0.0,201.22,143.49,Credit Card,Walk-in
SAL20250060598,2025-06-25,STR033,PRD01176,1,5880.6,0.0,5880.6,3519.33,UPI,Walk-in
SAL20250060599,2025-06-12,STR002,PRD00436,2,630.05,0.05,1197.09,1015.4,UPI,Corporate
SAL20250060600,2025-06-27,STR028,PRD01010,2,762.29,0.0,1524.58,799.04,Credit Card,Regular
SAL20250060601,2025-06-18,STR003,PRD00655,1,75.89,0.0,75.89,47.15,Credit Card,Regular
SAL20250060602,2025-06-15,STR015,PRD00333,1,1043.83,0.0,1043.83,554.4,UPI,Premium
SAL20250060603,2025-06-03,STR033,PRD01081,2,7442.0,0.0,14884.0,7046.66,Debit Card,Regular
SAL20250060604,2025-06-30,STR011,PRD00635,3,332.03,0.0,996.09,621.9,Cash,Premium
SAL20250060605,2025-06-23,STR040,PRD00366,1,994.61,0.0,994.61,474.73,UPI,Regular
SAL20250060606,2025-06-16,STR038,PRD00845,2,2226.26,0.0,4452.52,3046.82,Debit Card,Premium
SAL20250060607,2025-06-03,STR017,PRD00127,1,14293.97,0.0,14293.97,10567.08,Net Banking,Walk-in
SAL20250060608,2025-06-18,STR010,PRD00697,1,1377.61,0.0,1377.61,807.52,Credit Card,Walk-in
SAL20250060609,2025-06-20,STR030,PRD00107,1,4985.79,0.1,4487.21,3483.71,UPI,Regular
SAL20250060610,2025-06-10,STR025,PRD01135,1,2481.4,0.0,2481.4,1259.74,Credit Card,Regular
SAL20250060611,2025-06-30,STR034,PRD00391,1,716.46,0.0,716.46,347.41,Credit Card,Walk-in
SAL20250060612,2025-06-01,STR030,PRD00969,1,147.34,0.0,147.34,76.24,Credit Card,Premium
SAL20250060613,2025-06-30,STR018,PRD00811,1,243.22,0.1,218.9,140.95,UPI,Premium
SAL20250060614,2025-06-04,STR004,PRD00159,1,4881.58,0.0,4881.58,3676.52,Debit Card,Premium
SAL20250060615,2025-06-27,STR001,PRD00968,3,316.7,0.05,902.59,476.28,UPI,Regular
SAL20250060616,2025-06-20,STR011,PRD00356,2,1354.34,0.0,2708.68,1468.36,Credit Card,Walk-in
SAL20250060617,2025-06-17,STR022,PRD00275,1,1560.95,0.1,1404.86,847.9,UPI,Regular
SAL20250060618,2025-06-24,STR020,PRD00786,1,2271.94,0.0,2271.94,1533.49,UPI,Premium
SAL20250060619,2025-06-27,STR022,PRD00490,1,177.23,0.0,177.23,138.31,UPI,Walk-in
SAL20250060620,2025-06-05,STR033,PRD00395,2,562.56,0.0,1125.12,746.56,Credit Card,Walk-in
SAL20250060621,2025-06-01,STR010,PRD00363,1,1443.62,0.0,1443.62,690.35,Credit Card,Premium
SAL20250060622,2025-06-03,STR017,PRD00650,1,429.23,0.0,429.23,249.31,UPI,Corporate
SAL20250060623,2025-06-28,STR014,PRD01085,2,7889.14,0.05,14989.37,8272.58,Cash,Regular
SAL20250060624,2025-06-17,STR041,PRD00299,3,1362.69,0.05,3883.67,2469.9,Debit Card,Regular
SAL20250060625,2025-06-16,STR038,PRD00058,3,3380.1,0.0,10140.3,7705.5,Credit Card,Walk-in
SAL20250060626,2025-06-13,STR040,PRD01097,1,4205.24,0.0,4205.24,2054.25,UPI,Walk-in
SAL20250060627,2025-06-06,STR034,PRD00364,1,296.2,0.0,296.2,195.69,UPI,Walk-in
SAL20250060628,2025-06-28,STR024,PRD00790,2,1379.35,0.0,2758.7,1805.44,Credit Card,Regular
SAL20250060629,2025-06-10,STR014,PRD00007,3,20090.22,0.0,60270.66,46386.6,Net Banking,Regular
SAL20250060630,2025-06-24,STR017,PRD00981,2,76.61,0.1,137.9,108.48,Cash,Regular
SAL20250060631,2025-06-04,STR015,PRD00870,1,2808.24,0.0,2808.24,1618.68,Credit Card,Regular
SAL20250060632,2025-06-14,STR002,PRD00106,1,3614.0,0.0,3614.0,2487.36,Debit Card,Premium
SAL20250060633,2025-06-05,STR006,PRD00938,3,622.57,0.0,1867.71,981.99,UPI,Walk-in
SAL20250060634,2025-06-13,STR026,PRD00242,1,3336.56,0.1,3002.9,2557.66,Debit Card,Premium
SAL20250060635,2025-06-17,STR010,PRD00148,1,6813.06,0.1,6131.75,4694.28,UPI,Premium
SAL20250060636,2025-06-11,STR026,PRD00905,2,2497.02,0.0,4994.04,3065.76,Net Banking,Walk-in
SAL20250060637,2025-06-28,STR020,PRD00360,2,505.68,0.0,1011.36,478.44,Credit Card,Walk-in
SAL20250060638,2025-06-26,STR028,PRD01173,1,1034.88,0.0,1034.88,495.72,Credit Card,Regular
SAL20250060639,2025-06-01,STR007,PRD00208,1,2761.76,0.0,2761.76,2051.3,UPI,Regular
SAL20250060640,2025-06-28,STR015,PRD00148,1,6813.06,0.0,6813.06,4694.28,Net Banking,Regular
SAL20250060641,2025-06-27,STR037,PRD00752,1,4535.72,0.0,4535.72,3022.89,UPI,Regular
SAL20250060642,2025-06-28,STR034,PRD00395,2,562.56,0.0,1125.12,746.56,UPI,Walk-in
SAL20250060643,2025-06-04,STR005,PRD00580,2,372.59,0.0,745.18,422.6,Debit Card,Regular
SAL20250060644,2025-06-25,STR012,PRD00501,1,707.96,0.1,637.16,547.35,Debit Card,Premium
SAL20250060645,2025-06-01,STR027,PRD00952,4,892.13,0.0,3568.52,2010.84,UPI,Regular
SAL20250060646,2025-06-06,STR002,PRD01190,1,7433.72,0.0,7433.72,3770.31,UPI,Regular
SAL20250060647,2025-06-15,STR012,PRD00156,1,1591.76,0.0,1591.76,1231.95,Cash,Walk-in
SAL20250060648,2025-06-08,STR028,PRD00924,2,261.16,0.0,522.32,389.0,Debit Card,Regular
SAL20250060649,2025-06-14,STR023,PRD00628,5,365.09,0.05,1734.18,1054.05,Credit Card,Premium
SAL20250060650,2025-06-12,STR004,PRD00451,1,641.37,0.0,641.37,505.23,UPI,Walk-in
SAL20250060651,2025-06-02,STR010,PRD00029,1,24663.79,0.05,23430.6,16157.43,Cash,Regular
SAL20250060652,2025-06-20,STR031,PRD00224,1,4670.9,0.0,4670.9,3440.61,UPI,Walk-in
SAL20250060653,2025-06-20,STR028,PRD00760,1,4801.08,0.0,4801.08,3172.81,UPI,Walk-in
SAL20250060654,2025-06-04,STR035,PRD00805,2,3870.93,0.0,7741.86,4327.62,Debit Card,Walk-in
SAL20250060655,2025-06-10,STR024,PRD01163,2,6199.15,0.0,12398.3,7432.12,UPI,Regular
SAL20250060656,2025-06-03,STR001,PRD00886,1,1331.79,0.1,1198.61,944.7,Credit Card,Walk-in
SAL20250060657,2025-06-18,STR027,PRD00380,1,304.64,0.0,304.64,210.5,UPI,Premium
SAL20250060658,2025-06-20,STR024,PRD00121,1,13928.8,0.0,13928.8,9332.33,Debit Card,Regular
SAL20250060659,2025-06-30,STR025,PRD00212,2,9559.41,0.0,19118.82,12521.94,Credit Card,Regular
SAL20250060660,2025-06-23,STR036,PRD01116,4,792.37,0.0,3169.48,1585.28,Net Banking,Premium
SAL20250060661,2025-06-17,STR037,PRD00363,1,1443.62,0.0,1443.62,690.35,UPI,Walk-in
SAL20250060662,2025-06-24,STR035,PRD01023,4,241.67,0.0,966.68,533.12,Cash,Premium
SAL20250060663,2025-06-08,STR007,PRD00825,1,2419.3,0.1,2177.37,1402.49,Credit Card,Premium
SAL20250060664,2025-06-20,STR039,PRD01102,4,845.86,0.0,3383.44,1413.44,UPI,Regular
SAL20250060665,2025-06-30,STR017,PRD00608,2,314.95,0.0,629.9,468.28,UPI,Premium
SAL20250060666,2025-06-04,STR029,PRD00665,1,157.57,0.0,157.57,103.14,Debit Card,Walk-in
SAL20250060667,2025-06-05,STR028,PRD00588,4,125.09,0.0,500.36,361.56,UPI,Walk-in
SAL20250060668,2025-06-16,STR032,PRD00815,2,2750.26,0.0,5500.52,3695.18,UPI,Walk-in
SAL20250060669,2025-06-07,STR037,PRD01023,1,241.67,0.1,217.5,133.28,Credit Card,Premium
SAL20250060670,2025-06-24,STR007,PRD00073,1,23649.92,0.05,22467.42,17123.4,Cash,Regular
SAL20250060671,2025-06-17,STR018,PRD00027,1,21177.44,0.0,21177.44,15886.64,UPI,Regular
SAL20250060672,2025-06-25,STR002,PRD01020,2,560.55,0.0,1121.1,723.94,Credit Card,Regular
SAL20250060673,2025-06-18,STR034,PRD00076,1,13611.14,0.0,13611.14,10725.57,UPI,Regular
SAL20250060674,2025-06-02,STR035,PRD00506,1,725.03,0.0,725.03,579.1,UPI,Walk-in
SAL20250060675,2025-06-17,STR026,PRD00594,4,129.17,0.0,516.68,325.32,UPI,Walk-in
SAL20250060676,2025-06-27,STR024,PRD00260,1,8853.62,0.0,8853.62,5607.87,Credit Card,Walk-in
SAL20250060677,2025-06-18,STR031,PRD00140,2,6378.06,0.05,12118.31,9703.4,Debit Card,Regular
SAL20250060678,2025-06-27,STR010,PRD00896,1,255.31,0.0,255.31,145.03,Cash,Premium
SAL20250060679,2025-06-22,STR040,PRD00948,2,38.1,0.0,76.2,53.1,Debit Card,Regular
SAL20250060680,2025-06-30,STR022,PRD00808,1,2998.33,0.0,2998.33,1813.97,UPI,Regular
SAL20250060681,2025-06-15,STR010,PRD00878,2,1229.84,0.0,2459.68,1593.12,Debit Card,Walk-in
SAL20250060682,2025-06-29,STR033,PRD00025,1,2348.16,0.0,2348.16,1617.05,UPI,Regular
SAL20250060683,2025-06-20,STR024,PRD00033,1,2653.86,0.0,2653.86,1783.28,UPI,Walk-in
SAL20250060684,2025-06-24,STR032,PRD01062,1,925.26,0.0,925.26,543.06,UPI,Regular
SAL20250055695,2025-06-08,STR009,PRD00465,2,578.8,0.05,1099.72,885.6,Cash,Premium
SAL20250060686,2025-06-11,STR020,PRD00117,1,5653.79,0.0,5653.79,4053.02,Cash,Premium
SAL20250060687,2025-06-22,STR033,PRD00314,1,610.16,0.0,610.16,372.41,Credit Card,Walk-in
SAL20250060688,2025-06-18,STR019,PRD00140,1,6378.06,0.0,6378.06,4851.7,Credit Card,Walk-in
SAL20250060689,2025-06-16,STR018,PRD01025,2,56.45,0.0,112.9,60.3,Credit Card,Regular
SAL20250060690,2025-06-27,STR024,PRD00960,1,572.91,0.0,572.91,382.4,Credit Card,Regular
SAL20250060691,2025-06-23,STR007,PRD00951,2,594.37,0.0,1188.74,704.76,Cash,Premium
SAL20250060692,2025-06-20,STR005,PRD01196,1,1369.18,0.05,1300.72,596.89,UPI,Walk-in
SAL20250060693,2025-06-30,STR041,PRD00700,2,4752.07,0.0,9504.14,5729.26,UPI,Regular
SAL20250060694,2025-06-14,STR007,PRD01000,1,495.66,0.1,446.09,345.87,Debit Card,Regular
SAL20250060695,2025-06-08,STR037,PRD00558,2,353.1,0.0,706.2,486.6,UPI,Regular
SAL20250060696,2025-06-29,STR005,PRD00214,1,9551.75,0.0,9551.75,6869.66,Debit Card,Walk-in
SAL20250060697,2025-06-13,STR006,PRD00906,1,3449.48,0.0,3449.48,2116.22,Credit Card,Regular
SAL20250060698,2025-06-04,STR018,PRD00994,1,1224.56,0.0,1224.56,633.19,UPI,Premium
SAL20250060699,2025-06-01,STR002,PRD00459,3,918.25,0.0,2754.75,2205.03,Credit Card,Regular
SAL20250060700,2025-06-04,STR039,PRD00123,2,7408.15,0.0,14816.3,11176.24,Net Banking,Regular
SAL20250060701,2025-06-04,STR022,PRD00321,1,1442.95,0.05,1370.8,715.49,Credit Card,Walk-in
SAL20250060702,2025-06-06,STR022,PRD00480,2,103.25,0.0,206.5,172.34,Net Banking,Walk-in
SAL20250060703,2025-06-20,STR005,PRD00028,1,4027.15,0.0,4027.15,2641.37,UPI,Regular
SAL20250060704,2025-06-10,STR010,PRD00607,1,313.72,0.0,313.72,181.35,UPI,Corporate
SAL20250060705,2025-06-10,STR031,PRD00225,1,9871.63,0.0,9871.63,6952.04,Debit Card,Walk-in
SAL20250060706,2025-06-27,STR001,PRD00482,3,411.59,0.05,1173.03,1032.36,Debit Card,Walk-in
SAL20250060707,2025-06-12,STR006,PRD00468,2,180.53,0.0,361.06,296.64,Net Banking,Premium
SAL20250060708,2025-06-28,STR003,PRD00174,2,698.44,0.0,1396.88,1046.48,Credit Card,Walk-in
SAL20250060709,2025-06-18,STR024,PRD00204,1,3776.34,0.0,3776.34,2580.11,Credit Card,Walk-in
SAL20250060710,2025-06-05,STR015,PRD00467,2,528.8,0.0,1057.6,906.1,Debit Card,Regular
