SaleID,SaleDate,StoreID,ProductID,Quantity,UnitPrice,Discount,Revenue,Cost,PaymentMethod,CustomerSegment
SAL20250009106,2025-02-12,STR007,PRD01194,1,6442.41,0.05,6120.29,3885.18,UPI,Regular
SAL20250009107,2025-02-11,STR027,PRD00767,2,2122.92,0.1,3821.26,3114.28,UPI,Regular
SAL20250009108,2025-02-24,STR021,PRD01103,3,5704.94,0.0,17114.82,7178.16,Credit Card,Regular
SAL20250009109,2025-02-12,STR003,PRD00248,1,9547.84,0.0,9547.84,6877.51,UPI,Regular
SAL20250009110,2025-02-17,STR020,PRD00902,1,258.19,0.0,258.19,154.07,UPI,Regular
SAL20250009111,2025-02-06,STR004,PRD00272,1,610.52,0.0,610.52,344.72,UPI,Regular
SAL20250009112,2025-02-12,STR024,PRD00915,2,703.59,0.0,1407.18,926.3,UPI,Walk-in
SAL20250009113,2025-02-20,STR013,PRD00790,4,1379.35,0.0,5517.4,3610.88,UPI,Regular
SAL20250009114,2025-02-26,STR023,PRD00419,1,950.16,0.05,902.65,763.92,Net Banking,Walk-in
SAL20250009115,2025-02-06,STR037,PRD00167,1,8410.2,0.0,8410.2,5523.21,UPI,Walk-in
SAL20250009116,2025-02-21,STR030,PRD00702,2,1394.73,0.0,2789.46,1977.28,Credit Card,Walk-in
SAL20250009117,2025-02-16,STR023,PRD00203,1,6533.34,0.0,6533.34,4260.88,Debit Card,Walk-in
SAL20250009118,2025-02-13,STR010,PRD00048,1,26663.85,0.0,26663.85,18297.1,Cash,Walk-in
SAL20250009119,2025-02-09,STR031,PRD00963,6,93.93,0.0,563.58,382.56,UPI,Walk-in
SAL20250009120,2025-02-15,STR038,PRD00538,5,57.89,0.0,289.45,208.9,UPI,Regular
SAL20250009121,2025-02-06,STR014,PRD00843,1,1073.63,0.0,1073.63,689.46,UPI,Premium
SAL20250009122,2025-02-11,STR004,PRD00774,1,2102.71,0.0,2102.71,1549.27,UPI,Premium
SAL20250009123,2025-02-13,STR018,PRD00952,1,892.13,0.0,892.13,502.71,UPI,Regular
SAL20250009124,2025-02-16,STR021,PRD00026,1,4182.92,0.0,4182.92,3047.01,UPI,Regular
SAL20250009125,2025-02-16,STR003,PRD00574,4,560.83,0.0,2243.32,1354.24,UPI,Regular
SAL20250009126,2025-02-05,STR015,PRD00991,3,894.61,0.1,2415.45,1543.59,Debit Card,Regular
SAL20250009127,2025-02-13,STR034,PRD00738,1,984.8,0.1,886.32,687.04,UPI,Walk-in
SAL20250009128,2025-02-20,STR038,PRD00126,1,8140.39,0.0,8140.39,6131.32,UPI,Walk-in
SAL20250009129,2025-02-26,STR017,PRD00198,1,4266.35,0.0,4266.35,2976.38,UPI,Regular
SAL20250009130,2025-02-19,STR040,PRD00815,1,2750.26,0.0,2750.26,1847.59,UPI,Regular
SAL20250009131,2025-02-21,STR028,PRD00030,1,17262.94,0.1,15536.65,12589.59,Cash,Regular
SAL20250009132,2025-02-18,STR015,PRD00709,2,232.93,0.0,465.86,306.1,UPI,Regular
SAL20250009133,2025-02-27,STR031,PRD00069,1,11744.39,0.0,11744.39,7701.34,Credit Card,Regular
SAL20250009134,2025-02-23,STR017,PRD00756,1,3090.95,0.1,2781.86,2208.4,Credit Card,Regular
SAL20250009135,2025-02-12,STR010,PRD00991,1,894.61,0.0,894.61,514.53,Debit Card,Corporate
SAL20250009136,2025-02-18,STR008,PRD00508,1,125.21,0.1,112.69,109.93,UPI,Premium
SAL20250009137,2025-02-02,STR008,PRD01132,3,7393.47,0.0,22180.41,11673.36,Credit Card,Walk-in
SAL20250009138,2025-02-25,STR013,PRD00938,6,622.57,0.05,3548.65,1963.98,Debit Card,Regular
SAL20250009139,2025-02-06,STR028,PRD00908,1,2285.46,0.0,2285.46,1340.06,Credit Card,Regular
SAL20250009140,2025-02-17,STR037,PRD00533,1,799.67,0.05,759.69,662.06,Cash,Regular
SAL20250009141,2025-02-18,STR030,PRD01037,1,431.13,0.0,431.13,232.19,UPI,Regular
SAL20250009142,2025-02-18,STR010,PRD00720,4,3749.56,0.0,14998.24,8419.8,UPI,Walk-in
SAL20250009143,2025-02-05,STR010,PRD00045,1,17414.18,0.0,17414.18,13822.18,UPI,Walk-in
SAL20250009144,2025-02-08,STR001,PRD00359,4,1383.56,0.1,4980.82,2574.56,Debit Card,Regular
SAL20250009145,2025-02-26,STR005,PRD00700,2,4752.07,0.0,9504.14,5729.26,UPI,Walk-in
SAL20250009146,2025-02-25,STR019,PRD00628,1,365.09,0.0,365.09,210.81,UPI,Regular
SAL20250009147,2025-02-25,STR005,PRD00428,2,311.12,0.1,560.02,489.5,UPI,Regular
SAL20250009148,2025-02-12,STR019,PRD00953,1,80.84,0.0,80.84,57.97,Credit Card,Walk-in
SAL20250009149,2025-02-18,STR021,PRD00618,3,249.13,0.0,747.39,549.09,UPI,Regular
SAL20250009150,2025-02-19,STR015,PRD00587,3,250.15,0.0,750.45,515.37,Cash,Regular
SAL20250009151,2025-02-01,STR012,PRD00223,1,11271.43,0.0,11271.43,7014.79,Debit Card,Walk-in
SAL20250009152,2025-02-09,STR013,PRD00284,2,170.59,0.0,341.18,207.06,Cash,Walk-in
SAL20250009153,2025-02-26,STR012,PRD00743,1,1675.83,0.0,1675.83,1131.56,Credit Card,Premium
SAL20250009154,2025-02-11,STR002,PRD00255,1,3159.1,0.0,3159.1,2283.27,Credit Card,Regular
SAL20250009155,2025-02-03,STR001,PRD00224,1,4670.9,0.0,4670.9,3440.61,Cash,Walk-in
SAL20250009156,2025-02-02,STR001,PRD00210,1,8463.87,0.05,8040.68,5533.2,Credit Card,Regular
SAL20250009157,2025-02-25,STR036,PRD00512,1,151.51,0.0,151.51,115.8,Credit Card,Regular
SAL20250017012,2025-02-01,STR029,PRD00981,4,76.61,0.0,306.44,216.96,Cash,Premium
SAL20250009159,2025-02-15,STR012,PRD01004,1,128.91,0.0,128.91,65.93,UPI,Regular
SAL20250009160,2025-02-27,STR041,PRD01040,3,466.28,0.0,1398.84,992.31,UPI,Regular
SAL20250009161,2025-02-13,STR038,PRD00588,2,125.09,0.0,250.18,180.78,Credit Card,Walk-in
SAL20250009162,2025-02-25,STR031,PRD00600,1,709.55,0.0,709.55,469.16,Credit Card,Corporate
SAL20250009163,2025-02-17,STR015,PRD00020,1,2507.15,0.0,2507.15,1948.29,UPI,Regular
SAL20250009164,2025-02-17,STR011,PRD00407,1,687.91,0.05,653.51,533.4,UPI,Walk-in
SAL20250009165,2025-02-18,STR025,PRD01061,3,1015.91,0.1,2742.96,1606.59,Net Banking,Regular
SAL20250009166,2025-02-14,STR007,PRD00131,1,11948.61,0.0,11948.61,9032.43,UPI,Regular
SAL20250009167,2025-02-27,STR021,PRD00800,1,478.19,0.0,478.19,324.59,Credit Card,Regular
SAL20250009168,2025-02-11,STR014,PRD00145,2,2570.9,0.0,5141.8,3375.62,Credit Card,Walk-in
SAL20250009169,2025-02-10,STR020,PRD00807,1,667.9,0.0,667.9,429.52,Credit Card,Regular
SAL20250009170,2025-02-07,STR019,PRD01009,1,52.33,0.0,52.33,29.39,Credit Card,Walk-in
SAL20250009171,2025-02-04,STR031,PRD00946,1,937.06,0.0,937.06,525.58,Debit Card,Corporate
SAL20250009172,2025-02-13,STR024,PRD00539,1,69.32,0.0,69.32,47.73,UPI,Regular
SAL20250009173,2025-02-12,STR026,PRD00626,3,125.9,0.0,377.7,227.79,UPI,Walk-in
SAL20250009174,2025-02-27,STR017,PRD00294,1,1047.83,0.0,1047.83,653.04,UPI,Regular
SAL20250009175,2025-02-24,STR006,PRD00394,1,327.5,0.0,327.5,218.51,Debit Card,Premium
SAL20250009176,2025-02-27,STR038,PRD01014,3,1123.09,0.0,3369.27,1908.24,Debit Card,Walk-in
SAL20250009177,2025-02-02,STR035,PRD00087,1,23253.22,0.0,23253.22,15702.94,UPI,Walk-in
SAL20250009178,2025-02-25,STR021,PRD00176,1,4757.11,0.05,4519.25,2887.26,UPI,Premium
SAL20250009179,2025-02-14,STR038,PRD00887,2,2006.5,0.0,4013.0,2339.38,UPI,Walk-in
SAL20250009180,2025-02-08,STR017,PRD01014,6,1123.09,0.0,6738.54,3816.48,UPI,Regular
SAL20250009181,2025-02-26,STR006,PRD00819,1,2315.45,0.0,2315.45,1549.5,UPI,Walk-in
SAL20250009182,2025-02-01,STR022,PRD00027,1,21177.44,0.0,21177.44,15886.64,Cash,Premium
SAL20250009183,2025-02-25,STR040,PRD00027,2,21177.44,0.0,42354.88,31773.28,Debit Card,Regular
SAL20250009184,2025-02-28,STR007,PRD00528,1,1118.04,0.0,1118.04,946.34,Credit Card,Regular
SAL20250009185,2025-02-22,STR030,PRD00043,1,22998.01,0.05,21848.11,15302.97,Credit Card,Regular
SAL20250009186,2025-02-14,STR019,PRD00774,1,2102.71,0.0,2102.71,1549.27,UPI,Walk-in
SAL20250009187,2025-02-09,STR030,PRD00900,1,3167.3,0.0,3167.3,1961.05,Debit Card,Walk-in
SAL20250009188,2025-02-24,STR035,PRD00447,3,458.65,0.0,1375.95,1066.98,UPI,Regular
SAL20250009189,2025-02-17,STR017,PRD01166,1,3220.85,0.0,3220.85,1660.43,Credit Card,Regular
SAL20250009190,2025-02-16,STR021,PRD00245,1,6730.38,0.1,6057.34,4429.31,Cash,Regular
SAL20250009191,2025-02-07,STR019,PRD00367,1,450.03,0.0,450.03,246.78,Debit Card,Regular
SAL20250009192,2025-02-07,STR008,PRD00218,1,7357.64,0.1,6621.88,5051.02,UPI,Premium
SAL20250009193,2025-02-06,STR029,PRD00188,1,6172.58,0.0,6172.58,4027.57,UPI,Regular
SAL20250009194,2025-02-20,STR033,PRD00756,1,3090.95,0.0,3090.95,2208.4,UPI,Walk-in
SAL20250009195,2025-02-07,STR020,PRD01154,1,1216.46,0.05,1155.64,611.46,UPI,Regular
SAL20250009196,2025-02-25,STR037,PRD00389,1,1606.86,0.0,1606.86,739.96,Debit Card,Regular
SAL20250009197,2025-02-14,STR024,PRD01035,1,199.19,0.0,199.19,125.07,Debit Card,Walk-in
SAL20250009198,2025-02-25,STR037,PRD00185,2,1926.14,0.0,3852.28,3000.08,Credit Card,Walk-in
SAL20250009199,2025-02-17,STR039,PRD00705,1,488.73,0.0,488.73,328.43,UPI,Regular
SAL20250009200,2025-02-18,STR004,PRD00807,3,667.9,0.0,2003.7,1288.56,UPI,Walk-in
SAL20250009201,2025-02-09,STR034,PRD00153,1,12724.66,0.0,12724.66,7922.12,Debit Card,Regular
SAL20250009202,2025-02-16,STR007,PRD00449,1,236.21,0.0,236.21,199.14,Debit Card,Premium
SAL20250009203,2025-02-11,STR004,PRD01112,1,3077.42,0.0,3077.42,1558.19,Credit Card,Regular
SAL20250009204,2025-02-24,STR008,PRD00330,1,275.94,0.0,275.94,168.86,Net Banking,Regular
SAL20250009205,2025-02-17,STR011,PRD00194,1,5905.12,0.0,5905.12,4140.26,Debit Card,Regular
SAL20250009206,2025-02-22,STR021,PRD00584,5,232.29,0.0,1161.45,711.75,UPI,Regular
SAL20250009207,2025-02-23,STR023,PRD00606,1,516.03,0.0,516.03,308.57,UPI,Walk-in
SAL20250009208,2025-02-24,STR040,PRD00378,1,667.36,0.0,667.36,365.54,Credit Card,Walk-in
SAL20250009209,2025-02-04,STR002,PRD00682,2,3799.71,0.1,6839.48,4894.56,Debit Card,Regular
SAL20250009210,2025-02-18,STR006,PRD00838,2,1522.8,0.0,3045.6,2093.7,UPI,Walk-in
SAL20250009211,2025-02-07,STR026,PRD00505,1,1140.95,0.0,1140.95,860.47,UPI,Regular
SAL20250009212,2025-02-12,STR005,PRD00655,4,75.89,0.0,303.56,188.6,Credit Card,Regular
SAL20250009213,2025-02-16,STR038,PRD00590,1,353.62,0.0,353.62,243.18,Credit Card,Premium
SAL20250009214,2025-02-10,STR027,PRD00196,1,3177.64,0.0,3177.64,2246.88,UPI,Walk-in
SAL20250009215,2025-02-18,STR003,PRD00247,1,8119.57,0.0,8119.57,4992.42,Debit Card,Regular
SAL20250009216,2025-02-26,STR001,PRD00011,1,13229.12,0.0,13229.12,9834.69,Credit Card,Walk-in
SAL20250009217,2025-02-04,STR012,PRD01183,1,7827.71,0.0,7827.71,3332.0,Credit Card,Walk-in
SAL20250009218,2025-02-25,STR025,PRD00226,1,3456.4,0.1,3110.76,2122.01,Credit Card,Regular
SAL20250009219,2025-02-10,STR009,PRD00416,2,833.51,0.0,1667.02,1383.58,UPI,Walk-in
SAL20250009220,2025-02-19,STR002,PRD00635,2,332.03,0.0,664.06,414.6,UPI,Walk-in
SAL20250009221,2025-02-25,STR016,PRD00430,3,129.33,0.0,387.99,326.1,Cash,Regular
SAL20250009222,2025-02-08,STR011,PRD01174,1,4967.43,0.05,4719.06,2664.97,Debit Card,Walk-in
SAL20250009223,2025-02-26,STR018,PRD00486,1,161.3,0.0,161.3,123.55,UPI,Walk-in
SAL20250009224,2025-02-05,STR009,PRD00172,2,7151.58,0.0,14303.16,10506.6,Debit Card,Regular
SAL20250009225,2025-02-04,STR003,PRD01138,1,4917.81,0.0,4917.81,2789.31,Debit Card,Walk-in
SAL20250009226,2025-02-11,STR004,PRD00800,1,478.19,0.0,478.19,324.59,Debit Card,Premium
SAL20250009227,2025-02-11,STR026,PRD00193,1,5766.86,0.0,5766.86,4191.48,UPI,Walk-in
SAL20250009228,2025-02-10,STR023,PRD00265,2,4797.2,0.0,9594.4,5840.12,Debit Card,Regular
SAL20250009229,2025-02-13,STR035,PRD00320,2,273.23,0.0,546.46,299.98,UPI,Walk-in
SAL20250009230,2025-02-01,STR031,PRD00521,2,947.8,0.0,1895.6,1665.2,UPI,Regular
SAL20250009231,2025-02-20,STR017,PRD01127,1,730.99,0.0,730.99,319.39,UPI,Regular
SAL20250009232,2025-02-01,STR004,PRD00928,1,2503.87,0.0,2503.87,1812.53,Credit Card,Regular
SAL20250009233,2025-02-18,STR030,PRD00055,1,18236.77,0.05,17324.93,12233.04,Cash,Regular
SAL20250009234,2025-02-25,STR027,PRD00506,3,725.03,0.0,2175.09,1737.3,UPI,Corporate
SAL20250009235,2025-02-27,STR028,PRD00917,1,1441.59,0.0,1441.59,980.83,UPI,Regular
SAL20250009236,2025-02-11,STR025,PRD00961,3,294.28,0.0,882.84,475.59,UPI,Walk-in
SAL20250009237,2025-02-22,STR005,PRD01145,3,3609.72,0.0,10829.16,6240.63,UPI,Regular
SAL20250009238,2025-02-10,STR014,PRD00411,1,779.25,0.0,779.25,631.85,Cash,Corporate
SAL20250009239,2025-02-03,STR008,PRD00261,2,8333.44,0.0,16666.88,10237.02,Credit Card,Walk-in
SAL20250009240,2025-02-04,STR025,PRD00293,1,859.61,0.0,859.61,442.5,Credit Card,Regular
SAL20250009241,2025-02-01,STR022,PRD00884,2,1777.05,0.05,3376.39,2172.68,UPI,Corporate
SAL20250009242,2025-02-03,STR037,PRD00955,3,608.44,0.0,1825.32,1232.7,Net Banking,Regular
SAL20250009243,2025-02-21,STR034,PRD00304,1,1052.14,0.0,1052.14,723.81,UPI,Walk-in
SAL20250009244,2025-02-21,STR026,PRD00188,1,6172.58,0.0,6172.58,4027.57,Net Banking,Regular
SAL20250009245,2025-02-18,STR006,PRD00457,2,726.05,0.0,1452.1,1098.78,Cash,Regular
SAL20250009246,2025-02-05,STR003,PRD01124,1,4813.39,0.0,4813.39,2177.75,UPI,Walk-in
SAL20250009247,2025-02-19,STR015,PRD00868,1,1450.33,0.0,1450.33,912.21,UPI,Walk-in
SAL20250009248,2025-02-08,STR005,PRD00044,1,3159.2,0.0,3159.2,2114.03,Cash,Walk-in
SAL20250009249,2025-02-11,STR034,PRD00561,4,111.53,0.1,401.51,301.96,UPI,Premium
SAL20250009250,2025-02-15,STR032,PRD00605,4,66.61,0.0,266.44,196.2,UPI,Regular
SAL20250009251,2025-02-14,STR015,PRD00981,4,76.61,0.0,306.44,216.96,UPI,Walk-in
SAL20250009252,2025-02-21,STR025,PRD00109,1,12280.41,0.0,12280.41,9316.5,Cash,Regular
SAL20250009253,2025-02-21,STR033,PRD00765,1,1419.48,0.0,1419.48,920.94,Debit Card,Walk-in
SAL20250009254,2025-02-16,STR018,PRD01147,3,6760.77,0.0,20282.31,11589.84,UPI,Regular
SAL20250009255,2025-02-25,STR012,PRD01082,1,1474.53,0.0,1474.53,797.26,Credit Card,Regular
SAL20250009256,2025-02-14,STR001,PRD00778,1,875.87,0.0,875.87,569.54,UPI,Walk-in
SAL20250009257,2025-02-20,STR028,PRD00972,1,1079.34,0.1,971.41,629.0,UPI,Corporate
SAL20250009258,2025-02-24,STR040,PRD00953,2,80.84,0.0,161.68,115.94,Credit Card,Regular
SAL20250009259,2025-02-06,STR034,PRD01112,1,3077.42,0.0,3077.42,1558.19,UPI,Premium
SAL20250009260,2025-02-17,STR026,PRD00910,2,2302.88,0.0,4605.76,3159.38,UPI,Walk-in
SAL20250009261,2025-02-10,STR008,PRD00750,1,3884.81,0.0,3884.81,2144.98,UPI,Walk-in
SAL20250009262,2025-02-15,STR012,PRD01103,4,5704.94,0.1,20537.78,9570.88,UPI,Walk-in
SAL20250009263,2025-02-11,STR022,PRD00136,1,8242.41,0.0,8242.41,5641.21,Credit Card,Walk-in
SAL20250009264,2025-02-03,STR018,PRD00413,10,347.68,0.0,3476.8,3003.1,Credit Card,Regular
SAL20250009265,2025-02-06,STR007,PRD01118,1,5734.69,0.0,5734.69,3371.1,UPI,Walk-in
SAL20250009266,2025-02-12,STR016,PRD00096,1,1587.91,0.0,1587.91,1154.69,Cash,Walk-in
SAL20250009267,2025-02-12,STR017,PRD01122,1,6526.26,0.0,6526.26,3631.48,Credit Card,Regular
SAL20250009268,2025-02-16,STR007,PRD00213,1,7822.44,0.05,7431.32,5597.11,Credit Card,Walk-in
SAL20250009269,2025-02-20,STR030,PRD00678,2,3485.6,0.0,6971.2,4509.82,Cash,Walk-in
SAL20250009270,2025-02-27,STR029,PRD00752,3,4535.72,0.05,12926.8,9068.67,Credit Card,Walk-in
SAL20250009271,2025-02-17,STR025,PRD00222,2,8948.67,0.0,17897.34,13161.68,Net Banking,Premium
SAL20250009272,2025-02-19,STR015,PRD00566,5,655.12,0.0,3275.6,2115.6,Credit Card,Regular
SAL20250009273,2025-02-02,STR004,PRD00614,1,52.25,0.1,47.02,34.28,Credit Card,Regular
SAL20250009274,2025-02-25,STR028,PRD00075,1,9132.03,0.0,9132.03,7042.59,Cash,Walk-in
SAL20250009275,2025-02-20,STR034,PRD00635,1,332.03,0.0,332.03,207.3,Debit Card,Walk-in
SAL20250009276,2025-02-03,STR021,PRD00886,1,1331.79,0.0,1331.79,944.7,Credit Card,Corporate
SAL20250009277,2025-02-07,STR019,PRD00064,2,2458.4,0.0,4916.8,3661.4,UPI,Premium
SAL20250009278,2025-02-08,STR035,PRD00547,1,105.91,0.0,105.91,76.27,Credit Card,Regular
SAL20250009279,2025-02-16,STR002,PRD00472,4,554.85,0.05,2108.43,1779.6,Debit Card,Regular
SAL20250009280,2025-02-03,STR008,PRD01046,1,946.12,0.0,946.12,526.29,UPI,Walk-in
SAL20250009281,2025-02-25,STR025,PRD01089,1,8670.13,0.0,8670.13,3797.02,UPI,Walk-in
SAL20250009282,2025-02-14,STR018,PRD00825,1,2419.3,0.0,2419.3,1402.49,UPI,Walk-in
SAL20250009283,2025-02-10,STR011,PRD00001,1,21322.84,0.0,21322.84,15337.08,Credit Card,Premium
SAL20250009284,2025-02-02,STR005,PRD01091,2,5878.46,0.0,11756.92,5617.7,UPI,Regular
SAL20250009285,2025-02-02,STR008,PRD00250,1,3877.74,0.1,3489.97,2737.07,Debit Card,Walk-in
SAL20250009286,2025-02-01,STR039,PRD00083,1,9369.31,0.0,9369.31,6462.27,UPI,Regular
SAL20250009287,2025-02-14,STR041,PRD00855,1,2084.62,0.0,2084.62,1525.55,UPI,Regular
SAL20250009288,2025-02-21,STR041,PRD00549,3,585.62,0.0,1756.86,1147.2,Credit Card,Regular
SAL20250009289,2025-02-05,STR023,PRD00290,1,747.46,0.05,710.09,478.32,Credit Card,Premium
SAL20250009290,2025-02-26,STR009,PRD00054,1,16291.52,0.0,16291.52,11840.34,UPI,Walk-in
SAL20250009291,2025-02-08,STR022,PRD01171,1,6541.96,0.0,6541.96,2623.89,Cash,Premium
SAL20250009292,2025-02-17,STR013,PRD00971,1,604.86,0.0,604.86,306.67,Credit Card,Premium
SAL20250009293,2025-02-10,STR020,PRD00175,1,11344.22,0.0,11344.22,7434.87,UPI,Regular
SAL20250009294,2025-02-23,STR021,PRD01163,1,6199.15,0.0,6199.15,3716.06,Credit Card,Walk-in
SAL20250009295,2025-02-09,STR031,PRD00163,1,12710.38,0.0,12710.38,7712.99,Credit Card,Regular
SAL20250009296,2025-02-24,STR007,PRD01020,3,560.55,0.0,1681.65,1085.91,Net Banking,Walk-in
SAL20250009297,2025-02-21,STR026,PRD01104,2,7758.33,0.1,13964.99,6976.72,Credit Card,Premium
SAL20250009298,2025-02-11,STR002,PRD00177,1,10270.98,0.0,10270.98,7398.07,Credit Card,Regular
SAL20250009299,2025-02-22,STR002,PRD00193,1,5766.86,0.05,5478.52,4191.48,Credit Card,Walk-in
SAL20250009300,2025-02-03,STR007,PRD00351,1,802.18,0.0,802.18,503.24,UPI,Regular
SAL20250009301,2025-02-28,STR034,PRD01065,1,936.71,0.0,936.71,478.36,UPI,Regular
SAL20250009302,2025-02-01,STR007,PRD00883,1,2575.75,0.0,2575.75,1437.48,Debit Card,Walk-in
SAL20250009303,2025-02-27,STR037,PRD00614,5,52.25,0.0,261.25,171.4,UPI,Walk-in
SAL20250009304,2025-02-28,STR024,PRD00489,2,850.74,0.0,1701.48,1381.76,UPI,Premium
SAL20250009305,2025-02-13,STR023,PRD00669,2,3235.01,0.0,6470.02,3773.52,UPI,Walk-in
SAL20250009306,2025-02-01,STR038,PRD01200,1,1804.12,0.0,1804.12,865.8,Credit Card,Walk-in
SAL20250009307,2025-02-27,STR008,PRD00690,2,3635.92,0.0,7271.84,4794.84,Credit Card,Corporate
SAL20250009308,2025-02-23,STR028,PRD00390,4,1246.69,0.0,4986.76,3141.32,Credit Card,Walk-in
SAL20250009309,2025-02-16,STR009,PRD00700,1,4752.07,0.0,4752.07,2864.63,Credit Card,Regular
SAL20250009310,2025-02-21,STR038,PRD00693,1,2512.22,0.0,2512.22,1671.42,Net Banking,Corporate
SAL20250009311,2025-02-06,STR025,PRD00464,2,598.64,0.0,1197.28,916.98,UPI,Regular
SAL20250009312,2025-02-10,STR017,PRD01003,1,278.9,0.0,278.9,146.32,UPI,Regular
SAL20250009313,2025-02-18,STR035,PRD00351,1,802.18,0.0,802.18,503.24,UPI,Walk-in
SAL20250009314,2025-02-15,STR003,PRD01037,6,431.13,0.0,2586.78,1393.14,Cash,Walk-in
SAL20250009315,2025-02-28,STR020,PRD00439,10,122.61,0.1,1103.49,956.1,Credit Card,Walk-in
SAL20250009316,2025-02-15,STR023,PRD01197,4,2167.83,0.0,8671.32,4644.72,UPI,Premium
SAL20250009317,2025-02-15,STR037,PRD01144,2,2397.7,0.1,4315.86,2852.04,UPI,Regular
SAL20250009318,2025-02-10,STR028,PRD00324,1,1095.89,0.0,1095.89,714.91,UPI,Walk-in
SAL20250009319,2025-02-13,STR014,PRD00548,1,172.01,0.0,172.01,120.36,UPI,Walk-in
SAL20250009320,2025-02-21,STR025,PRD00308,1,373.95,0.0,373.95,260.57,Credit Card,Premium
SAL20250009321,2025-02-26,STR038,PRD01124,1,4813.39,0.0,4813.39,2177.75,UPI,Regular
SAL20250009322,2025-02-12,STR034,PRD00949,1,855.15,0.0,855.15,566.85,UPI,Walk-in
SAL20250009323,2025-02-01,STR024,PRD00100,1,14294.81,0.0,14294.81,9774.86,UPI,Regular
SAL20250009324,2025-02-10,STR030,PRD00153,3,12724.66,0.0,38173.98,23766.36,Debit Card,Premium
SAL20250009325,2025-02-01,STR003,PRD00050,1,20155.67,0.05,19147.89,16076.03,UPI,Walk-in
SAL20250009326,2025-02-28,STR031,PRD00670,4,3171.53,0.0,12686.12,7659.68,UPI,Regular
SAL20250009327,2025-02-05,STR018,PRD00632,3,758.72,0.0,2276.16,1290.18,Cash,Walk-in
SAL20250009328,2025-02-08,STR028,PRD00077,1,14848.8,0.05,14106.36,12077.21,Credit Card,Regular
SAL20250009329,2025-02-21,STR024,PRD00740,2,3926.7,0.05,7460.73,5684.62,UPI,Regular
SAL20250009330,2025-02-04,STR030,PRD00346,2,927.55,0.0,1855.1,1269.24,UPI,Walk-in
SAL20250009331,2025-02-07,STR033,PRD01151,1,7065.61,0.0,7065.61,3374.36,UPI,Walk-in
SAL20250009332,2025-02-22,STR035,PRD00507,2,259.46,0.0,518.92,430.7,UPI,Premium
SAL20250009333,2025-02-17,STR018,PRD00520,2,482.69,0.0,965.38,811.72,Credit Card,Regular
SAL20250009334,2025-02-07,STR013,PRD00275,1,1560.95,0.0,1560.95,847.9,UPI,Corporate
SAL20250009335,2025-02-18,STR002,PRD00958,6,274.5,0.0,1647.0,1150.38,UPI,Regular
SAL20250009336,2025-02-17,STR024,PRD00793,1,2445.38,0.0,2445.38,1405.41,Debit Card,Walk-in
SAL20250009337,2025-02-16,STR017,PRD00508,4,125.21,0.0,500.84,439.72,UPI,Corporate
SAL20250009338,2025-02-26,STR022,PRD00035,1,7229.47,0.05,6868.0,4889.28,UPI,Walk-in
SAL20250009339,2025-02-07,STR019,PRD00718,1,2341.08,0.0,2341.08,1675.99,Credit Card,Regular
SAL20250009340,2025-02-01,STR039,PRD00370,3,676.23,0.0,2028.69,1353.99,Cash,Walk-in
SAL20250009341,2025-02-11,STR011,PRD00881,1,802.33,0.0,802.33,533.51,UPI,Regular
SAL20250009342,2025-02-17,STR035,PRD00279,3,704.62,0.1,1902.47,1337.76,UPI,Regular
SAL20250009343,2025-02-28,STR014,PRD00888,2,2557.48,0.05,4859.21,3450.08,UPI,Premium
SAL20250009344,2025-02-19,STR033,PRD00918,2,2741.1,0.0,5482.2,3974.88,Net Banking,Walk-in
SAL20250009345,2025-02-11,STR007,PRD00331,1,133.4,0.0,133.4,89.83,Credit Card,Regular
SAL20250009346,2025-02-28,STR029,PRD01103,1,5704.94,0.1,5134.45,2392.72,Cash,Regular
SAL20250009347,2025-02-10,STR009,PRD00008,2,14817.35,0.1,26671.23,20786.94,UPI,Premium
SAL20250009348,2025-02-12,STR037,PRD00320,2,273.23,0.0,546.46,299.98,UPI,Walk-in
SAL20250009349,2025-02-19,STR033,PRD00653,1,614.39,0.0,614.39,447.76,UPI,Walk-in
SAL20250009350,2025-02-28,STR001,PRD00717,1,402.54,0.05,382.41,262.23,Cash,Walk-in
SAL20250009351,2025-02-13,STR009,PRD00729,2,3595.95,0.0,7191.9,5115.44,Credit Card,Walk-in
SAL20250009352,2025-02-09,STR026,PRD00830,2,1783.32,0.0,3566.64,2179.56,Debit Card,Regular
SAL20250009353,2025-02-12,STR029,PRD00647,3,284.75,0.0,854.25,567.21,UPI,Regular
SAL20250009354,2025-02-09,STR033,PRD00289,2,1047.34,0.0,2094.68,1214.0,Cash,Regular
SAL20250009355,2025-02-25,STR005,PRD00163,1,12710.38,0.0,12710.38,7712.99,Cash,Walk-in
SAL20250009356,2025-02-27,STR024,PRD00018,1,13116.16,0.0,13116.16,9769.19,Net Banking,Regular
SAL20250009357,2025-02-09,STR011,PRD00704,1,1185.8,0.05,1126.51,707.14,Debit Card,Walk-in
SAL20250009358,2025-02-21,STR015,PRD00314,1,610.16,0.1,549.14,372.41,Credit Card,Walk-in
SAL20250009359,2025-02-10,STR036,PRD00050,1,20155.67,0.0,20155.67,16076.03,UPI,Premium
SAL20250009360,2025-02-21,STR036,PRD00929,2,3367.15,0.05,6397.59,4072.48,Debit Card,Regular
SAL20250009361,2025-02-04,STR034,PRD01136,2,7702.34,0.0,15404.68,8250.1,UPI,Regular
SAL20250009362,2025-02-20,STR029,PRD00895,4,472.54,0.0,1890.16,1189.6,UPI,Walk-in
SAL20250009363,2025-02-14,STR028,PRD00710,1,4042.5,0.0,4042.5,2223.99,Credit Card,Regular
SAL20250009364,2025-02-27,STR038,PRD01134,1,5914.46,0.0,5914.46,2929.32,Credit Card,Premium
SAL20250009365,2025-02-22,STR029,PRD00325,1,1273.47,0.0,1273.47,587.01,Credit Card,Regular
SAL20250009366,2025-02-08,STR036,PRD00737,1,1053.41,0.0,1053.41,753.37,UPI,Walk-in
SAL20250009367,2025-02-19,STR016,PRD00522,2,1139.79,0.0,2279.58,1751.66,UPI,Premium
SAL20250009368,2025-02-01,STR017,PRD01120,2,8969.51,0.0,17939.02,8799.92,UPI,Walk-in
SAL20250009369,2025-02-05,STR032,PRD00574,2,560.83,0.05,1065.58,677.12,UPI,Regular
SAL20250009370,2025-02-27,STR027,PRD00486,5,161.3,0.05,766.17,617.75,UPI,Premium
SAL20250009371,2025-02-17,STR018,PRD01124,1,4813.39,0.0,4813.39,2177.75,Credit Card,Premium
SAL20250009372,2025-02-28,STR039,PRD00463,4,933.21,0.0,3732.84,2989.88,Cash,Regular
SAL20250009373,2025-02-04,STR019,PRD01014,2,1123.09,0.0,2246.18,1272.16,UPI,Walk-in
SAL20250009374,2025-02-14,STR006,PRD00685,2,4676.03,0.1,8416.85,5703.28,UPI,Premium
SAL20250009375,2025-02-15,STR007,PRD00942,3,93.87,0.0,281.61,185.19,UPI,Walk-in
SAL20250009376,2025-02-04,STR005,PRD00391,1,716.46,0.0,716.46,347.41,UPI,Premium
SAL20250009377,2025-02-07,STR005,PRD00006,1,3457.14,0.0,3457.14,2519.92,Cash,Corporate
SAL20250009378,2025-02-08,STR022,PRD00712,2,1580.0,0.0,3160.0,1894.3,Credit Card,Premium
SAL20250009379,2025-02-16,STR029,PRD00321,3,1442.95,0.0,4328.85,2146.47,Net Banking,Regular
SAL20250009380,2025-02-26,STR006,PRD00804,4,782.93,0.0,3131.72,2259.12,UPI,Corporate
SAL20250009381,2025-02-12,STR018,PRD00940,2,57.11,0.0,114.22,77.72,Credit Card,Walk-in
SAL20250009382,2025-02-01,STR033,PRD00402,2,947.11,0.0,1894.22,1636.12,UPI,Premium
SAL20250009383,2025-02-04,STR026,PRD01104,1,7758.33,0.0,7758.33,3488.36,UPI,Walk-in
SAL20250009384,2025-02-11,STR002,PRD00217,1,8159.94,0.0,8159.94,5298.43,Debit Card,Regular
SAL20250009385,2025-02-06,STR032,PRD00057,1,2490.08,0.0,2490.08,2005.73,Cash,Walk-in
SAL20250009386,2025-02-12,STR031,PRD00823,1,2558.98,0.0,2558.98,1717.69,UPI,Corporate
SAL20250009387,2025-02-27,STR032,PRD00357,1,1112.32,0.0,1112.32,676.9,Debit Card,Regular
SAL20250009388,2025-02-07,STR021,PRD00632,2,758.72,0.0,1517.44,860.12,Credit Card,Regular
SAL20250009389,2025-02-06,STR028,PRD00023,1,6541.47,0.0,6541.47,4428.32,Credit Card,Walk-in
SAL20250009390,2025-02-11,STR033,PRD01078,1,2107.38,0.0,2107.38,1315.89,Credit Card,Regular
SAL20250009391,2025-02-20,STR008,PRD00834,3,1440.43,0.0,4321.29,2746.47,Credit Card,Regular
SAL20250009392,2025-02-10,STR017,PRD00728,1,5071.72,0.0,5071.72,3009.63,UPI,Regular
SAL20250009393,2025-02-05,STR017,PRD01053,10,481.32,0.0,4813.2,3127.8,Credit Card,Regular
SAL20250009394,2025-02-09,STR011,PRD01009,1,52.33,0.0,52.33,29.39,UPI,Walk-in
SAL20250009395,2025-02-12,STR039,PRD00784,1,1985.25,0.0,1985.25,1302.04,Credit Card,Regular
SAL20250009396,2025-02-16,STR014,PRD00948,3,38.1,0.05,108.59,79.65,UPI,Premium
SAL20250009397,2025-02-07,STR039,PRD00552,1,296.06,0.1,266.45,194.94,Cash,Regular
SAL20250009398,2025-02-19,STR004,PRD00024,1,23723.95,0.0,23723.95,15500.24,UPI,Walk-in
SAL20250009399,2025-02-16,STR026,PRD00259,1,1699.09,0.0,1699.09,1233.0,UPI,Regular
SAL20250009400,2025-02-27,STR014,PRD00108,1,22607.14,0.0,22607.14,15802.22,Credit Card,Regular
SAL20250009401,2025-02-11,STR010,PRD01152,3,2969.91,0.0,8909.73,4136.1,Debit Card,Walk-in
SAL20250009402,2025-02-27,STR010,PRD00827,2,3989.15,0.05,7579.39,4393.18,UPI,Premium
SAL20250009403,2025-02-03,STR024,PRD00935,2,821.43,0.0,1642.86,1172.2,Net Banking,Regular
SAL20250009404,2025-02-26,STR026,PRD00468,2,180.53,0.0,361.06,296.64,UPI,Walk-in
SAL20250009405,2025-02-08,STR026,PRD00239,1,6180.81,0.0,6180.81,4556.06,UPI,Walk-in
SAL20250009406,2025-02-14,STR035,PRD00342,1,1186.13,0.0,1186.13,698.17,Credit Card,Corporate
SAL20250009407,2025-02-14,STR038,PRD00152,1,8357.62,0.0,8357.62,5421.82,Credit Card,Premium
SAL20250009408,2025-02-07,STR001,PRD00105,1,9145.0,0.1,8230.5,7010.14,UPI,Regular
SAL20250009409,2025-02-11,STR036,PRD00835,1,1480.55,0.0,1480.55,1008.2,Credit Card,Regular
SAL20250009410,2025-02-05,STR035,PRD00937,1,262.48,0.0,262.48,177.56,Debit Card,Premium
SAL20250009411,2025-02-22,STR013,PRD00200,3,1880.51,0.0,5641.53,4090.29,Credit Card,Walk-in
SAL20250009412,2025-02-01,STR009,PRD00178,1,9669.95,0.0,9669.95,6949.73,Debit Card,Premium
SAL20250009413,2025-02-01,STR035,PRD00432,3,845.55,0.0,2536.65,1941.12,Cash,Regular
SAL20250009414,2025-02-06,STR010,PRD01039,2,616.85,0.0,1233.7,787.88,UPI,Regular
SAL20250009415,2025-02-03,STR001,PRD01043,4,134.43,0.1,483.95,321.84,Credit Card,Regular
SAL20250009416,2025-02-04,STR005,PRD00390,1,1246.69,0.0,1246.69,785.33,Credit Card,Walk-in
SAL20250009417,2025-02-24,STR024,PRD00988,3,774.65,0.1,2091.55,1597.5,Credit Card,Premium
SAL20250009418,2025-02-25,STR027,PRD00976,1,1125.69,0.0,1125.69,582.61,UPI,Regular
SAL20250009419,2025-02-08,STR001,PRD00342,2,1186.13,0.0,2372.26,1396.34,Net Banking,Walk-in
SAL20250009420,2025-02-02,STR014,PRD00284,2,170.59,0.0,341.18,207.06,Debit Card,Regular
SAL20250009421,2025-02-24,STR037,PRD00840,1,2736.67,0.05,2599.84,1682.08,Credit Card,Regular
SAL20250009422,2025-02-10,STR005,PRD00326,1,1442.32,0.0,1442.32,681.43,Credit Card,Walk-in
SAL20250009423,2025-02-22,STR029,PRD00712,2,1580.0,0.0,3160.0,1894.3,UPI,Corporate
SAL20250009424,2025-02-02,STR035,PRD00361,1,1524.53,0.0,1524.53,825.7,Debit Card,Regular
SAL20250009425,2025-02-22,STR015,PRD00046,1,12754.14,0.05,12116.43,8397.4,Debit Card,Regular
SAL20250009426,2025-02-17,STR034,PRD00364,1,296.2,0.0,296.2,195.69,Net Banking,Walk-in
SAL20250009427,2025-02-07,STR023,PRD00867,1,798.49,0.05,758.57,457.76,Debit Card,Walk-in
SAL20250009428,2025-02-04,STR018,PRD00999,1,1102.59,0.0,1102.59,586.85,Cash,Walk-in
SAL20250009429,2025-02-06,STR004,PRD01065,2,936.71,0.0,1873.42,956.72,Credit Card,Walk-in
SAL20250009430,2025-02-22,STR007,PRD00744,2,4365.48,0.1,7857.86,5758.8,Credit Card,Corporate
SAL20250009431,2025-02-19,STR033,PRD00847,1,2294.5,0.1,2065.05,1617.12,Credit Card,Regular
SAL20250009432,2025-02-08,STR027,PRD00568,1,465.88,0.0,465.88,288.31,UPI,Walk-in
SAL20250009433,2025-02-06,STR016,PRD00738,1,984.8,0.0,984.8,687.04,UPI,Walk-in
SAL20250009434,2025-02-02,STR009,PRD01179,2,3455.57,0.1,6220.03,4149.04,Debit Card,Regular
SAL20250009435,2025-02-04,STR024,PRD00144,1,7333.73,0.0,7333.73,4964.07,Net Banking,Walk-in
SAL20250009436,2025-02-06,STR016,PRD00582,1,535.32,0.0,535.32,385.0,UPI,Regular
SAL20250009437,2025-02-15,STR040,PRD01085,2,7889.14,0.0,15778.28,8272.58,Credit Card,Premium
SAL20250009438,2025-02-26,STR001,PRD00449,1,236.21,0.1,212.59,199.14,Credit Card,Walk-in
SAL20250009439,2025-02-23,STR007,PRD00662,3,192.14,0.0,576.42,422.88,Net Banking,Regular
SAL20250009440,2025-02-20,STR026,PRD00069,1,11744.39,0.0,11744.39,7701.34,Debit Card,Premium
SAL20250009441,2025-02-17,STR022,PRD00844,2,3943.03,0.0,7886.06,4449.14,UPI,Premium
SAL20250009442,2025-02-23,STR040,PRD00856,3,1871.17,0.0,5613.51,3637.71,UPI,Premium
SAL20250009443,2025-02-19,STR040,PRD00252,1,10910.07,0.0,10910.07,7523.25,Credit Card,Walk-in
SAL20250009444,2025-02-13,STR016,PRD00528,1,1118.04,0.0,1118.04,946.34,Credit Card,Walk-in
SAL20250009445,2025-02-06,STR016,PRD00855,1,2084.62,0.05,1980.39,1525.55,Credit Card,Premium
SAL20250009446,2025-02-15,STR030,PRD00127,1,14293.97,0.0,14293.97,10567.08,Debit Card,Premium
SAL20250009447,2025-02-24,STR004,PRD00165,1,10264.9,0.0,10264.9,6671.83,UPI,Premium
SAL20250009448,2025-02-21,STR038,PRD01176,4,5880.6,0.0,23522.4,14077.32,UPI,Regular
SAL20250009449,2025-02-11,STR025,PRD01007,3,886.03,0.05,2525.19,1507.14,Net Banking,Premium
SAL20250009450,2025-02-05,STR003,PRD00915,3,703.59,0.0,2110.77,1389.45,Credit Card,Regular
SAL20250009451,2025-02-21,STR030,PRD00243,1,1936.68,0.0,1936.68,1385.71,UPI,Regular
SAL20250009452,2025-02-11,STR026,PRD00631,2,725.12,0.0,1450.24,838.92,UPI,Walk-in
SAL20250009453,2025-02-09,STR015,PRD00853,1,3236.74,0.0,3236.74,1868.14,Cash,Premium
SAL20250009454,2025-02-03,STR030,PRD00650,4,429.23,0.0,1716.92,997.24,UPI,Walk-in
SAL20250009455,2025-02-21,STR031,PRD00027,1,21177.44,0.05,20118.57,15886.64,Cash,Walk-in
SAL20250009456,2025-02-06,STR036,PRD00228,2,4421.9,0.0,8843.8,5964.62,UPI,Regular
SAL20250009457,2025-02-08,STR016,PRD00542,1,534.65,0.0,534.65,341.81,Net Banking,Regular
SAL20250009458,2025-02-01,STR011,PRD00360,1,505.68,0.0,505.68,239.22,UPI,Regular
SAL20250009459,2025-02-21,STR037,PRD00286,1,390.77,0.0,390.77,253.34,Net Banking,Premium
SAL20250009460,2025-02-15,STR001,PRD01006,5,849.47,0.0,4247.35,3033.45,UPI,Regular
SAL20250009461,2025-02-07,STR015,PRD00107,2,4985.79,0.05,9473.0,6967.42,UPI,Walk-in
SAL20250009462,2025-02-06,STR008,PRD00290,1,747.46,0.05,710.09,478.32,UPI,Regular
SAL20250009463,2025-02-10,STR034,PRD00837,1,4012.56,0.0,4012.56,2368.64,Debit Card,Walk-in
SAL20250009464,2025-02-17,STR033,PRD00323,1,361.28,0.0,361.28,188.15,Credit Card,Walk-in
SAL20250009465,2025-02-06,STR038,PRD00032,2,19217.6,0.1,34591.68,29600.0,Credit Card,Walk-in
SAL20250009466,2025-02-01,STR018,PRD00651,1,368.8,0.0,368.8,256.48,UPI,Premium
SAL20250009467,2025-02-06,STR028,PRD00272,1,610.52,0.1,549.47,344.72,UPI,Walk-in
SAL20250009468,2025-02-11,STR014,PRD01190,1,7433.72,0.0,7433.72,3770.31,Credit Card,Regular
SAL20250009469,2025-02-15,STR018,PRD00108,1,22607.14,0.1,20346.43,15802.22,Debit Card,Regular
SAL20250009470,2025-02-28,STR035,PRD00710,1,4042.5,0.05,3840.38,2223.99,UPI,Premium
SAL20250009471,2025-02-20,STR015,PRD00241,1,7381.55,0.0,7381.55,5583.94,UPI,Walk-in
SAL20250009472,2025-02-06,STR029,PRD00102,1,21236.57,0.0,21236.57,16141.17,Net Banking,Premium
SAL20250009473,2025-02-10,STR022,PRD00933,1,3527.61,0.0,3527.61,2180.3,Debit Card,Regular
SAL20250009474,2025-02-07,STR009,PRD00481,2,391.79,0.0,783.58,633.52,UPI,Regular
SAL20250009475,2025-02-12,STR012,PRD00461,1,198.22,0.0,198.22,169.45,Cash,Walk-in
SAL20250009476,2025-02-20,STR030,PRD00449,3,236.21,0.1,637.77,597.42,Credit Card,Regular
SAL20250009477,2025-02-25,STR001,PRD00521,1,947.8,0.05,900.41,832.6,Credit Card,Regular
SAL20250009478,2025-02-06,STR027,PRD01016,1,253.56,0.0,253.56,161.4,Credit Card,Premium
SAL20250009479,2025-02-21,STR029,PRD00781,2,2809.53,0.0,5619.06,4141.68,Credit Card,Walk-in
SAL20250009480,2025-02-16,STR025,PRD00471,3,607.66,0.0,1822.98,1486.05,Credit Card,Regular
SAL20250009481,2025-02-02,STR002,PRD00353,2,948.44,0.05,1802.04,1059.62,Cash,Premium
SAL20250009482,2025-02-25,STR030,PRD01153,4,5497.78,0.0,21991.12,9998.2,Credit Card,Regular
SAL20250009483,2025-02-16,STR001,PRD00648,2,715.75,0.0,1431.5,914.54,Credit Card,Walk-in
SAL20250009484,2025-02-25,STR015,PRD01072,3,354.49,0.0,1063.47,660.0,UPI,Regular
SAL20250009485,2025-02-02,STR014,PRD00025,1,2348.16,0.05,2230.75,1617.05,UPI,Corporate
SAL20250009486,2025-02-27,STR036,PRD00347,1,1133.22,0.0,1133.22,669.26,UPI,Premium
SAL20250009487,2025-02-18,STR034,PRD00994,2,1224.56,0.0,2449.12,1266.38,Cash,Regular
SAL20250009488,2025-02-17,STR038,PRD00331,1,133.4,0.0,133.4,89.83,UPI,Regular
SAL20250009489,2025-02-26,STR026,PRD00363,2,1443.62,0.0,2887.24,1380.7,Credit Card,Premium
SAL20250009490,2025-02-12,STR024,PRD00458,2,587.81,0.1,1058.06,891.84,Net Banking,Regular
SAL20250009491,2025-02-22,STR020,PRD00326,4,1442.32,0.05,5480.82,2725.72,UPI,Walk-in
SAL20250009492,2025-02-05,STR034,PRD00468,2,180.53,0.0,361.06,296.64,Cash,Premium
SAL20250009493,2025-02-11,STR020,PRD00527,3,938.3,0.0,2814.9,2223.81,UPI,Premium
SAL20250009494,2025-02-10,STR026,PRD00837,1,4012.56,0.0,4012.56,2368.64,Credit Card,Walk-in
SAL20250009495,2025-02-05,STR012,PRD00049,1,4540.51,0.05,4313.48,3028.11,Debit Card,Regular
SAL20250009496,2025-02-04,STR003,PRD00139,1,2949.49,0.1,2654.54,1812.36,Debit Card,Walk-in
SAL20250009497,2025-02-15,STR003,PRD00527,3,938.3,0.1,2533.41,2223.81,UPI,Corporate
SAL20250009498,2025-02-20,STR014,PRD00719,1,4808.67,0.0,4808.67,2759.21,UPI,Regular
SAL20250009499,2025-02-06,STR014,PRD00455,3,683.36,0.0,2050.08,1690.41,UPI,Regular
SAL20250009500,2025-02-18,STR008,PRD00484,5,678.16,0.0,3390.8,2837.7,UPI,Walk-in
SAL20250009501,2025-02-17,STR008,PRD00747,1,1306.66,0.0,1306.66,960.16,Debit Card,Regular
SAL20250009502,2025-02-24,STR037,PRD00020,1,2507.15,0.0,2507.15,1948.29,Cash,Walk-in
SAL20250009503,2025-02-19,STR037,PRD00217,1,8159.94,0.0,8159.94,5298.43,UPI,Walk-in
SAL20250009504,2025-02-18,STR031,PRD00798,1,1720.26,0.0,1720.26,961.55,UPI,Walk-in
SAL20250009505,2025-02-14,STR009,PRD01146,1,2954.25,0.05,2806.54,1488.77,Cash,Regular
SAL20250009506,2025-02-08,STR041,PRD00603,3,196.91,0.0,590.73,392.88,Credit Card,Corporate
SAL20250009507,2025-02-21,STR013,PRD01184,1,6927.53,0.0,6927.53,3182.7,Credit Card,Premium
SAL20250009508,2025-02-09,STR002,PRD00692,2,1997.13,0.0,3994.26,2891.8,Credit Card,Regular
SAL20250009509,2025-02-05,STR006,PRD01143,1,5565.18,0.1,5008.66,3157.32,Debit Card,Corporate
SAL20250009510,2025-02-24,STR009,PRD00888,1,2557.48,0.0,2557.48,1725.04,Debit Card,Walk-in
SAL20250009511,2025-02-25,STR020,PRD00614,4,52.25,0.0,209.0,137.12,UPI,Walk-in
SAL20250009512,2025-02-16,STR039,PRD01050,4,562.12,0.0,2248.48,1316.56,Credit Card,Walk-in
SAL20250009513,2025-02-06,STR034,PRD00855,1,2084.62,0.0,2084.62,1525.55,UPI,Premium
SAL20250009514,2025-02-20,STR036,PRD01075,2,6164.63,0.0,12329.26,6356.56,Debit Card,Regular
SAL20250009515,2025-02-26,STR036,PRD01057,1,52.31,0.0,52.31,33.3,UPI,Regular
SAL20250009516,2025-02-06,STR023,PRD00664,4,181.84,0.05,690.99,436.84,Debit Card,Walk-in
SAL20250009517,2025-02-08,STR039,PRD00692,2,1997.13,0.05,3794.55,2891.8,UPI,Regular
SAL20250009518,2025-02-05,STR005,PRD00625,3,629.94,0.0,1889.82,1298.73,Credit Card,Regular
SAL20250009519,2025-02-15,STR018,PRD00484,3,678.16,0.0,2034.48,1702.62,Credit Card,Regular
SAL20250009520,2025-02-21,STR027,PRD00264,1,4452.38,0.0,4452.38,3172.04,UPI,Walk-in
SAL20250009521,2025-02-08,STR007,PRD00617,1,496.18,0.1,446.56,363.01,UPI,Regular
SAL20250009522,2025-02-17,STR028,PRD00812,1,3142.68,0.1,2828.41,1823.3,Net Banking,Premium
SAL20250009523,2025-02-04,STR008,PRD00876,1,2635.68,0.05,2503.9,1798.38,Credit Card,Walk-in
SAL20250009524,2025-02-06,STR023,PRD00629,2,197.41,0.0,394.82,274.18,Cash,Regular
SAL20250009525,2025-02-28,STR022,PRD00086,2,22194.93,0.0,44389.86,30353.16,UPI,Regular
SAL20250009526,2025-02-21,STR035,PRD00037,2,21728.77,0.1,39111.79,33520.84,Credit Card,Regular
SAL20250009527,2025-02-16,STR006,PRD00125,3,1511.82,0.0,4535.46,3168.87,Credit Card,Corporate
SAL20250009528,2025-02-08,STR041,PRD00954,1,1090.11,0.0,1090.11,614.96,UPI,Walk-in
SAL20250009529,2025-02-10,STR041,PRD00274,3,920.1,0.0,2760.3,1277.28,Credit Card,Regular
SAL20250009530,2025-02-07,STR027,PRD00795,4,965.34,0.0,3861.36,2752.08,UPI,Regular
SAL20250009531,2025-02-18,STR031,PRD01081,1,7442.0,0.0,7442.0,3523.33,Credit Card,Walk-in
SAL20250009532,2025-02-22,STR022,PRD00886,4,1331.79,0.0,5327.16,3778.8,UPI,Walk-in
SAL20250009533,2025-02-11,STR021,PRD01172,2,1132.5,0.0,2265.0,1156.12,Debit Card,Regular
SAL20250009534,2025-02-16,STR021,PRD00121,1,13928.8,0.05,13232.36,9332.33,UPI,Premium
SAL20250009535,2025-02-22,STR026,PRD00530,1,663.27,0.0,663.27,562.07,UPI,Regular
SAL20250009536,2025-02-01,STR002,PRD00514,1,1177.91,0.0,1177.91,914.33,UPI,Walk-in
SAL20250009537,2025-02-28,STR003,PRD01087,2,7006.0,0.0,14012.0,6839.44,UPI,Premium
SAL20250009538,2025-02-13,STR033,PRD01104,4,7758.33,0.0,31033.32,13953.44,Cash,Walk-in
SAL20250009539,2025-02-28,STR015,PRD00137,1,8245.04,0.0,8245.04,6423.44,UPI,Walk-in
SAL20250009540,2025-02-16,STR027,PRD01118,1,5734.69,0.0,5734.69,3371.1,UPI,Walk-in
SAL20250009541,2025-02-05,STR008,PRD00137,1,8245.04,0.05,7832.79,6423.44,Cash,Walk-in
SAL20250009542,2025-02-16,STR035,PRD00636,1,685.82,0.0,685.82,452.44,Debit Card,Regular
SAL20250009543,2025-02-01,STR001,PRD00437,3,320.21,0.05,912.6,813.36,UPI,Regular
SAL20250009544,2025-02-20,STR020,PRD00313,1,1406.36,0.0,1406.36,639.34,Credit Card,Regular
SAL20250009545,2025-02-05,STR008,PRD00068,1,10777.06,0.0,10777.06,8694.54,UPI,Corporate
SAL20250009546,2025-02-06,STR017,PRD00580,4,372.59,0.0,1490.36,845.2,UPI,Regular
SAL20250009547,2025-02-05,STR021,PRD00858,1,1066.62,0.0,1066.62,695.16,UPI,Regular
SAL20250009548,2025-02-04,STR029,PRD00212,1,9559.41,0.0,9559.41,6260.97,UPI,Premium
SAL20250009549,2025-02-24,STR021,PRD00682,3,3799.71,0.05,10829.17,7341.84,UPI,Premium
SAL20250009550,2025-02-23,STR033,PRD01115,4,4843.87,0.0,19375.48,9617.4,UPI,Regular
SAL20250009551,2025-02-01,STR026,PRD00846,1,1551.36,0.0,1551.36,1102.23,Credit Card,Regular
SAL20250009552,2025-02-24,STR002,PRD00080,1,17292.25,0.0,17292.25,13027.41,UPI,Regular
SAL20250009553,2025-02-26,STR029,PRD00793,3,2445.38,0.0,7336.14,4216.23,UPI,Regular
SAL20250009554,2025-02-07,STR018,PRD00559,1,674.89,0.1,607.4,421.56,Credit Card,Regular
SAL20250009555,2025-02-16,STR009,PRD00024,1,23723.95,0.0,23723.95,15500.24,UPI,Corporate
SAL20250009556,2025-02-10,STR007,PRD00601,2,50.1,0.1,90.18,61.64,Net Banking,Walk-in
SAL20250009557,2025-02-03,STR006,PRD00307,1,743.28,0.1,668.95,482.82,Credit Card,Corporate
SAL20250009558,2025-02-13,STR012,PRD00499,3,309.01,0.0,927.03,796.62,Debit Card,Regular
SAL20250009559,2025-02-12,STR006,PRD00398,1,358.79,0.1,322.91,173.35,Net Banking,Walk-in
SAL20250009560,2025-02-12,STR024,PRD00738,2,984.8,0.0,1969.6,1374.08,UPI,Walk-in
SAL20250009561,2025-02-04,STR001,PRD00447,4,458.65,0.0,1834.6,1422.64,Credit Card,Regular
SAL20250009562,2025-02-15,STR019,PRD01037,4,431.13,0.0,1724.52,928.76,UPI,Premium
SAL20250009563,2025-02-16,STR026,PRD01037,1,431.13,0.05,409.57,232.19,Cash,Regular
SAL20250009564,2025-02-06,STR010,PRD00838,3,1522.8,0.0,4568.4,3140.55,UPI,Premium
SAL20250009565,2025-02-02,STR027,PRD00350,2,1107.22,0.0,2214.44,1471.24,UPI,Regular
SAL20250009566,2025-02-01,STR013,PRD00077,1,14848.8,0.0,14848.8,12077.21,Credit Card,Premium
SAL20250009567,2025-02-26,STR010,PRD01155,1,7374.97,0.0,7374.97,3660.91,UPI,Walk-in
SAL20250009568,2025-02-10,STR033,PRD00041,1,19732.0,0.0,19732.0,14953.27,Debit Card,Regular
SAL20250009569,2025-02-14,STR004,PRD00637,4,299.32,0.0,1197.28,854.4,UPI,Walk-in
SAL20250009570,2025-02-26,STR009,PRD00246,1,1945.93,0.0,1945.93,1239.78,Debit Card,Premium
SAL20250009571,2025-02-18,STR012,PRD00938,1,622.57,0.0,622.57,327.33,Credit Card,Regular
SAL20250009572,2025-02-15,STR026,PRD00369,1,1020.79,0.0,1020.79,482.49,UPI,Walk-in
SAL20250009573,2025-02-28,STR020,PRD00982,5,104.72,0.0,523.6,291.7,Credit Card,Regular
SAL20250009574,2025-02-16,STR028,PRD00750,2,3884.81,0.0,7769.62,4289.96,UPI,Regular
SAL20250009575,2025-02-08,STR006,PRD00967,1,44.43,0.05,42.21,28.54,Cash,Walk-in
SAL20250009576,2025-02-27,STR040,PRD00744,2,4365.48,0.05,8294.41,5758.8,Cash,Walk-in
SAL20250009577,2025-02-10,STR004,PRD00966,4,814.75,0.0,3259.0,2105.8,Cash,Regular
SAL20250009578,2025-02-04,STR002,PRD01196,1,1369.18,0.0,1369.18,596.89,UPI,Regular
SAL20250009579,2025-02-03,STR034,PRD00863,2,1338.83,0.0,2677.66,1490.12,Credit Card,Walk-in
SAL20250009580,2025-02-11,STR037,PRD00135,2,9390.96,0.0,18781.92,13733.26,Credit Card,Premium
SAL20250009581,2025-02-13,STR025,PRD00477,2,121.21,0.0,242.42,195.32,Credit Card,Regular
SAL20250009582,2025-02-04,STR033,PRD00002,2,1289.58,0.0,2579.16,1741.8,UPI,Regular
SAL20250009583,2025-02-19,STR041,PRD00733,1,3579.07,0.0,3579.07,2186.97,UPI,Walk-in
SAL20250009584,2025-02-07,STR018,PRD01085,1,7889.14,0.0,7889.14,4136.29,Cash,Walk-in
SAL20250009585,2025-02-24,STR032,PRD00646,1,108.22,0.0,108.22,65.79,UPI,Walk-in
SAL20250009586,2025-02-12,STR026,PRD01039,3,616.85,0.0,1850.55,1181.82,UPI,Walk-in
SAL20250009587,2025-02-23,STR037,PRD00110,1,26501.66,0.05,25176.58,18492.65,Credit Card,Walk-in
SAL20250009588,2025-02-12,STR037,PRD00919,2,3391.01,0.0,6782.02,4464.16,UPI,Premium
SAL20250009589,2025-02-03,STR016,PRD00386,1,1129.86,0.0,1129.86,720.78,UPI,Regular
SAL20250009590,2025-02-27,STR019,PRD00805,1,3870.93,0.0,3870.93,2163.81,Net Banking,Regular
SAL20250009591,2025-02-22,STR031,PRD01194,2,6442.41,0.0,12884.82,7770.36,UPI,Walk-in
SAL20250009592,2025-02-05,STR026,PRD00552,2,296.06,0.0,592.12,389.88,UPI,Regular
SAL20250009593,2025-02-05,STR038,PRD00733,2,3579.07,0.0,7158.14,4373.94,Credit Card,Walk-in
SAL20250009594,2025-02-01,STR023,PRD00600,1,709.55,0.05,674.07,469.16,Cash,Regular
SAL20250009595,2025-02-24,STR016,PRD00175,1,11344.22,0.0,11344.22,7434.87,UPI,Regular
SAL20250009596,2025-02-19,STR038,PRD00527,1,938.3,0.0,938.3,741.27,Cash,Corporate
SAL20250009597,2025-02-09,STR003,PRD00286,1,390.77,0.0,390.77,253.34,UPI,Walk-in
SAL20250009598,2025-02-27,STR036,PRD00450,1,377.7,0.0,377.7,290.54,UPI,Regular
SAL20250009599,2025-02-22,STR035,PRD00695,1,2280.88,0.0,2280.88,1276.46,UPI,Regular
SAL20250009600,2025-02-11,STR024,PRD00206,1,10675.4,0.05,10141.63,6883.05,UPI,Regular
SAL20250009601,2025-02-23,STR002,PRD01106,1,3135.75,0.0,3135.75,1669.16,UPI,Regular
SAL20250009602,2025-02-16,STR028,PRD00182,1,1682.57,0.05,1598.44,1144.55,UPI,Regular
SAL20250009603,2025-02-13,STR035,PRD00280,2,605.7,0.0,1211.4,622.74,UPI,Walk-in
SAL20250009604,2025-02-16,STR039,PRD01174,2,4967.43,0.0,9934.86,5329.94,Credit Card,Walk-in
SAL20250009605,2025-02-28,STR041,PRD00114,1,17643.2,0.0,17643.2,12306.0,Debit Card,Walk-in
SAL20250009606,2025-02-17,STR037,PRD00359,1,1383.56,0.05,1314.38,643.64,Debit Card,Walk-in
SAL20250009607,2025-02-21,STR025,PRD00930,1,4102.13,0.0,4102.13,2365.34,UPI,Regular
SAL20250009608,2025-02-24,STR003,PRD00064,1,2458.4,0.0,2458.4,1830.7,UPI,Regular
SAL20250009609,2025-02-23,STR032,PRD00051,1,18906.15,0.0,18906.15,13812.18,Net Banking,Regular
SAL20250009610,2025-02-12,STR014,PRD00559,1,674.89,0.0,674.89,421.56,Credit Card,Premium
SAL20250009611,2025-02-17,STR032,PRD00813,1,3086.68,0.0,3086.68,2009.41,Cash,Walk-in
SAL20250009612,2025-02-25,STR040,PRD00254,2,11020.14,0.0,22040.28,13552.42,UPI,Premium
SAL20250009613,2025-02-10,STR025,PRD00506,5,725.03,0.0,3625.15,2895.5,Credit Card,Regular
SAL20250009614,2025-02-28,STR020,PRD00888,3,2557.48,0.0,7672.44,5175.12,UPI,Walk-in
SAL20250009615,2025-02-23,STR008,PRD00075,1,9132.03,0.0,9132.03,7042.59,Net Banking,Walk-in
SAL20250009616,2025-02-10,STR013,PRD01187,1,5464.91,0.0,5464.91,3354.99,Debit Card,Premium
SAL20250009617,2025-02-09,STR033,PRD00117,1,5653.79,0.0,5653.79,4053.02,Credit Card,Regular
SAL20250009618,2025-02-13,STR021,PRD00280,1,605.7,0.0,605.7,311.37,Credit Card,Walk-in
SAL20250009619,2025-02-21,STR036,PRD00038,1,2962.9,0.0,2962.9,2113.53,Credit Card,Walk-in
SAL20250009620,2025-02-13,STR030,PRD00009,1,10580.64,0.0,10580.64,8344.51,Cash,Walk-in
SAL20250009621,2025-02-23,STR034,PRD00019,1,9063.53,0.0,9063.53,6399.55,Cash,Walk-in
SAL20250009622,2025-02-07,STR034,PRD00264,3,4452.38,0.0,13357.14,9516.12,Credit Card,Walk-in
SAL20250009623,2025-02-20,STR006,PRD00914,1,3460.6,0.0,3460.6,2200.72,Net Banking,Corporate
SAL20250009624,2025-02-18,STR035,PRD00218,1,7357.64,0.0,7357.64,5051.02,UPI,Walk-in
SAL20250009625,2025-02-20,STR011,PRD01044,2,762.23,0.0,1524.46,1088.96,UPI,Regular
SAL20250009626,2025-02-28,STR038,PRD00973,4,291.44,0.0,1165.76,627.64,UPI,Regular
SAL20250009627,2025-02-10,STR023,PRD00765,1,1419.48,0.0,1419.48,920.94,Credit Card,Premium
SAL20250009628,2025-02-25,STR016,PRD00368,1,927.52,0.0,927.52,587.93,UPI,Walk-in
SAL20250009629,2025-02-04,STR003,PRD00764,1,3332.71,0.0,3332.71,1836.11,Credit Card,Premium
SAL20250009630,2025-02-04,STR005,PRD01103,1,5704.94,0.0,5704.94,2392.72,UPI,Premium
SAL20250009631,2025-02-01,STR035,PRD01175,1,2568.19,0.0,2568.19,1572.7,Net Banking,Walk-in
SAL20250009632,2025-02-04,STR008,PRD00319,1,746.89,0.0,746.89,463.81,Credit Card,Regular
SAL20250009633,2025-02-18,STR019,PRD00067,1,3694.12,0.0,3694.12,2694.72,UPI,Walk-in
SAL20250009634,2025-02-01,STR013,PRD00407,5,687.91,0.0,3439.55,2667.0,UPI,Walk-in
SAL20250009635,2025-02-02,STR030,PRD00081,1,19888.54,0.0,19888.54,13106.38,Credit Card,Premium
SAL20250009636,2025-02-24,STR032,PRD00924,4,261.16,0.0,1044.64,778.0,Credit Card,Regular
SAL20250009637,2025-02-07,STR004,PRD00228,1,4421.9,0.0,4421.9,2982.31,UPI,Walk-in
SAL20250009638,2025-02-09,STR040,PRD00299,3,1362.69,0.0,4088.07,2469.9,Credit Card,Regular
SAL20250009639,2025-02-16,STR039,PRD00766,2,1923.71,0.0,3847.42,2735.98,Debit Card,Walk-in
SAL20250009640,2025-02-13,STR004,PRD00832,2,1859.75,0.0,3719.5,2740.56,Debit Card,Regular
SAL20250009641,2025-02-15,STR040,PRD00770,1,1474.46,0.0,1474.46,1090.39,Cash,Regular
SAL20250009642,2025-02-08,STR022,PRD00105,1,9145.0,0.0,9145.0,7010.14,UPI,Regular
SAL20250009643,2025-02-06,STR034,PRD00647,1,284.75,0.0,284.75,189.07,Cash,Regular
SAL20250009644,2025-02-15,STR006,PRD00014,3,5918.05,0.0,17754.15,13759.92,Debit Card,Walk-in
SAL20250009645,2025-02-16,STR013,PRD00153,2,12724.66,0.0,25449.32,15844.24,UPI,Premium
SAL20250009646,2025-02-05,STR016,PRD00162,1,9916.48,0.0,9916.48,6686.04,Debit Card,Walk-in
SAL20250009647,2025-02-12,STR037,PRD00960,1,572.91,0.05,544.26,382.4,UPI,Regular
SAL20250009648,2025-02-16,STR015,PRD00047,1,27210.89,0.05,25850.35,17922.95,Net Banking,Walk-in
SAL20250009649,2025-02-03,STR002,PRD00700,1,4752.07,0.0,4752.07,2864.63,Debit Card,Corporate
SAL20250009650,2025-02-26,STR022,PRD00906,2,3449.48,0.0,6898.96,4232.44,Debit Card,Regular
SAL20250009651,2025-02-28,STR039,PRD00657,2,272.71,0.0,545.42,321.68,UPI,Regular
SAL20250009652,2025-02-23,STR011,PRD01025,1,56.45,0.0,56.45,30.15,UPI,Walk-in
SAL20250009653,2025-02-05,STR019,PRD00402,1,947.11,0.0,947.11,818.06,UPI,Premium
SAL20250009654,2025-02-01,STR033,PRD00685,1,4676.03,0.0,4676.03,2851.64,UPI,Premium
SAL20250009655,2025-02-13,STR011,PRD00489,2,850.74,0.0,1701.48,1381.76,UPI,Regular
SAL20250009656,2025-02-24,STR022,PRD00005,1,25382.71,0.0,25382.71,18438.86,Credit Card,Premium
SAL20250009657,2025-02-26,STR022,PRD00656,3,201.0,0.1,542.7,423.3,Credit Card,Regular
SAL20250009658,2025-02-23,STR041,PRD00106,1,3614.0,0.05,3433.3,2487.36,UPI,Premium
SAL20250009659,2025-02-16,STR010,PRD01195,1,6990.3,0.0,6990.3,3398.23,Credit Card,Regular
SAL20250009660,2025-02-12,STR020,PRD00192,1,3362.18,0.0,3362.18,2170.51,Debit Card,Regular
SAL20250009661,2025-02-18,STR012,PRD00198,1,4266.35,0.1,3839.72,2976.38,UPI,Walk-in
SAL20250009662,2025-02-20,STR022,PRD01132,3,7393.47,0.1,19962.37,11673.36,Credit Card,Regular
SAL20250009663,2025-02-22,STR005,PRD00884,1,1777.05,0.05,1688.2,1086.34,Cash,Walk-in
SAL20250009664,2025-02-03,STR011,PRD00297,3,1248.97,0.0,3746.91,1893.18,UPI,Corporate
SAL20250009665,2025-02-26,STR020,PRD01014,3,1123.09,0.0,3369.27,1908.24,Credit Card,Regular
SAL20250009666,2025-02-28,STR019,PRD01046,2,946.12,0.0,1892.24,1052.58,UPI,Walk-in
SAL20250009667,2025-02-19,STR033,PRD00032,1,19217.6,0.05,18256.72,14800.0,Credit Card,Regular
SAL20250009668,2025-02-22,STR030,PRD01159,2,3270.67,0.0,6541.34,2998.52,Credit Card,Regular
SAL20250009669,2025-02-27,STR007,PRD00629,3,197.41,0.0,592.23,411.27,Credit Card,Walk-in
SAL20250009670,2025-02-12,STR009,PRD00251,1,10660.28,0.0,10660.28,7306.06,Debit Card,Regular
SAL20250009671,2025-02-18,STR038,PRD01168,1,4286.69,0.05,4072.36,2474.04,Credit Card,Premium
SAL20250009672,2025-02-24,STR032,PRD00852,2,1751.61,0.0,3503.22,2429.68,UPI,Premium
SAL20250009673,2025-02-19,STR018,PRD00412,1,576.41,0.0,576.41,454.75,UPI,Premium
SAL20250009674,2025-02-25,STR027,PRD01033,1,703.74,0.0,703.74,378.69,Cash,Walk-in
SAL20250009675,2025-02-22,STR024,PRD00939,4,463.84,0.0,1855.36,969.36,Debit Card,Regular
SAL20250009676,2025-02-08,STR021,PRD00764,2,3332.71,0.0,6665.42,3672.22,UPI,Premium
SAL20250009677,2025-02-12,STR001,PRD00723,2,1757.3,0.0,3514.6,2195.92,UPI,Regular
SAL20250009678,2025-02-17,STR032,PRD00180,1,3550.84,0.05,3373.3,2526.78,UPI,Premium
SAL20250009679,2025-02-22,STR013,PRD00598,2,173.87,0.1,312.97,244.98,UPI,Walk-in
SAL20250009680,2025-02-10,STR036,PRD00462,1,271.55,0.0,271.55,205.26,Debit Card,Walk-in
SAL20250009681,2025-02-15,STR012,PRD00892,1,2494.33,0.0,2494.33,1742.01,UPI,Premium
SAL20250009682,2025-02-11,STR001,PRD00099,1,19924.5,0.0,19924.5,14858.06,UPI,Walk-in
SAL20250009683,2025-02-15,STR011,PRD00781,2,2809.53,0.0,5619.06,4141.68,Cash,Walk-in
SAL20250009684,2025-02-13,STR006,PRD01182,1,9675.4,0.0,9675.4,4265.56,UPI,Regular
SAL20250009685,2025-02-02,STR027,PRD00262,1,10754.4,0.0,10754.4,8063.44,Net Banking,Regular
SAL20250009686,2025-02-10,STR008,PRD00022,2,22149.39,0.0,44298.78,32674.74,Debit Card,Walk-in
SAL20250009687,2025-02-01,STR007,PRD00405,1,917.35,0.05,871.48,803.86,UPI,Regular
SAL20250009688,2025-02-08,STR016,PRD01111,1,1735.9,0.0,1735.9,955.52,Credit Card,Regular
SAL20250009689,2025-02-17,STR026,PRD00997,1,893.9,0.0,893.9,624.69,Debit Card,Regular
SAL20250009690,2025-02-12,STR016,PRD01180,4,9129.62,0.0,36518.48,16975.24,UPI,Premium
SAL20250009691,2025-02-03,STR039,PRD00030,1,17262.94,0.0,17262.94,12589.59,Debit Card,Premium
SAL20250009692,2025-02-02,STR021,PRD00868,1,1450.33,0.0,1450.33,912.21,UPI,Walk-in
SAL20250009693,2025-02-23,STR020,PRD00527,1,938.3,0.0,938.3,741.27,Credit Card,Regular
SAL20250009694,2025-02-20,STR017,PRD00625,1,629.94,0.05,598.44,432.91,UPI,Regular
SAL20250009695,2025-02-20,STR040,PRD00092,2,6575.52,0.0,13151.04,9355.36,Cash,Regular
SAL20250009696,2025-02-14,STR041,PRD00184,2,3565.48,0.1,6417.86,5177.4,UPI,Regular
SAL20250009697,2025-02-22,STR020,PRD00573,5,44.75,0.0,223.75,134.75,Debit Card,Premium
SAL20250009698,2025-02-13,STR015,PRD01097,1,4205.24,0.0,4205.24,2054.25,UPI,Regular
SAL20250009699,2025-02-03,STR020,PRD00531,3,217.65,0.0,652.95,546.6,Net Banking,Walk-in
SAL20250009700,2025-02-23,STR022,PRD01020,6,560.55,0.0,3363.3,2171.82,Credit Card,Regular
SAL20250009701,2025-02-09,STR008,PRD00892,1,2494.33,0.0,2494.33,1742.01,Debit Card,Premium
SAL20250009702,2025-02-15,STR023,PRD00079,1,19037.37,0.0,19037.37,13485.77,Credit Card,Premium
SAL20250009703,2025-02-06,STR007,PRD00691,1,1815.13,0.0,1815.13,1149.93,Credit Card,Regular
SAL20250009704,2025-02-11,STR002,PRD00862,4,1883.72,0.0,7534.88,4570.16,Debit Card,Regular
SAL20250009705,2025-02-17,STR041,PRD00254,1,11020.14,0.0,11020.14,6776.21,Credit Card,Walk-in
SAL20250009706,2025-02-23,STR037,PRD00113,1,16350.49,0.0,16350.49,11876.29,Cash,Premium
SAL20250009707,2025-02-19,STR016,PRD00997,1,893.9,0.0,893.9,624.69,Debit Card,Walk-in
SAL20250009708,2025-02-25,STR014,PRD00003,1,810.89,0.0,810.89,534.24,UPI,Regular
SAL20250009709,2025-02-19,STR019,PRD00586,2,648.21,0.0,1296.42,880.02,UPI,Regular
SAL20250009710,2025-02-09,STR008,PRD00126,1,8140.39,0.0,8140.39,6131.32,UPI,Premium
SAL20250009711,2025-02-19,STR007,PRD01121,2,2103.52,0.0,4207.04,1949.16,UPI,Regular
SAL20250009712,2025-02-03,STR004,PRD00856,1,1871.17,0.0,1871.17,1212.57,UPI,Walk-in
SAL20250009713,2025-02-16,STR001,PRD00382,1,534.11,0.0,534.11,292.91,UPI,Regular
SAL20250009714,2025-02-26,STR007,PRD00971,2,604.86,0.0,1209.72,613.34,UPI,Walk-in
SAL20250009715,2025-02-11,STR032,PRD01103,2,5704.94,0.1,10268.89,4785.44,Debit Card,Walk-in
SAL20250009716,2025-02-10,STR005,PRD00846,2,1551.36,0.0,3102.72,2204.46,Debit Card,Walk-in
SAL20250009717,2025-02-03,STR033,PRD00734,1,817.34,0.0,817.34,469.79,UPI,Regular
SAL20250009718,2025-02-16,STR035,PRD00907,2,1536.02,0.0,3072.04,1953.74,UPI,Walk-in
SAL20250009719,2025-02-04,STR006,PRD00876,2,2635.68,0.0,5271.36,3596.76,Credit Card,Regular
SAL20250009720,2025-02-12,STR014,PRD00596,1,666.12,0.0,666.12,397.91,Cash,Regular
SAL20250009721,2025-02-10,STR009,PRD00878,4,1229.84,0.0,4919.36,3186.24,Debit Card,Regular
SAL20250009722,2025-02-19,STR028,PRD01176,3,5880.6,0.0,17641.8,10557.99,Credit Card,Walk-in
SAL20250009723,2025-02-19,STR001,PRD00105,3,9145.0,0.0,27435.0,21030.42,Credit Card,Premium
SAL20250009724,2025-02-13,STR001,PRD00541,1,685.8,0.0,685.8,405.57,Credit Card,Walk-in
SAL20250009725,2025-02-14,STR018,PRD00086,1,22194.93,0.0,22194.93,15176.58,Cash,Walk-in
SAL20250009726,2025-02-07,STR036,PRD00485,1,693.22,0.05,658.56,593.15,Cash,Regular
SAL20250009727,2025-02-12,STR032,PRD00994,1,1224.56,0.0,1224.56,633.19,UPI,Walk-in
SAL20250009728,2025-02-16,STR033,PRD00632,2,758.72,0.05,1441.57,860.12,Debit Card,Corporate
SAL20250009729,2025-02-13,STR001,PRD00599,5,273.52,0.0,1367.6,946.85,UPI,Premium
SAL20250009730,2025-02-02,STR010,PRD00263,1,3207.01,0.0,3207.01,2439.1,UPI,Regular
SAL20250009731,2025-02-02,STR016,PRD00771,1,2601.02,0.0,2601.02,1436.13,UPI,Walk-in
SAL20250009732,2025-02-09,STR032,PRD00331,2,133.4,0.0,266.8,179.66,UPI,Regular
SAL20250009733,2025-02-13,STR021,PRD00992,1,439.67,0.0,439.67,224.17,UPI,Walk-in
SAL20250009734,2025-02-10,STR037,PRD00784,1,1985.25,0.0,1985.25,1302.04,UPI,Walk-in
SAL20250009735,2025-02-14,STR027,PRD00551,2,585.58,0.05,1112.6,861.14,UPI,Walk-in
SAL20250009736,2025-02-21,STR036,PRD00455,1,683.36,0.0,683.36,563.47,Credit Card,Regular
SAL20250009737,2025-02-22,STR022,PRD01011,2,265.01,0.0,530.02,299.38,UPI,Premium
SAL20250009738,2025-02-08,STR010,PRD00873,2,687.87,0.0,1375.74,982.9,UPI,Regular
SAL20250009739,2025-02-08,STR004,PRD00145,1,2570.9,0.0,2570.9,1687.81,Credit Card,Regular
SAL20250009740,2025-02-23,STR006,PRD00084,1,11056.09,0.0,11056.09,8293.77,Credit Card,Corporate
SAL20250009741,2025-02-23,STR015,PRD00370,1,676.23,0.0,676.23,451.33,Debit Card,Premium
SAL20250009742,2025-02-08,STR017,PRD00657,1,272.71,0.0,272.71,160.84,Credit Card,Walk-in
SAL20250009743,2025-02-27,STR025,PRD00714,1,1837.1,0.0,1837.1,1348.01,UPI,Regular
SAL20250009744,2025-02-25,STR011,PRD00340,1,956.64,0.0,956.64,556.08,UPI,Walk-in
SAL20250009745,2025-02-17,STR036,PRD00473,4,113.62,0.0,454.48,379.32,Credit Card,Walk-in
SAL20250009746,2025-02-28,STR004,PRD00684,1,3989.77,0.1,3590.79,2465.54,Credit Card,Regular
SAL20250009747,2025-02-11,STR010,PRD00784,2,1985.25,0.0,3970.5,2604.08,Credit Card,Walk-in
SAL20250009748,2025-02-26,STR033,PRD01035,1,199.19,0.0,199.19,125.07,UPI,Regular
SAL20250009749,2025-02-02,STR040,PRD00617,4,496.18,0.0,1984.72,1452.04,Credit Card,Regular
SAL20250009750,2025-02-17,STR009,PRD00166,1,4039.27,0.0,4039.27,2471.0,Cash,Walk-in
SAL20250009751,2025-02-13,STR027,PRD00203,2,6533.34,0.0,13066.68,8521.76,Debit Card,Walk-in
SAL20250009752,2025-02-22,STR041,PRD00884,1,1777.05,0.0,1777.05,1086.34,UPI,Corporate
SAL20250009753,2025-02-07,STR027,PRD00648,1,715.75,0.05,679.96,457.27,UPI,Regular
SAL20250009754,2025-02-13,STR039,PRD00216,1,11614.64,0.0,11614.64,7226.78,UPI,Premium
SAL20250009755,2025-02-26,STR022,PRD01130,2,3164.31,0.0,6328.62,3779.28,UPI,Premium
SAL20250009756,2025-02-23,STR011,PRD00266,1,13058.2,0.0,13058.2,8085.89,Credit Card,Regular
SAL20250009757,2025-02-11,STR017,PRD00210,1,8463.87,0.1,7617.48,5533.2,UPI,Premium
SAL20250009758,2025-02-15,STR015,PRD00826,1,174.23,0.05,165.52,120.2,UPI,Regular
SAL20250009759,2025-02-23,STR017,PRD00462,1,271.55,0.1,244.4,205.26,UPI,Regular
SAL20250009760,2025-02-02,STR011,PRD00669,2,3235.01,0.0,6470.02,3773.52,UPI,Walk-in
SAL20250009761,2025-02-16,STR028,PRD00180,1,3550.84,0.0,3550.84,2526.78,UPI,Regular
SAL20250009762,2025-02-21,STR033,PRD00578,6,577.23,0.0,3463.38,2536.86,Credit Card,Walk-in
SAL20250009763,2025-02-17,STR020,PRD00977,4,417.51,0.05,1586.54,1129.12,Credit Card,Walk-in
SAL20250009764,2025-02-16,STR011,PRD00628,1,365.09,0.0,365.09,210.81,Debit Card,Walk-in
SAL20250009765,2025-02-07,STR016,PRD00483,1,634.79,0.0,634.79,530.96,UPI,Walk-in
SAL20250009766,2025-02-26,STR029,PRD00821,1,2784.44,0.0,2784.44,1582.41,UPI,Regular
SAL20250009767,2025-02-23,STR010,PRD00265,2,4797.2,0.0,9594.4,5840.12,UPI,Walk-in
SAL20250009768,2025-02-15,STR002,PRD00070,1,15101.4,0.05,14346.33,11038.01,Credit Card,Walk-in
SAL20250009769,2025-02-27,STR022,PRD00140,1,6378.06,0.0,6378.06,4851.7,UPI,Walk-in
SAL20250009770,2025-02-20,STR036,PRD00512,1,151.51,0.0,151.51,115.8,UPI,Walk-in
SAL20250009771,2025-02-14,STR036,PRD00508,1,125.21,0.05,118.95,109.93,Credit Card,Walk-in
SAL20250009772,2025-02-26,STR017,PRD00043,1,22998.01,0.0,22998.01,15302.97,Credit Card,Regular
SAL20250009773,2025-02-07,STR009,PRD00023,1,6541.47,0.0,6541.47,4428.32,UPI,Regular
SAL20250009774,2025-02-19,STR005,PRD00690,1,3635.92,0.1,3272.33,2397.42,UPI,Walk-in
SAL20250009775,2025-02-23,STR016,PRD00853,1,3236.74,0.0,3236.74,1868.14,Cash,Premium
SAL20250009776,2025-02-06,STR022,PRD00025,1,2348.16,0.0,2348.16,1617.05,UPI,Regular
SAL20250009777,2025-02-05,STR013,PRD00653,2,614.39,0.0,1228.78,895.52,UPI,Corporate
SAL20250009778,2025-02-19,STR017,PRD00192,1,3362.18,0.0,3362.18,2170.51,Net Banking,Walk-in
SAL20250009779,2025-02-06,STR003,PRD00554,4,805.55,0.1,2899.98,1865.64,Net Banking,Walk-in
SAL20250009780,2025-02-19,STR030,PRD00385,1,460.87,0.0,460.87,278.52,Debit Card,Premium
SAL20250009781,2025-02-28,STR040,PRD00335,2,1156.98,0.05,2198.26,1245.12,Credit Card,Premium
SAL20250009782,2025-02-25,STR011,PRD00458,4,587.81,0.0,2351.24,1783.68,Credit Card,Regular
SAL20250009783,2025-02-11,STR030,PRD00355,2,304.11,0.0,608.22,327.6,UPI,Regular
SAL20250009784,2025-02-14,STR022,PRD00251,2,10660.28,0.0,21320.56,14612.12,UPI,Walk-in
SAL20250009785,2025-02-15,STR016,PRD00391,1,716.46,0.1,644.81,347.41,Net Banking,Walk-in
SAL20250009786,2025-02-15,STR036,PRD01001,3,315.54,0.0,946.62,535.11,Net Banking,Walk-in
SAL20250009787,2025-02-16,STR016,PRD00311,1,936.08,0.1,842.47,578.34,Debit Card,Walk-in
SAL20250009788,2025-02-12,STR002,PRD00279,2,704.62,0.05,1338.78,891.84,UPI,Walk-in
SAL20250009789,2025-02-12,STR033,PRD00451,1,641.37,0.0,641.37,505.23,UPI,Walk-in
SAL20250009790,2025-02-15,STR004,PRD00304,1,1052.14,0.0,1052.14,723.81,Debit Card,Regular
SAL20250009791,2025-02-24,STR024,PRD00303,1,674.18,0.0,674.18,362.28,UPI,Walk-in
SAL20250009792,2025-02-28,STR016,PRD00590,10,353.62,0.05,3359.39,2431.8,Net Banking,Walk-in
SAL20250009793,2025-02-15,STR011,PRD00153,2,12724.66,0.1,22904.39,15844.24,UPI,Regular
SAL20250009794,2025-02-01,STR020,PRD00626,2,125.9,0.05,239.21,151.86,UPI,Regular
SAL20250009795,2025-02-10,STR019,PRD00567,1,365.44,0.0,365.44,226.96,Debit Card,Walk-in
SAL20250009796,2025-02-24,STR039,PRD00274,1,920.1,0.0,920.1,425.76,Credit Card,Regular
SAL20250009797,2025-02-08,STR013,PRD00543,2,579.45,0.05,1100.95,850.46,UPI,Premium
SAL20250009798,2025-02-26,STR017,PRD00593,1,596.07,0.0,596.07,385.84,Net Banking,Premium
SAL20250009799,2025-02-05,STR041,PRD01140,2,5750.16,0.0,11500.32,6632.92,UPI,Walk-in
SAL20250009800,2025-02-26,STR036,PRD00596,2,666.12,0.0,1332.24,795.82,Net Banking,Regular
SAL20250009801,2025-02-13,STR024,PRD00760,1,4801.08,0.0,4801.08,3172.81,Debit Card,Premium
SAL20250009802,2025-02-24,STR037,PRD00518,6,1000.64,0.0,6003.84,4610.58,Cash,Regular
SAL20250009803,2025-02-26,STR029,PRD00192,1,3362.18,0.1,3025.96,2170.51,Debit Card,Walk-in
SAL20250009804,2025-02-13,STR037,PRD00440,3,366.81,0.0,1100.43,962.49,Credit Card,Regular
SAL20250009805,2025-02-28,STR018,PRD00797,2,567.41,0.0,1134.82,822.82,Debit Card,Regular
SAL20250009806,2025-02-23,STR025,PRD00689,1,492.79,0.0,492.79,332.83,UPI,Regular
SAL20250009807,2025-02-14,STR010,PRD00578,3,577.23,0.0,1731.69,1268.43,Net Banking,Regular
SAL20250009808,2025-02-02,STR038,PRD00843,1,1073.63,0.0,1073.63,689.46,Credit Card,Regular
SAL20250009809,2025-02-23,STR034,PRD00688,2,2802.62,0.0,5605.24,4177.68,Debit Card,Regular
SAL20250009810,2025-02-20,STR020,PRD00154,1,614.66,0.0,614.66,476.92,UPI,Regular
SAL20250009811,2025-02-22,STR018,PRD01199,2,6549.57,0.0,13099.14,6793.3,Cash,Regular
SAL20250009812,2025-02-26,STR023,PRD00562,2,671.35,0.1,1208.43,942.94,UPI,Walk-in
SAL20250009813,2025-02-11,STR001,PRD00357,1,1112.32,0.0,1112.32,676.9,UPI,Walk-in
SAL20250009814,2025-02-24,STR024,PRD01160,1,7696.75,0.0,7696.75,3490.84,Credit Card,Regular
SAL20250009815,2025-02-23,STR021,PRD00726,1,2171.72,0.0,2171.72,1497.85,Credit Card,Regular
SAL20250009816,2025-02-20,STR004,PRD01082,1,1474.53,0.0,1474.53,797.26,UPI,Regular
SAL20250009817,2025-02-09,STR036,PRD00062,1,21073.23,0.0,21073.23,13798.59,Credit Card,Regular
SAL20250009818,2025-02-25,STR037,PRD00090,1,8184.6,0.05,7775.37,5556.86,UPI,Walk-in
SAL20250009819,2025-02-17,STR010,PRD00332,1,556.82,0.05,528.98,272.93,UPI,Walk-in
SAL20250009440,2025-02-16,STR018,PRD00929,4,3367.15,0.0,13468.6,8144.96,UPI,Regular
SAL20250009821,2025-02-26,STR005,PRD00765,1,1419.48,0.0,1419.48,920.94,UPI,Walk-in
SAL20250009822,2025-02-20,STR040,PRD00483,3,634.79,0.1,1713.93,1592.88,Debit Card,Walk-in
SAL20250009823,2025-02-23,STR009,PRD00071,1,14423.02,0.1,12980.72,9605.63,UPI,Regular
SAL20250009824,2025-02-14,STR015,PRD01021,1,582.28,0.0,582.28,378.12,Debit Card,Walk-in
SAL20250009825,2025-02-24,STR012,PRD01179,3,3455.57,0.0,10366.71,6223.56,Credit Card,Premium
SAL20250009826,2025-02-17,STR022,PRD00945,2,871.49,0.05,1655.83,1100.48,Credit Card,Premium
SAL20250009827,2025-02-11,STR031,PRD00750,1,3884.81,0.0,3884.81,2144.98,Credit Card,Walk-in
SAL20250009828,2025-02-24,STR040,PRD00337,2,1047.01,0.0,2094.02,1462.86,UPI,Walk-in
SAL20250009829,2025-02-21,STR007,PRD00526,1,712.58,0.0,712.58,592.24,Net Banking,Regular
SAL20250009830,2025-02-24,STR023,PRD00356,1,1354.34,0.05,1286.62,734.18,UPI,Regular
SAL20250018796,2025-02-18,STR013,PRD00104,1,21587.41,0.0,21587.41,17582.83,UPI,Premium
SAL20250009832,2025-02-11,STR017,PRD00279,1,704.62,0.1,634.16,445.92,UPI,Walk-in
SAL20250009833,2025-02-03,STR031,PRD00471,3,607.66,0.0,1822.98,1486.05,Credit Card,Regular
SAL20250009834,2025-02-15,STR017,PRD00516,3,653.26,0.0,1959.78,1507.68,Credit Card,Premium
SAL20250009835,2025-02-10,STR035,PRD00750,1,3884.81,0.05,3690.57,2144.98,Cash,Regular
SAL20250009836,2025-02-26,STR012,PRD00470,1,416.77,0.0,416.77,325.11,UPI,Regular
SAL20250009837,2025-02-23,STR002,PRD00766,1,1923.71,0.0,1923.71,1367.99,Net Banking,Premium
SAL20250009838,2025-02-22,STR028,PRD00265,1,4797.2,0.0,4797.2,2920.06,UPI,Regular
SAL20250009839,2025-02-21,STR007,PRD00105,1,9145.0,0.1,8230.5,7010.14,Credit Card,Premium
SAL20250009840,2025-02-14,STR003,PRD00603,2,196.91,0.0,393.82,261.92,UPI,Regular
SAL20250009841,2025-02-02,STR040,PRD00345,4,670.76,0.05,2548.89,1575.52,Credit Card,Walk-in
SAL20250009842,2025-02-11,STR011,PRD00816,1,1448.92,0.05,1376.47,857.39,Credit Card,Regular
SAL20250009843,2025-02-13,STR008,PRD00265,1,4797.2,0.1,4317.48,2920.06,Credit Card,Premium
SAL20250009844,2025-02-01,STR017,PRD00094,1,15405.56,0.05,14635.28,12408.34,Debit Card,Walk-in
SAL20250009845,2025-02-01,STR004,PRD01064,3,155.0,0.0,465.0,235.89,Credit Card,Regular
SAL20250009846,2025-02-11,STR017,PRD00080,2,17292.25,0.0,34584.5,26054.82,UPI,Walk-in
SAL20250009847,2025-02-04,STR036,PRD01052,2,462.25,0.0,924.5,646.0,UPI,Walk-in
SAL20250009848,2025-02-16,STR025,PRD00587,2,250.15,0.0,500.3,343.58,Credit Card,Premium
SAL20250009849,2025-02-20,STR010,PRD00797,2,567.41,0.0,1134.82,822.82,Credit Card,Regular
SAL20250009850,2025-02-13,STR006,PRD00848,2,2441.1,0.0,4882.2,3232.64,UPI,Walk-in
SAL20250009851,2025-02-07,STR012,PRD00900,1,3167.3,0.0,3167.3,1961.05,Debit Card,Walk-in
SAL20250009852,2025-02-05,STR039,PRD00910,1,2302.88,0.0,2302.88,1579.69,Debit Card,Regular
SAL20250009853,2025-02-23,STR010,PRD00605,1,66.61,0.0,66.61,49.05,Credit Card,Regular
SAL20250009854,2025-02-13,STR028,PRD00376,3,1476.13,0.0,4428.39,2048.97,UPI,Walk-in
SAL20250017885,2025-02-10,STR033,PRD00606,1,516.03,0.0,516.03,308.57,Debit Card,Corporate
SAL20250009856,2025-02-26,STR008,PRD00853,4,3236.74,0.05,12299.61,7472.56,UPI,Regular
SAL20250009857,2025-02-04,STR020,PRD00966,1,814.75,0.0,814.75,526.45,Credit Card,Premium
SAL20250009858,2025-02-06,STR029,PRD00102,2,21236.57,0.0,42473.14,32282.34,UPI,Regular
SAL20250009859,2025-02-10,STR006,PRD00357,1,1112.32,0.05,1056.7,676.9,Net Banking,Walk-in
SAL20250009860,2025-02-17,STR038,PRD00328,1,1206.9,0.0,1206.9,619.01,Credit Card,Regular
SAL20250009861,2025-02-09,STR010,PRD00794,3,5386.59,0.0,16159.77,9481.29,UPI,Walk-in
SAL20250009862,2025-02-08,STR025,PRD00965,2,67.67,0.1,121.81,96.92,UPI,Walk-in
SAL20250009863,2025-02-22,STR010,PRD00650,4,429.23,0.05,1631.07,997.24,Cash,Regular
SAL20250009864,2025-02-08,STR011,PRD00997,3,893.9,0.0,2681.7,1874.07,UPI,Walk-in
SAL20250009865,2025-02-26,STR026,PRD00665,2,157.57,0.05,299.38,206.28,Credit Card,Walk-in
SAL20250009866,2025-02-24,STR036,PRD00035,1,7229.47,0.0,7229.47,4889.28,Cash,Regular
SAL20250009867,2025-02-19,STR014,PRD00044,1,3159.2,0.1,2843.28,2114.03,Debit Card,Regular
SAL20250009868,2025-02-16,STR002,PRD00340,2,956.64,0.0,1913.28,1112.16,UPI,Premium
SAL20250009869,2025-02-25,STR040,PRD00113,1,16350.49,0.0,16350.49,11876.29,UPI,Regular
SAL20250009870,2025-02-01,STR030,PRD00949,3,855.15,0.0,2565.45,1700.55,UPI,Regular
SAL20250009871,2025-02-02,STR038,PRD01128,3,2522.35,0.0,7567.05,4322.04,UPI,Regular
SAL20250009872,2025-02-01,STR033,PRD00563,1,667.75,0.0,667.75,433.56,Debit Card,Regular
SAL20250009873,2025-02-12,STR013,PRD00563,10,667.75,0.05,6343.62,4335.6,Credit Card,Premium
SAL20250009874,2025-02-16,STR010,PRD00966,1,814.75,0.0,814.75,526.45,Credit Card,Regular
SAL20250009875,2025-02-03,STR030,PRD00711,1,1868.86,0.1,1681.97,1355.68,Net Banking,Premium
SAL20250009876,2025-02-04,STR024,PRD00785,2,4604.98,0.0,9209.96,5509.66,Credit Card,Premium
SAL20250009877,2025-02-20,STR005,PRD00947,2,413.13,0.0,826.26,416.04,Credit Card,Premium
SAL20250009878,2025-02-16,STR026,PRD00487,1,92.35,0.0,92.35,78.84,UPI,Regular
SAL20250009879,2025-02-04,STR028,PRD00550,1,639.85,0.05,607.86,364.92,Credit Card,Walk-in
SAL20250009880,2025-02-02,STR018,PRD00759,2,4285.9,0.0,8571.8,5289.16,Net Banking,Regular
SAL20250009881,2025-02-22,STR009,PRD01147,1,6760.77,0.0,6760.77,3863.28,Debit Card,Walk-in
SAL20250009882,2025-02-19,STR002,PRD00692,1,1997.13,0.0,1997.13,1445.9,UPI,Regular
SAL20250009883,2025-02-21,STR002,PRD00265,1,4797.2,0.0,4797.2,2920.06,Net Banking,Regular
SAL20250009884,2025-02-27,STR041,PRD00946,3,937.06,0.0,2811.18,1576.74,Cash,Walk-in
SAL20250009885,2025-02-05,STR035,PRD00938,2,622.57,0.1,1120.63,654.66,UPI,Regular
SAL20250009886,2025-02-21,STR014,PRD00162,1,9916.48,0.0,9916.48,6686.04,UPI,Regular
SAL20250009887,2025-02-24,STR015,PRD00899,1,2165.69,0.0,2165.69,1458.76,Credit Card,Walk-in
SAL20250009888,2025-02-18,STR014,PRD00302,2,486.18,0.0,972.36,450.18,UPI,Regular
SAL20250009889,2025-02-11,STR022,PRD01175,1,2568.19,0.05,2439.78,1572.7,Cash,Regular
SAL20250009890,2025-02-23,STR006,PRD00072,1,4522.2,0.1,4069.98,3124.59,UPI,Walk-in
SAL20250009891,2025-02-26,STR037,PRD00996,3,577.22,0.05,1645.08,988.17,UPI,Walk-in
SAL20250009892,2025-02-04,STR036,PRD01042,2,143.52,0.0,287.04,189.38,Credit Card,Regular
SAL20250009893,2025-02-02,STR004,PRD00455,2,683.36,0.0,1366.72,1126.94,Credit Card,Regular
SAL20250009894,2025-02-08,STR009,PRD00065,1,10562.87,0.1,9506.58,8152.93,UPI,Regular
SAL20250009895,2025-02-09,STR037,PRD00828,3,765.4,0.0,2296.2,1329.0,UPI,Premium
SAL20250009896,2025-02-15,STR009,PRD01037,1,431.13,0.0,431.13,232.19,UPI,Regular
SAL20250009897,2025-02-10,STR028,PRD00779,2,1606.83,0.0,3213.66,1996.58,UPI,Regular
SAL20250009898,2025-02-03,STR037,PRD00498,2,178.55,0.0,357.1,276.3,Credit Card,Walk-in
SAL20250009899,2025-02-17,STR004,PRD00560,1,314.33,0.0,314.33,218.79,UPI,Corporate
SAL20250009900,2025-02-03,STR039,PRD00523,2,773.23,0.0,1546.46,1312.28,Credit Card,Walk-in
SAL20250009901,2025-02-06,STR004,PRD00365,1,693.15,0.0,693.15,448.69,Credit Card,Corporate
SAL20250009902,2025-02-26,STR020,PRD01191,2,6431.83,0.0,12863.66,8022.98,Cash,Regular
SAL20250009903,2025-02-25,STR003,PRD00219,1,1404.86,0.0,1404.86,998.92,UPI,Regular
SAL20250009904,2025-02-03,STR041,PRD00888,1,2557.48,0.0,2557.48,1725.04,Cash,Regular
SAL20250009905,2025-02-03,STR004,PRD00980,1,608.25,0.0,608.25,362.26,UPI,Walk-in
SAL20250009906,2025-02-10,STR011,PRD00509,2,888.38,0.0,1776.76,1348.66,Cash,Walk-in
SAL20250009907,2025-02-12,STR035,PRD00548,2,172.01,0.05,326.82,240.72,UPI,Premium
SAL20250009908,2025-02-06,STR020,PRD01171,1,6541.96,0.0,6541.96,2623.89,UPI,Walk-in
SAL20250009909,2025-02-04,STR033,PRD00609,4,338.3,0.0,1353.2,808.12,Debit Card,Regular
SAL20250009910,2025-02-24,STR029,PRD00460,4,816.3,0.0,3265.2,2671.08,Cash,Regular
SAL20250009911,2025-02-01,STR006,PRD00881,1,802.33,0.1,722.1,533.51,Cash,Regular
SAL20250009912,2025-02-06,STR025,PRD00266,2,13058.2,0.0,26116.4,16171.78,UPI,Regular
SAL20250009913,2025-02-28,STR002,PRD00928,1,2503.87,0.0,2503.87,1812.53,Debit Card,Corporate
SAL20250009914,2025-02-05,STR008,PRD01005,1,682.39,0.0,682.39,475.7,Cash,Corporate
SAL20250009915,2025-02-07,STR003,PRD00187,2,5314.8,0.0,10629.6,6728.86,UPI,Regular
SAL20250009916,2025-02-24,STR003,PRD00211,1,6731.6,0.0,6731.6,4925.05,Cash,Regular
SAL20250009917,2025-02-15,STR026,PRD00935,3,821.43,0.0,2464.29,1758.3,Credit Card,Walk-in
SAL20250009918,2025-02-05,STR018,PRD00568,1,465.88,0.0,465.88,288.31,UPI,Walk-in
SAL20250009919,2025-02-05,STR017,PRD00349,4,152.26,0.1,548.14,335.48,UPI,Regular
SAL20250009920,2025-02-17,STR019,PRD00259,1,1699.09,0.0,1699.09,1233.0,Credit Card,Regular
SAL20250009921,2025-02-13,STR019,PRD00286,1,390.77,0.0,390.77,253.34,Debit Card,Corporate
SAL20250009922,2025-02-07,STR011,PRD00736,1,1942.77,0.05,1845.63,1241.55,Credit Card,Regular
SAL20250009923,2025-02-24,STR020,PRD00028,1,4027.15,0.0,4027.15,2641.37,UPI,Walk-in
SAL20250009924,2025-02-05,STR039,PRD00968,2,316.7,0.0,633.4,317.52,Credit Card,Regular
SAL20250009925,2025-02-22,STR027,PRD00455,5,683.36,0.0,3416.8,2817.35,Debit Card,Regular
SAL20250009926,2025-02-10,STR026,PRD00522,2,1139.79,0.0,2279.58,1751.66,Debit Card,Regular
SAL20250009927,2025-02-16,STR038,PRD00683,2,794.15,0.0,1588.3,1188.06,Net Banking,Walk-in
SAL20250009928,2025-02-16,STR002,PRD00550,3,639.85,0.0,1919.55,1094.76,UPI,Walk-in
SAL20250009929,2025-02-07,STR030,PRD00165,2,10264.9,0.0,20529.8,13343.66,UPI,Walk-in
SAL20250009930,2025-02-07,STR008,PRD01006,6,849.47,0.0,5096.82,3640.14,Credit Card,Corporate
SAL20250009931,2025-02-14,STR030,PRD00523,1,773.23,0.0,773.23,656.14,Net Banking,Regular
SAL20250009932,2025-02-18,STR012,PRD00950,1,184.59,0.0,184.59,127.31,UPI,Regular
SAL20250009933,2025-02-10,STR032,PRD00655,4,75.89,0.0,303.56,188.6,Credit Card,Walk-in
SAL20250009934,2025-02-23,STR006,PRD00879,2,2290.26,0.0,4580.52,3228.46,Cash,Regular
SAL20250009935,2025-02-13,STR002,PRD00222,1,8948.67,0.0,8948.67,6580.84,UPI,Corporate
SAL20250009936,2025-02-12,STR030,PRD00887,1,2006.5,0.0,2006.5,1169.69,UPI,Premium
SAL20250009937,2025-02-08,STR018,PRD00282,2,705.96,0.1,1270.73,940.46,Credit Card,Regular
SAL20250009938,2025-02-05,STR010,PRD00515,3,551.51,0.0,1654.53,1419.63,Cash,Walk-in
SAL20250009939,2025-02-05,STR008,PRD00460,5,816.3,0.1,3673.35,3338.85,Cash,Walk-in
SAL20250009940,2025-02-19,STR032,PRD00451,1,641.37,0.0,641.37,505.23,Credit Card,Walk-in
SAL20250009941,2025-02-13,STR004,PRD01190,2,7433.72,0.0,14867.44,7540.62,Cash,Walk-in
SAL20250009942,2025-02-16,STR023,PRD01128,1,2522.35,0.0,2522.35,1440.68,Credit Card,Regular
SAL20250009943,2025-02-08,STR010,PRD01064,1,155.0,0.0,155.0,78.63,UPI,Regular
SAL20250009944,2025-02-01,STR040,PRD00584,1,232.29,0.0,232.29,142.35,Credit Card,Walk-in
SAL20250009945,2025-02-16,STR005,PRD00716,2,1780.84,0.0,3561.68,2014.92,Credit Card,Walk-in
SAL20250009946,2025-02-24,STR021,PRD00111,1,16671.18,0.0,16671.18,12693.98,Debit Card,Regular
SAL20250009947,2025-02-08,STR028,PRD00029,1,24663.79,0.0,24663.79,16157.43,UPI,Regular
SAL20250009948,2025-02-15,STR019,PRD00039,1,8380.37,0.0,8380.37,6279.95,Cash,Walk-in
SAL20250009949,2025-02-09,STR027,PRD00753,2,4495.87,0.0,8991.74,5243.44,UPI,Premium
SAL20250009950,2025-02-05,STR019,PRD01110,2,1048.97,0.0,2097.94,1162.22,UPI,Corporate
SAL20250009951,2025-02-14,STR019,PRD00443,2,206.94,0.0,413.88,334.12,Net Banking,Walk-in
SAL20250009952,2025-02-22,STR039,PRD00448,1,612.68,0.0,612.68,518.56,UPI,Regular
SAL20250009953,2025-02-13,STR027,PRD00863,1,1338.83,0.0,1338.83,745.06,Cash,Premium
SAL20250009954,2025-02-12,STR011,PRD00274,2,920.1,0.0,1840.2,851.52,UPI,Premium
SAL20250009955,2025-02-05,STR020,PRD01002,1,98.3,0.0,98.3,55.69,UPI,Regular
SAL20250009956,2025-02-13,STR018,PRD00054,2,16291.52,0.0,32583.04,23680.68,Net Banking,Walk-in
SAL20250009957,2025-02-03,STR029,PRD00029,1,24663.79,0.0,24663.79,16157.43,UPI,Corporate
SAL20250009958,2025-02-20,STR007,PRD00048,2,26663.85,0.0,53327.7,36594.2,UPI,Regular
SAL20250009959,2025-02-24,STR002,PRD00177,1,10270.98,0.0,10270.98,7398.07,UPI,Walk-in
SAL20250009960,2025-02-07,STR034,PRD00446,1,1037.38,0.0,1037.38,881.41,Cash,Regular
SAL20250009961,2025-02-10,STR040,PRD01068,1,5954.4,0.0,5954.4,3495.2,Net Banking,Regular
SAL20250009962,2025-02-16,STR004,PRD00442,2,148.56,0.0,297.12,239.4,Credit Card,Regular
SAL20250009963,2025-02-17,STR032,PRD00705,3,488.73,0.0,1466.19,985.29,UPI,Premium
SAL20250009964,2025-02-27,STR031,PRD00718,3,2341.08,0.1,6320.92,5027.97,UPI,Premium
SAL20250009965,2025-02-22,STR032,PRD01016,3,253.56,0.1,684.61,484.2,UPI,Premium
SAL20250009966,2025-02-03,STR039,PRD00244,1,9135.72,0.0,9135.72,5766.93,Credit Card,Walk-in
SAL20250009967,2025-02-19,STR036,PRD00353,3,948.44,0.0,2845.32,1589.43,Cash,Walk-in
SAL20250009968,2025-02-23,STR038,PRD00607,3,313.72,0.0,941.16,544.05,Credit Card,Premium
SAL20250009969,2025-02-11,STR014,PRD00960,1,572.91,0.0,572.91,382.4,Net Banking,Premium
SAL20250009970,2025-02-09,STR037,PRD00113,1,16350.49,0.0,16350.49,11876.29,Debit Card,Walk-in
SAL20250009971,2025-02-23,STR017,PRD00231,2,9171.94,0.1,16509.49,13410.18,Debit Card,Regular
SAL20250009972,2025-02-19,STR002,PRD00725,3,2084.99,0.0,6254.97,4535.07,UPI,Regular
SAL20250009973,2025-02-07,STR038,PRD00260,2,8853.62,0.0,17707.24,11215.74,UPI,Corporate
SAL20250009974,2025-02-12,STR040,PRD01051,1,694.43,0.0,694.43,354.19,Debit Card,Walk-in
SAL20250009975,2025-02-07,STR038,PRD00554,2,805.55,0.0,1611.1,932.82,UPI,Corporate
SAL20250009976,2025-02-25,STR041,PRD00680,2,3900.49,0.0,7800.98,5610.0,Credit Card,Walk-in
SAL20250009977,2025-02-04,STR019,PRD01166,2,3220.85,0.0,6441.7,3320.86,Credit Card,Regular
SAL20250009978,2025-02-05,STR035,PRD00838,1,1522.8,0.0,1522.8,1046.85,UPI,Regular
SAL20250009979,2025-02-15,STR016,PRD00185,1,1926.14,0.0,1926.14,1500.04,UPI,Premium
SAL20250009980,2025-02-16,STR035,PRD01157,1,8076.82,0.0,8076.82,4265.41,UPI,Regular
SAL20250009981,2025-02-06,STR035,PRD00343,2,244.94,0.0,489.88,260.82,Debit Card,Regular
SAL20250009982,2025-02-26,STR029,PRD00272,1,610.52,0.0,610.52,344.72,Cash,Regular
SAL20250009983,2025-02-10,STR032,PRD00095,1,18324.65,0.0,18324.65,13913.8,UPI,Regular
SAL20250009984,2025-02-03,STR027,PRD00048,1,26663.85,0.05,25330.66,18297.1,Debit Card,Walk-in
SAL20250009985,2025-02-12,STR035,PRD01026,2,512.0,0.0,1024.0,683.9,Cash,Regular
SAL20250009986,2025-02-01,STR023,PRD00096,1,1587.91,0.1,1429.12,1154.69,Credit Card,Regular
SAL20250009987,2025-02-20,STR028,PRD00004,1,18331.36,0.0,18331.36,14741.73,UPI,Premium
SAL20250009988,2025-02-12,STR017,PRD00385,1,460.87,0.0,460.87,278.52,UPI,Regular
SAL20250009989,2025-02-25,STR038,PRD00518,1,1000.64,0.0,1000.64,768.43,UPI,Walk-in
SAL20250009990,2025-02-19,STR015,PRD00323,3,361.28,0.0,1083.84,564.45,UPI,Walk-in
SAL20250009991,2025-02-12,STR037,PRD00819,1,2315.45,0.0,2315.45,1549.5,Credit Card,Premium
SAL20250009992,2025-02-17,STR023,PRD00554,2,805.55,0.0,1611.1,932.82,Credit Card,Regular
SAL20250009993,2025-02-09,STR039,PRD00030,2,17262.94,0.0,34525.88,25179.18,UPI,Regular
SAL20250009994,2025-02-10,STR031,PRD00285,1,1499.26,0.0,1499.26,768.76,UPI,Regular
SAL20250009995,2025-02-11,STR035,PRD00590,4,353.62,0.0,1414.48,972.72,Debit Card,Regular
SAL20250009996,2025-02-02,STR033,PRD01177,3,2791.89,0.0,8375.67,4783.89,Debit Card,Premium
SAL20250009997,2025-02-14,STR019,PRD01018,4,139.93,0.1,503.75,355.2,Credit Card,Regular
SAL20250009998,2025-02-19,STR037,PRD00825,1,2419.3,0.0,2419.3,1402.49,Cash,Walk-in
SAL20250009999,2025-02-27,STR003,PRD00903,1,433.92,0.0,433.92,275.41,UPI,Regular
SAL20250010000,2025-02-01,STR033,PRD00060,2,15273.35,0.0,30546.7,21063.06,Credit Card,Walk-in
SAL20250010001,2025-02-06,STR032,PRD00274,2,920.1,0.0,1840.2,851.52,UPI,Regular
SAL20250010002,2025-02-11,STR013,PRD00765,3,1419.48,0.05,4045.52,2762.82,Credit Card,Premium
SAL20250010003,2025-02-18,STR033,PRD00262,1,10754.4,0.0,10754.4,8063.44,Net Banking,Regular
SAL20250010004,2025-02-05,STR015,PRD00774,2,2102.71,0.0,4205.42,3098.54,Cash,Walk-in
SAL20250010005,2025-02-25,STR035,PRD00078,1,9036.37,0.0,9036.37,6491.36,Credit Card,Walk-in
SAL20250010006,2025-02-10,STR001,PRD01077,2,8389.04,0.0,16778.08,6986.78,UPI,Regular
SAL20250010007,2025-02-07,STR014,PRD00526,2,712.58,0.1,1282.64,1184.48,Cash,Regular
SAL20250010008,2025-02-22,STR018,PRD00231,2,9171.94,0.05,17426.69,13410.18,UPI,Walk-in
SAL20250010009,2025-02-14,STR012,PRD00010,1,14520.45,0.0,14520.45,11774.44,Debit Card,Walk-in
SAL20250010010,2025-02-13,STR006,PRD01150,1,4074.75,0.0,4074.75,2372.04,UPI,Regular
SAL20250010011,2025-02-17,STR035,PRD00604,1,254.69,0.0,254.69,151.9,UPI,Regular
SAL20250010012,2025-02-17,STR014,PRD00144,1,7333.73,0.0,7333.73,4964.07,Cash,Walk-in
SAL20250010013,2025-02-11,STR016,PRD00069,3,11744.39,0.0,35233.17,23104.02,Credit Card,Premium
SAL20250010014,2025-02-22,STR002,PRD00535,2,314.95,0.0,629.9,448.56,Debit Card,Premium
SAL20250010015,2025-02-04,STR036,PRD00305,1,1134.36,0.0,1134.36,615.3,UPI,Corporate
SAL20250010016,2025-02-20,STR009,PRD00682,1,3799.71,0.0,3799.71,2447.28,Cash,Walk-in
SAL20250010017,2025-02-28,STR016,PRD00367,1,450.03,0.0,450.03,246.78,UPI,Walk-in
SAL20250010018,2025-02-09,STR024,PRD00868,3,1450.33,0.0,4350.99,2736.63,Credit Card,Walk-in
SAL20250010019,2025-02-07,STR006,PRD00639,2,160.88,0.0,321.76,204.82,Credit Card,Walk-in
SAL20250010020,2025-02-09,STR006,PRD00200,1,1880.51,0.0,1880.51,1363.43,UPI,Regular
SAL20250010021,2025-02-07,STR040,PRD00279,2,704.62,0.0,1409.24,891.84,Debit Card,Regular
SAL20250010022,2025-02-05,STR019,PRD00812,1,3142.68,0.0,3142.68,1823.3,Credit Card,Regular
SAL20250010023,2025-02-18,STR035,PRD00103,1,4104.09,0.0,4104.09,2941.45,Credit Card,Regular
SAL20250010024,2025-02-18,STR016,PRD00343,3,244.94,0.05,698.08,391.23,UPI,Corporate
SAL20250010025,2025-02-01,STR009,PRD00241,2,7381.55,0.0,14763.1,11167.88,UPI,Regular
SAL20250010026,2025-02-27,STR034,PRD00630,4,612.41,0.0,2449.64,1445.8,Debit Card,Regular
SAL20250010027,2025-02-08,STR009,PRD00336,1,1590.59,0.0,1590.59,821.11,UPI,Walk-in
SAL20250010028,2025-02-17,STR023,PRD00088,1,22406.29,0.1,20165.66,17527.4,Credit Card,Regular
SAL20250010029,2025-02-01,STR014,PRD00817,1,3058.64,0.0,3058.64,2165.66,Cash,Premium
SAL20250010030,2025-02-19,STR034,PRD00938,1,622.57,0.0,622.57,327.33,Net Banking,Premium
SAL20250010031,2025-02-23,STR017,PRD00575,1,90.77,0.0,90.77,67.08,Cash,Premium
SAL20250010032,2025-02-22,STR030,PRD00897,2,3626.87,0.1,6528.37,4738.42,UPI,Regular
SAL20250010033,2025-02-04,STR040,PRD00355,2,304.11,0.0,608.22,327.6,UPI,Walk-in
SAL20250010034,2025-02-19,STR020,PRD01017,3,1092.19,0.0,3276.57,1775.07,Debit Card,Regular
SAL20250010035,2025-02-12,STR002,PRD00885,1,1948.54,0.0,1948.54,1253.39,UPI,Regular
SAL20250010036,2025-02-13,STR035,PRD00674,1,2861.74,0.0,2861.74,1590.59,UPI,Regular
SAL20250010037,2025-02-19,STR041,PRD01016,3,253.56,0.0,760.68,484.2,Credit Card,Walk-in
SAL20250010038,2025-02-09,STR024,PRD00022,2,22149.39,0.0,44298.78,32674.74,UPI,Regular
SAL20250010039,2025-02-13,STR013,PRD00121,1,13928.8,0.1,12535.92,9332.33,Debit Card,Regular
SAL20250010040,2025-02-05,STR014,PRD00986,1,156.79,0.0,156.79,112.14,Net Banking,Regular
SAL20250010041,2025-02-22,STR035,PRD01065,1,936.71,0.0,936.71,478.36,Credit Card,Regular
SAL20250010042,2025-02-22,STR028,PRD00015,1,3619.87,0.0,3619.87,2931.59,Cash,Corporate
SAL20250010043,2025-02-02,STR040,PRD00223,1,11271.43,0.1,10144.29,7014.79,Credit Card,Premium
SAL20250010044,2025-02-24,STR009,PRD00301,1,189.19,0.0,189.19,130.27,Cash,Regular
SAL20250010045,2025-02-26,STR010,PRD01093,1,4476.19,0.0,4476.19,2887.02,Cash,Regular
SAL20250010046,2025-02-22,STR033,PRD00127,1,14293.97,0.0,14293.97,10567.08,UPI,Walk-in
SAL20250010047,2025-02-18,STR024,PRD01058,2,211.57,0.0,423.14,290.04,Credit Card,Regular
SAL20250010048,2025-02-25,STR002,PRD01106,1,3135.75,0.0,3135.75,1669.16,UPI,Regular
SAL20250010049,2025-02-23,STR036,PRD00666,3,224.43,0.0,673.29,488.13,Cash,Corporate
SAL20250010050,2025-02-12,STR021,PRD00475,2,749.71,0.0,1499.42,1137.92,UPI,Regular
SAL20250010051,2025-02-06,STR014,PRD01083,2,8991.53,0.1,16184.75,7843.44,UPI,Regular
SAL20250010052,2025-02-23,STR006,PRD00119,3,21410.34,0.0,64231.02,48103.71,Credit Card,Walk-in
SAL20250010053,2025-02-19,STR018,PRD00381,1,931.15,0.0,931.15,531.28,UPI,Regular
SAL20250010054,2025-02-08,STR010,PRD00632,1,758.72,0.0,758.72,430.06,UPI,Walk-in
SAL20250010055,2025-02-18,STR039,PRD00438,1,638.02,0.1,574.22,486.89,UPI,Walk-in
SAL20250010056,2025-02-12,STR027,PRD00015,1,3619.87,0.0,3619.87,2931.59,UPI,Walk-in
SAL20250010057,2025-02-19,STR040,PRD00776,2,1145.74,0.0,2291.48,1369.52,Credit Card,Premium
SAL20250010058,2025-02-13,STR041,PRD00699,1,2305.84,0.1,2075.26,1522.28,Net Banking,Walk-in
SAL20250010059,2025-02-19,STR007,PRD00355,1,304.11,0.1,273.7,163.8,Cash,Walk-in
SAL20250010060,2025-02-13,STR013,PRD00999,1,1102.59,0.1,992.33,586.85,UPI,Regular
SAL20250010061,2025-02-05,STR028,PRD00864,2,1725.02,0.1,3105.04,2236.12,UPI,Regular
SAL20250010062,2025-02-07,STR031,PRD01014,1,1123.09,0.0,1123.09,636.08,UPI,Premium
SAL20250010063,2025-02-06,STR041,PRD00996,1,577.22,0.0,577.22,329.39,UPI,Corporate
SAL20250010064,2025-02-07,STR010,PRD00893,1,963.04,0.1,866.74,603.05,Cash,Regular
SAL20250010065,2025-02-14,STR016,PRD01028,1,93.34,0.1,84.01,48.1,UPI,Walk-in
SAL20250010066,2025-02-13,STR004,PRD00077,1,14848.8,0.0,14848.8,12077.21,Cash,Walk-in
SAL20250010067,2025-02-27,STR005,PRD00835,2,1480.55,0.0,2961.1,2016.4,Net Banking,Walk-in
SAL20250010068,2025-02-14,STR034,PRD01109,1,5029.33,0.0,5029.33,2768.42,UPI,Regular
SAL20250010069,2025-02-03,STR029,PRD00539,4,69.32,0.0,277.28,190.92,Credit Card,Walk-in
SAL20250010070,2025-02-09,STR008,PRD00773,1,733.06,0.05,696.41,518.45,UPI,Regular
SAL20250010071,2025-02-12,STR020,PRD01068,4,5954.4,0.0,23817.6,13980.8,Debit Card,Regular
SAL20250010072,2025-02-16,STR020,PRD01011,1,265.01,0.0,265.01,149.69,UPI,Regular
SAL20250010073,2025-02-10,STR032,PRD00231,1,9171.94,0.0,9171.94,6705.09,UPI,Walk-in
SAL20250010074,2025-02-17,STR023,PRD00789,3,4846.68,0.0,14540.04,8804.73,UPI,Regular
SAL20250010075,2025-02-27,STR028,PRD00653,3,614.39,0.0,1843.17,1343.28,Credit Card,Regular
SAL20250010076,2025-02-01,STR022,PRD00366,1,994.61,0.0,994.61,474.73,Credit Card,Regular
SAL20250010077,2025-02-04,STR027,PRD00251,2,10660.28,0.0,21320.56,14612.12,Debit Card,Regular
SAL20250010078,2025-02-18,STR015,PRD00211,1,6731.6,0.0,6731.6,4925.05,Credit Card,Premium
SAL20250010079,2025-02-11,STR003,PRD00492,1,431.72,0.1,388.55,362.04,Credit Card,Walk-in
SAL20250010080,2025-02-02,STR026,PRD00961,1,294.28,0.05,279.57,158.53,Cash,Walk-in
SAL20250010081,2025-02-23,STR036,PRD00793,1,2445.38,0.0,2445.38,1405.41,Cash,Premium
SAL20250010082,2025-02-01,STR033,PRD00969,5,147.34,0.0,736.7,381.2,UPI,Regular
SAL20250010083,2025-02-19,STR006,PRD00193,1,5766.86,0.0,5766.86,4191.48,Debit Card,Premium
SAL20250010084,2025-02-06,STR030,PRD01123,2,3145.87,0.05,5977.15,3804.52,Credit Card,Regular
SAL20250010085,2025-02-12,STR039,PRD01080,1,1721.88,0.0,1721.88,771.73,Credit Card,Corporate
SAL20250010086,2025-02-24,STR038,PRD00367,2,450.03,0.0,900.06,493.56,Credit Card,Regular
SAL20250010087,2025-02-25,STR021,PRD00686,3,3692.38,0.05,10523.28,6341.49,Credit Card,Regular
SAL20250010088,2025-02-08,STR003,PRD01000,5,495.66,0.0,2478.3,1729.35,UPI,Walk-in
SAL20250010089,2025-02-19,STR035,PRD00668,1,302.1,0.0,302.1,216.54,UPI,Regular
SAL20250010090,2025-02-23,STR012,PRD00720,2,3749.56,0.0,7499.12,4209.9,Credit Card,Premium
SAL20250010091,2025-02-10,STR034,PRD00293,3,859.61,0.0,2578.83,1327.5,Credit Card,Premium
SAL20250010092,2025-02-27,STR004,PRD00565,4,107.78,0.1,388.01,245.92,UPI,Walk-in
SAL20250010093,2025-02-03,STR041,PRD00715,1,2949.53,0.0,2949.53,1984.0,UPI,Walk-in
SAL20250010094,2025-02-21,STR031,PRD00718,2,2341.08,0.0,4682.16,3351.98,UPI,Regular
SAL20250010095,2025-02-20,STR014,PRD00356,1,1354.34,0.0,1354.34,734.18,UPI,Regular
SAL20250010096,2025-02-16,STR020,PRD00335,3,1156.98,0.05,3297.39,1867.68,UPI,Walk-in
SAL20250010097,2025-02-10,STR037,PRD01158,1,7747.18,0.0,7747.18,4177.28,UPI,Regular
SAL20250010098,2025-02-07,STR030,PRD00284,1,170.59,0.0,170.59,103.53,UPI,Walk-in
SAL20250010099,2025-02-24,STR008,PRD00767,2,2122.92,0.0,4245.84,3114.28,UPI,Regular
SAL20250010100,2025-02-14,STR016,PRD01077,1,8389.04,0.0,8389.04,3493.39,Credit Card,Regular
SAL20250010101,2025-02-20,STR039,PRD00161,1,9190.04,0.0,9190.04,7015.28,Credit Card,Premium
SAL20250010102,2025-02-08,STR014,PRD00066,1,7423.58,0.0,7423.58,5820.76,UPI,Walk-in
SAL20250010103,2025-02-01,STR003,PRD00165,1,10264.9,0.0,10264.9,6671.83,Credit Card,Walk-in
SAL20250010104,2025-02-20,STR008,PRD00221,2,9230.37,0.0,18460.74,11541.78,UPI,Regular
SAL20250010105,2025-02-25,STR041,PRD00282,1,705.96,0.0,705.96,470.23,UPI,Regular
SAL20250010106,2025-02-13,STR008,PRD00399,3,1354.99,0.0,4064.97,1941.39,Debit Card,Regular
SAL20250010107,2025-02-19,STR002,PRD00912,1,532.47,0.0,532.47,306.3,UPI,Regular
SAL20250010108,2025-02-14,STR008,PRD01164,1,2114.79,0.05,2009.05,1108.71,Net Banking,Regular
SAL20250010109,2025-02-21,STR037,PRD00011,1,13229.12,0.05,12567.66,9834.69,Credit Card,Corporate
SAL20250010110,2025-02-10,STR008,PRD01020,1,560.55,0.1,504.49,361.97,UPI,Walk-in
SAL20250010111,2025-02-15,STR017,PRD00721,1,2330.52,0.0,2330.52,1727.63,Debit Card,Regular
SAL20250010112,2025-02-15,STR023,PRD00911,1,807.88,0.0,807.88,602.2,Credit Card,Walk-in
SAL20250010113,2025-02-07,STR011,PRD00148,1,6813.06,0.0,6813.06,4694.28,Debit Card,Walk-in
SAL20250010114,2025-02-07,STR014,PRD00918,1,2741.1,0.0,2741.1,1987.44,UPI,Walk-in
SAL20250010115,2025-02-15,STR011,PRD00112,1,3948.48,0.0,3948.48,3127.23,Debit Card,Walk-in
SAL20250010116,2025-02-12,STR040,PRD00132,1,22943.8,0.0,22943.8,17725.67,Credit Card,Walk-in
SAL20250010117,2025-02-05,STR029,PRD00478,1,959.84,0.0,959.84,812.26,Cash,Regular
SAL20250010118,2025-02-06,STR008,PRD00633,1,365.95,0.0,365.95,212.9,UPI,Walk-in
SAL20250010119,2025-02-20,STR034,PRD00267,1,11328.41,0.0,11328.41,8001.59,UPI,Regular
SAL20250010120,2025-02-17,STR010,PRD00406,10,663.68,0.0,6636.8,5330.6,Debit Card,Walk-in
SAL20250010121,2025-02-02,STR029,PRD00248,1,9547.84,0.05,9070.45,6877.51,UPI,Walk-in
SAL20250010122,2025-02-07,STR001,PRD00008,1,14817.35,0.0,14817.35,10393.47,UPI,Premium
SAL20250010123,2025-02-10,STR035,PRD00566,1,655.12,0.0,655.12,423.12,UPI,Regular
SAL20250010124,2025-02-07,STR029,PRD00582,2,535.32,0.0,1070.64,770.0,UPI,Regular
SAL20250010125,2025-02-26,STR034,PRD00025,1,2348.16,0.0,2348.16,1617.05,UPI,Regular
SAL20250010126,2025-02-05,STR037,PRD00525,1,76.55,0.0,76.55,66.45,Net Banking,Walk-in
SAL20250010127,2025-02-17,STR011,PRD00411,1,779.25,0.0,779.25,631.85,Debit Card,Premium
SAL20250010128,2025-02-12,STR014,PRD00346,1,927.55,0.0,927.55,634.62,Debit Card,Regular
SAL20250010129,2025-02-05,STR004,PRD00173,1,9167.15,0.0,9167.15,5751.32,Net Banking,Walk-in
SAL20250010130,2025-02-13,STR011,PRD00818,2,2330.04,0.0,4660.08,3338.28,UPI,Walk-in
SAL20250010131,2025-02-02,STR030,PRD01076,1,4373.35,0.0,4373.35,2595.55,Cash,Regular
SAL20250010132,2025-02-26,STR036,PRD00625,2,629.94,0.0,1259.88,865.82,UPI,Regular
SAL20250010133,2025-02-26,STR011,PRD01008,1,227.58,0.0,227.58,142.0,UPI,Premium
SAL20250010134,2025-02-02,STR015,PRD01060,3,277.54,0.0,832.62,595.05,Credit Card,Corporate
SAL20250010135,2025-02-24,STR024,PRD00759,1,4285.9,0.0,4285.9,2644.58,UPI,Corporate
SAL20250010136,2025-02-26,STR030,PRD00486,2,161.3,0.05,306.47,247.1,Credit Card,Walk-in
SAL20250010137,2025-02-15,STR029,PRD00264,1,4452.38,0.0,4452.38,3172.04,Debit Card,Regular
SAL20250010138,2025-02-27,STR025,PRD00056,1,11452.31,0.0,11452.31,8581.01,Credit Card,Walk-in
SAL20250010139,2025-02-01,STR025,PRD00906,2,3449.48,0.05,6554.01,4232.44,Debit Card,Premium
SAL20250010140,2025-02-25,STR022,PRD00093,2,12459.16,0.1,22426.49,19408.14,UPI,Regular
SAL20250010141,2025-02-04,STR028,PRD00366,1,994.61,0.0,994.61,474.73,UPI,Corporate
SAL20250010142,2025-02-04,STR008,PRD01184,1,6927.53,0.0,6927.53,3182.7,Debit Card,Walk-in
SAL20250010143,2025-02-07,STR015,PRD00574,1,560.83,0.05,532.79,338.56,Debit Card,Walk-in
SAL20250010144,2025-02-25,STR035,PRD00830,3,1783.32,0.0,5349.96,3269.34,UPI,Premium
SAL20250010145,2025-02-14,STR005,PRD00426,3,496.18,0.1,1339.69,1247.61,Credit Card,Walk-in
SAL20250010146,2025-02-27,STR025,PRD01031,4,1036.47,0.0,4145.88,2093.48,UPI,Premium
SAL20250010147,2025-02-28,STR003,PRD00501,6,707.96,0.0,4247.76,3284.1,Debit Card,Regular
SAL20250010148,2025-02-15,STR041,PRD00822,4,3937.8,0.0,15751.2,9599.6,Credit Card,Regular
SAL20250010149,2025-02-20,STR024,PRD00889,3,2052.09,0.1,5540.64,4422.45,Credit Card,Walk-in
SAL20250010150,2025-02-13,STR040,PRD00142,1,4154.89,0.0,4154.89,2736.44,Debit Card,Walk-in
SAL20250010151,2025-02-01,STR001,PRD00486,4,161.3,0.0,645.2,494.2,Credit Card,Regular
SAL20250010152,2025-02-18,STR003,PRD01119,1,9164.59,0.0,9164.59,4378.4,UPI,Walk-in
SAL20250010153,2025-02-20,STR029,PRD00422,1,218.73,0.0,218.73,166.93,Credit Card,Walk-in
SAL20250010154,2025-02-07,STR026,PRD00670,1,3171.53,0.0,3171.53,1914.92,UPI,Regular
SAL20250010155,2025-02-11,STR035,PRD00973,3,291.44,0.0,874.32,470.73,UPI,Regular
SAL20250010156,2025-02-10,STR015,PRD00459,2,918.25,0.0,1836.5,1470.02,Cash,Corporate
SAL20250010157,2025-02-07,STR017,PRD00211,1,6731.6,0.05,6395.02,4925.05,Net Banking,Walk-in
SAL20250010158,2025-02-22,STR007,PRD00164,1,7383.75,0.0,7383.75,4728.61,Debit Card,Premium
SAL20250010159,2025-02-17,STR027,PRD00384,3,1012.08,0.05,2884.43,1540.92,Credit Card,Walk-in
SAL20250010160,2025-02-10,STR033,PRD01114,1,8827.06,0.1,7944.35,3573.34,Credit Card,Premium
SAL20250010161,2025-02-22,STR011,PRD00412,2,576.41,0.05,1095.18,909.5,Credit Card,Regular
SAL20250010162,2025-02-22,STR038,PRD00752,2,4535.72,0.0,9071.44,6045.78,UPI,Regular
SAL20250010163,2025-02-24,STR002,PRD00465,5,578.8,0.0,2894.0,2214.0,UPI,Regular
SAL20250010164,2025-02-26,STR037,PRD00277,3,1350.87,0.0,4052.61,2040.75,UPI,Walk-in
SAL20250010165,2025-02-07,STR004,PRD00350,1,1107.22,0.0,1107.22,735.62,Credit Card,Walk-in
SAL20250010166,2025-02-19,STR037,PRD00315,2,452.88,0.0,905.76,562.88,UPI,Regular
SAL20250010167,2025-02-26,STR039,PRD00326,2,1442.32,0.0,2884.64,1362.86,Credit Card,Premium
SAL20250010168,2025-02-28,STR003,PRD00848,2,2441.1,0.0,4882.2,3232.64,Credit Card,Premium
SAL20250010169,2025-02-02,STR021,PRD00188,1,6172.58,0.0,6172.58,4027.57,UPI,Regular
SAL20250010170,2025-02-08,STR001,PRD00481,2,391.79,0.0,783.58,633.52,Credit Card,Walk-in
SAL20250010171,2025-02-23,STR005,PRD00391,3,716.46,0.05,2041.91,1042.23,UPI,Premium
SAL20250010172,2025-02-05,STR011,PRD01120,1,8969.51,0.0,8969.51,4399.96,Cash,Walk-in
SAL20250010173,2025-02-24,STR011,PRD00599,1,273.52,0.0,273.52,189.37,Cash,Regular
SAL20250010174,2025-02-01,STR037,PRD00590,3,353.62,0.0,1060.86,729.54,Credit Card,Regular
SAL20250010175,2025-02-25,STR024,PRD00744,1,4365.48,0.0,4365.48,2879.4,UPI,Premium
SAL20250010176,2025-02-13,STR023,PRD00578,1,577.23,0.1,519.51,422.81,Credit Card,Regular
SAL20250010177,2025-02-15,STR038,PRD00991,1,894.61,0.0,894.61,514.53,UPI,Walk-in
SAL20250010178,2025-02-07,STR010,PRD00782,1,3353.32,0.0,3353.32,1957.52,UPI,Walk-in
SAL20250010179,2025-02-04,STR006,PRD00315,1,452.88,0.0,452.88,281.44,Debit Card,Regular
SAL20250010180,2025-02-07,STR031,PRD01184,1,6927.53,0.0,6927.53,3182.7,Cash,Walk-in
SAL20250010181,2025-02-07,STR013,PRD00955,5,608.44,0.0,3042.2,2054.5,UPI,Premium
SAL20250010182,2025-02-10,STR038,PRD00090,1,8184.6,0.0,8184.6,5556.86,Credit Card,Walk-in
SAL20250010183,2025-02-20,STR035,PRD00204,2,3776.34,0.0,7552.68,5160.22,UPI,Regular
SAL20250010184,2025-02-05,STR004,PRD01003,1,278.9,0.0,278.9,146.32,Credit Card,Walk-in
SAL20250010185,2025-02-22,STR030,PRD00981,2,76.61,0.0,153.22,108.48,Cash,Regular
SAL20250010186,2025-02-04,STR003,PRD01154,1,1216.46,0.0,1216.46,611.46,Credit Card,Walk-in
SAL20250010187,2025-02-15,STR005,PRD00138,1,3460.02,0.0,3460.02,2661.97,Debit Card,Regular
SAL20250010188,2025-02-16,STR030,PRD00704,2,1185.8,0.0,2371.6,1414.28,UPI,Walk-in
SAL20250010189,2025-02-26,STR030,PRD00992,1,439.67,0.0,439.67,224.17,Cash,Walk-in
SAL20250010190,2025-02-24,STR024,PRD00724,1,2856.14,0.0,2856.14,1594.41,UPI,Walk-in
SAL20250010191,2025-02-05,STR036,PRD00306,3,1349.3,0.1,3643.11,2315.82,UPI,Walk-in
SAL20250010192,2025-02-14,STR026,PRD01156,2,3916.29,0.1,7049.32,4535.54,UPI,Walk-in
SAL20250010193,2025-02-26,STR024,PRD00655,1,75.89,0.0,75.89,47.15,Cash,Premium
SAL20250010194,2025-02-16,STR022,PRD00657,3,272.71,0.0,818.13,482.52,UPI,Walk-in
SAL20250010195,2025-02-17,STR010,PRD00192,3,3362.18,0.0,10086.54,6511.53,Credit Card,Regular
SAL20250010196,2025-02-14,STR020,PRD00788,3,3329.23,0.0,9987.69,6315.6,UPI,Regular
SAL20250010197,2025-02-06,STR014,PRD00007,1,20090.22,0.0,20090.22,15462.2,Credit Card,Regular
SAL20250010198,2025-02-24,STR027,PRD00619,6,215.37,0.0,1292.22,835.98,Credit Card,Corporate
SAL20250010199,2025-02-26,STR031,PRD01193,1,1712.13,0.0,1712.13,1034.91,Cash,Walk-in
SAL20250010200,2025-02-23,STR028,PRD01116,1,792.37,0.0,792.37,396.32,Debit Card,Walk-in
SAL20250010201,2025-02-24,STR018,PRD01200,1,1804.12,0.0,1804.12,865.8,UPI,Regular
SAL20250010202,2025-02-23,STR026,PRD00296,3,250.04,0.0,750.12,364.89,UPI,Regular
SAL20250010203,2025-02-25,STR016,PRD00446,1,1037.38,0.0,1037.38,881.41,Credit Card,Premium
SAL20250010204,2025-02-25,STR034,PRD00870,1,2808.24,0.0,2808.24,1618.68,UPI,Premium
SAL20250010205,2025-02-27,STR036,PRD01133,1,8197.9,0.0,8197.9,3765.02,Debit Card,Premium
SAL20250010206,2025-02-26,STR030,PRD00788,1,3329.23,0.0,3329.23,2105.2,UPI,Walk-in
SAL20250010207,2025-02-01,STR011,PRD00468,3,180.53,0.0,541.59,444.96,Credit Card,Walk-in
SAL20250010208,2025-02-06,STR004,PRD00045,2,17414.18,0.0,34828.36,27644.36,Cash,Regular
SAL20250010209,2025-02-03,STR028,PRD00278,1,439.84,0.0,439.84,292.07,Cash,Regular
SAL20250010210,2025-02-26,STR002,PRD00065,1,10562.87,0.05,10034.73,8152.93,UPI,Regular
SAL20250010211,2025-02-05,STR020,PRD00463,1,933.21,0.0,933.21,747.47,Credit Card,Premium
SAL20250010212,2025-02-22,STR002,PRD00658,2,338.62,0.05,643.38,455.36,Debit Card,Premium
SAL20250010213,2025-02-01,STR026,PRD00962,2,708.41,0.1,1275.14,791.36,UPI,Walk-in
SAL20250010214,2025-02-11,STR022,PRD00705,1,488.73,0.0,488.73,328.43,UPI,Regular
SAL20250010215,2025-02-28,STR035,PRD00236,2,5591.1,0.0,11182.2,7979.56,UPI,Walk-in
SAL20250010216,2025-02-23,STR001,PRD00240,1,10596.37,0.0,10596.37,7390.73,Net Banking,Regular
SAL20250010217,2025-02-02,STR018,PRD00945,2,871.49,0.0,1742.98,1100.48,Credit Card,Walk-in
SAL20250010218,2025-02-12,STR006,PRD00769,1,1757.79,0.0,1757.79,1242.17,Credit Card,Regular
SAL20250010219,2025-02-12,STR033,PRD00142,2,4154.89,0.0,8309.78,5472.88,UPI,Walk-in
SAL20250010220,2025-02-21,STR012,PRD00965,1,67.67,0.0,67.67,48.46,Credit Card,Regular
SAL20250010221,2025-02-03,STR018,PRD00218,1,7357.64,0.0,7357.64,5051.02,UPI,Corporate
SAL20250010222,2025-02-12,STR029,PRD00391,3,716.46,0.0,2149.38,1042.23,Credit Card,Regular
SAL20250010223,2025-02-12,STR009,PRD01164,1,2114.79,0.0,2114.79,1108.71,Credit Card,Regular
SAL20250010224,2025-02-15,STR008,PRD00092,1,6575.52,0.0,6575.52,4677.68,Debit Card,Walk-in
SAL20250010225,2025-02-18,STR010,PRD01139,2,4060.77,0.0,8121.54,3689.12,Debit Card,Regular
SAL20250010226,2025-02-23,STR037,PRD00950,1,184.59,0.0,184.59,127.31,UPI,Regular
SAL20250010227,2025-02-02,STR022,PRD00273,1,1306.29,0.0,1306.29,758.87,Credit Card,Walk-in
SAL20250010228,2025-02-18,STR025,PRD00475,4,749.71,0.1,2698.96,2275.84,Debit Card,Walk-in
SAL20250010229,2025-02-27,STR041,PRD01160,1,7696.75,0.0,7696.75,3490.84,UPI,Regular
SAL20250010230,2025-02-21,STR003,PRD01120,4,8969.51,0.0,35878.04,17599.84,Debit Card,Walk-in
SAL20250010231,2025-02-21,STR017,PRD00507,1,259.46,0.0,259.46,215.35,Credit Card,Walk-in
SAL20250010232,2025-02-10,STR008,PRD00216,1,11614.64,0.0,11614.64,7226.78,UPI,Regular
SAL20250010233,2025-02-03,STR026,PRD00532,1,1039.03,0.0,1039.03,808.86,Credit Card,Regular
SAL20250009360,2025-02-25,STR020,PRD00823,2,2558.98,0.05,4862.06,3435.38,Credit Card,Walk-in
SAL20250010235,2025-02-15,STR021,PRD01168,1,4286.69,0.1,3858.02,2474.04,Cash,Corporate
SAL20250010236,2025-02-26,STR006,PRD00343,1,244.94,0.0,244.94,130.41,Debit Card,Premium
SAL20250010237,2025-02-19,STR010,PRD00795,1,965.34,0.0,965.34,688.02,Debit Card,Corporate
SAL20250010238,2025-02-09,STR033,PRD00489,2,850.74,0.0,1701.48,1381.76,UPI,Regular
SAL20250010239,2025-02-03,STR041,PRD00592,1,365.4,0.0,365.4,218.29,UPI,Premium
SAL20250010240,2025-02-03,STR038,PRD00723,1,1757.3,0.1,1581.57,1097.96,UPI,Walk-in
SAL20250010241,2025-02-12,STR009,PRD00576,2,451.26,0.0,902.52,661.12,UPI,Walk-in
SAL20250010242,2025-02-03,STR020,PRD00765,1,1419.48,0.0,1419.48,920.94,UPI,Regular
SAL20250010243,2025-02-23,STR039,PRD00677,1,1193.37,0.0,1193.37,833.49,Cash,Regular
SAL20250010244,2025-02-08,STR034,PRD00701,1,4774.16,0.0,4774.16,3063.26,Net Banking,Premium
SAL20250010245,2025-02-26,STR017,PRD00869,1,3787.4,0.0,3787.4,2366.4,Credit Card,Walk-in
SAL20250010246,2025-02-23,STR033,PRD00740,3,3926.7,0.05,11191.09,8526.93,Credit Card,Regular
SAL20250010247,2025-02-17,STR031,PRD00606,2,516.03,0.0,1032.06,617.14,UPI,Regular
SAL20250010248,2025-02-06,STR040,PRD01047,2,844.86,0.0,1689.72,966.76,Credit Card,Walk-in
SAL20250010249,2025-02-03,STR007,PRD00571,2,201.22,0.0,402.44,286.98,UPI,Walk-in
SAL20250010250,2025-02-28,STR018,PRD00108,1,22607.14,0.0,22607.14,15802.22,UPI,Walk-in
SAL20250010251,2025-02-15,STR007,PRD01182,2,9675.4,0.0,19350.8,8531.12,UPI,Premium
SAL20250010252,2025-02-04,STR005,PRD00221,2,9230.37,0.0,18460.74,11541.78,Debit Card,Regular
SAL20250010253,2025-02-17,STR012,PRD00097,1,19452.93,0.0,19452.93,14437.86,UPI,Regular
SAL20250010254,2025-02-20,STR038,PRD00011,1,13229.12,0.0,13229.12,9834.69,Credit Card,Walk-in
SAL20250010255,2025-02-22,STR030,PRD00020,1,2507.15,0.0,2507.15,1948.29,Credit Card,Premium
SAL20250010256,2025-02-25,STR003,PRD00618,2,249.13,0.05,473.35,366.06,Cash,Premium
SAL20250010257,2025-02-11,STR027,PRD00137,1,8245.04,0.1,7420.54,6423.44,Credit Card,Premium
SAL20250010258,2025-02-12,STR017,PRD01001,3,315.54,0.0,946.62,535.11,Credit Card,Regular
SAL20250010259,2025-02-19,STR019,PRD00563,2,667.75,0.0,1335.5,867.12,UPI,Regular
SAL20250010260,2025-02-04,STR009,PRD00042,1,15775.49,0.0,15775.49,11939.67,Debit Card,Walk-in
SAL20250010261,2025-02-11,STR001,PRD01175,1,2568.19,0.1,2311.37,1572.7,UPI,Regular
SAL20250010262,2025-02-18,STR020,PRD00920,1,2715.99,0.0,2715.99,1534.46,UPI,Regular
SAL20250010263,2025-02-04,STR015,PRD00803,2,2033.91,0.0,4067.82,2449.48,UPI,Corporate
SAL20250010264,2025-02-27,STR003,PRD00418,2,378.6,0.0,757.2,630.86,UPI,Regular
SAL20250010265,2025-02-21,STR034,PRD00374,1,1242.75,0.0,1242.75,738.33,UPI,Regular
SAL20250010266,2025-02-06,STR017,PRD00019,1,9063.53,0.0,9063.53,6399.55,Net Banking,Walk-in
SAL20250010267,2025-02-25,STR028,PRD01133,4,8197.9,0.0,32791.6,15060.08,Cash,Regular
SAL20250010268,2025-02-06,STR037,PRD00194,1,5905.12,0.0,5905.12,4140.26,UPI,Walk-in
SAL20250010269,2025-02-03,STR028,PRD00889,1,2052.09,0.05,1949.49,1474.15,UPI,Regular
SAL20250010270,2025-02-15,STR036,PRD00272,2,610.52,0.05,1159.99,689.44,Credit Card,Regular
SAL20250010271,2025-02-26,STR004,PRD00174,1,698.44,0.1,628.6,523.24,UPI,Regular
SAL20250010272,2025-02-08,STR036,PRD00191,1,7660.03,0.0,7660.03,5198.25,UPI,Regular
SAL20250010273,2025-02-28,STR012,PRD00525,1,76.55,0.0,76.55,66.45,UPI,Regular
SAL20250010274,2025-02-19,STR023,PRD00868,1,1450.33,0.0,1450.33,912.21,UPI,Walk-in
SAL20250010275,2025-02-16,STR015,PRD00526,2,712.58,0.0,1425.16,1184.48,Cash,Regular
SAL20250010276,2025-02-06,STR022,PRD01016,2,253.56,0.0,507.12,322.8,Credit Card,Regular
SAL20250010277,2025-02-28,STR004,PRD00695,2,2280.88,0.0,4561.76,2552.92,UPI,Regular
SAL20250010278,2025-02-05,STR015,PRD00803,1,2033.91,0.0,2033.91,1224.74,UPI,Regular
SAL20250010279,2025-02-07,STR038,PRD00168,1,8820.25,0.0,8820.25,6611.06,Cash,Walk-in
SAL20250010280,2025-02-14,STR009,PRD00992,3,439.67,0.0,1319.01,672.51,Cash,Regular
SAL20250010281,2025-02-16,STR017,PRD01132,2,7393.47,0.0,14786.94,7782.24,Debit Card,Regular
SAL20250010282,2025-02-23,STR012,PRD00502,3,721.0,0.0,2163.0,1886.16,UPI,Walk-in
SAL20250010283,2025-02-19,STR030,PRD01170,2,1269.68,0.0,2539.36,1389.8,UPI,Regular
SAL20250010284,2025-02-21,STR023,PRD00717,3,402.54,0.05,1147.24,786.69,UPI,Premium
SAL20250010285,2025-02-19,STR025,PRD00610,4,637.82,0.0,2551.28,1654.92,Credit Card,Walk-in
SAL20250010286,2025-02-24,STR039,PRD00589,2,435.23,0.05,826.94,508.08,Credit Card,Corporate
SAL20250010287,2025-02-20,STR024,PRD00187,1,5314.8,0.0,5314.8,3364.43,UPI,Premium
SAL20250010288,2025-02-06,STR018,PRD00010,1,14520.45,0.0,14520.45,11774.44,Credit Card,Regular
SAL20250010289,2025-02-07,STR005,PRD00467,1,528.8,0.0,528.8,453.05,UPI,Regular
SAL20250010290,2025-02-07,STR019,PRD00656,2,201.0,0.0,402.0,282.2,Debit Card,Regular
SAL20250010291,2025-02-03,STR006,PRD00703,1,940.1,0.0,940.1,700.55,Credit Card,Regular
SAL20250010292,2025-02-01,STR014,PRD00431,1,614.87,0.0,614.87,521.2,UPI,Regular
SAL20250010293,2025-02-25,STR025,PRD00345,1,670.76,0.0,670.76,393.88,UPI,Regular
SAL20250010294,2025-02-02,STR005,PRD00575,1,90.77,0.0,90.77,67.08,Credit Card,Walk-in
SAL20250010295,2025-02-06,STR026,PRD00484,1,678.16,0.1,610.34,567.54,Credit Card,Regular
SAL20250010296,2025-02-24,STR016,PRD00849,1,315.58,0.0,315.58,211.78,Credit Card,Premium
SAL20250010297,2025-02-21,STR018,PRD00681,1,4114.63,0.0,4114.63,2696.18,UPI,Regular
SAL20250010298,2025-02-19,STR039,PRD00164,1,7383.75,0.0,7383.75,4728.61,UPI,Regular
SAL20250010299,2025-02-14,STR006,PRD00828,1,765.4,0.05,727.13,443.0,Credit Card,Regular
SAL20250010300,2025-02-09,STR032,PRD00222,1,8948.67,0.0,8948.67,6580.84,UPI,Walk-in
SAL20250010301,2025-02-14,STR037,PRD00103,1,4104.09,0.0,4104.09,2941.45,Credit Card,Walk-in
SAL20250010302,2025-02-07,STR007,PRD00373,1,159.48,0.1,143.53,85.54,Cash,Regular
SAL20250010303,2025-02-13,STR034,PRD00489,1,850.74,0.0,850.74,690.88,UPI,Walk-in
SAL20250010304,2025-02-28,STR013,PRD00585,4,401.86,0.0,1607.44,1158.6,UPI,Walk-in
SAL20250010305,2025-02-13,STR014,PRD00425,2,878.01,0.05,1668.22,1395.02,Net Banking,Premium
SAL20250010306,2025-02-12,STR034,PRD00290,1,747.46,0.0,747.46,478.32,Debit Card,Regular
SAL20250010307,2025-02-26,STR018,PRD00796,1,462.4,0.0,462.4,329.9,UPI,Regular
SAL20250010308,2025-02-19,STR023,PRD00656,2,201.0,0.0,402.0,282.2,Cash,Regular
SAL20250010309,2025-02-14,STR036,PRD00166,1,4039.27,0.0,4039.27,2471.0,UPI,Walk-in
SAL20250010310,2025-02-20,STR040,PRD00260,1,8853.62,0.0,8853.62,5607.87,UPI,Walk-in
SAL20250010311,2025-02-18,STR012,PRD00950,1,184.59,0.0,184.59,127.31,Debit Card,Regular
SAL20250010312,2025-02-13,STR022,PRD00854,1,2355.83,0.0,2355.83,1467.93,Credit Card,Regular
SAL20250010313,2025-02-09,STR012,PRD00065,1,10562.87,0.0,10562.87,8152.93,Credit Card,Corporate
SAL20250010314,2025-02-06,STR029,PRD00656,1,201.0,0.0,201.0,141.1,UPI,Corporate
SAL20250010315,2025-02-26,STR025,PRD00930,1,4102.13,0.0,4102.13,2365.34,Debit Card,Walk-in
SAL20250010316,2025-02-28,STR040,PRD01137,1,2009.09,0.0,2009.09,1074.27,Debit Card,Premium
SAL20250010317,2025-02-10,STR040,PRD00148,1,6813.06,0.0,6813.06,4694.28,Credit Card,Corporate
SAL20250010318,2025-02-10,STR038,PRD00129,2,19597.62,0.0,39195.24,30526.3,UPI,Premium
SAL20250010319,2025-02-13,STR002,PRD00715,1,2949.53,0.0,2949.53,1984.0,UPI,Walk-in
SAL20250010320,2025-02-20,STR037,PRD01053,5,481.32,0.0,2406.6,1563.9,UPI,Walk-in
SAL20250010321,2025-02-17,STR040,PRD00290,1,747.46,0.0,747.46,478.32,Credit Card,Corporate
SAL20250010322,2025-02-27,STR004,PRD00018,1,13116.16,0.1,11804.54,9769.19,Cash,Regular
SAL20250010323,2025-02-06,STR006,PRD01153,2,5497.78,0.05,10445.78,4999.1,UPI,Premium
SAL20250010324,2025-02-01,STR031,PRD00569,4,219.4,0.0,877.6,573.2,UPI,Walk-in
SAL20250010325,2025-02-12,STR013,PRD00552,3,296.06,0.0,888.18,584.82,UPI,Regular
SAL20250010326,2025-02-22,STR030,PRD00599,2,273.52,0.0,547.04,378.74,UPI,Walk-in
SAL20250010327,2025-02-16,STR013,PRD00773,1,733.06,0.0,733.06,518.45,Credit Card,Regular
SAL20250010328,2025-02-13,STR027,PRD00917,1,1441.59,0.0,1441.59,980.83,Credit Card,Regular
SAL20250010329,2025-02-12,STR007,PRD00777,1,3515.65,0.0,3515.65,1941.78,Net Banking,Walk-in
SAL20250010330,2025-02-06,STR032,PRD00058,2,3380.1,0.0,6760.2,5137.0,Credit Card,Walk-in
SAL20250010331,2025-02-26,STR015,PRD01033,5,703.74,0.0,3518.7,1893.45,Credit Card,Walk-in
SAL20250010332,2025-02-17,STR004,PRD00829,1,2093.34,0.0,2093.34,1538.87,UPI,Walk-in
SAL20250010333,2025-02-12,STR015,PRD00066,1,7423.58,0.0,7423.58,5820.76,Cash,Premium
SAL20250010334,2025-02-15,STR014,PRD00051,1,18906.15,0.0,18906.15,13812.18,Cash,Regular
SAL20250010335,2025-02-20,STR024,PRD00436,1,630.05,0.0,630.05,507.7,UPI,Regular
SAL20250010336,2025-02-06,STR039,PRD00376,1,1476.13,0.0,1476.13,682.99,Credit Card,Regular
SAL20250010337,2025-02-23,STR009,PRD01063,6,747.32,0.0,4483.92,2930.34,UPI,Regular
SAL20250010338,2025-02-12,STR015,PRD00477,2,121.21,0.0,242.42,195.32,Cash,Premium
SAL20250010339,2025-02-20,STR002,PRD01147,1,6760.77,0.0,6760.77,3863.28,Net Banking,Premium
SAL20250010340,2025-02-16,STR035,PRD01008,1,227.58,0.0,227.58,142.0,Cash,Walk-in
SAL20250010341,2025-02-10,STR027,PRD00500,6,936.13,0.1,5055.1,4545.18,Cash,Regular
SAL20250010342,2025-02-10,STR028,PRD00320,3,273.23,0.0,819.69,449.97,Cash,Regular
SAL20250010343,2025-02-16,STR015,PRD00681,2,4114.63,0.0,8229.26,5392.36,UPI,Regular
SAL20250010344,2025-02-19,STR033,PRD00095,1,18324.65,0.0,18324.65,13913.8,Cash,Walk-in
SAL20250010345,2025-02-19,STR025,PRD00814,3,3265.17,0.0,9795.51,5668.11,Debit Card,Regular
SAL20250010346,2025-02-14,STR041,PRD00412,4,576.41,0.0,2305.64,1819.0,UPI,Walk-in
SAL20250010347,2025-02-19,STR009,PRD00705,2,488.73,0.0,977.46,656.86,Credit Card,Walk-in
SAL20250010348,2025-02-13,STR025,PRD01157,1,8076.82,0.05,7672.98,4265.41,UPI,Regular
SAL20250010349,2025-02-25,STR007,PRD00493,2,517.33,0.0,1034.66,893.0,Debit Card,Corporate
SAL20250010350,2025-02-05,STR021,PRD00646,2,108.22,0.0,216.44,131.58,Credit Card,Premium
SAL20250010351,2025-02-05,STR016,PRD00546,6,854.43,0.05,4870.25,2843.4,UPI,Walk-in
SAL20250010352,2025-02-02,STR026,PRD00592,1,365.4,0.0,365.4,218.29,Credit Card,Premium
SAL20250010353,2025-02-15,STR037,PRD00589,1,435.23,0.0,435.23,254.04,Net Banking,Regular
SAL20250010354,2025-02-20,STR011,PRD00090,2,8184.6,0.05,15550.74,11113.72,Credit Card,Regular
SAL20250010355,2025-02-28,STR016,PRD00778,1,875.87,0.0,875.87,569.54,Cash,Regular
SAL20250010356,2025-02-20,STR007,PRD00888,2,2557.48,0.0,5114.96,3450.08,Debit Card,Walk-in
SAL20250010357,2025-02-26,STR002,PRD01082,1,1474.53,0.0,1474.53,797.26,Debit Card,Regular
SAL20250010358,2025-02-20,STR016,PRD01137,2,2009.09,0.05,3817.27,2148.54,Credit Card,Premium
SAL20250010359,2025-02-27,STR035,PRD00211,1,6731.6,0.0,6731.6,4925.05,Debit Card,Walk-in
SAL20250010360,2025-02-16,STR033,PRD00896,3,255.31,0.0,765.93,435.09,Credit Card,Regular
SAL20250010361,2025-02-01,STR020,PRD00712,1,1580.0,0.0,1580.0,947.15,Cash,Premium
SAL20250010362,2025-02-22,STR039,PRD00209,2,4015.2,0.0,8030.4,5435.84,Debit Card,Walk-in
SAL20250010363,2025-02-13,STR005,PRD00509,2,888.38,0.0,1776.76,1348.66,UPI,Walk-in
SAL20250010364,2025-02-28,STR008,PRD00200,1,1880.51,0.0,1880.51,1363.43,Debit Card,Regular
SAL20250010365,2025-02-06,STR032,PRD01061,1,1015.91,0.0,1015.91,535.53,UPI,Walk-in
SAL20250010366,2025-02-03,STR001,PRD00764,3,3332.71,0.0,9998.13,5508.33,Credit Card,Walk-in
SAL20250010367,2025-02-07,STR020,PRD01121,1,2103.52,0.0,2103.52,974.58,Credit Card,Premium
SAL20250010368,2025-02-24,STR018,PRD00224,1,4670.9,0.0,4670.9,3440.61,Credit Card,Regular
SAL20250010369,2025-02-24,STR034,PRD00045,1,17414.18,0.0,17414.18,13822.18,Credit Card,Regular
SAL20250010370,2025-02-23,STR037,PRD01184,1,6927.53,0.05,6581.15,3182.7,UPI,Corporate
SAL20250010371,2025-02-28,STR005,PRD00967,2,44.43,0.1,79.97,57.08,Credit Card,Regular
SAL20250010372,2025-02-22,STR011,PRD00124,1,10921.57,0.0,10921.57,7123.55,UPI,Premium
SAL20250010373,2025-02-18,STR040,PRD00610,2,637.82,0.0,1275.64,827.46,Credit Card,Walk-in
SAL20250010374,2025-02-17,STR034,PRD00833,1,1761.67,0.0,1761.67,979.92,Net Banking,Regular
SAL20250010375,2025-02-08,STR036,PRD00333,1,1043.83,0.0,1043.83,554.4,UPI,Walk-in
SAL20250010376,2025-02-18,STR023,PRD00723,1,1757.3,0.0,1757.3,1097.96,UPI,Walk-in
SAL20250010377,2025-02-22,STR031,PRD00441,1,853.01,0.0,853.01,707.08,UPI,Premium
SAL20250010378,2025-02-18,STR006,PRD00739,2,2279.96,0.05,4331.92,3082.84,Net Banking,Walk-in
SAL20250010379,2025-02-24,STR009,PRD00216,1,11614.64,0.0,11614.64,7226.78,Credit Card,Regular
SAL20250010380,2025-02-23,STR019,PRD00703,1,940.1,0.1,846.09,700.55,Credit Card,Walk-in
SAL20250010381,2025-02-03,STR013,PRD00010,1,14520.45,0.0,14520.45,11774.44,Credit Card,Premium
SAL20250010382,2025-02-24,STR032,PRD00207,1,9083.73,0.0,9083.73,6742.14,Debit Card,Walk-in
SAL20250010383,2025-02-17,STR029,PRD00294,2,1047.83,0.0,2095.66,1306.08,Debit Card,Regular
SAL20250010384,2025-02-02,STR041,PRD00846,1,1551.36,0.0,1551.36,1102.23,UPI,Walk-in
SAL20250010385,2025-02-05,STR016,PRD01082,1,1474.53,0.05,1400.8,797.26,Debit Card,Walk-in
SAL20250010386,2025-02-19,STR032,PRD00807,1,667.9,0.0,667.9,429.52,Credit Card,Walk-in
SAL20250010387,2025-02-06,STR018,PRD00406,4,663.68,0.05,2521.98,2132.24,UPI,Walk-in
SAL20250010388,2025-02-11,STR009,PRD00419,3,950.16,0.0,2850.48,2291.76,Debit Card,Regular
SAL20250010389,2025-02-15,STR007,PRD00033,1,2653.86,0.0,2653.86,1783.28,Credit Card,Walk-in
SAL20250010390,2025-02-15,STR013,PRD00419,4,950.16,0.0,3800.64,3055.68,Cash,Walk-in
SAL20250010391,2025-02-21,STR001,PRD01099,1,4242.7,0.0,4242.7,2721.85,UPI,Regular
SAL20250010392,2025-02-08,STR023,PRD00434,1,648.17,0.0,648.17,538.79,Cash,Walk-in
SAL20250010393,2025-02-25,STR009,PRD00245,1,6730.38,0.05,6393.86,4429.31,UPI,Premium
SAL20250010394,2025-02-27,STR032,PRD01059,1,553.69,0.0,553.69,368.36,Credit Card,Walk-in
SAL20250010395,2025-02-16,STR019,PRD00242,1,3336.56,0.0,3336.56,2557.66,Debit Card,Regular
SAL20250010396,2025-02-22,STR017,PRD00842,2,1322.87,0.1,2381.17,1913.76,Cash,Premium
SAL20250010397,2025-02-08,STR029,PRD00102,2,21236.57,0.1,38225.83,32282.34,Net Banking,Premium
SAL20250010398,2025-02-27,STR006,PRD00098,2,13136.22,0.0,26272.44,20412.02,Credit Card,Regular
SAL20250010399,2025-02-03,STR006,PRD00322,1,839.74,0.0,839.74,587.36,Credit Card,Walk-in
SAL20250010400,2025-02-27,STR017,PRD00701,1,4774.16,0.0,4774.16,3063.26,Credit Card,Regular
SAL20250010401,2025-02-20,STR027,PRD00788,2,3329.23,0.0,6658.46,4210.4,UPI,Walk-in
SAL20250010402,2025-02-07,STR032,PRD00901,1,3120.68,0.0,3120.68,2071.57,Credit Card,Regular
SAL20250010403,2025-02-08,STR003,PRD00887,1,2006.5,0.05,1906.17,1169.69,Credit Card,Walk-in
SAL20250010404,2025-02-18,STR037,PRD00519,4,818.33,0.0,3273.32,2571.6,UPI,Regular
SAL20250010405,2025-02-23,STR028,PRD00542,4,534.65,0.0,2138.6,1367.24,UPI,Premium
SAL20250010406,2025-02-05,STR029,PRD00506,2,725.03,0.0,1450.06,1158.2,Credit Card,Walk-in
SAL20250010407,2025-02-04,STR027,PRD00822,1,3937.8,0.0,3937.8,2399.9,Cash,Premium
SAL20250010408,2025-02-04,STR002,PRD01063,3,747.32,0.0,2241.96,1465.17,Cash,Premium
SAL20250010409,2025-02-24,STR040,PRD00896,1,255.31,0.0,255.31,145.03,Credit Card,Regular
SAL20250010410,2025-02-12,STR039,PRD00124,1,10921.57,0.0,10921.57,7123.55,UPI,Regular
SAL20250010411,2025-02-23,STR023,PRD00776,1,1145.74,0.0,1145.74,684.76,Cash,Regular
SAL20250010412,2025-02-12,STR033,PRD01034,2,310.11,0.0,620.22,435.44,Credit Card,Premium
SAL20250010413,2025-02-05,STR019,PRD00122,1,23504.26,0.0,23504.26,16366.57,UPI,Regular
SAL20250010414,2025-02-22,STR017,PRD00097,1,19452.93,0.0,19452.93,14437.86,UPI,Regular
SAL20250010415,2025-02-22,STR010,PRD00692,4,1997.13,0.0,7988.52,5783.6,Net Banking,Walk-in
SAL20250010416,2025-02-19,STR025,PRD00496,3,1047.75,0.0,3143.25,2707.32,Credit Card,Regular
SAL20250010417,2025-02-11,STR037,PRD00604,1,254.69,0.0,254.69,151.9,UPI,Walk-in
SAL20250010418,2025-02-03,STR030,PRD00342,1,1186.13,0.0,1186.13,698.17,UPI,Premium
SAL20250010419,2025-02-24,STR034,PRD00962,1,708.41,0.0,708.41,395.68,Credit Card,Walk-in
SAL20250010420,2025-02-27,STR028,PRD00552,1,296.06,0.0,296.06,194.94,Credit Card,Regular
SAL20250010421,2025-02-01,STR008,PRD01153,3,5497.78,0.05,15668.67,7498.65,Credit Card,Walk-in
SAL20250010422,2025-02-02,STR012,PRD00170,1,1380.75,0.0,1380.75,918.49,Credit Card,Regular
SAL20250010423,2025-02-13,STR026,PRD00003,3,810.89,0.05,2311.04,1602.72,UPI,Corporate
SAL20250010424,2025-02-26,STR041,PRD00405,1,917.35,0.0,917.35,803.86,UPI,Regular
SAL20250010425,2025-02-12,STR009,PRD01156,1,3916.29,0.05,3720.48,2267.77,Cash,Regular
SAL20250010426,2025-02-19,STR033,PRD00152,1,8357.62,0.0,8357.62,5421.82,UPI,Walk-in
SAL20250010427,2025-02-08,STR034,PRD01096,1,3066.12,0.0,3066.12,1714.26,UPI,Walk-in
SAL20250010428,2025-02-21,STR032,PRD01159,2,3270.67,0.0,6541.34,2998.52,UPI,Regular
SAL20250010429,2025-02-02,STR011,PRD00475,4,749.71,0.0,2998.84,2275.84,Credit Card,Walk-in
SAL20250010430,2025-02-13,STR001,PRD00117,1,5653.79,0.1,5088.41,4053.02,Cash,Regular
SAL20250010431,2025-02-05,STR020,PRD00195,1,4088.9,0.1,3680.01,3108.85,UPI,Walk-in
SAL20250010432,2025-02-24,STR014,PRD00416,1,833.51,0.05,791.83,691.79,Credit Card,Regular
SAL20250010433,2025-02-02,STR037,PRD00281,1,679.79,0.0,679.79,393.52,UPI,Premium
SAL20250010434,2025-02-12,STR007,PRD00723,1,1757.3,0.0,1757.3,1097.96,UPI,Walk-in
SAL20250010435,2025-02-23,STR031,PRD00571,1,201.22,0.1,181.1,143.49,Credit Card,Walk-in
SAL20250010436,2025-02-14,STR018,PRD00276,1,499.9,0.0,499.9,292.67,UPI,Premium
SAL20250010437,2025-02-14,STR032,PRD00174,1,698.44,0.0,698.44,523.24,UPI,Regular
SAL20250010438,2025-02-18,STR010,PRD00342,1,1186.13,0.0,1186.13,698.17,Credit Card,Regular
SAL20250010439,2025-02-17,STR002,PRD01031,2,1036.47,0.0,2072.94,1046.74,Credit Card,Regular
SAL20250010440,2025-02-16,STR001,PRD00888,2,2557.48,0.0,5114.96,3450.08,Cash,Walk-in
SAL20250010441,2025-02-13,STR007,PRD00301,2,189.19,0.05,359.46,260.54,UPI,Walk-in
SAL20250010442,2025-02-20,STR010,PRD01038,4,565.57,0.05,2149.17,1213.36,UPI,Walk-in
SAL20250010443,2025-02-20,STR033,PRD00407,3,687.91,0.0,2063.73,1600.2,Credit Card,Regular
SAL20250010444,2025-02-10,STR018,PRD00252,1,10910.07,0.0,10910.07,7523.25,UPI,Regular
SAL20250010445,2025-02-09,STR012,PRD01089,4,8670.13,0.0,34680.52,15188.08,Credit Card,Regular
SAL20250010446,2025-02-12,STR005,PRD00166,1,4039.27,0.0,4039.27,2471.0,UPI,Walk-in
SAL20250010447,2025-02-06,STR017,PRD00747,1,1306.66,0.0,1306.66,960.16,Debit Card,Regular
SAL20250010448,2025-02-10,STR027,PRD00472,3,554.85,0.0,1664.55,1334.7,UPI,Regular
SAL20250010449,2025-02-25,STR017,PRD00994,1,1224.56,0.0,1224.56,633.19,UPI,Premium
SAL20250010450,2025-02-22,STR016,PRD01173,1,1034.88,0.0,1034.88,495.72,Net Banking,Walk-in
SAL20250010451,2025-02-19,STR002,PRD00217,1,8159.94,0.0,8159.94,5298.43,UPI,Walk-in
SAL20250010452,2025-02-05,STR016,PRD01016,4,253.56,0.0,1014.24,645.6,UPI,Regular
SAL20250010453,2025-02-07,STR041,PRD00095,1,18324.65,0.0,18324.65,13913.8,UPI,Walk-in
SAL20250010454,2025-02-08,STR003,PRD00314,4,610.16,0.0,2440.64,1489.64,Net Banking,Premium
SAL20250010455,2025-02-13,STR016,PRD00351,2,802.18,0.0,1604.36,1006.48,UPI,Regular
SAL20250010456,2025-02-17,STR040,PRD00595,2,524.85,0.0,1049.7,729.04,Credit Card,Regular
SAL20250010457,2025-02-23,STR027,PRD00560,1,314.33,0.0,314.33,218.79,UPI,Regular
SAL20250010458,2025-02-14,STR033,PRD00454,3,238.81,0.0,716.43,546.9,Credit Card,Regular
SAL20250010459,2025-02-03,STR031,PRD00976,1,1125.69,0.0,1125.69,582.61,Debit Card,Walk-in
SAL20250010460,2025-02-21,STR016,PRD00434,1,648.17,0.0,648.17,538.79,UPI,Regular
SAL20250010461,2025-02-21,STR022,PRD00706,1,3862.25,0.0,3862.25,2444.01,Credit Card,Walk-in
SAL20250010462,2025-02-02,STR025,PRD00779,1,1606.83,0.0,1606.83,998.29,Debit Card,Walk-in
SAL20250010463,2025-02-13,STR036,PRD00730,3,3497.66,0.1,9443.68,7742.79,UPI,Premium
SAL20250010464,2025-02-07,STR035,PRD00810,2,406.14,0.0,812.28,522.2,Credit Card,Regular
SAL20250010465,2025-02-25,STR003,PRD00148,3,6813.06,0.0,20439.18,14082.84,UPI,Premium
SAL20250010466,2025-02-23,STR018,PRD00763,1,3968.33,0.0,3968.33,2850.9,UPI,Regular
SAL20250010467,2025-02-06,STR013,PRD01136,1,7702.34,0.0,7702.34,4125.05,UPI,Walk-in
SAL20250010468,2025-02-18,STR006,PRD00997,2,893.9,0.0,1787.8,1249.38,UPI,Walk-in
SAL20250010469,2025-02-12,STR008,PRD00577,3,262.74,0.0,788.22,567.84,Credit Card,Regular
SAL20250010470,2025-02-05,STR014,PRD00964,1,842.84,0.0,842.84,575.19,Cash,Premium
SAL20250010471,2025-02-20,STR003,PRD00518,1,1000.64,0.0,1000.64,768.43,Credit Card,Regular
SAL20250010472,2025-02-24,STR020,PRD00186,1,7826.08,0.0,7826.08,5124.89,Credit Card,Walk-in
SAL20250010473,2025-02-09,STR034,PRD00738,2,984.8,0.0,1969.6,1374.08,Credit Card,Regular
SAL20250010474,2025-02-09,STR033,PRD00417,4,788.29,0.0,3153.16,2646.84,UPI,Regular
SAL20250010475,2025-02-25,STR005,PRD00219,1,1404.86,0.1,1264.37,998.92,UPI,Regular
SAL20250010476,2025-02-28,STR036,PRD00906,1,3449.48,0.0,3449.48,2116.22,UPI,Premium
SAL20250010477,2025-02-27,STR018,PRD00048,1,26663.85,0.05,25330.66,18297.1,UPI,Walk-in
SAL20250010478,2025-02-26,STR009,PRD00290,1,747.46,0.0,747.46,478.32,Credit Card,Regular
SAL20250010479,2025-02-01,STR041,PRD01194,4,6442.41,0.05,24481.16,15540.72,Credit Card,Walk-in
SAL20250010480,2025-02-27,STR013,PRD01115,1,4843.87,0.0,4843.87,2404.35,Cash,Regular
SAL20250010481,2025-02-17,STR023,PRD00716,3,1780.84,0.1,4808.27,3022.38,Credit Card,Walk-in
SAL20250010482,2025-02-12,STR024,PRD00103,2,4104.09,0.0,8208.18,5882.9,Cash,Regular
SAL20250010483,2025-02-18,STR005,PRD00788,1,3329.23,0.0,3329.23,2105.2,Credit Card,Regular
SAL20250010484,2025-02-11,STR038,PRD00016,1,12816.4,0.0,12816.4,9433.57,UPI,Walk-in
SAL20250010485,2025-02-21,STR031,PRD00734,3,817.34,0.0,2452.02,1409.37,UPI,Regular
SAL20250010486,2025-02-21,STR023,PRD01175,1,2568.19,0.0,2568.19,1572.7,UPI,Regular
SAL20250010487,2025-02-27,STR027,PRD00279,1,704.62,0.0,704.62,445.92,Credit Card,Regular
SAL20250010488,2025-02-23,STR001,PRD00213,1,7822.44,0.0,7822.44,5597.11,UPI,Walk-in
SAL20250010489,2025-02-24,STR031,PRD00153,1,12724.66,0.0,12724.66,7922.12,Cash,Walk-in
SAL20250010490,2025-02-16,STR012,PRD01032,5,117.65,0.05,558.84,351.0,Credit Card,Regular
SAL20250010491,2025-02-11,STR019,PRD00898,1,3032.43,0.0,3032.43,1834.2,UPI,Regular
SAL20250010492,2025-02-09,STR020,PRD01074,1,6150.42,0.0,6150.42,3269.15,UPI,Walk-in
SAL20250010493,2025-02-16,STR011,PRD00446,1,1037.38,0.0,1037.38,881.41,UPI,Regular
SAL20250010494,2025-02-21,STR027,PRD00584,1,232.29,0.0,232.29,142.35,Cash,Regular
SAL20250010495,2025-02-15,STR014,PRD00976,1,1125.69,0.0,1125.69,582.61,Credit Card,Corporate
SAL20250010496,2025-02-05,STR013,PRD01126,2,2931.04,0.0,5862.08,3302.74,UPI,Regular
SAL20250010497,2025-02-13,STR013,PRD00996,3,577.22,0.0,1731.66,988.17,Debit Card,Walk-in
SAL20250010498,2025-02-09,STR010,PRD00650,5,429.23,0.0,2146.15,1246.55,Credit Card,Regular
SAL20250010499,2025-02-12,STR037,PRD00240,2,10596.37,0.0,21192.74,14781.46,UPI,Corporate
SAL20250010500,2025-02-01,STR033,PRD00526,2,712.58,0.0,1425.16,1184.48,Credit Card,Premium
SAL20250010501,2025-02-16,STR028,PRD00790,2,1379.35,0.0,2758.7,1805.44,Credit Card,Regular
SAL20250010502,2025-02-18,STR035,PRD00840,1,2736.67,0.0,2736.67,1682.08,Credit Card,Regular
SAL20250010503,2025-02-27,STR027,PRD01190,4,7433.72,0.0,29734.88,15081.24,Credit Card,Walk-in
SAL20250010504,2025-02-21,STR013,PRD00839,3,2839.58,0.0,8518.74,5444.91,UPI,Regular
SAL20250010505,2025-02-20,STR040,PRD00765,1,1419.48,0.0,1419.48,920.94,Credit Card,Premium
SAL20250010506,2025-02-22,STR010,PRD00602,1,328.03,0.0,328.03,207.28,UPI,Premium
SAL20250010507,2025-02-09,STR041,PRD00240,3,10596.37,0.0,31789.11,22172.19,Credit Card,Walk-in
SAL20250010508,2025-02-15,STR002,PRD00502,1,721.0,0.0,721.0,628.72,Debit Card,Walk-in
SAL20250010509,2025-02-07,STR006,PRD00382,1,534.11,0.0,534.11,292.91,Debit Card,Premium
SAL20250010510,2025-02-06,STR036,PRD01182,2,9675.4,0.0,19350.8,8531.12,UPI,Regular
SAL20250010511,2025-02-09,STR019,PRD00548,1,172.01,0.0,172.01,120.36,Net Banking,Regular
SAL20250010512,2025-02-07,STR037,PRD00257,1,3131.42,0.05,2974.85,2145.77,Credit Card,Regular
SAL20250010513,2025-02-15,STR012,PRD00064,1,2458.4,0.05,2335.48,1830.7,Credit Card,Walk-in
SAL20250010514,2025-02-05,STR040,PRD00030,1,17262.94,0.0,17262.94,12589.59,UPI,Walk-in
SAL20250010515,2025-02-01,STR032,PRD00756,1,3090.95,0.0,3090.95,2208.4,Cash,Regular
SAL20250010516,2025-02-03,STR009,PRD00257,1,3131.42,0.05,2974.85,2145.77,UPI,Walk-in
SAL20250010517,2025-02-26,STR040,PRD00884,2,1777.05,0.0,3554.1,2172.68,UPI,Premium
SAL20250010518,2025-02-03,STR020,PRD00838,2,1522.8,0.05,2893.32,2093.7,Credit Card,Walk-in
SAL20250010519,2025-02-24,STR037,PRD00781,1,2809.53,0.0,2809.53,2070.84,UPI,Walk-in
SAL20250010520,2025-02-25,STR041,PRD01123,1,3145.87,0.0,3145.87,1902.26,Cash,Premium
SAL20250010521,2025-02-07,STR037,PRD00696,1,1599.77,0.0,1599.77,1080.02,UPI,Regular
SAL20250010522,2025-02-07,STR003,PRD00559,3,674.89,0.1,1822.2,1264.68,Credit Card,Walk-in
SAL20250010523,2025-02-05,STR017,PRD00392,1,436.74,0.0,436.74,242.28,Debit Card,Regular
SAL20250010524,2025-02-01,STR001,PRD01011,1,265.01,0.0,265.01,149.69,UPI,Regular
SAL20250010525,2025-02-26,STR038,PRD00235,1,11077.6,0.0,11077.6,6683.62,UPI,Regular
SAL20250010526,2025-02-17,STR014,PRD00686,2,3692.38,0.0,7384.76,4227.66,Net Banking,Premium
SAL20250010527,2025-02-23,STR017,PRD00578,2,577.23,0.1,1039.01,845.62,Cash,Walk-in
SAL20250010528,2025-02-22,STR011,PRD00500,4,936.13,0.0,3744.52,3030.12,UPI,Regular
SAL20250010529,2025-02-15,STR011,PRD00679,2,2876.53,0.0,5753.06,3731.08,UPI,Premium
SAL20250010530,2025-02-06,STR032,PRD01154,2,1216.46,0.0,2432.92,1222.92,Credit Card,Corporate
SAL20250010531,2025-02-10,STR030,PRD00785,1,4604.98,0.0,4604.98,2754.83,Credit Card,Walk-in
SAL20250010532,2025-02-19,STR012,PRD00581,1,310.86,0.05,295.32,198.71,Credit Card,Regular
SAL20250010533,2025-02-28,STR033,PRD00596,3,666.12,0.0,1998.36,1193.73,UPI,Walk-in
SAL20250010534,2025-02-06,STR027,PRD00649,2,333.14,0.0,666.28,477.92,Credit Card,Walk-in
SAL20250010535,2025-02-15,STR041,PRD01056,2,449.88,0.0,899.76,604.02,Cash,Walk-in
SAL20250010536,2025-02-21,STR009,PRD01128,1,2522.35,0.0,2522.35,1440.68,UPI,Walk-in
SAL20250010537,2025-02-26,STR010,PRD00908,1,2285.46,0.0,2285.46,1340.06,UPI,Regular
SAL20250010538,2025-02-17,STR006,PRD00642,2,467.68,0.0,935.36,580.44,Debit Card,Walk-in
SAL20250010539,2025-02-18,STR001,PRD00751,2,3034.29,0.0,6068.58,3880.72,UPI,Regular
SAL20250010540,2025-02-19,STR012,PRD01128,1,2522.35,0.0,2522.35,1440.68,UPI,Regular
SAL20250010541,2025-02-09,STR014,PRD01097,1,4205.24,0.0,4205.24,2054.25,UPI,Walk-in
SAL20250010542,2025-02-02,STR013,PRD01089,2,8670.13,0.0,17340.26,7594.04,UPI,Regular
SAL20250010543,2025-02-21,STR025,PRD00836,2,605.3,0.0,1210.6,816.24,Debit Card,Regular
SAL20250010544,2025-02-18,STR017,PRD00272,1,610.52,0.0,610.52,344.72,Debit Card,Regular
SAL20250010545,2025-02-01,STR001,PRD00832,1,1859.75,0.0,1859.75,1370.28,Net Banking,Walk-in
SAL20250010546,2025-02-05,STR024,PRD01121,1,2103.52,0.0,2103.52,974.58,Debit Card,Regular
SAL20250010547,2025-02-05,STR014,PRD00985,3,79.43,0.0,238.29,165.18,Credit Card,Regular
SAL20250010548,2025-02-02,STR024,PRD00529,5,569.27,0.0,2846.35,2451.55,Credit Card,Regular
SAL20250010549,2025-02-05,STR009,PRD00524,2,128.85,0.0,257.7,213.0,Credit Card,Premium
SAL20250010550,2025-02-13,STR030,PRD00642,1,467.68,0.1,420.91,290.22,Net Banking,Premium
SAL20250010551,2025-02-26,STR032,PRD00970,3,370.51,0.0,1111.53,719.31,Debit Card,Regular
SAL20250010552,2025-02-01,STR038,PRD00498,3,178.55,0.0,535.65,414.45,UPI,Premium
SAL20250010553,2025-02-16,STR011,PRD01167,2,1364.58,0.0,2729.16,1671.32,UPI,Walk-in
SAL20250010554,2025-02-22,STR010,PRD00903,2,433.92,0.05,824.45,550.82,UPI,Regular
SAL20250010555,2025-02-24,STR016,PRD00664,1,181.84,0.1,163.66,109.21,Credit Card,Regular
SAL20250010556,2025-02-14,STR041,PRD00654,1,474.17,0.0,474.17,324.39,Credit Card,Regular
SAL20250010557,2025-02-25,STR030,PRD00055,1,18236.77,0.0,18236.77,12233.04,UPI,Corporate
SAL20250010558,2025-02-08,STR011,PRD00917,2,1441.59,0.0,2883.18,1961.66,Cash,Regular
SAL20250010559,2025-02-14,STR027,PRD00339,2,831.47,0.0,1662.94,996.34,UPI,Walk-in
SAL20250010560,2025-02-25,STR025,PRD01090,1,4828.9,0.0,4828.9,3064.56,Net Banking,Regular
SAL20250010561,2025-02-05,STR004,,1,2838.89,0.1,2555.0,1889.59,Credit Card,Premium
SAL20250010562,2025-02-07,STR030,PRD00217,2,8159.94,0.0,16319.88,10596.86,Debit Card,Regular
SAL20250010563,2025-02-24,STR003,PRD01015,1,771.47,0.0,771.47,541.12,Cash,Walk-in
SAL20250010564,2025-02-04,STR040,PRD00181,1,4428.73,0.0,4428.73,3239.36,Credit Card,Regular
SAL20250010565,2025-02-05,STR035,PRD00285,4,1499.26,0.05,5697.19,3075.04,UPI,Premium
SAL20250010566,2025-02-12,STR030,PRD00693,2,2512.22,0.0,5024.44,3342.84,UPI,Regular
SAL20250010567,2025-02-24,STR012,PRD01011,2,265.01,0.0,530.02,299.38,Net Banking,Regular
SAL20250010568,2025-02-06,STR037,PRD00391,2,716.46,0.0,1432.92,694.82,Cash,Premium
SAL20250010569,2025-02-25,STR006,PRD00183,1,6835.62,0.1,6152.06,4488.56,Credit Card,Regular
SAL20250010570,2025-02-28,STR008,PRD00897,1,3626.87,0.0,3626.87,2369.21,UPI,Corporate
SAL20250010571,2025-02-05,STR029,PRD01079,1,323.52,0.0,323.52,191.54,UPI,Regular
SAL20250010572,2025-02-10,STR035,PRD00716,4,1780.84,0.0,7123.36,4029.84,Credit Card,Regular
SAL20250010573,2025-02-18,STR009,PRD00167,1,8410.2,0.0,8410.2,5523.21,Cash,Regular
SAL20250010574,2025-02-16,STR006,PRD01196,4,1369.18,0.0,5476.72,2387.56,UPI,Regular
SAL20250010575,2025-02-28,STR020,PRD00632,1,758.72,0.1,682.85,430.06,UPI,Premium
SAL20250010576,2025-02-25,STR013,PRD00778,1,875.87,0.0,875.87,569.54,Credit Card,Walk-in
SAL20250010577,2025-02-03,STR021,PRD00318,1,184.33,0.0,184.33,118.77,Debit Card,Walk-in
SAL20250010578,2025-02-22,STR032,PRD00286,1,390.77,0.0,390.77,253.34,UPI,Premium
SAL20250010579,2025-02-22,STR008,PRD00400,1,920.96,0.0,920.96,551.48,UPI,Regular
SAL20250010580,2025-02-25,STR032,PRD00542,3,534.65,0.0,1603.95,1025.43,UPI,Regular
SAL20250010581,2025-02-17,STR012,PRD00953,1,80.84,0.0,80.84,57.97,Cash,Walk-in
SAL20250010582,2025-02-14,STR038,PRD00424,2,428.73,0.0,857.46,754.48,UPI,Walk-in
SAL20250010583,2025-02-06,STR002,PRD00022,1,22149.39,0.05,21041.92,16337.37,UPI,Walk-in
SAL20250010584,2025-02-16,STR041,PRD01104,1,7758.33,0.1,6982.5,3488.36,Credit Card,Corporate
SAL20250010585,2025-02-23,STR015,PRD00436,5,630.05,0.0,3150.25,2538.5,UPI,Regular
SAL20250010586,2025-02-05,STR023,PRD00851,2,2659.29,0.1,4786.72,3854.78,Net Banking,Regular
SAL20250010587,2025-02-11,STR016,PRD00748,1,2656.98,0.1,2391.28,1815.38,Credit Card,Regular
SAL20250010588,2025-02-24,STR018,PRD00649,1,333.14,0.0,333.14,238.96,Cash,Regular
SAL20250010589,2025-02-10,STR017,PRD01192,2,7158.24,0.0,14316.48,8131.96,UPI,Walk-in
SAL20250010590,2025-02-26,STR013,PRD00995,2,585.44,0.0,1170.88,835.44,Net Banking,Walk-in
SAL20250010591,2025-02-27,STR036,PRD00078,1,9036.37,0.1,8132.73,6491.36,UPI,Walk-in
SAL20250010592,2025-02-18,STR024,PRD00890,2,891.3,0.0,1782.6,1071.86,Credit Card,Walk-in
SAL20250010593,2025-02-02,STR002,PRD00242,1,3336.56,0.0,3336.56,2557.66,UPI,Premium
SAL20250010594,2025-02-02,STR022,PRD00450,1,377.7,0.0,377.7,290.54,UPI,Regular
SAL20250010595,2025-02-25,STR039,PRD00790,1,1379.35,0.0,1379.35,902.72,Debit Card,Regular
SAL20250010596,2025-02-23,STR009,PRD00591,6,500.81,0.0,3004.86,2182.38,UPI,Premium
SAL20250010597,2025-02-03,STR038,PRD00614,2,52.25,0.0,104.5,68.56,UPI,Walk-in
SAL20250010598,2025-02-08,STR005,PRD00680,1,3900.49,0.0,3900.49,2805.0,Credit Card,Regular
SAL20250010599,2025-02-22,STR003,PRD00773,1,733.06,0.1,659.75,518.45,Credit Card,Regular
SAL20250010600,2025-02-26,STR037,PRD00671,2,327.72,0.0,655.44,416.02,UPI,Walk-in
SAL20250010601,2025-02-10,STR020,PRD00448,2,612.68,0.0,1225.36,1037.12,Cash,Regular
SAL20250010602,2025-02-11,STR002,PRD00463,1,933.21,0.0,933.21,747.47,Net Banking,Walk-in
SAL20250010603,2025-02-17,STR008,PRD01032,2,117.65,0.0,235.3,140.4,UPI,Regular
SAL20250010604,2025-02-27,STR026,PRD00759,1,4285.9,0.0,4285.9,2644.58,UPI,Walk-in
SAL20250010605,2025-02-07,STR019,PRD01022,10,1023.04,0.0,10230.4,6285.1,UPI,Regular
SAL20250010606,2025-02-19,STR030,PRD01072,3,354.49,0.0,1063.47,660.0,UPI,Regular
SAL20250010607,2025-02-03,STR031,PRD00201,1,2838.89,0.1,2555.0,1889.59,UPI,Regular
SAL20250010608,2025-02-25,STR036,PRD00143,1,11610.06,0.0,11610.06,8058.06,Debit Card,Walk-in
SAL20250010609,2025-02-28,STR025,PRD00124,1,10921.57,0.0,10921.57,7123.55,Debit Card,Regular
SAL20250010610,2025-02-07,STR008,PRD00936,2,964.58,0.05,1832.7,1241.06,UPI,Walk-in
SAL20250010611,2025-02-21,STR038,PRD00878,2,1229.84,0.0,2459.68,1593.12,Credit Card,Walk-in
SAL20250010612,2025-02-24,STR029,PRD01137,1,2009.09,0.05,1908.64,1074.27,Cash,Walk-in
SAL20250010613,2025-02-11,STR013,PRD01110,2,1048.97,0.0,2097.94,1162.22,UPI,Regular
SAL20250010614,2025-02-16,STR020,PRD00001,1,21322.84,0.0,21322.84,15337.08,UPI,Regular
SAL20250010615,2025-02-09,STR016,PRD00058,1,3380.1,0.0,3380.1,2568.5,Credit Card,Regular
SAL20250010616,2025-02-03,STR033,PRD00151,2,5709.55,0.05,10848.15,7467.3,Credit Card,Regular
SAL20250010617,2025-02-06,STR021,PRD00514,2,1177.91,0.05,2238.03,1828.66,Debit Card,Regular
SAL20250010618,2025-02-21,STR037,PRD00905,2,2497.02,0.0,4994.04,3065.76,Debit Card,Walk-in
SAL20250010619,2025-02-20,STR016,PRD00821,2,2784.44,0.0,5568.88,3164.82,UPI,Regular
SAL20250010620,2025-02-25,STR011,PRD00139,1,2949.49,0.0,2949.49,1812.36,Debit Card,Walk-in
SAL20250010621,2025-02-11,STR038,PRD00700,1,4752.07,0.0,4752.07,2864.63,UPI,Regular
SAL20250010622,2025-02-16,STR005,PRD01058,1,211.57,0.0,211.57,145.02,Net Banking,Regular
SAL20250010623,2025-02-22,STR002,PRD01099,2,4242.7,0.0,8485.4,5443.7,Net Banking,Corporate
SAL20250010624,2025-02-19,STR033,PRD00643,4,345.09,0.0,1380.36,870.4,UPI,Corporate
SAL20250010625,2025-02-23,STR031,PRD00856,1,1871.17,0.0,1871.17,1212.57,Cash,Walk-in
SAL20250010626,2025-02-18,STR001,PRD00358,1,873.37,0.0,873.37,466.67,Cash,Regular
SAL20250010627,2025-02-09,STR006,PRD01085,3,7889.14,0.1,21300.68,12408.87,UPI,Regular
SAL20250010628,2025-02-01,STR017,PRD01057,1,52.31,0.0,52.31,33.3,Net Banking,Premium
SAL20250010629,2025-02-26,STR019,PRD01123,1,3145.87,0.0,3145.87,1902.26,UPI,Walk-in
SAL20250010630,2025-02-03,STR036,PRD00754,1,372.52,0.0,372.52,220.88,Credit Card,Regular
SAL20250010631,2025-02-15,STR015,PRD01006,1,849.47,0.0,849.47,606.69,UPI,Regular
SAL20250010632,2025-02-14,STR015,PRD01137,1,2009.09,0.0,2009.09,1074.27,UPI,Walk-in
SAL20250010633,2025-02-28,STR003,PRD01114,1,8827.06,0.0,8827.06,3573.34,UPI,Walk-in
SAL20250010634,2025-02-18,STR031,PRD00969,2,147.34,0.0,294.68,152.48,UPI,Walk-in
SAL20250010635,2025-02-14,STR010,PRD00271,1,660.1,0.0,660.1,418.6,Credit Card,Premium
SAL20250010636,2025-02-17,STR039,PRD00187,1,5314.8,0.0,5314.8,3364.43,UPI,Corporate
SAL20250010637,2025-02-12,STR015,PRD00918,1,2741.1,0.0,2741.1,1987.44,UPI,Regular
SAL20250010638,2025-02-06,STR039,PRD00854,2,2355.83,0.0,4711.66,2935.86,UPI,Walk-in
SAL20250010639,2025-02-16,STR003,PRD00997,3,893.9,0.0,2681.7,1874.07,UPI,Walk-in
SAL20250010640,2025-02-11,STR034,PRD00651,2,368.8,0.0,737.6,512.96,UPI,Corporate
SAL20250010641,2025-02-19,STR014,PRD00746,1,2299.94,0.0,2299.94,1526.01,UPI,Regular
SAL20250010642,2025-02-11,STR020,PRD00395,1,562.56,0.0,562.56,373.28,UPI,Premium
SAL20250010643,2025-02-20,STR032,PRD00473,2,113.62,0.0,227.24,189.66,Credit Card,Walk-in
SAL20250010644,2025-02-25,STR010,PRD01056,1,449.88,0.05,427.39,302.01,Debit Card,Regular
SAL20250010645,2025-02-22,STR033,PRD00084,1,11056.09,0.1,9950.48,8293.77,UPI,Walk-in
SAL20250010646,2025-02-22,STR018,PRD00512,1,151.51,0.05,143.93,115.8,UPI,Regular
SAL20250010647,2025-02-27,STR029,PRD00363,1,1443.62,0.0,1443.62,690.35,UPI,Regular
SAL20250010648,2025-02-21,STR009,PRD00979,2,62.69,0.0,125.38,74.86,Credit Card,Regular
SAL20250010649,2025-02-06,STR011,PRD01157,1,8076.82,0.0,8076.82,4265.41,UPI,Regular
SAL20250010650,2025-02-18,STR009,PRD01053,3,481.32,0.1,1299.56,938.34,Credit Card,Walk-in
SAL20250010651,2025-02-20,STR013,PRD01088,1,4543.5,0.0,4543.5,1992.55,Credit Card,Premium
SAL20250010652,2025-02-26,STR025,PRD00216,1,11614.64,0.0,11614.64,7226.78,Cash,Premium
SAL20250010653,2025-02-24,STR005,PRD00826,1,174.23,0.0,174.23,120.2,Credit Card,Regular
SAL20250010654,2025-02-26,STR008,PRD00176,1,4757.11,0.0,4757.11,2887.26,Credit Card,Regular
SAL20250010655,2025-02-15,STR017,PRD01182,2,9675.4,0.0,19350.8,8531.12,Debit Card,Regular
SAL20250010656,2025-02-24,STR008,PRD00998,3,883.36,0.0,2650.08,1349.67,UPI,Walk-in
SAL20250010657,2025-02-15,STR028,PRD00508,5,125.21,0.05,594.75,549.65,UPI,Walk-in
SAL20250010658,2025-02-21,STR023,PRD01007,1,886.03,0.1,797.43,502.38,UPI,Premium
SAL20250010659,2025-02-19,STR007,PRD00415,1,345.23,0.0,345.23,286.19,Credit Card,Premium
SAL20250010660,2025-02-28,STR031,PRD00599,2,273.52,0.0,547.04,378.74,UPI,Regular
SAL20250010661,2025-02-26,STR020,PRD00299,1,1362.69,0.0,1362.69,823.3,UPI,Regular
SAL20250010662,2025-02-10,STR023,PRD00124,1,10921.57,0.0,10921.57,7123.55,UPI,Walk-in
SAL20250010663,2025-02-03,STR020,PRD00555,3,381.92,0.05,1088.47,659.37,UPI,Regular
SAL20250010664,2025-02-24,STR003,PRD00185,1,1926.14,0.0,1926.14,1500.04,Cash,Regular
SAL20250010665,2025-02-23,STR006,PRD00465,1,578.8,0.0,578.8,442.8,Credit Card,Regular
SAL20250010666,2025-02-01,STR028,PRD01074,1,6150.42,0.0,6150.42,3269.15,Credit Card,Regular
SAL20250010667,2025-02-27,STR034,PRD00184,1,3565.48,0.0,3565.48,2588.7,Debit Card,Premium
SAL20250010668,2025-02-09,STR026,PRD00379,2,660.61,0.0,1321.22,921.32,Cash,Regular
SAL20250010669,2025-02-22,STR031,PRD00927,1,799.32,0.0,799.32,584.58,Cash,Walk-in
SAL20250010670,2025-02-26,STR016,PRD00883,2,2575.75,0.0,5151.5,2874.96,Net Banking,Walk-in
SAL20250010671,2025-02-15,STR038,PRD00205,1,2084.53,0.05,1980.3,1335.1,Credit Card,Corporate
SAL20250010672,2025-02-05,STR001,PRD01158,2,7747.18,0.0,15494.36,8354.56,Credit Card,Walk-in
SAL20250010673,2025-02-28,STR041,PRD00750,1,3884.81,0.0,3884.81,2144.98,Credit Card,Regular
SAL20250010674,2025-02-12,STR037,PRD00349,1,152.26,0.0,152.26,83.87,UPI,Regular
SAL20250010675,2025-02-24,STR007,PRD00194,2,5905.12,0.0,11810.24,8280.52,UPI,Regular
SAL20250010676,2025-02-08,STR032,PRD00908,1,2285.46,0.0,2285.46,1340.06,UPI,Premium
SAL20250010677,2025-02-25,STR006,PRD00304,3,1052.14,0.0,3156.42,2171.43,UPI,Regular
SAL20250010678,2025-02-12,STR036,PRD00875,2,258.44,0.0,516.88,301.8,UPI,Regular
SAL20250010679,2025-02-09,STR024,PRD00451,2,641.37,0.05,1218.6,1010.46,Debit Card,Walk-in
SAL20250010680,2025-02-16,STR031,PRD00127,1,14293.97,0.1,12864.57,10567.08,Debit Card,Regular
SAL20250010681,2025-02-14,STR016,PRD00666,1,224.43,0.1,201.99,162.71,Debit Card,Walk-in
SAL20250010682,2025-02-09,STR024,PRD00525,5,76.55,0.05,363.61,332.25,Credit Card,Regular
SAL20250010683,2025-02-14,STR021,PRD00772,1,988.94,0.0,988.94,659.49,UPI,Corporate
SAL20250010684,2025-02-17,STR018,PRD00119,1,21410.34,0.0,21410.34,16034.57,UPI,Premium
SAL20250010685,2025-02-02,STR019,PRD01180,3,9129.62,0.0,27388.86,12731.43,Cash,Regular
SAL20250010686,2025-02-08,STR013,PRD00830,4,1783.32,0.1,6419.95,4359.12,UPI,Regular
SAL20250010687,2025-02-24,STR013,PRD00128,3,13672.72,0.05,38967.25,26891.43,Cash,Premium
SAL20250010688,2025-02-23,STR025,PRD01134,3,5914.46,0.1,15969.04,8787.96,UPI,Premium
SAL20250010689,2025-02-07,STR034,PRD00478,4,959.84,0.0,3839.36,3249.04,Net Banking,Regular
SAL20250010690,2025-02-16,STR019,PRD00745,1,2529.52,0.0,2529.52,1829.18,UPI,Walk-in
SAL20250010691,2025-02-20,STR029,PRD00848,1,2441.1,0.0,2441.1,1616.32,UPI,Regular
SAL20250010692,2025-02-09,STR032,PRD00773,1,733.06,0.0,733.06,518.45,UPI,Walk-in
SAL20250010693,2025-02-22,STR031,PRD00818,1,2330.04,0.0,2330.04,1669.14,UPI,Walk-in
SAL20250010694,2025-02-20,STR035,PRD00216,1,11614.64,0.0,11614.64,7226.78,UPI,Regular
SAL20250010695,2025-02-26,STR035,PRD00662,1,192.14,0.0,192.14,140.96,Net Banking,Walk-in
SAL20250010696,2025-02-11,STR001,PRD00376,2,1476.13,0.0,2952.26,1365.98,Debit Card,Walk-in
SAL20250010697,2025-02-27,STR013,PRD01130,2,3164.31,0.0,6328.62,3779.28,Credit Card,Regular
SAL20250010698,2025-02-20,STR025,PRD01009,1,52.33,0.05,49.71,29.39,Credit Card,Regular
SAL20250010699,2025-02-18,STR035,PRD00977,2,417.51,0.0,835.02,564.56,Net Banking,Walk-in
SAL20250010700,2025-02-16,STR013,PRD01046,1,946.12,0.1,851.51,526.29,UPI,Corporate
SAL20250010701,2025-02-16,STR027,PRD00071,1,14423.02,0.05,13701.87,9605.63,Net Banking,Premium
SAL20250010702,2025-02-14,STR037,PRD00045,1,17414.18,0.0,17414.18,13822.18,UPI,Walk-in
SAL20250010703,2025-02-14,STR028,PRD00625,5,629.94,0.1,2834.73,2164.55,Credit Card,Regular
SAL20250010704,2025-02-19,STR003,PRD00237,1,9971.54,0.05,9472.96,6463.12,Cash,Walk-in
SAL20250010705,2025-02-17,STR015,PRD00406,1,663.68,0.1,597.31,533.06,Debit Card,Walk-in
SAL20250010706,2025-02-22,STR029,PRD00178,1,9669.95,0.0,9669.95,6949.73,Credit Card,Walk-in
SAL20250010707,2025-02-02,STR013,PRD00192,1,3362.18,0.0,3362.18,2170.51,Credit Card,Regular
SAL20250010708,2025-02-08,STR010,PRD00251,1,10660.28,0.0,10660.28,7306.06,UPI,Regular
SAL20250010709,2025-02-12,STR012,PRD01058,1,211.57,0.0,211.57,145.02,Credit Card,Regular
SAL20250010710,2025-02-27,STR012,PRD00293,3,859.61,0.0,2578.83,1327.5,Net Banking,Corporate
SAL20250010711,2025-02-22,STR023,PRD00099,1,19924.5,0.0,19924.5,14858.06,Debit Card,Regular
SAL20250010712,2025-02-16,STR037,PRD00561,1,111.53,0.0,111.53,75.49,UPI,Walk-in
SAL20250010713,2025-02-17,STR029,PRD01170,1,1269.68,0.0,1269.68,694.9,Cash,Regular
SAL20250010714,2025-02-25,STR033,PRD00794,1,5386.59,0.0,5386.59,3160.43,UPI,Walk-in
SAL20250010715,2025-02-23,STR025,PRD00217,1,8159.94,0.0,8159.94,5298.43,Credit Card,Regular
SAL20250010716,2025-02-05,STR009,PRD00347,1,1133.22,0.0,1133.22,669.26,Cash,Walk-in
SAL20250010717,2025-02-04,STR037,PRD00739,1,2279.96,0.0,2279.96,1541.42,UPI,Regular
SAL20250010718,2025-02-13,STR029,PRD00935,3,821.43,0.0,2464.29,1758.3,Debit Card,Premium
SAL20250010719,2025-02-09,STR031,PRD00686,1,3692.38,0.0,3692.38,2113.83,Credit Card,Premium
SAL20250010720,2025-02-28,STR017,PRD00323,1,361.28,0.0,361.28,188.15,Cash,Regular
SAL20250010721,2025-02-18,STR022,PRD00647,1,284.75,0.0,284.75,189.07,Credit Card,Walk-in
SAL20250010722,2025-02-01,STR005,PRD01148,1,584.33,0.0,584.33,241.48,UPI,Premium
SAL20250010723,2025-02-17,STR003,PRD00462,1,271.55,0.0,271.55,205.26,UPI,Regular
SAL20250010724,2025-02-14,STR019,PRD00114,1,17643.2,0.0,17643.2,12306.0,UPI,Regular
SAL20250010725,2025-02-06,STR023,PRD00390,4,1246.69,0.0,4986.76,3141.32,Cash,Corporate
SAL20250010726,2025-02-17,STR008,PRD00920,2,2715.99,0.05,5160.38,3068.92,UPI,Premium
SAL20250010727,2025-02-02,STR012,PRD00103,3,4104.09,0.0,12312.27,8824.35,Credit Card,Regular
SAL20250010728,2025-02-04,STR009,PRD00518,2,1000.64,0.0,2001.28,1536.86,Debit Card,Walk-in
SAL20250010729,2025-02-25,STR032,PRD00443,2,206.94,0.0,413.88,334.12,Credit Card,Regular
SAL20250010730,2025-02-02,STR003,PRD00283,1,917.06,0.0,917.06,431.47,UPI,Premium
SAL20250010731,2025-02-02,STR018,PRD01187,1,5464.91,0.0,5464.91,3354.99,Credit Card,Walk-in
SAL20250010732,2025-02-18,STR005,PRD01147,1,6760.77,0.0,6760.77,3863.28,Net Banking,Corporate
SAL20250010733,2025-02-22,STR010,PRD00581,6,310.86,0.0,1865.16,1192.26,Cash,Premium
SAL20250010734,2025-02-09,STR012,PRD00266,1,13058.2,0.0,13058.2,8085.89,Cash,Regular
SAL20250010735,2025-02-18,STR035,PRD00709,1,232.93,0.05,221.28,153.05,Cash,Regular
SAL20250010736,2025-02-21,STR008,PRD00455,3,683.36,0.0,2050.08,1690.41,UPI,Walk-in
SAL20250010737,2025-02-09,STR012,PRD00888,2,2557.48,0.0,5114.96,3450.08,UPI,Premium
SAL20250010738,2025-02-11,STR037,PRD00387,3,446.12,0.0,1338.36,744.9,Credit Card,Regular
SAL20250010739,2025-02-08,STR021,PRD00708,3,2849.79,0.0,8549.37,5649.45,Credit Card,Regular
SAL20250010740,2025-02-23,STR038,PRD00901,1,3120.68,0.0,3120.68,2071.57,Credit Card,Regular
SAL20250010741,2025-02-28,STR020,PRD00355,1,304.11,0.0,304.11,163.8,Cash,Walk-in
SAL20250010742,2025-02-05,STR018,PRD00642,1,467.68,0.0,467.68,290.22,UPI,Regular
SAL20250010743,2025-02-24,STR039,PRD00878,3,1229.84,0.0,3689.52,2389.68,UPI,Corporate
SAL20250010744,2025-02-05,STR008,PRD00016,1,12816.4,0.0,12816.4,9433.57,UPI,Regular
SAL20250010745,2025-02-24,STR005,PRD00124,1,10921.57,0.0,10921.57,7123.55,UPI,Regular
SAL20250010746,2025-02-28,STR024,PRD00845,1,2226.26,0.0,2226.26,1523.41,Debit Card,Premium
SAL20250010747,2025-02-16,STR031,PRD00075,1,9132.03,0.1,8218.83,7042.59,Cash,Regular
SAL20250010748,2025-02-12,STR021,PRD00071,2,14423.02,0.0,28846.04,19211.26,Debit Card,Walk-in
SAL20250010749,2025-02-05,STR014,PRD00569,3,219.4,0.0,658.2,429.9,Credit Card,Regular
SAL20250010750,2025-02-09,STR022,PRD00911,1,807.88,0.1,727.09,602.2,UPI,Regular
SAL20250010751,2025-02-26,STR036,PRD00407,10,687.91,0.0,6879.1,5334.0,Cash,Premium
SAL20250010752,2025-02-22,STR026,PRD01180,1,9129.62,0.0,9129.62,4243.81,Debit Card,Walk-in
SAL20250010753,2025-02-20,STR009,PRD01067,1,922.58,0.0,922.58,564.84,Credit Card,Regular
SAL20250010754,2025-02-27,STR015,PRD00073,1,23649.92,0.0,23649.92,17123.4,UPI,Premium
SAL20250010755,2025-02-21,STR029,PRD00016,1,12816.4,0.0,12816.4,9433.57,Credit Card,Regular
SAL20250010756,2025-02-06,STR017,PRD00098,2,13136.22,0.0,26272.44,20412.02,Cash,Regular
SAL20250010757,2025-02-14,STR027,PRD00042,1,15775.49,0.0,15775.49,11939.67,Debit Card,Regular
SAL20250010758,2025-02-13,STR017,PRD00790,1,1379.35,0.0,1379.35,902.72,Debit Card,Walk-in
SAL20250010759,2025-02-14,STR013,PRD01065,1,936.71,0.0,936.71,478.36,UPI,Premium
SAL20250010760,2025-02-25,STR031,PRD00758,1,4375.02,0.0,4375.02,3168.27,UPI,Walk-in
SAL20250010761,2025-02-15,STR029,PRD00726,1,2171.72,0.0,2171.72,1497.85,UPI,Walk-in
SAL20250010762,2025-02-03,STR010,PRD01010,2,762.29,0.0,1524.58,799.04,UPI,Regular
SAL20250010763,2025-02-09,STR034,PRD00449,2,236.21,0.0,472.42,398.28,Credit Card,Walk-in
SAL20250010764,2025-02-14,STR008,PRD00234,2,3859.31,0.0,7718.62,4748.08,UPI,Regular
SAL20250010765,2025-02-02,STR021,PRD00554,4,805.55,0.0,3222.2,1865.64,UPI,Corporate
SAL20250010766,2025-02-06,STR021,PRD00742,2,3993.24,0.05,7587.16,4736.52,Net Banking,Walk-in
SAL20250010767,2025-02-23,STR033,PRD00828,1,765.4,0.0,765.4,443.0,Credit Card,Walk-in
SAL20250010768,2025-02-18,STR030,PRD00464,2,598.64,0.0,1197.28,916.98,Debit Card,Regular
SAL20250010769,2025-02-07,,PRD00437,1,320.21,0.0,320.21,271.12,Cash,Walk-in
SAL20250010770,2025-02-20,STR021,PRD00274,1,920.1,0.05,874.1,425.76,Cash,Premium
SAL20250010771,2025-02-14,STR013,PRD00175,1,11344.22,0.0,11344.22,7434.87,UPI,Walk-in
SAL20250010772,2025-02-21,STR026,PRD00502,1,721.0,0.1,648.9,628.72,UPI,Corporate
SAL20250010773,2025-02-20,STR015,PRD00935,1,821.43,0.0,821.43,586.1,UPI,Regular
SAL20250010774,2025-02-07,STR034,PRD00086,1,22194.93,0.1,19975.44,15176.58,Credit Card,Walk-in
SAL20250010775,2025-02-07,STR001,PRD00256,1,13048.37,0.0,13048.37,8107.05,Credit Card,Premium
SAL20250010776,2025-02-27,STR036,PRD00321,1,1442.95,0.0,1442.95,715.49,UPI,Corporate
SAL20250010777,2025-02-15,STR006,PRD00719,2,4808.67,0.0,9617.34,5518.42,UPI,Regular
SAL20250010778,2025-02-21,STR011,PRD01059,4,553.69,0.0,2214.76,1473.44,Debit Card,Corporate
SAL20250010779,2025-02-20,STR034,PRD00910,2,2302.88,0.1,4145.18,3159.38,Credit Card,Walk-in
SAL20250010780,2025-02-26,STR002,PRD00259,1,1699.09,0.0,1699.09,1233.0,UPI,Regular
SAL20250010781,2025-02-03,STR041,PRD00212,2,9559.41,0.0,19118.82,12521.94,Credit Card,Regular
SAL20250010782,2025-02-10,STR040,PRD01032,3,117.65,0.1,317.66,210.6,Net Banking,Regular
SAL20250010783,2025-02-19,STR001,PRD00580,1,372.59,0.05,353.96,211.3,Credit Card,Regular
SAL20250010784,2025-02-20,STR034,PRD00251,1,10660.28,0.0,10660.28,7306.06,UPI,Walk-in
SAL20250010785,2025-02-07,STR002,,1,4104.09,0.05,3898.89,2941.45,Credit Card,Corporate
SAL20250010786,2025-02-26,STR006,PRD00467,2,528.8,0.0,1057.6,906.1,UPI,Premium
SAL20250010787,2025-02-28,STR004,PRD00807,1,667.9,0.1,601.11,429.52,Debit Card,Walk-in
SAL20250010788,2025-02-01,STR004,PRD00213,1,7822.44,0.0,7822.44,5597.11,UPI,Walk-in
SAL20250010789,2025-02-25,STR005,PRD00647,2,284.75,0.0,569.5,378.14,Cash,Walk-in
SAL20250010790,2025-02-14,STR030,PRD00520,1,482.69,0.1,434.42,405.86,UPI,Regular
SAL20250010791,2025-02-21,STR013,PRD00886,1,1331.79,0.05,1265.2,944.7,UPI,Regular
SAL20250010792,2025-02-23,STR025,PRD00691,1,1815.13,0.0,1815.13,1149.93,UPI,Corporate
SAL20250010793,2025-02-05,STR028,PRD00465,1,578.8,0.0,578.8,442.8,UPI,Regular
SAL20250010794,2025-02-21,STR027,PRD00423,1,256.23,0.0,256.23,213.9,UPI,Regular
SAL20250010795,2025-02-14,STR014,PRD00764,3,3332.71,0.0,9998.13,5508.33,Cash,Regular
SAL20250010796,2025-02-26,STR009,PRD00346,1,927.55,0.0,927.55,634.62,Cash,Premium
SAL20250010797,2025-02-16,STR028,PRD00818,1,2330.04,0.0,2330.04,1669.14,Net Banking,Premium
SAL20250010798,2025-02-25,STR037,PRD00842,4,1322.87,0.0,5291.48,3827.52,UPI,Walk-in
SAL20250010799,2025-02-21,STR037,PRD00342,2,1186.13,0.0,2372.26,1396.34,UPI,Walk-in
SAL20250010800,2025-02-24,STR005,PRD00936,10,964.58,0.0,9645.8,6205.3,Cash,Walk-in
SAL20250010801,2025-02-08,STR012,PRD00992,1,439.67,0.0,439.67,224.17,Cash,Walk-in
SAL20250010802,2025-02-16,STR027,PRD00153,1,12724.66,0.1,11452.19,7922.12,Credit Card,Premium
SAL20250010803,2025-02-27,STR010,PRD00978,5,172.32,0.0,861.6,536.6,Credit Card,Regular
SAL20250010804,2025-02-18,STR030,PRD00229,2,2013.93,0.1,3625.07,2697.8,UPI,Corporate
SAL20250010805,2025-02-12,STR033,PRD00112,1,3948.48,0.0,3948.48,3127.23,Credit Card,Regular
SAL20250010806,2025-02-25,STR026,PRD00604,1,254.69,0.05,241.96,151.9,Credit Card,Walk-in
SAL20250010807,2025-02-21,STR013,PRD00845,1,2226.26,0.0,2226.26,1523.41,UPI,Walk-in
SAL20250010808,2025-02-12,STR034,PRD00017,1,6386.7,0.0,6386.7,4504.98,Debit Card,Walk-in
SAL20250010809,2025-02-18,STR036,PRD00171,1,6232.31,0.0,6232.31,4552.99,Cash,Regular
SAL20250010810,2025-02-11,STR001,PRD00616,1,565.82,0.0,565.82,314.13,Credit Card,Regular
SAL20250010811,2025-02-02,STR032,PRD01027,1,412.95,0.1,371.65,225.72,Credit Card,Regular
SAL20250010812,2025-02-25,STR012,,4,3015.8,0.0,12063.2,5693.72,Debit Card,Walk-in
SAL20250010813,2025-02-02,STR038,PRD01104,4,7758.33,0.0,31033.32,13953.44,Debit Card,Premium
SAL20250010814,2025-02-11,STR015,PRD00990,2,577.78,0.0,1155.56,701.58,Cash,Walk-in
SAL20250010815,2025-02-01,STR019,PRD00701,2,4774.16,0.1,8593.49,6126.52,Credit Card,Walk-in
SAL20250010816,2025-02-16,STR036,PRD00641,2,499.93,0.0,999.86,666.24,UPI,Regular
SAL20250010817,2025-02-12,STR020,PRD00286,1,390.77,0.0,390.77,253.34,UPI,Walk-in
SAL20250010818,2025-02-02,STR023,PRD00724,1,2856.14,0.0,2856.14,1594.41,Credit Card,Regular
SAL20250010819,2025-02-19,STR024,PRD00045,3,17414.18,0.0,52242.54,41466.54,Credit Card,Premium
SAL20250010820,2025-02-04,STR035,PRD00164,1,7383.75,0.0,7383.75,4728.61,Debit Card,Walk-in
SAL20250010821,2025-02-22,STR014,PRD00680,4,3900.49,0.0,15601.96,11220.0,UPI,Walk-in
SAL20250010822,2025-02-05,STR034,PRD00989,2,922.35,0.0,1844.7,1184.22,Cash,Corporate
SAL20250010823,2025-02-15,STR015,PRD00010,1,14520.45,0.0,14520.45,11774.44,UPI,Regular
SAL20250010824,2025-02-18,STR008,PRD00099,1,19924.5,0.0,19924.5,14858.06,UPI,Regular
SAL20250010825,2025-02-11,STR018,PRD00206,1,10675.4,0.0,10675.4,6883.05,UPI,Walk-in
SAL20250010826,2025-02-13,STR010,PRD00158,2,3798.87,0.0,7597.74,5164.88,UPI,Regular
SAL20250010827,2025-02-18,STR008,PRD00831,1,2902.42,0.0,2902.42,1993.17,UPI,Regular
SAL20250010828,2025-02-05,STR039,PRD00569,6,219.4,0.0,1316.4,859.8,Credit Card,Regular
SAL20250010829,2025-02-23,STR020,PRD00019,1,9063.53,0.0,9063.53,6399.55,UPI,Regular
SAL20250010830,2025-02-12,STR011,PRD00618,2,249.13,0.0,498.26,366.06,Debit Card,Premium
SAL20250010831,2025-02-25,STR017,PRD00219,1,1404.86,0.0,1404.86,998.92,Cash,Regular
SAL20250010832,2025-02-18,STR012,PRD01071,1,5607.68,0.0,5607.68,3412.0,UPI,Walk-in
SAL20250010833,2025-02-26,STR007,PRD00718,1,2341.08,0.1,2106.97,1675.99,UPI,Premium
SAL20250010834,2025-02-21,STR034,PRD00911,1,807.88,0.0,807.88,602.2,UPI,Regular
SAL20250010835,2025-02-25,STR025,PRD01008,10,227.58,0.05,2162.01,1420.0,Credit Card,Regular
SAL20250010836,2025-02-09,STR014,PRD00654,4,474.17,0.0,1896.68,1297.56,Credit Card,Premium
SAL20250010837,2025-02-01,STR035,PRD00314,1,610.16,0.0,610.16,372.41,UPI,Regular
SAL20250010838,2025-02-11,STR001,PRD01071,4,5607.68,0.0,22430.72,13648.0,Cash,Regular
SAL20250010839,2025-02-21,STR033,PRD00868,2,1450.33,0.0,2900.66,1824.42,UPI,Regular
SAL20250010840,2025-02-12,STR022,PRD00711,1,1868.86,0.0,1868.86,1355.68,Cash,Regular
SAL20250010841,2025-02-27,STR030,PRD00592,2,365.4,0.0,730.8,436.58,Credit Card,Walk-in
SAL20250010842,2025-02-21,STR021,PRD01030,1,525.24,0.0,525.24,317.57,UPI,Premium
SAL20250010843,2025-02-27,STR015,PRD00627,4,670.0,0.0,2680.0,1614.84,Credit Card,Walk-in
SAL20250010844,2025-02-08,STR013,PRD00169,1,8761.68,0.1,7885.51,5628.67,Cash,Corporate
SAL20250010845,2025-02-12,STR016,PRD00128,2,13672.72,0.0,27345.44,17927.62,Debit Card,Regular
SAL20250010846,2025-02-27,STR004,PRD01029,1,762.26,0.0,762.26,543.36,Debit Card,Walk-in
SAL20250010847,2025-02-28,STR007,PRD00439,1,122.61,0.0,122.61,95.61,Cash,Premium
SAL20250010848,2025-02-14,STR037,PRD00310,2,607.97,0.05,1155.14,607.48,Credit Card,Walk-in
SAL20250010849,2025-02-22,STR030,PRD00479,1,303.49,0.0,303.49,255.61,UPI,Regular
SAL20250010850,2025-02-15,STR004,PRD01166,2,3220.85,0.0,6441.7,3320.86,Debit Card,Regular
SAL20250010851,2025-02-28,STR008,PRD01023,1,241.67,0.0,241.67,133.28,UPI,Premium
SAL20250010852,2025-02-22,STR007,PRD00688,2,2802.62,0.0,5605.24,4177.68,Cash,Regular
SAL20250010853,2025-02-18,STR024,PRD00997,5,893.9,0.0,4469.5,3123.45,Credit Card,Regular
SAL20250010854,2025-02-27,STR006,PRD00830,1,1783.32,0.0,1783.32,1089.78,UPI,Regular
SAL20250010855,2025-02-18,STR037,PRD00627,3,670.0,0.0,2010.0,1211.13,Credit Card,Walk-in
SAL20250010856,2025-02-13,STR011,PRD00171,1,6232.31,0.0,6232.31,4552.99,UPI,Walk-in
SAL20250010857,2025-02-23,STR032,PRD00541,2,685.8,0.0,1371.6,811.14,Net Banking,Corporate
SAL20250010858,2025-02-10,STR011,PRD00091,1,21335.5,0.0,21335.5,15504.58,UPI,Walk-in
SAL20250010859,2025-02-24,STR036,PRD00245,1,6730.38,0.0,6730.38,4429.31,Debit Card,Walk-in
SAL20250010860,2025-02-24,STR022,PRD00223,2,11271.43,0.1,20288.57,14029.58,UPI,Walk-in
SAL20250010861,2025-02-23,STR031,PRD00468,1,180.53,0.0,180.53,148.32,Net Banking,Regular
SAL20250010862,2025-02-13,STR012,PRD00465,2,578.8,0.05,1099.72,885.6,Cash,Regular
SAL20250010863,2025-02-26,STR019,PRD00085,1,26032.76,0.0,26032.76,17875.58,Credit Card,Walk-in
SAL20250010864,2025-02-07,STR041,PRD00895,1,472.54,0.1,425.29,297.4,UPI,Walk-in
SAL20250010865,2025-02-11,STR002,PRD01079,3,323.52,0.0,970.56,574.62,UPI,Walk-in
SAL20250010866,2025-02-23,STR031,PRD00417,4,788.29,0.0,3153.16,2646.84,Credit Card,Regular
SAL20250010867,2025-02-04,STR029,PRD01186,1,3042.91,0.0,3042.91,1502.2,UPI,Premium
SAL20250010868,2025-02-23,STR009,PRD00748,1,2656.98,0.0,2656.98,1815.38,UPI,Walk-in
SAL20250010869,2025-02-09,STR025,PRD00679,1,2876.53,0.0,2876.53,1865.54,UPI,Premium
SAL20250010870,2025-02-21,STR029,PRD00946,2,937.06,0.0,1874.12,1051.16,UPI,Walk-in
SAL20250010871,2025-02-18,STR029,PRD00368,1,927.52,0.0,927.52,587.93,UPI,Premium
SAL20250010872,2025-02-18,STR037,PRD01146,2,2954.25,0.0,5908.5,2977.54,UPI,Premium
SAL20250010873,2025-02-17,STR011,PRD01194,1,6442.41,0.0,6442.41,3885.18,UPI,Walk-in
SAL20250010874,2025-02-08,STR011,PRD00688,1,2802.62,0.0,2802.62,2088.84,Cash,Premium
SAL20250010875,2025-02-01,STR009,PRD00274,1,920.1,0.0,920.1,425.76,Cash,Walk-in
SAL20250010876,2025-02-26,STR027,PRD00643,1,345.09,0.0,345.09,217.6,UPI,Regular
SAL20250010877,2025-02-20,STR018,PRD00698,1,1659.66,0.0,1659.66,1094.59,Debit Card,Regular
SAL20250010878,2025-02-09,STR006,PRD00445,2,417.63,0.0,835.26,670.54,Credit Card,Walk-in
SAL20250010879,2025-02-09,STR009,PRD00300,4,1106.33,0.0,4425.32,2404.4,UPI,Walk-in
SAL20250010880,2025-02-16,STR026,PRD00316,1,924.22,0.1,831.8,589.52,UPI,Walk-in
SAL20250010881,2025-02-20,STR026,PRD00090,2,8184.6,0.05,15550.74,11113.72,UPI,Regular
SAL20250010882,2025-02-05,STR009,PRD00575,1,90.77,0.0,90.77,67.08,UPI,Premium
SAL20250010883,2025-02-07,STR033,PRD00887,1,2006.5,0.1,1805.85,1169.69,UPI,Corporate
SAL20250010884,2025-02-06,STR008,PRD00952,3,892.13,0.0,2676.39,1508.13,UPI,Walk-in
SAL20250010885,2025-02-05,STR014,PRD00461,3,198.22,0.0,594.66,508.35,Debit Card,Regular
SAL20250010886,2025-02-10,STR027,PRD00998,6,883.36,0.0,5300.16,2699.34,Cash,Walk-in
SAL20250010887,2025-02-07,STR029,PRD01187,3,5464.91,0.0,16394.73,10064.97,Credit Card,Walk-in
SAL20250010888,2025-02-22,STR033,PRD00629,3,197.41,0.0,592.23,411.27,Cash,Walk-in
SAL20250010889,2025-02-04,STR024,PRD00779,1,1606.83,0.0,1606.83,998.29,Cash,Regular
SAL20250010890,2025-02-05,STR011,PRD00132,1,22943.8,0.0,22943.8,17725.67,UPI,Premium
SAL20250010891,2025-02-06,STR038,PRD01171,1,6541.96,0.05,6214.86,2623.89,UPI,Regular
SAL20250010892,2025-02-08,STR034,PRD00018,1,13116.16,0.0,13116.16,9769.19,Net Banking,Walk-in
SAL20250010893,2025-02-25,STR012,PRD00927,1,799.32,0.0,799.32,584.58,Cash,Walk-in
SAL20250010894,2025-02-02,STR019,PRD00846,3,1551.36,0.0,4654.08,3306.69,UPI,Regular
SAL20250010895,2025-02-21,STR016,PRD01061,1,1015.91,0.0,1015.91,535.53,UPI,Regular
SAL20250010896,2025-02-18,STR003,PRD01131,1,6280.13,0.0,6280.13,3425.53,UPI,Regular
SAL20250010897,2025-02-16,STR007,PRD00917,1,1441.59,0.0,1441.59,980.83,UPI,Regular
SAL20250010898,2025-02-26,STR003,PRD00396,1,713.53,0.0,713.53,454.7,UPI,Regular
SAL20250010899,2025-02-13,STR040,PRD01016,2,253.56,0.0,507.12,322.8,UPI,Regular
SAL20250010900,2025-02-28,STR031,PRD00853,3,3236.74,0.0,9710.22,5604.42,UPI,Walk-in
SAL20250010901,2025-02-20,STR032,PRD00841,1,1965.17,0.0,1965.17,1338.26,Credit Card,Walk-in
SAL20250010902,2025-02-18,STR040,PRD01150,2,4074.75,0.0,8149.5,4744.08,Cash,Regular
SAL20250010903,2025-02-03,STR001,PRD01045,2,910.12,0.1,1638.22,942.48,Credit Card,Regular
SAL20250010904,2025-02-04,STR023,PRD00818,2,2330.04,0.0,4660.08,3338.28,Credit Card,Walk-in
SAL20250010905,2025-02-06,STR011,PRD00878,1,1229.84,0.0,1229.84,796.56,UPI,Corporate
SAL20250010906,2025-02-22,STR008,PRD00167,1,8410.2,0.0,8410.2,5523.21,UPI,Walk-in
SAL20250010907,2025-02-14,STR012,PRD00799,1,3907.93,0.0,3907.93,2458.58,UPI,Walk-in
SAL20250010908,2025-02-26,STR036,PRD00571,4,201.22,0.0,804.88,573.96,Credit Card,Walk-in
SAL20250010909,2025-02-18,STR031,PRD00128,1,13672.72,0.0,13672.72,8963.81,Cash,Premium
SAL20250010910,2025-02-12,STR036,PRD00011,1,13229.12,0.0,13229.12,9834.69,UPI,Premium
SAL20250010911,2025-02-11,STR024,PRD00657,5,272.71,0.0,1363.55,804.2,UPI,Regular
SAL20250010912,2025-02-23,STR005,PRD00677,3,1193.37,0.0,3580.11,2500.47,Credit Card,Walk-in
SAL20250010913,2025-02-20,STR040,PRD00143,1,11610.06,0.0,11610.06,8058.06,Credit Card,Walk-in
SAL20250010914,2025-02-25,STR018,PRD00716,2,1780.84,0.0,3561.68,2014.92,Cash,Corporate
SAL20250010915,2025-02-17,STR036,PRD00156,1,1591.76,0.0,1591.76,1231.95,UPI,Regular
SAL20250010916,2025-02-01,STR038,PRD00682,1,3799.71,0.0,3799.71,2447.28,Debit Card,Walk-in
SAL20250010917,2025-02-10,STR017,PRD00685,1,4676.03,0.0,4676.03,2851.64,Debit Card,Corporate
SAL20250010918,2025-02-27,STR034,PRD00535,4,314.95,0.0,1259.8,897.12,Credit Card,Regular
SAL20250010919,2025-02-28,STR007,PRD01009,4,52.33,0.0,209.32,117.56,UPI,Regular
SAL20250010920,2025-02-28,STR006,PRD00425,2,878.01,0.0,1756.02,1395.02,Credit Card,Walk-in
SAL20250010921,2025-02-13,STR012,PRD00218,1,7357.64,0.0,7357.64,5051.02,UPI,Regular
SAL20250010922,2025-02-20,STR015,PRD00300,1,1106.33,0.1,995.7,601.1,Debit Card,Regular
SAL20250010923,2025-02-24,STR010,PRD00195,1,4088.9,0.0,4088.9,3108.85,UPI,Regular
SAL20250010924,2025-02-17,STR038,PRD00830,2,1783.32,0.0,3566.64,2179.56,UPI,Regular
SAL20250010925,2025-02-02,STR029,PRD00784,1,1985.25,0.0,1985.25,1302.04,UPI,Regular
SAL20250010926,2025-02-01,STR001,PRD00107,1,4985.79,0.0,4985.79,3483.71,Credit Card,Walk-in
SAL20250010927,2025-02-09,STR030,PRD00713,1,4061.86,0.0,4061.86,2937.76,UPI,Walk-in
SAL20250010928,2025-02-27,STR002,PRD01092,1,5535.53,0.0,5535.53,2634.51,UPI,Regular
SAL20250010929,2025-02-06,STR001,PRD01183,2,7827.71,0.1,14089.88,6664.0,Credit Card,Walk-in
SAL20250010930,2025-02-02,STR017,PRD00566,1,655.12,0.0,655.12,423.12,Debit Card,Walk-in
SAL20250010931,2025-02-19,STR032,PRD00722,2,2039.88,0.0,4079.76,2341.7,Debit Card,Regular
SAL20250010932,2025-02-18,STR024,PRD00198,1,4266.35,0.0,4266.35,2976.38,Debit Card,Regular
SAL20250010933,2025-02-10,STR014,PRD00935,2,821.43,0.0,1642.86,1172.2,Debit Card,Premium
SAL20250010934,2025-02-17,STR007,PRD00610,1,637.82,0.05,605.93,413.73,Net Banking,Walk-in
SAL20250010935,2025-02-05,STR024,PRD00921,1,3248.47,0.0,3248.47,1833.94,UPI,Regular
SAL20250010936,2025-02-18,STR011,PRD00410,2,245.81,0.0,491.62,385.52,Debit Card,Premium
SAL20250010937,2025-02-22,STR004,PRD00530,2,663.27,0.0,1326.54,1124.14,UPI,Premium
SAL20250010938,2025-02-15,STR005,PRD00961,2,294.28,0.0,588.56,317.06,UPI,Regular
SAL20250010939,2025-02-07,STR038,PRD00539,2,69.32,0.0,138.64,95.46,UPI,Regular
SAL20250010940,2025-02-27,STR036,PRD00384,1,1012.08,0.0,1012.08,513.64,UPI,Premium
SAL20250010941,2025-02-19,STR036,PRD00288,1,827.89,0.0,827.89,439.36,Cash,Premium
SAL20250010942,2025-02-06,STR035,PRD00170,2,1380.75,0.0,2761.5,1836.98,Credit Card,Regular
SAL20250010943,2025-02-22,STR029,PRD00776,2,1145.74,0.0,2291.48,1369.52,UPI,Premium
SAL20250010944,2025-02-27,STR004,PRD00148,1,6813.06,0.0,6813.06,4694.28,UPI,Premium
SAL20250010945,2025-02-06,STR004,PRD01005,2,682.39,0.0,1364.78,951.4,Cash,Walk-in
SAL20250010946,2025-02-23,STR032,PRD00042,2,15775.49,0.0,31550.98,23879.34,Cash,Regular
SAL20250010947,2025-02-07,STR032,PRD01019,2,948.07,0.0,1896.14,979.5,Credit Card,Corporate
SAL20250010948,2025-02-20,STR026,PRD00740,1,3926.7,0.0,3926.7,2842.31,UPI,Premium
SAL20250010949,2025-02-13,STR018,PRD01009,4,52.33,0.0,209.32,117.56,Credit Card,Corporate
SAL20250010950,2025-02-28,STR037,PRD00120,1,22170.49,0.0,22170.49,16305.22,Cash,Walk-in
SAL20250010951,2025-02-18,STR008,PRD01193,1,1712.13,0.05,1626.52,1034.91,UPI,Regular
SAL20250010952,2025-02-21,STR037,PRD00800,1,478.19,0.0,478.19,324.59,UPI,Regular
SAL20250010953,2025-02-17,STR037,PRD00433,1,1065.88,0.05,1012.59,861.75,UPI,Regular
SAL20250010954,2025-02-11,STR021,PRD00347,1,1133.22,0.0,1133.22,669.26,UPI,Regular
SAL20250010955,2025-02-07,STR029,PRD00936,4,964.58,0.1,3472.49,2482.12,Net Banking,Walk-in
SAL20250010956,2025-02-25,STR035,PRD01176,1,5880.6,0.0,5880.6,3519.33,UPI,Walk-in
SAL20250010957,2025-02-05,STR026,PRD00275,2,1560.95,0.0,3121.9,1695.8,Credit Card,Regular
SAL20250010958,2025-02-07,STR005,PRD00557,1,210.61,0.0,210.61,134.43,Cash,Walk-in
SAL20250010959,2025-02-24,STR039,PRD00644,2,812.84,0.0,1625.68,904.78,Credit Card,Regular
SAL20250010960,2025-02-05,STR022,PRD00971,1,604.86,0.1,544.37,306.67,Debit Card,Premium
SAL20250010961,2025-02-20,STR009,PRD00726,2,2171.72,0.0,4343.44,2995.7,UPI,Regular
SAL20250010962,2025-02-19,STR003,PRD01171,1,6541.96,0.0,6541.96,2623.89,UPI,Regular
SAL20250010963,2025-02-08,STR024,PRD00295,1,1024.45,0.0,1024.45,568.49,Credit Card,Regular
SAL20250010964,2025-02-25,STR007,PRD00301,1,189.19,0.0,189.19,130.27,Credit Card,Walk-in
SAL20250010965,2025-02-21,STR012,PRD00895,1,472.54,0.0,472.54,297.4,Net Banking,Regular
SAL20250010966,2025-02-24,STR001,PRD00741,2,2848.85,0.0,5697.7,4057.78,UPI,Regular
SAL20250010967,2025-02-10,STR016,PRD00624,1,124.7,0.0,124.7,87.08,Debit Card,Regular
SAL20250010968,2025-02-02,STR015,PRD00596,2,666.12,0.0,1332.24,795.82,Cash,Regular
SAL20250010969,2025-02-24,STR016,PRD00210,1,8463.87,0.0,8463.87,5533.2,UPI,Corporate
SAL20250010970,2025-02-26,STR032,PRD01106,2,3135.75,0.0,6271.5,3338.32,UPI,Regular
SAL20250010971,2025-02-26,STR037,PRD00621,3,335.41,0.0,1006.23,706.29,Debit Card,Regular
SAL20250010972,2025-02-25,STR041,PRD00688,3,2802.62,0.1,7567.07,6266.52,Credit Card,Walk-in
SAL20250010973,2025-02-20,STR022,PRD00985,4,79.43,0.0,317.72,220.24,UPI,Regular
SAL20250010974,2025-02-25,STR019,PRD00582,1,535.32,0.0,535.32,385.0,UPI,Walk-in
SAL20250010975,2025-02-07,STR012,PRD00099,1,19924.5,0.0,19924.5,14858.06,Credit Card,Regular
SAL20250010976,2025-02-08,STR031,PRD00339,4,831.47,0.1,2993.29,1992.68,Credit Card,Regular
SAL20250010977,2025-02-24,STR023,PRD00098,1,13136.22,0.0,13136.22,10206.01,Debit Card,Walk-in
SAL20250010978,2025-02-13,STR004,PRD00982,1,104.72,0.0,104.72,58.34,UPI,Walk-in
SAL20250010979,2025-02-15,STR024,PRD00689,1,492.79,0.05,468.15,332.83,Debit Card,Regular
SAL20250010980,2025-02-16,STR012,PRD00043,1,22998.01,0.05,21848.11,15302.97,Credit Card,Regular
SAL20250010981,2025-02-12,STR009,PRD00773,1,733.06,0.0,733.06,518.45,Net Banking,Regular
SAL20250010982,2025-02-19,STR025,PRD00377,2,1177.54,0.0,2355.08,1645.44,UPI,Premium
SAL20250010983,2025-02-03,STR007,PRD00373,4,159.48,0.0,637.92,342.16,UPI,Premium
SAL20250010984,2025-02-04,STR026,PRD00979,1,62.69,0.0,62.69,37.43,Credit Card,Walk-in
SAL20250010985,2025-02-14,STR012,PRD00353,1,948.44,0.1,853.6,529.81,Debit Card,Regular
SAL20250010986,2025-02-08,STR035,PRD00483,10,634.79,0.0,6347.9,5309.6,Credit Card,Regular
SAL20250010987,2025-02-09,STR014,PRD00962,1,708.41,0.1,637.57,395.68,Credit Card,Walk-in
SAL20250010988,2025-02-28,STR002,PRD00783,2,2295.14,0.0,4590.28,2886.5,UPI,Walk-in
SAL20250010989,2025-02-06,STR029,PRD00695,1,2280.88,0.0,2280.88,1276.46,UPI,Premium
SAL20250010990,2025-02-12,STR010,PRD00451,1,641.37,0.0,641.37,505.23,Credit Card,Walk-in
SAL20250010991,2025-02-23,STR017,PRD00333,1,1043.83,0.0,1043.83,554.4,UPI,Regular
SAL20250010992,2025-02-19,STR038,PRD00828,1,765.4,0.1,688.86,443.0,Credit Card,Regular
SAL20250010993,2025-02-26,STR035,PRD01108,2,4924.79,0.05,9357.1,4579.0,UPI,Walk-in
SAL20250010994,2025-02-19,STR005,PRD00930,2,4102.13,0.0,8204.26,4730.68,UPI,Walk-in
SAL20250010995,2025-02-04,STR005,PRD00182,1,1682.57,0.1,1514.31,1144.55,Credit Card,Regular
SAL20250010996,2025-02-08,STR034,PRD00013,1,17378.5,0.05,16509.58,12862.09,Credit Card,Walk-in
SAL20250010997,2025-02-16,STR006,PRD01095,1,4795.88,0.0,4795.88,2620.97,UPI,Regular
SAL20250010998,2025-02-23,STR017,PRD00928,2,2503.87,0.05,4757.35,3625.06,UPI,Regular
SAL20250010999,2025-02-17,STR032,PRD00232,1,6785.18,0.0,6785.18,4843.37,Credit Card,Regular
SAL20250011000,2025-02-13,STR031,PRD00236,1,5591.1,0.0,5591.1,3989.78,Cash,Walk-in
SAL20250011001,2025-02-17,STR005,PRD00753,3,4495.87,0.0,13487.61,7865.16,UPI,Walk-in
SAL20250011002,2025-02-01,STR031,PRD00473,3,113.62,0.0,340.86,284.49,Cash,Walk-in
SAL20250011003,2025-02-28,STR005,PRD00050,1,20155.67,0.0,20155.67,16076.03,UPI,Premium
SAL20250011004,2025-02-20,STR008,PRD00853,2,3236.74,0.0,6473.48,3736.28,UPI,Corporate
SAL20250011005,2025-02-08,STR027,PRD00687,2,2662.45,0.05,5058.65,3578.34,Credit Card,Regular
SAL20250011006,2025-02-04,STR036,PRD00872,1,467.45,0.0,467.45,333.62,UPI,Walk-in
SAL20250011007,2025-02-13,STR025,PRD00796,1,462.4,0.0,462.4,329.9,Credit Card,Premium
SAL20250011008,2025-02-12,STR026,PRD00292,1,975.97,0.0,975.97,491.67,UPI,Walk-in
SAL20250011009,2025-02-26,STR006,PRD00106,1,3614.0,0.0,3614.0,2487.36,Credit Card,Walk-in
SAL20250011010,2025-02-13,STR021,PRD01133,1,8197.9,0.0,8197.9,3765.02,Cash,Corporate
SAL20250011011,2025-02-28,STR040,PRD01001,4,315.54,0.0,1262.16,713.48,Debit Card,Premium
SAL20250011012,2025-02-17,STR006,PRD00584,1,232.29,0.0,232.29,142.35,UPI,Walk-in
SAL20250011013,2025-02-24,STR019,PRD00720,2,3749.56,0.0,7499.12,4209.9,Cash,Regular
SAL20250011014,2025-02-09,STR026,PRD00874,1,3195.38,0.1,2875.84,2332.48,Credit Card,Corporate
SAL20250011015,2025-02-11,STR029,PRD00864,1,1725.02,0.0,1725.02,1118.06,Credit Card,Walk-in
SAL20250011016,2025-02-15,STR025,PRD00440,4,366.81,0.1,1320.52,1283.32,UPI,Premium
SAL20250011017,2025-02-05,STR007,PRD01052,1,462.25,0.0,462.25,323.0,Credit Card,Walk-in
SAL20250011018,2025-02-26,STR003,PRD00834,1,1440.43,0.0,1440.43,915.49,Net Banking,Premium
SAL20250011019,2025-02-20,STR038,PRD00885,1,1948.54,0.0,1948.54,1253.39,Net Banking,Walk-in
SAL20250011020,2025-02-04,STR041,PRD01096,3,3066.12,0.0,9198.36,5142.78,Credit Card,Corporate
SAL20250011021,2025-02-21,STR012,PRD00393,3,526.25,0.1,1420.88,1032.54,Net Banking,Regular
SAL20250011022,2025-02-19,STR024,PRD01045,1,910.12,0.05,864.61,471.24,UPI,Regular
SAL20250011023,2025-02-04,STR020,PRD00944,2,197.23,0.0,394.46,255.64,UPI,Regular
SAL20250011024,2025-02-11,STR031,PRD00703,1,940.1,0.05,893.1,700.55,Net Banking,Regular
SAL20250011025,2025-02-23,STR033,PRD00558,2,353.1,0.0,706.2,486.6,Credit Card,Premium
SAL20250011026,2025-02-24,STR004,PRD00532,1,1039.03,0.0,1039.03,808.86,Net Banking,Premium
SAL20250011027,2025-02-20,STR030,PRD00351,1,802.18,0.0,802.18,503.24,Cash,Regular
SAL20250011028,2025-02-10,STR003,PRD00604,1,254.69,0.0,254.69,151.9,UPI,Regular
SAL20250011029,2025-02-15,STR014,PRD00360,1,505.68,0.0,505.68,239.22,Debit Card,Walk-in
SAL20250011030,2025-02-18,STR029,PRD00373,2,159.48,0.0,318.96,171.08,UPI,Walk-in
SAL20250011031,2025-02-23,STR022,PRD00834,1,1440.43,0.0,1440.43,915.49,Credit Card,Walk-in
SAL20250011032,2025-02-02,STR009,PRD00783,1,2295.14,0.0,2295.14,1443.25,UPI,Walk-in
SAL20250011033,2025-02-17,STR003,PRD00025,1,2348.16,0.0,2348.16,1617.05,Credit Card,Walk-in
SAL20250011034,2025-02-03,STR027,PRD01151,2,7065.61,0.0,14131.22,6748.72,Debit Card,Regular
SAL20250011035,2025-02-14,STR023,PRD00238,1,4984.73,0.0,4984.73,3134.78,Net Banking,Walk-in
SAL20250011036,2025-02-20,STR040,PRD00416,1,833.51,0.0,833.51,691.79,Cash,Regular
SAL20250011037,2025-02-28,STR033,PRD00831,1,2902.42,0.0,2902.42,1993.17,Credit Card,Regular
SAL20250011038,2025-02-02,STR020,PRD00385,1,460.87,0.0,460.87,278.52,Credit Card,Walk-in
SAL20250011039,2025-02-11,STR012,PRD00109,1,12280.41,0.0,12280.41,9316.5,Credit Card,Regular
SAL20250011040,2025-02-20,STR019,PRD00761,2,367.88,0.0,735.76,538.42,Credit Card,Regular
SAL20250011041,2025-02-11,STR007,PRD01093,1,4476.19,0.0,4476.19,2887.02,UPI,Regular
SAL20250011042,2025-02-17,STR023,PRD00587,5,250.15,0.0,1250.75,858.95,Credit Card,Regular
SAL20250011043,2025-02-23,STR007,PRD00508,1,125.21,0.0,125.21,109.93,UPI,Regular
SAL20250011044,2025-02-07,STR013,PRD01034,4,310.11,0.05,1178.42,870.88,UPI,Walk-in
SAL20250011045,2025-02-22,STR014,PRD00668,1,302.1,0.0,302.1,216.54,UPI,Regular
SAL20250011046,2025-02-25,STR029,PRD00151,1,5709.55,0.0,5709.55,3733.65,Credit Card,Premium
SAL20250011047,2025-02-18,STR025,PRD00365,2,693.15,0.0,1386.3,897.38,Credit Card,Regular
SAL20250011048,2025-02-07,STR007,PRD00227,1,5367.28,0.0,5367.28,3567.65,Credit Card,Corporate
SAL20250011049,2025-02-02,STR022,PRD00387,2,446.12,0.0,892.24,496.6,Debit Card,Walk-in
SAL20250011050,2025-02-23,STR013,PRD00490,2,177.23,0.0,354.46,276.62,Credit Card,Walk-in
SAL20250011051,2025-02-02,STR040,PRD00012,1,5255.98,0.05,4993.18,4121.35,Debit Card,Regular
SAL20250011052,2025-02-24,STR037,PRD01183,2,7827.71,0.0,15655.42,6664.0,Credit Card,Walk-in
SAL20250011053,2025-02-01,STR018,PRD00839,1,2839.58,0.0,2839.58,1814.97,UPI,Regular
SAL20250011054,2025-02-07,STR025,PRD01042,2,143.52,0.0,287.04,189.38,UPI,Regular
SAL20250011055,2025-02-04,STR027,PRD00016,2,12816.4,0.0,25632.8,18867.14,UPI,Regular
SAL20250011056,2025-02-26,STR006,PRD00509,1,888.38,0.0,888.38,674.33,Net Banking,Walk-in
SAL20250011057,2025-02-08,STR005,PRD00233,1,9134.67,0.0,9134.67,7104.84,Credit Card,Walk-in
SAL20250011058,2025-02-04,STR033,PRD00512,6,151.51,0.1,818.15,694.8,UPI,Walk-in
SAL20250011059,2025-02-10,STR024,PRD00499,1,309.01,0.0,309.01,265.54,Debit Card,Walk-in
SAL20250011060,2025-02-14,STR014,PRD01072,1,354.49,0.0,354.49,220.0,Debit Card,Walk-in
SAL20250011061,2025-02-05,STR026,PRD00935,2,821.43,0.0,1642.86,1172.2,UPI,Premium
SAL20250011062,2025-02-17,STR036,PRD00086,1,22194.93,0.0,22194.93,15176.58,UPI,Regular
SAL20250011063,2025-02-12,STR039,PRD00991,3,894.61,0.0,2683.83,1543.59,Cash,Premium
SAL20250011064,2025-02-16,STR026,PRD00917,3,1441.59,0.0,4324.77,2942.49,UPI,Regular
SAL20250011065,2025-02-10,STR018,PRD00691,2,1815.13,0.0,3630.26,2299.86,UPI,Regular
SAL20250011066,2025-02-16,STR003,PRD00267,2,11328.41,0.0,22656.82,16003.18,UPI,Regular
SAL20250011067,2025-02-21,STR008,PRD01049,2,225.77,0.0,451.54,275.76,Credit Card,Walk-in
SAL20250011068,2025-02-27,STR010,PRD01082,4,1474.53,0.0,5898.12,3189.04,Credit Card,Walk-in
SAL20250011069,2025-02-14,STR032,PRD00236,1,5591.1,0.0,5591.1,3989.78,Cash,Walk-in
SAL20250011070,2025-02-18,STR001,PRD00182,1,1682.57,0.0,1682.57,1144.55,Credit Card,Regular
SAL20250011071,2025-02-01,STR005,PRD00209,1,4015.2,0.0,4015.2,2717.92,Net Banking,Regular
SAL20250011072,2025-02-21,STR012,PRD00877,1,1728.24,0.0,1728.24,1211.91,UPI,Walk-in
SAL20250011073,2025-02-17,STR037,PRD00278,1,439.84,0.1,395.86,292.07,UPI,Regular
SAL20250011074,2025-02-04,STR019,PRD00810,1,406.14,0.1,365.53,261.1,Debit Card,Corporate
SAL20250011075,2025-02-25,STR039,PRD00210,2,8463.87,0.0,16927.74,11066.4,Debit Card,Regular
SAL20250011076,2025-02-14,STR020,PRD00078,1,9036.37,0.05,8584.55,6491.36,Net Banking,Walk-in
SAL20250011077,2025-02-05,STR022,PRD01112,3,3077.42,0.0,9232.26,4674.57,Debit Card,Premium
SAL20250011078,2025-02-05,STR035,PRD00322,1,839.74,0.0,839.74,587.36,Credit Card,Regular
SAL20250011079,2025-02-11,STR031,PRD01096,1,3066.12,0.1,2759.51,1714.26,Credit Card,Walk-in
SAL20250011080,2025-02-10,STR040,PRD01125,1,3015.8,0.0,3015.8,1423.43,UPI,Walk-in
SAL20250011081,2025-02-10,STR009,PRD00222,1,8948.67,0.0,8948.67,6580.84,UPI,Walk-in
SAL20250011082,2025-02-13,STR029,PRD00910,1,2302.88,0.0,2302.88,1579.69,UPI,Premium
SAL20250011083,2025-02-08,STR003,PRD00057,1,2490.08,0.0,2490.08,2005.73,Credit Card,Walk-in
SAL20250011084,2025-02-27,STR018,PRD00632,1,758.72,0.0,758.72,430.06,UPI,Premium
SAL20250011085,2025-02-21,STR031,PRD00075,1,9132.03,0.0,9132.03,7042.59,Debit Card,Walk-in
SAL20250011086,2025-02-08,STR016,PRD00156,1,1591.76,0.0,1591.76,1231.95,UPI,Premium
SAL20250011087,2025-02-02,STR008,PRD00476,5,645.16,0.0,3225.8,2715.9,Net Banking,Walk-in
SAL20250011088,2025-02-10,STR012,PRD00268,4,1061.68,0.0,4246.72,2081.04,Credit Card,Walk-in
SAL20250011089,2025-02-07,STR021,PRD00298,1,1012.57,0.05,961.94,666.12,Credit Card,Premium
SAL20250011090,2025-02-01,STR008,PRD00051,1,18906.15,0.0,18906.15,13812.18,Credit Card,Walk-in
SAL20250011091,2025-02-09,STR034,PRD01033,1,703.74,0.0,703.74,378.69,Cash,Regular
SAL20250011092,2025-02-15,STR041,PRD01038,1,565.57,0.0,565.57,303.34,Debit Card,Corporate
SAL20250011093,2025-02-25,STR021,PRD00060,1,15273.35,0.0,15273.35,10531.53,Cash,Corporate
SAL20250011094,2025-02-26,STR020,PRD00281,1,679.79,0.0,679.79,393.52,UPI,Regular
SAL20250011095,2025-02-27,STR038,PRD01176,1,5880.6,0.0,5880.6,3519.33,Net Banking,Regular
SAL20250011096,2025-02-07,STR001,PRD00124,1,10921.57,0.05,10375.49,7123.55,Cash,Walk-in
SAL20250011097,2025-02-14,STR038,PRD01044,6,762.23,0.0,4573.38,3266.88,Credit Card,Regular
SAL20250011098,2025-02-13,STR022,PRD00780,1,1384.22,0.05,1315.01,888.86,Debit Card,Regular
SAL20250011099,2025-02-09,STR002,PRD00836,3,605.3,0.05,1725.1,1224.36,UPI,Walk-in
SAL20250011100,2025-02-19,STR031,PRD00613,10,239.41,0.0,2394.1,1786.1,Net Banking,Walk-in
SAL20250011101,2025-02-06,STR005,PRD00016,1,12816.4,0.0,12816.4,9433.57,Credit Card,Regular
SAL20250011102,2025-02-15,STR029,PRD00506,2,725.03,0.0,1450.06,1158.2,Credit Card,Corporate
SAL20250011103,2025-02-21,STR017,PRD00174,1,698.44,0.0,698.44,523.24,UPI,Walk-in
SAL20250011104,2025-02-10,STR023,PRD00985,4,79.43,0.05,301.83,220.24,UPI,Corporate
SAL20250011105,2025-02-11,STR010,PRD00807,1,667.9,0.0,667.9,429.52,Credit Card,Regular
SAL20250011106,2025-02-22,STR013,PRD00614,1,52.25,0.0,52.25,34.28,Debit Card,Regular
SAL20250011107,2025-02-23,STR001,PRD00729,1,3595.95,0.0,3595.95,2557.72,Cash,Regular
SAL20250011108,2025-02-18,STR018,PRD00797,1,567.41,0.0,567.41,411.41,UPI,Walk-in
SAL20250011109,2025-02-04,STR014,PRD00131,1,11948.61,0.0,11948.61,9032.43,UPI,Premium
SAL20250011110,2025-02-06,STR026,PRD00711,1,1868.86,0.0,1868.86,1355.68,Cash,Premium
SAL20250011111,2025-02-28,STR029,PRD01103,1,5704.94,0.0,5704.94,2392.72,UPI,Regular
SAL20250011112,2025-02-08,STR016,PRD00721,1,2330.52,0.0,2330.52,1727.63,Credit Card,Walk-in
SAL20250011113,2025-02-22,STR012,PRD00086,1,22194.93,0.0,22194.93,15176.58,UPI,Regular
SAL20250011114,2025-02-08,STR013,PRD00627,1,670.0,0.0,670.0,403.71,UPI,Walk-in
SAL20250011115,2025-02-04,STR021,PRD00455,1,683.36,0.0,683.36,563.47,Net Banking,Regular
SAL20250011116,2025-02-20,STR021,PRD00904,2,2811.36,0.0,5622.72,3719.94,UPI,Walk-in
SAL20250011117,2025-02-07,STR031,PRD00110,1,26501.66,0.0,26501.66,18492.65,UPI,Regular
SAL20250011118,2025-02-27,STR015,PRD01092,4,5535.53,0.0,22142.12,10538.04,Net Banking,Corporate
SAL20250011119,2025-02-14,STR025,PRD00151,2,5709.55,0.1,10277.19,7467.3,Credit Card,Premium
SAL20250011120,2025-02-25,STR041,PRD01123,1,3145.87,0.0,3145.87,1902.26,Cash,Walk-in
SAL20250011121,2025-02-11,STR002,PRD00341,2,977.08,0.0,1954.16,1211.12,UPI,Walk-in
SAL20250011122,2025-02-20,STR040,PRD01125,2,3015.8,0.0,6031.6,2846.86,Debit Card,Regular
SAL20250011123,2025-02-04,STR005,PRD01107,1,1600.76,0.0,1600.76,735.13,UPI,Regular
SAL20250011124,2025-02-11,STR036,PRD00472,3,554.85,0.05,1581.32,1334.7,UPI,Regular
SAL20250011125,2025-02-03,STR003,PRD01045,5,910.12,0.0,4550.6,2356.2,Credit Card,Premium
SAL20250011126,2025-02-02,STR036,PRD01032,1,117.65,0.0,117.65,70.2,UPI,Walk-in
SAL20250011127,2025-02-28,STR016,PRD00920,1,2715.99,0.0,2715.99,1534.46,UPI,Regular
SAL20250011128,2025-02-07,STR003,PRD00867,1,798.49,0.0,798.49,457.76,Cash,Regular
SAL20250011129,2025-02-02,STR010,PRD00316,1,924.22,0.0,924.22,589.52,Credit Card,Walk-in
SAL20250011130,2025-02-03,STR031,PRD01142,3,3878.91,0.0,11636.73,6794.37,Credit Card,Regular
SAL20250011131,2025-02-03,STR004,PRD00734,2,817.34,0.0,1634.68,939.58,UPI,Walk-in
SAL20250011132,2025-02-25,STR015,PRD00349,1,152.26,0.0,152.26,83.87,UPI,Regular
SAL20250011133,2025-02-22,STR035,PRD00445,6,417.63,0.0,2505.78,2011.62,UPI,Premium
SAL20250011134,2025-02-07,STR019,PRD00893,1,963.04,0.0,963.04,603.05,UPI,Regular
SAL20250011135,2025-02-27,STR003,PRD00216,1,11614.64,0.0,11614.64,7226.78,UPI,Walk-in
SAL20250011136,2025-02-10,STR017,PRD00992,1,439.67,0.0,439.67,224.17,UPI,Premium
SAL20250011137,2025-02-13,STR031,PRD00083,1,9369.31,0.05,8900.84,6462.27,Credit Card,Walk-in
SAL20250011138,2025-02-20,STR038,PRD00715,2,2949.53,0.05,5604.11,3968.0,Cash,Regular
SAL20250011139,2025-02-21,STR020,PRD00021,1,1822.47,0.0,1822.47,1333.8,Debit Card,Regular
SAL20250011140,2025-02-25,STR007,PRD00037,1,21728.77,0.0,21728.77,16760.42,Debit Card,Walk-in
SAL20250011141,2025-02-18,STR027,PRD01115,1,4843.87,0.0,4843.87,2404.35,UPI,Corporate
SAL20250011142,2025-02-14,STR018,PRD00102,1,21236.57,0.0,21236.57,16141.17,Debit Card,Walk-in
SAL20250011143,2025-02-24,STR033,PRD01173,1,1034.88,0.0,1034.88,495.72,UPI,Regular
SAL20250011144,2025-02-21,STR031,PRD00827,1,3989.15,0.0,3989.15,2196.59,Debit Card,Walk-in
SAL20250011145,2025-02-15,STR023,PRD00940,2,57.11,0.05,108.51,77.72,Credit Card,Walk-in
SAL20250011146,2025-02-28,STR013,PRD00153,1,12724.66,0.0,12724.66,7922.12,UPI,Regular
SAL20250011147,2025-02-19,STR011,PRD01008,1,227.58,0.0,227.58,142.0,Debit Card,Corporate
SAL20250011148,2025-02-05,STR011,PRD00339,1,831.47,0.0,831.47,498.17,UPI,Premium
SAL20250011149,2025-02-27,STR016,PRD00832,3,1859.75,0.05,5300.29,4110.84,UPI,Walk-in
SAL20250011150,2025-02-20,STR031,PRD00798,3,1720.26,0.0,5160.78,2884.65,Net Banking,Regular
SAL20250011151,2025-02-26,STR019,PRD00189,1,8529.1,0.0,8529.1,5554.64,Credit Card,Premium
SAL20250011152,2025-02-19,STR028,PRD00947,3,413.13,0.0,1239.39,624.06,Credit Card,Walk-in
SAL20250011153,2025-02-15,STR007,PRD00831,1,2902.42,0.0,2902.42,1993.17,Credit Card,Regular
SAL20250011154,2025-02-17,STR024,PRD00881,1,802.33,0.0,802.33,533.51,UPI,Corporate
SAL20250011155,2025-02-01,STR039,PRD01046,2,946.12,0.0,1892.24,1052.58,Credit Card,Regular
SAL20250011156,2025-02-02,STR025,PRD00607,1,313.72,0.0,313.72,181.35,Credit Card,Premium
SAL20250011157,2025-02-21,STR025,PRD00338,1,1223.61,0.0,1223.61,688.23,UPI,Walk-in
SAL20250011158,2025-02-18,STR023,PRD01175,1,2568.19,0.0,2568.19,1572.7,UPI,Walk-in
SAL20250011159,2025-02-20,STR024,PRD00940,1,57.11,0.0,57.11,38.86,UPI,Regular
SAL20250011160,2025-02-02,STR021,PRD00868,1,1450.33,0.1,1305.3,912.21,UPI,Regular
SAL20250011161,2025-02-15,STR030,PRD01139,2,4060.77,0.0,8121.54,3689.12,Credit Card,Regular
SAL20250011162,2025-02-24,STR015,PRD00250,1,3877.74,0.1,3489.97,2737.07,Debit Card,Premium
SAL20250011163,2025-02-27,STR038,PRD00769,3,1757.79,0.0,5273.37,3726.51,UPI,Premium
SAL20250011164,2025-02-23,STR010,PRD00095,1,18324.65,0.0,18324.65,13913.8,UPI,Premium
SAL20250011165,2025-02-26,STR002,PRD00371,1,199.9,0.0,199.9,113.45,Cash,Walk-in
SAL20250011166,2025-02-25,STR002,PRD00724,1,2856.14,0.05,2713.33,1594.41,Credit Card,Regular
SAL20250011167,2025-02-18,STR021,PRD00890,2,891.3,0.0,1782.6,1071.86,UPI,Regular
SAL20250011168,2025-02-14,STR026,PRD00763,1,3968.33,0.0,3968.33,2850.9,Credit Card,Premium
SAL20250011169,2025-02-02,STR007,PRD00222,1,8948.67,0.0,8948.67,6580.84,Credit Card,Premium
SAL20250011170,2025-02-22,STR007,PRD00220,3,5859.46,0.0,17578.38,13684.32,UPI,Walk-in
SAL20250011171,2025-02-23,STR038,PRD00897,1,3626.87,0.0,3626.87,2369.21,UPI,Walk-in
SAL20250011172,2025-02-23,STR024,PRD00043,1,22998.01,0.0,22998.01,15302.97,UPI,Regular
SAL20250011173,2025-02-27,STR011,PRD00731,1,2513.85,0.0,2513.85,1582.05,UPI,Regular
SAL20250011174,2025-02-26,STR012,PRD01061,2,1015.91,0.0,2031.82,1071.06,UPI,Walk-in
SAL20250011175,2025-02-19,STR002,PRD00047,1,27210.89,0.0,27210.89,17922.95,UPI,Walk-in
SAL20250011176,2025-02-05,STR037,PRD00618,3,249.13,0.05,710.02,549.09,UPI,Walk-in
SAL20250011177,2025-02-19,STR005,PRD00973,4,291.44,0.0,1165.76,627.64,Debit Card,Regular
SAL20250011178,2025-02-13,STR021,PRD00998,2,883.36,0.0,1766.72,899.78,Debit Card,Regular
SAL20250011179,2025-02-25,STR021,PRD00978,1,172.32,0.1,155.09,107.32,Net Banking,Regular
SAL20250011180,2025-02-12,STR039,PRD00871,1,1211.65,0.0,1211.65,859.32,UPI,Regular
SAL20250011181,2025-02-16,STR014,PRD00105,1,9145.0,0.0,9145.0,7010.14,UPI,Premium
SAL20250011182,2025-02-27,STR016,PRD00927,3,799.32,0.0,2397.96,1753.74,UPI,Walk-in
SAL20250011183,2025-02-26,STR027,PRD00997,1,893.9,0.0,893.9,624.69,Cash,Walk-in
SAL20250011184,2025-02-01,STR041,PRD00116,1,21256.57,0.0,21256.57,14955.09,UPI,Walk-in
SAL20250011185,2025-02-15,STR023,PRD00925,2,2271.72,0.05,4316.27,3050.18,Debit Card,Regular
SAL20250011186,2025-02-07,STR005,PRD00785,1,4604.98,0.0,4604.98,2754.83,UPI,Premium
SAL20250011187,2025-02-10,STR018,PRD01113,1,4340.13,0.0,4340.13,2015.92,Cash,Premium
SAL20250011188,2025-02-21,STR007,PRD00920,2,2715.99,0.05,5160.38,3068.92,UPI,Regular
SAL20250011189,2025-02-09,STR033,PRD00318,3,184.33,0.0,552.99,356.31,Credit Card,Premium
SAL20250011190,2025-02-28,STR006,PRD00437,3,320.21,0.05,912.6,813.36,Debit Card,Regular
SAL20250011191,2025-02-24,STR023,PRD00992,1,439.67,0.05,417.69,224.17,UPI,Regular
SAL20250011192,2025-02-08,STR008,PRD00654,4,474.17,0.0,1896.68,1297.56,Debit Card,Walk-in
SAL20250011193,2025-02-02,STR008,PRD00197,1,4849.89,0.0,4849.89,3779.03,Debit Card,Regular
SAL20250011194,2025-02-10,STR023,PRD00124,1,10921.57,0.0,10921.57,7123.55,UPI,Walk-in
SAL20250011195,2025-02-05,STR019,PRD01130,1,3164.31,0.0,3164.31,1889.64,UPI,Regular
SAL20250011196,2025-02-11,STR026,PRD00488,1,995.48,0.0,995.48,835.86,Credit Card,Walk-in
SAL20250011197,2025-02-10,STR014,PRD01059,10,553.69,0.05,5260.06,3683.6,Debit Card,Premium
SAL20250011198,2025-02-13,STR013,PRD00658,2,338.62,0.05,643.38,455.36,Cash,Regular
SAL20250011199,2025-02-28,STR039,PRD00347,1,1133.22,0.0,1133.22,669.26,UPI,Walk-in
SAL20250011200,2025-02-24,STR010,PRD00970,1,370.51,0.0,370.51,239.77,Debit Card,Regular
SAL20250011201,2025-02-12,STR029,PRD00403,4,158.56,0.0,634.24,552.88,UPI,Regular
SAL20250011202,2025-02-05,STR033,PRD01104,2,7758.33,0.0,15516.66,6976.72,UPI,Walk-in
SAL20250011203,2025-02-13,STR038,PRD00477,1,121.21,0.0,121.21,97.66,Credit Card,Regular
SAL20250011204,2025-02-14,STR038,PRD00989,1,922.35,0.0,922.35,592.11,Debit Card,Walk-in
SAL20250011205,2025-02-15,STR040,PRD00022,1,22149.39,0.0,22149.39,16337.37,Credit Card,Walk-in
SAL20250011206,2025-02-18,STR041,PRD00172,1,7151.58,0.0,7151.58,5253.3,Credit Card,Regular
SAL20250011207,2025-02-18,STR015,PRD01061,2,1015.91,0.0,2031.82,1071.06,UPI,Regular
SAL20250011208,2025-02-20,STR040,PRD00235,1,11077.6,0.0,11077.6,6683.62,UPI,Walk-in
SAL20250011209,2025-02-21,STR023,PRD00303,1,674.18,0.0,674.18,362.28,Cash,Premium
SAL20250011210,2025-02-23,STR016,PRD00835,1,1480.55,0.0,1480.55,1008.2,UPI,Corporate
SAL20250011211,2025-02-11,STR026,PRD01086,1,5541.98,0.0,5541.98,3222.42,UPI,Regular
SAL20250011212,2025-02-19,STR039,PRD00917,2,1441.59,0.0,2883.18,1961.66,Credit Card,Walk-in
SAL20250011213,2025-02-20,STR026,PRD00406,6,663.68,0.0,3982.08,3198.36,Credit Card,Corporate
SAL20250011214,2025-02-01,STR022,PRD00761,1,367.88,0.05,349.49,269.21,Debit Card,Premium
SAL20250011215,2025-02-09,STR001,PRD00429,1,725.58,0.1,653.02,550.01,UPI,Regular
SAL20250011216,2025-02-09,STR031,PRD01167,2,1364.58,0.0,2729.16,1671.32,Credit Card,Regular
SAL20250011217,2025-02-06,STR026,PRD01078,1,2107.38,0.0,2107.38,1315.89,UPI,Walk-in
SAL20250011218,2025-02-04,STR035,PRD00655,2,75.89,0.0,151.78,94.3,UPI,Regular
SAL20250011219,2025-02-21,STR011,PRD00763,1,3968.33,0.0,3968.33,2850.9,Debit Card,Premium
SAL20250011220,2025-02-12,STR002,PRD00712,2,1580.0,0.1,2844.0,1894.3,Cash,Regular
SAL20250011221,2025-02-17,STR001,PRD00102,2,21236.57,0.05,40349.48,32282.34,UPI,Premium
SAL20250011222,2025-02-09,STR008,PRD00359,1,1383.56,0.0,1383.56,643.64,UPI,Walk-in
SAL20250011223,2025-02-02,STR015,PRD00151,1,5709.55,0.05,5424.07,3733.65,Credit Card,Premium
SAL20250011224,2025-02-22,STR020,PRD00582,3,535.32,0.0,1605.96,1155.0,Net Banking,Regular
SAL20250011225,2025-02-06,STR026,PRD00798,1,1720.26,0.0,1720.26,961.55,UPI,Walk-in
SAL20250011226,2025-02-08,STR041,PRD00180,1,3550.84,0.0,3550.84,2526.78,UPI,Walk-in
SAL20250011227,2025-02-11,STR020,PRD00974,1,202.7,0.0,202.7,106.76,Credit Card,Walk-in
SAL20250011228,2025-02-12,STR020,PRD00010,1,14520.45,0.0,14520.45,11774.44,Credit Card,Walk-in
SAL20250011229,2025-02-20,STR032,PRD01169,1,6625.23,0.1,5962.71,4001.41,UPI,Premium
SAL20250011230,2025-02-17,STR033,PRD00969,1,147.34,0.0,147.34,76.24,Credit Card,Walk-in
SAL20250011231,2025-02-08,STR016,PRD00224,1,4670.9,0.0,4670.9,3440.61,UPI,Walk-in
SAL20250011232,2025-02-11,STR013,PRD00374,1,1242.75,0.0,1242.75,738.33,Credit Card,Regular
SAL20250011233,2025-02-16,STR020,PRD00498,2,178.55,0.0,357.1,276.3,UPI,Regular
SAL20250011234,2025-02-25,STR007,PRD00191,1,7660.03,0.0,7660.03,5198.25,UPI,Regular
SAL20250011235,2025-02-24,STR032,PRD00288,3,827.89,0.0,2483.67,1318.08,Debit Card,Regular
SAL20250011236,2025-02-16,STR032,PRD01184,2,6927.53,0.1,12469.55,6365.4,Credit Card,Walk-in
SAL20250011237,2025-02-19,STR003,PRD01098,3,1920.11,0.1,5184.3,3368.58,Debit Card,Walk-in
SAL20250011238,2025-02-26,STR021,PRD00544,1,114.7,0.0,114.7,82.74,Credit Card,Walk-in
SAL20250011239,2025-02-20,STR033,PRD01131,1,6280.13,0.0,6280.13,3425.53,Cash,Corporate
SAL20250011240,2025-02-20,STR036,PRD00138,1,3460.02,0.0,3460.02,2661.97,Credit Card,Regular
SAL20250011241,2025-02-12,STR039,PRD00234,2,3859.31,0.0,7718.62,4748.08,UPI,Walk-in
SAL20250011242,2025-02-10,STR018,PRD00462,6,271.55,0.0,1629.3,1231.56,UPI,Walk-in
SAL20250011243,2025-02-24,STR033,PRD00292,1,975.97,0.0,975.97,491.67,Credit Card,Walk-in
SAL20250011244,2025-02-18,STR037,PRD00237,1,9971.54,0.0,9971.54,6463.12,UPI,Walk-in
SAL20250011245,2025-02-10,STR041,PRD00330,1,275.94,0.0,275.94,168.86,UPI,Premium
SAL20250011246,2025-02-05,STR034,PRD00707,1,2433.38,0.0,2433.38,1626.72,Debit Card,Regular
SAL20250011247,2025-02-22,STR037,PRD00384,4,1012.08,0.0,4048.32,2054.56,UPI,Regular
SAL20250011248,2025-02-21,STR037,PRD00024,1,23723.95,0.0,23723.95,15500.24,UPI,Corporate
SAL20250011249,2025-02-27,STR019,PRD00481,1,391.79,0.0,391.79,316.76,UPI,Walk-in
SAL20250011250,2025-02-16,STR036,PRD00077,1,14848.8,0.1,13363.92,12077.21,UPI,Premium
SAL20250011251,2025-02-09,STR026,PRD00457,1,726.05,0.0,726.05,549.39,Credit Card,Premium
SAL20250011252,2025-02-24,STR019,PRD00662,3,192.14,0.0,576.42,422.88,UPI,Regular
SAL20250011253,2025-02-22,STR038,PRD01144,1,2397.7,0.0,2397.7,1426.02,UPI,Premium
SAL20250011254,2025-02-16,STR011,PRD00564,3,566.41,0.1,1529.31,1043.91,Credit Card,Walk-in
SAL20250011255,2025-02-14,STR017,PRD00041,1,19732.0,0.1,17758.8,14953.27,Credit Card,Regular
SAL20250011256,2025-02-20,STR002,PRD00233,1,9134.67,0.0,9134.67,7104.84,UPI,Regular
SAL20250011257,2025-02-08,STR029,PRD00020,1,2507.15,0.0,2507.15,1948.29,UPI,Regular
SAL20250011258,2025-02-12,STR005,PRD00091,1,21335.5,0.0,21335.5,15504.58,UPI,Regular
SAL20250011259,2025-02-11,STR031,PRD01063,4,747.32,0.05,2839.82,1953.56,UPI,Regular
SAL20250011260,2025-02-21,STR033,PRD00935,1,821.43,0.05,780.36,586.1,Cash,Regular
SAL20250011261,2025-02-20,STR028,PRD00496,3,1047.75,0.0,3143.25,2707.32,Debit Card,Regular
SAL20250011262,2025-02-07,STR029,PRD01082,1,1474.53,0.1,1327.08,797.26,UPI,Walk-in
SAL20250011263,2025-02-07,STR008,PRD00811,2,243.22,0.0,486.44,281.9,Credit Card,Walk-in
SAL20250011264,2025-02-08,STR016,PRD00275,1,1560.95,0.0,1560.95,847.9,Credit Card,Regular
SAL20250011265,2025-02-13,STR017,PRD01184,1,6927.53,0.0,6927.53,3182.7,Credit Card,Regular
SAL20250011266,2025-02-26,STR001,PRD00444,4,347.0,0.05,1318.6,1143.84,Debit Card,Premium
SAL20250011267,2025-02-14,STR003,PRD00231,1,9171.94,0.0,9171.94,6705.09,Credit Card,Regular
SAL20250011268,2025-02-10,STR005,PRD00180,1,3550.84,0.0,3550.84,2526.78,Cash,Walk-in
SAL20250011269,2025-02-08,STR001,PRD00437,4,320.21,0.05,1216.8,1084.48,UPI,Regular
SAL20250011270,2025-02-19,STR025,PRD01102,1,845.86,0.0,845.86,353.36,Cash,Walk-in
SAL20250011271,2025-02-23,STR008,PRD00020,1,2507.15,0.0,2507.15,1948.29,UPI,Regular
SAL20250011272,2025-02-24,STR010,PRD00831,2,2902.42,0.05,5514.6,3986.34,UPI,Premium
SAL20250011273,2025-02-05,STR041,PRD00305,1,1134.36,0.0,1134.36,615.3,UPI,Premium
SAL20250011274,2025-02-04,STR024,PRD00496,2,1047.75,0.05,1990.72,1804.88,UPI,Walk-in
SAL20250011275,2025-02-11,STR012,PRD00816,1,1448.92,0.0,1448.92,857.39,Net Banking,Walk-in
SAL20250011276,2025-02-24,STR014,PRD00253,2,9663.5,0.0,19327.0,13434.14,Debit Card,Regular
SAL20250011277,2025-02-14,STR016,PRD00912,1,532.47,0.05,505.85,306.3,Credit Card,Regular
SAL20250011278,2025-02-06,STR033,PRD00739,1,2279.96,0.05,2165.96,1541.42,UPI,Regular
SAL20250011279,2025-02-01,STR025,PRD00358,1,873.37,0.0,873.37,466.67,UPI,Regular
SAL20250011280,2025-02-15,STR035,PRD00286,3,390.77,0.0,1172.31,760.02,UPI,Regular
SAL20250011281,2025-02-23,STR013,PRD00586,2,648.21,0.0,1296.42,880.02,Debit Card,Walk-in
SAL20250011282,2025-02-21,STR020,PRD01140,1,5750.16,0.0,5750.16,3316.46,UPI,Walk-in
SAL20250011283,2025-02-20,STR039,PRD00256,1,13048.37,0.0,13048.37,8107.05,Credit Card,Regular
SAL20250011284,2025-02-01,STR028,PRD00342,1,1186.13,0.0,1186.13,698.17,Credit Card,Regular
SAL20250011285,2025-02-11,STR029,PRD00582,1,535.32,0.1,481.79,385.0,UPI,Regular
SAL20250011286,2025-02-13,STR003,PRD01088,2,4543.5,0.1,8178.3,3985.1,Credit Card,Walk-in
SAL20250011287,2025-02-01,STR041,PRD00157,1,5982.96,0.1,5384.66,4355.19,Debit Card,Regular
SAL20250011288,2025-02-18,STR030,PRD00402,6,947.11,0.0,5682.66,4908.36,Net Banking,Walk-in
SAL20250011289,2025-02-10,STR021,PRD00788,1,3329.23,0.0,3329.23,2105.2,Net Banking,Regular
SAL20250011290,2025-02-27,STR016,PRD00590,2,353.62,0.05,671.88,486.36,Debit Card,Premium
SAL20250011291,2025-02-12,STR021,PRD00063,1,19546.78,0.0,19546.78,13446.97,Credit Card,Regular
SAL20250011292,2025-02-01,STR040,PRD00412,2,576.41,0.0,1152.82,909.5,UPI,Regular
SAL20250011293,2025-02-07,STR030,PRD00977,1,417.51,0.0,417.51,282.28,Debit Card,Walk-in
SAL20250011294,2025-02-19,STR034,PRD01151,2,7065.61,0.0,14131.22,6748.72,Credit Card,Regular
SAL20250011295,2025-02-06,STR012,PRD00420,1,876.02,0.05,832.22,742.57,UPI,Walk-in
SAL20250011296,2025-02-06,STR022,PRD00500,10,936.13,0.0,9361.3,7575.3,UPI,Regular
SAL20250011297,2025-02-21,STR019,PRD00001,1,21322.84,0.0,21322.84,15337.08,Debit Card,Premium
SAL20250011298,2025-02-28,STR008,PRD00362,1,1120.03,0.0,1120.03,532.51,Debit Card,Premium
SAL20250011299,2025-02-26,STR029,PRD01184,2,6927.53,0.0,13855.06,6365.4,UPI,Regular
SAL20250011300,2025-02-07,STR023,PRD00495,1,212.14,0.0,212.14,164.27,Debit Card,Premium
SAL20250011301,2025-02-07,STR014,PRD01195,1,6990.3,0.0,6990.3,3398.23,Debit Card,Walk-in
SAL20250011302,2025-02-17,STR039,PRD00999,3,1102.59,0.0,3307.77,1760.55,Cash,Regular
SAL20250011303,2025-02-15,STR027,PRD00743,1,1675.83,0.0,1675.83,1131.56,Credit Card,Regular
SAL20250011304,2025-02-24,STR007,PRD00015,1,3619.87,0.0,3619.87,2931.59,Credit Card,Regular
SAL20250011305,2025-02-09,STR006,PRD01057,6,52.31,0.0,313.86,199.8,UPI,Regular
SAL20250011306,2025-02-05,STR003,PRD00846,1,1551.36,0.0,1551.36,1102.23,UPI,Regular
SAL20250011307,2025-02-02,STR006,PRD00189,1,8529.1,0.0,8529.1,5554.64,UPI,Walk-in
SAL20250011308,2025-02-17,STR034,PRD00507,1,259.46,0.0,259.46,215.35,UPI,Regular
SAL20250011309,2025-02-24,STR002,PRD00839,1,2839.58,0.0,2839.58,1814.97,Debit Card,Walk-in
SAL20250011310,2025-02-19,STR031,PRD00462,2,271.55,0.0,543.1,410.52,UPI,Regular
SAL20250011311,2025-02-12,STR023,PRD00238,1,4984.73,0.0,4984.73,3134.78,UPI,Walk-in
SAL20250011312,2025-02-24,STR009,PRD00335,2,1156.98,0.0,2313.96,1245.12,Net Banking,Regular
SAL20250011313,2025-02-20,STR035,PRD00054,1,16291.52,0.0,16291.52,11840.34,Debit Card,Regular
SAL20250011314,2025-02-21,STR023,PRD00864,1,1725.02,0.0,1725.02,1118.06,Credit Card,Walk-in
SAL20250011315,2025-02-09,STR021,PRD00914,2,3460.6,0.0,6921.2,4401.44,UPI,Regular
SAL20250011316,2025-02-21,STR014,PRD00730,1,3497.66,0.1,3147.89,2580.93,Cash,Regular
SAL20250011317,2025-02-27,STR008,PRD00652,2,210.65,0.0,421.3,274.0,UPI,Premium
SAL20250011318,2025-02-11,STR028,PRD01046,3,946.12,0.0,2838.36,1578.87,Debit Card,Regular
SAL20250011319,2025-02-16,STR041,PRD00531,1,217.65,0.0,217.65,182.2,UPI,Walk-in
SAL20250011320,2025-02-04,STR005,PRD00949,3,855.15,0.0,2565.45,1700.55,Cash,Regular
SAL20250011321,2025-02-17,STR022,PRD00131,1,11948.61,0.0,11948.61,9032.43,UPI,Walk-in
SAL20250011322,2025-02-25,STR020,PRD00722,2,2039.88,0.0,4079.76,2341.7,Cash,Walk-in
SAL20250011323,2025-02-05,STR022,PRD00632,1,758.72,0.0,758.72,430.06,Cash,Walk-in
SAL20250011324,2025-02-06,STR005,PRD00587,3,250.15,0.1,675.41,515.37,Credit Card,Premium
SAL20250011325,2025-02-03,STR036,PRD00589,1,435.23,0.0,435.23,254.04,UPI,Premium
SAL20250011326,2025-02-27,STR029,PRD01130,3,3164.31,0.0,9492.93,5668.92,UPI,Regular
SAL20250011327,2025-02-11,STR020,PRD01032,1,117.65,0.0,117.65,70.2,UPI,Regular
SAL20250011328,2025-02-03,STR016,PRD01033,3,703.74,0.0,2111.22,1136.07,UPI,Regular
SAL20250011329,2025-02-22,STR032,PRD01159,1,3270.67,0.0,3270.67,1499.26,UPI,Regular
SAL20250011330,2025-02-16,STR019,PRD00082,1,9499.68,0.05,9024.7,6552.44,Debit Card,Regular
SAL20250011331,2025-02-21,STR015,PRD00321,1,1442.95,0.05,1370.8,715.49,UPI,Regular
SAL20250011332,2025-02-06,STR002,PRD00110,1,26501.66,0.0,26501.66,18492.65,Net Banking,Walk-in
SAL20250011333,2025-02-24,STR001,PRD00418,2,378.6,0.0,757.2,630.86,UPI,Regular
SAL20250011334,2025-02-12,STR010,PRD00263,1,3207.01,0.0,3207.01,2439.1,UPI,Regular
SAL20250011335,2025-02-14,STR030,PRD00534,3,97.09,0.0,291.27,241.77,Debit Card,Regular
SAL20250011336,2025-02-05,STR028,PRD00053,1,3304.53,0.0,3304.53,2309.51,Debit Card,Walk-in
SAL20250011337,2025-02-04,STR029,PRD00450,1,377.7,0.05,358.81,290.54,Cash,Walk-in
SAL20250011338,2025-02-05,STR019,PRD00030,1,17262.94,0.0,17262.94,12589.59,UPI,Regular
SAL20250011339,2025-02-05,STR031,PRD01068,1,5954.4,0.0,5954.4,3495.2,UPI,Regular
SAL20250011340,2025-02-17,STR018,PRD01159,1,3270.67,0.0,3270.67,1499.26,Debit Card,Premium
SAL20250011341,2025-02-06,STR034,PRD00142,1,4154.89,0.0,4154.89,2736.44,Debit Card,Regular
SAL20250011342,2025-02-20,STR039,PRD00466,2,725.28,0.0,1450.56,1259.44,UPI,Regular
SAL20250011343,2025-02-03,STR015,PRD00498,4,178.55,0.0,714.2,552.6,Debit Card,Regular
SAL20250011344,2025-02-17,STR023,PRD00039,1,8380.37,0.0,8380.37,6279.95,Credit Card,Regular
SAL20250011345,2025-02-09,STR018,PRD01145,1,3609.72,0.05,3429.23,2080.21,UPI,Walk-in
SAL20250011346,2025-02-05,STR040,PRD00120,1,22170.49,0.0,22170.49,16305.22,Debit Card,Regular
SAL20250011347,2025-02-19,STR035,PRD01174,1,4967.43,0.0,4967.43,2664.97,Credit Card,Regular
SAL20250011348,2025-02-07,STR013,PRD00232,1,6785.18,0.0,6785.18,4843.37,Debit Card,Regular
SAL20250011349,2025-02-09,STR010,PRD00089,1,24330.95,0.05,23114.4,18400.64,UPI,Walk-in
SAL20250011350,2025-02-22,STR034,PRD01125,1,3015.8,0.0,3015.8,1423.43,Credit Card,Walk-in
SAL20250011351,2025-02-04,STR032,PRD00233,1,9134.67,0.0,9134.67,7104.84,UPI,Regular
SAL20250011352,2025-02-18,STR019,PRD00185,1,1926.14,0.0,1926.14,1500.04,Cash,Premium
SAL20250011353,2025-02-15,STR031,PRD00775,1,3571.78,0.0,3571.78,1976.55,Debit Card,Premium
SAL20250011354,2025-02-12,STR016,PRD00318,2,184.33,0.0,368.66,237.54,UPI,Premium
SAL20250011355,2025-02-09,STR029,PRD00737,1,1053.41,0.0,1053.41,753.37,UPI,Premium
SAL20250011356,2025-02-06,STR039,PRD01122,2,6526.26,0.0,13052.52,7262.96,Credit Card,Walk-in
SAL20250011357,2025-02-06,STR034,PRD01158,2,7747.18,0.0,15494.36,8354.56,Credit Card,Regular
SAL20250011358,2025-02-06,STR028,PRD00271,1,660.1,0.0,660.1,418.6,UPI,Corporate
SAL20250011359,2025-02-27,STR015,PRD00166,1,4039.27,0.0,4039.27,2471.0,UPI,Regular
SAL20250011360,2025-02-18,STR034,PRD01069,1,2127.71,0.0,2127.71,1083.85,UPI,Walk-in
SAL20250011361,2025-02-17,STR027,PRD00353,3,948.44,0.0,2845.32,1589.43,Credit Card,Regular
SAL20250011362,2025-02-03,STR039,PRD00582,1,535.32,0.0,535.32,385.0,Cash,Walk-in
SAL20250011363,2025-02-09,STR009,PRD00674,3,2861.74,0.0,8585.22,4771.77,UPI,Walk-in
SAL20250011364,2025-02-19,STR029,PRD00696,1,1599.77,0.0,1599.77,1080.02,UPI,Regular
SAL20250011365,2025-02-19,STR028,PRD00342,1,1186.13,0.0,1186.13,698.17,UPI,Walk-in
SAL20250011366,2025-02-26,STR041,PRD00245,1,6730.38,0.0,6730.38,4429.31,Debit Card,Corporate
SAL20250011367,2025-02-18,STR033,PRD00596,3,666.12,0.0,1998.36,1193.73,Credit Card,Premium
SAL20250011368,2025-02-08,STR034,PRD00606,2,516.03,0.0,1032.06,617.14,Net Banking,Walk-in
SAL20250011369,2025-02-06,STR032,PRD00890,1,891.3,0.05,846.73,535.93,UPI,Walk-in
SAL20250011370,2025-02-25,STR008,PRD00680,2,3900.49,0.0,7800.98,5610.0,Credit Card,Regular
SAL20250011371,2025-02-24,STR001,PRD00563,3,667.75,0.0,2003.25,1300.68,Credit Card,Premium
SAL20250011372,2025-02-28,STR036,PRD00924,4,261.16,0.0,1044.64,778.0,Credit Card,Regular
SAL20250011373,2025-02-04,STR001,PRD00903,1,433.92,0.0,433.92,275.41,UPI,Walk-in
SAL20250011374,2025-02-12,STR018,PRD00069,1,11744.39,0.05,11157.17,7701.34,Cash,Premium
SAL20250011375,2025-02-22,STR005,PRD01081,1,7442.0,0.1,6697.8,3523.33,Debit Card,Regular
SAL20250011376,2025-02-18,STR041,PRD00128,1,13672.72,0.0,13672.72,8963.81,Credit Card,Regular
SAL20250011377,2025-02-27,STR041,PRD00488,2,995.48,0.0,1990.96,1671.72,UPI,Regular
SAL20250011378,2025-02-01,STR013,PRD00311,1,936.08,0.05,889.28,578.34,UPI,Corporate
SAL20250011379,2025-02-23,STR015,PRD00089,1,24330.95,0.0,24330.95,18400.64,UPI,Regular
SAL20250011380,2025-02-21,STR012,PRD00481,6,391.79,0.0,2350.74,1900.56,UPI,Walk-in
SAL20250011381,2025-02-17,STR014,PRD00974,5,202.7,0.0,1013.5,533.8,Debit Card,Regular
SAL20250011382,2025-02-19,STR022,PRD00864,1,1725.02,0.0,1725.02,1118.06,Cash,Walk-in
SAL20250011383,2025-02-23,STR013,PRD00821,1,2784.44,0.0,2784.44,1582.41,UPI,Regular
SAL20250011384,2025-02-02,STR006,PRD00173,1,9167.15,0.0,9167.15,5751.32,Cash,Walk-in
SAL20250011385,2025-02-23,STR038,PRD00110,1,26501.66,0.0,26501.66,18492.65,Debit Card,Walk-in
SAL20250011386,2025-02-12,STR034,PRD01027,1,412.95,0.0,412.95,225.72,UPI,Regular
SAL20250011387,2025-02-05,STR021,PRD00418,1,378.6,0.0,378.6,315.43,Cash,Premium
SAL20250011388,2025-02-21,STR033,PRD00586,1,648.21,0.0,648.21,440.01,UPI,Corporate
SAL20250011389,2025-02-19,STR005,PRD01176,1,5880.6,0.0,5880.6,3519.33,Cash,Regular
SAL20250011390,2025-02-15,STR030,PRD00606,6,516.03,0.0,3096.18,1851.42,UPI,Regular
SAL20250011391,2025-02-09,STR040,PRD00257,1,3131.42,0.0,3131.42,2145.77,Debit Card,Regular
SAL20250011392,2025-02-17,STR006,PRD00392,1,436.74,0.05,414.9,242.28,Cash,Regular
SAL20250011393,2025-02-22,STR018,PRD00015,1,3619.87,0.0,3619.87,2931.59,UPI,Walk-in
SAL20250011394,2025-02-15,STR023,PRD00665,2,157.57,0.0,315.14,206.28,Credit Card,Regular
SAL20250011395,2025-02-18,STR004,PRD00812,2,3142.68,0.0,6285.36,3646.6,UPI,Regular
SAL20250011396,2025-02-15,STR013,PRD01066,2,424.4,0.1,763.92,505.98,Debit Card,Walk-in
SAL20250011397,2025-02-21,STR013,PRD00805,1,3870.93,0.0,3870.93,2163.81,Credit Card,Walk-in
SAL20250011398,2025-02-15,STR030,PRD00532,1,1039.03,0.0,1039.03,808.86,UPI,Walk-in
SAL20250011399,2025-02-26,STR038,PRD00244,1,9135.72,0.0,9135.72,5766.93,Credit Card,Walk-in
SAL20250011400,2025-02-23,STR032,PRD00602,1,328.03,0.0,328.03,207.28,Credit Card,Regular
SAL20250011401,2025-02-07,STR007,PRD00740,3,3926.7,0.1,10602.09,8526.93,UPI,Corporate
SAL20250011402,2025-02-04,STR041,PRD00092,1,6575.52,0.05,6246.74,4677.68,Credit Card,Regular
SAL20250011403,2025-02-20,STR012,PRD00751,1,3034.29,0.0,3034.29,1940.36,UPI,Walk-in
SAL20250011404,2025-02-08,STR002,PRD00476,4,645.16,0.0,2580.64,2172.72,UPI,Walk-in
SAL20250011405,2025-02-04,STR036,PRD00477,1,121.21,0.0,121.21,97.66,Cash,Premium
SAL20250011406,2025-02-27,STR030,PRD01058,4,211.57,0.0,846.28,580.08,Credit Card,Walk-in
SAL20250011407,2025-02-03,STR014,PRD00352,2,930.67,0.0,1861.34,1193.8,Debit Card,Premium
SAL20250011408,2025-02-26,STR007,PRD00122,1,23504.26,0.0,23504.26,16366.57,UPI,Premium
SAL20250011409,2025-02-19,STR007,PRD00861,1,3212.99,0.0,3212.99,1773.8,Net Banking,Regular
SAL20250011410,2025-02-24,STR020,PRD00378,2,667.36,0.1,1201.25,731.08,Credit Card,Premium
SAL20250011411,2025-02-20,STR007,PRD00146,1,5953.14,0.0,5953.14,4155.91,UPI,Premium
SAL20250011412,2025-02-08,STR004,PRD00736,1,1942.77,0.0,1942.77,1241.55,UPI,Regular
SAL20250011413,2025-02-03,STR035,PRD00566,1,655.12,0.1,589.61,423.12,UPI,Walk-in
SAL20250011414,2025-02-16,STR023,PRD00741,3,2848.85,0.0,8546.55,6086.67,Debit Card,Regular
SAL20250011415,2025-02-21,STR041,PRD00747,2,1306.66,0.0,2613.32,1920.32,UPI,Regular
SAL20250011416,2025-02-11,STR010,PRD00828,1,765.4,0.0,765.4,443.0,Credit Card,Walk-in
SAL20250011417,2025-02-07,STR006,PRD00517,4,252.82,0.05,960.72,812.12,Credit Card,Regular
SAL20250011418,2025-02-18,STR033,PRD00616,1,565.82,0.0,565.82,314.13,Cash,Walk-in
SAL20250011419,2025-02-11,STR015,PRD00135,3,9390.96,0.0,28172.88,20599.89,Debit Card,Premium
SAL20250011420,2025-02-17,STR007,PRD00104,2,21587.41,0.0,43174.82,35165.66,UPI,Premium
SAL20250011421,2025-02-08,STR014,PRD00291,2,469.9,0.0,939.8,559.52,UPI,Walk-in
SAL20250011422,2025-02-01,STR001,PRD00270,1,1213.51,0.0,1213.51,769.06,UPI,Regular
SAL20250011423,2025-02-07,STR039,PRD00658,3,338.62,0.05,965.07,683.04,Debit Card,Premium
SAL20250011424,2025-02-09,STR020,PRD00145,1,2570.9,0.0,2570.9,1687.81,Debit Card,Regular
SAL20250011425,2025-02-08,STR002,PRD01118,2,5734.69,0.0,11469.38,6742.2,UPI,Regular
SAL20250011426,2025-02-20,STR033,PRD00149,1,3024.83,0.0,3024.83,2041.86,Credit Card,Regular
SAL20250011427,2025-02-17,STR041,PRD00568,1,465.88,0.0,465.88,288.31,Net Banking,Regular
SAL20250011428,2025-02-11,STR004,PRD00507,2,259.46,0.05,492.97,430.7,Credit Card,Regular
SAL20250011429,2025-02-22,STR008,PRD00317,1,1393.76,0.0,1393.76,799.47,UPI,Premium
SAL20250011430,2025-02-25,STR033,PRD00543,3,579.45,0.0,1738.35,1275.69,UPI,Walk-in
SAL20250011431,2025-02-10,STR041,PRD01091,1,5878.46,0.0,5878.46,2808.85,UPI,Regular
SAL20250011432,2025-02-02,STR020,PRD00088,1,22406.29,0.0,22406.29,17527.4,UPI,Walk-in
SAL20250011433,2025-02-19,STR024,PRD00793,1,2445.38,0.05,2323.11,1405.41,UPI,Regular
SAL20250011434,2025-02-22,STR007,PRD00758,1,4375.02,0.0,4375.02,3168.27,Debit Card,Walk-in
SAL20250011435,2025-02-27,STR034,PRD00146,1,5953.14,0.0,5953.14,4155.91,Credit Card,Regular
SAL20250011436,2025-02-06,STR002,PRD01083,1,8991.53,0.0,8991.53,3921.72,UPI,Premium
SAL20250011437,2025-02-14,STR013,PRD00553,2,150.28,0.0,300.56,174.22,Debit Card,Walk-in
SAL20250011438,2025-02-27,STR024,PRD00520,1,482.69,0.0,482.69,405.86,Credit Card,Walk-in
SAL20250011439,2025-02-05,STR040,PRD00437,2,320.21,0.0,640.42,542.24,Net Banking,Walk-in
SAL20250011440,2025-02-14,STR006,PRD01172,1,1132.5,0.1,1019.25,578.06,Credit Card,Regular
SAL20250011441,2025-02-02,STR040,PRD00609,3,338.3,0.0,1014.9,606.09,Credit Card,Regular
SAL20250011442,2025-02-11,STR027,PRD00977,2,417.51,0.0,835.02,564.56,Credit Card,Regular
SAL20250011443,2025-02-14,STR017,PRD00122,1,23504.26,0.0,23504.26,16366.57,Credit Card,Walk-in
SAL20250011444,2025-02-02,STR018,PRD00383,2,216.69,0.0,433.38,271.48,UPI,Regular
SAL20250011445,2025-02-09,STR004,PRD00252,1,10910.07,0.0,10910.07,7523.25,Cash,Regular
SAL20250011446,2025-02-07,STR015,PRD00981,1,76.61,0.1,68.95,54.24,UPI,Walk-in
SAL20250011447,2025-02-20,STR033,PRD00419,1,950.16,0.0,950.16,763.92,UPI,Regular
SAL20250011448,2025-02-11,STR013,PRD00248,2,9547.84,0.0,19095.68,13755.02,UPI,Premium
SAL20250011449,2025-02-12,STR040,PRD00220,1,5859.46,0.0,5859.46,4561.44,UPI,Walk-in
SAL20250011450,2025-02-25,STR036,PRD00957,2,157.86,0.0,315.72,189.1,Credit Card,Regular
SAL20250011451,2025-02-01,STR004,PRD00236,1,5591.1,0.0,5591.1,3989.78,Net Banking,Regular
SAL20250011452,2025-02-08,STR032,PRD00103,1,4104.09,0.0,4104.09,2941.45,Cash,Premium
SAL20250011453,2025-02-13,STR009,PRD00226,2,3456.4,0.0,6912.8,4244.02,UPI,Walk-in
SAL20250011454,2025-02-25,STR027,PRD00179,1,5253.14,0.0,5253.14,3207.54,Cash,Regular
SAL20250011455,2025-02-11,STR007,PRD00463,1,933.21,0.0,933.21,747.47,UPI,Regular
SAL20250011456,2025-02-04,STR025,PRD00584,3,232.29,0.0,696.87,427.05,Credit Card,Premium
SAL20250011457,2025-02-14,STR029,PRD00336,1,1590.59,0.0,1590.59,821.11,Credit Card,Premium
SAL20250011458,2025-02-02,STR006,PRD00639,2,160.88,0.0,321.76,204.82,UPI,Regular
SAL20250011459,2025-02-06,STR025,PRD01031,3,1036.47,0.0,3109.41,1570.11,Debit Card,Walk-in
SAL20250011460,2025-02-27,STR002,PRD00807,1,667.9,0.0,667.9,429.52,UPI,Regular
SAL20250011461,2025-02-21,STR028,PRD00587,1,250.15,0.0,250.15,171.79,Debit Card,Premium
SAL20250011462,2025-02-25,STR039,PRD00889,3,2052.09,0.0,6156.27,4422.45,Cash,Walk-in
SAL20250011463,2025-02-27,STR007,PRD00653,2,614.39,0.1,1105.9,895.52,Debit Card,Regular
SAL20250011464,2025-02-25,STR006,PRD00359,4,1383.56,0.0,5534.24,2574.56,UPI,Regular
SAL20250011465,2025-02-03,STR036,PRD00172,2,7151.58,0.05,13588.0,10506.6,Debit Card,Regular
SAL20250011466,2025-02-07,STR014,PRD00645,1,456.66,0.0,456.66,330.42,Cash,Walk-in
SAL20250011467,2025-02-10,STR029,PRD00026,1,4182.92,0.1,3764.63,3047.01,UPI,Regular
SAL20250011468,2025-02-11,STR037,PRD00689,1,492.79,0.0,492.79,332.83,Credit Card,Walk-in
SAL20250011469,2025-02-09,STR028,PRD01058,3,211.57,0.0,634.71,435.06,UPI,Walk-in
SAL20250011470,2025-02-10,STR022,PRD00338,1,1223.61,0.0,1223.61,688.23,Credit Card,Regular
SAL20250011471,2025-02-02,STR035,PRD00456,4,215.04,0.0,860.16,679.96,Credit Card,Regular
SAL20250011472,2025-02-17,STR003,PRD01170,3,1269.68,0.1,3428.14,2084.7,Cash,Regular
SAL20250011473,2025-02-18,STR030,PRD01200,1,1804.12,0.1,1623.71,865.8,UPI,Regular
SAL20250011474,2025-02-28,STR013,PRD00993,1,168.95,0.0,168.95,86.92,UPI,Walk-in
SAL20250011475,2025-02-27,STR033,PRD00573,2,44.75,0.0,89.5,53.9,UPI,Regular
SAL20250011476,2025-02-12,STR034,PRD00446,2,1037.38,0.0,2074.76,1762.82,Cash,Regular
SAL20250011477,2025-02-01,STR016,PRD00823,1,2558.98,0.0,2558.98,1717.69,Credit Card,Walk-in
SAL20250011478,2025-02-11,STR004,PRD00804,1,782.93,0.0,782.93,564.78,UPI,Regular
SAL20250011479,2025-02-09,STR039,PRD00092,1,6575.52,0.0,6575.52,4677.68,Net Banking,Walk-in
SAL20250011480,2025-02-01,STR032,PRD00408,1,1017.09,0.0,1017.09,782.92,Cash,Walk-in
SAL20250011481,2025-02-10,STR004,PRD00601,2,50.1,0.0,100.2,61.64,Net Banking,Corporate
SAL20250011482,2025-02-04,STR010,PRD00468,2,180.53,0.05,343.01,296.64,Debit Card,Regular
SAL20250011483,2025-02-28,STR021,PRD01017,1,1092.19,0.0,1092.19,591.69,UPI,Regular
SAL20250011484,2025-02-27,STR035,PRD00333,1,1043.83,0.0,1043.83,554.4,Cash,Regular
SAL20250011485,2025-02-16,STR029,PRD00376,1,1476.13,0.0,1476.13,682.99,Credit Card,Regular
SAL20250011486,2025-02-11,STR014,PRD00033,1,2653.86,0.0,2653.86,1783.28,UPI,Regular
SAL20250011487,2025-02-18,STR031,PRD01081,3,7442.0,0.0,22326.0,10569.99,Net Banking,Walk-in
SAL20250011488,2025-02-01,STR016,PRD01078,4,2107.38,0.0,8429.52,5263.56,UPI,Regular
SAL20250011489,2025-02-28,STR034,PRD00148,1,6813.06,0.0,6813.06,4694.28,Debit Card,Regular
SAL20250011490,2025-02-13,STR028,PRD00938,4,622.57,0.05,2365.77,1309.32,UPI,Regular
SAL20250011491,2025-02-14,STR036,PRD00702,1,1394.73,0.0,1394.73,988.64,UPI,Walk-in
SAL20250011492,2025-02-18,STR023,PRD00016,1,12816.4,0.1,11534.76,9433.57,UPI,Regular
SAL20250011493,2025-02-15,STR010,PRD00858,2,1066.62,0.0,2133.24,1390.32,Cash,Regular
SAL20250011494,2025-02-22,STR017,PRD00817,2,3058.64,0.0,6117.28,4331.32,UPI,Regular
SAL20250011495,2025-02-19,STR008,PRD00043,1,22998.01,0.1,20698.21,15302.97,UPI,Walk-in
SAL20250011496,2025-02-18,STR025,PRD00908,1,2285.46,0.0,2285.46,1340.06,Debit Card,Walk-in
SAL20250011497,2025-02-06,STR025,PRD00688,1,2802.62,0.0,2802.62,2088.84,Net Banking,Walk-in
SAL20250011498,2025-02-26,STR039,PRD00435,1,718.79,0.05,682.85,584.17,Credit Card,Walk-in
SAL20250011499,2025-02-08,STR008,PRD00734,1,817.34,0.0,817.34,469.79,Cash,Walk-in
SAL20250011500,2025-02-11,STR006,PRD00878,2,1229.84,0.0,2459.68,1593.12,UPI,Regular
SAL20250011501,2025-02-10,STR015,PRD00139,1,2949.49,0.0,2949.49,1812.36,Debit Card,Walk-in
SAL20250011502,2025-02-20,STR040,PRD01067,1,922.58,0.0,922.58,564.84,Credit Card,Regular
SAL20250011503,2025-02-27,STR026,PRD00384,1,1012.08,0.0,1012.08,513.64,Debit Card,Regular
SAL20250011504,2025-02-07,STR022,PRD00899,1,2165.69,0.0,2165.69,1458.76,UPI,Regular
SAL20250011505,2025-02-06,STR023,PRD01183,2,7827.71,0.0,15655.42,6664.0,Debit Card,Regular
SAL20250011506,2025-02-26,STR033,PRD00055,1,18236.77,0.0,18236.77,12233.04,Debit Card,Regular
SAL20250011507,2025-02-11,STR021,PRD00438,1,638.02,0.05,606.12,486.89,Credit Card,Regular
SAL20250011508,2025-02-10,STR034,PRD00033,2,2653.86,0.1,4776.95,3566.56,UPI,Corporate
SAL20250011509,2025-02-26,STR014,PRD00458,2,587.81,0.0,1175.62,891.84,UPI,Walk-in
SAL20250011510,2025-02-25,STR028,PRD00034,1,761.93,0.0,761.93,520.56,Cash,Regular
SAL20250011511,2025-02-18,STR013,PRD00191,1,7660.03,0.0,7660.03,5198.25,Debit Card,Regular
SAL20250011512,2025-02-24,STR001,PRD01005,3,682.39,0.05,1944.81,1427.1,Credit Card,Walk-in
SAL20250011513,2025-02-12,STR022,PRD00300,1,1106.33,0.0,1106.33,601.1,UPI,Walk-in
SAL20250011514,2025-02-04,STR017,PRD01151,1,7065.61,0.0,7065.61,3374.36,Credit Card,Regular
SAL20250011515,2025-02-28,STR024,PRD01175,1,2568.19,0.0,2568.19,1572.7,UPI,Walk-in
SAL20250011516,2025-02-23,STR009,PRD01087,1,7006.0,0.0,7006.0,3419.72,UPI,Walk-in
SAL20250011517,2025-02-20,STR040,PRD00031,2,18632.2,0.0,37264.4,27807.62,Cash,Walk-in
SAL20250011518,2025-02-23,STR026,PRD00262,1,10754.4,0.05,10216.68,8063.44,UPI,Walk-in
SAL20250011519,2025-02-15,STR025,PRD00993,3,168.95,0.0,506.85,260.76,UPI,Regular
SAL20250011520,2025-02-04,STR024,PRD01121,2,2103.52,0.05,3996.69,1949.16,Debit Card,Walk-in
SAL20250011521,2025-02-20,STR025,PRD01150,1,4074.75,0.0,4074.75,2372.04,Debit Card,Walk-in
SAL20250011522,2025-02-15,STR026,PRD00744,1,4365.48,0.0,4365.48,2879.4,UPI,Premium
SAL20250011523,2025-02-07,STR022,PRD00067,3,3694.12,0.0,11082.36,8084.16,UPI,Regular
SAL20250011524,2025-02-14,STR031,PRD01088,1,4543.5,0.0,4543.5,1992.55,UPI,Regular
SAL20250011525,2025-02-26,STR016,PRD00757,2,1608.8,0.0,3217.6,2075.74,Credit Card,Premium
SAL20250011526,2025-02-06,STR031,PRD00013,1,17378.5,0.0,17378.5,12862.09,Credit Card,Regular
SAL20250011527,2025-02-20,STR010,PRD00120,1,22170.49,0.0,22170.49,16305.22,UPI,Regular
SAL20250011528,2025-02-06,STR019,PRD01097,1,4205.24,0.0,4205.24,2054.25,Debit Card,Walk-in
SAL20250011529,2025-02-18,STR007,PRD00716,1,1780.84,0.0,1780.84,1007.46,UPI,Premium
SAL20250011530,2025-02-16,STR018,PRD00508,1,125.21,0.1,112.69,109.93,Debit Card,Premium
SAL20250011531,2025-02-01,STR027,PRD00455,4,683.36,0.0,2733.44,2253.88,UPI,Regular
SAL20250011532,2025-02-28,STR033,PRD00876,1,2635.68,0.0,2635.68,1798.38,UPI,Premium
SAL20250011533,2025-02-06,STR007,PRD00433,2,1065.88,0.0,2131.76,1723.5,Credit Card,Regular
SAL20250011534,2025-02-15,STR008,PRD00525,1,76.55,0.0,76.55,66.45,Credit Card,Walk-in
SAL20250011535,2025-02-03,STR016,PRD01157,1,8076.82,0.0,8076.82,4265.41,Credit Card,Regular
SAL20250011536,2025-02-13,STR006,PRD00889,2,2052.09,0.1,3693.76,2948.3,Debit Card,Regular
SAL20250011537,2025-02-08,STR036,PRD01053,4,481.32,0.0,1925.28,1251.12,Debit Card,Walk-in
SAL20250011538,2025-02-21,STR017,PRD00590,2,353.62,0.0,707.24,486.36,Debit Card,Walk-in
SAL20250011539,2025-02-20,STR021,PRD01067,1,922.58,0.0,922.58,564.84,UPI,Walk-in
SAL20250011540,2025-02-22,STR041,PRD00810,1,406.14,0.0,406.14,261.1,Credit Card,Regular
SAL20250011541,2025-02-01,STR034,PRD00864,2,1725.02,0.0,3450.04,2236.12,Credit Card,Regular
SAL20250011542,2025-02-19,STR003,PRD00451,1,641.37,0.0,641.37,505.23,Credit Card,Corporate
SAL20250011543,2025-02-13,STR013,PRD00211,1,6731.6,0.0,6731.6,4925.05,Debit Card,Corporate
SAL20250011544,2025-02-04,STR030,PRD00905,1,2497.02,0.0,2497.02,1532.88,Credit Card,Premium
SAL20250011545,2025-02-22,STR008,PRD00494,2,893.47,0.0,1786.94,1365.46,Credit Card,Premium
SAL20250011546,2025-02-02,STR034,PRD00673,1,2685.18,0.0,2685.18,1698.29,UPI,Regular
SAL20250011547,2025-02-17,STR012,PRD00995,1,585.44,0.0,585.44,417.72,UPI,Premium
SAL20250011548,2025-02-12,STR033,PRD01097,1,4205.24,0.0,4205.24,2054.25,Cash,Walk-in
SAL20250011549,2025-02-06,STR017,PRD00552,3,296.06,0.05,843.77,584.82,UPI,Regular
SAL20250011550,2025-02-12,STR019,PRD01108,1,4924.79,0.0,4924.79,2289.5,UPI,Premium
SAL20250011551,2025-02-20,STR034,PRD00694,1,3202.51,0.0,3202.51,2319.01,UPI,Regular
SAL20250011552,2025-02-25,STR037,PRD00505,1,1140.95,0.0,1140.95,860.47,UPI,Premium
SAL20250011553,2025-02-08,STR029,PRD00307,1,743.28,0.0,743.28,482.82,UPI,Regular
SAL20250011554,2025-02-09,STR025,PRD00647,2,284.75,0.0,569.5,378.14,UPI,Regular
SAL20250011555,2025-02-07,STR017,PRD00611,3,51.03,0.0,153.09,113.43,UPI,Regular
SAL20250011556,2025-02-16,STR002,PRD00372,1,542.7,0.0,542.7,275.98,Credit Card,Corporate
SAL20250011557,2025-02-05,STR028,PRD00085,1,26032.76,0.0,26032.76,17875.58,Credit Card,Regular
SAL20250011558,2025-02-08,STR034,PRD00239,1,6180.81,0.0,6180.81,4556.06,Cash,Premium
SAL20250011559,2025-02-01,STR030,PRD01086,1,5541.98,0.0,5541.98,3222.42,Credit Card,Regular
SAL20250011560,2025-02-19,STR019,PRD00584,1,232.29,0.1,209.06,142.35,Credit Card,Regular
SAL20250011561,2025-02-21,STR038,PRD00580,3,372.59,0.0,1117.77,633.9,Cash,Corporate
SAL20250011562,2025-02-02,STR039,PRD00861,2,3212.99,0.0,6425.98,3547.6,UPI,Regular
SAL20250011563,2025-02-02,STR004,PRD00044,1,3159.2,0.0,3159.2,2114.03,UPI,Regular
SAL20250011564,2025-02-02,STR006,PRD00682,2,3799.71,0.0,7599.42,4894.56,Credit Card,Regular
SAL20250011565,2025-02-26,STR036,PRD00135,2,9390.96,0.0,18781.92,13733.26,Credit Card,Regular
SAL20250011566,2025-02-19,STR002,PRD00007,1,20090.22,0.0,20090.22,15462.2,Credit Card,Regular
SAL20250011567,2025-02-01,STR012,PRD01063,1,747.32,0.0,747.32,488.39,UPI,Regular
SAL20250011568,2025-02-05,STR031,PRD01076,1,4373.35,0.05,4154.68,2595.55,Cash,Walk-in
SAL20250011569,2025-02-07,STR030,PRD01009,4,52.33,0.0,209.32,117.56,Cash,Premium
SAL20250011570,2025-02-14,STR032,PRD00145,1,2570.9,0.0,2570.9,1687.81,Debit Card,Regular
SAL20250011571,2025-02-11,STR027,PRD01134,1,5914.46,0.0,5914.46,2929.32,UPI,Walk-in
SAL20250011572,2025-02-18,STR035,PRD00617,4,496.18,0.1,1786.25,1452.04,Net Banking,Regular
SAL20250011573,2025-02-12,STR037,PRD00781,1,2809.53,0.1,2528.58,2070.84,Net Banking,Regular
SAL20250011574,2025-02-25,STR040,PRD00735,2,2710.38,0.0,5420.76,3232.56,UPI,Walk-in
SAL20250011575,2025-02-05,STR037,PRD00687,1,2662.45,0.1,2396.2,1789.17,UPI,Regular
SAL20250011576,2025-02-15,STR025,PRD00011,1,13229.12,0.0,13229.12,9834.69,UPI,Walk-in
SAL20250011577,2025-02-19,STR033,PRD00042,1,15775.49,0.0,15775.49,11939.67,Debit Card,Premium
SAL20250011578,2025-02-03,STR019,PRD00155,1,2214.51,0.0,2214.51,1652.19,Net Banking,Regular
SAL20250011579,2025-02-28,STR033,PRD00544,4,114.7,0.0,458.8,330.96,UPI,Regular
SAL20250011580,2025-02-12,STR038,PRD00815,2,2750.26,0.0,5500.52,3695.18,Debit Card,Walk-in
SAL20250011581,2025-02-16,STR035,PRD00535,1,314.95,0.0,314.95,224.28,Cash,Regular
SAL20250011582,2025-02-26,STR034,PRD01062,2,925.26,0.0,1850.52,1086.12,Debit Card,Regular
SAL20250011583,2025-02-07,STR038,PRD00280,1,605.7,0.0,605.7,311.37,Credit Card,Regular
SAL20250011584,2025-02-09,STR017,PRD00533,3,799.67,0.0,2399.01,1986.18,UPI,Premium
SAL20250011585,2025-02-09,STR012,PRD00172,1,7151.58,0.0,7151.58,5253.3,Debit Card,Regular
SAL20250011586,2025-02-10,STR029,PRD00536,4,393.56,0.0,1574.24,1083.8,Debit Card,Walk-in
SAL20250011587,2025-02-15,STR027,PRD00582,1,535.32,0.05,508.55,385.0,Credit Card,Walk-in
SAL20250011588,2025-02-22,STR022,PRD01074,1,6150.42,0.1,5535.38,3269.15,Net Banking,Regular
SAL20250011589,2025-02-06,STR036,PRD00972,3,1079.34,0.0,3238.02,1887.0,Credit Card,Regular
SAL20250011590,2025-02-09,STR011,PRD00533,2,799.67,0.0,1599.34,1324.12,Net Banking,Corporate
SAL20250011591,2025-02-11,STR032,PRD01067,1,922.58,0.05,876.45,564.84,Credit Card,Regular
SAL20250011592,2025-02-03,STR013,PRD00012,2,5255.98,0.0,10511.96,8242.7,Credit Card,Walk-in
SAL20250011593,2025-02-19,STR002,PRD00484,1,678.16,0.0,678.16,567.54,Credit Card,Walk-in
SAL20250011594,2025-02-05,STR002,PRD00753,1,4495.87,0.05,4271.08,2621.72,Cash,Walk-in
SAL20250011595,2025-02-12,STR041,PRD00291,1,469.9,0.0,469.9,279.76,Net Banking,Premium
SAL20250011596,2025-02-03,STR004,PRD00874,2,3195.38,0.0,6390.76,4664.96,UPI,Regular
SAL20250011597,2025-02-15,STR026,PRD00072,2,4522.2,0.0,9044.4,6249.18,Debit Card,Regular
SAL20250011598,2025-02-23,STR040,PRD00605,1,66.61,0.0,66.61,49.05,UPI,Premium
SAL20250011599,2025-02-06,STR023,PRD01111,1,1735.9,0.0,1735.9,955.52,Credit Card,Corporate
SAL20250011600,2025-02-09,STR008,PRD00776,2,1145.74,0.0,2291.48,1369.52,UPI,Walk-in
SAL20250011601,2025-02-10,STR031,PRD00531,1,217.65,0.0,217.65,182.2,Credit Card,Walk-in
SAL20250011602,2025-02-04,STR015,PRD00040,1,26675.54,0.05,25341.76,17487.01,UPI,Regular
SAL20250011603,2025-02-03,STR017,PRD00524,3,128.85,0.0,386.55,319.5,UPI,Premium
SAL20250011604,2025-02-04,STR008,PRD00880,1,430.21,0.0,430.21,293.94,UPI,Premium
SAL20250011605,2025-02-07,STR005,PRD00459,2,918.25,0.0,1836.5,1470.02,Cash,Regular
SAL20250011606,2025-02-26,STR003,PRD00300,2,1106.33,0.05,2102.03,1202.2,UPI,Regular
SAL20250011607,2025-02-16,STR016,PRD00317,2,1393.76,0.0,2787.52,1598.94,UPI,Premium
SAL20250011608,2025-02-03,STR031,PRD01030,1,525.24,0.1,472.72,317.57,Credit Card,Walk-in
SAL20250011609,2025-02-04,STR010,PRD00077,1,14848.8,0.0,14848.8,12077.21,Credit Card,Regular
SAL20250011610,2025-02-20,STR034,PRD00386,3,1129.86,0.0,3389.58,2162.34,Credit Card,Walk-in
SAL20250011611,2025-02-28,STR023,PRD00373,4,159.48,0.05,606.02,342.16,Cash,Regular
SAL20250011612,2025-02-12,STR023,PRD00167,1,8410.2,0.0,8410.2,5523.21,UPI,Regular
SAL20250011613,2025-02-21,STR022,PRD00581,1,310.86,0.1,279.77,198.71,UPI,Regular
SAL20250011614,2025-02-25,STR034,PRD00472,1,554.85,0.1,499.37,444.9,Credit Card,Regular
SAL20250011615,2025-02-04,STR038,PRD00147,1,10113.79,0.0,10113.79,6299.23,Credit Card,Walk-in
SAL20250011616,2025-02-06,STR033,PRD00240,1,10596.37,0.0,10596.37,7390.73,UPI,Regular
SAL20250011617,2025-02-09,STR041,PRD00506,1,725.03,0.05,688.78,579.1,UPI,Walk-in
SAL20250011618,2025-02-24,STR019,PRD01110,1,1048.97,0.05,996.52,581.11,UPI,Walk-in
SAL20250011619,2025-02-24,STR030,PRD00753,1,4495.87,0.0,4495.87,2621.72,UPI,Regular
SAL20250011620,2025-02-14,STR026,PRD00083,1,9369.31,0.0,9369.31,6462.27,UPI,Premium
SAL20250011621,2025-02-14,STR037,PRD00276,1,499.9,0.0,499.9,292.67,Debit Card,Regular
SAL20250011622,2025-02-12,STR001,PRD00377,1,1177.54,0.0,1177.54,822.72,UPI,Corporate
SAL20250011623,2025-02-25,STR040,PRD00542,2,534.65,0.0,1069.3,683.62,Net Banking,Premium
SAL20250011624,2025-02-26,STR022,PRD00477,2,121.21,0.0,242.42,195.32,Credit Card,Premium
SAL20250011625,2025-02-19,STR034,PRD00874,1,3195.38,0.1,2875.84,2332.48,UPI,Walk-in
SAL20250011626,2025-02-25,STR028,PRD00577,3,262.74,0.0,788.22,567.84,Credit Card,Regular
SAL20250011627,2025-02-06,STR016,PRD01078,1,2107.38,0.0,2107.38,1315.89,Cash,Regular
SAL20250011628,2025-02-05,STR011,PRD01002,4,98.3,0.05,373.54,222.76,Credit Card,Walk-in
SAL20250011629,2025-02-08,STR022,PRD00920,1,2715.99,0.0,2715.99,1534.46,Debit Card,Regular
SAL20250011630,2025-02-08,STR012,PRD00765,2,1419.48,0.05,2697.01,1841.88,UPI,Walk-in
SAL20250011631,2025-02-04,STR037,PRD00887,3,2006.5,0.0,6019.5,3509.07,Cash,Walk-in
SAL20250011632,2025-02-01,STR015,PRD00246,1,1945.93,0.0,1945.93,1239.78,Debit Card,Regular
SAL20250011633,2025-02-17,STR003,PRD01091,1,5878.46,0.0,5878.46,2808.85,Cash,Corporate
SAL20250011634,2025-02-22,STR013,PRD00945,4,871.49,0.0,3485.96,2200.96,UPI,Regular
SAL20250011635,2025-02-17,STR018,PRD00924,2,261.16,0.0,522.32,389.0,UPI,Regular
SAL20250011636,2025-02-21,STR010,PRD00165,1,10264.9,0.0,10264.9,6671.83,UPI,Regular
SAL20250011637,2025-02-11,STR001,PRD00963,3,93.93,0.05,267.7,191.28,Credit Card,Walk-in
SAL20250011638,2025-02-24,STR015,PRD00057,1,2490.08,0.0,2490.08,2005.73,UPI,Premium
SAL20250011639,2025-02-16,STR024,PRD01057,1,52.31,0.0,52.31,33.3,Credit Card,Walk-in
SAL20250011640,2025-02-18,STR039,PRD00821,2,2784.44,0.0,5568.88,3164.82,Debit Card,Regular
SAL20250011641,2025-02-28,STR028,PRD00472,1,554.85,0.0,554.85,444.9,Debit Card,Walk-in
SAL20250011642,2025-02-06,STR007,PRD01153,3,5497.78,0.0,16493.34,7498.65,Credit Card,Regular
SAL20250011643,2025-02-27,STR022,PRD00470,2,416.77,0.05,791.86,650.22,UPI,Premium
SAL20250011644,2025-02-18,STR027,PRD00592,10,365.4,0.0,3654.0,2182.9,UPI,Premium
SAL20250011645,2025-02-06,STR006,PRD00546,2,854.43,0.0,1708.86,947.8,Net Banking,Regular
SAL20250011646,2025-02-19,STR020,PRD00238,1,4984.73,0.0,4984.73,3134.78,UPI,Corporate
SAL20250011647,2025-02-24,STR032,PRD00899,2,2165.69,0.0,4331.38,2917.52,Credit Card,Regular
SAL20250011648,2025-02-01,STR036,PRD00924,3,261.16,0.0,783.48,583.5,Credit Card,Regular
SAL20250011649,2025-02-09,STR011,PRD00935,5,821.43,0.0,4107.15,2930.5,Credit Card,Regular
SAL20250011650,2025-02-21,STR031,PRD00074,1,17249.82,0.0,17249.82,11809.64,Debit Card,Regular
SAL20250011651,2025-02-02,STR040,PRD00888,1,2557.48,0.0,2557.48,1725.04,UPI,Regular
SAL20250011652,2025-02-08,STR008,PRD00730,3,3497.66,0.1,9443.68,7742.79,UPI,Regular
SAL20250011653,2025-02-27,STR013,PRD00064,1,2458.4,0.0,2458.4,1830.7,UPI,Premium
SAL20250011654,2025-02-01,STR024,PRD00056,1,11452.31,0.05,10879.69,8581.01,Net Banking,Walk-in
SAL20250011655,2025-02-02,STR019,PRD00037,1,21728.77,0.05,20642.33,16760.42,UPI,Regular
SAL20250011656,2025-02-25,STR016,PRD00298,2,1012.57,0.0,2025.14,1332.24,Credit Card,Regular
SAL20250011657,2025-02-13,STR021,PRD00724,1,2856.14,0.1,2570.53,1594.41,Debit Card,Premium
SAL20250011658,2025-02-03,STR039,PRD00936,1,964.58,0.0,964.58,620.53,UPI,Walk-in
SAL20250011659,2025-02-10,STR011,PRD00264,1,4452.38,0.05,4229.76,3172.04,UPI,Regular
SAL20250011660,2025-02-13,STR027,PRD00090,1,8184.6,0.0,8184.6,5556.86,Debit Card,Regular
SAL20250011661,2025-02-11,STR011,PRD00609,2,338.3,0.1,608.94,404.06,Cash,Walk-in
SAL20250011662,2025-02-28,STR005,PRD00453,1,1257.16,0.0,1257.16,946.37,UPI,Regular
SAL20250011663,2025-02-28,STR030,PRD00700,1,4752.07,0.0,4752.07,2864.63,Debit Card,Regular
SAL20250011664,2025-02-12,STR039,PRD00259,1,1699.09,0.1,1529.18,1233.0,Credit Card,Premium
SAL20250011665,2025-02-27,STR007,PRD00658,6,338.62,0.0,2031.72,1366.08,Net Banking,Regular
SAL20250011666,2025-02-12,STR013,PRD00181,1,4428.73,0.1,3985.86,3239.36,UPI,Walk-in
SAL20250011667,2025-02-08,STR021,PRD00564,2,566.41,0.05,1076.18,695.94,UPI,Regular
SAL20250011668,2025-02-08,STR037,PRD00206,2,10675.4,0.0,21350.8,13766.1,Cash,Regular
SAL20250011669,2025-02-21,STR022,PRD00876,2,2635.68,0.0,5271.36,3596.76,UPI,Regular
SAL20250011670,2025-02-02,STR008,PRD00604,3,254.69,0.0,764.07,455.7,Credit Card,Regular
SAL20250011671,2025-02-09,STR015,PRD00954,1,1090.11,0.0,1090.11,614.96,UPI,Regular
SAL20250011672,2025-02-05,STR014,PRD00300,2,1106.33,0.0,2212.66,1202.2,UPI,Walk-in
SAL20250011673,2025-02-04,STR036,PRD01039,2,616.85,0.1,1110.33,787.88,UPI,Walk-in
SAL20250011674,2025-02-25,STR005,PRD00292,2,975.97,0.0,1951.94,983.34,UPI,Regular
SAL20250011675,2025-02-21,STR010,PRD00532,4,1039.03,0.05,3948.31,3235.44,UPI,Walk-in
SAL20250011676,2025-02-04,STR019,PRD00313,1,1406.36,0.1,1265.72,639.34,UPI,Walk-in
SAL20250011677,2025-02-20,STR006,PRD00658,1,338.62,0.05,321.69,227.68,Debit Card,Walk-in
SAL20250011678,2025-02-24,STR004,PRD00857,1,3027.87,0.1,2725.08,2160.84,UPI,Walk-in
SAL20250011679,2025-02-01,STR004,PRD00385,1,460.87,0.0,460.87,278.52,Credit Card,Regular
SAL20250011680,2025-02-15,STR013,PRD00556,2,634.75,0.05,1206.02,941.96,UPI,Premium
SAL20250011681,2025-02-28,STR028,PRD00179,2,5253.14,0.1,9455.65,6415.08,Cash,Premium
SAL20250011682,2025-02-24,STR026,PRD00641,2,499.93,0.0,999.86,666.24,Debit Card,Regular
SAL20250011683,2025-02-07,STR040,PRD00861,1,3212.99,0.1,2891.69,1773.8,Debit Card,Walk-in
SAL20250011684,2025-02-27,STR017,PRD00939,1,463.84,0.05,440.65,242.34,UPI,Premium
SAL20250011685,2025-02-22,STR034,PRD00539,1,69.32,0.1,62.39,47.73,Net Banking,Regular
SAL20250011686,2025-02-25,STR003,PRD00104,1,21587.41,0.0,21587.41,17582.83,Cash,Walk-in
SAL20250011687,2025-02-13,STR021,PRD00015,1,3619.87,0.05,3438.88,2931.59,Debit Card,Premium
SAL20250011688,2025-02-16,STR012,PRD00839,2,2839.58,0.1,5111.24,3629.94,Debit Card,Regular
SAL20250011689,2025-02-08,STR016,PRD00228,1,4421.9,0.0,4421.9,2982.31,UPI,Walk-in
SAL20250011690,2025-02-25,STR026,PRD00468,5,180.53,0.0,902.65,741.6,UPI,Walk-in
SAL20250011691,2025-02-14,STR014,PRD00058,1,3380.1,0.0,3380.1,2568.5,UPI,Regular
SAL20250011692,2025-02-23,STR001,PRD00333,1,1043.83,0.1,939.45,554.4,UPI,Regular
SAL20250011693,2025-02-28,STR037,PRD00766,1,1923.71,0.05,1827.52,1367.99,Cash,Regular
SAL20250011694,2025-02-25,STR038,PRD00642,2,467.68,0.0,935.36,580.44,UPI,Regular
SAL20250011695,2025-02-25,STR025,PRD00921,1,3248.47,0.0,3248.47,1833.94,UPI,Regular
SAL20250011696,2025-02-27,STR019,PRD00532,1,1039.03,0.0,1039.03,808.86,UPI,Corporate
SAL20250011697,2025-02-03,STR006,PRD00429,1,725.58,0.0,725.58,550.01,UPI,Regular
SAL20250011698,2025-02-15,STR028,PRD01193,1,1712.13,0.0,1712.13,1034.91,Credit Card,Premium
SAL20250011699,2025-02-28,STR039,PRD01147,2,6760.77,0.0,13521.54,7726.56,Debit Card,Regular
SAL20250011700,2025-02-11,STR037,PRD00992,3,439.67,0.0,1319.01,672.51,Credit Card,Corporate
SAL20250011701,2025-02-22,STR024,PRD00646,1,108.22,0.0,108.22,65.79,Debit Card,Regular
SAL20250011702,2025-02-17,STR008,PRD00849,3,315.58,0.0,946.74,635.34,Debit Card,Regular
SAL20250011703,2025-02-03,STR041,PRD01075,2,6164.63,0.05,11712.8,6356.56,UPI,Regular
SAL20250011704,2025-02-06,STR028,PRD00924,2,261.16,0.0,522.32,389.0,Cash,Walk-in
SAL20250011705,2025-02-27,STR037,PRD01133,2,8197.9,0.0,16395.8,7530.04,UPI,Walk-in
SAL20250011706,2025-02-23,STR009,PRD00933,1,3527.61,0.0,3527.61,2180.3,UPI,Walk-in
SAL20250011707,2025-02-09,STR028,PRD00412,1,576.41,0.0,576.41,454.75,UPI,Walk-in
SAL20250011708,2025-02-07,STR010,PRD00147,1,10113.79,0.0,10113.79,6299.23,Net Banking,Regular
SAL20250011709,2025-02-27,STR031,PRD00803,1,2033.91,0.05,1932.21,1224.74,Cash,Walk-in
SAL20250011710,2025-02-06,STR028,PRD01046,5,946.12,0.0,4730.6,2631.45,Debit Card,Walk-in
SAL20250011711,2025-02-12,STR006,PRD00731,1,2513.85,0.1,2262.47,1582.05,UPI,Regular
SAL20250011712,2025-02-25,STR036,PRD00158,1,3798.87,0.0,3798.87,2582.44,Debit Card,Premium
SAL20250011713,2025-02-28,STR013,PRD00238,1,4984.73,0.05,4735.49,3134.78,UPI,Regular
SAL20250011714,2025-02-17,STR007,PRD00387,1,446.12,0.05,423.81,248.3,UPI,Premium
SAL20250011715,2025-02-28,STR022,PRD01135,1,2481.4,0.0,2481.4,1259.74,Cash,Walk-in
SAL20250011716,2025-02-10,STR005,PRD01090,1,4828.9,0.0,4828.9,3064.56,Cash,Walk-in
SAL20250011717,2025-02-25,STR022,PRD00094,2,15405.56,0.0,30811.12,24816.68,Debit Card,Regular
SAL20250010758,2025-02-12,STR033,PRD00112,1,3948.48,0.0,3948.48,3127.23,UPI,Regular
SAL20250011719,2025-02-04,STR036,PRD00924,2,261.16,0.1,470.09,389.0,UPI,Regular
SAL20250011720,2025-02-15,STR040,PRD00097,1,19452.93,0.0,19452.93,14437.86,UPI,Regular
SAL20250011721,2025-02-20,,PRD01035,2,199.19,0.0,398.38,250.14,Credit Card,Walk-in
SAL20250011722,2025-02-23,STR020,PRD00059,1,15692.67,0.0,15692.67,12269.76,Cash,Regular
SAL20250011723,2025-02-20,STR022,PRD00503,1,634.01,0.0,634.01,525.79,UPI,Walk-in
SAL20250011724,2025-02-17,STR002,PRD00544,3,114.7,0.0,344.1,248.22,Credit Card,Regular
SAL20250011725,2025-02-14,STR025,PRD01157,1,8076.82,0.0,8076.82,4265.41,Credit Card,Regular
SAL20250011726,2025-02-26,STR030,PRD00557,1,210.61,0.1,189.55,134.43,UPI,Regular
SAL20250011727,2025-02-14,STR021,PRD01092,3,5535.53,0.1,14945.93,7903.53,UPI,Regular
SAL20250011728,2025-02-06,STR004,PRD00597,1,765.55,0.0,765.55,443.82,UPI,Walk-in
SAL20250011729,2025-02-02,STR002,PRD00476,1,645.16,0.0,645.16,543.18,UPI,Regular
SAL20250011730,2025-02-02,STR017,PRD00069,1,11744.39,0.05,11157.17,7701.34,Debit Card,Regular
SAL20250011731,2025-02-03,STR022,PRD01041,2,954.2,0.0,1908.4,1065.62,Cash,Corporate
SAL20250011732,2025-02-12,STR006,PRD00493,1,517.33,0.0,517.33,446.5,Cash,Regular
SAL20250011733,2025-02-15,STR007,PRD01152,-2,2969.91,0.0,-5939.82,2757.4,Credit Card,Regular
SAL20250011734,2025-02-13,STR016,PRD00986,1,156.79,0.0,156.79,112.14,UPI,Premium
SAL20250011735,2025-02-16,STR041,PRD01005,1,682.39,0.0,682.39,475.7,UPI,Walk-in
SAL20250011736,2025-02-17,STR012,PRD00536,2,393.56,0.0,787.12,541.9,UPI,Walk-in
SAL20250011737,2025-02-18,STR012,PRD00121,1,13928.8,0.05,13232.36,9332.33,Credit Card,Walk-in
SAL20250011738,2025-02-20,STR033,PRD00020,1,2507.15,0.1,2256.43,1948.29,UPI,Regular
SAL20250011739,2025-02-09,STR031,PRD01174,2,4967.43,0.0,9934.86,5329.94,UPI,Regular
SAL20250011740,2025-02-28,STR014,PRD00904,1,2811.36,0.0,2811.36,1859.97,UPI,Regular
SAL20250011741,2025-02-16,STR041,PRD00026,1,4182.92,0.0,4182.92,3047.01,UPI,Walk-in
SAL20250011742,2025-02-15,STR008,PRD00301,2,189.19,0.0,378.38,260.54,UPI,Walk-in
SAL20250011743,2025-02-08,STR038,PRD00641,2,499.93,0.1,899.87,666.24,Credit Card,Regular
SAL20250011744,2025-02-20,STR015,PRD00650,1,429.23,0.0,429.23,249.31,Net Banking,Regular
SAL20250011745,2025-02-04,STR017,PRD00901,1,3120.68,0.0,3120.68,2071.57,Cash,Regular
SAL20250011746,2025-02-22,STR027,PRD01064,2,155.0,0.0,310.0,157.26,Debit Card,Walk-in
SAL20250011747,2025-02-14,STR005,PRD00917,2,1441.59,0.1,2594.86,1961.66,Net Banking,Walk-in
SAL20250011748,2025-02-12,STR037,PRD00159,2,4881.58,0.05,9275.0,7353.04,Debit Card,Regular
SAL20250011749,2025-02-17,STR014,PRD00652,1,210.65,0.0,210.65,137.0,Debit Card,Walk-in
SAL20250011750,2025-02-01,STR007,PRD00054,1,16291.52,0.0,16291.52,11840.34,UPI,Regular
SAL20250011751,2025-02-17,STR028,PRD00661,2,443.39,0.0,886.78,567.36,UPI,Walk-in
SAL20250011752,2025-02-27,STR014,PRD01147,2,6760.77,0.0,13521.54,7726.56,Credit Card,Regular
SAL20250011753,2025-02-06,STR007,PRD01195,1,6990.3,0.0,6990.3,3398.23,UPI,Regular
SAL20250011754,2025-02-18,STR004,PRD00966,1,814.75,0.0,814.75,526.45,Cash,Premium
SAL20250011755,2025-02-02,STR027,PRD00579,1,398.71,0.0,398.71,292.17,UPI,Regular
SAL20250011756,2025-02-13,STR010,PRD00756,2,3090.95,0.0,6181.9,4416.8,UPI,Premium
SAL20250011757,2025-02-12,STR005,PRD00141,3,2559.21,0.0,7677.63,5832.87,UPI,Regular
SAL20250011758,2025-02-22,STR038,PRD00598,5,173.87,0.0,869.35,612.45,Credit Card,Regular
SAL20250011759,2025-02-06,STR028,PRD01060,1,277.54,0.05,263.66,198.35,Cash,Walk-in
SAL20250011760,2025-02-02,STR012,PRD00480,4,103.25,0.0,413.0,344.68,UPI,Regular
SAL20250011761,2025-02-01,STR024,PRD00175,1,11344.22,0.0,11344.22,7434.87,UPI,Regular
SAL20250011762,2025-02-20,STR012,PRD00503,2,634.01,0.0,1268.02,1051.58,Credit Card,Walk-in
SAL20250011763,2025-02-18,STR024,PRD00166,1,4039.27,0.0,4039.27,2471.0,Debit Card,Regular
SAL20250011764,2025-02-11,STR023,PRD00654,3,474.17,0.0,1422.51,973.17,UPI,Walk-in
SAL20250011765,2025-02-03,STR034,PRD00468,4,180.53,0.0,722.12,593.28,Debit Card,Premium
SAL20250011766,2025-02-26,STR012,PRD00771,1,2601.02,0.05,2470.97,1436.13,Debit Card,Regular
SAL20250011767,2025-02-26,STR014,PRD00502,2,721.0,0.0,1442.0,1257.44,UPI,Premium
SAL20250011768,2025-02-17,STR027,PRD00045,2,17414.18,0.1,31345.52,27644.36,Credit Card,Regular
SAL20250011769,2025-02-12,STR020,PRD01059,2,553.69,0.0,1107.38,736.72,Credit Card,Corporate
SAL20250011770,2025-02-01,STR011,PRD00121,1,13928.8,0.0,13928.8,9332.33,UPI,Regular
SAL20250011771,2025-02-19,STR027,PRD00576,2,451.26,0.0,902.52,661.12,UPI,Regular
SAL20250011772,2025-02-03,STR035,PRD00350,3,1107.22,0.0,3321.66,2206.86,Debit Card,Walk-in
SAL20250011773,2025-02-07,STR003,PRD00963,5,93.93,0.05,446.17,318.8,UPI,Walk-in
SAL20250011774,2025-02-04,STR024,PRD00953,1,80.84,0.0,80.84,57.97,Debit Card,Walk-in
SAL20250011775,2025-02-24,STR017,PRD00950,1,184.59,0.0,184.59,127.31,Cash,Premium
SAL20250011776,2025-02-03,STR005,PRD00950,2,184.59,0.0,369.18,254.62,UPI,Regular
SAL20250011777,2025-02-15,STR040,PRD00537,2,133.85,0.0,267.7,157.56,UPI,Corporate
SAL20250011778,2025-02-22,STR025,PRD00147,1,10113.79,0.0,10113.79,6299.23,UPI,Walk-in
SAL20250011779,2025-02-23,STR036,PRD00249,1,4858.0,0.0,4858.0,3416.15,UPI,Regular
SAL20250011780,2025-02-13,STR006,PRD00355,1,304.11,0.05,288.9,163.8,UPI,Regular
SAL20250011781,2025-02-05,STR038,PRD01038,2,565.57,0.0,1131.14,606.68,Debit Card,Premium
SAL20250011782,2025-02-28,STR008,PRD00951,1,594.37,0.0,594.37,352.38,Cash,Walk-in
SAL20250011783,2025-02-03,STR010,PRD01180,1,9129.62,0.1,8216.66,4243.81,UPI,Regular
SAL20250011784,2025-02-09,STR024,PRD00878,2,1229.84,0.1,2213.71,1593.12,Debit Card,Premium
SAL20250011785,2025-02-10,STR003,PRD00829,1,2093.34,0.0,2093.34,1538.87,Credit Card,Walk-in
SAL20250011786,2025-02-03,STR029,PRD01144,1,2397.7,0.0,2397.7,1426.02,Cash,Regular
SAL20250011787,2025-02-28,STR017,PRD00517,2,252.82,0.0,505.64,406.06,Cash,Walk-in
SAL20250011788,2025-02-02,STR001,PRD01190,2,7433.72,0.0,14867.44,7540.62,Credit Card,Walk-in
SAL20250011789,2025-02-01,STR005,PRD00501,1,707.96,0.05,672.56,547.35,UPI,Walk-in
SAL20250011790,2025-02-03,STR004,PRD01154,2,1216.46,0.05,2311.27,1222.92,Net Banking,Walk-in
SAL20250011791,2025-02-02,STR008,PRD00713,1,4061.86,0.1,3655.67,2937.76,UPI,Walk-in
SAL20250011792,2025-02-11,STR038,PRD00771,1,2601.02,0.0,2601.02,1436.13,UPI,Premium
SAL20250011793,2025-02-19,STR023,PRD00607,5,313.72,0.0,1568.6,906.75,Credit Card,Regular
SAL20250011794,2025-02-09,STR006,PRD00696,1,1599.77,0.0,1599.77,1080.02,UPI,Regular
SAL20250011795,2025-02-19,STR004,PRD00507,1,259.46,0.0,259.46,215.35,Credit Card,Regular
SAL20250011796,2025-02-22,STR011,PRD00553,2,150.28,0.05,285.53,174.22,Credit Card,Walk-in
SAL20250011797,2025-02-06,STR034,PRD00993,1,168.95,0.0,168.95,86.92,UPI,Corporate
SAL20250011798,2025-02-04,STR020,PRD00072,1,4522.2,0.0,4522.2,3124.59,Debit Card,Walk-in
SAL20250011799,2025-02-21,STR013,PRD00241,1,7381.55,0.0,7381.55,5583.94,UPI,Regular
SAL20250011800,2025-02-16,STR026,PRD00948,2,38.1,0.0,76.2,53.1,Cash,Regular
SAL20250011801,2025-02-25,STR005,PRD00059,1,15692.67,0.0,15692.67,12269.76,Debit Card,Regular
SAL20250011802,2025-02-23,STR026,PRD00269,1,151.87,0.0,151.87,99.82,Credit Card,Walk-in
SAL20250011803,2025-02-07,STR006,PRD00989,10,922.35,0.0,9223.5,5921.1,UPI,Walk-in
SAL20250011804,2025-02-22,STR007,PRD00548,2,172.01,0.0,344.02,240.72,Credit Card,Regular
SAL20250011805,2025-02-28,STR017,PRD01117,1,2651.1,0.0,2651.1,1446.8,Cash,Regular
SAL20250011806,2025-02-13,STR019,PRD00409,2,950.85,0.0,1901.7,1476.22,UPI,Regular
SAL20250011807,2025-02-04,STR023,PRD00233,1,9134.67,0.0,9134.67,7104.84,UPI,Premium
SAL20250011808,2025-02-23,STR033,PRD00909,2,1266.46,0.0,2532.92,1738.96,Credit Card,Regular
SAL20250011809,2025-02-04,STR017,PRD00787,1,291.05,0.0,291.05,189.14,Debit Card,Regular
SAL20250011810,2025-02-24,STR041,PRD00449,2,236.21,0.0,472.42,398.28,UPI,Walk-in
SAL20250011811,2025-02-20,STR013,PRD00304,3,1052.14,0.0,3156.42,2171.43,UPI,Regular
SAL20250011812,2025-02-14,STR033,PRD00742,1,3993.24,0.0,3993.24,2368.26,Debit Card,Walk-in
SAL20250011813,2025-02-10,STR003,PRD00196,1,3177.64,0.0,3177.64,2246.88,UPI,Walk-in
SAL20250011814,2025-02-26,STR017,PRD00888,1,2557.48,0.1,2301.73,1725.04,UPI,Premium
SAL20250011815,2025-02-24,STR018,PRD00733,1,3579.07,0.0,3579.07,2186.97,Credit Card,Walk-in
SAL20250011816,2025-02-19,STR015,PRD00517,1,252.82,0.0,252.82,203.03,Cash,Walk-in
SAL20250011817,2025-02-08,STR022,PRD00340,3,956.64,0.0,2869.92,1668.24,Credit Card,Regular
SAL20250011818,2025-02-21,STR007,PRD00832,1,1859.75,0.0,1859.75,1370.28,Credit Card,Walk-in
SAL20250011819,2025-02-03,STR025,PRD01057,1,52.31,0.05,49.69,33.3,UPI,Walk-in
SAL20250011820,2025-02-21,STR034,PRD00238,1,4984.73,0.0,4984.73,3134.78,Credit Card,Regular
SAL20250011821,2025-02-18,STR013,PRD00230,1,11424.91,0.0,11424.91,7835.88,Cash,Regular
SAL20250011822,2025-02-06,STR037,PRD00811,1,243.22,0.0,243.22,140.95,Credit Card,Regular
SAL20250011823,2025-02-20,STR033,PRD00915,1,703.59,0.0,703.59,463.15,UPI,Regular
SAL20250011824,2025-02-16,STR002,PRD00915,3,703.59,0.1,1899.69,1389.45,UPI,Walk-in
SAL20250011825,2025-02-05,STR040,PRD00036,1,8731.85,0.0,8731.85,5708.44,Debit Card,Walk-in
SAL20250011826,2025-02-08,STR029,PRD00437,2,320.21,0.0,640.42,542.24,Net Banking,Premium
SAL20250011827,2025-02-07,STR017,PRD00493,1,517.33,0.0,517.33,446.5,UPI,Walk-in
SAL20250011828,2025-02-23,STR012,PRD01000,2,495.66,0.1,892.19,691.74,UPI,Regular
SAL20250011829,2025-02-10,STR036,PRD00507,1,259.46,0.1,233.51,215.35,UPI,Regular
SAL20250011830,2025-02-18,STR031,PRD00631,10,725.12,0.0,7251.2,4194.6,UPI,Regular
SAL20250011831,2025-02-27,STR033,PRD00817,2,3058.64,0.0,6117.28,4331.32,UPI,Premium
SAL20250011832,2025-02-05,STR040,PRD00073,1,23649.92,0.0,23649.92,17123.4,Cash,Walk-in
SAL20250011833,2025-02-24,STR020,PRD00874,2,3195.38,0.0,6390.76,4664.96,UPI,Regular
SAL20250011834,2025-02-25,STR024,PRD00589,2,435.23,0.0,870.46,508.08,UPI,Regular
SAL20250011835,2025-02-08,STR041,PRD00633,3,365.95,0.1,988.06,638.7,Debit Card,Walk-in
SAL20250011836,2025-02-24,STR017,PRD00917,1,1441.59,0.0,1441.59,980.83,Credit Card,Corporate
SAL20250011837,2025-02-15,STR013,PRD00970,1,370.51,0.0,370.51,239.77,Debit Card,Regular
SAL20250011838,2025-02-07,STR018,PRD01036,2,177.81,0.0,355.62,250.34,UPI,Walk-in
SAL20250011839,2025-02-19,STR033,PRD00107,3,4985.79,0.0,14957.37,10451.13,UPI,Regular
SAL20250011840,2025-02-02,STR019,PRD00364,2,296.2,0.0,592.4,391.38,Debit Card,Walk-in
SAL20250011841,2025-02-03,STR028,PRD00407,1,687.91,0.0,687.91,533.4,UPI,Walk-in
SAL20250011842,2025-02-28,STR040,PRD00215,1,9358.07,0.0,9358.07,6525.15,UPI,Regular
SAL20250011843,2025-02-10,STR024,PRD00811,1,243.22,0.0,243.22,140.95,Credit Card,Walk-in
SAL20250011844,2025-02-05,STR005,PRD00816,1,1448.92,0.0,1448.92,857.39,Cash,Premium
SAL20250011845,2025-02-19,STR022,PRD01073,2,4074.99,0.0,8149.98,4880.9,Net Banking,Regular
SAL20250011846,2025-02-23,STR029,PRD01099,2,4242.7,0.0,8485.4,5443.7,Debit Card,Walk-in
SAL20250011847,2025-02-02,STR004,PRD00062,1,21073.23,0.0,21073.23,13798.59,Net Banking,Walk-in
SAL20250011848,2025-02-03,STR019,PRD00345,1,670.76,0.0,670.76,393.88,Debit Card,Walk-in
SAL20250011849,2025-02-14,STR011,PRD00808,3,2998.33,0.0,8994.99,5441.91,UPI,Premium
SAL20250011850,2025-02-05,STR030,PRD01122,2,6526.26,0.0,13052.52,7262.96,UPI,Regular
SAL20250011851,2025-02-25,STR038,PRD00264,1,4452.38,0.0,4452.38,3172.04,UPI,Premium
SAL20250011852,2025-02-24,STR029,PRD00426,1,496.18,0.1,446.56,415.87,UPI,Regular
SAL20250011853,2025-02-12,STR003,PRD01061,3,1015.91,0.0,3047.73,1606.59,UPI,Regular
SAL20250011854,2025-02-08,STR037,PRD00273,2,1306.29,0.0,2612.58,1517.74,UPI,Premium
SAL20250011855,2025-02-22,STR032,PRD00965,1,67.67,0.0,67.67,48.46,Cash,Walk-in
SAL20250011856,2025-02-20,STR017,PRD00537,4,133.85,0.05,508.63,315.12,Cash,Corporate
SAL20250011857,2025-02-03,STR018,PRD00116,1,21256.57,0.0,21256.57,14955.09,Net Banking,Regular
SAL20250011858,2025-02-20,STR007,PRD00914,1,3460.6,0.0,3460.6,2200.72,UPI,Walk-in
SAL20250011859,2025-02-06,STR026,PRD00992,1,439.67,0.0,439.67,224.17,Debit Card,Regular
SAL20250011860,2025-02-18,STR029,PRD00869,1,3787.4,0.0,3787.4,2366.4,Cash,Regular
SAL20250011861,2025-02-09,STR030,PRD00270,1,1213.51,0.0,1213.51,769.06,UPI,Walk-in
SAL20250011862,2025-02-11,STR040,PRD00462,2,271.55,0.0,543.1,410.52,Credit Card,Regular
SAL20250011863,2025-02-14,STR032,PRD00891,1,506.36,0.05,481.04,373.69,UPI,Regular
SAL20250011864,2025-02-22,STR012,PRD00503,1,634.01,0.1,570.61,525.79,Cash,Regular
SAL20250011865,2025-02-03,STR001,PRD01156,1,3916.29,0.0,3916.29,2267.77,Credit Card,Walk-in
SAL20250011866,2025-02-07,STR020,PRD00570,1,376.39,0.0,376.39,268.57,UPI,Walk-in
SAL20250011867,2025-02-16,STR013,PRD01035,5,199.19,0.0,995.95,625.35,UPI,Regular
SAL20250011868,2025-02-11,STR015,PRD00652,2,210.65,0.0,421.3,274.0,UPI,Regular
SAL20250011869,2025-02-17,STR013,PRD01121,2,2103.52,0.05,3996.69,1949.16,UPI,Premium
SAL20250011870,2025-02-25,STR033,PRD00851,1,2659.29,0.0,2659.29,1927.39,UPI,Regular
SAL20250011871,2025-02-13,STR001,PRD00023,2,6541.47,0.0,13082.94,8856.64,UPI,Regular
SAL20250011872,2025-02-10,STR003,PRD00061,1,7691.1,0.0,7691.1,5309.86,UPI,Corporate
SAL20250011873,2025-02-20,STR009,PRD00555,2,381.92,0.0,763.84,439.58,Credit Card,Regular
SAL20250011874,2025-02-08,STR007,PRD00473,2,113.62,0.0,227.24,189.66,Credit Card,Premium
SAL20250011875,2025-02-15,STR018,PRD00344,1,702.67,0.0,702.67,433.6,UPI,Walk-in
SAL20250011876,2025-02-11,STR006,PRD00908,2,2285.46,0.0,4570.92,2680.12,UPI,Regular
SAL20250011877,2025-02-11,STR035,PRD01068,2,5954.4,0.0,11908.8,6990.4,Credit Card,Walk-in
SAL20250011878,2025-02-13,STR022,PRD00538,4,57.89,0.0,231.56,167.12,UPI,Regular
SAL20250011879,2025-02-24,STR004,PRD00736,1,1942.77,0.0,1942.77,1241.55,Debit Card,Premium
SAL20250011880,2025-02-03,STR029,PRD00094,1,15405.56,0.0,15405.56,12408.34,UPI,Walk-in
SAL20250011881,2025-02-16,STR025,PRD00175,1,11344.22,0.0,11344.22,7434.87,UPI,Corporate
SAL20250011882,2025-02-06,STR041,PRD00835,1,1480.55,0.1,1332.49,1008.2,UPI,Walk-in
SAL20250011883,2025-02-15,STR028,PRD00285,1,1499.26,0.0,1499.26,768.76,Cash,Walk-in
SAL20250011884,2025-02-13,STR027,PRD00494,5,893.47,0.1,4020.62,3413.65,UPI,Walk-in
SAL20250011885,2025-02-04,STR031,PRD01040,2,466.28,0.0,932.56,661.54,Credit Card,Regular
SAL20250011886,2025-02-18,STR015,PRD00418,1,378.6,0.0,378.6,315.43,Credit Card,Walk-in
SAL20250011887,2025-02-12,STR028,PRD00334,1,796.78,0.0,796.78,400.76,Credit Card,Regular
SAL20250011888,2025-02-03,STR033,PRD00315,3,452.88,0.0,1358.64,844.32,Net Banking,Regular
SAL20250011889,2025-02-10,STR023,PRD00617,4,496.18,0.0,1984.72,1452.04,Debit Card,Premium
SAL20250011890,2025-02-06,STR014,PRD00127,1,14293.97,0.1,12864.57,10567.08,Credit Card,Regular
SAL20250011891,2025-02-12,STR022,PRD00173,1,9167.15,0.0,9167.15,5751.32,Credit Card,Regular
SAL20250011892,2025-02-25,STR013,PRD00574,2,560.83,0.1,1009.49,677.12,Credit Card,Regular
SAL20250011893,2025-02-23,STR026,PRD00483,2,634.79,0.05,1206.1,1061.92,UPI,Premium
SAL20250011894,2025-02-25,STR023,PRD00345,2,670.76,0.0,1341.52,787.76,UPI,Regular
SAL20250011895,2025-02-01,STR006,PRD00959,1,664.61,0.0,664.61,402.69,UPI,Walk-in
SAL20250011896,2025-02-06,STR038,PRD00982,2,104.72,0.0,209.44,116.68,Debit Card,Corporate
SAL20250011897,2025-02-08,STR007,PRD01082,2,1474.53,0.0,2949.06,1594.52,UPI,Walk-in
SAL20250011898,2025-02-20,STR018,PRD00316,3,924.22,0.0,2772.66,1768.56,UPI,Corporate
SAL20250011899,2025-02-14,STR020,PRD00734,1,817.34,0.0,817.34,469.79,UPI,Regular
SAL20250011900,2025-02-28,STR004,PRD00182,2,1682.57,0.0,3365.14,2289.1,Net Banking,Regular
SAL20250011901,2025-02-18,STR032,PRD00163,1,12710.38,0.0,12710.38,7712.99,UPI,Walk-in
SAL20250011902,2025-02-06,STR029,PRD00756,1,3090.95,0.1,2781.86,2208.4,Debit Card,Walk-in
SAL20250011903,2025-02-14,STR033,PRD00691,4,1815.13,0.0,7260.52,4599.72,UPI,Regular
SAL20250011904,2025-02-04,STR012,PRD00555,2,381.92,0.0,763.84,439.58,UPI,Walk-in
SAL20250011905,2025-02-28,STR017,PRD00302,1,486.18,0.0,486.18,225.09,Credit Card,Walk-in
SAL20250011906,2025-02-14,STR002,PRD01179,1,3455.57,0.0,3455.57,2074.52,Credit Card,Regular
SAL20250011907,2025-02-19,STR013,PRD01185,1,2223.59,0.0,2223.59,924.85,Credit Card,Walk-in
SAL20250011908,2025-02-03,STR006,PRD00278,2,439.84,0.0,879.68,584.14,UPI,Premium
SAL20250011909,2025-02-07,STR035,PRD00312,1,662.59,0.0,662.59,388.19,Credit Card,Walk-in
SAL20250011910,2025-02-27,STR032,PRD00417,1,788.29,0.0,788.29,661.71,Cash,Regular
SAL20250011911,2025-02-16,STR017,PRD00513,1,111.04,0.0,111.04,92.76,UPI,Premium
SAL20250011912,2025-02-27,STR013,PRD00912,1,532.47,0.0,532.47,306.3,UPI,Regular
SAL20250011913,2025-02-09,STR002,PRD00956,1,1028.6,0.0,1028.6,572.0,Credit Card,Walk-in
SAL20250011914,2025-02-13,STR026,PRD00492,1,431.72,0.0,431.72,362.04,UPI,Walk-in
SAL20250011915,2025-02-14,STR013,PRD00501,3,707.96,0.0,2123.88,1642.05,UPI,Premium
SAL20250011916,2025-02-09,STR025,PRD00956,3,1028.6,0.05,2931.51,1716.0,Debit Card,Premium
SAL20250011917,2025-02-16,STR025,PRD01147,1,6760.77,0.0,6760.77,3863.28,UPI,Walk-in
SAL20250011918,2025-02-07,STR035,PRD00429,1,725.58,0.0,725.58,550.01,Debit Card,Regular
SAL20250011919,2025-02-20,STR002,PRD00513,1,111.04,0.0,111.04,92.76,UPI,Walk-in
SAL20250011920,2025-02-13,STR029,PRD00382,1,534.11,0.05,507.4,292.91,UPI,Premium
SAL20250011921,2025-02-18,STR040,PRD01083,1,8991.53,0.0,8991.53,3921.72,UPI,Regular
SAL20250011922,2025-02-03,STR016,PRD01051,2,694.43,0.0,1388.86,708.38,UPI,Walk-in
SAL20250011923,2025-02-24,STR025,PRD00845,1,2226.26,0.05,2114.95,1523.41,Credit Card,Walk-in
SAL20250011924,2025-02-06,STR026,PRD00869,1,3787.4,0.0,3787.4,2366.4,UPI,Walk-in
SAL20250011925,2025-02-16,STR014,PRD00664,2,181.84,0.0,363.68,218.42,Debit Card,Walk-in
SAL20250011926,2025-02-22,STR016,PRD00618,4,249.13,0.0,996.52,732.12,Debit Card,Premium
SAL20250011927,2025-02-26,STR016,PRD00201,1,2838.89,0.0,2838.89,1889.59,Cash,Regular
SAL20250011928,2025-02-25,STR017,PRD00940,2,57.11,0.0,114.22,77.72,Credit Card,Walk-in
SAL20250011929,2025-02-19,STR014,PRD01144,1,2397.7,0.0,2397.7,1426.02,Debit Card,Premium
SAL20250011930,2025-02-26,STR036,PRD00761,2,367.88,0.0,735.76,538.42,Debit Card,Walk-in
SAL20250011931,2025-02-27,STR024,PRD00521,3,947.8,0.1,2559.06,2497.8,Debit Card,Walk-in
SAL20250011932,2025-02-17,STR023,PRD00779,1,1606.83,0.0,1606.83,998.29,Cash,Regular
SAL20250011933,2025-02-10,STR036,PRD00203,1,6533.34,0.0,6533.34,4260.88,Debit Card,Walk-in
SAL20250011934,2025-02-01,STR010,PRD00081,1,19888.54,0.0,19888.54,13106.38,UPI,Regular
SAL20250011935,2025-02-09,STR003,PRD00948,2,38.1,0.0,76.2,53.1,Credit Card,Walk-in
SAL20250011936,2025-02-18,STR014,PRD00136,1,8242.41,0.1,7418.17,5641.21,Credit Card,Premium
SAL20250011937,2025-02-12,STR032,PRD00513,2,111.04,0.0,222.08,185.52,UPI,Walk-in
SAL20250011938,2025-02-17,STR029,PRD00204,1,3776.34,0.1,3398.71,2580.11,UPI,Walk-in
SAL20250011939,2025-02-08,STR012,PRD00361,3,1524.53,0.1,4116.23,2477.1,Cash,Regular
SAL20250011940,2025-02-18,STR008,PRD00517,2,252.82,0.1,455.08,406.06,Debit Card,Regular
SAL20250011941,2025-02-08,STR007,PRD00197,1,4849.89,0.05,4607.4,3779.03,UPI,Regular
SAL20250011942,2025-02-04,STR016,PRD00047,1,27210.89,0.0,27210.89,17922.95,UPI,Regular
SAL20250011943,2025-02-18,STR017,PRD00470,3,416.77,0.0,1250.31,975.33,UPI,Regular
SAL20250011944,2025-02-24,STR019,PRD00916,1,3924.97,0.0,3924.97,2270.78,UPI,Regular
SAL20250011945,2025-02-05,STR039,PRD00420,2,876.02,0.0,1752.04,1485.14,UPI,Corporate
SAL20250011946,2025-02-02,STR018,PRD01004,3,128.91,0.0,386.73,197.79,Cash,Walk-in
SAL20250011947,2025-02-06,STR004,PRD01043,4,134.43,0.0,537.72,321.84,UPI,Walk-in
SAL20250011948,2025-02-18,STR037,PRD00573,4,44.75,0.0,179.0,107.8,Credit Card,Walk-in
SAL20250011949,2025-02-16,STR008,PRD00424,5,428.73,0.0,2143.65,1886.2,Credit Card,Regular
SAL20250011950,2025-02-21,STR013,PRD00852,1,1751.61,0.05,1664.03,1214.84,Debit Card,Walk-in
SAL20250011951,2025-02-22,STR005,PRD00006,1,3457.14,0.0,3457.14,2519.92,Debit Card,Regular
SAL20250011952,2025-02-06,STR032,PRD01151,2,7065.61,0.05,13424.66,6748.72,UPI,Regular
SAL20250011953,2025-02-20,STR041,PRD00340,1,956.64,0.0,956.64,556.08,UPI,Walk-in
SAL20250011954,2025-02-11,STR004,PRD00507,1,259.46,0.0,259.46,215.35,UPI,Walk-in
SAL20250011955,2025-02-16,STR013,PRD00063,1,19546.78,0.0,19546.78,13446.97,Credit Card,Walk-in
SAL20250011956,2025-02-21,STR008,PRD00547,1,105.91,0.0,105.91,76.27,Debit Card,Premium
SAL20250011957,2025-02-14,STR037,PRD00197,2,4849.89,0.05,9214.79,7558.06,Debit Card,Regular
SAL20250011958,2025-02-13,STR020,PRD00609,1,338.3,0.1,304.47,202.03,UPI,Premium
SAL20250011959,2025-02-20,STR032,PRD00629,2,197.41,0.0,394.82,274.18,Credit Card,Regular
SAL20250011960,2025-02-23,STR028,PRD00621,2,335.41,0.0,670.82,470.86,Credit Card,Regular
SAL20250011961,2025-02-01,STR030,PRD00355,2,304.11,0.0,608.22,327.6,Net Banking,Regular
SAL20250011962,2025-02-22,STR005,PRD00492,1,431.72,0.0,431.72,362.04,Credit Card,Regular
SAL20250011963,2025-02-05,STR001,PRD00219,1,1404.86,0.0,1404.86,998.92,UPI,Regular
SAL20250011964,2025-02-14,STR020,PRD00058,1,3380.1,0.0,3380.1,2568.5,UPI,Walk-in
SAL20250011965,2025-02-26,STR038,PRD00930,1,4102.13,0.0,4102.13,2365.34,Credit Card,Regular
SAL20250011966,2025-02-03,STR009,PRD00222,1,8948.67,0.1,8053.8,6580.84,Debit Card,Premium
SAL20250011967,2025-02-05,STR032,PRD00384,1,1012.08,0.0,1012.08,513.64,Debit Card,Walk-in
SAL20250011968,2025-02-14,STR017,PRD00953,2,80.84,0.1,145.51,115.94,UPI,Regular
SAL20250011969,2025-02-26,STR017,PRD00904,1,2811.36,0.0,2811.36,1859.97,Credit Card,Walk-in
SAL20250011970,2025-02-01,STR021,PRD01004,1,128.91,0.0,128.91,65.93,Cash,Walk-in
SAL20250011971,2025-02-03,STR031,PRD00948,6,38.1,0.0,228.6,159.3,UPI,Regular
SAL20250011972,2025-02-24,STR010,PRD00431,2,614.87,0.05,1168.25,1042.4,UPI,Premium
SAL20250011973,2025-02-25,STR010,PRD00472,3,554.85,0.0,1664.55,1334.7,Debit Card,Premium
SAL20250011974,2025-02-10,STR016,PRD00378,1,667.36,0.0,667.36,365.54,UPI,Regular
SAL20250011975,2025-02-07,STR007,PRD00898,1,3032.43,0.1,2729.19,1834.2,Credit Card,Corporate
SAL20250011976,2025-02-24,STR012,PRD00978,3,172.32,0.0,516.96,321.96,Credit Card,Premium
SAL20250011977,2025-02-27,STR024,PRD00086,1,22194.93,0.05,21085.18,15176.58,UPI,Walk-in
SAL20250011978,2025-02-13,STR003,PRD01159,3,3270.67,0.0,9812.01,4497.78,UPI,Walk-in
SAL20250011979,2025-02-09,STR041,PRD00281,2,679.79,0.0,1359.58,787.04,Credit Card,Corporate
SAL20250011980,2025-02-20,STR036,PRD01115,1,4843.87,0.0,4843.87,2404.35,Credit Card,Walk-in
SAL20250011981,2025-02-21,STR020,PRD01034,4,310.11,0.0,1240.44,870.88,Net Banking,Regular
SAL20250011982,2025-02-12,STR002,PRD00605,1,66.61,0.0,66.61,49.05,UPI,Premium
SAL20250011983,2025-02-12,STR026,PRD00718,1,2341.08,0.05,2224.03,1675.99,Credit Card,Regular
SAL20250011984,2025-02-27,STR034,PRD00486,1,161.3,0.0,161.3,123.55,Credit Card,Regular
SAL20250011985,2025-02-20,STR023,PRD00674,1,2861.74,0.0,2861.74,1590.59,UPI,Walk-in
SAL20250011986,2025-02-27,STR013,PRD00661,1,443.39,0.0,443.39,283.68,UPI,Regular
SAL20250011987,2025-02-18,STR012,PRD00786,1,2271.94,0.05,2158.34,1533.49,Cash,Walk-in
SAL20250011988,2025-02-14,STR009,PRD00703,1,940.1,0.0,940.1,700.55,UPI,Walk-in
SAL20250011989,2025-02-02,STR011,PRD00846,1,1551.36,0.0,1551.36,1102.23,Cash,Regular
SAL20250011990,2025-02-21,STR014,PRD00990,1,577.78,0.0,577.78,350.79,UPI,Regular
SAL20250011991,2025-02-27,STR039,PRD00114,2,17643.2,0.1,31757.76,24612.0,Credit Card,Walk-in
SAL20250011992,2025-02-20,STR017,PRD00653,2,614.39,0.1,1105.9,895.52,Credit Card,Walk-in
SAL20250011993,2025-02-26,STR030,PRD00473,1,113.62,0.0,113.62,94.83,UPI,Walk-in
SAL20250011994,2025-02-06,STR014,PRD00453,1,1257.16,0.0,1257.16,946.37,UPI,Regular
SAL20250011995,2025-02-14,STR006,PRD00748,1,2656.98,0.0,2656.98,1815.38,UPI,Regular
SAL20250011996,2025-02-28,STR038,PRD00810,1,406.14,0.0,406.14,261.1,UPI,Regular
SAL20250011997,2025-02-24,STR033,PRD00122,1,23504.26,0.05,22329.05,16366.57,Debit Card,Regular
SAL20250011998,2025-02-25,STR001,PRD00885,3,1948.54,0.05,5553.34,3760.17,UPI,Regular
SAL20250011999,2025-02-14,STR014,PRD00818,1,2330.04,0.0,2330.04,1669.14,UPI,Walk-in
SAL20250012000,2025-02-03,STR018,PRD01075,2,6164.63,0.0,12329.26,6356.56,UPI,Walk-in
SAL20250012001,2025-02-11,STR012,PRD00849,1,315.58,0.0,315.58,211.78,UPI,Walk-in
SAL20250012002,2025-02-22,STR010,PRD00845,3,2226.26,0.0,6678.78,4570.23,Credit Card,Premium
SAL20250012003,2025-02-17,STR001,PRD00532,1,1039.03,0.0,1039.03,808.86,UPI,Regular
SAL20250012004,2025-02-10,STR024,PRD00097,1,19452.93,0.0,19452.93,14437.86,Cash,Walk-in
SAL20250012005,2025-02-12,STR014,PRD01094,1,7758.5,0.0,7758.5,3797.17,Debit Card,Regular
SAL20250012006,2025-02-13,STR010,PRD00315,1,452.88,0.1,407.59,281.44,Credit Card,Walk-in
SAL20250012007,2025-02-08,STR021,PRD00975,2,912.31,0.0,1824.62,1197.0,UPI,Corporate
SAL20250012008,2025-02-20,STR019,PRD00508,1,125.21,0.0,125.21,109.93,UPI,Premium
SAL20250012009,2025-02-22,STR007,PRD00473,2,113.62,0.0,227.24,189.66,UPI,Regular
SAL20250012010,2025-02-09,STR040,PRD00797,4,567.41,0.0,2269.64,1645.64,Credit Card,Walk-in
SAL20250012011,2025-02-15,STR005,PRD00751,1,3034.29,0.0,3034.29,1940.36,UPI,Corporate
SAL20250012012,2025-02-21,STR004,PRD00885,1,1948.54,0.0,1948.54,1253.39,Cash,Regular
SAL20250012013,2025-02-21,STR030,PRD00180,1,3550.84,0.0,3550.84,2526.78,Credit Card,Walk-in
SAL20250012014,2025-02-09,STR032,PRD00138,1,3460.02,0.0,3460.02,2661.97,UPI,Regular
SAL20250012015,2025-02-24,STR014,PRD00501,1,707.96,0.0,707.96,547.35,UPI,Regular
SAL20250012016,2025-02-25,STR001,PRD00014,1,5918.05,0.0,5918.05,4586.64,UPI,Regular
SAL20250012017,2025-02-06,STR007,PRD00346,1,927.55,0.0,927.55,634.62,Cash,Regular
SAL20250012018,2025-02-06,STR002,PRD01040,2,466.28,0.0,932.56,661.54,UPI,Walk-in
SAL20250012019,2025-02-11,STR026,PRD00489,1,850.74,0.0,850.74,690.88,UPI,Regular
SAL20250012020,2025-02-28,STR024,PRD00411,1,779.25,0.0,779.25,631.85,Credit Card,Regular
SAL20250012021,2025-02-23,STR035,PRD00893,2,963.04,0.0,1926.08,1206.1,Net Banking,Regular
SAL20250012022,2025-02-27,STR001,PRD00409,1,950.85,0.0,950.85,738.11,Credit Card,Regular
SAL20250012023,2025-02-24,STR039,PRD00197,3,4849.89,0.0,14549.67,11337.09,Credit Card,Regular
SAL20250012024,2025-02-27,STR021,PRD00656,3,201.0,0.0,603.0,423.3,Debit Card,Premium
SAL20250012025,2025-02-01,STR019,PRD01010,1,762.29,0.0,762.29,399.52,UPI,Regular
SAL20250012026,2025-02-12,STR028,PRD00721,1,2330.52,0.0,2330.52,1727.63,Cash,Regular
SAL20250012027,2025-02-12,STR039,PRD00106,1,3614.0,0.0,3614.0,2487.36,UPI,Regular
SAL20250012028,2025-02-12,STR029,PRD00974,4,202.7,0.0,810.8,427.04,UPI,Regular
SAL20250012029,2025-02-28,STR027,PRD00012,1,5255.98,0.0,5255.98,4121.35,UPI,Regular
SAL20250012030,2025-02-26,STR035,PRD01136,1,7702.34,0.0,7702.34,4125.05,UPI,Walk-in
SAL20250012031,2025-02-07,STR004,PRD00792,1,5089.33,0.0,5089.33,2925.34,Net Banking,Walk-in
SAL20250012032,2025-02-23,STR022,PRD00773,1,733.06,0.0,733.06,518.45,UPI,Walk-in
SAL20250012033,2025-02-12,STR035,PRD00382,1,534.11,0.0,534.11,292.91,Credit Card,Premium
SAL20250012034,2025-02-06,STR020,PRD00197,1,4849.89,0.0,4849.89,3779.03,Debit Card,Regular
SAL20250012035,2025-02-11,STR020,PRD00373,1,159.48,0.0,159.48,85.54,Cash,Walk-in
SAL20250012036,2025-02-12,STR040,PRD00648,2,715.75,0.0,1431.5,914.54,Debit Card,Regular
SAL20250012037,2025-02-05,STR025,PRD00564,1,566.41,0.0,566.41,347.97,Debit Card,Premium
SAL20250012038,2025-02-09,STR031,PRD00064,1,2458.4,0.0,2458.4,1830.7,UPI,Walk-in
SAL20250012039,2025-02-14,STR041,PRD00742,1,3993.24,0.0,3993.24,2368.26,UPI,Walk-in
SAL20250012040,2025-02-21,STR024,PRD00771,3,2601.02,0.0,7803.06,4308.39,Cash,Premium
SAL20250012041,2025-02-25,STR013,PRD00788,1,3329.23,0.0,3329.23,2105.2,Credit Card,Walk-in
SAL20250012042,2025-02-21,STR001,PRD00237,1,9971.54,0.05,9472.96,6463.12,Net Banking,Walk-in
SAL20250012043,2025-02-21,STR033,PRD01012,1,896.48,0.1,806.83,582.58,Cash,Walk-in
SAL20250012044,2025-02-18,STR025,PRD00508,3,125.21,0.0,375.63,329.79,UPI,Regular
SAL20250012045,2025-02-11,STR038,PRD00942,1,93.87,0.0,93.87,61.73,Debit Card,Regular
SAL20250012046,2025-02-26,STR016,PRD00654,5,474.17,0.0,2370.85,1621.95,Debit Card,Walk-in
SAL20250012047,2025-02-23,STR014,PRD00714,3,1837.1,0.1,4960.17,4044.03,Net Banking,Premium
SAL20250012048,2025-02-09,STR006,PRD00719,2,4808.67,0.0,9617.34,5518.42,UPI,Regular
SAL20250012049,2025-02-21,STR021,PRD00446,5,1037.38,0.05,4927.56,4407.05,UPI,Premium
SAL20250012050,2025-02-13,STR024,PRD01070,1,5540.5,0.0,5540.5,2576.77,Credit Card,Premium
SAL20250012051,2025-02-28,STR033,PRD00232,2,6785.18,0.0,13570.36,9686.74,Net Banking,Walk-in
SAL20250012052,2025-02-07,STR012,PRD01141,2,1387.21,0.0,2774.42,1621.3,Credit Card,Regular
SAL20250012053,2025-02-22,STR004,PRD00681,1,4114.63,0.0,4114.63,2696.18,Debit Card,Walk-in
SAL20250012054,2025-02-25,STR021,PRD00236,2,5591.1,0.0,11182.2,7979.56,UPI,Walk-in
SAL20250012055,2025-02-12,STR041,PRD00448,3,612.68,0.0,1838.04,1555.68,UPI,Regular
SAL20250012056,2025-02-27,STR024,PRD00895,2,472.54,0.0,945.08,594.8,UPI,Premium
SAL20250012057,2025-02-25,STR003,PRD00552,4,296.06,0.0,1184.24,779.76,UPI,Walk-in
SAL20250012058,2025-02-11,STR029,PRD00132,1,22943.8,0.0,22943.8,17725.67,Credit Card,Walk-in
SAL20250012059,2025-02-16,STR012,PRD01040,2,466.28,0.0,932.56,661.54,Credit Card,Regular
SAL20250012060,2025-02-22,STR006,PRD00895,1,472.54,0.0,472.54,297.4,Credit Card,Walk-in
SAL20250012061,2025-02-26,STR010,PRD00784,1,1985.25,0.0,1985.25,1302.04,UPI,Walk-in
SAL20250012062,2025-02-01,STR007,PRD00604,1,254.69,0.0,254.69,151.9,Credit Card,Regular
SAL20250012063,2025-02-11,STR006,PRD00942,2,93.87,0.0,187.74,123.46,Credit Card,Walk-in
SAL20250012064,2025-02-13,STR005,PRD00064,2,2458.4,0.1,4425.12,3661.4,Credit Card,Walk-in
SAL20250012065,2025-02-17,STR022,PRD00500,1,936.13,0.0,936.13,757.53,UPI,Regular
SAL20250012066,2025-02-26,STR033,PRD00175,1,11344.22,0.0,11344.22,7434.87,Debit Card,Walk-in
SAL20250012067,2025-02-08,STR027,PRD00939,2,463.84,0.0,927.68,484.68,UPI,Regular
SAL20250012068,2025-02-01,STR032,PRD01184,1,6927.53,0.0,6927.53,3182.7,Credit Card,Regular
SAL20250012069,2025-02-04,STR018,PRD00232,1,6785.18,0.1,6106.66,4843.37,UPI,Walk-in
SAL20250012070,2025-02-16,STR040,PRD00105,1,9145.0,0.0,9145.0,7010.14,Debit Card,Regular
SAL20250012071,2025-02-20,STR029,PRD00380,4,304.64,0.0,1218.56,842.0,UPI,Regular
SAL20250012072,2025-02-21,STR006,PRD00659,1,294.97,0.0,294.97,218.84,UPI,Walk-in
SAL20250012073,2025-02-26,STR037,PRD00288,1,827.89,0.0,827.89,439.36,Cash,Walk-in
SAL20250012074,2025-02-17,STR038,PRD00213,1,7822.44,0.0,7822.44,5597.11,UPI,Regular
SAL20250012075,2025-02-06,STR010,PRD00883,2,2575.75,0.0,5151.5,2874.96,UPI,Regular
SAL20250012076,2025-02-24,STR018,PRD00075,1,9132.03,0.0,9132.03,7042.59,Debit Card,Regular
SAL20250012077,2025-02-05,STR029,PRD00193,2,5766.86,0.0,11533.72,8382.96,Debit Card,Regular
SAL20250012078,2025-02-07,STR027,PRD00265,1,4797.2,0.0,4797.2,2920.06,Credit Card,Regular
SAL20250012079,2025-02-08,STR021,PRD00425,6,878.01,0.0,5268.06,4185.06,Credit Card,Walk-in
SAL20250012080,2025-02-25,STR041,PRD00726,1,2171.72,0.0,2171.72,1497.85,UPI,Regular
SAL20250012081,2025-02-19,STR010,PRD00622,1,644.0,0.0,644.0,399.79,Cash,Premium
SAL20250012082,2025-02-15,STR016,PRD00873,3,687.87,0.0,2063.61,1474.35,UPI,Regular
SAL20250012083,2025-02-21,STR029,PRD00535,1,314.95,0.0,314.95,224.28,UPI,Walk-in
SAL20250012084,2025-02-03,STR008,PRD00746,2,2299.94,0.05,4369.89,3052.02,Net Banking,Regular
SAL20250012085,2025-02-20,STR029,PRD00395,1,562.56,0.0,562.56,373.28,UPI,Regular
SAL20250012086,2025-02-01,STR031,PRD00096,1,1587.91,0.0,1587.91,1154.69,Credit Card,Walk-in
SAL20250012087,2025-02-19,STR024,PRD00006,1,3457.14,0.0,3457.14,2519.92,Debit Card,Regular
SAL20250012088,2025-02-26,STR025,PRD00162,1,9916.48,0.0,9916.48,6686.04,Debit Card,Regular
SAL20250012089,2025-02-02,STR019,PRD00405,2,917.35,0.0,1834.7,1607.72,UPI,Regular
SAL20250012090,2025-02-10,STR020,PRD00344,1,702.67,0.0,702.67,433.6,Net Banking,Corporate
SAL20250012091,2025-02-02,STR016,PRD00797,2,567.41,0.0,1134.82,822.82,UPI,Premium
SAL20250012092,2025-02-07,STR025,PRD00686,1,3692.38,0.0,3692.38,2113.83,Credit Card,Walk-in
SAL20250012093,2025-02-01,STR029,PRD00763,4,3968.33,0.1,14285.99,11403.6,UPI,Regular
SAL20250012094,2025-02-24,STR037,PRD00504,3,1118.52,0.1,3020.0,2802.72,UPI,Walk-in
SAL20250012095,2025-02-17,STR036,PRD00082,1,9499.68,0.0,9499.68,6552.44,Credit Card,Walk-in
SAL20250012096,2025-02-14,STR001,PRD00059,1,15692.67,0.0,15692.67,12269.76,Credit Card,Regular
SAL20250012097,2025-02-21,STR008,PRD01130,3,3164.31,0.0,9492.93,5668.92,Debit Card,Regular
SAL20250012098,2025-02-01,STR024,PRD00240,1,10596.37,0.0,10596.37,7390.73,Credit Card,Premium
SAL20250012099,2025-02-07,STR006,PRD00588,1,125.09,0.0,125.09,90.39,UPI,Regular
SAL20250012100,2025-02-23,STR009,PRD00282,1,705.96,0.0,705.96,470.23,UPI,Walk-in
SAL20250012101,2025-02-27,STR001,PRD00346,1,927.55,0.0,927.55,634.62,Net Banking,Walk-in
SAL20250012102,2025-02-04,STR039,PRD00759,1,4285.9,0.0,4285.9,2644.58,Net Banking,Walk-in
SAL20250012103,2025-02-12,STR025,PRD00302,1,486.18,0.0,486.18,225.09,UPI,Walk-in
SAL20250012104,2025-02-08,STR027,PRD00783,1,2295.14,0.05,2180.38,1443.25,UPI,Walk-in
SAL20250012105,2025-02-22,STR030,PRD00318,1,184.33,0.0,184.33,118.77,Debit Card,Walk-in
SAL20250012106,2025-02-11,STR010,PRD00194,2,5905.12,0.0,11810.24,8280.52,UPI,Premium
SAL20250012107,2025-02-12,STR026,PRD00395,1,562.56,0.0,562.56,373.28,UPI,Regular
SAL20250012108,2025-02-11,STR028,PRD01037,4,431.13,0.0,1724.52,928.76,Debit Card,Premium
SAL20250012109,2025-02-15,STR021,PRD00904,1,2811.36,0.0,2811.36,1859.97,UPI,Walk-in
SAL20250012110,2025-02-21,STR038,PRD00298,1,1012.57,0.1,911.31,666.12,UPI,Regular
SAL20250012111,2025-02-24,STR022,PRD01070,1,5540.5,0.05,5263.47,2576.77,Credit Card,Regular
SAL20250012112,2025-02-07,STR018,PRD01107,2,1600.76,0.0,3201.52,1470.26,UPI,Regular
SAL20250012113,2025-02-11,STR006,PRD00240,1,10596.37,0.0,10596.37,7390.73,Credit Card,Walk-in
SAL20250012114,2025-02-15,STR028,PRD00011,1,13229.12,0.0,13229.12,9834.69,Credit Card,Regular
SAL20250012115,2025-02-27,STR026,PRD00849,4,315.58,0.0,1262.32,847.12,UPI,Regular
SAL20250012116,2025-02-24,STR016,PRD00716,1,1780.84,0.0,1780.84,1007.46,UPI,Regular
SAL20250012117,2025-02-11,STR001,PRD00826,1,174.23,0.0,174.23,120.2,Credit Card,Walk-in
SAL20250012118,2025-02-19,STR024,PRD01100,1,6765.12,0.05,6426.86,4080.87,Credit Card,Premium
SAL20250012119,2025-02-24,STR006,PRD00488,3,995.48,0.1,2687.8,2507.58,Credit Card,Regular
SAL20250012120,2025-02-26,STR024,PRD00219,1,1404.86,0.0,1404.86,998.92,UPI,Walk-in
SAL20250012121,2025-02-05,STR024,PRD00166,1,4039.27,0.0,4039.27,2471.0,UPI,Walk-in
SAL20250012122,2025-02-19,STR040,PRD00932,1,479.96,0.0,479.96,293.99,UPI,Regular
SAL20250012123,2025-02-11,STR031,PRD00408,1,1017.09,0.0,1017.09,782.92,UPI,Premium
SAL20250012124,2025-02-02,STR021,PRD00396,1,713.53,0.0,713.53,454.7,Cash,Regular
SAL20250012125,2025-02-22,STR011,PRD00871,1,1211.65,0.1,1090.49,859.32,UPI,Premium
SAL20250012126,2025-02-08,STR031,PRD00415,4,345.23,0.05,1311.87,1144.76,UPI,Walk-in
SAL20250012127,2025-02-03,STR031,PRD01010,1,762.29,0.0,762.29,399.52,UPI,Premium
SAL20250012128,2025-02-01,STR041,PRD00389,3,1606.86,0.05,4579.55,2219.88,UPI,Regular
SAL20250012129,2025-02-01,STR013,PRD00955,1,608.44,0.1,547.6,410.9,UPI,Walk-in
SAL20250012130,2025-02-14,STR037,PRD00612,2,287.57,0.0,575.14,424.86,UPI,Regular
SAL20250012131,2025-02-15,STR010,PRD00039,1,8380.37,0.05,7961.35,6279.95,UPI,Regular
SAL20250012132,2025-02-01,STR026,PRD00221,1,9230.37,0.0,9230.37,5770.89,Credit Card,Regular
SAL20250012133,2025-02-06,STR013,PRD00065,1,10562.87,0.1,9506.58,8152.93,Debit Card,Premium
SAL20250012134,2025-02-17,STR008,PRD00174,1,698.44,0.0,698.44,523.24,UPI,Walk-in
SAL20250012135,2025-02-14,STR041,PRD00202,1,1209.84,0.0,1209.84,865.49,UPI,Regular
SAL20250012136,2025-02-04,STR019,PRD00357,1,1112.32,0.0,1112.32,676.9,UPI,Regular
SAL20250012137,2025-02-24,STR033,PRD00378,1,667.36,0.0,667.36,365.54,Credit Card,Walk-in
SAL20250012138,2025-02-06,STR036,PRD00963,4,93.93,0.05,356.93,255.04,UPI,Regular
SAL20250012139,2025-02-07,STR030,PRD00762,1,1596.23,0.0,1596.23,909.86,Credit Card,Walk-in
SAL20250012140,2025-02-10,STR001,PRD00309,1,1344.75,0.1,1210.28,637.15,Credit Card,Walk-in
SAL20250012141,2025-02-05,STR008,PRD00322,1,839.74,0.05,797.75,587.36,UPI,Walk-in
SAL20250012142,2025-02-21,STR017,PRD00814,3,3265.17,0.1,8815.96,5668.11,UPI,Premium
SAL20250012143,2025-02-21,STR008,PRD00581,1,310.86,0.0,310.86,198.71,Credit Card,Walk-in
SAL20250012144,2025-02-04,STR009,PRD00458,1,587.81,0.0,587.81,445.92,Credit Card,Premium
SAL20250012145,2025-02-01,STR041,PRD00387,1,446.12,0.0,446.12,248.3,Credit Card,Walk-in
SAL20250012146,2025-02-23,STR040,PRD00019,1,9063.53,0.05,8610.35,6399.55,Net Banking,Corporate
SAL20250012147,2025-02-17,STR025,PRD00929,2,3367.15,0.0,6734.3,4072.48,UPI,Regular
SAL20250012148,2025-02-03,STR026,PRD00770,2,1474.46,0.0,2948.92,2180.78,Debit Card,Walk-in
SAL20250012149,2025-02-26,STR032,PRD00916,1,3924.97,0.0,3924.97,2270.78,UPI,Walk-in
SAL20250012150,2025-02-21,STR025,PRD00087,1,23253.22,0.1,20927.9,15702.94,UPI,Regular
SAL20250012151,2025-02-14,STR027,PRD00399,1,1354.99,0.0,1354.99,647.13,Credit Card,Premium
SAL20250012152,2025-02-09,STR040,PRD00412,1,576.41,0.1,518.77,454.75,Debit Card,Regular
SAL20250012153,2025-02-26,STR029,PRD00157,1,5982.96,0.0,5982.96,4355.19,UPI,Walk-in
SAL20250012154,2025-02-22,STR037,PRD00788,2,3329.23,0.0,6658.46,4210.4,UPI,Regular
SAL20250012155,2025-02-16,STR017,PRD00600,2,709.55,0.05,1348.14,938.32,UPI,Regular
SAL20250012156,2025-02-02,STR030,PRD00655,2,75.89,0.05,144.19,94.3,Debit Card,Walk-in
SAL20250012157,2025-02-01,STR005,PRD00295,2,1024.45,0.0,2048.9,1136.98,Cash,Walk-in
SAL20250012158,2025-02-21,STR029,PRD00080,1,17292.25,0.0,17292.25,13027.41,Net Banking,Regular
SAL20250012159,2025-02-23,STR035,PRD00478,4,959.84,0.0,3839.36,3249.04,Net Banking,Regular
SAL20250012160,2025-02-08,STR033,PRD01200,2,1804.12,0.1,3247.42,1731.6,UPI,Regular
SAL20250012161,2025-02-03,STR025,PRD00656,2,201.0,0.0,402.0,282.2,Debit Card,Regular
SAL20250012162,2025-02-12,STR004,PRD00225,1,9871.63,0.0,9871.63,6952.04,Cash,Walk-in
SAL20250012163,2025-02-24,STR015,PRD00311,1,936.08,0.1,842.47,578.34,Debit Card,Regular
SAL20250012164,2025-02-04,STR009,PRD00828,2,765.4,0.05,1454.26,886.0,Cash,Regular
SAL20250012165,2025-02-16,STR007,PRD00973,3,291.44,0.0,874.32,470.73,UPI,Walk-in
SAL20250012166,2025-02-18,STR009,PRD00161,1,9190.04,0.0,9190.04,7015.28,Credit Card,Regular
SAL20250012167,2025-02-15,STR021,PRD00073,1,23649.92,0.0,23649.92,17123.4,Cash,Regular
SAL20250012168,2025-02-14,STR007,PRD01140,2,5750.16,0.05,10925.3,6632.92,UPI,Regular
SAL20250012169,2025-02-16,STR026,PRD00192,1,3362.18,0.0,3362.18,2170.51,Cash,Walk-in
SAL20250012170,2025-02-18,STR027,PRD00960,4,572.91,0.0,2291.64,1529.6,Net Banking,Walk-in
SAL20250012171,2025-02-12,STR039,PRD00989,1,922.35,0.0,922.35,592.11,Credit Card,Regular
SAL20250012172,2025-02-23,STR038,PRD00248,2,9547.84,0.0,19095.68,13755.02,Credit Card,Regular
SAL20250012173,2025-02-03,STR005,PRD01004,2,128.91,0.0,257.82,131.86,UPI,Walk-in
SAL20250012174,2025-02-17,STR015,PRD00567,1,365.44,0.1,328.9,226.96,Credit Card,Regular
SAL20250012175,2025-02-07,STR035,PRD00060,1,15273.35,0.0,15273.35,10531.53,UPI,Regular
SAL20250012176,2025-02-05,STR008,PRD00030,1,17262.94,0.0,17262.94,12589.59,UPI,Walk-in
SAL20250012177,2025-02-10,STR012,PRD00607,1,313.72,0.0,313.72,181.35,UPI,Premium
SAL20250012178,2025-02-10,STR033,PRD00005,1,25382.71,0.0,25382.71,18438.86,UPI,Regular
SAL20250012179,2025-02-19,STR015,PRD00092,1,6575.52,0.0,6575.52,4677.68,Debit Card,Premium
SAL20250012180,2025-02-10,STR015,PRD01133,1,8197.9,0.0,8197.9,3765.02,UPI,Walk-in
SAL20250012181,2025-02-06,STR011,PRD00589,3,435.23,0.0,1305.69,762.12,UPI,Walk-in
SAL20250012182,2025-02-25,STR011,PRD00352,2,930.67,0.05,1768.27,1193.8,Cash,Premium
SAL20250012183,2025-02-01,STR001,PRD00691,3,1815.13,0.1,4900.85,3449.79,Net Banking,Regular
SAL20250012184,2025-02-20,STR013,PRD00680,2,3900.49,0.0,7800.98,5610.0,UPI,Regular
SAL20250012185,2025-02-10,STR004,PRD00485,3,693.22,0.05,1975.68,1779.45,UPI,Walk-in
SAL20250012186,2025-02-01,STR013,PRD00868,4,1450.33,0.0,5801.32,3648.84,Net Banking,Regular
SAL20250012187,2025-02-13,STR009,PRD00826,1,174.23,0.0,174.23,120.2,Debit Card,Walk-in
SAL20250012188,2025-02-23,STR012,PRD00609,2,338.3,0.05,642.77,404.06,Credit Card,Regular
SAL20250012189,2025-02-03,STR015,PRD00767,3,2122.92,0.0,6368.76,4671.42,Debit Card,Walk-in
SAL20250012190,2025-02-23,STR033,PRD00190,1,12169.57,0.0,12169.57,7955.32,Cash,Regular
SAL20250012191,2025-02-24,STR039,PRD00201,1,2838.89,0.0,2838.89,1889.59,UPI,Walk-in
SAL20250012192,2025-02-10,STR008,PRD00106,1,3614.0,0.05,3433.3,2487.36,Credit Card,Walk-in
SAL20250012193,2025-02-25,STR006,PRD00239,1,6180.81,0.0,6180.81,4556.06,Credit Card,Walk-in
SAL20250012194,2025-02-18,STR010,PRD00314,2,610.16,0.0,1220.32,744.82,UPI,Premium
SAL20250012195,2025-02-16,STR027,PRD01045,1,910.12,0.0,910.12,471.24,Credit Card,Premium
SAL20250012196,2025-02-02,STR041,PRD00803,3,2033.91,0.0,6101.73,3674.22,Credit Card,Walk-in
SAL20250012197,2025-02-10,STR020,PRD00368,1,927.52,0.1,834.77,587.93,UPI,Regular
SAL20250012198,2025-02-04,STR004,PRD00778,1,875.87,0.1,788.28,569.54,Debit Card,Walk-in
SAL20250012199,2025-02-05,STR010,PRD00075,2,9132.03,0.0,18264.06,14085.18,Credit Card,Walk-in
SAL20250012200,2025-02-14,STR029,PRD00429,3,725.58,0.0,2176.74,1650.03,UPI,Walk-in
SAL20250012201,2025-02-17,STR020,PRD00785,2,4604.98,0.05,8749.46,5509.66,Credit Card,Premium
SAL20250012202,2025-02-05,STR020,PRD00753,2,4495.87,0.0,8991.74,5243.44,Debit Card,Regular
SAL20250012203,2025-02-02,STR027,PRD00760,1,4801.08,0.05,4561.03,3172.81,UPI,Regular
SAL20250012204,2025-02-28,STR014,PRD00217,1,8159.94,0.0,8159.94,5298.43,Credit Card,Regular
SAL20250012205,2025-02-07,STR032,PRD00547,1,105.91,0.1,95.32,76.27,Credit Card,Regular
SAL20250012206,2025-02-08,STR038,PRD00938,5,622.57,0.0,3112.85,1636.65,Net Banking,Walk-in
SAL20250012207,2025-02-25,STR036,PRD01020,1,560.55,0.0,560.55,361.97,UPI,Regular
SAL20250012208,2025-02-08,STR006,PRD00239,1,6180.81,0.0,6180.81,4556.06,UPI,Walk-in
SAL20250012209,2025-02-22,STR017,PRD01139,2,4060.77,0.0,8121.54,3689.12,Debit Card,Corporate
SAL20250012210,2025-02-20,STR034,PRD00337,1,1047.01,0.0,1047.01,731.43,UPI,Regular
SAL20250012211,2025-02-17,STR026,PRD00084,1,11056.09,0.0,11056.09,8293.77,UPI,Premium
SAL20250012212,2025-02-19,STR015,PRD01089,1,8670.13,0.0,8670.13,3797.02,Credit Card,Walk-in
SAL20250012213,2025-02-09,STR038,PRD00778,2,875.87,0.0,1751.74,1139.08,UPI,Regular
SAL20250012214,2025-02-08,STR030,PRD00196,1,3177.64,0.0,3177.64,2246.88,Credit Card,Regular
SAL20250012215,2025-02-08,STR015,PRD00392,1,436.74,0.0,436.74,242.28,UPI,Walk-in
SAL20250012216,2025-02-17,STR012,PRD00749,2,4060.84,0.1,7309.51,4889.54,Cash,Regular
SAL20250012217,2025-02-23,STR017,PRD00057,1,2490.08,0.1,2241.07,2005.73,Credit Card,Regular
SAL20250012218,2025-02-23,STR010,PRD00292,1,975.97,0.0,975.97,491.67,UPI,Walk-in
SAL20250012219,2025-02-10,STR015,PRD00583,1,704.61,0.0,704.61,437.59,Net Banking,Premium
SAL20250012220,2025-02-05,STR008,PRD00492,2,431.72,0.0,863.44,724.08,Credit Card,Regular
SAL20250012221,2025-02-23,STR036,PRD00082,1,9499.68,0.1,8549.71,6552.44,Net Banking,Regular
SAL20250012222,2025-02-18,STR035,PRD00812,2,3142.68,0.0,6285.36,3646.6,UPI,Regular
SAL20250012223,2025-02-16,STR014,PRD00367,4,450.03,0.0,1800.12,987.12,UPI,Regular
SAL20250012224,2025-02-07,STR033,PRD00903,1,433.92,0.0,433.92,275.41,UPI,Regular
SAL20250012225,2025-02-15,STR014,PRD00534,5,97.09,0.0,485.45,402.95,Debit Card,Walk-in
SAL20250012226,2025-02-21,STR028,PRD00209,1,4015.2,0.0,4015.2,2717.92,Debit Card,Regular
SAL20250012227,2025-02-17,STR024,PRD00339,1,831.47,0.0,831.47,498.17,Debit Card,Walk-in
SAL20250012228,2025-02-23,STR041,PRD00001,1,21322.84,0.0,21322.84,15337.08,Debit Card,Walk-in
SAL20250012229,2025-02-05,STR019,PRD00564,2,566.41,0.0,1132.82,695.94,UPI,Regular
SAL20250012230,2025-02-22,STR022,PRD00034,1,761.93,0.0,761.93,520.56,UPI,Regular
SAL20250012231,2025-02-06,STR017,PRD00638,6,188.95,0.0,1133.7,691.26,Credit Card,Walk-in
SAL20250012232,2025-02-11,STR031,PRD00950,2,184.59,0.0,369.18,254.62,Cash,Regular
SAL20250012233,2025-02-25,STR026,PRD00016,1,12816.4,0.0,12816.4,9433.57,Debit Card,Premium
SAL20250012234,2025-02-06,STR024,PRD00796,1,462.4,0.0,462.4,329.9,Cash,Walk-in
SAL20250012235,2025-02-16,STR031,PRD00666,1,224.43,0.0,224.43,162.71,Cash,Regular
SAL20250012236,2025-02-01,STR016,PRD00157,1,5982.96,0.05,5683.81,4355.19,UPI,Walk-in
SAL20250012237,2025-02-24,STR018,PRD00351,1,802.18,0.0,802.18,503.24,Credit Card,Regular
SAL20250012238,2025-02-15,STR028,PRD00083,1,9369.31,0.0,9369.31,6462.27,Credit Card,Regular
SAL20250012239,2025-02-18,STR013,PRD01172,1,1132.5,0.0,1132.5,578.06,Credit Card,Regular
SAL20250012240,2025-02-25,STR009,PRD00810,3,406.14,0.0,1218.42,783.3,Credit Card,Regular
SAL20250012241,2025-02-11,STR036,PRD01044,4,762.23,0.1,2744.03,2177.92,Cash,Premium
SAL20250012242,2025-02-07,STR022,PRD00678,1,3485.6,0.0,3485.6,2254.91,Net Banking,Walk-in
SAL20250012243,2025-02-19,STR031,PRD00487,1,92.35,0.0,92.35,78.84,UPI,Walk-in
SAL20250012244,2025-02-12,STR039,PRD00284,1,170.59,0.05,162.06,103.53,UPI,Premium
SAL20250012245,2025-02-12,STR033,PRD01104,4,7758.33,0.0,31033.32,13953.44,UPI,Regular
SAL20250012246,2025-02-05,STR003,PRD01118,1,5734.69,0.0,5734.69,3371.1,Debit Card,Premium
SAL20250012247,2025-02-17,STR037,PRD00128,1,13672.72,0.0,13672.72,8963.81,Cash,Premium
SAL20250012248,2025-02-21,STR028,PRD00672,1,4427.9,0.0,4427.9,3013.84,UPI,Walk-in
SAL20250012249,2025-02-21,STR024,PRD01035,3,199.19,0.1,537.81,375.21,UPI,Walk-in
SAL20250012250,2025-02-11,STR011,PRD00611,2,51.03,0.0,102.06,75.62,Credit Card,Premium
SAL20250012251,2025-02-20,STR022,PRD00034,1,761.93,0.1,685.74,520.56,UPI,Regular
SAL20250012252,2025-02-26,STR018,PRD00322,1,839.74,0.0,839.74,587.36,UPI,Walk-in
SAL20250012253,2025-02-18,STR028,PRD00240,1,10596.37,0.0,10596.37,7390.73,UPI,Regular
SAL20250012254,2025-02-01,STR001,PRD00221,3,9230.37,0.0,27691.11,17312.67,Credit Card,Regular
SAL20250012255,2025-02-08,STR020,PRD00250,1,3877.74,0.1,3489.97,2737.07,UPI,Walk-in
SAL20250012256,2025-02-01,STR026,PRD00956,4,1028.6,0.0,4114.4,2288.0,UPI,Regular
SAL20250012257,2025-02-19,STR001,PRD00818,1,2330.04,0.0,2330.04,1669.14,UPI,Regular
SAL20250012258,2025-02-08,STR007,PRD00041,1,19732.0,0.1,17758.8,14953.27,UPI,Walk-in
SAL20250012259,2025-02-08,STR031,PRD00036,1,8731.85,0.0,8731.85,5708.44,UPI,Regular
SAL20250012260,2025-02-06,STR012,PRD00575,2,90.77,0.0,181.54,134.16,Credit Card,Walk-in
SAL20250012261,2025-02-04,STR026,PRD00815,1,2750.26,0.0,2750.26,1847.59,UPI,Regular
SAL20250012262,2025-02-17,STR002,PRD01061,1,1015.91,0.0,1015.91,535.53,UPI,Walk-in
SAL20250012263,2025-02-28,STR036,PRD00639,5,160.88,0.0,804.4,512.05,UPI,Regular
SAL20250012264,2025-02-08,STR023,PRD01046,2,946.12,0.0,1892.24,1052.58,UPI,Walk-in
SAL20250012265,2025-02-27,STR013,PRD00151,1,5709.55,0.0,5709.55,3733.65,Cash,Walk-in
SAL20250012266,2025-02-26,STR004,PRD00164,1,7383.75,0.0,7383.75,4728.61,UPI,Regular
SAL20250012267,2025-02-15,STR035,PRD00519,2,818.33,0.0,1636.66,1285.8,UPI,Regular
SAL20250012268,2025-02-07,STR014,PRD00997,1,893.9,0.0,893.9,624.69,UPI,Regular
SAL20250012269,2025-02-20,STR015,PRD00721,1,2330.52,0.0,2330.52,1727.63,Credit Card,Regular
SAL20250012270,2025-02-25,STR038,PRD00615,1,478.74,0.0,478.74,339.34,UPI,Premium
SAL20250012271,2025-02-14,STR014,PRD00482,1,411.59,0.0,411.59,344.12,Debit Card,Regular
SAL20250012272,2025-02-01,STR021,PRD00253,2,9663.5,0.0,19327.0,13434.14,Debit Card,Walk-in
SAL20250012273,2025-02-19,STR034,PRD00576,1,451.26,0.0,451.26,330.56,Credit Card,Regular
SAL20250012274,2025-02-03,STR002,PRD00242,1,3336.56,0.0,3336.56,2557.66,Credit Card,Walk-in
SAL20250012275,2025-02-14,STR017,PRD00680,2,3900.49,0.0,7800.98,5610.0,Net Banking,Walk-in
SAL20250012276,2025-02-24,STR002,PRD00762,2,1596.23,0.05,3032.84,1819.72,Cash,Walk-in
SAL20250012277,2025-02-15,STR004,PRD00176,1,4757.11,0.05,4519.25,2887.26,Credit Card,Premium
SAL20250012278,2025-02-25,STR003,PRD00880,1,430.21,0.0,430.21,293.94,UPI,Walk-in
SAL20250012279,2025-02-10,STR005,PRD00331,1,133.4,0.0,133.4,89.83,UPI,Regular
SAL20250012280,2025-02-07,STR019,PRD00374,4,1242.75,0.05,4722.45,2953.32,UPI,Premium
SAL20250012281,2025-02-15,STR041,PRD00115,1,5778.27,0.0,5778.27,4176.17,UPI,Walk-in
SAL20250012282,2025-02-05,STR007,PRD00485,1,693.22,0.05,658.56,593.15,Credit Card,Premium
SAL20250012283,2025-02-08,STR027,PRD00304,2,1052.14,0.05,1999.07,1447.62,Credit Card,Regular
SAL20250012284,2025-02-14,STR010,PRD00570,1,376.39,0.0,376.39,268.57,Credit Card,Premium
SAL20250012285,2025-02-05,STR012,PRD00907,1,1536.02,0.0,1536.02,976.87,Debit Card,Regular
SAL20250012286,2025-02-20,STR003,PRD00981,1,76.61,0.0,76.61,54.24,UPI,Walk-in
SAL20250012287,2025-02-17,STR033,PRD01095,1,4795.88,0.0,4795.88,2620.97,Credit Card,Regular
SAL20250012288,2025-02-22,STR038,PRD00410,1,245.81,0.0,245.81,192.76,UPI,Regular
SAL20250012289,2025-02-18,STR019,PRD00100,1,14294.81,0.0,14294.81,9774.86,Cash,Regular
SAL20250012290,2025-02-19,STR020,PRD01117,2,2651.1,0.0,5302.2,2893.6,UPI,Corporate
SAL20250012291,2025-02-19,STR009,PRD00128,1,13672.72,0.0,13672.72,8963.81,Net Banking,Regular
SAL20250012292,2025-02-23,STR010,PRD00248,2,9547.84,0.0,19095.68,13755.02,UPI,Premium
SAL20250012293,2025-02-03,STR041,PRD01147,1,6760.77,0.0,6760.77,3863.28,Credit Card,Walk-in
SAL20250012294,2025-02-03,STR041,PRD00462,3,271.55,0.0,814.65,615.78,UPI,Regular
SAL20250012295,2025-02-09,STR028,PRD00735,2,2710.38,0.1,4878.68,3232.56,Credit Card,Walk-in
SAL20250012296,2025-02-15,STR021,PRD00476,1,645.16,0.0,645.16,543.18,Debit Card,Walk-in
SAL20250012297,2025-02-09,STR033,PRD00347,4,1133.22,0.1,4079.59,2677.04,Credit Card,Regular
SAL20250012298,2025-02-08,STR015,PRD01131,1,6280.13,0.0,6280.13,3425.53,UPI,Walk-in
SAL20250012299,2025-02-17,STR017,PRD01192,1,7158.24,0.0,7158.24,4065.98,UPI,Regular
SAL20250012300,2025-02-16,STR004,PRD01160,4,7696.75,0.0,30787.0,13963.36,Credit Card,Walk-in
SAL20250012301,2025-02-07,STR019,PRD00432,1,845.55,0.0,845.55,647.04,Credit Card,Walk-in
SAL20250012302,2025-02-22,STR038,PRD00576,3,451.26,0.0,1353.78,991.68,UPI,Regular
SAL20250012303,2025-02-19,STR024,PRD00294,2,1047.83,0.0,2095.66,1306.08,Credit Card,Walk-in
SAL20250012304,2025-02-27,STR004,PRD00770,1,1474.46,0.0,1474.46,1090.39,UPI,Walk-in
SAL20250012305,2025-02-23,STR016,PRD01106,3,3135.75,0.05,8936.89,5007.48,UPI,Walk-in
SAL20250012306,2025-02-18,STR024,PRD00628,1,365.09,0.0,365.09,210.81,UPI,Regular
SAL20250012307,2025-02-27,STR007,PRD00650,2,429.23,0.0,858.46,498.62,Credit Card,Premium
SAL20250012308,2025-02-26,STR018,PRD01043,4,134.43,0.0,537.72,321.84,UPI,Regular
SAL20250012309,2025-02-27,STR039,PRD00369,3,1020.79,0.0,3062.37,1447.47,Credit Card,Walk-in
SAL20250012310,2025-02-20,STR009,PRD00399,1,1354.99,0.1,1219.49,647.13,Cash,Walk-in
SAL20250012311,2025-02-10,STR026,PRD01125,3,3015.8,0.0,9047.4,4270.29,UPI,Premium
SAL20250012312,2025-02-23,STR037,PRD00608,2,314.95,0.0,629.9,468.28,Cash,Regular
SAL20250012313,2025-02-28,STR017,PRD01020,4,560.55,0.0,2242.2,1447.88,Cash,Walk-in
SAL20250012314,2025-02-25,STR032,PRD01168,1,4286.69,0.1,3858.02,2474.04,UPI,Regular
SAL20250012315,2025-02-28,STR034,PRD00401,1,743.9,0.0,743.9,628.4,Credit Card,Walk-in
SAL20250012316,2025-02-15,STR008,PRD00558,2,353.1,0.0,706.2,486.6,Net Banking,Walk-in
SAL20250012317,2025-02-20,STR013,PRD00742,1,3993.24,0.0,3993.24,2368.26,Debit Card,Walk-in
SAL20250012318,2025-02-08,STR021,PRD00417,1,788.29,0.1,709.46,661.71,Credit Card,Regular
SAL20250012319,2025-02-14,STR013,PRD00990,3,577.78,0.0,1733.34,1052.37,Debit Card,Regular
SAL20250012320,2025-02-21,STR022,PRD00760,1,4801.08,0.0,4801.08,3172.81,UPI,Regular
SAL20250012321,2025-02-26,STR035,PRD00635,1,332.03,0.0,332.03,207.3,Debit Card,Regular
SAL20250012322,2025-02-19,STR005,PRD00406,2,663.68,0.0,1327.36,1066.12,UPI,Regular
SAL20250012323,2025-02-28,STR041,PRD00216,1,11614.64,0.0,11614.64,7226.78,UPI,Regular
SAL20250012324,2025-02-16,STR001,PRD00140,2,6378.06,0.0,12756.12,9703.4,UPI,Premium
SAL20250012325,2025-02-16,STR014,PRD00721,1,2330.52,0.0,2330.52,1727.63,Debit Card,Premium
SAL20250012326,2025-02-03,STR015,PRD00428,1,311.12,0.0,311.12,244.75,Debit Card,Walk-in
SAL20250012327,2025-02-13,STR019,PRD00711,1,1868.86,0.0,1868.86,1355.68,UPI,Regular
SAL20250012328,2025-02-04,STR029,PRD00934,2,3207.23,0.0,6414.46,3622.14,Cash,Premium
SAL20250012329,2025-02-05,STR003,PRD00011,1,13229.12,0.0,13229.12,9834.69,Debit Card,Corporate
SAL20250012330,2025-02-03,STR008,PRD00650,1,429.23,0.0,429.23,249.31,UPI,Regular
SAL20250012331,2025-02-18,STR041,PRD00518,1,1000.64,0.0,1000.64,768.43,Credit Card,Premium
SAL20250012332,2025-02-05,STR019,PRD00060,1,15273.35,0.1,13746.02,10531.53,UPI,Premium
SAL20250012333,2025-02-22,STR032,PRD01085,1,7889.14,0.0,7889.14,4136.29,Debit Card,Premium
SAL20250012334,2025-02-14,STR033,PRD00646,5,108.22,0.0,541.1,328.95,Debit Card,Regular
SAL20250012335,2025-02-18,STR028,PRD00392,1,436.74,0.0,436.74,242.28,UPI,Regular
SAL20250012336,2025-02-06,STR039,PRD01152,1,2969.91,0.0,2969.91,1378.7,Credit Card,Regular
SAL20250012337,2025-02-01,STR018,,1,3456.4,0.0,3456.4,2122.01,Credit Card,Regular
SAL20250012338,2025-02-20,STR029,PRD00010,1,14520.45,0.0,14520.45,11774.44,Credit Card,Regular
SAL20250012339,2025-02-16,STR022,PRD01146,1,2954.25,0.0,2954.25,1488.77,Debit Card,Walk-in
SAL20250012340,2025-02-10,STR016,PRD00791,1,855.75,0.0,855.75,599.47,Net Banking,Regular
SAL20250012341,2025-02-09,STR008,PRD01014,1,1123.09,0.0,1123.09,636.08,Net Banking,Regular
SAL20250012342,2025-02-10,STR033,PRD00868,3,1450.33,0.0,4350.99,2736.63,UPI,Walk-in
SAL20250012343,2025-02-11,STR014,PRD01000,2,495.66,0.0,991.32,691.74,Credit Card,Walk-in
SAL20250012344,2025-02-25,STR020,PRD01200,3,1804.12,0.0,5412.36,2597.4,UPI,Regular
SAL20250012345,2025-02-21,STR001,PRD00324,1,1095.89,0.0,1095.89,714.91,UPI,Regular
SAL20250012346,2025-02-21,STR029,PRD00208,1,2761.76,0.0,2761.76,2051.3,Credit Card,Corporate
SAL20250012347,2025-02-20,STR035,PRD00861,1,3212.99,0.0,3212.99,1773.8,UPI,Walk-in
SAL20250012348,2025-02-06,STR037,PRD00531,1,217.65,0.1,195.89,182.2,Debit Card,Premium
SAL20250012349,2025-02-03,STR021,PRD00264,1,4452.38,0.0,4452.38,3172.04,Debit Card,Walk-in
SAL20250012350,2025-02-10,STR036,PRD00232,1,6785.18,0.05,6445.92,4843.37,UPI,Premium
SAL20250012351,2025-02-25,STR001,PRD00693,1,2512.22,0.0,2512.22,1671.42,Credit Card,Regular
SAL20250012352,2025-02-01,STR017,PRD00233,1,9134.67,0.0,9134.67,7104.84,Credit Card,Regular
SAL20250012353,2025-02-13,STR016,PRD01036,1,177.81,0.1,160.03,125.17,UPI,Regular
SAL20250012354,2025-02-12,STR010,PRD00846,1,1551.36,0.0,1551.36,1102.23,UPI,Walk-in
SAL20250012355,2025-02-06,STR027,PRD01039,2,616.85,0.0,1233.7,787.88,UPI,Walk-in
SAL20250012356,2025-02-17,STR001,PRD01182,1,9675.4,0.0,9675.4,4265.56,UPI,Walk-in
SAL20250012357,2025-02-24,STR026,PRD00978,1,172.32,0.05,163.7,107.32,UPI,Premium
SAL20250012358,2025-02-13,STR020,PRD01001,2,315.54,0.0,631.08,356.74,UPI,Regular
SAL20250012359,2025-02-01,STR001,PRD00990,1,577.78,0.1,520.0,350.79,Credit Card,Regular
SAL20250012360,2025-02-11,STR001,PRD00861,3,3212.99,0.0,9638.97,5321.4,UPI,Regular
SAL20250012361,2025-02-23,STR031,PRD01021,1,582.28,0.05,553.17,378.12,Cash,Regular
SAL20250012362,2025-02-20,STR036,PRD00904,3,2811.36,0.0,8434.08,5579.91,UPI,Corporate
SAL20250012363,2025-02-16,STR027,PRD00914,4,3460.6,0.0,13842.4,8802.88,UPI,Regular
SAL20250012364,2025-02-13,STR006,PRD00365,3,693.15,0.0,2079.45,1346.07,Credit Card,Regular
SAL20250012365,2025-02-02,STR026,PRD00127,1,14293.97,0.0,14293.97,10567.08,UPI,Premium
SAL20250012366,2025-02-04,STR012,PRD00131,1,11948.61,0.0,11948.61,9032.43,Credit Card,Walk-in
SAL20250012367,2025-02-11,STR006,PRD00559,1,674.89,0.0,674.89,421.56,Credit Card,Regular
SAL20250012368,2025-02-02,STR023,PRD00870,2,2808.24,0.0,5616.48,3237.36,Credit Card,Corporate
SAL20250012369,2025-02-03,STR008,PRD01046,2,946.12,0.1,1703.02,1052.58,Cash,Corporate
SAL20250012370,2025-02-28,STR021,PRD00251,1,10660.28,0.0,10660.28,7306.06,UPI,Regular
SAL20250012371,2025-02-21,STR008,PRD01191,1,6431.83,0.0,6431.83,4011.49,UPI,Premium
SAL20250012372,2025-02-16,STR007,PRD00592,3,365.4,0.0,1096.2,654.87,Cash,Regular
SAL20250012373,2025-02-01,STR011,PRD00086,1,22194.93,0.05,21085.18,15176.58,Debit Card,Walk-in
SAL20250012374,2025-02-24,STR033,PRD00509,3,888.38,0.0,2665.14,2022.99,UPI,Walk-in
SAL20250012375,2025-02-22,STR024,PRD00656,4,201.0,0.0,804.0,564.4,Net Banking,Premium
SAL20250012376,2025-02-16,STR021,PRD00538,1,57.89,0.0,57.89,41.78,Cash,Regular
SAL20250012377,2025-02-20,STR021,PRD00598,1,173.87,0.0,173.87,122.49,Cash,Walk-in
SAL20250012378,2025-02-24,STR012,PRD00199,1,1863.27,0.0,1863.27,1335.3,UPI,Walk-in
SAL20250012379,2025-02-23,STR026,PRD00910,2,2302.88,0.1,4145.18,3159.38,UPI,Regular
SAL20250012380,2025-02-24,STR034,PRD00069,1,11744.39,0.0,11744.39,7701.34,UPI,Regular
SAL20250012381,2025-02-11,STR012,PRD00842,3,1322.87,0.0,3968.61,2870.64,Credit Card,Walk-in
SAL20250012382,2025-02-24,STR002,PRD00654,1,474.17,0.05,450.46,324.39,Credit Card,Premium
SAL20250012383,2025-02-12,STR036,PRD00572,5,728.84,0.0,3644.2,2344.2,UPI,Walk-in
SAL20250012384,2025-02-21,STR038,PRD00713,1,4061.86,0.0,4061.86,2937.76,UPI,Corporate
SAL20250012385,2025-02-13,STR026,PRD00494,1,893.47,0.0,893.47,682.73,Credit Card,Regular
SAL20250012386,2025-02-11,STR017,PRD00443,2,206.94,0.1,372.49,334.12,UPI,Walk-in
SAL20250012387,2025-02-15,STR021,PRD00256,1,13048.37,0.0,13048.37,8107.05,Debit Card,Walk-in
SAL20250012388,2025-02-09,STR026,PRD00048,1,26663.85,0.0,26663.85,18297.1,Cash,Walk-in
SAL20250012389,2025-02-03,STR003,PRD00556,2,634.75,0.0,1269.5,941.96,Debit Card,Regular
SAL20250012390,2025-02-22,STR030,PRD00593,1,596.07,0.0,596.07,385.84,UPI,Regular
SAL20250012391,2025-02-10,STR035,PRD01179,2,3455.57,0.0,6911.14,4149.04,Cash,Regular
SAL20250012392,2025-02-06,STR014,PRD00131,1,11948.61,0.0,11948.61,9032.43,Debit Card,Regular
SAL20250012393,2025-02-28,STR026,PRD00800,1,478.19,0.0,478.19,324.59,Credit Card,Premium
SAL20250012394,2025-02-07,STR025,PRD00043,1,22998.01,0.0,22998.01,15302.97,Credit Card,Premium
SAL20250012395,2025-02-25,STR037,PRD00997,2,893.9,0.0,1787.8,1249.38,Credit Card,Regular
SAL20250012396,2025-02-01,STR036,PRD00232,1,6785.18,0.0,6785.18,4843.37,UPI,Regular
SAL20250012397,2025-02-23,STR006,PRD00451,1,641.37,0.0,641.37,505.23,Credit Card,Regular
SAL20250012398,2025-02-16,STR004,PRD01184,3,6927.53,0.0,20782.59,9548.1,UPI,Corporate
SAL20250012399,2025-02-18,STR020,PRD00127,2,14293.97,0.0,28587.94,21134.16,Cash,Walk-in
SAL20250012400,2025-02-07,STR028,PRD00490,1,177.23,0.05,168.37,138.31,UPI,Corporate
SAL20250012401,2025-02-18,STR013,PRD00797,1,567.41,0.0,567.41,411.41,UPI,Regular
SAL20250012402,2025-02-17,STR001,PRD00456,1,215.04,0.0,215.04,169.99,Net Banking,Premium
SAL20250012403,2025-02-08,STR030,PRD00759,2,4285.9,0.0,8571.8,5289.16,UPI,Corporate
SAL20250012404,2025-02-24,STR010,PRD00881,1,802.33,0.05,762.21,533.51,UPI,Walk-in
SAL20250012405,2025-02-22,STR002,PRD00878,1,1229.84,0.0,1229.84,796.56,UPI,Regular
SAL20250012406,2025-02-21,STR031,PRD00351,1,802.18,0.0,802.18,503.24,UPI,Regular
SAL20250012407,2025-02-06,STR005,PRD00203,3,6533.34,0.0,19600.02,12782.64,Credit Card,Walk-in
SAL20250012408,2025-02-04,STR011,PRD00931,1,1839.81,0.0,1839.81,1246.88,Credit Card,Walk-in
SAL20250012409,2025-02-23,STR041,PRD00686,3,3692.38,0.0,11077.14,6341.49,Net Banking,Regular
SAL20250012410,2025-02-15,STR007,PRD00416,1,833.51,0.0,833.51,691.79,UPI,Walk-in
SAL20250012411,2025-02-07,STR037,PRD00965,5,67.67,0.0,338.35,242.3,Credit Card,Regular
SAL20250012412,2025-02-10,STR040,PRD00772,1,988.94,0.1,890.05,659.49,Debit Card,Regular
SAL20250012413,2025-02-23,STR021,PRD00011,2,13229.12,0.1,23812.42,19669.38,UPI,Walk-in
SAL20250012414,2025-02-10,STR011,PRD00382,1,534.11,0.0,534.11,292.91,Cash,Premium
SAL20250012415,2025-02-19,STR004,PRD00705,1,488.73,0.0,488.73,328.43,Debit Card,Walk-in
SAL20250012416,2025-02-07,STR012,PRD00175,1,11344.22,0.0,11344.22,7434.87,UPI,Walk-in
SAL20250012417,2025-02-16,STR017,PRD00231,1,9171.94,0.0,9171.94,6705.09,Credit Card,Walk-in
SAL20250012418,2025-02-01,STR022,PRD00297,4,1248.97,0.0,4995.88,2524.24,Cash,Walk-in
SAL20250012419,2025-02-10,STR036,PRD01065,2,936.71,0.0,1873.42,956.72,Net Banking,Walk-in
SAL20250012420,2025-02-23,STR025,PRD00384,1,1012.08,0.0,1012.08,513.64,Debit Card,Regular
SAL20250012421,2025-02-12,STR034,PRD00382,2,534.11,0.0,1068.22,585.82,Credit Card,Regular
SAL20250012422,2025-02-03,STR029,PRD00987,2,289.9,0.05,550.81,404.7,UPI,Walk-in
SAL20250012423,2025-02-04,STR011,PRD00185,1,1926.14,0.0,1926.14,1500.04,Cash,Regular
SAL20250012424,2025-02-23,STR008,PRD01187,2,5464.91,0.0,10929.82,6709.98,Credit Card,Regular
SAL20250012425,2025-02-22,STR033,PRD01003,3,278.9,0.0,836.7,438.96,Debit Card,Walk-in
SAL20250012426,2025-02-21,STR020,PRD00735,3,2710.38,0.05,7724.58,4848.84,Net Banking,Corporate
SAL20250012427,2025-02-26,STR038,PRD00011,1,13229.12,0.0,13229.12,9834.69,Cash,Regular
SAL20250012428,2025-02-27,STR031,PRD00641,1,499.93,0.0,499.93,333.12,Credit Card,Walk-in
SAL20250012429,2025-02-17,STR029,PRD00934,4,3207.23,0.0,12828.92,7244.28,Cash,Walk-in
SAL20250012430,2025-02-18,STR029,PRD01110,2,1048.97,0.05,1993.04,1162.22,UPI,Regular
SAL20250012431,2025-02-18,STR023,PRD01138,2,4917.81,0.1,8852.06,5578.62,UPI,Regular
SAL20250012432,2025-02-28,STR009,PRD00793,1,2445.38,0.05,2323.11,1405.41,Credit Card,Corporate
SAL20250012433,2025-02-01,STR010,PRD00831,2,2902.42,0.1,5224.36,3986.34,Debit Card,Regular
SAL20250012434,2025-02-19,STR021,PRD01040,1,466.28,0.0,466.28,330.77,UPI,Regular
SAL20250012435,2025-02-02,STR041,PRD00446,1,1037.38,0.0,1037.38,881.41,UPI,Regular
SAL20250012436,2025-02-26,STR013,PRD01059,1,553.69,0.0,553.69,368.36,Credit Card,Walk-in
SAL20250012437,2025-02-01,STR013,PRD00665,1,157.57,0.0,157.57,103.14,UPI,Regular
SAL20250012438,2025-02-23,STR032,PRD00665,1,157.57,0.0,157.57,103.14,Net Banking,Premium
SAL20250012439,2025-02-09,STR020,PRD00689,2,492.79,0.0,985.58,665.66,UPI,Walk-in
SAL20250012440,2025-02-02,STR027,PRD00979,2,62.69,0.0,125.38,74.86,Cash,Regular
SAL20250012441,2025-02-13,STR026,PRD00754,4,372.52,0.0,1490.08,883.52,Debit Card,Regular
SAL20250012442,2025-02-13,STR007,PRD00388,1,522.1,0.0,522.1,256.49,UPI,Regular
SAL20250012443,2025-02-26,STR018,PRD01160,1,7696.75,0.0,7696.75,3490.84,UPI,Walk-in
SAL20250012444,2025-02-02,STR003,PRD00960,1,572.91,0.0,572.91,382.4,UPI,Walk-in
SAL20250012445,2025-02-03,STR029,PRD00576,1,451.26,0.0,451.26,330.56,Credit Card,Walk-in
SAL20250012446,2025-02-03,STR018,PRD01139,1,4060.77,0.0,4060.77,1844.56,UPI,Premium
SAL20250012447,2025-02-27,STR028,PRD00012,1,5255.98,0.0,5255.98,4121.35,UPI,Premium
SAL20250012448,2025-02-07,STR005,PRD00645,2,456.66,0.0,913.32,660.84,Credit Card,Regular
SAL20250012449,2025-02-27,STR031,PRD00131,1,11948.61,0.0,11948.61,9032.43,Credit Card,Walk-in
SAL20250012450,2025-02-05,STR029,PRD00946,3,937.06,0.0,2811.18,1576.74,Cash,Walk-in
SAL20250012451,2025-02-26,STR022,PRD01036,2,177.81,0.0,355.62,250.34,UPI,Walk-in
SAL20250012452,2025-02-24,STR011,PRD00551,1,585.58,0.0,585.58,430.57,Credit Card,Walk-in
SAL20250012453,2025-02-02,STR038,PRD00441,1,853.01,0.0,853.01,707.08,UPI,Walk-in
SAL20250012454,2025-02-28,STR033,PRD00585,3,401.86,0.0,1205.58,868.95,UPI,Regular
SAL20250012455,2025-02-25,STR025,PRD00504,1,1118.52,0.0,1118.52,934.24,UPI,Walk-in
SAL20250012456,2025-02-23,STR002,PRD00552,1,296.06,0.0,296.06,194.94,Cash,Walk-in
SAL20250012457,2025-02-24,STR005,PRD00386,3,1129.86,0.0,3389.58,2162.34,UPI,Regular
SAL20250012458,2025-02-04,STR025,PRD01037,2,431.13,0.0,862.26,464.38,Debit Card,Regular
SAL20250012459,2025-02-19,STR003,PRD00236,1,5591.1,0.0,5591.1,3989.78,UPI,Regular
SAL20250012460,2025-02-15,STR011,PRD00075,1,9132.03,0.0,9132.03,7042.59,Credit Card,Walk-in
SAL20250012461,2025-02-06,STR003,PRD01040,5,466.28,0.0,2331.4,1653.85,Credit Card,Regular
SAL20250012462,2025-02-27,STR010,PRD00661,1,443.39,0.0,443.39,283.68,Net Banking,Walk-in
SAL20250012463,2025-02-08,STR020,PRD01106,2,3135.75,0.0,6271.5,3338.32,UPI,Walk-in
SAL20250012464,2025-02-19,STR004,PRD01107,1,1600.76,0.0,1600.76,735.13,UPI,Regular
SAL20250012465,2025-02-14,STR029,PRD00170,2,1380.75,0.0,2761.5,1836.98,UPI,Premium
SAL20250012466,2025-02-27,STR006,PRD00297,1,1248.97,0.0,1248.97,631.06,Credit Card,Regular
SAL20250012467,2025-02-16,STR004,PRD00079,1,19037.37,0.1,17133.63,13485.77,Debit Card,Regular
SAL20250012468,2025-02-16,STR031,PRD00679,1,2876.53,0.0,2876.53,1865.54,Credit Card,Corporate
SAL20250012469,2025-02-13,STR007,PRD00795,2,965.34,0.0,1930.68,1376.04,Debit Card,Walk-in
SAL20250012470,2025-02-07,STR037,PRD00855,1,2084.62,0.0,2084.62,1525.55,Credit Card,Premium
SAL20250012471,2025-02-06,STR039,PRD01112,3,3077.42,0.0,9232.26,4674.57,UPI,Walk-in
SAL20250012472,2025-02-10,STR037,PRD00163,1,12710.38,0.0,12710.38,7712.99,UPI,Regular
SAL20250012473,2025-02-05,STR039,PRD00488,2,995.48,0.05,1891.41,1671.72,UPI,Regular
SAL20250012474,2025-02-01,STR019,PRD00805,1,3870.93,0.1,3483.84,2163.81,Debit Card,Regular
SAL20250012475,2025-02-05,STR012,PRD00013,2,17378.5,0.0,34757.0,25724.18,Debit Card,Regular
SAL20250012476,2025-02-11,STR024,PRD00767,1,2122.92,0.1,1910.63,1557.14,UPI,Regular
SAL20250012477,2025-02-11,STR003,PRD00712,2,1580.0,0.1,2844.0,1894.3,UPI,Regular
SAL20250012478,2025-02-10,STR031,PRD00632,2,758.72,0.05,1441.57,860.12,Credit Card,Walk-in
SAL20250012479,2025-02-14,STR031,PRD00166,1,4039.27,0.0,4039.27,2471.0,Debit Card,Regular
SAL20250012480,2025-02-11,STR007,PRD00236,1,5591.1,0.0,5591.1,3989.78,Debit Card,Regular
SAL20250012481,2025-02-23,STR011,PRD00352,1,930.67,0.0,930.67,596.9,UPI,Regular
SAL20250012482,2025-02-04,STR039,PRD00659,3,294.97,0.0,884.91,656.52,Cash,Walk-in
SAL20250012483,2025-02-28,STR005,PRD00485,1,693.22,0.1,623.9,593.15,UPI,Walk-in
SAL20250012484,2025-02-18,STR010,PRD00491,3,675.67,0.0,2027.01,1580.13,UPI,Regular
SAL20250012485,2025-02-15,STR023,PRD00286,1,390.77,0.1,351.69,253.34,UPI,Walk-in
SAL20250012486,2025-02-20,STR031,PRD01150,4,4074.75,0.0,16299.0,9488.16,UPI,Walk-in
SAL20250012487,2025-02-22,STR024,PRD00511,3,709.29,0.0,2127.87,1677.54,Credit Card,Regular
SAL20250012488,2025-02-07,STR034,PRD00784,2,1985.25,0.0,3970.5,2604.08,Credit Card,Walk-in
SAL20250012489,2025-02-17,STR027,PRD00496,2,1047.75,0.0,2095.5,1804.88,Credit Card,Regular
SAL20250012490,2025-02-07,STR037,PRD00663,3,109.46,0.0,328.38,188.7,UPI,Regular
SAL20250012491,2025-02-08,STR005,PRD00623,1,563.55,0.0,563.55,387.66,Credit Card,Regular
SAL20250012492,2025-02-06,STR009,PRD00747,1,1306.66,0.0,1306.66,960.16,Debit Card,Walk-in
SAL20250012493,2025-02-05,STR031,PRD01036,1,177.81,0.0,177.81,125.17,Cash,Regular
SAL20250012494,2025-02-14,STR019,PRD01178,1,5467.45,0.0,5467.45,3516.53,Debit Card,Walk-in
SAL20250012495,2025-02-16,STR033,PRD00535,3,314.95,0.1,850.36,672.84,Cash,Regular
SAL20250012496,2025-02-02,STR028,PRD00437,1,320.21,0.0,320.21,271.12,UPI,Regular
SAL20250012497,2025-02-06,STR031,PRD00703,2,940.1,0.0,1880.2,1401.1,Debit Card,Corporate
SAL20250012498,2025-02-12,STR017,PRD00289,1,1047.34,0.0,1047.34,607.0,Credit Card,Premium
SAL20250012499,2025-02-16,STR038,PRD01157,1,8076.82,0.0,8076.82,4265.41,Net Banking,Regular
SAL20250012500,2025-02-27,STR041,PRD01131,2,6280.13,0.0,12560.26,6851.06,UPI,Regular
SAL20250012501,2025-02-21,STR036,PRD00926,1,683.78,0.1,615.4,481.25,UPI,Walk-in
SAL20250012502,2025-02-20,STR033,PRD00413,1,347.68,0.0,347.68,300.31,UPI,Premium
SAL20250012503,2025-02-22,STR009,PRD00373,1,159.48,0.1,143.53,85.54,UPI,Walk-in
SAL20250012504,2025-02-03,STR023,PRD00385,1,460.87,0.1,414.78,278.52,Debit Card,Regular
SAL20250012505,2025-02-25,STR024,PRD00921,1,3248.47,0.0,3248.47,1833.94,Debit Card,Regular
SAL20250012506,2025-02-12,STR030,PRD00523,5,773.23,0.0,3866.15,3280.7,UPI,Regular
SAL20250012507,2025-02-07,STR006,PRD00892,2,2494.33,0.0,4988.66,3484.02,Net Banking,Walk-in
SAL20250012508,2025-02-22,STR024,PRD00469,1,499.21,0.0,499.21,389.45,Net Banking,Premium
SAL20250012509,2025-02-02,STR016,PRD01098,1,1920.11,0.0,1920.11,1122.86,UPI,Regular
SAL20250012510,2025-02-12,STR026,PRD00060,1,15273.35,0.0,15273.35,10531.53,UPI,Walk-in
SAL20250012511,2025-02-07,STR016,PRD00240,2,10596.37,0.0,21192.74,14781.46,Credit Card,Premium
SAL20250012512,2025-02-15,STR037,PRD00796,1,462.4,0.0,462.4,329.9,UPI,Regular
SAL20250012513,2025-02-13,STR024,PRD00164,1,7383.75,0.0,7383.75,4728.61,Credit Card,Walk-in
SAL20250012514,2025-02-21,STR015,PRD01065,1,936.71,0.0,936.71,478.36,Credit Card,Walk-in
SAL20250012515,2025-02-01,STR033,PRD00536,2,393.56,0.0,787.12,541.9,Credit Card,Regular
SAL20250012516,2025-02-28,STR004,PRD00052,1,1655.5,0.1,1489.95,1137.08,Credit Card,Walk-in
SAL20250012517,2025-02-13,STR040,PRD00771,1,2601.02,0.0,2601.02,1436.13,UPI,Walk-in
SAL20250012518,2025-02-10,STR008,PRD00112,1,3948.48,0.0,3948.48,3127.23,UPI,Regular
SAL20250012519,2025-02-21,STR012,PRD00043,1,22998.01,0.0,22998.01,15302.97,UPI,Premium
SAL20250012520,2025-02-17,STR018,PRD00226,3,3456.4,0.0,10369.2,6366.03,Cash,Regular
SAL20250012521,2025-02-07,STR024,PRD00883,1,2575.75,0.0,2575.75,1437.48,Credit Card,Premium
SAL20250012522,2025-02-28,STR037,PRD00868,2,1450.33,0.0,2900.66,1824.42,Cash,Regular
SAL20250012523,2025-02-17,STR040,PRD01015,10,771.47,0.0,7714.7,5411.2,Credit Card,Corporate
SAL20250012524,2025-02-20,STR019,PRD01069,2,2127.71,0.1,3829.88,2167.7,Debit Card,Corporate
SAL20250012525,2025-02-10,STR011,PRD00865,3,2254.56,0.05,6425.5,4271.79,Credit Card,Walk-in
SAL20250012526,2025-02-01,STR033,PRD00386,2,1129.86,0.0,2259.72,1441.56,Cash,Regular
SAL20250012527,2025-02-03,STR036,PRD00333,1,1043.83,0.1,939.45,554.4,UPI,Walk-in
SAL20250012528,2025-02-03,STR020,PRD00027,1,21177.44,0.1,19059.7,15886.64,Net Banking,Walk-in
SAL20250012529,2025-02-07,STR003,PRD00103,1,4104.09,0.0,4104.09,2941.45,UPI,Regular
SAL20250012530,2025-02-09,STR007,PRD01028,4,93.34,0.0,373.36,192.4,Credit Card,Regular
SAL20250012531,2025-02-02,STR039,PRD00593,6,596.07,0.0,3576.42,2315.04,Debit Card,Premium
SAL20250012532,2025-02-16,STR041,PRD00338,3,1223.61,0.0,3670.83,2064.69,Credit Card,Regular
SAL20250012533,2025-02-04,STR002,PRD00598,1,173.87,0.0,173.87,122.49,UPI,Premium
SAL20250012534,2025-02-19,STR004,PRD00852,1,1751.61,0.0,1751.61,1214.84,UPI,Premium
SAL20250012535,2025-02-27,STR006,PRD00172,1,7151.58,0.0,7151.58,5253.3,UPI,Regular
SAL20250012536,2025-02-27,STR020,PRD01159,3,3270.67,0.0,9812.01,4497.78,Cash,Regular
SAL20250012537,2025-02-21,STR036,PRD01196,1,1369.18,0.0,1369.18,596.89,UPI,Walk-in
SAL20250012538,2025-02-20,STR020,PRD00489,2,850.74,0.0,1701.48,1381.76,UPI,Regular
SAL20250012539,2025-02-08,STR013,PRD00945,2,871.49,0.0,1742.98,1100.48,Net Banking,Regular
SAL20250012540,2025-02-02,STR041,PRD00269,2,151.87,0.0,303.74,199.64,UPI,Regular
SAL20250012541,2025-02-18,STR011,PRD00832,1,1859.75,0.0,1859.75,1370.28,UPI,Regular
SAL20250012542,2025-02-27,STR010,PRD00529,1,569.27,0.0,569.27,490.31,Credit Card,Walk-in
SAL20250012543,2025-02-21,STR025,PRD01046,1,946.12,0.0,946.12,526.29,UPI,Regular
SAL20250012544,2025-02-23,STR006,PRD00387,1,446.12,0.05,423.81,248.3,Cash,Premium
SAL20250012545,2025-02-03,STR003,PRD01119,2,9164.59,0.1,16496.26,8756.8,UPI,Walk-in
SAL20250012546,2025-02-05,STR035,PRD00584,3,232.29,0.0,696.87,427.05,Debit Card,Premium
SAL20250012547,2025-02-12,STR039,PRD00126,1,8140.39,0.0,8140.39,6131.32,Credit Card,Walk-in
SAL20250012548,2025-02-05,STR012,PRD00152,3,8357.62,0.1,22565.57,16265.46,Credit Card,Walk-in
SAL20250012549,2025-02-23,STR027,PRD00541,1,685.8,0.0,685.8,405.57,UPI,Regular
SAL20250012550,2025-02-27,STR004,PRD01047,2,844.86,0.0,1689.72,966.76,Credit Card,Regular
SAL20250012551,2025-02-10,STR026,PRD00201,1,2838.89,0.0,2838.89,1889.59,UPI,Regular
SAL20250012552,2025-02-22,STR021,PRD00295,1,1024.45,0.0,1024.45,568.49,Debit Card,Walk-in
SAL20250012553,2025-02-03,STR032,PRD00113,1,16350.49,0.0,16350.49,11876.29,Cash,Walk-in
SAL20250012554,2025-02-25,STR001,PRD00079,1,19037.37,0.0,19037.37,13485.77,Credit Card,Regular
SAL20250012555,2025-02-06,STR008,PRD00984,1,34.1,0.0,34.1,20.02,UPI,Corporate
SAL20250012556,2025-02-13,STR040,PRD00762,1,1596.23,0.1,1436.61,909.86,Credit Card,Walk-in
SAL20250012557,2025-02-07,STR007,PRD00602,3,328.03,0.0,984.09,621.84,UPI,Regular
SAL20250012558,2025-02-05,STR012,PRD00732,1,4150.55,0.0,4150.55,2648.51,UPI,Regular
SAL20250012559,2025-02-03,STR015,PRD00346,1,927.55,0.0,927.55,634.62,UPI,Premium
SAL20250012560,2025-02-22,STR040,PRD00484,1,678.16,0.0,678.16,567.54,UPI,Regular
SAL20250012561,2025-02-06,STR032,PRD00138,1,3460.02,0.0,3460.02,2661.97,UPI,Regular
SAL20250012562,2025-02-13,STR016,PRD00608,1,314.95,0.0,314.95,234.14,Cash,Regular
SAL20250012563,2025-02-05,STR009,PRD00974,1,202.7,0.0,202.7,106.76,Credit Card,Walk-in
SAL20250012564,2025-02-01,STR026,PRD00284,1,170.59,0.1,153.53,103.53,Net Banking,Premium
SAL20250012565,2025-02-25,STR035,PRD00177,1,10270.98,0.0,10270.98,7398.07,UPI,Regular
SAL20250012566,2025-02-10,STR024,PRD00929,2,3367.15,0.0,6734.3,4072.48,UPI,Regular
SAL20250012567,2025-02-28,STR018,PRD00322,4,839.74,0.05,3191.01,2349.44,Cash,Walk-in
SAL20250012568,2025-02-08,STR003,PRD00953,4,80.84,0.05,307.19,231.88,Credit Card,Regular
SAL20250012569,2025-02-09,STR012,PRD00012,1,5255.98,0.1,4730.38,4121.35,Debit Card,Regular
SAL20250012570,2025-02-20,STR025,PRD00086,1,22194.93,0.0,22194.93,15176.58,Credit Card,Walk-in
SAL20250012571,2025-02-04,STR038,PRD00615,2,478.74,0.05,909.61,678.68,Debit Card,Corporate
SAL20250012572,2025-02-08,STR008,PRD00650,1,429.23,0.0,429.23,249.31,UPI,Regular
SAL20250012573,2025-02-08,STR037,PRD00084,1,11056.09,0.05,10503.29,8293.77,Debit Card,Regular
SAL20250012574,2025-02-25,STR031,PRD00846,1,1551.36,0.0,1551.36,1102.23,UPI,Walk-in
SAL20250012575,2025-02-26,STR006,PRD00359,1,1383.56,0.0,1383.56,643.64,Credit Card,Premium
SAL20250012576,2025-02-08,STR029,PRD00230,1,11424.91,0.1,10282.42,7835.88,UPI,Regular
SAL20250012577,2025-02-03,STR038,PRD00484,1,678.16,0.0,678.16,567.54,UPI,Walk-in
SAL20250012578,2025-02-01,STR005,PRD00659,3,294.97,0.1,796.42,656.52,Debit Card,Walk-in
SAL20250012579,2025-02-08,STR034,PRD00749,2,4060.84,0.0,8121.68,4889.54,Credit Card,Regular
SAL20250012580,2025-02-07,STR009,PRD01000,1,495.66,0.0,495.66,345.87,Debit Card,Regular
SAL20250012581,2025-02-19,STR036,PRD00387,1,446.12,0.05,423.81,248.3,Debit Card,Regular
SAL20250012582,2025-02-02,STR040,PRD00424,2,428.73,0.0,857.46,754.48,Credit Card,Regular
SAL20250012583,2025-02-26,STR012,PRD01180,3,9129.62,0.0,27388.86,12731.43,UPI,Regular
SAL20250012584,2025-02-12,STR038,PRD01007,1,886.03,0.0,886.03,502.38,UPI,Regular
SAL20250012585,2025-02-22,STR013,PRD00874,3,3195.38,0.0,9586.14,6997.44,UPI,Walk-in
SAL20250012586,2025-02-11,STR028,PRD01067,2,922.58,0.0,1845.16,1129.68,Debit Card,Walk-in
SAL20250012587,2025-02-21,STR039,PRD00527,2,938.3,0.0,1876.6,1482.54,UPI,Walk-in
SAL20250012588,2025-02-06,STR016,PRD00946,3,937.06,0.0,2811.18,1576.74,Debit Card,Corporate
SAL20250012589,2025-02-03,STR032,PRD00632,1,758.72,0.0,758.72,430.06,UPI,Regular
SAL20250012590,2025-02-18,STR001,PRD00554,2,805.55,0.05,1530.54,932.82,Credit Card,Premium
SAL20250012591,2025-02-07,STR007,PRD00302,3,486.18,0.0,1458.54,675.27,UPI,Regular
SAL20250012592,2025-02-03,STR010,PRD00012,1,5255.98,0.0,5255.98,4121.35,Net Banking,Walk-in
SAL20250012593,2025-02-12,STR027,PRD00503,1,634.01,0.05,602.31,525.79,UPI,Walk-in
SAL20250012594,2025-02-14,STR038,PRD00055,1,18236.77,0.0,18236.77,12233.04,UPI,Walk-in
SAL20250012595,2025-02-13,STR037,PRD00061,2,7691.1,0.0,15382.2,10619.72,Credit Card,Premium
SAL20250012596,2025-02-18,STR030,PRD00042,1,15775.49,0.0,15775.49,11939.67,UPI,Regular
SAL20250012597,2025-02-20,STR027,PRD00370,3,676.23,0.0,2028.69,1353.99,UPI,Premium
SAL20250012598,2025-02-28,STR019,PRD00338,1,1223.61,0.0,1223.61,688.23,Credit Card,Regular
SAL20250012599,2025-02-16,STR022,PRD00789,4,4846.68,0.0,19386.72,11739.64,UPI,Regular
SAL20250012600,2025-02-07,STR016,PRD00175,1,11344.22,0.0,11344.22,7434.87,UPI,Walk-in
SAL20250012601,2025-02-06,STR020,PRD00784,1,1985.25,0.0,1985.25,1302.04,Net Banking,Regular
SAL20250012602,2025-02-08,STR009,PRD01140,4,5750.16,0.0,23000.64,13265.84,UPI,Premium
SAL20250012603,2025-02-04,STR021,PRD00723,2,1757.3,0.0,3514.6,2195.92,UPI,Corporate
SAL20250012604,2025-02-01,STR008,PRD01088,1,4543.5,0.0,4543.5,1992.55,UPI,Regular
SAL20250012605,2025-02-24,STR026,PRD00659,1,294.97,0.0,294.97,218.84,Net Banking,Walk-in
SAL20250012606,2025-02-13,STR038,PRD00069,1,11744.39,0.0,11744.39,7701.34,UPI,Regular
SAL20250012607,2025-02-10,STR016,PRD01084,2,10498.54,0.1,18897.37,8422.78,UPI,Regular
SAL20250012608,2025-02-12,STR022,PRD00870,1,2808.24,0.0,2808.24,1618.68,Debit Card,Walk-in
SAL20250012609,2025-02-15,STR010,PRD00100,1,14294.81,0.0,14294.81,9774.86,Debit Card,Regular
SAL20250012610,2025-02-22,STR033,PRD00091,1,21335.5,0.0,21335.5,15504.58,UPI,Regular
SAL20250012611,2025-02-11,STR012,PRD00440,1,366.81,0.0,366.81,320.83,Credit Card,Regular
SAL20250012612,2025-02-05,STR010,PRD00621,4,335.41,0.0,1341.64,941.72,Credit Card,Regular
SAL20250012613,2025-02-13,STR027,PRD00821,1,2784.44,0.0,2784.44,1582.41,UPI,Regular
SAL20250012614,2025-02-20,STR020,PRD00710,4,4042.5,0.0,16170.0,8895.96,Credit Card,Regular
SAL20250012615,2025-02-20,STR038,PRD00183,1,6835.62,0.0,6835.62,4488.56,Debit Card,Regular
SAL20250012616,2025-02-28,STR005,PRD01174,4,4967.43,0.0,19869.72,10659.88,Cash,Regular
SAL20250012617,2025-02-25,STR031,PRD01072,4,354.49,0.0,1417.96,880.0,Net Banking,Regular
SAL20250012618,2025-02-05,STR025,PRD00826,2,174.23,0.0,348.46,240.4,Credit Card,Regular
SAL20250012619,2025-02-08,STR034,PRD01044,1,762.23,0.0,762.23,544.48,UPI,Regular
SAL20250012620,2025-02-07,STR017,PRD00440,1,366.81,0.0,366.81,320.83,Debit Card,Walk-in
SAL20250012621,2025-02-16,STR027,PRD01045,2,910.12,0.0,1820.24,942.48,Debit Card,Regular
SAL20250012622,2025-02-21,STR035,PRD01035,10,199.19,0.05,1892.31,1250.7,UPI,Walk-in
SAL20250012623,2025-02-20,STR004,PRD01002,2,98.3,0.0,196.6,111.38,Credit Card,Premium
SAL20250012624,2025-02-02,STR030,PRD00299,1,1362.69,0.0,1362.69,823.3,UPI,Regular
SAL20250012625,2025-02-17,STR003,PRD00701,2,4774.16,0.0,9548.32,6126.52,Credit Card,Regular
SAL20250012626,2025-02-28,STR013,PRD00008,1,14817.35,0.05,14076.48,10393.47,Credit Card,Walk-in
SAL20250012627,2025-02-06,STR035,PRD00492,2,431.72,0.05,820.27,724.08,UPI,Corporate
SAL20250012628,2025-02-24,STR028,PRD00461,3,198.22,0.0,594.66,508.35,Cash,Regular
SAL20250012629,2025-02-18,STR038,PRD00589,4,435.23,0.0,1740.92,1016.16,UPI,Walk-in
SAL20250012630,2025-02-11,STR039,PRD01045,1,910.12,0.0,910.12,471.24,Credit Card,Corporate
SAL20250012631,2025-02-05,STR009,PRD01052,2,462.25,0.0,924.5,646.0,Credit Card,Corporate
SAL20250012632,2025-02-24,STR003,PRD00361,4,1524.53,0.0,6098.12,3302.8,Debit Card,Walk-in
SAL20250012633,2025-02-09,STR004,PRD00853,2,3236.74,0.1,5826.13,3736.28,Debit Card,Walk-in
SAL20250012634,2025-02-15,STR003,PRD00468,2,180.53,0.0,361.06,296.64,UPI,Walk-in
SAL20250012635,2025-02-24,STR027,PRD00947,6,413.13,0.05,2354.84,1248.12,Credit Card,Walk-in
SAL20250012636,2025-02-06,STR003,PRD00432,2,845.55,0.0,1691.1,1294.08,Net Banking,Regular
SAL20250012637,2025-02-21,STR024,PRD00984,1,34.1,0.0,34.1,20.02,Debit Card,Regular
SAL20250012638,2025-02-28,STR037,PRD00076,2,13611.14,0.0,27222.28,21451.14,UPI,Walk-in
SAL20250012639,2025-02-03,STR011,PRD00164,1,7383.75,0.0,7383.75,4728.61,UPI,Walk-in
SAL20250012640,2025-02-02,STR008,PRD01159,2,3270.67,0.0,6541.34,2998.52,UPI,Walk-in
SAL20250012641,2025-02-28,STR022,PRD00108,1,22607.14,0.0,22607.14,15802.22,Credit Card,Regular
SAL20250012642,2025-02-13,STR035,PRD00410,4,245.81,0.0,983.24,771.04,Cash,Regular
SAL20250012643,2025-02-22,STR008,PRD00429,1,725.58,0.1,653.02,550.01,Cash,Corporate
SAL20250012644,2025-02-20,STR010,PRD01017,10,1092.19,0.0,10921.9,5916.9,UPI,Regular
SAL20250012645,2025-02-05,STR001,PRD00317,1,1393.76,0.0,1393.76,799.47,Cash,Corporate
SAL20250012646,2025-02-07,STR029,PRD00191,1,7660.03,0.0,7660.03,5198.25,Debit Card,Regular
SAL20250012647,2025-02-13,STR039,PRD00349,4,152.26,0.0,609.04,335.48,Credit Card,Regular
SAL20250012648,2025-02-08,STR022,PRD00199,1,1863.27,0.0,1863.27,1335.3,UPI,Walk-in
SAL20250012649,2025-02-10,STR019,PRD00398,4,358.79,0.0,1435.16,693.4,Credit Card,Regular
SAL20250012650,2025-02-03,STR013,PRD00160,1,7937.44,0.0,7937.44,4808.49,UPI,Regular
SAL20250012651,2025-02-19,STR038,PRD00175,1,11344.22,0.0,11344.22,7434.87,Credit Card,Walk-in
SAL20250012652,2025-02-03,STR029,PRD00973,2,291.44,0.0,582.88,313.82,UPI,Regular
SAL20250012653,2025-02-18,STR027,PRD00558,2,353.1,0.05,670.89,486.6,UPI,Regular
SAL20250012654,2025-02-14,STR036,PRD00091,2,21335.5,0.0,42671.0,31009.16,UPI,Regular
SAL20250012655,2025-02-21,STR019,PRD00788,3,3329.23,0.1,8988.92,6315.6,Debit Card,Walk-in
SAL20250012656,2025-02-08,STR022,PRD00566,3,655.12,0.0,1965.36,1269.36,UPI,Regular
SAL20250012657,2025-02-17,STR028,PRD00500,6,936.13,0.0,5616.78,4545.18,UPI,Corporate
SAL20250012658,2025-02-20,STR011,PRD01165,1,6335.51,0.0,6335.51,3028.69,Cash,Regular
SAL20250012659,2025-02-12,STR005,PRD00289,2,1047.34,0.0,2094.68,1214.0,UPI,Regular
SAL20250012660,2025-02-17,STR041,PRD00890,1,891.3,0.0,891.3,535.93,Debit Card,Walk-in
SAL20250012661,2025-02-21,STR034,PRD00399,1,1354.99,0.05,1287.24,647.13,UPI,Regular
SAL20250012662,2025-02-27,STR035,PRD00561,3,111.53,0.0,334.59,226.47,UPI,Corporate
SAL20250012663,2025-02-08,STR041,PRD00742,1,3993.24,0.1,3593.92,2368.26,UPI,Regular
SAL20250012664,2025-02-18,STR016,PRD00433,1,1065.88,0.0,1065.88,861.75,UPI,Walk-in
SAL20250012665,2025-02-17,STR028,PRD00812,3,3142.68,0.0,9428.04,5469.9,Debit Card,Walk-in
SAL20250012666,2025-02-28,STR027,PRD01124,2,4813.39,0.0,9626.78,4355.5,UPI,Premium
SAL20250012667,2025-02-23,STR030,PRD00216,1,11614.64,0.05,11033.91,7226.78,UPI,Walk-in
SAL20250012668,2025-02-06,STR027,PRD01009,4,52.33,0.0,209.32,117.56,UPI,Walk-in
SAL20250012669,2025-02-13,STR032,PRD00304,1,1052.14,0.0,1052.14,723.81,UPI,Walk-in
SAL20250012670,2025-02-21,STR001,PRD00953,1,80.84,0.0,80.84,57.97,Credit Card,Walk-in
SAL20250012671,2025-02-18,STR005,PRD01174,1,4967.43,0.0,4967.43,2664.97,UPI,Premium
SAL20250012672,2025-02-15,STR025,PRD00854,1,2355.83,0.0,2355.83,1467.93,UPI,Walk-in
SAL20250012673,2025-02-28,STR005,PRD00051,1,18906.15,0.0,18906.15,13812.18,Debit Card,Corporate
SAL20250012674,2025-02-20,STR010,PRD00599,4,273.52,0.0,1094.08,757.48,Cash,Regular
SAL20250012675,2025-02-13,STR035,PRD01003,4,278.9,0.0,1115.6,585.28,UPI,Walk-in
SAL20250012676,2025-02-14,STR007,PRD00814,2,3265.17,0.0,6530.34,3778.74,UPI,Regular
SAL20250012677,2025-02-21,STR004,PRD00093,1,12459.16,0.0,12459.16,9704.07,UPI,Walk-in
SAL20250012678,2025-02-07,STR020,PRD00456,1,215.04,0.0,215.04,169.99,Debit Card,Walk-in
SAL20250012679,2025-02-13,STR002,PRD00060,1,15273.35,0.0,15273.35,10531.53,Debit Card,Regular
SAL20250012680,2025-02-14,STR001,PRD00980,1,608.25,0.0,608.25,362.26,Credit Card,Premium
SAL20250012681,2025-02-13,STR021,PRD01060,4,277.54,0.05,1054.65,793.4,Cash,Regular
SAL20250012682,2025-02-10,STR006,PRD00858,1,1066.62,0.0,1066.62,695.16,Debit Card,Regular
SAL20250012683,2025-02-13,STR031,PRD00493,2,517.33,0.0,1034.66,893.0,Credit Card,Regular
SAL20250012684,2025-02-15,STR006,PRD00588,1,125.09,0.05,118.84,90.39,Debit Card,Walk-in
SAL20250012685,2025-02-19,STR008,PRD00115,2,5778.27,0.0,11556.54,8352.34,Credit Card,Premium
SAL20250012686,2025-02-19,STR002,PRD00586,1,648.21,0.0,648.21,440.01,Debit Card,Regular
SAL20250012687,2025-02-28,STR036,PRD00233,1,9134.67,0.0,9134.67,7104.84,Cash,Regular
SAL20250012688,2025-02-02,STR036,PRD00451,3,641.37,0.0,1924.11,1515.69,UPI,Walk-in
SAL20250012689,2025-02-11,STR033,PRD00876,2,2635.68,0.0,5271.36,3596.76,Debit Card,Regular
SAL20250012690,2025-02-24,STR015,PRD01004,2,128.91,0.05,244.93,131.86,Credit Card,Walk-in
SAL20250012691,2025-02-13,STR038,PRD00846,2,1551.36,0.0,3102.72,2204.46,Credit Card,Premium
SAL20250012692,2025-02-13,STR018,PRD00494,3,893.47,0.0,2680.41,2048.19,Debit Card,Premium
SAL20250012693,2025-02-10,STR010,PRD01072,1,354.49,0.0,354.49,220.0,UPI,Walk-in
SAL20250012694,2025-02-13,STR016,PRD01116,4,792.37,0.0,3169.48,1585.28,Credit Card,Walk-in
SAL20250012695,2025-02-01,STR021,PRD00272,1,610.52,0.0,610.52,344.72,Credit Card,Walk-in
SAL20250012696,2025-02-11,STR017,PRD01068,4,5954.4,0.0,23817.6,13980.8,UPI,Corporate
SAL20250012697,2025-02-19,STR007,PRD00586,3,648.21,0.0,1944.63,1320.03,Cash,Regular
SAL20250012698,2025-02-11,STR021,PRD00713,2,4061.86,0.0,8123.72,5875.52,Debit Card,Premium
SAL20250012699,2025-02-17,STR022,PRD00489,1,850.74,0.0,850.74,690.88,Cash,Regular
SAL20250012700,2025-02-21,STR031,PRD00770,1,1474.46,0.0,1474.46,1090.39,Credit Card,Regular
SAL20250012701,2025-02-12,STR033,PRD00707,1,2433.38,0.0,2433.38,1626.72,UPI,Regular
SAL20250012702,2025-02-12,STR041,PRD00396,1,713.53,0.0,713.53,454.7,Cash,Corporate
SAL20250012703,2025-02-04,STR021,PRD01175,1,2568.19,0.0,2568.19,1572.7,Debit Card,Regular
SAL20250012704,2025-02-15,STR033,PRD00768,1,281.0,0.0,281.0,205.1,Credit Card,Regular
SAL20250012705,2025-02-27,STR034,PRD01198,1,7043.58,0.0,7043.58,4432.23,Credit Card,Walk-in
SAL20250012706,2025-02-09,STR010,PRD00681,3,4114.63,0.0,12343.89,8088.54,UPI,Walk-in
SAL20250012707,2025-02-13,STR038,PRD00790,1,1379.35,0.0,1379.35,902.72,Debit Card,Regular
SAL20250012708,2025-02-25,STR035,PRD00028,1,4027.15,0.0,4027.15,2641.37,Credit Card,Corporate
SAL20250012709,2025-02-08,STR015,PRD00649,1,333.14,0.1,299.83,238.96,Credit Card,Regular
SAL20250012710,2025-02-22,STR036,PRD00819,1,2315.45,0.0,2315.45,1549.5,UPI,Walk-in
SAL20250012711,2025-02-24,STR014,PRD00730,2,3497.66,0.0,6995.32,5161.86,UPI,Premium
SAL20250012712,2025-02-23,STR024,PRD00830,1,1783.32,0.0,1783.32,1089.78,Cash,Walk-in
SAL20250012713,2025-02-12,STR016,PRD00180,1,3550.84,0.0,3550.84,2526.78,Cash,Premium
SAL20250012714,2025-02-12,STR028,PRD00624,3,124.7,0.05,355.39,261.24,Credit Card,Walk-in
SAL20250012715,2025-02-22,STR030,PRD01102,1,845.86,0.0,845.86,353.36,UPI,Regular
SAL20250012716,2025-02-08,STR006,PRD00562,1,671.35,0.1,604.22,471.47,UPI,Regular
SAL20250012717,2025-02-25,STR015,PRD00939,4,463.84,0.0,1855.36,969.36,Credit Card,Premium
SAL20250012718,2025-02-22,STR034,PRD00520,2,482.69,0.05,917.11,811.72,UPI,Premium
SAL20250012719,2025-02-21,STR013,PRD00303,2,674.18,0.0,1348.36,724.56,Cash,Regular
SAL20250012720,2025-02-18,STR040,PRD00432,3,845.55,0.0,2536.65,1941.12,UPI,Premium
SAL20250012721,2025-02-25,STR020,PRD00669,1,3235.01,0.0,3235.01,1886.76,UPI,Premium
SAL20250012722,2025-02-06,STR041,PRD00741,1,2848.85,0.0,2848.85,2028.89,Debit Card,Walk-in
SAL20250012723,2025-02-27,STR022,PRD00463,2,933.21,0.05,1773.1,1494.94,Credit Card,Regular
SAL20250012724,2025-02-09,STR002,PRD00631,2,725.12,0.0,1450.24,838.92,Credit Card,Corporate
SAL20250012725,2025-02-12,STR006,PRD00743,1,1675.83,0.0,1675.83,1131.56,UPI,Regular
SAL20250012726,2025-02-17,STR021,PRD00314,1,610.16,0.0,610.16,372.41,UPI,Premium
SAL20250012727,2025-02-14,STR031,PRD00402,10,947.11,0.0,9471.1,8180.6,UPI,Regular
SAL20250012728,2025-02-15,STR031,PRD01117,2,2651.1,0.0,5302.2,2893.6,UPI,Regular
SAL20250012729,2025-02-26,STR034,PRD00582,3,535.32,0.05,1525.66,1155.0,UPI,Regular
SAL20250012730,2025-02-10,STR040,PRD00107,1,4985.79,0.0,4985.79,3483.71,UPI,Walk-in
SAL20250012731,2025-02-24,STR026,PRD00138,1,3460.02,0.0,3460.02,2661.97,Cash,Walk-in
SAL20250012732,2025-02-05,STR009,PRD00442,2,148.56,0.0,297.12,239.4,UPI,Regular
SAL20250012733,2025-02-08,STR027,PRD00993,2,168.95,0.0,337.9,173.84,Credit Card,Walk-in
SAL20250012734,2025-02-04,STR025,PRD00864,2,1725.02,0.05,3277.54,2236.12,UPI,Walk-in
SAL20250012735,2025-02-06,STR020,PRD01185,2,2223.59,0.05,4224.82,1849.7,Credit Card,Premium
SAL20250012736,2025-02-07,STR011,PRD00681,1,4114.63,0.0,4114.63,2696.18,Cash,Regular
SAL20250012737,2025-02-11,STR041,PRD00866,1,1023.05,0.0,1023.05,622.37,UPI,Regular
SAL20250012738,2025-02-02,STR013,PRD00342,2,1186.13,0.0,2372.26,1396.34,Credit Card,Walk-in
SAL20250012739,2025-02-20,STR028,PRD00870,1,2808.24,0.0,2808.24,1618.68,UPI,Regular
SAL20250012740,2025-02-10,STR019,PRD00236,2,5591.1,0.0,11182.2,7979.56,Credit Card,Walk-in
SAL20250012741,2025-02-17,STR040,PRD00043,1,22998.01,0.0,22998.01,15302.97,UPI,Regular
SAL20250012742,2025-02-09,STR017,PRD01095,1,4795.88,0.0,4795.88,2620.97,Credit Card,Walk-in
SAL20250012743,2025-02-20,STR015,PRD00004,1,18331.36,0.0,18331.36,14741.73,Debit Card,Premium
SAL20250012744,2025-02-04,STR004,PRD00689,2,492.79,0.0,985.58,665.66,UPI,Corporate
SAL20250012745,2025-02-24,STR039,PRD00626,1,125.9,0.0,125.9,75.93,Debit Card,Walk-in
SAL20250012746,2025-02-11,STR025,PRD01157,1,8076.82,0.0,8076.82,4265.41,Credit Card,Walk-in
SAL20250012747,2025-02-15,STR022,PRD01072,1,354.49,0.05,336.77,220.0,Credit Card,Regular
SAL20250012748,2025-02-22,STR002,PRD00889,2,2052.09,0.0,4104.18,2948.3,Debit Card,Premium
SAL20250012749,2025-02-10,STR022,PRD01146,1,2954.25,0.0,2954.25,1488.77,Debit Card,Premium
SAL20250012750,2025-02-01,STR023,PRD00971,2,604.86,0.0,1209.72,613.34,Credit Card,Regular
SAL20250012751,2025-02-12,STR024,PRD00255,2,3159.1,0.05,6002.29,4566.54,UPI,Corporate
SAL20250012752,2025-02-23,STR005,PRD00741,1,2848.85,0.0,2848.85,2028.89,UPI,Premium
SAL20250012753,2025-02-16,STR031,PRD00529,4,569.27,0.0,2277.08,1961.24,Cash,Regular
SAL20250012754,2025-02-26,STR028,PRD00978,6,172.32,0.0,1033.92,643.92,Credit Card,Walk-in
SAL20250012755,2025-02-01,STR004,PRD00402,3,947.11,0.1,2557.2,2454.18,Cash,Regular
SAL20250012756,2025-02-26,STR041,PRD00982,4,104.72,0.0,418.88,233.36,UPI,Regular
SAL20250012757,2025-02-05,STR036,PRD00102,1,21236.57,0.0,21236.57,16141.17,UPI,Premium
SAL20250012758,2025-02-13,STR027,PRD00090,1,8184.6,0.0,8184.6,5556.86,UPI,Premium
SAL20250012759,2025-02-20,STR033,PRD00729,1,3595.95,0.0,3595.95,2557.72,UPI,Regular
SAL20250012760,2025-02-17,STR015,PRD00611,4,51.03,0.05,193.91,151.24,UPI,Premium
SAL20250012761,2025-02-20,STR013,PRD00535,4,314.95,0.0,1259.8,897.12,UPI,Premium
SAL20250012762,2025-02-07,STR026,PRD00298,3,1012.57,0.0,3037.71,1998.36,Credit Card,Walk-in
SAL20250012763,2025-02-02,STR001,PRD00041,1,19732.0,0.0,19732.0,14953.27,UPI,Premium
SAL20250012764,2025-02-18,STR031,PRD00841,2,1965.17,0.0,3930.34,2676.52,Credit Card,Walk-in
SAL20250012765,2025-02-15,STR013,PRD00431,1,614.87,0.0,614.87,521.2,UPI,Walk-in
SAL20250012766,2025-02-24,STR013,PRD00463,5,933.21,0.0,4666.05,3737.35,Credit Card,Regular
SAL20250012767,2025-02-01,STR016,PRD00536,3,393.56,0.0,1180.68,812.85,UPI,Walk-in
SAL20250012768,2025-02-12,STR004,PRD00220,1,5859.46,0.0,5859.46,4561.44,UPI,Walk-in
SAL20250012769,2025-02-22,STR041,PRD00451,10,641.37,0.05,6093.01,5052.3,UPI,Premium
SAL20250012770,2025-02-01,STR004,PRD00911,1,807.88,0.0,807.88,602.2,Credit Card,Regular
SAL20250012771,2025-02-12,STR024,PRD00074,1,17249.82,0.0,17249.82,11809.64,Debit Card,Premium
SAL20250012772,2025-02-13,STR012,PRD00356,3,1354.34,0.05,3859.87,2202.54,UPI,Walk-in
SAL20250012773,2025-02-19,STR022,PRD00979,3,62.69,0.0,188.07,112.29,Credit Card,Premium
SAL20250012774,2025-02-06,STR039,PRD00214,1,9551.75,0.0,9551.75,6869.66,UPI,Regular
SAL20250012775,2025-02-17,STR004,PRD00332,1,556.82,0.1,501.14,272.93,UPI,Regular
SAL20250012776,2025-02-24,STR007,PRD00813,3,3086.68,0.05,8797.04,6028.23,UPI,Walk-in
SAL20250012777,2025-02-08,STR004,PRD01113,1,4340.13,0.0,4340.13,2015.92,UPI,Regular
SAL20250012778,2025-02-02,STR030,PRD01145,3,3609.72,0.0,10829.16,6240.63,Debit Card,Regular
SAL20250012779,2025-02-02,STR034,PRD00675,1,1206.06,0.0,1206.06,758.43,UPI,Walk-in
SAL20250012780,2025-02-04,STR029,PRD00881,3,802.33,0.0,2406.99,1600.53,Cash,Walk-in
SAL20250012781,2025-02-19,STR040,PRD00092,1,6575.52,0.0,6575.52,4677.68,Credit Card,Premium
SAL20250012782,2025-02-01,STR040,PRD00027,1,21177.44,0.0,21177.44,15886.64,UPI,Regular
SAL20250012783,2025-02-28,STR037,PRD00597,2,765.55,0.1,1377.99,887.64,UPI,Walk-in
SAL20250012784,2025-02-06,STR019,PRD00388,2,522.1,0.1,939.78,512.98,Credit Card,Walk-in
SAL20250012785,2025-02-24,STR010,PRD00693,1,2512.22,0.0,2512.22,1671.42,Net Banking,Regular
SAL20250016144,2025-02-06,STR036,PRD00320,1,273.23,0.0,273.23,149.99,UPI,Premium
SAL20250012787,2025-02-24,STR016,PRD00628,1,365.09,0.0,365.09,210.81,Credit Card,Walk-in
SAL20250012788,2025-02-12,STR030,PRD00392,1,436.74,0.0,436.74,242.28,Credit Card,Walk-in
SAL20250012789,2025-02-20,STR037,PRD00670,1,3171.53,0.0,3171.53,1914.92,Debit Card,Regular
SAL20250012790,2025-02-19,STR026,PRD01020,1,560.55,0.0,560.55,361.97,Cash,Regular
SAL20250012791,2025-02-15,STR015,PRD00840,2,2736.67,0.0,5473.34,3364.16,UPI,Regular
SAL20250012792,2025-02-21,STR013,PRD00664,2,181.84,0.0,363.68,218.42,Credit Card,Walk-in
SAL20250012793,2025-02-23,STR009,PRD00159,1,4881.58,0.0,4881.58,3676.52,UPI,Regular
SAL20250012794,2025-02-03,STR006,PRD00477,1,121.21,0.0,121.21,97.66,Net Banking,Walk-in
SAL20250012795,2025-02-26,STR023,PRD00751,3,3034.29,0.1,8192.58,5821.08,Credit Card,Walk-in
SAL20250012796,2025-02-06,STR009,PRD00672,2,4427.9,0.0,8855.8,6027.68,UPI,Walk-in
SAL20250012797,2025-02-09,STR005,PRD01087,1,7006.0,0.0,7006.0,3419.72,Net Banking,Regular
SAL20250012798,2025-02-09,STR036,PRD01132,2,7393.47,0.0,14786.94,7782.24,Credit Card,Walk-in
SAL20250012799,2025-02-25,STR003,PRD00812,1,3142.68,0.0,3142.68,1823.3,UPI,Walk-in
SAL20250012800,2025-02-13,STR039,PRD01160,2,7696.75,0.0,15393.5,6981.68,Cash,Walk-in
SAL20250012801,2025-02-28,STR024,PRD00999,2,1102.59,0.0,2205.18,1173.7,UPI,Premium
SAL20250012802,2025-02-05,STR020,PRD00971,10,604.86,0.1,5443.74,3066.7,UPI,Walk-in
SAL20250012803,2025-02-27,STR029,PRD00980,1,608.25,0.0,608.25,362.26,Credit Card,Regular
SAL20250012804,2025-02-21,STR038,PRD00615,2,478.74,0.1,861.73,678.68,UPI,Walk-in
SAL20250012805,2025-02-01,STR026,PRD00892,3,2494.33,0.05,7108.84,5226.03,Cash,Regular
SAL20250012806,2025-02-08,STR012,PRD00056,1,11452.31,0.0,11452.31,8581.01,UPI,Premium
SAL20250012807,2025-02-21,STR021,PRD01122,4,6526.26,0.0,26105.04,14525.92,Credit Card,Walk-in
SAL20250012808,2025-02-05,STR005,PRD00293,2,859.61,0.0,1719.22,885.0,Net Banking,Regular
SAL20250012809,2025-02-08,STR037,PRD01132,2,7393.47,0.0,14786.94,7782.24,Credit Card,Regular
SAL20250012810,2025-02-21,STR011,PRD00207,1,9083.73,0.1,8175.36,6742.14,Cash,Regular
SAL20250012811,2025-02-20,STR012,PRD00309,3,1344.75,0.0,4034.25,1911.45,Credit Card,Regular
SAL20250012812,2025-02-26,STR018,PRD00897,1,3626.87,0.1,3264.18,2369.21,Credit Card,Premium
SAL20250012813,2025-02-11,STR036,PRD00272,3,610.52,0.0,1831.56,1034.16,UPI,Regular
SAL20250012814,2025-02-07,STR012,PRD00803,1,2033.91,0.1,1830.52,1224.74,Cash,Regular
SAL20250012815,2025-02-23,,PRD00621,3,335.41,0.0,1006.23,706.29,Debit Card,Regular
SAL20250012816,2025-02-04,STR006,PRD00091,1,21335.5,0.0,21335.5,15504.58,Debit Card,Premium
SAL20250012817,2025-02-07,STR041,PRD00909,1,1266.46,0.0,1266.46,869.48,Debit Card,Walk-in
SAL20250012818,2025-02-13,STR008,PRD00990,1,577.78,0.0,577.78,350.79,Cash,Walk-in
SAL20250012819,2025-02-17,STR014,PRD00283,1,917.06,0.0,917.06,431.47,Net Banking,Walk-in
SAL20250012820,2025-02-25,STR032,PRD00611,2,51.03,0.05,96.96,75.62,Credit Card,Walk-in
SAL20250012821,2025-02-03,STR040,PRD01009,1,52.33,0.0,52.33,29.39,Credit Card,Regular
SAL20250012822,2025-02-07,STR029,PRD00780,1,1384.22,0.0,1384.22,888.86,UPI,Regular
SAL20250012823,2025-02-15,STR026,PRD00486,3,161.3,0.0,483.9,370.65,UPI,Regular
SAL20250012824,2025-02-26,STR022,PRD00525,5,76.55,0.1,344.48,332.25,UPI,Walk-in
SAL20250012825,2025-02-03,STR024,PRD00204,1,3776.34,0.0,3776.34,2580.11,UPI,Walk-in
SAL20250012826,2025-02-21,STR035,PRD01065,1,936.71,0.1,843.04,478.36,UPI,Regular
SAL20250012827,2025-02-03,STR016,PRD00668,2,302.1,0.0,604.2,433.08,Cash,Regular
SAL20250012828,2025-02-13,STR027,PRD01006,2,849.47,0.0,1698.94,1213.38,Credit Card,Walk-in
SAL20250012829,2025-02-14,STR033,PRD00531,1,217.65,0.0,217.65,182.2,UPI,Premium
SAL20250012830,2025-02-26,STR019,PRD00800,2,478.19,0.0,956.38,649.18,UPI,Regular
SAL20250012831,2025-02-13,STR012,PRD00274,1,920.1,0.0,920.1,425.76,Cash,Walk-in
SAL20250012832,2025-02-23,STR031,PRD00015,1,3619.87,0.05,3438.88,2931.59,UPI,Regular
SAL20250012833,2025-02-10,STR013,PRD00627,1,670.0,0.0,670.0,403.71,UPI,Regular
SAL20250012834,2025-02-04,STR033,PRD01122,1,6526.26,0.0,6526.26,3631.48,UPI,Walk-in
SAL20250012835,2025-02-09,STR010,PRD00100,1,14294.81,0.05,13580.07,9774.86,Net Banking,Walk-in
SAL20250012836,2025-02-22,STR035,PRD00785,2,4604.98,0.0,9209.96,5509.66,Credit Card,Regular
SAL20250012837,2025-02-20,STR024,PRD00933,3,3527.61,0.0,10582.83,6540.9,Debit Card,Premium
SAL20250012838,2025-02-01,STR007,PRD00004,1,18331.36,0.0,18331.36,14741.73,Cash,Regular
SAL20250012839,2025-02-09,STR031,PRD00846,1,1551.36,0.0,1551.36,1102.23,Debit Card,Regular
SAL20250012840,2025-02-16,STR008,PRD00836,1,605.3,0.0,605.3,408.12,Debit Card,Regular
SAL20250012841,2025-02-16,STR019,PRD00291,2,469.9,0.1,845.82,559.52,UPI,Walk-in
SAL20250012842,2025-02-07,STR041,PRD00464,3,598.64,0.05,1706.12,1375.47,Credit Card,Walk-in
SAL20250012843,2025-02-19,STR005,PRD00614,2,52.25,0.0,104.5,68.56,Cash,Corporate
SAL20250012844,2025-02-02,STR026,PRD00046,1,12754.14,0.0,12754.14,8397.4,Debit Card,Regular
SAL20250012845,2025-02-12,STR038,PRD00561,3,111.53,0.1,301.13,226.47,Debit Card,Walk-in
SAL20250012846,2025-02-19,STR007,PRD00665,1,157.57,0.0,157.57,103.14,Debit Card,Regular
SAL20250012847,2025-02-21,STR033,PRD00848,1,2441.1,0.0,2441.1,1616.32,UPI,Premium
SAL20250012848,2025-02-21,STR026,PRD01192,2,7158.24,0.05,13600.66,8131.96,UPI,Corporate
SAL20250012849,2025-02-23,STR035,PRD00368,1,927.52,0.05,881.14,587.93,UPI,Walk-in
SAL20250012850,2025-02-21,STR026,PRD00216,1,11614.64,0.0,11614.64,7226.78,UPI,Regular
SAL20250012851,2025-02-11,STR038,PRD00599,3,273.52,0.05,779.53,568.11,Credit Card,Regular
SAL20250012852,2025-02-18,STR013,PRD00706,1,3862.25,0.0,3862.25,2444.01,Credit Card,Walk-in
SAL20250012853,2025-02-28,STR016,PRD00418,6,378.6,0.0,2271.6,1892.58,UPI,Walk-in
SAL20250012854,2025-02-15,STR012,PRD00904,4,2811.36,0.0,11245.44,7439.88,Credit Card,Corporate
SAL20250012855,2025-02-24,STR031,PRD00144,1,7333.73,0.0,7333.73,4964.07,UPI,Regular
SAL20250012856,2025-02-28,STR028,PRD00735,1,2710.38,0.0,2710.38,1616.28,UPI,Regular
SAL20250012857,2025-02-26,STR019,PRD00773,2,733.06,0.0,1466.12,1036.9,UPI,Walk-in
SAL20250012858,2025-02-27,STR018,PRD00095,1,18324.65,0.0,18324.65,13913.8,Credit Card,Regular
SAL20250012859,2025-02-03,STR038,PRD00362,1,1120.03,0.0,1120.03,532.51,UPI,Regular
SAL20250012860,2025-02-13,STR037,PRD00215,2,9358.07,0.0,18716.14,13050.3,Debit Card,Regular
SAL20250012861,2025-02-06,STR025,PRD00702,1,1394.73,0.0,1394.73,988.64,Debit Card,Premium
SAL20250012862,2025-02-04,STR014,PRD00900,1,3167.3,0.0,3167.3,1961.05,Debit Card,Walk-in
SAL20250012863,2025-02-07,STR037,PRD00615,1,478.74,0.0,478.74,339.34,UPI,Corporate
SAL20250012864,2025-02-18,STR017,PRD00041,3,19732.0,0.0,59196.0,44859.81,Debit Card,Corporate
SAL20250012865,2025-02-12,STR035,PRD00784,1,1985.25,0.0,1985.25,1302.04,UPI,Regular
SAL20250012866,2025-02-18,STR008,PRD00635,5,332.03,0.0,1660.15,1036.5,Debit Card,Walk-in
SAL20250012867,2025-02-26,STR034,PRD00294,1,1047.83,0.0,1047.83,653.04,Debit Card,Premium
SAL20250012868,2025-02-28,STR032,PRD00733,2,3579.07,0.0,7158.14,4373.94,UPI,Premium
SAL20250012869,2025-02-14,STR011,PRD00344,1,702.67,0.05,667.54,433.6,UPI,Regular
SAL20250012870,2025-02-02,STR032,PRD00629,1,197.41,0.05,187.54,137.09,UPI,Regular
SAL20250012871,2025-02-23,STR003,PRD00244,1,9135.72,0.1,8222.15,5766.93,UPI,Regular
SAL20250012872,2025-02-04,STR012,PRD00695,1,2280.88,0.0,2280.88,1276.46,Cash,Walk-in
SAL20250012873,2025-02-23,STR034,PRD00575,1,90.77,0.0,90.77,67.08,UPI,Regular
SAL20250012874,2025-02-26,STR010,PRD00997,10,893.9,0.0,8939.0,6246.9,UPI,Regular
SAL20250012875,2025-02-11,STR010,PRD00514,5,1177.91,0.0,5889.55,4571.65,Credit Card,Walk-in
SAL20250012876,2025-02-19,STR011,PRD00351,1,802.18,0.05,762.07,503.24,UPI,Regular
SAL20250012877,2025-02-24,STR002,PRD00935,1,821.43,0.0,821.43,586.1,Credit Card,Regular
SAL20250012878,2025-02-17,STR029,PRD01134,4,5914.46,0.0,23657.84,11717.28,Net Banking,Regular
SAL20250012879,2025-02-21,STR012,PRD00988,1,774.65,0.1,697.18,532.5,UPI,Walk-in
SAL20250012880,2025-02-23,STR028,PRD00407,4,687.91,0.0,2751.64,2133.6,UPI,Corporate
SAL20250012881,2025-02-25,STR016,PRD00467,1,528.8,0.0,528.8,453.05,UPI,Walk-in
SAL20250012882,2025-02-17,STR024,PRD00339,2,831.47,0.0,1662.94,996.34,UPI,Regular
SAL20250012883,2025-02-21,STR007,PRD00403,1,158.56,0.05,150.63,138.22,Debit Card,Regular
SAL20250012884,2025-02-08,STR037,PRD00938,3,622.57,0.0,1867.71,981.99,UPI,Regular
SAL20250012885,2025-02-10,STR024,PRD00488,1,995.48,0.0,995.48,835.86,Credit Card,Walk-in
SAL20250012886,2025-02-18,STR041,PRD00900,2,3167.3,0.0,6334.6,3922.1,Net Banking,Regular
SAL20250012887,2025-02-04,STR014,PRD00382,2,534.11,0.1,961.4,585.82,UPI,Walk-in
SAL20250012888,2025-02-11,STR018,PRD00007,1,20090.22,0.0,20090.22,15462.2,Cash,Regular
SAL20250012889,2025-02-19,STR007,PRD00663,4,109.46,0.0,437.84,251.6,UPI,Regular
SAL20250012890,2025-02-14,STR014,PRD00780,2,1384.22,0.1,2491.6,1777.72,UPI,Regular
SAL20250012891,2025-02-11,STR014,PRD01189,1,5263.0,0.0,5263.0,2237.37,UPI,Corporate
SAL20250012892,2025-02-19,STR034,PRD00445,3,417.63,0.0,1252.89,1005.81,UPI,Walk-in
SAL20250012893,2025-02-01,STR041,PRD01089,3,8670.13,0.0,26010.39,11391.06,Debit Card,Walk-in
SAL20250012894,2025-02-11,STR009,PRD01084,1,10498.54,0.0,10498.54,4211.39,Credit Card,Regular
SAL20250012895,2025-02-06,STR018,PRD00989,4,922.35,0.0,3689.4,2368.44,UPI,Regular
SAL20250012896,2025-02-08,STR017,PRD00456,2,215.04,0.0,430.08,339.98,UPI,Walk-in
SAL20250012897,2025-02-16,STR018,PRD00610,3,637.82,0.0,1913.46,1241.19,Credit Card,Walk-in
SAL20250012898,2025-02-04,STR029,PRD00571,2,201.22,0.0,402.44,286.98,Net Banking,Premium
SAL20250012899,2025-02-06,STR040,PRD01121,1,2103.52,0.1,1893.17,974.58,Debit Card,Regular
SAL20250012900,2025-02-03,STR029,PRD00007,1,20090.22,0.1,18081.2,15462.2,Credit Card,Walk-in
SAL20250012901,2025-02-24,STR019,PRD00815,1,2750.26,0.0,2750.26,1847.59,UPI,Walk-in
SAL20250012902,2025-02-20,STR020,PRD00291,1,469.9,0.0,469.9,279.76,UPI,Regular
SAL20250012903,2025-02-02,STR017,PRD00060,1,15273.35,0.0,15273.35,10531.53,Debit Card,Premium
SAL20250012904,2025-02-06,STR026,PRD00570,2,376.39,0.0,752.78,537.14,Credit Card,Regular
SAL20250012905,2025-02-23,STR024,PRD01065,1,936.71,0.0,936.71,478.36,Debit Card,Regular
SAL20250012906,2025-02-14,STR008,PRD00295,2,1024.45,0.0,2048.9,1136.98,UPI,Regular
SAL20250012907,2025-02-03,STR029,PRD00762,1,1596.23,0.0,1596.23,909.86,Debit Card,Walk-in
SAL20250012908,2025-02-18,STR016,PRD00528,10,1118.04,0.0,11180.4,9463.4,UPI,Premium
SAL20250012909,2025-02-02,STR023,PRD00348,1,1231.54,0.0,1231.54,694.06,Credit Card,Walk-in
SAL20250012910,2025-02-07,STR004,PRD00099,2,19924.5,0.0,39849.0,29716.12,Debit Card,Premium
SAL20250012911,2025-02-04,STR032,PRD00362,4,1120.03,0.0,4480.12,2130.04,Net Banking,Regular
SAL20250012912,2025-02-25,STR031,PRD00951,2,594.37,0.0,1188.74,704.76,UPI,Walk-in
SAL20250012913,2025-02-25,STR004,PRD00154,1,614.66,0.05,583.93,476.92,Credit Card,Premium
SAL20250012914,2025-02-02,STR019,PRD00922,4,953.09,0.0,3812.36,2512.64,Credit Card,Regular
SAL20250012915,2025-02-23,STR002,PRD00270,2,1213.51,0.05,2305.67,1538.12,Cash,Regular
SAL20250012916,2025-02-06,STR026,PRD00147,2,10113.79,0.0,20227.58,12598.46,Credit Card,Walk-in
SAL20250012917,2025-02-01,STR025,PRD00494,2,893.47,0.0,1786.94,1365.46,Credit Card,Regular
SAL20250012918,2025-02-08,STR021,PRD00420,2,876.02,0.1,1576.84,1485.14,UPI,Regular
SAL20250012919,2025-02-24,STR013,PRD01158,4,7747.18,0.1,27889.85,16709.12,UPI,Walk-in
SAL20250012920,2025-02-23,STR018,PRD00891,1,506.36,0.0,506.36,373.69,Credit Card,Walk-in
SAL20250012921,2025-02-02,STR002,PRD00360,1,505.68,0.0,505.68,239.22,UPI,Corporate
SAL20250012922,2025-02-11,STR036,PRD00062,1,21073.23,0.0,21073.23,13798.59,Net Banking,Premium
SAL20250012923,2025-02-13,STR011,PRD00885,1,1948.54,0.0,1948.54,1253.39,Debit Card,Regular
SAL20250012924,2025-02-10,STR010,PRD01124,1,4813.39,0.0,4813.39,2177.75,Credit Card,Regular
SAL20250012925,2025-02-26,STR015,PRD00899,1,2165.69,0.0,2165.69,1458.76,UPI,Regular
SAL20250012926,2025-02-07,STR018,PRD00981,1,76.61,0.0,76.61,54.24,UPI,Regular
SAL20250012927,2025-02-28,STR019,PRD00137,1,8245.04,0.0,8245.04,6423.44,UPI,Walk-in
SAL20250012928,2025-02-09,STR030,PRD00218,1,7357.64,0.0,7357.64,5051.02,Net Banking,Regular
SAL20250012929,2025-02-23,STR007,PRD00069,1,11744.39,0.0,11744.39,7701.34,Debit Card,Walk-in
SAL20250012930,2025-02-16,STR003,PRD00649,1,333.14,0.0,333.14,238.96,Debit Card,Regular
SAL20250012931,2025-02-24,STR026,PRD00946,1,937.06,0.0,937.06,525.58,UPI,Regular
SAL20250012932,2025-02-13,STR019,PRD00986,2,156.79,0.0,313.58,224.28,Cash,Regular
SAL20250012933,2025-02-18,STR021,PRD00989,2,922.35,0.0,1844.7,1184.22,Cash,Regular
SAL20250012934,2025-02-05,STR023,PRD00102,1,21236.57,0.0,21236.57,16141.17,UPI,Regular
SAL20250012935,2025-02-18,STR006,PRD01041,1,954.2,0.0,954.2,532.81,UPI,Regular
SAL20250012936,2025-02-08,STR036,PRD00415,1,345.23,0.05,327.97,286.19,UPI,Walk-in
SAL20250012937,2025-02-12,STR030,PRD01094,1,7758.5,0.0,7758.5,3797.17,UPI,Walk-in
SAL20250012938,2025-02-23,STR040,PRD00969,2,147.34,0.0,294.68,152.48,Cash,Walk-in
SAL20250012939,2025-02-09,STR034,PRD00338,1,1223.61,0.1,1101.25,688.23,UPI,Walk-in
SAL20250012940,2025-02-19,STR041,PRD00896,2,255.31,0.0,510.62,290.06,UPI,Regular
SAL20250012941,2025-02-05,STR005,PRD01115,3,4843.87,0.0,14531.61,7213.05,UPI,Regular
SAL20250012942,2025-02-28,STR017,PRD01173,1,1034.88,0.1,931.39,495.72,UPI,Regular
SAL20250012943,2025-02-21,STR024,PRD00812,4,3142.68,0.05,11942.18,7293.2,Credit Card,Walk-in
SAL20250012944,2025-02-27,STR024,PRD00197,1,4849.89,0.1,4364.9,3779.03,Credit Card,Walk-in
SAL20250012945,2025-02-25,STR020,PRD00994,4,1224.56,0.0,4898.24,2532.76,Net Banking,Walk-in
SAL20250012946,2025-02-23,STR031,PRD00135,1,9390.96,0.0,9390.96,6866.63,UPI,Regular
SAL20250012947,2025-02-12,STR026,PRD00062,3,21073.23,0.0,63219.69,41395.77,Credit Card,Regular
SAL20250012948,2025-02-27,STR031,PRD00836,1,605.3,0.0,605.3,408.12,UPI,Regular
SAL20250012949,2025-02-03,STR041,PRD00090,1,8184.6,0.05,7775.37,5556.86,UPI,Regular
SAL20250012950,2025-02-01,STR027,PRD00871,1,1211.65,0.0,1211.65,859.32,UPI,Regular
SAL20250012951,2025-02-24,STR019,PRD00464,1,598.64,0.0,598.64,458.49,UPI,Regular
SAL20250012952,2025-02-28,STR002,PRD00257,1,3131.42,0.0,3131.42,2145.77,UPI,Walk-in
SAL20250012953,2025-02-09,STR031,PRD00278,2,439.84,0.05,835.7,584.14,UPI,Walk-in
SAL20250012954,2025-02-18,STR007,PRD00447,2,458.65,0.0,917.3,711.32,UPI,Walk-in
SAL20250012955,2025-02-20,STR035,PRD00238,1,4984.73,0.0,4984.73,3134.78,UPI,Regular
SAL20250012956,2025-02-21,STR007,PRD00103,1,4104.09,0.0,4104.09,2941.45,Cash,Walk-in
SAL20250012957,2025-02-09,STR003,PRD00442,4,148.56,0.0,594.24,478.8,Debit Card,Walk-in
SAL20250012958,2025-02-22,STR018,PRD01125,1,3015.8,0.0,3015.8,1423.43,UPI,Regular
SAL20250012959,2025-02-27,STR033,PRD00593,1,596.07,0.0,596.07,385.84,UPI,Walk-in
SAL20250012960,2025-02-03,STR017,PRD00321,1,1442.95,0.0,1442.95,715.49,Debit Card,Walk-in
SAL20250012961,2025-02-28,STR016,PRD00477,1,121.21,0.05,115.15,97.66,Cash,Regular
SAL20250012962,2025-02-26,STR022,PRD00896,1,255.31,0.0,255.31,145.03,UPI,Regular
SAL20250012963,2025-02-10,STR026,PRD00735,1,2710.38,0.0,2710.38,1616.28,UPI,Walk-in
SAL20250012964,2025-02-26,STR027,PRD00127,2,14293.97,0.0,28587.94,21134.16,Debit Card,Regular
SAL20250012965,2025-02-01,STR014,PRD00455,3,683.36,0.05,1947.58,1690.41,Credit Card,Walk-in
SAL20250012966,2025-02-11,STR032,PRD00642,1,467.68,0.0,467.68,290.22,UPI,Walk-in
SAL20250012967,2025-02-28,STR008,PRD01053,1,481.32,0.0,481.32,312.78,Net Banking,Walk-in
SAL20250012968,2025-02-19,STR033,PRD00361,1,1524.53,0.1,1372.08,825.7,UPI,Walk-in
SAL20250012969,2025-02-15,STR008,PRD00164,3,7383.75,0.0,22151.25,14185.83,Credit Card,Walk-in
SAL20250012970,2025-02-16,STR036,PRD01097,2,4205.24,0.0,8410.48,4108.5,Credit Card,Walk-in
SAL20250012971,2025-02-06,STR002,PRD00374,1,1242.75,0.0,1242.75,738.33,UPI,Premium
SAL20250012972,2025-02-14,STR021,PRD00582,1,535.32,0.0,535.32,385.0,Cash,Regular
SAL20250012973,2025-02-28,STR022,PRD00861,1,3212.99,0.0,3212.99,1773.8,UPI,Premium
SAL20250012974,2025-02-03,STR041,PRD00156,1,1591.76,0.0,1591.76,1231.95,UPI,Walk-in
SAL20250012975,2025-02-03,STR040,PRD01144,2,2397.7,0.0,4795.4,2852.04,Cash,Walk-in
SAL20250012976,2025-02-08,STR007,PRD01009,1,52.33,0.0,52.33,29.39,Credit Card,Regular
SAL20250012977,2025-02-24,STR038,PRD00690,1,3635.92,0.1,3272.33,2397.42,Credit Card,Walk-in
SAL20250012978,2025-02-22,STR005,PRD00438,2,638.02,0.0,1276.04,973.78,Credit Card,Walk-in
SAL20250012979,2025-02-24,STR031,PRD00164,1,7383.75,0.0,7383.75,4728.61,UPI,Regular
SAL20250012980,2025-02-22,STR039,PRD00438,2,638.02,0.0,1276.04,973.78,UPI,Regular
SAL20250012981,2025-02-09,STR028,PRD00631,1,725.12,0.0,725.12,419.46,Debit Card,Walk-in
SAL20250012982,2025-02-26,STR008,PRD00403,5,158.56,0.0,792.8,691.1,Credit Card,Premium
SAL20250012983,2025-02-25,STR040,PRD00835,1,1480.55,0.05,1406.52,1008.2,UPI,Walk-in
SAL20250012984,2025-02-08,STR004,PRD00230,1,11424.91,0.0,11424.91,7835.88,Credit Card,Premium
SAL20250012985,2025-02-10,STR028,PRD00464,1,598.64,0.05,568.71,458.49,Credit Card,Walk-in
SAL20250012986,2025-02-08,STR006,PRD00003,1,810.89,0.0,810.89,534.24,UPI,Regular
SAL20250012987,2025-02-19,STR010,PRD00649,6,333.14,0.1,1798.96,1433.76,Credit Card,Walk-in
SAL20250012988,2025-02-19,STR012,PRD00140,1,6378.06,0.0,6378.06,4851.7,Debit Card,Regular
SAL20250012989,2025-02-22,STR002,PRD00137,1,8245.04,0.05,7832.79,6423.44,UPI,Regular
SAL20250012990,2025-02-28,STR038,PRD00101,2,2548.25,0.0,5096.5,3606.5,Credit Card,Premium
SAL20250012991,2025-02-15,STR001,PRD00028,1,4027.15,0.0,4027.15,2641.37,Cash,Walk-in
SAL20250012992,2025-02-17,STR023,PRD00151,1,5709.55,0.05,5424.07,3733.65,Debit Card,Regular
SAL20250012993,2025-02-01,STR015,PRD00534,2,97.09,0.0,194.18,161.18,UPI,Walk-in
SAL20250012994,2025-02-25,STR012,PRD00584,1,232.29,0.0,232.29,142.35,UPI,Regular
SAL20250012995,2025-02-02,STR016,PRD00914,2,3460.6,0.0,6921.2,4401.44,Credit Card,Walk-in
SAL20250012996,2025-02-02,STR004,PRD00611,2,51.03,0.0,102.06,75.62,UPI,Regular
SAL20250012997,2025-02-23,STR028,PRD00554,2,805.55,0.0,1611.1,932.82,Credit Card,Regular
SAL20250012998,2025-02-22,STR015,PRD00997,3,893.9,0.0,2681.7,1874.07,UPI,Walk-in
SAL20250012999,2025-02-12,STR037,PRD00575,1,90.77,0.1,81.69,67.08,Debit Card,Walk-in
SAL20250013000,2025-02-27,STR007,PRD00556,2,634.75,0.05,1206.02,941.96,UPI,Premium
SAL20250013001,2025-02-04,STR024,PRD01006,3,849.47,0.05,2420.99,1820.07,Credit Card,Regular
SAL20250013002,2025-02-18,STR018,PRD01011,3,265.01,0.0,795.03,449.07,Credit Card,Regular
SAL20250013003,2025-02-02,STR029,PRD01158,1,7747.18,0.0,7747.18,4177.28,UPI,Premium
SAL20250013004,2025-02-21,STR007,PRD01109,1,5029.33,0.0,5029.33,2768.42,Credit Card,Walk-in
SAL20250013005,2025-02-19,STR011,PRD01011,4,265.01,0.0,1060.04,598.76,Credit Card,Regular
SAL20250013006,2025-02-04,STR031,PRD00760,1,4801.08,0.0,4801.08,3172.81,UPI,Premium
SAL20250013007,2025-02-22,STR010,PRD00861,2,3212.99,0.1,5783.38,3547.6,Credit Card,Walk-in
SAL20250013008,2025-02-14,STR016,PRD00716,3,1780.84,0.1,4808.27,3022.38,Debit Card,Regular
SAL20250013009,2025-02-08,STR012,PRD00177,1,10270.98,0.0,10270.98,7398.07,UPI,Premium
SAL20250013010,2025-02-04,STR038,PRD00911,1,807.88,0.0,807.88,602.2,UPI,Walk-in
SAL20250013011,2025-02-09,STR003,PRD00457,6,726.05,0.0,4356.3,3296.34,UPI,Regular
SAL20250013012,2025-02-27,STR002,PRD00434,1,648.17,0.0,648.17,538.79,Cash,Regular
SAL20250013013,2025-02-03,STR035,PRD00255,1,3159.1,0.05,3001.14,2283.27,Cash,Regular
SAL20250013014,2025-02-02,STR032,PRD01055,4,428.04,0.0,1712.16,1066.28,Credit Card,Walk-in
SAL20250013015,2025-02-03,STR003,PRD00022,1,22149.39,0.0,22149.39,16337.37,Credit Card,Regular
SAL20250013016,2025-02-26,STR009,PRD01193,1,1712.13,0.0,1712.13,1034.91,Cash,Premium
SAL20250013017,2025-02-07,STR037,PRD00868,1,1450.33,0.0,1450.33,912.21,Cash,Walk-in
SAL20250013018,2025-02-08,STR012,PRD00690,1,3635.92,0.05,3454.12,2397.42,UPI,Regular
SAL20250013019,2025-02-15,STR019,PRD00472,1,554.85,0.0,554.85,444.9,Debit Card,Premium
SAL20250013020,2025-02-20,STR005,PRD00091,1,21335.5,0.1,19201.95,15504.58,Debit Card,Regular
SAL20250013021,2025-02-27,STR036,PRD00083,1,9369.31,0.0,9369.31,6462.27,UPI,Premium
SAL20250013022,2025-02-14,STR019,PRD00362,1,1120.03,0.1,1008.03,532.51,Credit Card,Corporate
SAL20250013023,2025-02-20,STR019,PRD00259,2,1699.09,0.0,3398.18,2466.0,Credit Card,Regular
SAL20250013024,2025-02-04,STR012,PRD00751,2,3034.29,0.0,6068.58,3880.72,UPI,Walk-in
SAL20250013025,2025-02-01,STR003,PRD00154,1,614.66,0.0,614.66,476.92,Net Banking,Regular
SAL20250013026,2025-02-20,STR022,PRD00828,2,765.4,0.05,1454.26,886.0,Debit Card,Corporate
SAL20250013027,2025-02-25,STR032,PRD01119,1,9164.59,0.0,9164.59,4378.4,UPI,Regular
SAL20250013028,2025-02-24,STR036,PRD01038,3,565.57,0.0,1696.71,910.02,Cash,Walk-in
SAL20250013029,2025-02-15,STR020,PRD01110,1,1048.97,0.1,944.07,581.11,UPI,Regular
SAL20250013030,2025-02-18,STR029,PRD00391,1,716.46,0.0,716.46,347.41,Credit Card,Walk-in
SAL20250013031,2025-02-03,STR037,PRD01080,1,1721.88,0.05,1635.79,771.73,UPI,Premium
SAL20250013032,2025-02-11,STR038,PRD00022,1,22149.39,0.1,19934.45,16337.37,Credit Card,Regular
SAL20250013033,2025-02-07,STR011,PRD00556,10,634.75,0.0,6347.5,4709.8,UPI,Walk-in
SAL20250013034,2025-02-28,STR008,PRD00528,2,1118.04,0.05,2124.28,1892.68,Debit Card,Premium
SAL20250013035,2025-02-02,STR025,PRD00572,3,728.84,0.0,2186.52,1406.52,UPI,Regular
SAL20250013036,2025-02-16,STR039,PRD00775,1,3571.78,0.0,3571.78,1976.55,UPI,Walk-in
SAL20250013037,2025-02-06,STR027,PRD00176,1,4757.11,0.0,4757.11,2887.26,Credit Card,Regular
SAL20250013038,2025-02-10,STR006,PRD00153,1,12724.66,0.0,12724.66,7922.12,Debit Card,Walk-in
SAL20250013039,2025-02-13,STR041,PRD01084,2,10498.54,0.0,20997.08,8422.78,Net Banking,Walk-in
SAL20250013040,2025-02-28,STR039,PRD00718,2,2341.08,0.0,4682.16,3351.98,UPI,Walk-in
SAL20250013041,2025-02-27,STR020,PRD00046,1,12754.14,0.0,12754.14,8397.4,Credit Card,Walk-in
SAL20250013042,2025-02-16,STR029,PRD00348,1,1231.54,0.0,1231.54,694.06,UPI,Premium
SAL20250013043,2025-02-10,STR023,PRD00475,5,749.71,0.1,3373.7,2844.8,Credit Card,Regular
SAL20250013044,2025-02-04,STR037,PRD00584,3,232.29,0.1,627.18,427.05,Debit Card,Regular
SAL20250013045,2025-02-07,STR015,PRD00675,1,1206.06,0.0,1206.06,758.43,UPI,Regular
SAL20250013046,2025-02-24,STR004,PRD01135,3,2481.4,0.0,7444.2,3779.22,UPI,Regular
SAL20250013047,2025-02-16,STR013,PRD00998,1,883.36,0.1,795.02,449.89,Cash,Walk-in
SAL20250013048,2025-02-18,STR006,PRD00202,1,1209.84,0.0,1209.84,865.49,Credit Card,Premium
SAL20250013049,2025-02-27,STR022,PRD00489,3,850.74,0.0,2552.22,2072.64,UPI,Walk-in
SAL20250013050,2025-02-26,STR031,PRD00124,1,10921.57,0.0,10921.57,7123.55,UPI,Premium
SAL20250013051,2025-02-26,STR023,PRD00546,1,854.43,0.05,811.71,473.9,Debit Card,Regular
SAL20250013052,2025-02-04,STR023,PRD00089,2,24330.95,0.0,48661.9,36801.28,UPI,Premium
SAL20250013053,2025-02-27,STR024,PRD00958,2,274.5,0.0,549.0,383.46,UPI,Walk-in
SAL20250013054,2025-02-02,STR007,PRD00464,4,598.64,0.0,2394.56,1833.96,UPI,Regular
SAL20250013055,2025-02-19,STR033,PRD00294,3,1047.83,0.0,3143.49,1959.12,Credit Card,Regular
SAL20250013056,2025-02-21,STR021,PRD00351,1,802.18,0.0,802.18,503.24,Credit Card,Regular
SAL20250013057,2025-02-04,STR013,PRD00892,1,2494.33,0.1,2244.9,1742.01,Credit Card,Regular
SAL20250013058,2025-02-23,STR037,PRD00093,2,12459.16,0.0,24918.32,19408.14,UPI,Premium
SAL20250013059,2025-02-07,STR008,PRD00908,1,2285.46,0.0,2285.46,1340.06,UPI,Regular
SAL20250013060,2025-02-17,STR016,PRD00843,2,1073.63,0.0,2147.26,1378.92,Cash,Regular
SAL20250013061,2025-02-16,STR015,PRD00137,1,8245.04,0.0,8245.04,6423.44,UPI,Regular
SAL20250013062,2025-02-10,STR026,PRD00516,2,653.26,0.1,1175.87,1005.12,Net Banking,Regular
SAL20250013063,2025-02-21,STR025,PRD00394,2,327.5,0.1,589.5,437.02,UPI,Premium
SAL20250013064,2025-02-01,STR034,PRD00002,1,1289.58,0.0,1289.58,870.9,Credit Card,Premium
SAL20250013065,2025-02-04,STR006,PRD00434,1,648.17,0.0,648.17,538.79,UPI,Walk-in
SAL20250013066,2025-02-21,STR024,PRD00081,1,19888.54,0.0,19888.54,13106.38,Credit Card,Corporate
SAL20250013067,2025-02-25,STR006,PRD01034,2,310.11,0.0,620.22,435.44,Debit Card,Regular
SAL20250013068,2025-02-02,STR041,PRD00138,1,3460.02,0.0,3460.02,2661.97,Cash,Regular
SAL20250013069,2025-02-24,STR024,PRD00934,1,3207.23,0.05,3046.87,1811.07,Cash,Regular
SAL20250013070,2025-02-08,STR015,PRD00100,1,14294.81,0.05,13580.07,9774.86,Credit Card,Premium
SAL20250013071,2025-02-18,STR034,PRD00088,1,22406.29,0.05,21285.98,17527.4,UPI,Premium
SAL20250013072,2025-02-11,STR002,PRD01121,1,2103.52,0.0,2103.52,974.58,UPI,Regular
SAL20250013073,2025-02-23,STR024,PRD00549,1,585.62,0.0,585.62,382.4,UPI,Regular
SAL20250013074,2025-02-14,STR034,PRD00374,1,1242.75,0.0,1242.75,738.33,Credit Card,Regular
SAL20250013075,2025-02-04,STR031,PRD00495,3,212.14,0.1,572.78,492.81,UPI,Regular
SAL20250013076,2025-02-25,STR028,PRD00263,1,3207.01,0.0,3207.01,2439.1,UPI,Regular
SAL20250013077,2025-02-14,STR022,PRD00302,2,486.18,0.0,972.36,450.18,UPI,Regular
SAL20250013078,2025-02-17,STR002,PRD00460,1,816.3,0.1,734.67,667.77,Debit Card,Walk-in
SAL20250013079,2025-02-12,STR003,PRD00037,2,21728.77,0.0,43457.54,33520.84,Debit Card,Regular
SAL20250013080,2025-02-27,STR037,PRD00769,1,1757.79,0.0,1757.79,1242.17,Credit Card,Regular
SAL20250013081,2025-02-03,STR017,PRD00420,1,876.02,0.05,832.22,742.57,UPI,Premium
SAL20250013082,2025-02-17,STR008,PRD01143,1,5565.18,0.0,5565.18,3157.32,UPI,Regular
SAL20250013083,2025-02-17,STR010,PRD00888,1,2557.48,0.0,2557.48,1725.04,Debit Card,Regular
SAL20250013084,2025-02-20,STR041,PRD01053,3,481.32,0.0,1443.96,938.34,Debit Card,Regular
SAL20250013085,2025-02-11,STR008,PRD00128,1,13672.72,0.05,12989.08,8963.81,Credit Card,Walk-in
SAL20250013086,2025-02-08,STR021,PRD00888,1,2557.48,0.0,2557.48,1725.04,UPI,Regular
SAL20250013087,2025-02-09,STR002,PRD01187,3,5464.91,0.0,16394.73,10064.97,UPI,Regular
SAL20250013088,2025-02-16,STR021,PRD00836,4,605.3,0.0,2421.2,1632.48,Credit Card,Walk-in
SAL20250013089,2025-02-15,STR040,PRD00778,1,875.87,0.0,875.87,569.54,UPI,Premium
SAL20250013090,2025-02-03,STR012,PRD00665,6,157.57,0.1,850.88,618.84,Cash,Walk-in
SAL20250013091,2025-02-15,STR034,PRD00146,2,5953.14,0.0,11906.28,8311.82,Net Banking,Regular
SAL20250013092,2025-02-16,STR011,PRD00730,1,3497.66,0.0,3497.66,2580.93,Debit Card,Regular
SAL20250013093,2025-02-05,STR021,PRD00243,2,1936.68,0.05,3679.69,2771.42,Debit Card,Walk-in
SAL20250013094,2025-02-06,STR028,PRD00419,3,950.16,0.0,2850.48,2291.76,Debit Card,Walk-in
SAL20250013095,2025-02-22,STR034,PRD00570,2,376.39,0.0,752.78,537.14,UPI,Regular
SAL20250013096,2025-02-07,STR019,PRD00367,2,450.03,0.0,900.06,493.56,Debit Card,Walk-in
SAL20250013097,2025-02-14,STR028,PRD00001,1,21322.84,0.0,21322.84,15337.08,UPI,Regular
SAL20250013098,2025-02-12,STR023,PRD00952,1,892.13,0.05,847.52,502.71,Debit Card,Walk-in
SAL20250013099,2025-02-23,STR013,PRD00776,1,1145.74,0.0,1145.74,684.76,Debit Card,Premium
SAL20250013100,2025-02-17,STR039,PRD01195,1,6990.3,0.0,6990.3,3398.23,Debit Card,Corporate
SAL20250013101,2025-02-21,STR021,PRD00083,2,9369.31,0.0,18738.62,12924.54,UPI,Corporate
SAL20250013102,2025-02-13,STR014,PRD00511,2,709.29,0.0,1418.58,1118.36,Cash,Walk-in
SAL20250013103,2025-02-27,STR008,PRD00060,1,15273.35,0.0,15273.35,10531.53,UPI,Regular
SAL20250013104,2025-02-16,STR040,PRD01145,1,3609.72,0.0,3609.72,2080.21,UPI,Regular
SAL20250013105,2025-02-28,STR026,PRD00305,2,1134.36,0.05,2155.28,1230.6,Debit Card,Walk-in
SAL20250013106,2025-02-02,STR015,PRD00756,1,3090.95,0.0,3090.95,2208.4,UPI,Regular
SAL20250013107,2025-02-28,STR011,PRD00253,1,9663.5,0.0,9663.5,6717.07,Debit Card,Premium
SAL20250013108,2025-02-26,STR028,PRD00541,1,685.8,0.0,685.8,405.57,UPI,Regular
SAL20250013109,2025-02-20,STR017,PRD00690,1,3635.92,0.1,3272.33,2397.42,Debit Card,Walk-in
SAL20250013110,2025-02-08,STR024,PRD00924,2,261.16,0.0,522.32,389.0,Debit Card,Walk-in
SAL20250013111,2025-02-09,STR030,PRD00231,1,9171.94,0.0,9171.94,6705.09,UPI,Walk-in
SAL20250013112,2025-02-01,STR023,PRD00529,3,569.27,0.0,1707.81,1470.93,UPI,Regular
SAL20250013113,2025-02-10,STR023,PRD00470,1,416.77,0.0,416.77,325.11,Net Banking,Regular
SAL20250013114,2025-02-14,STR027,PRD00760,2,4801.08,0.0,9602.16,6345.62,UPI,Walk-in
SAL20250013115,2025-02-06,STR023,PRD00853,1,3236.74,0.0,3236.74,1868.14,Credit Card,Walk-in
SAL20250013116,2025-02-13,STR010,PRD00681,1,4114.63,0.05,3908.9,2696.18,UPI,Regular
SAL20250013117,2025-02-27,STR036,PRD01040,1,466.28,0.0,466.28,330.77,Cash,Walk-in
SAL20250013118,2025-02-17,STR038,PRD00411,1,779.25,0.0,779.25,631.85,UPI,Regular
SAL20250013119,2025-02-22,STR027,PRD00596,5,666.12,0.0,3330.6,1989.55,Credit Card,Walk-in
SAL20250013120,2025-02-11,STR036,PRD00272,1,610.52,0.0,610.52,344.72,Debit Card,Walk-in
SAL20250013121,2025-02-17,STR032,PRD00967,3,44.43,0.0,133.29,85.62,Cash,Walk-in
SAL20250013122,2025-02-09,STR035,PRD00727,1,737.62,0.0,737.62,442.28,Credit Card,Walk-in
SAL20250013123,2025-02-09,STR019,PRD00899,2,2165.69,0.0,4331.38,2917.52,Credit Card,Premium
SAL20250013124,2025-02-10,STR023,PRD00309,1,1344.75,0.0,1344.75,637.15,Credit Card,Corporate
SAL20250013125,2025-02-22,STR008,PRD00087,1,23253.22,0.0,23253.22,15702.94,Credit Card,Premium
SAL20250013126,2025-02-08,STR015,PRD00834,1,1440.43,0.0,1440.43,915.49,Credit Card,Walk-in
SAL20250013127,2025-02-24,STR034,PRD00162,2,9916.48,0.1,17849.66,13372.08,Cash,Regular
SAL20250013128,2025-02-26,STR034,PRD00525,4,76.55,0.0,306.2,265.8,UPI,Regular
SAL20250013129,2025-02-19,STR019,PRD00774,2,2102.71,0.0,4205.42,3098.54,Debit Card,Premium
SAL20250013130,2025-02-12,STR025,PRD00821,1,2784.44,0.0,2784.44,1582.41,Cash,Regular
SAL20250013131,2025-02-01,STR024,PRD00454,5,238.81,0.0,1194.05,911.5,Net Banking,Regular
SAL20250013132,2025-02-16,STR001,PRD01034,2,310.11,0.1,558.2,435.44,Cash,Regular
SAL20250013133,2025-02-06,STR015,PRD00084,1,11056.09,0.0,11056.09,8293.77,UPI,Regular
SAL20250013134,2025-02-26,STR037,PRD00332,1,556.82,0.0,556.82,272.93,UPI,Regular
SAL20250013135,2025-02-25,STR022,PRD00955,1,608.44,0.0,608.44,410.9,Debit Card,Regular
SAL20250013136,2025-02-15,STR038,PRD00792,1,5089.33,0.0,5089.33,2925.34,UPI,Regular
SAL20250013137,2025-02-15,STR004,PRD00954,2,1090.11,0.0,2180.22,1229.92,Debit Card,Regular
SAL20250013138,2025-02-08,STR025,PRD00008,1,14817.35,0.05,14076.48,10393.47,UPI,Regular
SAL20250013139,2025-02-02,STR009,PRD00658,6,338.62,0.0,2031.72,1366.08,UPI,Regular
SAL20250013140,2025-02-14,STR014,PRD01060,2,277.54,0.0,555.08,396.7,UPI,Regular
SAL20250013141,2025-02-10,STR031,PRD00084,1,11056.09,0.0,11056.09,8293.77,Net Banking,Regular
SAL20250013142,2025-02-03,STR003,PRD00090,1,8184.6,0.05,7775.37,5556.86,Cash,Regular
SAL20250013143,2025-02-24,STR030,PRD00900,2,3167.3,0.0,6334.6,3922.1,UPI,Walk-in
SAL20250013144,2025-02-19,STR015,PRD01152,2,2969.91,0.0,5939.82,2757.4,Cash,Walk-in
SAL20250013145,2025-02-22,STR023,PRD01141,3,1387.21,0.0,4161.63,2431.95,Credit Card,Regular
SAL20250013146,2025-02-27,STR009,PRD01048,1,623.5,0.0,623.5,415.19,UPI,Regular
SAL20250013147,2025-02-11,STR028,PRD00515,1,551.51,0.0,551.51,473.21,UPI,Regular
SAL20250013148,2025-02-14,STR029,PRD01080,1,1721.88,0.0,1721.88,771.73,UPI,Regular
SAL20250013149,2025-02-21,STR029,PRD00414,3,546.79,0.1,1476.33,1275.96,Debit Card,Regular
SAL20250013150,2025-02-10,STR005,PRD00191,1,7660.03,0.0,7660.03,5198.25,UPI,Regular
SAL20250013151,2025-02-07,STR035,PRD00808,1,2998.33,0.1,2698.5,1813.97,Credit Card,Walk-in
SAL20250013152,2025-02-12,STR037,PRD00295,2,1024.45,0.05,1946.45,1136.98,UPI,Walk-in
SAL20250013153,2025-02-14,STR008,PRD01097,1,4205.24,0.0,4205.24,2054.25,UPI,Regular
SAL20250013154,2025-02-09,STR008,PRD01188,3,2837.24,0.0,8511.72,5058.72,Debit Card,Walk-in
SAL20250013155,2025-02-27,STR031,PRD01143,2,5565.18,0.05,10573.84,6314.64,UPI,Walk-in
SAL20250013156,2025-02-16,STR024,PRD00071,2,14423.02,0.05,27403.74,19211.26,UPI,Walk-in
SAL20250013157,2025-02-07,STR008,PRD00354,1,1099.31,0.05,1044.34,649.66,Credit Card,Regular
SAL20250013158,2025-02-18,STR031,PRD00268,1,1061.68,0.0,1061.68,520.26,Debit Card,Walk-in
SAL20250013159,2025-02-28,STR031,PRD01059,2,553.69,0.0,1107.38,736.72,Credit Card,Walk-in
SAL20250013160,2025-02-23,STR034,PRD01155,1,7374.97,0.0,7374.97,3660.91,Credit Card,Regular
SAL20250013161,2025-02-02,STR023,PRD00299,1,1362.69,0.0,1362.69,823.3,UPI,Regular
SAL20250013162,2025-02-24,STR011,PRD00768,2,281.0,0.0,562.0,410.2,Credit Card,Walk-in
SAL20250013163,2025-02-13,STR010,PRD00896,1,255.31,0.0,255.31,145.03,Debit Card,Walk-in
SAL20250013164,2025-02-16,STR004,PRD01112,2,3077.42,0.0,6154.84,3116.38,UPI,Regular
SAL20250013165,2025-02-13,STR005,PRD01012,1,896.48,0.0,896.48,582.58,Credit Card,Regular
SAL20250013166,2025-02-01,STR002,PRD01089,3,8670.13,0.0,26010.39,11391.06,UPI,Premium
SAL20250013167,2025-02-06,STR019,PRD00015,1,3619.87,0.0,3619.87,2931.59,Credit Card,Premium
SAL20250013168,2025-02-04,STR027,PRD00383,1,216.69,0.0,216.69,135.74,Net Banking,Walk-in
SAL20250013169,2025-02-10,STR035,PRD00042,1,15775.49,0.0,15775.49,11939.67,Cash,Walk-in
SAL20250013170,2025-02-09,STR028,PRD01026,1,512.0,0.0,512.0,341.95,Credit Card,Regular
SAL20250013171,2025-02-03,STR025,PRD00052,1,1655.5,0.05,1572.72,1137.08,Credit Card,Premium
SAL20250013172,2025-02-20,STR029,PRD00076,1,13611.14,0.0,13611.14,10725.57,Debit Card,Regular
SAL20250013173,2025-02-24,STR003,PRD01057,4,52.31,0.0,209.24,133.2,Cash,Walk-in
SAL20250013174,2025-02-20,STR004,PRD00094,2,15405.56,0.1,27730.01,24816.68,Debit Card,Regular
SAL20250013175,2025-02-20,STR008,PRD00375,2,650.42,0.0,1300.84,730.12,UPI,Regular
SAL20250013176,2025-02-18,STR008,PRD01147,4,6760.77,0.0,27043.08,15453.12,Credit Card,Walk-in
SAL20250013177,2025-02-01,STR014,PRD00202,1,1209.84,0.0,1209.84,865.49,Credit Card,Walk-in
SAL20250013178,2025-02-01,STR016,PRD00662,10,192.14,0.0,1921.4,1409.6,UPI,Regular
SAL20250013179,2025-02-22,STR032,PRD00923,1,3811.45,0.0,3811.45,2262.33,Cash,Regular
SAL20250013180,2025-02-21,STR040,PRD00377,1,1177.54,0.0,1177.54,822.72,Credit Card,Walk-in
SAL20250013181,2025-02-08,STR008,PRD00083,1,9369.31,0.05,8900.84,6462.27,Cash,Walk-in
SAL20250013182,2025-02-18,STR019,PRD00112,1,3948.48,0.0,3948.48,3127.23,Debit Card,Walk-in
SAL20250013183,2025-02-20,STR041,PRD00507,2,259.46,0.0,518.92,430.7,UPI,Premium
SAL20250013184,2025-02-18,STR022,PRD00886,1,1331.79,0.0,1331.79,944.7,Debit Card,Regular
SAL20250013185,2025-02-18,STR021,PRD01106,1,3135.75,0.05,2978.96,1669.16,Debit Card,Premium
SAL20250013186,2025-02-05,STR038,PRD00415,1,345.23,0.0,345.23,286.19,Credit Card,Regular
SAL20250013187,2025-02-07,STR003,PRD00389,1,1606.86,0.0,1606.86,739.96,Cash,Walk-in
SAL20250013188,2025-02-28,STR007,PRD00318,1,184.33,0.1,165.9,118.77,UPI,Regular
SAL20250013189,2025-02-08,STR037,PRD00932,2,479.96,0.0,959.92,587.98,UPI,Walk-in
SAL20250013190,2025-02-11,STR034,PRD01034,2,310.11,0.0,620.22,435.44,Debit Card,Regular
SAL20250013191,2025-02-23,STR022,PRD00412,2,576.41,0.1,1037.54,909.5,UPI,Walk-in
SAL20250013192,2025-02-11,STR001,PRD00230,1,11424.91,0.0,11424.91,7835.88,Debit Card,Walk-in
SAL20250013193,2025-02-04,STR027,PRD01164,2,2114.79,0.0,4229.58,2217.42,UPI,Corporate
SAL20250013194,2025-02-15,STR032,PRD00161,1,9190.04,0.05,8730.54,7015.28,UPI,Walk-in
SAL20250013195,2025-02-02,STR037,PRD00286,3,390.77,0.0,1172.31,760.02,UPI,Walk-in
SAL20250013196,2025-02-22,STR014,PRD00999,1,1102.59,0.1,992.33,586.85,Credit Card,Walk-in
SAL20250013197,2025-02-27,STR021,PRD00750,2,3884.81,0.0,7769.62,4289.96,Credit Card,Regular
SAL20250013198,2025-02-16,STR028,PRD00204,1,3776.34,0.0,3776.34,2580.11,Credit Card,Premium
SAL20250013199,2025-02-15,STR032,PRD00262,3,10754.4,0.0,32263.2,24190.32,UPI,Walk-in
SAL20250013200,2025-02-20,STR025,PRD00558,2,353.1,0.0,706.2,486.6,Credit Card,Regular
SAL20250013201,2025-02-15,STR010,PRD00866,1,1023.05,0.0,1023.05,622.37,UPI,Walk-in
SAL20250013202,2025-02-21,STR014,PRD00432,1,845.55,0.05,803.27,647.04,Net Banking,Walk-in
SAL20250013203,2025-02-10,STR027,PRD00936,1,964.58,0.1,868.12,620.53,Cash,Walk-in
SAL20250013204,2025-02-18,STR035,PRD00633,1,365.95,0.0,365.95,212.9,Debit Card,Regular
SAL20250013205,2025-02-24,STR037,PRD00277,2,1350.87,0.05,2566.65,1360.5,Debit Card,Walk-in
SAL20250013206,2025-02-24,STR031,PRD01113,2,4340.13,0.0,8680.26,4031.84,UPI,Regular
SAL20250013207,2025-02-05,STR024,PRD00522,1,1139.79,0.1,1025.81,875.83,UPI,Regular
SAL20250013208,2025-02-03,STR025,PRD00798,2,1720.26,0.0,3440.52,1923.1,UPI,Regular
SAL20250013209,2025-02-12,STR006,PRD00999,3,1102.59,0.0,3307.77,1760.55,UPI,Walk-in
SAL20250013210,2025-02-17,STR005,PRD00485,1,693.22,0.0,693.22,593.15,UPI,Walk-in
SAL20250013211,2025-02-07,STR014,PRD00519,1,818.33,0.05,777.41,642.9,UPI,Premium
SAL20250013212,2025-02-21,STR038,PRD00298,1,1012.57,0.0,1012.57,666.12,Credit Card,Corporate
SAL20250013213,2025-02-06,STR032,PRD01003,1,278.9,0.0,278.9,146.32,Debit Card,Regular
SAL20250013214,2025-02-22,STR013,PRD00140,1,6378.06,0.0,6378.06,4851.7,UPI,Regular
SAL20250013215,2025-02-08,STR015,PRD00793,1,2445.38,0.05,2323.11,1405.41,Debit Card,Walk-in
SAL20250013216,2025-02-04,STR028,PRD00240,1,10596.37,0.0,10596.37,7390.73,UPI,Premium
SAL20250013217,2025-02-18,STR016,PRD00343,1,244.94,0.05,232.69,130.41,Credit Card,Walk-in
SAL20250013218,2025-02-12,STR010,PRD01125,1,3015.8,0.0,3015.8,1423.43,UPI,Regular
SAL20250013219,2025-02-05,STR022,PRD00417,4,788.29,0.0,3153.16,2646.84,Credit Card,Walk-in
SAL20250013220,2025-02-23,STR028,PRD00002,1,1289.58,0.1,1160.62,870.9,Debit Card,Regular
SAL20250013221,2025-02-04,STR006,PRD00568,2,465.88,0.0,931.76,576.62,Debit Card,Walk-in
SAL20250013222,2025-02-09,STR025,PRD00964,4,842.84,0.0,3371.36,2300.76,UPI,Premium
SAL20250013223,2025-02-14,STR031,PRD00041,1,19732.0,0.0,19732.0,14953.27,UPI,Walk-in
SAL20250013224,2025-02-23,STR002,PRD00693,1,2512.22,0.0,2512.22,1671.42,UPI,Walk-in
SAL20250013225,2025-02-07,STR017,PRD00127,2,14293.97,0.0,28587.94,21134.16,Credit Card,Regular
SAL20250013226,2025-02-11,STR006,PRD00642,1,467.68,0.0,467.68,290.22,UPI,Premium
SAL20250013227,2025-02-03,STR022,PRD00491,6,675.67,0.0,4054.02,3160.26,Debit Card,Regular
SAL20250013228,2025-02-04,STR013,PRD00472,1,554.85,0.0,554.85,444.9,UPI,Regular
SAL20250013229,2025-02-16,STR041,PRD00236,1,5591.1,0.0,5591.1,3989.78,UPI,Corporate
SAL20250013230,2025-02-23,STR009,PRD00446,1,1037.38,0.0,1037.38,881.41,UPI,Regular
SAL20250013231,2025-02-14,STR002,PRD00127,2,14293.97,0.05,27158.54,21134.16,UPI,Corporate
SAL20250013232,2025-02-18,STR025,PRD00463,2,933.21,0.0,1866.42,1494.94,Credit Card,Walk-in
SAL20250013233,2025-02-25,STR011,PRD01027,2,412.95,0.0,825.9,451.44,Credit Card,Walk-in
SAL20250013234,2025-02-23,STR036,PRD00210,1,8463.87,0.0,8463.87,5533.2,UPI,Regular
SAL20250013235,2025-02-04,STR035,PRD00554,1,805.55,0.05,765.27,466.41,Credit Card,Regular
SAL20250013236,2025-02-12,STR009,PRD00213,1,7822.44,0.1,7040.2,5597.11,Credit Card,Regular
SAL20250013237,2025-02-09,STR030,PRD00364,2,296.2,0.0,592.4,391.38,Credit Card,Walk-in
SAL20250013238,2025-02-09,STR017,PRD00348,1,1231.54,0.1,1108.39,694.06,Debit Card,Walk-in
SAL20250013239,2025-02-09,STR033,PRD00194,1,5905.12,0.0,5905.12,4140.26,UPI,Regular
SAL20250013240,2025-02-23,STR007,PRD01066,10,424.4,0.1,3819.6,2529.9,Debit Card,Walk-in
SAL20250013241,2025-02-04,STR028,PRD00541,4,685.8,0.0,2743.2,1622.28,UPI,Regular
SAL20250013242,2025-02-26,STR015,PRD00465,2,578.8,0.0,1157.6,885.6,Credit Card,Premium
SAL20250013243,2025-02-01,STR014,PRD00959,2,664.61,0.0,1329.22,805.38,Credit Card,Regular
SAL20250013244,2025-02-12,STR008,PRD00174,1,698.44,0.0,698.44,523.24,Cash,Regular
SAL20250013245,2025-02-16,STR031,PRD00167,1,8410.2,0.0,8410.2,5523.21,Debit Card,Regular
SAL20250013246,2025-02-28,STR033,PRD00673,1,2685.18,0.0,2685.18,1698.29,UPI,Regular
SAL20250013247,2025-02-10,STR006,PRD01157,1,8076.82,0.0,8076.82,4265.41,Cash,Premium
SAL20250013248,2025-02-09,STR016,PRD01110,2,1048.97,0.0,2097.94,1162.22,Credit Card,Premium
SAL20250013249,2025-02-22,STR013,PRD01024,2,129.44,0.05,245.94,184.2,UPI,Regular
SAL20250013250,2025-02-08,STR033,PRD00113,1,16350.49,0.0,16350.49,11876.29,Credit Card,Walk-in
SAL20250013251,2025-02-28,STR013,PRD00377,1,1177.54,0.05,1118.66,822.72,Credit Card,Regular
SAL20250013252,2025-02-06,STR022,PRD00438,-2,638.02,0.0,-1276.04,973.78,UPI,Corporate
SAL20250013253,2025-02-03,STR003,PRD00045,1,17414.18,0.0,17414.18,13822.18,UPI,Walk-in
SAL20250013254,2025-02-25,STR024,PRD01052,5,462.25,0.05,2195.69,1615.0,Net Banking,Walk-in
SAL20250013255,2025-02-18,STR025,PRD00041,1,19732.0,0.0,19732.0,14953.27,Cash,Regular
SAL20250013256,2025-02-16,STR010,PRD00771,1,2601.02,0.0,2601.02,1436.13,UPI,Premium
SAL20250013257,2025-02-06,STR032,PRD00049,2,4540.51,0.0,9081.02,6056.22,Credit Card,Walk-in
SAL20250013258,2025-02-12,STR030,PRD00276,3,499.9,0.0,1499.7,878.01,UPI,Regular
SAL20250013259,2025-02-15,STR026,PRD00935,4,821.43,0.1,2957.15,2344.4,Credit Card,Walk-in
SAL20250013260,2025-02-18,STR019,PRD01078,2,2107.38,0.0,4214.76,2631.78,UPI,Walk-in
SAL20250013261,2025-02-09,STR024,PRD00716,1,1780.84,0.0,1780.84,1007.46,UPI,Walk-in
SAL20250013262,2025-02-23,STR005,PRD00406,1,663.68,0.0,663.68,533.06,UPI,Regular
SAL20250013263,2025-02-24,STR041,PRD00159,1,4881.58,0.1,4393.42,3676.52,UPI,Walk-in
SAL20250013264,2025-02-11,STR024,PRD00622,4,644.0,0.0,2576.0,1599.16,Net Banking,Premium
SAL20250013265,2025-02-08,STR038,PRD01159,1,3270.67,0.1,2943.6,1499.26,UPI,Regular
SAL20250013266,2025-02-07,STR039,PRD00943,3,787.16,0.1,2125.33,1597.32,UPI,Premium
SAL20250013267,2025-02-22,STR034,PRD00295,1,1024.45,0.0,1024.45,568.49,Debit Card,Regular
SAL20250013268,2025-02-22,STR032,PRD00453,1,1257.16,0.0,1257.16,946.37,UPI,Walk-in
SAL20250013269,2025-02-27,STR010,PRD00267,1,11328.41,0.0,11328.41,8001.59,Credit Card,Walk-in
SAL20250013270,2025-02-26,STR030,PRD00786,2,2271.94,0.0,4543.88,3066.98,Net Banking,Regular
SAL20250013271,2025-02-22,STR020,PRD00216,1,11614.64,0.0,11614.64,7226.78,UPI,Walk-in
SAL20250013272,2025-02-07,STR024,PRD00219,3,1404.86,0.0,4214.58,2996.76,Credit Card,Regular
SAL20250013273,2025-02-15,STR021,PRD00950,1,184.59,0.0,184.59,127.31,UPI,Regular
SAL20250013274,2025-02-17,STR025,PRD00385,2,460.87,0.0,921.74,557.04,UPI,Regular
SAL20250013275,2025-02-08,STR018,PRD00800,1,478.19,0.05,454.28,324.59,UPI,Regular
SAL20250013276,2025-02-07,STR017,PRD00889,1,2052.09,0.0,2052.09,1474.15,Debit Card,Walk-in
SAL20250013277,2025-02-13,STR002,PRD00004,1,18331.36,0.1,16498.22,14741.73,Credit Card,Walk-in
SAL20250013278,2025-02-03,STR016,PRD00464,3,598.64,0.05,1706.12,1375.47,UPI,Walk-in
SAL20250013279,2025-02-02,STR018,PRD00750,3,3884.81,0.0,11654.43,6434.94,Credit Card,Premium
SAL20250013280,2025-02-07,STR011,PRD00632,3,758.72,0.0,2276.16,1290.18,UPI,Regular
SAL20250013281,2025-02-13,STR029,PRD00231,1,9171.94,0.05,8713.34,6705.09,Debit Card,Premium
SAL20250013282,2025-02-21,STR022,PRD00990,2,577.78,0.0,1155.56,701.58,Credit Card,Premium
SAL20250013283,2025-02-16,STR032,PRD00922,2,953.09,0.0,1906.18,1256.32,Debit Card,Regular
SAL20250013284,2025-02-08,STR019,PRD00245,1,6730.38,0.05,6393.86,4429.31,UPI,Regular
SAL20250013285,2025-02-21,STR031,PRD00148,1,6813.06,0.0,6813.06,4694.28,Debit Card,Walk-in
SAL20250013286,2025-02-26,STR017,PRD00606,1,516.03,0.1,464.43,308.57,Credit Card,Premium
SAL20250013287,2025-02-13,STR033,PRD00479,1,303.49,0.0,303.49,255.61,Credit Card,Walk-in
SAL20250013288,2025-02-23,STR036,PRD00248,2,9547.84,0.1,17186.11,13755.02,Credit Card,Walk-in
SAL20250013289,2025-02-05,STR001,PRD00302,1,486.18,0.0,486.18,225.09,UPI,Walk-in
SAL20250013290,2025-02-23,STR039,PRD00679,1,2876.53,0.1,2588.88,1865.54,UPI,Regular
SAL20250010491,2025-02-22,STR013,PRD00523,3,773.23,0.0,2319.69,1968.42,UPI,Walk-in
SAL20250013292,2025-02-10,STR005,PRD01008,3,227.58,0.0,682.74,426.0,Cash,Regular
SAL20250013293,2025-02-17,STR032,PRD00430,3,129.33,0.1,349.19,326.1,Debit Card,Walk-in
SAL20250013294,2025-02-03,STR010,PRD00584,2,232.29,0.0,464.58,284.7,Credit Card,Regular
SAL20250013295,2025-02-19,STR016,PRD00139,1,2949.49,0.0,2949.49,1812.36,UPI,Walk-in
SAL20250013296,2025-02-01,STR009,PRD00262,3,10754.4,0.0,32263.2,24190.32,Credit Card,Walk-in
SAL20250013297,2025-02-05,STR039,PRD00331,1,133.4,0.05,126.73,89.83,UPI,Walk-in
SAL20250013298,2025-02-04,STR039,PRD00167,1,8410.2,0.0,8410.2,5523.21,UPI,Walk-in
SAL20250013299,2025-02-12,STR019,PRD00257,1,3131.42,0.0,3131.42,2145.77,Debit Card,Corporate
SAL20250013300,2025-02-14,STR007,PRD00790,4,1379.35,0.0,5517.4,3610.88,UPI,Walk-in
SAL20250013301,2025-02-08,STR040,PRD00487,2,92.35,0.0,184.7,157.68,UPI,Regular
SAL20250013302,2025-02-10,STR004,PRD00079,1,19037.37,0.0,19037.37,13485.77,Credit Card,Walk-in
SAL20250013303,2025-02-15,STR020,PRD00382,3,534.11,0.0,1602.33,878.73,UPI,Regular
SAL20250013304,2025-02-24,STR016,PRD00816,1,1448.92,0.0,1448.92,857.39,UPI,Premium
SAL20250013305,2025-02-03,STR002,PRD00872,1,467.45,0.05,444.08,333.62,Cash,Walk-in
SAL20250013306,2025-02-27,STR041,PRD00857,1,3027.87,0.05,2876.48,2160.84,UPI,Walk-in
SAL20250013307,2025-02-25,STR031,PRD00012,1,5255.98,0.0,5255.98,4121.35,UPI,Regular
SAL20250013308,2025-02-12,STR011,PRD01022,3,1023.04,0.0,3069.12,1885.53,Debit Card,Regular
SAL20250013309,2025-02-26,STR028,PRD00567,3,365.44,0.0,1096.32,680.88,Credit Card,Walk-in
SAL20250013310,2025-02-03,STR015,PRD00266,1,13058.2,0.0,13058.2,8085.89,Credit Card,Corporate
SAL20250013311,2025-02-11,STR016,PRD00474,1,108.22,0.0,108.22,89.37,UPI,Regular
SAL20250013312,2025-02-12,STR001,PRD01105,2,2498.16,0.0,4996.32,3017.04,UPI,Regular
SAL20250013313,2025-02-10,STR020,PRD00428,1,311.12,0.1,280.01,244.75,Credit Card,Regular
SAL20250013314,2025-02-18,STR023,PRD01134,2,5914.46,0.05,11237.47,5858.64,UPI,Regular
SAL20250013315,2025-02-03,STR022,PRD00688,1,2802.62,0.1,2522.36,2088.84,UPI,Premium
SAL20250013316,2025-02-20,STR022,PRD00775,1,3571.78,0.0,3571.78,1976.55,Credit Card,Walk-in
SAL20250013317,2025-02-24,STR037,PRD00753,1,4495.87,0.0,4495.87,2621.72,UPI,Walk-in
SAL20250013318,2025-02-10,STR015,PRD01116,1,792.37,0.0,792.37,396.32,Net Banking,Walk-in
SAL20250013319,2025-02-21,STR013,PRD00924,1,261.16,0.0,261.16,194.5,Cash,Premium
SAL20250013320,2025-02-17,STR015,PRD00630,5,612.41,0.0,3062.05,1807.25,UPI,Walk-in
SAL20250013321,2025-02-09,STR034,PRD00447,1,458.65,0.0,458.65,355.66,UPI,Walk-in
SAL20250013322,2025-02-18,STR019,PRD00734,2,817.34,0.0,1634.68,939.58,Debit Card,Corporate
SAL20250013323,2025-02-25,STR014,PRD01008,3,227.58,0.0,682.74,426.0,UPI,Corporate
SAL20250013324,2025-02-02,STR009,PRD01120,1,8969.51,0.05,8521.03,4399.96,Credit Card,Walk-in
SAL20250013325,2025-02-21,STR020,PRD00489,4,850.74,0.0,3402.96,2763.52,UPI,Walk-in
SAL20250013326,2025-02-03,STR013,PRD00289,1,1047.34,0.0,1047.34,607.0,UPI,Premium
SAL20250013327,2025-02-03,STR002,PRD00966,1,814.75,0.0,814.75,526.45,Credit Card,Walk-in
SAL20250013328,2025-02-13,STR010,PRD01092,1,5535.53,0.0,5535.53,2634.51,Credit Card,Regular
SAL20250013329,2025-02-28,STR022,PRD01086,1,5541.98,0.0,5541.98,3222.42,UPI,Regular
SAL20250013330,2025-02-03,STR032,PRD00328,1,1206.9,0.0,1206.9,619.01,Credit Card,Regular
SAL20250013331,2025-02-21,STR021,PRD00170,1,1380.75,0.0,1380.75,918.49,Debit Card,Walk-in
SAL20250013332,2025-02-06,STR015,PRD00249,1,4858.0,0.0,4858.0,3416.15,Credit Card,Regular
SAL20250013333,2025-02-23,STR039,PRD00704,1,1185.8,0.1,1067.22,707.14,Debit Card,Walk-in
SAL20250013334,2025-02-06,STR014,PRD00347,1,1133.22,0.0,1133.22,669.26,Cash,Walk-in
SAL20250013335,2025-02-23,STR037,PRD00974,5,202.7,0.0,1013.5,533.8,UPI,Regular
SAL20250013336,2025-02-21,STR029,PRD00474,4,108.22,0.0,432.88,357.48,Net Banking,Premium
SAL20250013337,2025-02-01,STR025,PRD00920,1,2715.99,0.05,2580.19,1534.46,UPI,Walk-in
SAL20250013338,2025-02-18,STR019,PRD00757,2,1608.8,0.05,3056.72,2075.74,Credit Card,Regular
SAL20250013339,2025-02-07,STR023,PRD00552,1,296.06,0.0,296.06,194.94,Debit Card,Walk-in
SAL20250013340,2025-02-23,STR032,PRD00576,3,451.26,0.0,1353.78,991.68,UPI,Regular
SAL20250013341,2025-02-20,STR025,PRD00057,1,2490.08,0.0,2490.08,2005.73,Debit Card,Walk-in
SAL20250013342,2025-02-27,STR023,PRD00865,1,2254.56,0.05,2141.83,1423.93,Credit Card,Walk-in
SAL20250013343,2025-02-22,STR023,PRD00975,1,912.31,0.0,912.31,598.5,UPI,Premium
SAL20250013344,2025-02-18,STR019,PRD00950,3,184.59,0.0,553.77,381.93,UPI,Corporate
SAL20250013345,2025-02-02,STR033,PRD00278,4,439.84,0.0,1759.36,1168.28,UPI,Walk-in
SAL20250013346,2025-02-08,STR033,PRD00749,2,4060.84,0.0,8121.68,4889.54,UPI,Regular
SAL20250013347,2025-02-12,STR013,PRD00332,1,556.82,0.0,556.82,272.93,Cash,Walk-in
SAL20250013348,2025-02-27,STR037,PRD01191,1,6431.83,0.0,6431.83,4011.49,UPI,Premium
SAL20250013349,2025-02-26,STR003,PRD00009,1,10580.64,0.0,10580.64,8344.51,Debit Card,Regular
SAL20250013350,2025-02-10,STR028,PRD01120,2,8969.51,0.05,17042.07,8799.92,UPI,Corporate
SAL20250013351,2025-02-12,STR022,PRD00567,4,365.44,0.0,1461.76,907.84,UPI,Regular
SAL20250013352,2025-02-13,STR041,PRD00139,1,2949.49,0.0,2949.49,1812.36,UPI,Regular
SAL20250013353,2025-02-03,STR004,PRD00564,1,566.41,0.0,566.41,347.97,Credit Card,Regular
SAL20250013354,2025-02-20,STR006,PRD00443,1,206.94,0.0,206.94,167.06,Credit Card,Regular
SAL20250013355,2025-02-28,STR036,PRD01118,1,5734.69,0.1,5161.22,3371.1,Debit Card,Walk-in
SAL20250013356,2025-02-19,STR010,PRD00628,2,365.09,0.0,730.18,421.62,Cash,Premium
SAL20250013357,2025-02-09,STR023,PRD01018,3,139.93,0.0,419.79,266.4,Credit Card,Walk-in
SAL20250013358,2025-02-15,STR016,PRD01133,2,8197.9,0.05,15576.01,7530.04,UPI,Regular
SAL20250013359,2025-02-01,STR035,PRD00863,2,1338.83,0.1,2409.89,1490.12,Debit Card,Regular
SAL20250013360,2025-02-23,STR023,PRD00757,2,1608.8,0.0,3217.6,2075.74,UPI,Walk-in
SAL20250013361,2025-02-16,STR039,PRD00524,1,128.85,0.0,128.85,106.5,Credit Card,Regular
SAL20250013362,2025-02-01,STR040,PRD00764,1,3332.71,0.0,3332.71,1836.11,UPI,Premium
SAL20250013363,2025-02-26,STR004,PRD00742,1,3993.24,0.0,3993.24,2368.26,UPI,Regular
SAL20250013364,2025-02-16,STR008,PRD01015,1,771.47,0.0,771.47,541.12,UPI,Corporate
SAL20250013365,2025-02-04,STR013,PRD00042,1,15775.49,0.0,15775.49,11939.67,UPI,Premium
SAL20250013366,2025-02-23,STR009,PRD01007,2,886.03,0.0,1772.06,1004.76,Net Banking,Walk-in
SAL20250013367,2025-02-06,STR009,PRD00782,2,3353.32,0.0,6706.64,3915.04,Cash,Walk-in
SAL20250013368,2025-02-09,STR004,PRD00265,1,4797.2,0.0,4797.2,2920.06,UPI,Regular
SAL20250013369,2025-02-23,STR040,PRD00128,1,13672.72,0.0,13672.72,8963.81,UPI,Walk-in
SAL20250013370,2025-02-20,STR036,PRD00321,4,1442.95,0.0,5771.8,2861.96,UPI,Walk-in
SAL20250013371,2025-02-18,STR028,PRD00675,2,1206.06,0.0,2412.12,1516.86,UPI,Regular
SAL20250013372,2025-02-14,STR020,PRD00647,2,284.75,0.0,569.5,378.14,UPI,Premium
SAL20250013373,2025-02-20,STR028,PRD00980,1,608.25,0.0,608.25,362.26,Credit Card,Regular
SAL20250013374,2025-02-26,STR018,PRD00978,4,172.32,0.1,620.35,429.28,Credit Card,Regular
SAL20250013375,2025-02-23,STR006,PRD00452,3,1046.75,0.0,3140.25,2638.95,Net Banking,Regular
SAL20250013376,2025-02-27,STR037,PRD00098,1,13136.22,0.0,13136.22,10206.01,UPI,Premium
SAL20250013377,2025-02-24,STR023,PRD00008,1,14817.35,0.0,14817.35,10393.47,UPI,Regular
SAL20250013378,2025-02-10,STR010,PRD00888,1,2557.48,0.1,2301.73,1725.04,UPI,Regular
SAL20250013379,2025-02-14,STR023,PRD01169,1,6625.23,0.0,6625.23,4001.41,UPI,Walk-in
SAL20250013380,2025-02-06,STR011,PRD00616,3,565.82,0.05,1612.59,942.39,Cash,Premium
SAL20250013381,2025-02-07,STR025,PRD00452,1,1046.75,0.0,1046.75,879.65,Credit Card,Regular
SAL20250013382,2025-02-17,STR004,PRD00842,1,1322.87,0.0,1322.87,956.88,Credit Card,Regular
SAL20250013383,2025-02-18,STR012,PRD00832,1,1859.75,0.0,1859.75,1370.28,UPI,Regular
SAL20250013384,2025-02-06,STR040,PRD01161,3,5090.05,0.0,15270.15,6656.88,Cash,Regular
SAL20250013385,2025-02-24,STR036,PRD00542,3,534.65,0.0,1603.95,1025.43,Credit Card,Premium
SAL20250013386,2025-02-05,STR040,PRD00837,1,4012.56,0.1,3611.3,2368.64,UPI,Regular
SAL20250013387,2025-02-04,STR020,PRD00438,1,638.02,0.0,638.02,486.89,Cash,Walk-in
SAL20250013388,2025-02-07,STR003,PRD00792,2,5089.33,0.0,10178.66,5850.68,UPI,Regular
SAL20250013389,2025-02-08,STR033,PRD00221,1,9230.37,0.0,9230.37,5770.89,Credit Card,Regular
SAL20250013390,2025-02-21,STR034,PRD01078,1,2107.38,0.0,2107.38,1315.89,UPI,Premium
SAL20250013391,2025-02-25,STR007,PRD00473,2,113.62,0.0,227.24,189.66,Credit Card,Walk-in
SAL20250013392,2025-02-01,STR017,PRD00747,2,1306.66,0.0,2613.32,1920.32,Debit Card,Walk-in
SAL20250013393,2025-02-08,STR034,PRD00182,1,1682.57,0.0,1682.57,1144.55,Credit Card,Premium
SAL20250013394,2025-02-06,STR032,PRD00788,1,3329.23,0.0,3329.23,2105.2,Net Banking,Regular
SAL20250013395,2025-02-13,STR007,PRD00316,2,924.22,0.0,1848.44,1179.04,UPI,Regular
SAL20250013396,2025-02-13,STR023,PRD01040,1,466.28,0.0,466.28,330.77,Credit Card,Regular
SAL20250013397,2025-02-21,STR008,PRD00391,3,716.46,0.0,2149.38,1042.23,Net Banking,Walk-in
SAL20250013398,2025-02-13,STR020,PRD00305,3,1134.36,0.0,3403.08,1845.9,UPI,Walk-in
SAL20250013399,2025-02-10,STR013,PRD00404,2,695.46,0.0,1390.92,1208.76,Credit Card,Walk-in
SAL20250013400,2025-02-18,STR032,PRD00911,3,807.88,0.0,2423.64,1806.6,UPI,Regular
SAL20250013401,2025-02-17,STR018,PRD00464,1,598.64,0.0,598.64,458.49,Net Banking,Regular
SAL20250013402,2025-02-19,STR012,PRD01174,1,4967.43,0.0,4967.43,2664.97,Debit Card,Walk-in
SAL20250013403,2025-02-18,STR034,PRD00609,1,338.3,0.0,338.3,202.03,Cash,Regular
SAL20250013404,2025-02-05,STR030,PRD00964,1,842.84,0.0,842.84,575.19,UPI,Premium
SAL20250013405,2025-02-01,STR041,PRD01193,1,1712.13,0.05,1626.52,1034.91,UPI,Walk-in
SAL20250013406,2025-02-14,STR033,PRD00217,1,8159.94,0.1,7343.95,5298.43,Debit Card,Regular
SAL20250013407,2025-02-18,STR033,PRD00453,1,1257.16,0.0,1257.16,946.37,UPI,Regular
SAL20250013408,2025-02-13,STR011,PRD01089,1,8670.13,0.0,8670.13,3797.02,Credit Card,Walk-in
SAL20250013409,2025-02-16,STR020,PRD00610,2,637.82,0.0,1275.64,827.46,Debit Card,Walk-in
SAL20250013410,2025-02-07,STR004,PRD00100,1,14294.81,0.0,14294.81,9774.86,Credit Card,Walk-in
SAL20250013411,2025-02-11,STR036,PRD01156,2,3916.29,0.0,7832.58,4535.54,UPI,Premium
SAL20250013412,2025-02-17,STR008,PRD00224,3,4670.9,0.0,14012.7,10321.83,UPI,Walk-in
SAL20250013413,2025-02-21,STR011,PRD00407,1,687.91,0.0,687.91,533.4,UPI,Walk-in
SAL20250013414,2025-02-17,STR008,PRD00764,1,3332.71,0.0,3332.71,1836.11,UPI,Walk-in
SAL20250013415,2025-02-13,STR029,PRD00352,1,930.67,0.0,930.67,596.9,Net Banking,Regular
SAL20250013416,2025-02-19,STR013,PRD00150,1,1288.03,0.0,1288.03,897.46,UPI,Premium
SAL20250013417,2025-02-24,STR023,PRD00874,1,3195.38,0.0,3195.38,2332.48,Debit Card,Walk-in
SAL20250013418,2025-02-23,STR031,PRD00014,1,5918.05,0.0,5918.05,4586.64,UPI,Regular
SAL20250013419,2025-02-25,STR018,PRD01184,2,6927.53,0.0,13855.06,6365.4,UPI,Premium
SAL20250013420,2025-02-22,STR025,PRD00754,2,372.52,0.1,670.54,441.76,UPI,Regular
SAL20250013421,2025-02-12,STR018,PRD00755,4,511.82,0.0,2047.28,1377.24,UPI,Regular
SAL20250013422,2025-02-24,STR011,PRD01159,1,3270.67,0.0,3270.67,1499.26,UPI,Regular
SAL20250013423,2025-02-04,STR001,PRD00656,3,201.0,0.0,603.0,423.3,Credit Card,Regular
SAL20250013424,2025-02-09,STR012,PRD00086,1,22194.93,0.0,22194.93,15176.58,UPI,Walk-in
SAL20250013425,2025-02-17,STR041,PRD00257,1,3131.42,0.0,3131.42,2145.77,UPI,Corporate
SAL20250013426,2025-02-04,STR038,PRD00416,2,833.51,0.05,1583.67,1383.58,UPI,Walk-in
SAL20250013427,2025-02-02,STR041,PRD00546,1,854.43,0.0,854.43,473.9,UPI,Regular
SAL20250013428,2025-02-26,STR035,PRD00587,3,250.15,0.0,750.45,515.37,UPI,Walk-in
SAL20250013429,2025-02-26,STR007,PRD00638,2,188.95,0.0,377.9,230.42,Debit Card,Walk-in
SAL20250013430,2025-02-09,STR041,PRD00366,3,994.61,0.0,2983.83,1424.19,Debit Card,Walk-in
SAL20250013431,2025-02-04,STR038,PRD01037,2,431.13,0.0,862.26,464.38,UPI,Regular
SAL20250013432,2025-02-22,STR039,PRD00280,1,605.7,0.0,605.7,311.37,UPI,Corporate
SAL20250013433,2025-02-28,STR037,PRD00489,10,850.74,0.0,8507.4,6908.8,Debit Card,Regular
SAL20250013434,2025-02-04,STR033,PRD00644,2,812.84,0.0,1625.68,904.78,Cash,Premium
SAL20250013435,2025-02-05,STR029,PRD00310,2,607.97,0.0,1215.94,607.48,Credit Card,Walk-in
SAL20250013436,2025-02-02,STR005,PRD00362,2,1120.03,0.05,2128.06,1065.02,UPI,Regular
SAL20250013437,2025-02-22,STR028,PRD00707,1,2433.38,0.0,2433.38,1626.72,Credit Card,Walk-in
SAL20250013438,2025-02-09,STR001,PRD00791,1,855.75,0.0,855.75,599.47,UPI,Walk-in
SAL20250013439,2025-02-03,STR035,PRD00161,1,9190.04,0.05,8730.54,7015.28,UPI,Walk-in
SAL20250013440,2025-02-01,STR034,PRD01090,1,4828.9,0.0,4828.9,3064.56,Cash,Walk-in
SAL20250013441,2025-02-06,STR019,PRD00744,1,4365.48,0.0,4365.48,2879.4,Debit Card,Regular
SAL20250013442,2025-02-01,STR026,PRD00678,3,3485.6,0.0,10456.8,6764.73,Credit Card,Regular
SAL20250013443,2025-02-02,STR001,PRD01158,1,7747.18,0.0,7747.18,4177.28,Debit Card,Walk-in
SAL20250013444,2025-02-10,STR019,PRD00987,3,289.9,0.0,869.7,607.05,Credit Card,Walk-in
SAL20250013445,2025-02-20,STR010,PRD00410,1,245.81,0.0,245.81,192.76,UPI,Premium
SAL20250013446,2025-02-08,STR034,PRD00854,1,2355.83,0.05,2238.04,1467.93,UPI,Premium
SAL20250013447,2025-02-11,STR027,PRD00611,2,51.03,0.0,102.06,75.62,UPI,Regular
SAL20250013448,2025-02-16,STR005,PRD00886,1,1331.79,0.0,1331.79,944.7,UPI,Walk-in
SAL20250013449,2025-02-25,STR023,PRD00235,1,11077.6,0.0,11077.6,6683.62,UPI,Walk-in
SAL20250013450,2025-02-26,STR022,PRD01014,1,1123.09,0.0,1123.09,636.08,UPI,Regular
SAL20250013451,2025-02-12,STR041,PRD00882,1,3706.7,0.05,3521.36,2187.93,Net Banking,Walk-in
SAL20250013452,2025-02-01,STR032,PRD00453,1,1257.16,0.0,1257.16,946.37,Debit Card,Regular
SAL20250013453,2025-02-03,STR009,PRD00365,2,693.15,0.1,1247.67,897.38,Debit Card,Walk-in
SAL20250013454,2025-02-25,STR035,PRD00242,1,3336.56,0.1,3002.9,2557.66,UPI,Walk-in
SAL20250013455,2025-02-03,STR030,PRD00050,3,20155.67,0.0,60467.01,48228.09,Debit Card,Walk-in
SAL20250013456,2025-02-23,STR015,PRD00887,1,2006.5,0.0,2006.5,1169.69,UPI,Walk-in
SAL20250013457,2025-02-24,STR035,PRD01004,2,128.91,0.0,257.82,131.86,Net Banking,Regular
SAL20250013458,2025-02-12,STR004,PRD00685,1,4676.03,0.0,4676.03,2851.64,UPI,Regular
SAL20250013459,2025-02-20,STR024,PRD00267,1,11328.41,0.0,11328.41,8001.59,UPI,Regular
SAL20250013460,2025-02-11,STR013,PRD00376,1,1476.13,0.0,1476.13,682.99,UPI,Regular
SAL20250013461,2025-02-27,STR025,PRD00391,1,716.46,0.0,716.46,347.41,Cash,Premium
SAL20250013462,2025-02-08,STR037,PRD00718,1,2341.08,0.0,2341.08,1675.99,UPI,Regular
SAL20250013463,2025-02-21,STR020,PRD01177,4,2791.89,0.0,11167.56,6378.52,UPI,Walk-in
SAL20250013464,2025-02-01,STR035,PRD00332,1,556.82,0.05,528.98,272.93,Credit Card,Walk-in
SAL20250013465,2025-02-04,STR020,PRD00789,2,4846.68,0.0,9693.36,5869.82,UPI,Walk-in
SAL20250013466,2025-02-01,STR020,PRD00408,6,1017.09,0.1,5492.29,4697.52,Debit Card,Corporate
SAL20250013467,2025-02-08,STR033,PRD00135,1,9390.96,0.0,9390.96,6866.63,Credit Card,Regular
SAL20250013468,2025-02-07,STR006,PRD00532,6,1039.03,0.0,6234.18,4853.16,UPI,Walk-in
SAL20250013469,2025-02-03,STR028,PRD01117,1,2651.1,0.0,2651.1,1446.8,Credit Card,Walk-in
SAL20250013470,2025-02-24,STR015,PRD00257,2,3131.42,0.0,6262.84,4291.54,Cash,Regular
SAL20250013471,2025-02-26,STR040,PRD00299,2,1362.69,0.0,2725.38,1646.6,UPI,Walk-in
SAL20250013472,2025-02-03,STR003,PRD00813,1,3086.68,0.0,3086.68,2009.41,Debit Card,Corporate
SAL20250013473,2025-02-10,STR039,PRD00336,3,1590.59,0.0,4771.77,2463.33,UPI,Corporate
SAL20250013474,2025-02-19,STR008,PRD01075,1,6164.63,0.0,6164.63,3178.28,UPI,Premium
SAL20250013475,2025-02-20,STR036,PRD00061,1,7691.1,0.0,7691.1,5309.86,Net Banking,Corporate
SAL20250013476,2025-02-18,STR020,PRD00855,1,2084.62,0.0,2084.62,1525.55,Debit Card,Regular
SAL20250013477,2025-02-23,STR002,PRD00695,1,2280.88,0.0,2280.88,1276.46,UPI,Regular
SAL20250013478,2025-02-10,STR011,PRD00426,3,496.18,0.0,1488.54,1247.61,UPI,Premium
SAL20250013479,2025-02-22,STR027,PRD00452,5,1046.75,0.0,5233.75,4398.25,UPI,Walk-in
SAL20250013480,2025-02-16,STR037,PRD00706,1,3862.25,0.0,3862.25,2444.01,Cash,Regular
SAL20250013481,2025-02-10,STR011,PRD00943,2,787.16,0.0,1574.32,1064.88,UPI,Regular
SAL20250013482,2025-02-20,STR001,PRD00088,1,22406.29,0.0,22406.29,17527.4,UPI,Walk-in
SAL20250013483,2025-02-06,STR033,PRD00531,1,217.65,0.0,217.65,182.2,UPI,Walk-in
SAL20250013484,2025-02-02,STR022,PRD00441,3,853.01,0.0,2559.03,2121.24,Debit Card,Regular
SAL20250013485,2025-02-17,STR003,PRD00106,1,3614.0,0.0,3614.0,2487.36,Credit Card,Walk-in
SAL20250013486,2025-02-04,STR038,PRD00811,2,243.22,0.0,486.44,281.9,UPI,Premium
SAL20250013487,2025-02-14,STR029,PRD00073,1,23649.92,0.0,23649.92,17123.4,Credit Card,Premium
SAL20250013488,2025-02-07,STR009,PRD00603,3,196.91,0.0,590.73,392.88,UPI,Walk-in
SAL20250013489,2025-02-27,STR021,PRD01047,1,844.86,0.0,844.86,483.38,Credit Card,Regular
SAL20250013490,2025-02-19,STR040,PRD00655,1,75.89,0.0,75.89,47.15,Cash,Walk-in
SAL20250013491,2025-02-23,STR040,PRD00311,2,936.08,0.0,1872.16,1156.68,Cash,Regular
SAL20250013492,2025-02-22,STR005,PRD00284,2,170.59,0.0,341.18,207.06,Credit Card,Premium
SAL20250013493,2025-02-19,STR024,PRD01084,1,10498.54,0.0,10498.54,4211.39,Credit Card,Walk-in
SAL20250013494,2025-02-03,STR007,PRD00593,1,596.07,0.0,596.07,385.84,UPI,Regular
SAL20250013495,2025-02-28,STR018,PRD00109,1,12280.41,0.0,12280.41,9316.5,UPI,Walk-in
SAL20250013496,2025-02-21,STR033,PRD00981,2,76.61,0.0,153.22,108.48,Debit Card,Regular
SAL20250013497,2025-02-24,STR028,PRD01056,4,449.88,0.0,1799.52,1208.04,Credit Card,Regular
SAL20250013498,2025-02-28,STR032,PRD00043,2,22998.01,0.0,45996.02,30605.94,Credit Card,Walk-in
SAL20250013499,2025-02-07,STR039,PRD00405,1,917.35,0.1,825.62,803.86,UPI,Regular
SAL20250013500,2025-02-28,STR016,PRD00896,4,255.31,0.0,1021.24,580.12,Credit Card,Regular
SAL20250013501,2025-02-07,STR026,PRD01138,2,4917.81,0.0,9835.62,5578.62,Net Banking,Regular
SAL20250013502,2025-02-13,STR040,PRD00211,1,6731.6,0.0,6731.6,4925.05,Credit Card,Walk-in
SAL20250013503,2025-02-22,STR006,PRD00328,2,1206.9,0.0,2413.8,1238.02,Debit Card,Premium
SAL20250013504,2025-02-13,STR032,PRD00131,2,11948.61,0.0,23897.22,18064.86,UPI,Regular
SAL20250013505,2025-02-22,STR027,PRD00215,1,9358.07,0.0,9358.07,6525.15,UPI,Regular
SAL20250013506,2025-02-14,STR013,PRD00522,2,1139.79,0.0,2279.58,1751.66,Net Banking,Regular
SAL20250013507,2025-02-05,STR031,PRD00106,2,3614.0,0.0,7228.0,4974.72,UPI,Regular
SAL20250013508,2025-02-22,STR016,PRD00508,2,125.21,0.0,250.42,219.86,UPI,Regular
SAL20250013509,2025-02-08,STR039,PRD00031,1,18632.2,0.0,18632.2,13903.81,Cash,Walk-in
SAL20250013510,2025-02-13,STR024,PRD00188,1,6172.58,0.05,5863.95,4027.57,UPI,Regular
SAL20250013511,2025-02-27,STR011,PRD00225,1,9871.63,0.0,9871.63,6952.04,Credit Card,Walk-in
SAL20250013512,2025-02-11,STR026,PRD00470,2,416.77,0.05,791.86,650.22,Credit Card,Walk-in
SAL20250013513,2025-02-17,STR010,PRD00847,1,2294.5,0.0,2294.5,1617.12,Cash,Regular
SAL20250013514,2025-02-01,STR002,PRD00700,4,4752.07,0.0,19008.28,11458.52,Debit Card,Walk-in
SAL20250013515,2025-02-24,STR031,PRD01174,1,4967.43,0.0,4967.43,2664.97,Net Banking,Walk-in
SAL20250013516,2025-02-03,STR021,PRD00343,2,244.94,0.05,465.39,260.82,Credit Card,Regular
SAL20250013517,2025-02-17,STR001,PRD00939,5,463.84,0.1,2087.28,1211.7,Debit Card,Walk-in
SAL20250013518,2025-02-16,STR024,PRD00968,2,316.7,0.05,601.73,317.52,Credit Card,Corporate
SAL20250013519,2025-02-22,STR032,PRD01147,1,6760.77,0.0,6760.77,3863.28,UPI,Regular
SAL20250013520,2025-02-01,STR023,PRD01049,2,225.77,0.0,451.54,275.76,UPI,Walk-in
SAL20250013521,2025-02-08,STR040,PRD00961,4,294.28,0.0,1177.12,634.12,UPI,Premium
SAL20250013522,2025-02-09,STR029,PRD00956,2,1028.6,0.0,2057.2,1144.0,Debit Card,Regular
SAL20250013523,2025-02-09,STR041,PRD00362,1,1120.03,0.0,1120.03,532.51,UPI,Regular
SAL20250013524,2025-02-09,STR018,PRD00644,-3,812.84,0.0,-2438.52,1357.17,Credit Card,Premium
SAL20250013525,2025-02-16,STR022,PRD00181,2,4428.73,0.0,8857.46,6478.72,UPI,Regular
SAL20250013526,2025-02-21,STR007,PRD00300,1,1106.33,0.0,1106.33,601.1,UPI,Walk-in
SAL20250013527,2025-02-19,STR035,PRD00204,1,3776.34,0.0,3776.34,2580.11,UPI,Regular
SAL20250013528,2025-02-16,STR007,PRD00816,4,1448.92,0.1,5216.11,3429.56,UPI,Regular
SAL20250013529,2025-02-24,STR019,PRD00220,1,5859.46,0.0,5859.46,4561.44,Cash,Regular
SAL20250013530,2025-02-20,STR025,PRD00323,1,361.28,0.0,361.28,188.15,UPI,Walk-in
SAL20250013531,2025-02-10,STR005,PRD00019,1,9063.53,0.0,9063.53,6399.55,UPI,Regular
SAL20250013532,2025-02-06,STR009,PRD00189,2,8529.1,0.0,17058.2,11109.28,UPI,Walk-in
SAL20250013533,2025-02-13,STR018,PRD00834,1,1440.43,0.0,1440.43,915.49,UPI,Walk-in
SAL20250013534,2025-02-12,STR040,PRD00797,1,567.41,0.0,567.41,411.41,Credit Card,Walk-in
SAL20250013535,2025-02-26,STR024,PRD00793,1,2445.38,0.0,2445.38,1405.41,UPI,Regular
SAL20250013536,2025-02-25,STR024,PRD01165,2,6335.51,0.0,12671.02,6057.38,UPI,Corporate
SAL20250013537,2025-02-27,STR021,PRD00962,2,708.41,0.1,1275.14,791.36,Credit Card,Regular
SAL20250013538,2025-02-27,STR037,PRD00682,1,3799.71,0.0,3799.71,2447.28,UPI,Walk-in
SAL20250013539,2025-02-09,STR014,PRD00089,1,24330.95,0.0,24330.95,18400.64,Credit Card,Regular
SAL20250013540,2025-02-16,STR018,PRD00293,1,859.61,0.0,859.61,442.5,Credit Card,Regular
SAL20250013541,2025-02-04,STR040,PRD01140,3,5750.16,0.0,17250.48,9949.38,UPI,Regular
SAL20250013542,2025-02-15,STR036,PRD00866,3,1023.05,0.0,3069.15,1867.11,Debit Card,Premium
SAL20250013543,2025-02-28,STR035,PRD00141,1,2559.21,0.0,2559.21,1944.29,UPI,Walk-in
SAL20250013544,2025-02-16,STR017,PRD00587,1,250.15,0.0,250.15,171.79,UPI,Regular
SAL20250013545,2025-02-25,STR003,PRD00195,1,4088.9,0.0,4088.9,3108.85,UPI,Walk-in
SAL20250013546,2025-02-02,STR001,PRD00977,3,417.51,0.0,1252.53,846.84,UPI,Regular
SAL20250013547,2025-02-04,STR013,PRD00719,4,4808.67,0.0,19234.68,11036.84,Credit Card,Corporate
SAL20250013548,2025-02-03,STR005,PRD00473,1,113.62,0.0,113.62,94.83,Cash,Regular
SAL20250013549,2025-02-18,STR029,PRD00019,1,9063.53,0.0,9063.53,6399.55,Credit Card,Regular
SAL20250013550,2025-02-08,STR015,PRD00312,1,662.59,0.1,596.33,388.19,UPI,Regular
SAL20250013551,2025-02-05,STR037,PRD00822,1,3937.8,0.0,3937.8,2399.9,UPI,Walk-in
SAL20250013552,2025-02-16,STR010,PRD01057,1,52.31,0.0,52.31,33.3,UPI,Walk-in
SAL20250013553,2025-02-04,STR025,PRD01155,1,7374.97,0.05,7006.22,3660.91,Credit Card,Walk-in
SAL20250013554,2025-02-26,STR004,PRD00332,1,556.82,0.05,528.98,272.93,Debit Card,Walk-in
SAL20250013555,2025-02-22,STR034,PRD00288,2,827.89,0.0,1655.78,878.72,UPI,Corporate
SAL20250013556,2025-02-05,STR024,PRD00219,1,1404.86,0.0,1404.86,998.92,UPI,Walk-in
SAL20250013557,2025-02-19,STR030,PRD00647,1,284.75,0.0,284.75,189.07,UPI,Corporate
SAL20250013558,2025-02-05,STR024,PRD00384,2,1012.08,0.0,2024.16,1027.28,UPI,Regular
SAL20250013559,2025-02-17,STR019,PRD01009,3,52.33,0.05,149.14,88.17,UPI,Premium
SAL20250013560,2025-02-07,STR014,PRD00896,3,255.31,0.0,765.93,435.09,Credit Card,Walk-in
SAL20250013561,2025-02-12,STR005,PRD00694,1,3202.51,0.0,3202.51,2319.01,UPI,Regular
SAL20250013562,2025-02-03,STR012,PRD01176,3,5880.6,0.0,17641.8,10557.99,Credit Card,Regular
SAL20250013563,2025-02-25,STR014,PRD00041,1,19732.0,0.0,19732.0,14953.27,UPI,Regular
SAL20250013564,2025-02-15,STR026,PRD00058,2,3380.1,0.0,6760.2,5137.0,Credit Card,Regular
SAL20250013565,2025-02-12,STR005,PRD00844,1,3943.03,0.1,3548.73,2224.57,Net Banking,Premium
SAL20250013566,2025-02-20,STR018,PRD00432,6,845.55,0.05,4819.63,3882.24,Debit Card,Walk-in
SAL20250013567,2025-02-04,STR023,PRD00717,1,402.54,0.0,402.54,262.23,Credit Card,Walk-in
SAL20250013568,2025-02-22,STR029,PRD00101,1,2548.25,0.0,2548.25,1803.25,Credit Card,Walk-in
SAL20250013569,2025-02-03,STR003,PRD01194,1,6442.41,0.0,6442.41,3885.18,Debit Card,Regular
SAL20250013570,2025-02-08,STR032,PRD00124,2,10921.57,0.0,21843.14,14247.1,Debit Card,Premium
SAL20250013571,2025-02-15,STR035,PRD00921,1,3248.47,0.0,3248.47,1833.94,Credit Card,Walk-in
SAL20250013572,2025-02-16,STR031,PRD00489,6,850.74,0.0,5104.44,4145.28,UPI,Regular
SAL20250013573,2025-02-04,STR032,PRD00865,1,2254.56,0.0,2254.56,1423.93,UPI,Regular
SAL20250013574,2025-02-23,STR007,PRD00737,4,1053.41,0.0,4213.64,3013.48,UPI,Premium
SAL20250013575,2025-02-17,STR030,PRD00246,1,1945.93,0.05,1848.63,1239.78,UPI,Premium
SAL20250013576,2025-02-17,STR015,PRD01003,1,278.9,0.0,278.9,146.32,UPI,Walk-in
SAL20250013577,2025-02-13,STR006,PRD01164,1,2114.79,0.05,2009.05,1108.71,UPI,Regular
SAL20250013578,2025-02-10,STR034,PRD01095,1,4795.88,0.0,4795.88,2620.97,UPI,Regular
SAL20250013579,2025-02-13,STR015,PRD00871,3,1211.65,0.05,3453.2,2577.96,Credit Card,Regular
SAL20250013580,2025-02-20,STR013,PRD00206,1,10675.4,0.0,10675.4,6883.05,UPI,Regular
SAL20250013581,2025-02-11,STR023,PRD00872,1,467.45,0.0,467.45,333.62,Net Banking,Walk-in
SAL20250013582,2025-02-19,STR018,PRD00518,1,1000.64,0.05,950.61,768.43,UPI,Walk-in
SAL20250013583,2025-02-06,STR025,PRD00209,1,4015.2,0.0,4015.2,2717.92,Credit Card,Regular
SAL20250013584,2025-02-28,STR015,PRD00664,1,181.84,0.0,181.84,109.21,UPI,Walk-in
SAL20250013585,2025-02-16,STR012,PRD00967,1,44.43,0.0,44.43,28.54,UPI,Walk-in
SAL20250013586,2025-02-28,STR033,PRD01171,1,6541.96,0.1,5887.76,2623.89,UPI,Regular
SAL20250013587,2025-02-03,STR035,PRD00102,1,21236.57,0.0,21236.57,16141.17,UPI,Regular
SAL20250013588,2025-02-01,STR036,PRD00175,1,11344.22,0.0,11344.22,7434.87,Debit Card,Walk-in
SAL20250013589,2025-02-24,STR036,PRD00757,1,1608.8,0.0,1608.8,1037.87,Debit Card,Walk-in
SAL20250013590,2025-02-13,STR032,PRD00621,2,335.41,0.0,670.82,470.86,UPI,Walk-in
SAL20250013591,2025-02-18,STR022,PRD01104,3,7758.33,0.0,23274.99,10465.08,Cash,Regular
SAL20250013592,2025-02-07,STR030,PRD00921,1,3248.47,0.0,3248.47,1833.94,Debit Card,Premium
SAL20250013593,2025-02-23,STR026,PRD01109,1,5029.33,0.0,5029.33,2768.42,UPI,Walk-in
SAL20250013594,2025-02-27,STR018,PRD00794,1,5386.59,0.1,4847.93,3160.43,Debit Card,Regular
SAL20250013595,2025-02-21,STR035,PRD00370,1,676.23,0.0,676.23,451.33,Credit Card,Walk-in
SAL20250013596,2025-02-15,STR031,PRD00592,1,365.4,0.0,365.4,218.29,Credit Card,Walk-in
SAL20250013597,2025-02-19,STR037,PRD00852,2,1751.61,0.0,3503.22,2429.68,Cash,Walk-in
SAL20250013598,2025-02-12,STR028,PRD00416,5,833.51,0.0,4167.55,3458.95,UPI,Walk-in
SAL20250013599,2025-02-20,STR024,PRD00344,1,702.67,0.0,702.67,433.6,Debit Card,Walk-in
SAL20250013600,2025-02-24,STR006,PRD00924,2,261.16,0.0,522.32,389.0,Cash,Corporate
SAL20250013601,2025-02-28,STR022,PRD01016,3,253.56,0.0,760.68,484.2,Credit Card,Corporate
SAL20250013602,2025-02-13,STR040,PRD00199,1,1863.27,0.0,1863.27,1335.3,UPI,Regular
SAL20250013603,2025-02-27,STR004,PRD00703,2,940.1,0.0,1880.2,1401.1,Debit Card,Regular
SAL20250013604,2025-02-19,STR033,PRD00072,1,4522.2,0.0,4522.2,3124.59,UPI,Regular
SAL20250013605,2025-02-08,STR004,PRD00480,2,103.25,0.0,206.5,172.34,Net Banking,Walk-in
SAL20250013606,2025-02-04,STR002,PRD00299,1,1362.69,0.0,1362.69,823.3,UPI,Premium
SAL20250013607,2025-02-16,STR039,PRD00760,4,4801.08,0.0,19204.32,12691.24,UPI,Walk-in
SAL20250013608,2025-02-28,STR010,PRD00371,1,199.9,0.0,199.9,113.45,UPI,Walk-in
SAL20250013609,2025-02-04,STR035,PRD00556,3,634.75,0.0,1904.25,1412.94,Debit Card,Premium
SAL20250013610,2025-02-05,STR003,PRD01020,1,560.55,0.1,504.49,361.97,UPI,Corporate
SAL20250013611,2025-02-18,STR008,PRD01041,2,954.2,0.0,1908.4,1065.62,UPI,Premium
SAL20250013612,2025-02-12,STR026,PRD00444,2,347.0,0.0,694.0,571.92,Credit Card,Walk-in
SAL20250013613,2025-02-08,STR035,PRD01141,1,1387.21,0.0,1387.21,810.65,UPI,Corporate
SAL20250013614,2025-02-28,STR001,PRD00843,1,1073.63,0.0,1073.63,689.46,UPI,Walk-in
SAL20250013615,2025-02-01,STR009,PRD00598,2,173.87,0.05,330.35,244.98,Cash,Premium
SAL20250013616,2025-02-17,STR035,PRD00930,4,4102.13,0.0,16408.52,9461.36,Credit Card,Regular
SAL20250013617,2025-02-20,STR034,PRD00117,1,5653.79,0.05,5371.1,4053.02,UPI,Regular
SAL20250013618,2025-02-11,STR005,PRD00941,1,737.4,0.0,737.4,511.09,UPI,Walk-in
SAL20250013619,2025-02-07,STR005,PRD00803,3,2033.91,0.0,6101.73,3674.22,UPI,Walk-in
SAL20250013620,2025-02-02,STR034,PRD00738,1,984.8,0.0,984.8,687.04,UPI,Walk-in
SAL20250013621,2025-02-01,STR034,PRD00533,3,799.67,0.0,2399.01,1986.18,UPI,Regular
SAL20250013622,2025-02-04,STR040,PRD00871,3,1211.65,0.05,3453.2,2577.96,Credit Card,Corporate
SAL20250013623,2025-02-04,STR002,PRD00337,1,1047.01,0.0,1047.01,731.43,Credit Card,Walk-in
SAL20250013624,2025-02-24,STR015,PRD00984,2,34.1,0.0,68.2,40.04,UPI,Regular
SAL20250013625,2025-02-14,STR030,PRD01069,1,2127.71,0.0,2127.71,1083.85,Credit Card,Regular
SAL20250013626,2025-02-21,STR029,PRD01047,4,844.86,0.0,3379.44,1933.52,Cash,Premium
SAL20250013627,2025-02-11,STR015,PRD00346,1,927.55,0.0,927.55,634.62,Debit Card,Corporate
SAL20250013628,2025-02-03,STR021,PRD00458,2,587.81,0.0,1175.62,891.84,UPI,Walk-in
SAL20250013629,2025-02-07,STR015,PRD00738,1,984.8,0.0,984.8,687.04,UPI,Premium
SAL20250013630,2025-02-14,STR024,PRD00328,2,1206.9,0.0,2413.8,1238.02,Cash,Regular
SAL20250013631,2025-02-02,STR024,PRD00095,1,18324.65,0.0,18324.65,13913.8,UPI,Walk-in
SAL20250013632,2025-02-19,STR011,PRD01116,1,792.37,0.0,792.37,396.32,UPI,Walk-in
SAL20250013633,2025-02-20,STR029,PRD00743,1,1675.83,0.0,1675.83,1131.56,Credit Card,Regular
SAL20250013634,2025-02-25,STR011,PRD01033,2,703.74,0.0,1407.48,757.38,Credit Card,Regular
SAL20250013635,2025-02-24,STR003,PRD00350,1,1107.22,0.05,1051.86,735.62,UPI,Regular
SAL20250013636,2025-02-16,STR033,PRD00072,1,4522.2,0.0,4522.2,3124.59,UPI,Walk-in
SAL20250013637,2025-02-09,STR008,PRD00425,1,878.01,0.0,878.01,697.51,Credit Card,Corporate
SAL20250013638,2025-02-07,STR009,PRD01048,1,623.5,0.0,623.5,415.19,UPI,Walk-in
SAL20250013639,2025-02-05,STR032,PRD01001,6,315.54,0.1,1703.92,1070.22,Cash,Walk-in
SAL20250013640,2025-02-09,STR010,PRD00689,1,492.79,0.0,492.79,332.83,UPI,Walk-in
SAL20250013641,2025-02-01,STR036,PRD00613,6,239.41,0.0,1436.46,1071.66,Credit Card,Walk-in
SAL20250013642,2025-02-06,STR013,PRD00364,1,296.2,0.0,296.2,195.69,UPI,Regular
SAL20250013643,2025-02-11,STR017,PRD00177,1,10270.98,0.0,10270.98,7398.07,UPI,Walk-in
SAL20250013644,2025-02-26,STR019,PRD00762,2,1596.23,0.1,2873.21,1819.72,UPI,Regular
SAL20250013645,2025-02-28,STR016,PRD00292,1,975.97,0.0,975.97,491.67,Credit Card,Premium
SAL20250013646,2025-02-12,STR037,PRD01039,1,616.85,0.05,586.01,393.94,Credit Card,Regular
SAL20250013647,2025-02-09,STR028,PRD00926,1,683.78,0.0,683.78,481.25,UPI,Walk-in
SAL20250013648,2025-02-20,STR013,PRD01032,1,117.65,0.0,117.65,70.2,UPI,Walk-in
SAL20250013649,2025-02-28,STR032,PRD00514,1,1177.91,0.0,1177.91,914.33,UPI,Regular
SAL20250013650,2025-02-23,STR039,PRD00462,4,271.55,0.0,1086.2,821.04,UPI,Walk-in
SAL20250013651,2025-02-02,STR008,PRD00990,1,577.78,0.1,520.0,350.79,Debit Card,Regular
SAL20250013652,2025-02-05,STR016,PRD00557,5,210.61,0.1,947.75,672.15,Credit Card,Regular
SAL20250013653,2025-02-23,STR017,PRD00398,1,358.79,0.0,358.79,173.35,Net Banking,Walk-in
SAL20250013654,2025-02-24,STR029,PRD01135,3,2481.4,0.0,7444.2,3779.22,Cash,Walk-in
SAL20250013655,2025-02-24,STR027,PRD00008,1,14817.35,0.0,14817.35,10393.47,UPI,Regular
SAL20250013656,2025-02-16,STR035,PRD00883,1,2575.75,0.0,2575.75,1437.48,UPI,Regular
SAL20250013657,2025-02-09,STR006,PRD00885,1,1948.54,0.0,1948.54,1253.39,UPI,Walk-in
SAL20250013658,2025-02-28,STR009,PRD00112,1,3948.48,0.0,3948.48,3127.23,UPI,Regular
SAL20250013659,2025-02-17,STR002,PRD00207,1,9083.73,0.0,9083.73,6742.14,Debit Card,Walk-in
SAL20250013660,2025-02-27,STR014,PRD00880,1,430.21,0.0,430.21,293.94,Net Banking,Regular
SAL20250013661,2025-02-15,STR019,PRD01075,4,6164.63,0.0,24658.52,12713.12,Debit Card,Regular
SAL20250013662,2025-02-28,STR027,PRD00452,6,1046.75,0.0,6280.5,5277.9,Credit Card,Regular
SAL20250013663,2025-02-22,STR013,PRD00664,2,181.84,0.0,363.68,218.42,UPI,Regular
SAL20250013664,2025-02-25,STR006,PRD00768,1,281.0,0.0,281.0,205.1,Net Banking,Walk-in
SAL20250013665,2025-02-28,STR013,PRD00400,1,920.96,0.0,920.96,551.48,Debit Card,Regular
SAL20250013666,2025-02-19,STR020,PRD01199,4,6549.57,0.0,26198.28,13586.6,UPI,Walk-in
SAL20250013667,2025-02-18,STR004,PRD00949,1,855.15,0.0,855.15,566.85,UPI,Premium
SAL20250013668,2025-02-18,STR026,PRD00682,2,3799.71,0.0,7599.42,4894.56,Debit Card,Walk-in
SAL20250013669,2025-02-19,STR037,PRD01116,2,792.37,0.0,1584.74,792.64,UPI,Regular
SAL20250013670,2025-02-05,STR007,PRD00352,1,930.67,0.0,930.67,596.9,UPI,Corporate
SAL20250013671,2025-02-03,STR028,PRD00196,1,3177.64,0.05,3018.76,2246.88,UPI,Regular
SAL20250013672,2025-02-13,STR002,PRD00391,1,716.46,0.0,716.46,347.41,UPI,Regular
SAL20250013673,2025-02-08,STR025,PRD01096,2,3066.12,0.0,6132.24,3428.52,Cash,Walk-in
SAL20250013674,2025-02-06,STR041,PRD00970,4,370.51,0.0,1482.04,959.08,UPI,Regular
SAL20250013675,2025-02-01,STR025,PRD00014,1,5918.05,0.0,5918.05,4586.64,UPI,Walk-in
SAL20250013676,2025-02-11,STR011,PRD00163,1,12710.38,0.0,12710.38,7712.99,UPI,Regular
SAL20250013677,2025-02-02,STR038,PRD00291,1,469.9,0.0,469.9,279.76,Cash,Regular
SAL20250013678,2025-02-22,STR011,PRD00371,1,199.9,0.0,199.9,113.45,Debit Card,Walk-in
SAL20250013679,2025-02-09,STR007,PRD01141,1,1387.21,0.0,1387.21,810.65,Cash,Corporate
SAL20250013680,2025-02-14,STR037,PRD00693,2,2512.22,0.1,4522.0,3342.84,UPI,Regular
SAL20250013681,2025-02-08,STR025,PRD00096,1,1587.91,0.0,1587.91,1154.69,Credit Card,Walk-in
SAL20250013682,2025-02-27,STR009,PRD00907,4,1536.02,0.0,6144.08,3907.48,UPI,Regular
SAL20250013683,2025-02-01,STR001,PRD00469,3,499.21,0.0,1497.63,1168.35,UPI,Regular
SAL20250013684,2025-02-10,STR004,PRD01118,2,5734.69,0.0,11469.38,6742.2,Debit Card,Regular
SAL20250013685,2025-02-27,STR034,PRD00522,1,1139.79,0.0,1139.79,875.83,UPI,Corporate
SAL20250013686,2025-02-07,STR006,PRD00094,1,15405.56,0.0,15405.56,12408.34,Debit Card,Walk-in
SAL20250013687,2025-02-17,STR033,PRD00735,1,2710.38,0.0,2710.38,1616.28,UPI,Walk-in
SAL20250013688,2025-02-18,STR024,PRD00052,1,1655.5,0.0,1655.5,1137.08,Credit Card,Walk-in
SAL20250013689,2025-02-19,STR023,PRD01172,1,1132.5,0.0,1132.5,578.06,UPI,Corporate
SAL20250013690,2025-02-10,STR007,PRD00150,1,1288.03,0.0,1288.03,897.46,UPI,Walk-in
SAL20250013691,2025-02-22,STR031,PRD00642,1,467.68,0.05,444.3,290.22,UPI,Premium
SAL20250013692,2025-02-12,STR038,PRD00155,1,2214.51,0.0,2214.51,1652.19,UPI,Regular
SAL20250013693,2025-02-24,STR014,PRD00963,1,93.93,0.0,93.93,63.76,Credit Card,Regular
SAL20250013694,2025-02-11,STR022,PRD01082,1,1474.53,0.0,1474.53,797.26,UPI,Regular
SAL20250013695,2025-02-06,STR015,PRD00947,3,413.13,0.1,1115.45,624.06,Debit Card,Regular
SAL20250013696,2025-02-20,STR038,PRD00491,2,675.67,0.0,1351.34,1053.42,Credit Card,Corporate
SAL20250013697,2025-02-14,STR014,PRD00654,2,474.17,0.0,948.34,648.78,Credit Card,Premium
SAL20250013698,2025-02-13,STR005,PRD00716,1,1780.84,0.0,1780.84,1007.46,UPI,Regular
SAL20250013699,2025-02-25,STR036,PRD00533,5,799.67,0.0,3998.35,3310.3,Debit Card,Walk-in
SAL20250013700,2025-02-01,STR031,PRD00571,2,201.22,0.0,402.44,286.98,Credit Card,Walk-in
SAL20250013701,2025-02-13,STR036,PRD00233,1,9134.67,0.1,8221.2,7104.84,Credit Card,Corporate
SAL20250013702,2025-02-15,STR015,PRD00658,2,338.62,0.0,677.24,455.36,Debit Card,Regular
SAL20250013703,2025-02-17,STR036,PRD00378,1,667.36,0.0,667.36,365.54,UPI,Walk-in
SAL20250013704,2025-02-02,STR038,PRD00336,1,1590.59,0.0,1590.59,821.11,UPI,Corporate
SAL20250013705,2025-02-10,STR032,PRD00659,4,294.97,0.0,1179.88,875.36,Debit Card,Regular
SAL20250013706,2025-02-24,STR039,PRD01017,1,1092.19,0.0,1092.19,591.69,Credit Card,Regular
SAL20250013707,2025-02-08,STR014,PRD00650,1,429.23,0.1,386.31,249.31,UPI,Premium
SAL20250013708,2025-02-04,STR029,PRD00540,2,550.54,0.0,1101.08,777.24,Debit Card,Regular
SAL20250013709,2025-02-12,STR012,PRD00910,2,2302.88,0.0,4605.76,3159.38,UPI,Premium
SAL20250013710,2025-02-25,STR011,PRD00302,2,486.18,0.05,923.74,450.18,Cash,Regular
SAL20250013711,2025-02-22,STR025,PRD00179,1,5253.14,0.0,5253.14,3207.54,Cash,Corporate
SAL20250013712,2025-02-04,STR031,PRD00826,3,174.23,0.0,522.69,360.6,UPI,Regular
SAL20250013713,2025-02-13,STR013,PRD00029,1,24663.79,0.0,24663.79,16157.43,UPI,Premium
SAL20250013714,2025-02-25,STR003,PRD00219,1,1404.86,0.0,1404.86,998.92,Credit Card,Regular
SAL20250013715,2025-02-15,STR041,PRD00933,2,3527.61,0.0,7055.22,4360.6,UPI,Walk-in
SAL20250013716,2025-02-23,STR008,PRD00569,1,219.4,0.05,208.43,143.3,Debit Card,Regular
SAL20250013717,2025-02-03,STR018,PRD00311,1,936.08,0.05,889.28,578.34,Cash,Regular
SAL20250013718,2025-02-08,STR034,PRD01198,1,7043.58,0.0,7043.58,4432.23,UPI,Regular
SAL20250013719,2025-02-01,STR004,PRD00935,5,821.43,0.0,4107.15,2930.5,UPI,Walk-in
SAL20250013720,2025-02-04,STR009,PRD00313,1,1406.36,0.0,1406.36,639.34,Net Banking,Regular
SAL20250013721,2025-02-19,STR030,PRD00352,1,930.67,0.05,884.14,596.9,Credit Card,Premium
SAL20250013722,2025-02-01,STR025,PRD00756,2,3090.95,0.0,6181.9,4416.8,UPI,Walk-in
SAL20250013723,2025-02-28,STR019,PRD01197,2,2167.83,0.0,4335.66,2322.36,UPI,Regular
SAL20250013724,2025-02-23,STR004,PRD00326,1,1442.32,0.1,1298.09,681.43,Credit Card,Walk-in
SAL20250013725,2025-02-23,STR010,PRD00669,1,3235.01,0.0,3235.01,1886.76,UPI,Walk-in
SAL20250013726,2025-02-15,STR003,PRD00592,1,365.4,0.0,365.4,218.29,Debit Card,Walk-in
SAL20250013727,2025-02-26,STR019,PRD00112,1,3948.48,0.0,3948.48,3127.23,UPI,Regular
SAL20250013728,2025-02-10,STR030,PRD00725,2,2084.99,0.0,4169.98,3023.38,Credit Card,Corporate
SAL20250013729,2025-02-20,STR014,PRD00428,1,311.12,0.0,311.12,244.75,Credit Card,Regular
SAL20250013730,2025-02-25,STR015,PRD01153,2,5497.78,0.0,10995.56,4999.1,UPI,Walk-in
SAL20250013731,2025-02-27,STR004,PRD00019,2,9063.53,0.1,16314.35,12799.1,Credit Card,Walk-in
SAL20250013732,2025-02-08,STR027,PRD00571,2,201.22,0.0,402.44,286.98,Credit Card,Walk-in
SAL20250013733,2025-02-06,STR021,PRD01172,3,1132.5,0.0,3397.5,1734.18,Cash,Regular
SAL20250013734,2025-02-03,STR001,PRD00834,1,1440.43,0.0,1440.43,915.49,Debit Card,Regular
SAL20250013735,2025-02-22,STR022,PRD01182,2,9675.4,0.1,17415.72,8531.12,Credit Card,Regular
SAL20250013736,2025-02-01,STR007,PRD00839,1,2839.58,0.0,2839.58,1814.97,UPI,Walk-in
SAL20250013737,2025-02-09,STR020,PRD01107,2,1600.76,0.1,2881.37,1470.26,UPI,Premium
SAL20250013738,2025-02-17,STR020,PRD01037,3,431.13,0.0,1293.39,696.57,UPI,Regular
SAL20250013739,2025-02-08,STR036,PRD00963,1,93.93,0.0,93.93,63.76,Cash,Regular
SAL20250013740,2025-02-04,STR021,PRD01109,1,5029.33,0.0,5029.33,2768.42,Cash,Walk-in
SAL20250013741,2025-02-05,STR010,PRD00442,1,148.56,0.0,148.56,119.7,UPI,Regular
SAL20250013742,2025-02-06,STR041,PRD00841,3,1965.17,0.0,5895.51,4014.78,UPI,Walk-in
SAL20250013743,2025-02-27,STR002,PRD00641,1,499.93,0.0,499.93,333.12,UPI,Premium
SAL20250013744,2025-02-15,STR002,PRD00392,3,436.74,0.0,1310.22,726.84,Cash,Walk-in
SAL20250013745,2025-02-02,STR018,PRD00831,2,2902.42,0.0,5804.84,3986.34,Cash,Premium
SAL20250013746,2025-02-18,STR040,PRD01022,1,1023.04,0.0,1023.04,628.51,UPI,Premium
SAL20250013747,2025-02-01,STR016,PRD00957,6,157.86,0.0,947.16,567.3,UPI,Premium
SAL20250013748,2025-02-07,STR038,PRD00930,3,4102.13,0.0,12306.39,7096.02,Credit Card,Regular
SAL20250013749,2025-02-06,STR004,PRD00860,4,694.13,0.0,2776.52,1670.04,UPI,Regular
SAL20250013750,2025-02-22,STR019,PRD00023,2,6541.47,0.0,13082.94,8856.64,Credit Card,Corporate
SAL20250013751,2025-02-07,STR030,PRD00642,3,467.68,0.0,1403.04,870.66,Credit Card,Regular
SAL20250013752,2025-02-22,STR010,PRD00183,1,6835.62,0.0,6835.62,4488.56,UPI,Regular
SAL20250013753,2025-02-13,STR035,PRD01032,1,117.65,0.0,117.65,70.2,UPI,Walk-in
SAL20250013754,2025-02-06,STR010,PRD00269,1,151.87,0.0,151.87,99.82,Credit Card,Regular
SAL20250013755,2025-02-04,STR025,PRD01157,2,8076.82,0.0,16153.64,8530.82,UPI,Walk-in
SAL20250013756,2025-02-09,STR025,PRD00872,1,467.45,0.0,467.45,333.62,UPI,Regular
SAL20250013757,2025-02-09,STR033,PRD00986,1,156.79,0.0,156.79,112.14,Cash,Premium
SAL20250013758,2025-02-22,STR028,PRD00997,1,893.9,0.0,893.9,624.69,Debit Card,Regular
SAL20250013759,2025-02-20,STR036,PRD00564,10,566.41,0.0,5664.1,3479.7,Credit Card,Regular
SAL20250013760,2025-02-17,STR009,PRD00553,1,150.28,0.1,135.25,87.11,UPI,Walk-in
SAL20250013761,2025-02-02,STR041,PRD01108,1,4924.79,0.05,4678.55,2289.5,UPI,Regular
SAL20250013762,2025-02-08,STR005,PRD00975,1,912.31,0.0,912.31,598.5,Debit Card,Regular
SAL20250013763,2025-02-10,STR036,PRD00353,1,948.44,0.0,948.44,529.81,Debit Card,Walk-in
SAL20250013764,2025-02-14,STR037,PRD00617,5,496.18,0.0,2480.9,1815.05,Credit Card,Regular
SAL20250013765,2025-02-27,STR004,PRD00884,3,1777.05,0.0,5331.15,3259.02,Credit Card,Regular
SAL20250013766,2025-02-16,STR033,PRD00275,2,1560.95,0.0,3121.9,1695.8,Debit Card,Regular
SAL20250013767,2025-02-13,STR030,PRD00131,1,11948.61,0.0,11948.61,9032.43,Credit Card,Regular
SAL20250013768,2025-02-05,STR027,PRD00577,5,262.74,0.1,1182.33,946.4,Debit Card,Premium
SAL20250013769,2025-02-18,STR039,PRD00786,2,2271.94,0.0,4543.88,3066.98,Net Banking,Walk-in
SAL20250013770,2025-02-03,STR023,PRD00349,4,152.26,0.1,548.14,335.48,UPI,Walk-in
SAL20250013771,2025-02-26,STR008,PRD01149,1,4599.19,0.05,4369.23,2334.77,Net Banking,Regular
SAL20250013772,2025-02-18,STR002,PRD00897,2,3626.87,0.0,7253.74,4738.42,Credit Card,Regular
SAL20250013773,2025-02-24,STR016,PRD00449,1,236.21,0.1,212.59,199.14,Debit Card,Premium
SAL20250013774,2025-02-19,STR001,PRD01054,3,256.04,0.0,768.12,503.88,Credit Card,Walk-in
SAL20250013775,2025-02-17,STR001,PRD00583,3,704.61,0.0,2113.83,1312.77,UPI,Regular
SAL20250013776,2025-02-02,STR016,PRD00537,3,133.85,0.0,401.55,236.34,UPI,Walk-in
SAL20250013777,2025-02-07,STR003,PRD00665,3,157.57,0.0,472.71,309.42,UPI,Walk-in
SAL20250013778,2025-02-04,STR004,PRD00376,1,1476.13,0.05,1402.32,682.99,Credit Card,Walk-in
SAL20250013779,2025-02-01,STR033,PRD00799,2,3907.93,0.0,7815.86,4917.16,UPI,Walk-in
SAL20250013780,2025-02-08,STR013,PRD00785,3,4604.98,0.05,13124.19,8264.49,UPI,Walk-in
SAL20250013781,2025-02-11,STR032,PRD00180,1,3550.84,0.0,3550.84,2526.78,UPI,Walk-in
SAL20250013782,2025-02-26,STR006,PRD00260,1,8853.62,0.0,8853.62,5607.87,Cash,Walk-in
SAL20250013783,2025-02-08,STR026,PRD00283,1,917.06,0.0,917.06,431.47,Credit Card,Regular
SAL20250013784,2025-02-12,STR026,PRD00253,2,9663.5,0.0,19327.0,13434.14,Cash,Walk-in
SAL20250013785,2025-02-03,STR031,PRD00815,3,2750.26,0.0,8250.78,5542.77,UPI,Walk-in
SAL20250013786,2025-02-30,STR012,PRD00052,1,1655.5,0.05,1572.72,1137.08,Credit Card,Walk-in
SAL20250013787,2025-02-03,STR018,PRD00856,3,1871.17,0.05,5332.83,3637.71,Credit Card,Walk-in
SAL20250013788,2025-02-19,STR008,PRD00448,5,612.68,0.05,2910.23,2592.8,UPI,Regular
SAL20250013789,2025-02-14,STR007,PRD00005,1,25382.71,0.0,25382.71,18438.86,UPI,Premium
SAL20250013790,2025-02-06,STR016,PRD00228,1,4421.9,0.0,4421.9,2982.31,UPI,Regular
SAL20250013791,2025-02-17,STR030,PRD00470,1,416.77,0.0,416.77,325.11,UPI,Regular
SAL20250013792,2025-02-20,STR029,PRD00579,4,398.71,0.1,1435.36,1168.68,UPI,Walk-in
SAL20250013793,2025-02-10,STR014,PRD00741,1,2848.85,0.0,2848.85,2028.89,UPI,Regular
SAL20250013794,2025-02-27,STR018,PRD00040,1,26675.54,0.0,26675.54,17487.01,UPI,Walk-in
SAL20250013795,2025-02-10,STR041,PRD00720,1,3749.56,0.0,3749.56,2104.95,Credit Card,Walk-in
SAL20250013796,2025-02-28,STR032,PRD00860,1,694.13,0.0,694.13,417.51,UPI,Premium
SAL20250013797,2025-02-20,STR040,PRD00104,1,21587.41,0.0,21587.41,17582.83,UPI,Walk-in
SAL20250013798,2025-02-03,STR019,PRD00747,2,1306.66,0.0,2613.32,1920.32,Cash,Walk-in
SAL20250013799,2025-02-17,STR019,PRD01103,1,5704.94,0.0,5704.94,2392.72,UPI,Walk-in
SAL20250013800,2025-02-16,STR003,PRD00274,1,920.1,0.0,920.1,425.76,UPI,Walk-in
SAL20250013801,2025-02-11,STR025,PRD00410,1,245.81,0.0,245.81,192.76,UPI,Walk-in
SAL20250013802,2025-02-20,STR021,PRD00037,1,21728.77,0.05,20642.33,16760.42,UPI,Walk-in
SAL20250013803,2025-02-18,STR006,PRD01133,1,8197.9,0.0,8197.9,3765.02,Credit Card,Regular
SAL20250013804,2025-02-13,STR012,PRD00772,1,988.94,0.0,988.94,659.49,UPI,Walk-in
SAL20250013805,2025-02-16,STR020,PRD00195,1,4088.9,0.0,4088.9,3108.85,Debit Card,Regular
SAL20250013806,2025-02-28,STR007,PRD00126,2,8140.39,0.05,15466.74,12262.64,Credit Card,Walk-in
SAL20250013807,2025-02-12,STR010,PRD00066,1,7423.58,0.0,7423.58,5820.76,UPI,Walk-in
SAL20250013808,2025-02-12,STR028,PRD01055,1,428.04,0.0,428.04,266.57,Debit Card,Regular
SAL20250013809,2025-02-09,STR031,PRD01061,6,1015.91,0.0,6095.46,3213.18,Cash,Regular
SAL20250013810,2025-02-16,STR029,PRD00821,1,2784.44,0.0,2784.44,1582.41,Debit Card,Walk-in
SAL20250013811,2025-02-15,STR033,PRD01040,1,466.28,0.0,466.28,330.77,Credit Card,Walk-in
SAL20250013812,2025-02-25,STR005,PRD00804,1,782.93,0.0,782.93,564.78,UPI,Regular
SAL20250013813,2025-02-02,STR031,PRD00845,1,2226.26,0.0,2226.26,1523.41,Net Banking,Walk-in
SAL20250013814,2025-02-11,,PRD00301,2,189.19,0.0,378.38,260.54,Cash,Premium
SAL20250013815,2025-02-06,STR015,PRD00860,2,694.13,0.0,1388.26,835.02,Net Banking,Walk-in
SAL20250013816,2025-02-13,STR030,PRD01101,1,4929.57,0.0,4929.57,2668.17,UPI,Regular
SAL20250013817,2025-02-21,STR011,PRD00299,1,1362.69,0.05,1294.56,823.3,UPI,Regular
SAL20250013818,2025-02-14,STR003,PRD00120,1,22170.49,0.0,22170.49,16305.22,Credit Card,Walk-in
SAL20250013819,2025-02-23,STR036,PRD00767,1,2122.92,0.0,2122.92,1557.14,Credit Card,Regular
SAL20250013820,2025-02-22,STR020,PRD00026,1,4182.92,0.1,3764.63,3047.01,Credit Card,Premium
SAL20250013821,2025-02-23,STR041,PRD00745,2,2529.52,0.0,5059.04,3658.36,Credit Card,Walk-in
SAL20250013822,2025-02-18,STR012,PRD00724,1,2856.14,0.0,2856.14,1594.41,Debit Card,Walk-in
SAL20250013823,2025-02-10,STR026,PRD01031,2,1036.47,0.0,2072.94,1046.74,UPI,Regular
SAL20250013824,2025-02-23,STR032,PRD00574,4,560.83,0.0,2243.32,1354.24,Debit Card,Regular
SAL20250013825,2025-02-25,STR017,PRD00681,1,4114.63,0.0,4114.63,2696.18,Credit Card,Regular
SAL20250013826,2025-02-19,STR006,PRD00584,1,232.29,0.0,232.29,142.35,UPI,Premium
SAL20250013827,2025-02-12,STR029,PRD00310,1,607.97,0.1,547.17,303.74,UPI,Walk-in
SAL20250013828,2025-02-10,STR034,PRD00906,1,3449.48,0.0,3449.48,2116.22,Cash,Walk-in
SAL20250013829,2025-02-09,STR010,PRD00572,2,728.84,0.0,1457.68,937.68,Debit Card,Regular
SAL20250013830,2025-02-18,STR036,PRD00320,1,273.23,0.0,273.23,149.99,UPI,Corporate
SAL20250013831,2025-02-04,STR011,PRD00465,1,578.8,0.0,578.8,442.8,Net Banking,Regular
SAL20250013832,2025-02-26,STR040,PRD00723,1,1757.3,0.1,1581.57,1097.96,UPI,Regular
SAL20250013833,2025-02-18,STR016,PRD00460,3,816.3,0.0,2448.9,2003.31,UPI,Premium
SAL20250013834,2025-02-03,STR027,PRD00194,1,5905.12,0.0,5905.12,4140.26,UPI,Regular
SAL20250013835,2025-02-12,STR040,PRD01115,1,4843.87,0.0,4843.87,2404.35,Cash,Walk-in
SAL20250013836,2025-02-03,STR004,PRD01066,1,424.4,0.0,424.4,252.99,UPI,Premium
SAL20250013837,2025-02-23,STR030,PRD00563,1,667.75,0.0,667.75,433.56,UPI,Regular
SAL20250013838,2025-02-20,STR005,PRD01152,1,2969.91,0.0,2969.91,1378.7,UPI,Walk-in
SAL20250013839,2025-02-24,STR017,PRD00134,2,19404.79,0.0,38809.58,29907.56,Debit Card,Walk-in
SAL20250013840,2025-02-06,STR010,PRD00799,1,3907.93,0.0,3907.93,2458.58,Credit Card,Regular
SAL20250013841,2025-02-28,STR007,PRD00820,2,2007.6,0.0,4015.2,2354.36,Net Banking,Walk-in
SAL20250013842,2025-02-18,STR016,PRD00189,1,8529.1,0.0,8529.1,5554.64,UPI,Walk-in
SAL20250013843,2025-02-21,STR020,PRD00408,1,1017.09,0.0,1017.09,782.92,UPI,Walk-in
SAL20250013844,2025-02-06,STR010,PRD00862,2,1883.72,0.0,3767.44,2285.08,Debit Card,Regular
SAL20250013845,2025-02-01,STR008,PRD00077,1,14848.8,0.0,14848.8,12077.21,UPI,Walk-in
SAL20250013846,2025-02-26,STR028,PRD00070,1,15101.4,0.05,14346.33,11038.01,Debit Card,Walk-in
SAL20250013847,2025-02-19,STR013,PRD01148,1,584.33,0.0,584.33,241.48,Credit Card,Regular
SAL20250013848,2025-02-06,STR006,PRD00742,3,3993.24,0.0,11979.72,7104.78,UPI,Regular
SAL20250013849,2025-02-02,STR008,PRD00474,1,108.22,0.0,108.22,89.37,Credit Card,Walk-in
SAL20250013850,2025-02-12,STR021,PRD00978,4,172.32,0.0,689.28,429.28,UPI,Walk-in
SAL20250013851,2025-02-28,STR003,PRD00974,1,202.7,0.0,202.7,106.76,UPI,Regular
SAL20250013852,2025-02-21,STR034,PRD00277,1,1350.87,0.0,1350.87,680.25,UPI,Premium
SAL20250013853,2025-02-19,STR002,PRD00751,1,3034.29,0.0,3034.29,1940.36,UPI,Walk-in
SAL20250013854,2025-02-16,STR007,PRD00024,1,23723.95,0.0,23723.95,15500.24,Credit Card,Regular
SAL20250013855,2025-02-04,STR038,PRD01135,2,2481.4,0.0,4962.8,2519.48,Credit Card,Walk-in
SAL20250013856,2025-02-07,STR030,PRD00330,1,275.94,0.0,275.94,168.86,Debit Card,Regular
SAL20250013857,2025-02-27,STR009,PRD00738,2,984.8,0.0,1969.6,1374.08,Net Banking,Regular
SAL20250013858,2025-02-25,STR019,PRD00239,1,6180.81,0.0,6180.81,4556.06,UPI,Regular
SAL20250013859,2025-02-25,STR029,PRD00690,1,3635.92,0.1,3272.33,2397.42,UPI,Walk-in
SAL20250013860,2025-02-06,STR029,PRD00934,1,3207.23,0.0,3207.23,1811.07,Credit Card,Walk-in
SAL20250013861,2025-02-03,STR037,PRD01044,1,762.23,0.0,762.23,544.48,UPI,Regular
SAL20250013862,2025-02-03,STR015,PRD00065,1,10562.87,0.0,10562.87,8152.93,Debit Card,Premium
SAL20250013863,2025-02-17,STR013,PRD00406,10,663.68,0.0,6636.8,5330.6,Credit Card,Walk-in
SAL20250013864,2025-02-25,STR017,PRD00549,3,585.62,0.1,1581.17,1147.2,Net Banking,Regular
SAL20250013865,2025-02-16,STR004,PRD00345,1,670.76,0.1,603.68,393.88,UPI,Premium
SAL20250013866,2025-02-28,STR023,PRD00328,1,1206.9,0.0,1206.9,619.01,UPI,Corporate
SAL20250013867,2025-02-09,STR031,PRD00605,1,66.61,0.0,66.61,49.05,UPI,Regular
SAL20250013868,2025-02-11,STR002,PRD00416,4,833.51,0.0,3334.04,2767.16,UPI,Premium
SAL20250013869,2025-02-07,STR025,PRD00235,1,11077.6,0.05,10523.72,6683.62,Cash,Walk-in
SAL20250013870,2025-02-12,STR003,PRD00254,2,11020.14,0.05,20938.27,13552.42,Debit Card,Walk-in
SAL20250013871,2025-02-23,STR030,PRD00332,1,556.82,0.05,528.98,272.93,Credit Card,Regular
SAL20250013872,2025-02-11,STR006,PRD00361,1,1524.53,0.0,1524.53,825.7,Debit Card,Walk-in
SAL20250013873,2025-02-22,STR017,PRD00228,1,4421.9,0.0,4421.9,2982.31,UPI,Walk-in
SAL20250013874,2025-02-13,STR007,PRD00969,1,147.34,0.0,147.34,76.24,Credit Card,Walk-in
SAL20250013875,2025-02-14,STR031,PRD00188,1,6172.58,0.0,6172.58,4027.57,UPI,Regular
SAL20250013876,2025-02-19,STR027,PRD00838,1,1522.8,0.0,1522.8,1046.85,UPI,Regular
SAL20250013877,2025-02-17,STR035,PRD00697,2,1377.61,0.05,2617.46,1615.04,Net Banking,Regular
SAL20250013878,2025-02-24,STR010,PRD00953,4,80.84,0.0,323.36,231.88,UPI,Regular
SAL20250013879,2025-02-03,STR040,PRD00726,1,2171.72,0.0,2171.72,1497.85,Credit Card,Regular
SAL20250013880,2025-02-07,STR013,PRD00721,2,2330.52,0.0,4661.04,3455.26,Credit Card,Regular
SAL20250013881,2025-02-22,STR012,PRD00399,2,1354.99,0.0,2709.98,1294.26,Credit Card,Regular
SAL20250013882,2025-02-12,STR026,PRD00914,1,3460.6,0.0,3460.6,2200.72,Credit Card,Corporate
SAL20250013883,2025-02-10,STR009,PRD00961,2,294.28,0.0,588.56,317.06,UPI,Regular
SAL20250013884,2025-02-16,STR018,PRD00259,1,1699.09,0.0,1699.09,1233.0,Credit Card,Regular
SAL20250013885,2025-02-12,STR013,PRD00798,2,1720.26,0.0,3440.52,1923.1,UPI,Regular
SAL20250013886,2025-02-18,STR006,PRD00060,1,15273.35,0.0,15273.35,10531.53,UPI,Regular
SAL20250013887,2025-02-28,STR016,PRD00642,1,467.68,0.0,467.68,290.22,UPI,Regular
SAL20250013888,2025-02-25,STR019,PRD00342,2,1186.13,0.0,2372.26,1396.34,Debit Card,Walk-in
SAL20250013889,2025-02-09,STR011,PRD01115,1,4843.87,0.1,4359.48,2404.35,UPI,Premium
SAL20250013890,2025-02-01,STR022,PRD00012,1,5255.98,0.0,5255.98,4121.35,Debit Card,Regular
SAL20250013891,2025-02-06,STR015,PRD01080,2,1721.88,0.0,3443.76,1543.46,UPI,Regular
SAL20250013892,2025-02-18,STR029,PRD00676,2,4180.37,0.05,7942.7,5673.52,Debit Card,Premium
SAL20250013893,2025-02-26,STR019,PRD00307,2,743.28,0.05,1412.23,965.64,UPI,Regular
SAL20250013894,2025-02-09,STR010,PRD00255,2,3159.1,0.0,6318.2,4566.54,UPI,Walk-in
SAL20250013895,2025-02-08,STR039,PRD00160,1,7937.44,0.0,7937.44,4808.49,Credit Card,Premium
SAL20250013896,2025-02-21,STR016,PRD01112,1,3077.42,0.0,3077.42,1558.19,Credit Card,Premium
SAL20250013897,2025-02-23,STR021,PRD00646,2,108.22,0.0,216.44,131.58,Debit Card,Regular
SAL20250013898,2025-02-12,STR005,PRD00893,1,963.04,0.1,866.74,603.05,Net Banking,Regular
SAL20250013899,2025-02-14,STR006,PRD00783,3,2295.14,0.0,6885.42,4329.75,Credit Card,Regular
SAL20250013900,2025-02-09,STR014,PRD00278,2,439.84,0.0,879.68,584.14,UPI,Premium
SAL20250013901,2025-02-18,STR034,PRD00341,3,977.08,0.0,2931.24,1816.68,UPI,Regular
SAL20250013902,2025-02-01,STR001,PRD00624,2,124.7,0.0,249.4,174.16,Credit Card,Walk-in
SAL20250013903,2025-02-11,STR032,PRD01050,2,562.12,0.0,1124.24,658.28,UPI,Regular
SAL20250013904,2025-02-15,STR031,PRD00200,1,1880.51,0.0,1880.51,1363.43,UPI,Walk-in
SAL20250013905,2025-02-13,STR039,PRD00262,2,10754.4,0.1,19357.92,16126.88,Cash,Regular
SAL20250013906,2025-02-20,STR033,PRD00461,4,198.22,0.0,792.88,677.8,UPI,Corporate
SAL20250013907,2025-02-16,STR041,PRD00974,3,202.7,0.0,608.1,320.28,Cash,Regular
SAL20250013908,2025-02-06,STR002,PRD00527,1,938.3,0.1,844.47,741.27,Net Banking,Walk-in
SAL20250013909,2025-02-15,STR021,PRD00811,1,243.22,0.0,243.22,140.95,Credit Card,Regular
SAL20250013910,2025-02-12,STR006,PRD00383,1,216.69,0.0,216.69,135.74,UPI,Regular
SAL20250013911,2025-02-11,STR005,PRD00873,3,687.87,0.0,2063.61,1474.35,Cash,Premium
SAL20250013912,2025-02-15,STR007,PRD00765,2,1419.48,0.05,2697.01,1841.88,Credit Card,Premium
SAL20250013913,2025-02-27,STR018,PRD00809,1,1418.3,0.05,1347.38,895.74,Debit Card,Walk-in
SAL20250013914,2025-02-22,STR031,PRD01197,4,2167.83,0.05,8237.75,4644.72,UPI,Walk-in
SAL20250013915,2025-02-12,STR007,PRD00953,2,80.84,0.0,161.68,115.94,UPI,Regular
SAL20250013916,2025-02-23,STR002,PRD00257,1,3131.42,0.0,3131.42,2145.77,Credit Card,Walk-in
SAL20250013917,2025-02-20,STR035,PRD00471,1,607.66,0.0,607.66,495.35,Debit Card,Regular
SAL20250013918,2025-02-18,STR023,PRD00279,2,704.62,0.05,1338.78,891.84,UPI,Walk-in
SAL20250013919,2025-02-16,STR022,PRD00047,1,27210.89,0.0,27210.89,17922.95,Debit Card,Walk-in
SAL20250013920,2025-02-20,STR039,PRD01000,6,495.66,0.0,2973.96,2075.22,Debit Card,Walk-in
SAL20250013921,2025-02-27,STR009,PRD00574,2,560.83,0.0,1121.66,677.12,UPI,Walk-in
SAL20250013922,2025-02-19,STR033,PRD00140,1,6378.06,0.0,6378.06,4851.7,Credit Card,Regular
SAL20250013923,2025-02-11,STR015,PRD00727,3,737.62,0.0,2212.86,1326.84,UPI,Regular
SAL20250013924,2025-02-10,STR010,PRD00413,1,347.68,0.0,347.68,300.31,Debit Card,Premium
SAL20250013925,2025-02-17,STR002,PRD00732,1,4150.55,0.1,3735.5,2648.51,Debit Card,Walk-in
SAL20250013926,2025-02-26,STR038,PRD00940,6,57.11,0.0,342.66,233.16,UPI,Walk-in
SAL20250013927,2025-02-01,STR008,PRD00153,1,12724.66,0.0,12724.66,7922.12,Cash,Regular
SAL20250013928,2025-02-18,STR005,PRD01180,2,9129.62,0.0,18259.24,8487.62,Credit Card,Walk-in
SAL20250013929,2025-02-01,STR010,PRD00135,1,9390.96,0.0,9390.96,6866.63,UPI,Walk-in
SAL20250013930,2025-02-27,STR031,PRD00048,2,26663.85,0.0,53327.7,36594.2,Cash,Regular
SAL20250013931,2025-02-19,STR024,PRD00301,3,189.19,0.0,567.57,390.81,UPI,Regular
SAL20250013932,2025-02-14,STR008,PRD00821,1,2784.44,0.0,2784.44,1582.41,Debit Card,Walk-in
SAL20250013933,2025-02-08,STR007,PRD00690,1,3635.92,0.0,3635.92,2397.42,Debit Card,Regular
SAL20250013934,2025-02-05,STR027,PRD00121,1,13928.8,0.0,13928.8,9332.33,Credit Card,Regular
SAL20250013935,2025-02-26,STR036,PRD00231,1,9171.94,0.0,9171.94,6705.09,Debit Card,Regular
SAL20250013936,2025-02-15,STR040,PRD00751,2,3034.29,0.0,6068.58,3880.72,Cash,Regular
SAL20250013937,2025-02-27,STR032,PRD00965,2,67.67,0.0,135.34,96.92,Credit Card,Premium
SAL20250013938,2025-02-25,STR037,PRD00003,1,810.89,0.0,810.89,534.24,Cash,Regular
SAL20250013939,2025-02-03,STR031,PRD01161,2,5090.05,0.0,10180.1,4437.92,Credit Card,Premium
SAL20250013940,2025-02-05,STR009,PRD00024,1,23723.95,0.0,23723.95,15500.24,Debit Card,Walk-in
SAL20250013941,2025-02-25,STR033,PRD00260,1,8853.62,0.1,7968.26,5607.87,Debit Card,Premium
SAL20250013942,2025-02-13,STR023,PRD01153,1,5497.78,0.0,5497.78,2499.55,Credit Card,Walk-in
SAL20250013943,2025-02-14,STR014,PRD01069,3,2127.71,0.0,6383.13,3251.55,Cash,Walk-in
SAL20250013944,2025-02-18,STR041,PRD00096,1,1587.91,0.0,1587.91,1154.69,Debit Card,Walk-in
SAL20250013945,2025-02-26,STR017,PRD01114,1,8827.06,0.0,8827.06,3573.34,Credit Card,Walk-in
SAL20250013946,2025-02-20,STR010,PRD00494,2,893.47,0.05,1697.59,1365.46,UPI,Corporate
SAL20250013947,2025-02-13,STR014,PRD00117,1,5653.79,0.0,5653.79,4053.02,Net Banking,Walk-in
SAL20250013948,2025-02-16,STR038,PRD00063,1,19546.78,0.0,19546.78,13446.97,Debit Card,Walk-in
SAL20250013949,2025-02-24,STR005,PRD00922,1,953.09,0.0,953.09,628.16,Credit Card,Regular
SAL20250013950,2025-02-19,STR033,PRD00404,1,695.46,0.0,695.46,604.38,UPI,Walk-in
SAL20250013951,2025-02-17,STR010,PRD00460,2,816.3,0.0,1632.6,1335.54,Debit Card,Regular
SAL20250013952,2025-02-05,STR033,PRD01043,1,134.43,0.0,134.43,80.46,Credit Card,Premium
SAL20250013953,2025-02-08,STR010,PRD00026,1,4182.92,0.0,4182.92,3047.01,UPI,Premium
SAL20250013954,2025-02-07,STR020,PRD00632,2,758.72,0.0,1517.44,860.12,UPI,Walk-in
SAL20250013955,2025-02-14,STR036,PRD00465,6,578.8,0.0,3472.8,2656.8,Cash,Regular
SAL20250013956,2025-02-26,STR010,PRD00806,2,330.79,0.0,661.58,373.26,Debit Card,Premium
SAL20250013957,2025-02-24,STR017,PRD01045,2,910.12,0.0,1820.24,942.48,UPI,Premium
SAL20250013958,2025-02-23,STR019,PRD00567,1,365.44,0.0,365.44,226.96,UPI,Regular
SAL20250013959,2025-02-05,STR014,PRD01099,1,4242.7,0.0,4242.7,2721.85,Credit Card,Premium
SAL20250013960,2025-02-07,STR027,PRD01178,1,5467.45,0.0,5467.45,3516.53,UPI,Regular
SAL20250013961,2025-02-02,STR024,PRD00970,1,370.51,0.1,333.46,239.77,Credit Card,Regular
SAL20250013962,2025-02-15,STR016,PRD00155,3,2214.51,0.0,6643.53,4956.57,UPI,Premium
SAL20250013963,2025-02-06,STR023,PRD01031,3,1036.47,0.1,2798.47,1570.11,UPI,Regular
SAL20250013964,2025-02-01,STR014,PRD00938,1,622.57,0.0,622.57,327.33,UPI,Regular
SAL20250013965,2025-02-20,STR041,PRD00206,1,10675.4,0.0,10675.4,6883.05,Debit Card,Walk-in
SAL20250013966,2025-02-12,STR033,PRD00447,4,458.65,0.05,1742.87,1422.64,Net Banking,Regular
SAL20250013967,2025-02-06,STR030,PRD00167,1,8410.2,0.0,8410.2,5523.21,UPI,Regular
SAL20250013968,2025-02-22,STR016,PRD00761,2,367.88,0.0,735.76,538.42,UPI,Walk-in
SAL20250013969,2025-02-13,STR003,PRD00105,1,9145.0,0.0,9145.0,7010.14,UPI,Regular
SAL20250013970,2025-02-11,STR026,PRD00483,3,634.79,0.1,1713.93,1592.88,Credit Card,Walk-in
SAL20250011420,2025-02-05,STR037,PRD00010,1,14520.45,0.0,14520.45,11774.44,UPI,Premium
SAL20250013972,2025-02-14,STR030,PRD01105,1,2498.16,0.0,2498.16,1508.52,Cash,Premium
SAL20250013973,2025-02-19,STR006,PRD01048,2,623.5,0.0,1247.0,830.38,UPI,Premium
SAL20250013974,2025-02-26,STR004,PRD00447,2,458.65,0.0,917.3,711.32,UPI,Walk-in
SAL20250013975,2025-02-03,STR031,PRD00022,1,22149.39,0.0,22149.39,16337.37,UPI,Corporate
SAL20250013976,2025-02-15,STR023,PRD01182,1,9675.4,0.0,9675.4,4265.56,UPI,Walk-in
SAL20250013977,2025-02-06,STR007,PRD00750,2,3884.81,0.05,7381.14,4289.96,Net Banking,Regular
SAL20250013978,2025-02-20,STR005,PRD00362,2,1120.03,0.0,2240.06,1065.02,UPI,Regular
SAL20250013979,2025-02-27,STR039,PRD00082,1,9499.68,0.05,9024.7,6552.44,Cash,Regular
SAL20250013980,2025-02-02,STR041,PRD00875,1,258.44,0.0,258.44,150.9,Net Banking,Regular
SAL20250013981,2025-02-09,STR019,PRD00579,3,398.71,0.0,1196.13,876.51,UPI,Regular
SAL20250013982,2025-02-21,STR041,PRD00399,1,1354.99,0.0,1354.99,647.13,Cash,Corporate
SAL20250013983,2025-02-13,STR036,PRD00468,1,180.53,0.0,180.53,148.32,UPI,Regular
SAL20250013984,2025-02-04,STR026,PRD00773,2,733.06,0.0,1466.12,1036.9,UPI,Regular
SAL20250013985,2025-02-24,STR017,PRD00543,4,579.45,0.0,2317.8,1700.92,Debit Card,Regular
SAL20250013986,2025-02-04,STR015,PRD00340,2,956.64,0.0,1913.28,1112.16,Cash,Walk-in
SAL20250013987,2025-02-19,STR041,PRD00445,1,417.63,0.0,417.63,335.27,Debit Card,Premium
SAL20250013988,2025-02-02,STR029,PRD00166,1,4039.27,0.0,4039.27,2471.0,Debit Card,Walk-in
SAL20250013989,2025-02-13,STR007,PRD00946,4,937.06,0.1,3373.42,2102.32,UPI,Premium
SAL20250013990,2025-02-12,STR040,PRD00366,1,994.61,0.0,994.61,474.73,UPI,Regular
SAL20250013991,2025-02-01,STR038,PRD00426,1,496.18,0.0,496.18,415.87,UPI,Premium
SAL20250013992,2025-02-07,STR014,PRD00519,2,818.33,0.0,1636.66,1285.8,Cash,Regular
SAL20250013993,2025-02-18,STR016,PRD00627,2,670.0,0.0,1340.0,807.42,Credit Card,Regular
SAL20250013994,2025-02-15,STR018,PRD00959,1,664.61,0.0,664.61,402.69,UPI,Walk-in
SAL20250013995,2025-02-21,STR016,PRD00370,2,676.23,0.0,1352.46,902.66,Debit Card,Walk-in
SAL20250013996,2025-02-09,STR008,PRD00743,1,1675.83,0.0,1675.83,1131.56,Credit Card,Regular
SAL20250013997,2025-02-06,STR020,PRD00183,1,6835.62,0.0,6835.62,4488.56,UPI,Walk-in
SAL20250013998,2025-02-18,STR012,PRD01052,4,462.25,0.0,1849.0,1292.0,UPI,Walk-in
SAL20250013999,2025-02-27,STR027,PRD00714,2,1837.1,0.0,3674.2,2696.02,Credit Card,Regular
SAL20250014000,2025-02-10,STR002,PRD01174,1,4967.43,0.05,4719.06,2664.97,UPI,Regular
SAL20250014001,2025-02-04,STR033,PRD00436,1,630.05,0.0,630.05,507.7,UPI,Premium
SAL20250014002,2025-02-07,STR011,PRD00732,1,4150.55,0.0,4150.55,2648.51,Debit Card,Regular
SAL20250014003,2025-02-20,STR002,PRD00757,1,1608.8,0.0,1608.8,1037.87,UPI,Walk-in
SAL20250014004,2025-02-04,STR017,PRD00227,1,5367.28,0.0,5367.28,3567.65,UPI,Premium
SAL20250014005,2025-02-28,STR031,PRD00333,1,1043.83,0.05,991.64,554.4,Debit Card,Premium
SAL20250014006,2025-02-01,STR016,PRD00322,1,839.74,0.1,755.77,587.36,UPI,Walk-in
SAL20250014007,2025-02-08,STR028,PRD00307,1,743.28,0.05,706.12,482.82,Debit Card,Regular
SAL20250014008,2025-02-04,STR007,PRD00175,1,11344.22,0.0,11344.22,7434.87,Debit Card,Regular
SAL20250014009,2025-02-27,STR030,PRD00265,2,4797.2,0.0,9594.4,5840.12,UPI,Regular
SAL20250014010,2025-02-12,STR015,PRD00442,4,148.56,0.0,594.24,478.8,UPI,Walk-in
SAL20250014011,2025-02-19,STR017,PRD00594,2,129.17,0.0,258.34,162.66,Cash,Walk-in
SAL20250014012,2025-02-07,STR003,PRD00211,1,6731.6,0.0,6731.6,4925.05,UPI,Corporate
SAL20250014013,2025-02-14,STR035,PRD01165,1,6335.51,0.0,6335.51,3028.69,UPI,Premium
SAL20250014014,2025-02-01,STR014,PRD00851,2,2659.29,0.05,5052.65,3854.78,UPI,Corporate
SAL20250014015,2025-02-19,STR016,PRD00896,2,255.31,0.0,510.62,290.06,Credit Card,Walk-in
SAL20250014016,2025-02-20,STR041,PRD01134,1,5914.46,0.0,5914.46,2929.32,Credit Card,Walk-in
SAL20250014017,2025-02-05,STR003,PRD01050,4,562.12,0.0,2248.48,1316.56,UPI,Regular
SAL20250014018,2025-02-28,STR028,PRD01090,1,4828.9,0.0,4828.9,3064.56,Credit Card,Regular
SAL20250014019,2025-02-16,STR011,PRD00959,3,664.61,0.0,1993.83,1208.07,UPI,Walk-in
SAL20250014020,2025-02-26,STR030,PRD00339,1,831.47,0.0,831.47,498.17,Credit Card,Corporate
SAL20250014021,2025-02-15,STR024,PRD00779,1,1606.83,0.1,1446.15,998.29,UPI,Premium
SAL20250014022,2025-02-10,STR009,PRD00165,1,10264.9,0.0,10264.9,6671.83,Credit Card,Regular
SAL20250014023,2025-02-17,STR029,PRD00211,2,6731.6,0.0,13463.2,9850.1,Credit Card,Regular
SAL20250014024,2025-02-15,STR016,PRD00039,1,8380.37,0.0,8380.37,6279.95,Credit Card,Corporate
SAL20250014025,2025-02-12,STR036,PRD00339,1,831.47,0.0,831.47,498.17,UPI,Walk-in
SAL20250014026,2025-02-28,STR033,PRD00166,1,4039.27,0.05,3837.31,2471.0,UPI,Regular
SAL20250014027,2025-02-28,STR023,PRD01175,1,2568.19,0.1,2311.37,1572.7,UPI,Regular
SAL20250014028,2025-02-20,STR011,PRD00268,1,1061.68,0.0,1061.68,520.26,UPI,Regular
SAL20250014029,2025-02-28,STR010,PRD00363,2,1443.62,0.0,2887.24,1380.7,UPI,Regular
SAL20250014030,2025-02-16,STR040,PRD00939,2,463.84,0.05,881.3,484.68,UPI,Walk-in
SAL20250014031,2025-02-05,STR040,PRD00676,1,4180.37,0.0,4180.37,2836.76,UPI,Premium
SAL20250014032,2025-02-06,STR010,PRD00050,1,20155.67,0.0,20155.67,16076.03,UPI,Regular
SAL20250014033,2025-02-12,STR030,PRD00306,2,1349.3,0.05,2563.67,1543.88,Net Banking,Regular
SAL20250014034,2025-02-19,STR026,PRD01020,2,560.55,0.0,1121.1,723.94,UPI,Walk-in
SAL20250014035,2025-02-17,STR019,PRD01138,1,4917.81,0.1,4426.03,2789.31,UPI,Walk-in
SAL20250014036,2025-02-23,STR024,PRD00899,1,2165.69,0.0,2165.69,1458.76,Debit Card,Regular
SAL20250014037,2025-02-14,STR032,PRD00543,3,579.45,0.05,1651.43,1275.69,UPI,Regular
SAL20250014038,2025-02-07,STR035,PRD00247,1,8119.57,0.1,7307.61,4992.42,Cash,Regular
SAL20250014039,2025-02-19,STR023,PRD01029,1,762.26,0.05,724.15,543.36,Credit Card,Regular
SAL20250014040,2025-02-20,STR002,PRD00948,1,38.1,0.0,38.1,26.55,Credit Card,Walk-in
SAL20250014041,2025-02-04,STR030,PRD00415,1,345.23,0.0,345.23,286.19,UPI,Regular
SAL20250014042,2025-02-26,STR014,PRD01173,2,1034.88,0.0,2069.76,991.44,Credit Card,Premium
SAL20250014043,2025-02-08,STR010,PRD00670,1,3171.53,0.0,3171.53,1914.92,UPI,Premium
SAL20250014044,2025-02-14,STR004,PRD00963,3,93.93,0.0,281.79,191.28,Cash,Corporate
SAL20250014045,2025-02-20,STR002,PRD00457,3,726.05,0.0,2178.15,1648.17,Debit Card,Walk-in
SAL20250014046,2025-02-10,STR020,PRD01023,1,241.67,0.1,217.5,133.28,Cash,Walk-in
SAL20250014047,2025-02-18,STR012,PRD00252,1,10910.07,0.0,10910.07,7523.25,UPI,Premium
SAL20250014048,2025-02-16,STR023,PRD01164,2,2114.79,0.0,4229.58,2217.42,UPI,Walk-in
SAL20250014049,2025-02-19,STR027,PRD00171,1,6232.31,0.0,6232.31,4552.99,Credit Card,Premium
SAL20250014050,2025-02-11,STR022,PRD00369,1,1020.79,0.0,1020.79,482.49,UPI,Walk-in
SAL20250014051,2025-02-25,STR009,PRD01107,1,1600.76,0.0,1600.76,735.13,Cash,Regular
SAL20250014052,2025-02-03,STR028,PRD00266,1,13058.2,0.0,13058.2,8085.89,Cash,Walk-in
SAL20250014053,2025-02-21,STR037,PRD00212,1,9559.41,0.05,9081.44,6260.97,UPI,Walk-in
SAL20250014054,2025-02-26,STR010,PRD00470,3,416.77,0.0,1250.31,975.33,Debit Card,Walk-in
SAL20250014055,2025-02-22,STR007,PRD00113,1,16350.49,0.0,16350.49,11876.29,UPI,Walk-in
SAL20250014056,2025-02-07,STR040,PRD00285,1,1499.26,0.0,1499.26,768.76,UPI,Regular
SAL20250014057,2025-02-02,STR018,PRD01137,1,2009.09,0.0,2009.09,1074.27,UPI,Premium
SAL20250014058,2025-02-11,STR030,PRD01097,3,4205.24,0.0,12615.72,6162.75,UPI,Regular
SAL20250014059,2025-02-04,STR033,PRD00159,1,4881.58,0.1,4393.42,3676.52,Credit Card,Regular
SAL20250014060,2025-02-10,STR015,PRD00338,1,1223.61,0.0,1223.61,688.23,Credit Card,Walk-in
SAL20250014061,2025-02-16,STR023,PRD00759,1,4285.9,0.0,4285.9,2644.58,Credit Card,Regular
SAL20250014062,2025-02-26,STR004,PRD00173,1,9167.15,0.0,9167.15,5751.32,Credit Card,Premium
SAL20250014063,2025-02-26,STR035,PRD00572,6,728.84,0.0,4373.04,2813.04,UPI,Walk-in
SAL20250014064,2025-02-25,STR023,PRD00817,1,3058.64,0.0,3058.64,2165.66,Debit Card,Walk-in
SAL20250014065,2025-02-10,STR035,PRD00450,3,377.7,0.0,1133.1,871.62,UPI,Walk-in
SAL20250014066,2025-02-11,STR037,PRD00085,1,26032.76,0.0,26032.76,17875.58,Net Banking,Corporate
SAL20250014067,2025-02-24,STR006,PRD00150,2,1288.03,0.0,2576.06,1794.92,UPI,Regular
SAL20250014068,2025-02-23,STR009,PRD00565,2,107.78,0.05,204.78,122.96,UPI,Walk-in
SAL20250014069,2025-02-27,STR041,PRD00106,1,3614.0,0.0,3614.0,2487.36,Credit Card,Walk-in
SAL20250014070,2025-02-12,STR006,PRD00205,1,2084.53,0.1,1876.08,1335.1,Debit Card,Premium
SAL20250014071,2025-02-03,STR013,PRD00813,2,3086.68,0.0,6173.36,4018.82,UPI,Regular
SAL20250014072,2025-02-21,STR031,PRD00971,4,604.86,0.0,2419.44,1226.68,Cash,Walk-in
SAL20250014073,2025-02-16,STR036,PRD00514,2,1177.91,0.0,2355.82,1828.66,Credit Card,Regular
SAL20250014074,2025-02-26,STR008,PRD00206,2,10675.4,0.0,21350.8,13766.1,Credit Card,Regular
SAL20250014075,2025-02-08,STR033,PRD00966,5,814.75,0.05,3870.06,2632.25,Credit Card,Walk-in
SAL20250014076,2025-02-17,STR030,PRD01136,1,7702.34,0.1,6932.11,4125.05,Debit Card,Regular
SAL20250014077,2025-02-07,STR029,PRD00962,1,708.41,0.0,708.41,395.68,Debit Card,Regular
SAL20250014078,2025-02-23,STR008,PRD00998,5,883.36,0.1,3975.12,2249.45,UPI,Premium
SAL20250014079,2025-02-22,STR020,PRD00922,1,953.09,0.0,953.09,628.16,Cash,Walk-in
SAL20250014080,2025-02-23,STR023,PRD00371,1,199.9,0.0,199.9,113.45,UPI,Regular
SAL20250014081,2025-02-12,STR004,PRD00962,6,708.41,0.0,4250.46,2374.08,Cash,Walk-in
SAL20250014082,2025-02-01,STR022,PRD01047,1,844.86,0.0,844.86,483.38,Credit Card,Walk-in
SAL20250014083,2025-02-25,STR039,PRD00142,2,4154.89,0.0,8309.78,5472.88,UPI,Walk-in
SAL20250014084,2025-02-24,STR034,PRD01143,1,5565.18,0.0,5565.18,3157.32,UPI,Regular
SAL20250014085,2025-02-11,STR018,PRD00842,1,1322.87,0.0,1322.87,956.88,Cash,Regular
SAL20250014086,2025-02-17,STR012,PRD00212,1,9559.41,0.0,9559.41,6260.97,UPI,Walk-in
SAL20250014087,2025-02-18,STR002,PRD00361,1,1524.53,0.0,1524.53,825.7,Debit Card,Walk-in
SAL20250014088,2025-02-04,STR040,PRD00197,1,4849.89,0.0,4849.89,3779.03,UPI,Regular
SAL20250014089,2025-02-19,STR008,PRD00277,1,1350.87,0.0,1350.87,680.25,Debit Card,Regular
SAL20250014090,2025-02-19,STR021,PRD00449,1,236.21,0.0,236.21,199.14,UPI,Walk-in
SAL20250014091,2025-02-24,STR036,PRD00896,2,255.31,0.0,510.62,290.06,Credit Card,Walk-in
SAL20250014092,2025-02-23,STR016,PRD00855,1,2084.62,0.0,2084.62,1525.55,UPI,Regular
SAL20250014093,2025-02-10,STR040,PRD00252,3,10910.07,0.0,32730.21,22569.75,Credit Card,Walk-in
SAL20250014094,2025-02-21,STR034,PRD00251,1,10660.28,0.1,9594.25,7306.06,Credit Card,Walk-in
SAL20250012511,2025-02-17,STR006,PRD00523,1,773.23,0.0,773.23,656.14,Credit Card,Walk-in
SAL20250014096,2025-02-07,STR030,PRD00741,2,2848.85,0.0,5697.7,4057.78,Debit Card,Walk-in
SAL20250014097,2025-02-17,STR012,PRD01073,1,4074.99,0.0,4074.99,2440.45,UPI,Walk-in
SAL20250014098,2025-02-21,STR013,PRD00028,1,4027.15,0.0,4027.15,2641.37,Debit Card,Walk-in
SAL20250014099,2025-02-14,STR014,PRD01188,1,2837.24,0.1,2553.52,1686.24,Credit Card,Walk-in
SAL20250014100,2025-02-01,STR040,PRD00974,3,202.7,0.0,608.1,320.28,Debit Card,Premium
SAL20250014101,2025-02-18,STR005,PRD00611,2,51.03,0.0,102.06,75.62,Credit Card,Walk-in
SAL20250014102,2025-02-27,STR007,PRD00369,2,1020.79,0.0,2041.58,964.98,Credit Card,Regular
SAL20250014103,2025-02-22,STR028,PRD01080,1,1721.88,0.0,1721.88,771.73,UPI,Walk-in
SAL20250014104,2025-02-03,STR034,PRD00008,1,14817.35,0.05,14076.48,10393.47,UPI,Corporate
SAL20250014105,2025-02-17,STR023,PRD00218,1,7357.64,0.1,6621.88,5051.02,Credit Card,Regular
SAL20250014106,2025-02-14,STR030,PRD00791,2,855.75,0.0,1711.5,1198.94,UPI,Regular
SAL20250014107,2025-02-13,STR040,PRD00006,1,3457.14,0.0,3457.14,2519.92,UPI,Regular
SAL20250014108,2025-02-09,STR006,PRD00664,1,181.84,0.0,181.84,109.21,Credit Card,Regular
SAL20250014109,2025-02-06,STR027,PRD00681,1,4114.63,0.1,3703.17,2696.18,Cash,Regular
SAL20250014110,2025-02-01,STR017,PRD00591,4,500.81,0.0,2003.24,1454.92,Credit Card,Walk-in
SAL20250014111,2025-02-10,STR026,PRD00894,1,2403.9,0.1,2163.51,1608.16,Credit Card,Regular
SAL20250014112,2025-02-08,STR032,PRD00850,1,1897.52,0.05,1802.64,1235.07,UPI,Walk-in
SAL20250014113,2025-02-24,STR028,PRD00714,1,1837.1,0.0,1837.1,1348.01,UPI,Regular
SAL20250014114,2025-02-18,STR014,PRD00949,4,855.15,0.0,3420.6,2267.4,UPI,Walk-in
SAL20250014115,2025-02-22,STR003,PRD00879,2,2290.26,0.0,4580.52,3228.46,UPI,Regular
SAL20250014116,2025-02-20,STR001,PRD00591,1,500.81,0.0,500.81,363.73,Debit Card,Regular
SAL20250014117,2025-02-24,STR025,PRD00304,1,1052.14,0.0,1052.14,723.81,UPI,Regular
SAL20250014118,2025-02-21,STR026,PRD00617,1,496.18,0.05,471.37,363.01,UPI,Regular
SAL20250014119,2025-02-13,STR035,PRD00587,1,250.15,0.0,250.15,171.79,Cash,Walk-in
SAL20250014120,2025-02-19,STR022,PRD00521,2,947.8,0.0,1895.6,1665.2,Credit Card,Regular
SAL20250014121,2025-02-25,STR003,PRD00543,2,579.45,0.0,1158.9,850.46,Debit Card,Premium
SAL20250014122,2025-02-08,STR021,PRD01123,1,3145.87,0.0,3145.87,1902.26,UPI,Regular
SAL20250014123,2025-02-10,STR026,PRD00193,1,5766.86,0.0,5766.86,4191.48,Credit Card,Walk-in
SAL20250014124,2025-02-05,STR031,PRD00270,1,1213.51,0.0,1213.51,769.06,UPI,Regular
SAL20250014125,2025-02-04,STR036,PRD01107,1,1600.76,0.0,1600.76,735.13,Debit Card,Premium
SAL20250014126,2025-02-21,STR007,PRD00042,1,15775.49,0.0,15775.49,11939.67,Debit Card,Regular
SAL20250014127,2025-02-27,STR037,PRD01106,1,3135.75,0.0,3135.75,1669.16,UPI,Walk-in
SAL20250014128,2025-02-10,STR011,PRD01042,2,143.52,0.0,287.04,189.38,Credit Card,Premium
SAL20250014129,2025-02-09,STR040,PRD00610,4,637.82,0.0,2551.28,1654.92,Credit Card,Walk-in
SAL20250014130,2025-02-14,STR006,PRD00613,1,239.41,0.0,239.41,178.61,Credit Card,Premium
SAL20250014131,2025-02-08,STR020,PRD00950,1,184.59,0.0,184.59,127.31,UPI,Regular
SAL20250014132,2025-02-03,STR029,PRD00638,1,188.95,0.0,188.95,115.21,UPI,Regular
SAL20250014133,2025-02-08,STR004,PRD00177,1,10270.98,0.0,10270.98,7398.07,Debit Card,Regular
SAL20250014134,2025-02-11,STR001,PRD00301,2,189.19,0.0,378.38,260.54,UPI,Walk-in
SAL20250014135,2025-02-26,STR025,PRD00505,3,1140.95,0.0,3422.85,2581.41,Cash,Premium
SAL20250014136,2025-02-01,STR038,PRD01140,1,5750.16,0.0,5750.16,3316.46,UPI,Regular
SAL20250014137,2025-02-20,STR017,PRD00976,1,1125.69,0.1,1013.12,582.61,Credit Card,Premium
SAL20250014138,2025-02-07,STR026,PRD01119,2,9164.59,0.05,17412.72,8756.8,Credit Card,Walk-in
SAL20250014139,2025-02-15,STR034,PRD00395,2,562.56,0.0,1125.12,746.56,Net Banking,Walk-in
SAL20250014140,2025-02-08,STR026,PRD00964,1,842.84,0.0,842.84,575.19,UPI,Corporate
SAL20250014141,2025-02-06,STR036,PRD00725,2,2084.99,0.0,4169.98,3023.38,UPI,Walk-in
SAL20250014142,2025-02-12,STR021,PRD01166,1,3220.85,0.0,3220.85,1660.43,UPI,Walk-in
SAL20250014143,2025-02-10,STR039,PRD00992,1,439.67,0.0,439.67,224.17,Credit Card,Regular
SAL20250014144,2025-02-08,STR019,PRD00005,1,25382.71,0.0,25382.71,18438.86,Credit Card,Regular
SAL20250014145,2025-02-19,STR008,PRD00584,5,232.29,0.0,1161.45,711.75,Debit Card,Regular
SAL20250014146,2025-02-15,STR002,PRD01112,2,3077.42,0.05,5847.1,3116.38,Cash,Walk-in
SAL20250014147,2025-02-18,STR003,PRD01071,4,5607.68,0.0,22430.72,13648.0,Net Banking,Regular
SAL20250014148,2025-02-14,STR011,PRD00249,1,4858.0,0.0,4858.0,3416.15,UPI,Walk-in
SAL20250014149,2025-02-24,STR027,PRD00736,1,1942.77,0.0,1942.77,1241.55,Credit Card,Premium
SAL20250014150,2025-02-12,STR025,PRD01194,1,6442.41,0.0,6442.41,3885.18,Credit Card,Regular
SAL20250014151,2025-02-02,STR037,PRD00085,1,26032.76,0.0,26032.76,17875.58,Net Banking,Walk-in
SAL20250014152,2025-02-12,STR019,PRD01040,1,466.28,0.1,419.65,330.77,Debit Card,Walk-in
SAL20250014153,2025-02-26,STR028,PRD00474,3,108.22,0.0,324.66,268.11,Cash,Regular
SAL20250014154,2025-02-08,STR014,PRD00377,1,1177.54,0.0,1177.54,822.72,Credit Card,Regular
SAL20250014155,2025-02-25,STR004,PRD00940,1,57.11,0.0,57.11,38.86,Credit Card,Regular
SAL20250014156,2025-02-13,STR012,PRD00345,2,670.76,0.05,1274.44,787.76,UPI,Regular
SAL20250014157,2025-02-20,STR019,PRD00425,2,878.01,0.0,1756.02,1395.02,Net Banking,Walk-in
SAL20250014158,2025-02-05,STR029,PRD00107,1,4985.79,0.0,4985.79,3483.71,Credit Card,Walk-in
SAL20250014159,2025-02-05,STR030,PRD01057,2,52.31,0.0,104.62,66.6,Debit Card,Walk-in
SAL20250014160,2025-02-12,STR036,PRD00372,1,542.7,0.0,542.7,275.98,UPI,Premium
SAL20250014161,2025-02-28,STR027,PRD00268,1,1061.68,0.0,1061.68,520.26,Credit Card,Walk-in
SAL20250014162,2025-02-06,STR036,PRD00404,2,695.46,0.1,1251.83,1208.76,UPI,Regular
SAL20250014163,2025-02-24,STR006,PRD00775,1,3571.78,0.0,3571.78,1976.55,Credit Card,Regular
SAL20250014164,2025-02-05,STR027,PRD01005,-2,682.39,0.0,-1364.78,951.4,Credit Card,Walk-in
SAL20250014165,2025-02-03,STR029,PRD01169,1,6625.23,0.0,6625.23,4001.41,Net Banking,Corporate
SAL20250014166,2025-02-13,STR039,PRD00602,2,328.03,0.0,656.06,414.56,UPI,Regular
SAL20250014167,2025-02-26,STR029,PRD00487,2,92.35,0.0,184.7,157.68,Credit Card,Regular
SAL20250014168,2025-02-12,STR030,PRD00898,1,3032.43,0.0,3032.43,1834.2,Cash,Walk-in
SAL20250014169,2025-02-05,STR006,PRD01058,1,211.57,0.0,211.57,145.02,Cash,Premium
SAL20250014170,2025-02-24,STR017,PRD01194,1,6442.41,0.0,6442.41,3885.18,UPI,Walk-in
SAL20250014171,2025-02-27,STR026,PRD00860,1,694.13,0.0,694.13,417.51,UPI,Regular
SAL20250014172,2025-02-09,STR023,PRD00957,2,157.86,0.0,315.72,189.1,UPI,Walk-in
SAL20250014173,2025-02-06,STR039,PRD00356,1,1354.34,0.0,1354.34,734.18,UPI,Premium
SAL20250014174,2025-02-26,STR016,PRD01127,1,730.99,0.1,657.89,319.39,UPI,Regular
SAL20250014175,2025-02-28,STR036,PRD00884,2,1777.05,0.0,3554.1,2172.68,UPI,Regular
SAL20250014176,2025-02-13,STR007,PRD00149,1,3024.83,0.0,3024.83,2041.86,Net Banking,Premium
SAL20250014177,2025-02-09,STR038,PRD00637,1,299.32,0.0,299.32,213.6,Cash,Regular
SAL20250014178,2025-02-20,STR014,PRD00953,3,80.84,0.0,242.52,173.91,Net Banking,Regular
SAL20250014179,2025-02-06,STR036,PRD01088,1,4543.5,0.0,4543.5,1992.55,UPI,Regular
SAL20250014180,2025-02-22,STR027,PRD00333,1,1043.83,0.05,991.64,554.4,UPI,Regular
SAL20250014181,2025-02-19,STR004,PRD00919,1,3391.01,0.0,3391.01,2232.08,Cash,Walk-in
SAL20250014182,2025-02-15,STR009,PRD00323,1,361.28,0.0,361.28,188.15,UPI,Regular
SAL20250014183,2025-02-01,STR035,PRD00631,2,725.12,0.05,1377.73,838.92,UPI,Regular
SAL20250014184,2025-02-05,STR013,PRD00488,1,995.48,0.0,995.48,835.86,Debit Card,Walk-in
SAL20250014185,2025-02-26,STR024,PRD00028,1,4027.15,0.0,4027.15,2641.37,Debit Card,Regular
SAL20250014186,2025-02-05,STR017,PRD00518,1,1000.64,0.0,1000.64,768.43,UPI,Walk-in
SAL20250014187,2025-02-06,STR017,PRD00676,1,4180.37,0.0,4180.37,2836.76,UPI,Premium
SAL20250014188,2025-02-19,STR016,PRD00988,1,774.65,0.0,774.65,532.5,Credit Card,Regular
SAL20250014189,2025-02-27,STR035,PRD01126,4,2931.04,0.0,11724.16,6605.48,Cash,Regular
SAL20250014190,2025-02-19,STR026,PRD00938,5,622.57,0.05,2957.21,1636.65,UPI,Premium
SAL20250014191,2025-02-01,STR036,PRD00216,2,11614.64,0.0,23229.28,14453.56,UPI,Walk-in
SAL20250014192,2025-02-01,STR001,PRD00151,1,5709.55,0.0,5709.55,3733.65,Credit Card,Premium
SAL20250014193,2025-02-18,STR031,PRD00481,2,391.79,0.0,783.58,633.52,Debit Card,Regular
SAL20250014194,2025-02-28,STR036,PRD00249,1,4858.0,0.0,4858.0,3416.15,Debit Card,Walk-in
SAL20250014195,2025-02-12,STR017,PRD00958,1,274.5,0.0,274.5,191.73,Debit Card,Regular
SAL20250014196,2025-02-21,STR009,PRD00698,1,1659.66,0.05,1576.68,1094.59,UPI,Premium
SAL20250014197,2025-02-25,STR040,PRD00358,1,873.37,0.0,873.37,466.67,UPI,Regular
SAL20250014198,2025-02-13,STR036,PRD00097,1,19452.93,0.0,19452.93,14437.86,Debit Card,Regular
SAL20250014199,2025-02-01,STR015,PRD00365,1,693.15,0.0,693.15,448.69,UPI,Walk-in
SAL20250014200,2025-02-08,STR010,PRD00942,1,93.87,0.1,84.48,61.73,Credit Card,Walk-in
SAL20250014201,2025-02-14,STR002,PRD00599,1,273.52,0.1,246.17,189.37,UPI,Corporate
SAL20250014202,2025-02-09,STR028,PRD00207,1,9083.73,0.0,9083.73,6742.14,UPI,Regular
SAL20250014203,2025-02-23,STR023,PRD00694,2,3202.51,0.0,6405.02,4638.02,UPI,Corporate
SAL20250014204,2025-02-11,STR041,PRD00393,1,526.25,0.1,473.62,344.18,UPI,Regular
SAL20250014205,2025-02-16,STR025,PRD00955,1,608.44,0.1,547.6,410.9,UPI,Regular
SAL20250014206,2025-02-27,STR036,PRD00473,2,113.62,0.05,215.88,189.66,Credit Card,Walk-in
SAL20250014207,2025-02-13,STR016,PRD00254,1,11020.14,0.0,11020.14,6776.21,Credit Card,Regular
SAL20250014208,2025-02-19,STR017,PRD00294,1,1047.83,0.0,1047.83,653.04,Credit Card,Regular
SAL20250014209,2025-02-03,STR014,PRD01074,3,6150.42,0.0,18451.26,9807.45,UPI,Walk-in
SAL20250014210,2025-02-26,STR019,PRD00592,1,365.4,0.05,347.13,218.29,UPI,Premium
SAL20250014211,2025-02-09,STR027,PRD00337,4,1047.01,0.0,4188.04,2925.72,Debit Card,Premium
SAL20250014212,2025-02-12,STR031,PRD00654,1,474.17,0.05,450.46,324.39,UPI,Regular
SAL20250014213,2025-02-01,STR016,PRD00099,1,19924.5,0.1,17932.05,14858.06,Credit Card,Premium
SAL20250014214,2025-02-04,STR020,PRD00217,1,8159.94,0.0,8159.94,5298.43,Debit Card,Regular
SAL20250014215,2025-02-08,STR013,PRD00277,1,1350.87,0.0,1350.87,680.25,Credit Card,Walk-in
SAL20250014216,2025-02-24,STR026,PRD00676,1,4180.37,0.05,3971.35,2836.76,UPI,Regular
SAL20250014217,2025-02-01,STR019,PRD00343,1,244.94,0.0,244.94,130.41,UPI,Regular
SAL20250014218,2025-02-04,STR032,PRD01200,1,1804.12,0.0,1804.12,865.8,Credit Card,Walk-in
SAL20250014219,2025-02-20,STR038,PRD00270,2,1213.51,0.0,2427.02,1538.12,UPI,Walk-in
SAL20250014220,2025-02-04,STR026,PRD00200,1,1880.51,0.0,1880.51,1363.43,Debit Card,Walk-in
SAL20250014221,2025-02-14,STR024,PRD01151,3,7065.61,0.05,20136.99,10123.08,Cash,Regular
SAL20250014222,2025-02-17,STR040,PRD00171,1,6232.31,0.0,6232.31,4552.99,Credit Card,Walk-in
SAL20250014223,2025-02-25,STR010,PRD00835,1,1480.55,0.05,1406.52,1008.2,Credit Card,Regular
SAL20250014224,2025-02-06,STR013,PRD00417,3,788.29,0.0,2364.87,1985.13,Credit Card,Regular
SAL20250014225,2025-02-22,STR008,PRD00830,1,1783.32,0.0,1783.32,1089.78,UPI,Walk-in
SAL20250014226,2025-02-05,STR031,PRD00842,2,1322.87,0.05,2513.45,1913.76,UPI,Regular
SAL20250014227,2025-02-17,STR026,PRD01191,1,6431.83,0.0,6431.83,4011.49,UPI,Regular
SAL20250014228,2025-02-07,STR009,PRD00065,1,10562.87,0.0,10562.87,8152.93,Net Banking,Walk-in
SAL20250014229,2025-02-11,STR018,PRD00040,1,26675.54,0.0,26675.54,17487.01,UPI,Regular
SAL20250014230,2025-02-15,STR035,PRD01045,3,910.12,0.0,2730.36,1413.72,UPI,Walk-in
SAL20250014231,2025-02-24,STR039,PRD00379,1,660.61,0.0,660.61,460.66,Credit Card,Regular
SAL20250014232,2025-02-20,STR005,PRD01121,1,2103.52,0.0,2103.52,974.58,Credit Card,Walk-in
SAL20250014233,2025-02-24,STR017,PRD00318,2,184.33,0.0,368.66,237.54,Cash,Walk-in
SAL20250014234,2025-02-01,STR027,PRD00668,2,302.1,0.0,604.2,433.08,Debit Card,Walk-in
SAL20250014235,2025-02-20,STR020,PRD00122,1,23504.26,0.0,23504.26,16366.57,Credit Card,Regular
SAL20250014236,2025-02-17,STR033,PRD01035,3,199.19,0.0,597.57,375.21,UPI,Walk-in
SAL20250014237,2025-02-22,STR041,PRD00328,1,1206.9,0.0,1206.9,619.01,UPI,Regular
SAL20250014238,2025-02-06,STR039,PRD00143,1,11610.06,0.0,11610.06,8058.06,UPI,Walk-in
SAL20250014239,2025-02-16,STR022,PRD00505,3,1140.95,0.0,3422.85,2581.41,Cash,Walk-in
SAL20250014240,2025-02-16,STR023,PRD00944,1,197.23,0.0,197.23,127.82,UPI,Regular
SAL20250014241,2025-02-03,STR001,PRD00525,2,76.55,0.0,153.1,132.9,UPI,Walk-in
SAL20250014242,2025-02-28,STR032,PRD00345,4,670.76,0.0,2683.04,1575.52,UPI,Premium
SAL20250014243,2025-02-25,STR020,PRD01119,1,9164.59,0.05,8706.36,4378.4,UPI,Corporate
SAL20250014244,2025-02-18,STR013,PRD00101,1,2548.25,0.0,2548.25,1803.25,UPI,Premium
SAL20250014245,2025-02-12,STR023,PRD00744,3,4365.48,0.1,11786.8,8638.2,Cash,Walk-in
SAL20250014246,2025-02-17,STR021,PRD00429,1,725.58,0.0,725.58,550.01,UPI,Walk-in
SAL20250014247,2025-02-22,STR020,PRD01016,3,253.56,0.0,760.68,484.2,UPI,Regular
SAL20250014248,2025-02-09,STR008,PRD00916,1,3924.97,0.0,3924.97,2270.78,UPI,Walk-in
SAL20250014249,2025-02-23,STR039,PRD00374,3,1242.75,0.0,3728.25,2214.99,UPI,Premium
SAL20250014250,2025-02-27,STR028,PRD01036,2,177.81,0.0,355.62,250.34,UPI,Walk-in
SAL20250014251,2025-02-04,STR038,PRD00951,3,594.37,0.0,1783.11,1057.14,Credit Card,Premium
SAL20250014252,2025-02-26,STR006,PRD00310,1,607.97,0.0,607.97,303.74,UPI,Regular
SAL20250014253,2025-02-23,STR006,PRD00414,1,546.79,0.0,546.79,425.32,Credit Card,Walk-in
SAL20250014254,2025-02-03,STR026,PRD00832,3,1859.75,0.0,5579.25,4110.84,UPI,Walk-in
SAL20250014255,2025-02-03,STR022,PRD00848,3,2441.1,0.0,7323.3,4848.96,Net Banking,Regular
SAL20250014256,2025-02-18,STR022,PRD00207,1,9083.73,0.0,9083.73,6742.14,UPI,Premium
SAL20250014257,2025-02-14,STR027,PRD00580,5,372.59,0.0,1862.95,1056.5,UPI,Walk-in
SAL20250014258,2025-02-19,STR027,PRD00153,1,12724.66,0.0,12724.66,7922.12,UPI,Premium
SAL20250014259,2025-02-17,STR006,PRD00694,1,3202.51,0.0,3202.51,2319.01,UPI,Regular
SAL20250014260,2025-02-24,STR008,PRD00685,1,4676.03,0.0,4676.03,2851.64,Credit Card,Regular
SAL20250014261,2025-02-23,STR011,PRD00893,2,963.04,0.1,1733.47,1206.1,Cash,Regular
SAL20250014262,2025-02-02,STR039,PRD00144,1,7333.73,0.0,7333.73,4964.07,UPI,Regular
SAL20250014263,2025-02-12,STR028,PRD00399,1,1354.99,0.05,1287.24,647.13,UPI,Regular
SAL20250014264,2025-02-21,STR018,PRD00679,3,2876.53,0.0,8629.59,5596.62,UPI,Walk-in
SAL20250014265,2025-02-20,STR026,PRD00836,1,605.3,0.0,605.3,408.12,Debit Card,Walk-in
SAL20250014266,2025-02-07,STR039,PRD00912,1,532.47,0.0,532.47,306.3,UPI,Regular
SAL20250014267,2025-02-19,STR017,PRD00252,1,10910.07,0.0,10910.07,7523.25,Credit Card,Regular
SAL20250014268,2025-02-16,STR006,PRD01019,2,948.07,0.0,1896.14,979.5,UPI,Regular
SAL20250014269,2025-02-21,STR026,PRD00506,4,725.03,0.05,2755.11,2316.4,UPI,Walk-in
SAL20250014270,2025-02-13,STR024,PRD00072,1,4522.2,0.05,4296.09,3124.59,UPI,Regular
SAL20250014271,2025-02-22,STR039,PRD00669,2,3235.01,0.0,6470.02,3773.52,UPI,Walk-in
SAL20250014272,2025-02-26,STR023,PRD00388,1,522.1,0.0,522.1,256.49,UPI,Walk-in
SAL20250014273,2025-02-01,STR002,PRD01048,1,623.5,0.0,623.5,415.19,UPI,Regular
SAL20250014274,2025-02-01,STR002,PRD00007,2,20090.22,0.0,40180.44,30924.4,Credit Card,Regular
SAL20250014275,2025-02-15,STR018,PRD00891,1,506.36,0.05,481.04,373.69,Credit Card,Walk-in
SAL20250015168,2025-02-23,STR030,PRD00876,2,2635.68,0.0,5271.36,3596.76,UPI,Regular
SAL20250014277,2025-02-16,STR003,PRD00117,2,5653.79,0.0,11307.58,8106.04,Credit Card,Regular
SAL20250014278,2025-02-24,STR031,PRD00568,10,465.88,0.0,4658.8,2883.1,UPI,Regular
SAL20250014279,2025-02-06,STR003,PRD01112,2,3077.42,0.1,5539.36,3116.38,UPI,Regular
SAL20250014280,2025-02-07,STR016,PRD00791,1,855.75,0.0,855.75,599.47,UPI,Regular
SAL20250014281,2025-02-01,STR022,PRD01113,1,4340.13,0.0,4340.13,2015.92,Credit Card,Walk-in
SAL20250014282,2025-02-19,STR009,PRD00409,1,950.85,0.0,950.85,738.11,Credit Card,Walk-in
SAL20250014283,2025-02-15,STR018,PRD00381,1,931.15,0.0,931.15,531.28,UPI,Regular
SAL20250014284,2025-02-21,STR019,PRD00130,1,17171.37,0.0,17171.37,12882.58,UPI,Premium
SAL20250014285,2025-02-03,STR020,PRD00460,4,816.3,0.0,3265.2,2671.08,Debit Card,Regular
SAL20250014286,2025-02-21,STR022,PRD00567,3,365.44,0.0,1096.32,680.88,Credit Card,Regular
SAL20250014287,2025-02-20,STR020,PRD00848,1,2441.1,0.0,2441.1,1616.32,UPI,Regular
SAL20250014288,2025-02-11,STR030,PRD00177,1,10270.98,0.0,10270.98,7398.07,UPI,Walk-in
SAL20250014289,2025-02-28,STR010,PRD00887,1,2006.5,0.0,2006.5,1169.69,Cash,Regular
SAL20250014290,2025-02-24,STR011,PRD00666,1,224.43,0.05,213.21,162.71,UPI,Regular
SAL20250014291,2025-02-04,STR012,PRD00296,2,250.04,0.0,500.08,243.26,UPI,Regular
SAL20250014292,2025-02-27,STR034,PRD01108,1,4924.79,0.0,4924.79,2289.5,UPI,Premium
SAL20250014293,2025-02-22,STR004,PRD00349,3,152.26,0.0,456.78,251.61,UPI,Walk-in
SAL20250014294,2025-02-22,STR006,PRD00356,1,1354.34,0.0,1354.34,734.18,UPI,Premium
SAL20250014295,2025-02-05,STR015,PRD00684,1,3989.77,0.0,3989.77,2465.54,Debit Card,Regular
SAL20250014296,2025-02-22,STR035,PRD00265,1,4797.2,0.0,4797.2,2920.06,UPI,Regular
SAL20250014297,2025-02-07,STR035,PRD00981,2,76.61,0.05,145.56,108.48,UPI,Premium
SAL20250014298,2025-02-19,STR007,PRD00530,2,663.27,0.1,1193.89,1124.14,Cash,Walk-in
SAL20250014299,2025-02-07,STR040,PRD00659,1,294.97,0.0,294.97,218.84,UPI,Walk-in
SAL20250014300,2025-02-11,STR024,PRD01085,3,7889.14,0.05,22484.05,12408.87,UPI,Premium
SAL20250014301,2025-02-08,STR025,PRD00695,1,2280.88,0.0,2280.88,1276.46,Credit Card,Regular
SAL20250014302,2025-02-08,STR011,PRD01004,1,128.91,0.1,116.02,65.93,Debit Card,Regular
SAL20250014303,2025-02-28,STR035,PRD00373,1,159.48,0.0,159.48,85.54,Credit Card,Walk-in
SAL20250014304,2025-02-23,STR007,PRD00459,1,918.25,0.1,826.43,735.01,UPI,Walk-in
SAL20250014305,2025-02-15,STR027,PRD00918,3,2741.1,0.0,8223.3,5962.32,UPI,Regular
SAL20250014306,2025-02-06,STR002,PRD00508,4,125.21,0.0,500.84,439.72,Debit Card,Regular
SAL20250014307,2025-02-26,STR037,PRD01127,1,730.99,0.0,730.99,319.39,UPI,Corporate
SAL20250014308,2025-02-14,STR018,PRD00534,2,97.09,0.0,194.18,161.18,UPI,Walk-in
SAL20250014309,2025-02-20,STR038,PRD00764,1,3332.71,0.0,3332.71,1836.11,UPI,Walk-in
SAL20250014310,2025-02-28,STR041,PRD00918,4,2741.1,0.1,9867.96,7949.76,Net Banking,Premium
SAL20250014311,2025-02-12,STR017,PRD00836,1,605.3,0.1,544.77,408.12,Cash,Premium
SAL20250014312,2025-02-28,STR017,PRD00987,6,289.9,0.0,1739.4,1214.1,Net Banking,Regular
SAL20250014313,2025-02-14,STR004,PRD00120,1,22170.49,0.0,22170.49,16305.22,Debit Card,Premium
SAL20250014314,2025-02-11,STR041,PRD00402,2,947.11,0.0,1894.22,1636.12,Credit Card,Regular
SAL20250014315,2025-02-26,STR004,PRD00663,3,109.46,0.0,328.38,188.7,Credit Card,Walk-in
SAL20250014316,2025-02-01,STR031,PRD00429,3,725.58,0.0,2176.74,1650.03,UPI,Regular
SAL20250014317,2025-02-18,STR025,PRD00141,1,2559.21,0.0,2559.21,1944.29,Credit Card,Regular
SAL20250014318,2025-02-10,STR035,PRD00474,4,108.22,0.0,432.88,357.48,UPI,Walk-in
SAL20250014319,2025-02-25,STR015,PRD00484,2,678.16,0.0,1356.32,1135.08,Debit Card,Walk-in
SAL20250014320,2025-02-19,STR006,PRD00886,4,1331.79,0.0,5327.16,3778.8,Cash,Regular
SAL20250014321,2025-02-20,STR031,PRD00847,1,2294.5,0.0,2294.5,1617.12,Credit Card,Walk-in
SAL20250014322,2025-02-03,STR005,PRD00236,1,5591.1,0.05,5311.55,3989.78,Credit Card,Regular
SAL20250014323,2025-02-10,STR019,PRD00785,1,4604.98,0.0,4604.98,2754.83,UPI,Walk-in
SAL20250014324,2025-02-10,STR018,PRD00116,1,21256.57,0.0,21256.57,14955.09,UPI,Walk-in
SAL20250014325,2025-02-02,STR032,PRD01161,3,5090.05,0.0,15270.15,6656.88,UPI,Regular
SAL20250014326,2025-02-01,STR019,PRD01165,1,6335.51,0.0,6335.51,3028.69,UPI,Regular
SAL20250014327,2025-02-18,STR036,PRD00057,3,2490.08,0.0,7470.24,6017.19,Net Banking,Premium
SAL20250014328,2025-02-07,STR031,PRD01140,1,5750.16,0.0,5750.16,3316.46,Debit Card,Regular
SAL20250014329,2025-02-02,STR038,PRD00687,1,2662.45,0.0,2662.45,1789.17,Credit Card,Regular
SAL20250014330,2025-02-21,STR021,PRD01194,1,6442.41,0.0,6442.41,3885.18,Net Banking,Walk-in
SAL20250014331,2025-02-05,STR018,PRD00549,2,585.62,0.0,1171.24,764.8,Credit Card,Walk-in
SAL20250014332,2025-02-05,STR038,PRD00451,5,641.37,0.0,3206.85,2526.15,UPI,Regular
SAL20250014333,2025-02-14,STR017,PRD01135,2,2481.4,0.0,4962.8,2519.48,UPI,Walk-in
SAL20250014334,2025-02-02,STR013,PRD00380,1,304.64,0.0,304.64,210.5,Debit Card,Regular
SAL20250014335,2025-02-12,STR031,PRD00720,2,3749.56,0.0,7499.12,4209.9,UPI,Premium
SAL20250014336,2025-02-20,STR026,PRD00717,1,402.54,0.05,382.41,262.23,Cash,Premium
SAL20250014337,2025-02-27,STR023,PRD00229,1,2013.93,0.0,2013.93,1348.9,UPI,Regular
SAL20250014338,2025-02-02,STR013,PRD01120,1,8969.51,0.0,8969.51,4399.96,Credit Card,Walk-in
SAL20250014339,2025-02-15,STR018,PRD00250,1,3877.74,0.1,3489.97,2737.07,Cash,Walk-in
SAL20250014340,2025-02-03,STR021,PRD00158,3,3798.87,0.05,10826.78,7747.32,UPI,Walk-in
SAL20250014341,2025-02-05,STR037,PRD00127,1,14293.97,0.0,14293.97,10567.08,UPI,Regular
SAL20250014342,2025-02-15,STR005,PRD01014,3,1123.09,0.0,3369.27,1908.24,Credit Card,Regular
SAL20250014343,2025-02-07,STR013,PRD00936,2,964.58,0.0,1929.16,1241.06,Credit Card,Regular
SAL20250014344,2025-02-17,STR041,PRD00775,1,3571.78,0.0,3571.78,1976.55,Credit Card,Walk-in
SAL20250014345,2025-02-06,STR033,PRD00534,1,97.09,0.0,97.09,80.59,UPI,Premium
SAL20250014346,2025-02-08,STR009,PRD00972,1,1079.34,0.0,1079.34,629.0,UPI,Walk-in
SAL20250014347,2025-02-13,STR018,PRD01196,1,1369.18,0.0,1369.18,596.89,UPI,Regular
SAL20250014348,2025-02-24,STR026,PRD00147,1,10113.79,0.0,10113.79,6299.23,Cash,Walk-in
SAL20250014349,2025-02-28,STR035,PRD00908,1,2285.46,0.0,2285.46,1340.06,UPI,Regular
SAL20250014350,2025-02-20,STR038,PRD00381,2,931.15,0.0,1862.3,1062.56,Cash,Regular
SAL20250014351,2025-02-10,STR010,PRD00950,4,184.59,0.1,664.52,509.24,UPI,Regular
SAL20250014352,2025-02-12,STR016,PRD01007,4,886.03,0.0,3544.12,2009.52,Credit Card,Regular
SAL20250014353,2025-02-02,STR017,PRD00002,1,1289.58,0.05,1225.1,870.9,UPI,Corporate
SAL20250014354,2025-02-15,STR038,PRD00774,3,2102.71,0.0,6308.13,4647.81,Credit Card,Regular
SAL20250014355,2025-02-20,STR007,PRD00538,1,57.89,0.05,55.0,41.78,Debit Card,Regular
SAL20250014356,2025-02-14,STR006,PRD00829,2,2093.34,0.0,4186.68,3077.74,Credit Card,Regular
SAL20250014357,2025-02-16,STR012,PRD01175,1,2568.19,0.0,2568.19,1572.7,UPI,Corporate
SAL20250014358,2025-02-04,STR018,PRD00602,2,328.03,0.0,656.06,414.56,UPI,Regular
SAL20250014359,2025-02-16,STR030,PRD00755,1,511.82,0.0,511.82,344.31,Debit Card,Walk-in
SAL20250014360,2025-02-08,STR022,PRD01081,1,7442.0,0.1,6697.8,3523.33,Cash,Regular
SAL20250014361,2025-02-13,STR017,PRD00998,1,883.36,0.0,883.36,449.89,Net Banking,Walk-in
SAL20250014362,2025-02-03,STR009,PRD01064,1,155.0,0.0,155.0,78.63,Credit Card,Premium
SAL20250014363,2025-02-16,STR006,PRD00795,3,965.34,0.0,2896.02,2064.06,UPI,Regular
SAL20250014364,2025-02-02,STR014,PRD00401,3,743.9,0.0,2231.7,1885.2,Credit Card,Walk-in
SAL20250014365,2025-02-01,STR015,PRD00679,2,2876.53,0.0,5753.06,3731.08,UPI,Walk-in
SAL20250014366,2025-02-26,STR022,PRD00480,3,103.25,0.0,309.75,258.51,Debit Card,Premium
SAL20250014367,2025-02-24,STR014,PRD01006,2,849.47,0.1,1529.05,1213.38,UPI,Corporate
SAL20250014368,2025-02-19,STR039,PRD00929,3,3367.15,0.0,10101.45,6108.72,Cash,Regular
SAL20250014369,2025-02-18,STR017,PRD00069,1,11744.39,0.0,11744.39,7701.34,Credit Card,Walk-in
SAL20250014370,2025-02-26,STR007,PRD00988,2,774.65,0.0,1549.3,1065.0,UPI,Walk-in
SAL20250014371,2025-02-08,STR033,PRD00005,1,25382.71,0.0,25382.71,18438.86,Credit Card,Walk-in
SAL20250014372,2025-02-07,STR004,PRD00082,2,9499.68,0.0,18999.36,13104.88,UPI,Regular
SAL20250014373,2025-02-22,STR001,PRD00848,2,2441.1,0.1,4393.98,3232.64,Net Banking,Corporate
SAL20250014374,2025-02-26,STR011,PRD00929,3,3367.15,0.05,9596.38,6108.72,UPI,Walk-in
SAL20250014375,2025-02-15,STR033,PRD01001,3,315.54,0.0,946.62,535.11,Cash,Walk-in
SAL20250014376,2025-02-23,STR039,PRD00110,1,26501.66,0.0,26501.66,18492.65,Credit Card,Walk-in
SAL20250014377,2025-02-28,STR017,PRD00887,1,2006.5,0.05,1906.17,1169.69,Credit Card,Regular
SAL20250014378,2025-02-28,STR002,PRD00209,1,4015.2,0.1,3613.68,2717.92,Credit Card,Walk-in
SAL20250014379,2025-02-11,STR030,PRD00450,2,377.7,0.0,755.4,581.08,UPI,Regular
SAL20250014380,2025-02-04,STR015,PRD00232,1,6785.18,0.0,6785.18,4843.37,Debit Card,Regular
SAL20250014381,2025-02-18,STR007,PRD00330,2,275.94,0.0,551.88,337.72,Credit Card,Regular
SAL20250014382,2025-02-25,STR035,PRD01042,1,143.52,0.0,143.52,94.69,Credit Card,Walk-in
SAL20250014383,2025-02-05,STR038,PRD01001,1,315.54,0.0,315.54,178.37,UPI,Walk-in
SAL20250014384,2025-02-11,STR030,PRD01019,3,948.07,0.0,2844.21,1469.25,UPI,Regular
SAL20250014385,2025-02-22,STR019,PRD00179,1,5253.14,0.0,5253.14,3207.54,Credit Card,Premium
SAL20250014386,2025-02-26,STR017,PRD00450,10,377.7,0.0,3777.0,2905.4,Credit Card,Regular
SAL20250014387,2025-02-21,STR003,PRD00622,3,644.0,0.0,1932.0,1199.37,Credit Card,Premium
SAL20250014388,2025-02-06,STR018,PRD00747,1,1306.66,0.0,1306.66,960.16,Debit Card,Walk-in
SAL20250014389,2025-02-13,STR017,PRD00556,1,634.75,0.0,634.75,470.98,UPI,Regular
SAL20250014390,2025-02-15,STR003,PRD00349,1,152.26,0.1,137.03,83.87,UPI,Walk-in
SAL20250014391,2025-02-24,STR003,PRD00264,1,4452.38,0.0,4452.38,3172.04,Credit Card,Walk-in
SAL20250014392,2025-02-09,STR026,PRD00107,1,4985.79,0.0,4985.79,3483.71,Cash,Regular
SAL20250014393,2025-02-05,STR029,PRD00520,2,482.69,0.1,868.84,811.72,UPI,Regular
SAL20250014394,2025-02-11,STR016,PRD00506,1,725.03,0.05,688.78,579.1,UPI,Walk-in
SAL20250014395,2025-02-02,STR024,PRD01129,1,691.29,0.0,691.29,281.12,Credit Card,Regular
SAL20250014396,2025-02-08,STR035,PRD00178,1,9669.95,0.0,9669.95,6949.73,Credit Card,Walk-in
SAL20250014397,2025-02-26,STR040,PRD00875,1,258.44,0.1,232.6,150.9,Credit Card,Regular
SAL20250014398,2025-02-16,STR010,PRD00980,3,608.25,0.0,1824.75,1086.78,Credit Card,Regular
SAL20250014399,2025-02-20,STR003,PRD01071,2,5607.68,0.0,11215.36,6824.0,UPI,Regular
SAL20250014400,2025-02-26,STR004,PRD00064,3,2458.4,0.05,7006.44,5492.1,UPI,Regular
SAL20250014401,2025-02-04,STR025,PRD00592,4,365.4,0.0,1461.6,873.16,Credit Card,Regular
SAL20250014402,2025-02-13,STR014,PRD00614,4,52.25,0.05,198.55,137.12,UPI,Regular
SAL20250014403,2025-02-20,STR018,PRD01052,5,462.25,0.0,2311.25,1615.0,Debit Card,Walk-in
SAL20250014404,2025-02-25,STR017,PRD00909,1,1266.46,0.0,1266.46,869.48,Credit Card,Premium
SAL20250014405,2025-02-18,STR021,PRD00432,1,845.55,0.0,845.55,647.04,Debit Card,Regular
SAL20250014406,2025-02-15,STR005,PRD00153,1,12724.66,0.0,12724.66,7922.12,UPI,Corporate
SAL20250014407,2025-02-16,STR026,PRD00452,2,1046.75,0.0,2093.5,1759.3,Credit Card,Walk-in
SAL20250014408,2025-02-04,STR021,PRD00192,1,3362.18,0.0,3362.18,2170.51,Debit Card,Regular
SAL20250014409,2025-02-14,STR026,PRD00625,2,629.94,0.0,1259.88,865.82,UPI,Walk-in
SAL20250014410,2025-02-14,STR010,PRD01059,2,553.69,0.05,1052.01,736.72,UPI,Walk-in
SAL20250014411,2025-02-14,STR027,PRD00129,1,19597.62,0.0,19597.62,15263.15,Debit Card,Walk-in
SAL20250014412,2025-02-01,STR012,PRD00648,2,715.75,0.05,1359.92,914.54,UPI,Regular
SAL20250014413,2025-02-07,STR027,PRD00029,1,24663.79,0.0,24663.79,16157.43,UPI,Premium
SAL20250014414,2025-02-20,STR033,PRD00720,3,3749.56,0.0,11248.68,6314.85,Net Banking,Premium
SAL20250014415,2025-02-08,STR001,PRD00277,3,1350.87,0.0,4052.61,2040.75,Debit Card,Regular
SAL20250014416,2025-02-10,STR021,PRD00136,1,8242.41,0.05,7830.29,5641.21,UPI,Premium
SAL20250014417,2025-02-19,STR009,PRD00269,1,151.87,0.0,151.87,99.82,UPI,Walk-in
SAL20250014418,2025-02-02,STR037,PRD00094,1,15405.56,0.05,14635.28,12408.34,Credit Card,Regular
SAL20250014419,2025-02-01,STR036,PRD00918,1,2741.1,0.0,2741.1,1987.44,UPI,Regular
SAL20250014420,2025-02-21,STR016,PRD01107,1,1600.76,0.0,1600.76,735.13,UPI,Walk-in
SAL20250014421,2025-02-12,STR039,PRD00895,1,472.54,0.0,472.54,297.4,UPI,Regular
SAL20250014422,2025-02-27,STR009,PRD00339,1,831.47,0.05,789.9,498.17,UPI,Walk-in
SAL20250014423,2025-02-01,STR010,PRD00607,1,313.72,0.05,298.03,181.35,UPI,Walk-in
SAL20250014424,2025-02-05,STR029,PRD00452,1,1046.75,0.0,1046.75,879.65,UPI,Walk-in
SAL20250014425,2025-02-06,STR009,PRD00603,3,196.91,0.0,590.73,392.88,Credit Card,Walk-in
SAL20250010785,2025-02-08,STR032,PRD00063,1,19546.78,0.0,19546.78,13446.97,Cash,Regular
SAL20250014427,2025-02-05,STR002,PRD01127,1,730.99,0.0,730.99,319.39,UPI,Regular
SAL20250014428,2025-02-15,STR006,PRD00116,1,21256.57,0.0,21256.57,14955.09,UPI,Walk-in
SAL20250014429,2025-02-21,STR022,PRD00940,4,57.11,0.0,228.44,155.44,UPI,Regular
SAL20250014430,2025-02-16,STR014,PRD00746,1,2299.94,0.0,2299.94,1526.01,Debit Card,Regular
SAL20250014431,2025-02-17,STR006,PRD00140,1,6378.06,0.0,6378.06,4851.7,Cash,Regular
SAL20250014432,2025-02-15,STR040,PRD00357,1,1112.32,0.0,1112.32,676.9,UPI,Regular
SAL20250014433,2025-02-08,STR037,PRD00652,2,210.65,0.0,421.3,274.0,UPI,Regular
SAL20250014434,2025-02-14,STR011,PRD00475,2,749.71,0.05,1424.45,1137.92,Debit Card,Walk-in
SAL20250014435,2025-02-10,STR021,PRD00983,1,1007.95,0.0,1007.95,583.88,Cash,Regular
SAL20250014436,2025-02-18,STR030,PRD00963,1,93.93,0.0,93.93,63.76,Credit Card,Regular
SAL20250014437,2025-02-13,STR038,PRD00420,1,876.02,0.0,876.02,742.57,Debit Card,Regular
SAL20250014438,2025-02-18,STR016,PRD00137,1,8245.04,0.0,8245.04,6423.44,Debit Card,Regular
SAL20250014439,2025-02-20,STR037,PRD00701,1,4774.16,0.05,4535.45,3063.26,Debit Card,Walk-in
SAL20250014440,2025-02-03,STR036,PRD00648,1,715.75,0.0,715.75,457.27,UPI,Walk-in
SAL20250014441,2025-02-28,STR022,PRD00602,2,328.03,0.0,656.06,414.56,Credit Card,Regular
SAL20250014442,2025-02-25,STR036,PRD00561,1,111.53,0.0,111.53,75.49,UPI,Regular
SAL20250014443,2025-02-08,STR006,PRD01017,1,1092.19,0.0,1092.19,591.69,UPI,Walk-in
SAL20250014444,2025-02-28,STR010,PRD01069,1,2127.71,0.0,2127.71,1083.85,Credit Card,Corporate
SAL20250014445,2025-02-22,STR041,PRD00532,4,1039.03,0.0,4156.12,3235.44,UPI,Walk-in
SAL20250014446,2025-02-15,STR034,PRD00649,4,333.14,0.0,1332.56,955.84,Credit Card,Regular
SAL20250014447,2025-02-08,STR022,PRD00705,3,488.73,0.1,1319.57,985.29,UPI,Regular
SAL20250014448,2025-02-16,STR003,PRD00381,1,931.15,0.0,931.15,531.28,UPI,Regular
SAL20250014449,2025-02-04,STR009,PRD00846,1,1551.36,0.0,1551.36,1102.23,UPI,Regular
SAL20250014450,2025-02-20,STR010,PRD00004,1,18331.36,0.1,16498.22,14741.73,Debit Card,Regular
SAL20250014451,2025-02-08,STR004,PRD00539,1,69.32,0.0,69.32,47.73,Cash,Regular
SAL20250014452,2025-02-05,STR014,PRD00265,1,4797.2,0.0,4797.2,2920.06,UPI,Walk-in
SAL20250014453,2025-02-20,STR005,PRD00916,1,3924.97,0.05,3728.72,2270.78,Net Banking,Walk-in
SAL20250014454,2025-02-19,STR019,PRD00763,1,3968.33,0.0,3968.33,2850.9,Net Banking,Regular
SAL20250014455,2025-02-27,STR037,PRD00970,2,370.51,0.0,741.02,479.54,UPI,Regular
SAL20250014456,2025-02-21,STR015,PRD00916,1,3924.97,0.05,3728.72,2270.78,UPI,Walk-in
SAL20250014457,2025-02-22,STR007,PRD00451,1,641.37,0.0,641.37,505.23,Debit Card,Regular
SAL20250014458,2025-02-05,STR030,PRD00136,1,8242.41,0.0,8242.41,5641.21,Debit Card,Walk-in
SAL20250014459,2025-02-26,STR013,PRD00682,1,3799.71,0.0,3799.71,2447.28,UPI,Regular
SAL20250014460,2025-02-10,STR003,PRD01106,2,3135.75,0.0,6271.5,3338.32,Debit Card,Regular
SAL20250014461,2025-02-06,STR030,PRD00179,3,5253.14,0.0,15759.42,9622.62,Net Banking,Regular
SAL20250014462,2025-02-02,STR033,PRD00278,2,439.84,0.1,791.71,584.14,UPI,Walk-in
SAL20250014463,2025-02-28,STR039,PRD00191,1,7660.03,0.0,7660.03,5198.25,Debit Card,Regular
SAL20250014464,2025-02-09,STR019,PRD00703,1,940.1,0.0,940.1,700.55,Cash,Corporate
SAL20250014465,2025-02-18,STR033,PRD00695,4,2280.88,0.1,8211.17,5105.84,Debit Card,Walk-in
SAL20250014466,2025-02-21,STR012,PRD00636,1,685.82,0.0,685.82,452.44,Credit Card,Walk-in
SAL20250014467,2025-02-11,STR019,PRD00751,1,3034.29,0.0,3034.29,1940.36,UPI,Regular
SAL20250014468,2025-02-18,STR036,PRD00317,2,1393.76,0.0,2787.52,1598.94,UPI,Walk-in
SAL20250014469,2025-02-03,STR034,PRD00717,1,402.54,0.1,362.29,262.23,UPI,Walk-in
SAL20250014470,2025-02-08,STR004,PRD00719,4,4808.67,0.0,19234.68,11036.84,UPI,Walk-in
SAL20250014471,2025-02-01,STR026,PRD00594,5,129.17,0.1,581.26,406.65,Credit Card,Walk-in
SAL20250014472,2025-02-10,STR022,PRD00536,1,393.56,0.05,373.88,270.95,UPI,Regular
SAL20250014473,2025-02-26,STR020,PRD00002,1,1289.58,0.0,1289.58,870.9,Debit Card,Regular
SAL20250014474,2025-02-20,STR032,PRD00813,1,3086.68,0.1,2778.01,2009.41,Cash,Regular
SAL20250014475,2025-02-24,STR032,PRD01057,3,52.31,0.0,156.93,99.9,Cash,Walk-in
SAL20250014476,2025-02-23,STR002,PRD00659,1,294.97,0.1,265.47,218.84,UPI,Walk-in
SAL20250014477,2025-02-21,STR013,PRD00370,1,676.23,0.0,676.23,451.33,Credit Card,Walk-in
SAL20250014478,2025-02-27,STR015,PRD01084,1,10498.54,0.0,10498.54,4211.39,Cash,Regular
SAL20250014479,2025-02-16,STR021,PRD00027,2,21177.44,0.0,42354.88,31773.28,Credit Card,Regular
SAL20250014480,2025-02-19,STR038,PRD00026,1,4182.92,0.0,4182.92,3047.01,UPI,Walk-in
SAL20250014481,2025-02-04,STR029,PRD00837,1,4012.56,0.0,4012.56,2368.64,UPI,Walk-in
SAL20250014482,2025-02-17,STR040,PRD00378,2,667.36,0.05,1267.98,731.08,Debit Card,Regular
SAL20250014483,2025-02-19,STR020,PRD00038,1,2962.9,0.1,2666.61,2113.53,Debit Card,Walk-in
SAL20250014484,2025-02-04,STR016,PRD00581,2,310.86,0.05,590.63,397.42,UPI,Regular
SAL20250014485,2025-02-19,STR020,PRD00539,10,69.32,0.0,693.2,477.3,UPI,Regular
SAL20250014486,2025-02-19,STR039,PRD00563,1,667.75,0.0,667.75,433.56,Debit Card,Premium
SAL20250014487,2025-02-16,STR034,PRD00070,1,15101.4,0.0,15101.4,11038.01,UPI,Regular
SAL20250014488,2025-02-02,STR023,PRD00877,1,1728.24,0.0,1728.24,1211.91,UPI,Regular
SAL20250014489,2025-02-20,STR040,PRD00844,1,3943.03,0.0,3943.03,2224.57,Cash,Regular
SAL20250014490,2025-02-09,STR015,PRD00867,4,798.49,0.0,3193.96,1831.04,Credit Card,Regular
SAL20250014491,2025-02-16,STR031,PRD00018,1,13116.16,0.0,13116.16,9769.19,UPI,Regular
SAL20250014492,2025-02-06,STR015,PRD00552,3,296.06,0.0,888.18,584.82,UPI,Walk-in
SAL20250014493,2025-02-03,STR012,PRD00415,2,345.23,0.0,690.46,572.38,UPI,Walk-in
SAL20250014494,2025-02-15,STR026,PRD00960,1,572.91,0.0,572.91,382.4,Debit Card,Premium
SAL20250014495,2025-02-22,STR010,PRD00517,1,252.82,0.0,252.82,203.03,UPI,Regular
SAL20250014496,2025-02-23,STR015,PRD00452,1,1046.75,0.0,1046.75,879.65,UPI,Walk-in
SAL20250014497,2025-02-02,STR003,PRD00562,3,671.35,0.0,2014.05,1414.41,UPI,Premium
SAL20250014498,2025-02-27,STR007,PRD01193,1,1712.13,0.0,1712.13,1034.91,Net Banking,Regular
SAL20250014499,2025-02-03,STR024,PRD00790,3,1379.35,0.0,4138.05,2708.16,Credit Card,Regular
SAL20250014500,2025-02-04,STR038,PRD00379,1,660.61,0.0,660.61,460.66,Credit Card,Premium
SAL20250014501,2025-02-20,STR004,PRD00797,1,567.41,0.0,567.41,411.41,UPI,Walk-in
SAL20250014502,2025-02-02,STR013,PRD00002,1,1289.58,0.0,1289.58,870.9,UPI,Premium
SAL20250014503,2025-02-03,STR015,PRD01063,3,747.32,0.0,2241.96,1465.17,Credit Card,Walk-in
SAL20250014504,2025-02-22,STR020,PRD00121,1,13928.8,0.0,13928.8,9332.33,Credit Card,Regular
SAL20250014505,2025-02-19,STR006,PRD00915,1,703.59,0.0,703.59,463.15,UPI,Regular
SAL20250014506,2025-02-03,STR022,PRD00670,4,3171.53,0.0,12686.12,7659.68,Credit Card,Premium
SAL20250014507,2025-02-26,STR011,PRD00728,1,5071.72,0.0,5071.72,3009.63,UPI,Walk-in
SAL20250014508,2025-02-09,STR038,,2,2403.9,0.0,4807.8,3216.32,Debit Card,Walk-in
SAL20250014509,2025-02-26,STR004,PRD00470,3,416.77,0.0,1250.31,975.33,Debit Card,Regular
SAL20250014510,2025-02-02,STR025,PRD00634,2,509.03,0.0,1018.06,597.92,Credit Card,Walk-in
SAL20250014511,2025-02-19,STR017,PRD00187,1,5314.8,0.0,5314.8,3364.43,UPI,Regular
SAL20250014512,2025-02-05,STR041,PRD00560,5,314.33,0.0,1571.65,1093.95,Credit Card,Walk-in
SAL20250014513,2026-05-15,STR030,PRD00870,1,2808.24,0.0,2808.24,1618.68,UPI,Regular
SAL20250014514,2025-02-19,STR034,PRD01140,1,5750.16,0.0,5750.16,3316.46,Cash,Premium
SAL20250014515,2025-02-14,STR029,PRD00121,1,13928.8,0.0,13928.8,9332.33,Cash,Walk-in
SAL20250014516,2025-02-03,STR031,PRD00916,2,3924.97,0.0,7849.94,4541.56,UPI,Regular
SAL20250014517,2025-02-24,STR007,PRD01105,3,2498.16,0.0,7494.48,4525.56,UPI,Walk-in
SAL20250014518,2025-02-19,STR003,PRD00441,2,853.01,0.0,1706.02,1414.16,Debit Card,Regular
SAL20250014519,2025-02-03,STR013,PRD00186,2,7826.08,0.0,15652.16,10249.78,Cash,Walk-in
SAL20250014520,2025-02-13,STR039,PRD00460,1,816.3,0.05,775.48,667.77,UPI,Walk-in
SAL20250014521,2025-02-01,STR011,PRD00807,1,667.9,0.0,667.9,429.52,UPI,Walk-in
SAL20250014522,2025-02-04,STR029,PRD00897,4,3626.87,0.0,14507.48,9476.84,Cash,Walk-in
SAL20250014523,2025-02-14,STR005,PRD00408,2,1017.09,0.0,2034.18,1565.84,Credit Card,Regular
SAL20250014524,2025-02-26,STR025,PRD00041,1,19732.0,0.0,19732.0,14953.27,Debit Card,Regular
SAL20250014525,2025-02-02,STR025,PRD00266,1,13058.2,0.1,11752.38,8085.89,UPI,Regular
SAL20250014526,2025-02-13,STR009,PRD00715,1,2949.53,0.0,2949.53,1984.0,Credit Card,Walk-in
SAL20250014527,2025-02-16,STR036,PRD00092,1,6575.52,0.0,6575.52,4677.68,UPI,Walk-in
SAL20250014528,2025-02-28,STR007,PRD00523,1,773.23,0.05,734.57,656.14,UPI,Corporate
SAL20250014529,2025-02-01,STR015,PRD00962,1,708.41,0.0,708.41,395.68,UPI,Regular
SAL20250014530,2025-02-18,STR004,PRD00220,1,5859.46,0.0,5859.46,4561.44,UPI,Regular
SAL20250014531,2025-02-20,STR004,PRD00408,1,1017.09,0.0,1017.09,782.92,Credit Card,Premium
SAL20250014532,2025-02-16,STR030,PRD00776,1,1145.74,0.0,1145.74,684.76,Credit Card,Premium
SAL20250014533,2025-02-05,STR009,PRD01019,4,948.07,0.0,3792.28,1959.0,Debit Card,Regular
SAL20250014534,2025-02-26,STR030,PRD00936,1,964.58,0.0,964.58,620.53,Net Banking,Walk-in
SAL20250014535,2025-02-03,STR022,PRD00402,1,947.11,0.0,947.11,818.06,UPI,Regular
SAL20250014536,2025-02-08,STR008,PRD00973,3,291.44,0.0,874.32,470.73,UPI,Walk-in
SAL20250014537,2025-02-28,STR009,PRD01049,10,225.77,0.0,2257.7,1378.8,Cash,Walk-in
SAL20250014538,2025-02-11,STR015,PRD00115,1,5778.27,0.1,5200.44,4176.17,Credit Card,Premium
SAL20250014539,2025-02-18,STR001,PRD01179,1,3455.57,0.0,3455.57,2074.52,Debit Card,Walk-in
SAL20250014540,2025-02-21,STR015,PRD01041,3,954.2,0.0,2862.6,1598.43,Net Banking,Premium
SAL20250014541,2025-02-18,STR014,PRD00878,1,1229.84,0.0,1229.84,796.56,UPI,Regular
SAL20250014542,2025-02-27,STR039,PRD00024,2,23723.95,0.0,47447.9,31000.48,Debit Card,Walk-in
SAL20250014543,2025-02-11,STR032,PRD00953,4,80.84,0.0,323.36,231.88,Credit Card,Regular
SAL20250014544,2025-02-13,STR011,PRD00014,1,5918.05,0.0,5918.05,4586.64,UPI,Regular
SAL20250014545,2025-02-28,STR004,PRD00731,1,2513.85,0.0,2513.85,1582.05,Credit Card,Walk-in
SAL20250014546,2025-02-11,STR013,PRD00310,2,607.97,0.0,1215.94,607.48,Credit Card,Walk-in
SAL20250014547,2025-02-07,STR020,PRD01131,1,6280.13,0.0,6280.13,3425.53,Credit Card,Walk-in
SAL20250014548,2025-02-02,STR001,PRD00542,2,534.65,0.0,1069.3,683.62,UPI,Premium
SAL20250014549,2025-02-16,STR005,PRD00361,2,1524.53,0.0,3049.06,1651.4,UPI,Regular
SAL20250014550,2025-02-24,STR011,PRD00107,1,4985.79,0.0,4985.79,3483.71,UPI,Corporate
SAL20250014551,2025-02-14,STR025,PRD01137,1,2009.09,0.0,2009.09,1074.27,Credit Card,Walk-in
SAL20250014552,2025-02-06,STR041,PRD00745,1,2529.52,0.0,2529.52,1829.18,Credit Card,Regular
SAL20250014553,2025-02-13,STR036,PRD00587,4,250.15,0.0,1000.6,687.16,Debit Card,Regular
SAL20250014554,2025-02-01,STR023,PRD00982,1,104.72,0.0,104.72,58.34,Debit Card,Regular
SAL20250014555,2025-02-19,STR032,PRD00622,3,644.0,0.0,1932.0,1199.37,Credit Card,Walk-in
SAL20250014556,2025-02-11,STR013,PRD00974,1,202.7,0.0,202.7,106.76,Debit Card,Regular
SAL20250014557,2025-02-13,STR025,PRD00139,1,2949.49,0.0,2949.49,1812.36,Cash,Corporate
SAL20250014558,2025-02-26,STR015,PRD00493,1,517.33,0.0,517.33,446.5,Credit Card,Regular
SAL20250014559,2025-02-23,STR038,PRD00411,2,779.25,0.1,1402.65,1263.7,Credit Card,Walk-in
SAL20250014560,2025-02-05,STR032,PRD00135,1,9390.96,0.0,9390.96,6866.63,UPI,Premium
SAL20250014561,2025-02-19,STR013,PRD00599,1,273.52,0.0,273.52,189.37,UPI,Walk-in
SAL20250014562,2025-02-26,STR024,PRD00643,1,345.09,0.0,345.09,217.6,UPI,Regular
SAL20250014563,2025-02-22,STR029,PRD01062,2,925.26,0.0,1850.52,1086.12,Debit Card,Regular
SAL20250014564,2025-02-03,STR038,PRD00567,1,365.44,0.0,365.44,226.96,UPI,Regular
SAL20250014565,2025-02-07,STR041,PRD00944,1,197.23,0.0,197.23,127.82,UPI,Regular
SAL20250014566,2025-02-12,STR003,PRD01185,1,2223.59,0.1,2001.23,924.85,UPI,Walk-in
SAL20250014567,2025-02-21,STR011,PRD01026,1,512.0,0.0,512.0,341.95,Debit Card,Premium
SAL20250014568,2025-02-09,STR039,PRD01078,2,2107.38,0.05,4004.02,2631.78,Credit Card,Corporate
SAL20250014569,2025-02-19,STR038,PRD01130,1,3164.31,0.0,3164.31,1889.64,Credit Card,Regular
SAL20250014570,2025-02-21,STR040,PRD00114,3,17643.2,0.0,52929.6,36918.0,Debit Card,Walk-in
SAL20250014571,2025-02-25,STR029,PRD00368,1,927.52,0.0,927.52,587.93,Net Banking,Premium
SAL20250014572,2025-02-19,STR036,PRD00922,2,953.09,0.05,1810.87,1256.32,UPI,Regular
SAL20250014573,2025-02-09,STR021,PRD00026,1,4182.92,0.1,3764.63,3047.01,Debit Card,Walk-in
SAL20250014574,2025-02-06,STR009,PRD01108,1,4924.79,0.0,4924.79,2289.5,UPI,Regular
SAL20250014575,2025-02-12,STR033,PRD00623,5,563.55,0.1,2535.97,1938.3,UPI,Walk-in
SAL20250014576,2025-02-09,STR031,PRD00022,1,22149.39,0.0,22149.39,16337.37,Credit Card,Premium
SAL20250014577,2025-02-01,STR033,PRD00716,3,1780.84,0.0,5342.52,3022.38,UPI,Regular
SAL20250014578,2025-02-01,STR019,PRD00892,1,2494.33,0.0,2494.33,1742.01,Credit Card,Regular
SAL20250014579,2025-02-05,STR009,PRD00022,1,22149.39,0.0,22149.39,16337.37,Cash,Walk-in
SAL20250014580,2025-02-19,STR004,PRD00991,3,894.61,0.0,2683.83,1543.59,UPI,Regular
SAL20250014581,2025-02-12,STR030,PRD00995,1,585.44,0.0,585.44,417.72,UPI,Premium
SAL20250014582,2025-02-28,STR031,PRD00059,1,15692.67,0.0,15692.67,12269.76,Credit Card,Regular
SAL20250014583,2025-02-11,STR041,PRD01037,1,431.13,0.0,431.13,232.19,UPI,Regular
SAL20250014584,2025-02-04,STR026,PRD00114,2,17643.2,0.0,35286.4,24612.0,UPI,Premium
SAL20250014585,2025-02-05,STR031,PRD00187,2,5314.8,0.0,10629.6,6728.86,Debit Card,Walk-in
SAL20250014586,2025-02-14,STR025,PRD00577,4,262.74,0.0,1050.96,757.12,UPI,Regular
SAL20250014587,2025-02-07,STR003,PRD00929,1,3367.15,0.0,3367.15,2036.24,Cash,Walk-in
SAL20250014588,2025-02-27,STR017,PRD00738,1,984.8,0.0,984.8,687.04,Credit Card,Walk-in
SAL20250014589,2025-02-22,STR031,PRD00475,3,749.71,0.1,2024.22,1706.88,Debit Card,Regular
SAL20250014590,2025-02-13,STR013,PRD01185,1,2223.59,0.05,2112.41,924.85,UPI,Walk-in
SAL20250014591,2025-02-08,STR025,PRD00977,2,417.51,0.0,835.02,564.56,Net Banking,Premium
SAL20250014592,2025-02-18,STR022,PRD00976,2,1125.69,0.05,2138.81,1165.22,UPI,Regular
SAL20250014593,2025-02-03,STR018,PRD00241,1,7381.55,0.1,6643.4,5583.94,UPI,Walk-in
SAL20250014594,2025-02-03,STR038,PRD00844,2,3943.03,0.05,7491.76,4449.14,Credit Card,Corporate
SAL20250014595,2025-02-28,STR010,PRD00688,1,2802.62,0.0,2802.62,2088.84,UPI,Walk-in
SAL20250014596,2025-02-26,STR007,PRD00235,1,11077.6,0.0,11077.6,6683.62,Credit Card,Regular
SAL20250014597,2025-02-26,STR001,PRD01030,2,525.24,0.0,1050.48,635.14,Net Banking,Walk-in
SAL20250014598,2025-02-03,STR002,PRD00318,3,184.33,0.0,552.99,356.31,Debit Card,Walk-in
SAL20250014599,2025-02-28,STR005,PRD01194,4,6442.41,0.05,24481.16,15540.72,Cash,Regular
SAL20250014600,2025-02-14,STR037,PRD00948,4,38.1,0.0,152.4,106.2,Credit Card,Premium
SAL20250014601,2025-02-06,STR030,PRD01177,1,2791.89,0.0,2791.89,1594.63,Credit Card,Walk-in
SAL20250014602,2025-02-02,STR037,PRD00182,1,1682.57,0.0,1682.57,1144.55,Cash,Walk-in
SAL20250014603,2025-02-10,STR037,PRD00071,1,14423.02,0.0,14423.02,9605.63,UPI,Regular
SAL20250014604,2025-02-13,STR015,PRD00502,4,721.0,0.1,2595.6,2514.88,UPI,Regular
SAL20250014605,2025-02-28,STR027,PRD00960,1,572.91,0.0,572.91,382.4,Credit Card,Walk-in
SAL20250014606,2025-02-02,STR007,PRD00897,1,3626.87,0.0,3626.87,2369.21,Credit Card,Regular
SAL20250014607,2025-02-17,STR008,PRD00647,1,284.75,0.05,270.51,189.07,UPI,Regular
SAL20250014608,2025-02-21,STR005,PRD01001,1,315.54,0.1,283.99,178.37,UPI,Regular
SAL20250014609,2025-02-28,STR001,PRD00697,3,1377.61,0.0,4132.83,2422.56,Debit Card,Regular
SAL20250014610,2025-02-11,STR022,PRD00034,1,761.93,0.0,761.93,520.56,UPI,Walk-in
SAL20250014611,2025-02-20,,PRD01130,1,3164.31,0.0,3164.31,1889.64,Cash,Regular
SAL20250014612,2025-02-09,STR002,PRD00689,1,492.79,0.0,492.79,332.83,Cash,Premium
SAL20250014613,2025-02-27,STR040,PRD00001,1,21322.84,0.0,21322.84,15337.08,Credit Card,Regular
SAL20250014614,2025-02-04,STR021,PRD00650,2,429.23,0.0,858.46,498.62,Credit Card,Regular
SAL20250014615,2025-02-26,STR003,PRD00734,2,817.34,0.0,1634.68,939.58,Credit Card,Walk-in
SAL20250014616,2025-02-25,STR016,PRD00472,5,554.85,0.0,2774.25,2224.5,UPI,Walk-in
SAL20250009304,2025-02-12,STR037,PRD00601,5,50.1,0.0,250.5,154.1,UPI,Regular
SAL20250014618,2025-02-12,STR017,PRD00199,1,1863.27,0.0,1863.27,1335.3,Debit Card,Premium
SAL20250014619,2025-02-27,STR019,PRD00605,1,66.61,0.0,66.61,49.05,UPI,Walk-in
SAL20250014620,2025-02-08,STR004,PRD00659,2,294.97,0.0,589.94,437.68,Net Banking,Premium
SAL20250014621,2025-02-12,STR012,PRD01008,1,227.58,0.0,227.58,142.0,Credit Card,Walk-in
SAL20250014622,2025-02-01,STR010,PRD00827,2,3989.15,0.1,7180.47,4393.18,Cash,Corporate
SAL20250014623,2025-02-12,STR035,PRD00074,1,17249.82,0.0,17249.82,11809.64,Credit Card,Walk-in
SAL20250014624,2025-02-23,STR029,PRD00344,2,702.67,0.0,1405.34,867.2,UPI,Premium
SAL20250014625,2025-02-07,STR019,PRD00181,1,4428.73,0.1,3985.86,3239.36,UPI,Premium
SAL20250014626,2025-02-12,STR041,PRD00915,1,703.59,0.1,633.23,463.15,Debit Card,Walk-in
SAL20250014627,2025-02-26,STR015,PRD00499,2,309.01,0.0,618.02,531.08,Credit Card,Regular
SAL20250014628,2025-02-26,STR018,PRD00782,1,3353.32,0.0,3353.32,1957.52,Debit Card,Walk-in
SAL20250014629,2025-02-24,STR029,PRD00649,4,333.14,0.0,1332.56,955.84,Credit Card,Regular
SAL20250014630,2025-02-11,STR032,PRD00892,1,2494.33,0.1,2244.9,1742.01,Credit Card,Premium
SAL20250014631,2025-02-22,STR027,PRD00731,1,2513.85,0.0,2513.85,1582.05,Credit Card,Regular
SAL20250014632,2025-02-18,STR006,PRD00355,2,304.11,0.0,608.22,327.6,Credit Card,Regular
SAL20250014633,2025-02-09,STR024,PRD00708,1,2849.79,0.0,2849.79,1883.15,Credit Card,Premium
SAL20250014634,2025-02-05,STR019,PRD00585,1,401.86,0.05,381.77,289.65,Debit Card,Walk-in
SAL20250014635,2025-02-17,STR032,PRD00933,2,3527.61,0.0,7055.22,4360.6,Credit Card,Regular
SAL20250014636,2025-02-13,STR039,PRD00451,4,641.37,0.0,2565.48,2020.92,UPI,Corporate
SAL20250014637,2025-02-26,STR002,PRD01094,1,7758.5,0.1,6982.65,3797.17,UPI,Regular
SAL20250014638,2025-02-02,STR039,PRD01012,3,896.48,0.0,2689.44,1747.74,UPI,Regular
SAL20250014639,2025-02-13,STR013,PRD00408,1,1017.09,0.0,1017.09,782.92,Credit Card,Premium
SAL20250014640,2025-02-02,STR003,PRD01011,4,265.01,0.0,1060.04,598.76,UPI,Premium
SAL20250014641,2025-02-04,STR040,PRD01152,1,2969.91,0.0,2969.91,1378.7,Cash,Regular
SAL20250014642,2025-02-05,STR002,PRD00714,2,1837.1,0.0,3674.2,2696.02,Credit Card,Walk-in
SAL20250014643,2025-02-10,STR006,PRD01124,1,4813.39,0.1,4332.05,2177.75,UPI,Regular
SAL20250014644,2025-02-17,STR017,PRD01006,1,849.47,0.0,849.47,606.69,Debit Card,Walk-in
SAL20250014645,2025-02-12,STR002,PRD01068,3,5954.4,0.0,17863.2,10485.6,Credit Card,Regular
SAL20250014646,2025-02-10,STR009,PRD01060,3,277.54,0.0,832.62,595.05,UPI,Walk-in
SAL20250014647,2025-02-26,STR019,PRD00950,4,184.59,0.0,738.36,509.24,Cash,Regular
SAL20250014648,2025-02-24,STR015,PRD00460,1,816.3,0.0,816.3,667.77,Credit Card,Walk-in
SAL20250014649,2025-02-03,STR007,PRD01104,2,7758.33,0.0,15516.66,6976.72,Credit Card,Walk-in
SAL20250014650,2025-02-06,STR011,PRD00581,3,310.86,0.0,932.58,596.13,Debit Card,Walk-in
SAL20250014651,2025-02-22,STR038,PRD00515,4,551.51,0.0,2206.04,1892.84,UPI,Walk-in
SAL20250014652,2025-02-23,STR001,PRD01190,1,7433.72,0.05,7062.03,3770.31,Debit Card,Regular
SAL20250014653,2025-02-14,STR008,PRD00573,2,44.75,0.0,89.5,53.9,UPI,Walk-in
SAL20250014654,2025-02-24,STR035,PRD01139,1,4060.77,0.05,3857.73,1844.56,Net Banking,Regular
SAL20250014655,2025-02-08,STR019,PRD00958,1,274.5,0.05,260.77,191.73,UPI,Premium
SAL20250014656,2025-02-06,STR038,PRD00342,1,1186.13,0.0,1186.13,698.17,Cash,Regular
SAL20250014657,2025-02-03,STR033,PRD00691,1,1815.13,0.0,1815.13,1149.93,UPI,Regular
SAL20250014658,2025-02-20,STR014,PRD01173,1,1034.88,0.0,1034.88,495.72,Debit Card,Walk-in
SAL20250014659,2025-02-17,STR018,PRD00656,1,201.0,0.0,201.0,141.1,Net Banking,Regular
SAL20250014660,2025-02-10,STR019,PRD01044,1,762.23,0.0,762.23,544.48,Net Banking,Walk-in
SAL20250014661,2025-02-21,STR027,PRD00197,1,4849.89,0.0,4849.89,3779.03,UPI,Walk-in
SAL20250014662,2025-02-24,STR016,PRD00122,1,23504.26,0.0,23504.26,16366.57,UPI,Regular
SAL20250014663,2025-02-14,STR040,PRD01093,2,4476.19,0.0,8952.38,5774.04,UPI,Regular
SAL20250014664,2025-02-12,STR021,PRD00064,1,2458.4,0.0,2458.4,1830.7,Credit Card,Regular
SAL20250014665,2025-02-25,STR018,PRD00611,1,51.03,0.0,51.03,37.81,Credit Card,Walk-in
SAL20250014666,2025-02-21,STR003,PRD00320,3,273.23,0.1,737.72,449.97,Credit Card,Regular
SAL20250014667,2025-02-13,STR006,PRD00622,2,644.0,0.0,1288.0,799.58,Credit Card,Premium
SAL20250014668,2025-02-05,STR017,PRD01182,2,9675.4,0.0,19350.8,8531.12,UPI,Premium
SAL20250014669,2025-02-16,STR031,PRD00770,1,1474.46,0.05,1400.74,1090.39,UPI,Regular
SAL20250014670,2025-02-26,STR020,PRD00572,1,728.84,0.0,728.84,468.84,Cash,Regular
SAL20250014671,2025-02-04,STR041,PRD00612,4,287.57,0.1,1035.25,849.72,UPI,Walk-in
SAL20250014672,2025-02-02,STR004,PRD00034,1,761.93,0.05,723.83,520.56,Credit Card,Regular
SAL20250014673,2025-02-27,STR034,PRD00911,1,807.88,0.0,807.88,602.2,Credit Card,Walk-in
SAL20250014674,2025-02-17,STR037,PRD00843,2,1073.63,0.0,2147.26,1378.92,Debit Card,Regular
SAL20250014675,2025-02-08,STR009,PRD00881,2,802.33,0.0,1604.66,1067.02,UPI,Corporate
SAL20250014676,2025-02-02,STR040,PRD00230,1,11424.91,0.0,11424.91,7835.88,Cash,Walk-in
SAL20250014677,2025-02-17,STR024,PRD00058,1,3380.1,0.0,3380.1,2568.5,Credit Card,Regular
SAL20250014678,2025-02-01,STR025,PRD00066,1,7423.58,0.0,7423.58,5820.76,UPI,Regular
SAL20250014679,2025-02-06,STR016,PRD00636,2,685.82,0.0,1371.64,904.88,UPI,Premium
SAL20250014680,2025-02-19,STR001,PRD00010,1,14520.45,0.0,14520.45,11774.44,Credit Card,Corporate
SAL20250014681,2025-02-19,STR008,PRD00203,1,6533.34,0.0,6533.34,4260.88,UPI,Regular
SAL20250014682,2025-02-22,STR001,PRD00412,2,576.41,0.0,1152.82,909.5,UPI,Regular
SAL20250014683,2025-02-26,STR012,PRD00438,2,638.02,0.0,1276.04,973.78,UPI,Regular
SAL20250014684,2025-02-03,STR041,PRD01094,3,7758.5,0.0,23275.5,11391.51,Debit Card,Regular
SAL20250014685,2025-02-09,STR037,PRD00918,1,2741.1,0.0,2741.1,1987.44,Cash,Regular
SAL20250014686,2025-02-21,STR016,PRD01080,2,1721.88,0.0,3443.76,1543.46,Net Banking,Regular
SAL20250014687,2025-02-16,STR021,PRD00588,1,125.09,0.0,125.09,90.39,UPI,Regular
SAL20250014688,2025-02-17,STR023,PRD00531,1,217.65,0.1,195.89,182.2,UPI,Regular
SAL20250014689,2025-02-08,STR003,PRD00426,4,496.18,0.0,1984.72,1663.48,Credit Card,Regular
SAL20250014690,2025-02-07,STR041,PRD00580,1,372.59,0.05,353.96,211.3,Debit Card,Walk-in
SAL20250014691,2025-02-27,STR006,PRD00538,4,57.89,0.1,208.4,167.12,UPI,Walk-in
SAL20250014692,2025-02-23,STR018,PRD00811,1,243.22,0.0,243.22,140.95,UPI,Regular
SAL20250014693,2025-02-12,,PRD00502,1,721.0,0.0,721.0,628.72,UPI,Regular
SAL20250014694,2025-02-27,STR040,PRD01086,2,5541.98,0.0,11083.96,6444.84,UPI,Walk-in
SAL20250014695,2025-02-08,STR025,PRD00650,1,429.23,0.0,429.23,249.31,Credit Card,Walk-in
SAL20250014696,2025-02-28,STR024,PRD00604,5,254.69,0.1,1146.11,759.5,UPI,Regular
SAL20250014697,2025-02-01,STR011,PRD00968,3,316.7,0.0,950.1,476.28,Cash,Regular
SAL20250014698,2025-02-24,STR008,PRD00501,2,707.96,0.0,1415.92,1094.7,Credit Card,Regular
SAL20250014699,2025-02-05,STR019,PRD00468,1,180.53,0.0,180.53,148.32,Cash,Regular
SAL20250014700,2025-02-20,STR037,PRD00768,1,281.0,0.0,281.0,205.1,Credit Card,Walk-in
SAL20250014701,2025-02-14,STR008,PRD00902,2,258.19,0.1,464.74,308.14,UPI,Walk-in
SAL20250014702,2025-02-04,STR024,PRD00349,2,152.26,0.0,304.52,167.74,Credit Card,Regular
SAL20250014703,2025-02-25,STR024,PRD00797,1,567.41,0.05,539.04,411.41,UPI,Walk-in
SAL20250014704,2025-02-12,STR004,PRD01050,5,562.12,0.05,2670.07,1645.7,Credit Card,Walk-in
SAL20250014705,2025-02-01,STR029,PRD00087,1,23253.22,0.0,23253.22,15702.94,Credit Card,Premium
SAL20250014706,2025-02-13,STR004,PRD00523,3,773.23,0.0,2319.69,1968.42,Net Banking,Walk-in
SAL20250014707,2025-02-14,STR006,PRD00039,1,8380.37,0.0,8380.37,6279.95,Credit Card,Premium
SAL20250014708,2025-02-01,STR034,PRD00167,1,8410.2,0.0,8410.2,5523.21,UPI,Regular
SAL20250014709,2025-02-14,STR040,PRD01163,1,6199.15,0.0,6199.15,3716.06,Debit Card,Regular
SAL20250014710,2025-02-22,STR035,PRD00298,1,1012.57,0.0,1012.57,666.12,UPI,Regular
SAL20250014711,2025-02-08,STR005,PRD00493,3,517.33,0.1,1396.79,1339.5,Credit Card,Regular
SAL20250014712,2025-02-24,STR012,PRD00579,5,398.71,0.0,1993.55,1460.85,Debit Card,Regular
SAL20250014713,2025-02-10,STR031,PRD00902,2,258.19,0.0,516.38,308.14,Credit Card,Corporate
SAL20250014714,2025-02-13,STR004,PRD00537,3,133.85,0.0,401.55,236.34,UPI,Regular
SAL20250014715,2025-02-01,STR018,PRD01024,1,129.44,0.0,129.44,92.1,Credit Card,Premium
SAL20250014716,2025-02-01,STR013,PRD00456,3,215.04,0.0,645.12,509.97,Cash,Regular
SAL20250014717,2025-02-02,STR011,PRD00433,2,1065.88,0.0,2131.76,1723.5,Debit Card,Premium
SAL20250014718,2025-02-05,STR035,PRD00261,1,8333.44,0.0,8333.44,5118.51,UPI,Premium
SAL20250014719,2025-02-05,STR036,PRD00967,4,44.43,0.05,168.83,114.16,Credit Card,Walk-in
SAL20250014720,2025-02-27,STR010,PRD00282,2,705.96,0.0,1411.92,940.46,Credit Card,Premium
SAL20250014721,2025-02-09,STR040,PRD00970,2,370.51,0.0,741.02,479.54,UPI,Regular
SAL20250014722,2025-02-25,STR034,PRD00532,3,1039.03,0.0,3117.09,2426.58,Credit Card,Walk-in
SAL20250014723,2025-02-26,STR018,PRD00235,1,11077.6,0.0,11077.6,6683.62,Net Banking,Walk-in
SAL20250014724,2025-02-09,STR006,PRD01190,4,7433.72,0.0,29734.88,15081.24,UPI,Premium
SAL20250014725,2025-02-19,STR004,PRD01114,1,8827.06,0.05,8385.71,3573.34,UPI,Walk-in
SAL20250014726,2025-02-13,STR001,PRD01181,1,2062.42,0.0,2062.42,1282.83,UPI,Regular
SAL20250014727,2025-02-10,STR038,PRD00786,3,2271.94,0.0,6815.82,4600.47,Credit Card,Regular
SAL20250014728,2025-02-03,STR035,PRD00653,2,614.39,0.0,1228.78,895.52,UPI,Walk-in
SAL20250014729,2025-02-25,STR012,PRD00200,1,1880.51,0.1,1692.46,1363.43,UPI,Regular
SAL20250014730,2025-02-23,STR030,PRD00249,1,4858.0,0.0,4858.0,3416.15,UPI,Regular
SAL20250014731,2025-02-27,STR003,PRD00555,4,381.92,0.0,1527.68,879.16,Debit Card,Walk-in
SAL20250014732,2025-02-13,STR032,PRD00512,2,151.51,0.0,303.02,231.6,Cash,Walk-in
SAL20250014733,2025-02-16,STR032,PRD00029,1,24663.79,0.05,23430.6,16157.43,Credit Card,Regular
SAL20250014734,2025-02-14,STR032,PRD00713,1,4061.86,0.0,4061.86,2937.76,Credit Card,Corporate
SAL20250014735,2025-02-05,STR023,PRD01078,3,2107.38,0.05,6006.03,3947.67,Credit Card,Regular
SAL20250014736,2025-02-10,STR024,PRD00799,1,3907.93,0.0,3907.93,2458.58,Credit Card,Walk-in
SAL20250014737,2025-02-12,STR016,PRD01145,1,3609.72,0.0,3609.72,2080.21,UPI,Regular
SAL20250014738,2025-02-14,STR029,PRD00321,1,1442.95,0.1,1298.65,715.49,UPI,Walk-in
SAL20250014739,2025-02-14,STR024,PRD00027,2,21177.44,0.0,42354.88,31773.28,Cash,Premium
SAL20250014740,2025-02-04,STR010,PRD01033,2,703.74,0.0,1407.48,757.38,Credit Card,Regular
SAL20250014741,2025-02-11,STR017,PRD00403,1,158.56,0.0,158.56,138.22,UPI,Walk-in
SAL20250014742,2025-02-24,STR027,PRD00610,3,637.82,0.0,1913.46,1241.19,Credit Card,Regular
SAL20250014743,2025-02-22,STR028,PRD00505,1,1140.95,0.0,1140.95,860.47,Cash,Regular
SAL20250014744,2025-02-22,STR016,PRD00305,2,1134.36,0.05,2155.28,1230.6,UPI,Walk-in
SAL20250014745,2025-02-23,STR018,PRD00726,2,2171.72,0.0,4343.44,2995.7,UPI,Premium
SAL20250014746,2025-02-03,STR009,PRD00662,1,192.14,0.0,192.14,140.96,Cash,Premium
SAL20250014747,2025-02-09,STR018,PRD01138,2,4917.81,0.0,9835.62,5578.62,UPI,Walk-in
SAL20250014748,2025-02-12,STR016,PRD00070,2,15101.4,0.05,28692.66,22076.02,UPI,Regular
SAL20250014749,2025-02-20,STR030,PRD00799,1,3907.93,0.1,3517.14,2458.58,Debit Card,Regular
SAL20250014750,2025-02-28,STR017,PRD01007,3,886.03,0.0,2658.09,1507.14,UPI,Regular
SAL20250014751,2025-02-20,STR021,PRD00702,2,1394.73,0.1,2510.51,1977.28,UPI,Premium
SAL20250014752,2025-02-28,STR012,PRD00253,1,9663.5,0.0,9663.5,6717.07,UPI,Regular
SAL20250014753,2025-02-01,STR039,PRD00077,1,14848.8,0.0,14848.8,12077.21,Credit Card,Walk-in
SAL20250014754,2025-02-15,STR041,PRD00894,2,2403.9,0.0,4807.8,3216.32,UPI,Regular
SAL20250014755,2025-02-27,STR031,PRD00105,1,9145.0,0.0,9145.0,7010.14,UPI,Regular
SAL20250014756,2025-02-01,STR003,PRD00322,2,839.74,0.0,1679.48,1174.72,Cash,Premium
SAL20250014757,2025-02-28,STR036,PRD00825,2,2419.3,0.1,4354.74,2804.98,UPI,Regular
SAL20250014758,2025-02-13,STR010,PRD00734,3,817.34,0.0,2452.02,1409.37,UPI,Regular
SAL20250014759,2025-02-24,STR002,PRD00843,1,1073.63,0.0,1073.63,689.46,UPI,Regular
SAL20250014760,2025-02-15,STR012,PRD01071,1,5607.68,0.0,5607.68,3412.0,UPI,Walk-in
SAL20250014761,2025-02-21,STR009,PRD00681,1,4114.63,0.0,4114.63,2696.18,UPI,Premium
SAL20250014762,2025-02-08,STR025,PRD00204,2,3776.34,0.0,7552.68,5160.22,Credit Card,Walk-in
SAL20250014763,2025-02-18,STR029,PRD00710,1,4042.5,0.0,4042.5,2223.99,Debit Card,Premium
SAL20250014764,2025-02-22,STR003,PRD00852,1,1751.61,0.0,1751.61,1214.84,UPI,Premium
SAL20250014765,2025-02-05,STR014,PRD00285,4,1499.26,0.0,5997.04,3075.04,Credit Card,Walk-in
SAL20250014766,2025-02-24,STR001,PRD00277,1,1350.87,0.0,1350.87,680.25,UPI,Walk-in
SAL20250014767,2025-02-09,STR016,PRD00845,3,2226.26,0.0,6678.78,4570.23,UPI,Walk-in
SAL20250014768,2025-02-07,STR006,PRD00707,4,2433.38,0.0,9733.52,6506.88,Net Banking,Regular
SAL20250014769,2025-02-02,STR035,PRD00298,1,1012.57,0.05,961.94,666.12,UPI,Regular
SAL20250014770,2025-02-25,STR037,PRD00568,2,465.88,0.0,931.76,576.62,Cash,Premium
SAL20250014771,2025-02-17,STR008,PRD00081,2,19888.54,0.1,35799.37,26212.76,UPI,Regular
SAL20250014772,2025-02-20,STR040,PRD00354,1,1099.31,0.1,989.38,649.66,Credit Card,Regular
SAL20250014773,2025-02-02,STR010,PRD00435,1,718.79,0.0,718.79,584.17,Credit Card,Regular
SAL20250014774,2025-02-11,STR040,PRD00568,1,465.88,0.05,442.59,288.31,UPI,Regular
SAL20250014775,2025-02-28,STR004,PRD00785,1,4604.98,0.0,4604.98,2754.83,Credit Card,Regular
SAL20250014776,2025-02-08,STR006,PRD00522,4,1139.79,0.0,4559.16,3503.32,UPI,Corporate
SAL20250014777,2025-02-11,STR028,PRD00463,-3,933.21,0.0,-2799.63,2242.41,Debit Card,Walk-in
SAL20250014778,2025-02-27,STR022,PRD00360,2,505.68,0.0,1011.36,478.44,Credit Card,Premium
SAL20250014779,2025-02-07,STR006,PRD00670,1,3171.53,0.0,3171.53,1914.92,Debit Card,Corporate
SAL20250014780,2025-02-16,STR027,PRD00914,1,3460.6,0.0,3460.6,2200.72,UPI,Walk-in
SAL20250014781,2025-02-05,STR032,PRD00358,1,873.37,0.0,873.37,466.67,Credit Card,Regular
SAL20250014782,2025-02-07,STR001,PRD00699,2,2305.84,0.1,4150.51,3044.56,Debit Card,Regular
SAL20250014783,2025-02-06,STR031,PRD00696,2,1599.77,0.0,3199.54,2160.04,UPI,Regular
SAL20250014784,2025-02-28,STR026,PRD01033,1,703.74,0.05,668.55,378.69,Credit Card,Walk-in
SAL20250014785,2025-02-22,STR029,PRD00877,2,1728.24,0.0,3456.48,2423.82,Debit Card,Corporate
SAL20250014786,2025-02-14,STR002,PRD01178,3,5467.45,0.0,16402.35,10549.59,UPI,Regular
SAL20250014787,2025-02-01,STR004,PRD00570,1,376.39,0.05,357.57,268.57,UPI,Regular
SAL20250014788,2025-02-08,STR027,PRD00687,2,2662.45,0.0,5324.9,3578.34,UPI,Corporate
SAL20250014789,2025-02-19,STR011,PRD00775,1,3571.78,0.0,3571.78,1976.55,Debit Card,Corporate
SAL20250014790,2025-02-05,STR009,PRD00458,4,587.81,0.1,2116.12,1783.68,UPI,Regular
SAL20250014791,2025-02-15,STR008,PRD00241,1,7381.55,0.0,7381.55,5583.94,UPI,Walk-in
SAL20250014792,2025-02-10,STR013,PRD00421,3,579.98,0.0,1739.94,1459.5,UPI,Regular
SAL20250014793,2025-02-22,STR014,PRD00589,4,435.23,0.0,1740.92,1016.16,Credit Card,Walk-in
SAL20250014794,2025-02-21,STR033,PRD01131,1,6280.13,0.0,6280.13,3425.53,UPI,Regular
SAL20250014795,2025-02-03,STR024,PRD00918,2,2741.1,0.0,5482.2,3974.88,UPI,Walk-in
SAL20250014796,2025-02-24,STR001,PRD00670,2,3171.53,0.0,6343.06,3829.84,Net Banking,Regular
SAL20250014797,2025-02-01,STR015,PRD00950,1,184.59,0.0,184.59,127.31,Debit Card,Walk-in
SAL20250014798,2025-02-13,STR033,PRD00517,2,252.82,0.05,480.36,406.06,UPI,Walk-in
SAL20250014799,2025-02-04,STR014,PRD00888,2,2557.48,0.0,5114.96,3450.08,UPI,Premium
SAL20250014800,2025-02-01,STR026,PRD00151,1,5709.55,0.0,5709.55,3733.65,UPI,Regular
SAL20250014801,2025-02-12,STR009,PRD00692,1,1997.13,0.0,1997.13,1445.9,Debit Card,Walk-in
SAL20250014802,2025-02-16,STR020,PRD01061,2,1015.91,0.0,2031.82,1071.06,UPI,Regular
SAL20250014803,2025-02-03,STR030,PRD00105,1,9145.0,0.0,9145.0,7010.14,Credit Card,Regular
SAL20250014804,2025-02-14,STR020,PRD00738,4,984.8,0.0,3939.2,2748.16,UPI,Regular
SAL20250014805,2025-02-02,STR024,PRD00115,1,5778.27,0.0,5778.27,4176.17,Net Banking,Regular
SAL20250014806,2025-02-24,STR003,PRD00158,1,3798.87,0.0,3798.87,2582.44,UPI,Regular
SAL20250014807,2025-02-12,STR035,PRD00204,1,3776.34,0.0,3776.34,2580.11,UPI,Walk-in
SAL20250014808,2025-02-04,STR031,PRD01018,3,139.93,0.0,419.79,266.4,UPI,Walk-in
SAL20250014809,2025-02-24,STR008,PRD00600,1,709.55,0.05,674.07,469.16,Credit Card,Regular
SAL20250014810,2025-02-12,STR019,PRD00590,4,353.62,0.0,1414.48,972.72,UPI,Regular
SAL20250014811,2025-02-23,STR005,PRD00953,1,80.84,0.0,80.84,57.97,Debit Card,Walk-in
SAL20250014812,2025-02-08,STR003,PRD00895,3,472.54,0.1,1275.86,892.2,Credit Card,Regular
SAL20250014813,2025-02-25,STR007,PRD00177,1,10270.98,0.0,10270.98,7398.07,Cash,Walk-in
SAL20250014814,2025-02-17,STR020,PRD01115,1,4843.87,0.0,4843.87,2404.35,UPI,Regular
SAL20250014815,2025-02-26,STR032,PRD01191,2,6431.83,0.0,12863.66,8022.98,Net Banking,Regular
SAL20250014816,2025-02-11,STR009,PRD00127,1,14293.97,0.0,14293.97,10567.08,Credit Card,Corporate
SAL20250014817,2025-02-22,STR017,PRD00151,1,5709.55,0.0,5709.55,3733.65,Debit Card,Regular
SAL20250014818,2025-02-27,STR034,PRD00088,1,22406.29,0.1,20165.66,17527.4,UPI,Corporate
SAL20250014819,2025-02-21,STR030,PRD00605,1,66.61,0.0,66.61,49.05,Credit Card,Walk-in
SAL20250014820,2025-02-03,STR019,PRD01060,2,277.54,0.0,555.08,396.7,UPI,Regular
SAL20250014821,2025-02-12,STR011,PRD00269,2,151.87,0.1,273.37,199.64,UPI,Regular
SAL20250014822,2025-02-06,STR019,PRD00296,2,250.04,0.0,500.08,243.26,Cash,Regular
SAL20250014823,2025-02-14,STR038,PRD00105,1,9145.0,0.0,9145.0,7010.14,UPI,Regular
SAL20250014824,2025-02-17,STR022,PRD00091,1,21335.5,0.05,20268.72,15504.58,Credit Card,Regular
SAL20250014825,2025-02-28,STR026,PRD00286,1,390.77,0.0,390.77,253.34,UPI,Walk-in
SAL20250014826,2025-02-12,STR017,PRD00264,1,4452.38,0.1,4007.14,3172.04,UPI,Walk-in
SAL20250014827,2025-02-20,STR011,PRD00979,1,62.69,0.0,62.69,37.43,UPI,Regular
SAL20250014828,2025-02-10,STR004,PRD01066,3,424.4,0.1,1145.88,758.97,UPI,Regular
SAL20250014829,2025-02-21,STR008,PRD00572,1,728.84,0.1,655.96,468.84,UPI,Walk-in
SAL20250014830,2025-02-01,STR001,PRD00763,1,3968.33,0.0,3968.33,2850.9,Debit Card,Regular
SAL20250014831,2025-02-17,STR019,PRD00535,1,314.95,0.0,314.95,224.28,Cash,Regular
SAL20250014832,2025-02-23,STR014,PRD00518,3,1000.64,0.0,3001.92,2305.29,Cash,Regular
SAL20250014833,2025-02-03,STR026,PRD01013,2,214.89,0.0,429.78,296.48,UPI,Premium
SAL20250014834,2025-02-18,STR028,PRD00553,1,150.28,0.0,150.28,87.11,UPI,Walk-in
SAL20250014835,2025-02-09,STR032,PRD00254,1,11020.14,0.0,11020.14,6776.21,Cash,Regular
SAL20250014836,2025-02-22,STR011,PRD00575,1,90.77,0.0,90.77,67.08,UPI,Walk-in
SAL20250014837,2025-02-13,STR011,PRD00423,10,256.23,0.0,2562.3,2139.0,Cash,Regular
SAL20250014838,2025-02-27,STR023,PRD00619,2,215.37,0.0,430.74,278.66,Credit Card,Regular
SAL20250014839,2025-02-07,STR039,PRD00745,2,2529.52,0.0,5059.04,3658.36,UPI,Walk-in
SAL20250014840,2025-02-27,STR009,PRD01014,4,1123.09,0.0,4492.36,2544.32,Debit Card,Regular
SAL20250014841,2025-02-09,STR007,PRD00928,2,2503.87,0.0,5007.74,3625.06,UPI,Premium
SAL20250014842,2025-02-24,STR007,PRD00492,1,431.72,0.0,431.72,362.04,Cash,Regular
SAL20250014843,2025-02-20,STR004,PRD01000,4,495.66,0.0,1982.64,1383.48,UPI,Walk-in
SAL20250014844,2025-02-22,STR018,PRD00671,1,327.72,0.0,327.72,208.01,Credit Card,Regular
SAL20250014845,2025-02-18,STR021,PRD00047,1,27210.89,0.0,27210.89,17922.95,UPI,Regular
SAL20250014846,2025-02-13,STR009,PRD01087,1,7006.0,0.0,7006.0,3419.72,Credit Card,Regular
SAL20250014847,2025-02-03,STR038,PRD00166,1,4039.27,0.0,4039.27,2471.0,Debit Card,Regular
SAL20250014848,2025-02-24,STR032,PRD00814,1,3265.17,0.05,3101.91,1889.37,UPI,Regular
SAL20250014849,2025-02-28,STR019,PRD00346,1,927.55,0.0,927.55,634.62,Cash,Regular
SAL20250014850,2025-02-11,STR016,PRD00444,1,347.0,0.0,347.0,285.96,UPI,Walk-in
SAL20250014851,2025-02-22,STR039,PRD00353,1,948.44,0.0,948.44,529.81,Net Banking,Regular
SAL20250014852,2025-02-10,STR027,PRD00808,1,2998.33,0.0,2998.33,1813.97,Credit Card,Walk-in
SAL20250014853,2025-02-18,STR014,PRD00227,1,5367.28,0.0,5367.28,3567.65,UPI,Walk-in
SAL20250014854,2025-02-06,STR012,PRD00535,1,314.95,0.0,314.95,224.28,Debit Card,Premium
SAL20250014855,2025-02-23,STR001,PRD00558,2,353.1,0.0,706.2,486.6,Credit Card,Walk-in
SAL20250014856,2025-02-09,STR002,PRD01110,1,1048.97,0.0,1048.97,581.11,UPI,Premium
SAL20250014857,2025-02-27,STR003,PRD00365,2,693.15,0.0,1386.3,897.38,Cash,Walk-in
SAL20250014858,2025-02-12,STR026,PRD01021,3,582.28,0.0,1746.84,1134.36,UPI,Walk-in
SAL20250014859,2025-02-02,STR038,PRD00036,1,8731.85,0.0,8731.85,5708.44,Net Banking,Premium
SAL20250014860,2025-02-01,STR004,PRD00714,2,1837.1,0.0,3674.2,2696.02,Cash,Regular
SAL20250014861,2025-02-15,STR028,PRD00382,1,534.11,0.0,534.11,292.91,Credit Card,Regular
SAL20250014862,2025-02-18,STR028,PRD00353,1,948.44,0.1,853.6,529.81,UPI,Walk-in
SAL20250014863,2025-02-25,STR021,PRD01002,2,98.3,0.0,196.6,111.38,UPI,Walk-in
SAL20250014864,2025-02-27,STR031,PRD00861,2,3212.99,0.0,6425.98,3547.6,UPI,Corporate
SAL20250014865,2025-02-10,STR003,PRD00878,3,1229.84,0.1,3320.57,2389.68,UPI,Walk-in
SAL20250014866,2025-02-08,STR035,PRD00672,4,4427.9,0.0,17711.6,12055.36,Net Banking,Regular
SAL20250014867,2025-02-27,STR020,PRD00646,4,108.22,0.0,432.88,263.16,UPI,Regular
SAL20250014868,2025-02-25,STR005,PRD00960,2,572.91,0.0,1145.82,764.8,UPI,Regular
SAL20250014869,2025-02-03,STR016,PRD00866,1,1023.05,0.0,1023.05,622.37,UPI,Corporate
SAL20250014870,2025-02-27,STR001,PRD00191,1,7660.03,0.05,7277.03,5198.25,UPI,Regular
SAL20250014871,2025-02-24,STR025,PRD00973,1,291.44,0.0,291.44,156.91,UPI,Regular
SAL20250014872,2025-02-20,STR025,PRD00229,1,2013.93,0.0,2013.93,1348.9,UPI,Regular
SAL20250014873,2025-02-07,STR005,PRD00540,1,550.54,0.1,495.49,388.62,Credit Card,Walk-in
SAL20250014874,2025-02-25,STR005,PRD00556,2,634.75,0.05,1206.02,941.96,Credit Card,Regular
SAL20250014875,2025-02-17,STR023,PRD00450,2,377.7,0.0,755.4,581.08,Credit Card,Walk-in
SAL20250014876,2025-02-09,STR005,PRD00158,1,3798.87,0.0,3798.87,2582.44,UPI,Walk-in
SAL20250014877,2025-02-09,STR036,PRD00586,1,648.21,0.0,648.21,440.01,Cash,Premium
SAL20250014878,2025-02-25,STR005,PRD01108,2,4924.79,0.0,9849.58,4579.0,Net Banking,Premium
SAL20250014879,2025-02-04,STR035,PRD00750,1,3884.81,0.0,3884.81,2144.98,UPI,Regular
SAL20250014880,2025-02-10,STR011,PRD00879,1,2290.26,0.0,2290.26,1614.23,Cash,Walk-in
SAL20250014881,2025-02-01,STR013,PRD00636,5,685.82,0.05,3257.64,2262.2,Cash,Regular
SAL20250014882,2025-02-13,STR035,PRD00428,1,311.12,0.0,311.12,244.75,Cash,Regular
SAL20250014883,2025-02-04,STR006,PRD00437,5,320.21,0.0,1601.05,1355.6,UPI,Regular
SAL20250014884,2025-02-22,STR010,PRD01025,2,56.45,0.0,112.9,60.3,Credit Card,Walk-in
SAL20250014885,2025-02-01,STR022,PRD00511,1,709.29,0.05,673.83,559.18,Debit Card,Corporate
SAL20250014886,2025-02-15,STR009,PRD00892,3,2494.33,0.0,7482.99,5226.03,UPI,Premium
SAL20250014887,2025-02-14,STR036,PRD00169,1,8761.68,0.0,8761.68,5628.67,Cash,Walk-in
SAL20250014888,2025-02-04,STR003,PRD00044,1,3159.2,0.0,3159.2,2114.03,Credit Card,Walk-in
SAL20250014889,2025-02-19,STR026,PRD00051,1,18906.15,0.0,18906.15,13812.18,Cash,Walk-in
SAL20250014890,2025-02-08,STR015,PRD01065,1,936.71,0.0,936.71,478.36,UPI,Regular
SAL20250014891,2025-02-20,STR009,PRD00580,5,372.59,0.0,1862.95,1056.5,UPI,Walk-in
SAL20250014892,2025-02-03,STR037,PRD01072,1,354.49,0.0,354.49,220.0,UPI,Premium
SAL20250014893,2025-02-08,STR031,PRD00667,2,129.77,0.0,259.54,182.1,UPI,Regular
SAL20250014894,2025-02-04,STR016,PRD00851,4,2659.29,0.0,10637.16,7709.56,UPI,Premium
SAL20250014895,2025-02-18,STR027,PRD00610,4,637.82,0.0,2551.28,1654.92,UPI,Walk-in
SAL20250014896,2025-02-05,STR036,PRD00964,6,842.84,0.0,5057.04,3451.14,Credit Card,Walk-in
SAL20250014897,2025-02-11,STR041,PRD00301,4,189.19,0.1,681.08,521.08,UPI,Corporate
SAL20250014898,2025-02-07,STR029,PRD01197,1,2167.83,0.0,2167.83,1161.18,Credit Card,Premium
SAL20250014899,2025-02-24,STR008,PRD00450,3,377.7,0.0,1133.1,871.62,Credit Card,Walk-in
SAL20250014900,2025-02-05,STR010,PRD00346,1,927.55,0.0,927.55,634.62,UPI,Premium
SAL20250014901,2025-02-27,STR019,PRD00865,4,2254.56,0.0,9018.24,5695.72,Credit Card,Walk-in
SAL20250014902,2025-02-03,STR006,PRD00517,2,252.82,0.0,505.64,406.06,UPI,Premium
SAL20250014903,2025-02-06,STR006,PRD00444,1,347.0,0.1,312.3,285.96,Cash,Walk-in
SAL20250014904,2025-02-20,STR004,PRD00360,3,505.68,0.0,1517.04,717.66,UPI,Regular
SAL20250014905,2025-02-14,STR032,PRD00062,2,21073.23,0.0,42146.46,27597.18,Cash,Premium
SAL20250014906,2025-02-10,STR012,PRD00069,1,11744.39,0.0,11744.39,7701.34,UPI,Walk-in
SAL20250014907,2025-02-17,STR031,PRD00188,1,6172.58,0.0,6172.58,4027.57,UPI,Walk-in
SAL20250014908,2025-02-13,STR022,PRD00514,2,1177.91,0.0,2355.82,1828.66,Net Banking,Regular
SAL20250014909,2025-02-25,STR012,PRD00177,1,10270.98,0.0,10270.98,7398.07,UPI,Walk-in
SAL20250014910,2025-02-17,STR023,PRD00407,1,687.91,0.1,619.12,533.4,Net Banking,Walk-in
SAL20250014911,2025-02-28,STR019,PRD01019,1,948.07,0.0,948.07,489.75,Net Banking,Regular
SAL20250014912,2025-02-13,STR036,PRD00817,2,3058.64,0.05,5811.42,4331.32,Credit Card,Walk-in
SAL20250014913,2025-02-05,STR001,PRD00104,1,21587.41,0.0,21587.41,17582.83,UPI,Corporate
SAL20250014914,2025-02-16,STR037,PRD00991,1,894.61,0.0,894.61,514.53,UPI,Regular
SAL20250014915,2025-02-03,STR040,PRD00552,1,296.06,0.0,296.06,194.94,Credit Card,Regular
SAL20250014916,2025-02-26,STR024,PRD00455,2,683.36,0.0,1366.72,1126.94,UPI,Walk-in
SAL20250014917,2025-02-08,STR019,PRD00394,1,327.5,0.05,311.12,218.51,Debit Card,Premium
SAL20250014918,2025-02-27,STR013,PRD00047,2,27210.89,0.0,54421.78,35845.9,UPI,Regular
SAL20250014919,2025-02-28,STR041,PRD00795,2,965.34,0.1,1737.61,1376.04,UPI,Walk-in
SAL20250014920,2025-02-14,STR003,PRD00994,4,1224.56,0.05,4653.33,2532.76,Cash,Regular
SAL20250014921,2025-02-19,STR024,PRD00237,1,9971.54,0.0,9971.54,6463.12,Credit Card,Regular
SAL20250014922,2025-02-17,STR020,PRD01122,1,6526.26,0.05,6199.95,3631.48,Cash,Walk-in
SAL20250014923,2025-02-07,STR003,PRD00103,1,4104.09,0.0,4104.09,2941.45,Debit Card,Walk-in
SAL20250014924,2025-02-08,STR024,PRD00804,2,782.93,0.1,1409.27,1129.56,UPI,Walk-in
SAL20250014925,2025-02-07,STR040,PRD01052,5,462.25,0.0,2311.25,1615.0,Net Banking,Regular
SAL20250014926,2025-02-19,STR008,PRD00252,1,10910.07,0.0,10910.07,7523.25,UPI,Regular
SAL20250014927,2025-02-10,STR023,PRD00429,1,725.58,0.0,725.58,550.01,UPI,Regular
SAL20250014928,2025-02-04,STR029,PRD00658,1,338.62,0.0,338.62,227.68,UPI,Walk-in
SAL20250014929,2025-02-13,STR039,PRD01137,1,2009.09,0.0,2009.09,1074.27,Debit Card,Walk-in
SAL20250014930,2025-02-23,STR002,PRD00952,1,892.13,0.0,892.13,502.71,Debit Card,Regular
SAL20250014931,2025-02-16,STR020,PRD00109,1,12280.41,0.0,12280.41,9316.5,UPI,Regular
SAL20250014932,2025-02-13,STR020,PRD01199,1,6549.57,0.0,6549.57,3396.65,Debit Card,Walk-in
SAL20250014933,2025-02-02,STR027,PRD00502,1,721.0,0.1,648.9,628.72,UPI,Regular
SAL20250014934,2025-02-17,STR037,PRD00543,1,579.45,0.05,550.48,425.23,UPI,Walk-in
SAL20250014935,2025-02-07,STR028,PRD00916,1,3924.97,0.1,3532.47,2270.78,UPI,Premium
SAL20250014936,2025-02-13,STR037,PRD01092,1,5535.53,0.0,5535.53,2634.51,Cash,Premium
SAL20250014937,2025-02-07,STR026,PRD00909,4,1266.46,0.0,5065.84,3477.92,UPI,Regular
SAL20250014938,2025-02-27,STR013,PRD00622,3,644.0,0.0,1932.0,1199.37,UPI,Walk-in
SAL20250014939,2025-02-02,STR031,PRD00974,1,202.7,0.0,202.7,106.76,Cash,Regular
SAL20250014940,2025-02-20,STR012,PRD00431,2,614.87,0.0,1229.74,1042.4,UPI,Regular
SAL20250014941,2025-02-16,STR040,PRD00919,2,3391.01,0.0,6782.02,4464.16,UPI,Walk-in
SAL20250014942,2025-02-01,STR028,PRD00582,3,535.32,0.0,1605.96,1155.0,Debit Card,Regular
SAL20250014943,2025-02-02,STR009,PRD00454,2,238.81,0.0,477.62,364.6,UPI,Regular
SAL20250014944,2025-02-17,STR029,PRD00811,2,243.22,0.0,486.44,281.9,UPI,Corporate
SAL20250014945,2025-02-06,STR041,PRD00151,1,5709.55,0.05,5424.07,3733.65,Cash,Regular
SAL20250014946,2025-02-05,STR006,PRD00897,1,3626.87,0.0,3626.87,2369.21,Cash,Walk-in
SAL20250014947,2025-02-17,STR040,PRD01053,4,481.32,0.0,1925.28,1251.12,Debit Card,Walk-in
SAL20250014948,2025-02-26,STR015,PRD00925,1,2271.72,0.0,2271.72,1525.09,Credit Card,Regular
SAL20250014949,2025-02-06,STR041,PRD00165,1,10264.9,0.0,10264.9,6671.83,Credit Card,Walk-in
SAL20250014950,2025-02-16,STR033,PRD00141,1,2559.21,0.0,2559.21,1944.29,UPI,Walk-in
SAL20250014951,2025-02-25,STR011,PRD00766,2,1923.71,0.0,3847.42,2735.98,UPI,Regular
SAL20250014952,2025-02-14,STR006,PRD00891,1,506.36,0.1,455.72,373.69,UPI,Premium
SAL20250014953,2025-02-06,STR022,PRD00287,3,550.08,0.0,1650.24,823.02,UPI,Walk-in
SAL20250014954,2025-02-15,STR019,PRD01043,4,134.43,0.0,537.72,321.84,Cash,Regular
SAL20250014955,2025-02-15,STR010,PRD00784,2,1985.25,0.1,3573.45,2604.08,UPI,Walk-in
SAL20250014956,2025-02-28,STR018,PRD00430,2,129.33,0.0,258.66,217.4,UPI,Regular
SAL20250014957,2025-02-15,STR031,PRD00283,1,917.06,0.0,917.06,431.47,UPI,Walk-in
SAL20250014958,2025-02-10,STR018,PRD00268,1,1061.68,0.0,1061.68,520.26,Debit Card,Regular
SAL20250014959,2025-02-18,STR032,PRD01169,1,6625.23,0.1,5962.71,4001.41,Net Banking,Premium
SAL20250014960,2025-02-14,STR037,PRD01130,1,3164.31,0.0,3164.31,1889.64,Credit Card,Walk-in
SAL20250014961,2025-02-28,STR032,PRD00152,1,8357.62,0.0,8357.62,5421.82,UPI,Premium
SAL20250014962,2025-02-26,STR013,PRD00720,2,3749.56,0.0,7499.12,4209.9,Credit Card,Walk-in
SAL20250014963,2025-02-27,STR033,PRD00527,1,938.3,0.0,938.3,741.27,Credit Card,Walk-in
SAL20250014964,2025-02-27,STR040,PRD00777,3,3515.65,0.05,10019.6,5825.34,Net Banking,Walk-in
SAL20250014965,2025-02-11,STR037,PRD01124,1,4813.39,0.0,4813.39,2177.75,Cash,Premium
SAL20250014966,2025-02-10,STR036,PRD01118,1,5734.69,0.0,5734.69,3371.1,UPI,Regular
SAL20250014967,2025-02-22,STR041,PRD00383,1,216.69,0.1,195.02,135.74,UPI,Walk-in
SAL20250014968,2025-02-16,STR013,PRD00099,1,19924.5,0.0,19924.5,14858.06,UPI,Walk-in
SAL20250014969,2025-02-18,STR039,PRD00255,1,3159.1,0.0,3159.1,2283.27,Debit Card,Regular
SAL20250014970,2025-02-17,STR008,PRD00256,1,13048.37,0.0,13048.37,8107.05,Net Banking,Walk-in
SAL20250014971,2025-02-16,STR018,PRD00467,1,528.8,0.0,528.8,453.05,UPI,Regular
SAL20250014972,2025-02-23,STR039,PRD00129,1,19597.62,0.05,18617.74,15263.15,Debit Card,Regular
SAL20250014973,2025-02-18,STR041,PRD01127,1,730.99,0.0,730.99,319.39,Net Banking,Walk-in
SAL20250014974,2025-02-15,STR002,PRD00359,2,1383.56,0.05,2628.76,1287.28,Cash,Walk-in
SAL20250014975,2025-02-15,STR030,PRD00647,1,284.75,0.0,284.75,189.07,UPI,Walk-in
SAL20250014976,2025-02-07,STR032,PRD00970,1,370.51,0.0,370.51,239.77,UPI,Walk-in
SAL20250014977,2025-02-11,STR004,PRD00909,1,1266.46,0.0,1266.46,869.48,UPI,Corporate
SAL20250014978,2025-02-01,STR030,PRD00351,1,802.18,0.0,802.18,503.24,Cash,Regular
SAL20250014979,2025-02-21,STR002,PRD01097,2,4205.24,0.0,8410.48,4108.5,UPI,Walk-in
SAL20250014980,2025-02-11,STR007,PRD00709,1,232.93,0.0,232.93,153.05,Credit Card,Regular
SAL20250014981,2025-02-28,STR019,PRD00993,1,168.95,0.1,152.06,86.92,UPI,Walk-in
SAL20250014982,2025-02-16,STR018,PRD00201,1,2838.89,0.0,2838.89,1889.59,UPI,Walk-in
SAL20250014983,2025-02-26,STR030,PRD00973,5,291.44,0.0,1457.2,784.55,UPI,Regular
SAL20250014984,2025-02-28,STR021,PRD00423,5,256.23,0.05,1217.09,1069.5,UPI,Regular
SAL20250014985,2025-02-15,STR035,PRD00184,3,3565.48,0.0,10696.44,7766.1,UPI,Walk-in
SAL20250014986,2025-02-21,STR024,PRD00066,1,7423.58,0.05,7052.4,5820.76,UPI,Regular
SAL20250014987,2025-02-27,STR027,PRD00325,1,1273.47,0.0,1273.47,587.01,Credit Card,Regular
SAL20250014988,2025-02-12,STR019,PRD00043,1,22998.01,0.0,22998.01,15302.97,Cash,Walk-in
SAL20250014989,2025-02-12,STR024,PRD00422,2,218.73,0.05,415.59,333.86,Credit Card,Regular
SAL20250014990,2025-02-27,STR034,PRD00537,1,133.85,0.1,120.47,78.78,Debit Card,Premium
SAL20250014991,2025-02-12,STR041,PRD00504,1,1118.52,0.0,1118.52,934.24,Credit Card,Regular
SAL20250014992,2025-02-15,STR002,PRD01142,1,3878.91,0.0,3878.91,2264.79,Credit Card,Regular
SAL20250014993,2025-02-23,STR012,PRD01000,2,495.66,0.0,991.32,691.74,UPI,Walk-in
SAL20250014994,2025-02-22,STR005,PRD00206,2,10675.4,0.1,19215.72,13766.1,Credit Card,Regular
SAL20250014995,2025-02-02,STR038,PRD00752,1,4535.72,0.0,4535.72,3022.89,UPI,Premium
SAL20250014996,2025-02-26,STR033,PRD00223,1,11271.43,0.05,10707.86,7014.79,Credit Card,Walk-in
SAL20250014997,2025-02-19,STR026,PRD00215,1,9358.07,0.0,9358.07,6525.15,UPI,Corporate
SAL20250014998,2025-02-11,STR002,PRD00132,1,22943.8,0.0,22943.8,17725.67,UPI,Regular
SAL20250014999,2025-02-07,STR039,PRD00247,1,8119.57,0.0,8119.57,4992.42,Debit Card,Walk-in
SAL20250015000,2025-02-26,STR033,PRD00996,3,577.22,0.0,1731.66,988.17,Debit Card,Walk-in
SAL20250015001,2025-02-22,STR033,PRD00660,1,324.23,0.0,324.23,238.04,Cash,Premium
SAL20250015002,2025-02-15,STR003,PRD00913,2,3252.33,0.0,6504.66,4321.0,Credit Card,Regular
SAL20250015003,2025-02-20,STR020,PRD00792,2,5089.33,0.1,9160.79,5850.68,UPI,Regular
SAL20250015004,2025-02-12,STR017,PRD00712,4,1580.0,0.0,6320.0,3788.6,Debit Card,Regular
SAL20250015005,2025-02-15,STR039,PRD00473,1,113.62,0.05,107.94,94.83,Credit Card,Walk-in
SAL20250015006,2025-02-24,STR039,PRD00534,2,97.09,0.0,194.18,161.18,Debit Card,Regular
SAL20250015007,2025-02-22,STR010,PRD00751,1,3034.29,0.0,3034.29,1940.36,Credit Card,Regular
SAL20250015008,2025-02-11,STR023,PRD01105,1,2498.16,0.0,2498.16,1508.52,UPI,Regular
SAL20250015009,2025-02-01,STR040,PRD00815,2,2750.26,0.0,5500.52,3695.18,Net Banking,Regular
SAL20250015010,2025-02-08,STR013,PRD01079,1,323.52,0.0,323.52,191.54,UPI,Regular
SAL20250015011,2025-02-12,STR027,PRD00192,1,3362.18,0.0,3362.18,2170.51,UPI,Walk-in
SAL20250015012,2025-02-09,STR030,PRD00035,1,7229.47,0.0,7229.47,4889.28,UPI,Walk-in
SAL20250015013,2025-02-07,STR001,PRD00669,1,3235.01,0.05,3073.26,1886.76,UPI,Walk-in
SAL20250015014,2025-02-03,STR016,PRD00687,1,2662.45,0.0,2662.45,1789.17,UPI,Walk-in
SAL20250015015,2025-02-25,STR012,PRD00844,2,3943.03,0.05,7491.76,4449.14,Net Banking,Regular
SAL20250015016,2025-02-02,STR030,PRD00025,1,2348.16,0.0,2348.16,1617.05,UPI,Regular
SAL20250015017,2025-02-15,STR036,PRD00205,1,2084.53,0.0,2084.53,1335.1,UPI,Walk-in
SAL20250015018,2025-02-22,STR002,PRD00629,2,197.41,0.0,394.82,274.18,Debit Card,Premium
SAL20250015019,2025-02-19,STR021,PRD00326,1,1442.32,0.05,1370.2,681.43,Cash,Walk-in
SAL20250015020,2025-02-24,STR006,PRD00573,1,44.75,0.0,44.75,26.95,Credit Card,Regular
SAL20250015021,2025-02-06,STR039,PRD00567,5,365.44,0.05,1735.84,1134.8,UPI,Walk-in
SAL20250015022,2025-02-18,STR009,PRD00444,4,347.0,0.0,1388.0,1143.84,UPI,Walk-in
SAL20250015023,2025-02-17,STR022,PRD00235,3,11077.6,0.0,33232.8,20050.86,UPI,Premium
SAL20250015024,2025-02-28,STR037,PRD00140,1,6378.06,0.0,6378.06,4851.7,UPI,Regular
SAL20250015025,2025-02-20,STR025,PRD00407,1,687.91,0.0,687.91,533.4,UPI,Walk-in
SAL20250015026,2025-02-14,STR027,PRD01031,2,1036.47,0.0,2072.94,1046.74,UPI,Walk-in
SAL20250015027,2025-02-22,STR036,PRD00650,2,429.23,0.0,858.46,498.62,Cash,Regular
SAL20250015028,2025-02-15,STR026,PRD01071,1,5607.68,0.0,5607.68,3412.0,UPI,Walk-in
SAL20250015029,2025-02-04,STR024,PRD01181,1,2062.42,0.0,2062.42,1282.83,Debit Card,Regular
SAL20250015030,2025-02-24,STR009,PRD00532,1,1039.03,0.0,1039.03,808.86,UPI,Regular
SAL20250015031,2025-02-28,STR011,PRD00280,1,605.7,0.0,605.7,311.37,Debit Card,Walk-in
SAL20250015032,2025-02-17,STR025,PRD01072,1,354.49,0.0,354.49,220.0,Credit Card,Walk-in
SAL20250015033,2025-02-12,STR002,PRD00775,4,3571.78,0.05,13572.76,7906.2,Credit Card,Regular
SAL20250015034,2025-02-20,STR008,PRD00406,3,663.68,0.0,1991.04,1599.18,UPI,Walk-in
SAL20250015035,2025-02-06,STR017,PRD01058,1,211.57,0.0,211.57,145.02,UPI,Walk-in
SAL20250015036,2025-02-01,STR034,PRD00929,1,3367.15,0.1,3030.43,2036.24,Debit Card,Walk-in
SAL20250015037,2025-02-12,STR040,PRD00879,2,2290.26,0.0,4580.52,3228.46,UPI,Regular
SAL20250015038,2025-02-16,STR018,PRD00893,2,963.04,0.0,1926.08,1206.1,Credit Card,Walk-in
SAL20250015039,2025-02-01,STR014,PRD00189,1,8529.1,0.0,8529.1,5554.64,Debit Card,Regular
SAL20250015040,2025-02-03,STR017,PRD00305,2,1134.36,0.0,2268.72,1230.6,UPI,Premium
SAL20250015041,2025-02-11,STR039,PRD00364,1,296.2,0.05,281.39,195.69,UPI,Walk-in
SAL20250015042,2025-02-23,STR029,PRD00385,1,460.87,0.0,460.87,278.52,Credit Card,Regular
SAL20250015043,2025-02-15,STR034,PRD00642,1,467.68,0.0,467.68,290.22,Credit Card,Premium
SAL20250015044,2025-02-28,STR039,PRD00978,1,172.32,0.1,155.09,107.32,Credit Card,Regular
SAL20250015045,2025-02-15,STR037,PRD01147,4,6760.77,0.0,27043.08,15453.12,UPI,Premium
SAL20250015046,2025-02-27,STR027,PRD00973,1,291.44,0.0,291.44,156.91,Credit Card,Walk-in
SAL20250015047,2025-02-22,STR011,PRD00975,4,912.31,0.1,3284.32,2394.0,Cash,Walk-in
SAL20250015048,2025-02-17,STR030,PRD00930,1,4102.13,0.0,4102.13,2365.34,Debit Card,Regular
SAL20250015049,2025-02-22,STR020,PRD01042,1,143.52,0.05,136.34,94.69,Credit Card,Regular
SAL20250015050,2025-02-23,STR036,PRD00365,1,693.15,0.0,693.15,448.69,UPI,Walk-in
SAL20250015051,2025-02-23,STR015,PRD00648,2,715.75,0.05,1359.92,914.54,Credit Card,Walk-in
SAL20250015052,2025-02-16,STR032,PRD00933,1,3527.61,0.0,3527.61,2180.3,UPI,Walk-in
SAL20250015053,2025-02-28,STR015,PRD01168,2,4286.69,0.0,8573.38,4948.08,Net Banking,Walk-in
SAL20250015054,2025-02-26,STR016,PRD00041,2,19732.0,0.0,39464.0,29906.54,UPI,Regular
SAL20250015055,2025-02-06,STR037,PRD00791,1,855.75,0.05,812.96,599.47,Credit Card,Premium
SAL20250015056,2025-02-22,STR031,PRD00727,2,737.62,0.0,1475.24,884.56,Credit Card,Walk-in
SAL20250015057,2025-02-23,STR038,PRD00476,1,645.16,0.0,645.16,543.18,Credit Card,Premium
SAL20250015058,2025-02-26,STR005,PRD00383,1,216.69,0.0,216.69,135.74,Credit Card,Walk-in
SAL20250015059,2025-02-22,STR030,PRD00720,1,3749.56,0.1,3374.6,2104.95,Credit Card,Premium
SAL20250015060,2025-02-06,STR032,PRD00017,1,6386.7,0.1,5748.03,4504.98,UPI,Regular
SAL20250015061,2025-02-02,STR016,PRD00150,1,1288.03,0.0,1288.03,897.46,Credit Card,Regular
SAL20250015062,2025-02-17,STR039,PRD00108,1,22607.14,0.0,22607.14,15802.22,Credit Card,Walk-in
SAL20250015063,2025-02-21,STR035,PRD00648,2,715.75,0.0,1431.5,914.54,Debit Card,Premium
SAL20250015064,2025-02-21,STR028,PRD00155,1,2214.51,0.0,2214.51,1652.19,Debit Card,Regular
SAL20250015065,2025-02-12,STR003,PRD00646,2,108.22,0.0,216.44,131.58,UPI,Regular
SAL20250015066,2025-02-15,STR028,PRD00654,2,474.17,0.0,948.34,648.78,Credit Card,Regular
SAL20250015067,2025-02-22,STR038,PRD01196,1,1369.18,0.0,1369.18,596.89,UPI,Walk-in
SAL20250015068,2025-02-17,STR032,PRD00346,4,927.55,0.0,3710.2,2538.48,Credit Card,Walk-in
SAL20250015069,2025-02-27,STR030,PRD00556,1,634.75,0.0,634.75,470.98,Credit Card,Regular
SAL20250015070,2025-02-26,STR032,PRD00163,1,12710.38,0.0,12710.38,7712.99,UPI,Regular
SAL20250015071,2025-02-16,STR027,PRD00547,4,105.91,0.0,423.64,305.08,Credit Card,Walk-in
SAL20250015072,2025-02-03,STR037,PRD00855,4,2084.62,0.0,8338.48,6102.2,UPI,Premium
SAL20250015073,2025-02-07,STR024,PRD00565,4,107.78,0.0,431.12,245.92,UPI,Regular
SAL20250015074,2025-02-11,STR010,PRD01082,3,1474.53,0.0,4423.59,2391.78,UPI,Walk-in
SAL20250015075,2025-02-17,STR032,PRD01059,2,553.69,0.0,1107.38,736.72,UPI,Premium
SAL20250015076,2025-02-09,STR013,PRD00735,1,2710.38,0.0,2710.38,1616.28,UPI,Walk-in
SAL20250015077,2025-02-16,STR039,PRD00187,3,5314.8,0.0,15944.4,10093.29,Credit Card,Regular
SAL20250015078,2025-02-13,STR015,PRD00724,2,2856.14,0.1,5141.05,3188.82,UPI,Regular
SAL20250015079,2025-02-06,STR019,PRD01164,2,2114.79,0.1,3806.62,2217.42,Debit Card,Regular
SAL20250015080,2025-02-04,STR015,PRD00431,2,614.87,0.0,1229.74,1042.4,UPI,Premium
SAL20250015081,2025-02-14,STR027,PRD01124,1,4813.39,0.0,4813.39,2177.75,Cash,Regular
SAL20250015082,2025-02-15,STR040,PRD00129,1,19597.62,0.0,19597.62,15263.15,UPI,Walk-in
SAL20250015083,2025-02-16,STR041,PRD00729,1,3595.95,0.0,3595.95,2557.72,UPI,Premium
SAL20250015084,2025-02-12,STR004,PRD00475,2,749.71,0.0,1499.42,1137.92,Debit Card,Regular
SAL20250015085,2025-02-15,STR033,PRD00134,1,19404.79,0.0,19404.79,14953.78,UPI,Premium
SAL20250015086,2025-02-12,STR031,PRD00123,1,7408.15,0.0,7408.15,5588.12,UPI,Walk-in
SAL20250015087,2026-05-15,STR037,PRD00345,1,670.76,0.05,637.22,393.88,Cash,Premium
SAL20250015088,2025-02-06,STR038,PRD00048,1,26663.85,0.0,26663.85,18297.1,Credit Card,Regular
SAL20250015089,2025-02-01,STR028,PRD00619,1,215.37,0.0,215.37,139.33,UPI,Walk-in
SAL20250015090,2025-02-24,STR015,PRD00442,1,148.56,0.1,133.7,119.7,Credit Card,Regular
SAL20250015091,2025-02-01,STR008,PRD00603,1,196.91,0.05,187.06,130.96,Cash,Walk-in
SAL20250015092,2025-02-07,STR018,PRD01099,2,4242.7,0.0,8485.4,5443.7,Debit Card,Corporate
SAL20250015093,2025-02-09,STR002,PRD01056,1,449.88,0.05,427.39,302.01,UPI,Regular
SAL20250015094,2025-02-12,STR004,PRD00525,5,76.55,0.0,382.75,332.25,UPI,Walk-in
SAL20250015095,2025-02-01,STR030,PRD00701,3,4774.16,0.0,14322.48,9189.78,Cash,Regular
SAL20250015096,2025-02-14,STR033,PRD00783,3,2295.14,0.0,6885.42,4329.75,UPI,Walk-in
SAL20250015097,2025-02-21,STR041,PRD00798,1,1720.26,0.05,1634.25,961.55,Debit Card,Regular
SAL20250015098,2025-02-14,STR035,PRD00111,1,16671.18,0.0,16671.18,12693.98,Credit Card,Regular
SAL20250015099,2025-02-10,STR037,PRD00145,1,2570.9,0.0,2570.9,1687.81,UPI,Walk-in
SAL20250015100,2025-02-12,STR028,PRD00197,1,4849.89,0.0,4849.89,3779.03,Cash,Regular
SAL20250015101,2025-02-17,STR017,PRD00544,3,114.7,0.0,344.1,248.22,Debit Card,Regular
SAL20250015102,2025-02-18,STR025,PRD00448,2,612.68,0.05,1164.09,1037.12,UPI,Premium
SAL20250015103,2025-02-21,STR019,PRD00944,2,197.23,0.05,374.74,255.64,UPI,Walk-in
SAL20250015104,2025-02-10,STR030,PRD00106,1,3614.0,0.0,3614.0,2487.36,UPI,Walk-in
SAL20250015105,2025-02-09,STR034,PRD01025,5,56.45,0.0,282.25,150.75,Cash,Walk-in
SAL20250015106,2025-02-22,STR037,PRD00778,1,875.87,0.0,875.87,569.54,Credit Card,Regular
SAL20250015107,2025-02-14,STR020,PRD00170,1,1380.75,0.0,1380.75,918.49,UPI,Regular
SAL20250015108,2025-02-14,STR029,PRD00778,2,875.87,0.0,1751.74,1139.08,UPI,Walk-in
SAL20250015109,2025-02-17,STR038,PRD00029,1,24663.79,0.0,24663.79,16157.43,Debit Card,Premium
SAL20250015110,2025-02-02,STR018,PRD00421,4,579.98,0.0,2319.92,1946.0,Credit Card,Regular
SAL20250015111,2025-02-01,STR029,PRD00824,1,3034.92,0.0,3034.92,2166.53,Credit Card,Regular
SAL20250015112,2025-02-05,STR025,PRD00990,1,577.78,0.0,577.78,350.79,Debit Card,Walk-in
SAL20250015113,2025-02-07,STR025,PRD00515,3,551.51,0.0,1654.53,1419.63,Credit Card,Premium
SAL20250015114,2025-02-05,STR023,PRD01095,2,4795.88,0.0,9591.76,5241.94,UPI,Regular
SAL20250015115,2025-02-03,STR006,PRD00521,1,947.8,0.0,947.8,832.6,Credit Card,Regular
SAL20250015116,2025-02-26,STR021,PRD00770,1,1474.46,0.0,1474.46,1090.39,UPI,Premium
SAL20250015117,2025-02-20,STR031,PRD00278,1,439.84,0.0,439.84,292.07,Debit Card,Walk-in
SAL20250015118,2025-02-26,STR017,PRD00063,1,19546.78,0.0,19546.78,13446.97,UPI,Regular
SAL20250015119,2025-02-12,STR004,PRD00206,1,10675.4,0.0,10675.4,6883.05,Debit Card,Regular
SAL20250015120,2025-02-17,STR005,PRD00396,3,713.53,0.0,2140.59,1364.1,UPI,Regular
SAL20250015121,2025-02-11,STR018,PRD00296,1,250.04,0.0,250.04,121.63,Credit Card,Regular
SAL20250015122,2025-02-24,STR021,PRD00991,4,894.61,0.0,3578.44,2058.12,UPI,Regular
SAL20250015123,2025-02-02,STR005,PRD01105,1,2498.16,0.0,2498.16,1508.52,Debit Card,Premium
SAL20250015124,2025-02-16,STR014,PRD00996,5,577.22,0.0,2886.1,1646.95,Credit Card,Regular
SAL20250015125,2025-02-26,STR030,PRD00420,3,876.02,0.1,2365.25,2227.71,UPI,Walk-in
SAL20250015126,2025-02-16,STR002,PRD00040,1,26675.54,0.0,26675.54,17487.01,Debit Card,Walk-in
SAL20250015127,2025-02-10,STR013,PRD00600,3,709.55,0.0,2128.65,1407.48,Credit Card,Regular
SAL20250015128,2025-02-16,STR040,PRD01162,3,3657.07,0.0,10971.21,6051.87,Debit Card,Regular
SAL20250015129,2025-02-22,STR029,PRD00347,1,1133.22,0.0,1133.22,669.26,UPI,Regular
SAL20250015130,2025-02-27,STR031,PRD01138,1,4917.81,0.0,4917.81,2789.31,UPI,Premium
SAL20250015131,2025-02-15,STR003,PRD00942,3,93.87,0.0,281.61,185.19,UPI,Regular
SAL20250015132,2025-02-13,STR007,PRD01046,1,946.12,0.0,946.12,526.29,Credit Card,Regular
SAL20250015133,2025-02-19,STR009,PRD00522,3,1139.79,0.0,3419.37,2627.49,Credit Card,Corporate
SAL20250015134,2025-02-21,STR006,PRD00224,1,4670.9,0.0,4670.9,3440.61,Credit Card,Walk-in
SAL20250015135,2025-02-25,STR012,PRD00452,2,1046.75,0.0,2093.5,1759.3,UPI,Walk-in
SAL20250015136,2025-02-17,STR004,PRD00564,1,566.41,0.05,538.09,347.97,UPI,Premium
SAL20250015137,2025-02-02,STR023,PRD00430,4,129.33,0.0,517.32,434.8,UPI,Regular
SAL20250015138,2025-02-23,STR032,PRD00566,4,655.12,0.1,2358.43,1692.48,Credit Card,Premium
SAL20250015139,2025-02-19,STR038,PRD00685,1,4676.03,0.1,4208.43,2851.64,UPI,Walk-in
SAL20250015140,2025-02-06,STR007,PRD00217,1,8159.94,0.0,8159.94,5298.43,UPI,Regular
SAL20250015141,2025-02-17,STR010,PRD00432,3,845.55,0.0,2536.65,1941.12,Debit Card,Regular
SAL20250015142,2025-02-22,STR007,PRD01183,1,7827.71,0.1,7044.94,3332.0,Credit Card,Regular
SAL20250015143,2025-02-20,STR020,PRD00345,1,670.76,0.0,670.76,393.88,UPI,Walk-in
SAL20250015144,2025-02-11,STR019,PRD00090,1,8184.6,0.1,7366.14,5556.86,UPI,Regular
SAL20250015145,2025-02-11,STR027,PRD00658,4,338.62,0.1,1219.03,910.72,Credit Card,Walk-in
SAL20250015146,2025-02-18,STR026,PRD00680,3,3900.49,0.0,11701.47,8415.0,Credit Card,Regular
SAL20250015147,2025-02-24,STR018,PRD00616,3,565.82,0.0,1697.46,942.39,UPI,Walk-in
SAL20250015148,2025-02-20,STR008,PRD00204,1,3776.34,0.0,3776.34,2580.11,UPI,Walk-in
SAL20250015149,2025-02-18,STR026,PRD00548,2,172.01,0.1,309.62,240.72,Credit Card,Premium
SAL20250015150,2025-02-27,STR004,PRD00894,1,2403.9,0.1,2163.51,1608.16,Cash,Walk-in
SAL20250015151,2025-02-27,STR036,PRD00658,3,338.62,0.0,1015.86,683.04,UPI,Regular
SAL20250015152,2025-02-23,STR021,PRD00262,1,10754.4,0.0,10754.4,8063.44,Credit Card,Walk-in
SAL20250015153,2025-02-10,STR013,PRD01095,4,4795.88,0.0,19183.52,10483.88,Credit Card,Regular
SAL20250015154,2025-02-09,STR009,PRD00194,1,5905.12,0.0,5905.12,4140.26,UPI,Regular
SAL20250015155,2025-02-22,STR027,PRD00361,1,1524.53,0.0,1524.53,825.7,Credit Card,Walk-in
SAL20250015156,2025-02-13,STR022,PRD00946,4,937.06,0.0,3748.24,2102.32,UPI,Walk-in
SAL20250015157,2025-02-06,STR020,PRD00008,1,14817.35,0.0,14817.35,10393.47,Credit Card,Premium
SAL20250015158,2025-02-27,STR033,PRD00991,1,894.61,0.1,805.15,514.53,Credit Card,Regular
SAL20250015159,2025-02-20,STR015,PRD00910,3,2302.88,0.0,6908.64,4739.07,Credit Card,Walk-in
SAL20250015160,2025-02-10,STR009,PRD00342,1,1186.13,0.05,1126.82,698.17,Debit Card,Regular
SAL20250015161,2025-02-14,STR039,PRD00920,1,2715.99,0.0,2715.99,1534.46,UPI,Walk-in
SAL20250015162,2025-02-09,STR004,PRD00234,2,3859.31,0.0,7718.62,4748.08,UPI,Regular
SAL20250015163,2025-02-04,STR003,PRD00638,4,188.95,0.0,755.8,460.84,Credit Card,Regular
SAL20250015164,2025-02-28,STR024,PRD00864,2,1725.02,0.05,3277.54,2236.12,UPI,Walk-in
SAL20250015165,2025-02-08,STR009,PRD00480,1,103.25,0.0,103.25,86.17,Debit Card,Premium
SAL20250015166,2025-02-21,STR030,PRD00309,1,1344.75,0.0,1344.75,637.15,UPI,Walk-in
SAL20250015167,2025-02-15,STR026,PRD00546,3,854.43,0.0,2563.29,1421.7,Credit Card,Premium
SAL20250015168,2025-02-15,STR006,PRD00354,1,1099.31,0.0,1099.31,649.66,Credit Card,Walk-in
SAL20250015169,2025-02-20,STR038,PRD01156,1,3916.29,0.0,3916.29,2267.77,Debit Card,Corporate
SAL20250015170,2025-02-20,STR038,PRD00221,1,9230.37,0.1,8307.33,5770.89,UPI,Regular
SAL20250015171,2025-02-21,STR029,PRD00354,4,1099.31,0.0,4397.24,2598.64,Credit Card,Regular
SAL20250015172,2025-02-23,STR004,PRD00004,1,18331.36,0.05,17414.79,14741.73,UPI,Corporate
SAL20250015173,2025-02-19,STR013,PRD01150,1,4074.75,0.0,4074.75,2372.04,UPI,Premium
SAL20250015174,2025-02-22,STR034,PRD00849,3,315.58,0.0,946.74,635.34,UPI,Regular
SAL20250015175,2025-02-26,STR022,PRD00633,5,365.95,0.1,1646.78,1064.5,Cash,Regular
SAL20250015176,2025-02-28,STR036,PRD01091,1,5878.46,0.05,5584.54,2808.85,Cash,Regular
SAL20250015177,2025-02-25,STR002,PRD00923,1,3811.45,0.0,3811.45,2262.33,Credit Card,Regular
SAL20250015178,2025-02-27,STR005,PRD00322,1,839.74,0.0,839.74,587.36,Debit Card,Regular
SAL20250015179,2025-02-18,STR040,PRD01150,1,4074.75,0.0,4074.75,2372.04,UPI,Walk-in
SAL20250015180,2025-02-19,STR024,PRD00821,3,2784.44,0.0,8353.32,4747.23,UPI,Regular
SAL20250015181,2025-02-19,STR001,PRD00709,1,232.93,0.0,232.93,153.05,UPI,Walk-in
SAL20250015182,2025-02-10,STR039,PRD00267,1,11328.41,0.05,10761.99,8001.59,Credit Card,Walk-in
SAL20250015183,2025-02-03,STR006,PRD01163,2,6199.15,0.0,12398.3,7432.12,UPI,Premium
SAL20250015184,2025-02-17,STR019,PRD00956,1,1028.6,0.0,1028.6,572.0,UPI,Walk-in
SAL20250015185,2025-02-12,STR006,PRD00995,1,585.44,0.0,585.44,417.72,Credit Card,Premium
SAL20250015186,2025-02-14,STR034,PRD00363,1,1443.62,0.0,1443.62,690.35,UPI,Walk-in
SAL20250015187,2025-02-27,STR036,PRD01179,1,3455.57,0.0,3455.57,2074.52,Debit Card,Regular
SAL20250015188,2025-02-10,STR012,PRD00336,1,1590.59,0.1,1431.53,821.11,UPI,Walk-in
SAL20250015189,2025-02-03,STR001,PRD00747,2,1306.66,0.0,2613.32,1920.32,UPI,Regular
SAL20250015190,2025-02-22,STR038,PRD00598,2,173.87,0.0,347.74,244.98,Cash,Regular
SAL20250015191,2025-02-18,STR036,PRD00787,3,291.05,0.0,873.15,567.42,Debit Card,Regular
SAL20250015192,2025-02-17,STR031,PRD00553,1,150.28,0.0,150.28,87.11,Net Banking,Walk-in
SAL20250015193,2025-02-18,STR002,PRD00227,1,5367.28,0.0,5367.28,3567.65,Credit Card,Regular
SAL20250015194,2025-02-16,STR010,PRD00421,3,579.98,0.0,1739.94,1459.5,UPI,Walk-in
SAL20250015195,2025-02-05,STR007,PRD00422,2,218.73,0.0,437.46,333.86,Credit Card,Walk-in
SAL20250015196,2025-02-07,STR008,PRD00408,2,1017.09,0.0,2034.18,1565.84,Debit Card,Regular
SAL20250015197,2025-02-16,STR015,PRD00534,1,97.09,0.0,97.09,80.59,Debit Card,Walk-in
SAL20250015198,2025-02-26,STR006,PRD01149,3,4599.19,0.0,13797.57,7004.31,UPI,Premium
SAL20250015199,2025-02-09,STR034,PRD01030,4,525.24,0.1,1890.86,1270.28,Credit Card,Premium
SAL20250015200,2025-02-02,STR033,PRD00426,1,496.18,0.0,496.18,415.87,Credit Card,Premium
SAL20250015201,2025-02-05,STR012,PRD00821,3,2784.44,0.0,8353.32,4747.23,UPI,Premium
SAL20250015202,2025-02-09,STR035,PRD00570,1,376.39,0.0,376.39,268.57,UPI,Regular
SAL20250015203,2025-02-13,STR017,PRD00368,1,927.52,0.0,927.52,587.93,Debit Card,Walk-in
SAL20250015204,2025-02-24,STR010,PRD00496,1,1047.75,0.0,1047.75,902.44,UPI,Premium
SAL20250015205,2025-02-13,STR026,PRD00863,1,1338.83,0.1,1204.95,745.06,UPI,Walk-in
SAL20250015206,2025-02-19,STR021,PRD01129,2,691.29,0.0,1382.58,562.24,Credit Card,Regular
SAL20250015207,2025-02-14,STR018,PRD00235,1,11077.6,0.0,11077.6,6683.62,Debit Card,Regular
SAL20250015208,2025-02-18,STR011,PRD01174,1,4967.43,0.0,4967.43,2664.97,Credit Card,Corporate
SAL20250015209,2025-02-25,STR018,PRD00082,1,9499.68,0.0,9499.68,6552.44,Net Banking,Corporate
SAL20250015210,2025-02-11,STR023,PRD00837,2,4012.56,0.0,8025.12,4737.28,UPI,Premium
SAL20250015211,2025-02-03,STR038,PRD00363,3,1443.62,0.1,3897.77,2071.05,UPI,Walk-in
SAL20250015212,2025-02-02,STR038,PRD01053,2,481.32,0.0,962.64,625.56,Credit Card,Walk-in
SAL20250015213,2025-02-24,STR022,PRD00553,1,150.28,0.0,150.28,87.11,Credit Card,Regular
SAL20250015214,2025-02-07,STR003,PRD00780,1,1384.22,0.0,1384.22,888.86,UPI,Premium
SAL20250015215,2025-02-23,STR019,PRD00627,10,670.0,0.0,6700.0,4037.1,Cash,Premium
SAL20250015216,2025-02-24,STR003,PRD00071,1,14423.02,0.0,14423.02,9605.63,Debit Card,Walk-in
SAL20250015217,2025-02-19,STR011,PRD00692,1,1997.13,0.0,1997.13,1445.9,Credit Card,Walk-in
SAL20250015218,2025-02-06,STR011,PRD01067,2,922.58,0.0,1845.16,1129.68,UPI,Regular
SAL20250015219,2025-02-09,STR039,PRD00617,4,496.18,0.0,1984.72,1452.04,UPI,Regular
SAL20250015220,2025-02-05,STR038,PRD00900,1,3167.3,0.0,3167.3,1961.05,UPI,Walk-in
SAL20250015221,2025-02-04,STR007,PRD01122,1,6526.26,0.0,6526.26,3631.48,UPI,Corporate
SAL20250015222,2025-02-13,STR008,PRD00676,2,4180.37,0.0,8360.74,5673.52,Credit Card,Walk-in
SAL20250015223,2025-02-04,STR020,PRD00498,2,178.55,0.0,357.1,276.3,Cash,Corporate
SAL20250015224,2025-02-20,STR014,PRD00657,1,272.71,0.0,272.71,160.84,Net Banking,Regular
SAL20250015225,2025-02-24,STR031,PRD00166,1,4039.27,0.0,4039.27,2471.0,Credit Card,Premium
SAL20250015226,2025-02-16,STR037,PRD00043,1,22998.01,0.0,22998.01,15302.97,UPI,Regular
SAL20250015227,2025-02-08,STR013,PRD01126,1,2931.04,0.0,2931.04,1651.37,Net Banking,Premium
SAL20250015228,2025-02-28,STR020,PRD00121,1,13928.8,0.05,13232.36,9332.33,Cash,Walk-in
SAL20250015229,2025-02-18,STR012,PRD00140,1,6378.06,0.0,6378.06,4851.7,Credit Card,Walk-in
SAL20250015230,2025-02-14,STR018,PRD00523,3,773.23,0.0,2319.69,1968.42,UPI,Walk-in
SAL20250015231,2025-02-01,STR025,PRD00481,1,391.79,0.0,391.79,316.76,UPI,Regular
SAL20250015232,2025-02-09,STR004,PRD00541,1,685.8,0.0,685.8,405.57,UPI,Premium
SAL20250015233,2025-02-20,STR002,PRD00610,2,637.82,0.05,1211.86,827.46,UPI,Regular
SAL20250015234,2025-02-24,STR005,PRD01045,3,910.12,0.0,2730.36,1413.72,UPI,Regular
SAL20250015235,2025-02-15,STR030,PRD00992,2,439.67,0.1,791.41,448.34,UPI,Premium
SAL20250015236,2025-02-08,STR032,PRD00170,1,1380.75,0.0,1380.75,918.49,UPI,Regular
SAL20250015237,2025-02-16,STR021,PRD00778,3,875.87,0.05,2496.23,1708.62,Credit Card,Regular
SAL20250015238,2025-02-10,STR038,PRD01108,1,4924.79,0.1,4432.31,2289.5,Credit Card,Walk-in
SAL20250015239,2025-02-05,STR029,PRD00450,1,377.7,0.0,377.7,290.54,Debit Card,Regular
SAL20250015240,2025-02-03,STR010,PRD00366,1,994.61,0.0,994.61,474.73,UPI,Regular
SAL20250015241,2025-02-20,STR022,PRD01016,2,253.56,0.0,507.12,322.8,Net Banking,Regular
SAL20250015242,2025-02-17,STR031,PRD00073,1,23649.92,0.0,23649.92,17123.4,Credit Card,Corporate
SAL20250015243,2025-02-07,STR015,PRD01151,2,7065.61,0.0,14131.22,6748.72,Credit Card,Walk-in
SAL20250015244,2025-02-24,STR006,PRD00028,1,4027.15,0.0,4027.15,2641.37,UPI,Regular
SAL20250015245,2025-02-26,STR018,PRD01125,2,3015.8,0.0,6031.6,2846.86,UPI,Regular
SAL20250015246,2025-02-24,STR012,PRD00715,2,2949.53,0.05,5604.11,3968.0,Net Banking,Walk-in
SAL20250015247,2025-02-26,STR013,PRD00360,2,505.68,0.1,910.22,478.44,Net Banking,Regular
SAL20250015248,2025-02-14,STR022,PRD00916,3,3924.97,0.0,11774.91,6812.34,Net Banking,Premium
SAL20250015249,2025-02-07,STR009,PRD00361,3,1524.53,0.0,4573.59,2477.1,Cash,Walk-in
SAL20250015250,2025-02-11,STR020,PRD01036,1,177.81,0.0,177.81,125.17,Cash,Walk-in
SAL20250015251,2025-02-01,STR009,PRD00476,1,645.16,0.0,645.16,543.18,Debit Card,Walk-in
SAL20250015252,2025-02-05,STR032,PRD01151,2,7065.61,0.0,14131.22,6748.72,Credit Card,Regular
SAL20250015253,2025-02-11,STR007,PRD00304,3,1052.14,0.05,2998.6,2171.43,Credit Card,Regular
SAL20250015254,2025-02-15,STR037,PRD00674,1,2861.74,0.0,2861.74,1590.59,Credit Card,Walk-in
SAL20250015255,2025-02-12,STR031,PRD00450,4,377.7,0.1,1359.72,1162.16,UPI,Regular
SAL20250015256,2025-02-27,STR019,PRD00046,3,12754.14,0.0,38262.42,25192.2,Credit Card,Regular
SAL20250015257,2025-02-15,STR013,PRD00880,1,430.21,0.0,430.21,293.94,Credit Card,Walk-in
SAL20250015258,2025-02-07,STR005,PRD00692,3,1997.13,0.0,5991.39,4337.7,UPI,Regular
SAL20250015259,2025-02-01,STR025,PRD00529,1,569.27,0.0,569.27,490.31,UPI,Regular
SAL20250015260,2025-02-16,STR040,PRD00950,1,184.59,0.0,184.59,127.31,UPI,Regular
SAL20250015261,2025-02-03,STR006,PRD00481,3,391.79,0.05,1116.6,950.28,Debit Card,Regular
SAL20250015262,2025-02-10,STR001,PRD00571,1,201.22,0.0,201.22,143.49,Credit Card,Walk-in
SAL20250015263,2025-02-17,STR016,PRD00961,1,294.28,0.0,294.28,158.53,UPI,Regular
SAL20250015264,2025-02-05,STR007,PRD00057,1,2490.08,0.0,2490.08,2005.73,Credit Card,Walk-in
SAL20250015265,2025-02-01,STR036,PRD00036,1,8731.85,0.0,8731.85,5708.44,Debit Card,Regular
SAL20250015266,2025-02-14,STR023,PRD01017,3,1092.19,0.0,3276.57,1775.07,Debit Card,Regular
SAL20250015267,2025-02-07,STR025,PRD00201,1,2838.89,0.0,2838.89,1889.59,Credit Card,Walk-in
SAL20250015268,2025-02-01,STR010,PRD01090,1,4828.9,0.0,4828.9,3064.56,UPI,Walk-in
SAL20250015269,2025-02-04,STR021,PRD01063,2,747.32,0.0,1494.64,976.78,Cash,Walk-in
SAL20250015270,2025-02-13,STR021,PRD00127,1,14293.97,0.0,14293.97,10567.08,Credit Card,Regular
SAL20250015271,2025-02-25,STR011,PRD00690,1,3635.92,0.0,3635.92,2397.42,Credit Card,Walk-in
SAL20250015272,2025-02-26,STR005,PRD00040,1,26675.54,0.0,26675.54,17487.01,UPI,Regular
SAL20250015273,2025-02-25,STR019,PRD00978,1,172.32,0.0,172.32,107.32,UPI,Premium
SAL20250015274,2025-02-02,STR016,PRD00364,1,296.2,0.05,281.39,195.69,Debit Card,Regular
SAL20250015275,2025-02-27,STR014,PRD00761,1,367.88,0.0,367.88,269.21,Credit Card,Regular
SAL20250015276,2025-02-16,STR015,PRD00760,2,4801.08,0.1,8641.94,6345.62,Debit Card,Premium
SAL20250015277,2025-02-11,STR024,PRD00407,5,687.91,0.0,3439.55,2667.0,Credit Card,Premium
SAL20250015278,2025-02-15,STR029,PRD00169,2,8761.68,0.0,17523.36,11257.34,Credit Card,Corporate
SAL20250015279,2025-02-19,STR035,PRD00691,3,1815.13,0.0,5445.39,3449.79,UPI,Walk-in
SAL20250015280,2025-02-12,STR024,PRD00405,1,917.35,0.1,825.62,803.86,UPI,Walk-in
SAL20250015281,2025-02-01,STR008,PRD00333,1,1043.83,0.1,939.45,554.4,UPI,Premium
SAL20250015282,2025-02-21,STR018,PRD00764,1,3332.71,0.0,3332.71,1836.11,Cash,Premium
SAL20250015283,2025-02-18,STR035,PRD00793,1,2445.38,0.0,2445.38,1405.41,Credit Card,Walk-in
SAL20250015284,2025-02-12,STR037,PRD00398,1,358.79,0.0,358.79,173.35,UPI,Walk-in
SAL20250015285,2025-02-27,STR033,PRD00293,1,859.61,0.0,859.61,442.5,UPI,Regular
SAL20250015286,2025-02-19,STR014,PRD00660,2,324.23,0.05,616.04,476.08,Credit Card,Regular
SAL20250015287,2025-02-17,STR027,PRD00486,1,161.3,0.0,161.3,123.55,UPI,Premium
SAL20250015288,2025-02-19,STR013,PRD00722,2,2039.88,0.0,4079.76,2341.7,UPI,Walk-in
SAL20250015289,2025-02-20,STR001,PRD00002,2,1289.58,0.0,2579.16,1741.8,Credit Card,Regular
SAL20250015290,2025-02-04,STR010,PRD01082,1,1474.53,0.0,1474.53,797.26,Credit Card,Walk-in
SAL20250015291,2025-02-15,STR034,PRD00509,1,888.38,0.0,888.38,674.33,Credit Card,Walk-in
SAL20250015292,2025-02-05,STR011,PRD00511,1,709.29,0.0,709.29,559.18,UPI,Regular
SAL20250015293,2025-02-17,STR009,PRD00273,2,1306.29,0.1,2351.32,1517.74,Cash,Regular
SAL20250015294,2025-02-10,STR013,PRD00516,10,653.26,0.0,6532.6,5025.6,UPI,Regular
SAL20250015295,2025-02-20,STR019,PRD00077,1,14848.8,0.0,14848.8,12077.21,Cash,Premium
SAL20250015296,2025-02-12,STR009,PRD00019,1,9063.53,0.0,9063.53,6399.55,Credit Card,Regular
SAL20250015297,2025-02-16,STR012,PRD00075,1,9132.03,0.0,9132.03,7042.59,UPI,Premium
SAL20250015298,2025-02-22,STR024,PRD00689,3,492.79,0.05,1404.45,998.49,UPI,Walk-in
SAL20250015299,2025-02-14,STR032,PRD00368,1,927.52,0.05,881.14,587.93,Debit Card,Regular
SAL20250015300,2025-02-07,STR011,PRD00646,1,108.22,0.1,97.4,65.79,UPI,Regular
SAL20250015301,2025-02-19,STR034,PRD00530,4,663.27,0.0,2653.08,2248.28,Debit Card,Premium
SAL20250015302,2025-02-22,STR038,PRD01015,5,771.47,0.0,3857.35,2705.6,Credit Card,Regular
SAL20250015303,2025-02-17,STR003,PRD00344,1,702.67,0.1,632.4,433.6,UPI,Walk-in
SAL20250015304,2025-02-15,STR026,PRD00321,3,1442.95,0.0,4328.85,2146.47,Debit Card,Premium
SAL20250015305,2025-02-17,STR006,PRD01028,1,93.34,0.0,93.34,48.1,Debit Card,Premium
SAL20250015306,2025-02-24,STR017,PRD00238,1,4984.73,0.0,4984.73,3134.78,UPI,Walk-in
SAL20250015307,2025-02-09,STR032,PRD01116,1,792.37,0.0,792.37,396.32,UPI,Walk-in
SAL20250015308,2025-02-03,STR020,PRD00522,1,1139.79,0.05,1082.8,875.83,Credit Card,Premium
SAL20250015309,2025-02-08,STR026,PRD00628,2,365.09,0.0,730.18,421.62,UPI,Walk-in
SAL20250015310,2025-02-11,STR032,PRD00645,2,456.66,0.0,913.32,660.84,Credit Card,Walk-in
SAL20250015311,2025-02-06,STR013,PRD00442,1,148.56,0.0,148.56,119.7,Debit Card,Premium
SAL20250015312,2025-02-19,STR003,PRD00430,2,129.33,0.0,258.66,217.4,UPI,Regular
SAL20250015313,2025-02-22,STR003,PRD00811,3,243.22,0.1,656.69,422.85,Net Banking,Regular
SAL20250015314,2025-02-27,STR030,PRD01076,2,4373.35,0.0,8746.7,5191.1,UPI,Walk-in
SAL20250015315,2025-02-02,STR035,PRD00158,1,3798.87,0.05,3608.93,2582.44,Net Banking,Regular
SAL20250015316,2025-02-24,STR025,PRD01068,2,5954.4,0.0,11908.8,6990.4,UPI,Premium
SAL20250015317,2025-02-18,STR008,PRD00271,1,660.1,0.0,660.1,418.6,Debit Card,Regular
SAL20250015318,2025-02-11,STR025,PRD01169,4,6625.23,0.0,26500.92,16005.64,UPI,Walk-in
SAL20250015319,2025-02-25,STR033,PRD00375,1,650.42,0.0,650.42,365.06,Credit Card,Premium
SAL20250015320,2025-02-22,STR005,PRD00006,1,3457.14,0.0,3457.14,2519.92,Cash,Regular
SAL20250015321,2025-02-06,STR008,PRD00966,2,814.75,0.0,1629.5,1052.9,Credit Card,Premium
SAL20250015322,2025-02-05,STR004,PRD00584,1,232.29,0.0,232.29,142.35,UPI,Regular
SAL20250015323,2025-02-18,STR028,PRD00292,1,975.97,0.0,975.97,491.67,UPI,Corporate
SAL20250015324,2025-02-02,STR027,PRD01122,1,6526.26,0.0,6526.26,3631.48,Net Banking,Regular
SAL20250015325,2025-02-14,STR022,PRD01127,1,730.99,0.0,730.99,319.39,Cash,Walk-in
SAL20250015326,2025-02-23,STR010,PRD00229,1,2013.93,0.0,2013.93,1348.9,UPI,Regular
SAL20250015327,2025-02-16,STR019,PRD00972,5,1079.34,0.0,5396.7,3145.0,UPI,Regular
SAL20250015328,2025-02-16,STR026,PRD00007,1,20090.22,0.05,19085.71,15462.2,Credit Card,Walk-in
SAL20250015329,2025-02-05,STR035,PRD00303,4,674.18,0.0,2696.72,1449.12,UPI,Walk-in
SAL20250015330,2025-02-16,STR017,PRD00577,1,262.74,0.0,262.74,189.28,UPI,Corporate
SAL20250015331,2025-02-13,STR004,PRD01059,2,553.69,0.0,1107.38,736.72,UPI,Premium
SAL20250015332,2025-02-01,STR017,PRD00523,3,773.23,0.05,2203.71,1968.42,Debit Card,Premium
SAL20250015333,2025-02-11,STR012,PRD00627,5,670.0,0.1,3015.0,2018.55,Credit Card,Walk-in
SAL20250015334,2025-02-17,STR024,PRD00728,2,5071.72,0.0,10143.44,6019.26,UPI,Walk-in
SAL20250015335,2025-02-24,STR040,PRD01185,1,2223.59,0.0,2223.59,924.85,UPI,Regular
SAL20250015336,2025-02-19,STR040,PRD00745,2,2529.52,0.05,4806.09,3658.36,UPI,Walk-in
SAL20250015337,2025-02-20,STR023,PRD00736,1,1942.77,0.05,1845.63,1241.55,Cash,Regular
SAL20250015338,2025-02-01,STR037,PRD00963,1,93.93,0.05,89.23,63.76,UPI,Premium
SAL20250015339,2025-02-21,STR037,PRD00607,3,313.72,0.05,894.1,544.05,Credit Card,Walk-in
SAL20250015340,2025-02-06,STR021,PRD00964,4,842.84,0.0,3371.36,2300.76,Credit Card,Regular
SAL20250015341,2025-02-28,,PRD00523,4,773.23,0.0,3092.92,2624.56,Credit Card,Regular
SAL20250015342,2025-02-12,STR038,PRD01148,2,584.33,0.0,1168.66,482.96,UPI,Regular
SAL20250015343,2025-02-03,STR037,PRD00868,3,1450.33,0.1,3915.89,2736.63,Debit Card,Regular
SAL20250015344,2025-02-17,STR033,PRD01041,3,954.2,0.1,2576.34,1598.43,UPI,Regular
SAL20250015345,2025-02-06,STR013,PRD00528,1,1118.04,0.0,1118.04,946.34,UPI,Regular
SAL20250015346,2025-02-19,STR039,PRD00201,2,2838.89,0.0,5677.78,3779.18,UPI,Regular
SAL20250015347,2025-02-03,STR018,PRD01030,1,525.24,0.05,498.98,317.57,Net Banking,Walk-in
SAL20250015348,2025-02-28,STR037,PRD00458,2,587.81,0.0,1175.62,891.84,UPI,Walk-in
SAL20250015349,2025-02-25,STR007,PRD01106,3,3135.75,0.0,9407.25,5007.48,Debit Card,Regular
SAL20250015350,2025-02-19,STR031,PRD01099,1,4242.7,0.0,4242.7,2721.85,Cash,Regular
SAL20250015351,2025-02-11,STR031,PRD00293,3,859.61,0.0,2578.83,1327.5,UPI,Regular
SAL20250015352,2025-02-18,STR021,PRD00953,2,80.84,0.0,161.68,115.94,UPI,Premium
SAL20250015353,2025-02-27,STR002,PRD00187,1,5314.8,0.05,5049.06,3364.43,Debit Card,Regular
SAL20250015354,2025-02-02,STR027,PRD00738,1,984.8,0.0,984.8,687.04,UPI,Walk-in
SAL20250015355,2025-02-12,STR011,PRD01128,4,2522.35,0.0,10089.4,5762.72,Credit Card,Walk-in
SAL20250015356,2025-02-23,STR019,PRD00731,1,2513.85,0.1,2262.47,1582.05,Cash,Regular
SAL20250015357,2025-02-25,STR018,PRD00914,3,3460.6,0.1,9343.62,6602.16,Debit Card,Regular
SAL20250015358,2025-02-23,STR020,PRD00946,4,937.06,0.0,3748.24,2102.32,Credit Card,Premium
SAL20250015359,2025-02-22,STR039,PRD00735,3,2710.38,0.1,7318.03,4848.84,Credit Card,Walk-in
SAL20250015360,2025-02-28,STR023,PRD00521,2,947.8,0.0,1895.6,1665.2,UPI,Walk-in
SAL20250015361,2025-02-20,STR007,PRD00553,1,150.28,0.1,135.25,87.11,UPI,Regular
SAL20250015362,2025-02-01,STR011,PRD00328,1,1206.9,0.0,1206.9,619.01,Cash,Regular
SAL20250015363,2025-02-09,STR013,PRD00620,2,556.49,0.0,1112.98,651.34,UPI,Regular
SAL20250015364,2025-02-16,STR008,PRD00899,2,2165.69,0.0,4331.38,2917.52,UPI,Walk-in
SAL20250015365,2025-02-26,STR027,PRD00112,1,3948.48,0.0,3948.48,3127.23,UPI,Premium
SAL20250015366,2025-02-16,STR032,PRD00535,1,314.95,0.1,283.45,224.28,UPI,Premium
SAL20250015367,2025-02-18,STR024,PRD00308,2,373.95,0.0,747.9,521.14,Net Banking,Walk-in
SAL20250015368,2025-02-07,STR002,PRD00105,1,9145.0,0.0,9145.0,7010.14,Debit Card,Walk-in
SAL20250015369,2025-02-13,STR017,PRD00019,1,9063.53,0.05,8610.35,6399.55,Debit Card,Regular
SAL20250015370,2025-02-25,STR017,PRD00837,1,4012.56,0.0,4012.56,2368.64,Debit Card,Corporate
SAL20250015371,2025-02-26,STR036,PRD00298,2,1012.57,0.0,2025.14,1332.24,Debit Card,Regular
SAL20250015372,2025-02-12,STR041,PRD00940,2,57.11,0.0,114.22,77.72,UPI,Premium
SAL20250015373,2025-02-19,STR041,PRD00736,1,1942.77,0.1,1748.49,1241.55,UPI,Walk-in
SAL20250015374,2025-02-19,STR019,PRD00032,1,19217.6,0.05,18256.72,14800.0,UPI,Walk-in
SAL20250015375,2025-02-11,STR012,PRD00511,1,709.29,0.0,709.29,559.18,Net Banking,Premium
SAL20250015376,2025-02-04,STR040,PRD00362,2,1120.03,0.0,2240.06,1065.02,UPI,Regular
SAL20250015377,2025-02-22,STR028,PRD00700,1,4752.07,0.0,4752.07,2864.63,Credit Card,Walk-in
SAL20250015378,2025-02-19,STR031,PRD00935,2,821.43,0.05,1560.72,1172.2,UPI,Premium
SAL20250015379,2025-02-08,STR002,PRD00054,1,16291.52,0.0,16291.52,11840.34,Credit Card,Regular
SAL20250015380,2025-02-20,STR022,PRD01089,1,8670.13,0.0,8670.13,3797.02,UPI,Regular
SAL20250015381,2025-02-19,STR032,PRD00787,1,291.05,0.0,291.05,189.14,Debit Card,Regular
SAL20250015382,2025-02-24,STR025,PRD00895,2,472.54,0.05,897.83,594.8,UPI,Premium
SAL20250015383,2025-02-16,STR027,PRD00066,1,7423.58,0.0,7423.58,5820.76,UPI,Regular
SAL20250015384,2025-02-03,STR003,PRD00345,2,670.76,0.0,1341.52,787.76,UPI,Regular
SAL20250015385,2025-02-04,STR015,PRD00532,2,1039.03,0.1,1870.25,1617.72,Credit Card,Regular
SAL20250015386,2025-02-04,STR039,PRD00641,1,499.93,0.0,499.93,333.12,Credit Card,Premium
SAL20250015387,2025-02-15,STR031,PRD00355,1,304.11,0.0,304.11,163.8,Credit Card,Premium
SAL20250015388,2025-02-01,STR009,PRD00067,1,3694.12,0.1,3324.71,2694.72,Cash,Regular
SAL20250015389,2025-02-16,STR025,PRD00715,1,2949.53,0.0,2949.53,1984.0,UPI,Regular
SAL20250015390,2025-02-21,STR013,PRD01151,2,7065.61,0.0,14131.22,6748.72,Debit Card,Regular
SAL20250015391,2025-02-22,STR022,PRD00535,2,314.95,0.05,598.4,448.56,Debit Card,Regular
SAL20250015392,2025-02-18,STR004,PRD00124,1,10921.57,0.0,10921.57,7123.55,Credit Card,Corporate
SAL20250015393,2025-02-27,STR020,PRD00895,1,472.54,0.0,472.54,297.4,UPI,Regular
SAL20250015394,2025-02-23,STR002,PRD00535,1,314.95,0.05,299.2,224.28,UPI,Walk-in
SAL20250015395,2025-02-18,STR034,PRD00870,2,2808.24,0.0,5616.48,3237.36,UPI,Corporate
SAL20250015396,2025-02-07,STR020,PRD00120,1,22170.49,0.0,22170.49,16305.22,Credit Card,Walk-in
SAL20250015397,2025-02-02,STR005,PRD00517,4,252.82,0.0,1011.28,812.12,UPI,Premium
SAL20250015398,2025-02-15,STR004,PRD00187,3,5314.8,0.0,15944.4,10093.29,Credit Card,Premium
SAL20250015399,2025-02-04,STR037,PRD00055,1,18236.77,0.0,18236.77,12233.04,Credit Card,Regular
SAL20250015400,2025-02-09,STR003,PRD01155,1,7374.97,0.0,7374.97,3660.91,UPI,Regular
SAL20250015401,2025-02-11,STR021,PRD00021,1,1822.47,0.0,1822.47,1333.8,UPI,Premium
SAL20250015402,2025-02-17,STR008,PRD01042,2,143.52,0.0,287.04,189.38,UPI,Regular
SAL20250015403,2025-02-05,STR030,PRD00614,1,52.25,0.0,52.25,34.28,Cash,Walk-in
SAL20250015404,2025-02-04,STR003,PRD00099,1,19924.5,0.05,18928.27,14858.06,Credit Card,Regular
SAL20250015405,2025-02-02,STR005,PRD00193,1,5766.86,0.0,5766.86,4191.48,Debit Card,Regular
SAL20250015406,2025-02-25,STR038,PRD00096,1,1587.91,0.05,1508.51,1154.69,UPI,Regular
SAL20250015407,2025-02-22,STR013,PRD00625,1,629.94,0.1,566.95,432.91,UPI,Walk-in
SAL20250015408,2025-02-07,STR009,PRD01074,4,6150.42,0.0,24601.68,13076.6,Credit Card,Walk-in
SAL20250015409,2025-02-14,STR017,PRD00274,1,920.1,0.1,828.09,425.76,UPI,Regular
SAL20250015410,2025-02-28,STR009,PRD00054,3,16291.52,0.0,48874.56,35521.02,Debit Card,Premium
SAL20250015411,2025-02-16,STR021,PRD00493,1,517.33,0.1,465.6,446.5,Debit Card,Regular
SAL20250015412,2025-02-26,STR021,PRD00549,3,585.62,0.0,1756.86,1147.2,Debit Card,Walk-in
SAL20250015413,2025-02-12,STR030,PRD00141,1,2559.21,0.0,2559.21,1944.29,Net Banking,Regular
SAL20250015414,2025-02-09,STR025,PRD00300,1,1106.33,0.0,1106.33,601.1,UPI,Walk-in
SAL20250015415,2025-02-19,STR005,PRD00693,2,2512.22,0.0,5024.44,3342.84,UPI,Walk-in
SAL20250015416,2025-02-10,STR038,PRD00383,3,216.69,0.0,650.07,407.22,Credit Card,Walk-in
SAL20250015417,2025-02-11,STR003,PRD00125,1,1511.82,0.0,1511.82,1056.29,UPI,Regular
SAL20250015418,2025-02-08,STR005,PRD00349,1,152.26,0.0,152.26,83.87,UPI,Walk-in
SAL20250015419,2025-02-21,STR026,PRD00531,1,217.65,0.0,217.65,182.2,Credit Card,Walk-in
SAL20250015420,2025-02-27,STR006,PRD00361,1,1524.53,0.0,1524.53,825.7,Debit Card,Premium
SAL20250015421,2025-02-02,STR020,PRD00742,1,3993.24,0.0,3993.24,2368.26,Credit Card,Regular
SAL20250015422,2025-02-01,STR034,PRD01053,1,481.32,0.0,481.32,312.78,UPI,Walk-in
SAL20250015423,2025-02-24,STR019,PRD00635,2,332.03,0.0,664.06,414.6,Debit Card,Regular
SAL20250015424,2025-02-18,STR017,PRD00254,1,11020.14,0.0,11020.14,6776.21,Credit Card,Premium
SAL20250015425,2025-02-17,STR039,PRD00860,1,694.13,0.0,694.13,417.51,UPI,Regular
SAL20250015426,2025-02-14,STR028,PRD00468,4,180.53,0.1,649.91,593.28,UPI,Regular
SAL20250015427,2025-02-25,STR026,PRD00024,1,23723.95,0.0,23723.95,15500.24,Credit Card,Regular
SAL20250015428,2025-02-17,STR014,PRD00780,2,1384.22,0.0,2768.44,1777.72,Credit Card,Corporate
SAL20250015429,2025-02-18,STR001,PRD00791,2,855.75,0.0,1711.5,1198.94,Credit Card,Walk-in
SAL20250015430,2025-02-14,STR041,PRD00414,1,546.79,0.05,519.45,425.32,UPI,Regular
SAL20250015431,2025-02-03,STR009,PRD00692,1,1997.13,0.0,1997.13,1445.9,Cash,Walk-in
SAL20250015432,2025-02-17,STR031,PRD00689,2,492.79,0.0,985.58,665.66,Net Banking,Walk-in
SAL20250015433,2025-02-08,STR041,PRD00048,1,26663.85,0.0,26663.85,18297.1,Credit Card,Corporate
SAL20250015434,2025-02-10,STR006,PRD00653,6,614.39,0.0,3686.34,2686.56,UPI,Regular
SAL20250015435,2025-02-13,STR009,PRD00215,1,9358.07,0.0,9358.07,6525.15,UPI,Regular
SAL20250015436,2025-02-25,STR025,PRD00169,1,8761.68,0.0,8761.68,5628.67,Debit Card,Premium
SAL20250015437,2025-02-05,STR036,PRD01038,1,565.57,0.0,565.57,303.34,Credit Card,Corporate
SAL20250015438,2025-02-03,STR030,PRD00698,1,1659.66,0.0,1659.66,1094.59,Cash,Walk-in
SAL20250015439,2025-02-01,STR035,PRD00025,1,2348.16,0.0,2348.16,1617.05,UPI,Regular
SAL20250015440,2025-02-21,STR012,PRD00893,2,963.04,0.0,1926.08,1206.1,UPI,Regular
SAL20250015441,2025-02-27,STR022,PRD00697,1,1377.61,0.0,1377.61,807.52,UPI,Regular
SAL20250015442,2025-02-02,STR037,PRD00608,3,314.95,0.1,850.36,702.42,Credit Card,Walk-in
SAL20250015443,2025-02-10,STR032,PRD00356,2,1354.34,0.0,2708.68,1468.36,UPI,Walk-in
SAL20250015444,2025-02-22,STR015,PRD01149,3,4599.19,0.0,13797.57,7004.31,UPI,Regular
SAL20250015445,2025-02-21,STR039,PRD00358,1,873.37,0.0,873.37,466.67,UPI,Regular
SAL20250015446,2025-02-13,STR017,PRD00481,6,391.79,0.1,2115.67,1900.56,UPI,Regular
SAL20250015447,2025-02-17,STR012,PRD00430,5,129.33,0.0,646.65,543.5,UPI,Premium
SAL20250015448,2025-02-01,STR035,PRD00461,2,198.22,0.0,396.44,338.9,UPI,Regular
SAL20250015449,2025-02-13,STR020,PRD01178,1,5467.45,0.0,5467.45,3516.53,Credit Card,Premium
SAL20250015450,2025-02-10,STR039,PRD00330,2,275.94,0.0,551.88,337.72,Credit Card,Walk-in
SAL20250015451,2025-02-22,STR002,PRD00241,1,7381.55,0.0,7381.55,5583.94,UPI,Walk-in
SAL20250015452,2025-02-25,STR033,PRD00007,1,20090.22,0.0,20090.22,15462.2,UPI,Regular
SAL20250015453,2025-02-23,STR008,PRD00933,2,3527.61,0.0,7055.22,4360.6,Credit Card,Regular
SAL20250015454,2025-02-13,STR037,PRD00889,1,2052.09,0.0,2052.09,1474.15,Credit Card,Regular
SAL20250015455,2025-02-04,STR029,PRD00412,1,576.41,0.0,576.41,454.75,Credit Card,Walk-in
SAL20250015456,2025-02-19,STR026,PRD00852,4,1751.61,0.0,7006.44,4859.36,Cash,Walk-in
SAL20250015457,2025-02-26,STR012,PRD00788,2,3329.23,0.0,6658.46,4210.4,UPI,Corporate
SAL20250015458,2025-02-21,STR023,PRD00870,1,2808.24,0.0,2808.24,1618.68,UPI,Walk-in
SAL20250015459,2025-02-28,STR010,PRD01064,2,155.0,0.0,310.0,157.26,Cash,Walk-in
SAL20250015460,2025-02-01,STR004,PRD00204,1,3776.34,0.0,3776.34,2580.11,Credit Card,Premium
SAL20250015461,2025-02-06,STR041,PRD00361,1,1524.53,0.05,1448.3,825.7,Credit Card,Regular
SAL20250015462,2025-02-01,STR034,PRD00618,3,249.13,0.05,710.02,549.09,Credit Card,Regular
SAL20250015463,2025-02-25,STR040,PRD00619,1,215.37,0.0,215.37,139.33,UPI,Walk-in
SAL20250015464,2025-02-21,STR023,PRD00807,1,667.9,0.0,667.9,429.52,UPI,Regular
SAL20250015465,2025-02-18,STR010,PRD00807,2,667.9,0.0,1335.8,859.04,Debit Card,Regular
SAL20250015466,2025-02-07,STR021,PRD00385,1,460.87,0.0,460.87,278.52,UPI,Premium
SAL20250015467,2025-02-16,STR041,PRD00295,1,1024.45,0.0,1024.45,568.49,Credit Card,Walk-in
SAL20250015468,2025-02-24,STR016,PRD00017,1,6386.7,0.0,6386.7,4504.98,UPI,Walk-in
SAL20250015469,2025-02-05,STR034,PRD00760,1,4801.08,0.0,4801.08,3172.81,UPI,Regular
SAL20250015470,2025-02-10,STR019,PRD00157,2,5982.96,0.0,11965.92,8710.38,Credit Card,Walk-in
SAL20250015471,2025-02-02,STR019,PRD00100,2,14294.81,0.0,28589.62,19549.72,UPI,Walk-in
SAL20250015472,2025-02-10,STR030,PRD00249,1,4858.0,0.0,4858.0,3416.15,UPI,Regular
SAL20250015473,2025-02-08,STR041,PRD00535,1,314.95,0.0,314.95,224.28,Debit Card,Regular
SAL20250015474,2025-02-27,STR028,PRD00102,1,21236.57,0.0,21236.57,16141.17,Credit Card,Regular
SAL20250015475,2025-02-25,STR011,PRD00218,3,7357.64,0.0,22072.92,15153.06,Credit Card,Walk-in
SAL20250015476,2025-02-06,STR008,PRD00391,1,716.46,0.0,716.46,347.41,Cash,Regular
SAL20250015477,2025-02-15,STR023,PRD01174,2,4967.43,0.0,9934.86,5329.94,UPI,Walk-in
SAL20250015478,2025-02-26,STR026,PRD00896,1,255.31,0.0,255.31,145.03,Cash,Walk-in
SAL20250015479,2025-02-20,STR004,PRD00039,1,8380.37,0.0,8380.37,6279.95,Credit Card,Walk-in
SAL20250015480,2025-02-22,STR005,PRD00816,2,1448.92,0.0,2897.84,1714.78,UPI,Premium
SAL20250015481,2025-02-16,STR027,PRD00938,2,622.57,0.0,1245.14,654.66,UPI,Regular
SAL20250015482,2025-02-23,STR039,PRD00933,3,3527.61,0.0,10582.83,6540.9,Net Banking,Walk-in
SAL20250015483,2025-02-16,STR028,PRD01044,1,762.23,0.0,762.23,544.48,UPI,Premium
SAL20250015484,2025-02-15,STR016,PRD00892,1,2494.33,0.0,2494.33,1742.01,Cash,Regular
SAL20250015485,2025-02-18,STR037,PRD00381,1,931.15,0.1,838.03,531.28,Cash,Walk-in
SAL20250015486,2025-02-13,STR024,PRD01085,2,7889.14,0.1,14200.45,8272.58,UPI,Regular
SAL20250015487,2025-02-15,STR021,PRD00636,1,685.82,0.0,685.82,452.44,Cash,Corporate
SAL20250015488,2025-02-07,STR003,PRD01103,1,5704.94,0.0,5704.94,2392.72,Credit Card,Premium
SAL20250015489,2025-02-27,STR028,PRD00744,4,4365.48,0.0,17461.92,11517.6,UPI,Regular
SAL20250015490,2025-02-10,STR008,PRD01176,1,5880.6,0.1,5292.54,3519.33,Debit Card,Walk-in
SAL20250015491,2025-02-05,STR001,PRD00165,1,10264.9,0.0,10264.9,6671.83,UPI,Walk-in
SAL20250015492,2025-02-23,STR029,PRD00195,1,4088.9,0.0,4088.9,3108.85,Debit Card,Regular
SAL20250015493,2025-02-20,STR011,PRD00837,4,4012.56,0.0,16050.24,9474.56,Cash,Regular
SAL20250015494,2025-02-26,STR009,PRD00022,1,22149.39,0.0,22149.39,16337.37,UPI,Regular
SAL20250015495,2025-02-22,STR041,PRD00005,1,25382.71,0.0,25382.71,18438.86,Net Banking,Regular
SAL20250015496,2025-02-15,STR014,PRD00978,3,172.32,0.0,516.96,321.96,UPI,Walk-in
SAL20250015497,2025-02-25,STR015,PRD00736,1,1942.77,0.0,1942.77,1241.55,Credit Card,Walk-in
SAL20250015498,2025-02-06,STR033,PRD00860,1,694.13,0.05,659.42,417.51,Credit Card,Regular
SAL20250015499,2025-02-02,STR023,PRD00727,1,737.62,0.0,737.62,442.28,Debit Card,Premium
SAL20250015500,2025-02-19,STR025,PRD00380,1,304.64,0.0,304.64,210.5,Cash,Premium
SAL20250015501,2025-02-12,STR024,PRD00762,1,1596.23,0.0,1596.23,909.86,UPI,Walk-in
SAL20250015502,2025-02-26,STR038,PRD00938,2,622.57,0.0,1245.14,654.66,UPI,Walk-in
SAL20250015503,2025-02-10,STR006,PRD01108,2,4924.79,0.0,9849.58,4579.0,UPI,Premium
SAL20250015504,2025-02-27,STR029,PRD00079,2,19037.37,0.1,34267.27,26971.54,UPI,Regular
SAL20250015505,2025-02-21,STR028,PRD01144,2,2397.7,0.0,4795.4,2852.04,Credit Card,Regular
SAL20250015506,2025-02-19,STR027,PRD00101,4,2548.25,0.0,10193.0,7213.0,Cash,Corporate
SAL20250015507,2025-02-11,STR013,PRD01098,1,1920.11,0.0,1920.11,1122.86,UPI,Regular
SAL20250015508,2025-02-18,STR034,PRD00622,1,644.0,0.05,611.8,399.79,UPI,Regular
SAL20250015509,2025-02-16,STR025,PRD00200,1,1880.51,0.05,1786.48,1363.43,UPI,Premium
SAL20250015510,2025-02-26,STR032,PRD00989,1,922.35,0.0,922.35,592.11,Credit Card,Regular
SAL20250015511,2025-02-07,STR038,PRD00874,2,3195.38,0.0,6390.76,4664.96,Net Banking,Regular
SAL20250015512,2025-02-03,STR006,PRD01088,1,4543.5,0.0,4543.5,1992.55,Credit Card,Premium
SAL20250015513,2025-02-18,STR018,PRD00727,1,737.62,0.0,737.62,442.28,UPI,Walk-in
SAL20250015514,2025-02-19,STR005,PRD00342,2,1186.13,0.0,2372.26,1396.34,UPI,Regular
SAL20250015515,2025-02-17,STR031,PRD00806,3,330.79,0.0,992.37,559.89,Cash,Regular
SAL20250015516,2025-02-08,STR022,PRD00099,2,19924.5,0.0,39849.0,29716.12,Credit Card,Regular
SAL20250015517,2025-02-22,STR004,PRD00570,1,376.39,0.0,376.39,268.57,Debit Card,Regular
SAL20250015518,2025-02-18,STR034,PRD00331,1,133.4,0.0,133.4,89.83,UPI,Regular
SAL20250015519,2025-02-20,STR030,PRD00817,1,3058.64,0.0,3058.64,2165.66,UPI,Regular
SAL20250015520,2025-02-28,STR013,PRD00989,1,922.35,0.0,922.35,592.11,Credit Card,Premium
SAL20250015521,2025-02-07,STR009,PRD00973,1,291.44,0.0,291.44,156.91,Debit Card,Corporate
SAL20250015522,2025-02-20,STR033,PRD01164,3,2114.79,0.05,6027.15,3326.13,UPI,Regular
SAL20250015523,2025-02-11,STR019,PRD01115,1,4843.87,0.0,4843.87,2404.35,UPI,Regular
SAL20250015524,2025-02-11,STR037,PRD00844,1,3943.03,0.0,3943.03,2224.57,UPI,Walk-in
SAL20250015525,2025-02-15,STR005,PRD00438,4,638.02,0.0,2552.08,1947.56,Credit Card,Regular
SAL20250015526,2025-02-11,STR011,PRD00032,1,19217.6,0.0,19217.6,14800.0,UPI,Walk-in
SAL20250015527,2025-02-27,STR041,PRD00721,1,2330.52,0.0,2330.52,1727.63,UPI,Regular
SAL20250015528,2025-02-08,STR004,PRD00685,1,4676.03,0.1,4208.43,2851.64,UPI,Regular
SAL20250015529,2025-02-27,STR020,PRD00492,1,431.72,0.0,431.72,362.04,UPI,Premium
SAL20250015530,2025-02-20,STR023,PRD00161,1,9190.04,0.0,9190.04,7015.28,Debit Card,Walk-in
SAL20250015531,2025-02-03,STR010,PRD00566,1,655.12,0.0,655.12,423.12,UPI,Regular
SAL20250015532,2025-02-12,STR030,PRD00758,1,4375.02,0.0,4375.02,3168.27,Debit Card,Walk-in
SAL20250015533,2025-02-27,STR029,PRD00997,5,893.9,0.0,4469.5,3123.45,Cash,Walk-in
SAL20250015534,2025-02-14,STR007,PRD00356,2,1354.34,0.0,2708.68,1468.36,Credit Card,Walk-in
SAL20250015535,2025-02-24,STR037,PRD00541,1,685.8,0.0,685.8,405.57,UPI,Regular
SAL20250015536,2025-02-23,STR041,PRD00672,1,4427.9,0.0,4427.9,3013.84,UPI,Walk-in
SAL20250015537,2025-02-25,STR005,PRD00610,2,637.82,0.0,1275.64,827.46,Debit Card,Premium
SAL20250015538,2025-02-25,STR035,PRD00078,1,9036.37,0.1,8132.73,6491.36,Cash,Regular
SAL20250015539,2025-02-15,STR032,PRD00159,1,4881.58,0.05,4637.5,3676.52,UPI,Regular
SAL20250015540,2025-02-03,STR035,PRD00490,1,177.23,0.0,177.23,138.31,UPI,Walk-in
SAL20250015541,2025-02-13,STR025,PRD00478,10,959.84,0.0,9598.4,8122.6,Credit Card,Walk-in
SAL20250015542,2025-02-17,STR036,PRD01071,1,5607.68,0.1,5046.91,3412.0,Debit Card,Regular
SAL20250015543,2025-02-25,STR036,PRD00664,2,181.84,0.0,363.68,218.42,Cash,Regular
SAL20250015544,2025-02-12,STR019,PRD00436,1,630.05,0.0,630.05,507.7,UPI,Regular
SAL20250015545,2025-02-06,STR020,PRD00302,1,486.18,0.0,486.18,225.09,UPI,Walk-in
SAL20250015546,2025-02-13,STR012,PRD00057,1,2490.08,0.05,2365.58,2005.73,Net Banking,Walk-in
SAL20250015547,2025-02-16,STR033,PRD00748,1,2656.98,0.05,2524.13,1815.38,UPI,Regular
SAL20250015548,2025-02-01,STR006,PRD00458,1,587.81,0.0,587.81,445.92,UPI,Corporate
SAL20250015549,2025-02-23,STR014,PRD00325,1,1273.47,0.0,1273.47,587.01,UPI,Regular
SAL20250015550,2025-02-10,STR008,PRD00501,4,707.96,0.0,2831.84,2189.4,Cash,Walk-in
SAL20250015551,2025-02-27,STR029,PRD01196,2,1369.18,0.05,2601.44,1193.78,Cash,Premium
SAL20250015552,2025-02-21,STR008,PRD00049,1,4540.51,0.0,4540.51,3028.11,Debit Card,Walk-in
SAL20250015553,2025-02-15,STR010,PRD00772,1,988.94,0.05,939.49,659.49,Credit Card,Walk-in
SAL20250015554,2025-02-06,STR016,PRD00349,1,152.26,0.0,152.26,83.87,Net Banking,Corporate
SAL20250015555,2025-02-20,STR007,PRD00045,1,17414.18,0.0,17414.18,13822.18,UPI,Walk-in
SAL20250015556,2025-02-20,STR031,PRD00760,1,4801.08,0.0,4801.08,3172.81,UPI,Premium
SAL20250015557,2025-02-13,STR040,PRD00789,1,4846.68,0.0,4846.68,2934.91,Cash,Regular
SAL20250015558,2025-02-20,STR028,PRD01038,4,565.57,0.05,2149.17,1213.36,Credit Card,Walk-in
SAL20250015559,2025-02-15,STR035,PRD00857,2,3027.87,0.0,6055.74,4321.68,Debit Card,Walk-in
SAL20250015560,2025-02-06,STR005,PRD00393,1,526.25,0.1,473.62,344.18,UPI,Walk-in
SAL20250015561,2025-02-08,STR040,PRD00568,1,465.88,0.0,465.88,288.31,UPI,Walk-in
SAL20250015562,2025-02-02,STR028,PRD00323,3,361.28,0.0,1083.84,564.45,Debit Card,Regular
SAL20250015563,2025-02-25,STR002,PRD00214,1,9551.75,0.0,9551.75,6869.66,UPI,Regular
SAL20250015564,2025-02-02,STR038,PRD00048,1,26663.85,0.0,26663.85,18297.1,Debit Card,Regular
SAL20250015565,2025-02-26,STR038,PRD00250,1,3877.74,0.1,3489.97,2737.07,Credit Card,Regular
SAL20250015566,2025-02-10,STR009,PRD00943,2,787.16,0.05,1495.6,1064.88,Debit Card,Walk-in
SAL20250015567,2025-02-08,STR004,PRD00444,1,347.0,0.0,347.0,285.96,UPI,Regular
SAL20250015568,2025-02-01,STR035,PRD01006,1,849.47,0.0,849.47,606.69,UPI,Corporate
SAL20250015569,2025-02-14,STR005,PRD01063,1,747.32,0.05,709.95,488.39,Net Banking,Regular
SAL20250015570,2025-02-11,STR039,PRD00317,2,1393.76,0.0,2787.52,1598.94,UPI,Walk-in
SAL20250015571,2025-02-28,STR035,PRD00423,1,256.23,0.0,256.23,213.9,UPI,Premium
SAL20250015572,2025-02-10,STR017,PRD01093,1,4476.19,0.05,4252.38,2887.02,UPI,Walk-in
SAL20250015573,2025-02-19,STR026,PRD00732,1,4150.55,0.0,4150.55,2648.51,Net Banking,Walk-in
SAL20250015574,2025-02-13,STR021,PRD00551,3,585.58,0.0,1756.74,1291.71,UPI,Premium
SAL20250015575,2025-02-15,STR020,PRD00060,2,15273.35,0.0,30546.7,21063.06,UPI,Walk-in
SAL20250015576,2025-02-28,STR012,PRD00368,1,927.52,0.0,927.52,587.93,UPI,Regular
SAL20250015577,2025-02-08,STR033,PRD00559,3,674.89,0.0,2024.67,1264.68,Cash,Walk-in
SAL20250015578,2025-02-22,STR038,PRD00059,1,15692.67,0.0,15692.67,12269.76,UPI,Walk-in
SAL20250015579,2025-02-06,STR017,PRD00428,4,311.12,0.05,1182.26,979.0,Credit Card,Walk-in
SAL20250015580,2025-02-18,STR026,PRD00381,3,931.15,0.0,2793.45,1593.84,Debit Card,Walk-in
SAL20250015581,2025-02-07,STR018,PRD00928,2,2503.87,0.0,5007.74,3625.06,UPI,Corporate
SAL20250015582,2025-02-01,STR027,PRD00426,2,496.18,0.0,992.36,831.74,Debit Card,Premium
SAL20250015583,2025-02-18,STR011,PRD00109,1,12280.41,0.0,12280.41,9316.5,UPI,Regular
SAL20250015584,2025-02-26,STR029,PRD01005,5,682.39,0.0,3411.95,2378.5,Cash,Walk-in
SAL20250015585,2025-02-19,STR028,PRD00537,3,133.85,0.0,401.55,236.34,Net Banking,Regular
SAL20250015586,2025-02-27,STR013,PRD00625,2,629.94,0.0,1259.88,865.82,Debit Card,Premium
SAL20250015587,2025-02-20,STR020,PRD00160,1,7937.44,0.0,7937.44,4808.49,Credit Card,Walk-in
SAL20250015588,2025-02-06,STR028,PRD01035,2,199.19,0.0,398.38,250.14,UPI,Walk-in
SAL20250015589,2025-02-20,STR007,PRD00997,1,893.9,0.1,804.51,624.69,UPI,Walk-in
SAL20250015590,2025-02-09,STR024,PRD00084,2,11056.09,0.0,22112.18,16587.54,UPI,Walk-in
SAL20250015591,2025-02-10,STR034,PRD01066,2,424.4,0.05,806.36,505.98,UPI,Premium
SAL20250015592,2025-02-05,STR024,PRD00458,1,587.81,0.1,529.03,445.92,UPI,Regular
SAL20250015593,2025-02-11,STR033,PRD00598,1,173.87,0.0,173.87,122.49,UPI,Walk-in
SAL20250015594,2025-02-28,STR006,PRD01003,1,278.9,0.0,278.9,146.32,UPI,Walk-in
SAL20250015595,2025-02-16,STR003,PRD00844,2,3943.03,0.0,7886.06,4449.14,Credit Card,Regular
SAL20250015596,2025-02-16,STR001,PRD00473,3,113.62,0.0,340.86,284.49,UPI,Walk-in
SAL20250015597,2025-02-05,STR030,PRD00538,4,57.89,0.0,231.56,167.12,Credit Card,Walk-in
SAL20250015598,2025-02-10,STR006,PRD00240,2,10596.37,0.05,20133.1,14781.46,Debit Card,Walk-in
SAL20250015599,2025-02-03,STR014,PRD01086,1,5541.98,0.0,5541.98,3222.42,UPI,Walk-in
SAL20250015600,2025-02-26,STR012,PRD00771,1,2601.02,0.05,2470.97,1436.13,Credit Card,Regular
SAL20250015601,2025-02-12,STR032,PRD01157,2,8076.82,0.0,16153.64,8530.82,UPI,Regular
SAL20250015602,2025-02-13,STR015,PRD01129,2,691.29,0.05,1313.45,562.24,UPI,Regular
SAL20250015603,2025-02-02,STR032,PRD01190,2,7433.72,0.0,14867.44,7540.62,Credit Card,Premium
SAL20250015604,2025-02-01,STR041,PRD00115,1,5778.27,0.05,5489.36,4176.17,UPI,Regular
SAL20250015605,2025-02-02,STR036,PRD01170,3,1269.68,0.0,3809.04,2084.7,Credit Card,Walk-in
SAL20250015606,2025-02-11,STR040,PRD00246,1,1945.93,0.0,1945.93,1239.78,UPI,Regular
SAL20250015607,2025-02-17,STR009,PRD00184,1,3565.48,0.0,3565.48,2588.7,Debit Card,Premium
SAL20250015608,2025-02-24,STR033,PRD00540,1,550.54,0.0,550.54,388.62,UPI,Premium
SAL20250015609,2025-02-24,STR029,PRD00345,4,670.76,0.1,2414.74,1575.52,UPI,Walk-in
SAL20250015610,2025-02-26,STR005,PRD00573,4,44.75,0.1,161.1,107.8,Cash,Regular
SAL20250015611,2025-02-26,STR014,PRD00879,1,2290.26,0.0,2290.26,1614.23,UPI,Regular
SAL20250015612,2025-02-22,STR037,PRD00357,1,1112.32,0.1,1001.09,676.9,Cash,Regular
SAL20250015613,2025-02-21,STR003,PRD01044,2,762.23,0.0,1524.46,1088.96,UPI,Premium
SAL20250015614,2025-02-03,STR004,PRD00577,1,262.74,0.0,262.74,189.28,UPI,Regular
SAL20250015615,2025-02-17,STR019,PRD00764,1,3332.71,0.0,3332.71,1836.11,UPI,Regular
SAL20250015616,2025-02-17,STR018,PRD00290,3,747.46,0.0,2242.38,1434.96,UPI,Regular
SAL20250015617,2025-02-09,STR039,PRD00227,1,5367.28,0.0,5367.28,3567.65,UPI,Walk-in
SAL20250015618,2025-02-19,STR015,PRD01082,1,1474.53,0.0,1474.53,797.26,Net Banking,Premium
SAL20250015619,2025-02-26,STR027,PRD00823,1,2558.98,0.0,2558.98,1717.69,Credit Card,Regular
SAL20250015620,2025-02-07,STR036,PRD00716,1,1780.84,0.0,1780.84,1007.46,UPI,Regular
SAL20250015621,2025-02-18,STR032,PRD00496,2,1047.75,0.0,2095.5,1804.88,UPI,Walk-in
SAL20250015622,2025-02-08,STR029,PRD00150,1,1288.03,0.0,1288.03,897.46,Debit Card,Regular
SAL20250015623,2025-02-15,STR019,PRD00719,1,4808.67,0.0,4808.67,2759.21,UPI,Regular
SAL20250015624,2025-02-24,STR006,PRD00738,1,984.8,0.0,984.8,687.04,UPI,Premium
SAL20250015625,2025-02-07,STR012,PRD00108,1,22607.14,0.0,22607.14,15802.22,UPI,Walk-in
SAL20250015626,2025-02-10,STR012,PRD00853,1,3236.74,0.05,3074.9,1868.14,UPI,Premium
SAL20250015627,2025-02-08,STR013,PRD00739,3,2279.96,0.0,6839.88,4624.26,UPI,Walk-in
SAL20250015628,2025-02-13,STR019,PRD01187,1,5464.91,0.0,5464.91,3354.99,UPI,Walk-in
SAL20250015629,2025-02-06,STR026,PRD01127,2,730.99,0.0,1461.98,638.78,Credit Card,Regular
SAL20250015630,2025-02-08,STR004,PRD00029,1,24663.79,0.0,24663.79,16157.43,Cash,Walk-in
SAL20250015631,2025-02-03,STR009,PRD01049,1,225.77,0.1,203.19,137.88,Cash,Walk-in
SAL20250015632,2025-02-14,STR035,PRD00512,1,151.51,0.0,151.51,115.8,Credit Card,Walk-in
SAL20250015633,2025-02-03,STR028,PRD01028,1,93.34,0.0,93.34,48.1,UPI,Regular
SAL20250015634,2025-02-21,STR021,PRD00743,1,1675.83,0.0,1675.83,1131.56,Net Banking,Premium
SAL20250015635,2025-02-01,STR024,PRD00867,3,798.49,0.0,2395.47,1373.28,Debit Card,Regular
SAL20250015636,2025-02-17,STR011,PRD01041,3,954.2,0.0,2862.6,1598.43,UPI,Premium
SAL20250015637,2025-02-05,STR027,PRD00405,4,917.35,0.0,3669.4,3215.44,UPI,Regular
SAL20250015638,2025-02-19,STR028,PRD00621,6,335.41,0.0,2012.46,1412.58,Credit Card,Walk-in
SAL20250015639,2025-02-10,STR010,PRD00289,1,1047.34,0.0,1047.34,607.0,UPI,Premium
SAL20250015640,2025-02-09,STR033,PRD00810,1,406.14,0.0,406.14,261.1,Credit Card,Walk-in
SAL20250015641,2025-02-04,STR036,PRD00999,1,1102.59,0.0,1102.59,586.85,Credit Card,Walk-in
SAL20250015642,2025-02-26,STR039,PRD00731,1,2513.85,0.05,2388.16,1582.05,UPI,Walk-in
SAL20250015643,2025-02-11,STR014,PRD00674,1,2861.74,0.0,2861.74,1590.59,Net Banking,Regular
SAL20250015644,2025-02-20,STR008,PRD01116,2,792.37,0.0,1584.74,792.64,Credit Card,Regular
SAL20250015645,2025-02-12,STR005,PRD00139,1,2949.49,0.0,2949.49,1812.36,UPI,Walk-in
SAL20250015646,2025-02-14,STR017,PRD00988,1,774.65,0.05,735.92,532.5,Cash,Regular
SAL20250015647,2025-02-17,STR024,PRD00228,1,4421.9,0.1,3979.71,2982.31,Cash,Walk-in
SAL20250015648,2025-02-01,STR008,PRD00105,1,9145.0,0.0,9145.0,7010.14,Debit Card,Walk-in
SAL20250015649,2025-02-03,STR004,PRD00558,4,353.1,0.0,1412.4,973.2,Credit Card,Premium
SAL20250015650,2025-02-17,STR022,PRD01130,1,3164.31,0.0,3164.31,1889.64,Credit Card,Walk-in
SAL20250015651,2025-02-23,STR015,PRD00469,4,499.21,0.0,1996.84,1557.8,UPI,Regular
SAL20250015652,2025-02-12,STR004,PRD00089,2,24330.95,0.0,48661.9,36801.28,UPI,Regular
SAL20250015653,2025-02-22,STR022,PRD00854,2,2355.83,0.1,4240.49,2935.86,UPI,Regular
SAL20250015654,2025-02-07,STR005,PRD00834,1,1440.43,0.0,1440.43,915.49,Debit Card,Regular
SAL20250015655,2025-02-07,STR041,PRD00793,1,2445.38,0.05,2323.11,1405.41,UPI,Premium
SAL20250015656,2025-02-02,STR005,PRD00734,2,817.34,0.05,1552.95,939.58,UPI,Regular
SAL20250015657,2025-02-15,STR029,PRD00130,1,17171.37,0.0,17171.37,12882.58,UPI,Walk-in
SAL20250015658,2025-02-03,STR041,PRD00150,3,1288.03,0.0,3864.09,2692.38,UPI,Regular
SAL20250015659,2025-02-06,STR003,PRD00146,1,5953.14,0.0,5953.14,4155.91,Credit Card,Regular
SAL20250015660,2025-02-07,STR028,PRD00775,1,3571.78,0.0,3571.78,1976.55,UPI,Regular
SAL20250015661,2025-02-08,STR040,PRD01110,1,1048.97,0.0,1048.97,581.11,UPI,Walk-in
SAL20250015662,2025-02-13,STR025,PRD00235,1,11077.6,0.0,11077.6,6683.62,Credit Card,Premium
SAL20250015663,2025-02-16,STR034,PRD00629,1,197.41,0.0,197.41,137.09,UPI,Regular
SAL20250015664,2025-02-05,STR037,PRD00377,1,1177.54,0.05,1118.66,822.72,Credit Card,Walk-in
SAL20250015665,2025-02-28,STR029,PRD00728,1,5071.72,0.0,5071.72,3009.63,Credit Card,Walk-in
SAL20250015666,2025-02-03,STR041,PRD01035,6,199.19,0.0,1195.14,750.42,Debit Card,Walk-in
SAL20250015667,2025-02-06,STR034,PRD01131,1,6280.13,0.05,5966.12,3425.53,Cash,Walk-in
SAL20250015668,2025-02-14,STR013,PRD00849,1,315.58,0.0,315.58,211.78,Cash,Premium
SAL20250015669,2025-02-20,STR019,PRD00880,2,430.21,0.0,860.42,587.88,UPI,Regular
SAL20250015670,2025-02-04,STR017,PRD00099,1,19924.5,0.0,19924.5,14858.06,Debit Card,Walk-in
SAL20250015671,2025-02-09,STR041,PRD00592,1,365.4,0.0,365.4,218.29,Cash,Walk-in
SAL20250015672,2025-02-04,STR037,PRD00357,1,1112.32,0.1,1001.09,676.9,UPI,Walk-in
SAL20250015673,2025-02-28,STR037,PRD00069,1,11744.39,0.0,11744.39,7701.34,UPI,Walk-in
SAL20250015674,2025-02-11,STR001,PRD00462,2,271.55,0.0,543.1,410.52,Cash,Regular
SAL20250015675,2025-02-11,STR001,PRD00471,1,607.66,0.0,607.66,495.35,UPI,Walk-in
SAL20250015676,2025-02-09,STR018,PRD00385,2,460.87,0.0,921.74,557.04,Credit Card,Regular
SAL20250015677,2025-02-03,STR022,PRD00572,1,728.84,0.0,728.84,468.84,UPI,Regular
SAL20250015678,2025-02-17,STR033,PRD01010,1,762.29,0.0,762.29,399.52,UPI,Regular
SAL20250015679,2025-02-07,STR041,PRD00394,3,327.5,0.0,982.5,655.53,UPI,Regular
SAL20250015680,2025-02-16,STR003,PRD00511,1,709.29,0.0,709.29,559.18,UPI,Walk-in
SAL20250015681,2025-02-22,STR012,PRD01151,4,7065.61,0.1,25436.2,13497.44,Debit Card,Walk-in
SAL20250015682,2025-02-27,STR003,PRD01026,5,512.0,0.0,2560.0,1709.75,Credit Card,Regular
SAL20250015683,2025-02-05,STR026,PRD00429,1,725.58,0.0,725.58,550.01,Credit Card,Regular
SAL20250015684,2025-02-28,STR026,PRD01103,2,5704.94,0.0,11409.88,4785.44,UPI,Walk-in
SAL20250015685,2025-02-25,STR040,PRD01035,4,199.19,0.0,796.76,500.28,UPI,Regular
SAL20250015686,2025-02-17,STR021,PRD00260,1,8853.62,0.0,8853.62,5607.87,Cash,Regular
SAL20250015687,2025-02-16,STR031,PRD00173,1,9167.15,0.1,8250.43,5751.32,UPI,Premium
SAL20250015688,2025-02-06,STR017,PRD00482,1,411.59,0.0,411.59,344.12,UPI,Walk-in
SAL20250015689,2025-02-01,STR035,PRD00736,2,1942.77,0.0,3885.54,2483.1,UPI,Regular
SAL20250015690,2025-02-11,STR016,PRD01164,1,2114.79,0.0,2114.79,1108.71,Cash,Premium
SAL20250015691,2025-02-18,STR017,PRD00938,2,622.57,0.0,1245.14,654.66,Credit Card,Regular
SAL20250015692,2025-02-24,STR025,PRD01152,2,2969.91,0.0,5939.82,2757.4,Debit Card,Walk-in
SAL20250015693,2025-02-06,STR028,PRD00769,4,1757.79,0.1,6328.04,4968.68,UPI,Walk-in
SAL20250015694,2025-02-19,STR032,PRD00318,2,184.33,0.0,368.66,237.54,Cash,Corporate
SAL20250015695,2025-02-06,STR031,PRD00016,3,12816.4,0.0,38449.2,28300.71,Credit Card,Walk-in
SAL20250015696,2025-02-28,STR024,PRD00619,3,215.37,0.0,646.11,417.99,UPI,Regular
SAL20250015697,2025-02-20,STR007,PRD00209,1,4015.2,0.0,4015.2,2717.92,Credit Card,Premium
SAL20250015698,2025-02-23,STR014,PRD00092,1,6575.52,0.0,6575.52,4677.68,Credit Card,Walk-in
SAL20250015699,2025-02-12,STR036,PRD00420,4,876.02,0.0,3504.08,2970.28,UPI,Regular
SAL20250015700,2025-02-26,STR014,PRD00063,2,19546.78,0.0,39093.56,26893.94,UPI,Walk-in
SAL20250015701,2025-02-10,STR040,PRD00498,1,178.55,0.0,178.55,138.15,UPI,Regular
SAL20250015702,2025-02-03,STR025,PRD00718,1,2341.08,0.05,2224.03,1675.99,Credit Card,Regular
SAL20250015703,2025-02-01,STR041,PRD01133,3,8197.9,0.05,23364.01,11295.06,Credit Card,Walk-in
SAL20250015704,2025-02-15,STR025,PRD00721,1,2330.52,0.1,2097.47,1727.63,UPI,Regular
SAL20250015705,2025-02-21,STR011,PRD00555,1,381.92,0.0,381.92,219.79,UPI,Corporate
SAL20250015706,2025-02-11,STR039,PRD00089,1,24330.95,0.0,24330.95,18400.64,Cash,Regular
SAL20250015707,2025-02-18,STR018,PRD00141,1,2559.21,0.0,2559.21,1944.29,UPI,Premium
SAL20250015708,2025-02-11,STR014,PRD00954,1,1090.11,0.05,1035.6,614.96,Credit Card,Corporate
SAL20250015709,2025-02-08,STR018,PRD00495,1,212.14,0.0,212.14,164.27,Cash,Regular
SAL20250015710,2025-02-25,STR017,PRD00419,2,950.16,0.0,1900.32,1527.84,UPI,Premium
SAL20250015711,2025-02-25,STR024,PRD00584,3,232.29,0.0,696.87,427.05,UPI,Walk-in
SAL20250015712,2025-02-21,STR020,PRD00725,3,2084.99,0.0,6254.97,4535.07,Credit Card,Walk-in
SAL20250015713,2025-02-04,STR017,PRD00630,2,612.41,0.0,1224.82,722.9,Credit Card,Regular
SAL20250015714,2025-02-01,STR026,PRD00005,1,25382.71,0.05,24113.57,18438.86,UPI,Walk-in
SAL20250015715,2025-02-13,STR028,PRD00550,4,639.85,0.05,2431.43,1459.68,UPI,Walk-in
SAL20250015716,2025-02-01,STR021,PRD00858,2,1066.62,0.0,2133.24,1390.32,UPI,Walk-in
SAL20250015717,2025-02-13,STR029,PRD01093,2,4476.19,0.1,8057.14,5774.04,Credit Card,Regular
SAL20250015718,2025-02-27,STR035,PRD00176,1,4757.11,0.0,4757.11,2887.26,Debit Card,Regular
SAL20250015719,2025-02-15,STR016,PRD00630,5,612.41,0.0,3062.05,1807.25,UPI,Regular
SAL20250015720,2025-02-11,STR027,PRD00286,1,390.77,0.0,390.77,253.34,Credit Card,Premium
SAL20250015721,2025-02-20,STR014,PRD00565,4,107.78,0.0,431.12,245.92,Credit Card,Regular
SAL20250015722,2025-02-19,STR017,PRD00870,3,2808.24,0.0,8424.72,4856.04,Cash,Walk-in
SAL20250015723,2025-02-08,STR013,PRD00127,2,14293.97,0.05,27158.54,21134.16,UPI,Premium
SAL20250015724,2025-02-13,STR008,PRD00826,-1,174.23,0.0,-174.23,120.2,UPI,Regular
SAL20250015725,2025-02-16,STR032,PRD00948,1,38.1,0.0,38.1,26.55,UPI,Walk-in
SAL20250015726,2025-02-03,STR034,PRD00997,4,893.9,0.0,3575.6,2498.76,Credit Card,Regular
SAL20250015727,2025-02-26,STR027,PRD00211,1,6731.6,0.0,6731.6,4925.05,Credit Card,Walk-in
SAL20250015728,2025-02-23,STR040,PRD00794,1,5386.59,0.0,5386.59,3160.43,Debit Card,Regular
SAL20250015729,2025-02-27,STR015,PRD00752,1,4535.72,0.0,4535.72,3022.89,UPI,Regular
SAL20250015730,2025-02-18,STR037,PRD00625,1,629.94,0.0,629.94,432.91,Debit Card,Corporate
SAL20250015731,2025-02-06,STR028,PRD00178,2,9669.95,0.1,17405.91,13899.46,Debit Card,Walk-in
SAL20250015732,2025-02-17,STR024,PRD00962,3,708.41,0.05,2018.97,1187.04,Credit Card,Walk-in
SAL20250015733,2025-02-26,STR008,PRD01084,1,10498.54,0.1,9448.69,4211.39,Debit Card,Walk-in
SAL20250015734,2025-02-04,STR017,PRD00234,2,3859.31,0.0,7718.62,4748.08,Debit Card,Regular
SAL20250015735,2025-02-10,STR015,PRD00194,3,5905.12,0.05,16829.59,12420.78,Net Banking,Regular
SAL20250015736,2025-02-27,STR008,PRD00945,6,871.49,0.0,5228.94,3301.44,UPI,Regular
SAL20250015737,2025-02-05,STR020,PRD00836,2,605.3,0.0,1210.6,816.24,Cash,Corporate
SAL20250015738,2025-02-19,STR021,PRD00257,1,3131.42,0.0,3131.42,2145.77,Debit Card,Regular
SAL20250015739,2025-02-25,STR029,PRD01034,5,310.11,0.1,1395.5,1088.6,Credit Card,Walk-in
SAL20250015740,2025-02-27,STR021,PRD00666,1,224.43,0.0,224.43,162.71,Credit Card,Regular
SAL20250015741,2025-02-13,STR008,PRD00459,2,918.25,0.0,1836.5,1470.02,Debit Card,Regular
SAL20250015742,2025-02-12,STR024,PRD00984,5,34.1,0.0,170.5,100.1,UPI,Regular
SAL20250015743,2025-02-15,STR001,PRD00432,1,845.55,0.0,845.55,647.04,UPI,Walk-in
SAL20250015744,2025-02-20,STR003,PRD00820,1,2007.6,0.0,2007.6,1177.18,Cash,Walk-in
SAL20250015745,2025-02-13,STR025,PRD01200,4,1804.12,0.05,6855.66,3463.2,Debit Card,Regular
SAL20250015746,2025-02-05,STR011,PRD00292,2,975.97,0.0,1951.94,983.34,Cash,Corporate
SAL20250015747,2025-02-26,STR019,PRD01069,2,2127.71,0.0,4255.42,2167.7,UPI,Regular
SAL20250015748,2025-02-11,STR016,PRD00874,1,3195.38,0.0,3195.38,2332.48,Net Banking,Corporate
SAL20250015749,2025-02-26,STR023,PRD00845,1,2226.26,0.0,2226.26,1523.41,UPI,Walk-in
SAL20250015750,2025-02-09,STR025,PRD00522,1,1139.79,0.05,1082.8,875.83,UPI,Walk-in
SAL20250015751,2025-02-07,STR040,PRD00920,1,2715.99,0.0,2715.99,1534.46,Net Banking,Walk-in
SAL20250015752,2025-02-21,STR024,PRD00761,1,367.88,0.0,367.88,269.21,UPI,Regular
SAL20250015753,2025-02-08,STR041,PRD00071,1,14423.02,0.1,12980.72,9605.63,UPI,Walk-in
SAL20250015754,2025-02-11,STR027,PRD00427,1,558.44,0.0,558.44,484.26,Net Banking,Premium
SAL20250015755,2025-02-05,STR020,PRD00912,3,532.47,0.0,1597.41,918.9,Debit Card,Corporate
SAL20250015756,2025-02-07,STR033,PRD00880,3,430.21,0.0,1290.63,881.82,UPI,Regular
SAL20250015757,2025-02-07,STR006,PRD00760,1,4801.08,0.0,4801.08,3172.81,Credit Card,Regular
SAL20250015758,2025-02-04,STR002,PRD00216,1,11614.64,0.0,11614.64,7226.78,Debit Card,Premium
SAL20250015759,2025-02-15,STR037,PRD00234,1,3859.31,0.0,3859.31,2374.04,UPI,Walk-in
SAL20250015760,2025-02-21,STR034,PRD00293,1,859.61,0.0,859.61,442.5,UPI,Premium
SAL20250015761,2025-02-23,STR014,PRD00357,2,1112.32,0.0,2224.64,1353.8,UPI,Regular
SAL20250015762,2025-02-21,STR029,PRD00305,3,1134.36,0.1,3062.77,1845.9,UPI,Regular
SAL20250015763,2025-02-27,STR010,PRD01110,2,1048.97,0.0,2097.94,1162.22,Debit Card,Walk-in
SAL20250015764,2025-02-08,STR015,PRD00918,1,2741.1,0.0,2741.1,1987.44,Credit Card,Walk-in
SAL20250015765,2025-02-04,STR011,PRD00991,3,894.61,0.0,2683.83,1543.59,Credit Card,Regular
SAL20250015766,2025-02-07,STR010,PRD00406,1,663.68,0.0,663.68,533.06,Debit Card,Walk-in
SAL20250015767,2025-02-16,STR030,PRD00832,2,1859.75,0.0,3719.5,2740.56,UPI,Premium
SAL20250015768,2025-02-22,STR001,PRD01006,1,849.47,0.0,849.47,606.69,UPI,Regular
SAL20250015769,2025-02-08,STR037,PRD00766,3,1923.71,0.0,5771.13,4103.97,Credit Card,Walk-in
SAL20250015770,2025-02-10,STR028,PRD00444,3,347.0,0.05,988.95,857.88,Cash,Walk-in
SAL20250015771,2025-02-27,STR011,PRD00127,1,14293.97,0.0,14293.97,10567.08,Credit Card,Corporate
SAL20250015772,2025-02-06,STR025,PRD00159,1,4881.58,0.0,4881.58,3676.52,UPI,Walk-in
SAL20250015773,2025-02-13,STR026,PRD00315,2,452.88,0.0,905.76,562.88,UPI,Regular
SAL20250015774,2025-02-17,STR017,PRD00959,2,664.61,0.0,1329.22,805.38,Credit Card,Regular
SAL20250015775,2025-02-03,STR035,PRD00264,1,4452.38,0.0,4452.38,3172.04,UPI,Walk-in
SAL20250015776,2025-02-11,STR012,PRD01055,1,428.04,0.0,428.04,266.57,UPI,Walk-in
SAL20250015777,2025-02-27,STR013,PRD00211,1,6731.6,0.0,6731.6,4925.05,UPI,Regular
SAL20250015778,2025-02-05,STR016,PRD01150,1,4074.75,0.0,4074.75,2372.04,Cash,Regular
SAL20250015779,2025-02-09,STR003,PRD00997,1,893.9,0.0,893.9,624.69,Credit Card,Walk-in
SAL20250015780,2025-02-24,STR017,PRD00585,3,401.86,0.0,1205.58,868.95,Credit Card,Regular
SAL20250015781,2025-02-22,STR012,PRD00624,2,124.7,0.0,249.4,174.16,Credit Card,Walk-in
SAL20250015782,2025-02-04,STR032,PRD00211,1,6731.6,0.1,6058.44,4925.05,Credit Card,Regular
SAL20250015783,2025-02-17,STR025,PRD01177,1,2791.89,0.0,2791.89,1594.63,UPI,Walk-in
SAL20250015784,2025-02-04,STR010,PRD00044,1,3159.2,0.05,3001.24,2114.03,Debit Card,Walk-in
SAL20250015785,2025-02-16,STR024,PRD01118,1,5734.69,0.0,5734.69,3371.1,UPI,Premium
SAL20250015786,2025-02-25,STR030,PRD00418,3,378.6,0.0,1135.8,946.29,Credit Card,Walk-in
SAL20250015787,2025-02-05,STR018,PRD00287,1,550.08,0.0,550.08,274.34,UPI,Walk-in
SAL20250015788,2025-02-08,STR012,PRD00213,1,7822.44,0.0,7822.44,5597.11,UPI,Regular
SAL20250015789,2025-02-07,STR038,PRD00744,1,4365.48,0.0,4365.48,2879.4,Debit Card,Regular
SAL20250015790,2025-02-06,STR023,PRD00669,1,3235.01,0.0,3235.01,1886.76,UPI,Regular
SAL20250015791,2025-02-24,STR019,PRD00141,1,2559.21,0.0,2559.21,1944.29,Debit Card,Corporate
SAL20250015792,2025-02-02,STR009,PRD00161,1,9190.04,0.0,9190.04,7015.28,UPI,Regular
SAL20250015793,2025-02-23,STR041,PRD00737,2,1053.41,0.0,2106.82,1506.74,UPI,Premium
SAL20250015794,2025-02-05,STR008,PRD00762,3,1596.23,0.0,4788.69,2729.58,Credit Card,Regular
SAL20250015795,2025-02-12,STR021,PRD00712,1,1580.0,0.0,1580.0,947.15,UPI,Regular
SAL20250015796,2025-02-20,STR025,PRD00594,1,129.17,0.0,129.17,81.33,Credit Card,Regular
SAL20250015797,2025-02-28,STR037,PRD00400,1,920.96,0.0,920.96,551.48,Credit Card,Regular
SAL20250015798,2025-02-06,STR001,PRD00950,4,184.59,0.0,738.36,509.24,Credit Card,Premium
SAL20250015799,2025-02-26,STR013,PRD00308,2,373.95,0.1,673.11,521.14,UPI,Regular
SAL20250015800,2025-02-10,STR039,PRD01116,1,792.37,0.0,792.37,396.32,Cash,Walk-in
SAL20250015801,2025-02-04,STR037,PRD00249,1,4858.0,0.0,4858.0,3416.15,UPI,Walk-in
SAL20250015802,2025-02-19,STR004,PRD00973,5,291.44,0.0,1457.2,784.55,UPI,Walk-in
SAL20250015803,2025-02-14,STR018,PRD00848,1,2441.1,0.0,2441.1,1616.32,Credit Card,Walk-in
SAL20250015804,2025-02-08,STR012,PRD00262,1,10754.4,0.0,10754.4,8063.44,UPI,Regular
SAL20250015805,2025-02-06,STR012,PRD00575,4,90.77,0.0,363.08,268.32,UPI,Regular
SAL20250015806,2025-02-18,STR008,PRD00434,4,648.17,0.0,2592.68,2155.16,Credit Card,Walk-in
SAL20250015807,2025-02-18,STR025,PRD01035,4,199.19,0.0,796.76,500.28,Debit Card,Regular
SAL20250015808,2025-02-17,STR016,PRD01131,1,6280.13,0.0,6280.13,3425.53,UPI,Regular
SAL20250015809,2025-02-19,STR009,PRD00893,1,963.04,0.0,963.04,603.05,UPI,Regular
SAL20250015810,2025-02-08,STR022,PRD00607,3,313.72,0.0,941.16,544.05,Cash,Premium
SAL20250015811,2025-02-27,STR023,PRD00268,1,1061.68,0.0,1061.68,520.26,Credit Card,Regular
SAL20250015812,2025-02-04,STR039,PRD00442,2,148.56,0.0,297.12,239.4,UPI,Walk-in
SAL20250015813,2025-02-27,STR018,PRD01188,1,2837.24,0.05,2695.38,1686.24,UPI,Walk-in
SAL20250015814,2025-02-25,STR037,PRD00825,1,2419.3,0.0,2419.3,1402.49,UPI,Walk-in
SAL20250015815,2025-02-12,STR005,PRD00464,3,598.64,0.0,1795.92,1375.47,UPI,Corporate
SAL20250015816,2025-02-26,STR002,PRD00613,4,239.41,0.1,861.88,714.44,UPI,Regular
SAL20250015817,2025-02-01,STR037,PRD01028,1,93.34,0.0,93.34,48.1,Cash,Walk-in
SAL20250015818,2025-02-18,STR018,PRD00516,4,653.26,0.0,2613.04,2010.24,UPI,Regular
SAL20250015819,2025-02-03,STR027,PRD00268,1,1061.68,0.0,1061.68,520.26,Credit Card,Regular
SAL20250015820,2025-02-28,STR028,PRD00096,1,1587.91,0.0,1587.91,1154.69,UPI,Walk-in
SAL20250015821,2025-02-28,STR015,PRD00216,1,11614.64,0.1,10453.18,7226.78,UPI,Regular
SAL20250015822,2025-02-05,STR001,PRD00380,1,304.64,0.0,304.64,210.5,Credit Card,Regular
SAL20250015823,2025-02-16,STR013,PRD00966,1,814.75,0.0,814.75,526.45,Credit Card,Walk-in
SAL20250015824,2025-02-20,STR008,PRD00416,1,833.51,0.0,833.51,691.79,Debit Card,Corporate
SAL20250015825,2025-02-05,STR011,PRD00254,2,11020.14,0.0,22040.28,13552.42,UPI,Walk-in
SAL20250015826,2025-02-08,STR029,PRD00739,2,2279.96,0.0,4559.92,3082.84,Credit Card,Walk-in
SAL20250015827,2025-02-15,STR005,PRD01097,1,4205.24,0.0,4205.24,2054.25,UPI,Regular
SAL20250015828,2025-02-21,STR032,PRD00579,1,398.71,0.0,398.71,292.17,UPI,Regular
SAL20250015829,2025-02-23,STR031,PRD00011,2,13229.12,0.0,26458.24,19669.38,Cash,Premium
SAL20250015830,2025-02-21,STR010,PRD00888,2,2557.48,0.0,5114.96,3450.08,Credit Card,Regular
SAL20250015831,2025-02-04,STR016,PRD00467,1,528.8,0.0,528.8,453.05,Cash,Walk-in
SAL20250015832,2025-02-02,STR031,,3,4150.55,0.0,12451.65,7945.53,Debit Card,Premium
SAL20250015833,2025-02-27,STR019,PRD00469,1,499.21,0.0,499.21,389.45,Debit Card,Regular
SAL20250015834,2025-02-07,STR010,PRD00767,1,2122.92,0.0,2122.92,1557.14,UPI,Premium
SAL20250015835,2025-02-14,STR038,PRD00348,1,1231.54,0.0,1231.54,694.06,Credit Card,Regular
SAL20250015836,2025-02-15,STR010,PRD01175,2,2568.19,0.0,5136.38,3145.4,Credit Card,Regular
SAL20250015837,2025-02-15,STR023,PRD00774,1,2102.71,0.05,1997.57,1549.27,UPI,Regular
SAL20250015838,2025-02-03,STR017,PRD00628,4,365.09,0.0,1460.36,843.24,UPI,Regular
SAL20250015839,2025-02-08,STR018,PRD01151,3,7065.61,0.0,21196.83,10123.08,UPI,Corporate
SAL20250015840,2025-02-28,STR016,PRD00563,2,667.75,0.0,1335.5,867.12,UPI,Regular
SAL20250015841,2025-02-04,STR040,PRD00148,1,6813.06,0.0,6813.06,4694.28,Net Banking,Premium
SAL20250015842,2025-02-20,STR036,PRD00151,1,5709.55,0.0,5709.55,3733.65,Debit Card,Regular
SAL20250015843,2025-02-23,STR034,PRD00155,1,2214.51,0.05,2103.78,1652.19,UPI,Walk-in
SAL20250015844,2025-02-22,STR010,PRD00081,1,19888.54,0.0,19888.54,13106.38,Cash,Walk-in
SAL20250015845,2025-02-27,STR012,PRD00453,1,1257.16,0.0,1257.16,946.37,UPI,Regular
SAL20250015846,2025-02-27,STR004,PRD00158,1,3798.87,0.0,3798.87,2582.44,Credit Card,Regular
SAL20250015847,2025-02-10,STR026,PRD00798,2,1720.26,0.0,3440.52,1923.1,UPI,Walk-in
SAL20250015848,2025-02-21,STR024,PRD01190,3,7433.72,0.0,22301.16,11310.93,UPI,Corporate
SAL20250015849,2025-02-24,STR007,PRD00878,1,1229.84,0.0,1229.84,796.56,UPI,Premium
SAL20250015850,2025-02-25,STR007,PRD00184,1,3565.48,0.0,3565.48,2588.7,UPI,Regular
SAL20250015851,2025-02-25,STR022,PRD00773,1,733.06,0.0,733.06,518.45,Credit Card,Walk-in
SAL20250015852,2025-02-08,STR023,PRD00331,1,133.4,0.1,120.06,89.83,UPI,Walk-in
SAL20250015853,2025-02-12,STR010,PRD00235,1,11077.6,0.0,11077.6,6683.62,Debit Card,Walk-in
SAL20250015854,2025-02-07,STR035,PRD00554,1,805.55,0.1,725.0,466.41,UPI,Walk-in
SAL20250015855,2025-02-02,STR028,PRD00970,2,370.51,0.0,741.02,479.54,UPI,Corporate
SAL20250015856,2025-02-03,STR032,PRD01095,1,4795.88,0.0,4795.88,2620.97,Debit Card,Regular
SAL20250015857,2025-02-01,STR034,PRD00155,2,2214.51,0.0,4429.02,3304.38,Net Banking,Regular
SAL20250015858,2025-02-07,STR026,PRD00772,1,988.94,0.0,988.94,659.49,UPI,Walk-in
SAL20250015859,2025-02-10,STR025,PRD00860,1,694.13,0.0,694.13,417.51,Credit Card,Regular
SAL20250015860,2025-02-08,STR015,PRD00484,1,678.16,0.0,678.16,567.54,UPI,Walk-in
SAL20250015861,2025-02-10,STR013,PRD01159,2,3270.67,0.0,6541.34,2998.52,Net Banking,Regular
SAL20250015862,2025-02-10,STR036,PRD00309,2,1344.75,0.0,2689.5,1274.3,Debit Card,Regular
SAL20250015863,2025-02-11,STR020,PRD00437,1,320.21,0.05,304.2,271.12,UPI,Regular
SAL20250015864,2025-02-10,STR003,PRD00672,2,4427.9,0.05,8413.01,6027.68,UPI,Walk-in
SAL20250015865,2025-02-13,STR009,PRD00932,2,479.96,0.0,959.92,587.98,Credit Card,Corporate
SAL20250015866,2025-02-09,STR017,PRD00064,1,2458.4,0.0,2458.4,1830.7,Credit Card,Premium
SAL20250015867,2025-02-19,STR040,PRD00209,1,4015.2,0.0,4015.2,2717.92,UPI,Premium
SAL20250015868,2025-02-11,STR005,PRD00874,1,3195.38,0.0,3195.38,2332.48,UPI,Regular
SAL20250015869,2025-02-05,STR032,PRD00994,4,1224.56,0.0,4898.24,2532.76,Credit Card,Regular
SAL20250015870,2025-02-12,STR001,PRD00240,1,10596.37,0.0,10596.37,7390.73,Cash,Regular
SAL20250015871,2025-02-03,STR006,PRD00032,1,19217.6,0.0,19217.6,14800.0,UPI,Corporate
SAL20250015872,2025-02-25,STR027,PRD00948,2,38.1,0.0,76.2,53.1,Credit Card,Regular
SAL20250015873,2025-02-07,STR025,PRD01160,2,7696.75,0.0,15393.5,6981.68,UPI,Regular
SAL20250015874,2025-02-22,STR001,PRD00453,2,1257.16,0.0,2514.32,1892.74,Debit Card,Walk-in
SAL20250015875,2025-02-23,STR027,PRD01116,1,792.37,0.0,792.37,396.32,UPI,Walk-in
SAL20250015876,2025-02-28,STR033,PRD00332,1,556.82,0.0,556.82,272.93,Credit Card,Walk-in
SAL20250015877,2025-02-12,STR023,PRD00939,2,463.84,0.0,927.68,484.68,Credit Card,Walk-in
SAL20250015878,2025-02-19,STR028,PRD00004,1,18331.36,0.0,18331.36,14741.73,UPI,Walk-in
SAL20250015879,2025-02-20,STR010,PRD00625,3,629.94,0.0,1889.82,1298.73,Credit Card,Walk-in
SAL20250015880,2025-02-12,STR012,PRD00606,2,516.03,0.05,980.46,617.14,Cash,Regular
SAL20250015881,2025-02-26,STR036,PRD00031,1,18632.2,0.0,18632.2,13903.81,UPI,Regular
SAL20250015882,2025-02-09,STR003,PRD00111,1,16671.18,0.0,16671.18,12693.98,Debit Card,Regular
SAL20250015883,2025-02-07,STR008,PRD00305,1,1134.36,0.0,1134.36,615.3,Credit Card,Premium
SAL20250015884,2025-02-12,STR014,PRD01125,1,3015.8,0.0,3015.8,1423.43,UPI,Walk-in
SAL20250015885,2025-02-21,STR027,PRD00023,1,6541.47,0.1,5887.32,4428.32,UPI,Premium
SAL20250015886,2025-02-12,STR034,PRD00472,1,554.85,0.0,554.85,444.9,Debit Card,Regular
SAL20250015887,2025-02-22,STR021,PRD00627,1,670.0,0.0,670.0,403.71,UPI,Regular
SAL20250015888,2025-02-03,STR009,PRD00017,1,6386.7,0.0,6386.7,4504.98,Debit Card,Regular
SAL20250015889,2025-02-20,STR016,PRD00749,3,4060.84,0.0,12182.52,7334.31,UPI,Regular
SAL20250015890,2025-02-11,STR033,PRD00158,1,3798.87,0.0,3798.87,2582.44,Credit Card,Walk-in
SAL20250015891,2025-02-10,STR005,PRD00024,1,23723.95,0.0,23723.95,15500.24,Net Banking,Premium
SAL20250015892,2025-02-03,STR041,PRD00164,1,7383.75,0.0,7383.75,4728.61,Credit Card,Premium
SAL20250015893,2025-02-18,STR021,PRD00996,1,577.22,0.0,577.22,329.39,Net Banking,Regular
SAL20250015894,2025-02-15,STR002,PRD01127,4,730.99,0.0,2923.96,1277.56,Credit Card,Regular
SAL20250015895,2025-02-13,STR004,PRD00771,2,2601.02,0.05,4941.94,2872.26,UPI,Walk-in
SAL20250015896,2025-02-25,STR003,PRD00207,1,9083.73,0.0,9083.73,6742.14,UPI,Premium
SAL20250015897,2025-02-27,STR009,PRD00613,1,239.41,0.0,239.41,178.61,UPI,Walk-in
SAL20250015898,2025-02-12,STR006,PRD00741,1,2848.85,0.0,2848.85,2028.89,UPI,Premium
SAL20250015899,2025-02-07,STR027,PRD00718,1,2341.08,0.0,2341.08,1675.99,UPI,Regular
SAL20250015900,2025-02-14,STR027,PRD00051,2,18906.15,0.0,37812.3,27624.36,Cash,Premium
SAL20250015901,2025-02-20,STR020,PRD00800,1,478.19,0.0,478.19,324.59,Credit Card,Regular
SAL20250015902,2025-02-10,STR025,PRD01085,1,7889.14,0.0,7889.14,4136.29,UPI,Walk-in
SAL20250015903,2025-02-26,STR006,PRD00803,1,2033.91,0.0,2033.91,1224.74,UPI,Regular
SAL20250015904,2025-02-23,STR019,PRD00159,1,4881.58,0.0,4881.58,3676.52,UPI,Regular
SAL20250015905,2025-02-21,STR041,PRD00315,1,452.88,0.0,452.88,281.44,UPI,Regular
SAL20250015906,2025-02-25,STR008,PRD00188,2,6172.58,0.0,12345.16,8055.14,Credit Card,Walk-in
SAL20250015907,2025-02-18,STR012,PRD00190,1,12169.57,0.0,12169.57,7955.32,UPI,Walk-in
SAL20250015908,2025-02-03,STR020,PRD01068,2,5954.4,0.0,11908.8,6990.4,Credit Card,Premium
SAL20250015909,2025-02-18,STR011,PRD00186,1,7826.08,0.05,7434.78,5124.89,Credit Card,Walk-in
SAL20250015910,2025-02-23,STR019,PRD00532,1,1039.03,0.1,935.13,808.86,UPI,Regular
SAL20250015911,2025-02-05,STR010,PRD00901,3,3120.68,0.0,9362.04,6214.71,Debit Card,Walk-in
SAL20250015912,2025-02-04,STR025,PRD00780,4,1384.22,0.0,5536.88,3555.44,UPI,Walk-in
SAL20250015913,2025-02-05,STR006,PRD00401,2,743.9,0.1,1339.02,1256.8,UPI,Regular
SAL20250015914,2025-02-12,STR024,PRD00285,2,1499.26,0.1,2698.67,1537.52,Debit Card,Regular
SAL20250015915,2025-02-11,STR021,PRD01117,2,2651.1,0.0,5302.2,2893.6,Credit Card,Regular
SAL20250015916,2025-02-27,STR036,PRD00647,1,284.75,0.0,284.75,189.07,Credit Card,Walk-in
SAL20250015917,2025-02-24,STR012,PRD00865,2,2254.56,0.0,4509.12,2847.86,UPI,Regular
SAL20250015918,2025-02-16,STR008,PRD00382,2,534.11,0.0,1068.22,585.82,UPI,Regular
SAL20250015919,2025-02-12,STR020,PRD00119,1,21410.34,0.0,21410.34,16034.57,UPI,Regular
SAL20250015920,2025-02-21,STR016,PRD01166,1,3220.85,0.05,3059.81,1660.43,Credit Card,Walk-in
SAL20250015921,2025-02-24,STR023,PRD00075,1,9132.03,0.05,8675.43,7042.59,Debit Card,Premium
SAL20250015922,2025-02-17,STR028,PRD00615,6,478.74,0.0,2872.44,2036.04,UPI,Regular
SAL20250015923,2025-02-15,STR009,PRD01189,4,5263.0,0.0,21052.0,8949.48,Credit Card,Regular
SAL20250015924,2025-02-03,STR001,PRD00159,1,4881.58,0.0,4881.58,3676.52,UPI,Regular
SAL20250015925,2025-02-13,STR035,PRD00553,4,150.28,0.0,601.12,348.44,UPI,Walk-in
SAL20250015926,2025-02-21,STR024,PRD00103,1,4104.09,0.0,4104.09,2941.45,Credit Card,Walk-in
SAL20250015927,2025-02-25,STR021,PRD00970,1,370.51,0.0,370.51,239.77,Net Banking,Premium
SAL20250015928,2025-02-27,STR005,PRD00907,1,1536.02,0.1,1382.42,976.87,Debit Card,Walk-in
SAL20250015929,2025-02-15,STR009,PRD00020,1,2507.15,0.05,2381.79,1948.29,UPI,Walk-in
SAL20250015930,2025-02-26,STR004,PRD00129,1,19597.62,0.05,18617.74,15263.15,Credit Card,Premium
SAL20250015931,2025-02-16,STR018,PRD00942,1,93.87,0.0,93.87,61.73,UPI,Regular
SAL20250015932,2025-02-20,STR032,PRD01053,2,481.32,0.0,962.64,625.56,Credit Card,Walk-in
SAL20250015933,2025-02-18,STR017,PRD00927,1,799.32,0.0,799.32,584.58,Credit Card,Walk-in
SAL20250015934,2025-02-20,STR029,PRD00432,1,845.55,0.0,845.55,647.04,UPI,Walk-in
SAL20250015935,2025-02-22,STR014,PRD00196,1,3177.64,0.0,3177.64,2246.88,UPI,Regular
SAL20250015936,2025-02-20,STR026,PRD00774,1,2102.71,0.0,2102.71,1549.27,UPI,Regular
SAL20250015937,2025-02-25,STR003,PRD00319,2,746.89,0.05,1419.09,927.62,Debit Card,Regular
SAL20250015938,2025-02-28,STR012,PRD00688,2,2802.62,0.0,5605.24,4177.68,Credit Card,Regular
SAL20250015939,2025-02-11,STR002,PRD00471,3,607.66,0.1,1640.68,1486.05,UPI,Corporate
SAL20250015940,2025-02-21,STR027,PRD00944,1,197.23,0.0,197.23,127.82,UPI,Regular
SAL20250015941,2025-02-23,STR031,PRD00784,1,1985.25,0.0,1985.25,1302.04,UPI,Walk-in
SAL20250015942,2025-02-20,STR011,PRD00520,2,482.69,0.0,965.38,811.72,Credit Card,Regular
SAL20250015943,2025-02-17,STR002,PRD00338,2,1223.61,0.0,2447.22,1376.46,Credit Card,Regular
SAL20250015944,2025-02-06,STR006,PRD00479,2,303.49,0.0,606.98,511.22,Credit Card,Walk-in
SAL20250015945,2025-02-12,STR039,PRD00187,1,5314.8,0.0,5314.8,3364.43,UPI,Premium
SAL20250015946,2025-02-08,STR015,PRD01011,2,265.01,0.0,530.02,299.38,UPI,Premium
SAL20250015947,2025-02-27,STR013,PRD00558,1,353.1,0.1,317.79,243.3,UPI,Premium
SAL20250015948,2025-02-02,STR005,PRD00033,1,2653.86,0.0,2653.86,1783.28,UPI,Regular
SAL20250015949,2025-02-03,STR008,PRD00733,1,3579.07,0.0,3579.07,2186.97,Credit Card,Regular
SAL20250015950,2025-02-19,STR002,PRD00896,1,255.31,0.0,255.31,145.03,UPI,Premium
SAL20250015951,2025-02-14,STR013,PRD00827,2,3989.15,0.05,7579.39,4393.18,Credit Card,Walk-in
SAL20250015952,2025-02-14,STR002,PRD00006,1,3457.14,0.05,3284.28,2519.92,Credit Card,Regular
SAL20250015953,2025-02-01,STR025,PRD00363,2,1443.62,0.0,2887.24,1380.7,Debit Card,Regular
SAL20250015954,2025-02-22,STR029,PRD00790,2,1379.35,0.0,2758.7,1805.44,Net Banking,Regular
SAL20250015955,2025-02-19,STR004,PRD00218,1,7357.64,0.0,7357.64,5051.02,UPI,Premium
SAL20250015956,2025-02-09,STR041,PRD00923,1,3811.45,0.0,3811.45,2262.33,UPI,Walk-in
SAL20250015957,2025-02-17,STR030,PRD00419,3,950.16,0.0,2850.48,2291.76,UPI,Walk-in
SAL20250015958,2025-02-27,STR019,PRD00530,2,663.27,0.0,1326.54,1124.14,Debit Card,Walk-in
SAL20250015959,2025-02-14,STR011,PRD00274,4,920.1,0.0,3680.4,1703.04,UPI,Regular
SAL20250015960,2025-02-11,STR020,PRD00987,1,289.9,0.0,289.9,202.35,Credit Card,Walk-in
SAL20250015961,2025-02-06,STR005,PRD00335,2,1156.98,0.0,2313.96,1245.12,UPI,Regular
SAL20250015962,2025-02-15,STR002,PRD00092,1,6575.52,0.0,6575.52,4677.68,UPI,Walk-in
SAL20250015963,2025-02-28,STR017,PRD00402,4,947.11,0.0,3788.44,3272.24,Credit Card,Premium
SAL20250015964,2025-02-05,STR011,PRD00333,1,1043.83,0.0,1043.83,554.4,Cash,Regular
SAL20250015965,2025-02-04,STR001,PRD00637,1,299.32,0.0,299.32,213.6,UPI,Walk-in
SAL20250015966,2025-02-03,STR015,PRD00728,1,5071.72,0.0,5071.72,3009.63,UPI,Premium
SAL20250015967,2025-02-24,STR015,PRD00077,1,14848.8,0.0,14848.8,12077.21,Debit Card,Premium
SAL20250015968,2025-02-20,STR004,PRD00508,10,125.21,0.0,1252.1,1099.3,Credit Card,Walk-in
SAL20250015969,2025-02-22,STR028,PRD00348,2,1231.54,0.0,2463.08,1388.12,UPI,Premium
SAL20250015970,2025-02-23,STR016,PRD00901,1,3120.68,0.05,2964.65,2071.57,Cash,Regular
SAL20250015971,2025-02-04,STR036,PRD00015,1,3619.87,0.0,3619.87,2931.59,UPI,Regular
SAL20250015972,2025-02-06,STR004,PRD01180,1,9129.62,0.0,9129.62,4243.81,Debit Card,Regular
SAL20250015973,2025-02-17,STR030,PRD00289,1,1047.34,0.0,1047.34,607.0,UPI,Walk-in
SAL20250015974,2025-02-01,STR036,PRD00265,2,4797.2,0.0,9594.4,5840.12,Debit Card,Regular
SAL20250015975,2025-02-24,STR006,PRD00634,1,509.03,0.0,509.03,298.96,Debit Card,Walk-in
SAL20250015976,2025-02-21,STR004,PRD00151,1,5709.55,0.0,5709.55,3733.65,Debit Card,Premium
SAL20250015977,2025-02-11,STR033,PRD00538,2,57.89,0.0,115.78,83.56,Credit Card,Walk-in
SAL20250015978,2025-02-10,STR021,PRD01031,1,1036.47,0.0,1036.47,523.37,Debit Card,Walk-in
SAL20250015979,2025-02-02,STR034,PRD01016,2,253.56,0.05,481.76,322.8,Credit Card,Regular
SAL20250015980,2025-02-07,STR026,PRD00523,5,773.23,0.0,3866.15,3280.7,UPI,Regular
SAL20250015981,2025-02-16,STR008,PRD00756,1,3090.95,0.0,3090.95,2208.4,Debit Card,Premium
SAL20250015982,2025-02-11,STR030,PRD00514,1,1177.91,0.1,1060.12,914.33,UPI,Regular
SAL20250015983,2025-02-25,STR035,PRD00374,1,1242.75,0.0,1242.75,738.33,Credit Card,Walk-in
SAL20250015984,2025-02-05,STR007,PRD00999,3,1102.59,0.0,3307.77,1760.55,UPI,Walk-in
SAL20250015985,2025-02-24,STR002,PRD00762,1,1596.23,0.1,1436.61,909.86,Cash,Regular
SAL20250015986,2025-02-02,STR006,PRD00064,1,2458.4,0.0,2458.4,1830.7,Debit Card,Regular
SAL20250015987,2025-02-08,STR032,PRD01046,2,946.12,0.0,1892.24,1052.58,UPI,Regular
SAL20250015988,2025-02-12,STR041,PRD00171,1,6232.31,0.0,6232.31,4552.99,UPI,Regular
SAL20250015989,2025-02-28,STR018,PRD00930,1,4102.13,0.0,4102.13,2365.34,Debit Card,Regular
SAL20250015990,2025-02-12,STR027,PRD00975,1,912.31,0.0,912.31,598.5,UPI,Walk-in
SAL20250015991,2025-02-16,STR016,PRD00501,1,707.96,0.0,707.96,547.35,UPI,Regular
SAL20250015992,2025-02-06,STR018,PRD01135,1,2481.4,0.1,2233.26,1259.74,Credit Card,Regular
SAL20250015993,2025-02-20,STR009,PRD00781,2,2809.53,0.0,5619.06,4141.68,UPI,Premium
SAL20250015994,2025-02-27,STR009,PRD01139,4,4060.77,0.0,16243.08,7378.24,Debit Card,Regular
SAL20250015995,2025-02-23,STR009,PRD00119,1,21410.34,0.0,21410.34,16034.57,UPI,Walk-in
SAL20250015996,2025-02-09,STR013,PRD00603,1,196.91,0.0,196.91,130.96,UPI,Regular
SAL20250015997,2025-02-17,STR039,PRD00603,2,196.91,0.05,374.13,261.92,UPI,Walk-in
SAL20250015998,2025-02-16,STR009,PRD00530,4,663.27,0.0,2653.08,2248.28,UPI,Regular
SAL20250015999,2025-02-10,STR023,PRD01046,2,946.12,0.0,1892.24,1052.58,UPI,Walk-in
SAL20250016000,2025-02-20,STR036,PRD00177,1,10270.98,0.0,10270.98,7398.07,UPI,Regular
SAL20250016001,2025-02-20,STR001,PRD00237,1,9971.54,0.0,9971.54,6463.12,Cash,Walk-in
SAL20250016002,2025-02-23,STR028,PRD00285,4,1499.26,0.0,5997.04,3075.04,UPI,Regular
SAL20250016003,2025-02-15,STR024,PRD00152,1,8357.62,0.0,8357.62,5421.82,UPI,Regular
SAL20250016004,2025-02-07,STR019,PRD00294,1,1047.83,0.0,1047.83,653.04,UPI,Regular
SAL20250016005,2025-02-24,STR002,PRD00946,1,937.06,0.0,937.06,525.58,Credit Card,Regular
SAL20250016006,2025-02-14,STR038,PRD00985,3,79.43,0.0,238.29,165.18,Credit Card,Regular
SAL20250016007,2025-02-01,STR003,PRD00045,1,17414.18,0.1,15672.76,13822.18,Credit Card,Regular
SAL20250016008,2025-02-20,STR027,PRD00809,1,1418.3,0.05,1347.38,895.74,UPI,Walk-in
SAL20250016009,2025-02-22,STR021,PRD00199,1,1863.27,0.0,1863.27,1335.3,UPI,Regular
SAL20250016010,2025-02-28,STR029,PRD00813,3,3086.68,0.0,9260.04,6028.23,Net Banking,Walk-in
SAL20250016011,2025-02-21,STR005,PRD00902,1,258.19,0.05,245.28,154.07,Net Banking,Regular
SAL20250016012,2025-02-12,STR005,PRD00486,4,161.3,0.0,645.2,494.2,UPI,Corporate
SAL20250016013,2025-02-01,STR002,PRD00213,1,7822.44,0.05,7431.32,5597.11,Debit Card,Walk-in
SAL20250016014,2025-02-28,STR024,PRD00227,1,5367.28,0.0,5367.28,3567.65,UPI,Regular
SAL20250016015,2025-02-16,STR034,PRD00647,3,284.75,0.0,854.25,567.21,Cash,Regular
SAL20250016016,2025-02-15,STR022,PRD00337,1,1047.01,0.05,994.66,731.43,UPI,Premium
SAL20250016017,2025-02-17,STR039,PRD00041,1,19732.0,0.05,18745.4,14953.27,Credit Card,Corporate
SAL20250016018,2025-02-16,STR021,PRD01164,1,2114.79,0.05,2009.05,1108.71,Credit Card,Regular
SAL20250016019,2025-02-02,STR008,PRD01078,3,2107.38,0.05,6006.03,3947.67,Cash,Regular
SAL20250016020,2025-02-10,STR027,PRD00550,1,639.85,0.0,639.85,364.92,Cash,Corporate
SAL20250016021,2025-02-08,STR039,PRD00374,2,1242.75,0.0,2485.5,1476.66,Debit Card,Walk-in
SAL20250016022,2025-02-04,STR017,PRD01005,1,682.39,0.0,682.39,475.7,UPI,Regular
SAL20250016023,2025-02-15,STR035,PRD01124,1,4813.39,0.0,4813.39,2177.75,UPI,Regular
SAL20250016024,2025-02-26,STR007,PRD00857,2,3027.87,0.05,5752.95,4321.68,UPI,Premium
SAL20250016025,2025-02-19,STR025,PRD00933,2,3527.61,0.0,7055.22,4360.6,UPI,Corporate
SAL20250016026,2025-02-09,STR029,PRD00745,1,2529.52,0.0,2529.52,1829.18,UPI,Regular
SAL20250016027,2025-02-06,STR015,PRD00789,3,4846.68,0.0,14540.04,8804.73,Debit Card,Regular
SAL20250016028,2025-02-11,STR015,PRD01096,1,3066.12,0.0,3066.12,1714.26,Credit Card,Regular
SAL20250016029,2025-02-28,STR011,PRD01134,2,5914.46,0.0,11828.92,5858.64,Credit Card,Regular
SAL20250016030,2025-02-02,STR018,PRD01033,1,703.74,0.0,703.74,378.69,UPI,Premium
SAL20250016031,2025-02-17,STR015,PRD00043,1,22998.01,0.0,22998.01,15302.97,Credit Card,Regular
SAL20250016032,2025-02-15,STR024,PRD01200,1,1804.12,0.1,1623.71,865.8,UPI,Premium
SAL20250016033,2025-02-10,STR036,PRD00840,1,2736.67,0.0,2736.67,1682.08,UPI,Corporate
SAL20250016034,2025-02-16,STR025,PRD01005,1,682.39,0.0,682.39,475.7,Credit Card,Walk-in
SAL20250016035,2025-02-16,STR007,PRD00141,1,2559.21,0.0,2559.21,1944.29,UPI,Corporate
SAL20250016036,2025-02-20,STR006,PRD00673,2,2685.18,0.0,5370.36,3396.58,Credit Card,Regular
SAL20250016037,2025-02-17,STR037,PRD00077,1,14848.8,0.0,14848.8,12077.21,UPI,Regular
SAL20250016038,2025-02-03,STR013,PRD00622,1,644.0,0.0,644.0,399.79,UPI,Regular
SAL20250016039,2025-02-15,STR007,PRD00467,2,528.8,0.05,1004.72,906.1,UPI,Premium
SAL20250016040,2025-02-23,STR018,PRD00042,1,15775.49,0.0,15775.49,11939.67,UPI,Regular
SAL20250016041,2025-02-07,STR014,PRD00514,2,1177.91,0.0,2355.82,1828.66,Cash,Walk-in
SAL20250016042,2025-02-22,STR022,PRD00417,2,788.29,0.0,1576.58,1323.42,UPI,Regular
SAL20250016043,2025-02-28,STR009,PRD00131,1,11948.61,0.0,11948.61,9032.43,Credit Card,Regular
SAL20250016044,2025-02-24,STR035,PRD00794,1,5386.59,0.0,5386.59,3160.43,Debit Card,Premium
SAL20250016045,2025-02-25,STR024,PRD00288,1,827.89,0.0,827.89,439.36,UPI,Premium
SAL20250016046,2025-02-25,STR009,PRD00459,1,918.25,0.0,918.25,735.01,Debit Card,Regular
SAL20250016047,2025-02-16,STR024,PRD00621,2,335.41,0.0,670.82,470.86,UPI,Walk-in
SAL20250016048,2025-02-20,STR010,PRD01063,2,747.32,0.0,1494.64,976.78,Debit Card,Regular
SAL20250016049,2025-02-25,STR024,PRD00959,1,664.61,0.0,664.61,402.69,UPI,Walk-in
SAL20250016050,2025-02-20,STR023,PRD00886,2,1331.79,0.0,2663.58,1889.4,UPI,Walk-in
SAL20250016051,2025-02-23,STR003,PRD00054,1,16291.52,0.0,16291.52,11840.34,Debit Card,Walk-in
SAL20250016052,2025-02-06,STR036,PRD00242,1,3336.56,0.0,3336.56,2557.66,Debit Card,Premium
SAL20250016053,2025-02-08,STR024,PRD00719,1,4808.67,0.0,4808.67,2759.21,UPI,Regular
SAL20250016054,2025-02-12,STR009,PRD00357,2,1112.32,0.1,2002.18,1353.8,UPI,Walk-in
SAL20250016055,2025-02-09,STR027,PRD00449,4,236.21,0.0,944.84,796.56,UPI,Premium
SAL20250016056,2025-02-28,STR015,PRD00828,1,765.4,0.0,765.4,443.0,UPI,Premium
SAL20250016057,2025-02-02,STR012,PRD00216,3,11614.64,0.0,34843.92,21680.34,Net Banking,Regular
SAL20250016058,2025-02-20,STR001,PRD01084,1,10498.54,0.0,10498.54,4211.39,Credit Card,Regular
SAL20250016059,2025-02-11,STR035,PRD00620,1,556.49,0.0,556.49,325.67,UPI,Walk-in
SAL20250016060,2025-02-24,STR031,PRD01048,6,623.5,0.0,3741.0,2491.14,Credit Card,Premium
SAL20250016061,2025-02-13,STR007,PRD00259,1,1699.09,0.0,1699.09,1233.0,UPI,Walk-in
SAL20250016062,2025-02-11,STR004,PRD00597,1,765.55,0.0,765.55,443.82,Credit Card,Regular
SAL20250016063,2025-02-06,STR037,PRD00249,1,4858.0,0.0,4858.0,3416.15,Debit Card,Regular
SAL20250016064,2025-02-09,STR020,PRD00610,1,637.82,0.0,637.82,413.73,Cash,Walk-in
SAL20250016065,2025-02-20,STR025,PRD00841,1,1965.17,0.0,1965.17,1338.26,Credit Card,Regular
SAL20250016066,2025-02-10,STR028,PRD00944,1,197.23,0.0,197.23,127.82,UPI,Premium
SAL20250016067,2025-02-24,STR006,PRD00030,2,17262.94,0.0,34525.88,25179.18,UPI,Regular
SAL20250016068,2025-02-02,STR026,PRD01096,4,3066.12,0.0,12264.48,6857.04,Net Banking,Corporate
SAL20250016069,2025-02-28,STR020,PRD00900,1,3167.3,0.0,3167.3,1961.05,Net Banking,Walk-in
SAL20250016070,2025-02-27,STR002,PRD00731,2,2513.85,0.0,5027.7,3164.1,UPI,Regular
SAL20250016071,2025-02-08,STR012,PRD00508,6,125.21,0.0,751.26,659.58,UPI,Walk-in
SAL20250016072,2025-02-04,STR008,PRD00064,1,2458.4,0.05,2335.48,1830.7,Credit Card,Regular
SAL20250016073,2025-02-13,STR029,PRD01076,1,4373.35,0.05,4154.68,2595.55,UPI,Walk-in
SAL20250016074,2025-02-17,STR010,PRD00085,1,26032.76,0.0,26032.76,17875.58,UPI,Premium
SAL20250016075,2025-02-22,STR041,PRD00879,1,2290.26,0.05,2175.75,1614.23,Cash,Walk-in
SAL20250016076,2025-02-11,STR025,PRD00480,6,103.25,0.0,619.5,517.02,Credit Card,Walk-in
SAL20250016077,2025-02-02,STR023,PRD00289,1,1047.34,0.0,1047.34,607.0,Credit Card,Premium
SAL20250016078,2025-02-16,STR003,PRD00244,1,9135.72,0.0,9135.72,5766.93,UPI,Walk-in
SAL20250016079,2025-02-24,STR017,PRD00904,2,2811.36,0.1,5060.45,3719.94,UPI,Regular
SAL20250016080,2025-02-11,STR026,PRD00503,3,634.01,0.0,1902.03,1577.37,Cash,Regular
SAL20250016081,2025-02-13,STR018,PRD00791,1,855.75,0.0,855.75,599.47,Debit Card,Corporate
SAL20250016082,2025-02-24,STR032,PRD00049,1,4540.51,0.0,4540.51,3028.11,UPI,Premium
SAL20250016083,2025-02-23,STR037,PRD00005,1,25382.71,0.0,25382.71,18438.86,UPI,Walk-in
SAL20250016084,2025-02-11,STR022,PRD00563,1,667.75,0.0,667.75,433.56,Cash,Walk-in
SAL20250016085,2025-02-01,STR005,PRD01182,1,9675.4,0.0,9675.4,4265.56,Debit Card,Regular
SAL20250016086,2025-02-24,STR023,PRD00380,2,304.64,0.0,609.28,421.0,UPI,Walk-in
SAL20250016087,2025-02-04,STR039,PRD00942,2,93.87,0.0,187.74,123.46,Credit Card,Walk-in
SAL20250016088,2025-02-23,STR022,PRD01175,2,2568.19,0.0,5136.38,3145.4,Credit Card,Regular
SAL20250016089,2025-02-23,STR024,PRD00282,1,705.96,0.05,670.66,470.23,Cash,Regular
SAL20250016090,2025-02-25,STR012,PRD00985,4,79.43,0.05,301.83,220.24,UPI,Walk-in
SAL20250016091,2025-02-12,STR030,PRD00623,1,563.55,0.0,563.55,387.66,Credit Card,Premium
SAL20250016092,2025-02-25,STR018,PRD01086,1,5541.98,0.05,5264.88,3222.42,UPI,Regular
SAL20250016093,2025-02-25,STR034,PRD00284,4,170.59,0.0,682.36,414.12,UPI,Regular
SAL20250016094,2025-02-26,STR009,PRD00578,4,577.23,0.0,2308.92,1691.24,UPI,Corporate
SAL20250016095,2025-02-06,STR030,PRD00565,2,107.78,0.0,215.56,122.96,Debit Card,Walk-in
SAL20250016096,2025-02-14,STR005,PRD00479,3,303.49,0.0,910.47,766.83,UPI,Regular
SAL20250016097,2025-02-13,STR001,PRD00086,1,22194.93,0.1,19975.44,15176.58,UPI,Walk-in
SAL20250016098,2025-02-10,STR008,PRD00592,1,365.4,0.0,365.4,218.29,Credit Card,Corporate
SAL20250016099,2025-02-10,STR029,PRD00558,5,353.1,0.0,1765.5,1216.5,UPI,Corporate
SAL20250016100,2025-02-20,STR035,PRD00548,2,172.01,0.0,344.02,240.72,Credit Card,Walk-in
SAL20250016101,2025-02-02,STR032,PRD00688,1,2802.62,0.0,2802.62,2088.84,Debit Card,Walk-in
SAL20250016102,2025-02-02,STR013,PRD00015,1,3619.87,0.0,3619.87,2931.59,UPI,Walk-in
SAL20250016103,2025-02-16,STR025,PRD00020,1,2507.15,0.0,2507.15,1948.29,UPI,Regular
SAL20250016104,2025-02-23,STR025,PRD00479,3,303.49,0.0,910.47,766.83,Credit Card,Regular
SAL20250016105,2025-02-27,STR013,PRD00606,2,516.03,0.0,1032.06,617.14,Credit Card,Corporate
SAL20250016106,2025-02-24,STR037,PRD00458,4,587.81,0.0,2351.24,1783.68,Debit Card,Regular
SAL20250016107,2025-02-12,STR026,PRD00655,1,75.89,0.0,75.89,47.15,Credit Card,Walk-in
SAL20250016108,2025-02-23,STR030,PRD01092,1,5535.53,0.0,5535.53,2634.51,UPI,Walk-in
SAL20250016109,2025-02-20,STR031,PRD00400,3,920.96,0.0,2762.88,1654.44,Credit Card,Regular
SAL20250016110,2025-02-18,STR032,PRD00991,1,894.61,0.0,894.61,514.53,UPI,Regular
SAL20250016111,2025-02-05,STR023,PRD00952,3,892.13,0.0,2676.39,1508.13,Net Banking,Regular
SAL20250016112,2025-02-20,STR018,PRD00825,1,2419.3,0.0,2419.3,1402.49,UPI,Regular
SAL20250016113,2025-02-02,STR020,PRD00226,1,3456.4,0.0,3456.4,2122.01,Credit Card,Corporate
SAL20250016114,2025-02-08,STR023,PRD00846,1,1551.36,0.0,1551.36,1102.23,Credit Card,Regular
SAL20250016115,2025-02-19,STR039,PRD01172,1,1132.5,0.0,1132.5,578.06,UPI,Regular
SAL20250016116,2025-02-07,STR036,PRD00006,1,3457.14,0.0,3457.14,2519.92,Debit Card,Regular
SAL20250016117,2025-02-21,STR007,PRD00582,2,535.32,0.0,1070.64,770.0,UPI,Premium
SAL20250016118,2025-02-19,STR016,PRD00222,1,8948.67,0.0,8948.67,6580.84,UPI,Walk-in
SAL20250016119,2025-02-02,STR010,PRD00202,1,1209.84,0.1,1088.86,865.49,UPI,Regular
SAL20250016120,2025-02-25,STR025,PRD00935,1,821.43,0.1,739.29,586.1,Credit Card,Walk-in
SAL20250016121,2025-02-15,STR002,PRD00706,2,3862.25,0.05,7338.27,4888.02,UPI,Corporate
SAL20250016122,2025-02-11,STR038,PRD00924,1,261.16,0.0,261.16,194.5,Credit Card,Walk-in
SAL20250016123,2025-02-11,STR023,PRD00793,1,2445.38,0.05,2323.11,1405.41,UPI,Corporate
SAL20250016124,2025-02-09,STR033,PRD00127,2,14293.97,0.1,25729.15,21134.16,UPI,Regular
SAL20250016125,2025-02-21,STR019,PRD00458,1,587.81,0.0,587.81,445.92,Credit Card,Premium
SAL20250016126,2025-02-25,STR018,PRD00828,1,765.4,0.0,765.4,443.0,Cash,Walk-in
SAL20250016127,2025-02-24,STR007,PRD00443,2,206.94,0.1,372.49,334.12,UPI,Regular
SAL20250016128,2025-02-21,STR025,PRD00683,3,794.15,0.0,2382.45,1782.09,Net Banking,Regular
SAL20250016129,2025-02-10,STR035,PRD00226,1,3456.4,0.0,3456.4,2122.01,UPI,Premium
SAL20250016130,2025-02-19,STR030,PRD00517,4,252.82,0.0,1011.28,812.12,UPI,Walk-in
SAL20250016131,2025-02-11,STR017,PRD00388,1,522.1,0.0,522.1,256.49,Credit Card,Premium
SAL20250016132,2025-02-05,STR039,PRD01169,1,6625.23,0.05,6293.97,4001.41,UPI,Walk-in
SAL20250016133,2025-02-16,STR023,PRD00241,1,7381.55,0.0,7381.55,5583.94,Credit Card,Corporate
SAL20250016134,2025-02-25,STR035,PRD00425,2,878.01,0.0,1756.02,1395.02,UPI,Regular
SAL20250016135,2025-02-11,STR039,PRD00560,4,314.33,0.05,1194.45,875.16,Cash,Premium
SAL20250016136,2025-02-24,STR035,PRD00296,2,250.04,0.0,500.08,243.26,Credit Card,Walk-in
SAL20250016137,2025-02-15,STR004,PRD00368,1,927.52,0.0,927.52,587.93,UPI,Walk-in
SAL20250016138,2025-02-07,STR002,PRD00789,2,4846.68,0.1,8724.02,5869.82,UPI,Regular
SAL20250016139,2025-02-10,STR008,PRD00078,1,9036.37,0.0,9036.37,6491.36,Credit Card,Walk-in
SAL20250016140,2025-02-18,STR030,PRD00003,2,810.89,0.0,1621.78,1068.48,Debit Card,Walk-in
SAL20250016141,2025-02-28,STR009,PRD00123,1,7408.15,0.0,7408.15,5588.12,Credit Card,Regular
SAL20250016142,2025-02-20,STR037,PRD00887,2,2006.5,0.0,4013.0,2339.38,Net Banking,Regular
SAL20250016143,2025-02-25,STR017,PRD00757,1,1608.8,0.0,1608.8,1037.87,Net Banking,Walk-in
SAL20250016144,2025-02-10,STR027,PRD00233,1,9134.67,0.1,8221.2,7104.84,UPI,Regular
SAL20250016145,2025-02-20,STR034,PRD00598,1,173.87,0.05,165.18,122.49,UPI,Regular
SAL20250016146,2025-02-13,STR003,PRD00216,1,11614.64,0.0,11614.64,7226.78,Debit Card,Walk-in
SAL20250016147,2025-02-11,STR022,PRD00183,1,6835.62,0.1,6152.06,4488.56,Credit Card,Walk-in
SAL20250016148,2025-02-12,STR008,PRD00200,1,1880.51,0.05,1786.48,1363.43,UPI,Regular
SAL20250016149,2025-02-17,STR032,PRD01197,1,2167.83,0.0,2167.83,1161.18,Debit Card,Premium
SAL20250016150,2025-02-25,STR033,PRD00007,1,20090.22,0.0,20090.22,15462.2,UPI,Regular
SAL20250016151,2025-02-20,STR034,PRD01084,2,10498.54,0.0,20997.08,8422.78,Debit Card,Premium
SAL20250016152,2025-02-12,STR039,PRD00616,2,565.82,0.0,1131.64,628.26,Credit Card,Regular
SAL20250016153,2025-02-20,STR028,PRD00554,5,805.55,0.0,4027.75,2332.05,UPI,Regular
SAL20250016154,2025-02-02,STR018,PRD00451,1,641.37,0.0,641.37,505.23,Cash,Walk-in
SAL20250016155,2025-02-15,STR015,PRD00223,1,11271.43,0.0,11271.43,7014.79,Debit Card,Premium
SAL20250016156,2025-02-23,STR041,PRD00178,1,9669.95,0.0,9669.95,6949.73,UPI,Walk-in
SAL20250016157,2025-02-27,STR024,PRD00809,1,1418.3,0.0,1418.3,895.74,Credit Card,Regular
SAL20250016158,2025-02-10,STR018,PRD00992,1,439.67,0.0,439.67,224.17,UPI,Walk-in
SAL20250016159,2025-02-26,STR009,PRD00019,1,9063.53,0.0,9063.53,6399.55,UPI,Walk-in
SAL20250016160,2025-02-01,STR037,PRD00584,2,232.29,0.05,441.35,284.7,UPI,Walk-in
SAL20250016161,2025-02-13,STR007,PRD00178,1,9669.95,0.0,9669.95,6949.73,Credit Card,Regular
SAL20250016162,2025-02-20,STR002,PRD00390,2,1246.69,0.0,2493.38,1570.66,Net Banking,Regular
SAL20250016163,2025-02-11,STR018,PRD00215,1,9358.07,0.0,9358.07,6525.15,UPI,Regular
SAL20250016164,2025-02-05,STR025,PRD00489,10,850.74,0.0,8507.4,6908.8,Debit Card,Premium
SAL20250016165,2025-02-18,STR021,PRD00658,1,338.62,0.0,338.62,227.68,Credit Card,Walk-in
SAL20250016166,2025-02-16,STR031,PRD00387,1,446.12,0.0,446.12,248.3,UPI,Regular
SAL20250016167,2025-02-08,STR041,PRD00284,1,170.59,0.0,170.59,103.53,Debit Card,Regular
SAL20250016168,2025-02-19,STR022,PRD00715,2,2949.53,0.1,5309.15,3968.0,Cash,Premium
SAL20250016169,2025-02-05,STR039,PRD00475,4,749.71,0.0,2998.84,2275.84,Credit Card,Walk-in
SAL20250016170,2025-02-12,STR018,PRD01191,1,6431.83,0.0,6431.83,4011.49,Cash,Walk-in
SAL20250016171,2025-02-22,STR016,PRD00393,3,526.25,0.0,1578.75,1032.54,UPI,Premium
SAL20250016172,2025-02-04,STR019,PRD00350,1,1107.22,0.0,1107.22,735.62,Net Banking,Regular
SAL20250016173,2025-02-18,STR026,PRD01041,1,954.2,0.0,954.2,532.81,Credit Card,Walk-in
SAL20250016174,2025-02-20,STR036,PRD00426,1,496.18,0.0,496.18,415.87,Credit Card,Premium
SAL20250016175,2025-02-11,STR023,PRD00018,1,13116.16,0.0,13116.16,9769.19,Credit Card,Regular
SAL20250016176,2025-02-21,STR010,PRD01002,1,98.3,0.0,98.3,55.69,Cash,Walk-in
SAL20250016177,2025-02-18,STR023,PRD00668,4,302.1,0.0,1208.4,866.16,UPI,Corporate
SAL20250016178,2025-02-24,STR017,PRD00455,1,683.36,0.0,683.36,563.47,UPI,Premium
SAL20250016179,2025-02-01,STR016,PRD00452,1,1046.75,0.05,994.41,879.65,Cash,Walk-in
SAL20250016180,2025-02-24,STR023,PRD00893,1,963.04,0.0,963.04,603.05,Debit Card,Walk-in
SAL20250016181,2025-02-07,STR017,PRD00652,1,210.65,0.0,210.65,137.0,UPI,Walk-in
SAL20250016182,2025-02-22,STR007,PRD00085,1,26032.76,0.0,26032.76,17875.58,Credit Card,Regular
SAL20250016183,2025-02-22,STR024,PRD00620,2,556.49,0.0,1112.98,651.34,Cash,Regular
SAL20250016184,2025-02-09,STR041,PRD00639,3,160.88,0.0,482.64,307.23,Debit Card,Regular
SAL20250016185,2025-02-17,STR029,PRD00595,2,524.85,0.0,1049.7,729.04,Credit Card,Walk-in
SAL20250016186,2025-02-19,STR028,PRD01115,2,4843.87,0.1,8718.97,4808.7,UPI,Walk-in
SAL20250016187,2025-02-22,STR032,PRD00518,6,1000.64,0.0,6003.84,4610.58,UPI,Walk-in
SAL20250016188,2025-02-04,STR020,PRD00118,1,13769.46,0.0,13769.46,10543.97,Debit Card,Walk-in
SAL20250016189,2025-02-02,STR013,PRD00143,1,11610.06,0.0,11610.06,8058.06,Net Banking,Walk-in
SAL20250016190,2025-02-09,STR019,PRD00588,2,125.09,0.0,250.18,180.78,Debit Card,Premium
SAL20250016191,2025-02-19,STR006,PRD00466,2,725.28,0.0,1450.56,1259.44,Debit Card,Regular
SAL20250016192,2025-02-28,STR028,PRD00240,2,10596.37,0.0,21192.74,14781.46,Cash,Walk-in
SAL20250016193,2025-02-09,STR026,PRD00865,1,2254.56,0.0,2254.56,1423.93,UPI,Regular
SAL20250016194,2025-02-09,STR033,PRD00242,3,3336.56,0.0,10009.68,7672.98,Cash,Regular
SAL20250016195,2025-02-02,STR014,PRD00842,3,1322.87,0.0,3968.61,2870.64,Credit Card,Regular
SAL20250016196,2025-02-05,STR026,PRD01110,1,1048.97,0.0,1048.97,581.11,Credit Card,Premium
SAL20250016197,2025-02-22,STR023,PRD00399,1,1354.99,0.0,1354.99,647.13,Credit Card,Regular
SAL20250016198,2025-02-13,STR006,PRD00480,2,103.25,0.1,185.85,172.34,UPI,Walk-in
SAL20250016199,2025-02-07,STR034,PRD00713,2,4061.86,0.0,8123.72,5875.52,Credit Card,Premium
SAL20250016200,2025-02-25,STR007,PRD00791,3,855.75,0.0,2567.25,1798.41,Credit Card,Premium
SAL20250016201,2025-02-24,STR020,PRD00655,-4,75.89,0.0,-303.56,188.6,Debit Card,Walk-in
SAL20250016202,2025-02-22,STR006,PRD00208,1,2761.76,0.05,2623.67,2051.3,UPI,Walk-in
SAL20250016203,2025-02-27,STR013,PRD00183,1,6835.62,0.0,6835.62,4488.56,Credit Card,Regular
SAL20250016204,2025-02-09,STR021,PRD00057,1,2490.08,0.05,2365.58,2005.73,Debit Card,Regular
SAL20250016205,2025-02-09,STR018,PRD00472,1,554.85,0.0,554.85,444.9,Credit Card,Premium
SAL20250016206,2025-02-11,STR008,PRD00453,1,1257.16,0.0,1257.16,946.37,Debit Card,Regular
SAL20250016207,2025-02-10,STR009,PRD00529,10,569.27,0.0,5692.7,4903.1,UPI,Regular
SAL20250016208,2025-02-15,STR001,PRD00176,1,4757.11,0.0,4757.11,2887.26,UPI,Premium
SAL20250016209,2025-02-09,STR035,PRD00862,3,1883.72,0.0,5651.16,3427.62,UPI,Regular
SAL20250016210,2025-02-20,STR025,PRD00625,2,629.94,0.0,1259.88,865.82,Credit Card,Walk-in
SAL20250016211,2025-02-12,STR017,PRD00418,3,378.6,0.0,1135.8,946.29,Credit Card,Walk-in
SAL20250016212,2025-02-02,STR013,PRD00691,1,1815.13,0.0,1815.13,1149.93,Net Banking,Regular
SAL20250016213,2025-02-26,STR024,PRD00366,1,994.61,0.0,994.61,474.73,UPI,Premium
SAL20250016214,2025-02-25,STR025,PRD00543,2,579.45,0.0,1158.9,850.46,Credit Card,Walk-in
SAL20250016215,2025-02-20,STR028,PRD00416,3,833.51,0.1,2250.48,2075.37,UPI,Regular
SAL20250016216,2025-02-02,STR011,PRD00360,1,505.68,0.0,505.68,239.22,UPI,Regular
SAL20250016217,2025-02-18,STR016,PRD00449,2,236.21,0.0,472.42,398.28,UPI,Regular
SAL20250016218,2025-02-05,STR016,PRD00630,1,612.41,0.0,612.41,361.45,Cash,Regular
SAL20250016219,2025-02-02,STR003,PRD01148,1,584.33,0.0,584.33,241.48,Credit Card,Regular
SAL20250016220,2025-02-04,STR013,PRD00021,1,1822.47,0.0,1822.47,1333.8,Credit Card,Regular
SAL20250016221,2025-02-15,STR013,PRD00182,2,1682.57,0.0,3365.14,2289.1,Credit Card,Regular
SAL20250016222,2025-02-04,STR017,PRD00958,1,274.5,0.0,274.5,191.73,Cash,Premium
SAL20250016223,2025-02-05,STR028,PRD00899,3,2165.69,0.0,6497.07,4376.28,Credit Card,Regular
SAL20250016224,2025-02-24,STR004,PRD00062,1,21073.23,0.0,21073.23,13798.59,Credit Card,Regular
SAL20250016225,2025-02-18,STR001,PRD00353,2,948.44,0.0,1896.88,1059.62,Debit Card,Regular
SAL20250016226,2025-02-27,STR036,PRD00217,1,8159.94,0.0,8159.94,5298.43,UPI,Walk-in
SAL20250016227,2025-02-23,STR033,PRD01108,1,4924.79,0.0,4924.79,2289.5,Cash,Regular
SAL20250016228,2025-02-27,STR034,,1,1273.47,0.0,1273.47,587.01,Credit Card,Premium
SAL20250016229,2025-02-23,STR008,PRD00794,1,5386.59,0.0,5386.59,3160.43,UPI,Walk-in
SAL20250016230,2025-02-25,STR006,PRD00187,1,5314.8,0.0,5314.8,3364.43,Credit Card,Regular
SAL20250016231,2025-02-07,STR003,PRD00681,3,4114.63,0.0,12343.89,8088.54,Debit Card,Regular
SAL20250016232,2025-02-24,STR006,PRD00569,2,219.4,0.0,438.8,286.6,UPI,Regular
SAL20250016233,2025-02-19,STR005,PRD00823,1,2558.98,0.0,2558.98,1717.69,Credit Card,Premium
SAL20250016234,2025-02-10,STR001,PRD00517,4,252.82,0.0,1011.28,812.12,Debit Card,Premium
SAL20250016235,2025-02-10,STR029,PRD00028,1,4027.15,0.0,4027.15,2641.37,Debit Card,Premium
SAL20250016236,2025-02-17,STR008,PRD00003,1,810.89,0.0,810.89,534.24,UPI,Walk-in
SAL20250016237,2025-02-19,STR025,PRD01080,1,1721.88,0.0,1721.88,771.73,Credit Card,Premium
SAL20250016238,2025-02-02,STR018,PRD00272,1,610.52,0.0,610.52,344.72,UPI,Walk-in
SAL20250016239,2025-02-17,STR015,PRD00199,1,1863.27,0.0,1863.27,1335.3,UPI,Walk-in
SAL20250016240,2025-02-18,STR013,PRD00026,1,4182.92,0.0,4182.92,3047.01,Credit Card,Regular
SAL20250016241,2025-02-05,STR006,PRD00501,1,707.96,0.0,707.96,547.35,UPI,Regular
SAL20250016242,2025-02-14,STR022,PRD01007,1,886.03,0.1,797.43,502.38,UPI,Regular
SAL20250016243,2025-02-07,STR017,PRD00533,2,799.67,0.0,1599.34,1324.12,Debit Card,Walk-in
SAL20250016244,2025-02-25,STR040,PRD00796,1,462.4,0.0,462.4,329.9,Net Banking,Corporate
SAL20250016245,2025-02-24,STR010,PRD00069,1,11744.39,0.0,11744.39,7701.34,Credit Card,Walk-in
SAL20250016246,2025-02-20,STR033,PRD00515,3,551.51,0.0,1654.53,1419.63,UPI,Walk-in
SAL20250016247,2025-02-08,STR032,PRD00720,2,3749.56,0.1,6749.21,4209.9,UPI,Regular
SAL20250016248,2025-02-15,STR041,PRD00968,1,316.7,0.1,285.03,158.76,UPI,Walk-in
SAL20250016249,2025-02-27,STR022,PRD01132,1,7393.47,0.0,7393.47,3891.12,Credit Card,Regular
SAL20250016250,2025-02-16,STR019,PRD00943,1,787.16,0.0,787.16,532.44,UPI,Walk-in
SAL20250016251,2025-02-07,STR018,PRD00591,4,500.81,0.05,1903.08,1454.92,Credit Card,Regular
SAL20250016252,2025-02-16,STR033,PRD00008,1,14817.35,0.0,14817.35,10393.47,UPI,Regular
SAL20250016253,2025-02-01,STR029,PRD00712,3,1580.0,0.0,4740.0,2841.45,UPI,Regular
SAL20250016254,2025-02-03,STR024,PRD00404,3,695.46,0.0,2086.38,1813.14,UPI,Regular
SAL20250016255,2025-02-06,STR020,PRD01179,2,3455.57,0.0,6911.14,4149.04,Cash,Regular
SAL20250016256,2025-02-11,STR021,PRD00796,2,462.4,0.0,924.8,659.8,Debit Card,Regular
SAL20250016257,2025-02-20,STR030,PRD00848,1,2441.1,0.0,2441.1,1616.32,UPI,Regular
SAL20250016258,2025-02-04,STR041,PRD00705,2,488.73,0.05,928.59,656.86,Debit Card,Regular
SAL20250016259,2025-02-14,STR010,PRD01049,1,225.77,0.0,225.77,137.88,UPI,Corporate
SAL20250016260,2025-02-19,STR021,PRD00202,1,1209.84,0.1,1088.86,865.49,UPI,Premium
SAL20250016261,2025-02-09,STR038,PRD00993,3,168.95,0.0,506.85,260.76,UPI,Walk-in
SAL20250016262,2025-02-10,STR026,PRD00390,2,1246.69,0.0,2493.38,1570.66,Credit Card,Walk-in
SAL20250016263,2025-02-25,STR009,PRD00016,2,12816.4,0.05,24351.16,18867.14,Credit Card,Corporate
SAL20250016264,2025-02-27,STR014,PRD00150,2,1288.03,0.0,2576.06,1794.92,UPI,Regular
SAL20250016265,2025-02-02,STR016,PRD00747,1,1306.66,0.0,1306.66,960.16,Credit Card,Premium
SAL20250016266,2025-02-13,STR039,PRD00365,1,693.15,0.1,623.84,448.69,UPI,Regular
SAL20250016267,2025-02-24,STR002,PRD00941,1,737.4,0.0,737.4,511.09,Credit Card,Premium
SAL20250016268,2025-02-25,STR002,PRD00456,2,215.04,0.0,430.08,339.98,UPI,Regular
SAL20250016269,2025-02-24,STR028,PRD00721,1,2330.52,0.05,2213.99,1727.63,UPI,Regular
SAL20250016270,2025-02-12,STR015,PRD00285,1,1499.26,0.05,1424.3,768.76,UPI,Premium
SAL20250016271,2025-02-07,STR039,PRD00779,1,1606.83,0.0,1606.83,998.29,Credit Card,Corporate
SAL20250016272,2025-02-01,STR018,PRD00765,1,1419.48,0.05,1348.51,920.94,UPI,Walk-in
SAL20250016273,2025-02-03,STR028,PRD00946,6,937.06,0.1,5060.12,3153.48,UPI,Regular
SAL20250016274,2025-02-01,STR030,PRD00053,1,3304.53,0.0,3304.53,2309.51,Net Banking,Walk-in
SAL20250016275,2025-02-20,STR005,PRD00323,1,361.28,0.05,343.22,188.15,Debit Card,Walk-in
SAL20250016276,2025-02-20,STR025,PRD00507,3,259.46,0.0,778.38,646.05,UPI,Regular
SAL20250016277,2025-02-21,STR015,PRD00578,1,577.23,0.0,577.23,422.81,UPI,Regular
SAL20250016278,2025-02-12,STR014,PRD00884,1,1777.05,0.0,1777.05,1086.34,Debit Card,Premium
SAL20250016279,2025-02-08,STR032,PRD00206,2,10675.4,0.0,21350.8,13766.1,UPI,Regular
SAL20250016280,2025-02-22,STR032,PRD00068,1,10777.06,0.0,10777.06,8694.54,UPI,Premium
SAL20250016281,2025-02-13,STR014,PRD00363,1,1443.62,0.0,1443.62,690.35,Credit Card,Premium
SAL20250016282,2025-02-22,STR039,PRD00855,2,2084.62,0.05,3960.78,3051.1,Credit Card,Regular
SAL20250016283,2025-02-07,STR008,PRD00793,1,2445.38,0.0,2445.38,1405.41,UPI,Regular
SAL20250016284,2025-02-19,STR015,PRD00503,6,634.01,0.0,3804.06,3154.74,Net Banking,Premium
SAL20250016285,2025-02-17,STR004,PRD01091,4,5878.46,0.0,23513.84,11235.4,UPI,Walk-in
SAL20250016286,2025-02-24,STR039,PRD00112,1,3948.48,0.05,3751.06,3127.23,Credit Card,Premium
SAL20250016287,2025-02-05,STR001,PRD00450,2,377.7,0.0,755.4,581.08,Credit Card,Corporate
SAL20250016288,2025-02-16,STR036,PRD00279,1,704.62,0.05,669.39,445.92,Credit Card,Regular
SAL20250016289,2025-02-18,STR015,PRD00475,3,749.71,0.0,2249.13,1706.88,Debit Card,Regular
SAL20250016290,2025-02-24,STR030,PRD01011,4,265.01,0.0,1060.04,598.76,UPI,Walk-in
SAL20250016291,2025-02-11,STR025,PRD00941,3,737.4,0.0,2212.2,1533.27,UPI,Regular
SAL20250016292,2025-02-20,STR027,PRD00043,1,22998.01,0.0,22998.01,15302.97,Cash,Walk-in
SAL20250016293,2025-02-01,STR025,PRD00419,6,950.16,0.0,5700.96,4583.52,UPI,Regular
SAL20250016294,2025-02-26,STR028,PRD00180,1,3550.84,0.0,3550.84,2526.78,Credit Card,Regular
SAL20250016295,2025-02-21,STR029,PRD00639,2,160.88,0.0,321.76,204.82,Cash,Premium
SAL20250016296,2025-02-27,STR039,PRD00752,2,4535.72,0.0,9071.44,6045.78,Credit Card,Walk-in
SAL20250016297,2025-02-11,STR007,PRD00375,2,650.42,0.05,1235.8,730.12,UPI,Regular
SAL20250016298,2025-02-11,STR005,PRD00165,1,10264.9,0.0,10264.9,6671.83,UPI,Walk-in
SAL20250016299,2025-02-26,STR021,PRD00014,1,5918.05,0.0,5918.05,4586.64,UPI,Walk-in
SAL20250016300,2025-02-10,STR019,PRD01078,1,2107.38,0.0,2107.38,1315.89,UPI,Regular
SAL20250016301,2025-02-04,STR035,PRD00678,2,3485.6,0.0,6971.2,4509.82,UPI,Regular
SAL20250016302,2025-02-24,STR038,PRD00165,2,10264.9,0.05,19503.31,13343.66,Credit Card,Walk-in
SAL20250016303,2025-02-02,STR035,PRD00268,1,1061.68,0.0,1061.68,520.26,UPI,Regular
SAL20250016304,2025-02-24,STR016,PRD00241,2,7381.55,0.0,14763.1,11167.88,UPI,Regular
SAL20250016305,2025-02-07,STR012,PRD00585,6,401.86,0.0,2411.16,1737.9,Debit Card,Premium
SAL20250016306,2025-02-11,STR032,PRD00745,2,2529.52,0.0,5059.04,3658.36,UPI,Regular
SAL20250016307,2025-02-22,STR004,PRD00580,1,372.59,0.0,372.59,211.3,Cash,Regular
SAL20250016308,2025-02-28,STR031,PRD00127,1,14293.97,0.0,14293.97,10567.08,UPI,Regular
SAL20250016309,2025-02-26,STR003,PRD00498,10,178.55,0.0,1785.5,1381.5,Credit Card,Regular
SAL20250016310,2025-02-18,STR031,PRD00748,3,2656.98,0.0,7970.94,5446.14,Credit Card,Regular
SAL20250016311,2025-02-17,STR041,PRD00541,2,685.8,0.0,1371.6,811.14,Credit Card,Walk-in
SAL20250016312,2025-02-02,STR003,PRD00351,1,802.18,0.0,802.18,503.24,UPI,Regular
SAL20250016313,2025-02-08,STR037,PRD00913,1,3252.33,0.1,2927.1,2160.5,UPI,Regular
SAL20250016314,2025-02-15,STR036,PRD00947,2,413.13,0.0,826.26,416.04,UPI,Regular
SAL20250016315,2025-02-13,STR028,PRD01099,3,4242.7,0.0,12728.1,8165.55,Net Banking,Regular
SAL20250016316,2025-02-15,STR001,PRD00642,2,467.68,0.0,935.36,580.44,UPI,Corporate
SAL20250016317,2025-02-22,STR024,PRD00197,1,4849.89,0.0,4849.89,3779.03,UPI,Walk-in
SAL20250016318,2025-02-04,STR027,PRD00268,1,1061.68,0.0,1061.68,520.26,Cash,Regular
SAL20250016319,2025-02-06,STR023,PRD01123,1,3145.87,0.0,3145.87,1902.26,UPI,Walk-in
SAL20250016320,2025-02-19,STR031,PRD00827,1,3989.15,0.1,3590.24,2196.59,UPI,Regular
SAL20250016321,2025-02-13,STR006,PRD01179,1,3455.57,0.05,3282.79,2074.52,UPI,Regular
SAL20250016322,2025-02-03,STR028,PRD00283,1,917.06,0.05,871.21,431.47,UPI,Walk-in
SAL20250016323,2025-02-01,STR015,PRD00537,5,133.85,0.1,602.33,393.9,Debit Card,Walk-in
SAL20250016324,2025-02-19,STR031,PRD00742,1,3993.24,0.0,3993.24,2368.26,Credit Card,Corporate
SAL20250016325,2025-02-21,STR030,PRD00720,1,3749.56,0.0,3749.56,2104.95,Cash,Walk-in
SAL20250016326,2025-02-07,STR001,PRD01155,3,7374.97,0.0,22124.91,10982.73,Credit Card,Regular
SAL20250016327,2025-02-21,STR031,PRD01066,1,424.4,0.0,424.4,252.99,UPI,Regular
SAL20250016328,2025-02-28,STR020,PRD00629,1,197.41,0.0,197.41,137.09,UPI,Regular
SAL20250016329,2025-02-03,STR010,PRD00770,1,1474.46,0.0,1474.46,1090.39,UPI,Walk-in
SAL20250016330,2025-02-21,STR022,PRD00966,1,814.75,0.05,774.01,526.45,Debit Card,Regular
SAL20250016331,2025-02-13,STR030,PRD00070,1,15101.4,0.0,15101.4,11038.01,Cash,Regular
SAL20250016332,2025-02-15,STR013,PRD01003,3,278.9,0.0,836.7,438.96,Credit Card,Regular
SAL20250016333,2025-02-14,STR035,PRD00043,3,22998.01,0.0,68994.03,45908.91,UPI,Walk-in
SAL20250016334,2025-02-04,STR038,PRD01131,1,6280.13,0.0,6280.13,3425.53,UPI,Regular
SAL20250016335,2025-02-07,STR029,PRD00550,1,639.85,0.0,639.85,364.92,UPI,Walk-in
SAL20250016336,2025-02-12,STR036,PRD00438,1,638.02,0.0,638.02,486.89,UPI,Walk-in
SAL20250016337,2025-02-27,STR017,PRD01199,2,6549.57,0.05,12444.18,6793.3,Credit Card,Premium
SAL20250016338,2025-02-14,STR039,PRD00566,4,655.12,0.0,2620.48,1692.48,Debit Card,Regular
SAL20250016339,2025-02-22,STR019,PRD00228,1,4421.9,0.0,4421.9,2982.31,UPI,Regular
SAL20250016340,2025-02-23,STR007,PRD00595,1,524.85,0.0,524.85,364.52,Cash,Walk-in
SAL20250016341,2025-02-27,STR019,PRD00645,2,456.66,0.0,913.32,660.84,Debit Card,Walk-in
SAL20250016342,2025-02-18,STR026,PRD00420,1,876.02,0.0,876.02,742.57,Credit Card,Regular
SAL20250016343,2025-02-18,STR009,PRD00020,1,2507.15,0.05,2381.79,1948.29,Net Banking,Walk-in
SAL20250016344,2025-02-22,STR032,PRD00140,3,6378.06,0.0,19134.18,14555.1,Cash,Regular
SAL20250016345,2025-02-15,STR019,PRD01065,4,936.71,0.0,3746.84,1913.44,UPI,Regular
SAL20250016346,2025-02-19,STR001,PRD00299,2,1362.69,0.0,2725.38,1646.6,Credit Card,Premium
SAL20250016347,2025-02-12,STR033,PRD00737,1,1053.41,0.05,1000.74,753.37,UPI,Regular
SAL20250016348,2025-02-04,STR027,PRD01062,2,925.26,0.0,1850.52,1086.12,Cash,Regular
SAL20250016349,2025-02-08,STR031,PRD00490,2,177.23,0.0,354.46,276.62,UPI,Regular
SAL20250016350,2025-02-11,STR028,PRD01155,1,7374.97,0.0,7374.97,3660.91,Credit Card,Corporate
SAL20250016351,2025-02-17,STR035,PRD00595,2,524.85,0.0,1049.7,729.04,Credit Card,Premium
SAL20250016352,2025-02-24,STR018,PRD00515,2,551.51,0.1,992.72,946.42,UPI,Premium
SAL20250016353,2025-02-07,STR010,PRD00641,3,499.93,0.0,1499.79,999.36,Credit Card,Regular
SAL20250016354,2025-02-22,STR026,PRD01043,1,134.43,0.0,134.43,80.46,UPI,Regular
SAL20250016355,2025-02-08,STR023,PRD00177,1,10270.98,0.0,10270.98,7398.07,Cash,Walk-in
SAL20250016356,2025-02-26,STR013,PRD00340,3,956.64,0.0,2869.92,1668.24,Credit Card,Walk-in
SAL20250016357,2025-02-12,STR006,PRD00365,1,693.15,0.0,693.15,448.69,Credit Card,Corporate
SAL20250016358,2025-02-08,STR023,PRD01025,2,56.45,0.0,112.9,60.3,UPI,Premium
SAL20250016359,2025-02-18,STR030,PRD00210,1,8463.87,0.0,8463.87,5533.2,Cash,Regular
SAL20250016360,2025-02-25,STR008,PRD01019,1,948.07,0.0,948.07,489.75,UPI,Walk-in
SAL20250016361,2025-02-11,STR012,PRD00441,2,853.01,0.1,1535.42,1414.16,UPI,Regular
SAL20250016362,2025-02-14,STR021,PRD00672,2,4427.9,0.0,8855.8,6027.68,UPI,Walk-in
SAL20250016363,2025-02-26,STR007,PRD00499,2,309.01,0.0,618.02,531.08,Debit Card,Regular
SAL20250016364,2025-02-17,STR019,PRD00646,4,108.22,0.0,432.88,263.16,Credit Card,Walk-in
SAL20250016365,2025-02-11,STR010,PRD00293,2,859.61,0.0,1719.22,885.0,Debit Card,Corporate
SAL20250016366,2025-02-02,STR041,PRD00978,2,172.32,0.1,310.18,214.64,Credit Card,Walk-in
SAL20250016367,2025-02-10,STR005,PRD00630,4,612.41,0.0,2449.64,1445.8,UPI,Walk-in
SAL20250016368,2025-02-27,STR035,PRD00262,2,10754.4,0.0,21508.8,16126.88,Cash,Regular
SAL20250016369,2025-02-07,STR029,PRD00119,1,21410.34,0.0,21410.34,16034.57,Credit Card,Walk-in
SAL20250016370,2025-02-28,STR041,PRD00669,1,3235.01,0.05,3073.26,1886.76,UPI,Regular
SAL20250016371,2025-02-02,STR019,PRD01080,1,1721.88,0.0,1721.88,771.73,Cash,Walk-in
SAL20250016372,2025-02-19,STR002,PRD00411,3,779.25,0.0,2337.75,1895.55,Credit Card,Walk-in
SAL20250016373,2025-02-19,STR039,PRD00603,1,196.91,0.0,196.91,130.96,UPI,Walk-in
SAL20250016374,2025-02-13,STR030,PRD00719,1,4808.67,0.05,4568.24,2759.21,Credit Card,Walk-in
SAL20250016375,2025-02-01,STR023,PRD00857,1,3027.87,0.1,2725.08,2160.84,Credit Card,Premium
SAL20250016376,2025-02-16,STR013,PRD00636,3,685.82,0.0,2057.46,1357.32,UPI,Regular
SAL20250016377,2025-02-19,STR021,PRD00617,6,496.18,0.0,2977.08,2178.06,Debit Card,Walk-in
SAL20250016378,2025-02-20,STR018,PRD00115,1,5778.27,0.0,5778.27,4176.17,UPI,Walk-in
SAL20250016379,2025-02-07,STR020,PRD01026,2,512.0,0.0,1024.0,683.9,UPI,Walk-in
SAL20250016380,2025-02-21,STR036,PRD00970,1,370.51,0.1,333.46,239.77,UPI,Walk-in
SAL20250016381,2025-02-14,STR025,PRD00179,1,5253.14,0.0,5253.14,3207.54,Debit Card,Regular
SAL20250016382,2025-02-28,STR013,PRD00067,1,3694.12,0.0,3694.12,2694.72,UPI,Regular
SAL20250016383,2025-02-07,STR013,PRD00776,4,1145.74,0.0,4582.96,2739.04,UPI,Walk-in
SAL20250016384,2025-02-16,STR007,PRD00708,3,2849.79,0.0,8549.37,5649.45,Credit Card,Premium
SAL20250016385,2025-02-19,STR003,PRD01004,2,128.91,0.1,232.04,131.86,UPI,Regular
SAL20250016386,2025-02-25,STR036,PRD01195,2,6990.3,0.0,13980.6,6796.46,Debit Card,Walk-in
SAL20250016387,2025-02-15,STR037,PRD00699,1,2305.84,0.0,2305.84,1522.28,UPI,Regular
SAL20250016388,2025-02-09,STR001,PRD00527,10,938.3,0.05,8913.85,7412.7,Debit Card,Premium
SAL20250016389,2025-02-25,STR011,PRD00528,3,1118.04,0.0,3354.12,2839.02,UPI,Regular
SAL20250016390,2025-02-05,STR001,PRD00276,2,499.9,0.0,999.8,585.34,UPI,Regular
SAL20250016391,2025-02-22,STR034,PRD00203,1,6533.34,0.0,6533.34,4260.88,Credit Card,Premium
SAL20250016392,2025-02-08,STR028,PRD00730,1,3497.66,0.0,3497.66,2580.93,Cash,Walk-in
SAL20250016393,2025-02-16,STR003,PRD00090,1,8184.6,0.0,8184.6,5556.86,Cash,Regular
SAL20250016394,2025-02-06,STR018,PRD00484,2,678.16,0.0,1356.32,1135.08,Credit Card,Walk-in
SAL20250016395,2025-02-21,STR031,PRD01179,1,3455.57,0.1,3110.01,2074.52,UPI,Walk-in
SAL20250016396,2025-02-17,STR016,PRD00465,10,578.8,0.1,5209.2,4428.0,Credit Card,Regular
SAL20250016397,2025-02-25,STR039,PRD00946,2,937.06,0.0,1874.12,1051.16,UPI,Regular
SAL20250016398,2025-02-11,STR003,PRD00043,1,22998.01,0.05,21848.11,15302.97,UPI,Regular
SAL20250016399,2025-02-17,STR009,PRD00736,1,1942.77,0.05,1845.63,1241.55,Debit Card,Regular
SAL20250016400,2025-02-28,STR038,PRD00123,3,7408.15,0.0,22224.45,16764.36,Credit Card,Regular
SAL20250016401,2025-02-20,STR029,PRD00759,1,4285.9,0.0,4285.9,2644.58,Credit Card,Corporate
SAL20250016402,2025-02-22,STR032,PRD00057,1,2490.08,0.0,2490.08,2005.73,UPI,Walk-in
SAL20250016403,2025-02-02,STR030,PRD00194,1,5905.12,0.0,5905.12,4140.26,UPI,Premium
SAL20250016404,2025-02-09,STR023,PRD01151,1,7065.61,0.0,7065.61,3374.36,Cash,Walk-in
SAL20250016405,2025-02-20,STR031,PRD01109,2,5029.33,0.0,10058.66,5536.84,Credit Card,Walk-in
SAL20250016406,2025-02-27,STR022,PRD00774,1,2102.71,0.0,2102.71,1549.27,Debit Card,Walk-in
SAL20250016407,2025-02-06,STR001,PRD00137,1,8245.04,0.0,8245.04,6423.44,UPI,Regular
SAL20250016408,2025-02-27,STR039,PRD01200,1,1804.12,0.0,1804.12,865.8,Debit Card,Premium
SAL20250016409,2025-02-01,STR022,PRD00632,1,758.72,0.0,758.72,430.06,UPI,Walk-in
SAL20250016410,2025-02-03,STR002,PRD00452,1,1046.75,0.0,1046.75,879.65,Cash,Regular
SAL20250016411,2025-02-09,STR004,PRD00126,1,8140.39,0.0,8140.39,6131.32,Credit Card,Regular
SAL20250016412,2025-02-06,STR011,PRD00063,1,19546.78,0.0,19546.78,13446.97,UPI,Walk-in
SAL20250016413,2025-02-02,STR008,PRD00241,1,7381.55,0.0,7381.55,5583.94,Credit Card,Premium
SAL20250016414,2025-02-17,STR034,PRD00981,3,76.61,0.05,218.34,162.72,UPI,Walk-in
SAL20250016415,2025-02-16,STR013,PRD00913,2,3252.33,0.0,6504.66,4321.0,Credit Card,Walk-in
SAL20250016416,2025-02-02,STR039,PRD00077,1,14848.8,0.0,14848.8,12077.21,Debit Card,Walk-in
SAL20250016417,2025-02-17,STR041,PRD00457,2,726.05,0.0,1452.1,1098.78,UPI,Walk-in
SAL20250016418,2025-02-17,STR030,PRD00477,2,121.21,0.0,242.42,195.32,Net Banking,Walk-in
SAL20250016419,2025-02-15,STR004,PRD00842,1,1322.87,0.0,1322.87,956.88,UPI,Walk-in
SAL20250016420,2025-02-07,STR020,PRD00952,2,892.13,0.0,1784.26,1005.42,Credit Card,Walk-in
SAL20250016421,2025-02-11,STR027,PRD00614,1,52.25,0.0,52.25,34.28,UPI,Walk-in
SAL20250016422,2025-02-05,STR029,PRD00941,3,737.4,0.0,2212.2,1533.27,Credit Card,Walk-in
SAL20250016423,2025-02-03,STR040,PRD00345,1,670.76,0.0,670.76,393.88,Credit Card,Regular
SAL20250016424,2025-02-13,STR021,PRD00623,4,563.55,0.0,2254.2,1550.64,UPI,Regular
SAL20250016425,2025-02-09,STR012,PRD00705,1,488.73,0.0,488.73,328.43,UPI,Regular
SAL20250016426,2025-02-13,STR002,PRD00962,4,708.41,0.0,2833.64,1582.72,UPI,Premium
SAL20250016427,2025-02-18,STR031,PRD01027,3,412.95,0.0,1238.85,677.16,Credit Card,Walk-in
SAL20250016428,2025-02-27,STR017,PRD00882,3,3706.7,0.0,11120.1,6563.79,UPI,Regular
SAL20250016429,2025-02-02,STR040,PRD00865,2,2254.56,0.0,4509.12,2847.86,UPI,Walk-in
SAL20250016430,2025-02-22,STR028,PRD01073,1,4074.99,0.0,4074.99,2440.45,Credit Card,Premium
SAL20250016431,2025-02-07,STR033,PRD00225,1,9871.63,0.0,9871.63,6952.04,Credit Card,Regular
SAL20250016432,2025-02-17,STR026,PRD00076,1,13611.14,0.0,13611.14,10725.57,Credit Card,Regular
SAL20250016433,2025-02-07,STR031,PRD00868,1,1450.33,0.0,1450.33,912.21,Cash,Walk-in
SAL20250016434,2025-02-15,STR012,PRD00346,2,927.55,0.0,1855.1,1269.24,Credit Card,Premium
SAL20250016435,2025-02-18,STR021,PRD01150,1,4074.75,0.0,4074.75,2372.04,UPI,Regular
SAL20250016436,2025-02-03,STR012,PRD00130,1,17171.37,0.0,17171.37,12882.58,UPI,Regular
SAL20250016437,2025-02-12,STR017,PRD00728,1,5071.72,0.0,5071.72,3009.63,Debit Card,Walk-in
SAL20250016438,2025-02-17,STR016,PRD00901,2,3120.68,0.0,6241.36,4143.14,Credit Card,Premium
SAL20250016439,2025-02-15,STR009,PRD00334,1,796.78,0.1,717.1,400.76,Cash,Walk-in
SAL20250016440,2025-02-11,STR002,PRD00356,1,1354.34,0.0,1354.34,734.18,Net Banking,Walk-in
SAL20250016441,2025-02-07,STR020,PRD00165,1,10264.9,0.0,10264.9,6671.83,Credit Card,Regular
SAL20250016442,2025-02-17,STR011,PRD01105,1,2498.16,0.0,2498.16,1508.52,Credit Card,Regular
SAL20250016443,2025-02-01,STR028,PRD00311,1,936.08,0.0,936.08,578.34,UPI,Walk-in
SAL20250016444,2025-02-28,STR008,PRD00098,3,13136.22,0.1,35467.79,30618.03,UPI,Corporate
SAL20250016445,2025-02-06,STR036,PRD01018,5,139.93,0.0,699.65,444.0,Credit Card,Corporate
SAL20250016446,2025-02-20,STR025,PRD01082,1,1474.53,0.0,1474.53,797.26,Debit Card,Walk-in
SAL20250016447,2025-02-21,STR023,PRD00617,2,496.18,0.05,942.74,726.02,UPI,Premium
SAL20250016448,2025-02-18,STR001,PRD01058,1,211.57,0.1,190.41,145.02,Net Banking,Regular
SAL20250016449,2025-02-12,STR014,PRD00317,1,1393.76,0.1,1254.38,799.47,UPI,Walk-in
SAL20250016450,2025-02-24,STR009,PRD00757,1,1608.8,0.0,1608.8,1037.87,Debit Card,Regular
SAL20250016451,2025-02-26,STR036,PRD01016,1,253.56,0.1,228.2,161.4,UPI,Walk-in
SAL20250016452,2025-02-02,STR038,PRD00509,4,888.38,0.0,3553.52,2697.32,UPI,Premium
SAL20250016453,2025-02-11,STR010,PRD00171,1,6232.31,0.0,6232.31,4552.99,Net Banking,Regular
SAL20250016454,2025-02-13,STR030,PRD00701,1,4774.16,0.05,4535.45,3063.26,Credit Card,Corporate
SAL20250016455,2025-02-28,STR033,PRD01072,1,354.49,0.0,354.49,220.0,Cash,Regular
SAL20250016456,2025-02-24,STR019,PRD00103,1,4104.09,0.0,4104.09,2941.45,Net Banking,Walk-in
SAL20250016457,2025-02-06,STR022,PRD00182,1,1682.57,0.0,1682.57,1144.55,Credit Card,Premium
SAL20250016458,2025-02-03,STR015,PRD00731,2,2513.85,0.0,5027.7,3164.1,UPI,Premium
SAL20250016459,2025-02-23,STR031,PRD00597,1,765.55,0.0,765.55,443.82,Credit Card,Regular
SAL20250016460,2025-02-03,STR006,PRD00413,3,347.68,0.0,1043.04,900.93,UPI,Walk-in
SAL20250016461,2025-02-04,STR007,PRD00598,2,173.87,0.0,347.74,244.98,Credit Card,Walk-in
SAL20250016462,2025-02-15,STR022,PRD00705,1,488.73,0.0,488.73,328.43,UPI,Walk-in
SAL20250016463,2025-02-25,STR005,PRD00212,3,9559.41,0.0,28678.23,18782.91,Net Banking,Regular
SAL20250016464,2025-02-14,STR011,PRD00081,2,19888.54,0.0,39777.08,26212.76,Net Banking,Premium
SAL20250016465,2025-02-13,STR007,PRD01050,4,562.12,0.05,2136.06,1316.56,UPI,Regular
SAL20250016466,2025-02-26,STR007,PRD00007,2,20090.22,0.0,40180.44,30924.4,UPI,Premium
SAL20250016467,2025-02-25,STR028,PRD00618,4,249.13,0.0,996.52,732.12,Debit Card,Corporate
SAL20250016468,2025-02-03,STR040,PRD00571,1,201.22,0.0,201.22,143.49,UPI,Walk-in
SAL20250016469,2025-02-04,STR008,PRD00709,1,232.93,0.0,232.93,153.05,UPI,Regular
SAL20250016470,2025-02-03,STR013,PRD00912,1,532.47,0.0,532.47,306.3,Debit Card,Regular
SAL20250016471,2025-02-06,STR015,PRD00385,1,460.87,0.0,460.87,278.52,UPI,Corporate
SAL20250016472,2025-02-09,STR013,PRD00351,1,802.18,0.0,802.18,503.24,Net Banking,Regular
SAL20250016473,2025-02-11,STR009,PRD01144,1,2397.7,0.0,2397.7,1426.02,UPI,Regular
SAL20250016474,2025-02-01,STR031,PRD01127,3,730.99,0.05,2083.32,958.17,UPI,Premium
SAL20250016475,2025-02-12,STR031,PRD00179,1,5253.14,0.05,4990.48,3207.54,Credit Card,Regular
SAL20250016476,2025-02-18,STR012,PRD00558,3,353.1,0.0,1059.3,729.9,UPI,Premium
SAL20250016477,2025-02-21,STR008,PRD00394,1,327.5,0.0,327.5,218.51,UPI,Regular
SAL20250016478,2025-02-04,STR029,PRD00284,2,170.59,0.0,341.18,207.06,UPI,Premium
SAL20250016479,2025-02-21,STR004,PRD00206,1,10675.4,0.0,10675.4,6883.05,Credit Card,Regular
SAL20250016480,2025-02-22,STR017,PRD00235,1,11077.6,0.0,11077.6,6683.62,Credit Card,Walk-in
SAL20250016481,2025-02-03,STR027,PRD00755,2,511.82,0.1,921.28,688.62,UPI,Regular
SAL20250016482,2025-02-09,STR039,PRD00435,1,718.79,0.05,682.85,584.17,UPI,Walk-in
SAL20250016483,2025-02-25,STR006,PRD00907,1,1536.02,0.1,1382.42,976.87,UPI,Regular
SAL20250016484,2025-02-27,STR003,PRD00950,1,184.59,0.0,184.59,127.31,UPI,Regular
SAL20250016485,2025-02-25,STR038,PRD00727,2,737.62,0.0,1475.24,884.56,UPI,Regular
SAL20250016486,2025-02-15,STR038,PRD00226,1,3456.4,0.0,3456.4,2122.01,UPI,Regular
SAL20250016487,2025-02-22,STR020,PRD00564,5,566.41,0.1,2548.84,1739.85,UPI,Walk-in
SAL20250016488,2025-02-28,STR011,PRD00754,1,372.52,0.0,372.52,220.88,Cash,Regular
SAL20250016489,2025-02-15,STR033,PRD00369,1,1020.79,0.0,1020.79,482.49,Credit Card,Regular
SAL20250016490,2025-02-06,STR037,PRD00730,1,3497.66,0.0,3497.66,2580.93,Cash,Regular
SAL20250016491,2025-02-08,STR040,PRD00701,1,4774.16,0.0,4774.16,3063.26,Cash,Regular
SAL20250016492,2025-02-10,STR034,PRD00931,2,1839.81,0.0,3679.62,2493.76,UPI,Regular
SAL20250016493,2025-02-24,STR029,PRD00742,1,3993.24,0.1,3593.92,2368.26,Credit Card,Premium
SAL20250016494,2025-02-02,STR016,PRD00054,1,16291.52,0.0,16291.52,11840.34,Cash,Regular
SAL20250016495,2025-02-14,STR007,PRD01054,2,256.04,0.1,460.87,335.92,UPI,Regular
SAL20250016496,2025-02-22,STR028,PRD00975,4,912.31,0.0,3649.24,2394.0,UPI,Regular
SAL20250016497,2025-02-25,STR002,PRD00136,1,8242.41,0.0,8242.41,5641.21,Debit Card,Regular
SAL20250016498,2025-02-09,STR008,PRD00360,1,505.68,0.05,480.4,239.22,Credit Card,Regular
SAL20250016499,2025-02-16,STR024,PRD00848,2,2441.1,0.0,4882.2,3232.64,UPI,Walk-in
SAL20250016500,2025-02-16,STR040,PRD00491,1,675.67,0.0,675.67,526.71,UPI,Walk-in
SAL20250016501,2025-02-12,STR018,PRD00955,2,608.44,0.0,1216.88,821.8,UPI,Walk-in
SAL20250016502,2025-02-02,STR027,PRD00518,1,1000.64,0.0,1000.64,768.43,Debit Card,Walk-in
SAL20250016503,2025-02-01,STR020,PRD00999,3,1102.59,0.0,3307.77,1760.55,Net Banking,Premium
SAL20250016504,2025-02-14,STR027,PRD00340,1,956.64,0.0,956.64,556.08,Credit Card,Corporate
SAL20250016505,2025-02-07,STR003,PRD00514,4,1177.91,0.0,4711.64,3657.32,UPI,Regular
SAL20250016506,2025-02-05,STR021,PRD00691,1,1815.13,0.0,1815.13,1149.93,UPI,Regular
SAL20250016507,2025-02-20,STR010,PRD00789,2,4846.68,0.0,9693.36,5869.82,UPI,Walk-in
SAL20250016508,2025-02-25,STR036,PRD00213,1,7822.44,0.0,7822.44,5597.11,UPI,Regular
SAL20250016509,2025-02-23,STR015,,5,103.25,0.0,516.25,430.85,UPI,Regular
SAL20250016510,2025-02-04,STR021,PRD01016,1,253.56,0.0,253.56,161.4,Cash,Regular
SAL20250016511,2025-02-27,STR004,PRD00253,1,9663.5,0.0,9663.5,6717.07,UPI,Walk-in
SAL20250016512,2025-02-11,STR003,PRD01094,2,7758.5,0.0,15517.0,7594.34,Credit Card,Corporate
SAL20250016513,2025-02-04,STR009,PRD00067,2,3694.12,0.0,7388.24,5389.44,UPI,Regular
SAL20250016514,2025-02-24,STR031,PRD00907,1,1536.02,0.1,1382.42,976.87,UPI,Premium
SAL20250016515,2025-02-27,STR023,PRD01047,1,844.86,0.1,760.37,483.38,UPI,Regular
SAL20250016516,2025-02-19,STR019,PRD00882,2,3706.7,0.0,7413.4,4375.86,Credit Card,Walk-in
SAL20250016517,2025-02-10,STR038,PRD00813,4,3086.68,0.0,12346.72,8037.64,Credit Card,Corporate
SAL20250016518,2025-02-09,STR002,PRD00728,1,5071.72,0.0,5071.72,3009.63,Credit Card,Walk-in
SAL20250016519,2025-02-07,STR005,PRD00370,1,676.23,0.0,676.23,451.33,UPI,Regular
SAL20250016520,2025-02-09,STR033,PRD00472,1,554.85,0.0,554.85,444.9,Cash,Walk-in
SAL20250016521,2025-02-24,STR039,PRD00387,1,446.12,0.0,446.12,248.3,Credit Card,Regular
SAL20250016522,2025-02-15,STR040,PRD00597,2,765.55,0.0,1531.1,887.64,Cash,Regular
SAL20250016523,2025-02-13,STR016,PRD00635,6,332.03,0.05,1892.57,1243.8,Credit Card,Regular
SAL20250016524,2025-02-14,STR001,PRD01157,1,8076.82,0.0,8076.82,4265.41,UPI,Premium
SAL20250016525,2025-02-02,STR003,PRD00451,1,641.37,0.0,641.37,505.23,Credit Card,Walk-in
SAL20250016526,2025-02-09,STR013,PRD00234,1,3859.31,0.0,3859.31,2374.04,UPI,Walk-in
SAL20250016527,2025-02-25,STR009,PRD00753,1,4495.87,0.0,4495.87,2621.72,Net Banking,Regular
SAL20250016528,2025-02-18,STR005,PRD00001,1,21322.84,0.0,21322.84,15337.08,Credit Card,Premium
SAL20250016529,2025-02-04,STR023,PRD01062,1,925.26,0.0,925.26,543.06,Credit Card,Premium
SAL20250016530,2025-02-05,STR039,PRD00624,1,124.7,0.05,118.47,87.08,Credit Card,Regular
SAL20250016531,2025-02-13,STR010,PRD00592,6,365.4,0.0,2192.4,1309.74,Debit Card,Regular
SAL20250016532,2025-02-18,STR016,PRD00620,6,556.49,0.0,3338.94,1954.02,Debit Card,Regular
SAL20250016533,2025-02-28,STR011,PRD00998,5,883.36,0.0,4416.8,2249.45,UPI,Regular
SAL20250016534,2025-02-08,STR036,PRD00674,4,2861.74,0.05,10874.61,6362.36,UPI,Regular
SAL20250016535,2025-02-25,STR007,PRD00895,1,472.54,0.0,472.54,297.4,UPI,Premium
SAL20250016536,2025-02-14,STR019,PRD00384,2,1012.08,0.0,2024.16,1027.28,UPI,Regular
SAL20250016537,2025-02-19,STR029,PRD00496,4,1047.75,0.0,4191.0,3609.76,Credit Card,Regular
SAL20250016538,2025-02-23,STR012,PRD00167,1,8410.2,0.1,7569.18,5523.21,Debit Card,Walk-in
SAL20250016539,2025-02-07,STR013,PRD00060,1,15273.35,0.05,14509.68,10531.53,UPI,Walk-in
SAL20250016540,2025-02-20,STR011,PRD00973,1,291.44,0.0,291.44,156.91,Credit Card,Regular
SAL20250016541,2025-02-26,STR017,PRD01037,3,431.13,0.0,1293.39,696.57,Net Banking,Walk-in
SAL20250016542,2025-02-26,STR020,PRD00799,3,3907.93,0.0,11723.79,7375.74,UPI,Walk-in
SAL20250016543,2025-02-04,STR039,PRD00168,1,8820.25,0.0,8820.25,6611.06,Cash,Premium
SAL20250016544,2025-02-01,STR017,PRD00711,1,1868.86,0.0,1868.86,1355.68,Net Banking,Premium
SAL20250016545,2025-02-09,STR020,PRD00233,2,9134.67,0.1,16442.41,14209.68,UPI,Regular
SAL20250016546,2025-02-09,STR016,PRD00508,1,125.21,0.0,125.21,109.93,UPI,Regular
SAL20250016547,2025-02-13,STR008,PRD00624,1,124.7,0.0,124.7,87.08,Net Banking,Regular
SAL20250016548,2025-02-03,STR033,PRD00564,2,566.41,0.1,1019.54,695.94,UPI,Regular
SAL20250016549,2025-02-22,STR012,PRD00464,3,598.64,0.0,1795.92,1375.47,Net Banking,Premium
SAL20250016550,2025-02-22,STR018,PRD00457,4,726.05,0.0,2904.2,2197.56,UPI,Walk-in
SAL20250016551,2025-02-28,STR007,PRD00960,1,572.91,0.0,572.91,382.4,UPI,Corporate
SAL20250016552,2025-02-04,STR020,PRD01069,3,2127.71,0.0,6383.13,3251.55,Net Banking,Regular
SAL20250016553,2025-02-01,STR041,PRD00781,1,2809.53,0.05,2669.05,2070.84,Credit Card,Regular
SAL20250016554,2025-02-11,STR019,PRD01002,3,98.3,0.0,294.9,167.07,UPI,Walk-in
SAL20250016555,2025-02-11,STR010,PRD00851,1,2659.29,0.0,2659.29,1927.39,Debit Card,Regular
SAL20250016556,2025-02-13,STR005,PRD01003,3,278.9,0.1,753.03,438.96,Credit Card,Walk-in
SAL20250016557,2025-02-10,STR027,PRD00602,3,328.03,0.05,934.89,621.84,UPI,Walk-in
SAL20250016558,2025-02-14,STR028,PRD00364,1,296.2,0.1,266.58,195.69,Credit Card,Premium
SAL20250016559,2025-02-17,STR004,PRD00210,1,8463.87,0.0,8463.87,5533.2,Credit Card,Regular
SAL20250016560,2025-02-03,STR026,PRD01033,2,703.74,0.0,1407.48,757.38,Credit Card,Regular
SAL20250016561,2025-02-05,STR006,PRD01086,2,5541.98,0.0,11083.96,6444.84,UPI,Regular
SAL20250016562,2025-02-25,STR008,PRD00963,2,93.93,0.1,169.07,127.52,Debit Card,Regular
SAL20250016563,2025-02-25,STR011,PRD00796,1,462.4,0.0,462.4,329.9,UPI,Walk-in
SAL20250016564,2025-02-03,STR013,PRD01003,5,278.9,0.0,1394.5,731.6,UPI,Walk-in
SAL20250016565,2025-02-21,STR038,PRD00401,3,743.9,0.0,2231.7,1885.2,Cash,Walk-in
SAL20250016566,2025-02-27,STR040,PRD00704,1,1185.8,0.0,1185.8,707.14,UPI,Regular
SAL20250016567,2025-02-14,STR036,PRD00679,2,2876.53,0.1,5177.75,3731.08,Debit Card,Regular
SAL20250016568,2025-02-06,STR008,PRD00900,1,3167.3,0.05,3008.93,1961.05,UPI,Premium
SAL20250016569,2025-02-18,STR032,PRD01147,3,6760.77,0.0,20282.31,11589.84,UPI,Corporate
SAL20250016570,2025-02-14,STR008,PRD00643,1,345.09,0.0,345.09,217.6,UPI,Regular
SAL20250016571,2025-02-06,STR011,PRD00068,1,10777.06,0.0,10777.06,8694.54,Debit Card,Regular
SAL20250016572,2025-02-04,STR008,PRD00045,1,17414.18,0.05,16543.47,13822.18,Credit Card,Regular
SAL20250016573,2025-02-17,STR021,PRD01153,1,5497.78,0.0,5497.78,2499.55,UPI,Premium
SAL20250016574,2025-02-10,STR007,PRD01150,2,4074.75,0.0,8149.5,4744.08,Cash,Regular
SAL20250016575,2025-02-27,STR031,PRD00237,1,9971.54,0.05,9472.96,6463.12,UPI,Premium
SAL20250016576,2025-02-01,STR029,PRD00441,1,853.01,0.0,853.01,707.08,UPI,Regular
SAL20250016577,2025-02-20,STR009,PRD00269,1,151.87,0.0,151.87,99.82,UPI,Regular
SAL20250016578,2025-02-16,STR017,PRD00227,3,5367.28,0.1,14491.66,10702.95,Cash,Walk-in
SAL20250016579,2025-02-09,STR002,PRD00509,2,888.38,0.05,1687.92,1348.66,Credit Card,Regular
SAL20250016580,2025-02-02,STR019,PRD00969,2,147.34,0.0,294.68,152.48,Cash,Walk-in
SAL20250016581,2025-02-18,STR029,PRD00589,1,435.23,0.0,435.23,254.04,Credit Card,Regular
SAL20250016582,2025-02-02,STR023,PRD00870,3,2808.24,0.0,8424.72,4856.04,Debit Card,Walk-in
SAL20250016583,2025-02-16,STR009,PRD00642,2,467.68,0.0,935.36,580.44,UPI,Corporate
SAL20250016584,2025-02-20,STR016,PRD01018,2,139.93,0.0,279.86,177.6,Cash,Regular
SAL20250016585,2025-02-10,STR005,PRD00261,1,8333.44,0.0,8333.44,5118.51,Cash,Walk-in
SAL20250016586,2025-02-15,STR001,PRD01121,2,2103.52,0.0,4207.04,1949.16,UPI,Regular
SAL20250016587,2025-02-25,STR019,PRD01082,2,1474.53,0.0,2949.06,1594.52,UPI,Corporate
SAL20250016588,2025-02-25,STR040,PRD00803,4,2033.91,0.0,8135.64,4898.96,Credit Card,Regular
SAL20250016589,2025-02-24,STR009,PRD00915,2,703.59,0.05,1336.82,926.3,UPI,Regular
SAL20250016590,2025-02-04,STR020,PRD00978,2,172.32,0.0,344.64,214.64,Cash,Regular
SAL20250016591,2025-02-11,STR022,PRD00533,1,799.67,0.0,799.67,662.06,Debit Card,Walk-in
SAL20250016592,2025-02-01,STR032,PRD00002,2,1289.58,0.05,2450.2,1741.8,UPI,Premium
SAL20250016593,2025-02-02,STR031,,5,833.51,0.0,4167.55,3458.95,Debit Card,Regular
SAL20250016594,2025-02-21,STR041,PRD00318,1,184.33,0.0,184.33,118.77,Cash,Regular
SAL20250016595,2025-02-17,STR028,PRD01037,1,431.13,0.0,431.13,232.19,Cash,Walk-in
SAL20250016596,2025-02-20,STR006,PRD00737,1,1053.41,0.05,1000.74,753.37,UPI,Regular
SAL20250016597,2025-02-15,STR030,PRD00970,1,370.51,0.0,370.51,239.77,UPI,Regular
SAL20250016598,2025-02-06,STR007,PRD00635,2,332.03,0.0,664.06,414.6,Debit Card,Regular
SAL20250016599,2025-02-12,STR017,PRD00633,1,365.95,0.0,365.95,212.9,UPI,Regular
SAL20250016600,2025-02-15,STR031,PRD01154,1,1216.46,0.0,1216.46,611.46,Net Banking,Premium
SAL20250016601,2025-02-03,STR025,PRD00268,2,1061.68,0.1,1911.02,1040.52,UPI,Regular
SAL20250016602,2025-02-26,STR003,PRD00839,2,2839.58,0.0,5679.16,3629.94,Credit Card,Walk-in
SAL20250016603,2025-02-17,STR033,PRD00705,2,488.73,0.0,977.46,656.86,Cash,Regular
SAL20250016604,2025-02-14,STR033,PRD00427,1,558.44,0.0,558.44,484.26,Debit Card,Walk-in
SAL20250016605,2025-02-15,STR012,PRD00134,1,19404.79,0.1,17464.31,14953.78,Credit Card,Regular
SAL20250016606,2025-02-25,STR040,PRD01134,1,5914.46,0.1,5323.01,2929.32,Credit Card,Walk-in
SAL20250016607,2025-02-11,STR013,PRD00686,1,3692.38,0.0,3692.38,2113.83,UPI,Regular
SAL20250016608,2025-02-15,STR037,PRD00618,2,249.13,0.0,498.26,366.06,Net Banking,Regular
SAL20250016609,2025-02-06,STR021,PRD01119,1,9164.59,0.0,9164.59,4378.4,Debit Card,Regular
SAL20250016610,2025-02-11,STR017,PRD00057,2,2490.08,0.0,4980.16,4011.46,UPI,Walk-in
SAL20250016611,2025-02-19,STR011,PRD00703,1,940.1,0.0,940.1,700.55,Credit Card,Regular
SAL20250016612,2025-02-13,STR010,PRD00391,3,716.46,0.0,2149.38,1042.23,UPI,Regular
SAL20250016613,2025-02-07,STR012,PRD00163,1,12710.38,0.0,12710.38,7712.99,Credit Card,Walk-in
SAL20250016614,2025-02-23,STR027,PRD01159,1,3270.67,0.0,3270.67,1499.26,UPI,Walk-in
SAL20250016615,2025-02-13,STR040,PRD00484,1,678.16,0.0,678.16,567.54,Credit Card,Regular
SAL20250016616,2025-02-12,STR029,PRD00063,1,19546.78,0.0,19546.78,13446.97,UPI,Walk-in
SAL20250016617,2025-02-16,STR037,PRD00836,1,605.3,0.0,605.3,408.12,Debit Card,Regular
SAL20250016618,2025-02-11,,PRD00608,2,314.95,0.0,629.9,468.28,Debit Card,Corporate
SAL20250016619,2025-02-03,STR024,PRD00068,1,10777.06,0.05,10238.21,8694.54,UPI,Walk-in
SAL20250016620,2025-02-01,STR001,PRD00173,1,9167.15,0.0,9167.15,5751.32,UPI,Corporate
SAL20250016621,2025-02-21,STR030,PRD00384,1,1012.08,0.0,1012.08,513.64,Credit Card,Premium
SAL20250016622,2025-02-28,STR016,PRD00723,2,1757.3,0.0,3514.6,2195.92,Credit Card,Walk-in
SAL20250016623,2025-02-15,STR014,PRD01010,2,762.29,0.0,1524.58,799.04,UPI,Regular
SAL20250016624,2025-02-26,STR011,PRD00979,1,62.69,0.05,59.56,37.43,UPI,Walk-in
SAL20250016625,2025-02-10,STR026,PRD00501,3,707.96,0.05,2017.69,1642.05,Credit Card,Regular
SAL20250016626,2025-02-09,STR011,PRD00025,2,2348.16,0.0,4696.32,3234.1,Cash,Corporate
SAL20250016627,2025-02-24,STR026,PRD00642,2,467.68,0.0,935.36,580.44,UPI,Regular
SAL20250016628,2025-02-12,STR014,PRD00675,1,1206.06,0.05,1145.76,758.43,UPI,Regular
SAL20250016629,2025-02-19,STR021,PRD01108,1,4924.79,0.0,4924.79,2289.5,Credit Card,Premium
SAL20250016630,2025-02-12,STR024,PRD00503,2,634.01,0.0,1268.02,1051.58,UPI,Regular
SAL20250016631,2025-02-17,STR032,PRD00974,2,202.7,0.1,364.86,213.52,UPI,Walk-in
SAL20250016632,2025-02-09,STR039,PRD00106,1,3614.0,0.1,3252.6,2487.36,UPI,Walk-in
SAL20250016633,2025-02-01,STR029,PRD00982,3,104.72,0.0,314.16,175.02,Credit Card,Regular
SAL20250016634,2026-05-15,STR039,PRD00615,4,478.74,0.0,1914.96,1357.36,UPI,Regular
SAL20250016635,2025-02-21,STR038,PRD00054,2,16291.52,0.0,32583.04,23680.68,UPI,Premium
SAL20250016636,2025-02-11,STR005,PRD00850,1,1897.52,0.05,1802.64,1235.07,UPI,Corporate
SAL20250016637,2025-02-01,STR034,PRD01004,4,128.91,0.0,515.64,263.72,Debit Card,Walk-in
SAL20250016638,2025-02-22,STR004,PRD00322,1,839.74,0.05,797.75,587.36,Credit Card,Walk-in
SAL20250016639,2025-02-08,STR040,PRD00276,1,499.9,0.0,499.9,292.67,UPI,Regular
SAL20250016640,2025-02-02,STR004,PRD00792,1,5089.33,0.0,5089.33,2925.34,UPI,Regular
SAL20250016641,2025-02-07,STR009,PRD00657,1,272.71,0.0,272.71,160.84,UPI,Regular
SAL20250016642,2025-02-27,STR039,PRD01120,1,8969.51,0.0,8969.51,4399.96,UPI,Walk-in
SAL20250016643,2025-02-16,STR030,PRD00842,4,1322.87,0.0,5291.48,3827.52,Credit Card,Regular
SAL20250016644,2025-02-16,STR041,PRD00615,1,478.74,0.0,478.74,339.34,Credit Card,Premium
SAL20250016645,2025-02-16,STR008,PRD00530,10,663.27,0.0,6632.7,5620.7,UPI,Walk-in
SAL20250016646,2025-02-18,STR017,PRD00305,1,1134.36,0.0,1134.36,615.3,UPI,Walk-in
SAL20250016647,2025-02-23,STR005,PRD00473,1,113.62,0.0,113.62,94.83,Credit Card,Walk-in
SAL20250016648,2025-02-20,STR037,PRD00022,1,22149.39,0.0,22149.39,16337.37,Debit Card,Walk-in
SAL20250016649,2025-02-08,STR016,PRD00937,2,262.48,0.0,524.96,355.12,UPI,Corporate
SAL20250016650,2025-02-14,STR030,PRD00359,1,1383.56,0.0,1383.56,643.64,UPI,Regular
SAL20250016651,2025-02-15,STR006,PRD01134,2,5914.46,0.0,11828.92,5858.64,UPI,Walk-in
SAL20250016652,2025-02-11,STR011,PRD00661,2,443.39,0.0,886.78,567.36,Credit Card,Walk-in
SAL20250016653,2025-02-26,STR017,PRD00575,2,90.77,0.0,181.54,134.16,Debit Card,Premium
SAL20250016654,2025-02-10,STR028,PRD00720,2,3749.56,0.05,7124.16,4209.9,UPI,Regular
SAL20250016655,2025-02-26,STR033,PRD00245,2,6730.38,0.0,13460.76,8858.62,Cash,Regular
SAL20250016656,2025-02-15,STR014,PRD00302,1,486.18,0.1,437.56,225.09,Credit Card,Walk-in
SAL20250016657,2025-02-04,STR025,PRD00482,1,411.59,0.0,411.59,344.12,UPI,Walk-in
SAL20250016658,2025-02-06,STR025,PRD01150,2,4074.75,0.0,8149.5,4744.08,UPI,Walk-in
SAL20250016659,2025-02-03,STR040,PRD00500,6,936.13,0.0,5616.78,4545.18,UPI,Regular
SAL20250016660,2025-02-19,STR016,PRD00127,1,14293.97,0.0,14293.97,10567.08,UPI,Walk-in
SAL20250016661,2025-02-21,STR010,PRD00866,1,1023.05,0.0,1023.05,622.37,UPI,Premium
SAL20250016662,2025-02-03,STR022,PRD00321,1,1442.95,0.0,1442.95,715.49,UPI,Regular
SAL20250016663,2025-02-17,STR037,PRD01041,1,954.2,0.0,954.2,532.81,UPI,Regular
SAL20250016664,2025-02-18,STR039,PRD00659,1,294.97,0.0,294.97,218.84,UPI,Regular
SAL20250016665,2025-02-17,STR028,PRD00117,1,5653.79,0.0,5653.79,4053.02,Debit Card,Corporate
SAL20250016666,2025-02-24,STR001,PRD00311,1,936.08,0.0,936.08,578.34,UPI,Regular
SAL20250016667,2025-02-23,STR017,PRD00746,3,2299.94,0.0,6899.82,4578.03,UPI,Regular
SAL20250016668,2025-02-10,STR001,PRD01121,1,2103.52,0.0,2103.52,974.58,Net Banking,Walk-in
SAL20250016669,2025-02-19,STR023,,2,134.43,0.1,241.97,160.92,UPI,Regular
SAL20250016670,2025-02-05,STR033,PRD00858,1,1066.62,0.0,1066.62,695.16,Debit Card,Premium
SAL20250016671,2025-02-01,STR035,PRD00844,3,3943.03,0.0,11829.09,6673.71,Credit Card,Premium
SAL20250016672,2025-02-03,STR041,PRD00176,1,4757.11,0.0,4757.11,2887.26,Credit Card,Walk-in
SAL20250016673,2025-02-12,STR016,PRD00811,4,243.22,0.1,875.59,563.8,UPI,Regular
SAL20250016674,2025-02-15,STR033,PRD00530,4,663.27,0.05,2520.43,2248.28,Cash,Walk-in
SAL20250016675,2025-02-25,STR004,PRD00369,3,1020.79,0.0,3062.37,1447.47,UPI,Regular
SAL20250016676,2025-02-16,STR007,PRD00313,2,1406.36,0.0,2812.72,1278.68,UPI,Regular
SAL20250016677,2025-02-18,STR041,PRD00235,1,11077.6,0.1,9969.84,6683.62,Credit Card,Corporate
SAL20250016678,2025-02-17,STR019,PRD01102,1,845.86,0.0,845.86,353.36,UPI,Walk-in
SAL20250016679,2025-02-21,STR015,PRD00150,1,1288.03,0.0,1288.03,897.46,Cash,Regular
SAL20250016680,2025-02-19,STR034,PRD00553,2,150.28,0.05,285.53,174.22,UPI,Regular
SAL20250016681,2025-02-28,STR002,PRD00659,4,294.97,0.0,1179.88,875.36,Debit Card,Walk-in
SAL20250016682,2025-02-15,STR029,PRD01046,1,946.12,0.05,898.81,526.29,UPI,Walk-in
SAL20250016683,2025-02-01,STR011,PRD00600,1,709.55,0.0,709.55,469.16,UPI,Regular
SAL20250016684,2025-02-20,STR029,PRD00521,4,947.8,0.0,3791.2,3330.4,UPI,Regular
SAL20250016685,2025-02-09,STR003,PRD00430,2,129.33,0.0,258.66,217.4,Credit Card,Walk-in
SAL20250016686,2025-02-12,STR039,PRD00668,1,302.1,0.0,302.1,216.54,Credit Card,Regular
SAL20250016687,2025-02-06,STR031,PRD00560,1,314.33,0.0,314.33,218.79,Debit Card,Walk-in
SAL20250016688,2025-02-23,STR037,PRD00419,3,950.16,0.0,2850.48,2291.76,UPI,Premium
SAL20250016689,2025-02-09,STR022,PRD00827,3,3989.15,0.05,11369.08,6589.77,UPI,Regular
SAL20250016690,2025-02-22,STR002,PRD01031,1,1036.47,0.0,1036.47,523.37,Debit Card,Walk-in
SAL20250016691,2025-02-27,STR004,PRD00285,2,1499.26,0.0,2998.52,1537.52,Credit Card,Regular
SAL20250016692,2025-02-11,STR025,PRD00074,1,17249.82,0.05,16387.33,11809.64,UPI,Premium
SAL20250016693,2025-02-26,STR023,PRD00996,2,577.22,0.0,1154.44,658.78,UPI,Walk-in
SAL20250016694,2025-02-23,STR002,PRD00848,1,2441.1,0.0,2441.1,1616.32,UPI,Premium
SAL20250016695,2025-02-22,STR014,PRD00838,3,1522.8,0.0,4568.4,3140.55,Net Banking,Walk-in
SAL20250016696,2025-02-11,STR037,PRD00252,1,10910.07,0.0,10910.07,7523.25,Debit Card,Regular
SAL20250016697,2025-02-28,STR036,PRD00412,1,576.41,0.0,576.41,454.75,Debit Card,Walk-in
SAL20250016698,2025-02-15,STR027,PRD01155,4,7374.97,0.0,29499.88,14643.64,Credit Card,Regular
SAL20250016699,2025-02-11,STR025,PRD00994,4,1224.56,0.0,4898.24,2532.76,Credit Card,Walk-in
SAL20250016700,2025-02-06,STR002,PRD00292,1,975.97,0.0,975.97,491.67,UPI,Walk-in
SAL20250016701,2025-02-07,STR037,PRD00596,1,666.12,0.05,632.81,397.91,UPI,Regular
SAL20250016702,2025-02-27,STR021,PRD00147,1,10113.79,0.05,9608.1,6299.23,Cash,Premium
SAL20250016703,2025-02-28,STR034,PRD00283,1,917.06,0.0,917.06,431.47,UPI,Regular
SAL20250016704,2025-02-25,STR032,PRD00944,2,197.23,0.0,394.46,255.64,Debit Card,Walk-in
SAL20250016705,2025-02-03,STR011,PRD00029,1,24663.79,0.05,23430.6,16157.43,UPI,Walk-in
SAL20250016706,2025-02-01,STR029,PRD00916,1,3924.97,0.0,3924.97,2270.78,UPI,Walk-in
SAL20250016707,2025-02-03,STR009,PRD00430,1,129.33,0.0,129.33,108.7,Debit Card,Regular
SAL20250016708,2025-02-18,STR025,PRD00902,1,258.19,0.0,258.19,154.07,Credit Card,Regular
SAL20250016709,2025-02-06,STR037,PRD00719,2,4808.67,0.1,8655.61,5518.42,Cash,Regular
SAL20250016710,2025-02-27,STR033,PRD00423,1,256.23,0.0,256.23,213.9,UPI,Premium
SAL20250016711,2025-02-16,STR010,PRD00549,1,585.62,0.0,585.62,382.4,UPI,Premium
SAL20250016712,2025-02-18,STR017,PRD01193,1,1712.13,0.0,1712.13,1034.91,Debit Card,Regular
SAL20250016713,2025-02-13,STR037,PRD00583,3,704.61,0.0,2113.83,1312.77,Debit Card,Regular
SAL20250016714,2025-02-03,STR021,PRD00723,1,1757.3,0.0,1757.3,1097.96,Net Banking,Premium
SAL20250016715,2025-02-21,STR009,PRD01172,2,1132.5,0.0,2265.0,1156.12,Net Banking,Corporate
SAL20250016716,2025-02-05,STR034,PRD00390,1,1246.69,0.1,1122.02,785.33,UPI,Walk-in
SAL20250016717,2025-02-23,STR033,PRD00043,1,22998.01,0.0,22998.01,15302.97,Debit Card,Premium
SAL20250016718,2025-02-10,STR012,PRD00550,1,639.85,0.1,575.87,364.92,UPI,Walk-in
SAL20250016719,2025-02-19,STR031,PRD00110,1,26501.66,0.0,26501.66,18492.65,UPI,Regular
SAL20250016720,2025-02-11,STR020,PRD01112,2,3077.42,0.0,6154.84,3116.38,UPI,Regular
SAL20250016721,2025-02-19,STR011,PRD01030,2,525.24,0.0,1050.48,635.14,Credit Card,Premium
SAL20250016722,2025-02-13,STR011,PRD00494,4,893.47,0.0,3573.88,2730.92,UPI,Regular
SAL20250016723,2025-02-02,STR007,PRD00492,3,431.72,0.0,1295.16,1086.12,Credit Card,Regular
SAL20250016724,2025-02-06,STR002,PRD01050,2,562.12,0.1,1011.82,658.28,Cash,Regular
SAL20250016725,2025-02-15,STR021,PRD00078,1,9036.37,0.0,9036.37,6491.36,Net Banking,Walk-in
SAL20250016726,2025-02-11,STR041,PRD00803,1,2033.91,0.0,2033.91,1224.74,UPI,Walk-in
SAL20250016727,2025-02-18,STR012,PRD00292,1,975.97,0.0,975.97,491.67,UPI,Regular
SAL20250016728,2025-02-05,STR035,PRD00806,1,330.79,0.0,330.79,186.63,Credit Card,Walk-in
SAL20250016729,2025-02-19,STR019,PRD00602,10,328.03,0.05,3116.28,2072.8,Debit Card,Regular
SAL20250016730,2025-02-19,STR011,PRD00031,1,18632.2,0.0,18632.2,13903.81,UPI,Regular
SAL20250016731,2025-02-14,STR007,PRD00558,2,353.1,0.0,706.2,486.6,UPI,Walk-in
SAL20250016732,2025-02-11,STR016,PRD00687,2,2662.45,0.0,5324.9,3578.34,Credit Card,Regular
SAL20250016733,2025-02-19,STR004,PRD00848,1,2441.1,0.0,2441.1,1616.32,Debit Card,Walk-in
SAL20250016734,2025-02-26,STR021,PRD00782,3,3353.32,0.05,9556.96,5872.56,UPI,Premium
SAL20250016735,2025-02-02,STR013,PRD00759,3,4285.9,0.0,12857.7,7933.74,UPI,Regular
SAL20250016736,2025-02-02,STR002,PRD00837,1,4012.56,0.0,4012.56,2368.64,Credit Card,Regular
SAL20250016737,2025-02-07,STR014,PRD01076,1,4373.35,0.05,4154.68,2595.55,UPI,Regular
SAL20250016738,2025-02-15,STR021,PRD00418,1,378.6,0.0,378.6,315.43,UPI,Regular
SAL20250016739,2025-02-14,STR009,PRD00496,1,1047.75,0.1,942.98,902.44,Credit Card,Walk-in
SAL20250016740,2025-02-21,STR007,PRD00037,1,21728.77,0.0,21728.77,16760.42,Debit Card,Walk-in
SAL20250016741,2025-02-14,STR017,PRD00940,5,57.11,0.0,285.55,194.3,UPI,Regular
SAL20250016742,2025-02-06,STR029,PRD01142,3,3878.91,0.0,11636.73,6794.37,Cash,Regular
SAL20250016743,2025-02-20,STR020,PRD01087,1,7006.0,0.0,7006.0,3419.72,Credit Card,Regular
SAL20250016744,2025-02-28,STR022,PRD00429,3,725.58,0.05,2067.9,1650.03,UPI,Walk-in
SAL20250016745,2025-02-17,STR001,PRD01054,4,256.04,0.0,1024.16,671.84,UPI,Walk-in
SAL20250016746,2025-02-23,STR003,PRD01163,1,6199.15,0.0,6199.15,3716.06,UPI,Walk-in
SAL20250016747,2025-02-03,STR001,PRD00020,1,2507.15,0.0,2507.15,1948.29,Debit Card,Regular
SAL20250016748,2025-02-23,STR004,PRD00526,4,712.58,0.0,2850.32,2368.96,UPI,Walk-in
SAL20250016749,2025-02-07,STR010,PRD00679,2,2876.53,0.0,5753.06,3731.08,UPI,Walk-in
SAL20250016750,2025-02-06,STR019,PRD00638,1,188.95,0.0,188.95,115.21,Net Banking,Walk-in
SAL20250016751,2025-02-10,STR032,PRD01093,4,4476.19,0.05,17009.52,11548.08,Credit Card,Regular
SAL20250016752,2025-02-05,STR002,PRD00355,2,304.11,0.0,608.22,327.6,UPI,Regular
SAL20250016753,2025-02-04,STR027,PRD00126,1,8140.39,0.0,8140.39,6131.32,UPI,Walk-in
SAL20250016754,2025-02-28,STR018,PRD01166,2,3220.85,0.0,6441.7,3320.86,UPI,Regular
SAL20250016755,2025-02-12,STR005,PRD00177,1,10270.98,0.0,10270.98,7398.07,Cash,Regular
SAL20250016756,2025-02-13,STR036,PRD01147,1,6760.77,0.0,6760.77,3863.28,Cash,Walk-in
SAL20250016757,2025-02-11,STR041,PRD00480,1,103.25,0.0,103.25,86.17,Cash,Premium
SAL20250016758,2025-02-08,STR039,PRD00167,1,8410.2,0.05,7989.69,5523.21,Credit Card,Walk-in
SAL20250016759,2025-02-20,STR030,PRD00458,2,587.81,0.0,1175.62,891.84,Debit Card,Walk-in
SAL20250016760,2025-02-03,STR026,PRD00755,1,511.82,0.05,486.23,344.31,Credit Card,Regular
SAL20250016761,2025-02-10,STR038,PRD00458,2,587.81,0.0,1175.62,891.84,UPI,Regular
SAL20250016762,2025-02-14,STR029,PRD00495,2,212.14,0.0,424.28,328.54,Debit Card,Regular
SAL20250016763,2025-02-22,STR010,PRD01077,1,8389.04,0.0,8389.04,3493.39,UPI,Walk-in
SAL20250016764,2025-02-26,STR016,PRD00519,3,818.33,0.05,2332.24,1928.7,UPI,Regular
SAL20250016765,2025-02-09,STR014,PRD00069,1,11744.39,0.1,10569.95,7701.34,UPI,Walk-in
SAL20250016766,2025-02-27,STR014,PRD00852,1,1751.61,0.0,1751.61,1214.84,UPI,Regular
SAL20250016767,2025-02-13,STR023,PRD00650,4,429.23,0.05,1631.07,997.24,UPI,Walk-in
SAL20250016768,2025-02-08,STR017,PRD00704,1,1185.8,0.0,1185.8,707.14,UPI,Corporate
SAL20250016769,2025-02-05,STR016,PRD01061,2,1015.91,0.0,2031.82,1071.06,UPI,Walk-in
SAL20250016770,2025-02-10,STR023,PRD00315,4,452.88,0.0,1811.52,1125.76,Credit Card,Walk-in
SAL20250016771,2025-02-02,STR005,PRD00338,1,1223.61,0.0,1223.61,688.23,Credit Card,Corporate
SAL20250016772,2025-02-26,STR021,PRD01112,1,3077.42,0.1,2769.68,1558.19,UPI,Walk-in
SAL20250016773,2025-02-05,STR030,PRD00816,1,1448.92,0.0,1448.92,857.39,Credit Card,Walk-in
SAL20250016774,2025-02-02,STR034,PRD01114,2,8827.06,0.0,17654.12,7146.68,Debit Card,Regular
SAL20250016775,2025-02-05,STR026,PRD01138,1,4917.81,0.0,4917.81,2789.31,UPI,Walk-in
SAL20250016776,2025-02-17,STR030,PRD01184,1,6927.53,0.0,6927.53,3182.7,UPI,Premium
SAL20250016777,2025-02-21,STR021,PRD01162,1,3657.07,0.0,3657.07,2017.29,UPI,Regular
SAL20250016778,2025-02-08,STR014,PRD00885,2,1948.54,0.0,3897.08,2506.78,Debit Card,Regular
SAL20250016779,2025-02-20,STR031,PRD00491,1,675.67,0.0,675.67,526.71,Credit Card,Regular
SAL20250016780,2025-02-26,STR013,PRD01021,2,582.28,0.0,1164.56,756.24,UPI,Regular
SAL20250016781,2025-02-08,STR004,PRD00952,6,892.13,0.1,4817.5,3016.26,UPI,Walk-in
SAL20250016782,2025-02-15,STR030,PRD01104,1,7758.33,0.0,7758.33,3488.36,UPI,Regular
SAL20250016783,2025-02-03,STR013,PRD01179,2,3455.57,0.0,6911.14,4149.04,UPI,Regular
SAL20250016784,2025-02-27,STR022,PRD00184,1,3565.48,0.05,3387.21,2588.7,UPI,Regular
SAL20250016785,2025-02-04,STR032,PRD00474,2,108.22,0.0,216.44,178.74,UPI,Regular
SAL20250016786,2025-02-05,STR014,PRD00968,4,316.7,0.0,1266.8,635.04,UPI,Regular
SAL20250016787,2025-02-20,STR024,PRD00292,1,975.97,0.0,975.97,491.67,Debit Card,Walk-in
SAL20250016788,2025-02-06,STR003,PRD00508,3,125.21,0.0,375.63,329.79,UPI,Regular
SAL20250016789,2025-02-02,STR020,PRD01198,1,7043.58,0.1,6339.22,4432.23,Debit Card,Regular
SAL20250016790,2025-02-15,STR009,PRD00064,1,2458.4,0.0,2458.4,1830.7,UPI,Walk-in
SAL20250016791,2025-02-13,STR023,PRD00243,1,1936.68,0.05,1839.85,1385.71,Credit Card,Walk-in
SAL20250016792,2025-02-07,STR029,PRD00442,2,148.56,0.0,297.12,239.4,UPI,Premium
SAL20250016793,2025-02-15,STR036,PRD00406,4,663.68,0.0,2654.72,2132.24,UPI,Regular
SAL20250016794,2025-02-07,STR039,PRD00567,2,365.44,0.0,730.88,453.92,Credit Card,Regular
SAL20250016795,2025-02-13,STR005,PRD00462,1,271.55,0.0,271.55,205.26,Credit Card,Premium
SAL20250016796,2025-02-15,STR034,PRD00056,1,11452.31,0.0,11452.31,8581.01,UPI,Regular
SAL20250016797,2025-02-25,STR008,PRD00434,3,648.17,0.0,1944.51,1616.37,UPI,Premium
SAL20250016798,2025-02-21,STR003,PRD00522,1,1139.79,0.0,1139.79,875.83,Credit Card,Corporate
SAL20250016799,2025-02-17,STR026,PRD00150,1,1288.03,0.0,1288.03,897.46,Net Banking,Walk-in
SAL20250016800,2025-02-01,STR028,PRD00878,1,1229.84,0.0,1229.84,796.56,Credit Card,Walk-in
SAL20250016801,2025-02-04,STR001,PRD00762,1,1596.23,0.1,1436.61,909.86,Net Banking,Regular
SAL20250016802,2025-02-10,STR031,PRD00273,1,1306.29,0.0,1306.29,758.87,UPI,Regular
SAL20250016803,2025-02-25,STR013,PRD00320,1,273.23,0.1,245.91,149.99,Net Banking,Walk-in
SAL20250016804,2025-02-21,STR026,PRD00836,2,605.3,0.0,1210.6,816.24,Credit Card,Walk-in
SAL20250016805,2025-02-24,STR008,PRD00544,2,114.7,0.0,229.4,165.48,UPI,Regular
SAL20250016806,2025-02-20,STR037,PRD01033,3,703.74,0.0,2111.22,1136.07,Debit Card,Regular
SAL20250016807,2025-02-23,STR015,PRD00482,2,411.59,0.0,823.18,688.24,UPI,Premium
SAL20250016808,2025-02-19,STR023,PRD00459,1,918.25,0.0,918.25,735.01,Credit Card,Walk-in
SAL20250016809,2025-02-23,STR008,PRD00668,3,302.1,0.0,906.3,649.62,Cash,Regular
SAL20250016810,2025-02-23,STR018,PRD00161,1,9190.04,0.0,9190.04,7015.28,UPI,Walk-in
SAL20250016811,2025-02-18,STR003,PRD00819,1,2315.45,0.0,2315.45,1549.5,Credit Card,Walk-in
SAL20250016812,2025-02-02,STR026,PRD00026,1,4182.92,0.05,3973.77,3047.01,Cash,Regular
SAL20250016813,2025-02-27,STR015,PRD00103,1,4104.09,0.0,4104.09,2941.45,Net Banking,Regular
SAL20250016814,2025-02-16,STR026,PRD01189,1,5263.0,0.0,5263.0,2237.37,Debit Card,Regular
SAL20250016815,2025-02-24,STR003,PRD00255,1,3159.1,0.1,2843.19,2283.27,Credit Card,Walk-in
SAL20250016816,2025-02-24,STR040,PRD01131,2,6280.13,0.05,11932.25,6851.06,Credit Card,Premium
SAL20250016817,2025-02-01,STR028,PRD00517,2,252.82,0.0,505.64,406.06,Debit Card,Premium
SAL20250016818,2025-02-16,STR013,PRD00875,2,258.44,0.1,465.19,301.8,Cash,Walk-in
SAL20250016819,2025-02-14,STR020,PRD00507,4,259.46,0.0,1037.84,861.4,UPI,Walk-in
SAL20250016820,2025-02-02,STR016,PRD00355,1,304.11,0.0,304.11,163.8,Credit Card,Regular
SAL20250016821,2025-02-21,STR029,PRD00088,1,22406.29,0.0,22406.29,17527.4,Net Banking,Regular
SAL20250016822,2025-02-25,STR010,PRD00782,4,3353.32,0.0,13413.28,7830.08,UPI,Walk-in
SAL20250016823,2025-02-10,STR039,PRD00596,1,666.12,0.0,666.12,397.91,UPI,Premium
SAL20250016824,2025-02-12,STR003,PRD00196,2,3177.64,0.0,6355.28,4493.76,UPI,Walk-in
SAL20250016825,2025-02-02,STR018,PRD00444,6,347.0,0.0,2082.0,1715.76,Credit Card,Walk-in
SAL20250016826,2025-02-23,STR001,PRD00608,3,314.95,0.0,944.85,702.42,UPI,Regular
SAL20250016827,2025-02-22,STR031,PRD00871,2,1211.65,0.0,2423.3,1718.64,UPI,Walk-in
SAL20250016828,2025-02-12,STR032,PRD00145,1,2570.9,0.1,2313.81,1687.81,UPI,Regular
SAL20250016829,2025-02-01,STR014,PRD00108,1,22607.14,0.1,20346.43,15802.22,Credit Card,Regular
SAL20250016830,2025-02-11,STR010,PRD00304,2,1052.14,0.1,1893.85,1447.62,Debit Card,Regular
SAL20250016831,2025-02-11,STR017,PRD00070,1,15101.4,0.0,15101.4,11038.01,Credit Card,Premium
SAL20250016832,2025-02-17,STR034,PRD00615,3,478.74,0.0,1436.22,1018.02,UPI,Regular
SAL20250016833,2025-02-28,STR041,PRD00515,5,551.51,0.0,2757.55,2366.05,Credit Card,Walk-in
SAL20250016834,2025-02-14,STR018,PRD00471,3,607.66,0.05,1731.83,1486.05,UPI,Premium
SAL20250016835,2025-02-13,STR033,PRD00494,2,893.47,0.0,1786.94,1365.46,Credit Card,Regular
SAL20250016836,2025-02-24,STR010,PRD00389,1,1606.86,0.0,1606.86,739.96,UPI,Regular
SAL20250016837,2025-02-02,STR036,PRD01025,3,56.45,0.0,169.35,90.45,UPI,Regular
SAL20250016838,2025-02-12,STR004,PRD00854,2,2355.83,0.0,4711.66,2935.86,Credit Card,Regular
SAL20250016839,2025-02-19,STR025,PRD00676,1,4180.37,0.05,3971.35,2836.76,Credit Card,Walk-in
SAL20250016840,2025-02-06,STR033,PRD00431,1,614.87,0.0,614.87,521.2,Cash,Regular
SAL20250016841,2025-02-08,STR026,PRD01154,2,1216.46,0.0,2432.92,1222.92,Debit Card,Walk-in
SAL20250016842,2025-02-16,STR037,PRD00759,1,4285.9,0.0,4285.9,2644.58,UPI,Walk-in
SAL20250016843,2025-02-25,STR004,PRD00460,1,816.3,0.0,816.3,667.77,UPI,Corporate
SAL20250016844,2025-02-27,STR004,PRD00757,1,1608.8,0.0,1608.8,1037.87,Debit Card,Walk-in
SAL20250016845,2025-02-14,STR004,PRD00150,1,1288.03,0.0,1288.03,897.46,UPI,Walk-in
SAL20250016846,2025-02-13,STR024,PRD00936,1,964.58,0.05,916.35,620.53,UPI,Regular
SAL20250016847,2025-02-20,STR010,PRD00388,1,522.1,0.1,469.89,256.49,UPI,Walk-in
SAL20250016848,2025-02-12,STR023,PRD00026,1,4182.92,0.0,4182.92,3047.01,UPI,Regular
SAL20250016849,2025-02-05,STR031,PRD00941,2,737.4,0.0,1474.8,1022.18,Credit Card,Walk-in
SAL20250016850,2025-02-19,STR028,PRD00077,1,14848.8,0.0,14848.8,12077.21,UPI,Regular
SAL20250016851,2025-02-01,STR031,PRD00402,1,947.11,0.0,947.11,818.06,Debit Card,Regular
SAL20250016852,2025-02-14,STR015,PRD01196,2,1369.18,0.0,2738.36,1193.78,Cash,Regular
SAL20250016853,2025-02-27,STR011,PRD00730,2,3497.66,0.0,6995.32,5161.86,Cash,Walk-in
SAL20250016854,2025-02-21,STR016,PRD00234,1,3859.31,0.05,3666.34,2374.04,Credit Card,Regular
SAL20250016855,2025-02-04,STR033,PRD00659,1,294.97,0.0,294.97,218.84,Credit Card,Regular
SAL20250016856,2025-02-02,STR034,PRD00197,1,4849.89,0.1,4364.9,3779.03,UPI,Walk-in
SAL20250016857,2025-02-11,STR023,PRD00536,3,393.56,0.0,1180.68,812.85,Cash,Premium
SAL20250016858,2025-02-28,STR035,PRD00032,1,19217.6,0.0,19217.6,14800.0,Credit Card,Walk-in
SAL20250016859,2025-02-20,STR031,PRD00828,1,765.4,0.0,765.4,443.0,UPI,Corporate
SAL20250016860,2025-02-12,STR006,PRD00135,3,9390.96,0.0,28172.88,20599.89,UPI,Walk-in
SAL20250016861,2025-02-06,STR039,PRD00552,1,296.06,0.0,296.06,194.94,UPI,Premium
SAL20250016862,2025-02-19,STR034,PRD00819,2,2315.45,0.0,4630.9,3099.0,Net Banking,Regular
SAL20250016863,2025-02-18,STR029,PRD00773,4,733.06,0.05,2785.63,2073.8,UPI,Regular
SAL20250016864,2025-02-27,STR003,PRD00219,1,1404.86,0.05,1334.62,998.92,UPI,Regular
SAL20250016865,2025-02-04,STR030,PRD00638,4,188.95,0.0,755.8,460.84,Cash,Regular
SAL20250016866,2025-02-19,STR014,PRD00097,1,19452.93,0.0,19452.93,14437.86,UPI,Regular
SAL20250016867,2025-02-11,STR034,PRD00125,2,1511.82,0.05,2872.46,2112.58,UPI,Regular
SAL20250016868,2025-02-17,STR022,PRD01052,4,462.25,0.0,1849.0,1292.0,Credit Card,Walk-in
SAL20250016869,2025-02-18,STR008,PRD00139,1,2949.49,0.0,2949.49,1812.36,Cash,Regular
SAL20250016870,2025-02-12,STR007,PRD00223,1,11271.43,0.0,11271.43,7014.79,Cash,Walk-in
SAL20250016871,2025-02-14,STR029,PRD00712,2,1580.0,0.0,3160.0,1894.3,Debit Card,Walk-in
SAL20250016872,2025-02-28,STR038,PRD00727,1,737.62,0.0,737.62,442.28,Cash,Regular
SAL20250016873,2025-02-01,STR037,PRD00844,4,3943.03,0.0,15772.12,8898.28,Debit Card,Premium
SAL20250016874,2025-02-05,STR011,PRD00919,1,3391.01,0.0,3391.01,2232.08,Debit Card,Regular
SAL20250016875,2025-02-06,STR026,PRD00005,1,25382.71,0.0,25382.71,18438.86,Credit Card,Regular
SAL20250016876,2025-02-22,STR007,PRD01155,1,7374.97,0.0,7374.97,3660.91,Credit Card,Premium
SAL20250016877,2025-02-25,STR028,PRD00415,1,345.23,0.0,345.23,286.19,Credit Card,Regular
SAL20250016878,2025-02-08,STR015,PRD00181,1,4428.73,0.0,4428.73,3239.36,Cash,Regular
SAL20250016879,2025-02-23,STR040,PRD00045,2,17414.18,0.0,34828.36,27644.36,Credit Card,Walk-in
SAL20250016880,2025-02-22,STR024,PRD01175,1,2568.19,0.0,2568.19,1572.7,UPI,Walk-in
SAL20250016881,2025-02-19,STR027,PRD01053,2,481.32,0.0,962.64,625.56,Credit Card,Premium
SAL20250016882,2025-02-21,STR038,PRD00370,1,676.23,0.0,676.23,451.33,Debit Card,Walk-in
SAL20250016883,2025-02-28,STR006,PRD00269,1,151.87,0.0,151.87,99.82,Debit Card,Premium
SAL20250016884,2025-02-14,STR010,PRD00414,1,546.79,0.0,546.79,425.32,UPI,Walk-in
SAL20250016885,2025-02-14,STR006,PRD00421,5,579.98,0.0,2899.9,2432.5,UPI,Regular
SAL20250016886,2025-02-12,STR003,PRD00641,1,499.93,0.0,499.93,333.12,UPI,Walk-in
SAL20250016887,2025-02-06,STR009,PRD01099,3,4242.7,0.0,12728.1,8165.55,UPI,Regular
SAL20250016888,2025-02-11,STR020,PRD01052,2,462.25,0.0,924.5,646.0,Cash,Regular
SAL20250016889,2025-02-10,STR028,PRD00188,1,6172.58,0.0,6172.58,4027.57,Cash,Walk-in
SAL20250016890,2025-02-20,STR020,PRD00123,1,7408.15,0.1,6667.34,5588.12,Cash,Premium
SAL20250016891,2025-02-16,STR010,PRD00197,1,4849.89,0.1,4364.9,3779.03,Credit Card,Walk-in
SAL20250016892,2025-02-07,STR015,PRD00516,2,653.26,0.0,1306.52,1005.12,UPI,Walk-in
SAL20250016893,2025-02-15,STR036,PRD00776,1,1145.74,0.0,1145.74,684.76,Credit Card,Regular
SAL20250016894,2025-02-11,STR028,PRD00161,1,9190.04,0.1,8271.04,7015.28,UPI,Regular
SAL20250016895,2025-02-20,STR017,PRD00921,2,3248.47,0.0,6496.94,3667.88,Credit Card,Walk-in
SAL20250016896,2025-02-25,STR031,PRD00761,1,367.88,0.0,367.88,269.21,Debit Card,Premium
SAL20250016897,2025-02-15,STR030,PRD00587,1,250.15,0.0,250.15,171.79,UPI,Regular
SAL20250016898,2025-02-03,STR024,PRD00408,1,1017.09,0.0,1017.09,782.92,UPI,Regular
SAL20250016899,2025-02-21,STR009,PRD00502,3,721.0,0.0,2163.0,1886.16,Cash,Walk-in
SAL20250016900,2025-02-19,STR021,PRD01200,3,1804.12,0.0,5412.36,2597.4,UPI,Regular
SAL20250016901,2025-02-01,STR039,PRD00491,1,675.67,0.05,641.89,526.71,Cash,Regular
SAL20250016902,2025-02-05,STR023,PRD00350,1,1107.22,0.0,1107.22,735.62,UPI,Walk-in
SAL20250016903,2025-02-09,STR009,PRD00122,1,23504.26,0.0,23504.26,16366.57,UPI,Regular
SAL20250016904,2025-02-15,STR015,PRD00847,1,2294.5,0.0,2294.5,1617.12,Credit Card,Walk-in
SAL20250016905,2025-02-18,STR037,PRD01135,2,2481.4,0.0,4962.8,2519.48,UPI,Walk-in
SAL20250016906,2025-02-22,STR033,PRD00977,4,417.51,0.1,1503.04,1129.12,UPI,Regular
SAL20250016907,2025-02-09,STR030,PRD00388,2,522.1,0.0,1044.2,512.98,Credit Card,Walk-in
SAL20250016908,2025-02-04,STR015,PRD00106,1,3614.0,0.0,3614.0,2487.36,Cash,Walk-in
SAL20250016909,2025-02-07,STR029,PRD00083,2,9369.31,0.1,16864.76,12924.54,UPI,Regular
SAL20250016910,2025-02-08,STR007,PRD00740,1,3926.7,0.0,3926.7,2842.31,UPI,Corporate
SAL20250016911,2025-02-25,STR027,PRD00611,6,51.03,0.05,290.87,226.86,UPI,Regular
SAL20250016912,2025-02-12,STR041,PRD00264,1,4452.38,0.0,4452.38,3172.04,UPI,Regular
SAL20250016913,2025-02-14,STR038,PRD00714,1,1837.1,0.0,1837.1,1348.01,Cash,Regular
SAL20250016914,2025-02-10,STR028,PRD00301,1,189.19,0.0,189.19,130.27,UPI,Walk-in
SAL20250016915,2025-02-26,STR022,PRD01092,1,5535.53,0.0,5535.53,2634.51,UPI,Walk-in
SAL20250016916,2025-02-09,STR007,PRD00785,1,4604.98,0.0,4604.98,2754.83,Net Banking,Regular
SAL20250016917,2025-02-18,STR034,PRD00402,5,947.11,0.0,4735.55,4090.3,Debit Card,Premium
SAL20250016918,2025-02-23,STR004,PRD00773,2,733.06,0.0,1466.12,1036.9,Credit Card,Walk-in
SAL20250016919,2025-02-27,STR037,PRD00850,1,1897.52,0.0,1897.52,1235.07,UPI,Regular
SAL20250016920,2025-02-12,STR036,PRD00628,2,365.09,0.0,730.18,421.62,Credit Card,Premium
SAL20250016921,2025-02-03,STR005,PRD00318,2,184.33,0.0,368.66,237.54,Debit Card,Regular
SAL20250016922,2025-02-12,STR021,PRD01119,1,9164.59,0.0,9164.59,4378.4,UPI,Regular
SAL20250016923,2025-02-02,STR014,PRD00603,1,196.91,0.0,196.91,130.96,Credit Card,Premium
SAL20250016924,2025-02-26,STR031,PRD00877,1,1728.24,0.0,1728.24,1211.91,Credit Card,Walk-in
SAL20250016925,2025-02-24,STR024,PRD00214,1,9551.75,0.05,9074.16,6869.66,UPI,Premium
SAL20250016926,2025-02-22,STR005,PRD00152,1,8357.62,0.0,8357.62,5421.82,Credit Card,Regular
SAL20250016927,2025-02-04,STR019,PRD00823,1,2558.98,0.0,2558.98,1717.69,UPI,Regular
SAL20250016928,2025-02-21,STR026,PRD00284,1,170.59,0.0,170.59,103.53,UPI,Walk-in
SAL20250016929,2025-02-22,STR031,PRD01052,1,462.25,0.0,462.25,323.0,Credit Card,Premium
SAL20250016930,2025-02-20,STR035,PRD00949,2,855.15,0.05,1624.78,1133.7,UPI,Regular
SAL20250016931,2025-02-06,STR007,PRD00544,5,114.7,0.0,573.5,413.7,Debit Card,Regular
SAL20250016932,2025-02-20,STR009,PRD00730,4,3497.66,0.0,13990.64,10323.72,Credit Card,Walk-in
SAL20250016933,2025-02-26,STR008,PRD00570,3,376.39,0.1,1016.25,805.71,Credit Card,Regular
SAL20250016934,2025-02-16,STR014,PRD01149,2,4599.19,0.1,8278.54,4669.54,Net Banking,Regular
SAL20250016935,2025-02-03,STR017,PRD00902,1,258.19,0.0,258.19,154.07,UPI,Regular
SAL20250016936,2025-02-18,STR017,PRD00591,2,500.81,0.0,1001.62,727.46,UPI,Walk-in
SAL20250016937,2025-02-27,STR022,PRD01197,1,2167.83,0.0,2167.83,1161.18,Net Banking,Regular
SAL20250016938,2025-02-14,STR002,PRD01187,1,5464.91,0.0,5464.91,3354.99,Credit Card,Regular
SAL20250016939,2025-02-08,STR016,PRD00549,2,585.62,0.0,1171.24,764.8,UPI,Regular
SAL20250016940,2025-02-20,STR003,PRD00887,1,2006.5,0.05,1906.17,1169.69,Credit Card,Regular
SAL20250016941,2025-02-12,STR018,PRD00858,2,1066.62,0.0,2133.24,1390.32,Credit Card,Regular
SAL20250016942,2025-02-21,STR015,PRD00853,1,3236.74,0.0,3236.74,1868.14,Credit Card,Premium
SAL20250016943,2025-02-28,STR003,PRD00111,1,16671.18,0.0,16671.18,12693.98,Cash,Walk-in
SAL20250016944,2025-02-26,STR040,PRD01183,2,7827.71,0.1,14089.88,6664.0,Debit Card,Walk-in
SAL20250016945,2025-02-18,STR025,PRD00083,1,9369.31,0.0,9369.31,6462.27,Credit Card,Walk-in
SAL20250016946,2025-02-07,STR031,PRD00884,1,1777.05,0.0,1777.05,1086.34,Credit Card,Regular
SAL20250016947,2025-02-17,STR015,PRD00364,2,296.2,0.05,562.78,391.38,Debit Card,Walk-in
SAL20250016948,2025-02-15,STR022,PRD00454,3,238.81,0.0,716.43,546.9,UPI,Walk-in
SAL20250016949,2025-02-15,STR018,PRD01155,1,7374.97,0.0,7374.97,3660.91,Credit Card,Walk-in
SAL20250016950,2025-02-12,STR039,PRD01063,3,747.32,0.0,2241.96,1465.17,Credit Card,Regular
SAL20250016951,2025-02-09,STR037,PRD00047,1,27210.89,0.0,27210.89,17922.95,UPI,Corporate
SAL20250016952,2025-02-18,STR034,PRD00862,2,1883.72,0.05,3579.07,2285.08,UPI,Premium
SAL20250016953,2025-02-25,STR022,PRD00742,1,3993.24,0.0,3993.24,2368.26,Cash,Regular
SAL20250016954,2025-02-18,STR003,PRD00093,1,12459.16,0.0,12459.16,9704.07,UPI,Regular
SAL20250016955,2025-02-22,STR020,PRD00308,1,373.95,0.0,373.95,260.57,UPI,Premium
SAL20250016956,2025-02-26,STR016,PRD00585,2,401.86,0.0,803.72,579.3,Credit Card,Regular
SAL20250016957,2025-02-07,STR006,PRD00353,1,948.44,0.0,948.44,529.81,UPI,Walk-in
SAL20250016958,2025-02-01,STR032,PRD00571,2,201.22,0.0,402.44,286.98,UPI,Walk-in
SAL20250016959,2025-02-16,STR026,PRD00270,1,1213.51,0.0,1213.51,769.06,UPI,Regular
SAL20250016960,2025-02-10,STR030,PRD01044,2,762.23,0.0,1524.46,1088.96,Net Banking,Regular
SAL20250016961,2025-02-19,STR029,PRD00985,1,79.43,0.05,75.46,55.06,UPI,Walk-in
SAL20250016962,2025-02-19,STR008,PRD00503,1,634.01,0.0,634.01,525.79,UPI,Walk-in
SAL20250016963,2025-02-01,STR023,PRD00684,2,3989.77,0.0,7979.54,4931.08,Cash,Regular
SAL20250016964,2025-02-05,STR029,PRD00506,1,725.03,0.0,725.03,579.1,UPI,Walk-in
SAL20250016965,2025-02-01,STR014,PRD00791,2,855.75,0.05,1625.92,1198.94,Credit Card,Regular
SAL20250016966,2025-02-11,STR029,PRD00160,1,7937.44,0.0,7937.44,4808.49,Cash,Premium
SAL20250016967,2025-02-27,STR041,PRD00154,2,614.66,0.0,1229.32,953.84,UPI,Premium
SAL20250016968,2025-02-03,STR031,PRD00584,3,232.29,0.0,696.87,427.05,UPI,Walk-in
SAL20250016969,2025-02-02,STR041,PRD00668,1,302.1,0.0,302.1,216.54,UPI,Regular
SAL20250016970,2025-02-24,STR023,PRD00346,2,927.55,0.0,1855.1,1269.24,Credit Card,Premium
SAL20250016971,2025-02-02,STR038,PRD00891,1,506.36,0.1,455.72,373.69,UPI,Walk-in
SAL20250016972,2025-02-05,STR036,PRD00440,3,366.81,0.0,1100.43,962.49,UPI,Walk-in
SAL20250016973,2025-02-14,STR022,PRD00356,3,1354.34,0.0,4063.02,2202.54,Debit Card,Corporate
SAL20250016974,2025-02-09,STR032,PRD00448,2,612.68,0.0,1225.36,1037.12,Cash,Walk-in
SAL20250016975,2025-02-21,STR031,PRD00317,4,1393.76,0.0,5575.04,3197.88,UPI,Regular
SAL20250016976,2025-02-17,STR010,PRD01092,2,5535.53,0.0,11071.06,5269.02,UPI,Walk-in
SAL20250016977,2025-02-19,STR006,PRD00023,1,6541.47,0.1,5887.32,4428.32,Cash,Regular
SAL20250016978,2025-02-15,STR030,PRD00637,2,299.32,0.0,598.64,427.2,Debit Card,Regular
SAL20250016979,2025-02-16,STR032,PRD00181,1,4428.73,0.0,4428.73,3239.36,Debit Card,Walk-in
SAL20250016980,2025-02-07,STR023,PRD00228,2,4421.9,0.0,8843.8,5964.62,UPI,Walk-in
SAL20250016981,2025-02-16,STR009,PRD00057,2,2490.08,0.05,4731.15,4011.46,Credit Card,Regular
SAL20250016982,2025-02-01,STR024,PRD00199,1,1863.27,0.0,1863.27,1335.3,Net Banking,Walk-in
SAL20250016983,2025-02-22,STR025,PRD00587,1,250.15,0.0,250.15,171.79,UPI,Regular
SAL20250016984,2025-02-06,STR023,PRD00627,1,670.0,0.0,670.0,403.71,UPI,Walk-in
SAL20250016985,2025-02-04,STR029,PRD00740,3,3926.7,0.0,11780.1,8526.93,Credit Card,Regular
SAL20250016986,2025-02-28,STR032,PRD01183,2,7827.71,0.0,15655.42,6664.0,UPI,Regular
SAL20250016987,2025-02-11,STR035,PRD00285,1,1499.26,0.0,1499.26,768.76,UPI,Regular
SAL20250016988,2025-02-28,STR031,PRD00665,1,157.57,0.0,157.57,103.14,Credit Card,Regular
SAL20250016989,2025-02-03,STR024,PRD00462,2,271.55,0.0,543.1,410.52,UPI,Walk-in
SAL20250016990,2025-02-10,STR019,PRD01078,1,2107.38,0.0,2107.38,1315.89,UPI,Walk-in
SAL20250016991,2025-02-16,STR010,PRD00745,1,2529.52,0.0,2529.52,1829.18,Credit Card,Premium
SAL20250016992,2025-02-28,STR015,PRD01011,1,265.01,0.0,265.01,149.69,UPI,Regular
SAL20250016993,2025-02-09,STR018,PRD01090,1,4828.9,0.0,4828.9,3064.56,UPI,Premium
SAL20250016994,2025-02-10,STR034,PRD00924,1,261.16,0.0,261.16,194.5,Cash,Regular
SAL20250016995,2025-02-27,STR016,PRD00727,2,737.62,0.0,1475.24,884.56,UPI,Regular
SAL20250016996,2025-02-12,STR007,PRD00157,1,5982.96,0.1,5384.66,4355.19,UPI,Premium
SAL20250016997,2025-02-18,STR015,PRD00916,1,3924.97,0.1,3532.47,2270.78,UPI,Regular
SAL20250016998,2025-02-25,STR014,PRD00072,2,4522.2,0.0,9044.4,6249.18,Debit Card,Regular
SAL20250016999,2025-02-20,STR008,PRD00719,3,4808.67,0.0,14426.01,8277.63,Credit Card,Regular
SAL20250017000,2025-02-19,STR032,PRD01053,2,481.32,0.0,962.64,625.56,UPI,Walk-in
SAL20250017001,2025-02-25,STR023,PRD01187,3,5464.91,0.1,14755.26,10064.97,UPI,Regular
SAL20250017002,2025-02-27,STR031,PRD00693,1,2512.22,0.0,2512.22,1671.42,UPI,Premium
SAL20250017003,2025-02-24,STR024,PRD00273,1,1306.29,0.0,1306.29,758.87,UPI,Corporate
SAL20250017004,2025-02-14,STR001,PRD00120,1,22170.49,0.0,22170.49,16305.22,UPI,Walk-in
SAL20250017005,2025-02-17,STR021,PRD00125,1,1511.82,0.0,1511.82,1056.29,UPI,Regular
SAL20250017006,2025-02-14,STR022,PRD00624,2,124.7,0.0,249.4,174.16,Cash,Walk-in
SAL20250017007,2025-02-11,STR001,PRD00016,1,12816.4,0.0,12816.4,9433.57,UPI,Regular
SAL20250017008,2025-02-19,STR026,PRD00164,1,7383.75,0.0,7383.75,4728.61,UPI,Regular
SAL20250017009,2025-02-07,STR026,PRD00933,2,3527.61,0.0,7055.22,4360.6,Debit Card,Regular
SAL20250017010,2025-02-02,STR039,PRD00819,2,2315.45,0.1,4167.81,3099.0,UPI,Regular
SAL20250017011,2025-02-26,STR014,PRD00858,1,1066.62,0.0,1066.62,695.16,Cash,Regular
SAL20250017012,2025-02-20,STR005,PRD01168,1,4286.69,0.0,4286.69,2474.04,UPI,Regular
SAL20250017013,2025-02-07,STR035,PRD00836,2,605.3,0.0,1210.6,816.24,UPI,Corporate
SAL20250017014,2025-02-17,STR018,PRD00855,3,2084.62,0.05,5941.17,4576.65,Credit Card,Walk-in
SAL20250017015,2025-02-23,STR038,PRD00902,1,258.19,0.0,258.19,154.07,Net Banking,Regular
SAL20250017016,2025-02-21,STR025,PRD00351,1,802.18,0.0,802.18,503.24,Debit Card,Regular
SAL20250017017,2025-02-12,STR008,PRD00220,1,5859.46,0.0,5859.46,4561.44,Debit Card,Walk-in
SAL20250017018,2025-02-02,STR003,PRD00457,3,726.05,0.0,2178.15,1648.17,Credit Card,Premium
SAL20250017019,2025-02-04,STR040,PRD00187,2,5314.8,0.0,10629.6,6728.86,UPI,Walk-in
SAL20250017020,2025-02-15,STR021,PRD01189,2,5263.0,0.1,9473.4,4474.74,Cash,Walk-in
SAL20250017021,2025-02-10,STR028,PRD00663,5,109.46,0.0,547.3,314.5,UPI,Premium
SAL20250017022,2025-02-26,STR015,PRD00470,3,416.77,0.0,1250.31,975.33,Credit Card,Regular
SAL20250017023,2025-02-11,STR022,PRD00956,3,1028.6,0.0,3085.8,1716.0,Cash,Regular
SAL20250017024,2025-02-14,STR010,PRD00745,1,2529.52,0.0,2529.52,1829.18,Credit Card,Walk-in
SAL20250017025,2025-02-28,STR002,PRD00029,1,24663.79,0.0,24663.79,16157.43,Credit Card,Walk-in
SAL20250017026,2025-02-19,STR038,PRD00156,1,1591.76,0.05,1512.17,1231.95,UPI,Regular
SAL20250017027,2025-02-21,STR024,PRD00979,2,62.69,0.0,125.38,74.86,UPI,Regular
SAL20250017028,2025-02-09,STR032,PRD00278,3,439.84,0.0,1319.52,876.21,Credit Card,Premium
SAL20250017029,2025-02-08,STR030,PRD00533,1,799.67,0.0,799.67,662.06,UPI,Walk-in
SAL20250017030,2025-02-01,STR018,PRD00872,1,467.45,0.0,467.45,333.62,UPI,Regular
SAL20250017031,2025-02-23,STR030,PRD01007,1,886.03,0.0,886.03,502.38,Cash,Walk-in
SAL20250017032,2025-02-04,STR004,PRD00706,2,3862.25,0.0,7724.5,4888.02,Credit Card,Regular
SAL20250017033,2025-02-02,STR037,PRD00833,2,1761.67,0.0,3523.34,1959.84,UPI,Regular
SAL20250017034,2025-02-21,STR008,PRD00990,2,577.78,0.0,1155.56,701.58,Credit Card,Regular
SAL20250017035,2025-02-22,STR039,PRD00482,1,411.59,0.1,370.43,344.12,UPI,Regular
SAL20250017036,2025-02-24,STR030,PRD00087,1,23253.22,0.0,23253.22,15702.94,UPI,Regular
SAL20250017037,2025-02-25,STR028,PRD01086,1,5541.98,0.0,5541.98,3222.42,Credit Card,Regular
SAL20250017038,2025-02-06,STR037,PRD00238,1,4984.73,0.0,4984.73,3134.78,UPI,Regular
SAL20250017039,2025-02-25,STR037,PRD00374,3,1242.75,0.0,3728.25,2214.99,UPI,Regular
SAL20250017040,2025-02-06,STR037,PRD00416,1,833.51,0.0,833.51,691.79,Cash,Walk-in
SAL20250017041,2025-02-02,STR034,PRD00599,1,273.52,0.0,273.52,189.37,Debit Card,Walk-in
SAL20250017042,2025-02-09,STR013,PRD00304,2,1052.14,0.0,2104.28,1447.62,UPI,Regular
SAL20250017043,2025-02-22,STR025,PRD00993,1,168.95,0.0,168.95,86.92,Credit Card,Premium
SAL20250017044,2025-02-27,STR035,PRD01063,4,747.32,0.1,2690.35,1953.56,Credit Card,Premium
SAL20250017045,2025-02-13,STR018,PRD00608,1,314.95,0.1,283.45,234.14,UPI,Walk-in
SAL20250017046,2025-02-19,STR026,PRD00891,1,506.36,0.0,506.36,373.69,Cash,Regular
SAL20250017047,2025-02-14,STR014,PRD00243,1,1936.68,0.0,1936.68,1385.71,Debit Card,Corporate
SAL20250017048,2025-02-06,STR021,PRD00081,1,19888.54,0.0,19888.54,13106.38,Cash,Regular
SAL20250017049,2025-02-20,STR041,PRD00425,3,878.01,0.0,2634.03,2092.53,Debit Card,Walk-in
SAL20250017050,2025-02-07,STR009,PRD01001,1,315.54,0.0,315.54,178.37,Credit Card,Premium
SAL20250017051,2025-02-25,STR008,PRD00162,1,9916.48,0.0,9916.48,6686.04,UPI,Walk-in
SAL20250017052,2025-02-14,STR037,PRD00468,6,180.53,0.0,1083.18,889.92,Credit Card,Walk-in
SAL20250017053,2025-02-02,STR031,PRD00461,3,198.22,0.0,594.66,508.35,Debit Card,Walk-in
SAL20250017054,2025-02-27,STR031,PRD00331,1,133.4,0.0,133.4,89.83,Net Banking,Regular
SAL20250017055,2025-02-16,STR020,PRD00129,1,19597.62,0.0,19597.62,15263.15,Credit Card,Regular
SAL20250017056,2025-02-19,STR038,PRD00084,1,11056.09,0.0,11056.09,8293.77,UPI,Premium
SAL20250017057,2025-02-12,STR037,PRD00943,2,787.16,0.0,1574.32,1064.88,Cash,Regular
SAL20250017058,2025-02-30,STR019,PRD00847,1,2294.5,0.0,2294.5,1617.12,Credit Card,Regular
SAL20250017059,2025-02-23,STR007,PRD00336,2,1590.59,0.1,2863.06,1642.22,Credit Card,Walk-in
SAL20250017060,2025-02-26,STR028,PRD01045,2,910.12,0.0,1820.24,942.48,UPI,Premium
SAL20250017061,2025-02-23,STR001,PRD00411,2,779.25,0.0,1558.5,1263.7,Debit Card,Regular
SAL20250017062,2025-02-03,STR007,PRD00870,1,2808.24,0.0,2808.24,1618.68,UPI,Regular
SAL20250017063,2025-02-04,STR010,PRD00179,1,5253.14,0.0,5253.14,3207.54,UPI,Walk-in
SAL20250017064,2025-02-09,STR038,PRD00956,1,1028.6,0.0,1028.6,572.0,UPI,Premium
SAL20250017065,2025-02-13,STR003,PRD00215,2,9358.07,0.0,18716.14,13050.3,UPI,Premium
SAL20250017066,2025-02-22,STR012,PRD00557,2,210.61,0.0,421.22,268.86,UPI,Regular
SAL20250017067,2025-02-23,STR026,PRD00509,2,888.38,0.05,1687.92,1348.66,Net Banking,Walk-in
SAL20250017068,2025-02-16,STR027,PRD00140,1,6378.06,0.1,5740.25,4851.7,UPI,Premium
SAL20250017069,2025-02-20,STR031,PRD00788,2,3329.23,0.0,6658.46,4210.4,Debit Card,Premium
SAL20250017070,2025-02-12,STR025,PRD00694,1,3202.51,0.0,3202.51,2319.01,UPI,Walk-in
SAL20250017071,2025-02-25,STR012,PRD00626,1,125.9,0.0,125.9,75.93,Net Banking,Walk-in
SAL20250017072,2025-02-23,STR033,PRD00761,1,367.88,0.0,367.88,269.21,UPI,Regular
SAL20250017073,2025-02-17,STR033,PRD00302,2,486.18,0.0,972.36,450.18,UPI,Walk-in
SAL20250017074,2025-02-11,STR013,PRD01194,1,6442.41,0.1,5798.17,3885.18,UPI,Regular
SAL20250017075,2025-02-03,STR005,PRD00222,1,8948.67,0.0,8948.67,6580.84,UPI,Regular
SAL20250017076,2025-02-17,STR028,PRD00720,2,3749.56,0.0,7499.12,4209.9,Debit Card,Walk-in
SAL20250017077,2025-02-03,STR016,PRD00183,1,6835.62,0.0,6835.62,4488.56,UPI,Regular
SAL20250017078,2025-02-23,STR008,PRD00928,1,2503.87,0.0,2503.87,1812.53,UPI,Regular
SAL20250017079,2025-02-15,STR001,PRD00372,1,542.7,0.0,542.7,275.98,UPI,Walk-in
SAL20250017080,2025-02-12,STR031,PRD00789,2,4846.68,0.0,9693.36,5869.82,Credit Card,Premium
SAL20250017081,2025-02-05,STR029,PRD00238,1,4984.73,0.0,4984.73,3134.78,UPI,Regular
SAL20250017082,2025-02-19,STR011,PRD00950,6,184.59,0.0,1107.54,763.86,UPI,Regular
SAL20250017083,2025-02-18,STR017,PRD00185,1,1926.14,0.1,1733.53,1500.04,UPI,Walk-in
SAL20250017084,2025-02-16,STR013,PRD01145,1,3609.72,0.0,3609.72,2080.21,Net Banking,Regular
SAL20250017085,2025-02-01,STR022,PRD00842,3,1322.87,0.1,3571.75,2870.64,UPI,Premium
SAL20250017086,2025-02-22,STR010,PRD00224,1,4670.9,0.0,4670.9,3440.61,UPI,Corporate
SAL20250017087,2025-02-09,STR021,PRD00002,1,1289.58,0.05,1225.1,870.9,Debit Card,Premium
SAL20250017088,2025-02-14,STR038,PRD00181,1,4428.73,0.0,4428.73,3239.36,Cash,Regular
SAL20250017089,2025-02-06,STR035,PRD00341,2,977.08,0.0,1954.16,1211.12,Net Banking,Regular
SAL20250017090,2025-02-25,STR040,PRD00950,2,184.59,0.1,332.26,254.62,Cash,Regular
SAL20250017091,2025-02-17,STR040,PRD00431,2,614.87,0.0,1229.74,1042.4,Credit Card,Walk-in
SAL20250017092,2025-02-27,STR036,PRD00439,1,122.61,0.0,122.61,95.61,Credit Card,Walk-in
SAL20250017093,2025-02-08,STR008,PRD00449,3,236.21,0.0,708.63,597.42,Credit Card,Walk-in
SAL20250017094,2025-02-19,STR032,PRD00390,2,1246.69,0.0,2493.38,1570.66,UPI,Walk-in
SAL20250017095,2025-02-18,STR023,PRD01128,1,2522.35,0.05,2396.23,1440.68,UPI,Walk-in
SAL20250017096,2025-02-19,STR027,PRD00362,2,1120.03,0.0,2240.06,1065.02,Credit Card,Walk-in
SAL20250017097,2025-02-07,STR036,PRD00118,1,13769.46,0.0,13769.46,10543.97,UPI,Premium
SAL20250017098,2025-02-28,STR016,PRD00261,1,8333.44,0.0,8333.44,5118.51,UPI,Walk-in
SAL20250017099,2025-02-07,STR027,PRD00466,2,725.28,0.1,1305.5,1259.44,UPI,Walk-in
SAL20250017100,2025-02-07,STR041,PRD00045,1,17414.18,0.05,16543.47,13822.18,Credit Card,Regular
SAL20250017101,2025-02-28,STR032,PRD00322,1,839.74,0.1,755.77,587.36,UPI,Regular
SAL20250017102,2025-02-22,STR018,PRD00175,1,11344.22,0.0,11344.22,7434.87,UPI,Regular
SAL20250017103,2025-02-20,STR035,PRD01145,1,3609.72,0.0,3609.72,2080.21,UPI,Corporate
SAL20250017104,2025-02-25,STR031,PRD00819,1,2315.45,0.0,2315.45,1549.5,UPI,Regular
SAL20250017105,2025-02-19,STR019,PRD00598,1,173.87,0.0,173.87,122.49,UPI,Regular
SAL20250017106,2025-02-04,STR001,PRD00291,2,469.9,0.0,939.8,559.52,Credit Card,Regular
SAL20250017107,2025-02-04,STR039,PRD01100,2,6765.12,0.0,13530.24,8161.74,Credit Card,Premium
SAL20250017108,2025-02-02,STR025,PRD00043,1,22998.01,0.0,22998.01,15302.97,UPI,Regular
SAL20250017109,2025-02-07,STR023,PRD00964,2,842.84,0.1,1517.11,1150.38,Credit Card,Regular
SAL20250017110,2025-02-13,STR036,PRD00635,2,332.03,0.0,664.06,414.6,Credit Card,Walk-in
SAL20250017111,2025-02-20,STR032,PRD00301,1,189.19,0.0,189.19,130.27,Cash,Regular
SAL20250017112,2025-02-10,STR014,PRD00378,2,667.36,0.0,1334.72,731.08,UPI,Walk-in
SAL20250017113,2025-02-07,STR008,PRD00982,1,104.72,0.0,104.72,58.34,Net Banking,Regular
SAL20250017114,2025-02-14,STR011,PRD00448,1,612.68,0.0,612.68,518.56,UPI,Walk-in
SAL20250017115,2025-02-27,STR017,PRD00361,2,1524.53,0.0,3049.06,1651.4,UPI,Regular
SAL20250017116,2025-02-27,STR021,PRD00220,1,5859.46,0.0,5859.46,4561.44,Credit Card,Premium
SAL20250017117,2025-02-21,STR012,PRD01085,2,7889.14,0.1,14200.45,8272.58,UPI,Walk-in
SAL20250017118,2025-02-26,STR009,PRD00011,2,13229.12,0.0,26458.24,19669.38,Credit Card,Walk-in
SAL20250017119,2025-02-02,STR031,PRD00460,2,816.3,0.1,1469.34,1335.54,UPI,Walk-in
SAL20250017120,2025-02-06,STR034,PRD00744,1,4365.48,0.1,3928.93,2879.4,UPI,Walk-in
SAL20250017121,2025-02-22,STR019,PRD00848,1,2441.1,0.0,2441.1,1616.32,Debit Card,Premium
SAL20250017122,2025-02-22,STR015,PRD00552,4,296.06,0.0,1184.24,779.76,UPI,Regular
SAL20250017123,2025-02-21,STR023,PRD00257,1,3131.42,0.0,3131.42,2145.77,Credit Card,Walk-in
SAL20250017124,2025-02-19,STR016,PRD00498,1,178.55,0.0,178.55,138.15,Debit Card,Regular
SAL20250017125,2025-02-03,STR004,PRD00053,1,3304.53,0.0,3304.53,2309.51,UPI,Regular
SAL20250017126,2025-02-18,STR017,PRD00818,1,2330.04,0.0,2330.04,1669.14,Debit Card,Walk-in
SAL20250017127,2025-02-14,STR017,PRD01062,2,925.26,0.0,1850.52,1086.12,UPI,Regular
SAL20250017128,2025-02-01,STR021,PRD00281,1,679.79,0.0,679.79,393.52,Debit Card,Walk-in
SAL20250017129,2025-02-14,STR030,PRD01178,1,5467.45,0.1,4920.7,3516.53,UPI,Walk-in
SAL20250017130,2025-02-16,STR022,PRD00888,1,2557.48,0.1,2301.73,1725.04,UPI,Premium
SAL20250017131,2025-02-18,STR009,PRD00330,1,275.94,0.05,262.14,168.86,Cash,Corporate
SAL20250017132,2025-02-22,STR022,PRD00853,2,3236.74,0.05,6149.81,3736.28,Credit Card,Regular
SAL20250017133,2025-02-14,STR028,PRD00508,1,125.21,0.0,125.21,109.93,UPI,Regular
SAL20250017134,2025-02-05,STR017,PRD00420,2,876.02,0.0,1752.04,1485.14,UPI,Walk-in
SAL20250017135,2025-02-13,STR041,PRD01122,3,6526.26,0.0,19578.78,10894.44,Cash,Regular
SAL20250017136,2025-02-27,STR014,PRD00354,4,1099.31,0.0,4397.24,2598.64,UPI,Regular
SAL20250017137,2025-02-19,STR004,PRD00557,3,210.61,0.0,631.83,403.29,UPI,Walk-in
SAL20250017138,2025-02-07,STR021,PRD00450,1,377.7,0.0,377.7,290.54,UPI,Premium
SAL20250017139,2025-02-27,STR002,PRD00913,1,3252.33,0.0,3252.33,2160.5,UPI,Regular
SAL20250017140,2025-02-03,STR032,PRD00799,3,3907.93,0.05,11137.6,7375.74,Credit Card,Regular
SAL20250017141,2025-02-22,STR032,PRD01108,1,4924.79,0.0,4924.79,2289.5,UPI,Walk-in
SAL20250017142,2025-02-03,STR024,PRD01016,3,253.56,0.0,760.68,484.2,Debit Card,Walk-in
SAL20250017143,2025-02-16,STR028,PRD00113,1,16350.49,0.05,15532.97,11876.29,UPI,Regular
SAL20250017144,2025-02-22,STR032,PRD00894,4,2403.9,0.0,9615.6,6432.64,Credit Card,Premium
SAL20250017145,2025-02-09,STR011,PRD00713,1,4061.86,0.05,3858.77,2937.76,UPI,Regular
SAL20250017146,2025-02-28,STR018,PRD00221,1,9230.37,0.0,9230.37,5770.89,Credit Card,Regular
SAL20250017147,2025-02-28,STR029,PRD00035,1,7229.47,0.0,7229.47,4889.28,Debit Card,Corporate
SAL20250017148,2025-02-11,STR020,PRD00012,1,5255.98,0.05,4993.18,4121.35,Credit Card,Regular
SAL20250017149,2025-02-17,STR024,PRD00624,3,124.7,0.05,355.39,261.24,UPI,Walk-in
SAL20250017150,2025-02-26,STR036,PRD00909,1,1266.46,0.0,1266.46,869.48,Credit Card,Regular
SAL20250017151,2025-02-18,STR008,PRD00142,1,4154.89,0.0,4154.89,2736.44,Credit Card,Premium
SAL20250017152,2025-02-15,STR029,PRD00192,2,3362.18,0.0,6724.36,4341.02,UPI,Walk-in
SAL20250017153,2025-02-21,STR002,PRD00719,2,4808.67,0.0,9617.34,5518.42,Credit Card,Walk-in
SAL20250017154,2025-02-20,STR006,PRD00379,1,660.61,0.0,660.61,460.66,Credit Card,Walk-in
SAL20250017155,2025-02-23,STR012,PRD00448,1,612.68,0.0,612.68,518.56,Credit Card,Walk-in
SAL20250017156,2025-02-27,STR008,PRD00318,2,184.33,0.0,368.66,237.54,Debit Card,Walk-in
SAL20250017157,2025-02-08,STR011,PRD01058,2,211.57,0.05,401.98,290.04,Debit Card,Regular
SAL20250017158,2025-02-15,STR021,PRD00740,1,3926.7,0.0,3926.7,2842.31,Cash,Regular
SAL20250017159,2025-02-27,STR027,PRD00909,2,1266.46,0.0,2532.92,1738.96,Cash,Walk-in
SAL20250017160,2025-02-28,STR022,PRD01008,1,227.58,0.0,227.58,142.0,Credit Card,Walk-in
SAL20250017161,2025-02-01,STR031,PRD00976,1,1125.69,0.0,1125.69,582.61,UPI,Regular
SAL20250017162,2025-02-17,STR040,PRD00035,1,7229.47,0.0,7229.47,4889.28,UPI,Premium
SAL20250017163,2025-02-04,STR029,PRD00596,1,666.12,0.0,666.12,397.91,Debit Card,Premium
SAL20250017164,2025-02-28,STR009,PRD00506,2,725.03,0.0,1450.06,1158.2,UPI,Regular
SAL20250017165,2025-02-05,STR017,PRD00363,3,1443.62,0.0,4330.86,2071.05,UPI,Corporate
SAL20250017166,2025-02-13,STR002,PRD00740,1,3926.7,0.0,3926.7,2842.31,UPI,Regular
SAL20250017167,2025-02-27,STR038,PRD00247,1,8119.57,0.1,7307.61,4992.42,Cash,Walk-in
SAL20250017168,2025-02-24,STR030,PRD00108,1,22607.14,0.0,22607.14,15802.22,UPI,Regular
SAL20250017169,2025-02-22,STR019,PRD00010,1,14520.45,0.0,14520.45,11774.44,Credit Card,Regular
SAL20250017170,2025-02-05,STR005,PRD01005,2,682.39,0.0,1364.78,951.4,UPI,Regular
SAL20250017171,2025-02-27,STR011,PRD00138,2,3460.02,0.0,6920.04,5323.94,Credit Card,Walk-in
SAL20250017172,2025-02-01,STR001,PRD00399,2,1354.99,0.0,2709.98,1294.26,Credit Card,Premium
SAL20250017173,2025-02-17,STR035,PRD01014,3,1123.09,0.0,3369.27,1908.24,Debit Card,Walk-in
SAL20250017174,2025-02-08,STR026,PRD00754,2,372.52,0.0,745.04,441.76,UPI,Regular
SAL20250017175,2025-02-23,STR028,PRD01054,3,256.04,0.0,768.12,503.88,UPI,Regular
SAL20250017176,2025-02-03,STR016,PRD00337,2,1047.01,0.0,2094.02,1462.86,UPI,Regular
SAL20250017177,2025-02-17,STR039,PRD01090,1,4828.9,0.0,4828.9,3064.56,UPI,Regular
SAL20250017178,2025-02-16,STR005,PRD01093,2,4476.19,0.0,8952.38,5774.04,Credit Card,Walk-in
SAL20250017179,2025-02-05,STR037,PRD01122,1,6526.26,0.0,6526.26,3631.48,UPI,Regular
SAL20250017180,2025-02-24,STR013,PRD00006,1,3457.14,0.1,3111.43,2519.92,UPI,Regular
SAL20250017181,2025-02-23,STR031,PRD00931,1,1839.81,0.05,1747.82,1246.88,Credit Card,Regular
SAL20250017182,2025-02-17,STR023,PRD01000,6,495.66,0.0,2973.96,2075.22,Credit Card,Regular
SAL20250017183,2025-02-24,STR019,PRD00468,1,180.53,0.0,180.53,148.32,UPI,Walk-in
SAL20250017184,2025-02-24,STR036,PRD00423,2,256.23,0.0,512.46,427.8,Credit Card,Premium
SAL20250017185,2025-02-08,STR007,PRD00429,1,725.58,0.0,725.58,550.01,Debit Card,Regular
SAL20250017186,2025-02-22,STR015,PRD00284,1,170.59,0.0,170.59,103.53,UPI,Regular
SAL20250017187,2025-02-15,STR037,PRD00340,2,956.64,0.0,1913.28,1112.16,Credit Card,Walk-in
SAL20250017188,2025-02-16,STR020,PRD00155,1,2214.51,0.0,2214.51,1652.19,Debit Card,Premium
SAL20250017189,2025-02-19,STR001,PRD00767,2,2122.92,0.1,3821.26,3114.28,UPI,Regular
SAL20250017190,2025-02-14,STR041,PRD00574,5,560.83,0.0,2804.15,1692.8,Cash,Regular
SAL20250017191,2025-02-13,STR038,PRD00396,1,713.53,0.0,713.53,454.7,Credit Card,Walk-in
SAL20250017192,2025-02-20,STR041,PRD00113,1,16350.49,0.0,16350.49,11876.29,UPI,Regular
SAL20250017193,2025-02-27,STR027,PRD00013,1,17378.5,0.0,17378.5,12862.09,UPI,Regular
SAL20250017194,2025-02-20,STR034,PRD01093,1,4476.19,0.0,4476.19,2887.02,Cash,Walk-in
SAL20250017195,2025-02-10,STR019,PRD01170,1,1269.68,0.0,1269.68,694.9,Credit Card,Regular
SAL20250017196,2025-02-01,STR024,PRD00949,5,855.15,0.0,4275.75,2834.25,Cash,Regular
SAL20250017197,2025-02-28,STR004,PRD00298,1,1012.57,0.0,1012.57,666.12,UPI,Walk-in
SAL20250017198,2025-02-09,STR009,PRD00929,1,3367.15,0.1,3030.43,2036.24,Cash,Regular
SAL20250017199,2025-02-27,STR007,PRD00165,1,10264.9,0.0,10264.9,6671.83,Debit Card,Regular
SAL20250017200,2025-02-14,STR021,PRD00544,4,114.7,0.1,412.92,330.96,UPI,Regular
SAL20250017201,2025-02-27,STR033,PRD00175,1,11344.22,0.0,11344.22,7434.87,UPI,Regular
SAL20250017202,2025-02-06,STR023,PRD00790,1,1379.35,0.0,1379.35,902.72,Credit Card,Premium
SAL20250017203,2025-02-20,STR035,PRD00158,1,3798.87,0.0,3798.87,2582.44,UPI,Regular
SAL20250017204,2025-02-11,STR036,PRD00633,1,365.95,0.05,347.65,212.9,UPI,Walk-in
SAL20250017205,2025-02-04,STR040,PRD00776,2,1145.74,0.0,2291.48,1369.52,Debit Card,Walk-in
SAL20250017206,2025-02-13,STR028,PRD01013,4,214.89,0.0,859.56,592.96,Debit Card,Regular
SAL20250017207,2025-02-16,STR027,PRD00543,1,579.45,0.0,579.45,425.23,Credit Card,Regular
SAL20250017208,2025-02-04,STR029,PRD00982,5,104.72,0.0,523.6,291.7,Credit Card,Premium
SAL20250017209,2025-02-28,STR001,PRD00915,1,703.59,0.0,703.59,463.15,UPI,Premium
SAL20250017210,2025-02-16,STR012,PRD00416,3,833.51,0.0,2500.53,2075.37,Net Banking,Regular
SAL20250017211,2025-02-17,STR030,PRD01004,5,128.91,0.0,644.55,329.65,Credit Card,Walk-in
SAL20250017212,2025-02-09,STR032,PRD00854,1,2355.83,0.0,2355.83,1467.93,UPI,Regular
SAL20250017213,2025-02-04,STR003,PRD00955,2,608.44,0.0,1216.88,821.8,Debit Card,Walk-in
SAL20250017214,2025-02-09,STR037,PRD00786,2,2271.94,0.0,4543.88,3066.98,Cash,Regular
SAL20250017215,2025-02-21,STR003,PRD00443,10,206.94,0.0,2069.4,1670.6,UPI,Regular
SAL20250017216,2025-02-04,STR019,PRD00921,1,3248.47,0.0,3248.47,1833.94,UPI,Walk-in
SAL20250017217,2025-02-28,STR032,PRD00863,1,1338.83,0.05,1271.89,745.06,Cash,Premium
SAL20250017218,2025-02-09,STR007,PRD00035,1,7229.47,0.0,7229.47,4889.28,UPI,Premium
SAL20250017219,2025-02-25,STR009,PRD00445,3,417.63,0.0,1252.89,1005.81,UPI,Walk-in
SAL20250017220,2025-02-06,STR022,PRD00253,1,9663.5,0.05,9180.32,6717.07,UPI,Walk-in
SAL20250017221,2025-02-09,STR022,PRD00104,1,21587.41,0.0,21587.41,17582.83,UPI,Walk-in
SAL20250017222,2025-02-28,STR012,PRD01166,1,3220.85,0.0,3220.85,1660.43,Debit Card,Regular
SAL20250017223,2025-02-25,STR007,PRD00680,1,3900.49,0.05,3705.47,2805.0,UPI,Regular
SAL20250017224,2025-02-01,STR033,PRD01032,1,117.65,0.05,111.77,70.2,Debit Card,Walk-in
SAL20250017225,2025-02-16,STR015,PRD00456,1,215.04,0.0,215.04,169.99,Credit Card,Walk-in
SAL20250017226,2025-02-28,STR018,PRD00782,1,3353.32,0.0,3353.32,1957.52,UPI,Walk-in
SAL20250017227,2025-02-17,STR017,PRD00744,3,4365.48,0.0,13096.44,8638.2,UPI,Walk-in
SAL20250017228,2025-02-08,STR023,PRD00328,1,1206.9,0.05,1146.56,619.01,UPI,Premium
SAL20250017229,2025-02-12,STR017,PRD00704,1,1185.8,0.0,1185.8,707.14,UPI,Regular
SAL20250017230,2025-02-01,STR027,PRD00687,2,2662.45,0.0,5324.9,3578.34,Credit Card,Regular
SAL20250017231,2025-02-10,STR013,PRD00605,1,66.61,0.1,59.95,49.05,Debit Card,Walk-in
SAL20250017232,2025-02-05,STR006,PRD00771,1,2601.02,0.0,2601.02,1436.13,UPI,Walk-in
SAL20250017233,2025-02-28,STR016,PRD00306,2,1349.3,0.0,2698.6,1543.88,UPI,Walk-in
SAL20250017234,2025-02-12,STR021,PRD01163,1,6199.15,0.0,6199.15,3716.06,UPI,Premium
SAL20250017235,2025-02-15,STR018,PRD00455,4,683.36,0.05,2596.77,2253.88,UPI,Premium
SAL20250017236,2025-02-20,STR023,PRD00619,4,215.37,0.0,861.48,557.32,Net Banking,Premium
SAL20250017237,2025-02-24,STR035,PRD00464,4,598.64,0.0,2394.56,1833.96,UPI,Regular
SAL20250017238,2025-02-14,STR018,PRD01181,1,2062.42,0.0,2062.42,1282.83,Net Banking,Regular
SAL20250017239,2025-02-25,STR029,PRD00272,2,610.52,0.0,1221.04,689.44,UPI,Premium
SAL20250017240,2025-02-08,STR040,PRD00714,2,1837.1,0.0,3674.2,2696.02,Credit Card,Walk-in
SAL20250017241,2025-02-04,STR020,PRD00160,1,7937.44,0.0,7937.44,4808.49,Debit Card,Regular
SAL20250017242,2025-02-22,STR008,PRD00358,2,873.37,0.0,1746.74,933.34,Debit Card,Regular
SAL20250017243,2025-02-17,STR025,PRD00888,1,2557.48,0.0,2557.48,1725.04,UPI,Walk-in
SAL20250017244,2025-02-17,STR005,PRD00550,2,639.85,0.0,1279.7,729.84,UPI,Walk-in
SAL20250017245,2025-02-28,STR040,PRD00597,1,765.55,0.0,765.55,443.82,Credit Card,Walk-in
SAL20250017246,2025-02-17,STR023,PRD00919,3,3391.01,0.1,9155.73,6696.24,Debit Card,Premium
SAL20250017247,2025-02-23,STR018,PRD01036,5,177.81,0.05,844.6,625.85,UPI,Walk-in
SAL20250017248,2025-02-22,STR041,PRD01093,2,4476.19,0.05,8504.76,5774.04,UPI,Regular
SAL20250017249,2025-02-26,STR018,PRD00300,2,1106.33,0.1,1991.39,1202.2,Credit Card,Regular
SAL20250017250,2025-02-18,STR007,PRD00690,1,3635.92,0.1,3272.33,2397.42,UPI,Regular
SAL20250017251,2025-02-18,STR016,PRD00189,1,8529.1,0.0,8529.1,5554.64,UPI,Walk-in
SAL20250017252,2025-02-16,STR033,PRD00694,1,3202.51,0.0,3202.51,2319.01,UPI,Corporate
SAL20250017253,2025-02-25,STR038,PRD01060,5,277.54,0.0,1387.7,991.75,Net Banking,Regular
SAL20250017254,2025-02-23,STR008,PRD00146,2,5953.14,0.0,11906.28,8311.82,Debit Card,Corporate
SAL20250017255,2025-02-16,STR007,PRD00788,1,3329.23,0.1,2996.31,2105.2,Credit Card,Regular
SAL20250017256,2025-02-05,STR002,PRD00162,1,9916.48,0.0,9916.48,6686.04,UPI,Regular
SAL20250017257,2025-02-13,STR003,PRD00139,1,2949.49,0.0,2949.49,1812.36,UPI,Regular
SAL20250017258,2025-02-16,STR004,PRD00756,2,3090.95,0.0,6181.9,4416.8,UPI,Regular
SAL20250017259,2025-02-26,STR022,PRD00636,6,685.82,0.0,4114.92,2714.64,Credit Card,Walk-in
SAL20250017260,2025-02-08,STR037,PRD00405,1,917.35,0.0,917.35,803.86,UPI,Walk-in
SAL20250017261,2025-02-09,STR001,PRD00651,1,368.8,0.0,368.8,256.48,Cash,Regular
SAL20250017262,2025-02-23,STR015,PRD00654,3,474.17,0.0,1422.51,973.17,Credit Card,Regular
SAL20250017263,2025-02-13,STR027,PRD00217,1,8159.94,0.0,8159.94,5298.43,UPI,Walk-in
SAL20250017264,2025-02-17,STR009,PRD01098,1,1920.11,0.05,1824.1,1122.86,Net Banking,Regular
SAL20250017265,2025-02-10,STR028,PRD00429,1,725.58,0.0,725.58,550.01,UPI,Regular
SAL20250017266,2025-02-18,STR033,PRD00862,1,1883.72,0.0,1883.72,1142.54,UPI,Regular
SAL20250017267,2025-02-28,STR001,PRD01041,1,954.2,0.05,906.49,532.81,UPI,Corporate
SAL20250017268,2025-02-16,STR016,PRD00261,2,8333.44,0.0,16666.88,10237.02,Credit Card,Premium
SAL20250017269,2025-02-10,STR022,PRD00112,2,3948.48,0.0,7896.96,6254.46,Cash,Walk-in
SAL20250017270,2025-02-13,STR021,PRD01058,3,211.57,0.05,602.97,435.06,UPI,Premium
SAL20250017271,2025-02-05,STR026,PRD01100,2,6765.12,0.0,13530.24,8161.74,Credit Card,Regular
SAL20250017272,2025-02-09,STR040,PRD00920,3,2715.99,0.0,8147.97,4603.38,UPI,Walk-in
SAL20250017273,2025-02-08,STR022,PRD00377,2,1177.54,0.0,2355.08,1645.44,Credit Card,Walk-in
SAL20250017274,2025-02-16,STR018,PRD00692,1,1997.13,0.0,1997.13,1445.9,Debit Card,Regular
SAL20250017275,2025-02-07,STR003,PRD00241,1,7381.55,0.0,7381.55,5583.94,UPI,Walk-in
SAL20250017276,2025-02-19,STR021,PRD01117,1,2651.1,0.0,2651.1,1446.8,UPI,Walk-in
SAL20250017277,2025-02-16,STR011,PRD00435,1,718.79,0.0,718.79,584.17,Cash,Walk-in
SAL20250017278,2025-02-23,STR031,PRD00851,2,2659.29,0.0,5318.58,3854.78,Credit Card,Regular
SAL20250017279,2025-02-04,STR004,PRD00314,1,610.16,0.0,610.16,372.41,UPI,Regular
SAL20250017280,2025-02-25,STR002,PRD00450,1,377.7,0.0,377.7,290.54,UPI,Premium
SAL20250017281,2025-02-10,STR022,PRD00412,3,576.41,0.0,1729.23,1364.25,Cash,Walk-in
SAL20250017282,2025-02-16,STR006,PRD00632,1,758.72,0.0,758.72,430.06,Credit Card,Regular
SAL20250017283,2025-02-15,STR033,PRD00844,1,3943.03,0.1,3548.73,2224.57,Debit Card,Premium
SAL20250017284,2025-02-19,STR002,PRD00814,1,3265.17,0.0,3265.17,1889.37,UPI,Walk-in
SAL20250017285,2025-02-05,STR015,PRD00587,1,250.15,0.0,250.15,171.79,Credit Card,Regular
SAL20250017286,2025-02-16,STR037,PRD00295,1,1024.45,0.0,1024.45,568.49,Cash,Regular
SAL20250017287,2025-02-06,STR035,PRD00755,4,511.82,0.0,2047.28,1377.24,UPI,Walk-in
SAL20250017288,2025-02-22,STR023,PRD00342,1,1186.13,0.0,1186.13,698.17,Credit Card,Regular
SAL20250017289,2025-02-23,STR030,PRD00366,1,994.61,0.05,944.88,474.73,UPI,Corporate
SAL20250017290,2025-02-20,STR040,PRD00672,4,4427.9,0.0,17711.6,12055.36,Net Banking,Walk-in
SAL20250017291,2025-02-14,STR038,PRD00002,1,1289.58,0.0,1289.58,870.9,UPI,Regular
SAL20250017292,2025-02-28,STR040,PRD00097,1,19452.93,0.0,19452.93,14437.86,Debit Card,Premium
SAL20250017293,2025-02-27,STR039,PRD00546,2,854.43,0.0,1708.86,947.8,UPI,Corporate
SAL20250017294,2025-02-16,STR018,PRD00416,3,833.51,0.05,2375.5,2075.37,UPI,Regular
SAL20250017295,2025-02-08,STR028,PRD00401,1,743.9,0.0,743.9,628.4,UPI,Walk-in
SAL20250017296,2025-02-04,STR031,PRD00066,1,7423.58,0.05,7052.4,5820.76,Debit Card,Regular
SAL20250017297,2025-02-04,STR022,PRD00926,2,683.78,0.0,1367.56,962.5,UPI,Walk-in
SAL20250017298,2025-02-27,STR026,PRD00402,1,947.11,0.0,947.11,818.06,Cash,Regular
SAL20250017299,2025-02-25,STR027,PRD00178,1,9669.95,0.0,9669.95,6949.73,Credit Card,Premium
SAL20250017300,2025-02-21,STR038,PRD00983,1,1007.95,0.0,1007.95,583.88,Credit Card,Walk-in
SAL20250017301,2025-02-23,STR015,PRD00404,4,695.46,0.0,2781.84,2417.52,Credit Card,Walk-in
SAL20250017302,2025-02-10,STR003,PRD00785,1,4604.98,0.0,4604.98,2754.83,UPI,Regular
SAL20250017303,2025-02-24,STR019,PRD01088,1,4543.5,0.0,4543.5,1992.55,UPI,Regular
SAL20250017304,2025-02-25,STR009,PRD00691,1,1815.13,0.0,1815.13,1149.93,Credit Card,Regular
SAL20250017305,2025-02-20,STR013,PRD00193,1,5766.86,0.05,5478.52,4191.48,UPI,Walk-in
SAL20250017306,2025-02-07,STR031,PRD00755,3,511.82,0.0,1535.46,1032.93,Credit Card,Regular
SAL20250017307,2025-02-25,STR040,PRD00144,2,7333.73,0.0,14667.46,9928.14,Credit Card,Regular
SAL20250017308,2025-02-28,STR028,PRD00990,1,577.78,0.0,577.78,350.79,Credit Card,Premium
SAL20250017309,2025-02-15,STR023,PRD00632,4,758.72,0.0,3034.88,1720.24,UPI,Regular
SAL20250017310,2025-02-10,STR018,PRD01102,1,845.86,0.0,845.86,353.36,Debit Card,Walk-in
SAL20250017311,2025-02-02,STR018,PRD00643,1,345.09,0.0,345.09,217.6,UPI,Premium
SAL20250017312,2025-02-08,STR039,PRD00783,2,2295.14,0.0,4590.28,2886.5,UPI,Regular
SAL20250017313,2025-02-11,STR029,PRD01049,4,225.77,0.0,903.08,551.52,Cash,Regular
SAL20250017314,2025-02-24,STR020,PRD00935,1,821.43,0.0,821.43,586.1,UPI,Regular
SAL20250017315,2025-02-23,STR005,PRD00646,3,108.22,0.0,324.66,197.37,Cash,Corporate
SAL20250017316,2025-02-08,STR004,PRD01180,2,9129.62,0.0,18259.24,8487.62,Credit Card,Corporate
SAL20250017317,2025-02-10,STR003,PRD00104,1,21587.41,0.0,21587.41,17582.83,Credit Card,Premium
SAL20250017318,2025-02-05,STR004,PRD00042,1,15775.49,0.0,15775.49,11939.67,Credit Card,Walk-in
SAL20250017319,2025-02-12,STR021,PRD00072,2,4522.2,0.0,9044.4,6249.18,UPI,Regular
SAL20250017320,2025-02-28,STR024,PRD00726,2,2171.72,0.0,4343.44,2995.7,UPI,Regular
SAL20250017321,2025-02-05,STR022,PRD00200,2,1880.51,0.0,3761.02,2726.86,Debit Card,Regular
SAL20250017322,2025-02-14,STR011,PRD00814,3,3265.17,0.0,9795.51,5668.11,Credit Card,Regular
SAL20250017323,2025-02-17,STR017,PRD01142,2,3878.91,0.0,7757.82,4529.58,Credit Card,Regular
SAL20250017324,2025-02-21,STR003,PRD00608,1,314.95,0.0,314.95,234.14,UPI,Walk-in
SAL20250017325,2025-02-24,STR036,PRD00077,1,14848.8,0.0,14848.8,12077.21,UPI,Regular
SAL20250017326,2025-02-27,STR041,PRD00627,4,670.0,0.0,2680.0,1614.84,Debit Card,Walk-in
SAL20250017327,2025-02-23,STR016,PRD00737,2,1053.41,0.05,2001.48,1506.74,UPI,Walk-in
SAL20250017328,2025-02-01,STR002,PRD00120,1,22170.49,0.05,21061.97,16305.22,UPI,Walk-in
SAL20250017329,2025-02-23,STR015,PRD00976,1,1125.69,0.0,1125.69,582.61,UPI,Regular
SAL20250017330,2025-02-22,STR026,PRD00367,1,450.03,0.0,450.03,246.78,UPI,Corporate
SAL20250017331,2025-02-20,STR002,PRD00695,1,2280.88,0.0,2280.88,1276.46,UPI,Corporate
SAL20250017332,2025-02-20,STR006,PRD01013,-1,214.89,0.0,-214.89,148.24,Credit Card,Walk-in
SAL20250017333,2025-02-16,STR010,PRD00632,1,758.72,0.0,758.72,430.06,Debit Card,Walk-in
SAL20250017334,2025-02-23,STR022,PRD00912,1,532.47,0.0,532.47,306.3,UPI,Regular
SAL20250017335,2025-02-19,STR007,PRD00421,4,579.98,0.0,2319.92,1946.0,Credit Card,Regular
SAL20250017336,2025-02-24,STR013,PRD00375,1,650.42,0.0,650.42,365.06,Cash,Regular
SAL20250017337,2025-02-28,STR041,PRD00956,2,1028.6,0.1,1851.48,1144.0,Credit Card,Walk-in
SAL20250017338,2025-02-08,STR033,PRD00967,1,44.43,0.0,44.43,28.54,Debit Card,Premium
SAL20250017339,2025-02-15,STR017,PRD00949,3,855.15,0.0,2565.45,1700.55,Debit Card,Regular
SAL20250017340,2025-02-16,STR037,PRD00837,1,4012.56,0.0,4012.56,2368.64,UPI,Regular
SAL20250017341,2025-02-13,STR025,PRD00449,1,236.21,0.0,236.21,199.14,UPI,Corporate
SAL20250017342,2025-02-16,STR016,PRD00589,2,435.23,0.0,870.46,508.08,Cash,Regular
SAL20250017343,2025-02-14,STR012,PRD00310,1,607.97,0.05,577.57,303.74,UPI,Regular
SAL20250017344,2025-02-13,STR031,PRD00625,2,629.94,0.0,1259.88,865.82,UPI,Regular
SAL20250017345,2025-02-08,STR023,PRD01016,4,253.56,0.0,1014.24,645.6,Debit Card,Premium
SAL20250017346,2025-02-09,STR034,PRD01192,3,7158.24,0.05,20400.98,12197.94,UPI,Regular
SAL20250017347,2025-02-01,STR035,PRD00785,1,4604.98,0.0,4604.98,2754.83,Cash,Walk-in
SAL20250017348,2025-02-26,STR026,PRD00185,2,1926.14,0.0,3852.28,3000.08,Credit Card,Premium
SAL20250017349,2025-02-27,STR021,PRD00872,1,467.45,0.05,444.08,333.62,UPI,Regular
SAL20250017350,2025-02-26,STR008,PRD00086,1,22194.93,0.0,22194.93,15176.58,Credit Card,Premium
SAL20250017351,2025-02-13,STR031,PRD00529,1,569.27,0.0,569.27,490.31,Cash,Walk-in
SAL20250017352,2025-02-06,STR040,PRD00575,4,90.77,0.0,363.08,268.32,Cash,Regular
SAL20250017353,2025-02-24,STR039,PRD00375,1,650.42,0.0,650.42,365.06,Debit Card,Regular
SAL20250017354,2025-02-01,STR010,PRD00604,1,254.69,0.0,254.69,151.9,Debit Card,Regular
SAL20250017355,2025-02-27,STR021,PRD00335,1,1156.98,0.0,1156.98,622.56,Debit Card,Premium
SAL20250017356,2025-02-21,STR031,PRD00473,3,113.62,0.1,306.77,284.49,Debit Card,Walk-in
SAL20250017357,2025-02-05,STR036,PRD00507,2,259.46,0.0,518.92,430.7,UPI,Walk-in
SAL20250017358,2025-02-23,STR028,PRD00621,1,335.41,0.05,318.64,235.43,Credit Card,Regular
SAL20250017359,2025-02-11,STR017,PRD00934,1,3207.23,0.0,3207.23,1811.07,Debit Card,Walk-in
SAL20250017360,2025-02-18,STR022,PRD00412,4,576.41,0.0,2305.64,1819.0,Debit Card,Walk-in
SAL20250017361,2025-02-28,STR013,PRD00530,3,663.27,0.0,1989.81,1686.21,Credit Card,Regular
SAL20250017362,2025-02-14,STR014,PRD00639,2,160.88,0.0,321.76,204.82,UPI,Premium
SAL20250017363,2025-02-07,STR035,PRD00041,1,19732.0,0.0,19732.0,14953.27,Credit Card,Walk-in
SAL20250017364,2025-02-15,STR041,PRD01190,1,7433.72,0.0,7433.72,3770.31,UPI,Regular
SAL20250017365,2025-02-10,STR007,PRD00212,1,9559.41,0.0,9559.41,6260.97,Cash,Walk-in
SAL20250017366,2025-02-28,STR012,PRD01129,1,691.29,0.1,622.16,281.12,Debit Card,Regular
SAL20250017367,2025-02-14,STR021,PRD00767,4,2122.92,0.05,8067.1,6228.56,UPI,Walk-in
SAL20250017368,2025-02-20,STR017,PRD01073,1,4074.99,0.0,4074.99,2440.45,Cash,Walk-in
SAL20250017369,2025-02-11,STR009,PRD00810,2,406.14,0.0,812.28,522.2,Debit Card,Corporate
SAL20250017370,2025-02-23,STR001,PRD00309,1,1344.75,0.05,1277.51,637.15,Debit Card,Regular
SAL20250017371,2025-02-22,STR034,PRD00313,1,1406.36,0.0,1406.36,639.34,UPI,Premium
SAL20250017372,2025-02-16,STR020,PRD00544,1,114.7,0.0,114.7,82.74,Credit Card,Regular
SAL20250017373,2025-02-28,STR023,PRD00214,1,9551.75,0.0,9551.75,6869.66,Debit Card,Corporate
SAL20250017374,2025-02-12,STR010,PRD00719,1,4808.67,0.0,4808.67,2759.21,UPI,Regular
SAL20250017375,2025-02-08,STR036,PRD00582,4,535.32,0.0,2141.28,1540.0,Debit Card,Regular
SAL20250017376,2025-02-17,STR011,PRD01187,1,5464.91,0.1,4918.42,3354.99,Debit Card,Regular
SAL20250017377,2025-02-09,STR018,PRD00298,2,1012.57,0.0,2025.14,1332.24,UPI,Regular
SAL20250017378,2025-02-04,STR001,PRD00398,1,358.79,0.0,358.79,173.35,UPI,Regular
SAL20250017379,2025-02-13,STR010,PRD00900,1,3167.3,0.0,3167.3,1961.05,UPI,Premium
SAL20250017380,2025-02-05,STR025,PRD00247,1,8119.57,0.0,8119.57,4992.42,Credit Card,Regular
SAL20250017381,2025-02-24,STR009,PRD00134,1,19404.79,0.0,19404.79,14953.78,Credit Card,Corporate
SAL20250017382,2025-02-08,STR008,PRD00228,1,4421.9,0.0,4421.9,2982.31,UPI,Regular
SAL20250017383,2025-02-05,STR028,PRD00102,1,21236.57,0.0,21236.57,16141.17,UPI,Regular
SAL20250017384,2025-02-18,STR030,PRD00451,2,641.37,0.1,1154.47,1010.46,Debit Card,Walk-in
SAL20250017385,2025-02-12,STR038,PRD00368,1,927.52,0.0,927.52,587.93,Credit Card,Premium
SAL20250017386,2025-02-01,STR041,PRD00951,2,594.37,0.0,1188.74,704.76,Cash,Regular
SAL20250017387,2025-02-23,STR006,PRD00288,1,827.89,0.0,827.89,439.36,UPI,Regular
SAL20250017388,2025-02-04,STR008,PRD00463,2,933.21,0.1,1679.78,1494.94,UPI,Regular
SAL20250017389,2025-02-15,STR031,PRD00271,2,660.1,0.0,1320.2,837.2,Debit Card,Walk-in
SAL20250017390,2025-02-04,STR002,PRD00635,4,332.03,0.0,1328.12,829.2,UPI,Walk-in
SAL20250017391,2025-02-17,STR028,PRD00147,1,10113.79,0.0,10113.79,6299.23,Debit Card,Regular
SAL20250017392,2025-02-22,STR032,PRD00915,3,703.59,0.0,2110.77,1389.45,Credit Card,Walk-in
SAL20250017393,2025-02-10,STR016,PRD00694,1,3202.51,0.0,3202.51,2319.01,Credit Card,Premium
SAL20250017394,2025-02-04,STR032,PRD00661,2,443.39,0.0,886.78,567.36,Credit Card,Regular
SAL20250017395,2025-02-15,STR020,PRD00542,2,534.65,0.0,1069.3,683.62,Net Banking,Regular
SAL20250017396,2025-02-11,STR038,PRD00127,1,14293.97,0.0,14293.97,10567.08,UPI,Regular
SAL20250017397,2025-02-20,STR037,PRD00608,1,314.95,0.0,314.95,234.14,Debit Card,Walk-in
SAL20250017398,2025-02-03,STR022,PRD01093,1,4476.19,0.0,4476.19,2887.02,UPI,Regular
SAL20250017399,2025-02-06,STR041,PRD00909,2,1266.46,0.0,2532.92,1738.96,UPI,Corporate
SAL20250017400,2025-02-15,STR034,PRD00967,2,44.43,0.05,84.42,57.08,Credit Card,Walk-in
SAL20250017401,2025-02-21,STR027,PRD00895,3,472.54,0.0,1417.62,892.2,Net Banking,Regular
SAL20250017402,2025-02-08,STR036,PRD00104,1,21587.41,0.0,21587.41,17582.83,UPI,Regular
SAL20250017403,2025-02-04,STR012,PRD01159,1,3270.67,0.0,3270.67,1499.26,UPI,Corporate
SAL20250017404,2025-02-12,STR017,PRD00421,1,579.98,0.0,579.98,486.5,Cash,Walk-in
SAL20250017405,2025-02-26,STR010,,1,6990.3,0.0,6990.3,3398.23,UPI,Regular
SAL20250017406,2025-02-12,STR019,PRD00289,3,1047.34,0.0,3142.02,1821.0,Credit Card,Walk-in
SAL20250017407,2025-02-06,STR001,PRD00311,1,936.08,0.0,936.08,578.34,Credit Card,Walk-in
SAL20250017408,2025-02-19,STR002,PRD00827,1,3989.15,0.0,3989.15,2196.59,UPI,Regular
SAL20250017409,2025-02-06,STR017,PRD00428,1,311.12,0.0,311.12,244.75,UPI,Walk-in
SAL20250017410,2025-02-20,STR026,PRD00698,2,1659.66,0.0,3319.32,2189.18,Credit Card,Premium
SAL20250017411,2025-02-08,STR023,PRD01069,1,2127.71,0.0,2127.71,1083.85,Cash,Walk-in
SAL20250017412,2025-02-08,STR001,PRD00848,1,2441.1,0.0,2441.1,1616.32,Credit Card,Premium
SAL20250017413,2025-02-09,STR040,PRD00795,4,965.34,0.1,3475.22,2752.08,UPI,Regular
SAL20250017414,2025-02-26,STR022,PRD00612,2,287.57,0.05,546.38,424.86,Credit Card,Premium
SAL20250017415,2025-02-21,STR016,PRD00957,1,157.86,0.0,157.86,94.55,Credit Card,Regular
SAL20250017416,2025-02-11,STR034,PRD00844,1,3943.03,0.0,3943.03,2224.57,Credit Card,Premium
SAL20250017417,2025-02-12,STR014,PRD00359,1,1383.56,0.1,1245.2,643.64,Debit Card,Regular
SAL20250017418,2025-02-28,STR040,PRD00313,1,1406.36,0.0,1406.36,639.34,UPI,Corporate
SAL20250017419,2025-02-16,STR041,PRD00953,3,80.84,0.0,242.52,173.91,Credit Card,Walk-in
SAL20250017420,2025-02-20,STR018,PRD00629,1,197.41,0.0,197.41,137.09,UPI,Walk-in
SAL20250017421,2025-02-26,STR018,PRD00328,1,1206.9,0.1,1086.21,619.01,Cash,Walk-in
SAL20250017422,2025-02-09,STR005,PRD00434,4,648.17,0.0,2592.68,2155.16,UPI,Walk-in
SAL20250017423,2025-02-25,STR034,PRD01036,3,177.81,0.1,480.09,375.51,UPI,Regular
SAL20250017424,2025-02-14,STR016,PRD00965,3,67.67,0.0,203.01,145.38,Credit Card,Regular
SAL20250017425,2025-02-18,STR025,PRD00453,2,1257.16,0.0,2514.32,1892.74,Debit Card,Regular
SAL20250017426,2025-02-24,STR040,PRD00857,1,3027.87,0.0,3027.87,2160.84,Net Banking,Premium
SAL20250017427,2025-02-19,STR032,PRD00743,2,1675.83,0.0,3351.66,2263.12,UPI,Walk-in
SAL20250017428,2025-02-27,STR016,PRD00229,1,2013.93,0.1,1812.54,1348.9,Debit Card,Walk-in
SAL20250017429,2025-02-16,STR032,PRD00582,2,535.32,0.0,1070.64,770.0,UPI,Walk-in
SAL20250017430,2025-02-20,STR011,PRD00132,1,22943.8,0.1,20649.42,17725.67,Credit Card,Regular
SAL20250017431,2025-02-20,STR015,PRD00428,2,311.12,0.1,560.02,489.5,UPI,Walk-in
SAL20250017432,2025-02-27,STR036,PRD01071,1,5607.68,0.0,5607.68,3412.0,Cash,Walk-in
SAL20250017433,2025-02-20,STR004,PRD00769,1,1757.79,0.0,1757.79,1242.17,UPI,Walk-in
SAL20250017434,2025-02-16,STR026,PRD00081,1,19888.54,0.0,19888.54,13106.38,UPI,Premium
SAL20250017435,2025-02-21,STR030,PRD00707,1,2433.38,0.05,2311.71,1626.72,Debit Card,Regular
SAL20250017436,2025-02-03,STR003,PRD00803,1,2033.91,0.1,1830.52,1224.74,UPI,Walk-in
SAL20250017437,2025-02-10,STR005,PRD00336,1,1590.59,0.0,1590.59,821.11,UPI,Regular
SAL20250017438,2025-02-05,STR003,PRD00344,1,702.67,0.0,702.67,433.6,Credit Card,Regular
SAL20250017439,2025-02-21,STR003,PRD00233,2,9134.67,0.0,18269.34,14209.68,Debit Card,Walk-in
SAL20250017440,2025-02-07,STR031,PRD00843,3,1073.63,0.0,3220.89,2068.38,Debit Card,Regular
SAL20250017441,2025-02-22,STR019,PRD00583,2,704.61,0.0,1409.22,875.18,UPI,Regular
SAL20250017442,2025-02-27,STR031,PRD00552,4,296.06,0.0,1184.24,779.76,UPI,Regular
SAL20250017443,2025-02-02,STR020,PRD00101,1,2548.25,0.0,2548.25,1803.25,UPI,Premium
SAL20250017444,2025-02-10,STR007,PRD00183,3,6835.62,0.1,18456.17,13465.68,Credit Card,Regular
SAL20250017445,2025-02-03,STR010,PRD00464,1,598.64,0.05,568.71,458.49,UPI,Walk-in
SAL20250017446,2025-02-12,STR011,PRD01113,1,4340.13,0.0,4340.13,2015.92,UPI,Walk-in
SAL20250017447,2025-02-08,STR015,PRD00603,4,196.91,0.0,787.64,523.84,Net Banking,Regular
SAL20250017448,2025-02-18,STR005,PRD00771,1,2601.02,0.0,2601.02,1436.13,Debit Card,Premium
SAL20250017449,2025-02-22,STR001,PRD00739,1,2279.96,0.0,2279.96,1541.42,UPI,Walk-in
SAL20250017450,2025-02-04,STR030,PRD00808,2,2998.33,0.0,5996.66,3627.94,Credit Card,Regular
SAL20250017451,2025-02-10,STR039,PRD00729,1,3595.95,0.0,3595.95,2557.72,Cash,Corporate
SAL20250017452,2025-02-20,STR025,PRD00259,1,1699.09,0.0,1699.09,1233.0,Credit Card,Regular
SAL20250017453,2025-02-23,STR008,PRD01036,4,177.81,0.0,711.24,500.68,UPI,Regular
SAL20250017454,2025-02-25,STR016,PRD00999,1,1102.59,0.0,1102.59,586.85,UPI,Walk-in
SAL20250017455,2025-02-23,STR035,PRD00316,1,924.22,0.0,924.22,589.52,Credit Card,Walk-in
SAL20250017456,2025-02-21,STR041,PRD01011,1,265.01,0.0,265.01,149.69,Debit Card,Regular
SAL20250017457,2025-02-27,STR034,PRD00458,4,587.81,0.0,2351.24,1783.68,Credit Card,Walk-in
SAL20250017458,2025-02-28,STR025,PRD00453,1,1257.16,0.0,1257.16,946.37,UPI,Regular
SAL20250017459,2025-02-07,STR004,PRD01187,1,5464.91,0.0,5464.91,3354.99,UPI,Regular
SAL20250017460,2025-02-02,STR032,PRD00628,2,365.09,0.0,730.18,421.62,Debit Card,Premium
SAL20250017461,2025-02-06,STR018,PRD00978,2,172.32,0.0,344.64,214.64,Debit Card,Walk-in
SAL20250017462,2025-02-23,STR014,PRD01054,3,256.04,0.0,768.12,503.88,UPI,Regular
SAL20250017463,2025-02-13,STR021,PRD01177,2,2791.89,0.0,5583.78,3189.26,UPI,Regular
SAL20250017464,2025-02-19,STR024,PRD00138,1,3460.02,0.0,3460.02,2661.97,Debit Card,Regular
SAL20250017465,2025-02-11,STR027,PRD00213,2,7822.44,0.0,15644.88,11194.22,Debit Card,Regular
SAL20250017466,2025-02-10,STR007,PRD00409,2,950.85,0.0,1901.7,1476.22,Cash,Walk-in
SAL20250017467,2025-02-10,STR007,PRD00840,1,2736.67,0.0,2736.67,1682.08,UPI,Regular
SAL20250017468,2025-02-04,STR011,PRD00937,1,262.48,0.0,262.48,177.56,UPI,Regular
SAL20250017469,2025-02-17,STR002,PRD00450,2,377.7,0.0,755.4,581.08,UPI,Walk-in
SAL20250017470,2025-02-15,STR001,PRD00828,1,765.4,0.0,765.4,443.0,UPI,Premium
SAL20250017471,2025-02-09,STR026,PRD00148,1,6813.06,0.0,6813.06,4694.28,Credit Card,Regular
SAL20250017472,2025-02-06,STR022,PRD00295,1,1024.45,0.1,922.01,568.49,Debit Card,Regular
SAL20250017473,2025-02-25,STR008,PRD00518,2,1000.64,0.0,2001.28,1536.86,Cash,Walk-in
SAL20250017474,2025-02-24,STR027,PRD00551,1,585.58,0.0,585.58,430.57,Credit Card,Regular
SAL20250017475,2025-02-26,STR017,PRD00968,1,316.7,0.0,316.7,158.76,UPI,Regular
SAL20250017476,2025-02-13,STR039,PRD00336,2,1590.59,0.0,3181.18,1642.22,Cash,Walk-in
SAL20250017477,2025-02-24,STR025,PRD00832,1,1859.75,0.0,1859.75,1370.28,Credit Card,Regular
SAL20250017478,2025-02-17,STR001,PRD00290,2,747.46,0.0,1494.92,956.64,UPI,Regular
SAL20250017479,2025-02-23,STR033,PRD00683,1,794.15,0.0,794.15,594.03,Credit Card,Walk-in
SAL20250017480,2025-02-20,STR038,PRD00638,1,188.95,0.0,188.95,115.21,Debit Card,Corporate
SAL20250017481,2025-02-19,STR024,PRD00513,1,111.04,0.0,111.04,92.76,Credit Card,Regular
SAL20250017482,2025-02-09,STR004,PRD01086,2,5541.98,0.0,11083.96,6444.84,UPI,Walk-in
SAL20250017483,2025-02-27,STR023,PRD00847,3,2294.5,0.0,6883.5,4851.36,UPI,Walk-in
SAL20250017484,2025-02-25,STR001,PRD00074,1,17249.82,0.0,17249.82,11809.64,Credit Card,Premium
SAL20250017485,2025-02-17,STR034,PRD01122,1,6526.26,0.0,6526.26,3631.48,Debit Card,Regular
SAL20250017486,2025-02-18,STR003,PRD01044,2,762.23,0.0,1524.46,1088.96,UPI,Walk-in
SAL20250017487,2025-02-23,STR019,PRD00071,2,14423.02,0.0,28846.04,19211.26,Debit Card,Walk-in
SAL20250017488,2025-02-26,STR034,PRD00990,1,577.78,0.0,577.78,350.79,UPI,Corporate
SAL20250017489,2025-02-08,STR016,PRD00106,1,3614.0,0.05,3433.3,2487.36,UPI,Regular
SAL20250017490,2025-02-15,STR017,PRD00387,1,446.12,0.1,401.51,248.3,Credit Card,Walk-in
SAL20250017491,2025-02-12,STR041,PRD00671,1,327.72,0.0,327.72,208.01,Credit Card,Walk-in
SAL20250017492,2025-02-10,STR021,PRD00997,3,893.9,0.0,2681.7,1874.07,Credit Card,Regular
SAL20250017493,2025-02-24,STR007,PRD00165,1,10264.9,0.0,10264.9,6671.83,UPI,Regular
SAL20250017494,2025-02-08,STR022,PRD00109,1,12280.41,0.0,12280.41,9316.5,UPI,Walk-in
SAL20250017495,2025-02-23,STR027,PRD01068,1,5954.4,0.0,5954.4,3495.2,UPI,Premium
SAL20250017496,2025-02-18,STR020,PRD00918,3,2741.1,0.0,8223.3,5962.32,UPI,Walk-in
SAL20250017497,2025-02-23,STR041,PRD00617,1,496.18,0.0,496.18,363.01,Credit Card,Premium
SAL20250017498,2025-02-16,STR011,PRD00784,1,1985.25,0.0,1985.25,1302.04,Credit Card,Premium
SAL20250017499,2025-02-21,STR031,PRD00767,1,2122.92,0.0,2122.92,1557.14,UPI,Regular
SAL20250017500,2025-02-04,STR006,PRD00023,1,6541.47,0.0,6541.47,4428.32,Debit Card,Regular
SAL20250017501,2025-02-23,STR017,PRD00805,2,3870.93,0.0,7741.86,4327.62,UPI,Walk-in
SAL20250017502,2025-02-09,STR001,PRD00008,1,14817.35,0.0,14817.35,10393.47,UPI,Premium
SAL20250017503,2025-02-17,STR025,PRD00750,1,3884.81,0.0,3884.81,2144.98,UPI,Premium
SAL20250017504,2025-02-20,STR031,PRD00935,6,821.43,0.0,4928.58,3516.6,UPI,Regular
SAL20250017505,2025-02-15,STR039,PRD00556,10,634.75,0.0,6347.5,4709.8,Credit Card,Premium
SAL20250017506,2025-02-23,STR001,PRD00051,1,18906.15,0.0,18906.15,13812.18,Debit Card,Walk-in
SAL20250017507,2025-02-25,STR009,PRD00996,1,577.22,0.05,548.36,329.39,UPI,Regular
SAL20250017508,2025-02-01,STR018,PRD00899,1,2165.69,0.05,2057.41,1458.76,Credit Card,Walk-in
SAL20250017509,2025-02-24,STR021,PRD00962,2,708.41,0.0,1416.82,791.36,UPI,Premium
SAL20250017510,2025-02-01,STR004,PRD00027,1,21177.44,0.0,21177.44,15886.64,Cash,Regular
SAL20250017511,2025-02-10,STR002,PRD00342,1,1186.13,0.0,1186.13,698.17,Credit Card,Walk-in
SAL20250017512,2025-02-03,STR014,PRD00422,4,218.73,0.0,874.92,667.72,Credit Card,Premium
SAL20250017513,2025-02-13,STR028,PRD01079,1,323.52,0.0,323.52,191.54,UPI,Corporate
SAL20250017514,2025-02-09,STR003,PRD00976,1,1125.69,0.0,1125.69,582.61,Cash,Walk-in
SAL20250017515,2025-02-13,STR025,PRD00880,1,430.21,0.0,430.21,293.94,Credit Card,Premium
SAL20250017516,2025-02-21,STR011,PRD00290,1,747.46,0.0,747.46,478.32,Debit Card,Premium
SAL20250017517,2025-02-21,STR013,PRD00961,1,294.28,0.1,264.85,158.53,UPI,Regular
SAL20250017518,2025-02-17,STR035,PRD00753,1,4495.87,0.05,4271.08,2621.72,UPI,Regular
SAL20250017519,2025-02-23,STR036,PRD00122,1,23504.26,0.0,23504.26,16366.57,Debit Card,Regular
SAL20250017520,2025-02-04,STR012,PRD00053,1,3304.53,0.05,3139.3,2309.51,Net Banking,Walk-in
SAL20250017521,2025-02-09,STR033,PRD00458,5,587.81,0.05,2792.1,2229.6,UPI,Walk-in
SAL20250017522,2025-02-13,STR008,PRD01081,1,7442.0,0.0,7442.0,3523.33,Credit Card,Regular
SAL20250017523,2025-02-18,STR006,PRD00140,1,6378.06,0.0,6378.06,4851.7,UPI,Premium
SAL20250017524,2025-02-13,STR041,PRD01051,1,694.43,0.0,694.43,354.19,UPI,Regular
SAL20250017525,2025-02-11,STR009,PRD00652,1,210.65,0.0,210.65,137.0,UPI,Walk-in
SAL20250017526,2025-02-14,STR006,PRD00479,2,303.49,0.0,606.98,511.22,UPI,Regular
SAL20250017527,2025-02-09,STR015,PRD00176,1,4757.11,0.0,4757.11,2887.26,Net Banking,Premium
SAL20250017528,2025-02-21,STR040,PRD00750,1,3884.81,0.0,3884.81,2144.98,UPI,Walk-in
SAL20250017529,2025-02-05,STR001,PRD00589,4,435.23,0.0,1740.92,1016.16,Debit Card,Premium
SAL20250017530,2025-02-28,STR037,PRD00616,1,565.82,0.0,565.82,314.13,Credit Card,Regular
SAL20250017531,2025-02-10,STR008,PRD01012,2,896.48,0.0,1792.96,1165.16,UPI,Regular
SAL20250017532,2025-02-18,STR022,PRD00736,1,1942.77,0.0,1942.77,1241.55,Cash,Walk-in
SAL20250017533,2025-02-03,STR013,PRD01060,1,277.54,0.0,277.54,198.35,Cash,Regular
SAL20250017534,2025-02-08,STR034,PRD00706,4,3862.25,0.1,13904.1,9776.04,UPI,Regular
SAL20250017535,2025-02-18,STR023,PRD00212,1,9559.41,0.0,9559.41,6260.97,Net Banking,Premium
SAL20250017536,2025-02-20,STR013,PRD00688,1,2802.62,0.0,2802.62,2088.84,UPI,Premium
SAL20250017537,2025-02-01,STR028,PRD01127,1,730.99,0.05,694.44,319.39,Debit Card,Premium
SAL20250017538,2025-02-22,STR008,PRD00708,1,2849.79,0.1,2564.81,1883.15,UPI,Walk-in
SAL20250017539,2025-02-28,STR008,PRD00084,1,11056.09,0.0,11056.09,8293.77,UPI,Regular
SAL20250017540,2025-02-26,STR025,PRD00960,2,572.91,0.0,1145.82,764.8,Credit Card,Walk-in
SAL20250017541,2025-02-10,STR001,PRD00045,1,17414.18,0.0,17414.18,13822.18,Credit Card,Premium
SAL20250017542,2025-02-23,STR012,PRD00509,3,888.38,0.0,2665.14,2022.99,UPI,Walk-in
SAL20250017543,2025-02-08,STR009,PRD00338,1,1223.61,0.0,1223.61,688.23,Cash,Corporate
SAL20250017544,2025-02-18,STR030,PRD00877,3,1728.24,0.0,5184.72,3635.73,Debit Card,Regular
SAL20250017545,2025-02-16,STR002,PRD00170,1,1380.75,0.0,1380.75,918.49,Credit Card,Walk-in
SAL20250017546,2025-02-25,STR012,PRD00653,3,614.39,0.0,1843.17,1343.28,UPI,Walk-in
SAL20250017547,2025-02-24,STR032,PRD00261,1,8333.44,0.0,8333.44,5118.51,UPI,Regular
SAL20250017548,2025-02-16,STR032,PRD00630,2,612.41,0.0,1224.82,722.9,UPI,Regular
SAL20250017549,2025-02-19,STR031,PRD00949,2,855.15,0.1,1539.27,1133.7,UPI,Regular
SAL20250017550,2025-02-06,STR035,PRD00323,2,361.28,0.0,722.56,376.3,UPI,Regular
SAL20250017551,2025-02-07,STR012,PRD00962,2,708.41,0.0,1416.82,791.36,UPI,Premium
SAL20250017552,2025-02-16,STR029,PRD00292,1,975.97,0.0,975.97,491.67,Debit Card,Regular
SAL20250017553,2025-02-24,STR032,PRD00855,1,2084.62,0.0,2084.62,1525.55,UPI,Premium
SAL20250017554,2025-02-08,STR021,PRD01004,2,128.91,0.0,257.82,131.86,UPI,Regular
SAL20250017555,2025-02-05,STR020,PRD00741,1,2848.85,0.0,2848.85,2028.89,Cash,Premium
SAL20250017556,2025-02-16,STR021,PRD00474,2,108.22,0.0,216.44,178.74,Debit Card,Corporate
SAL20250017557,2025-02-12,STR009,PRD00933,1,3527.61,0.0,3527.61,2180.3,UPI,Regular
SAL20250017558,2025-02-23,STR004,PRD00817,1,3058.64,0.0,3058.64,2165.66,Cash,Premium
SAL20250017559,2025-02-26,STR031,PRD01105,1,2498.16,0.1,2248.34,1508.52,UPI,Regular
SAL20250017560,2025-02-26,STR006,PRD00841,1,1965.17,0.05,1866.91,1338.26,Debit Card,Walk-in
SAL20250017561,2025-02-22,STR023,PRD00810,1,406.14,0.0,406.14,261.1,UPI,Premium
SAL20250017562,2025-02-13,STR007,PRD00063,1,19546.78,0.05,18569.44,13446.97,UPI,Premium
SAL20250017563,2025-02-15,STR017,PRD00483,2,634.79,0.0,1269.58,1061.92,Net Banking,Walk-in
SAL20250017564,2025-02-27,STR037,PRD00448,2,612.68,0.0,1225.36,1037.12,UPI,Regular
SAL20250017565,2025-02-12,STR006,PRD00113,1,16350.49,0.0,16350.49,11876.29,UPI,Regular
SAL20250017566,2025-02-20,STR005,PRD01182,4,9675.4,0.1,34831.44,17062.24,Credit Card,Regular
SAL20250017567,2025-02-02,STR017,PRD01115,1,4843.87,0.0,4843.87,2404.35,UPI,Premium
SAL20250017568,2025-02-10,STR039,PRD01027,4,412.95,0.0,1651.8,902.88,Credit Card,Walk-in
SAL20250017569,2025-02-01,STR033,PRD00440,1,366.81,0.0,366.81,320.83,Debit Card,Walk-in
SAL20250017570,2025-02-18,STR005,PRD01021,3,582.28,0.0,1746.84,1134.36,UPI,Walk-in
SAL20250017571,2025-02-03,STR035,PRD01148,3,584.33,0.0,1752.99,724.44,Debit Card,Regular
SAL20250017572,2025-02-16,STR024,PRD00421,1,579.98,0.0,579.98,486.5,Credit Card,Regular
SAL20250017573,2025-02-02,STR018,PRD01157,1,8076.82,0.0,8076.82,4265.41,Cash,Regular
SAL20250017574,2025-02-14,STR040,PRD00165,1,10264.9,0.0,10264.9,6671.83,Credit Card,Regular
SAL20250017575,2025-02-28,STR041,PRD01180,2,9129.62,0.0,18259.24,8487.62,Credit Card,Regular
SAL20250017576,2025-02-19,STR027,PRD01163,3,6199.15,0.0,18597.45,11148.18,UPI,Walk-in
SAL20250017577,2025-02-06,STR006,PRD00045,1,17414.18,0.0,17414.18,13822.18,Debit Card,Premium
SAL20250017578,2025-02-04,STR009,PRD00834,1,1440.43,0.0,1440.43,915.49,UPI,Regular
SAL20250017579,2025-02-23,STR039,PRD00632,3,758.72,0.0,2276.16,1290.18,UPI,Walk-in
SAL20250017580,2025-02-16,STR022,PRD00276,1,499.9,0.0,499.9,292.67,UPI,Walk-in
SAL20250017581,2025-02-26,STR036,PRD00902,1,258.19,0.0,258.19,154.07,UPI,Regular
SAL20250017582,2025-02-09,STR028,PRD00840,1,2736.67,0.0,2736.67,1682.08,Credit Card,Walk-in
SAL20250017583,2025-02-28,STR001,PRD00549,1,585.62,0.0,585.62,382.4,Debit Card,Walk-in
SAL20250017584,2025-02-13,STR016,PRD00358,1,873.37,0.1,786.03,466.67,UPI,Regular
SAL20250017585,2025-02-28,STR029,PRD01200,2,1804.12,0.0,3608.24,1731.6,UPI,Regular
SAL20250017586,2025-02-23,STR004,PRD00662,3,192.14,0.0,576.42,422.88,Debit Card,Premium
SAL20250017587,2025-02-13,STR040,PRD00032,1,19217.6,0.0,19217.6,14800.0,Cash,Walk-in
SAL20250017588,2025-02-01,STR003,PRD01019,3,948.07,0.0,2844.21,1469.25,Credit Card,Corporate
SAL20250017589,2025-02-13,STR034,PRD00370,1,676.23,0.0,676.23,451.33,Credit Card,Walk-in
SAL20250017590,2025-02-11,STR025,PRD00734,2,817.34,0.1,1471.21,939.58,Debit Card,Regular
SAL20250017591,2025-02-07,STR041,PRD00729,1,3595.95,0.05,3416.15,2557.72,UPI,Walk-in
SAL20250017592,2025-02-27,STR038,PRD00858,4,1066.62,0.0,4266.48,2780.64,Credit Card,Walk-in
SAL20250017593,2025-02-22,STR031,PRD01029,4,762.26,0.0,3049.04,2173.44,UPI,Regular
SAL20250017594,2025-02-09,STR032,PRD00695,1,2280.88,0.0,2280.88,1276.46,Debit Card,Regular
SAL20250017595,2025-02-01,STR026,PRD00737,1,1053.41,0.0,1053.41,753.37,Debit Card,Regular
SAL20250017596,2025-02-22,STR010,PRD00714,1,1837.1,0.0,1837.1,1348.01,Debit Card,Regular
SAL20250017597,2025-02-21,STR017,PRD00454,6,238.81,0.0,1432.86,1093.8,Credit Card,Walk-in
SAL20250017598,2025-02-28,STR032,PRD00026,1,4182.92,0.0,4182.92,3047.01,Credit Card,Regular
SAL20250017599,2025-02-18,STR001,PRD00772,1,988.94,0.0,988.94,659.49,UPI,Premium
SAL20250017600,2025-02-07,STR003,PRD00271,1,660.1,0.1,594.09,418.6,Debit Card,Walk-in
SAL20250017601,2025-02-21,STR020,PRD00331,2,133.4,0.0,266.8,179.66,Cash,Regular
SAL20250017602,2025-02-03,STR028,PRD00750,4,3884.81,0.0,15539.24,8579.92,Cash,Regular
SAL20250017603,2025-02-16,STR033,PRD00922,2,953.09,0.0,1906.18,1256.32,Cash,Regular
SAL20250017604,2025-02-08,STR032,PRD01057,4,52.31,0.0,209.24,133.2,Cash,Walk-in
SAL20250017605,2025-02-23,STR033,PRD00966,3,814.75,0.0,2444.25,1579.35,UPI,Walk-in
SAL20250017606,2025-02-23,STR010,PRD00144,1,7333.73,0.0,7333.73,4964.07,Cash,Premium
SAL20250017607,2025-02-06,STR038,PRD00587,1,250.15,0.0,250.15,171.79,UPI,Regular
SAL20250017608,2025-02-18,STR013,PRD00038,1,2962.9,0.0,2962.9,2113.53,UPI,Regular
SAL20250017609,2025-02-07,STR013,PRD00847,1,2294.5,0.0,2294.5,1617.12,Credit Card,Regular
SAL20250017610,2025-02-18,STR024,PRD00616,4,565.82,0.0,2263.28,1256.52,UPI,Walk-in
SAL20250017611,2025-02-15,STR031,PRD01176,4,5880.6,0.0,23522.4,14077.32,Cash,Premium
SAL20250017612,2025-02-21,STR006,PRD00872,4,467.45,0.0,1869.8,1334.48,UPI,Walk-in
SAL20250017613,2025-02-21,STR013,PRD00638,3,188.95,0.0,566.85,345.63,UPI,Walk-in
SAL20250017614,2025-02-03,STR007,PRD00360,1,505.68,0.0,505.68,239.22,Net Banking,Premium
SAL20250017615,2025-02-05,STR004,PRD00540,2,550.54,0.0,1101.08,777.24,Cash,Regular
SAL20250017616,2025-02-21,STR004,PRD00117,1,5653.79,0.05,5371.1,4053.02,UPI,Premium
SAL20250017617,2025-02-02,STR011,PRD00293,2,859.61,0.0,1719.22,885.0,UPI,Regular
SAL20250017618,2025-02-18,STR011,PRD01000,1,495.66,0.0,495.66,345.87,UPI,Regular
SAL20250017619,2025-02-18,STR026,PRD00517,4,252.82,0.0,1011.28,812.12,Cash,Regular
SAL20250017620,2025-02-18,STR039,PRD00569,2,219.4,0.0,438.8,286.6,UPI,Regular
SAL20250017621,2025-02-19,STR007,PRD00746,4,2299.94,0.0,9199.76,6104.04,UPI,Walk-in
SAL20250017622,2025-02-13,STR002,PRD00139,2,2949.49,0.0,5898.98,3624.72,Credit Card,Regular
SAL20250017623,2025-02-16,STR025,PRD00585,1,401.86,0.0,401.86,289.65,UPI,Walk-in
SAL20250017624,2025-02-24,STR035,PRD00063,1,19546.78,0.1,17592.1,13446.97,Cash,Regular
SAL20250017625,2025-02-08,STR003,PRD00958,3,274.5,0.0,823.5,575.19,UPI,Regular
SAL20250017626,2025-02-15,STR023,PRD00598,1,173.87,0.0,173.87,122.49,Cash,Corporate
SAL20250017627,2025-02-07,STR039,PRD00599,5,273.52,0.0,1367.6,946.85,UPI,Premium
SAL20250017628,2025-02-25,STR017,PRD00729,2,3595.95,0.0,7191.9,5115.44,UPI,Regular
SAL20250017629,2025-02-01,STR005,PRD00206,1,10675.4,0.0,10675.4,6883.05,Credit Card,Regular
SAL20250017630,2025-02-02,STR030,PRD00838,1,1522.8,0.0,1522.8,1046.85,UPI,Regular
SAL20250017631,2025-02-05,STR035,PRD00083,1,9369.31,0.0,9369.31,6462.27,UPI,Regular
SAL20250017632,2025-02-13,STR006,PRD00522,3,1139.79,0.0,3419.37,2627.49,UPI,Premium
SAL20250017633,2025-02-17,STR017,PRD00685,2,4676.03,0.0,9352.06,5703.28,Credit Card,Walk-in
SAL20250017634,2025-02-17,STR010,PRD00101,1,2548.25,0.0,2548.25,1803.25,Credit Card,Regular
SAL20250017635,2025-02-02,STR002,PRD00504,1,1118.52,0.0,1118.52,934.24,Credit Card,Corporate
SAL20250017636,2025-02-02,STR026,PRD00237,3,9971.54,0.0,29914.62,19389.36,UPI,Regular
SAL20250017637,2025-02-22,STR028,PRD00842,2,1322.87,0.0,2645.74,1913.76,UPI,Premium
SAL20250017638,2025-02-10,STR036,PRD00628,1,365.09,0.0,365.09,210.81,Debit Card,Premium
SAL20250017639,2025-02-25,STR017,PRD00018,1,13116.16,0.0,13116.16,9769.19,Debit Card,Regular
SAL20250017640,2025-02-16,STR022,PRD00580,3,372.59,0.0,1117.77,633.9,Cash,Walk-in
SAL20250017641,2025-02-25,STR024,PRD00977,2,417.51,0.0,835.02,564.56,Debit Card,Walk-in
SAL20250017642,2025-02-08,STR022,PRD00216,1,11614.64,0.1,10453.18,7226.78,Debit Card,Regular
SAL20250017643,2025-02-10,STR022,PRD00409,1,950.85,0.05,903.31,738.11,UPI,Regular
SAL20250017644,2025-02-13,STR040,PRD00915,2,703.59,0.0,1407.18,926.3,UPI,Regular
SAL20250017645,2025-02-07,STR040,PRD00166,1,4039.27,0.0,4039.27,2471.0,Net Banking,Regular
SAL20250017646,2025-02-07,STR007,PRD00732,2,4150.55,0.05,7886.05,5297.02,UPI,Regular
SAL20250017647,2025-02-12,STR029,PRD00312,2,662.59,0.0,1325.18,776.38,UPI,Walk-in
SAL20250017648,2025-02-19,STR011,PRD00982,5,104.72,0.1,471.24,291.7,UPI,Walk-in
SAL20250017649,2025-02-14,STR034,PRD00043,1,22998.01,0.05,21848.11,15302.97,UPI,Regular
SAL20250017650,2025-02-26,STR011,PRD00231,1,9171.94,0.0,9171.94,6705.09,UPI,Regular
SAL20250017651,2025-02-23,STR024,PRD00716,1,1780.84,0.0,1780.84,1007.46,UPI,Premium
SAL20250017652,2025-02-12,STR012,PRD00272,2,610.52,0.1,1098.94,689.44,UPI,Walk-in
SAL20250017653,2025-02-23,STR004,PRD00855,2,2084.62,0.0,4169.24,3051.1,Debit Card,Regular
SAL20250017654,2025-02-27,STR028,PRD00777,1,3515.65,0.0,3515.65,1941.78,UPI,Regular
SAL20250017655,2025-02-22,STR012,PRD01175,2,2568.19,0.0,5136.38,3145.4,Credit Card,Walk-in
SAL20250017656,2025-02-03,STR013,PRD00624,1,124.7,0.0,124.7,87.08,Credit Card,Regular
SAL20250017657,2025-02-15,STR029,PRD00562,2,671.35,0.05,1275.57,942.94,Debit Card,Premium
SAL20250017658,2025-02-19,STR009,PRD00800,2,478.19,0.1,860.74,649.18,Debit Card,Walk-in
SAL20250017659,2025-02-02,STR007,PRD01142,1,3878.91,0.05,3684.96,2264.79,UPI,Regular
SAL20250017660,2025-02-07,STR038,PRD00472,2,554.85,0.0,1109.7,889.8,UPI,Walk-in
SAL20250017661,2025-02-19,STR001,PRD00374,1,1242.75,0.0,1242.75,738.33,Cash,Walk-in
SAL20250017662,2025-02-09,STR034,PRD00665,1,157.57,0.0,157.57,103.14,UPI,Regular
SAL20250017663,2025-02-12,STR009,PRD00393,4,526.25,0.05,1999.75,1376.72,UPI,Regular
SAL20250017664,2025-02-20,STR003,PRD00854,2,2355.83,0.0,4711.66,2935.86,UPI,Regular
SAL20250017665,2025-02-27,STR002,PRD00495,2,212.14,0.0,424.28,328.54,UPI,Walk-in
SAL20250017666,2025-02-26,STR016,PRD01133,1,8197.9,0.0,8197.9,3765.02,UPI,Corporate
SAL20250017667,2025-02-28,STR006,PRD01092,1,5535.53,0.1,4981.98,2634.51,UPI,Regular
SAL20250017668,2025-02-26,STR033,PRD00511,3,709.29,0.1,1915.08,1677.54,Credit Card,Regular
SAL20250017669,2025-02-21,STR027,PRD00795,1,965.34,0.0,965.34,688.02,Credit Card,Walk-in
SAL20250017670,2025-02-11,STR033,PRD00258,1,2441.64,0.0,2441.64,1594.77,Debit Card,Regular
SAL20250017671,2025-02-08,STR005,PRD00115,3,5778.27,0.1,15601.33,12528.51,Debit Card,Regular
SAL20250017672,2025-02-28,STR017,PRD01171,1,6541.96,0.0,6541.96,2623.89,UPI,Walk-in
SAL20250017673,2025-02-28,STR014,PRD01155,4,7374.97,0.0,29499.88,14643.64,UPI,Walk-in
SAL20250017674,2025-02-03,STR025,PRD00998,1,883.36,0.0,883.36,449.89,Credit Card,Walk-in
SAL20250017675,2025-02-10,STR032,PRD00609,5,338.3,0.0,1691.5,1010.15,Debit Card,Regular
SAL20250017676,2025-02-25,STR012,PRD00493,1,517.33,0.0,517.33,446.5,Debit Card,Walk-in
SAL20250017677,2025-02-22,STR016,PRD00213,1,7822.44,0.05,7431.32,5597.11,Credit Card,Walk-in
SAL20250017678,2025-02-14,STR009,PRD01182,1,9675.4,0.0,9675.4,4265.56,UPI,Walk-in
SAL20250017679,2025-02-07,STR035,PRD01017,1,1092.19,0.1,982.97,591.69,Debit Card,Regular
SAL20250017680,2025-02-18,STR033,PRD00191,1,7660.03,0.0,7660.03,5198.25,Credit Card,Premium
SAL20250017681,2025-02-27,STR040,PRD00916,1,3924.97,0.0,3924.97,2270.78,Cash,Regular
SAL20250017682,2025-02-20,STR013,PRD00081,1,19888.54,0.0,19888.54,13106.38,UPI,Corporate
SAL20250017683,2025-02-13,STR026,PRD00057,2,2490.08,0.0,4980.16,4011.46,UPI,Walk-in
SAL20250017684,2025-02-20,STR001,PRD00645,2,456.66,0.0,913.32,660.84,Credit Card,Regular
SAL20250017685,2025-02-23,STR014,PRD00040,1,26675.54,0.0,26675.54,17487.01,Cash,Walk-in
SAL20250017686,2025-02-15,STR040,PRD00325,1,1273.47,0.0,1273.47,587.01,UPI,Regular
SAL20250017687,2025-02-12,STR012,PRD01142,3,3878.91,0.0,11636.73,6794.37,Debit Card,Regular
SAL20250017688,2025-02-01,STR028,PRD00722,1,2039.88,0.0,2039.88,1170.85,Cash,Regular
SAL20250017689,2025-02-17,STR017,PRD00654,1,474.17,0.0,474.17,324.39,Credit Card,Regular
SAL20250017690,2025-02-03,STR013,PRD00948,1,38.1,0.0,38.1,26.55,UPI,Regular
SAL20250017691,2025-02-13,STR022,PRD00404,1,695.46,0.0,695.46,604.38,Credit Card,Walk-in
SAL20250017692,2025-02-12,STR025,PRD00162,1,9916.48,0.0,9916.48,6686.04,Credit Card,Walk-in
SAL20250017693,2025-02-26,STR015,PRD00130,1,17171.37,0.0,17171.37,12882.58,Cash,Premium
SAL20250017694,2025-02-25,STR033,PRD00579,2,398.71,0.0,797.42,584.34,UPI,Walk-in
SAL20250017695,2025-02-12,STR017,PRD00647,1,284.75,0.0,284.75,189.07,Credit Card,Walk-in
SAL20250017696,2025-02-15,STR022,PRD00953,1,80.84,0.0,80.84,57.97,Net Banking,Walk-in
SAL20250017697,2025-02-02,STR039,PRD00135,1,9390.96,0.0,9390.96,6866.63,Credit Card,Walk-in
SAL20250017698,2025-02-28,STR005,PRD00821,1,2784.44,0.0,2784.44,1582.41,UPI,Regular
SAL20250017699,2025-02-23,STR036,PRD01068,3,5954.4,0.0,17863.2,10485.6,UPI,Regular
SAL20250017700,2025-02-17,STR021,PRD00409,1,950.85,0.0,950.85,738.11,UPI,Regular
SAL20250017701,2025-02-08,STR030,PRD00046,1,12754.14,0.0,12754.14,8397.4,UPI,Walk-in
SAL20250017702,2025-02-26,STR026,PRD00445,1,417.63,0.0,417.63,335.27,UPI,Regular
SAL20250017703,2025-02-22,STR023,PRD00737,4,1053.41,0.0,4213.64,3013.48,UPI,Walk-in
SAL20250017704,2025-02-22,STR032,PRD00612,2,287.57,0.05,546.38,424.86,UPI,Walk-in
SAL20250017705,2025-02-03,STR023,PRD00238,1,4984.73,0.0,4984.73,3134.78,Credit Card,Walk-in
SAL20250017706,2025-02-19,STR014,PRD01100,2,6765.12,0.0,13530.24,8161.74,UPI,Regular
SAL20250017707,2025-02-15,STR016,PRD00513,1,111.04,0.0,111.04,92.76,UPI,Premium
SAL20250017708,2025-02-17,STR024,PRD00881,2,802.33,0.0,1604.66,1067.02,UPI,Regular
SAL20250017709,2025-02-16,STR004,PRD00249,1,4858.0,0.0,4858.0,3416.15,Credit Card,Regular
SAL20250017710,2025-02-05,STR030,PRD00509,2,888.38,0.0,1776.76,1348.66,Credit Card,Walk-in
SAL20250017711,2025-02-23,STR037,PRD00817,1,3058.64,0.0,3058.64,2165.66,Credit Card,Regular
SAL20250017712,2025-02-18,STR011,PRD00115,1,5778.27,0.0,5778.27,4176.17,Cash,Corporate
SAL20250017713,2025-02-25,STR018,PRD00442,2,148.56,0.1,267.41,239.4,Credit Card,Walk-in
SAL20250017714,2025-02-04,STR040,PRD00005,1,25382.71,0.0,25382.71,18438.86,Credit Card,Regular
SAL20250017715,2025-02-01,STR027,PRD00646,4,108.22,0.0,432.88,263.16,Debit Card,Regular
SAL20250017716,2025-02-16,STR041,PRD01140,2,5750.16,0.0,11500.32,6632.92,Credit Card,Premium
SAL20250017717,2025-02-26,STR018,PRD01197,1,2167.83,0.0,2167.83,1161.18,UPI,Walk-in
SAL20250017718,2025-02-24,STR005,PRD00066,1,7423.58,0.05,7052.4,5820.76,Cash,Walk-in
SAL20250017719,2025-02-14,STR015,PRD00558,1,353.1,0.0,353.1,243.3,Debit Card,Regular
SAL20250017720,2025-02-26,STR008,PRD01150,1,4074.75,0.1,3667.28,2372.04,Credit Card,Walk-in
SAL20250017721,2025-02-09,STR040,PRD01045,1,910.12,0.0,910.12,471.24,UPI,Regular
SAL20250017722,2025-02-03,STR026,PRD00498,4,178.55,0.0,714.2,552.6,Cash,Regular
SAL20250017723,2025-02-26,STR025,PRD00589,2,435.23,0.0,870.46,508.08,Debit Card,Regular
SAL20250017724,2025-02-17,STR006,PRD00941,3,737.4,0.0,2212.2,1533.27,Cash,Premium
SAL20250017725,2025-02-26,STR032,PRD00797,1,567.41,0.0,567.41,411.41,UPI,Regular
SAL20250017726,2025-02-26,STR036,PRD00064,3,2458.4,0.0,7375.2,5492.1,UPI,Regular
SAL20250017727,2025-02-04,STR005,PRD00730,3,3497.66,0.0,10492.98,7742.79,UPI,Regular
SAL20250017728,2025-02-10,STR006,PRD00834,2,1440.43,0.1,2592.77,1830.98,Credit Card,Regular
SAL20250017729,2025-02-20,STR035,PRD00915,2,703.59,0.0,1407.18,926.3,Credit Card,Walk-in
SAL20250017730,2025-02-17,STR001,PRD00920,1,2715.99,0.0,2715.99,1534.46,UPI,Premium
SAL20250017731,2025-02-03,STR007,PRD00701,1,4774.16,0.0,4774.16,3063.26,UPI,Walk-in
SAL20250017732,2025-02-27,STR013,PRD00432,1,845.55,0.0,845.55,647.04,UPI,Premium
SAL20250017733,2025-02-11,STR037,PRD00268,3,1061.68,0.0,3185.04,1560.78,Debit Card,Regular
SAL20250017734,2025-02-08,STR005,PRD00208,3,2761.76,0.0,8285.28,6153.9,UPI,Premium
SAL20250017735,2025-02-19,STR032,PRD00078,1,9036.37,0.0,9036.37,6491.36,Debit Card,Regular
SAL20250017736,2025-02-11,STR031,PRD00529,4,569.27,0.0,2277.08,1961.24,Debit Card,Walk-in
SAL20250017737,2025-02-01,STR022,PRD00168,1,8820.25,0.0,8820.25,6611.06,UPI,Premium
SAL20250017738,2025-02-01,STR026,PRD00018,1,13116.16,0.0,13116.16,9769.19,Debit Card,Regular
SAL20250017739,2025-02-02,STR041,PRD00043,1,22998.01,0.05,21848.11,15302.97,UPI,Premium
SAL20250017740,2025-02-24,STR036,PRD00481,1,391.79,0.05,372.2,316.76,Cash,Regular
SAL20250017741,2025-02-19,STR011,PRD00204,1,3776.34,0.0,3776.34,2580.11,UPI,Regular
SAL20250017742,2025-02-22,STR032,PRD00715,2,2949.53,0.0,5899.06,3968.0,Debit Card,Regular
SAL20250017743,2025-02-06,STR018,PRD00380,1,304.64,0.0,304.64,210.5,UPI,Regular
SAL20250017744,2025-02-10,STR031,PRD00803,1,2033.91,0.0,2033.91,1224.74,UPI,Premium
SAL20250017745,2025-02-07,STR016,PRD01164,1,2114.79,0.05,2009.05,1108.71,Credit Card,Walk-in
SAL20250017746,2025-02-07,STR029,PRD00961,3,294.28,0.0,882.84,475.59,Credit Card,Regular
SAL20250017747,2025-02-26,STR030,PRD00265,2,4797.2,0.0,9594.4,5840.12,Net Banking,Premium
SAL20250017748,2025-02-27,STR001,PRD00653,1,614.39,0.0,614.39,447.76,UPI,Walk-in
SAL20250017749,2025-02-23,STR006,PRD00297,1,1248.97,0.0,1248.97,631.06,Credit Card,Premium
SAL20250017750,2025-02-21,STR037,PRD01005,6,682.39,0.0,4094.34,2854.2,Credit Card,Corporate
SAL20250017751,2025-02-08,STR041,PRD00745,1,2529.52,0.0,2529.52,1829.18,Debit Card,Walk-in
SAL20250017752,2025-02-23,STR025,PRD01137,1,2009.09,0.0,2009.09,1074.27,Cash,Walk-in
SAL20250017753,2025-02-27,STR026,PRD01100,2,6765.12,0.0,13530.24,8161.74,Credit Card,Premium
SAL20250017754,2025-02-01,STR016,PRD00420,2,876.02,0.0,1752.04,1485.14,Net Banking,Walk-in
SAL20250017755,2025-02-04,STR014,PRD00208,1,2761.76,0.0,2761.76,2051.3,Credit Card,Corporate
SAL20250017756,2025-02-06,STR033,PRD00811,2,243.22,0.0,486.44,281.9,UPI,Premium
SAL20250017757,2025-02-05,STR018,PRD00476,1,645.16,0.0,645.16,543.18,UPI,Regular
SAL20250017758,2025-02-26,STR035,PRD00162,1,9916.48,0.0,9916.48,6686.04,Debit Card,Regular
SAL20250017759,2025-02-13,STR016,PRD00618,1,249.13,0.0,249.13,183.03,Debit Card,Walk-in
SAL20250017760,2025-02-18,STR017,PRD01073,4,4074.99,0.0,16299.96,9761.8,Debit Card,Walk-in
SAL20250017761,2025-02-11,STR020,PRD00574,1,560.83,0.0,560.83,338.56,UPI,Premium
SAL20250017762,2025-02-01,STR029,PRD00648,2,715.75,0.1,1288.35,914.54,Debit Card,Walk-in
SAL20250017763,2025-02-11,,PRD00018,1,13116.16,0.0,13116.16,9769.19,Cash,Walk-in
SAL20250017764,2025-02-12,STR036,PRD00259,1,1699.09,0.0,1699.09,1233.0,UPI,Walk-in
SAL20250017765,2025-02-22,STR024,PRD00249,1,4858.0,0.0,4858.0,3416.15,UPI,Regular
SAL20250017766,2025-02-08,STR023,PRD01007,1,886.03,0.0,886.03,502.38,Credit Card,Regular
SAL20250017767,2025-02-04,STR025,PRD00291,1,469.9,0.0,469.9,279.76,Credit Card,Walk-in
SAL20250017768,2025-02-11,STR022,PRD00769,2,1757.79,0.05,3339.8,2484.34,Credit Card,Regular
SAL20250017769,2025-02-01,STR022,PRD00754,1,372.52,0.0,372.52,220.88,UPI,Regular
SAL20250017770,2025-02-13,STR037,PRD00411,2,779.25,0.0,1558.5,1263.7,UPI,Walk-in
SAL20250017771,2025-02-02,STR020,PRD01153,2,5497.78,0.0,10995.56,4999.1,UPI,Regular
SAL20250017772,2025-02-20,STR017,PRD01174,1,4967.43,0.0,4967.43,2664.97,Cash,Walk-in
SAL20250017773,2025-02-16,STR022,PRD00888,2,2557.48,0.0,5114.96,3450.08,UPI,Regular
SAL20250017774,2025-02-26,STR041,PRD00286,2,390.77,0.0,781.54,506.68,UPI,Walk-in
SAL20250017775,2025-02-25,STR012,PRD00077,1,14848.8,0.05,14106.36,12077.21,Debit Card,Regular
SAL20250017776,2025-02-14,STR025,PRD00078,1,9036.37,0.0,9036.37,6491.36,Credit Card,Regular
SAL20250017777,2025-02-19,STR004,PRD00793,1,2445.38,0.0,2445.38,1405.41,Debit Card,Walk-in
SAL20250017778,2025-02-22,STR004,PRD00731,3,2513.85,0.1,6787.39,4746.15,UPI,Regular
SAL20250017779,2025-02-21,STR003,PRD00152,1,8357.62,0.0,8357.62,5421.82,UPI,Regular
SAL20250017780,2025-02-04,STR035,PRD00084,1,11056.09,0.0,11056.09,8293.77,Debit Card,Premium
SAL20250017781,2025-02-05,STR023,PRD00792,2,5089.33,0.0,10178.66,5850.68,UPI,Regular
SAL20250017782,2025-02-17,STR015,PRD00861,2,3212.99,0.0,6425.98,3547.6,UPI,Regular
SAL20250017783,2025-02-20,STR022,PRD01162,1,3657.07,0.0,3657.07,2017.29,UPI,Walk-in
SAL20250017784,2025-02-22,STR027,PRD00800,1,478.19,0.0,478.19,324.59,UPI,Walk-in
SAL20250017785,2025-02-02,STR029,PRD00561,4,111.53,0.0,446.12,301.96,Net Banking,Regular
SAL20250017786,2025-02-18,STR003,PRD00596,2,666.12,0.0,1332.24,795.82,Debit Card,Walk-in
SAL20250017787,2025-02-15,STR030,PRD00361,2,1524.53,0.0,3049.06,1651.4,Credit Card,Regular
SAL20250017788,2025-02-10,STR036,PRD00946,2,937.06,0.1,1686.71,1051.16,UPI,Walk-in
SAL20250017789,2025-02-02,STR030,PRD01094,1,7758.5,0.0,7758.5,3797.17,Net Banking,Regular
SAL20250017790,2025-02-15,STR024,PRD00071,1,14423.02,0.0,14423.02,9605.63,UPI,Walk-in
SAL20250017791,2025-02-17,STR022,PRD00986,1,156.79,0.0,156.79,112.14,Cash,Walk-in
SAL20250017792,2025-02-18,STR033,PRD00569,1,219.4,0.0,219.4,143.3,UPI,Regular
SAL20250017793,2025-02-09,STR031,PRD00863,1,1338.83,0.1,1204.95,745.06,Credit Card,Regular
SAL20250017794,2025-02-12,STR033,PRD00242,1,3336.56,0.0,3336.56,2557.66,Credit Card,Premium
SAL20250017795,2025-02-07,STR032,PRD00152,1,8357.62,0.0,8357.62,5421.82,UPI,Premium
SAL20250017796,2025-02-05,STR017,PRD00638,3,188.95,0.0,566.85,345.63,UPI,Walk-in
SAL20250017797,2025-02-07,STR032,PRD00009,1,10580.64,0.0,10580.64,8344.51,Credit Card,Walk-in
SAL20250017798,2025-02-08,STR029,PRD01097,3,4205.24,0.0,12615.72,6162.75,Credit Card,Premium
SAL20250017799,2025-02-11,STR003,PRD00228,2,4421.9,0.0,8843.8,5964.62,UPI,Regular
SAL20250017800,2025-02-21,STR031,PRD00086,1,22194.93,0.0,22194.93,15176.58,UPI,Regular
SAL20250017801,2025-02-03,STR002,PRD00307,1,743.28,0.0,743.28,482.82,Debit Card,Regular
SAL20250017802,2025-02-19,STR010,PRD00751,1,3034.29,0.1,2730.86,1940.36,Credit Card,Regular
SAL20250017803,2025-02-22,STR004,PRD00559,6,674.89,0.0,4049.34,2529.36,UPI,Walk-in
SAL20250017804,2025-02-01,STR002,PRD00341,1,977.08,0.0,977.08,605.56,Debit Card,Regular
SAL20250017805,2025-02-03,STR007,PRD01074,1,6150.42,0.0,6150.42,3269.15,Net Banking,Premium
SAL20250017806,2025-02-04,STR041,PRD00747,1,1306.66,0.0,1306.66,960.16,UPI,Walk-in
SAL20250017807,2025-02-23,STR024,PRD00977,3,417.51,0.1,1127.28,846.84,UPI,Walk-in
SAL20250017808,2025-02-24,STR020,PRD00530,4,663.27,0.0,2653.08,2248.28,UPI,Premium
SAL20250017809,2025-02-11,STR017,PRD01178,2,5467.45,0.0,10934.9,7033.06,Cash,Regular
SAL20250017810,2025-02-28,STR040,PRD00141,1,2559.21,0.05,2431.25,1944.29,Credit Card,Regular
SAL20250017811,2025-02-13,STR026,PRD00529,3,569.27,0.0,1707.81,1470.93,Credit Card,Regular
SAL20250017812,2025-02-16,STR003,PRD00688,1,2802.62,0.0,2802.62,2088.84,Credit Card,Walk-in
SAL20250017813,2025-02-14,STR037,PRD00328,2,1206.9,0.05,2293.11,1238.02,UPI,Walk-in
SAL20250017814,2025-02-06,STR019,PRD01200,2,1804.12,0.0,3608.24,1731.6,Credit Card,Regular
SAL20250017815,2025-02-28,STR034,PRD01019,2,948.07,0.0,1896.14,979.5,UPI,Walk-in
SAL20250017816,2025-02-06,STR015,PRD00264,1,4452.38,0.0,4452.38,3172.04,Debit Card,Regular
SAL20250017817,2025-02-15,STR017,PRD00954,1,1090.11,0.1,981.1,614.96,Credit Card,Regular
SAL20250017818,2025-02-28,STR037,PRD00154,1,614.66,0.0,614.66,476.92,UPI,Regular
SAL20250017819,2025-02-19,STR038,PRD00149,1,3024.83,0.0,3024.83,2041.86,Debit Card,Walk-in
SAL20250017820,2025-02-27,STR032,PRD00549,10,585.62,0.0,5856.2,3824.0,Cash,Premium
SAL20250017821,2025-02-12,STR015,PRD01099,1,4242.7,0.0,4242.7,2721.85,UPI,Walk-in
SAL20250017822,2025-02-03,STR038,PRD00685,1,4676.03,0.0,4676.03,2851.64,UPI,Walk-in
SAL20250017823,2025-02-16,STR005,PRD01077,1,8389.04,0.1,7550.14,3493.39,UPI,Walk-in
SAL20250017824,2025-02-04,STR014,PRD01089,1,8670.13,0.0,8670.13,3797.02,Cash,Regular
SAL20250017825,2025-02-15,STR030,PRD00349,2,152.26,0.0,304.52,167.74,UPI,Walk-in
SAL20250017826,2025-02-15,STR040,,1,1448.92,0.0,1448.92,857.39,UPI,Corporate
SAL20250017827,2025-02-23,STR024,PRD01134,2,5914.46,0.0,11828.92,5858.64,Credit Card,Regular
SAL20250017828,2025-02-10,STR006,PRD01200,1,1804.12,0.0,1804.12,865.8,UPI,Regular
SAL20250017829,2025-02-13,STR035,PRD00903,4,433.92,0.0,1735.68,1101.64,UPI,Premium
SAL20250017830,2025-02-20,STR034,PRD00240,1,10596.37,0.0,10596.37,7390.73,Credit Card,Walk-in
SAL20250017831,2025-02-11,STR017,PRD00688,2,2802.62,0.1,5044.72,4177.68,UPI,Walk-in
SAL20250017832,2025-02-10,STR015,PRD01057,2,52.31,0.0,104.62,66.6,UPI,Regular
SAL20250017833,2025-02-21,STR003,PRD01135,2,2481.4,0.0,4962.8,2519.48,Cash,Walk-in
SAL20250017834,2025-02-09,STR023,PRD01179,2,3455.57,0.1,6220.03,4149.04,UPI,Regular
SAL20250017835,2025-02-21,STR023,PRD00814,1,3265.17,0.0,3265.17,1889.37,Credit Card,Regular
SAL20250017836,2025-02-24,STR016,PRD00624,2,124.7,0.1,224.46,174.16,Credit Card,Regular
SAL20250017837,2025-02-25,STR021,PRD00192,1,3362.18,0.1,3025.96,2170.51,UPI,Walk-in
SAL20250017838,2025-02-20,STR027,PRD01045,3,910.12,0.05,2593.84,1413.72,UPI,Regular
SAL20250017839,2025-02-05,STR010,PRD00895,1,472.54,0.0,472.54,297.4,Credit Card,Walk-in
SAL20250017840,2025-02-27,STR020,PRD01172,1,1132.5,0.0,1132.5,578.06,Cash,Walk-in
SAL20250017841,2025-02-10,STR022,PRD00860,2,694.13,0.1,1249.43,835.02,Cash,Walk-in
SAL20250017842,2025-02-12,STR021,PRD00870,2,2808.24,0.05,5335.66,3237.36,UPI,Walk-in
SAL20250017843,2025-02-23,STR025,PRD00738,1,984.8,0.0,984.8,687.04,Credit Card,Premium
SAL20250017844,2025-02-12,STR007,PRD00393,1,526.25,0.0,526.25,344.18,Debit Card,Regular
SAL20250017845,2025-02-27,STR035,PRD00665,1,157.57,0.0,157.57,103.14,Credit Card,Regular
SAL20250017846,2025-02-06,STR007,PRD00521,1,947.8,0.0,947.8,832.6,Credit Card,Walk-in
SAL20250017847,2025-02-18,STR035,PRD00465,5,578.8,0.0,2894.0,2214.0,UPI,Regular
SAL20250017848,2025-02-15,STR011,PRD00495,4,212.14,0.0,848.56,657.08,Credit Card,Regular
SAL20250017849,2025-02-24,STR041,PRD00487,1,92.35,0.1,83.11,78.84,UPI,Premium
SAL20250017850,2025-02-20,STR006,PRD00128,1,13672.72,0.0,13672.72,8963.81,Cash,Walk-in
SAL20250017851,2025-02-27,STR017,PRD01091,2,5878.46,0.0,11756.92,5617.7,UPI,Walk-in
SAL20250017852,2025-02-07,STR033,PRD00315,1,452.88,0.05,430.24,281.44,UPI,Regular
SAL20250017853,2025-02-18,STR028,PRD00021,2,1822.47,0.0,3644.94,2667.6,Credit Card,Premium
SAL20250017854,2025-02-11,STR023,PRD00685,1,4676.03,0.1,4208.43,2851.64,Credit Card,Walk-in
SAL20250017855,2025-02-17,STR040,PRD00904,1,2811.36,0.0,2811.36,1859.97,UPI,Walk-in
SAL20250017856,2025-02-17,STR033,PRD00315,2,452.88,0.0,905.76,562.88,Credit Card,Premium
SAL20250017857,2025-02-04,STR019,PRD00774,2,2102.71,0.0,4205.42,3098.54,UPI,Regular
SAL20250017858,2025-02-24,STR030,PRD01129,1,691.29,0.1,622.16,281.12,UPI,Regular
SAL20250017859,2025-02-16,STR019,PRD00483,2,634.79,0.0,1269.58,1061.92,Cash,Regular
SAL20250017860,2025-02-06,STR009,PRD00763,1,3968.33,0.0,3968.33,2850.9,Debit Card,Regular
SAL20250017861,2025-02-15,STR016,PRD00532,1,1039.03,0.0,1039.03,808.86,UPI,Premium
SAL20250017862,2025-02-04,STR013,PRD00821,1,2784.44,0.0,2784.44,1582.41,UPI,Walk-in
SAL20250017863,2025-02-21,STR016,PRD00787,1,291.05,0.0,291.05,189.14,UPI,Regular
SAL20250017864,2025-02-22,STR038,PRD00875,3,258.44,0.0,775.32,452.7,Credit Card,Walk-in
SAL20250017865,2025-02-09,STR032,PRD00022,1,22149.39,0.0,22149.39,16337.37,UPI,Regular
SAL20250017866,2025-02-05,STR003,PRD00391,3,716.46,0.0,2149.38,1042.23,UPI,Walk-in
SAL20250017867,2025-02-20,STR018,PRD01061,1,1015.91,0.0,1015.91,535.53,Debit Card,Regular
SAL20250017868,2025-02-18,STR032,PRD00266,1,13058.2,0.0,13058.2,8085.89,Credit Card,Regular
SAL20250017869,2025-02-18,STR013,PRD00717,1,402.54,0.0,402.54,262.23,UPI,Corporate
SAL20250017870,2025-02-20,STR021,PRD01063,2,747.32,0.0,1494.64,976.78,Cash,Walk-in
SAL20250017871,2025-02-04,STR002,PRD00266,1,13058.2,0.0,13058.2,8085.89,UPI,Walk-in
SAL20250017872,2025-02-21,STR001,PRD00580,1,372.59,0.1,335.33,211.3,UPI,Regular
SAL20250017873,2025-02-08,STR032,PRD00036,1,8731.85,0.0,8731.85,5708.44,UPI,Premium
SAL20250017874,2025-02-12,STR013,PRD00350,1,1107.22,0.0,1107.22,735.62,Cash,Premium
SAL20250017875,2025-02-24,STR041,PRD00517,3,252.82,0.0,758.46,609.09,Credit Card,Premium
SAL20250017876,2025-02-24,STR032,PRD00571,1,201.22,0.0,201.22,143.49,UPI,Regular
SAL20250017877,2025-02-06,STR023,PRD00128,1,13672.72,0.1,12305.45,8963.81,Credit Card,Walk-in
SAL20250017878,2025-02-06,STR036,PRD01117,2,2651.1,0.0,5302.2,2893.6,Debit Card,Regular
SAL20250017879,2025-02-11,STR009,PRD00950,5,184.59,0.0,922.95,636.55,UPI,Premium
SAL20250017880,2025-02-14,STR039,PRD00154,1,614.66,0.0,614.66,476.92,Credit Card,Walk-in
SAL20250017881,2025-02-26,STR036,PRD00560,3,314.33,0.0,942.99,656.37,UPI,Walk-in
SAL20250017882,2025-02-02,STR019,PRD00721,2,2330.52,0.0,4661.04,3455.26,UPI,Premium
SAL20250017883,2025-02-18,STR027,PRD00470,3,416.77,0.1,1125.28,975.33,UPI,Regular
SAL20250017884,2025-02-11,STR033,PRD00503,2,634.01,0.0,1268.02,1051.58,Credit Card,Regular
SAL20250017885,2025-02-21,STR036,PRD00821,1,2784.44,0.05,2645.22,1582.41,Credit Card,Walk-in
SAL20250017886,2025-02-16,STR036,PRD00817,2,3058.64,0.05,5811.42,4331.32,Credit Card,Regular
SAL20250017887,2025-02-22,STR019,PRD00266,1,13058.2,0.0,13058.2,8085.89,Debit Card,Walk-in
SAL20250017888,2025-02-15,STR028,PRD00229,1,2013.93,0.0,2013.93,1348.9,Debit Card,Regular
SAL20250017889,2025-02-07,STR014,PRD00668,1,302.1,0.0,302.1,216.54,UPI,Premium
SAL20250017890,2025-02-21,STR018,PRD01120,2,8969.51,0.0,17939.02,8799.92,UPI,Regular
SAL20250017891,2025-02-20,STR038,PRD00644,1,812.84,0.0,812.84,452.39,UPI,Walk-in
SAL20250017892,2025-02-10,STR039,PRD01016,3,253.56,0.0,760.68,484.2,Credit Card,Premium
SAL20250017893,2025-02-02,STR005,PRD00571,2,201.22,0.0,402.44,286.98,UPI,Walk-in
SAL20250017894,2025-02-14,STR008,PRD01130,2,3164.31,0.0,6328.62,3779.28,Cash,Regular
SAL20250017895,2025-02-22,STR027,PRD01133,2,8197.9,0.1,14756.22,7530.04,UPI,Regular
SAL20250017896,2025-02-14,STR011,PRD01067,4,922.58,0.0,3690.32,2259.36,UPI,Walk-in
SAL20250017897,2025-02-20,STR021,PRD00104,1,21587.41,0.05,20508.04,17582.83,UPI,Regular
SAL20250017898,2025-02-25,STR013,PRD00652,1,210.65,0.0,210.65,137.0,UPI,Walk-in
SAL20250017899,2025-02-13,STR031,PRD00766,3,1923.71,0.0,5771.13,4103.97,Credit Card,Premium
SAL20250017900,2025-02-13,STR012,PRD00025,1,2348.16,0.0,2348.16,1617.05,Credit Card,Walk-in
SAL20250017901,2025-02-01,STR007,PRD00806,1,330.79,0.0,330.79,186.63,UPI,Regular
SAL20250017902,2025-02-22,STR027,PRD00538,2,57.89,0.0,115.78,83.56,Credit Card,Walk-in
SAL20250017903,2025-02-26,STR010,PRD00728,1,5071.72,0.0,5071.72,3009.63,UPI,Regular
SAL20250017904,2025-02-12,STR019,PRD00316,3,924.22,0.0,2772.66,1768.56,UPI,Regular
SAL20250017905,2025-02-25,STR023,PRD00157,1,5982.96,0.1,5384.66,4355.19,UPI,Regular
SAL20250017906,2025-02-19,STR027,PRD00257,1,3131.42,0.0,3131.42,2145.77,UPI,Regular
SAL20250017907,2025-02-26,STR036,PRD00898,1,3032.43,0.05,2880.81,1834.2,UPI,Walk-in
SAL20250017908,2025-02-21,STR004,PRD01170,1,1269.68,0.0,1269.68,694.9,UPI,Regular
SAL20250017909,2025-02-01,STR018,PRD01193,1,1712.13,0.1,1540.92,1034.91,Credit Card,Premium
SAL20250017910,2025-02-15,STR018,PRD00950,3,184.59,0.0,553.77,381.93,Cash,Regular
SAL20250017911,2025-02-14,STR008,PRD00467,4,528.8,0.05,2009.44,1812.2,Credit Card,Regular
SAL20250017912,2025-02-25,STR028,PRD00800,1,478.19,0.0,478.19,324.59,UPI,Regular
SAL20250017913,2025-02-10,STR039,PRD01182,1,9675.4,0.1,8707.86,4265.56,Credit Card,Regular
SAL20250017914,2025-02-05,STR010,PRD00133,2,10102.94,0.0,20205.88,13361.56,Debit Card,Walk-in
SAL20250017915,2025-02-07,STR037,PRD00585,4,401.86,0.0,1607.44,1158.6,UPI,Walk-in
SAL20250017916,2025-02-13,STR023,PRD01074,1,6150.42,0.0,6150.42,3269.15,UPI,Regular
SAL20250017917,2025-02-16,STR019,PRD01171,3,6541.96,0.0,19625.88,7871.67,UPI,Walk-in
SAL20250017918,2025-02-14,STR023,PRD00686,3,3692.38,0.0,11077.14,6341.49,UPI,Premium
SAL20250017919,2025-02-19,STR028,PRD00254,1,11020.14,0.0,11020.14,6776.21,Credit Card,Walk-in
SAL20250017920,2025-02-08,STR036,PRD00766,1,1923.71,0.0,1923.71,1367.99,UPI,Regular
SAL20250017921,2025-02-09,STR039,PRD00816,2,1448.92,0.0,2897.84,1714.78,Debit Card,Regular
SAL20250017922,2025-02-16,STR019,PRD00885,1,1948.54,0.0,1948.54,1253.39,UPI,Regular
SAL20250017923,2025-02-07,STR003,PRD00369,1,1020.79,0.1,918.71,482.49,Credit Card,Regular
SAL20250017924,2025-02-09,STR006,PRD00112,1,3948.48,0.0,3948.48,3127.23,UPI,Walk-in
SAL20250017925,2025-02-07,STR010,PRD00367,1,450.03,0.0,450.03,246.78,Credit Card,Regular
SAL20250017926,2025-02-23,STR033,PRD00263,1,3207.01,0.0,3207.01,2439.1,UPI,Regular
SAL20250017927,2025-02-20,STR016,PRD00853,1,3236.74,0.0,3236.74,1868.14,Credit Card,Regular
SAL20250017928,2025-02-08,STR029,PRD00464,1,598.64,0.0,598.64,458.49,UPI,Premium
SAL20250017929,2025-02-23,STR007,PRD00207,1,9083.73,0.1,8175.36,6742.14,Debit Card,Corporate
SAL20250017930,2025-02-17,STR018,PRD01068,1,5954.4,0.0,5954.4,3495.2,Credit Card,Walk-in
SAL20250017931,2025-02-14,STR012,PRD00820,1,2007.6,0.0,2007.6,1177.18,Cash,Walk-in
SAL20250017932,2025-02-21,STR036,PRD00821,2,2784.44,0.0,5568.88,3164.82,Credit Card,Walk-in
SAL20250017933,2025-02-11,STR019,PRD00786,1,2271.94,0.05,2158.34,1533.49,UPI,Walk-in
SAL20250017934,2025-02-11,STR034,PRD01083,1,8991.53,0.0,8991.53,3921.72,UPI,Walk-in
SAL20250017935,2025-02-21,STR040,PRD01110,4,1048.97,0.0,4195.88,2324.44,Credit Card,Walk-in
SAL20250017936,2025-02-15,STR019,PRD00763,1,3968.33,0.0,3968.33,2850.9,UPI,Regular
SAL20250017937,2025-02-25,STR016,PRD00790,3,1379.35,0.0,4138.05,2708.16,UPI,Regular
SAL20250017938,2025-02-03,STR002,PRD00118,1,13769.46,0.0,13769.46,10543.97,UPI,Regular
SAL20250017939,2025-02-09,STR008,PRD01094,1,7758.5,0.05,7370.57,3797.17,Cash,Regular
SAL20250017940,2025-02-27,STR019,PRD00104,2,21587.41,0.05,41016.08,35165.66,Debit Card,Corporate
SAL20250017941,2025-02-11,STR037,PRD00904,1,2811.36,0.0,2811.36,1859.97,Net Banking,Regular
SAL20250017942,2025-02-14,STR014,PRD01057,1,52.31,0.05,49.69,33.3,UPI,Regular
SAL20250017943,2025-02-10,STR002,PRD00935,2,821.43,0.0,1642.86,1172.2,UPI,Walk-in
SAL20250017944,2025-02-15,STR003,PRD00065,1,10562.87,0.05,10034.73,8152.93,Credit Card,Walk-in
SAL20250017945,2025-02-15,STR003,PRD00978,2,172.32,0.0,344.64,214.64,Credit Card,Walk-in
SAL20250017946,2025-02-26,STR013,PRD00468,1,180.53,0.0,180.53,148.32,Net Banking,Walk-in
SAL20250017947,2025-02-16,STR003,PRD00634,3,509.03,0.0,1527.09,896.88,Debit Card,Regular
SAL20250017948,2025-02-22,STR034,PRD00452,3,1046.75,0.0,3140.25,2638.95,Net Banking,Corporate
SAL20250017949,2025-02-05,STR001,PRD00909,1,1266.46,0.0,1266.46,869.48,Credit Card,Regular
SAL20250017950,2025-02-10,STR024,PRD01112,1,3077.42,0.0,3077.42,1558.19,UPI,Regular
SAL20250017951,2025-02-15,STR015,PRD00944,1,197.23,0.0,197.23,127.82,Debit Card,Premium
SAL20250017952,2025-02-09,STR028,PRD00248,1,9547.84,0.0,9547.84,6877.51,UPI,Regular
SAL20250017953,2025-02-09,STR020,PRD00849,1,315.58,0.0,315.58,211.78,UPI,Regular
SAL20250017954,2025-02-17,STR003,PRD00442,1,148.56,0.0,148.56,119.7,UPI,Walk-in
SAL20250017955,2025-02-14,STR019,PRD00323,4,361.28,0.0,1445.12,752.6,Credit Card,Premium
SAL20250017956,2025-02-14,STR001,PRD00170,1,1380.75,0.0,1380.75,918.49,Debit Card,Regular
SAL20250017957,2025-02-13,STR014,PRD00113,1,16350.49,0.0,16350.49,11876.29,Credit Card,Regular
SAL20250017958,2025-02-12,STR004,PRD00101,3,2548.25,0.0,7644.75,5409.75,Net Banking,Regular
SAL20250017959,2025-02-01,STR022,PRD00819,2,2315.45,0.05,4399.35,3099.0,Net Banking,Regular
SAL20250017960,2025-02-17,STR005,PRD00317,1,1393.76,0.0,1393.76,799.47,Credit Card,Regular
SAL20250017961,2025-02-13,STR027,PRD00962,1,708.41,0.0,708.41,395.68,UPI,Regular
SAL20250017962,2025-02-21,STR014,PRD00062,1,21073.23,0.0,21073.23,13798.59,Debit Card,Regular
SAL20250017963,2025-02-27,STR022,PRD01131,1,6280.13,0.0,6280.13,3425.53,UPI,Corporate
SAL20250017964,2025-02-03,STR030,PRD00902,1,258.19,0.0,258.19,154.07,Credit Card,Regular
SAL20250017965,2025-02-17,STR008,PRD00248,1,9547.84,0.0,9547.84,6877.51,UPI,Regular
SAL20250017966,2025-02-01,STR010,PRD00451,2,641.37,0.0,1282.74,1010.46,UPI,Regular
SAL20250017967,2025-02-13,STR002,PRD00401,1,743.9,0.0,743.9,628.4,Cash,Regular
SAL20250017968,2025-02-19,STR008,PRD01060,2,277.54,0.0,555.08,396.7,Credit Card,Regular
SAL20250017969,2025-02-28,STR015,PRD00450,3,377.7,0.0,1133.1,871.62,Cash,Premium
SAL20250012900,2025-02-09,STR014,PRD00966,1,814.75,0.1,733.27,526.45,UPI,Regular
SAL20250017971,2025-02-02,STR007,PRD00506,2,725.03,0.0,1450.06,1158.2,Credit Card,Walk-in
SAL20250017972,2025-02-28,STR018,PRD01046,5,946.12,0.0,4730.6,2631.45,UPI,Regular
SAL20250017973,2025-02-20,STR002,PRD01115,1,4843.87,0.0,4843.87,2404.35,Net Banking,Premium
SAL20250017974,2025-02-09,STR034,PRD00306,2,1349.3,0.05,2563.67,1543.88,Debit Card,Walk-in
SAL20250017975,2025-02-26,STR033,PRD00518,1,1000.64,0.0,1000.64,768.43,UPI,Regular
SAL20250017976,2025-02-18,STR010,PRD00486,4,161.3,0.0,645.2,494.2,UPI,Walk-in
SAL20250017977,2025-02-26,STR015,PRD00242,1,3336.56,0.0,3336.56,2557.66,UPI,Regular
SAL20250017978,2025-02-26,STR032,PRD01039,4,616.85,0.0,2467.4,1575.76,Debit Card,Regular
SAL20250017979,2025-02-10,STR038,PRD00883,1,2575.75,0.05,2446.96,1437.48,UPI,Premium
SAL20250017980,2025-02-19,STR022,PRD00285,1,1499.26,0.0,1499.26,768.76,UPI,Walk-in
SAL20250017981,2025-02-13,STR031,PRD00374,1,1242.75,0.0,1242.75,738.33,Debit Card,Walk-in
SAL20250017982,2025-02-13,STR038,PRD00750,1,3884.81,0.0,3884.81,2144.98,UPI,Walk-in
SAL20250017983,2025-02-20,STR041,PRD00611,3,51.03,0.0,153.09,113.43,UPI,Regular
SAL20250017984,2025-02-17,STR006,PRD01080,3,1721.88,0.05,4907.36,2315.19,UPI,Premium
SAL20250017985,2025-02-04,STR041,PRD00727,2,737.62,0.0,1475.24,884.56,Credit Card,Premium
SAL20250017986,2025-02-02,STR015,PRD00976,1,1125.69,0.05,1069.41,582.61,Credit Card,Regular
SAL20250017987,2025-02-03,STR010,PRD00768,1,281.0,0.0,281.0,205.1,Debit Card,Premium
SAL20250017988,2025-02-05,STR034,PRD00217,2,8159.94,0.0,16319.88,10596.86,Debit Card,Regular
SAL20250017989,2025-02-14,STR027,PRD00486,1,161.3,0.0,161.3,123.55,Debit Card,Walk-in
SAL20250017990,2025-02-06,STR030,PRD00468,1,180.53,0.0,180.53,148.32,Credit Card,Regular
SAL20250017991,2025-02-06,STR001,PRD00305,3,1134.36,0.05,3232.93,1845.9,Net Banking,Regular
SAL20250017992,2025-02-05,STR034,PRD00215,1,9358.07,0.0,9358.07,6525.15,Credit Card,Walk-in
SAL20250017993,2025-02-06,STR029,PRD00266,1,13058.2,0.0,13058.2,8085.89,Credit Card,Regular
SAL20250017994,2025-02-04,STR028,PRD00908,3,2285.46,0.1,6170.74,4020.18,Credit Card,Regular
SAL20250017995,2025-02-15,STR035,PRD00834,2,1440.43,0.0,2880.86,1830.98,UPI,Regular
SAL20250017996,2025-02-11,STR012,PRD00135,2,9390.96,0.0,18781.92,13733.26,UPI,Regular
SAL20250017997,2025-02-23,STR008,PRD00490,3,177.23,0.0,531.69,414.93,Debit Card,Premium
SAL20250017998,2025-02-10,STR037,PRD00966,2,814.75,0.0,1629.5,1052.9,Credit Card,Premium
SAL20250017999,2025-02-06,STR014,PRD01145,3,3609.72,0.0,10829.16,6240.63,Credit Card,Regular
SAL20250018000,2025-02-10,STR029,PRD01042,1,143.52,0.0,143.52,94.69,UPI,Walk-in
SAL20250018001,2025-02-06,STR025,PRD00498,2,178.55,0.0,357.1,276.3,UPI,Walk-in
SAL20250018002,2025-02-13,STR001,PRD01185,2,2223.59,0.0,4447.18,1849.7,Cash,Walk-in
SAL20250018003,2025-02-08,STR039,PRD00545,3,450.85,0.05,1284.92,757.35,Debit Card,Premium
SAL20250018004,2025-02-05,STR021,PRD00092,1,6575.52,0.0,6575.52,4677.68,Credit Card,Regular
SAL20250018005,2025-02-26,STR005,PRD00625,10,629.94,0.0,6299.4,4329.1,UPI,Regular
SAL20250018006,2025-02-01,STR036,PRD00627,1,670.0,0.0,670.0,403.71,Credit Card,Regular
SAL20250018007,2025-02-25,STR004,PRD00565,3,107.78,0.05,307.17,184.44,Net Banking,Walk-in
SAL20250018008,2025-02-13,STR005,PRD00417,10,788.29,0.0,7882.9,6617.1,Credit Card,Regular
SAL20250018009,2025-02-28,STR019,PRD00546,2,854.43,0.0,1708.86,947.8,UPI,Walk-in
SAL20250018010,2025-02-11,STR012,PRD00975,2,912.31,0.0,1824.62,1197.0,Credit Card,Walk-in
SAL20250018011,2025-02-21,STR004,PRD01149,2,4599.19,0.0,9198.38,4669.54,Credit Card,Regular
SAL20250018012,2025-02-27,STR026,PRD00629,1,197.41,0.05,187.54,137.09,Credit Card,Regular
SAL20250018013,2025-02-22,STR014,PRD00187,2,5314.8,0.0,10629.6,6728.86,Debit Card,Regular
SAL20250018014,2025-02-04,STR011,PRD00177,1,10270.98,0.0,10270.98,7398.07,Credit Card,Walk-in
SAL20250018015,2025-02-16,STR012,PRD00402,1,947.11,0.0,947.11,818.06,UPI,Premium
SAL20250018016,2025-02-05,STR011,PRD01116,2,792.37,0.0,1584.74,792.64,Credit Card,Walk-in
SAL20250018017,2025-02-23,STR034,PRD01113,1,4340.13,0.0,4340.13,2015.92,Cash,Walk-in
SAL20250018018,2025-02-07,STR016,PRD00449,1,236.21,0.1,212.59,199.14,Credit Card,Regular
SAL20250018019,2025-02-25,STR019,PRD00480,3,103.25,0.0,309.75,258.51,UPI,Walk-in
SAL20250018020,2025-02-01,STR015,PRD01103,2,5704.94,0.0,11409.88,4785.44,UPI,Premium
SAL20250018021,2025-02-19,STR022,PRD00572,4,728.84,0.0,2915.36,1875.36,Debit Card,Regular
SAL20250018022,2025-02-02,STR017,PRD00451,1,641.37,0.0,641.37,505.23,Credit Card,Regular
SAL20250018023,2025-02-08,STR036,PRD00569,2,219.4,0.0,438.8,286.6,Credit Card,Walk-in
SAL20250018024,2025-02-10,STR025,PRD00125,1,1511.82,0.0,1511.82,1056.29,Debit Card,Regular
SAL20250018025,2025-02-06,STR029,PRD00680,1,3900.49,0.0,3900.49,2805.0,Credit Card,Regular
SAL20250018026,2025-02-23,STR016,PRD00010,1,14520.45,0.0,14520.45,11774.44,Cash,Walk-in
SAL20250018027,2025-02-03,STR026,PRD00567,1,365.44,0.0,365.44,226.96,UPI,Walk-in
SAL20250018028,2025-02-15,STR020,PRD01058,6,211.57,0.0,1269.42,870.12,UPI,Regular
SAL20250018029,2025-02-28,STR016,PRD00660,1,324.23,0.0,324.23,238.04,Cash,Regular
SAL20250018030,2025-02-10,STR008,PRD00760,2,4801.08,0.0,9602.16,6345.62,Cash,Regular
SAL20250018031,2025-02-16,STR040,PRD00535,1,314.95,0.0,314.95,224.28,Debit Card,Regular
SAL20250018032,2025-02-02,STR008,PRD00249,1,4858.0,0.0,4858.0,3416.15,Credit Card,Regular
SAL20250018033,2025-02-03,STR026,PRD00755,1,511.82,0.0,511.82,344.31,Debit Card,Regular
SAL20250018034,2025-02-21,STR024,PRD01055,3,428.04,0.0,1284.12,799.71,UPI,Regular
SAL20250018035,2025-02-16,STR003,PRD00860,1,694.13,0.0,694.13,417.51,UPI,Walk-in
SAL20250018036,2025-02-03,STR018,PRD00846,1,1551.36,0.0,1551.36,1102.23,Cash,Walk-in
SAL20250018037,2025-02-27,STR006,PRD01085,1,7889.14,0.0,7889.14,4136.29,Debit Card,Walk-in
SAL20250018038,2025-02-28,STR015,PRD00941,2,737.4,0.0,1474.8,1022.18,UPI,Walk-in
SAL20250018039,2025-02-27,STR038,PRD00375,1,650.42,0.0,650.42,365.06,UPI,Walk-in
SAL20250018040,2025-02-11,STR013,PRD00090,2,8184.6,0.05,15550.74,11113.72,Net Banking,Regular
SAL20250018041,2025-02-12,STR008,PRD00040,1,26675.54,0.0,26675.54,17487.01,Credit Card,Regular
SAL20250018042,2025-02-09,STR023,PRD01145,2,3609.72,0.0,7219.44,4160.42,Credit Card,Walk-in
SAL20250018043,2025-02-03,STR011,PRD01090,2,4828.9,0.0,9657.8,6129.12,Credit Card,Corporate
SAL20250018044,2025-02-25,STR035,PRD00668,1,302.1,0.0,302.1,216.54,UPI,Walk-in
SAL20250018045,2025-02-25,STR017,PRD01060,2,277.54,0.0,555.08,396.7,UPI,Premium
SAL20250018046,2025-02-12,STR003,PRD00496,3,1047.75,0.0,3143.25,2707.32,UPI,Regular
SAL20250018047,2025-02-21,STR035,PRD00656,1,201.0,0.0,201.0,141.1,UPI,Walk-in
SAL20250018048,2025-02-28,STR021,PRD01155,1,7374.97,0.0,7374.97,3660.91,UPI,Walk-in
SAL20250018049,2025-02-22,STR006,PRD00149,1,3024.83,0.0,3024.83,2041.86,UPI,Regular
SAL20250018050,2025-02-03,STR026,PRD00559,3,674.89,0.0,2024.67,1264.68,UPI,Regular
SAL20250018051,2025-02-23,STR028,PRD00459,2,918.25,0.05,1744.67,1470.02,UPI,Walk-in
SAL20250018052,2025-02-18,STR011,PRD00144,1,7333.73,0.0,7333.73,4964.07,UPI,Walk-in
SAL20250018053,2025-02-19,STR013,PRD01138,2,4917.81,0.0,9835.62,5578.62,UPI,Regular
SAL20250018054,2025-02-02,STR041,PRD00201,1,2838.89,0.0,2838.89,1889.59,UPI,Regular
SAL20250018055,2025-02-21,STR021,PRD00565,2,107.78,0.0,215.56,122.96,Debit Card,Walk-in
SAL20250018056,2025-02-21,STR004,PRD00177,1,10270.98,0.0,10270.98,7398.07,Cash,Walk-in
SAL20250018057,2025-02-16,STR021,PRD01012,4,896.48,0.0,3585.92,2330.32,Credit Card,Walk-in
SAL20250018058,2025-02-10,STR017,PRD00940,1,57.11,0.0,57.11,38.86,UPI,Walk-in
SAL20250018059,2025-02-01,STR026,PRD00811,1,243.22,0.1,218.9,140.95,UPI,Regular
SAL20250018060,2025-02-04,STR023,PRD00611,4,51.03,0.0,204.12,151.24,Debit Card,Walk-in
SAL20250018061,2025-02-27,STR019,PRD01068,3,5954.4,0.0,17863.2,10485.6,UPI,Premium
SAL20250018062,2025-02-10,STR001,PRD00293,1,859.61,0.05,816.63,442.5,Debit Card,Walk-in
SAL20250018063,2025-02-22,STR009,PRD00167,1,8410.2,0.1,7569.18,5523.21,Cash,Walk-in
SAL20250018064,2025-02-16,STR041,PRD01125,1,3015.8,0.05,2865.01,1423.43,Credit Card,Walk-in
SAL20250018065,2025-02-11,STR016,PRD00171,2,6232.31,0.0,12464.62,9105.98,Credit Card,Regular
SAL20250018066,2025-02-22,STR008,PRD01093,1,4476.19,0.0,4476.19,2887.02,Credit Card,Walk-in
SAL20250018067,2025-02-15,STR033,PRD00387,2,446.12,0.0,892.24,496.6,UPI,Regular
SAL20250018068,2025-02-21,STR014,PRD00824,1,3034.92,0.0,3034.92,2166.53,Credit Card,Walk-in
SAL20250018069,2025-02-24,STR028,PRD00517,2,252.82,0.0,505.64,406.06,Credit Card,Corporate
SAL20250018070,2025-02-12,STR025,PRD00427,2,558.44,0.1,1005.19,968.52,UPI,Regular
SAL20250018071,2025-02-13,STR009,PRD00498,3,178.55,0.0,535.65,414.45,Debit Card,Regular
SAL20250018072,2025-02-23,STR028,PRD00606,4,516.03,0.0,2064.12,1234.28,Debit Card,Regular
SAL20250018073,2025-02-24,STR013,PRD00409,3,950.85,0.0,2852.55,2214.33,UPI,Walk-in
SAL20250018074,2025-02-09,STR024,PRD00244,2,9135.72,0.0,18271.44,11533.86,UPI,Regular
SAL20250018075,2025-02-15,STR031,PRD01065,3,936.71,0.0,2810.13,1435.08,Credit Card,Regular
SAL20250018076,2025-02-07,STR032,PRD00642,2,467.68,0.1,841.82,580.44,UPI,Premium
SAL20250018077,2025-02-12,STR037,PRD00832,1,1859.75,0.0,1859.75,1370.28,Net Banking,Regular
SAL20250018078,2025-02-06,STR004,PRD00992,1,439.67,0.0,439.67,224.17,UPI,Walk-in
SAL20250018079,2025-02-15,STR009,PRD00265,1,4797.2,0.0,4797.2,2920.06,Debit Card,Walk-in
SAL20250018080,2025-02-24,STR009,PRD00388,2,522.1,0.0,1044.2,512.98,Cash,Premium
SAL20250018081,2025-02-05,STR034,PRD00955,2,608.44,0.0,1216.88,821.8,UPI,Corporate
SAL20250018082,2025-02-01,STR005,,1,1362.69,0.0,1362.69,823.3,Net Banking,Walk-in
SAL20250018083,2025-02-06,STR025,PRD00370,1,676.23,0.0,676.23,451.33,Debit Card,Premium
SAL20250018084,2025-02-15,STR008,PRD00079,1,19037.37,0.05,18085.5,13485.77,UPI,Walk-in
SAL20250018085,2025-02-10,STR041,PRD01197,3,2167.83,0.0,6503.49,3483.54,Credit Card,Walk-in
SAL20250018086,2025-02-25,STR038,PRD00263,2,3207.01,0.0,6414.02,4878.2,UPI,Regular
SAL20250018087,2025-02-14,STR013,PRD01145,3,3609.72,0.0,10829.16,6240.63,Debit Card,Premium
SAL20250018088,2025-02-15,STR014,PRD00929,1,3367.15,0.0,3367.15,2036.24,Cash,Regular
SAL20250018089,2025-02-28,STR028,PRD00697,1,1377.61,0.0,1377.61,807.52,UPI,Regular
SAL20250018090,2025-02-03,STR009,PRD00140,1,6378.06,0.05,6059.16,4851.7,Debit Card,Corporate
SAL20250018091,2025-02-24,STR038,PRD01077,2,8389.04,0.0,16778.08,6986.78,UPI,Regular
SAL20250018092,2025-02-05,STR014,PRD00648,1,715.75,0.0,715.75,457.27,UPI,Walk-in
SAL20250018093,2025-02-07,STR002,PRD00176,1,4757.11,0.0,4757.11,2887.26,Debit Card,Regular
SAL20250018094,2025-02-26,STR005,PRD00315,4,452.88,0.0,1811.52,1125.76,Credit Card,Walk-in
SAL20250018095,2025-02-12,STR020,PRD01032,1,117.65,0.05,111.77,70.2,Credit Card,Premium
SAL20250018096,2025-02-21,STR021,PRD00368,1,927.52,0.0,927.52,587.93,UPI,Regular
SAL20250018097,2025-02-28,STR022,PRD00935,1,821.43,0.1,739.29,586.1,Net Banking,Regular
SAL20250018098,2025-02-26,STR035,PRD00148,1,6813.06,0.0,6813.06,4694.28,Credit Card,Regular
SAL20250018099,2025-02-26,STR031,PRD00988,2,774.65,0.05,1471.83,1065.0,Debit Card,Regular
SAL20250018100,2025-02-19,STR003,PRD01002,1,98.3,0.0,98.3,55.69,Credit Card,Walk-in
SAL20250018101,2025-02-09,STR008,PRD01152,1,2969.91,0.0,2969.91,1378.7,Debit Card,Premium
SAL20250018102,2025-02-14,STR012,PRD00233,2,9134.67,0.0,18269.34,14209.68,Credit Card,Premium
SAL20250018103,2025-02-23,STR021,PRD00248,1,9547.84,0.0,9547.84,6877.51,UPI,Premium
SAL20250018104,2025-02-07,STR010,PRD00211,1,6731.6,0.0,6731.6,4925.05,UPI,Regular
SAL20250018105,2025-02-06,STR010,PRD00583,2,704.61,0.0,1409.22,875.18,Credit Card,Walk-in
SAL20250018106,2025-02-17,STR008,PRD00748,1,2656.98,0.0,2656.98,1815.38,UPI,Regular
SAL20250018107,2025-02-18,STR002,PRD00841,3,1965.17,0.0,5895.51,4014.78,UPI,Regular
SAL20250018108,2025-02-17,STR036,PRD00156,1,1591.76,0.0,1591.76,1231.95,Credit Card,Walk-in
SAL20250018109,2025-02-14,STR007,PRD00060,1,15273.35,0.0,15273.35,10531.53,Net Banking,Regular
SAL20250018110,2025-02-23,STR040,PRD00793,1,2445.38,0.0,2445.38,1405.41,UPI,Regular
SAL20250018111,2025-02-03,STR033,PRD00796,4,462.4,0.0,1849.6,1319.6,Cash,Walk-in
SAL20250018112,2025-02-24,STR036,PRD00903,1,433.92,0.1,390.53,275.41,Net Banking,Regular
SAL20250018113,2025-02-09,STR003,PRD00483,4,634.79,0.05,2412.2,2123.84,Credit Card,Walk-in
SAL20250018114,2025-02-14,STR034,PRD00284,1,170.59,0.0,170.59,103.53,Credit Card,Walk-in
SAL20250018115,2025-02-18,STR022,PRD00523,1,773.23,0.0,773.23,656.14,Credit Card,Regular
SAL20250018116,2025-02-12,STR011,PRD00318,2,184.33,0.0,368.66,237.54,Debit Card,Walk-in
SAL20250018117,2025-02-04,STR006,PRD00778,4,875.87,0.0,3503.48,2278.16,Cash,Premium
SAL20250018118,2025-02-02,STR007,PRD00879,1,2290.26,0.0,2290.26,1614.23,UPI,Walk-in
SAL20250018119,2025-02-15,STR001,PRD00889,1,2052.09,0.05,1949.49,1474.15,UPI,Regular
SAL20250018120,2025-02-04,STR013,PRD00492,1,431.72,0.0,431.72,362.04,UPI,Walk-in
SAL20250018121,2025-02-03,STR005,PRD00262,1,10754.4,0.0,10754.4,8063.44,UPI,Corporate
SAL20250018122,2025-02-15,STR005,PRD00072,1,4522.2,0.0,4522.2,3124.59,Cash,Regular
SAL20250018123,2025-02-07,STR017,PRD00006,1,3457.14,0.0,3457.14,2519.92,UPI,Premium
SAL20250018124,2025-02-19,STR026,PRD00697,3,1377.61,0.0,4132.83,2422.56,Debit Card,Regular
SAL20250018125,2025-02-10,STR010,PRD00291,1,469.9,0.05,446.4,279.76,Cash,Walk-in
SAL20250018126,2025-02-09,STR039,PRD00733,1,3579.07,0.0,3579.07,2186.97,UPI,Regular
SAL20250018127,2025-02-23,STR020,PRD01038,3,565.57,0.0,1696.71,910.02,Credit Card,Regular
SAL20250018128,2025-02-10,STR036,PRD00558,3,353.1,0.0,1059.3,729.9,UPI,Regular
SAL20250018129,2025-02-25,STR019,PRD00055,1,18236.77,0.0,18236.77,12233.04,UPI,Walk-in
SAL20250018130,2025-02-24,STR011,PRD00577,2,262.74,0.05,499.21,378.56,UPI,Walk-in
SAL20250018131,2025-02-03,STR001,PRD00967,1,44.43,0.0,44.43,28.54,UPI,Premium
SAL20250018132,2025-02-07,STR016,PRD01140,3,5750.16,0.05,16387.96,9949.38,UPI,Walk-in
SAL20250018133,2025-02-05,STR005,PRD00245,1,6730.38,0.0,6730.38,4429.31,Credit Card,Regular
SAL20250018134,2025-02-24,STR012,PRD00054,1,16291.52,0.0,16291.52,11840.34,UPI,Walk-in
SAL20250018135,2025-02-01,STR031,PRD01007,3,886.03,0.0,2658.09,1507.14,UPI,Walk-in
SAL20250018136,2025-02-18,STR005,PRD00999,1,1102.59,0.0,1102.59,586.85,UPI,Premium
SAL20250018137,2025-02-18,STR038,PRD01119,1,9164.59,0.0,9164.59,4378.4,Credit Card,Premium
SAL20250018138,2025-02-15,STR041,PRD00738,1,984.8,0.0,984.8,687.04,UPI,Walk-in
SAL20250018139,2025-02-06,STR035,PRD00948,1,38.1,0.0,38.1,26.55,Credit Card,Regular
SAL20250018140,2025-02-06,STR012,PRD00863,1,1338.83,0.05,1271.89,745.06,UPI,Walk-in
SAL20250018141,2025-02-28,STR019,PRD00192,2,3362.18,0.0,6724.36,4341.02,UPI,Walk-in
SAL20250018142,2025-02-23,STR021,PRD00773,1,733.06,0.0,733.06,518.45,UPI,Walk-in
SAL20250018143,2025-02-21,STR015,PRD00369,1,1020.79,0.05,969.75,482.49,Credit Card,Regular
SAL20250018144,2025-02-15,STR029,PRD00551,4,585.58,0.05,2225.2,1722.28,Debit Card,Walk-in
SAL20250018145,2025-02-04,STR009,PRD00394,2,327.5,0.0,655.0,437.02,UPI,Regular
SAL20250018146,2025-02-22,STR022,PRD00391,3,716.46,0.0,2149.38,1042.23,UPI,Walk-in
SAL20250018147,2025-02-12,STR022,PRD00857,2,3027.87,0.0,6055.74,4321.68,Debit Card,Walk-in
SAL20250018148,2025-02-23,STR025,PRD00569,2,219.4,0.0,438.8,286.6,UPI,Regular
SAL20250018149,2025-02-06,STR031,PRD00443,1,206.94,0.0,206.94,167.06,UPI,Corporate
SAL20250018150,2025-02-25,STR011,PRD00417,6,788.29,0.05,4493.25,3970.26,Net Banking,Walk-in
SAL20250018151,2025-02-09,STR028,PRD00864,2,1725.02,0.0,3450.04,2236.12,Credit Card,Corporate
SAL20250018152,2025-02-04,STR023,PRD00567,3,365.44,0.0,1096.32,680.88,Cash,Regular
SAL20250018153,2025-02-15,STR014,PRD00533,1,799.67,0.0,799.67,662.06,UPI,Walk-in
SAL20250018154,2025-02-12,STR026,PRD00336,2,1590.59,0.0,3181.18,1642.22,Net Banking,Walk-in
SAL20250018155,2025-02-11,STR031,PRD00506,1,725.03,0.05,688.78,579.1,UPI,Regular
SAL20250018156,2025-02-26,STR016,PRD00901,1,3120.68,0.0,3120.68,2071.57,UPI,Regular
SAL20250018157,2025-02-03,STR024,PRD01194,1,6442.41,0.0,6442.41,3885.18,Credit Card,Corporate
SAL20250018158,2025-02-28,STR022,PRD00960,6,572.91,0.0,3437.46,2294.4,UPI,Premium
SAL20250018159,2025-02-23,STR008,PRD00034,1,761.93,0.0,761.93,520.56,UPI,Regular
SAL20250018160,2025-02-11,STR002,PRD00949,1,855.15,0.0,855.15,566.85,Credit Card,Walk-in
SAL20250018161,2025-02-25,STR030,PRD00851,2,2659.29,0.0,5318.58,3854.78,UPI,Corporate
SAL20250018162,2025-02-02,STR017,PRD00284,3,170.59,0.1,460.59,310.59,Credit Card,Regular
SAL20250018163,2025-02-06,STR034,PRD00637,3,299.32,0.0,897.96,640.8,UPI,Walk-in
SAL20250018164,2025-02-07,STR040,PRD00948,1,38.1,0.0,38.1,26.55,Debit Card,Regular
SAL20250018165,2025-02-26,STR030,PRD01117,1,2651.1,0.0,2651.1,1446.8,Cash,Walk-in
SAL20250018166,2025-02-10,STR029,PRD00400,1,920.96,0.0,920.96,551.48,Credit Card,Regular
SAL20250018167,2025-02-23,STR018,PRD00621,2,335.41,0.0,670.82,470.86,Debit Card,Premium
SAL20250018168,2025-02-05,STR010,PRD01045,1,910.12,0.0,910.12,471.24,Net Banking,Regular
SAL20250018169,2025-02-04,STR015,PRD00409,3,950.85,0.0,2852.55,2214.33,Cash,Walk-in
SAL20250018170,2025-02-04,STR036,PRD00906,2,3449.48,0.0,6898.96,4232.44,UPI,Regular
SAL20250018171,2025-02-01,STR031,PRD00266,1,13058.2,0.05,12405.29,8085.89,Debit Card,Premium
SAL20250018172,2025-02-15,STR008,PRD01059,3,553.69,0.0,1661.07,1105.08,UPI,Regular
SAL20250018173,2025-02-22,STR040,PRD00953,4,80.84,0.05,307.19,231.88,Credit Card,Regular
SAL20250018174,2025-02-05,STR008,PRD00641,10,499.93,0.0,4999.3,3331.2,Debit Card,Premium
SAL20250018175,2025-02-18,STR006,PRD00994,1,1224.56,0.0,1224.56,633.19,Net Banking,Regular
SAL20250018176,2025-02-11,STR035,PRD00868,1,1450.33,0.1,1305.3,912.21,Debit Card,Premium
SAL20250018177,2025-02-13,STR029,PRD01047,1,844.86,0.0,844.86,483.38,UPI,Walk-in
SAL20250018178,2025-02-08,STR011,PRD01063,1,747.32,0.0,747.32,488.39,UPI,Premium
SAL20250018179,2025-02-14,STR015,PRD00754,2,372.52,0.0,745.04,441.76,UPI,Premium
SAL20250018180,2025-02-11,STR029,PRD00596,2,666.12,0.0,1332.24,795.82,Debit Card,Regular
SAL20250018181,2025-02-02,STR021,PRD00353,2,948.44,0.0,1896.88,1059.62,Credit Card,Regular
SAL20250018182,2025-02-12,STR021,PRD00513,1,111.04,0.0,111.04,92.76,Credit Card,Regular
SAL20250018183,2025-02-09,STR004,PRD00870,3,2808.24,0.0,8424.72,4856.04,UPI,Walk-in
SAL20250018184,2025-02-23,STR031,PRD00915,1,703.59,0.0,703.59,463.15,UPI,Regular
SAL20250018185,2025-02-10,STR011,PRD00912,1,532.47,0.0,532.47,306.3,Credit Card,Regular
SAL20250018186,2025-02-07,STR002,PRD00195,1,4088.9,0.0,4088.9,3108.85,UPI,Premium
SAL20250018187,2025-02-24,STR015,PRD00790,4,1379.35,0.05,5241.53,3610.88,UPI,Walk-in
SAL20250018188,2025-02-04,STR019,PRD00596,3,666.12,0.0,1998.36,1193.73,Debit Card,Walk-in
SAL20250018189,2025-02-19,STR029,PRD00457,1,726.05,0.0,726.05,549.39,Debit Card,Corporate
SAL20250018190,2025-02-07,STR033,PRD00338,2,1223.61,0.0,2447.22,1376.46,UPI,Walk-in
SAL20250018191,2025-02-24,STR033,PRD00926,4,683.78,0.0,2735.12,1925.0,UPI,Walk-in
SAL20250018192,2025-02-17,STR035,PRD00475,4,749.71,0.0,2998.84,2275.84,UPI,Walk-in
SAL20250018193,2025-02-20,STR036,PRD00840,1,2736.67,0.0,2736.67,1682.08,UPI,Regular
SAL20250018194,2025-02-26,STR026,PRD00998,3,883.36,0.1,2385.07,1349.67,UPI,Walk-in
SAL20250018195,2025-02-11,STR012,PRD00213,1,7822.44,0.05,7431.32,5597.11,Credit Card,Walk-in
SAL20250018196,2025-02-26,STR011,PRD00198,1,4266.35,0.0,4266.35,2976.38,Cash,Regular
SAL20250018197,2025-02-25,STR019,PRD00371,2,199.9,0.0,399.8,226.9,Credit Card,Premium
SAL20250018198,2025-02-15,STR026,PRD00544,2,114.7,0.0,229.4,165.48,Debit Card,Premium
SAL20250018199,2025-02-06,STR012,PRD00929,1,3367.15,0.1,3030.43,2036.24,UPI,Regular
SAL20250018200,2025-02-25,STR035,PRD00035,1,7229.47,0.0,7229.47,4889.28,UPI,Premium
SAL20250018201,2025-02-06,STR021,PRD00428,3,311.12,0.0,933.36,734.25,UPI,Premium
SAL20250018202,2025-02-25,STR017,PRD00795,1,965.34,0.0,965.34,688.02,Credit Card,Walk-in
SAL20250018203,2025-02-11,STR032,PRD00100,1,14294.81,0.0,14294.81,9774.86,Debit Card,Regular
SAL20250018204,2025-02-23,STR010,PRD00080,1,17292.25,0.0,17292.25,13027.41,UPI,Regular
SAL20250018205,2025-02-28,STR031,PRD01017,2,1092.19,0.0,2184.38,1183.38,Credit Card,Regular
SAL20250018206,2025-02-06,STR035,PRD01170,2,1269.68,0.05,2412.39,1389.8,UPI,Regular
SAL20250018207,2025-02-10,STR037,PRD00173,1,9167.15,0.0,9167.15,5751.32,UPI,Corporate
SAL20250018208,2025-02-20,STR028,PRD00354,1,1099.31,0.0,1099.31,649.66,UPI,Walk-in
SAL20250018209,2025-02-19,STR023,PRD00286,2,390.77,0.05,742.46,506.68,Credit Card,Regular
SAL20250018210,2025-02-16,STR003,PRD01074,1,6150.42,0.1,5535.38,3269.15,Credit Card,Regular
SAL20250018211,2025-02-11,STR037,PRD00030,2,17262.94,0.0,34525.88,25179.18,UPI,Walk-in
SAL20250018212,2025-02-03,STR039,PRD00875,1,258.44,0.0,258.44,150.9,Cash,Regular
SAL20250018213,2025-02-17,STR001,PRD00452,1,1046.75,0.0,1046.75,879.65,Credit Card,Regular
SAL20250018214,2025-02-11,STR023,PRD00437,1,320.21,0.0,320.21,271.12,Debit Card,Regular
SAL20250018215,2025-02-19,STR033,PRD01198,1,7043.58,0.0,7043.58,4432.23,UPI,Regular
SAL20250018216,2025-02-21,STR038,PRD00516,1,653.26,0.0,653.26,502.56,UPI,Regular
SAL20250018217,2025-02-07,STR021,PRD00521,5,947.8,0.0,4739.0,4163.0,UPI,Regular
SAL20250018218,2025-02-20,STR020,PRD00105,1,9145.0,0.0,9145.0,7010.14,Credit Card,Premium
SAL20250018219,2025-02-28,STR027,PRD00855,1,2084.62,0.0,2084.62,1525.55,UPI,Walk-in
SAL20250018220,2025-02-17,STR002,PRD00414,5,546.79,0.0,2733.95,2126.6,Debit Card,Regular
SAL20250018221,2025-02-01,STR033,PRD00724,1,2856.14,0.05,2713.33,1594.41,UPI,Walk-in
SAL20250018222,2025-02-11,STR026,PRD00128,2,13672.72,0.1,24610.9,17927.62,Credit Card,Walk-in
SAL20250018223,2025-02-08,STR017,PRD00735,2,2710.38,0.0,5420.76,3232.56,Cash,Regular
SAL20250018224,2025-02-13,STR005,PRD01103,2,5704.94,0.0,11409.88,4785.44,UPI,Walk-in
SAL20250018225,2025-02-10,STR002,PRD00074,1,17249.82,0.0,17249.82,11809.64,Debit Card,Walk-in
SAL20250018226,2025-02-06,STR041,PRD00314,3,610.16,0.0,1830.48,1117.23,Debit Card,Walk-in
SAL20250018227,2025-02-09,STR008,PRD00093,1,12459.16,0.1,11213.24,9704.07,Credit Card,Regular
SAL20250018228,2025-02-05,STR002,PRD00289,1,1047.34,0.05,994.97,607.0,Credit Card,Regular
SAL20250018229,2025-02-13,STR040,PRD00299,2,1362.69,0.0,2725.38,1646.6,UPI,Walk-in
SAL20250018230,2025-02-06,STR005,PRD00433,1,1065.88,0.0,1065.88,861.75,UPI,Regular
SAL20250018231,2025-02-20,STR006,PRD01174,1,4967.43,0.0,4967.43,2664.97,Cash,Walk-in
SAL20250018232,2025-02-09,STR030,PRD00839,1,2839.58,0.0,2839.58,1814.97,Credit Card,Walk-in
SAL20250018233,2025-02-28,STR006,PRD00253,1,9663.5,0.0,9663.5,6717.07,UPI,Regular
SAL20250018234,2025-02-24,STR012,PRD00714,1,1837.1,0.0,1837.1,1348.01,UPI,Walk-in
SAL20250018235,2025-02-12,STR003,PRD00408,1,1017.09,0.0,1017.09,782.92,Debit Card,Regular
SAL20250018236,2025-02-16,STR016,PRD00695,3,2280.88,0.05,6500.51,3829.38,UPI,Walk-in
SAL20250018237,2025-02-25,STR018,PRD01084,3,10498.54,0.0,31495.62,12634.17,Credit Card,Regular
SAL20250018238,2025-02-02,STR034,PRD00736,1,1942.77,0.0,1942.77,1241.55,UPI,Walk-in
SAL20250018239,2025-02-19,STR015,PRD00231,1,9171.94,0.0,9171.94,6705.09,UPI,Walk-in
SAL20250018240,2025-02-28,STR025,PRD00409,3,950.85,0.0,2852.55,2214.33,UPI,Regular
SAL20250018241,2025-02-07,STR010,PRD00974,2,202.7,0.1,364.86,213.52,Credit Card,Regular
SAL20250018242,2025-02-06,STR040,PRD01022,2,1023.04,0.0,2046.08,1257.02,UPI,Premium
SAL20250018243,2025-02-13,STR028,PRD00892,2,2494.33,0.0,4988.66,3484.02,Credit Card,Regular
SAL20250018244,2025-02-25,STR031,PRD00674,1,2861.74,0.0,2861.74,1590.59,Credit Card,Regular
SAL20250018245,2025-02-02,STR002,PRD00401,1,743.9,0.0,743.9,628.4,Credit Card,Regular
SAL20250018246,2025-02-19,STR003,PRD00414,2,546.79,0.0,1093.58,850.64,Debit Card,Walk-in
SAL20250018247,2025-02-14,STR021,PRD00102,1,21236.57,0.0,21236.57,16141.17,Cash,Walk-in
SAL20250018248,2025-02-17,STR035,PRD00443,1,206.94,0.0,206.94,167.06,UPI,Walk-in
SAL20250018249,2025-02-06,STR035,PRD00449,4,236.21,0.0,944.84,796.56,Debit Card,Walk-in
SAL20250018250,2025-02-22,STR022,PRD00286,1,390.77,0.05,371.23,253.34,UPI,Regular
SAL20250018251,2025-02-05,STR008,PRD00784,1,1985.25,0.0,1985.25,1302.04,UPI,Regular
SAL20250018252,2025-02-26,STR007,PRD00283,2,917.06,0.0,1834.12,862.94,UPI,Walk-in
SAL20250018253,2025-02-07,STR023,PRD00816,2,1448.92,0.0,2897.84,1714.78,Debit Card,Walk-in
SAL20250018254,2025-02-22,STR040,PRD01037,2,431.13,0.0,862.26,464.38,Debit Card,Regular
SAL20250018255,2025-02-09,STR016,PRD00039,1,8380.37,0.0,8380.37,6279.95,Debit Card,Walk-in
SAL20250018256,2025-02-04,STR019,PRD00120,1,22170.49,0.05,21061.97,16305.22,Credit Card,Walk-in
SAL20250018257,2025-02-24,STR027,PRD00133,1,10102.94,0.1,9092.65,6680.78,Credit Card,Regular
SAL20250018258,2025-02-08,STR025,PRD00541,3,685.8,0.0,2057.4,1216.71,UPI,Regular
SAL20250018259,2025-02-05,STR035,PRD00538,1,57.89,0.0,57.89,41.78,UPI,Walk-in
SAL20250018260,2025-02-03,STR041,PRD00958,2,274.5,0.0,549.0,383.46,Cash,Walk-in
SAL20250018261,2025-02-17,STR012,PRD00222,1,8948.67,0.0,8948.67,6580.84,UPI,Regular
SAL20250018262,2025-02-01,STR011,PRD00169,1,8761.68,0.05,8323.6,5628.67,Credit Card,Corporate
SAL20250018263,2025-02-19,STR026,PRD00972,2,1079.34,0.0,2158.68,1258.0,UPI,Walk-in
SAL20250018264,2025-02-06,STR039,PRD00179,1,5253.14,0.0,5253.14,3207.54,Net Banking,Premium
SAL20250018265,2025-02-21,STR026,PRD01193,3,1712.13,0.0,5136.39,3104.73,Credit Card,Walk-in
SAL20250018266,2025-02-06,STR003,PRD00029,1,24663.79,0.0,24663.79,16157.43,Cash,Regular
SAL20250018267,2025-02-13,STR011,PRD01121,4,2103.52,0.05,7993.38,3898.32,UPI,Regular
SAL20250018268,2025-02-12,STR017,PRD00975,5,912.31,0.1,4105.39,2992.5,Debit Card,Regular
SAL20250018269,2025-02-14,STR018,PRD00215,3,9358.07,0.0,28074.21,19575.45,UPI,Regular
SAL20250018270,2025-02-13,STR004,PRD01066,1,424.4,0.1,381.96,252.99,Credit Card,Regular
SAL20250018271,2025-02-07,STR015,PRD01109,2,5029.33,0.05,9555.73,5536.84,Cash,Regular
SAL20250018272,2025-02-25,STR023,PRD00257,1,3131.42,0.0,3131.42,2145.77,UPI,Premium
SAL20250018273,2025-02-18,STR040,PRD00256,1,13048.37,0.0,13048.37,8107.05,Debit Card,Regular
SAL20250018274,2025-02-03,STR017,PRD00087,1,23253.22,0.05,22090.56,15702.94,Credit Card,Walk-in
SAL20250018275,2025-02-03,STR035,PRD00346,2,927.55,0.0,1855.1,1269.24,Net Banking,Regular
SAL20250018276,2025-02-05,STR022,PRD01106,1,3135.75,0.05,2978.96,1669.16,UPI,Walk-in
SAL20250018277,2025-02-11,STR033,,2,499.21,0.0,998.42,778.9,UPI,Corporate
SAL20250018278,2025-02-11,STR004,PRD00062,1,21073.23,0.0,21073.23,13798.59,UPI,Premium
SAL20250018279,2025-02-21,STR041,PRD00980,4,608.25,0.05,2311.35,1449.04,Credit Card,Corporate
SAL20250018280,2025-02-25,STR024,PRD00609,2,338.3,0.0,676.6,404.06,Cash,Walk-in
SAL20250018281,2025-02-03,STR017,PRD00768,2,281.0,0.0,562.0,410.2,Debit Card,Regular
SAL20250018282,2025-02-07,STR004,PRD00149,3,3024.83,0.1,8167.04,6125.58,UPI,Corporate
SAL20250018283,2025-02-05,STR036,PRD00942,1,93.87,0.0,93.87,61.73,UPI,Regular
SAL20250018284,2025-02-19,STR011,PRD01154,1,1216.46,0.0,1216.46,611.46,UPI,Walk-in
SAL20250018285,2025-02-25,STR004,PRD01010,1,762.29,0.0,762.29,399.52,UPI,Regular
SAL20250018286,2025-02-19,STR012,PRD01194,1,6442.41,0.0,6442.41,3885.18,Net Banking,Regular
SAL20250018287,2025-02-01,STR014,PRD00328,3,1206.9,0.0,3620.7,1857.03,UPI,Walk-in
SAL20250018288,2025-02-17,STR022,PRD00740,2,3926.7,0.0,7853.4,5684.62,Credit Card,Regular
SAL20250018289,2025-02-03,STR005,PRD00957,2,157.86,0.0,315.72,189.1,UPI,Regular
SAL20250018290,2025-02-23,STR022,PRD00641,3,499.93,0.0,1499.79,999.36,UPI,Regular
SAL20250018291,2025-02-10,STR034,PRD00787,1,291.05,0.0,291.05,189.14,UPI,Premium
SAL20250018292,2025-02-11,STR007,PRD00057,1,2490.08,0.0,2490.08,2005.73,UPI,Walk-in
SAL20250018293,2025-02-18,STR002,PRD00971,2,604.86,0.0,1209.72,613.34,UPI,Regular
SAL20250018294,2025-02-03,STR021,PRD00051,1,18906.15,0.05,17960.84,13812.18,UPI,Regular
SAL20250018295,2025-02-14,STR025,PRD00133,1,10102.94,0.0,10102.94,6680.78,Credit Card,Walk-in
SAL20250018296,2025-02-14,STR003,PRD01037,1,431.13,0.0,431.13,232.19,UPI,Regular
SAL20250018297,2025-02-04,STR019,PRD01195,1,6990.3,0.0,6990.3,3398.23,UPI,Walk-in
SAL20250018298,2025-02-10,STR035,PRD00958,2,274.5,0.0,549.0,383.46,UPI,Regular
SAL20250018299,2025-02-26,STR012,PRD00816,1,1448.92,0.0,1448.92,857.39,Debit Card,Regular
SAL20250018300,2025-02-24,STR010,,3,431.72,0.0,1295.16,1086.12,Credit Card,Corporate
SAL20250018301,2025-02-06,STR027,PRD00212,1,9559.41,0.0,9559.41,6260.97,UPI,Walk-in
SAL20250018302,2025-02-26,STR035,PRD00151,1,5709.55,0.0,5709.55,3733.65,Debit Card,Walk-in
SAL20250018303,2025-02-27,STR036,PRD00660,3,324.23,0.0,972.69,714.12,UPI,Walk-in
SAL20250018304,2025-02-13,STR028,PRD00173,2,9167.15,0.0,18334.3,11502.64,UPI,Walk-in
SAL20250018305,2025-02-04,STR023,PRD01123,1,3145.87,0.0,3145.87,1902.26,UPI,Regular
SAL20250018306,2025-02-19,STR037,PRD00933,1,3527.61,0.0,3527.61,2180.3,UPI,Regular
SAL20250018307,2025-02-10,STR021,PRD00832,1,1859.75,0.0,1859.75,1370.28,Credit Card,Regular
SAL20250018308,2025-02-28,STR017,PRD00275,1,1560.95,0.05,1482.9,847.9,Debit Card,Walk-in
SAL20250018309,2025-02-18,STR033,PRD00839,2,2839.58,0.0,5679.16,3629.94,Credit Card,Premium
SAL20250018310,2025-02-13,STR022,PRD01104,1,7758.33,0.0,7758.33,3488.36,UPI,Walk-in
SAL20250018311,2025-02-20,STR040,PRD00091,1,21335.5,0.0,21335.5,15504.58,Debit Card,Regular
SAL20250018312,2025-02-25,STR025,PRD00972,4,1079.34,0.0,4317.36,2516.0,Credit Card,Regular
SAL20250012458,2025-02-12,STR038,PRD00086,1,22194.93,0.0,22194.93,15176.58,Debit Card,Regular
SAL20250018314,2025-02-10,STR011,PRD00436,1,630.05,0.0,630.05,507.7,UPI,Walk-in
SAL20250018315,2025-02-13,STR032,PRD01084,1,10498.54,0.0,10498.54,4211.39,UPI,Walk-in
SAL20250018316,2025-02-24,STR039,PRD00187,1,5314.8,0.0,5314.8,3364.43,Net Banking,Regular
SAL20250018317,2025-02-08,STR004,PRD00247,1,8119.57,0.0,8119.57,4992.42,UPI,Regular
SAL20250018318,2025-02-16,STR016,PRD00173,1,9167.15,0.1,8250.43,5751.32,UPI,Regular
SAL20250018319,2025-02-15,STR004,PRD00106,1,3614.0,0.0,3614.0,2487.36,UPI,Regular
SAL20250018320,2025-02-06,STR014,PRD00488,6,995.48,0.1,5375.59,5015.16,UPI,Regular
SAL20250018321,2025-02-14,STR029,PRD00544,2,114.7,0.0,229.4,165.48,Cash,Regular
SAL20250018322,2025-02-18,STR021,PRD00260,1,8853.62,0.0,8853.62,5607.87,Credit Card,Walk-in
SAL20250018323,2025-02-10,STR013,PRD01061,4,1015.91,0.0,4063.64,2142.12,UPI,Regular
SAL20250018324,2025-02-16,STR032,PRD00974,2,202.7,0.0,405.4,213.52,UPI,Premium
SAL20250018325,2025-02-04,STR026,PRD00883,2,2575.75,0.0,5151.5,2874.96,UPI,Walk-in
SAL20250018326,2025-02-18,STR027,PRD00069,1,11744.39,0.0,11744.39,7701.34,UPI,Walk-in
SAL20250018327,2025-02-02,STR031,PRD00494,3,893.47,0.0,2680.41,2048.19,UPI,Premium
SAL20250018328,2025-02-24,STR037,PRD00738,1,984.8,0.0,984.8,687.04,Cash,Walk-in
SAL20250018329,2025-02-27,STR010,PRD00684,1,3989.77,0.0,3989.77,2465.54,UPI,Premium
SAL20250018330,2025-02-19,STR037,PRD00466,2,725.28,0.0,1450.56,1259.44,Credit Card,Regular
SAL20250018331,2025-02-01,STR040,PRD01038,1,565.57,0.0,565.57,303.34,UPI,Walk-in
SAL20250018332,2025-02-27,STR041,PRD00585,1,401.86,0.0,401.86,289.65,UPI,Walk-in
SAL20250018333,2025-02-14,STR009,PRD00188,2,6172.58,0.0,12345.16,8055.14,Cash,Premium
SAL20250018334,2025-02-28,STR006,PRD00847,1,2294.5,0.0,2294.5,1617.12,Debit Card,Regular
SAL20250018335,2025-02-19,STR021,PRD00839,1,2839.58,0.0,2839.58,1814.97,Cash,Corporate
SAL20250018336,2025-02-09,STR022,PRD00035,3,7229.47,0.0,21688.41,14667.84,Cash,Regular
SAL20250018337,2025-02-05,STR018,PRD00449,1,236.21,0.0,236.21,199.14,Credit Card,Regular
SAL20250018338,2025-02-11,STR002,PRD01098,1,1920.11,0.0,1920.11,1122.86,Credit Card,Walk-in
SAL20250018339,2025-02-22,STR032,PRD00331,3,133.4,0.0,400.2,269.49,Debit Card,Regular
SAL20250018340,2025-02-21,STR006,PRD00140,1,6378.06,0.05,6059.16,4851.7,UPI,Walk-in
SAL20250018341,2025-02-03,STR041,PRD00730,1,3497.66,0.0,3497.66,2580.93,UPI,Corporate
SAL20250018342,2025-02-02,STR006,PRD00947,5,413.13,0.0,2065.65,1040.1,Credit Card,Premium
SAL20250018343,2025-02-01,STR016,PRD01106,1,3135.75,0.0,3135.75,1669.16,UPI,Premium
SAL20250018344,2025-02-02,STR012,PRD00143,2,11610.06,0.0,23220.12,16116.12,Credit Card,Regular
SAL20250018345,2025-02-25,STR030,PRD01180,1,9129.62,0.0,9129.62,4243.81,Cash,Walk-in
SAL20250018346,2025-02-02,STR016,PRD00092,3,6575.52,0.0,19726.56,14033.04,UPI,Regular
SAL20250018347,2025-02-25,STR004,PRD01052,2,462.25,0.0,924.5,646.0,Debit Card,Regular
SAL20250018348,2025-02-26,STR030,PRD01176,1,5880.6,0.0,5880.6,3519.33,Debit Card,Walk-in
SAL20250018349,2025-02-13,STR035,PRD00956,4,1028.6,0.05,3908.68,2288.0,Credit Card,Regular
SAL20250018350,2025-02-22,STR036,PRD00395,1,562.56,0.0,562.56,373.28,Credit Card,Regular
SAL20250018351,2025-02-08,STR034,PRD00001,1,21322.84,0.0,21322.84,15337.08,Debit Card,Premium
SAL20250018352,2025-02-27,STR002,PRD00364,1,296.2,0.0,296.2,195.69,Cash,Regular
SAL20250018353,2025-02-11,STR018,PRD00925,2,2271.72,0.0,4543.44,3050.18,UPI,Premium
SAL20250018354,2025-02-12,STR026,PRD01015,1,771.47,0.05,732.9,541.12,UPI,Regular
SAL20250018355,2025-02-21,STR032,PRD00569,4,219.4,0.05,833.72,573.2,Debit Card,Walk-in
SAL20250018356,2025-02-07,STR008,PRD01067,1,922.58,0.0,922.58,564.84,Cash,Corporate
SAL20250018357,2025-02-28,STR011,PRD00938,2,622.57,0.0,1245.14,654.66,UPI,Premium
SAL20250018358,2025-02-13,STR009,PRD00390,1,1246.69,0.0,1246.69,785.33,UPI,Walk-in
SAL20250018359,2025-02-18,STR027,PRD00584,1,232.29,0.1,209.06,142.35,UPI,Regular
SAL20250018360,2025-02-09,STR013,PRD00684,1,3989.77,0.0,3989.77,2465.54,Credit Card,Regular
SAL20250018361,2025-02-04,STR008,PRD00042,1,15775.49,0.0,15775.49,11939.67,Cash,Regular
SAL20250018362,2025-02-04,STR004,PRD01081,1,7442.0,0.0,7442.0,3523.33,Credit Card,Regular
SAL20250018363,2025-02-10,STR012,PRD01012,1,896.48,0.0,896.48,582.58,UPI,Walk-in
SAL20250018364,2025-02-05,STR022,PRD01186,2,3042.91,0.0,6085.82,3004.4,Debit Card,Walk-in
SAL20250018365,2025-02-05,STR040,PRD00266,1,13058.2,0.0,13058.2,8085.89,Debit Card,Regular
SAL20250018366,2025-02-03,STR040,PRD00633,4,365.95,0.05,1390.61,851.6,UPI,Regular
SAL20250018367,2025-02-14,STR021,PRD00998,5,883.36,0.0,4416.8,2249.45,Credit Card,Premium
SAL20250018368,2025-02-08,STR011,PRD01124,2,4813.39,0.0,9626.78,4355.5,UPI,Regular
SAL20250018369,2025-02-25,STR038,PRD00981,3,76.61,0.1,206.85,162.72,Credit Card,Regular
SAL20250018370,2025-02-04,STR007,PRD00291,4,469.9,0.0,1879.6,1119.04,UPI,Corporate
SAL20250018371,2025-02-20,STR015,PRD00670,1,3171.53,0.05,3012.95,1914.92,Credit Card,Regular
SAL20250018372,2025-02-19,STR022,PRD00353,2,948.44,0.1,1707.19,1059.62,Debit Card,Walk-in
SAL20250018373,2025-02-24,STR012,PRD00941,3,737.4,0.0,2212.2,1533.27,UPI,Regular
SAL20250018374,2025-02-15,STR023,PRD00994,2,1224.56,0.0,2449.12,1266.38,Credit Card,Walk-in
SAL20250018375,2025-02-06,STR005,PRD00440,1,366.81,0.05,348.47,320.83,UPI,Corporate
SAL20250018376,2025-02-16,STR032,PRD00809,1,1418.3,0.0,1418.3,895.74,Debit Card,Walk-in
SAL20250018377,2025-02-16,STR009,PRD00660,4,324.23,0.1,1167.23,952.16,Debit Card,Walk-in
SAL20250018378,2025-02-05,STR011,PRD00759,1,4285.9,0.0,4285.9,2644.58,Credit Card,Walk-in
SAL20250018379,2025-02-02,STR007,PRD00145,1,2570.9,0.0,2570.9,1687.81,Credit Card,Regular
SAL20250018380,2025-02-02,STR021,PRD00987,1,289.9,0.0,289.9,202.35,Debit Card,Premium
SAL20250018381,2025-02-07,STR010,PRD01157,2,8076.82,0.0,16153.64,8530.82,UPI,Regular
SAL20250018382,2025-02-15,STR022,PRD00747,1,1306.66,0.0,1306.66,960.16,Net Banking,Regular
SAL20250018383,2025-02-22,STR009,PRD00714,1,1837.1,0.0,1837.1,1348.01,UPI,Regular
SAL20250018384,2025-02-25,STR007,PRD00936,2,964.58,0.1,1736.24,1241.06,Credit Card,Regular
SAL20250018385,2025-02-24,STR011,PRD00907,1,1536.02,0.0,1536.02,976.87,Credit Card,Walk-in
SAL20250018386,2025-02-12,STR030,PRD01146,1,2954.25,0.05,2806.54,1488.77,UPI,Premium
SAL20250018387,2025-02-04,STR001,PRD00349,3,152.26,0.1,411.1,251.61,Credit Card,Premium
SAL20250018388,2025-02-26,STR031,PRD00574,2,560.83,0.0,1121.66,677.12,Net Banking,Corporate
SAL20250018389,2025-02-03,STR024,PRD01012,4,896.48,0.0,3585.92,2330.32,UPI,Regular
SAL20250018390,2025-02-13,STR027,PRD00921,2,3248.47,0.0,6496.94,3667.88,UPI,Regular
SAL20250018391,2025-02-11,STR011,PRD00240,1,10596.37,0.0,10596.37,7390.73,UPI,Premium
SAL20250018392,2025-02-17,STR031,PRD00863,2,1338.83,0.0,2677.66,1490.12,Net Banking,Regular
SAL20250018393,2025-02-08,STR010,PRD00233,1,9134.67,0.05,8677.94,7104.84,UPI,Regular
SAL20250018394,2025-02-11,STR041,PRD00434,2,648.17,0.0,1296.34,1077.58,UPI,Regular
SAL20250018395,2025-02-19,STR007,PRD00915,2,703.59,0.0,1407.18,926.3,UPI,Regular
SAL20250018396,2025-02-01,STR022,PRD00582,4,535.32,0.0,2141.28,1540.0,UPI,Walk-in
SAL20250018397,2025-02-04,STR022,PRD00233,1,9134.67,0.0,9134.67,7104.84,Cash,Premium
SAL20250018398,2025-02-20,STR023,PRD00975,2,912.31,0.0,1824.62,1197.0,UPI,Regular
SAL20250018399,2025-02-21,STR001,PRD00633,3,365.95,0.05,1042.96,638.7,Credit Card,Regular
SAL20250018400,2025-02-12,STR026,PRD00948,1,38.1,0.0,38.1,26.55,UPI,Walk-in
SAL20250018401,2025-02-14,STR031,PRD00303,1,674.18,0.0,674.18,362.28,Credit Card,Walk-in
SAL20250018402,2025-02-13,STR040,PRD00932,1,479.96,0.0,479.96,293.99,UPI,Premium
SAL20250018403,2025-02-19,STR003,PRD01034,1,310.11,0.1,279.1,217.72,UPI,Premium
SAL20250018404,2025-02-08,STR023,PRD00380,1,304.64,0.1,274.18,210.5,Cash,Walk-in
SAL20250018405,2025-02-24,STR009,PRD00420,2,876.02,0.05,1664.44,1485.14,UPI,Regular
SAL20250018406,2025-02-12,STR007,PRD00957,4,157.86,0.0,631.44,378.2,Credit Card,Regular
SAL20250018407,2025-02-08,STR002,PRD00071,1,14423.02,0.0,14423.02,9605.63,Debit Card,Walk-in
SAL20250018408,2025-02-09,STR033,PRD00555,3,381.92,0.0,1145.76,659.37,Debit Card,Premium
SAL20250018409,2025-02-08,STR002,PRD01109,1,5029.33,0.0,5029.33,2768.42,UPI,Regular
SAL20250018410,2025-02-01,STR041,PRD00788,1,3329.23,0.0,3329.23,2105.2,UPI,Walk-in
SAL20250018411,2025-02-01,STR039,PRD00644,2,812.84,0.0,1625.68,904.78,UPI,Regular
SAL20250018412,2025-02-11,STR016,PRD00144,1,7333.73,0.0,7333.73,4964.07,UPI,Walk-in
SAL20250018413,2025-02-17,STR020,PRD01005,2,682.39,0.0,1364.78,951.4,Credit Card,Walk-in
SAL20250018414,2025-02-24,STR002,PRD00225,1,9871.63,0.0,9871.63,6952.04,Credit Card,Walk-in
SAL20250018415,2025-02-17,STR017,PRD01125,1,3015.8,0.1,2714.22,1423.43,Debit Card,Regular
SAL20250018416,2025-02-07,STR009,PRD00673,3,2685.18,0.0,8055.54,5094.87,UPI,Walk-in
SAL20250018417,2025-02-09,STR037,PRD00582,5,535.32,0.1,2408.94,1925.0,UPI,Regular
SAL20250018418,2025-02-05,STR032,PRD00325,2,1273.47,0.05,2419.59,1174.02,Cash,Regular
SAL20250018419,2025-02-03,STR036,PRD00259,1,1699.09,0.0,1699.09,1233.0,Credit Card,Regular
SAL20250018420,2025-02-23,STR007,PRD00852,1,1751.61,0.0,1751.61,1214.84,UPI,Regular
SAL20250018421,2025-02-15,STR013,PRD00957,2,157.86,0.0,315.72,189.1,Cash,Walk-in
SAL20250018422,2025-02-23,STR036,PRD00366,1,994.61,0.0,994.61,474.73,Credit Card,Regular
SAL20250018423,2025-02-15,STR037,PRD00613,4,239.41,0.0,957.64,714.44,Debit Card,Regular
SAL20250018424,2025-02-23,STR004,PRD00731,2,2513.85,0.0,5027.7,3164.1,Credit Card,Regular
SAL20250018425,2025-02-10,STR012,PRD01028,5,93.34,0.0,466.7,240.5,Net Banking,Regular
SAL20250018426,2025-02-05,STR038,PRD00118,1,13769.46,0.0,13769.46,10543.97,Credit Card,Premium
SAL20250018427,2025-02-07,STR002,PRD01087,2,7006.0,0.0,14012.0,6839.44,UPI,Regular
SAL20250018428,2025-02-05,STR039,PRD00434,2,648.17,0.1,1166.71,1077.58,UPI,Walk-in
SAL20250018429,2025-02-23,STR005,PRD01151,4,7065.61,0.0,28262.44,13497.44,UPI,Regular
SAL20250018430,2025-02-09,STR007,PRD00690,1,3635.92,0.05,3454.12,2397.42,UPI,Walk-in
SAL20250018431,2025-02-04,STR038,PRD00048,1,26663.85,0.0,26663.85,18297.1,UPI,Walk-in
SAL20250018432,2025-02-13,STR001,PRD00468,1,180.53,0.0,180.53,148.32,Cash,Premium
SAL20250018433,2025-02-16,STR001,PRD00753,1,4495.87,0.0,4495.87,2621.72,Credit Card,Walk-in
SAL20250018434,2025-02-19,STR035,PRD00488,1,995.48,0.0,995.48,835.86,Credit Card,Regular
SAL20250018435,2025-02-03,STR032,PRD00743,1,1675.83,0.0,1675.83,1131.56,Credit Card,Regular
SAL20250018436,2025-02-02,STR017,PRD00293,1,859.61,0.0,859.61,442.5,UPI,Regular
SAL20250018437,2025-02-07,STR032,PRD01023,5,241.67,0.0,1208.35,666.4,UPI,Walk-in
SAL20250018438,2025-02-13,STR029,PRD01156,1,3916.29,0.0,3916.29,2267.77,Credit Card,Premium
SAL20250018439,2025-02-22,STR007,PRD00251,1,10660.28,0.0,10660.28,7306.06,Credit Card,Regular
SAL20250018440,2025-02-08,STR022,PRD00488,1,995.48,0.0,995.48,835.86,UPI,Regular
SAL20250018441,2025-02-09,STR020,PRD00866,1,1023.05,0.0,1023.05,622.37,UPI,Regular
SAL20250018442,2025-02-02,STR016,PRD00597,1,765.55,0.1,689.0,443.82,Debit Card,Walk-in
SAL20250018443,2025-02-27,STR016,PRD01118,1,5734.69,0.0,5734.69,3371.1,Credit Card,Walk-in
SAL20250018444,2025-02-24,STR009,PRD01198,3,7043.58,0.0,21130.74,13296.69,Credit Card,Premium
SAL20250018445,2025-02-08,STR021,PRD00622,1,644.0,0.0,644.0,399.79,UPI,Regular
SAL20250018446,2025-02-27,STR015,PRD00853,2,3236.74,0.0,6473.48,3736.28,Net Banking,Premium
SAL20250018447,2025-02-22,STR004,PRD00738,1,984.8,0.1,886.32,687.04,Credit Card,Regular
SAL20250018448,2025-02-12,STR006,PRD00195,1,4088.9,0.05,3884.45,3108.85,Credit Card,Regular
SAL20250018449,2025-02-18,STR017,PRD00342,2,1186.13,0.0,2372.26,1396.34,UPI,Walk-in
SAL20250018450,2025-02-14,STR023,PRD01186,1,3042.91,0.0,3042.91,1502.2,UPI,Regular
SAL20250018451,2025-02-07,STR031,PRD00173,1,9167.15,0.0,9167.15,5751.32,Credit Card,Regular
SAL20250018452,2025-02-11,STR020,PRD00875,1,258.44,0.05,245.52,150.9,UPI,Walk-in
SAL20250018453,2025-02-16,STR017,PRD00816,1,1448.92,0.0,1448.92,857.39,UPI,Regular
SAL20250018454,2025-02-27,STR032,PRD01187,1,5464.91,0.0,5464.91,3354.99,Net Banking,Walk-in
SAL20250018455,2025-02-19,STR008,PRD00148,1,6813.06,0.0,6813.06,4694.28,UPI,Walk-in
SAL20250018456,2025-02-11,STR019,PRD00651,1,368.8,0.0,368.8,256.48,Credit Card,Premium
SAL20250018457,2025-02-07,STR014,PRD00649,2,333.14,0.0,666.28,477.92,Net Banking,Premium
SAL20250018458,2025-02-15,STR011,PRD00135,1,9390.96,0.0,9390.96,6866.63,Cash,Premium
SAL20250018459,2025-02-21,STR004,PRD00910,2,2302.88,0.0,4605.76,3159.38,UPI,Walk-in
SAL20250018460,2025-02-18,STR006,PRD00823,1,2558.98,0.0,2558.98,1717.69,Credit Card,Premium
SAL20250018461,2025-02-17,STR014,PRD00153,1,12724.66,0.0,12724.66,7922.12,UPI,Regular
SAL20250018462,2025-02-25,STR015,PRD00040,1,26675.54,0.0,26675.54,17487.01,Credit Card,Regular
SAL20250018463,2025-02-20,STR015,PRD00683,1,794.15,0.05,754.44,594.03,Cash,Regular
SAL20250018464,2025-02-08,STR018,PRD00212,1,9559.41,0.0,9559.41,6260.97,Credit Card,Walk-in
SAL20250018465,2025-02-19,STR038,PRD00756,1,3090.95,0.0,3090.95,2208.4,UPI,Corporate
SAL20250018466,2025-02-03,STR026,PRD00448,2,612.68,0.0,1225.36,1037.12,UPI,Walk-in
SAL20250018467,2025-02-26,STR036,PRD00667,1,129.77,0.0,129.77,91.05,UPI,Regular
SAL20250018468,2025-02-24,STR010,PRD00909,2,1266.46,0.0,2532.92,1738.96,UPI,Premium
SAL20250018469,2025-02-08,,PRD01135,1,2481.4,0.0,2481.4,1259.74,UPI,Regular
SAL20250018470,2025-02-09,STR024,PRD00134,1,19404.79,0.05,18434.55,14953.78,Credit Card,Regular
SAL20250018471,2025-02-12,STR025,PRD00225,1,9871.63,0.0,9871.63,6952.04,UPI,Walk-in
SAL20250018472,2025-02-28,STR034,PRD00346,3,927.55,0.0,2782.65,1903.86,Credit Card,Walk-in
SAL20250018473,2025-02-26,STR033,PRD00824,1,3034.92,0.0,3034.92,2166.53,Debit Card,Walk-in
SAL20250018474,2025-02-07,STR002,PRD00116,1,21256.57,0.0,21256.57,14955.09,Credit Card,Premium
SAL20250018475,2025-02-05,STR010,PRD00487,2,92.35,0.0,184.7,157.68,Debit Card,Regular
SAL20250018476,2025-02-01,STR019,PRD01066,1,424.4,0.05,403.18,252.99,UPI,Regular
SAL20250018477,2025-02-16,STR024,PRD00466,2,725.28,0.0,1450.56,1259.44,UPI,Regular
SAL20250018478,2025-02-22,STR005,PRD00751,1,3034.29,0.0,3034.29,1940.36,UPI,Walk-in
SAL20250018479,2025-02-11,STR018,PRD00946,1,937.06,0.0,937.06,525.58,UPI,Walk-in
SAL20250018480,2025-02-27,STR003,PRD00790,1,1379.35,0.0,1379.35,902.72,Credit Card,Walk-in
SAL20250018481,2025-02-12,STR022,PRD00822,2,3937.8,0.0,7875.6,4799.8,UPI,Walk-in
SAL20250018482,2025-02-22,STR016,PRD00150,3,1288.03,0.05,3670.89,2692.38,UPI,Walk-in
SAL20250018483,2025-02-19,STR016,PRD00987,3,289.9,0.0,869.7,607.05,Debit Card,Walk-in
SAL20250018484,2025-02-11,STR003,PRD00819,2,2315.45,0.0,4630.9,3099.0,UPI,Premium
SAL20250018485,2025-02-25,STR023,PRD00924,3,261.16,0.0,783.48,583.5,Debit Card,Premium
SAL20250018486,2025-02-02,STR039,PRD00355,1,304.11,0.0,304.11,163.8,UPI,Regular
SAL20250018487,2025-02-02,STR029,PRD00322,1,839.74,0.0,839.74,587.36,Debit Card,Walk-in
SAL20250018488,2025-02-15,STR037,PRD00534,2,97.09,0.0,194.18,161.18,UPI,Regular
SAL20250018489,2025-02-04,STR030,PRD01049,1,225.77,0.0,225.77,137.88,UPI,Regular
SAL20250018490,2025-02-17,STR036,PRD01072,1,354.49,0.0,354.49,220.0,Debit Card,Walk-in
SAL20250018491,2025-02-25,STR008,PRD00978,3,172.32,0.0,516.96,321.96,Debit Card,Regular
SAL20250018492,2025-02-20,STR025,PRD00874,1,3195.38,0.0,3195.38,2332.48,UPI,Premium
SAL20250018493,2025-02-14,STR008,PRD01117,1,2651.1,0.0,2651.1,1446.8,Cash,Regular
SAL20250018494,2025-02-26,STR019,PRD00429,1,725.58,0.0,725.58,550.01,Credit Card,Regular
SAL20250018495,2025-02-08,STR005,PRD00400,1,920.96,0.0,920.96,551.48,Credit Card,Walk-in
SAL20250018496,2025-02-17,STR032,PRD00594,6,129.17,0.0,775.02,487.98,UPI,Walk-in
SAL20250018497,2025-02-20,STR033,PRD00699,3,2305.84,0.0,6917.52,4566.84,UPI,Regular
SAL20250018498,2025-02-16,STR026,PRD00036,1,8731.85,0.05,8295.26,5708.44,UPI,Walk-in
SAL20250018499,2025-02-02,STR004,PRD00658,1,338.62,0.05,321.69,227.68,Credit Card,Regular
SAL20250018500,2025-02-17,STR040,PRD00141,1,2559.21,0.1,2303.29,1944.29,Credit Card,Regular
SAL20250018501,2025-02-27,STR029,PRD00865,2,2254.56,0.0,4509.12,2847.86,Credit Card,Regular
SAL20250018502,2025-02-11,STR016,PRD01110,3,1048.97,0.0,3146.91,1743.33,UPI,Premium
SAL20250018503,2025-02-28,STR024,PRD00548,5,172.01,0.0,860.05,601.8,Credit Card,Walk-in
SAL20250018504,2025-02-26,STR026,PRD00753,3,4495.87,0.05,12813.23,7865.16,UPI,Regular
SAL20250018505,2025-02-23,STR012,PRD01076,2,4373.35,0.0,8746.7,5191.1,Cash,Walk-in
SAL20250018506,2025-02-22,STR005,PRD00733,1,3579.07,0.0,3579.07,2186.97,UPI,Walk-in
SAL20250018507,2025-02-07,STR036,PRD01149,2,4599.19,0.0,9198.38,4669.54,Credit Card,Walk-in
SAL20250018508,2025-02-03,STR031,PRD00855,1,2084.62,0.0,2084.62,1525.55,Credit Card,Regular
SAL20250018509,2025-02-06,STR023,PRD01046,1,946.12,0.0,946.12,526.29,Credit Card,Walk-in
SAL20250018510,2025-02-19,STR028,PRD00390,1,1246.69,0.0,1246.69,785.33,Cash,Regular
SAL20250018511,2025-02-10,STR037,PRD00155,1,2214.51,0.0,2214.51,1652.19,Debit Card,Walk-in
SAL20250018512,2025-02-26,STR028,PRD00195,1,4088.9,0.0,4088.9,3108.85,UPI,Regular
SAL20250018513,2025-02-18,STR012,PRD00672,1,4427.9,0.0,4427.9,3013.84,UPI,Premium
SAL20250018514,2025-02-18,STR027,PRD00420,1,876.02,0.0,876.02,742.57,Credit Card,Corporate
SAL20250018515,2025-02-19,STR041,PRD01143,1,5565.18,0.0,5565.18,3157.32,UPI,Regular
SAL20250018516,2025-02-12,STR036,PRD00868,1,1450.33,0.0,1450.33,912.21,Credit Card,Regular
SAL20250018517,2025-02-10,STR037,PRD00087,1,23253.22,0.0,23253.22,15702.94,UPI,Premium
SAL20250018518,2025-02-27,STR021,PRD01200,1,1804.12,0.0,1804.12,865.8,Credit Card,Regular
SAL20250018519,2025-02-26,STR001,PRD00366,1,994.61,0.0,994.61,474.73,Debit Card,Regular
SAL20250018520,2025-02-05,STR013,PRD00460,2,816.3,0.05,1550.97,1335.54,Debit Card,Premium
SAL20250018521,2025-02-14,STR039,PRD00850,2,1897.52,0.1,3415.54,2470.14,Credit Card,Regular
SAL20250018522,2025-02-14,STR024,PRD00732,1,4150.55,0.1,3735.5,2648.51,UPI,Walk-in
SAL20250018523,2025-02-20,STR030,PRD00498,3,178.55,0.0,535.65,414.45,Cash,Regular
SAL20250018524,2025-02-20,STR003,PRD00399,1,1354.99,0.0,1354.99,647.13,UPI,Regular
SAL20250018525,2025-02-09,STR019,PRD00456,6,215.04,0.05,1225.73,1019.94,UPI,Regular
SAL20250018526,2025-02-09,STR007,PRD00542,1,534.65,0.1,481.19,341.81,Credit Card,Walk-in
SAL20250018527,2025-02-18,STR018,PRD00775,1,3571.78,0.05,3393.19,1976.55,UPI,Regular
SAL20250018528,2025-02-08,STR034,PRD00559,2,674.89,0.0,1349.78,843.12,UPI,Premium
SAL20250018529,2025-02-23,STR029,PRD00584,3,232.29,0.0,696.87,427.05,Debit Card,Walk-in
SAL20250018530,2025-02-25,STR026,PRD00889,1,2052.09,0.0,2052.09,1474.15,Debit Card,Walk-in
SAL20250018531,2025-02-25,STR021,PRD00070,1,15101.4,0.0,15101.4,11038.01,Debit Card,Premium
SAL20250018532,2025-02-08,STR023,PRD01079,4,323.52,0.0,1294.08,766.16,UPI,Premium
SAL20250018533,2025-02-12,STR022,PRD00414,4,546.79,0.05,2077.8,1701.28,UPI,Premium
SAL20250018534,2025-02-27,STR009,PRD00594,2,129.17,0.0,258.34,162.66,UPI,Regular
SAL20250018535,2025-02-12,STR010,PRD00254,1,11020.14,0.0,11020.14,6776.21,Credit Card,Regular
SAL20250018536,2025-02-01,STR009,PRD00170,1,1380.75,0.0,1380.75,918.49,Credit Card,Regular
SAL20250018537,2025-02-03,STR011,PRD00944,3,197.23,0.0,591.69,383.46,UPI,Regular
SAL20250018538,2025-02-09,STR035,PRD00701,2,4774.16,0.0,9548.32,6126.52,UPI,Regular
SAL20250018539,2025-02-18,STR002,PRD01109,1,5029.33,0.0,5029.33,2768.42,Credit Card,Regular
SAL20250018540,2025-02-22,STR022,PRD00518,2,1000.64,0.0,2001.28,1536.86,Credit Card,Regular
SAL20250018541,2025-02-19,STR002,PRD00381,1,931.15,0.0,931.15,531.28,Cash,Premium
SAL20250018542,2025-02-03,STR003,PRD00774,3,2102.71,0.0,6308.13,4647.81,Debit Card,Walk-in
SAL20250018543,2025-02-11,STR027,PRD00268,1,1061.68,0.0,1061.68,520.26,Credit Card,Corporate
SAL20250018544,2025-02-14,STR035,PRD00685,2,4676.03,0.0,9352.06,5703.28,Net Banking,Regular
SAL20250018545,2025-02-09,STR037,PRD00202,1,1209.84,0.0,1209.84,865.49,Credit Card,Premium
SAL20250018546,2025-02-21,STR034,PRD00297,3,1248.97,0.0,3746.91,1893.18,UPI,Walk-in
SAL20250018547,2025-02-06,STR006,PRD00183,1,6835.62,0.0,6835.62,4488.56,Cash,Regular
SAL20250018548,2025-02-07,STR023,PRD00353,1,948.44,0.0,948.44,529.81,Credit Card,Regular
SAL20250018549,2025-02-09,STR019,PRD01088,1,4543.5,0.1,4089.15,1992.55,Credit Card,Premium
SAL20250018550,2025-02-22,STR023,PRD00679,1,2876.53,0.0,2876.53,1865.54,UPI,Regular
SAL20250018551,2025-02-13,STR030,PRD00871,1,1211.65,0.0,1211.65,859.32,Net Banking,Regular
SAL20250018552,2025-02-20,STR008,PRD01011,1,265.01,0.0,265.01,149.69,UPI,Walk-in
SAL20250018553,2025-02-26,STR028,PRD00538,1,57.89,0.0,57.89,41.78,Cash,Premium
SAL20250018554,2025-02-02,STR041,PRD01025,1,56.45,0.0,56.45,30.15,Credit Card,Premium
SAL20250018555,2025-02-27,STR001,PRD00307,1,743.28,0.0,743.28,482.82,UPI,Walk-in
SAL20250018556,2025-02-26,STR030,PRD00223,1,11271.43,0.0,11271.43,7014.79,UPI,Corporate
SAL20250018557,2025-02-09,STR013,PRD00495,4,212.14,0.0,848.56,657.08,UPI,Regular
SAL20250018558,2025-02-16,STR028,PRD00170,1,1380.75,0.05,1311.71,918.49,Credit Card,Walk-in
SAL20250018559,2025-02-19,STR035,PRD00443,2,206.94,0.1,372.49,334.12,Credit Card,Walk-in
SAL20250018560,2025-02-12,STR025,PRD00260,1,8853.62,0.0,8853.62,5607.87,Credit Card,Walk-in
SAL20250018561,2025-02-07,STR018,PRD00873,1,687.87,0.0,687.87,491.45,Credit Card,Premium
SAL20250018562,2025-02-08,STR020,PRD00726,1,2171.72,0.0,2171.72,1497.85,Credit Card,Regular
SAL20250018563,2025-02-09,STR023,PRD00066,3,7423.58,0.0,22270.74,17462.28,UPI,Premium
SAL20250018564,2025-02-20,STR007,PRD00365,1,693.15,0.0,693.15,448.69,UPI,Walk-in
SAL20250018565,2025-02-04,STR006,PRD00037,1,21728.77,0.0,21728.77,16760.42,UPI,Regular
SAL20250018566,2025-02-24,STR011,PRD00310,1,607.97,0.0,607.97,303.74,Credit Card,Walk-in
SAL20250018567,2025-02-12,STR034,PRD01171,2,6541.96,0.0,13083.92,5247.78,Net Banking,Regular
SAL20250018568,2025-02-25,STR015,PRD01075,1,6164.63,0.0,6164.63,3178.28,Credit Card,Regular
SAL20250018569,2025-02-24,STR023,PRD00498,6,178.55,0.0,1071.3,828.9,UPI,Regular
SAL20250018570,2025-02-03,STR005,PRD00405,1,917.35,0.0,917.35,803.86,UPI,Premium
SAL20250018571,2025-02-03,STR002,PRD01088,1,4543.5,0.0,4543.5,1992.55,Debit Card,Walk-in
SAL20250018572,2025-02-15,STR014,PRD00044,1,3159.2,0.0,3159.2,2114.03,UPI,Premium
SAL20250018573,2025-02-27,STR014,PRD00721,1,2330.52,0.0,2330.52,1727.63,Net Banking,Regular
SAL20250018574,2025-02-02,STR021,PRD00891,3,506.36,0.0,1519.08,1121.07,UPI,Walk-in
SAL20250018575,2025-02-24,STR018,PRD00745,1,2529.52,0.1,2276.57,1829.18,UPI,Regular
SAL20250018576,2025-02-25,STR037,PRD00971,1,604.86,0.0,604.86,306.67,Credit Card,Walk-in
SAL20250018577,2025-02-10,STR002,PRD00424,3,428.73,0.0,1286.19,1131.72,UPI,Walk-in
SAL20250018578,2025-02-01,STR030,PRD00598,4,173.87,0.0,695.48,489.96,Credit Card,Regular
SAL20250018579,2025-02-15,STR009,PRD00560,1,314.33,0.0,314.33,218.79,UPI,Regular
SAL20250018580,2025-02-22,STR009,PRD00444,3,347.0,0.0,1041.0,857.88,UPI,Regular
SAL20250018581,2025-02-03,STR011,PRD00118,2,13769.46,0.0,27538.92,21087.94,Cash,Regular
SAL20250018582,2025-02-09,STR006,PRD00351,3,802.18,0.05,2286.21,1509.72,Net Banking,Regular
SAL20250018583,2025-02-19,STR019,PRD00009,1,10580.64,0.0,10580.64,8344.51,UPI,Corporate
SAL20250018584,2025-02-12,STR022,PRD00971,1,604.86,0.1,544.37,306.67,Debit Card,Corporate
SAL20250018585,2025-02-04,STR011,PRD01114,2,8827.06,0.0,17654.12,7146.68,Debit Card,Regular
SAL20250018586,2025-02-01,STR029,PRD00334,4,796.78,0.0,3187.12,1603.04,Credit Card,Regular
SAL20250018587,2025-02-26,STR006,PRD01079,1,323.52,0.1,291.17,191.54,UPI,Walk-in
SAL20250018588,2025-02-28,STR001,PRD01125,1,3015.8,0.0,3015.8,1423.43,UPI,Regular
SAL20250018589,2025-02-22,STR019,PRD00582,2,535.32,0.0,1070.64,770.0,UPI,Premium
SAL20250018590,2025-02-03,STR029,PRD00930,2,4102.13,0.0,8204.26,4730.68,UPI,Regular
SAL20250018591,2025-02-28,STR021,PRD00486,3,161.3,0.0,483.9,370.65,UPI,Regular
SAL20250018592,2025-02-08,STR023,PRD00919,3,3391.01,0.0,10173.03,6696.24,UPI,Walk-in
SAL20250018593,2025-02-27,STR002,PRD00851,1,2659.29,0.05,2526.33,1927.39,Cash,Premium
SAL20250018594,2025-02-17,STR022,PRD00250,1,3877.74,0.0,3877.74,2737.07,Debit Card,Premium
SAL20250018595,2025-02-13,STR013,PRD00684,1,3989.77,0.0,3989.77,2465.54,UPI,Walk-in
SAL20250018596,2025-02-21,STR038,PRD00822,1,3937.8,0.0,3937.8,2399.9,Debit Card,Regular
SAL20250018597,2025-02-15,STR034,PRD00761,2,367.88,0.0,735.76,538.42,UPI,Premium
SAL20250018598,2025-02-28,STR011,PRD00552,1,296.06,0.0,296.06,194.94,Credit Card,Walk-in
SAL20250018599,2025-02-18,STR010,PRD00696,2,1599.77,0.05,3039.56,2160.04,UPI,Regular
SAL20250018600,2025-02-18,STR016,PRD00061,2,7691.1,0.0,15382.2,10619.72,Credit Card,Premium
SAL20250018601,2025-02-14,STR023,PRD00689,1,492.79,0.0,492.79,332.83,Debit Card,Corporate
SAL20250018602,2025-02-19,STR027,PRD00414,3,546.79,0.0,1640.37,1275.96,Credit Card,Regular
SAL20250018603,2025-02-22,STR017,PRD00203,1,6533.34,0.0,6533.34,4260.88,Cash,Premium
SAL20250018604,2025-02-22,STR015,PRD00515,4,551.51,0.0,2206.04,1892.84,UPI,Regular
SAL20250018605,2025-02-24,STR015,PRD00063,1,19546.78,0.0,19546.78,13446.97,Credit Card,Premium
SAL20250018606,2025-02-24,STR030,PRD00358,1,873.37,0.0,873.37,466.67,UPI,Premium
SAL20250018607,2025-02-19,STR015,PRD00161,1,9190.04,0.05,8730.54,7015.28,UPI,Regular
SAL20250018608,2025-02-17,STR003,PRD01061,1,1015.91,0.05,965.11,535.53,UPI,Regular
SAL20250018609,2025-02-18,STR019,PRD00787,1,291.05,0.0,291.05,189.14,Cash,Walk-in
SAL20250018610,2025-02-20,STR024,PRD00832,2,1859.75,0.0,3719.5,2740.56,Cash,Regular
SAL20250018611,2025-02-21,STR018,PRD00473,1,113.62,0.1,102.26,94.83,UPI,Walk-in
SAL20250018612,2025-02-19,STR022,PRD00898,1,3032.43,0.0,3032.43,1834.2,UPI,Regular
SAL20250018613,2025-02-23,STR004,PRD01037,2,431.13,0.0,862.26,464.38,Credit Card,Regular
SAL20250018614,2025-02-07,STR032,PRD01045,3,910.12,0.0,2730.36,1413.72,Credit Card,Regular
SAL20250018615,2025-02-01,STR023,PRD00378,2,667.36,0.1,1201.25,731.08,Credit Card,Walk-in
SAL20250018616,2025-02-15,STR018,PRD00843,2,1073.63,0.0,2147.26,1378.92,Credit Card,Walk-in
SAL20250018617,2025-02-05,STR014,PRD01126,2,2931.04,0.0,5862.08,3302.74,Cash,Regular
SAL20250018618,2025-02-21,STR026,PRD00967,3,44.43,0.0,133.29,85.62,Debit Card,Walk-in
SAL20250018619,2025-02-09,STR036,PRD00451,2,641.37,0.0,1282.74,1010.46,UPI,Regular
SAL20250018620,2025-02-26,STR011,PRD00993,2,168.95,0.0,337.9,173.84,UPI,Regular
SAL20250018621,2025-02-13,STR029,PRD00286,1,390.77,0.05,371.23,253.34,UPI,Walk-in
SAL20250018622,2025-02-02,STR029,PRD01099,1,4242.7,0.0,4242.7,2721.85,UPI,Premium
SAL20250018623,2025-02-07,STR014,PRD00047,1,27210.89,0.0,27210.89,17922.95,Credit Card,Corporate
SAL20250018624,2025-02-07,STR008,PRD00724,1,2856.14,0.0,2856.14,1594.41,Cash,Regular
SAL20250018625,2025-02-27,STR037,PRD00264,2,4452.38,0.0,8904.76,6344.08,UPI,Regular
SAL20250018626,2025-02-05,STR031,PRD00866,3,1023.05,0.0,3069.15,1867.11,Credit Card,Walk-in
SAL20250018627,2025-02-13,STR014,PRD00649,5,333.14,0.0,1665.7,1194.8,Credit Card,Corporate
SAL20250018628,2025-02-06,STR005,PRD00825,2,2419.3,0.0,4838.6,2804.98,Debit Card,Regular
SAL20250018629,2025-02-16,STR010,PRD00034,1,761.93,0.0,761.93,520.56,Debit Card,Regular
SAL20250018630,2025-02-04,STR004,PRD00085,1,26032.76,0.05,24731.12,17875.58,UPI,Regular
SAL20250018631,2025-02-22,STR001,PRD00146,1,5953.14,0.1,5357.83,4155.91,Credit Card,Walk-in
SAL20250018632,2025-02-19,STR027,PRD00901,1,3120.68,0.0,3120.68,2071.57,UPI,Walk-in
SAL20250018633,2025-02-24,STR036,PRD00656,4,201.0,0.05,763.8,564.4,Net Banking,Premium
SAL20250018634,2025-02-03,STR010,PRD01154,1,1216.46,0.0,1216.46,611.46,Cash,Regular
SAL20250018635,2025-02-12,STR001,PRD00263,1,3207.01,0.05,3046.66,2439.1,Credit Card,Regular
SAL20250018636,2025-02-28,STR025,PRD00617,3,496.18,0.0,1488.54,1089.03,Debit Card,Regular
SAL20250018637,2025-02-08,STR001,PRD00896,1,255.31,0.1,229.78,145.03,UPI,Walk-in
SAL20250018638,2025-02-13,STR016,PRD00706,1,3862.25,0.0,3862.25,2444.01,Credit Card,Regular
SAL20250018639,2025-02-20,STR021,PRD00794,4,5386.59,0.0,21546.36,12641.72,UPI,Regular
SAL20250018640,2025-02-19,STR034,PRD01031,3,1036.47,0.0,3109.41,1570.11,Cash,Regular
SAL20250018641,2025-02-22,STR009,PRD00642,3,467.68,0.0,1403.04,870.66,UPI,Premium
SAL20250018642,2025-02-15,STR039,PRD00749,2,4060.84,0.0,8121.68,4889.54,UPI,Walk-in
SAL20250018643,2025-02-22,STR030,PRD00995,2,585.44,0.1,1053.79,835.44,UPI,Regular
SAL20250018644,2025-02-10,STR022,PRD00277,1,1350.87,0.05,1283.33,680.25,Credit Card,Walk-in
SAL20250018645,2025-02-13,STR022,PRD00036,1,8731.85,0.0,8731.85,5708.44,Cash,Walk-in
SAL20250018646,2025-02-11,STR038,PRD01106,1,3135.75,0.0,3135.75,1669.16,UPI,Walk-in
SAL20250018647,2025-02-25,STR012,PRD00509,4,888.38,0.0,3553.52,2697.32,Credit Card,Premium
SAL20250018648,2025-02-16,STR011,PRD00377,1,1177.54,0.0,1177.54,822.72,UPI,Regular
SAL20250018649,2025-02-16,STR036,PRD00666,2,224.43,0.0,448.86,325.42,UPI,Regular
SAL20250018650,2025-02-12,STR031,PRD00928,1,2503.87,0.0,2503.87,1812.53,UPI,Regular
SAL20250018651,2025-02-06,STR040,PRD00925,2,2271.72,0.05,4316.27,3050.18,UPI,Regular
SAL20250018652,2025-02-02,STR020,PRD00572,1,728.84,0.0,728.84,468.84,UPI,Walk-in
SAL20250018653,2025-02-12,STR036,PRD00939,2,463.84,0.05,881.3,484.68,Credit Card,Walk-in
SAL20250018654,2025-02-18,STR022,PRD00683,1,794.15,0.0,794.15,594.03,UPI,Regular
SAL20250018655,2025-02-14,STR027,PRD00551,5,585.58,0.0,2927.9,2152.85,UPI,Walk-in
SAL20250018656,2025-02-04,STR022,PRD00650,2,429.23,0.0,858.46,498.62,Credit Card,Regular
SAL20250018657,2025-02-04,STR024,PRD00962,2,708.41,0.0,1416.82,791.36,UPI,Regular
SAL20250018658,2025-02-14,STR034,PRD00724,1,2856.14,0.0,2856.14,1594.41,Debit Card,Regular
SAL20250018659,2025-02-16,STR018,PRD01023,1,241.67,0.0,241.67,133.28,Credit Card,Regular
SAL20250018660,2025-02-21,STR012,PRD01099,3,4242.7,0.0,12728.1,8165.55,Credit Card,Walk-in
SAL20250018661,2025-02-17,STR018,PRD00307,1,743.28,0.05,706.12,482.82,Cash,Walk-in
SAL20250018662,2025-02-11,STR037,PRD00860,1,694.13,0.0,694.13,417.51,Credit Card,Walk-in
SAL20250018663,2025-02-03,STR004,PRD00404,2,695.46,0.05,1321.37,1208.76,UPI,Regular
SAL20250018664,2025-02-09,STR024,PRD00926,2,683.78,0.05,1299.18,962.5,Credit Card,Regular
SAL20250018665,2025-02-04,STR032,PRD01104,3,7758.33,0.05,22111.24,10465.08,UPI,Walk-in
SAL20250018666,2025-02-23,STR025,PRD00194,1,5905.12,0.0,5905.12,4140.26,UPI,Walk-in
SAL20250018667,2025-02-27,STR023,PRD00624,3,124.7,0.0,374.1,261.24,Credit Card,Regular
SAL20250018668,2025-02-08,STR031,PRD00337,4,1047.01,0.0,4188.04,2925.72,UPI,Walk-in
SAL20250018669,2025-02-27,STR014,PRD01096,1,3066.12,0.0,3066.12,1714.26,Credit Card,Walk-in
SAL20250018670,2025-02-26,STR017,PRD00667,3,129.77,0.1,350.38,273.15,Credit Card,Walk-in
SAL20250018671,2025-02-23,STR037,PRD00713,4,4061.86,0.0,16247.44,11751.04,Credit Card,Regular
SAL20250018672,2025-02-28,STR025,PRD00398,3,358.79,0.0,1076.37,520.05,Cash,Premium
SAL20250018673,2025-02-05,STR023,PRD00883,1,2575.75,0.0,2575.75,1437.48,Credit Card,Premium
SAL20250018674,2025-02-16,STR031,PRD00201,1,2838.89,0.0,2838.89,1889.59,UPI,Regular
SAL20250018675,2025-02-27,STR003,PRD00333,2,1043.83,0.0,2087.66,1108.8,UPI,Regular
SAL20250018676,2025-02-04,STR027,PRD00332,2,556.82,0.0,1113.64,545.86,Credit Card,Regular
SAL20250018677,2025-02-15,STR015,PRD01012,3,896.48,0.1,2420.5,1747.74,Credit Card,Regular
SAL20250018678,2025-02-08,STR019,PRD00857,3,3027.87,0.0,9083.61,6482.52,Credit Card,Walk-in
SAL20250018679,2025-02-15,STR041,PRD00249,1,4858.0,0.0,4858.0,3416.15,UPI,Premium
SAL20250018680,2025-02-16,STR002,PRD00695,2,2280.88,0.0,4561.76,2552.92,Debit Card,Regular
SAL20250018681,2025-02-04,STR014,PRD00283,1,917.06,0.0,917.06,431.47,UPI,Premium
SAL20250018682,2025-02-21,STR025,PRD00071,1,14423.02,0.0,14423.02,9605.63,UPI,Walk-in
SAL20250018683,2025-02-10,STR022,PRD00893,1,963.04,0.0,963.04,603.05,UPI,Regular
SAL20250018684,2025-02-05,STR009,PRD00919,2,3391.01,0.05,6442.92,4464.16,Credit Card,Regular
SAL20250018685,2025-02-12,STR036,PRD00105,1,9145.0,0.0,9145.0,7010.14,UPI,Regular
SAL20250018686,2025-02-15,STR011,PRD00036,2,8731.85,0.0,17463.7,11416.88,Debit Card,Regular
SAL20250018687,2025-02-22,STR020,PRD00269,1,151.87,0.0,151.87,99.82,Credit Card,Walk-in
SAL20250018688,2025-02-14,STR001,PRD00047,1,27210.89,0.05,25850.35,17922.95,Cash,Premium
SAL20250018689,2025-02-20,STR001,PRD00799,1,3907.93,0.0,3907.93,2458.58,Net Banking,Regular
SAL20250018690,2025-02-15,STR038,PRD00024,1,23723.95,0.0,23723.95,15500.24,Credit Card,Regular
SAL20250018691,2025-02-20,STR015,PRD00614,1,52.25,0.0,52.25,34.28,UPI,Walk-in
SAL20250018692,2025-02-19,STR039,PRD01160,1,7696.75,0.0,7696.75,3490.84,UPI,Regular
SAL20250018693,2025-02-01,STR005,PRD00587,3,250.15,0.0,750.45,515.37,UPI,Regular
SAL20250018694,2025-02-19,STR031,PRD00039,1,8380.37,0.0,8380.37,6279.95,UPI,Walk-in
SAL20250018695,2025-02-26,STR010,PRD01111,1,1735.9,0.0,1735.9,955.52,Credit Card,Walk-in
SAL20250018696,2025-02-04,STR041,PRD00804,2,782.93,0.0,1565.86,1129.56,UPI,Premium
SAL20250018697,2025-02-16,STR036,PRD00950,1,184.59,0.0,184.59,127.31,Debit Card,Regular
SAL20250018698,2025-02-01,STR007,PRD00149,1,3024.83,0.0,3024.83,2041.86,Credit Card,Regular
SAL20250018699,2025-02-14,STR003,PRD00881,1,802.33,0.0,802.33,533.51,Credit Card,Premium
SAL20250018700,2025-02-01,STR025,PRD00707,1,2433.38,0.0,2433.38,1626.72,Debit Card,Premium
SAL20250018701,2025-02-15,STR021,PRD00097,1,19452.93,0.0,19452.93,14437.86,UPI,Regular
SAL20250018702,2025-02-17,STR020,PRD00690,2,3635.92,0.0,7271.84,4794.84,Debit Card,Premium
SAL20250018703,2025-02-27,STR040,PRD01161,1,5090.05,0.0,5090.05,2218.96,Net Banking,Walk-in
SAL20250018704,2025-02-23,STR014,PRD00108,1,22607.14,0.0,22607.14,15802.22,UPI,Regular
SAL20250018705,2025-02-21,STR025,PRD00311,2,936.08,0.0,1872.16,1156.68,Credit Card,Regular
SAL20250018706,2025-02-08,STR033,PRD00815,2,2750.26,0.0,5500.52,3695.18,Debit Card,Premium
SAL20250018707,2025-02-18,STR019,PRD00238,1,4984.73,0.0,4984.73,3134.78,Credit Card,Regular
SAL20250018708,2025-02-07,STR040,PRD00593,1,596.07,0.1,536.46,385.84,UPI,Regular
SAL20250018709,2025-02-11,STR015,PRD00951,2,594.37,0.1,1069.87,704.76,UPI,Walk-in
SAL20250018710,2025-02-25,STR016,PRD00177,1,10270.98,0.0,10270.98,7398.07,Net Banking,Regular
SAL20250018711,2025-02-04,STR024,PRD00647,3,284.75,0.0,854.25,567.21,Credit Card,Regular
SAL20250018712,2025-02-05,STR018,PRD01183,4,7827.71,0.0,31310.84,13328.0,UPI,Premium
SAL20250018713,2025-02-08,STR013,PRD00788,1,3329.23,0.0,3329.23,2105.2,Cash,Regular
SAL20250018714,2025-02-20,STR031,PRD00300,1,1106.33,0.0,1106.33,601.1,Cash,Walk-in
SAL20250018715,2025-02-05,STR027,PRD00037,1,21728.77,0.0,21728.77,16760.42,UPI,Regular
SAL20250018716,2025-02-02,STR030,PRD00635,1,332.03,0.0,332.03,207.3,Debit Card,Walk-in
SAL20250018717,2025-02-15,STR036,PRD00876,1,2635.68,0.0,2635.68,1798.38,Credit Card,Regular
SAL20250018718,2025-02-13,STR022,PRD00789,1,4846.68,0.0,4846.68,2934.91,Cash,Walk-in
SAL20250018719,2025-02-05,STR012,PRD01172,2,1132.5,0.0,2265.0,1156.12,Credit Card,Walk-in
SAL20250018720,2025-02-26,STR007,PRD00233,1,9134.67,0.0,9134.67,7104.84,Debit Card,Walk-in
SAL20250018721,2025-02-06,STR019,PRD01050,1,562.12,0.1,505.91,329.14,Net Banking,Premium
SAL20250018722,2025-02-14,STR033,PRD00225,1,9871.63,0.0,9871.63,6952.04,Net Banking,Premium
SAL20250018723,2025-02-01,STR001,PRD00697,1,1377.61,0.0,1377.61,807.52,Credit Card,Walk-in
SAL20250018724,2025-02-14,STR024,PRD01028,1,93.34,0.0,93.34,48.1,UPI,Regular
SAL20250018725,2025-02-26,STR001,PRD00080,1,17292.25,0.1,15563.02,13027.41,UPI,Regular
SAL20250018726,2025-02-26,STR034,PRD00381,1,931.15,0.05,884.59,531.28,Debit Card,Walk-in
SAL20250018727,2025-02-05,STR033,PRD00788,1,3329.23,0.0,3329.23,2105.2,Credit Card,Premium
SAL20250018728,2025-02-12,STR004,PRD00876,1,2635.68,0.1,2372.11,1798.38,UPI,Walk-in
SAL20250018729,2025-02-02,STR028,PRD00123,1,7408.15,0.0,7408.15,5588.12,Credit Card,Walk-in
SAL20250018730,2025-02-12,STR022,PRD00999,2,1102.59,0.0,2205.18,1173.7,UPI,Walk-in
SAL20250018731,2025-02-28,STR030,PRD00924,3,261.16,0.1,705.13,583.5,UPI,Walk-in
SAL20250018732,2025-02-27,STR011,PRD00855,1,2084.62,0.0,2084.62,1525.55,UPI,Walk-in
SAL20250018733,2025-02-06,STR002,PRD00614,4,52.25,0.0,209.0,137.12,Debit Card,Premium
SAL20250018734,2025-02-14,STR040,PRD00055,1,18236.77,0.0,18236.77,12233.04,UPI,Walk-in
SAL20250018735,2025-02-23,STR015,PRD00048,1,26663.85,0.0,26663.85,18297.1,Cash,Regular
SAL20250018736,2025-02-08,STR034,PRD00723,1,1757.3,0.0,1757.3,1097.96,Credit Card,Walk-in
SAL20250018737,2025-02-06,STR004,PRD01185,4,2223.59,0.0,8894.36,3699.4,Debit Card,Corporate
SAL20250018738,2025-02-01,STR035,PRD00906,1,3449.48,0.05,3277.01,2116.22,UPI,Regular
SAL20250018739,2025-02-04,STR015,PRD00448,2,612.68,0.1,1102.82,1037.12,Net Banking,Walk-in
SAL20250018740,2025-02-06,STR026,PRD00351,1,802.18,0.0,802.18,503.24,Cash,Walk-in
SAL20250018741,2025-02-15,STR019,PRD00628,3,365.09,0.0,1095.27,632.43,Cash,Regular
SAL20250018742,2025-02-04,STR022,PRD00672,1,4427.9,0.0,4427.9,3013.84,Credit Card,Regular
SAL20250018743,2025-02-10,STR008,PRD01189,1,5263.0,0.0,5263.0,2237.37,UPI,Premium
SAL20250018744,2025-02-06,STR006,PRD00853,1,3236.74,0.1,2913.07,1868.14,Credit Card,Regular
SAL20250018745,2025-02-17,STR041,PRD00725,1,2084.99,0.0,2084.99,1511.69,Credit Card,Walk-in
SAL20250018746,2025-02-19,STR014,PRD00237,1,9971.54,0.0,9971.54,6463.12,UPI,Walk-in
SAL20250018747,2025-02-09,STR030,PRD01050,1,562.12,0.05,534.01,329.14,Debit Card,Premium
SAL20250018748,2025-02-27,STR011,PRD00629,2,197.41,0.0,394.82,274.18,Debit Card,Walk-in
SAL20250018749,2025-02-19,STR019,PRD00520,2,482.69,0.0,965.38,811.72,UPI,Walk-in
SAL20250018750,2025-02-06,STR013,PRD00679,4,2876.53,0.05,10930.81,7462.16,Credit Card,Regular
SAL20250018751,2025-02-22,STR028,PRD00712,1,1580.0,0.0,1580.0,947.15,UPI,Regular
SAL20250018752,2025-02-08,STR008,PRD01010,3,762.29,0.0,2286.87,1198.56,UPI,Regular
SAL20250018753,2025-02-05,STR034,PRD00394,1,327.5,0.1,294.75,218.51,Debit Card,Walk-in
SAL20250018754,2025-02-26,STR005,PRD00906,1,3449.48,0.0,3449.48,2116.22,Debit Card,Premium
SAL20250018755,2025-02-26,STR021,PRD01183,1,7827.71,0.0,7827.71,3332.0,Credit Card,Regular
SAL20250018756,2025-02-08,STR023,PRD00340,1,956.64,0.0,956.64,556.08,UPI,Premium
SAL20250018757,2025-02-25,STR035,PRD00255,1,3159.1,0.0,3159.1,2283.27,Debit Card,Walk-in
SAL20250018758,2025-02-16,STR012,PRD00433,5,1065.88,0.0,5329.4,4308.75,UPI,Premium
SAL20250018759,2025-02-27,STR031,PRD00043,2,22998.01,0.0,45996.02,30605.94,UPI,Regular
SAL20250018760,2025-02-17,STR033,PRD00935,1,821.43,0.0,821.43,586.1,Credit Card,Regular
SAL20250018761,2025-02-18,STR021,PRD00530,1,663.27,0.0,663.27,562.07,Debit Card,Regular
SAL20250018762,2025-02-08,STR008,PRD00234,1,3859.31,0.1,3473.38,2374.04,Credit Card,Walk-in
SAL20250018763,2025-02-15,STR022,PRD00372,3,542.7,0.05,1546.7,827.94,Credit Card,Regular
SAL20250018764,2025-02-04,STR016,PRD00108,1,22607.14,0.0,22607.14,15802.22,Credit Card,Regular
SAL20250018765,2025-02-09,STR040,PRD00945,1,871.49,0.0,871.49,550.24,UPI,Corporate
SAL20250018766,2025-02-07,STR027,PRD01069,1,2127.71,0.0,2127.71,1083.85,UPI,Walk-in
SAL20250018767,2025-02-14,STR025,PRD00410,1,245.81,0.0,245.81,192.76,UPI,Walk-in
SAL20250018768,2025-02-25,STR027,PRD00410,1,245.81,0.0,245.81,192.76,Credit Card,Premium
SAL20250018769,2025-02-11,STR021,PRD01121,1,2103.52,0.0,2103.52,974.58,UPI,Walk-in
SAL20250018770,2025-02-09,STR022,PRD00681,3,4114.63,0.0,12343.89,8088.54,UPI,Regular
SAL20250018771,2025-02-21,STR010,PRD00818,2,2330.04,0.0,4660.08,3338.28,Credit Card,Walk-in
SAL20250018772,2025-02-23,STR037,PRD00342,2,1186.13,0.0,2372.26,1396.34,UPI,Walk-in
SAL20250018773,2025-02-23,STR035,PRD00886,1,1331.79,0.0,1331.79,944.7,UPI,Premium
SAL20250018774,2025-02-22,STR034,PRD00507,1,259.46,0.0,259.46,215.35,Debit Card,Walk-in
SAL20250018775,2025-02-11,STR016,PRD01155,1,7374.97,0.05,7006.22,3660.91,UPI,Regular
SAL20250018776,2025-02-18,STR033,PRD01162,1,3657.07,0.05,3474.22,2017.29,UPI,Regular
SAL20250018777,2025-02-11,STR013,PRD00920,2,2715.99,0.0,5431.98,3068.92,Credit Card,Regular
SAL20250018778,2025-02-15,STR033,PRD01142,1,3878.91,0.0,3878.91,2264.79,Debit Card,Regular
SAL20250018779,2025-02-09,STR001,PRD00078,1,9036.37,0.0,9036.37,6491.36,Cash,Regular
SAL20250018780,2025-02-05,STR036,PRD01164,3,2114.79,0.05,6027.15,3326.13,Debit Card,Premium
SAL20250018781,2025-02-03,STR030,PRD00109,1,12280.41,0.05,11666.39,9316.5,Cash,Walk-in
SAL20250018782,2025-02-10,STR005,PRD00797,2,567.41,0.0,1134.82,822.82,UPI,Premium
SAL20250018783,2025-02-11,STR009,PRD00631,1,725.12,0.1,652.61,419.46,Credit Card,Regular
SAL20250018784,2025-02-12,STR006,PRD00153,1,12724.66,0.0,12724.66,7922.12,Credit Card,Regular
SAL20250018785,2025-02-17,STR027,PRD00678,2,3485.6,0.0,6971.2,4509.82,Credit Card,Walk-in
SAL20250018786,2025-02-16,STR007,PRD01067,3,922.58,0.0,2767.74,1694.52,Credit Card,Walk-in
SAL20250018787,2025-02-03,STR016,PRD01010,4,762.29,0.0,3049.16,1598.08,Credit Card,Walk-in
SAL20250018788,2025-02-26,STR039,PRD00974,2,202.7,0.0,405.4,213.52,UPI,Regular
SAL20250018789,2025-02-17,STR016,PRD00861,1,3212.99,0.0,3212.99,1773.8,UPI,Corporate
SAL20250018790,2025-02-11,STR028,PRD00948,3,38.1,0.1,102.87,79.65,Debit Card,Regular
SAL20250018791,2025-02-23,STR012,PRD00973,5,291.44,0.05,1384.34,784.55,UPI,Regular
SAL20250018792,2025-02-12,STR036,PRD00856,2,1871.17,0.0,3742.34,2425.14,Debit Card,Regular
SAL20250018793,2025-02-20,STR038,PRD00606,1,516.03,0.0,516.03,308.57,UPI,Walk-in
SAL20250018794,2025-02-05,STR024,PRD00544,4,114.7,0.05,435.86,330.96,UPI,Walk-in
SAL20250018795,2025-02-18,STR031,PRD00738,1,984.8,0.0,984.8,687.04,Credit Card,Premium
SAL20250018796,2025-02-03,STR033,PRD00109,1,12280.41,0.0,12280.41,9316.5,UPI,Walk-in
SAL20250018797,2025-02-12,STR008,PRD01200,1,1804.12,0.0,1804.12,865.8,Cash,Regular
SAL20250018798,2025-02-21,STR016,PRD01067,2,922.58,0.05,1752.9,1129.68,UPI,Regular
SAL20250018799,2025-02-24,STR028,PRD00511,6,709.29,0.0,4255.74,3355.08,Debit Card,Walk-in
SAL20250018800,2025-02-24,STR037,PRD00775,1,3571.78,0.0,3571.78,1976.55,Credit Card,Regular
SAL20250018801,2025-02-10,STR012,PRD00725,1,2084.99,0.0,2084.99,1511.69,Credit Card,Regular
SAL20250018802,2025-02-08,STR024,PRD00061,1,7691.1,0.0,7691.1,5309.86,Credit Card,Regular
SAL20250018803,2025-02-02,STR027,PRD00169,1,8761.68,0.0,8761.68,5628.67,UPI,Walk-in
SAL20250018804,2025-02-25,STR040,PRD01109,1,5029.33,0.0,5029.33,2768.42,Credit Card,Regular
SAL20250018805,2025-02-19,STR032,PRD00038,1,2962.9,0.0,2962.9,2113.53,UPI,Premium
SAL20250018806,2025-02-20,STR014,PRD00867,1,798.49,0.0,798.49,457.76,UPI,Regular
SAL20250018807,2025-02-17,STR008,PRD00557,1,210.61,0.0,210.61,134.43,Net Banking,Regular
SAL20250018808,2025-02-12,STR024,PRD00933,1,3527.61,0.0,3527.61,2180.3,UPI,Regular
SAL20250018809,2025-02-03,STR041,PRD01088,1,4543.5,0.05,4316.32,1992.55,UPI,Walk-in
SAL20250018810,2025-02-02,STR028,PRD01068,2,5954.4,0.0,11908.8,6990.4,UPI,Premium
SAL20250018811,2025-02-10,STR021,PRD00349,1,152.26,0.0,152.26,83.87,Net Banking,Walk-in
SAL20250018812,2025-02-26,STR028,PRD00659,1,294.97,0.0,294.97,218.84,UPI,Premium
SAL20250018813,2025-02-01,STR002,PRD00975,1,912.31,0.0,912.31,598.5,Credit Card,Regular
SAL20250018814,2025-02-04,STR020,PRD00893,1,963.04,0.0,963.04,603.05,Debit Card,Regular
SAL20250018815,2025-02-21,STR010,PRD00983,3,1007.95,0.0,3023.85,1751.64,UPI,Regular
SAL20250018816,2025-02-25,STR011,PRD00960,5,572.91,0.0,2864.55,1912.0,Cash,Regular
SAL20250018817,2025-02-18,STR002,PRD00874,2,3195.38,0.0,6390.76,4664.96,Credit Card,Regular
SAL20250018818,2025-02-18,STR023,PRD00351,1,802.18,0.0,802.18,503.24,UPI,Premium
SAL20250018819,2025-02-27,STR014,PRD00784,1,1985.25,0.0,1985.25,1302.04,Debit Card,Regular
SAL20250018820,2025-02-25,STR001,PRD00998,3,883.36,0.0,2650.08,1349.67,UPI,Regular
SAL20250018821,2025-02-21,STR038,PRD01016,6,253.56,0.0,1521.36,968.4,Credit Card,Walk-in
SAL20250018822,2025-02-06,STR030,PRD00302,1,486.18,0.05,461.87,225.09,Debit Card,Corporate
SAL20250018823,2025-02-08,STR034,PRD00563,1,667.75,0.0,667.75,433.56,Cash,Regular
SAL20250018824,2025-02-15,STR015,PRD00686,4,3692.38,0.0,14769.52,8455.32,UPI,Walk-in
SAL20250018825,2025-02-08,STR020,PRD00834,1,1440.43,0.05,1368.41,915.49,Credit Card,Premium
SAL20250018826,2025-02-06,STR035,PRD00116,1,21256.57,0.0,21256.57,14955.09,UPI,Walk-in
SAL20250018827,2025-02-02,STR034,PRD01078,3,2107.38,0.0,6322.14,3947.67,Credit Card,Walk-in
SAL20250018828,2025-02-08,STR033,PRD00357,1,1112.32,0.0,1112.32,676.9,Credit Card,Regular
SAL20250018829,2025-02-16,STR040,PRD00739,2,2279.96,0.0,4559.92,3082.84,Debit Card,Regular
SAL20250018830,2025-02-25,STR032,PRD00363,2,1443.62,0.0,2887.24,1380.7,UPI,Walk-in
SAL20250018831,2025-02-16,STR023,PRD00394,1,327.5,0.0,327.5,218.51,UPI,Premium
SAL20250018832,2025-02-14,STR007,PRD00853,3,3236.74,0.0,9710.22,5604.42,UPI,Premium
SAL20250018833,2025-02-01,STR017,PRD00477,4,121.21,0.0,484.84,390.64,UPI,Regular
SAL20250018834,2025-02-21,STR039,PRD01174,2,4967.43,0.1,8941.37,5329.94,Credit Card,Walk-in
SAL20250018835,2025-02-06,STR037,PRD01126,1,2931.04,0.1,2637.94,1651.37,Credit Card,Regular
SAL20250018836,2025-02-19,STR039,PRD00411,2,779.25,0.0,1558.5,1263.7,Credit Card,Premium
SAL20250018837,2025-02-16,STR033,PRD00989,1,922.35,0.0,922.35,592.11,UPI,Premium
SAL20250018838,2025-02-02,STR031,PRD01009,1,52.33,0.0,52.33,29.39,Net Banking,Walk-in
SAL20250018839,2025-02-04,STR034,PRD00914,1,3460.6,0.0,3460.6,2200.72,Net Banking,Regular
SAL20250018840,2025-02-11,STR017,PRD00554,2,805.55,0.0,1611.1,932.82,Credit Card,Regular
SAL20250018841,2025-02-19,STR011,PRD01124,2,4813.39,0.1,8664.1,4355.5,Cash,Walk-in
SAL20250018842,2025-02-18,STR022,PRD00289,1,1047.34,0.0,1047.34,607.0,Credit Card,Regular
SAL20250018843,2025-02-10,STR015,PRD00192,1,3362.18,0.0,3362.18,2170.51,UPI,Regular
SAL20250018844,2025-02-27,STR026,PRD01002,2,98.3,0.05,186.77,111.38,Debit Card,Walk-in
SAL20250018845,2025-02-16,STR009,PRD00426,1,496.18,0.0,496.18,415.87,UPI,Walk-in
SAL20250018846,2025-02-18,STR013,PRD00447,1,458.65,0.0,458.65,355.66,UPI,Corporate
SAL20250018847,2025-02-25,STR040,PRD00594,1,129.17,0.05,122.71,81.33,UPI,Regular
SAL20250018848,2025-02-16,STR019,PRD00054,1,16291.52,0.0,16291.52,11840.34,UPI,Regular
SAL20250018849,2025-02-10,STR028,PRD00240,1,10596.37,0.0,10596.37,7390.73,Cash,Premium
SAL20250018850,2025-02-28,STR029,PRD00236,1,5591.1,0.0,5591.1,3989.78,Credit Card,Walk-in
SAL20250018851,2025-02-28,STR011,PRD00157,1,5982.96,0.0,5982.96,4355.19,UPI,Walk-in
SAL20250018852,2025-02-07,STR030,PRD00427,2,558.44,0.1,1005.19,968.52,Credit Card,Walk-in
SAL20250018853,2025-02-04,STR035,PRD01185,2,2223.59,0.0,4447.18,1849.7,Debit Card,Regular
SAL20250018854,2025-02-15,STR015,PRD00810,1,406.14,0.0,406.14,261.1,Cash,Regular
SAL20250018855,2025-02-19,STR040,PRD00728,1,5071.72,0.05,4818.13,3009.63,Debit Card,Walk-in
SAL20250018856,2025-02-22,STR027,PRD00381,1,931.15,0.0,931.15,531.28,Cash,Regular
SAL20250018857,2025-02-21,STR001,PRD00300,3,1106.33,0.1,2987.09,1803.3,Credit Card,Premium
SAL20250018858,2025-02-06,STR009,PRD00643,1,345.09,0.0,345.09,217.6,Cash,Walk-in
SAL20250018859,2025-02-20,STR032,PRD01185,4,2223.59,0.0,8894.36,3699.4,Debit Card,Walk-in
SAL20250018860,2025-02-04,STR035,PRD00923,1,3811.45,0.0,3811.45,2262.33,UPI,Premium
SAL20250018861,2025-02-09,STR035,PRD00776,2,1145.74,0.0,2291.48,1369.52,Cash,Walk-in
SAL20250018862,2025-02-03,STR021,PRD00110,1,26501.66,0.1,23851.49,18492.65,UPI,Regular
SAL20250018863,2025-02-10,STR039,PRD00874,2,3195.38,0.05,6071.22,4664.96,UPI,Walk-in
SAL20250018864,2025-02-23,STR040,PRD00765,2,1419.48,0.0,2838.96,1841.88,Credit Card,Regular
SAL20250018865,2025-02-05,STR041,PRD00953,1,80.84,0.1,72.76,57.97,Net Banking,Walk-in
SAL20250018866,2025-02-06,STR013,PRD00132,1,22943.8,0.0,22943.8,17725.67,Debit Card,Regular
SAL20250018867,2025-02-12,STR035,PRD00581,1,310.86,0.0,310.86,198.71,Credit Card,Walk-in
SAL20250018868,2025-02-26,STR040,PRD00198,1,4266.35,0.0,4266.35,2976.38,Net Banking,Regular
SAL20250018869,2025-02-28,STR030,PRD00050,1,20155.67,0.05,19147.89,16076.03,UPI,Regular
SAL20250018870,2025-02-12,STR005,PRD00051,1,18906.15,0.0,18906.15,13812.18,UPI,Regular
SAL20250018871,2025-02-11,STR008,PRD00738,1,984.8,0.0,984.8,687.04,UPI,Regular
SAL20250018872,2025-02-28,STR020,PRD00065,1,10562.87,0.0,10562.87,8152.93,Debit Card,Walk-in
SAL20250018873,2025-02-20,STR031,PRD00915,2,703.59,0.0,1407.18,926.3,Debit Card,Regular
SAL20250018874,2025-02-06,STR032,PRD00414,1,546.79,0.1,492.11,425.32,Debit Card,Regular
SAL20250018875,2025-02-13,STR029,PRD00965,1,67.67,0.0,67.67,48.46,UPI,Regular
SAL20250018876,2025-02-14,STR007,PRD00067,2,3694.12,0.0,7388.24,5389.44,Debit Card,Regular
SAL20250018877,2025-02-03,STR031,PRD00741,2,2848.85,0.0,5697.7,4057.78,Cash,Regular
SAL20250018878,2025-02-10,STR033,PRD00287,3,550.08,0.05,1567.73,823.02,UPI,Walk-in
SAL20250018879,2025-02-26,STR003,PRD01123,1,3145.87,0.0,3145.87,1902.26,UPI,Premium
SAL20250018880,2025-02-22,STR016,PRD00334,1,796.78,0.1,717.1,400.76,UPI,Walk-in
SAL20250018881,2025-02-21,STR020,PRD00202,1,1209.84,0.0,1209.84,865.49,Debit Card,Regular
SAL20250018882,2025-02-20,STR014,PRD00538,6,57.89,0.0,347.34,250.68,UPI,Corporate
SAL20250018883,2025-02-09,STR024,PRD00005,1,25382.71,0.0,25382.71,18438.86,UPI,Premium
SAL20250018884,2025-02-24,STR035,PRD01172,2,1132.5,0.0,2265.0,1156.12,Debit Card,Walk-in
SAL20250018885,2025-02-17,STR001,PRD00921,4,3248.47,0.0,12993.88,7335.76,UPI,Regular
SAL20250018886,2025-02-22,STR028,PRD00998,1,883.36,0.0,883.36,449.89,UPI,Corporate
SAL20250018887,2025-02-17,STR030,PRD00016,1,12816.4,0.1,11534.76,9433.57,UPI,Regular
SAL20250018888,2025-02-27,STR019,PRD00099,1,19924.5,0.0,19924.5,14858.06,Debit Card,Premium
SAL20250018889,2025-02-06,STR026,PRD00401,1,743.9,0.0,743.9,628.4,Credit Card,Premium
SAL20250018890,2025-02-19,STR008,PRD00055,1,18236.77,0.05,17324.93,12233.04,UPI,Premium
SAL20250018891,2025-02-13,STR027,PRD01093,1,4476.19,0.0,4476.19,2887.02,Credit Card,Walk-in
SAL20250018892,2025-02-05,STR020,PRD01033,3,703.74,0.0,2111.22,1136.07,Debit Card,Regular
SAL20250018893,2025-02-24,STR041,PRD00895,2,472.54,0.0,945.08,594.8,UPI,Regular
SAL20250018894,2025-02-20,STR014,PRD00029,1,24663.79,0.0,24663.79,16157.43,UPI,Premium
SAL20250018895,2025-02-22,STR016,PRD00613,1,239.41,0.05,227.44,178.61,Credit Card,Walk-in
SAL20250018896,2025-02-18,STR033,PRD01084,2,10498.54,0.0,20997.08,8422.78,Credit Card,Regular
SAL20250018897,2025-02-09,STR012,PRD00870,1,2808.24,0.0,2808.24,1618.68,Cash,Regular
SAL20250018898,2025-02-26,STR036,PRD00834,2,1440.43,0.0,2880.86,1830.98,UPI,Walk-in
SAL20250018899,2025-02-26,STR020,PRD00306,2,1349.3,0.0,2698.6,1543.88,Credit Card,Walk-in
SAL20250018900,2025-02-05,STR015,PRD00950,2,184.59,0.0,369.18,254.62,Debit Card,Regular
SAL20250018901,2025-02-04,STR027,PRD00446,1,1037.38,0.0,1037.38,881.41,Debit Card,Regular
SAL20250018902,2025-02-23,STR014,PRD01019,3,948.07,0.0,2844.21,1469.25,UPI,Regular
SAL20250018903,2025-02-19,STR011,PRD00334,2,796.78,0.05,1513.88,801.52,Debit Card,Walk-in
SAL20250018904,2025-02-27,STR035,PRD00715,1,2949.53,0.0,2949.53,1984.0,UPI,Walk-in
SAL20250018905,2025-02-10,STR028,PRD00601,1,50.1,0.05,47.59,30.82,Credit Card,Regular
SAL20250018906,2025-02-05,STR009,PRD00508,3,125.21,0.0,375.63,329.79,Cash,Regular
SAL20250018907,2025-02-26,STR017,PRD00404,1,695.46,0.0,695.46,604.38,UPI,Regular
SAL20250018908,2025-02-04,STR022,PRD00829,1,2093.34,0.0,2093.34,1538.87,UPI,Regular
SAL20250018909,2025-02-15,STR041,PRD00209,1,4015.2,0.0,4015.2,2717.92,UPI,Corporate
SAL20250018910,2025-02-26,STR009,PRD00511,1,709.29,0.0,709.29,559.18,UPI,Walk-in
SAL20250018911,2025-02-02,STR003,PRD00973,3,291.44,0.05,830.6,470.73,Debit Card,Regular
SAL20250018912,2025-02-25,STR039,PRD00630,3,612.41,0.0,1837.23,1084.35,Debit Card,Regular
SAL20250018913,2025-02-06,STR025,PRD01029,1,762.26,0.0,762.26,543.36,Net Banking,Walk-in
SAL20250018914,2025-02-02,STR001,PRD00378,1,667.36,0.0,667.36,365.54,Credit Card,Walk-in
SAL20250018915,2025-02-20,STR005,PRD00901,3,3120.68,0.0,9362.04,6214.71,Debit Card,Regular
SAL20250018916,2025-02-28,STR012,PRD01122,2,6526.26,0.0,13052.52,7262.96,Cash,Regular
SAL20250018917,2025-02-21,STR013,PRD01083,4,8991.53,0.0,35966.12,15686.88,UPI,Regular
SAL20250018918,2025-02-02,STR006,PRD01192,1,7158.24,0.0,7158.24,4065.98,UPI,Walk-in
SAL20250018919,2025-02-16,STR023,PRD00265,1,4797.2,0.0,4797.2,2920.06,Cash,Regular
SAL20250018920,2025-02-18,STR032,PRD01079,1,323.52,0.0,323.52,191.54,Net Banking,Regular
SAL20250018921,2025-02-11,STR021,PRD01073,1,4074.99,0.0,4074.99,2440.45,UPI,Regular
SAL20250018922,2025-02-08,STR009,PRD00917,1,1441.59,0.0,1441.59,980.83,UPI,Corporate
SAL20250018923,2025-02-14,STR038,PRD00530,1,663.27,0.05,630.11,562.07,Credit Card,Regular
SAL20250018924,2025-02-07,STR004,PRD00325,1,1273.47,0.0,1273.47,587.01,Credit Card,Regular
SAL20250018925,2025-02-04,STR020,PRD00757,1,1608.8,0.0,1608.8,1037.87,UPI,Premium
SAL20250018926,2025-02-12,STR003,PRD00043,1,22998.01,0.0,22998.01,15302.97,UPI,Regular
SAL20250018927,2025-02-07,STR009,PRD00934,1,3207.23,0.0,3207.23,1811.07,UPI,Regular
SAL20250018928,2025-02-20,STR031,PRD00808,1,2998.33,0.1,2698.5,1813.97,Credit Card,Premium
SAL20250018929,2025-02-04,STR001,PRD00725,1,2084.99,0.0,2084.99,1511.69,UPI,Corporate
SAL20250018930,2025-02-01,STR021,PRD00629,2,197.41,0.0,394.82,274.18,Credit Card,Premium
SAL20250018931,2025-02-16,STR017,PRD00199,1,1863.27,0.0,1863.27,1335.3,Credit Card,Regular
SAL20250018932,2025-02-20,STR035,PRD01106,1,3135.75,0.0,3135.75,1669.16,UPI,Regular
SAL20250018933,2025-02-21,STR009,PRD00516,3,653.26,0.0,1959.78,1507.68,UPI,Walk-in
SAL20250018934,2025-02-11,STR018,PRD00348,1,1231.54,0.0,1231.54,694.06,UPI,Regular
SAL20250018935,2025-02-22,STR036,PRD00245,1,6730.38,0.1,6057.34,4429.31,Credit Card,Regular
SAL20250018936,2025-02-27,STR019,PRD00420,2,876.02,0.0,1752.04,1485.14,Cash,Walk-in
SAL20250018937,2025-02-16,STR012,PRD01038,3,565.57,0.0,1696.71,910.02,Credit Card,Premium
SAL20250018938,2025-02-11,STR029,PRD00643,6,345.09,0.0,2070.54,1305.6,Cash,Walk-in
SAL20250018939,2025-02-16,STR007,PRD00482,2,411.59,0.0,823.18,688.24,Credit Card,Premium
SAL20250018940,2025-02-01,STR019,PRD00767,1,2122.92,0.0,2122.92,1557.14,Credit Card,Corporate
SAL20250018941,2025-02-08,STR008,PRD00405,1,917.35,0.05,871.48,803.86,Credit Card,Corporate
SAL20250018942,2025-02-17,STR002,PRD00777,1,3515.65,0.05,3339.87,1941.78,Cash,Walk-in
SAL20250018943,2025-02-02,STR006,PRD00323,1,361.28,0.1,325.15,188.15,Debit Card,Regular
SAL20250018944,2025-02-23,STR035,PRD01077,2,8389.04,0.0,16778.08,6986.78,Debit Card,Regular
SAL20250018945,2025-02-14,STR016,PRD00243,1,1936.68,0.0,1936.68,1385.71,UPI,Regular
SAL20250018946,2025-02-12,STR029,PRD01123,1,3145.87,0.0,3145.87,1902.26,UPI,Regular
SAL20250018947,2025-02-25,STR029,PRD00059,1,15692.67,0.1,14123.4,12269.76,UPI,Walk-in
SAL20250018948,2025-02-12,STR023,PRD00186,1,7826.08,0.0,7826.08,5124.89,Cash,Regular
SAL20250018949,2025-02-19,STR016,PRD01081,1,7442.0,0.0,7442.0,3523.33,UPI,Premium
SAL20250018950,2025-02-21,STR019,PRD00006,1,3457.14,0.0,3457.14,2519.92,UPI,Walk-in
SAL20250018951,2025-02-16,STR030,PRD01072,1,354.49,0.1,319.04,220.0,UPI,Premium
SAL20250018952,2025-02-12,STR025,PRD00958,1,274.5,0.0,274.5,191.73,Debit Card,Premium
SAL20250018953,2025-02-20,STR033,PRD00769,1,1757.79,0.0,1757.79,1242.17,Credit Card,Regular
SAL20250018954,2025-02-02,STR029,PRD00245,1,6730.38,0.05,6393.86,4429.31,UPI,Walk-in
SAL20250018955,2025-02-15,STR018,PRD00769,2,1757.79,0.1,3164.02,2484.34,Debit Card,Premium
SAL20250018956,2025-02-09,STR028,PRD00137,1,8245.04,0.0,8245.04,6423.44,Credit Card,Regular
SAL20250018957,2025-02-12,STR013,PRD01047,6,844.86,0.0,5069.16,2900.28,UPI,Regular
SAL20250018958,2025-02-22,STR031,PRD00106,1,3614.0,0.0,3614.0,2487.36,Credit Card,Regular
SAL20250018959,2025-02-28,STR029,PRD00910,1,2302.88,0.0,2302.88,1579.69,UPI,Walk-in
SAL20250018960,2025-02-23,STR002,PRD00833,2,1761.67,0.0,3523.34,1959.84,Cash,Regular
SAL20250018961,2025-02-05,STR030,PRD00172,2,7151.58,0.0,14303.16,10506.6,UPI,Walk-in
SAL20250018962,2025-02-24,STR028,PRD00150,1,1288.03,0.1,1159.23,897.46,Cash,Regular
SAL20250018963,2025-02-12,STR030,PRD01125,1,3015.8,0.0,3015.8,1423.43,Net Banking,Walk-in
SAL20250018964,2025-02-06,STR038,PRD00521,1,947.8,0.0,947.8,832.6,Debit Card,Walk-in
SAL20250018965,2025-02-22,STR004,PRD00405,1,917.35,0.0,917.35,803.86,UPI,Regular
SAL20250018966,2025-02-11,STR036,PRD00300,1,1106.33,0.0,1106.33,601.1,UPI,Regular
SAL20250018967,2025-02-13,STR031,PRD01013,2,214.89,0.0,429.78,296.48,UPI,Walk-in
SAL20250018968,2025-02-26,STR032,PRD00555,2,381.92,0.0,763.84,439.58,Cash,Walk-in
SAL20250018969,2025-02-23,STR025,PRD00078,1,9036.37,0.05,8584.55,6491.36,Credit Card,Regular
SAL20250018970,2025-02-16,STR029,PRD00436,2,630.05,0.0,1260.1,1015.4,UPI,Regular
SAL20250018971,2025-02-25,STR034,PRD00835,1,1480.55,0.0,1480.55,1008.2,UPI,Regular
SAL20250018972,2025-02-02,STR024,PRD01042,2,143.52,0.0,287.04,189.38,Credit Card,Walk-in
SAL20250018973,2025-02-21,STR018,PRD01118,3,5734.69,0.0,17204.07,10113.3,Credit Card,Regular
SAL20250018974,2025-02-24,STR018,PRD01083,2,8991.53,0.0,17983.06,7843.44,UPI,Walk-in
SAL20250018975,2025-02-02,STR029,PRD01188,1,2837.24,0.0,2837.24,1686.24,Debit Card,Regular
SAL20250018976,2025-02-16,STR002,PRD00155,1,2214.51,0.0,2214.51,1652.19,UPI,Regular
SAL20250018977,2025-02-18,STR033,PRD00813,2,3086.68,0.0,6173.36,4018.82,UPI,Walk-in
SAL20250018978,2025-02-24,STR041,PRD00509,2,888.38,0.0,1776.76,1348.66,Debit Card,Premium
SAL20250018979,2025-02-06,STR029,PRD00509,1,888.38,0.1,799.54,674.33,UPI,Walk-in
SAL20250018980,2025-02-13,STR008,PRD01159,1,3270.67,0.0,3270.67,1499.26,Net Banking,Regular
SAL20250018981,2025-02-06,STR023,PRD01100,1,6765.12,0.0,6765.12,4080.87,Credit Card,Regular
SAL20250018982,2025-02-05,STR009,PRD00943,3,787.16,0.0,2361.48,1597.32,Credit Card,Walk-in
SAL20250018983,2025-02-03,STR016,PRD00368,1,927.52,0.0,927.52,587.93,Credit Card,Regular
SAL20250018984,2025-02-07,STR033,PRD00164,1,7383.75,0.0,7383.75,4728.61,Credit Card,Regular
SAL20250018985,2025-02-16,STR011,PRD00892,2,2494.33,0.0,4988.66,3484.02,Net Banking,Premium
SAL20250018986,2025-02-01,STR022,PRD00779,2,1606.83,0.1,2892.29,1996.58,UPI,Corporate
SAL20250018987,2025-02-27,STR030,PRD00611,1,51.03,0.1,45.93,37.81,Debit Card,Regular
SAL20250018988,2025-02-08,STR009,PRD00722,1,2039.88,0.05,1937.89,1170.85,Debit Card,Premium
SAL20250018989,2025-02-18,STR007,PRD00860,1,694.13,0.0,694.13,417.51,Cash,Regular
SAL20250018990,2025-02-03,STR004,PRD00087,1,23253.22,0.1,20927.9,15702.94,UPI,Regular
SAL20250018991,2025-02-13,STR037,PRD00715,2,2949.53,0.0,5899.06,3968.0,UPI,Premium
SAL20250018992,2025-02-23,STR024,PRD00228,1,4421.9,0.05,4200.8,2982.31,Cash,Walk-in
SAL20250018993,2025-02-24,STR041,PRD01028,4,93.34,0.0,373.36,192.4,Net Banking,Regular
SAL20250018994,2025-02-26,STR036,PRD01033,4,703.74,0.0,2814.96,1514.76,Credit Card,Regular
SAL20250018995,2025-02-22,STR012,PRD00878,1,1229.84,0.0,1229.84,796.56,Credit Card,Walk-in
SAL20250018996,2025-02-04,STR004,PRD00289,2,1047.34,0.0,2094.68,1214.0,UPI,Walk-in
SAL20250018997,2025-02-07,STR036,PRD00848,2,2441.1,0.0,4882.2,3232.64,UPI,Regular
SAL20250018998,2025-02-14,STR040,PRD00611,3,51.03,0.0,153.09,113.43,Credit Card,Regular
SAL20250018999,2025-02-27,STR008,PRD00283,1,917.06,0.0,917.06,431.47,Debit Card,Regular
SAL20250019000,2025-02-09,STR036,PRD00244,1,9135.72,0.0,9135.72,5766.93,UPI,Premium
SAL20250019001,2025-02-20,STR021,PRD00185,1,1926.14,0.0,1926.14,1500.04,Credit Card,Corporate
SAL20250019002,2025-02-11,STR019,PRD00528,1,1118.04,0.0,1118.04,946.34,UPI,Regular
SAL20250019003,2025-02-21,STR013,PRD00647,3,284.75,0.1,768.83,567.21,UPI,Regular
SAL20250019004,2025-02-25,STR021,PRD00226,1,3456.4,0.0,3456.4,2122.01,Debit Card,Regular
SAL20250019005,2025-02-09,STR024,PRD00648,3,715.75,0.0,2147.25,1371.81,UPI,Walk-in
SAL20250019006,2025-02-03,STR041,PRD00629,3,197.41,0.0,592.23,411.27,UPI,Walk-in
SAL20250019007,2025-02-13,STR008,PRD00127,1,14293.97,0.0,14293.97,10567.08,UPI,Regular
SAL20250019008,2025-02-30,STR018,PRD00343,2,244.94,0.0,489.88,260.82,Debit Card,Regular
SAL20250019009,2025-02-22,STR007,PRD01177,2,2791.89,0.0,5583.78,3189.26,UPI,Premium
SAL20250019010,2025-02-26,STR022,PRD00322,4,839.74,0.05,3191.01,2349.44,UPI,Regular
SAL20250019011,2025-02-07,STR013,PRD00911,1,807.88,0.0,807.88,602.2,UPI,Walk-in
SAL20250019012,2025-02-22,STR015,PRD01026,3,512.0,0.0,1536.0,1025.85,Debit Card,Walk-in
SAL20250019013,2025-02-28,STR005,PRD00471,2,607.66,0.0,1215.32,990.7,Credit Card,Premium
SAL20250019014,2025-02-27,STR013,PRD00163,1,12710.38,0.0,12710.38,7712.99,UPI,Corporate
SAL20250019015,2025-02-15,STR011,PRD00196,1,3177.64,0.0,3177.64,2246.88,Debit Card,Walk-in
SAL20250019016,2025-02-08,STR018,PRD00505,4,1140.95,0.05,4335.61,3441.88,UPI,Premium
SAL20250019017,2025-02-28,STR012,PRD00617,2,496.18,0.0,992.36,726.02,UPI,Regular
SAL20250019018,2025-02-02,STR005,PRD00159,2,4881.58,0.0,9763.16,7353.04,UPI,Regular
SAL20250019019,2025-02-05,STR016,PRD00038,1,2962.9,0.0,2962.9,2113.53,UPI,Walk-in
SAL20250019020,2025-02-23,STR031,PRD00396,1,713.53,0.0,713.53,454.7,Credit Card,Regular
SAL20250019021,2025-02-24,STR018,PRD00655,4,75.89,0.0,303.56,188.6,UPI,Walk-in
SAL20250019022,2025-02-16,STR039,PRD00676,1,4180.37,0.1,3762.33,2836.76,Debit Card,Walk-in
SAL20250019023,2025-02-22,STR017,PRD00166,1,4039.27,0.1,3635.34,2471.0,UPI,Regular
SAL20250019024,2025-02-24,STR026,PRD00288,1,827.89,0.0,827.89,439.36,UPI,Walk-in
SAL20250019025,2025-02-11,STR023,PRD00415,1,345.23,0.05,327.97,286.19,Credit Card,Walk-in
SAL20250019026,2025-02-21,STR013,PRD00795,2,965.34,0.0,1930.68,1376.04,Debit Card,Regular
SAL20250019027,2025-02-27,STR003,PRD00964,2,842.84,0.0,1685.68,1150.38,Credit Card,Premium
SAL20250019028,2025-02-24,STR018,PRD01072,3,354.49,0.0,1063.47,660.0,UPI,Premium
SAL20250019029,2025-02-19,STR034,PRD00369,1,1020.79,0.0,1020.79,482.49,Credit Card,Walk-in
SAL20250019030,2025-02-27,STR003,PRD00095,1,18324.65,0.0,18324.65,13913.8,Debit Card,Walk-in
SAL20250019031,2025-02-26,STR002,PRD00477,4,121.21,0.0,484.84,390.64,Debit Card,Walk-in
SAL20250019032,2025-02-07,STR014,PRD00742,1,3993.24,0.0,3993.24,2368.26,UPI,Corporate
SAL20250019033,2025-02-23,STR017,PRD00945,3,871.49,0.0,2614.47,1650.72,UPI,Regular
SAL20250019034,2025-02-16,STR009,PRD01191,1,6431.83,0.0,6431.83,4011.49,Credit Card,Regular
SAL20250019035,2025-02-02,STR031,PRD00761,1,367.88,0.0,367.88,269.21,Cash,Regular
SAL20250019036,2025-02-14,STR039,PRD00876,1,2635.68,0.0,2635.68,1798.38,UPI,Regular
SAL20250019037,2025-02-01,STR026,PRD00102,1,21236.57,0.0,21236.57,16141.17,Debit Card,Regular
SAL20250019038,2025-02-18,STR039,PRD01142,3,3878.91,0.0,11636.73,6794.37,UPI,Regular
SAL20250019039,2025-02-21,STR034,PRD00193,1,5766.86,0.0,5766.86,4191.48,UPI,Regular
SAL20250019040,2025-02-04,STR039,PRD00736,1,1942.77,0.0,1942.77,1241.55,UPI,Walk-in
SAL20250019041,2025-02-09,STR020,PRD00058,1,3380.1,0.0,3380.1,2568.5,Credit Card,Regular
SAL20250019042,2025-02-12,STR024,PRD00943,6,787.16,0.0,4722.96,3194.64,UPI,Walk-in
SAL20250019043,2025-02-12,STR005,PRD00976,2,1125.69,0.0,2251.38,1165.22,Debit Card,Walk-in
SAL20250019044,2025-02-18,STR033,PRD00410,4,245.81,0.1,884.92,771.04,UPI,Walk-in
SAL20250019045,2025-02-21,STR030,PRD01150,1,4074.75,0.0,4074.75,2372.04,Cash,Corporate
SAL20250019046,2025-02-15,STR039,PRD00843,2,1073.63,0.0,2147.26,1378.92,UPI,Walk-in
SAL20250019047,2025-02-02,STR033,PRD00954,10,1090.11,0.0,10901.1,6149.6,Credit Card,Regular
SAL20250019048,2025-02-03,STR014,PRD00394,1,327.5,0.0,327.5,218.51,Debit Card,Corporate
SAL20250019049,2025-02-02,STR004,PRD00581,2,310.86,0.0,621.72,397.42,UPI,Walk-in
SAL20250019050,2025-02-20,STR033,PRD01113,1,4340.13,0.1,3906.12,2015.92,Credit Card,Premium
SAL20250019051,2025-02-19,STR027,PRD01009,1,52.33,0.05,49.71,29.39,UPI,Regular
SAL20250019052,2025-02-04,STR015,PRD00740,1,3926.7,0.0,3926.7,2842.31,UPI,Walk-in
SAL20250019053,2025-02-19,STR001,PRD00969,1,147.34,0.1,132.61,76.24,UPI,Corporate
SAL20250019054,2025-02-24,STR008,PRD00393,2,526.25,0.0,1052.5,688.36,Credit Card,Walk-in
SAL20250019055,2025-02-14,STR023,PRD00676,1,4180.37,0.0,4180.37,2836.76,Credit Card,Regular
SAL20250019056,2025-02-08,STR023,PRD00317,1,1393.76,0.0,1393.76,799.47,Credit Card,Walk-in
SAL20250019057,2025-02-08,STR024,PRD00114,1,17643.2,0.0,17643.2,12306.0,Credit Card,Regular
SAL20250019058,2025-02-06,STR009,PRD00168,1,8820.25,0.0,8820.25,6611.06,Debit Card,Walk-in
SAL20250019059,2025-02-20,STR002,PRD00564,6,566.41,0.0,3398.46,2087.82,Credit Card,Walk-in
SAL20250019060,2025-02-15,STR007,PRD00208,1,2761.76,0.0,2761.76,2051.3,Cash,Regular
SAL20250019061,2025-02-20,STR009,PRD00414,5,546.79,0.0,2733.95,2126.6,UPI,Walk-in
SAL20250019062,2025-02-21,STR010,PRD00785,2,4604.98,0.0,9209.96,5509.66,Credit Card,Walk-in
