SaleID,SaleDate,StoreID,ProductID,Quantity,UnitPrice,Discount,Revenue,Cost,PaymentMethod,CustomerSegment
SAL20250060711,2025-07-25,STR006,PRD00488,10,995.48,0.0,9954.8,8358.6,Credit Card,Walk-in
SAL20250060712,2025-07-06,STR027,PRD01015,3,771.47,0.0,2314.41,1623.36,Credit Card,Regular
SAL20250060713,2025-07-28,STR002,PRD00341,2,977.08,0.0,1954.16,1211.12,UPI,Corporate
SAL20250060714,2025-07-14,STR003,PRD00714,1,1837.1,0.0,1837.1,1348.01,UPI,Corporate
SAL20250060715,2025-07-28,STR002,PRD01049,1,225.77,0.0,225.77,137.88,Cash,Premium
SAL20250060716,2025-07-22,STR022,PRD00240,1,10596.37,0.0,10596.37,7390.73,UPI,Regular
SAL20250060717,2025-07-04,STR019,PRD00222,1,8948.67,0.0,8948.67,6580.84,Credit Card,Regular
SAL20250060718,2025-07-11,STR021,PRD00478,1,959.84,0.0,959.84,812.26,Net Banking,Regular
SAL20250060719,2025-07-17,STR034,PRD00392,1,436.74,0.1,393.07,242.28,Credit Card,Regular
SAL20250060720,2025-07-13,STR030,PRD00257,3,3131.42,0.0,9394.26,6437.31,Net Banking,Regular
SAL20250060721,2025-07-13,STR019,PRD00884,1,1777.05,0.0,1777.05,1086.34,Credit Card,Regular
SAL20250060722,2025-07-03,STR018,PRD00382,3,534.11,0.0,1602.33,878.73,Credit Card,Walk-in
SAL20250060723,2025-07-22,STR013,PRD00399,1,1354.99,0.05,1287.24,647.13,UPI,Corporate
SAL20250060724,2025-07-03,STR036,PRD00507,4,259.46,0.1,934.06,861.4,Net Banking,Premium
SAL20250060725,2025-07-29,STR019,PRD00831,1,2902.42,0.0,2902.42,1993.17,UPI,Premium
SAL20250060726,2025-07-04,STR024,PRD00597,6,765.55,0.1,4133.97,2662.92,UPI,Premium
SAL20250060727,2025-07-15,STR038,PRD00734,1,817.34,0.05,776.47,469.79,UPI,Regular
SAL20250060728,2025-07-19,STR015,PRD00829,2,2093.34,0.0,4186.68,3077.74,UPI,Walk-in
SAL20250060729,2025-07-29,STR021,PRD00275,1,1560.95,0.0,1560.95,847.9,UPI,Walk-in
SAL20250060730,2025-07-14,STR024,PRD00256,1,13048.37,0.0,13048.37,8107.05,UPI,Premium
SAL20250060731,2025-07-29,STR014,PRD00466,4,725.28,0.0,2901.12,2518.88,Cash,Regular
SAL20250060732,2025-07-11,STR021,PRD00441,4,853.01,0.0,3412.04,2828.32,Credit Card,Regular
SAL20250060733,2025-07-03,STR023,PRD01027,5,412.95,0.0,2064.75,1128.6,Cash,Regular
SAL20250060734,2025-07-10,STR009,PRD00051,1,18906.15,0.0,18906.15,13812.18,Cash,Walk-in
SAL20250060735,2025-07-25,STR009,PRD00482,1,411.59,0.0,411.59,344.12,Credit Card,Regular
SAL20250060736,2025-07-24,STR027,PRD00144,1,7333.73,0.0,7333.73,4964.07,UPI,Regular
SAL20250060737,2025-07-02,STR019,PRD00140,1,6378.06,0.0,6378.06,4851.7,Credit Card,Walk-in
SAL20250060738,2025-07-05,STR001,PRD00777,3,3515.65,0.0,10546.95,5825.34,Credit Card,Walk-in
SAL20250060739,2025-07-02,STR030,PRD01186,3,3042.91,0.0,9128.73,4506.6,Cash,Corporate
SAL20250060740,2025-07-26,STR025,PRD00834,1,1440.43,0.1,1296.39,915.49,UPI,Corporate
SAL20250060741,2025-07-04,STR019,PRD00837,3,4012.56,0.05,11435.8,7105.92,UPI,Premium
SAL20250060742,2025-07-21,STR030,PRD00237,1,9971.54,0.0,9971.54,6463.12,Credit Card,Regular
SAL20250060743,2025-07-05,STR002,PRD00381,1,931.15,0.0,931.15,531.28,UPI,Walk-in
SAL20250060744,2025-07-11,STR036,PRD00997,2,893.9,0.0,1787.8,1249.38,UPI,Walk-in
SAL20250060745,2025-07-18,STR018,PRD00603,3,196.91,0.1,531.66,392.88,UPI,Premium
SAL20250060746,2025-07-31,STR029,PRD00238,1,4984.73,0.0,4984.73,3134.78,Debit Card,Walk-in
SAL20250060747,2025-07-06,STR011,PRD00195,2,4088.9,0.1,7360.02,6217.7,Debit Card,Walk-in
SAL20250060748,2025-07-08,STR028,PRD01086,1,5541.98,0.0,5541.98,3222.42,Credit Card,Walk-in
SAL20250060749,2025-07-26,STR040,PRD00322,1,839.74,0.0,839.74,587.36,Credit Card,Regular
SAL20250060750,2025-07-21,STR023,PRD00303,2,674.18,0.0,1348.36,724.56,Debit Card,Walk-in
SAL20250060751,2025-07-11,STR008,PRD00287,1,550.08,0.0,550.08,274.34,UPI,Walk-in
SAL20250060752,2025-07-03,STR036,PRD01197,3,2167.83,0.0,6503.49,3483.54,Debit Card,Walk-in
SAL20250060753,2025-07-18,STR030,PRD01039,3,616.85,0.1,1665.5,1181.82,Credit Card,Walk-in
SAL20250060754,2025-07-19,STR041,PRD00774,1,2102.71,0.0,2102.71,1549.27,Credit Card,Walk-in
SAL20250060755,2025-07-27,STR029,PRD01012,6,896.48,0.0,5378.88,3495.48,Credit Card,Walk-in
SAL20250060756,2025-07-07,STR038,PRD00867,2,798.49,0.05,1517.13,915.52,Credit Card,Premium
SAL20250060757,2025-07-14,STR039,PRD00435,1,718.79,0.0,718.79,584.17,UPI,Regular
SAL20250060758,2025-07-19,STR015,PRD00313,1,1406.36,0.0,1406.36,639.34,UPI,Regular
SAL20250060759,2025-07-29,STR038,PRD00551,3,585.58,0.0,1756.74,1291.71,UPI,Regular
SAL20250060760,2025-07-27,STR008,PRD00693,1,2512.22,0.0,2512.22,1671.42,UPI,Walk-in
SAL20250060761,2025-07-24,STR002,PRD01105,1,2498.16,0.0,2498.16,1508.52,UPI,Walk-in
SAL20250060762,2025-07-14,STR023,PRD00854,2,2355.83,0.0,4711.66,2935.86,UPI,Walk-in
SAL20250060763,2025-07-23,STR016,PRD00831,1,2902.42,0.0,2902.42,1993.17,Cash,Walk-in
SAL20250060764,2025-07-06,STR021,PRD00976,1,1125.69,0.0,1125.69,582.61,Credit Card,Premium
SAL20250060765,2025-07-05,STR029,PRD01162,4,3657.07,0.0,14628.28,8069.16,UPI,Regular
SAL20250060766,2025-07-18,STR027,PRD00588,1,125.09,0.1,112.58,90.39,UPI,Walk-in
SAL20250060767,2025-07-27,STR039,PRD00168,1,8820.25,0.0,8820.25,6611.06,Debit Card,Walk-in
SAL20250060768,2025-07-06,STR013,PRD00420,1,876.02,0.0,876.02,742.57,UPI,Regular
SAL20250060769,2025-07-05,STR030,PRD00939,2,463.84,0.0,927.68,484.68,Cash,Walk-in
SAL20250060770,2025-07-06,STR039,PRD01125,1,3015.8,0.1,2714.22,1423.43,UPI,Corporate
SAL20250060771,2025-07-25,STR033,PRD00592,2,365.4,0.0,730.8,436.58,Credit Card,Regular
SAL20250060772,2025-07-27,STR014,PRD00239,2,6180.81,0.0,12361.62,9112.12,Credit Card,Regular
SAL20250060773,2025-07-02,STR018,PRD00524,1,128.85,0.0,128.85,106.5,Credit Card,Regular
SAL20250060774,2025-07-22,STR027,PRD00597,1,765.55,0.0,765.55,443.82,UPI,Premium
SAL20250060775,2025-07-25,STR022,PRD00666,3,224.43,0.05,639.63,488.13,Cash,Premium
SAL20250060776,2025-07-15,STR041,PRD00737,1,1053.41,0.0,1053.41,753.37,Cash,Regular
SAL20250060777,2025-07-10,STR005,PRD00447,5,458.65,0.0,2293.25,1778.3,UPI,Regular
SAL20250060778,2025-07-04,STR031,PRD00909,1,1266.46,0.0,1266.46,869.48,UPI,Walk-in
SAL20250060779,2025-07-06,STR038,PRD00615,4,478.74,0.05,1819.21,1357.36,UPI,Walk-in
SAL20250060780,2025-07-12,STR003,PRD00371,2,199.9,0.0,399.8,226.9,UPI,Regular
SAL20250060781,2025-07-15,STR032,PRD00290,1,747.46,0.0,747.46,478.32,UPI,Walk-in
SAL20250060782,2025-07-11,STR034,PRD00356,1,1354.34,0.0,1354.34,734.18,Credit Card,Premium
SAL20250060783,2025-07-03,STR040,PRD00534,1,97.09,0.05,92.24,80.59,UPI,Walk-in
SAL20250060784,2025-07-10,STR003,PRD00204,1,3776.34,0.0,3776.34,2580.11,UPI,Walk-in
SAL20250060785,2025-07-07,STR022,PRD01005,2,682.39,0.1,1228.3,951.4,UPI,Walk-in
SAL20250060786,2025-07-30,STR021,PRD00625,3,629.94,0.1,1700.84,1298.73,Credit Card,Regular
SAL20250060787,2025-07-05,STR010,PRD00048,1,26663.85,0.0,26663.85,18297.1,UPI,Walk-in
SAL20250060788,2025-07-31,STR038,PRD00454,4,238.81,0.0,955.24,729.2,UPI,Regular
SAL20250060789,2025-07-20,STR018,PRD00289,1,1047.34,0.0,1047.34,607.0,Credit Card,Regular
SAL20250060790,2025-07-06,STR030,PRD00975,1,912.31,0.0,912.31,598.5,Cash,Walk-in
SAL20250060791,2025-07-29,STR004,PRD00544,5,114.7,0.0,573.5,413.7,Credit Card,Regular
SAL20250060792,2025-07-13,STR008,PRD00918,1,2741.1,0.0,2741.1,1987.44,Credit Card,Regular
SAL20250060793,2025-07-04,STR041,PRD00402,1,947.11,0.0,947.11,818.06,UPI,Premium
SAL20250060794,2025-07-05,STR034,PRD00128,1,13672.72,0.0,13672.72,8963.81,UPI,Regular
SAL20250060795,2025-07-10,STR035,PRD00619,1,215.37,0.0,215.37,139.33,Net Banking,Walk-in
SAL20250060796,2025-07-04,STR039,PRD00490,2,177.23,0.0,354.46,276.62,Credit Card,Walk-in
SAL20250060797,2025-07-18,STR011,PRD01160,2,7696.75,0.0,15393.5,6981.68,UPI,Premium
SAL20250060798,2025-07-09,STR036,PRD00313,1,1406.36,0.0,1406.36,639.34,Debit Card,Regular
SAL20250060799,2025-07-13,STR039,PRD00849,1,315.58,0.0,315.58,211.78,Cash,Premium
SAL20250060800,2025-07-30,STR006,PRD00019,2,9063.53,0.0,18127.06,12799.1,Credit Card,Regular
SAL20250060801,2025-07-05,STR037,PRD00137,1,8245.04,0.0,8245.04,6423.44,UPI,Premium
SAL20250060802,2025-07-20,STR014,PRD00790,1,1379.35,0.0,1379.35,902.72,Cash,Walk-in
SAL20250060803,2025-07-16,STR035,PRD00275,1,1560.95,0.1,1404.86,847.9,Credit Card,Regular
SAL20250060804,2025-07-13,STR004,PRD00708,2,2849.79,0.0,5699.58,3766.3,Debit Card,Regular
SAL20250060805,2025-07-11,STR041,PRD00621,6,335.41,0.05,1911.84,1412.58,Cash,Walk-in
SAL20250060806,2025-07-09,STR020,PRD00805,1,3870.93,0.1,3483.84,2163.81,Debit Card,Regular
SAL20250060807,2025-07-30,STR007,PRD00634,1,509.03,0.0,509.03,298.96,Credit Card,Premium
SAL20250060808,2025-07-14,STR040,PRD00343,1,244.94,0.0,244.94,130.41,Credit Card,Walk-in
SAL20250060809,2025-07-12,STR008,PRD00714,1,1837.1,0.1,1653.39,1348.01,UPI,Regular
SAL20250060810,2025-07-03,STR037,PRD00477,2,121.21,0.0,242.42,195.32,Credit Card,Walk-in
SAL20250060811,2025-07-12,STR030,PRD00097,1,19452.93,0.0,19452.93,14437.86,UPI,Regular
SAL20250060812,2025-07-20,STR018,PRD00864,4,1725.02,0.0,6900.08,4472.24,UPI,Walk-in
SAL20250060813,2025-07-21,STR005,PRD00071,2,14423.02,0.05,27403.74,19211.26,UPI,Walk-in
SAL20250060814,2025-07-17,STR018,PRD00455,1,683.36,0.1,615.02,563.47,UPI,Walk-in
SAL20250060815,2025-07-10,STR005,PRD00861,1,3212.99,0.0,3212.99,1773.8,Credit Card,Regular
SAL20250060816,2025-07-20,STR004,PRD01105,3,2498.16,0.0,7494.48,4525.56,Credit Card,Walk-in
SAL20250060817,2025-07-04,STR012,PRD00291,1,469.9,0.0,469.9,279.76,UPI,Regular
SAL20250060818,2025-07-26,STR005,PRD00490,2,177.23,0.05,336.74,276.62,Debit Card,Regular
SAL20250060819,2025-07-20,STR031,PRD00384,1,1012.08,0.0,1012.08,513.64,Debit Card,Corporate
SAL20250060820,2025-07-19,STR033,PRD00468,2,180.53,0.0,361.06,296.64,UPI,Regular
SAL20250060821,2025-07-28,STR015,PRD00326,1,1442.32,0.1,1298.09,681.43,Debit Card,Regular
SAL20250060822,2025-07-27,STR039,PRD00649,3,333.14,0.0,999.42,716.88,UPI,Regular
SAL20250060823,2025-07-05,STR007,PRD00358,1,873.37,0.0,873.37,466.67,Cash,Regular
SAL20250060824,2025-07-28,STR020,PRD00853,2,3236.74,0.0,6473.48,3736.28,UPI,Regular
SAL20250060825,2025-07-25,STR032,PRD00108,1,22607.14,0.0,22607.14,15802.22,Credit Card,Regular
SAL20250060826,2025-07-13,STR040,PRD00925,1,2271.72,0.0,2271.72,1525.09,UPI,Regular
SAL20250060827,2025-07-09,STR016,PRD01126,3,2931.04,0.0,8793.12,4954.11,UPI,Regular
SAL20250060828,2025-07-11,STR036,PRD00211,2,6731.6,0.0,13463.2,9850.1,Debit Card,Walk-in
SAL20250060829,2025-07-16,STR034,PRD00014,1,5918.05,0.0,5918.05,4586.64,Credit Card,Regular
SAL20250060830,2025-07-07,STR036,PRD01156,1,3916.29,0.0,3916.29,2267.77,Credit Card,Walk-in
SAL20250060831,2025-07-12,STR021,PRD00883,2,2575.75,0.0,5151.5,2874.96,UPI,Regular
SAL20250060832,2025-07-21,STR030,PRD01177,1,2791.89,0.1,2512.7,1594.63,Net Banking,Regular
SAL20250060833,2025-07-20,STR038,PRD00919,2,3391.01,0.0,6782.02,4464.16,UPI,Regular
SAL20250060834,2025-07-21,STR029,PRD00965,2,67.67,0.05,128.57,96.92,UPI,Walk-in
SAL20250060835,2025-07-04,STR035,PRD00274,1,920.1,0.0,920.1,425.76,Net Banking,Regular
SAL20250060836,2025-07-18,STR029,PRD00069,1,11744.39,0.0,11744.39,7701.34,UPI,Regular
SAL20250060837,2025-07-14,STR010,PRD00381,2,931.15,0.0,1862.3,1062.56,UPI,Premium
SAL20250060838,2025-07-02,STR023,PRD00852,3,1751.61,0.0,5254.83,3644.52,UPI,Walk-in
SAL20250060839,2025-07-17,STR032,PRD00417,1,788.29,0.0,788.29,661.71,UPI,Regular
SAL20250060840,2025-07-13,STR022,PRD01081,1,7442.0,0.0,7442.0,3523.33,UPI,Premium
SAL20250060841,2025-07-21,STR029,PRD01061,1,1015.91,0.0,1015.91,535.53,UPI,Regular
SAL20250060842,2025-07-14,STR024,PRD00450,4,377.7,0.1,1359.72,1162.16,Credit Card,Regular
SAL20250060843,2025-07-08,STR003,PRD00555,1,381.92,0.05,362.82,219.79,Credit Card,Walk-in
SAL20250060844,2025-07-10,STR007,PRD00014,1,5918.05,0.0,5918.05,4586.64,Credit Card,Regular
SAL20250060845,2025-07-15,STR032,PRD00736,1,1942.77,0.0,1942.77,1241.55,UPI,Corporate
SAL20250060846,2025-07-15,STR034,PRD00637,1,299.32,0.05,284.35,213.6,Net Banking,Premium
SAL20250060847,2025-07-17,STR010,PRD00018,1,13116.16,0.0,13116.16,9769.19,UPI,Regular
SAL20250060848,2025-07-18,STR006,PRD00402,1,947.11,0.0,947.11,818.06,Credit Card,Walk-in
SAL20250060849,2025-07-13,STR006,PRD00893,1,963.04,0.0,963.04,603.05,UPI,Walk-in
SAL20250060850,2025-07-26,STR023,PRD00086,1,22194.93,0.0,22194.93,15176.58,UPI,Regular
SAL20250060851,2025-07-29,STR037,PRD00571,1,201.22,0.05,191.16,143.49,UPI,Premium
SAL20250060852,2025-07-26,STR022,PRD00539,1,69.32,0.0,69.32,47.73,UPI,Regular
SAL20250060853,2025-07-21,STR023,PRD00256,1,13048.37,0.1,11743.53,8107.05,UPI,Walk-in
SAL20250060854,2025-07-09,STR012,PRD00323,1,361.28,0.0,361.28,188.15,Credit Card,Premium
SAL20250060855,2025-07-17,STR029,PRD00953,4,80.84,0.0,323.36,231.88,UPI,Regular
SAL20250060856,2025-07-01,STR025,PRD00653,1,614.39,0.0,614.39,447.76,UPI,Premium
SAL20250060857,2025-07-23,STR020,PRD00917,1,1441.59,0.0,1441.59,980.83,Cash,Premium
SAL20250060858,2025-07-13,STR003,PRD00715,1,2949.53,0.0,2949.53,1984.0,UPI,Corporate
SAL20250060859,2025-07-07,STR005,PRD01172,1,1132.5,0.0,1132.5,578.06,Debit Card,Walk-in
SAL20250060860,2025-07-14,STR034,PRD00618,1,249.13,0.0,249.13,183.03,UPI,Regular
SAL20250060861,2025-07-27,STR035,PRD00715,1,2949.53,0.0,2949.53,1984.0,Credit Card,Walk-in
SAL20250060862,2025-07-14,STR033,PRD00896,2,255.31,0.0,510.62,290.06,Debit Card,Walk-in
SAL20250060863,2025-07-07,STR027,PRD00437,1,320.21,0.0,320.21,271.12,UPI,Regular
SAL20250060864,2025-07-10,STR005,PRD00680,2,3900.49,0.1,7020.88,5610.0,Credit Card,Regular
SAL20250060865,2025-07-15,STR029,PRD01049,1,225.77,0.0,225.77,137.88,UPI,Regular
SAL20250060866,2025-07-16,STR035,PRD00103,1,4104.09,0.0,4104.09,2941.45,Credit Card,Premium
SAL20250060867,2025-07-20,STR039,PRD01038,5,565.57,0.1,2545.07,1516.7,UPI,Regular
SAL20250060868,2025-07-18,STR012,PRD00827,1,3989.15,0.0,3989.15,2196.59,Credit Card,Regular
SAL20250060869,2025-07-13,STR006,PRD00311,1,936.08,0.0,936.08,578.34,UPI,Regular
SAL20250060870,2025-07-02,STR010,PRD01030,3,525.24,0.0,1575.72,952.71,Debit Card,Regular
SAL20250060871,2025-07-06,STR009,PRD00865,2,2254.56,0.0,4509.12,2847.86,UPI,Regular
SAL20250060872,2025-07-08,STR004,PRD01043,3,134.43,0.0,403.29,241.38,UPI,Walk-in
SAL20250060873,2025-07-13,STR012,PRD00942,2,93.87,0.0,187.74,123.46,UPI,Premium
SAL20250060874,2025-07-25,STR007,PRD01058,1,211.57,0.0,211.57,145.02,Credit Card,Premium
SAL20250060875,2025-07-28,STR033,PRD00087,1,23253.22,0.0,23253.22,15702.94,Debit Card,Regular
SAL20250060876,2025-07-08,STR031,PRD00828,1,765.4,0.05,727.13,443.0,Cash,Regular
SAL20250060877,2025-07-13,STR011,PRD00342,1,1186.13,0.0,1186.13,698.17,Credit Card,Walk-in
SAL20250060878,2025-07-10,STR041,PRD00885,1,1948.54,0.1,1753.69,1253.39,Cash,Walk-in
SAL20250060879,2025-07-30,STR013,PRD00408,1,1017.09,0.0,1017.09,782.92,Cash,Walk-in
SAL20250060880,2025-07-13,STR003,PRD00541,4,685.8,0.0,2743.2,1622.28,Credit Card,Regular
SAL20250060881,2025-07-18,STR008,PRD00946,4,937.06,0.1,3373.42,2102.32,Credit Card,Corporate
SAL20250060882,2025-07-28,STR029,PRD00390,2,1246.69,0.0,2493.38,1570.66,Credit Card,Walk-in
SAL20250060883,2025-07-06,STR019,PRD00209,1,4015.2,0.1,3613.68,2717.92,UPI,Premium
SAL20250060884,2025-07-18,STR037,PRD00997,2,893.9,0.0,1787.8,1249.38,Credit Card,Walk-in
SAL20250060885,2025-07-17,STR023,PRD01131,2,6280.13,0.0,12560.26,6851.06,Credit Card,Regular
SAL20250060886,2025-07-10,STR038,PRD00140,2,6378.06,0.0,12756.12,9703.4,UPI,Walk-in
SAL20250060887,2025-07-27,STR020,PRD00132,1,22943.8,0.0,22943.8,17725.67,UPI,Walk-in
SAL20250060888,2025-07-27,STR016,PRD00304,2,1052.14,0.0,2104.28,1447.62,UPI,Regular
SAL20250060889,2025-07-23,STR023,PRD00400,1,920.96,0.05,874.91,551.48,UPI,Regular
SAL20250060890,2025-07-28,STR003,PRD00010,1,14520.45,0.0,14520.45,11774.44,UPI,Walk-in
SAL20250060891,2025-07-14,STR025,PRD00174,1,698.44,0.0,698.44,523.24,Credit Card,Walk-in
SAL20250060892,2025-07-09,STR009,PRD00956,1,1028.6,0.0,1028.6,572.0,UPI,Corporate
SAL20250060893,2025-07-15,STR041,PRD00711,1,1868.86,0.0,1868.86,1355.68,UPI,Corporate
SAL20250060894,2025-07-01,STR010,PRD00452,1,1046.75,0.1,942.08,879.65,UPI,Regular
SAL20250060895,2025-07-21,STR025,PRD01166,2,3220.85,0.0,6441.7,3320.86,Cash,Walk-in
SAL20250060896,2025-07-22,STR031,PRD01119,1,9164.59,0.0,9164.59,4378.4,UPI,Walk-in
SAL20250060897,2025-07-09,STR028,PRD00980,1,608.25,0.0,608.25,362.26,Debit Card,Regular
SAL20250060898,2025-07-21,STR026,PRD00633,1,365.95,0.0,365.95,212.9,UPI,Premium
SAL20250060899,2025-07-06,STR011,PRD00165,1,10264.9,0.1,9238.41,6671.83,Net Banking,Regular
SAL20250060900,2025-07-28,STR013,PRD00941,1,737.4,0.0,737.4,511.09,Debit Card,Premium
SAL20250060901,2025-07-18,STR029,PRD01149,1,4599.19,0.0,4599.19,2334.77,Net Banking,Regular
SAL20250060902,2025-07-21,STR008,PRD00769,2,1757.79,0.0,3515.58,2484.34,UPI,Regular
SAL20250060903,2025-07-27,STR007,PRD01103,3,5704.94,0.0,17114.82,7178.16,UPI,Regular
SAL20250060904,2025-07-11,STR008,PRD00745,1,2529.52,0.05,2403.04,1829.18,UPI,Premium
SAL20250060905,2025-07-18,STR018,PRD00715,2,2949.53,0.0,5899.06,3968.0,UPI,Walk-in
SAL20250060906,2025-07-21,STR010,PRD00731,2,2513.85,0.0,5027.7,3164.1,UPI,Walk-in
SAL20250060907,2025-07-15,STR028,PRD00345,1,670.76,0.0,670.76,393.88,UPI,Premium
SAL20250060908,2025-07-13,STR020,PRD00155,1,2214.51,0.1,1993.06,1652.19,UPI,Walk-in
SAL20250060909,2025-07-04,STR009,PRD00728,2,5071.72,0.0,10143.44,6019.26,Credit Card,Walk-in
SAL20250060910,2025-07-13,STR031,PRD00685,3,4676.03,0.0,14028.09,8554.92,Cash,Regular
SAL20250060911,2025-07-25,STR031,PRD00575,3,90.77,0.0,272.31,201.24,Debit Card,Premium
SAL20250060912,2025-07-13,STR026,PRD00540,1,550.54,0.0,550.54,388.62,UPI,Corporate
SAL20250060913,2025-07-26,STR013,PRD00480,1,103.25,0.0,103.25,86.17,UPI,Walk-in
SAL20250060914,2025-07-12,STR020,PRD00002,1,1289.58,0.0,1289.58,870.9,Net Banking,Premium
SAL20250060915,2025-07-09,STR017,PRD00273,2,1306.29,0.0,2612.58,1517.74,UPI,Regular
SAL20250060916,2025-07-06,STR019,PRD00436,4,630.05,0.05,2394.19,2030.8,UPI,Regular
SAL20250060917,2025-07-31,STR024,PRD00912,1,532.47,0.0,532.47,306.3,Credit Card,Regular
SAL20250060918,2025-07-18,STR006,PRD01068,1,5954.4,0.0,5954.4,3495.2,Debit Card,Regular
SAL20250060919,2025-07-29,STR041,PRD00440,4,366.81,0.0,1467.24,1283.32,Credit Card,Regular
SAL20250060920,2025-07-23,STR017,PRD00890,1,891.3,0.0,891.3,535.93,UPI,Walk-in
SAL20250060921,2025-07-31,STR028,PRD00315,3,452.88,0.0,1358.64,844.32,UPI,Premium
SAL20250060922,2025-07-11,STR033,PRD00234,1,3859.31,0.0,3859.31,2374.04,UPI,Walk-in
SAL20250060923,2025-07-17,STR039,PRD01068,2,5954.4,0.0,11908.8,6990.4,Credit Card,Regular
SAL20250060924,2025-07-16,STR013,PRD00762,1,1596.23,0.0,1596.23,909.86,UPI,Regular
SAL20250060925,2025-07-04,STR002,PRD00298,1,1012.57,0.0,1012.57,666.12,UPI,Regular
SAL20250060926,2025-07-28,STR008,PRD00551,2,585.58,0.0,1171.16,861.14,Cash,Premium
SAL20250060927,2025-07-21,STR024,PRD00856,1,1871.17,0.0,1871.17,1212.57,UPI,Walk-in
SAL20250060928,2025-07-28,STR021,PRD01164,1,2114.79,0.0,2114.79,1108.71,Debit Card,Walk-in
SAL20250060929,2025-07-21,STR002,PRD00613,5,239.41,0.0,1197.05,893.05,UPI,Regular
SAL20250060930,2025-07-15,STR033,PRD00896,1,255.31,0.0,255.31,145.03,UPI,Walk-in
SAL20250060931,2025-07-01,STR041,PRD00636,6,685.82,0.0,4114.92,2714.64,Debit Card,Walk-in
SAL20250060932,2025-07-03,STR023,PRD00351,2,802.18,0.0,1604.36,1006.48,UPI,Regular
SAL20250060933,2025-07-20,STR024,PRD00176,1,4757.11,0.0,4757.11,2887.26,Cash,Walk-in
SAL20250060934,2025-07-29,STR040,PRD00211,1,6731.6,0.1,6058.44,4925.05,UPI,Walk-in
SAL20250060935,2025-07-07,STR006,PRD00046,1,12754.14,0.0,12754.14,8397.4,Credit Card,Regular
SAL20250060936,2025-07-20,STR039,PRD00118,1,13769.46,0.0,13769.46,10543.97,Net Banking,Regular
SAL20250060937,2025-07-21,STR008,PRD00503,1,634.01,0.0,634.01,525.79,UPI,Walk-in
SAL20250060938,2025-07-13,STR008,PRD00300,1,1106.33,0.0,1106.33,601.1,UPI,Premium
SAL20250060939,2025-07-09,STR002,PRD00967,1,44.43,0.05,42.21,28.54,Debit Card,Regular
SAL20250060940,2025-07-17,STR012,PRD00467,3,528.8,0.1,1427.76,1359.15,UPI,Regular
SAL20250060941,2025-07-12,STR036,PRD00698,1,1659.66,0.0,1659.66,1094.59,UPI,Walk-in
SAL20250060942,2025-07-23,STR019,PRD00677,3,1193.37,0.0,3580.11,2500.47,Credit Card,Premium
SAL20250060943,2025-07-19,STR035,PRD00922,1,953.09,0.0,953.09,628.16,Credit Card,Walk-in
SAL20250060944,2025-07-07,STR001,PRD00273,4,1306.29,0.05,4963.9,3035.48,Debit Card,Regular
SAL20250060945,2025-07-27,STR009,PRD01005,1,682.39,0.0,682.39,475.7,UPI,Walk-in
SAL20250060946,2025-07-06,STR037,PRD00488,1,995.48,0.1,895.93,835.86,UPI,Regular
SAL20250060947,2025-07-18,STR006,PRD00612,4,287.57,0.05,1092.77,849.72,Cash,Regular
SAL20250060948,2025-07-30,STR025,PRD00700,2,4752.07,0.0,9504.14,5729.26,UPI,Regular
SAL20250060949,2025-07-16,STR007,PRD01008,3,227.58,0.0,682.74,426.0,Credit Card,Regular
SAL20250060950,2025-07-17,STR017,PRD01048,2,623.5,0.0,1247.0,830.38,UPI,Regular
SAL20250060951,2025-07-02,STR031,PRD00275,1,1560.95,0.0,1560.95,847.9,UPI,Corporate
SAL20250060952,2025-07-26,STR040,PRD00728,1,5071.72,0.1,4564.55,3009.63,UPI,Corporate
SAL20250060953,2025-07-19,STR030,PRD00449,4,236.21,0.1,850.36,796.56,Credit Card,Corporate
SAL20250060954,2025-07-13,STR010,PRD00545,2,450.85,0.0,901.7,504.9,Credit Card,Walk-in
SAL20250060955,2025-07-21,STR009,PRD00973,3,291.44,0.0,874.32,470.73,Cash,Walk-in
SAL20250060956,2025-07-06,STR022,PRD00323,1,361.28,0.0,361.28,188.15,UPI,Regular
SAL20250060957,2025-07-23,STR038,PRD00603,2,196.91,0.0,393.82,261.92,Credit Card,Regular
SAL20250060958,2025-07-06,STR036,PRD00864,2,1725.02,0.0,3450.04,2236.12,Credit Card,Regular
SAL20250060959,2025-07-24,STR041,PRD01055,4,428.04,0.0,1712.16,1066.28,UPI,Walk-in
SAL20250060960,2025-07-02,STR021,PRD01199,3,6549.57,0.0,19648.71,10189.95,Net Banking,Regular
SAL20250060961,2025-07-13,STR029,PRD00108,1,22607.14,0.0,22607.14,15802.22,Debit Card,Premium
SAL20250060962,2025-07-08,STR021,PRD00114,1,17643.2,0.0,17643.2,12306.0,UPI,Walk-in
SAL20250060963,2025-07-01,STR002,PRD01189,1,5263.0,0.0,5263.0,2237.37,Credit Card,Walk-in
SAL20250060964,2025-07-15,STR041,PRD00665,2,157.57,0.05,299.38,206.28,UPI,Premium
SAL20250060965,2025-07-11,STR005,PRD00148,1,6813.06,0.0,6813.06,4694.28,Credit Card,Regular
SAL20250060966,2025-07-27,STR003,PRD00716,3,1780.84,0.1,4808.27,3022.38,Debit Card,Premium
SAL20250060967,2025-07-02,STR005,PRD01113,3,4340.13,0.0,13020.39,6047.76,UPI,Walk-in
SAL20250060968,2025-07-27,STR030,PRD00739,2,2279.96,0.05,4331.92,3082.84,Credit Card,Regular
SAL20250060969,2025-07-17,STR033,PRD00118,1,13769.46,0.0,13769.46,10543.97,UPI,Regular
SAL20250060970,2025-07-29,STR026,PRD00618,3,249.13,0.0,747.39,549.09,Debit Card,Regular
SAL20250060971,2025-07-20,STR020,PRD00619,1,215.37,0.0,215.37,139.33,UPI,Walk-in
SAL20250060972,2025-07-22,STR024,PRD01179,1,3455.57,0.0,3455.57,2074.52,Credit Card,Premium
SAL20250060973,2025-07-07,STR004,PRD01118,2,5734.69,0.0,11469.38,6742.2,UPI,Walk-in
SAL20250060974,2025-07-03,STR031,PRD00043,1,22998.01,0.05,21848.11,15302.97,UPI,Regular
SAL20250060975,2025-07-26,STR027,PRD00853,1,3236.74,0.1,2913.07,1868.14,UPI,Premium
SAL20250060976,2025-07-27,STR004,PRD00763,1,3968.33,0.1,3571.5,2850.9,Net Banking,Regular
SAL20250060977,2025-07-18,STR006,PRD01077,1,8389.04,0.0,8389.04,3493.39,UPI,Regular
SAL20250060978,2025-07-26,STR017,PRD01004,1,128.91,0.0,128.91,65.93,UPI,Regular
SAL20250060979,2025-07-27,STR010,PRD01143,1,5565.18,0.05,5286.92,3157.32,Cash,Walk-in
SAL20250060980,2025-07-28,STR029,PRD00362,4,1120.03,0.1,4032.11,2130.04,Debit Card,Regular
SAL20250060981,2025-07-21,STR018,PRD00217,1,8159.94,0.1,7343.95,5298.43,Cash,Walk-in
SAL20250060982,2025-07-24,STR005,PRD00675,2,1206.06,0.0,2412.12,1516.86,Credit Card,Walk-in
SAL20250060983,2025-07-01,STR020,PRD00067,1,3694.12,0.0,3694.12,2694.72,UPI,Regular
SAL20250060984,2025-07-30,STR041,PRD01110,1,1048.97,0.0,1048.97,581.11,Cash,Regular
SAL20250060985,2025-07-29,STR019,PRD00251,1,10660.28,0.1,9594.25,7306.06,UPI,Walk-in
SAL20250060986,2025-07-02,STR039,PRD01150,2,4074.75,0.0,8149.5,4744.08,Credit Card,Regular
SAL20250060987,2025-07-16,STR025,PRD00858,4,1066.62,0.0,4266.48,2780.64,UPI,Regular
SAL20250060988,2025-07-13,STR021,PRD00675,4,1206.06,0.0,4824.24,3033.72,UPI,Regular
SAL20250060989,2025-07-18,STR034,PRD00441,1,853.01,0.0,853.01,707.08,Net Banking,Walk-in
SAL20250060990,2025-07-26,STR027,PRD00386,3,1129.86,0.0,3389.58,2162.34,Net Banking,Corporate
SAL20250060991,2025-07-21,STR005,PRD00997,1,893.9,0.0,893.9,624.69,Credit Card,Regular
SAL20250060992,2025-07-11,STR011,PRD00799,1,3907.93,0.0,3907.93,2458.58,Cash,Regular
SAL20250060993,2025-07-13,STR037,PRD00167,1,8410.2,0.0,8410.2,5523.21,Debit Card,Regular
SAL20250060994,2025-07-21,STR016,PRD01054,1,256.04,0.0,256.04,167.96,UPI,Walk-in
SAL20250060995,2025-07-21,STR039,PRD01176,2,5880.6,0.0,11761.2,7038.66,UPI,Walk-in
SAL20250060996,2025-07-25,STR041,PRD00517,5,252.82,0.1,1137.69,1015.15,UPI,Walk-in
SAL20250060997,2025-07-25,STR020,PRD00261,2,8333.44,0.0,16666.88,10237.02,Credit Card,Regular
SAL20250060998,2025-07-31,STR023,PRD00594,1,129.17,0.1,116.25,81.33,UPI,Regular
SAL20250060999,2025-07-06,STR022,PRD01043,3,134.43,0.0,403.29,241.38,UPI,Walk-in
SAL20250061000,2025-07-18,STR035,PRD00331,1,133.4,0.0,133.4,89.83,Debit Card,Corporate
SAL20250061001,2025-07-14,STR035,PRD00809,1,1418.3,0.0,1418.3,895.74,UPI,Regular
SAL20250061002,2025-07-04,STR011,PRD00157,1,5982.96,0.0,5982.96,4355.19,Net Banking,Regular
SAL20250061003,2025-07-28,STR034,PRD01002,4,98.3,0.1,353.88,222.76,UPI,Premium
SAL20250061004,2025-07-30,STR026,PRD00302,2,486.18,0.0,972.36,450.18,UPI,Regular
SAL20250061005,2025-07-09,STR020,PRD00130,1,17171.37,0.0,17171.37,12882.58,Cash,Walk-in
SAL20250061006,2025-07-15,STR039,PRD00333,1,1043.83,0.0,1043.83,554.4,UPI,Walk-in
SAL20250061007,2025-07-27,STR026,PRD00209,1,4015.2,0.0,4015.2,2717.92,Debit Card,Walk-in
SAL20250061008,2025-07-01,STR004,PRD01175,1,2568.19,0.0,2568.19,1572.7,UPI,Walk-in
SAL20250061009,2025-07-12,STR018,PRD00543,1,579.45,0.0,579.45,425.23,Credit Card,Regular
SAL20250061010,2025-07-13,STR012,PRD00042,1,15775.49,0.05,14986.72,11939.67,UPI,Regular
SAL20250061011,2025-07-29,STR024,PRD00764,1,3332.71,0.1,2999.44,1836.11,Credit Card,Regular
SAL20250061012,2025-07-13,STR028,PRD00811,1,243.22,0.05,231.06,140.95,Credit Card,Premium
SAL20250061013,2025-07-29,,PRD00412,1,576.41,0.0,576.41,454.75,UPI,Walk-in
SAL20250061014,2025-07-13,STR038,PRD01044,1,762.23,0.0,762.23,544.48,UPI,Walk-in
SAL20250061015,2025-07-26,STR023,PRD00935,3,821.43,0.0,2464.29,1758.3,Debit Card,Premium
SAL20250061016,2025-07-08,STR015,PRD00841,2,1965.17,0.1,3537.31,2676.52,UPI,Walk-in
SAL20250061017,2025-07-30,STR035,PRD01004,2,128.91,0.1,232.04,131.86,UPI,Regular
SAL20250061018,2025-07-24,STR002,PRD00011,1,13229.12,0.05,12567.66,9834.69,UPI,Regular
SAL20250061019,2025-07-23,STR020,PRD00316,1,924.22,0.0,924.22,589.52,UPI,Walk-in
SAL20250061020,2025-07-10,STR016,PRD00132,1,22943.8,0.0,22943.8,17725.67,UPI,Regular
SAL20250061021,2025-07-11,STR030,PRD00244,1,9135.72,0.0,9135.72,5766.93,Credit Card,Premium
SAL20250061022,2025-07-24,STR025,PRD00702,2,1394.73,0.0,2789.46,1977.28,UPI,Regular
SAL20250061023,2025-07-20,STR013,PRD00931,4,1839.81,0.0,7359.24,4987.52,UPI,Regular
SAL20250061024,2025-07-02,STR025,PRD00849,2,315.58,0.0,631.16,423.56,Net Banking,Premium
SAL20250061025,2025-07-18,STR003,PRD00705,2,488.73,0.0,977.46,656.86,Cash,Walk-in
SAL20250061026,2025-07-17,STR019,PRD00843,4,1073.63,0.0,4294.52,2757.84,Net Banking,Regular
SAL20250061027,2025-07-20,STR019,PRD01007,3,886.03,0.0,2658.09,1507.14,Credit Card,Walk-in
SAL20250061028,2025-07-25,STR039,PRD00199,1,1863.27,0.1,1676.94,1335.3,UPI,Corporate
SAL20250061029,2025-07-25,STR012,PRD00191,1,7660.03,0.0,7660.03,5198.25,Debit Card,Regular
SAL20250061030,2025-07-05,STR038,PRD00073,1,23649.92,0.0,23649.92,17123.4,Credit Card,Corporate
SAL20250061031,2025-07-02,STR007,PRD00642,1,467.68,0.0,467.68,290.22,UPI,Premium
SAL20250061032,2025-07-09,STR003,PRD00575,2,90.77,0.0,181.54,134.16,Credit Card,Regular
SAL20250061033,2025-07-08,STR014,PRD00946,2,937.06,0.0,1874.12,1051.16,Credit Card,Walk-in
SAL20250061034,2025-07-16,STR039,PRD01158,3,7747.18,0.0,23241.54,12531.84,Debit Card,Regular
SAL20250061035,2025-07-07,STR039,PRD00718,2,2341.08,0.1,4213.94,3351.98,Credit Card,Regular
SAL20250061036,2025-07-10,STR025,PRD00785,1,4604.98,0.0,4604.98,2754.83,UPI,Walk-in
SAL20250061037,2025-07-02,STR007,PRD00288,1,827.89,0.0,827.89,439.36,Credit Card,Corporate
SAL20250061038,2025-07-23,STR011,PRD00381,1,931.15,0.0,931.15,531.28,UPI,Regular
SAL20250061039,2025-07-16,STR027,PRD01001,4,315.54,0.05,1199.05,713.48,Credit Card,Walk-in
SAL20250061040,2025-07-08,STR003,PRD00617,3,496.18,0.05,1414.11,1089.03,Cash,Regular
SAL20250061041,2025-07-01,STR036,PRD01015,1,771.47,0.05,732.9,541.12,Cash,Walk-in
SAL20250061042,2025-07-07,STR017,PRD00290,2,747.46,0.05,1420.17,956.64,UPI,Corporate
SAL20250061043,2025-07-14,STR028,PRD00682,1,3799.71,0.0,3799.71,2447.28,Cash,Regular
SAL20250061044,2025-07-15,STR030,PRD00236,1,5591.1,0.0,5591.1,3989.78,Credit Card,Regular
SAL20250061045,2025-07-16,STR036,PRD00861,4,3212.99,0.05,12209.36,7095.2,UPI,Regular
SAL20250061046,2025-07-31,STR028,PRD00181,1,4428.73,0.0,4428.73,3239.36,UPI,Walk-in
SAL20250061047,2025-07-23,STR020,PRD00491,6,675.67,0.0,4054.02,3160.26,UPI,Corporate
SAL20250061048,2025-07-15,STR011,PRD00754,2,372.52,0.05,707.79,441.76,UPI,Regular
SAL20250061049,2025-07-19,STR025,PRD00753,2,4495.87,0.1,8092.57,5243.44,UPI,Regular
SAL20250061050,2025-07-12,STR001,PRD00499,5,309.01,0.05,1467.8,1327.7,UPI,Walk-in
SAL20250061051,2025-07-27,STR024,PRD01103,1,5704.94,0.0,5704.94,2392.72,UPI,Regular
SAL20250061052,2025-07-08,STR032,PRD00929,1,3367.15,0.0,3367.15,2036.24,UPI,Regular
SAL20250061053,2025-07-12,STR041,PRD00843,1,1073.63,0.0,1073.63,689.46,UPI,Walk-in
SAL20250061054,2025-07-02,STR008,PRD00706,1,3862.25,0.0,3862.25,2444.01,Cash,Walk-in
SAL20250061055,2025-07-10,STR031,PRD00120,1,22170.49,0.0,22170.49,16305.22,Debit Card,Regular
SAL20250061056,2025-07-18,STR037,PRD00040,1,26675.54,0.0,26675.54,17487.01,Credit Card,Corporate
SAL20250061057,2025-07-06,STR008,PRD00811,1,243.22,0.0,243.22,140.95,UPI,Regular
SAL20250061058,2025-07-31,STR011,PRD00885,1,1948.54,0.05,1851.11,1253.39,Debit Card,Regular
SAL20250061059,2025-07-16,STR036,PRD00385,1,460.87,0.0,460.87,278.52,UPI,Regular
SAL20250061060,2025-07-01,STR038,PRD00138,1,3460.02,0.0,3460.02,2661.97,UPI,Regular
SAL20250061061,2025-07-26,STR020,PRD00368,2,927.52,0.0,1855.04,1175.86,UPI,Regular
SAL20250061062,2025-07-29,STR027,PRD00461,2,198.22,0.0,396.44,338.9,Debit Card,Walk-in
SAL20250061063,2025-07-13,STR001,PRD00096,2,1587.91,0.0,3175.82,2309.38,UPI,Walk-in
SAL20250061064,2025-07-05,STR014,PRD01028,3,93.34,0.0,280.02,144.3,Credit Card,Regular
SAL20250061065,2025-07-17,STR019,PRD00160,2,7937.44,0.0,15874.88,9616.98,Debit Card,Walk-in
SAL20250061066,2025-07-26,STR019,PRD00787,1,291.05,0.1,261.94,189.14,UPI,Regular
SAL20250061067,2025-07-31,STR035,PRD00682,1,3799.71,0.0,3799.71,2447.28,Net Banking,Regular
SAL20250061068,2025-07-17,STR018,PRD01095,1,4795.88,0.05,4556.09,2620.97,Credit Card,Regular
SAL20250061069,2025-07-27,STR009,PRD01090,1,4828.9,0.0,4828.9,3064.56,UPI,Walk-in
SAL20250061070,2025-07-23,STR030,PRD00210,1,8463.87,0.0,8463.87,5533.2,UPI,Regular
SAL20250061071,2025-07-31,STR016,PRD00626,1,125.9,0.0,125.9,75.93,Cash,Walk-in
SAL20250061072,2025-07-03,STR040,PRD00100,3,14294.81,0.0,42884.43,29324.58,UPI,Regular
SAL20250061073,2025-07-16,,PRD00333,1,1043.83,0.1,939.45,554.4,UPI,Regular
SAL20250061074,2025-07-02,STR031,PRD01068,1,5954.4,0.0,5954.4,3495.2,Credit Card,Walk-in
SAL20250061075,2025-07-01,STR024,PRD00655,1,75.89,0.0,75.89,47.15,UPI,Premium
SAL20250061076,2025-07-30,STR004,PRD00930,1,4102.13,0.0,4102.13,2365.34,Cash,Walk-in
SAL20250061077,2025-07-17,STR008,PRD00815,1,2750.26,0.0,2750.26,1847.59,Credit Card,Walk-in
SAL20250061078,2025-07-04,STR035,PRD01013,1,214.89,0.1,193.4,148.24,Debit Card,Regular
SAL20250061079,2025-07-21,STR014,PRD00588,5,125.09,0.0,625.45,451.95,UPI,Walk-in
SAL20250061080,2025-07-28,STR035,PRD00468,2,180.53,0.0,361.06,296.64,UPI,Regular
SAL20250061081,2025-07-26,STR005,PRD00113,1,16350.49,0.0,16350.49,11876.29,UPI,Regular
SAL20250061082,2025-07-05,STR032,PRD00569,2,219.4,0.05,416.86,286.6,UPI,Premium
SAL20250061083,2025-07-08,STR008,PRD00465,10,578.8,0.0,5788.0,4428.0,Net Banking,Walk-in
SAL20250061084,2025-07-19,STR039,PRD00984,1,34.1,0.0,34.1,20.02,Credit Card,Walk-in
SAL20250061085,2025-07-29,STR006,PRD01108,1,4924.79,0.05,4678.55,2289.5,Credit Card,Regular
SAL20250061086,2025-07-22,STR001,PRD00500,1,936.13,0.0,936.13,757.53,UPI,Regular
SAL20250061087,2025-07-19,STR026,PRD01168,1,4286.69,0.0,4286.69,2474.04,UPI,Regular
SAL20250061088,2025-07-13,STR012,PRD00489,4,850.74,0.0,3402.96,2763.52,UPI,Walk-in
SAL20250061089,2025-07-09,STR011,PRD00290,3,747.46,0.05,2130.26,1434.96,Credit Card,Regular
SAL20250061090,2025-07-15,STR033,PRD00896,1,255.31,0.0,255.31,145.03,UPI,Walk-in
SAL20250061091,2025-07-28,STR036,PRD00745,1,2529.52,0.0,2529.52,1829.18,Debit Card,Regular
SAL20250061092,2025-07-02,STR026,PRD00450,2,377.7,0.0,755.4,581.08,Cash,Regular
SAL20250061093,2025-07-09,STR035,PRD01076,1,4373.35,0.05,4154.68,2595.55,UPI,Regular
SAL20250061094,2025-07-31,STR028,PRD00845,1,2226.26,0.0,2226.26,1523.41,Debit Card,Walk-in
SAL20250061095,2025-07-04,STR036,PRD00309,1,1344.75,0.0,1344.75,637.15,Debit Card,Corporate
SAL20250061096,2025-07-03,STR040,PRD00611,1,51.03,0.0,51.03,37.81,UPI,Regular
SAL20250061097,2025-07-05,STR010,PRD00421,3,579.98,0.0,1739.94,1459.5,Debit Card,Regular
SAL20250061098,2025-07-22,STR010,PRD00745,1,2529.52,0.0,2529.52,1829.18,UPI,Regular
SAL20250061099,2025-07-24,STR005,PRD00104,1,21587.41,0.05,20508.04,17582.83,UPI,Regular
SAL20250061100,2025-07-04,STR012,PRD00097,1,19452.93,0.0,19452.93,14437.86,Credit Card,Walk-in
SAL20250061101,2025-07-11,STR031,PRD00855,1,2084.62,0.0,2084.62,1525.55,UPI,Walk-in
SAL20250061102,2025-07-01,STR003,PRD01051,1,694.43,0.0,694.43,354.19,UPI,Regular
SAL20250061103,2025-07-28,STR039,PRD00174,1,698.44,0.0,698.44,523.24,UPI,Regular
SAL20250061104,2025-07-25,STR013,PRD00633,1,365.95,0.0,365.95,212.9,Debit Card,Walk-in
SAL20250061105,2025-07-07,STR002,PRD00937,2,262.48,0.0,524.96,355.12,UPI,Corporate
SAL20250061106,2025-07-11,STR021,PRD00405,1,917.35,0.0,917.35,803.86,UPI,Regular
SAL20250061107,2025-07-09,STR028,PRD00435,1,718.79,0.1,646.91,584.17,Credit Card,Regular
SAL20250061108,2025-07-29,STR002,PRD00271,3,660.1,0.0,1980.3,1255.8,UPI,Regular
SAL20250061109,2025-07-08,STR003,PRD00321,1,1442.95,0.0,1442.95,715.49,Debit Card,Premium
SAL20250061110,2025-07-08,STR025,PRD00666,2,224.43,0.0,448.86,325.42,UPI,Walk-in
SAL20250061111,2025-07-05,STR033,PRD00656,5,201.0,0.0,1005.0,705.5,Credit Card,Regular
SAL20250061112,2025-07-06,STR013,PRD00218,1,7357.64,0.0,7357.64,5051.02,UPI,Premium
SAL20250061113,2025-07-22,STR009,PRD00848,2,2441.1,0.05,4638.09,3232.64,UPI,Walk-in
SAL20250061114,2025-07-15,STR011,PRD01126,1,2931.04,0.05,2784.49,1651.37,Net Banking,Regular
SAL20250061115,2025-07-16,STR026,PRD00258,1,2441.64,0.0,2441.64,1594.77,Cash,Regular
SAL20250061116,2025-07-15,STR001,PRD00119,1,21410.34,0.0,21410.34,16034.57,UPI,Regular
SAL20250061117,2025-07-02,STR009,PRD00864,2,1725.02,0.0,3450.04,2236.12,Net Banking,Regular
SAL20250061118,2025-07-19,STR013,PRD00083,1,9369.31,0.0,9369.31,6462.27,UPI,Walk-in
SAL20250061119,2025-07-19,STR001,PRD00865,1,2254.56,0.0,2254.56,1423.93,UPI,Regular
SAL20250061120,2025-07-26,STR022,PRD00860,1,694.13,0.0,694.13,417.51,UPI,Walk-in
SAL20250061121,2025-07-08,STR040,PRD00043,2,22998.01,0.0,45996.02,30605.94,Credit Card,Walk-in
SAL20250061122,2025-07-09,STR039,PRD00372,1,542.7,0.0,542.7,275.98,Credit Card,Regular
SAL20250061123,2025-07-06,STR005,PRD00136,1,8242.41,0.0,8242.41,5641.21,UPI,Walk-in
SAL20250061124,2025-07-28,STR029,PRD00996,-3,577.22,0.05,-1645.08,988.17,Net Banking,Regular
SAL20250061125,2025-07-03,STR013,PRD00034,1,761.93,0.0,761.93,520.56,Credit Card,Walk-in
SAL20250061126,2025-07-18,STR004,PRD00850,1,1897.52,0.0,1897.52,1235.07,UPI,Walk-in
SAL20250061127,2025-07-15,STR031,PRD00459,2,918.25,0.0,1836.5,1470.02,Credit Card,Walk-in
SAL20250061128,2025-07-25,STR010,PRD00447,1,458.65,0.1,412.78,355.66,UPI,Regular
SAL20250061129,2025-07-19,STR021,PRD00314,4,610.16,0.0,2440.64,1489.64,Credit Card,Regular
SAL20250061130,2025-07-05,STR011,PRD00772,1,988.94,0.0,988.94,659.49,Cash,Walk-in
SAL20250061131,2025-07-15,STR010,PRD00698,1,1659.66,0.0,1659.66,1094.59,UPI,Regular
SAL20250061132,2025-07-04,STR008,PRD00013,1,17378.5,0.0,17378.5,12862.09,UPI,Regular
SAL20250061133,2025-07-08,STR016,PRD00897,2,3626.87,0.05,6891.05,4738.42,Credit Card,Regular
SAL20250061134,2025-07-25,STR019,PRD00507,4,259.46,0.0,1037.84,861.4,Debit Card,Regular
SAL20250061135,2025-07-14,STR033,PRD00184,1,3565.48,0.0,3565.48,2588.7,Cash,Premium
SAL20250061136,2025-07-10,STR017,PRD00241,1,7381.55,0.0,7381.55,5583.94,Credit Card,Walk-in
SAL20250061137,2025-07-25,STR027,PRD00554,2,805.55,0.0,1611.1,932.82,Cash,Walk-in
SAL20250061138,2025-07-28,STR037,PRD01074,3,6150.42,0.0,18451.26,9807.45,Credit Card,Regular
SAL20250061139,2025-07-13,STR032,PRD01108,1,4924.79,0.0,4924.79,2289.5,UPI,Regular
SAL20250061140,2025-07-21,STR035,PRD00061,1,7691.1,0.0,7691.1,5309.86,UPI,Premium
SAL20250061141,2025-07-21,STR015,PRD00077,2,14848.8,0.0,29697.6,24154.42,UPI,Walk-in
SAL20250061142,2025-07-26,STR028,PRD00464,1,598.64,0.0,598.64,458.49,UPI,Regular
SAL20250061143,2025-07-25,STR030,PRD00024,1,23723.95,0.0,23723.95,15500.24,UPI,Regular
SAL20250061144,2025-07-21,STR004,PRD00280,1,605.7,0.0,605.7,311.37,UPI,Premium
SAL20250061145,2025-07-19,STR034,PRD00627,1,670.0,0.0,670.0,403.71,Debit Card,Walk-in
SAL20250061146,2025-07-14,STR030,PRD00893,2,963.04,0.0,1926.08,1206.1,Cash,Walk-in
SAL20250061147,2025-07-14,STR037,PRD00556,2,634.75,0.0,1269.5,941.96,UPI,Regular
SAL20250061148,2025-07-11,STR032,PRD01106,2,3135.75,0.0,6271.5,3338.32,UPI,Regular
SAL20250061149,2025-07-04,STR015,PRD01054,1,256.04,0.0,256.04,167.96,Credit Card,Regular
SAL20250061150,2025-07-29,STR006,PRD01157,3,8076.82,0.0,24230.46,12796.23,UPI,Premium
SAL20250061151,2025-07-13,STR031,PRD00150,1,1288.03,0.0,1288.03,897.46,UPI,Regular
SAL20250061152,2025-07-16,STR016,PRD00894,1,2403.9,0.0,2403.9,1608.16,Debit Card,Regular
SAL20250061153,2025-07-07,STR034,PRD00706,1,3862.25,0.1,3476.03,2444.01,UPI,Premium
SAL20250061154,2025-07-27,STR040,PRD00944,10,197.23,0.0,1972.3,1278.2,Credit Card,Regular
SAL20250061155,2025-07-18,STR003,PRD00991,2,894.61,0.0,1789.22,1029.06,Credit Card,Regular
SAL20250061156,2025-07-12,STR002,PRD00080,1,17292.25,0.0,17292.25,13027.41,Debit Card,Walk-in
SAL20250061157,2025-07-26,STR004,PRD00906,2,3449.48,0.0,6898.96,4232.44,UPI,Regular
SAL20250061158,2025-07-12,STR024,PRD00381,3,931.15,0.05,2653.78,1593.84,Debit Card,Walk-in
SAL20250061159,2025-07-14,STR022,PRD01063,4,747.32,0.0,2989.28,1953.56,UPI,Regular
SAL20250061160,2025-07-08,STR021,PRD00963,1,93.93,0.0,93.93,63.76,Cash,Walk-in
SAL20250061161,2025-07-09,STR038,PRD00320,2,273.23,0.0,546.46,299.98,UPI,Corporate
SAL20250061162,2025-07-14,STR003,PRD00326,2,1442.32,0.0,2884.64,1362.86,UPI,Regular
SAL20250061163,2025-07-26,STR013,PRD00263,1,3207.01,0.0,3207.01,2439.1,Credit Card,Walk-in
SAL20250061164,2025-07-17,STR035,PRD00458,2,587.81,0.0,1175.62,891.84,Debit Card,Walk-in
SAL20250061165,2025-07-12,STR041,PRD00468,4,180.53,0.0,722.12,593.28,UPI,Corporate
SAL20250061166,2025-07-20,STR015,PRD00572,4,728.84,0.05,2769.59,1875.36,UPI,Regular
SAL20250061167,2025-07-14,STR025,PRD00380,2,304.64,0.0,609.28,421.0,Debit Card,Premium
SAL20250061168,2025-07-28,STR003,PRD01050,1,562.12,0.0,562.12,329.14,Net Banking,Regular
SAL20250061169,2025-07-17,STR018,PRD00239,1,6180.81,0.0,6180.81,4556.06,UPI,Premium
SAL20250061170,2025-07-13,STR041,PRD00414,10,546.79,0.0,5467.9,4253.2,Cash,Regular
SAL20250061171,2025-07-12,STR008,PRD00075,1,9132.03,0.1,8218.83,7042.59,UPI,Regular
SAL20250061172,2025-07-06,STR030,PRD00421,5,579.98,0.0,2899.9,2432.5,UPI,Walk-in
SAL20250061173,2025-07-12,STR005,PRD00720,2,3749.56,0.0,7499.12,4209.9,UPI,Regular
SAL20250061174,2025-07-07,STR004,PRD00323,1,361.28,0.0,361.28,188.15,Credit Card,Corporate
SAL20250061175,2025-07-10,STR014,PRD01022,3,1023.04,0.0,3069.12,1885.53,UPI,Premium
SAL20250061176,2025-07-25,STR027,PRD01056,1,449.88,0.0,449.88,302.01,Debit Card,Premium
SAL20250061177,2025-07-12,STR023,PRD00478,1,959.84,0.0,959.84,812.26,Debit Card,Walk-in
SAL20250061178,2025-07-24,STR036,PRD00826,3,174.23,0.0,522.69,360.6,Credit Card,Walk-in
SAL20250061179,2025-07-13,STR033,PRD00019,1,9063.53,0.0,9063.53,6399.55,Debit Card,Walk-in
SAL20250061180,2025-07-13,STR032,PRD01045,2,910.12,0.0,1820.24,942.48,UPI,Walk-in
SAL20250061181,2025-07-10,STR029,PRD00126,1,8140.39,0.0,8140.39,6131.32,Cash,Regular
SAL20250061182,2025-07-08,STR017,PRD01162,2,3657.07,0.0,7314.14,4034.58,UPI,Regular
SAL20250061183,2025-07-29,STR002,PRD00398,1,358.79,0.0,358.79,173.35,UPI,Regular
SAL20250061184,2025-07-09,STR011,PRD00733,1,3579.07,0.0,3579.07,2186.97,Debit Card,Walk-in
SAL20250061185,2025-07-04,STR025,PRD00646,3,108.22,0.1,292.19,197.37,UPI,Premium
SAL20250061186,2025-07-17,STR011,PRD00547,4,105.91,0.0,423.64,305.08,UPI,Walk-in
SAL20250061187,2025-07-20,STR001,PRD00208,1,2761.76,0.0,2761.76,2051.3,Net Banking,Walk-in
SAL20250061188,2025-07-29,STR037,PRD00747,2,1306.66,0.0,2613.32,1920.32,Net Banking,Walk-in
SAL20250061189,2025-07-14,STR020,PRD00269,1,151.87,0.0,151.87,99.82,Credit Card,Regular
SAL20250061190,2025-07-08,STR028,PRD01030,2,525.24,0.0,1050.48,635.14,Credit Card,Corporate
SAL20250061191,2025-07-19,STR034,PRD00330,1,275.94,0.0,275.94,168.86,Credit Card,Walk-in
SAL20250061192,2025-07-07,STR023,PRD00924,1,261.16,0.0,261.16,194.5,UPI,Walk-in
SAL20250061193,2025-07-27,STR030,PRD01080,1,1721.88,0.05,1635.79,771.73,UPI,Walk-in
SAL20250061194,2025-07-26,STR033,PRD00398,1,358.79,0.05,340.85,173.35,Credit Card,Regular
SAL20250061195,2025-07-05,STR041,PRD00393,1,526.25,0.0,526.25,344.18,Credit Card,Regular
SAL20250061196,2025-07-19,STR029,PRD00556,2,634.75,0.05,1206.02,941.96,UPI,Premium
SAL20250061197,2025-07-27,STR038,PRD00044,1,3159.2,0.0,3159.2,2114.03,Debit Card,Premium
SAL20250061198,2025-07-30,STR038,PRD00624,3,124.7,0.05,355.39,261.24,Net Banking,Walk-in
SAL20250061199,2025-07-01,STR003,PRD00694,1,3202.51,0.0,3202.51,2319.01,Debit Card,Regular
SAL20250061200,2025-07-11,STR014,PRD01125,1,3015.8,0.05,2865.01,1423.43,Credit Card,Walk-in
SAL20250061201,2025-07-23,STR004,PRD00874,1,3195.38,0.0,3195.38,2332.48,UPI,Walk-in
SAL20250061202,2025-07-17,STR018,PRD00033,1,2653.86,0.05,2521.17,1783.28,UPI,Walk-in
SAL20250061203,2025-07-12,STR022,PRD01124,1,4813.39,0.0,4813.39,2177.75,UPI,Regular
SAL20250061204,2025-07-26,STR039,PRD00270,1,1213.51,0.0,1213.51,769.06,Credit Card,Regular
SAL20250061205,2025-07-02,STR005,PRD01004,4,128.91,0.0,515.64,263.72,Net Banking,Walk-in
SAL20250061206,2025-07-22,STR007,PRD00596,1,666.12,0.0,666.12,397.91,Credit Card,Regular
SAL20250061207,2025-07-12,STR028,,1,57.11,0.1,51.4,38.86,Credit Card,Regular
SAL20250061208,2025-07-25,STR035,PRD00154,1,614.66,0.1,553.19,476.92,UPI,Premium
SAL20250061209,2025-07-27,STR022,PRD00891,1,506.36,0.0,506.36,373.69,Debit Card,Premium
SAL20250061210,2025-07-16,STR009,PRD00358,1,873.37,0.0,873.37,466.67,Credit Card,Walk-in
SAL20250061211,2025-07-19,STR007,PRD00569,5,219.4,0.1,987.3,716.5,Debit Card,Walk-in
SAL20250061212,2025-07-08,STR038,PRD00542,4,534.65,0.1,1924.74,1367.24,Debit Card,Walk-in
SAL20250061213,2025-07-28,STR016,PRD00246,1,1945.93,0.05,1848.63,1239.78,UPI,Regular
SAL20250061214,2025-07-11,STR008,PRD00850,2,1897.52,0.0,3795.04,2470.14,UPI,Regular
SAL20250061215,2025-07-17,STR017,PRD00148,1,6813.06,0.0,6813.06,4694.28,UPI,Walk-in
SAL20250061216,2025-07-20,STR005,PRD00492,3,431.72,0.1,1165.64,1086.12,UPI,Regular
SAL20250061217,2025-07-08,STR034,PRD00288,3,827.89,0.0,2483.67,1318.08,Net Banking,Walk-in
SAL20250061218,2025-07-25,STR003,PRD00317,1,1393.76,0.0,1393.76,799.47,Debit Card,Regular
SAL20250061219,2025-07-20,STR004,PRD00030,1,17262.94,0.0,17262.94,12589.59,UPI,Walk-in
SAL20250061220,2025-07-24,STR011,PRD01159,1,3270.67,0.0,3270.67,1499.26,UPI,Regular
SAL20250061221,2025-07-15,STR018,PRD00417,1,788.29,0.1,709.46,661.71,Debit Card,Walk-in
SAL20250061222,2025-07-12,STR037,PRD00585,1,401.86,0.0,401.86,289.65,UPI,Regular
SAL20250061223,2025-07-31,STR008,PRD00535,1,314.95,0.0,314.95,224.28,Debit Card,Premium
SAL20250061224,2025-07-06,STR017,PRD00852,1,1751.61,0.0,1751.61,1214.84,Credit Card,Regular
SAL20250061225,2025-07-18,STR007,PRD00224,1,4670.9,0.0,4670.9,3440.61,UPI,Premium
SAL20250061226,2025-07-02,STR037,PRD00158,1,3798.87,0.0,3798.87,2582.44,Debit Card,Regular
SAL20250061227,2025-07-19,STR014,PRD01067,1,922.58,0.0,922.58,564.84,UPI,Regular
SAL20250061228,2025-07-18,STR005,PRD00172,1,7151.58,0.0,7151.58,5253.3,Credit Card,Premium
SAL20250061229,2025-07-16,STR029,PRD00687,1,2662.45,0.0,2662.45,1789.17,UPI,Regular
SAL20250061230,2025-07-17,STR015,PRD00461,1,198.22,0.0,198.22,169.45,Debit Card,Corporate
SAL20250061231,2025-07-29,STR026,PRD00753,1,4495.87,0.0,4495.87,2621.72,Credit Card,Walk-in
SAL20250061232,2025-07-31,STR031,PRD00260,1,8853.62,0.0,8853.62,5607.87,UPI,Corporate
SAL20250061233,2025-07-02,STR035,PRD01168,2,4286.69,0.0,8573.38,4948.08,UPI,Regular
SAL20250061234,2025-07-05,STR021,PRD00805,4,3870.93,0.1,13935.35,8655.24,UPI,Walk-in
SAL20250061235,2025-07-14,STR037,PRD00396,1,713.53,0.0,713.53,454.7,Credit Card,Walk-in
SAL20250061236,2025-07-16,STR030,PRD01086,1,5541.98,0.0,5541.98,3222.42,Cash,Walk-in
SAL20250061237,2025-07-18,STR006,PRD00149,1,3024.83,0.0,3024.83,2041.86,Credit Card,Regular
SAL20250061238,2025-07-07,STR024,PRD00125,2,1511.82,0.0,3023.64,2112.58,Debit Card,Regular
SAL20250061239,2025-07-20,STR039,PRD01111,1,1735.9,0.0,1735.9,955.52,Credit Card,Premium
SAL20250061240,2025-07-11,STR019,PRD00479,4,303.49,0.1,1092.56,1022.44,Net Banking,Regular
SAL20250061241,2025-07-23,STR036,PRD01001,6,315.54,0.0,1893.24,1070.22,Credit Card,Regular
SAL20250061242,2025-07-27,STR025,PRD00207,2,9083.73,0.0,18167.46,13484.28,UPI,Regular
SAL20250061243,2025-07-02,STR021,PRD01100,1,6765.12,0.0,6765.12,4080.87,UPI,Regular
SAL20250061244,2025-07-05,STR006,PRD00010,1,14520.45,0.0,14520.45,11774.44,UPI,Walk-in
SAL20250061245,2025-07-16,STR010,PRD00610,4,637.82,0.0,2551.28,1654.92,Debit Card,Walk-in
SAL20250061246,2025-07-06,STR036,PRD00235,1,11077.6,0.0,11077.6,6683.62,Credit Card,Regular
SAL20250061247,2025-07-29,STR016,PRD00807,1,667.9,0.0,667.9,429.52,UPI,Regular
SAL20250061248,2025-07-08,STR031,PRD00574,2,560.83,0.0,1121.66,677.12,UPI,Premium
SAL20250061249,2025-07-23,STR014,PRD00258,1,2441.64,0.0,2441.64,1594.77,Debit Card,Walk-in
SAL20250061250,2025-07-07,STR022,PRD01183,1,7827.71,0.0,7827.71,3332.0,UPI,Regular
SAL20250061251,2025-07-30,STR014,PRD00302,2,486.18,0.0,972.36,450.18,Debit Card,Walk-in
SAL20250061252,2025-07-18,STR009,PRD00874,1,3195.38,0.0,3195.38,2332.48,UPI,Regular
SAL20250061253,2025-07-18,STR038,PRD01027,1,412.95,0.0,412.95,225.72,UPI,Premium
SAL20250061254,2025-07-12,STR030,PRD00248,1,9547.84,0.0,9547.84,6877.51,Debit Card,Regular
SAL20250061255,2025-07-24,STR025,PRD00152,2,8357.62,0.05,15879.48,10843.64,Credit Card,Regular
SAL20250061256,2025-07-24,STR014,PRD00835,3,1480.55,0.0,4441.65,3024.6,Debit Card,Regular
SAL20250061257,2025-07-23,STR002,PRD01188,2,2837.24,0.05,5390.76,3372.48,Cash,Premium
SAL20250061258,2025-07-21,STR028,PRD00388,2,522.1,0.0,1044.2,512.98,Credit Card,Premium
SAL20250061259,2025-07-04,STR004,PRD00109,1,12280.41,0.1,11052.37,9316.5,UPI,Walk-in
SAL20250061260,2025-07-31,STR009,PRD00341,1,977.08,0.0,977.08,605.56,Debit Card,Walk-in
SAL20250061261,2025-07-31,STR030,PRD00584,1,232.29,0.0,232.29,142.35,Debit Card,Premium
SAL20250061262,2025-07-02,STR007,PRD01111,3,1735.9,0.0,5207.7,2866.56,Credit Card,Walk-in
SAL20250061263,2025-07-26,STR040,PRD01106,3,3135.75,0.0,9407.25,5007.48,UPI,Premium
SAL20250061264,2025-07-22,STR011,PRD01013,1,214.89,0.1,193.4,148.24,UPI,Walk-in
SAL20250061265,2025-07-31,STR040,PRD01109,1,5029.33,0.0,5029.33,2768.42,UPI,Regular
SAL20250061266,2025-07-30,STR039,PRD01006,2,849.47,0.0,1698.94,1213.38,Cash,Walk-in
SAL20250061267,2025-07-23,STR040,PRD01116,1,792.37,0.0,792.37,396.32,Cash,Regular
SAL20250061268,2025-07-29,STR002,PRD01023,2,241.67,0.05,459.17,266.56,Cash,Walk-in
SAL20250061269,2025-07-07,STR020,PRD00613,2,239.41,0.0,478.82,357.22,UPI,Walk-in
SAL20250061270,2025-07-05,STR021,PRD00227,1,5367.28,0.0,5367.28,3567.65,Net Banking,Corporate
SAL20250061271,2025-07-07,STR030,PRD00669,2,3235.01,0.0,6470.02,3773.52,Cash,Walk-in
SAL20250061272,2025-07-02,STR018,PRD00906,2,3449.48,0.0,6898.96,4232.44,Credit Card,Premium
SAL20250061273,2025-07-29,STR007,PRD00425,2,878.01,0.0,1756.02,1395.02,UPI,Walk-in
SAL20250061274,2025-07-31,STR005,PRD01144,1,2397.7,0.0,2397.7,1426.02,Cash,Regular
SAL20250061275,2025-07-13,STR001,PRD00133,1,10102.94,0.0,10102.94,6680.78,Debit Card,Regular
SAL20250061276,2025-07-16,STR029,PRD00513,-4,111.04,0.0,-444.16,371.04,Debit Card,Regular
SAL20250061277,2025-07-03,STR033,PRD00678,1,3485.6,0.1,3137.04,2254.91,UPI,Walk-in
SAL20250061278,2025-07-31,STR023,PRD00561,4,111.53,0.05,423.81,301.96,UPI,Walk-in
SAL20250061279,2025-07-15,STR003,PRD00836,2,605.3,0.0,1210.6,816.24,UPI,Walk-in
SAL20250061280,2025-07-19,STR033,PRD00492,2,431.72,0.0,863.44,724.08,Debit Card,Regular
SAL20250061281,2025-07-13,STR029,PRD00753,3,4495.87,0.0,13487.61,7865.16,Credit Card,Walk-in
SAL20250061282,2025-07-13,STR019,PRD00465,1,578.8,0.0,578.8,442.8,Credit Card,Walk-in
SAL20250061283,2025-07-15,STR007,PRD00357,3,1112.32,0.0,3336.96,2030.7,UPI,Walk-in
SAL20250061284,2025-07-07,STR026,PRD00739,1,2279.96,0.0,2279.96,1541.42,Credit Card,Regular
SAL20250061285,2025-07-07,STR022,PRD01141,3,1387.21,0.0,4161.63,2431.95,Debit Card,Premium
SAL20250061286,2025-07-24,STR022,PRD00361,1,1524.53,0.1,1372.08,825.7,Credit Card,Regular
SAL20250061287,2025-07-26,STR024,PRD00404,1,695.46,0.0,695.46,604.38,Debit Card,Regular
SAL20250061288,2025-07-02,STR019,PRD00077,1,14848.8,0.0,14848.8,12077.21,UPI,Premium
SAL20250061289,2025-07-10,STR030,PRD00101,1,2548.25,0.05,2420.84,1803.25,Credit Card,Walk-in
SAL20250061290,2025-07-16,STR022,PRD00340,2,956.64,0.0,1913.28,1112.16,Credit Card,Premium
SAL20250061291,2025-07-04,STR020,PRD00073,2,23649.92,0.0,47299.84,34246.8,Credit Card,Walk-in
SAL20250061292,2025-07-09,STR032,PRD00271,3,660.1,0.0,1980.3,1255.8,UPI,Regular
SAL20250061293,2025-07-30,STR006,PRD00939,2,463.84,0.0,927.68,484.68,UPI,Walk-in
SAL20250061294,2025-07-27,STR033,PRD00106,1,3614.0,0.0,3614.0,2487.36,Credit Card,Premium
SAL20250061295,2025-07-23,STR006,PRD00472,3,554.85,0.0,1664.55,1334.7,Debit Card,Regular
SAL20250061296,2025-07-04,STR013,PRD00619,3,215.37,0.0,646.11,417.99,UPI,Regular
SAL20250061297,2025-07-19,STR027,PRD00186,1,7826.08,0.0,7826.08,5124.89,Debit Card,Regular
SAL20250061298,2025-07-18,STR010,PRD01149,1,4599.19,0.05,4369.23,2334.77,Credit Card,Regular
SAL20250061299,2025-07-25,STR016,PRD01126,3,2931.04,0.05,8353.46,4954.11,UPI,Walk-in
SAL20250061300,2025-07-26,STR040,PRD00750,3,3884.81,0.0,11654.43,6434.94,UPI,Walk-in
SAL20250061301,2025-07-14,STR021,PRD00471,1,607.66,0.0,607.66,495.35,Cash,Walk-in
SAL20250061302,2025-07-13,STR021,PRD01135,2,2481.4,0.0,4962.8,2519.48,Debit Card,Corporate
SAL20250061303,2025-07-11,STR001,PRD00434,3,648.17,0.0,1944.51,1616.37,UPI,Regular
SAL20250061304,2025-07-19,STR039,PRD00039,1,8380.37,0.0,8380.37,6279.95,UPI,Premium
SAL20250061305,2025-07-21,STR030,PRD00282,1,705.96,0.0,705.96,470.23,Credit Card,Walk-in
SAL20250061306,2025-07-15,STR040,PRD01016,1,253.56,0.1,228.2,161.4,UPI,Regular
SAL20250061307,2025-07-17,STR033,PRD00419,2,950.16,0.0,1900.32,1527.84,UPI,Walk-in
SAL20250061308,2025-07-11,STR022,PRD00432,1,845.55,0.0,845.55,647.04,Debit Card,Regular
SAL20250061309,2025-07-16,STR033,PRD00895,2,472.54,0.0,945.08,594.8,UPI,Walk-in
SAL20250061310,2025-07-28,STR002,PRD00070,1,15101.4,0.0,15101.4,11038.01,Debit Card,Walk-in
SAL20250061311,2025-07-22,STR020,PRD00818,1,2330.04,0.05,2213.54,1669.14,Net Banking,Regular
SAL20250061312,2025-07-02,STR035,PRD00963,1,93.93,0.0,93.93,63.76,UPI,Regular
SAL20250061313,2025-07-29,STR017,PRD01118,2,5734.69,0.05,10895.91,6742.2,Cash,Regular
SAL20250061314,2025-07-15,STR031,PRD00464,1,598.64,0.0,598.64,458.49,Credit Card,Regular
SAL20250061315,2025-07-22,STR032,PRD00915,2,703.59,0.1,1266.46,926.3,UPI,Premium
SAL20250061316,2025-07-03,STR017,PRD00185,1,1926.14,0.0,1926.14,1500.04,Debit Card,Premium
SAL20250061317,2025-07-11,STR028,PRD00929,2,3367.15,0.0,6734.3,4072.48,UPI,Regular
SAL20250061318,2025-07-26,STR035,PRD00978,1,172.32,0.0,172.32,107.32,UPI,Walk-in
SAL20250061319,2025-07-26,STR031,PRD00508,1,125.21,0.0,125.21,109.93,Debit Card,Premium
SAL20250061320,2025-07-09,STR024,PRD00265,1,4797.2,0.0,4797.2,2920.06,UPI,Walk-in
SAL20250061321,2025-07-31,STR041,PRD00177,3,10270.98,0.0,30812.94,22194.21,UPI,Regular
SAL20250061322,2025-07-29,STR005,PRD00541,1,685.8,0.0,685.8,405.57,Credit Card,Corporate
SAL20250061323,2025-07-13,STR005,PRD00733,2,3579.07,0.0,7158.14,4373.94,Credit Card,Regular
SAL20250061324,2025-07-21,STR002,PRD00708,2,2849.79,0.0,5699.58,3766.3,Credit Card,Premium
SAL20250061325,2025-07-03,STR028,PRD00143,1,11610.06,0.0,11610.06,8058.06,Debit Card,Walk-in
SAL20250061326,2025-07-14,STR016,PRD00669,2,3235.01,0.0,6470.02,3773.52,UPI,Regular
SAL20250061327,2025-07-31,STR035,PRD00869,2,3787.4,0.0,7574.8,4732.8,Debit Card,Regular
SAL20250061328,2025-07-04,STR026,PRD00219,1,1404.86,0.1,1264.37,998.92,Cash,Walk-in
SAL20250061329,2025-07-22,STR036,PRD00404,1,695.46,0.1,625.91,604.38,Debit Card,Walk-in
SAL20250061330,2025-07-26,STR014,PRD00822,4,3937.8,0.0,15751.2,9599.6,UPI,Premium
SAL20250061331,2025-07-06,STR035,PRD00564,10,566.41,0.0,5664.1,3479.7,UPI,Walk-in
SAL20250061332,2025-07-24,STR040,PRD01085,1,7889.14,0.0,7889.14,4136.29,Credit Card,Regular
SAL20250061333,2025-07-07,STR027,PRD00721,2,2330.52,0.0,4661.04,3455.26,Credit Card,Walk-in
SAL20250061334,2025-07-15,STR003,PRD00267,1,11328.41,0.0,11328.41,8001.59,UPI,Regular
SAL20250061335,2025-07-17,STR013,PRD00544,2,114.7,0.0,229.4,165.48,Cash,Regular
SAL20250061336,2025-07-09,STR019,PRD00252,1,10910.07,0.0,10910.07,7523.25,UPI,Regular
SAL20250061337,2025-07-27,STR031,PRD01023,2,241.67,0.0,483.34,266.56,Debit Card,Walk-in
SAL20250061338,2025-07-14,STR008,PRD00287,2,550.08,0.0,1100.16,548.68,Debit Card,Premium
SAL20250061339,2025-07-16,STR035,PRD00045,1,17414.18,0.0,17414.18,13822.18,UPI,Corporate
SAL20250061340,2025-07-28,STR025,PRD01157,1,8076.82,0.0,8076.82,4265.41,Credit Card,Walk-in
SAL20250061341,2025-07-24,STR003,PRD00148,1,6813.06,0.05,6472.41,4694.28,Net Banking,Regular
SAL20250061342,2025-07-15,STR040,PRD00820,3,2007.6,0.0,6022.8,3531.54,UPI,Regular
SAL20250061343,2025-07-07,STR018,PRD00613,3,239.41,0.0,718.23,535.83,UPI,Premium
SAL20250061344,2025-07-03,STR035,PRD01072,3,354.49,0.0,1063.47,660.0,UPI,Walk-in
SAL20250061345,2025-07-07,STR009,PRD00921,2,3248.47,0.0,6496.94,3667.88,Credit Card,Premium
SAL20250061346,2025-07-05,STR004,PRD00855,4,2084.62,0.0,8338.48,6102.2,Debit Card,Walk-in
SAL20250061347,2025-07-08,STR039,PRD00323,1,361.28,0.0,361.28,188.15,UPI,Walk-in
SAL20250061348,2025-07-30,STR016,PRD00492,2,431.72,0.0,863.44,724.08,Cash,Walk-in
SAL20250061349,2025-07-21,STR034,PRD00767,1,2122.92,0.0,2122.92,1557.14,Credit Card,Premium
SAL20250061350,2025-07-15,STR013,PRD00076,1,13611.14,0.0,13611.14,10725.57,Credit Card,Premium
SAL20250061351,2025-07-02,STR012,PRD00465,2,578.8,0.0,1157.6,885.6,Cash,Regular
SAL20250061352,2025-07-15,STR006,PRD00362,1,1120.03,0.0,1120.03,532.51,UPI,Regular
SAL20250061353,2025-07-24,STR001,PRD00657,1,272.71,0.1,245.44,160.84,Credit Card,Regular
SAL20250061354,2025-07-31,STR008,PRD00488,4,995.48,0.0,3981.92,3343.44,UPI,Regular
SAL20250061355,2025-07-14,STR004,PRD01127,1,730.99,0.0,730.99,319.39,Credit Card,Premium
SAL20250061356,2025-07-03,STR029,PRD00711,1,1868.86,0.0,1868.86,1355.68,UPI,Walk-in
SAL20250061357,2025-07-25,STR026,PRD00643,5,345.09,0.05,1639.18,1088.0,UPI,Regular
SAL20250061358,2025-07-27,STR041,PRD00688,1,2802.62,0.0,2802.62,2088.84,Net Banking,Regular
SAL20250061359,2025-07-01,STR014,PRD01190,1,7433.72,0.0,7433.72,3770.31,UPI,Walk-in
SAL20250061360,2025-07-01,STR040,PRD00547,3,105.91,0.0,317.73,228.81,Debit Card,Walk-in
SAL20250061361,2025-07-01,STR023,PRD01102,1,845.86,0.1,761.27,353.36,UPI,Regular
SAL20250061362,2025-07-14,STR004,PRD00371,1,199.9,0.0,199.9,113.45,Debit Card,Walk-in
SAL20250061363,2025-07-06,STR039,PRD00221,1,9230.37,0.0,9230.37,5770.89,Net Banking,Regular
SAL20250061364,2025-07-30,STR041,PRD00952,4,892.13,0.0,3568.52,2010.84,UPI,Premium
SAL20250061365,2025-07-03,STR025,PRD00849,1,315.58,0.1,284.02,211.78,UPI,Walk-in
SAL20250061366,2025-07-25,STR037,PRD00105,1,9145.0,0.0,9145.0,7010.14,UPI,Regular
SAL20250061367,2025-07-18,STR011,PRD00624,1,124.7,0.05,118.47,87.08,UPI,Walk-in
SAL20250061368,2025-07-19,STR024,PRD00050,1,20155.67,0.0,20155.67,16076.03,Debit Card,Regular
SAL20250061369,2025-07-16,STR024,PRD01125,2,3015.8,0.0,6031.6,2846.86,UPI,Premium
SAL20250061370,2025-07-10,STR041,PRD00632,2,758.72,0.0,1517.44,860.12,UPI,Corporate
SAL20250061371,2025-07-22,STR014,PRD00633,1,365.95,0.0,365.95,212.9,UPI,Regular
SAL20250061372,2025-07-10,STR036,PRD00402,3,947.11,0.0,2841.33,2454.18,UPI,Walk-in
SAL20250061373,2025-07-12,STR013,PRD01065,6,936.71,0.05,5339.25,2870.16,Credit Card,Regular
SAL20250061374,2025-07-19,STR034,PRD00810,3,406.14,0.0,1218.42,783.3,UPI,Walk-in
SAL20250061375,2025-07-12,STR021,PRD00353,1,948.44,0.1,853.6,529.81,UPI,Regular
SAL20250061376,2025-07-05,STR032,PRD00750,1,3884.81,0.0,3884.81,2144.98,UPI,Premium
SAL20250061377,2025-07-30,STR008,PRD01163,1,6199.15,0.0,6199.15,3716.06,Credit Card,Regular
SAL20250061378,2025-07-09,STR021,PRD00232,2,6785.18,0.0,13570.36,9686.74,Credit Card,Regular
SAL20250061379,2025-07-16,STR031,PRD00882,1,3706.7,0.0,3706.7,2187.93,Cash,Corporate
SAL20250061380,2025-07-07,STR021,PRD00982,1,104.72,0.0,104.72,58.34,Debit Card,Walk-in
SAL20250061381,2025-07-30,STR027,PRD00354,1,1099.31,0.1,989.38,649.66,Credit Card,Walk-in
SAL20250061382,2025-07-24,STR038,PRD00130,1,17171.37,0.0,17171.37,12882.58,UPI,Walk-in
SAL20250061383,2025-07-21,STR029,PRD00976,3,1125.69,0.0,3377.07,1747.83,Debit Card,Walk-in
SAL20250061384,2025-07-09,STR011,PRD00314,1,610.16,0.0,610.16,372.41,Cash,Regular
SAL20250061385,2025-07-11,STR029,PRD00800,1,478.19,0.0,478.19,324.59,UPI,Regular
SAL20250061386,2025-07-09,STR013,PRD00708,2,2849.79,0.0,5699.58,3766.3,Cash,Regular
SAL20250061387,2025-07-14,STR011,PRD00582,5,535.32,0.0,2676.6,1925.0,UPI,Walk-in
SAL20250061388,2025-07-26,STR026,PRD00626,1,125.9,0.05,119.61,75.93,Debit Card,Regular
SAL20250061389,2025-07-13,STR035,PRD00742,2,3993.24,0.1,7187.83,4736.52,UPI,Walk-in
SAL20250061390,2025-07-17,STR015,PRD00930,2,4102.13,0.0,8204.26,4730.68,UPI,Regular
SAL20250061391,2025-07-26,STR018,PRD00797,2,567.41,0.0,1134.82,822.82,Cash,Walk-in
SAL20250061392,2025-07-02,STR013,PRD00201,1,2838.89,0.0,2838.89,1889.59,UPI,Premium
SAL20250061393,2025-07-14,STR037,PRD00034,1,761.93,0.0,761.93,520.56,Debit Card,Regular
SAL20250061394,2025-07-08,STR022,PRD00376,1,1476.13,0.0,1476.13,682.99,UPI,Walk-in
SAL20250061395,2025-07-25,STR029,PRD00338,2,1223.61,0.0,2447.22,1376.46,Net Banking,Walk-in
SAL20250061396,2025-07-17,STR026,PRD00455,3,683.36,0.0,2050.08,1690.41,Credit Card,Regular
SAL20250061397,2025-07-22,STR007,PRD00218,1,7357.64,0.0,7357.64,5051.02,Credit Card,Regular
SAL20250061398,2025-07-30,STR027,PRD00475,2,749.71,0.0,1499.42,1137.92,UPI,Regular
SAL20250061399,2025-07-22,STR025,PRD00674,3,2861.74,0.0,8585.22,4771.77,UPI,Walk-in
SAL20250061400,2025-07-04,STR037,PRD00906,3,3449.48,0.0,10348.44,6348.66,Credit Card,Walk-in
SAL20250061401,2025-07-19,STR025,PRD01169,2,6625.23,0.0,13250.46,8002.82,Credit Card,Walk-in
SAL20250061402,2025-07-10,STR039,PRD00632,-1,758.72,0.0,-758.72,430.06,Credit Card,Premium
SAL20250061403,2025-07-07,STR041,PRD00244,2,9135.72,0.1,16444.3,11533.86,Credit Card,Regular
SAL20250061404,2025-07-25,STR040,PRD00263,1,3207.01,0.0,3207.01,2439.1,Credit Card,Walk-in
SAL20250061405,2025-07-12,STR035,PRD00375,1,650.42,0.0,650.42,365.06,Debit Card,Regular
SAL20250061406,2025-07-24,STR040,PRD01200,1,1804.12,0.05,1713.91,865.8,UPI,Regular
SAL20250061407,2025-07-03,STR008,PRD01177,1,2791.89,0.0,2791.89,1594.63,UPI,Premium
SAL20250061408,2025-07-25,STR015,PRD00912,4,532.47,0.0,2129.88,1225.2,Credit Card,Premium
SAL20250061409,2025-07-12,STR023,PRD00396,1,713.53,0.0,713.53,454.7,Debit Card,Walk-in
SAL20250061410,2025-07-15,STR004,PRD00628,6,365.09,0.0,2190.54,1264.86,UPI,Walk-in
SAL20250061411,2025-07-03,STR024,PRD00218,2,7357.64,0.0,14715.28,10102.04,Debit Card,Walk-in
SAL20250061412,2025-07-30,STR028,PRD00702,1,1394.73,0.0,1394.73,988.64,Cash,Regular
SAL20250061413,2025-07-06,STR021,PRD00228,3,4421.9,0.0,13265.7,8946.93,Debit Card,Premium
SAL20250061414,2025-07-06,STR010,PRD00776,1,1145.74,0.0,1145.74,684.76,Cash,Corporate
SAL20250061415,2025-07-29,STR032,PRD00212,1,9559.41,0.05,9081.44,6260.97,Cash,Walk-in
SAL20250061416,2025-07-23,STR005,PRD00394,3,327.5,0.05,933.38,655.53,Net Banking,Regular
SAL20250061417,2025-07-26,STR005,PRD00068,1,10777.06,0.0,10777.06,8694.54,Net Banking,Regular
SAL20250061418,2025-07-04,STR040,PRD00107,1,4985.79,0.1,4487.21,3483.71,Debit Card,Walk-in
SAL20250061419,2025-07-19,STR011,PRD01099,3,4242.7,0.0,12728.1,8165.55,UPI,Premium
SAL20250061420,2025-07-27,STR038,PRD00665,2,157.57,0.0,315.14,206.28,Debit Card,Regular
SAL20250061421,2025-07-20,STR007,PRD00507,2,259.46,0.0,518.92,430.7,Credit Card,Walk-in
SAL20250061422,2025-07-05,STR040,PRD00405,1,917.35,0.05,871.48,803.86,Debit Card,Walk-in
SAL20250061423,2025-07-12,STR008,PRD00594,4,129.17,0.0,516.68,325.32,Debit Card,Walk-in
SAL20250061424,2025-07-29,STR020,PRD00649,2,333.14,0.0,666.28,477.92,Credit Card,Regular
SAL20250061425,2025-07-27,STR039,PRD00902,2,258.19,0.0,516.38,308.14,Credit Card,Regular
SAL20250061426,2025-07-16,STR013,PRD00245,1,6730.38,0.1,6057.34,4429.31,UPI,Walk-in
SAL20250061427,2025-07-12,STR026,PRD00768,4,281.0,0.0,1124.0,820.4,UPI,Regular
SAL20250061428,2025-07-28,STR008,PRD00500,1,936.13,0.0,936.13,757.53,UPI,Regular
SAL20250061429,2025-07-16,STR033,PRD00635,3,332.03,0.1,896.48,621.9,Debit Card,Walk-in
SAL20250061430,2025-07-11,STR020,PRD00601,2,50.1,0.05,95.19,61.64,UPI,Walk-in
SAL20250061431,2025-07-25,STR017,PRD00326,1,1442.32,0.0,1442.32,681.43,UPI,Regular
SAL20250061432,2025-07-06,STR035,PRD00991,1,894.61,0.0,894.61,514.53,Credit Card,Regular
SAL20250061433,2025-07-18,STR015,PRD00591,6,500.81,0.0,3004.86,2182.38,Credit Card,Regular
SAL20250061434,2025-07-22,STR021,PRD00228,1,4421.9,0.05,4200.8,2982.31,UPI,Walk-in
SAL20250061435,2025-07-10,STR012,PRD00313,1,1406.36,0.0,1406.36,639.34,Credit Card,Premium
SAL20250061436,2025-07-01,STR025,PRD00452,3,1046.75,0.1,2826.22,2638.95,UPI,Regular
SAL20250061437,2025-07-05,STR027,PRD00767,1,2122.92,0.0,2122.92,1557.14,UPI,Walk-in
SAL20250061438,2025-07-09,STR015,PRD00629,1,197.41,0.0,197.41,137.09,UPI,Walk-in
SAL20250061439,2025-07-23,STR015,PRD00877,1,1728.24,0.0,1728.24,1211.91,Debit Card,Regular
SAL20250061440,2025-07-20,STR012,PRD00204,3,3776.34,0.0,11329.02,7740.33,UPI,Walk-in
SAL20250061441,2025-07-22,STR018,PRD01026,2,512.0,0.0,1024.0,683.9,UPI,Corporate
SAL20250061442,2025-07-04,STR001,PRD00810,1,406.14,0.0,406.14,261.1,Credit Card,Regular
SAL20250061443,2025-07-02,STR034,PRD01079,1,323.52,0.0,323.52,191.54,UPI,Walk-in
SAL20250061444,2025-07-18,STR037,PRD00695,2,2280.88,0.05,4333.67,2552.92,Cash,Walk-in
SAL20250061445,2025-07-02,STR029,PRD00404,2,695.46,0.0,1390.92,1208.76,Cash,Walk-in
SAL20250061446,2025-07-03,STR022,PRD00780,2,1384.22,0.0,2768.44,1777.72,UPI,Premium
SAL20250061447,2025-07-20,STR022,PRD00194,1,5905.12,0.0,5905.12,4140.26,UPI,Walk-in
SAL20250061448,2025-07-12,STR003,PRD00644,1,812.84,0.05,772.2,452.39,UPI,Regular
SAL20250061449,2025-07-13,STR014,PRD00872,1,467.45,0.0,467.45,333.62,Debit Card,Corporate
SAL20250061450,2025-07-28,STR015,PRD00505,3,1140.95,0.0,3422.85,2581.41,Credit Card,Regular
SAL20250061451,2025-07-19,STR035,PRD01049,3,225.77,0.0,677.31,413.64,UPI,Walk-in
SAL20250061452,2025-07-03,STR037,PRD01101,1,4929.57,0.0,4929.57,2668.17,Credit Card,Regular
SAL20250061453,2025-07-15,STR032,PRD00649,6,333.14,0.0,1998.84,1433.76,Cash,Walk-in
SAL20250061454,2025-07-25,STR033,PRD00921,2,3248.47,0.0,6496.94,3667.88,Net Banking,Premium
SAL20250061455,2025-07-20,STR030,PRD01142,1,3878.91,0.0,3878.91,2264.79,UPI,Regular
SAL20250061456,2025-07-20,STR036,PRD00594,10,129.17,0.0,1291.7,813.3,UPI,Walk-in
SAL20250061457,2025-07-25,STR024,PRD00446,1,1037.38,0.0,1037.38,881.41,UPI,Premium
SAL20250061458,2025-07-12,STR024,PRD00965,1,67.67,0.0,67.67,48.46,UPI,Regular
SAL20250061459,2025-07-06,STR031,PRD00948,3,38.1,0.0,114.3,79.65,Credit Card,Regular
SAL20250061460,2025-07-12,STR012,PRD00225,1,9871.63,0.05,9378.05,6952.04,UPI,Walk-in
SAL20250061461,2025-07-10,STR032,PRD00949,2,855.15,0.0,1710.3,1133.7,Credit Card,Regular
SAL20250061462,2025-07-01,STR024,PRD01179,1,3455.57,0.0,3455.57,2074.52,Cash,Regular
SAL20250061463,2025-07-04,STR015,PRD00073,1,23649.92,0.1,21284.93,17123.4,Debit Card,Walk-in
SAL20250061464,2025-07-15,STR030,PRD00405,2,917.35,0.05,1742.96,1607.72,UPI,Walk-in
SAL20250061465,2025-07-08,STR026,PRD00376,1,1476.13,0.0,1476.13,682.99,Cash,Regular
SAL20250061466,2025-07-27,STR015,PRD00793,1,2445.38,0.0,2445.38,1405.41,Credit Card,Walk-in
SAL20250061467,2025-07-05,STR025,PRD00127,1,14293.97,0.0,14293.97,10567.08,Credit Card,Walk-in
SAL20250061468,2025-07-09,STR018,PRD00451,1,641.37,0.0,641.37,505.23,UPI,Premium
SAL20250061469,2025-07-21,STR032,PRD01024,4,129.44,0.0,517.76,368.4,Cash,Corporate
SAL20250061470,2025-07-16,STR027,PRD00866,1,1023.05,0.0,1023.05,622.37,UPI,Regular
SAL20250061471,2025-07-13,STR007,PRD00206,1,10675.4,0.05,10141.63,6883.05,Credit Card,Premium
SAL20250061472,2025-07-18,STR026,PRD00832,1,1859.75,0.0,1859.75,1370.28,Credit Card,Premium
SAL20250061473,2025-07-04,STR023,PRD00322,1,839.74,0.0,839.74,587.36,Credit Card,Regular
SAL20250061474,2025-07-25,STR014,PRD00517,3,252.82,0.0,758.46,609.09,Cash,Regular
SAL20250061475,2025-07-01,STR028,PRD01061,2,1015.91,0.0,2031.82,1071.06,Credit Card,Premium
SAL20250061476,2025-07-19,STR021,PRD00400,2,920.96,0.0,1841.92,1102.96,UPI,Walk-in
SAL20250061477,2025-07-13,STR023,PRD00625,10,629.94,0.1,5669.46,4329.1,Credit Card,Walk-in
SAL20250061478,2025-07-25,STR008,PRD00141,1,2559.21,0.0,2559.21,1944.29,Credit Card,Walk-in
SAL20250061479,2025-07-12,STR039,PRD00184,1,3565.48,0.05,3387.21,2588.7,Credit Card,Premium
SAL20250061480,2025-07-18,STR006,PRD01008,10,227.58,0.0,2275.8,1420.0,UPI,Regular
SAL20250061481,2025-07-15,STR011,PRD01030,5,525.24,0.0,2626.2,1587.85,UPI,Regular
SAL20250061482,2025-07-04,STR014,PRD00189,1,8529.1,0.0,8529.1,5554.64,UPI,Regular
SAL20250061483,2025-07-30,STR011,PRD00452,10,1046.75,0.0,10467.5,8796.5,UPI,Regular
SAL20250061484,2025-07-05,STR025,PRD00656,1,201.0,0.05,190.95,141.1,UPI,Walk-in
SAL20250061485,2025-07-09,STR012,PRD00444,1,347.0,0.0,347.0,285.96,Debit Card,Regular
SAL20250061486,2025-07-31,STR015,PRD01161,1,5090.05,0.05,4835.55,2218.96,Credit Card,Regular
SAL20250061487,2025-07-15,STR017,PRD00097,1,19452.93,0.1,17507.64,14437.86,UPI,Regular
SAL20250061488,2025-07-10,STR022,PRD00639,4,160.88,0.0,643.52,409.64,UPI,Walk-in
SAL20250061489,2025-07-19,STR039,PRD00185,1,1926.14,0.0,1926.14,1500.04,UPI,Regular
SAL20250061490,2025-07-12,STR039,PRD00278,1,439.84,0.05,417.85,292.07,Credit Card,Walk-in
SAL20250061491,2025-07-18,STR005,PRD00612,2,287.57,0.0,575.14,424.86,Debit Card,Walk-in
SAL20250061492,2025-07-22,STR011,PRD01050,1,562.12,0.05,534.01,329.14,Credit Card,Regular
SAL20250061493,2025-07-03,STR005,PRD00715,1,2949.53,0.0,2949.53,1984.0,UPI,Regular
SAL20250061494,2025-07-26,STR041,PRD00710,1,4042.5,0.0,4042.5,2223.99,Credit Card,Premium
SAL20250061495,2025-07-19,STR022,PRD00064,1,2458.4,0.0,2458.4,1830.7,UPI,Regular
SAL20250061496,2025-07-24,STR006,PRD00100,1,14294.81,0.0,14294.81,9774.86,Credit Card,Premium
SAL20250061497,2025-07-09,STR007,PRD00948,1,38.1,0.1,34.29,26.55,UPI,Premium
SAL20250061498,2025-07-05,STR039,PRD00490,2,177.23,0.0,354.46,276.62,Credit Card,Regular
SAL20250061499,2025-07-01,STR005,PRD00900,1,3167.3,0.0,3167.3,1961.05,UPI,Regular
SAL20250061500,2025-07-21,STR009,PRD00422,1,218.73,0.0,218.73,166.93,Debit Card,Premium
SAL20250061501,2025-07-08,STR017,PRD00423,2,256.23,0.0,512.46,427.8,Cash,Walk-in
SAL20250061502,2025-07-20,STR004,PRD00525,2,76.55,0.0,153.1,132.9,UPI,Walk-in
SAL20250061503,2025-07-08,STR024,PRD00214,1,9551.75,0.0,9551.75,6869.66,Credit Card,Walk-in
SAL20250061504,2025-07-15,STR033,PRD00682,1,3799.71,0.1,3419.74,2447.28,Credit Card,Regular
SAL20250061505,2025-07-30,STR017,PRD00437,1,320.21,0.05,304.2,271.12,UPI,Walk-in
SAL20250061506,2025-07-03,STR021,PRD00016,1,12816.4,0.0,12816.4,9433.57,UPI,Premium
SAL20250061507,2025-07-30,STR035,PRD00620,2,556.49,0.05,1057.33,651.34,UPI,Premium
SAL20250061508,2025-07-13,STR003,PRD00888,1,2557.48,0.0,2557.48,1725.04,Debit Card,Walk-in
SAL20250061509,2025-07-22,STR032,PRD00599,3,273.52,0.0,820.56,568.11,UPI,Walk-in
SAL20250061510,2025-07-20,STR017,PRD00592,1,365.4,0.0,365.4,218.29,Net Banking,Regular
SAL20250061511,2025-07-12,STR014,PRD00124,1,10921.57,0.0,10921.57,7123.55,Credit Card,Walk-in
SAL20250061512,2025-07-18,STR026,PRD00302,1,486.18,0.0,486.18,225.09,Credit Card,Walk-in
SAL20250061513,2025-07-13,STR001,PRD00655,3,75.89,0.0,227.67,141.45,Credit Card,Walk-in
SAL20250061514,2025-07-07,STR027,PRD01154,1,1216.46,0.0,1216.46,611.46,UPI,Regular
SAL20250061515,2025-07-06,STR001,PRD00411,6,779.25,0.0,4675.5,3791.1,Net Banking,Walk-in
SAL20250061516,2025-07-17,STR028,PRD00794,2,5386.59,0.0,10773.18,6320.86,Cash,Regular
SAL20250061517,2025-07-15,STR030,PRD00728,1,5071.72,0.0,5071.72,3009.63,UPI,Regular
SAL20250061518,2025-07-10,STR037,PRD01130,1,3164.31,0.0,3164.31,1889.64,UPI,Walk-in
SAL20250061519,2025-07-26,STR038,PRD00283,1,917.06,0.0,917.06,431.47,Debit Card,Regular
SAL20250061520,2025-07-26,STR013,PRD00581,1,310.86,0.0,310.86,198.71,UPI,Regular
SAL20250061521,2025-07-28,STR034,PRD01147,2,6760.77,0.0,13521.54,7726.56,Cash,Walk-in
SAL20250061522,2025-07-11,STR025,PRD00968,10,316.7,0.0,3167.0,1587.6,UPI,Premium
SAL20250061523,2025-07-26,STR036,PRD01020,2,560.55,0.0,1121.1,723.94,UPI,Regular
SAL20250061524,2025-07-23,STR011,PRD00528,2,1118.04,0.1,2012.47,1892.68,Credit Card,Walk-in
SAL20250061525,2025-07-10,STR008,PRD01131,1,6280.13,0.0,6280.13,3425.53,UPI,Premium
SAL20250061526,2025-07-28,STR036,PRD00273,2,1306.29,0.0,2612.58,1517.74,Cash,Walk-in
SAL20250061527,2025-07-02,STR039,PRD00156,1,1591.76,0.0,1591.76,1231.95,Cash,Walk-in
SAL20250061528,2025-07-04,STR035,PRD00361,3,1524.53,0.0,4573.59,2477.1,UPI,Regular
SAL20250061529,2025-07-30,STR005,PRD00384,2,1012.08,0.05,1922.95,1027.28,UPI,Regular
SAL20250061530,2025-07-19,STR017,PRD00051,1,18906.15,0.0,18906.15,13812.18,Credit Card,Walk-in
SAL20250061531,2025-07-10,STR039,PRD01169,3,6625.23,0.0,19875.69,12004.23,Credit Card,Walk-in
SAL20250061532,2025-07-26,STR012,PRD00996,4,577.22,0.1,2077.99,1317.56,UPI,Regular
SAL20250061533,2025-07-16,STR021,PRD00890,2,891.3,0.1,1604.34,1071.86,UPI,Regular
SAL20250061534,2025-07-21,STR012,PRD01090,1,4828.9,0.0,4828.9,3064.56,Debit Card,Walk-in
SAL20250061535,2025-07-11,STR012,PRD01012,4,896.48,0.0,3585.92,2330.32,Credit Card,Regular
SAL20250061536,2025-07-23,STR001,PRD00126,1,8140.39,0.0,8140.39,6131.32,Credit Card,Regular
SAL20250061537,2025-07-20,STR028,PRD00319,1,746.89,0.0,746.89,463.81,UPI,Regular
SAL20250061538,2025-07-29,STR012,PRD00322,2,839.74,0.0,1679.48,1174.72,Credit Card,Regular
SAL20250061539,2025-07-23,STR022,PRD00484,4,678.16,0.0,2712.64,2270.16,UPI,Regular
SAL20250061540,2025-07-28,STR021,PRD00503,1,634.01,0.05,602.31,525.79,UPI,Walk-in
SAL20250061541,2025-07-12,STR030,PRD01094,2,7758.5,0.0,15517.0,7594.34,UPI,Walk-in
SAL20250061542,2025-07-29,STR001,PRD00622,2,644.0,0.0,1288.0,799.58,UPI,Regular
SAL20250061543,2025-07-11,STR035,PRD00878,1,1229.84,0.0,1229.84,796.56,Debit Card,Walk-in
SAL20250061544,2025-07-08,STR041,PRD00696,1,1599.77,0.0,1599.77,1080.02,UPI,Walk-in
SAL20250061545,2025-07-24,STR016,PRD00419,5,950.16,0.0,4750.8,3819.6,UPI,Regular
SAL20250061546,2025-07-26,STR009,PRD00557,4,210.61,0.0,842.44,537.72,Credit Card,Premium
SAL20250061547,2025-07-02,STR037,PRD00825,1,2419.3,0.0,2419.3,1402.49,Credit Card,Walk-in
SAL20250061548,2025-07-30,STR035,PRD01189,2,5263.0,0.0,10526.0,4474.74,UPI,Walk-in
SAL20250061549,2025-07-31,STR028,PRD00266,1,13058.2,0.0,13058.2,8085.89,UPI,Regular
SAL20250061550,2025-07-07,STR004,PRD00435,1,718.79,0.0,718.79,584.17,Debit Card,Premium
SAL20250061551,2025-07-23,STR021,PRD00309,1,1344.75,0.0,1344.75,637.15,UPI,Regular
SAL20250061552,2025-07-13,STR024,PRD00899,1,2165.69,0.0,2165.69,1458.76,UPI,Regular
SAL20250061553,2025-07-13,STR003,PRD00962,1,708.41,0.0,708.41,395.68,Credit Card,Premium
SAL20250061554,2025-07-31,STR034,PRD00318,1,184.33,0.0,184.33,118.77,UPI,Premium
SAL20250061555,2025-07-25,STR028,PRD01080,1,1721.88,0.0,1721.88,771.73,Credit Card,Regular
SAL20250061556,2025-07-09,STR009,PRD00076,1,13611.14,0.0,13611.14,10725.57,Debit Card,Regular
SAL20250061557,2025-07-29,STR018,PRD00185,1,1926.14,0.0,1926.14,1500.04,Credit Card,Regular
SAL20250061558,2025-07-09,STR003,PRD00540,2,550.54,0.0,1101.08,777.24,Credit Card,Premium
SAL20250061559,2025-07-04,STR003,PRD00345,2,670.76,0.0,1341.52,787.76,Credit Card,Regular
SAL20250061560,2025-07-08,STR036,PRD01124,1,4813.39,0.0,4813.39,2177.75,UPI,Premium
SAL20250061561,2025-07-19,STR032,PRD00897,1,3626.87,0.0,3626.87,2369.21,UPI,Walk-in
SAL20250061562,2025-07-02,STR039,PRD00457,3,726.05,0.0,2178.15,1648.17,Cash,Premium
SAL20250061563,2025-07-08,STR010,PRD00637,1,299.32,0.0,299.32,213.6,Cash,Regular
SAL20250061564,2025-07-20,STR026,PRD00708,1,2849.79,0.1,2564.81,1883.15,UPI,Regular
SAL20250061565,2025-07-19,STR034,PRD00927,1,799.32,0.0,799.32,584.58,UPI,Walk-in
SAL20250061566,2025-07-29,STR012,PRD01089,1,8670.13,0.0,8670.13,3797.02,UPI,Walk-in
SAL20250061567,2025-07-15,STR031,PRD00765,1,1419.48,0.05,1348.51,920.94,Cash,Regular
SAL20250061568,2025-07-30,STR037,PRD01033,1,703.74,0.0,703.74,378.69,Credit Card,Regular
SAL20250061569,2025-07-01,STR019,PRD00357,1,1112.32,0.0,1112.32,676.9,Debit Card,Regular
SAL20250061570,2025-07-14,STR024,PRD00582,1,535.32,0.0,535.32,385.0,UPI,Regular
SAL20250061571,2025-07-18,STR018,PRD00283,2,917.06,0.0,1834.12,862.94,Credit Card,Regular
SAL20250061572,2025-07-23,STR030,PRD00140,1,6378.06,0.05,6059.16,4851.7,Credit Card,Corporate
SAL20250061573,2025-07-05,STR019,PRD00228,2,4421.9,0.0,8843.8,5964.62,UPI,Corporate
SAL20250061574,2025-07-14,STR028,PRD01126,3,2931.04,0.0,8793.12,4954.11,UPI,Walk-in
SAL20250061575,2025-07-19,STR018,PRD00978,1,172.32,0.0,172.32,107.32,UPI,Regular
SAL20250061576,2025-07-10,STR012,PRD00124,1,10921.57,0.0,10921.57,7123.55,UPI,Walk-in
SAL20250061577,2025-07-25,STR017,PRD00401,3,743.9,0.0,2231.7,1885.2,Credit Card,Regular
SAL20250061578,2025-07-02,STR022,PRD00155,2,2214.51,0.0,4429.02,3304.38,UPI,Walk-in
SAL20250061579,2025-07-18,STR031,PRD00102,1,21236.57,0.0,21236.57,16141.17,Credit Card,Walk-in
SAL20250061580,2025-07-26,STR033,PRD00834,1,1440.43,0.0,1440.43,915.49,Credit Card,Walk-in
SAL20250061581,2025-07-13,STR033,PRD01134,1,5914.46,0.0,5914.46,2929.32,UPI,Walk-in
SAL20250061582,2025-07-27,STR007,PRD00913,1,3252.33,0.0,3252.33,2160.5,UPI,Walk-in
SAL20250061583,2025-07-26,STR041,PRD00105,1,9145.0,0.0,9145.0,7010.14,UPI,Walk-in
SAL20250061584,2025-07-31,STR040,PRD00933,2,3527.61,0.0,7055.22,4360.6,Credit Card,Regular
SAL20250061585,2025-07-24,STR011,PRD01147,1,6760.77,0.05,6422.73,3863.28,Credit Card,Regular
SAL20250061586,2025-07-05,STR002,PRD00351,1,802.18,0.0,802.18,503.24,Credit Card,Walk-in
SAL20250061587,2025-07-24,STR038,PRD00599,1,273.52,0.0,273.52,189.37,Debit Card,Regular
SAL20250061588,2025-07-18,STR008,PRD00409,3,950.85,0.1,2567.3,2214.33,UPI,Regular
SAL20250061589,2025-07-09,STR021,PRD01111,1,1735.9,0.0,1735.9,955.52,UPI,Corporate
SAL20250061590,2025-07-06,STR035,PRD01098,2,1920.11,0.0,3840.22,2245.72,UPI,Walk-in
SAL20250061591,2025-07-30,STR027,PRD01021,4,582.28,0.0,2329.12,1512.48,UPI,Regular
SAL20250061592,2025-07-10,STR038,PRD00196,1,3177.64,0.0,3177.64,2246.88,UPI,Regular
SAL20250061593,2025-07-02,STR032,PRD00056,1,11452.31,0.0,11452.31,8581.01,UPI,Regular
SAL20250061594,2025-07-31,STR041,PRD01134,1,5914.46,0.0,5914.46,2929.32,UPI,Regular
SAL20250061595,2025-07-08,STR029,PRD00596,3,666.12,0.1,1798.52,1193.73,UPI,Corporate
SAL20250061596,2025-07-26,STR036,PRD00038,2,2962.9,0.0,5925.8,4227.06,Credit Card,Walk-in
SAL20250061597,2025-07-31,STR013,PRD00960,10,572.91,0.0,5729.1,3824.0,UPI,Regular
SAL20250061598,2025-07-26,STR018,PRD00451,6,641.37,0.0,3848.22,3031.38,Debit Card,Premium
SAL20250061599,2025-07-18,STR035,PRD00325,1,1273.47,0.0,1273.47,587.01,UPI,Walk-in
SAL20250061600,2025-07-04,STR002,PRD00507,5,259.46,0.0,1297.3,1076.75,UPI,Walk-in
SAL20250061601,2025-07-31,STR038,PRD00275,1,1560.95,0.1,1404.86,847.9,UPI,Premium
SAL20250061602,2025-07-15,STR018,PRD00270,2,1213.51,0.0,2427.02,1538.12,Credit Card,Walk-in
SAL20250061603,2025-07-20,STR018,PRD00122,1,23504.26,0.05,22329.05,16366.57,Credit Card,Walk-in
SAL20250061604,2025-07-17,STR012,PRD00363,1,1443.62,0.0,1443.62,690.35,UPI,Regular
SAL20250061605,2025-07-27,STR028,PRD00356,2,1354.34,0.0,2708.68,1468.36,Debit Card,Regular
SAL20250061606,2025-07-02,STR016,PRD00208,1,2761.76,0.05,2623.67,2051.3,UPI,Walk-in
SAL20250061607,2025-07-16,STR010,PRD01037,3,431.13,0.0,1293.39,696.57,UPI,Walk-in
SAL20250061608,2025-07-29,STR027,PRD00029,1,24663.79,0.05,23430.6,16157.43,Debit Card,Walk-in
SAL20250061609,2025-07-16,STR008,PRD00179,1,5253.14,0.0,5253.14,3207.54,Credit Card,Regular
SAL20250061610,2025-07-31,STR036,PRD00339,2,831.47,0.0,1662.94,996.34,UPI,Walk-in
SAL20250061611,2025-07-18,STR041,PRD00285,1,1499.26,0.0,1499.26,768.76,Cash,Regular
SAL20250061612,2025-07-17,STR007,PRD00954,1,1090.11,0.0,1090.11,614.96,Credit Card,Regular
SAL20250061613,2025-07-07,STR009,PRD01050,1,562.12,0.0,562.12,329.14,UPI,Regular
SAL20250061614,2025-07-18,STR025,PRD00018,1,13116.16,0.0,13116.16,9769.19,UPI,Corporate
SAL20250061615,2025-07-26,STR011,PRD00982,3,104.72,0.0,314.16,175.02,Debit Card,Walk-in
SAL20250061616,2025-07-14,STR030,PRD00235,1,11077.6,0.05,10523.72,6683.62,Debit Card,Regular
SAL20250061617,2025-07-08,STR006,PRD00496,6,1047.75,0.05,5972.17,5414.64,UPI,Walk-in
SAL20250061618,2025-07-03,STR006,PRD00046,3,12754.14,0.0,38262.42,25192.2,Debit Card,Premium
SAL20250061619,2025-07-16,STR023,PRD00410,2,245.81,0.0,491.62,385.52,Cash,Premium
SAL20250061620,2025-07-03,STR007,PRD00180,1,3550.84,0.0,3550.84,2526.78,UPI,Walk-in
SAL20250061621,2025-07-02,STR009,PRD00086,1,22194.93,0.0,22194.93,15176.58,Credit Card,Premium
SAL20250061622,2025-07-15,STR003,PRD00887,2,2006.5,0.0,4013.0,2339.38,Debit Card,Regular
SAL20250061623,2025-07-12,STR037,PRD00532,1,1039.03,0.0,1039.03,808.86,Credit Card,Walk-in
SAL20250061624,2025-07-06,STR035,PRD00005,1,25382.71,0.0,25382.71,18438.86,UPI,Premium
SAL20250061625,2025-07-12,STR001,PRD00853,3,3236.74,0.0,9710.22,5604.42,Cash,Premium
SAL20250061626,2025-07-30,STR014,PRD00067,1,3694.12,0.0,3694.12,2694.72,Credit Card,Regular
SAL20250061627,2025-07-01,STR031,PRD00400,2,920.96,0.0,1841.92,1102.96,Credit Card,Walk-in
SAL20250061628,2025-07-08,STR041,PRD00506,1,725.03,0.0,725.03,579.1,UPI,Premium
SAL20250061629,2025-07-15,STR025,PRD00728,1,5071.72,0.1,4564.55,3009.63,Debit Card,Regular
SAL20250061630,2025-07-31,STR040,PRD00266,1,13058.2,0.05,12405.29,8085.89,Cash,Premium
SAL20250061631,2025-07-19,STR024,PRD00198,1,4266.35,0.05,4053.03,2976.38,Debit Card,Walk-in
SAL20250061632,2025-07-31,STR019,PRD00209,1,4015.2,0.0,4015.2,2717.92,UPI,Walk-in
SAL20250061633,2025-07-10,STR021,PRD00188,1,6172.58,0.0,6172.58,4027.57,UPI,Premium
SAL20250061634,2025-07-30,STR034,PRD00700,2,4752.07,0.0,9504.14,5729.26,UPI,Regular
SAL20250061635,2025-07-14,STR003,PRD00250,1,3877.74,0.0,3877.74,2737.07,Cash,Regular
SAL20250061636,2025-07-30,STR020,PRD00235,1,11077.6,0.05,10523.72,6683.62,Credit Card,Regular
SAL20250061637,2025-07-16,STR002,PRD01022,1,1023.04,0.0,1023.04,628.51,Credit Card,Corporate
SAL20250061638,2025-07-17,STR028,PRD00996,1,577.22,0.0,577.22,329.39,Credit Card,Corporate
SAL20250061639,2025-07-16,STR023,PRD00149,1,3024.83,0.0,3024.83,2041.86,Debit Card,Walk-in
SAL20250061640,2025-07-04,STR019,PRD00726,1,2171.72,0.0,2171.72,1497.85,UPI,Walk-in
SAL20250061641,2025-07-13,STR036,PRD00629,2,197.41,0.0,394.82,274.18,UPI,Walk-in
SAL20250061642,2025-07-23,STR035,PRD00534,2,97.09,0.05,184.47,161.18,Credit Card,Walk-in
SAL20250061643,2025-07-30,STR019,PRD00087,1,23253.22,0.05,22090.56,15702.94,UPI,Regular
SAL20250061644,2025-07-25,STR007,PRD00382,1,534.11,0.0,534.11,292.91,Cash,Walk-in
SAL20250061645,2025-07-25,STR008,PRD00091,2,21335.5,0.0,42671.0,31009.16,Debit Card,Regular
SAL20250061646,2025-07-18,STR034,PRD00093,1,12459.16,0.0,12459.16,9704.07,Net Banking,Walk-in
SAL20250061647,2025-07-30,STR009,PRD00946,5,937.06,0.0,4685.3,2627.9,Credit Card,Walk-in
SAL20250061648,2025-07-03,STR020,PRD00855,1,2084.62,0.0,2084.62,1525.55,Credit Card,Regular
SAL20250061649,2025-07-12,STR003,PRD00359,1,1383.56,0.1,1245.2,643.64,UPI,Walk-in
SAL20250061650,2025-07-16,STR017,PRD01167,1,1364.58,0.0,1364.58,835.66,Debit Card,Walk-in
SAL20250061651,2025-07-10,STR022,PRD01152,2,2969.91,0.0,5939.82,2757.4,Credit Card,Walk-in
SAL20250061652,2025-07-03,STR024,PRD00355,1,304.11,0.0,304.11,163.8,UPI,Walk-in
SAL20250061653,2025-07-20,STR030,PRD00084,1,11056.09,0.0,11056.09,8293.77,Credit Card,Walk-in
SAL20250061654,2025-07-15,STR025,PRD00845,1,2226.26,0.0,2226.26,1523.41,Cash,Walk-in
SAL20250061655,2025-07-03,STR027,PRD00259,1,1699.09,0.0,1699.09,1233.0,UPI,Regular
SAL20250061656,2025-07-17,STR010,PRD00633,1,365.95,0.0,365.95,212.9,UPI,Corporate
SAL20250061657,2025-07-17,STR032,PRD00552,3,296.06,0.0,888.18,584.82,UPI,Walk-in
SAL20250061658,2025-07-05,STR020,PRD00356,1,1354.34,0.1,1218.91,734.18,Cash,Regular
SAL20250061659,2025-07-04,STR017,PRD00945,2,871.49,0.0,1742.98,1100.48,UPI,Premium
SAL20250061660,2025-07-20,STR036,PRD01165,1,6335.51,0.0,6335.51,3028.69,Debit Card,Regular
SAL20250061661,2025-07-23,STR022,PRD01101,2,4929.57,0.0,9859.14,5336.34,UPI,Regular
SAL20250061662,2025-07-02,STR026,PRD00255,1,3159.1,0.0,3159.1,2283.27,UPI,Regular
SAL20250061663,2025-07-11,STR003,PRD01091,1,5878.46,0.0,5878.46,2808.85,UPI,Walk-in
SAL20250061664,2025-07-03,STR033,PRD00251,1,10660.28,0.0,10660.28,7306.06,UPI,Premium
SAL20250061665,2025-07-29,STR004,PRD00611,1,51.03,0.0,51.03,37.81,Credit Card,Regular
SAL20250061666,2025-07-07,STR036,PRD00809,1,1418.3,0.0,1418.3,895.74,Credit Card,Regular
SAL20250061667,2025-07-15,STR013,PRD00410,2,245.81,0.0,491.62,385.52,Cash,Walk-in
SAL20250061668,2025-07-03,STR008,PRD00835,1,1480.55,0.0,1480.55,1008.2,Cash,Walk-in
SAL20250061669,2025-07-31,STR015,PRD00733,1,3579.07,0.0,3579.07,2186.97,Cash,Regular
SAL20250061670,2025-07-11,STR008,PRD00929,4,3367.15,0.0,13468.6,8144.96,Debit Card,Regular
SAL20250061671,2025-07-07,STR023,PRD00473,1,113.62,0.0,113.62,94.83,UPI,Corporate
SAL20250061672,2025-07-18,STR041,PRD00007,1,20090.22,0.0,20090.22,15462.2,Net Banking,Walk-in
SAL20250061673,2025-07-12,STR017,PRD00084,2,11056.09,0.0,22112.18,16587.54,Debit Card,Walk-in
SAL20250061674,2025-07-26,STR016,PRD00460,1,816.3,0.0,816.3,667.77,UPI,Premium
SAL20250061675,2025-07-20,STR010,PRD00585,1,401.86,0.0,401.86,289.65,UPI,Regular
SAL20250061676,2025-07-20,STR006,PRD01095,2,4795.88,0.0,9591.76,5241.94,UPI,Regular
SAL20250061677,2025-07-15,STR016,PRD01155,2,7374.97,0.0,14749.94,7321.82,UPI,Walk-in
SAL20250061678,2025-07-19,STR004,PRD00111,1,16671.18,0.0,16671.18,12693.98,UPI,Walk-in
SAL20250061679,2025-07-15,STR015,PRD00671,1,327.72,0.0,327.72,208.01,Debit Card,Walk-in
SAL20250061680,2025-07-31,STR039,PRD00990,2,577.78,0.0,1155.56,701.58,Debit Card,Regular
SAL20250061681,2025-07-09,STR029,PRD00652,5,210.65,0.1,947.93,685.0,Debit Card,Corporate
SAL20250061682,2025-07-15,STR022,PRD00059,1,15692.67,0.0,15692.67,12269.76,Credit Card,Regular
SAL20250061683,2025-07-13,STR013,PRD00978,3,172.32,0.0,516.96,321.96,UPI,Walk-in
SAL20250061684,2025-07-26,STR017,PRD00378,1,667.36,0.0,667.36,365.54,Net Banking,Regular
SAL20250061685,2025-07-21,STR025,PRD00214,1,9551.75,0.0,9551.75,6869.66,Credit Card,Walk-in
SAL20250061686,2025-07-24,STR032,PRD00091,1,21335.5,0.0,21335.5,15504.58,Cash,Walk-in
SAL20250061687,2025-07-07,STR031,PRD00153,1,12724.66,0.0,12724.66,7922.12,Credit Card,Walk-in
SAL20250061688,2025-07-05,STR032,PRD00167,1,8410.2,0.1,7569.18,5523.21,Debit Card,Walk-in
SAL20250061689,2025-07-20,STR024,PRD01079,1,323.52,0.0,323.52,191.54,Debit Card,Premium
SAL20250061690,2025-07-18,STR017,PRD01139,2,4060.77,0.0,8121.54,3689.12,UPI,Regular
SAL20250061691,2025-07-26,STR025,PRD00876,2,2635.68,0.0,5271.36,3596.76,UPI,Regular
SAL20250061692,2025-07-14,STR029,PRD00394,3,327.5,0.05,933.38,655.53,Credit Card,Regular
SAL20250061693,2025-07-26,STR032,PRD00872,1,467.45,0.0,467.45,333.62,Credit Card,Regular
SAL20250061694,2025-07-16,STR034,PRD00126,1,8140.39,0.0,8140.39,6131.32,UPI,Walk-in
SAL20250061695,2025-07-16,STR003,PRD00673,1,2685.18,0.0,2685.18,1698.29,UPI,Premium
SAL20250061696,2025-07-25,STR030,PRD00359,1,1383.56,0.1,1245.2,643.64,UPI,Walk-in
SAL20250061697,2025-07-10,STR040,PRD00924,4,261.16,0.0,1044.64,778.0,Credit Card,Regular
SAL20250061698,2025-07-11,STR040,PRD00162,1,9916.48,0.0,9916.48,6686.04,UPI,Walk-in
SAL20250061699,2025-07-27,STR017,PRD00999,5,1102.59,0.0,5512.95,2934.25,UPI,Regular
SAL20250061700,2025-07-24,STR011,PRD00482,1,411.59,0.0,411.59,344.12,UPI,Regular
SAL20250061701,2025-07-24,STR041,PRD00873,1,687.87,0.0,687.87,491.45,UPI,Regular
SAL20250061702,2025-07-08,STR027,PRD01165,3,6335.51,0.0,19006.53,9086.07,UPI,Walk-in
SAL20250061703,2025-07-27,STR012,PRD00581,2,310.86,0.0,621.72,397.42,Debit Card,Regular
SAL20250061704,2025-07-17,STR011,PRD00748,1,2656.98,0.0,2656.98,1815.38,Credit Card,Regular
SAL20250061705,2025-07-08,STR020,PRD00929,2,3367.15,0.0,6734.3,4072.48,Credit Card,Walk-in
SAL20250061706,2025-07-18,STR007,PRD00990,1,577.78,0.0,577.78,350.79,Net Banking,Regular
SAL20250061707,2025-07-26,STR018,PRD00179,3,5253.14,0.05,14971.45,9622.62,Debit Card,Regular
SAL20250061708,2025-07-14,STR031,PRD00445,3,417.63,0.0,1252.89,1005.81,UPI,Walk-in
SAL20250061709,2025-07-23,STR016,PRD00320,1,273.23,0.0,273.23,149.99,UPI,Walk-in
SAL20250061710,2025-07-15,STR013,PRD00360,1,505.68,0.0,505.68,239.22,Net Banking,Walk-in
SAL20250061711,2025-07-29,STR041,PRD01094,1,7758.5,0.0,7758.5,3797.17,UPI,Premium
SAL20250061712,2025-07-24,STR010,PRD00315,2,452.88,0.0,905.76,562.88,UPI,Regular
SAL20250061713,2025-07-25,STR004,PRD00844,1,3943.03,0.0,3943.03,2224.57,Credit Card,Premium
SAL20250061714,2025-07-22,STR003,PRD00993,4,168.95,0.0,675.8,347.68,Credit Card,Regular
SAL20250061715,2025-07-04,STR015,PRD00147,2,10113.79,0.0,20227.58,12598.46,UPI,Walk-in
SAL20250061716,2025-07-09,STR012,PRD00136,1,8242.41,0.0,8242.41,5641.21,Debit Card,Regular
SAL20250061717,2025-07-04,STR007,PRD01068,1,5954.4,0.0,5954.4,3495.2,Credit Card,Regular
SAL20250061718,2025-07-26,STR007,PRD00574,1,560.83,0.0,560.83,338.56,Credit Card,Premium
SAL20250061719,2025-07-14,STR007,PRD00511,2,709.29,0.0,1418.58,1118.36,UPI,Regular
SAL20250061720,2025-07-06,STR025,PRD01169,1,6625.23,0.0,6625.23,4001.41,UPI,Regular
SAL20250061721,2025-07-13,STR027,PRD01185,1,2223.59,0.0,2223.59,924.85,Debit Card,Regular
SAL20250061722,2025-07-05,STR003,PRD01088,1,4543.5,0.0,4543.5,1992.55,Credit Card,Walk-in
SAL20250061723,2025-07-10,STR037,PRD00042,1,15775.49,0.0,15775.49,11939.67,Cash,Regular
SAL20250061724,2025-07-11,STR031,PRD00214,1,9551.75,0.05,9074.16,6869.66,Credit Card,Premium
SAL20250061725,2025-07-26,STR034,PRD00090,1,8184.6,0.0,8184.6,5556.86,Cash,Walk-in
SAL20250061726,2025-07-04,STR027,PRD01139,3,4060.77,0.0,12182.31,5533.68,Cash,Regular
SAL20250061727,2025-07-05,STR033,PRD00218,1,7357.64,0.0,7357.64,5051.02,UPI,Regular
SAL20250061728,2025-07-05,STR023,PRD00670,3,3171.53,0.0,9514.59,5744.76,UPI,Walk-in
SAL20250061729,2025-07-08,STR030,PRD00521,5,947.8,0.0,4739.0,4163.0,Debit Card,Walk-in
SAL20250061730,2025-07-09,STR028,PRD00743,2,1675.83,0.0,3351.66,2263.12,Debit Card,Regular
SAL20250061731,2025-07-12,STR008,PRD00113,1,16350.49,0.0,16350.49,11876.29,Credit Card,Walk-in
SAL20250061732,2025-07-15,STR018,PRD01146,1,2954.25,0.0,2954.25,1488.77,UPI,Walk-in
SAL20250061733,2025-07-13,STR023,PRD00968,1,316.7,0.0,316.7,158.76,UPI,Regular
SAL20250061734,2025-07-06,STR005,PRD00031,1,18632.2,0.0,18632.2,13903.81,Credit Card,Regular
SAL20250061735,2025-07-08,STR034,PRD00949,2,855.15,0.0,1710.3,1133.7,Credit Card,Regular
SAL20250061736,2025-07-20,STR020,PRD00868,1,1450.33,0.0,1450.33,912.21,UPI,Premium
SAL20250061737,2025-07-31,STR013,PRD00809,3,1418.3,0.05,4042.15,2687.22,UPI,Regular
SAL20250061738,2025-07-13,STR024,PRD00977,4,417.51,0.0,1670.04,1129.12,Credit Card,Premium
SAL20250061739,2025-07-29,STR008,PRD00260,1,8853.62,0.0,8853.62,5607.87,Debit Card,Regular
SAL20250061740,2025-07-26,STR008,PRD00094,1,15405.56,0.0,15405.56,12408.34,UPI,Walk-in
SAL20250061741,2025-07-29,STR009,PRD00211,2,6731.6,0.05,12790.04,9850.1,UPI,Regular
SAL20250061742,2025-07-20,STR015,PRD00664,1,181.84,0.1,163.66,109.21,UPI,Walk-in
SAL20250061743,2025-07-04,STR029,PRD01149,4,4599.19,0.0,18396.76,9339.08,UPI,Regular
SAL20250061744,2025-07-08,STR021,PRD00140,1,6378.06,0.1,5740.25,4851.7,Debit Card,Premium
SAL20250061745,2025-07-25,STR028,PRD00479,3,303.49,0.0,910.47,766.83,UPI,Regular
SAL20250061746,2025-07-28,STR025,PRD00262,1,10754.4,0.0,10754.4,8063.44,UPI,Regular
SAL20250061747,2025-07-27,STR029,PRD00504,2,1118.52,0.0,2237.04,1868.48,UPI,Walk-in
SAL20250061748,2025-07-18,STR014,PRD01134,1,5914.46,0.05,5618.74,2929.32,UPI,Walk-in
SAL20250061749,2025-07-12,STR005,PRD00439,4,122.61,0.1,441.4,382.44,Credit Card,Walk-in
SAL20250061750,2025-07-16,STR011,PRD00821,3,2784.44,0.0,8353.32,4747.23,Credit Card,Regular
SAL20250061751,2025-07-20,STR016,PRD00278,1,439.84,0.0,439.84,292.07,Credit Card,Regular
SAL20250061752,2025-07-05,STR009,PRD00984,1,34.1,0.0,34.1,20.02,UPI,Regular
SAL20250061753,2025-07-10,STR014,PRD00587,5,250.15,0.1,1125.67,858.95,Credit Card,Regular
SAL20250061754,2025-07-22,STR040,PRD00319,2,746.89,0.0,1493.78,927.62,Net Banking,Walk-in
SAL20250061755,2025-07-30,STR002,PRD00529,1,569.27,0.0,569.27,490.31,UPI,Walk-in
SAL20250061756,2025-07-02,STR037,PRD00881,2,802.33,0.1,1444.19,1067.02,UPI,Walk-in
SAL20250061757,2025-07-03,STR029,PRD00750,1,3884.81,0.0,3884.81,2144.98,UPI,Premium
SAL20250061758,2025-07-09,STR029,PRD00308,1,373.95,0.0,373.95,260.57,UPI,Regular
SAL20250061759,2025-07-28,STR022,PRD00401,2,743.9,0.0,1487.8,1256.8,UPI,Regular
SAL20250061760,2025-07-21,STR019,PRD00546,1,854.43,0.0,854.43,473.9,UPI,Walk-in
SAL20250061761,2025-07-26,STR036,PRD00950,1,184.59,0.0,184.59,127.31,UPI,Regular
SAL20250061762,2025-07-21,STR011,PRD01126,1,2931.04,0.0,2931.04,1651.37,UPI,Regular
SAL20250061763,2025-07-18,STR027,PRD00242,1,3336.56,0.0,3336.56,2557.66,Debit Card,Regular
SAL20250061764,2025-07-24,STR021,PRD00223,1,11271.43,0.0,11271.43,7014.79,Debit Card,Walk-in
SAL20250061765,2025-07-17,STR021,PRD00105,1,9145.0,0.05,8687.75,7010.14,UPI,Regular
SAL20250061766,2025-07-23,STR021,PRD01065,1,936.71,0.0,936.71,478.36,UPI,Walk-in
SAL20250061767,2025-07-14,STR002,PRD00222,1,8948.67,0.0,8948.67,6580.84,Cash,Regular
SAL20250061768,2025-07-16,STR018,PRD00586,2,648.21,0.0,1296.42,880.02,Cash,Premium
SAL20250061769,2025-07-05,STR003,PRD00822,1,3937.8,0.0,3937.8,2399.9,UPI,Regular
SAL20250061770,2025-07-28,STR041,PRD00092,1,6575.52,0.0,6575.52,4677.68,UPI,Walk-in
SAL20250061771,2025-07-09,STR009,PRD00133,2,10102.94,0.1,18185.29,13361.56,Credit Card,Corporate
SAL20250061772,2025-07-24,STR019,PRD00789,2,4846.68,0.0,9693.36,5869.82,UPI,Regular
SAL20250061773,2025-07-02,STR038,PRD00057,1,2490.08,0.1,2241.07,2005.73,UPI,Premium
SAL20250061774,2025-07-09,STR005,PRD00913,1,3252.33,0.1,2927.1,2160.5,UPI,Walk-in
SAL20250061775,2025-07-17,STR001,PRD00721,1,2330.52,0.0,2330.52,1727.63,Credit Card,Regular
SAL20250061776,2025-07-31,STR037,PRD00177,1,10270.98,0.0,10270.98,7398.07,UPI,Walk-in
SAL20250061777,2025-07-23,STR034,PRD00692,1,1997.13,0.0,1997.13,1445.9,Credit Card,Premium
SAL20250061778,2025-07-12,STR009,PRD00466,1,725.28,0.0,725.28,629.72,Debit Card,Premium
SAL20250061779,2025-07-29,STR004,PRD00806,2,330.79,0.0,661.58,373.26,Net Banking,Premium
SAL20250061780,2025-07-27,STR023,PRD00181,1,4428.73,0.0,4428.73,3239.36,UPI,Walk-in
SAL20250061781,2025-07-24,STR011,PRD01091,2,5878.46,0.0,11756.92,5617.7,UPI,Corporate
SAL20250061782,2025-07-28,STR021,PRD00967,10,44.43,0.0,444.3,285.4,UPI,Walk-in
SAL20250061783,2025-07-11,STR015,PRD01127,2,730.99,0.0,1461.98,638.78,Cash,Premium
SAL20250061784,2025-07-29,STR002,PRD00059,1,15692.67,0.05,14908.04,12269.76,UPI,Regular
SAL20250061785,2025-07-11,STR010,PRD00146,1,5953.14,0.1,5357.83,4155.91,Credit Card,Walk-in
SAL20250061786,2025-07-08,STR005,PRD00250,1,3877.74,0.1,3489.97,2737.07,UPI,Walk-in
SAL20250061787,2025-07-31,STR028,PRD00344,1,702.67,0.1,632.4,433.6,Credit Card,Premium
SAL20250061788,2025-07-15,STR032,PRD00252,3,10910.07,0.0,32730.21,22569.75,Cash,Premium
SAL20250061789,2025-07-02,STR008,PRD00242,1,3336.56,0.05,3169.73,2557.66,Credit Card,Regular
SAL20250061790,2025-07-03,STR018,PRD00359,2,1383.56,0.0,2767.12,1287.28,UPI,Walk-in
SAL20250061791,2025-07-25,STR003,PRD00455,1,683.36,0.0,683.36,563.47,Credit Card,Premium
SAL20250061792,2025-07-16,STR029,PRD01188,1,2837.24,0.05,2695.38,1686.24,Net Banking,Walk-in
SAL20250061793,2025-07-02,STR006,PRD00295,1,1024.45,0.0,1024.45,568.49,UPI,Regular
SAL20250061794,2025-07-23,STR037,PRD00840,1,2736.67,0.0,2736.67,1682.08,Credit Card,Regular
SAL20250061795,2025-07-01,STR005,PRD00752,1,4535.72,0.0,4535.72,3022.89,Credit Card,Regular
SAL20250061796,2025-07-03,STR015,PRD00478,4,959.84,0.0,3839.36,3249.04,UPI,Premium
SAL20250061797,2025-07-25,STR031,PRD00589,2,435.23,0.0,870.46,508.08,UPI,Premium
SAL20250061798,2025-07-13,STR005,PRD00720,2,3749.56,0.0,7499.12,4209.9,Debit Card,Walk-in
SAL20250061799,2025-07-28,STR016,PRD00216,2,11614.64,0.05,22067.82,14453.56,Cash,Walk-in
SAL20250061800,2025-07-20,STR005,PRD00175,1,11344.22,0.0,11344.22,7434.87,Cash,Walk-in
SAL20250061801,2025-07-28,STR036,PRD00997,1,893.9,0.0,893.9,624.69,UPI,Walk-in
SAL20250061802,2025-07-17,STR025,PRD01026,1,512.0,0.0,512.0,341.95,Credit Card,Premium
SAL20250061803,2025-07-07,STR020,PRD00053,1,3304.53,0.0,3304.53,2309.51,Credit Card,Walk-in
SAL20250061804,2025-07-06,STR017,PRD00337,2,1047.01,0.05,1989.32,1462.86,UPI,Corporate
SAL20250061805,2025-07-12,STR040,PRD00758,3,4375.02,0.0,13125.06,9504.81,Net Banking,Regular
SAL20250061806,2025-07-06,STR009,PRD00354,1,1099.31,0.0,1099.31,649.66,Debit Card,Regular
SAL20250061807,2025-07-15,STR024,PRD01171,2,6541.96,0.0,13083.92,5247.78,UPI,Premium
SAL20250061808,2025-07-04,STR026,PRD01081,1,7442.0,0.0,7442.0,3523.33,UPI,Walk-in
SAL20250061809,2025-07-19,STR005,PRD00285,3,1499.26,0.05,4272.89,2306.28,Credit Card,Walk-in
SAL20250061810,2025-07-20,STR010,PRD00655,1,75.89,0.05,72.1,47.15,UPI,Regular
SAL20250061811,2025-07-10,STR040,PRD00937,5,262.48,0.0,1312.4,887.8,Credit Card,Regular
SAL20250061812,2025-07-15,STR024,PRD00110,1,26501.66,0.0,26501.66,18492.65,Credit Card,Walk-in
SAL20250061813,2025-07-14,STR015,PRD00881,3,802.33,0.0,2406.99,1600.53,UPI,Regular
SAL20250061814,2025-07-01,STR002,PRD00857,1,3027.87,0.0,3027.87,2160.84,Cash,Regular
SAL20250061815,2025-07-27,STR034,PRD00741,2,2848.85,0.0,5697.7,4057.78,Debit Card,Walk-in
SAL20250061816,2025-07-12,STR038,PRD00524,3,128.85,0.05,367.22,319.5,Debit Card,Regular
SAL20250061817,2025-07-24,STR017,PRD00198,1,4266.35,0.05,4053.03,2976.38,UPI,Walk-in
SAL20250061818,2025-07-29,STR008,PRD00298,1,1012.57,0.0,1012.57,666.12,Cash,Walk-in
SAL20250061819,2025-07-18,STR037,PRD00556,5,634.75,0.0,3173.75,2354.9,UPI,Walk-in
SAL20250061820,2025-07-01,STR004,PRD00785,1,4604.98,0.1,4144.48,2754.83,Debit Card,Walk-in
SAL20250061821,2025-07-26,STR009,PRD00726,2,2171.72,0.0,4343.44,2995.7,Credit Card,Walk-in
SAL20250061822,2025-07-28,STR020,PRD00326,2,1442.32,0.1,2596.18,1362.86,UPI,Regular
SAL20250061823,2025-07-23,STR035,PRD00938,4,622.57,0.1,2241.25,1309.32,Credit Card,Premium
SAL20250061824,2025-07-27,STR010,PRD01148,1,584.33,0.1,525.9,241.48,UPI,Regular
SAL20250061825,2025-07-05,STR010,PRD00126,1,8140.39,0.0,8140.39,6131.32,UPI,Walk-in
SAL20250061826,2025-07-31,STR024,PRD00880,2,430.21,0.0,860.42,587.88,UPI,Walk-in
SAL20250061827,2025-07-09,STR012,PRD00506,4,725.03,0.0,2900.12,2316.4,Credit Card,Walk-in
SAL20250061828,2025-07-02,STR031,PRD01183,2,7827.71,0.0,15655.42,6664.0,Credit Card,Premium
SAL20250061829,2025-07-10,STR021,PRD00862,1,1883.72,0.0,1883.72,1142.54,Net Banking,Walk-in
SAL20250061830,2025-07-26,STR013,PRD00055,1,18236.77,0.05,17324.93,12233.04,UPI,Walk-in
SAL20250061831,2025-07-16,STR037,PRD00480,1,103.25,0.0,103.25,86.17,UPI,Regular
SAL20250061832,2025-07-09,STR031,PRD00553,2,150.28,0.0,300.56,174.22,Cash,Regular
SAL20250061833,2025-07-19,STR007,PRD00583,10,704.61,0.0,7046.1,4375.9,Net Banking,Walk-in
SAL20250061834,2025-07-29,STR013,PRD00377,1,1177.54,0.0,1177.54,822.72,UPI,Walk-in
SAL20250061835,2025-07-22,STR025,PRD00330,1,275.94,0.0,275.94,168.86,UPI,Premium
SAL20250061836,2025-07-30,STR016,PRD00894,1,2403.9,0.0,2403.9,1608.16,Cash,Regular
SAL20250061837,2025-07-29,STR024,PRD01022,2,1023.04,0.0,2046.08,1257.02,Net Banking,Regular
SAL20250061838,2025-07-24,STR011,PRD00013,2,17378.5,0.0,34757.0,25724.18,Debit Card,Walk-in
SAL20250061839,2025-07-13,STR018,PRD00746,1,2299.94,0.0,2299.94,1526.01,UPI,Regular
SAL20250061840,2025-07-28,STR005,PRD01164,4,2114.79,0.0,8459.16,4434.84,Credit Card,Regular
SAL20250061841,2025-07-03,STR011,PRD00013,1,17378.5,0.05,16509.58,12862.09,UPI,Walk-in
SAL20250061842,2025-07-03,STR007,PRD00213,1,7822.44,0.0,7822.44,5597.11,Credit Card,Regular
SAL20250061843,2025-07-17,STR023,PRD00579,10,398.71,0.0,3987.1,2921.7,Cash,Regular
SAL20250061844,2025-07-10,STR032,PRD01178,2,5467.45,0.1,9841.41,7033.06,Credit Card,Premium
SAL20250061845,2025-07-25,STR019,PRD00776,2,1145.74,0.0,2291.48,1369.52,Debit Card,Walk-in
SAL20250061846,2025-07-21,STR008,PRD00082,1,9499.68,0.0,9499.68,6552.44,UPI,Walk-in
SAL20250061847,2025-07-30,STR011,PRD00221,1,9230.37,0.0,9230.37,5770.89,Debit Card,Regular
SAL20250061848,2025-07-03,STR012,PRD00040,1,26675.54,0.0,26675.54,17487.01,Credit Card,Corporate
SAL20250061849,2025-07-31,STR001,PRD01009,3,52.33,0.0,156.99,88.17,UPI,Walk-in
SAL20250061850,2025-07-26,STR029,PRD00403,4,158.56,0.1,570.82,552.88,UPI,Walk-in
SAL20250061851,2025-07-23,STR006,PRD00899,1,2165.69,0.0,2165.69,1458.76,Credit Card,Premium
SAL20250061852,2025-07-24,STR007,PRD01116,1,792.37,0.0,792.37,396.32,Credit Card,Regular
SAL20250061853,2025-07-31,STR027,PRD00473,1,113.62,0.1,102.26,94.83,UPI,Walk-in
SAL20250061854,2025-07-22,STR001,PRD00619,1,215.37,0.0,215.37,139.33,UPI,Corporate
SAL20250061855,2025-07-19,STR031,PRD00838,1,1522.8,0.0,1522.8,1046.85,Debit Card,Premium
SAL20250061856,2025-07-18,STR011,PRD00806,1,330.79,0.0,330.79,186.63,UPI,Regular
SAL20250061857,2025-07-12,STR034,PRD01069,2,2127.71,0.05,4042.65,2167.7,Cash,Regular
SAL20250061858,2025-07-30,STR007,PRD01155,1,7374.97,0.0,7374.97,3660.91,UPI,Walk-in
SAL20250061859,2025-07-26,STR013,PRD00757,3,1608.8,0.0,4826.4,3113.61,Net Banking,Walk-in
SAL20250061860,2025-07-26,STR005,PRD00229,1,2013.93,0.0,2013.93,1348.9,Cash,Walk-in
SAL20250061861,2025-07-29,STR003,PRD00590,6,353.62,0.0,2121.72,1459.08,Credit Card,Premium
SAL20250061862,2025-07-01,STR026,PRD01093,2,4476.19,0.0,8952.38,5774.04,Cash,Regular
SAL20250061863,2025-07-27,STR014,PRD00695,3,2280.88,0.1,6158.38,3829.38,Credit Card,Walk-in
SAL20250061864,2025-07-19,STR002,PRD00877,1,1728.24,0.0,1728.24,1211.91,Cash,Regular
SAL20250061865,2025-07-24,STR038,PRD00863,1,1338.83,0.1,1204.95,745.06,UPI,Regular
SAL20250061866,2025-07-22,STR017,PRD01006,1,849.47,0.0,849.47,606.69,Credit Card,Regular
SAL20250061867,2025-07-10,STR031,PRD00361,1,1524.53,0.0,1524.53,825.7,Credit Card,Regular
SAL20250061868,2025-07-05,STR017,PRD00733,1,3579.07,0.0,3579.07,2186.97,UPI,Premium
SAL20250061869,2025-07-04,STR024,PRD00052,2,1655.5,0.0,3311.0,2274.16,UPI,Premium
SAL20250061870,2025-07-04,STR002,PRD00824,2,3034.92,0.0,6069.84,4333.06,UPI,Walk-in
SAL20250061871,2025-07-22,STR024,PRD00596,3,666.12,0.0,1998.36,1193.73,Credit Card,Regular
SAL20250061872,2025-07-17,STR005,PRD00528,4,1118.04,0.0,4472.16,3785.36,UPI,Regular
SAL20250061873,2025-07-02,STR034,PRD01155,1,7374.97,0.0,7374.97,3660.91,Net Banking,Premium
SAL20250061874,2025-07-26,STR016,PRD00090,1,8184.6,0.0,8184.6,5556.86,UPI,Regular
SAL20250061875,2025-07-11,STR037,PRD00199,3,1863.27,0.0,5589.81,4005.9,Cash,Premium
SAL20250061876,2025-07-26,STR030,PRD01194,2,6442.41,0.0,12884.82,7770.36,UPI,Walk-in
SAL20250061877,2025-07-19,STR027,PRD00156,1,1591.76,0.0,1591.76,1231.95,Credit Card,Regular
SAL20250061878,2025-07-24,STR022,PRD00102,1,21236.57,0.0,21236.57,16141.17,Credit Card,Regular
SAL20250061879,2025-07-09,STR022,PRD00035,1,7229.47,0.0,7229.47,4889.28,Credit Card,Regular
SAL20250061880,2025-07-13,STR037,PRD00054,2,16291.52,0.0,32583.04,23680.68,UPI,Regular
SAL20250061881,2025-07-12,STR003,PRD00867,2,798.49,0.0,1596.98,915.52,UPI,Regular
SAL20250061882,2025-07-02,STR007,PRD00058,1,3380.1,0.0,3380.1,2568.5,Credit Card,Premium
SAL20250061883,2025-07-03,STR021,PRD00171,1,6232.31,0.0,6232.31,4552.99,Debit Card,Regular
SAL20250061884,2025-07-08,STR022,PRD00046,1,12754.14,0.0,12754.14,8397.4,UPI,Regular
SAL20250061885,2025-07-22,STR004,PRD00688,4,2802.62,0.1,10089.43,8355.36,Credit Card,Corporate
SAL20250061886,2025-07-12,STR028,PRD00502,1,721.0,0.0,721.0,628.72,UPI,Walk-in
SAL20250061887,2025-07-17,STR018,PRD00381,1,931.15,0.0,931.15,531.28,UPI,Regular
SAL20250061888,2025-07-28,STR040,PRD00240,1,10596.37,0.0,10596.37,7390.73,Cash,Regular
SAL20250061889,2025-07-13,STR008,PRD00781,2,2809.53,0.0,5619.06,4141.68,Credit Card,Walk-in
SAL20250061890,2025-07-22,STR019,PRD00930,1,4102.13,0.0,4102.13,2365.34,UPI,Regular
SAL20250061891,2025-07-06,STR021,PRD00017,1,6386.7,0.0,6386.7,4504.98,Credit Card,Regular
SAL20250061892,2025-07-27,STR034,PRD00639,1,160.88,0.1,144.79,102.41,UPI,Regular
SAL20250061893,2025-07-12,STR026,PRD00358,3,873.37,0.0,2620.11,1400.01,Credit Card,Premium
SAL20250061894,2025-07-01,STR003,PRD00066,1,7423.58,0.05,7052.4,5820.76,Credit Card,Regular
SAL20250061895,2025-07-31,STR040,PRD00674,1,2861.74,0.0,2861.74,1590.59,Debit Card,Regular
SAL20250061896,2025-07-13,STR019,PRD00025,1,2348.16,0.05,2230.75,1617.05,Cash,Premium
SAL20250061897,2025-07-11,STR006,PRD00915,1,703.59,0.0,703.59,463.15,UPI,Regular
SAL20250061898,2025-07-22,STR036,PRD00377,3,1177.54,0.0,3532.62,2468.16,Credit Card,Regular
SAL20250061899,2025-07-06,STR011,PRD00100,1,14294.81,0.0,14294.81,9774.86,Debit Card,Regular
SAL20250061900,2025-07-22,STR007,PRD00828,1,765.4,0.05,727.13,443.0,UPI,Regular
SAL20250061901,2025-07-29,STR033,PRD01020,1,560.55,0.0,560.55,361.97,UPI,Regular
SAL20250061902,2025-07-20,STR039,PRD00436,1,630.05,0.0,630.05,507.7,UPI,Regular
SAL20250061903,2025-07-25,STR024,PRD00454,3,238.81,0.0,716.43,546.9,UPI,Premium
SAL20250061904,2025-07-14,STR022,PRD00514,3,1177.91,0.0,3533.73,2742.99,Cash,Regular
SAL20250061905,2025-07-05,STR032,PRD00224,1,4670.9,0.0,4670.9,3440.61,UPI,Premium
SAL20250061906,2025-07-29,STR020,PRD00448,1,612.68,0.05,582.05,518.56,Credit Card,Regular
SAL20250061907,2025-07-08,STR029,PRD00017,1,6386.7,0.1,5748.03,4504.98,UPI,Walk-in
SAL20250061908,2025-07-28,STR007,PRD01149,1,4599.19,0.0,4599.19,2334.77,Credit Card,Regular
SAL20250061909,2025-07-16,STR006,PRD00267,1,11328.41,0.0,11328.41,8001.59,Debit Card,Premium
SAL20250061910,2025-07-09,STR025,PRD00503,2,634.01,0.0,1268.02,1051.58,Credit Card,Regular
SAL20250061911,2025-07-19,STR005,PRD00236,1,5591.1,0.0,5591.1,3989.78,Debit Card,Walk-in
SAL20250061912,2025-07-17,STR001,PRD00638,2,188.95,0.0,377.9,230.42,Credit Card,Regular
SAL20250061913,2025-07-28,STR015,PRD00861,1,3212.99,0.1,2891.69,1773.8,Credit Card,Regular
SAL20250061914,2025-07-05,STR015,PRD00538,1,57.89,0.0,57.89,41.78,Credit Card,Regular
SAL20250061915,2025-07-08,STR016,PRD00815,3,2750.26,0.1,7425.7,5542.77,UPI,Regular
SAL20250061916,2025-07-29,STR039,PRD00024,1,23723.95,0.0,23723.95,15500.24,Cash,Premium
SAL20250061917,2025-07-02,STR015,PRD00227,2,5367.28,0.0,10734.56,7135.3,UPI,Walk-in
SAL20250061918,2025-07-31,STR034,PRD01182,1,9675.4,0.0,9675.4,4265.56,UPI,Walk-in
SAL20250061919,2025-07-06,STR023,PRD00516,1,653.26,0.0,653.26,502.56,UPI,Regular
SAL20250061920,2025-07-29,STR009,PRD00181,1,4428.73,0.0,4428.73,3239.36,UPI,Regular
SAL20250061921,2025-07-24,STR036,PRD00554,1,805.55,0.0,805.55,466.41,UPI,Walk-in
SAL20250061922,2025-07-14,STR035,PRD00301,1,189.19,0.1,170.27,130.27,Debit Card,Premium
SAL20250061923,2025-07-23,STR011,PRD00029,1,24663.79,0.0,24663.79,16157.43,Net Banking,Regular
SAL20250061924,2025-07-07,STR010,PRD01125,2,3015.8,0.0,6031.6,2846.86,UPI,Regular
SAL20250061925,2025-07-05,STR007,PRD01160,1,7696.75,0.0,7696.75,3490.84,UPI,Regular
SAL20250061926,2025-07-16,STR022,PRD01144,1,2397.7,0.05,2277.81,1426.02,Cash,Regular
SAL20250061927,2025-07-13,STR018,PRD00766,2,1923.71,0.0,3847.42,2735.98,Cash,Premium
SAL20250061928,2025-07-16,STR017,PRD00164,1,7383.75,0.0,7383.75,4728.61,Debit Card,Regular
SAL20250061929,2025-07-26,STR034,PRD00182,2,1682.57,0.0,3365.14,2289.1,Credit Card,Premium
SAL20250061930,2025-07-20,STR032,PRD00836,1,605.3,0.0,605.3,408.12,UPI,Walk-in
SAL20250061931,2025-07-25,STR037,PRD00325,1,1273.47,0.0,1273.47,587.01,UPI,Premium
SAL20250061932,2025-07-27,STR041,PRD00066,1,7423.58,0.0,7423.58,5820.76,UPI,Walk-in
SAL20250061933,2025-07-10,STR034,PRD00453,1,1257.16,0.0,1257.16,946.37,UPI,Regular
SAL20250061934,2025-07-10,STR038,PRD00846,1,1551.36,0.0,1551.36,1102.23,Credit Card,Walk-in
SAL20250061935,2025-07-25,STR031,PRD00498,3,178.55,0.0,535.65,414.45,UPI,Premium
SAL20250061936,2025-07-07,STR007,PRD00009,1,10580.64,0.0,10580.64,8344.51,Net Banking,Walk-in
SAL20250061937,2025-07-21,STR017,PRD00518,2,1000.64,0.05,1901.22,1536.86,Debit Card,Walk-in
SAL20250061938,2025-07-13,STR031,PRD00057,2,2490.08,0.1,4482.14,4011.46,Debit Card,Walk-in
SAL20250061939,2025-07-10,STR038,PRD00806,1,330.79,0.0,330.79,186.63,Credit Card,Premium
SAL20250061940,2025-07-28,STR033,PRD00898,3,3032.43,0.0,9097.29,5502.6,Credit Card,Corporate
SAL20250061941,2025-07-03,STR011,PRD00148,1,6813.06,0.0,6813.06,4694.28,UPI,Regular
SAL20250061942,2025-07-11,STR038,PRD00288,1,827.89,0.0,827.89,439.36,UPI,Regular
SAL20250061943,2025-07-20,STR015,PRD00025,2,2348.16,0.0,4696.32,3234.1,UPI,Walk-in
SAL20250061944,2025-07-31,STR008,PRD00043,1,22998.01,0.0,22998.01,15302.97,UPI,Regular
SAL20250061945,2025-07-18,STR013,PRD01014,2,1123.09,0.0,2246.18,1272.16,UPI,Regular
SAL20250061946,2025-07-07,STR002,PRD00963,3,93.93,0.0,281.79,191.28,UPI,Corporate
SAL20250061947,2025-07-16,STR021,PRD00139,1,2949.49,0.0,2949.49,1812.36,UPI,Regular
SAL20250061948,2025-07-12,STR008,PRD01036,4,177.81,0.0,711.24,500.68,Net Banking,Walk-in
SAL20250061949,2025-07-02,STR008,PRD00774,2,2102.71,0.0,4205.42,3098.54,Cash,Regular
SAL20250061950,2025-07-24,STR013,PRD01085,1,7889.14,0.0,7889.14,4136.29,Credit Card,Corporate
SAL20250061951,2025-07-10,STR026,PRD00068,1,10777.06,0.0,10777.06,8694.54,Credit Card,Walk-in
SAL20250061952,2025-07-23,STR017,PRD00726,4,2171.72,0.0,8686.88,5991.4,UPI,Regular
SAL20250061953,2025-07-19,STR010,PRD00050,1,20155.67,0.0,20155.67,16076.03,Cash,Walk-in
SAL20250061954,2025-07-21,STR009,PRD00279,1,704.62,0.0,704.62,445.92,Credit Card,Premium
SAL20250061955,2025-07-14,STR041,PRD00834,1,1440.43,0.0,1440.43,915.49,UPI,Regular
SAL20250061956,2025-07-02,STR017,PRD00306,1,1349.3,0.0,1349.3,771.94,Cash,Premium
SAL20250061957,2025-07-01,STR007,PRD00333,1,1043.83,0.1,939.45,554.4,Debit Card,Walk-in
SAL20250061958,2025-07-31,STR018,PRD00122,1,23504.26,0.0,23504.26,16366.57,Credit Card,Regular
SAL20250061959,2025-07-10,STR021,PRD01013,1,214.89,0.1,193.4,148.24,Cash,Corporate
SAL20250061960,2025-07-12,STR014,PRD00236,1,5591.1,0.05,5311.55,3989.78,Credit Card,Regular
SAL20250061961,2025-07-26,STR032,PRD00638,6,188.95,0.0,1133.7,691.26,Cash,Walk-in
SAL20250061962,2025-07-24,STR019,PRD00237,1,9971.54,0.0,9971.54,6463.12,UPI,Walk-in
SAL20250061963,2025-07-29,STR017,PRD00137,1,8245.04,0.0,8245.04,6423.44,Debit Card,Regular
SAL20250061964,2025-07-13,STR018,PRD00304,2,1052.14,0.0,2104.28,1447.62,Credit Card,Regular
SAL20250061965,2025-07-03,STR038,PRD00971,1,604.86,0.1,544.37,306.67,UPI,Walk-in
SAL20250061966,2025-07-02,STR027,PRD00670,1,3171.53,0.0,3171.53,1914.92,UPI,Regular
SAL20250061967,2025-07-24,STR003,PRD00928,3,2503.87,0.0,7511.61,5437.59,UPI,Regular
SAL20250061968,2025-07-12,STR026,PRD00724,2,2856.14,0.0,5712.28,3188.82,Credit Card,Walk-in
SAL20250061969,2025-07-26,STR016,PRD00602,4,328.03,0.0,1312.12,829.12,UPI,Corporate
SAL20250061970,2025-07-18,STR011,PRD00140,1,6378.06,0.0,6378.06,4851.7,Credit Card,Regular
SAL20250061971,2025-07-13,STR006,PRD00803,2,2033.91,0.1,3661.04,2449.48,UPI,Walk-in
SAL20250061972,2025-07-13,STR040,PRD01071,1,5607.68,0.0,5607.68,3412.0,UPI,Regular
SAL20250061973,2025-07-25,STR040,PRD00713,1,4061.86,0.0,4061.86,2937.76,UPI,Regular
SAL20250061974,2025-07-06,STR024,PRD00114,1,17643.2,0.0,17643.2,12306.0,Credit Card,Regular
SAL20250061975,2025-07-01,STR002,PRD00757,1,1608.8,0.1,1447.92,1037.87,Credit Card,Regular
SAL20250061976,2025-07-09,STR015,PRD00475,1,749.71,0.0,749.71,568.96,Credit Card,Regular
SAL20250061977,2025-07-15,STR039,PRD00481,2,391.79,0.0,783.58,633.52,UPI,Regular
SAL20250061978,2025-07-18,STR019,PRD00477,3,121.21,0.0,363.63,292.98,Debit Card,Walk-in
SAL20250061979,2025-07-04,STR041,PRD00367,1,450.03,0.0,450.03,246.78,Credit Card,Premium
SAL20250061980,2025-07-27,STR030,PRD00516,1,653.26,0.0,653.26,502.56,UPI,Walk-in
SAL20250061981,2025-07-20,STR019,PRD00267,1,11328.41,0.0,11328.41,8001.59,UPI,Premium
SAL20250061982,2025-07-17,STR018,PRD00082,1,9499.68,0.05,9024.7,6552.44,Debit Card,Premium
SAL20250061983,2025-07-12,STR012,PRD00560,1,314.33,0.0,314.33,218.79,Debit Card,Walk-in
SAL20250061984,2025-07-06,STR002,PRD00915,2,703.59,0.0,1407.18,926.3,Credit Card,Premium
SAL20250061985,2025-07-09,STR023,PRD00782,1,3353.32,0.0,3353.32,1957.52,UPI,Regular
SAL20250061986,2025-07-01,STR037,PRD00919,1,3391.01,0.0,3391.01,2232.08,UPI,Walk-in
SAL20250061987,2025-07-30,STR021,PRD00525,1,76.55,0.0,76.55,66.45,Debit Card,Walk-in
SAL20250061988,2025-07-26,STR035,PRD01037,1,431.13,0.0,431.13,232.19,UPI,Regular
SAL20250061989,2025-07-18,STR018,PRD01100,1,6765.12,0.1,6088.61,4080.87,Credit Card,Premium
SAL20250061990,2025-07-09,STR022,PRD00626,6,125.9,0.0,755.4,455.58,UPI,Walk-in
SAL20250061991,2025-07-20,STR029,PRD00956,1,1028.6,0.05,977.17,572.0,UPI,Walk-in
SAL20250061992,2025-07-24,STR019,PRD00949,1,855.15,0.0,855.15,566.85,Credit Card,Regular
SAL20250061993,2025-07-18,STR026,PRD00391,1,716.46,0.0,716.46,347.41,UPI,Regular
SAL20250061994,2025-07-12,STR028,PRD00528,6,1118.04,0.1,6037.42,5678.04,UPI,Regular
SAL20250061995,2025-07-05,STR018,PRD00430,3,129.33,0.0,387.99,326.1,Credit Card,Regular
SAL20250061996,2025-07-20,STR021,PRD00308,2,373.95,0.0,747.9,521.14,Credit Card,Premium
SAL20250061997,2025-07-21,STR028,PRD00621,1,335.41,0.0,335.41,235.43,UPI,Walk-in
SAL20250061998,2025-07-04,STR006,PRD01090,1,4828.9,0.0,4828.9,3064.56,UPI,Walk-in
SAL20250061999,2025-07-30,STR018,PRD00384,2,1012.08,0.0,2024.16,1027.28,UPI,Regular
SAL20250062000,2025-07-16,STR036,PRD00126,1,8140.39,0.0,8140.39,6131.32,Credit Card,Regular
SAL20250062001,2025-07-07,STR033,PRD00192,1,3362.18,0.0,3362.18,2170.51,UPI,Walk-in
SAL20250062002,2025-07-10,STR016,PRD00341,1,977.08,0.0,977.08,605.56,UPI,Regular
SAL20250062003,2025-07-20,STR024,PRD00176,1,4757.11,0.0,4757.11,2887.26,UPI,Walk-in
SAL20250062004,2025-07-16,STR014,PRD00812,2,3142.68,0.0,6285.36,3646.6,UPI,Regular
SAL20250062005,2025-07-22,STR007,PRD00021,1,1822.47,0.0,1822.47,1333.8,UPI,Regular
SAL20250062006,2025-07-20,STR026,PRD00585,2,401.86,0.1,723.35,579.3,UPI,Walk-in
SAL20250062007,2025-07-13,STR040,PRD00897,3,3626.87,0.1,9792.55,7107.63,UPI,Regular
SAL20250062008,2025-07-09,STR006,PRD00858,1,1066.62,0.0,1066.62,695.16,Debit Card,Regular
SAL20250062009,2025-07-22,STR025,PRD00293,1,859.61,0.1,773.65,442.5,UPI,Premium
SAL20250062010,2025-07-07,STR025,PRD00480,2,103.25,0.0,206.5,172.34,Credit Card,Walk-in
SAL20250062011,2025-07-05,STR004,PRD00632,1,758.72,0.0,758.72,430.06,Cash,Premium
SAL20250062012,2025-07-26,,PRD00961,2,294.28,0.0,588.56,317.06,UPI,Regular
SAL20250062013,2025-07-04,STR003,PRD00984,1,34.1,0.0,34.1,20.02,UPI,Walk-in
SAL20250062014,2025-07-11,STR026,PRD00840,1,2736.67,0.0,2736.67,1682.08,UPI,Regular
SAL20250062015,2025-07-11,STR022,PRD01194,2,6442.41,0.0,12884.82,7770.36,UPI,Walk-in
SAL20250062016,2025-07-09,STR034,PRD00418,1,378.6,0.1,340.74,315.43,UPI,Premium
SAL20250062017,2025-07-20,STR036,PRD00031,1,18632.2,0.0,18632.2,13903.81,Credit Card,Regular
SAL20250062018,2025-07-01,STR027,PRD00415,1,345.23,0.0,345.23,286.19,UPI,Premium
SAL20250062019,2025-07-30,STR017,PRD00007,1,20090.22,0.0,20090.22,15462.2,Debit Card,Regular
SAL20250062020,2025-07-22,STR020,PRD00345,1,670.76,0.0,670.76,393.88,UPI,Walk-in
SAL20250062021,2025-07-20,STR031,PRD00353,2,948.44,0.0,1896.88,1059.62,Cash,Walk-in
SAL20250062022,2025-07-20,STR015,PRD00655,1,75.89,0.0,75.89,47.15,Credit Card,Regular
SAL20250062023,2025-07-05,STR010,PRD00589,1,435.23,0.0,435.23,254.04,Debit Card,Regular
SAL20250062024,2025-07-24,STR022,PRD00901,1,3120.68,0.0,3120.68,2071.57,Credit Card,Regular
SAL20250062025,2025-07-14,STR036,PRD00540,2,550.54,0.0,1101.08,777.24,Net Banking,Walk-in
SAL20250062026,2025-07-28,STR041,PRD00049,1,4540.51,0.0,4540.51,3028.11,Net Banking,Regular
SAL20250062027,2025-07-13,STR010,PRD00286,2,390.77,0.0,781.54,506.68,Debit Card,Walk-in
SAL20250062028,2025-07-11,STR012,PRD00645,6,456.66,0.0,2739.96,1982.52,UPI,Premium
SAL20250062029,2025-07-20,STR027,PRD00756,4,3090.95,0.0,12363.8,8833.6,Credit Card,Walk-in
SAL20250062030,2025-07-25,STR014,PRD01191,2,6431.83,0.0,12863.66,8022.98,UPI,Regular
SAL20250062031,2025-07-20,STR016,PRD00731,1,2513.85,0.0,2513.85,1582.05,UPI,Premium
SAL20250062032,2025-07-25,STR026,PRD00170,1,1380.75,0.0,1380.75,918.49,Debit Card,Regular
SAL20250062033,2025-07-03,STR027,PRD00117,1,5653.79,0.0,5653.79,4053.02,Credit Card,Regular
SAL20250062034,2025-07-04,STR033,PRD01061,2,1015.91,0.0,2031.82,1071.06,UPI,Regular
SAL20250062035,2025-07-29,STR031,PRD00544,1,114.7,0.05,108.97,82.74,Net Banking,Premium
SAL20250062036,2025-07-16,STR038,PRD00607,2,313.72,0.0,627.44,362.7,UPI,Regular
SAL20250062037,2025-07-27,STR033,PRD00428,3,311.12,0.0,933.36,734.25,Cash,Regular
SAL20250062038,2025-07-05,STR009,PRD00631,3,725.12,0.0,2175.36,1258.38,UPI,Regular
SAL20250062039,2025-07-27,STR024,PRD00096,1,1587.91,0.0,1587.91,1154.69,Cash,Walk-in
SAL20250062040,2025-07-02,STR035,PRD00562,1,671.35,0.0,671.35,471.47,UPI,Walk-in
SAL20250062041,2025-07-24,STR023,PRD00103,1,4104.09,0.0,4104.09,2941.45,UPI,Corporate
SAL20250062042,2025-07-15,STR022,PRD01192,3,7158.24,0.0,21474.72,12197.94,Credit Card,Regular
SAL20250062043,2025-07-13,STR022,PRD00473,2,113.62,0.0,227.24,189.66,UPI,Corporate
SAL20250062044,2025-07-12,STR019,PRD00456,1,215.04,0.0,215.04,169.99,Debit Card,Regular
SAL20250062045,2025-07-05,STR020,PRD01101,2,4929.57,0.0,9859.14,5336.34,Credit Card,Premium
SAL20250062046,2025-07-24,STR035,PRD00473,4,113.62,0.0,454.48,379.32,Cash,Walk-in
SAL20250062047,2025-07-08,STR040,PRD00641,2,499.93,0.05,949.87,666.24,Credit Card,Regular
SAL20250062048,2025-07-17,STR017,PRD00615,4,478.74,0.0,1914.96,1357.36,UPI,Regular
SAL20250062049,2025-07-26,STR025,PRD00601,1,50.1,0.0,50.1,30.82,Credit Card,Regular
SAL20250062050,2025-07-22,STR002,PRD00786,3,2271.94,0.1,6134.24,4600.47,Credit Card,Regular
SAL20250062051,2025-07-06,STR028,PRD00097,2,19452.93,0.0,38905.86,28875.72,Debit Card,Regular
SAL20250062052,2025-07-03,STR005,PRD00756,1,3090.95,0.0,3090.95,2208.4,UPI,Corporate
SAL20250062053,2025-07-10,STR014,PRD00763,1,3968.33,0.0,3968.33,2850.9,Debit Card,Walk-in
SAL20250062054,2025-07-11,STR001,PRD00763,2,3968.33,0.0,7936.66,5701.8,Cash,Regular
SAL20250062055,2025-07-12,STR025,PRD01029,2,762.26,0.0,1524.52,1086.72,UPI,Walk-in
SAL20250062056,2025-07-19,STR035,PRD01132,1,7393.47,0.0,7393.47,3891.12,UPI,Premium
SAL20250062057,2025-07-12,STR013,PRD00640,2,209.4,0.0,418.8,234.86,UPI,Regular
SAL20250062058,2025-07-14,STR011,PRD00492,2,431.72,0.0,863.44,724.08,Credit Card,Walk-in
SAL20250062059,2025-07-03,STR010,PRD00059,1,15692.67,0.0,15692.67,12269.76,UPI,Corporate
SAL20250062060,2025-07-24,STR013,PRD00942,2,93.87,0.1,168.97,123.46,UPI,Regular
SAL20250062061,2025-07-14,STR039,PRD00028,2,4027.15,0.0,8054.3,5282.74,UPI,Regular
SAL20250062062,2025-07-14,STR020,PRD00525,1,76.55,0.1,68.89,66.45,Credit Card,Regular
SAL20250062063,2025-07-02,STR012,PRD00439,2,122.61,0.0,245.22,191.22,UPI,Regular
SAL20250062064,2025-07-17,STR008,PRD00636,1,685.82,0.0,685.82,452.44,Debit Card,Walk-in
SAL20250062065,2025-07-24,STR005,PRD00737,2,1053.41,0.0,2106.82,1506.74,Debit Card,Regular
SAL20250062066,2025-07-23,STR030,PRD00157,1,5982.96,0.0,5982.96,4355.19,UPI,Walk-in
SAL20250062067,2025-07-27,STR011,PRD00463,3,933.21,0.0,2799.63,2242.41,UPI,Regular
SAL20250062068,2025-07-07,STR037,PRD00275,3,1560.95,0.0,4682.85,2543.7,UPI,Regular
SAL20250062069,2025-07-18,STR030,PRD00743,1,1675.83,0.0,1675.83,1131.56,Debit Card,Regular
SAL20250062070,2025-07-15,STR039,PRD01156,2,3916.29,0.0,7832.58,4535.54,UPI,Regular
SAL20250062071,2025-07-14,STR030,PRD00792,1,5089.33,0.0,5089.33,2925.34,Cash,Walk-in
SAL20250062072,2025-07-08,STR016,PRD00213,1,7822.44,0.0,7822.44,5597.11,Net Banking,Walk-in
SAL20250062073,2025-07-18,STR014,PRD01028,3,93.34,0.0,280.02,144.3,UPI,Walk-in
SAL20250062074,2025-07-03,STR015,PRD00507,3,259.46,0.0,778.38,646.05,Cash,Regular
SAL20250062075,2025-07-25,STR006,PRD00452,1,1046.75,0.0,1046.75,879.65,UPI,Regular
SAL20250062076,2025-07-16,STR030,PRD00273,1,1306.29,0.1,1175.66,758.87,UPI,Regular
SAL20250062077,2025-07-17,STR040,PRD00359,2,1383.56,0.05,2628.76,1287.28,Debit Card,Regular
SAL20250062078,2025-07-15,STR006,PRD00434,6,648.17,0.1,3500.12,3232.74,UPI,Regular
SAL20250062079,2025-07-26,STR006,PRD00255,3,3159.1,0.0,9477.3,6849.81,UPI,Premium
SAL20250062080,2025-07-30,STR029,PRD00862,1,1883.72,0.0,1883.72,1142.54,Credit Card,Regular
SAL20250062081,2025-07-06,STR030,PRD01184,1,6927.53,0.0,6927.53,3182.7,UPI,Regular
SAL20250062082,2025-07-16,STR001,PRD00951,1,594.37,0.0,594.37,352.38,UPI,Walk-in
SAL20250062083,2025-07-16,STR017,PRD00427,1,558.44,0.05,530.52,484.26,Debit Card,Premium
SAL20250062084,2025-07-29,STR024,PRD00106,1,3614.0,0.0,3614.0,2487.36,UPI,Premium
SAL20250062085,2025-07-11,STR026,PRD00840,1,2736.67,0.0,2736.67,1682.08,Net Banking,Premium
SAL20250062086,2025-07-30,STR036,PRD00643,1,345.09,0.0,345.09,217.6,Credit Card,Regular
SAL20250062087,2025-07-23,STR038,PRD00639,2,160.88,0.0,321.76,204.82,Debit Card,Walk-in
SAL20250062088,2025-07-13,STR017,PRD00790,3,1379.35,0.0,4138.05,2708.16,UPI,Regular
SAL20250062089,2025-07-04,STR017,PRD00551,1,585.58,0.0,585.58,430.57,UPI,Regular
SAL20250062090,2025-07-02,STR003,PRD00651,2,368.8,0.0,737.6,512.96,UPI,Premium
SAL20250062091,2025-07-24,STR015,PRD00931,1,1839.81,0.0,1839.81,1246.88,Debit Card,Regular
SAL20250062092,2025-07-22,STR005,PRD00237,1,9971.54,0.0,9971.54,6463.12,UPI,Walk-in
SAL20250062093,2025-07-25,STR038,PRD00084,1,11056.09,0.0,11056.09,8293.77,Credit Card,Regular
SAL20250062094,2025-07-25,STR022,PRD00677,1,1193.37,0.05,1133.7,833.49,UPI,Walk-in
SAL20250062095,2025-07-11,STR017,PRD00638,3,188.95,0.0,566.85,345.63,Debit Card,Regular
SAL20250062096,2025-07-29,STR041,PRD00947,3,413.13,0.05,1177.42,624.06,Cash,Walk-in
SAL20250062097,2025-07-21,STR008,PRD00995,2,585.44,0.0,1170.88,835.44,UPI,Walk-in
SAL20250062098,2025-07-13,STR035,PRD00193,1,5766.86,0.0,5766.86,4191.48,Debit Card,Corporate
SAL20250062099,2025-07-21,STR011,PRD01030,5,525.24,0.0,2626.2,1587.85,Net Banking,Walk-in
SAL20250062100,2025-07-12,STR011,PRD00008,3,14817.35,0.0,44452.05,31180.41,UPI,Walk-in
SAL20250062101,2025-07-04,STR029,PRD01020,1,560.55,0.0,560.55,361.97,UPI,Regular
SAL20250062102,2025-07-09,STR034,PRD00086,1,22194.93,0.0,22194.93,15176.58,UPI,Regular
SAL20250062103,2025-07-07,STR007,PRD00048,1,26663.85,0.0,26663.85,18297.1,UPI,Walk-in
SAL20250062104,2025-07-12,STR003,PRD01019,2,948.07,0.0,1896.14,979.5,UPI,Regular
SAL20250062105,2025-07-06,STR009,PRD00143,3,11610.06,0.0,34830.18,24174.18,Credit Card,Walk-in
SAL20250062106,2025-07-21,STR013,PRD00949,1,855.15,0.0,855.15,566.85,Credit Card,Regular
SAL20250062107,2025-07-01,STR027,PRD00818,1,2330.04,0.0,2330.04,1669.14,UPI,Regular
SAL20250062108,2025-07-22,STR025,PRD01044,1,762.23,0.1,686.01,544.48,UPI,Regular
SAL20250062109,2025-07-22,STR028,PRD00109,1,12280.41,0.0,12280.41,9316.5,UPI,Walk-in
SAL20250062110,2025-07-18,STR036,PRD01043,1,134.43,0.05,127.71,80.46,Debit Card,Corporate
SAL20250062111,2025-07-15,STR039,PRD00363,1,1443.62,0.0,1443.62,690.35,UPI,Walk-in
SAL20250062112,2025-07-30,STR018,PRD00865,1,2254.56,0.0,2254.56,1423.93,Net Banking,Premium
SAL20250062113,2025-07-10,STR039,PRD01017,1,1092.19,0.0,1092.19,591.69,UPI,Walk-in
SAL20250062114,2025-07-22,STR035,PRD00800,1,478.19,0.0,478.19,324.59,Credit Card,Walk-in
SAL20250062115,2025-07-28,STR025,PRD00292,1,975.97,0.0,975.97,491.67,Cash,Corporate
SAL20250062116,2025-07-04,STR005,PRD00855,1,2084.62,0.0,2084.62,1525.55,Credit Card,Walk-in
SAL20250062117,2025-07-06,STR015,PRD00777,1,3515.65,0.05,3339.87,1941.78,UPI,Walk-in
SAL20250062118,2025-07-23,STR028,PRD00764,1,3332.71,0.0,3332.71,1836.11,UPI,Walk-in
SAL20250062119,2025-07-01,STR001,PRD00226,1,3456.4,0.05,3283.58,2122.01,Credit Card,Regular
SAL20250062120,2025-07-24,STR016,PRD01148,2,584.33,0.05,1110.23,482.96,Debit Card,Regular
SAL20250062121,2025-07-11,STR020,PRD00762,2,1596.23,0.0,3192.46,1819.72,Cash,Regular
SAL20250062122,2025-07-13,STR015,PRD00696,3,1599.77,0.1,4319.38,3240.06,Credit Card,Premium
SAL20250062123,2025-07-19,STR004,PRD00032,1,19217.6,0.0,19217.6,14800.0,Net Banking,Regular
SAL20250062124,2025-07-26,STR029,PRD00465,2,578.8,0.0,1157.6,885.6,UPI,Regular
SAL20250062125,2025-07-30,STR025,PRD00891,1,506.36,0.0,506.36,373.69,Credit Card,Regular
SAL20250062126,2025-07-24,STR034,PRD00574,2,560.83,0.0,1121.66,677.12,Debit Card,Regular
SAL20250062127,2025-07-12,STR027,PRD00137,2,8245.04,0.0,16490.08,12846.88,UPI,Walk-in
SAL20250062128,2025-07-17,STR013,PRD00236,1,5591.1,0.0,5591.1,3989.78,UPI,Premium
SAL20250062129,2025-07-26,STR012,PRD00392,1,436.74,0.0,436.74,242.28,UPI,Regular
SAL20250062130,2025-07-03,STR010,PRD00908,2,2285.46,0.0,4570.92,2680.12,Cash,Walk-in
SAL20250062131,2025-07-02,STR032,PRD00719,1,4808.67,0.05,4568.24,2759.21,Cash,Regular
SAL20250062132,2025-07-18,STR035,PRD01151,1,7065.61,0.0,7065.61,3374.36,Debit Card,Regular
SAL20250062133,2025-07-23,STR006,PRD00038,1,2962.9,0.0,2962.9,2113.53,Credit Card,Walk-in
SAL20250062134,2025-07-13,STR029,PRD00566,2,655.12,0.0,1310.24,846.24,Credit Card,Corporate
SAL20250062135,2025-07-22,STR011,PRD00239,1,6180.81,0.1,5562.73,4556.06,UPI,Regular
SAL20250062136,2025-07-15,STR008,PRD00328,4,1206.9,0.0,4827.6,2476.04,UPI,Premium
SAL20250062137,2025-07-18,STR015,PRD00567,2,365.44,0.0,730.88,453.92,Net Banking,Walk-in
SAL20250062138,2025-07-22,STR034,PRD01189,4,5263.0,0.1,18946.8,8949.48,UPI,Regular
SAL20250062139,2025-07-14,STR031,PRD00012,1,5255.98,0.0,5255.98,4121.35,UPI,Regular
SAL20250062140,2025-07-02,STR032,PRD00464,1,598.64,0.0,598.64,458.49,Cash,Regular
SAL20250062141,2025-07-31,STR013,PRD00180,1,3550.84,0.0,3550.84,2526.78,UPI,Regular
SAL20250062142,2025-07-07,STR001,PRD00888,1,2557.48,0.0,2557.48,1725.04,Credit Card,Walk-in
SAL20250062143,2025-07-12,STR003,PRD00627,2,670.0,0.0,1340.0,807.42,UPI,Regular
SAL20250062144,2025-07-16,STR024,PRD00567,5,365.44,0.0,1827.2,1134.8,UPI,Walk-in
SAL20250062145,2025-07-16,STR035,PRD00805,1,3870.93,0.0,3870.93,2163.81,UPI,Regular
SAL20250062146,2025-07-19,STR016,PRD00242,1,3336.56,0.1,3002.9,2557.66,UPI,Premium
SAL20250062147,2025-07-12,STR031,PRD01136,1,7702.34,0.0,7702.34,4125.05,Debit Card,Regular
SAL20250062148,2025-07-12,STR015,PRD00017,1,6386.7,0.05,6067.36,4504.98,UPI,Regular
SAL20250062149,2025-07-01,STR034,PRD00883,2,2575.75,0.0,5151.5,2874.96,Cash,Walk-in
SAL20250062150,2025-07-10,STR022,PRD00004,1,18331.36,0.0,18331.36,14741.73,Net Banking,Walk-in
SAL20250062151,2025-07-02,STR039,PRD00685,1,4676.03,0.0,4676.03,2851.64,Debit Card,Corporate
SAL20250062152,2025-07-19,STR040,PRD00271,2,660.1,0.0,1320.2,837.2,UPI,Regular
SAL20250062153,2025-07-05,STR033,PRD00546,1,854.43,0.0,854.43,473.9,Credit Card,Walk-in
SAL20250062154,2025-07-18,STR024,PRD00614,6,52.25,0.1,282.15,205.68,UPI,Regular
SAL20250062155,2025-07-14,STR024,PRD01055,1,428.04,0.05,406.64,266.57,Credit Card,Regular
SAL20250062156,2025-07-11,STR023,PRD01172,1,1132.5,0.0,1132.5,578.06,Debit Card,Walk-in
SAL20250062157,2025-07-05,STR013,PRD00421,1,579.98,0.0,579.98,486.5,Net Banking,Walk-in
SAL20250062158,2025-07-05,STR009,PRD01125,1,3015.8,0.05,2865.01,1423.43,UPI,Walk-in
SAL20250062159,2025-07-09,STR016,PRD00650,1,429.23,0.05,407.77,249.31,Credit Card,Walk-in
SAL20250062160,2025-07-31,STR017,PRD00144,1,7333.73,0.0,7333.73,4964.07,UPI,Regular
SAL20250062161,2025-07-18,STR002,PRD00619,1,215.37,0.0,215.37,139.33,Cash,Walk-in
SAL20250062162,2025-07-04,STR006,PRD01168,1,4286.69,0.1,3858.02,2474.04,Debit Card,Regular
SAL20250062163,2025-07-08,STR034,PRD00511,5,709.29,0.0,3546.45,2795.9,Debit Card,Walk-in
SAL20250062164,2025-07-09,STR023,PRD00847,2,2294.5,0.0,4589.0,3234.24,UPI,Regular
SAL20250062165,2025-07-04,STR037,PRD00792,1,5089.33,0.0,5089.33,2925.34,UPI,Walk-in
SAL20250062166,2025-07-27,STR035,PRD01094,1,7758.5,0.0,7758.5,3797.17,Credit Card,Regular
SAL20250062167,2025-07-13,STR030,PRD00026,1,4182.92,0.0,4182.92,3047.01,Credit Card,Walk-in
SAL20250062168,2025-07-14,STR013,PRD00564,2,566.41,0.0,1132.82,695.94,UPI,Premium
SAL20250062169,2025-07-28,STR026,PRD00605,1,66.61,0.0,66.61,49.05,Cash,Regular
SAL20250062170,2025-07-02,STR004,PRD01187,1,5464.91,0.05,5191.66,3354.99,Net Banking,Premium
SAL20250062171,2025-07-19,STR034,PRD00855,2,2084.62,0.05,3960.78,3051.1,UPI,Regular
SAL20250062172,2025-07-19,STR011,PRD00632,6,758.72,0.05,4324.7,2580.36,Credit Card,Premium
SAL20250062173,2025-07-09,STR002,PRD00340,1,956.64,0.0,956.64,556.08,UPI,Walk-in
SAL20250062174,2025-07-19,STR037,PRD00567,3,365.44,0.0,1096.32,680.88,UPI,Regular
SAL20250062175,2025-07-31,STR002,PRD01074,1,6150.42,0.0,6150.42,3269.15,Credit Card,Corporate
SAL20250062176,2025-07-03,STR019,PRD00083,1,9369.31,0.0,9369.31,6462.27,Credit Card,Regular
SAL20250062177,2025-07-19,STR017,PRD00340,3,956.64,0.0,2869.92,1668.24,UPI,Regular
SAL20250062178,2025-07-07,STR006,PRD00836,1,605.3,0.1,544.77,408.12,UPI,Walk-in
SAL20250062179,2025-07-24,STR014,PRD00071,1,14423.02,0.0,14423.02,9605.63,UPI,Regular
SAL20250062180,2025-07-01,STR019,PRD00560,1,314.33,0.1,282.9,218.79,Credit Card,Regular
SAL20250062181,2025-07-11,STR041,PRD00003,1,810.89,0.05,770.35,534.24,UPI,Walk-in
SAL20250062182,2025-07-08,STR034,PRD00007,1,20090.22,0.0,20090.22,15462.2,UPI,Regular
SAL20250062183,2025-07-11,STR008,PRD01172,1,1132.5,0.0,1132.5,578.06,Credit Card,Premium
SAL20250062184,2025-07-11,STR037,PRD01009,1,52.33,0.0,52.33,29.39,UPI,Walk-in
SAL20250062185,2025-07-10,STR022,PRD00997,1,893.9,0.0,893.9,624.69,Credit Card,Walk-in
SAL20250062186,2025-07-10,STR033,PRD00862,2,1883.72,0.0,3767.44,2285.08,UPI,Walk-in
SAL20250062187,2025-07-12,STR019,PRD00481,2,391.79,0.0,783.58,633.52,UPI,Premium
SAL20250062188,2025-07-10,STR041,PRD00271,1,660.1,0.05,627.1,418.6,Credit Card,Premium
SAL20250062189,2025-07-12,STR017,PRD00106,1,3614.0,0.0,3614.0,2487.36,Debit Card,Premium
SAL20250062190,2025-07-02,STR033,PRD01075,2,6164.63,0.05,11712.8,6356.56,Net Banking,Regular
SAL20250062191,2025-07-11,STR039,PRD00104,2,21587.41,0.0,43174.82,35165.66,Cash,Premium
SAL20250062192,2025-07-25,STR003,PRD00268,2,1061.68,0.0,2123.36,1040.52,UPI,Regular
SAL20250062193,2025-07-01,STR026,PRD01047,3,844.86,0.0,2534.58,1450.14,Cash,Premium
SAL20250062194,2025-07-25,STR036,PRD00177,1,10270.98,0.0,10270.98,7398.07,UPI,Regular
SAL20250062195,2025-07-20,STR034,PRD00762,1,1596.23,0.1,1436.61,909.86,Debit Card,Walk-in
SAL20250062196,2025-07-23,STR016,PRD00535,1,314.95,0.0,314.95,224.28,Net Banking,Premium
SAL20250062197,2025-07-20,STR041,PRD00411,1,779.25,0.0,779.25,631.85,Credit Card,Regular
SAL20250062198,2025-07-11,STR016,PRD00926,1,683.78,0.05,649.59,481.25,UPI,Walk-in
SAL20250062199,2025-07-15,STR030,PRD00744,2,4365.48,0.0,8730.96,5758.8,Net Banking,Walk-in
SAL20250062200,2025-07-12,STR031,PRD00462,3,271.55,0.0,814.65,615.78,Cash,Regular
SAL20250062201,2025-07-09,STR030,PRD00279,1,704.62,0.0,704.62,445.92,UPI,Premium
SAL20250062202,2025-07-29,STR007,PRD00282,4,705.96,0.0,2823.84,1880.92,UPI,Walk-in
SAL20250062203,2025-07-06,STR015,PRD00711,2,1868.86,0.0,3737.72,2711.36,UPI,Regular
SAL20250062204,2025-07-02,STR018,PRD01181,1,2062.42,0.0,2062.42,1282.83,Credit Card,Walk-in
SAL20250062205,2025-07-01,STR037,PRD01189,2,5263.0,0.0,10526.0,4474.74,UPI,Regular
SAL20250062206,2025-07-25,STR005,PRD01047,4,844.86,0.0,3379.44,1933.52,Cash,Regular
SAL20250062207,2025-07-20,STR040,PRD00912,1,532.47,0.0,532.47,306.3,Credit Card,Walk-in
SAL20250062208,2025-07-12,STR015,PRD00319,2,746.89,0.0,1493.78,927.62,UPI,Premium
SAL20250062209,2025-07-21,STR035,PRD01184,1,6927.53,0.0,6927.53,3182.7,UPI,Walk-in
SAL20250062210,2025-07-14,STR033,PRD01197,3,2167.83,0.05,6178.32,3483.54,Credit Card,Walk-in
SAL20250062211,2025-07-29,STR009,PRD00362,1,1120.03,0.0,1120.03,532.51,UPI,Walk-in
SAL20250062212,2025-07-07,STR011,PRD00323,4,361.28,0.0,1445.12,752.6,Debit Card,Premium
SAL20250062213,2025-07-30,STR024,PRD00183,1,6835.62,0.1,6152.06,4488.56,UPI,Walk-in
SAL20250062214,2025-07-27,STR023,PRD00807,1,667.9,0.0,667.9,429.52,Cash,Regular
SAL20250062215,2025-07-07,STR025,PRD00241,1,7381.55,0.0,7381.55,5583.94,UPI,Premium
SAL20250062216,2025-07-15,STR032,PRD00627,2,670.0,0.0,1340.0,807.42,Debit Card,Premium
SAL20250062217,2025-07-22,STR009,PRD00905,2,2497.02,0.0,4994.04,3065.76,Debit Card,Premium
SAL20250062218,2025-07-11,STR038,PRD00340,1,956.64,0.1,860.98,556.08,Debit Card,Walk-in
SAL20250062219,2025-07-23,STR024,PRD00663,1,109.46,0.0,109.46,62.9,Credit Card,Walk-in
SAL20250062220,2025-07-22,STR022,PRD00875,3,258.44,0.0,775.32,452.7,UPI,Premium
SAL20250062221,2025-07-03,STR032,PRD00155,1,2214.51,0.0,2214.51,1652.19,UPI,Walk-in
SAL20250062222,2025-07-14,STR024,PRD00829,2,2093.34,0.0,4186.68,3077.74,Net Banking,Corporate
SAL20250062223,2025-07-27,STR038,PRD00243,1,1936.68,0.05,1839.85,1385.71,UPI,Walk-in
SAL20250062224,2025-07-09,STR033,PRD00094,1,15405.56,0.0,15405.56,12408.34,UPI,Premium
SAL20250062225,2025-07-10,STR020,PRD00970,5,370.51,0.0,1852.55,1198.85,UPI,Walk-in
SAL20250062226,2025-07-04,STR006,PRD01200,3,1804.12,0.0,5412.36,2597.4,Debit Card,Regular
SAL20250062227,2025-07-21,STR025,PRD00950,3,184.59,0.0,553.77,381.93,Debit Card,Premium
SAL20250062228,2025-07-19,STR018,PRD00480,1,103.25,0.0,103.25,86.17,Debit Card,Regular
SAL20250062229,2025-07-22,STR003,PRD00103,1,4104.09,0.0,4104.09,2941.45,UPI,Regular
SAL20250062230,2025-07-08,STR008,PRD01200,1,1804.12,0.0,1804.12,865.8,Credit Card,Premium
SAL20250062231,2025-07-16,STR028,PRD01131,1,6280.13,0.0,6280.13,3425.53,Credit Card,Regular
SAL20250062232,2025-07-07,STR028,PRD00711,1,1868.86,0.0,1868.86,1355.68,UPI,Premium
SAL20250062233,2025-07-24,STR022,PRD00584,1,232.29,0.0,232.29,142.35,Credit Card,Walk-in
SAL20250062234,2025-07-15,STR031,PRD00613,2,239.41,0.0,478.82,357.22,Debit Card,Walk-in
SAL20250062235,2025-07-15,STR019,PRD00197,1,4849.89,0.1,4364.9,3779.03,UPI,Regular
SAL20250062236,2025-07-15,STR004,PRD00119,1,21410.34,0.0,21410.34,16034.57,Debit Card,Walk-in
SAL20250062237,2025-07-19,STR033,PRD00580,10,372.59,0.0,3725.9,2113.0,Cash,Regular
SAL20250062238,2025-07-23,STR007,PRD00715,2,2949.53,0.0,5899.06,3968.0,Credit Card,Regular
SAL20250062239,2025-07-17,STR006,PRD00846,1,1551.36,0.0,1551.36,1102.23,Debit Card,Regular
SAL20250062240,2025-07-07,STR037,PRD00107,1,4985.79,0.0,4985.79,3483.71,Credit Card,Walk-in
SAL20250062241,2025-07-25,STR013,PRD00593,10,596.07,0.0,5960.7,3858.4,UPI,Regular
SAL20250062242,2025-07-08,STR015,PRD00056,1,11452.31,0.05,10879.69,8581.01,Credit Card,Regular
SAL20250062243,2025-07-22,STR036,PRD00714,1,1837.1,0.0,1837.1,1348.01,Debit Card,Regular
SAL20250062244,2025-07-24,STR019,PRD00915,2,703.59,0.1,1266.46,926.3,Credit Card,Walk-in
SAL20250062245,2025-07-21,STR001,PRD00001,3,21322.84,0.0,63968.52,46011.24,Cash,Walk-in
SAL20250062246,2025-07-06,STR010,PRD00535,1,314.95,0.0,314.95,224.28,Debit Card,Premium
SAL20250062247,2025-07-20,STR001,PRD01091,2,5878.46,0.1,10581.23,5617.7,Credit Card,Walk-in
SAL20250062248,2025-07-03,STR016,PRD00784,1,1985.25,0.0,1985.25,1302.04,Credit Card,Walk-in
SAL20250062249,2025-07-13,STR015,PRD01192,1,7158.24,0.0,7158.24,4065.98,Credit Card,Regular
SAL20250062250,2025-07-03,STR037,PRD00983,4,1007.95,0.0,4031.8,2335.52,UPI,Regular
SAL20250062251,2025-07-26,STR018,PRD01109,1,5029.33,0.0,5029.33,2768.42,UPI,Regular
SAL20250062252,2025-07-22,STR036,PRD00305,3,1134.36,0.0,3403.08,1845.9,UPI,Regular
SAL20250062253,2025-07-01,STR024,PRD00430,3,129.33,0.0,387.99,326.1,Cash,Walk-in
SAL20250062254,2025-07-18,STR033,PRD00486,1,161.3,0.0,161.3,123.55,Cash,Walk-in
SAL20250062255,2025-07-31,STR031,PRD00998,4,883.36,0.1,3180.1,1799.56,UPI,Regular
SAL20250062256,2025-07-30,STR004,PRD00518,3,1000.64,0.0,3001.92,2305.29,UPI,Regular
SAL20250062257,2025-07-22,STR024,PRD00050,1,20155.67,0.0,20155.67,16076.03,Credit Card,Walk-in
SAL20250062258,2025-07-01,STR037,PRD00070,1,15101.4,0.05,14346.33,11038.01,Credit Card,Walk-in
SAL20250062259,2025-07-19,STR032,PRD00517,1,252.82,0.0,252.82,203.03,UPI,Regular
SAL20250062260,2025-07-20,STR032,PRD00530,1,663.27,0.0,663.27,562.07,UPI,Walk-in
SAL20250062261,2025-07-03,STR021,PRD00613,2,239.41,0.1,430.94,357.22,UPI,Regular
SAL20250062262,2025-07-19,STR031,PRD00433,2,1065.88,0.0,2131.76,1723.5,Credit Card,Corporate
SAL20250062263,2025-07-12,STR039,PRD00344,2,702.67,0.0,1405.34,867.2,Cash,Regular
SAL20250062264,2025-07-12,STR018,PRD00215,1,9358.07,0.05,8890.17,6525.15,Debit Card,Walk-in
SAL20250062265,2025-07-22,STR037,PRD01061,2,1015.91,0.1,1828.64,1071.06,Net Banking,Regular
SAL20250062266,2025-07-23,STR027,PRD01187,1,5464.91,0.0,5464.91,3354.99,Credit Card,Walk-in
SAL20250062267,2025-07-28,STR012,PRD00357,1,1112.32,0.0,1112.32,676.9,UPI,Regular
SAL20250062268,2025-07-28,STR003,PRD00626,1,125.9,0.0,125.9,75.93,Credit Card,Regular
SAL20250062269,2025-07-01,STR020,PRD00060,1,15273.35,0.05,14509.68,10531.53,Debit Card,Walk-in
SAL20250062270,2025-07-12,STR006,PRD00967,3,44.43,0.0,133.29,85.62,UPI,Walk-in
SAL20250062271,2025-07-22,STR019,PRD00870,1,2808.24,0.0,2808.24,1618.68,UPI,Regular
SAL20250062272,2025-07-02,STR037,PRD00169,1,8761.68,0.0,8761.68,5628.67,Debit Card,Regular
SAL20250062273,2025-07-10,STR032,PRD00340,1,956.64,0.0,956.64,556.08,UPI,Walk-in
SAL20250062274,2025-07-30,STR033,PRD00831,1,2902.42,0.0,2902.42,1993.17,Credit Card,Walk-in
SAL20250062275,2025-07-27,STR013,PRD00208,1,2761.76,0.0,2761.76,2051.3,Credit Card,Walk-in
SAL20250062276,2025-07-08,STR005,PRD00983,4,1007.95,0.05,3830.21,2335.52,Cash,Regular
SAL20250062277,2025-07-23,STR008,PRD00928,1,2503.87,0.0,2503.87,1812.53,Net Banking,Regular
SAL20250062278,2025-07-28,STR031,PRD00349,1,152.26,0.0,152.26,83.87,Credit Card,Regular
SAL20250062279,2025-07-10,STR038,PRD00679,1,2876.53,0.0,2876.53,1865.54,Cash,Regular
SAL20250062280,2025-07-16,STR002,PRD00770,1,1474.46,0.0,1474.46,1090.39,Debit Card,Regular
SAL20250062281,2025-07-06,STR010,PRD00814,3,3265.17,0.0,9795.51,5668.11,Credit Card,Premium
SAL20250062282,2025-07-03,STR039,PRD00029,1,24663.79,0.0,24663.79,16157.43,Debit Card,Regular
SAL20250062283,2025-07-02,STR026,PRD01059,6,553.69,0.05,3156.03,2210.16,UPI,Regular
SAL20250062284,2025-07-04,STR040,PRD00106,1,3614.0,0.0,3614.0,2487.36,Cash,Walk-in
SAL20250062285,2025-07-21,STR010,PRD00629,2,197.41,0.05,375.08,274.18,UPI,Corporate
SAL20250062286,2025-07-28,STR025,PRD01012,1,896.48,0.0,896.48,582.58,Credit Card,Regular
SAL20250062287,2025-07-06,STR013,PRD00751,2,3034.29,0.0,6068.58,3880.72,Debit Card,Premium
SAL20250062288,2025-07-16,STR012,PRD00096,1,1587.91,0.0,1587.91,1154.69,Debit Card,Regular
SAL20250062289,2025-07-09,STR002,PRD00018,1,13116.16,0.0,13116.16,9769.19,Debit Card,Regular
SAL20250062290,2025-07-06,STR039,PRD01197,1,2167.83,0.0,2167.83,1161.18,Credit Card,Corporate
SAL20250062291,2025-07-17,STR002,PRD00022,1,22149.39,0.0,22149.39,16337.37,UPI,Regular
SAL20250062292,2025-07-28,STR030,PRD00836,2,605.3,0.0,1210.6,816.24,Credit Card,Regular
SAL20250062293,2025-07-14,STR023,PRD00552,2,296.06,0.0,592.12,389.88,Debit Card,Regular
SAL20250062294,2025-07-06,STR007,PRD00117,1,5653.79,0.0,5653.79,4053.02,UPI,Regular
SAL20250062295,2025-07-22,STR016,PRD00132,1,22943.8,0.05,21796.61,17725.67,Debit Card,Premium
SAL20250062296,2025-07-20,STR002,PRD00615,5,478.74,0.05,2274.01,1696.7,Net Banking,Regular
SAL20250062297,2025-07-31,STR010,PRD01098,1,1920.11,0.0,1920.11,1122.86,Debit Card,Premium
SAL20250062298,2025-07-08,STR031,PRD00126,1,8140.39,0.0,8140.39,6131.32,Cash,Premium
SAL20250062299,2025-07-05,STR017,PRD00649,1,333.14,0.0,333.14,238.96,Credit Card,Walk-in
SAL20250062300,2025-07-13,STR004,PRD01144,1,2397.7,0.0,2397.7,1426.02,Debit Card,Premium
SAL20250062301,2025-07-08,STR037,PRD01058,3,211.57,0.05,602.97,435.06,Credit Card,Regular
SAL20250062302,2025-07-05,STR013,PRD00481,1,391.79,0.1,352.61,316.76,Credit Card,Corporate
SAL20250062303,2025-07-26,STR038,PRD00373,1,159.48,0.0,159.48,85.54,Credit Card,Walk-in
SAL20250062304,2025-07-20,STR023,PRD01182,1,9675.4,0.0,9675.4,4265.56,Debit Card,Regular
SAL20250062305,2025-07-25,STR017,PRD01052,2,462.25,0.1,832.05,646.0,UPI,Walk-in
SAL20250062306,2025-07-26,STR024,PRD01116,2,792.37,0.1,1426.27,792.64,UPI,Regular
SAL20250062307,2025-07-05,STR005,PRD00967,10,44.43,0.0,444.3,285.4,UPI,Regular
SAL20250062308,2025-07-23,STR005,PRD00867,3,798.49,0.0,2395.47,1373.28,Credit Card,Regular
SAL20250062309,2025-07-15,STR019,PRD00195,1,4088.9,0.0,4088.9,3108.85,Net Banking,Regular
SAL20250062310,2025-07-03,STR010,PRD00479,5,303.49,0.0,1517.45,1278.05,Debit Card,Walk-in
SAL20250062311,2025-07-12,STR035,PRD00385,1,460.87,0.1,414.78,278.52,UPI,Walk-in
SAL20250062312,2025-07-09,STR040,PRD00477,1,121.21,0.0,121.21,97.66,Debit Card,Regular
SAL20250062313,2025-07-18,STR028,PRD00127,1,14293.97,0.0,14293.97,10567.08,UPI,Regular
SAL20250062314,2025-07-23,STR003,PRD00573,3,44.75,0.1,120.83,80.85,Debit Card,Regular
SAL20250062315,2025-07-04,STR024,PRD00421,2,579.98,0.0,1159.96,973.0,Debit Card,Walk-in
SAL20250062316,2025-07-31,STR026,PRD01012,3,896.48,0.05,2554.97,1747.74,UPI,Corporate
SAL20250062317,2025-07-16,STR004,PRD01023,1,241.67,0.0,241.67,133.28,UPI,Regular
SAL20250062318,2025-07-30,STR026,PRD00090,1,8184.6,0.0,8184.6,5556.86,UPI,Regular
SAL20250062319,2025-07-24,STR030,PRD00691,2,1815.13,0.0,3630.26,2299.86,UPI,Regular
SAL20250062320,2025-07-03,STR040,PRD00614,1,52.25,0.0,52.25,34.28,Cash,Walk-in
SAL20250062321,2025-07-13,STR009,PRD00362,1,1120.03,0.05,1064.03,532.51,Debit Card,Premium
SAL20250062322,2025-07-26,STR034,PRD00907,2,1536.02,0.0,3072.04,1953.74,Debit Card,Regular
SAL20250062323,2025-07-18,STR013,PRD00365,1,693.15,0.0,693.15,448.69,Debit Card,Regular
SAL20250062324,2025-07-18,STR026,PRD01087,1,7006.0,0.0,7006.0,3419.72,Credit Card,Regular
SAL20250062325,2025-07-17,STR015,PRD00234,1,3859.31,0.0,3859.31,2374.04,Debit Card,Walk-in
SAL20250062326,2025-07-18,STR007,PRD00382,1,534.11,0.0,534.11,292.91,UPI,Walk-in
SAL20250062327,2025-07-28,STR040,PRD00366,1,994.61,0.0,994.61,474.73,Debit Card,Walk-in
SAL20250062328,2025-07-22,STR020,PRD00942,1,93.87,0.0,93.87,61.73,UPI,Premium
SAL20250062329,2025-07-22,STR016,PRD00830,1,1783.32,0.1,1604.99,1089.78,UPI,Corporate
SAL20250062330,2025-07-23,STR032,PRD01038,2,565.57,0.0,1131.14,606.68,UPI,Regular
SAL20250062331,2025-07-14,STR028,PRD00244,1,9135.72,0.0,9135.72,5766.93,Credit Card,Regular
SAL20250062332,2025-07-19,STR038,PRD00833,2,1761.67,0.0,3523.34,1959.84,Credit Card,Regular
SAL20250062333,2025-07-15,STR036,,2,1441.59,0.1,2594.86,1961.66,Credit Card,Regular
SAL20250062334,2025-07-07,STR006,PRD01148,1,584.33,0.1,525.9,241.48,Debit Card,Regular
SAL20250062335,2025-07-23,STR027,PRD00622,4,644.0,0.0,2576.0,1599.16,UPI,Corporate
SAL20250062336,2025-07-03,STR041,PRD00007,3,20090.22,0.0,60270.66,46386.6,UPI,Regular
SAL20250062337,2025-07-04,STR040,PRD00911,1,807.88,0.0,807.88,602.2,Credit Card,Regular
SAL20250062338,2025-07-17,STR020,PRD00291,3,469.9,0.0,1409.7,839.28,UPI,Walk-in
SAL20250062339,2025-07-09,STR032,PRD00450,1,377.7,0.0,377.7,290.54,Credit Card,Premium
SAL20250062340,2025-07-05,STR037,PRD00098,1,13136.22,0.1,11822.6,10206.01,Debit Card,Walk-in
SAL20250062341,2025-07-08,STR030,PRD00162,1,9916.48,0.0,9916.48,6686.04,Debit Card,Regular
SAL20250062342,2025-07-30,STR027,PRD00027,2,21177.44,0.0,42354.88,31773.28,Credit Card,Regular
SAL20250062343,2025-07-25,STR028,PRD00809,2,1418.3,0.0,2836.6,1791.48,UPI,Walk-in
SAL20250062344,2025-07-26,STR028,PRD00219,1,1404.86,0.0,1404.86,998.92,UPI,Walk-in
SAL20250062345,2025-07-16,STR002,PRD00442,1,148.56,0.0,148.56,119.7,Credit Card,Regular
SAL20250062346,2025-07-18,STR003,PRD01094,1,7758.5,0.05,7370.57,3797.17,Credit Card,Walk-in
SAL20250062347,2025-07-21,STR036,PRD00305,1,1134.36,0.0,1134.36,615.3,Debit Card,Regular
SAL20250062348,2025-07-19,STR020,PRD00358,3,873.37,0.05,2489.1,1400.01,Credit Card,Walk-in
SAL20250062349,2025-07-21,STR028,PRD00486,4,161.3,0.0,645.2,494.2,UPI,Corporate
SAL20250062350,2025-07-09,STR036,PRD00822,3,3937.8,0.0,11813.4,7199.7,Credit Card,Walk-in
SAL20250062351,2025-07-08,STR026,PRD00120,1,22170.49,0.0,22170.49,16305.22,Credit Card,Regular
SAL20250062352,2025-07-30,STR037,PRD00008,2,14817.35,0.05,28152.97,20786.94,UPI,Regular
SAL20250062353,2025-07-06,STR001,PRD00356,1,1354.34,0.1,1218.91,734.18,Debit Card,Regular
SAL20250062354,2025-07-23,STR010,PRD00167,1,8410.2,0.0,8410.2,5523.21,Cash,Regular
SAL20250062355,2025-07-15,STR032,PRD00774,1,2102.71,0.0,2102.71,1549.27,Cash,Regular
SAL20250062356,2025-07-18,STR016,PRD01064,4,155.0,0.0,620.0,314.52,UPI,Walk-in
SAL20250062357,2025-07-06,STR026,PRD00624,4,124.7,0.0,498.8,348.32,Credit Card,Regular
SAL20250062358,2025-07-31,STR040,PRD00720,1,3749.56,0.0,3749.56,2104.95,Net Banking,Walk-in
SAL20250062359,2025-07-27,STR028,PRD00495,1,212.14,0.1,190.93,164.27,UPI,Walk-in
SAL20250062360,2025-07-20,STR025,PRD00573,1,44.75,0.0,44.75,26.95,UPI,Regular
SAL20250062361,2025-07-05,STR019,PRD00449,1,236.21,0.0,236.21,199.14,Credit Card,Walk-in
SAL20250062362,2025-07-21,STR004,PRD00648,1,715.75,0.1,644.18,457.27,Credit Card,Regular
SAL20250062363,2025-07-05,STR013,PRD00203,3,6533.34,0.0,19600.02,12782.64,Debit Card,Walk-in
SAL20250062364,2025-07-22,STR032,PRD00986,1,156.79,0.0,156.79,112.14,Debit Card,Corporate
SAL20250062365,2025-07-08,STR030,PRD00305,1,1134.36,0.05,1077.64,615.3,UPI,Walk-in
SAL20250062366,2025-07-31,STR031,PRD00037,1,21728.77,0.0,21728.77,16760.42,UPI,Walk-in
SAL20250062367,2025-07-02,STR029,PRD01162,4,3657.07,0.0,14628.28,8069.16,UPI,Premium
SAL20250062368,2025-07-11,STR009,PRD01030,2,525.24,0.0,1050.48,635.14,Credit Card,Regular
SAL20250062369,2025-07-28,STR008,PRD00414,1,546.79,0.0,546.79,425.32,UPI,Regular
SAL20250062370,2025-07-05,STR010,PRD00713,1,4061.86,0.0,4061.86,2937.76,UPI,Walk-in
SAL20250062371,2025-07-10,STR020,PRD00373,1,159.48,0.0,159.48,85.54,UPI,Premium
SAL20250062372,2025-07-26,STR033,PRD00286,3,390.77,0.0,1172.31,760.02,Credit Card,Regular
SAL20250062373,2025-07-23,STR004,PRD00400,2,920.96,0.1,1657.73,1102.96,UPI,Corporate
SAL20250062374,2025-07-21,STR020,PRD00973,1,291.44,0.1,262.3,156.91,Credit Card,Regular
SAL20250062375,2025-07-27,STR027,PRD00392,4,436.74,0.0,1746.96,969.12,UPI,Regular
SAL20250062376,2025-07-24,STR030,PRD00855,1,2084.62,0.0,2084.62,1525.55,UPI,Walk-in
SAL20250062377,2025-07-09,STR041,PRD00237,2,9971.54,0.0,19943.08,12926.24,UPI,Walk-in
SAL20250062378,2025-07-12,STR013,PRD00718,1,2341.08,0.0,2341.08,1675.99,Credit Card,Regular
SAL20250062379,2025-07-11,STR041,PRD00055,1,18236.77,0.0,18236.77,12233.04,UPI,Walk-in
SAL20250062380,2025-07-04,STR007,PRD00312,2,662.59,0.0,1325.18,776.38,Net Banking,Regular
SAL20250062381,2025-07-09,STR020,PRD00855,3,2084.62,0.0,6253.86,4576.65,Cash,Walk-in
SAL20250062382,2025-07-23,STR018,PRD00625,2,629.94,0.0,1259.88,865.82,Debit Card,Walk-in
SAL20250062383,2025-07-23,STR030,PRD00392,2,436.74,0.0,873.48,484.56,UPI,Regular
SAL20250062384,2025-07-21,STR025,PRD00374,1,1242.75,0.0,1242.75,738.33,UPI,Regular
SAL20250062385,2025-07-07,STR004,PRD00562,2,671.35,0.0,1342.7,942.94,UPI,Regular
SAL20250062386,2025-07-13,STR001,PRD00359,1,1383.56,0.1,1245.2,643.64,Debit Card,Regular
SAL20250062387,2025-07-25,STR030,PRD00275,1,1560.95,0.0,1560.95,847.9,Net Banking,Premium
SAL20250062388,2025-07-10,STR010,PRD00792,1,5089.33,0.05,4834.86,2925.34,Credit Card,Walk-in
SAL20250062389,2025-07-08,STR002,PRD00059,1,15692.67,0.0,15692.67,12269.76,Credit Card,Regular
SAL20250062390,2025-07-16,STR014,PRD00029,1,24663.79,0.0,24663.79,16157.43,Debit Card,Regular
SAL20250062391,2025-07-18,STR012,PRD01110,1,1048.97,0.0,1048.97,581.11,UPI,Regular
SAL20250062392,2025-07-14,STR006,PRD00338,1,1223.61,0.1,1101.25,688.23,Cash,Walk-in
SAL20250062393,2025-07-19,STR027,PRD00947,1,413.13,0.0,413.13,208.02,Cash,Walk-in
SAL20250062394,2025-07-04,STR020,PRD00044,1,3159.2,0.0,3159.2,2114.03,Credit Card,Premium
SAL20250062395,2025-07-07,STR023,PRD00425,10,878.01,0.0,8780.1,6975.1,Cash,Corporate
SAL20250062396,2025-07-21,STR017,PRD00876,1,2635.68,0.0,2635.68,1798.38,Debit Card,Regular
SAL20250062397,2025-07-19,STR032,PRD00062,1,21073.23,0.0,21073.23,13798.59,UPI,Walk-in
SAL20250062398,2025-07-02,STR041,PRD00645,2,456.66,0.05,867.65,660.84,Credit Card,Premium
SAL20250062399,2025-07-13,STR016,PRD00747,1,1306.66,0.0,1306.66,960.16,Credit Card,Walk-in
SAL20250062400,2025-07-24,STR024,PRD00171,1,6232.31,0.0,6232.31,4552.99,UPI,Premium
SAL20250062401,2025-07-04,STR034,PRD00795,2,965.34,0.0,1930.68,1376.04,Credit Card,Regular
SAL20250062402,2025-07-17,STR015,PRD00462,2,271.55,0.0,543.1,410.52,UPI,Walk-in
SAL20250062403,2025-07-31,STR039,PRD00457,2,726.05,0.0,1452.1,1098.78,UPI,Premium
SAL20250062404,2025-07-02,STR029,PRD01182,1,9675.4,0.0,9675.4,4265.56,Debit Card,Walk-in
SAL20250062405,2025-07-29,STR013,PRD00134,1,19404.79,0.0,19404.79,14953.78,Credit Card,Regular
SAL20250062406,2025-07-25,STR006,PRD00181,1,4428.73,0.0,4428.73,3239.36,UPI,Walk-in
SAL20250062407,2025-07-14,STR005,PRD00235,3,11077.6,0.0,33232.8,20050.86,UPI,Regular
SAL20250062408,2025-07-18,STR040,PRD00892,4,2494.33,0.0,9977.32,6968.04,UPI,Regular
SAL20250062409,2025-07-14,STR017,PRD00487,1,92.35,0.0,92.35,78.84,Credit Card,Walk-in
SAL20250062410,2025-07-02,STR036,PRD00459,2,918.25,0.0,1836.5,1470.02,Credit Card,Corporate
SAL20250062411,2025-07-13,STR036,PRD00640,4,209.4,0.0,837.6,469.72,Cash,Premium
SAL20250062412,2025-07-20,STR019,PRD00430,1,129.33,0.0,129.33,108.7,UPI,Premium
SAL20250062413,2025-07-29,STR010,PRD00037,1,21728.77,0.1,19555.89,16760.42,UPI,Corporate
SAL20250062414,2025-07-22,STR022,PRD00434,2,648.17,0.0,1296.34,1077.58,Cash,Premium
SAL20250062415,2025-07-18,STR037,PRD00790,2,1379.35,0.0,2758.7,1805.44,Credit Card,Regular
SAL20250062416,2025-07-11,STR031,PRD00960,2,572.91,0.0,1145.82,764.8,Cash,Regular
SAL20250062417,2025-07-03,STR030,PRD00160,2,7937.44,0.0,15874.88,9616.98,UPI,Walk-in
SAL20250062418,2025-07-04,STR010,PRD00656,2,201.0,0.0,402.0,282.2,Debit Card,Premium
SAL20250062419,2025-07-13,STR012,PRD00834,1,1440.43,0.0,1440.43,915.49,UPI,Walk-in
SAL20250062420,2025-07-26,STR027,PRD00864,1,1725.02,0.0,1725.02,1118.06,Debit Card,Walk-in
SAL20250062421,2025-07-18,STR007,PRD00442,3,148.56,0.0,445.68,359.1,UPI,Premium
SAL20250062422,2025-07-22,STR021,PRD00060,1,15273.35,0.0,15273.35,10531.53,Credit Card,Walk-in
SAL20250062423,2025-07-25,STR012,PRD00571,2,201.22,0.0,402.44,286.98,UPI,Walk-in
SAL20250062424,2025-07-04,STR009,PRD00543,3,579.45,0.1,1564.52,1275.69,UPI,Regular
SAL20250062425,2025-07-19,STR026,PRD00173,1,9167.15,0.0,9167.15,5751.32,Credit Card,Walk-in
SAL20250062426,2025-02-30,STR019,PRD00996,3,577.22,0.0,1731.66,988.17,Debit Card,Premium
SAL20250062427,2025-07-03,STR023,PRD01049,1,225.77,0.0,225.77,137.88,Net Banking,Regular
SAL20250062428,2025-07-06,STR019,PRD00426,1,496.18,0.0,496.18,415.87,Debit Card,Regular
SAL20250062429,2025-07-26,STR029,PRD00782,2,3353.32,0.0,6706.64,3915.04,UPI,Walk-in
SAL20250062430,2025-07-23,STR023,PRD00283,1,917.06,0.0,917.06,431.47,UPI,Premium
SAL20250062431,2025-07-22,STR034,PRD01128,1,2522.35,0.0,2522.35,1440.68,UPI,Regular
SAL20250062432,2025-07-04,STR011,PRD00845,1,2226.26,0.05,2114.95,1523.41,Debit Card,Walk-in
SAL20250062433,2025-07-07,STR018,PRD00218,1,7357.64,0.0,7357.64,5051.02,Credit Card,Regular
SAL20250062434,2025-07-15,STR018,PRD00469,3,499.21,0.0,1497.63,1168.35,UPI,Corporate
SAL20250062435,2025-07-15,STR034,PRD00639,2,160.88,0.0,321.76,204.82,UPI,Walk-in
SAL20250062436,2025-07-05,STR028,PRD00296,1,250.04,0.0,250.04,121.63,UPI,Regular
SAL20250062437,2025-07-11,STR015,PRD00151,1,5709.55,0.0,5709.55,3733.65,UPI,Walk-in
SAL20250062438,2025-07-17,STR014,PRD00486,2,161.3,0.0,322.6,247.1,Credit Card,Regular
SAL20250062439,2025-07-19,STR013,PRD00015,1,3619.87,0.0,3619.87,2931.59,UPI,Walk-in
SAL20250062440,2025-07-09,STR004,PRD01141,3,1387.21,0.0,4161.63,2431.95,Debit Card,Premium
SAL20250062441,2025-07-16,STR012,PRD00479,1,303.49,0.0,303.49,255.61,Debit Card,Regular
SAL20250062442,2025-07-26,STR032,PRD00675,1,1206.06,0.0,1206.06,758.43,UPI,Regular
SAL20250062443,2025-07-18,STR003,PRD00724,2,2856.14,0.0,5712.28,3188.82,UPI,Walk-in
SAL20250062444,2025-07-17,STR027,PRD00042,1,15775.49,0.0,15775.49,11939.67,UPI,Regular
SAL20250062445,2025-07-11,STR010,PRD00965,1,67.67,0.0,67.67,48.46,Credit Card,Regular
SAL20250062446,2025-07-16,STR013,PRD00931,1,1839.81,0.05,1747.82,1246.88,Cash,Premium
SAL20250062447,2025-07-28,STR041,PRD00641,3,499.93,0.05,1424.8,999.36,Credit Card,Walk-in
SAL20250062448,2025-07-05,STR041,PRD00692,4,1997.13,0.0,7988.52,5783.6,UPI,Premium
SAL20250062449,2025-07-06,STR037,PRD00949,1,855.15,0.0,855.15,566.85,Net Banking,Premium
SAL20250062450,2025-07-03,STR027,PRD01103,2,5704.94,0.05,10839.39,4785.44,Credit Card,Walk-in
SAL20250062451,2025-07-02,STR030,PRD00292,1,975.97,0.0,975.97,491.67,Debit Card,Walk-in
SAL20250062452,2025-07-04,STR009,PRD00634,3,509.03,0.0,1527.09,896.88,UPI,Premium
SAL20250062453,2025-07-05,STR011,PRD00428,4,311.12,0.0,1244.48,979.0,UPI,Walk-in
SAL20250062454,2025-07-31,STR005,PRD00085,1,26032.76,0.0,26032.76,17875.58,Cash,Walk-in
SAL20250062455,2025-07-26,STR003,PRD01146,2,2954.25,0.0,5908.5,2977.54,UPI,Walk-in
SAL20250062456,2025-07-24,STR008,PRD01167,2,1364.58,0.0,2729.16,1671.32,Net Banking,Regular
SAL20250062457,2025-07-20,STR004,PRD00658,2,338.62,0.0,677.24,455.36,Credit Card,Walk-in
SAL20250062458,2025-07-23,STR030,PRD00400,1,920.96,0.0,920.96,551.48,Credit Card,Premium
SAL20250062459,2025-07-12,STR018,PRD00211,1,6731.6,0.0,6731.6,4925.05,UPI,Regular
SAL20250062460,2025-07-12,STR038,PRD01009,1,52.33,0.0,52.33,29.39,UPI,Premium
SAL20250062461,2025-07-17,STR012,PRD00911,1,807.88,0.0,807.88,602.2,Credit Card,Regular
SAL20250062462,2025-07-20,STR003,PRD00695,2,2280.88,0.0,4561.76,2552.92,Credit Card,Regular
SAL20250062463,2025-07-12,STR036,PRD00364,4,296.2,0.05,1125.56,782.76,UPI,Regular
SAL20250062464,2025-07-18,STR032,PRD00427,1,558.44,0.0,558.44,484.26,UPI,Regular
SAL20250062465,2025-07-15,STR017,PRD00811,1,243.22,0.0,243.22,140.95,UPI,Regular
SAL20250062466,2025-07-22,STR006,PRD01116,2,792.37,0.0,1584.74,792.64,UPI,Walk-in
SAL20250062467,2025-07-14,STR023,PRD00059,1,15692.67,0.0,15692.67,12269.76,UPI,Regular
SAL20250062468,2025-07-08,STR010,PRD00548,1,172.01,0.0,172.01,120.36,Credit Card,Regular
SAL20250062469,2025-07-31,STR009,PRD01000,2,495.66,0.0,991.32,691.74,UPI,Regular
SAL20250062470,2025-07-29,STR040,PRD00393,2,526.25,0.0,1052.5,688.36,Cash,Walk-in
SAL20250062471,2025-07-23,STR017,PRD01061,3,1015.91,0.0,3047.73,1606.59,Debit Card,Premium
SAL20250062472,2025-07-20,STR038,PRD00061,1,7691.1,0.0,7691.1,5309.86,Credit Card,Regular
SAL20250062473,2025-07-27,STR027,PRD00444,4,347.0,0.05,1318.6,1143.84,UPI,Walk-in
SAL20250062474,2025-07-04,STR032,PRD00658,1,338.62,0.0,338.62,227.68,UPI,Regular
SAL20250062475,2025-07-18,STR002,PRD00527,1,938.3,0.0,938.3,741.27,Credit Card,Walk-in
SAL20250062476,2025-07-09,STR038,PRD00550,10,639.85,0.0,6398.5,3649.2,UPI,Walk-in
SAL20250062477,2025-07-25,STR040,PRD00425,10,878.01,0.0,8780.1,6975.1,Cash,Regular
SAL20250062478,2025-07-21,STR025,PRD00512,2,151.51,0.0,303.02,231.6,Cash,Regular
SAL20250062479,2025-07-18,STR011,PRD00423,1,256.23,0.0,256.23,213.9,Cash,Premium
SAL20250062480,2025-07-27,STR007,PRD00235,1,11077.6,0.0,11077.6,6683.62,Debit Card,Walk-in
SAL20250062481,2025-07-20,STR024,PRD00779,1,1606.83,0.0,1606.83,998.29,Debit Card,Regular
SAL20250062482,2025-07-02,STR001,PRD00910,2,2302.88,0.1,4145.18,3159.38,UPI,Walk-in
SAL20250062483,2025-07-23,STR004,PRD00272,1,610.52,0.05,579.99,344.72,UPI,Premium
SAL20250062484,2025-07-11,STR027,PRD00161,1,9190.04,0.0,9190.04,7015.28,UPI,Walk-in
SAL20250062485,2025-07-16,STR009,PRD00257,1,3131.42,0.0,3131.42,2145.77,UPI,Regular
SAL20250062486,2025-07-03,STR002,PRD00465,1,578.8,0.0,578.8,442.8,Debit Card,Premium
SAL20250062487,2025-07-19,STR018,PRD00369,2,1020.79,0.0,2041.58,964.98,Net Banking,Premium
SAL20250062488,2025-07-04,STR036,PRD00281,1,679.79,0.0,679.79,393.52,Cash,Regular
SAL20250062489,2025-07-28,STR036,PRD00798,2,1720.26,0.05,3268.49,1923.1,Debit Card,Regular
SAL20250062490,2025-07-15,STR040,PRD01083,1,8991.53,0.0,8991.53,3921.72,UPI,Walk-in
SAL20250062491,2025-07-07,STR040,PRD00229,1,2013.93,0.0,2013.93,1348.9,UPI,Walk-in
SAL20250062492,2025-07-10,STR019,PRD01128,1,2522.35,0.0,2522.35,1440.68,UPI,Regular
SAL20250062493,2025-07-22,STR034,PRD00684,1,3989.77,0.0,3989.77,2465.54,UPI,Walk-in
SAL20250062494,2025-07-02,STR022,PRD01181,3,2062.42,0.0,6187.26,3848.49,Cash,Walk-in
SAL20250062495,2025-07-02,STR041,PRD00110,2,26501.66,0.0,53003.32,36985.3,Net Banking,Regular
SAL20250062496,2025-07-05,STR036,PRD00657,1,272.71,0.0,272.71,160.84,UPI,Regular
SAL20250062497,2025-07-31,STR018,PRD00524,1,128.85,0.0,128.85,106.5,Debit Card,Premium
SAL20250062498,2025-07-01,STR023,PRD00518,1,1000.64,0.05,950.61,768.43,UPI,Regular
SAL20250062499,2025-07-05,STR003,PRD00746,3,2299.94,0.0,6899.82,4578.03,Credit Card,Regular
SAL20250062500,2025-07-20,STR024,PRD00218,1,7357.64,0.0,7357.64,5051.02,Credit Card,Walk-in
SAL20250062501,2025-07-10,STR020,PRD00759,2,4285.9,0.0,8571.8,5289.16,UPI,Regular
SAL20250062502,2025-07-10,STR023,PRD00421,1,579.98,0.0,579.98,486.5,UPI,Regular
SAL20250062503,2025-07-08,STR022,PRD00788,1,3329.23,0.1,2996.31,2105.2,UPI,Regular
SAL20250062504,2025-07-28,STR013,PRD00909,1,1266.46,0.0,1266.46,869.48,UPI,Regular
SAL20250062505,2025-07-30,STR014,PRD01045,1,910.12,0.0,910.12,471.24,Credit Card,Premium
SAL20250062506,2025-07-21,STR029,PRD01040,4,466.28,0.0,1865.12,1323.08,Credit Card,Walk-in
SAL20250062507,2025-07-29,STR021,PRD00224,1,4670.9,0.0,4670.9,3440.61,Cash,Regular
SAL20250062508,2025-07-16,STR026,PRD00099,1,19924.5,0.0,19924.5,14858.06,UPI,Walk-in
SAL20250062509,2025-07-14,STR029,PRD00365,2,693.15,0.0,1386.3,897.38,UPI,Premium
SAL20250062510,2025-07-11,STR036,PRD00019,1,9063.53,0.0,9063.53,6399.55,UPI,Regular
SAL20250062511,2025-07-28,STR001,PRD00938,2,622.57,0.0,1245.14,654.66,UPI,Walk-in
SAL20250062512,2025-07-03,STR040,PRD00591,4,500.81,0.0,2003.24,1454.92,UPI,Walk-in
SAL20250062513,2025-07-03,STR009,PRD01037,1,431.13,0.0,431.13,232.19,UPI,Regular
SAL20250062514,2025-07-25,STR011,PRD00172,2,7151.58,0.0,14303.16,10506.6,Credit Card,Regular
SAL20250062515,2025-07-03,STR014,PRD01068,4,5954.4,0.0,23817.6,13980.8,Debit Card,Walk-in
SAL20250062516,2025-07-09,STR021,PRD00679,1,2876.53,0.0,2876.53,1865.54,UPI,Regular
SAL20250062517,2025-07-16,STR030,,1,12169.57,0.0,12169.57,7955.32,Credit Card,Regular
SAL20250062518,2025-07-20,STR014,PRD00784,2,1985.25,0.0,3970.5,2604.08,UPI,Walk-in
SAL20250062519,2025-07-20,STR036,PRD00797,2,567.41,0.0,1134.82,822.82,Debit Card,Regular
SAL20250062520,2025-07-08,STR027,PRD00606,1,516.03,0.0,516.03,308.57,Cash,Walk-in
SAL20250062521,2025-07-01,STR012,PRD00677,1,1193.37,0.0,1193.37,833.49,UPI,Walk-in
SAL20250062522,2025-07-22,STR001,PRD00441,1,853.01,0.0,853.01,707.08,Debit Card,Regular
SAL20250062523,2025-07-08,STR008,PRD00374,3,1242.75,0.0,3728.25,2214.99,UPI,Regular
SAL20250062524,2025-07-17,STR001,PRD00775,2,3571.78,0.0,7143.56,3953.1,Credit Card,Regular
SAL20250062525,2025-07-09,STR009,PRD00266,3,13058.2,0.0,39174.6,24257.67,Debit Card,Walk-in
SAL20250062526,2025-07-01,STR041,PRD01180,2,9129.62,0.0,18259.24,8487.62,Debit Card,Walk-in
SAL20250062527,2025-07-12,STR037,PRD01061,3,1015.91,0.0,3047.73,1606.59,Credit Card,Premium
SAL20250062528,2025-07-25,STR027,PRD00216,1,11614.64,0.0,11614.64,7226.78,Debit Card,Walk-in
SAL20250062529,2025-07-28,STR009,PRD00339,1,831.47,0.0,831.47,498.17,UPI,Regular
SAL20250062530,2025-07-29,STR029,PRD00591,10,500.81,0.0,5008.1,3637.3,Credit Card,Regular
SAL20250062531,2025-07-16,STR028,PRD01097,2,4205.24,0.05,7989.96,4108.5,UPI,Regular
SAL20250062532,2025-07-02,STR016,PRD01171,3,6541.96,0.0,19625.88,7871.67,UPI,Regular
SAL20250062533,2025-07-03,STR028,PRD00376,1,1476.13,0.0,1476.13,682.99,UPI,Corporate
SAL20250062534,2025-07-20,STR022,PRD00670,1,3171.53,0.0,3171.53,1914.92,Net Banking,Premium
SAL20250062535,2025-07-21,STR023,PRD00888,3,2557.48,0.0,7672.44,5175.12,Debit Card,Walk-in
SAL20250062536,2025-07-01,STR002,PRD00938,1,622.57,0.0,622.57,327.33,UPI,Regular
SAL20250062537,2025-07-30,STR026,PRD00814,1,3265.17,0.0,3265.17,1889.37,UPI,Walk-in
SAL20250062538,2025-07-18,STR036,PRD00426,1,496.18,0.0,496.18,415.87,UPI,Regular
SAL20250062539,2025-07-27,STR011,PRD00117,1,5653.79,0.0,5653.79,4053.02,UPI,Walk-in
SAL20250062540,2025-07-07,STR029,PRD01118,1,5734.69,0.0,5734.69,3371.1,UPI,Premium
SAL20250062541,2025-07-07,STR003,PRD00087,1,23253.22,0.0,23253.22,15702.94,UPI,Walk-in
SAL20250062542,2025-07-15,STR031,PRD00527,1,938.3,0.0,938.3,741.27,Credit Card,Premium
SAL20250062543,2025-07-09,STR032,PRD00108,1,22607.14,0.0,22607.14,15802.22,UPI,Premium
SAL20250062544,2025-07-29,STR035,PRD00786,1,2271.94,0.0,2271.94,1533.49,Credit Card,Walk-in
SAL20250062545,2025-07-23,STR002,PRD00763,1,3968.33,0.0,3968.33,2850.9,Credit Card,Premium
SAL20250062546,2025-07-12,STR027,PRD00093,2,12459.16,0.0,24918.32,19408.14,UPI,Premium
SAL20250062547,2025-07-24,STR010,PRD00089,1,24330.95,0.1,21897.85,18400.64,Debit Card,Regular
SAL20250062548,2025-07-13,STR024,PRD00064,1,2458.4,0.0,2458.4,1830.7,Credit Card,Regular
SAL20250062549,2025-07-17,STR003,PRD00135,3,9390.96,0.0,28172.88,20599.89,UPI,Walk-in
SAL20250062550,2025-07-26,STR021,PRD01040,1,466.28,0.1,419.65,330.77,UPI,Walk-in
SAL20250062551,2025-07-08,STR019,PRD01003,2,278.9,0.0,557.8,292.64,Cash,Walk-in
SAL20250062552,2025-07-01,STR013,PRD00197,2,4849.89,0.0,9699.78,7558.06,Debit Card,Regular
SAL20250062553,2025-07-13,STR017,PRD00695,1,2280.88,0.0,2280.88,1276.46,Credit Card,Regular
SAL20250062554,2025-07-15,STR031,PRD00038,1,2962.9,0.0,2962.9,2113.53,UPI,Premium
SAL20250062555,2025-07-09,STR039,PRD00409,1,950.85,0.0,950.85,738.11,Credit Card,Regular
SAL20250062556,2025-07-27,STR008,PRD00728,1,5071.72,0.0,5071.72,3009.63,Credit Card,Regular
SAL20250062557,2025-07-06,STR037,PRD00034,1,761.93,0.0,761.93,520.56,Debit Card,Premium
SAL20250062558,2025-07-20,STR005,PRD00440,1,366.81,0.0,366.81,320.83,UPI,Regular
SAL20250062559,2025-07-12,STR028,PRD00441,1,853.01,0.0,853.01,707.08,Net Banking,Regular
SAL20250062560,2025-07-30,STR018,PRD00569,3,219.4,0.0,658.2,429.9,Debit Card,Premium
SAL20250062561,2025-07-14,STR027,PRD01062,3,925.26,0.05,2636.99,1629.18,UPI,Walk-in
SAL20250062562,2025-07-18,STR037,PRD00771,1,2601.02,0.0,2601.02,1436.13,Debit Card,Regular
SAL20250062563,2025-07-05,STR016,PRD01027,2,412.95,0.0,825.9,451.44,UPI,Premium
SAL20250062564,2025-07-16,STR035,PRD00174,1,698.44,0.0,698.44,523.24,Credit Card,Walk-in
SAL20250062565,2025-07-20,STR040,PRD01031,1,1036.47,0.0,1036.47,523.37,Debit Card,Regular
SAL20250062566,2025-07-30,STR033,PRD01053,5,481.32,0.0,2406.6,1563.9,Credit Card,Regular
SAL20250062567,2025-07-27,STR009,PRD00061,1,7691.1,0.0,7691.1,5309.86,Cash,Regular
SAL20250062568,2025-07-22,STR018,PRD00721,1,2330.52,0.0,2330.52,1727.63,UPI,Walk-in
SAL20250065786,2025-07-29,STR005,PRD00911,1,807.88,0.0,807.88,602.2,UPI,Corporate
SAL20250062570,2025-07-13,STR036,PRD00317,4,1393.76,0.0,5575.04,3197.88,Debit Card,Regular
SAL20250062571,2025-07-26,STR022,PRD00468,1,180.53,0.0,180.53,148.32,UPI,Walk-in
SAL20250062572,2025-07-15,STR017,PRD00118,1,13769.46,0.05,13080.99,10543.97,UPI,Regular
SAL20250062573,2025-07-13,STR009,PRD00986,1,156.79,0.0,156.79,112.14,Cash,Regular
SAL20250062574,2025-07-17,STR009,PRD00267,1,11328.41,0.05,10761.99,8001.59,Credit Card,Premium
SAL20250062575,2025-07-03,STR023,PRD00243,1,1936.68,0.0,1936.68,1385.71,UPI,Regular
SAL20250062576,2025-07-03,STR007,PRD00813,2,3086.68,0.0,6173.36,4018.82,UPI,Regular
SAL20250062577,2025-07-18,STR023,PRD00419,1,950.16,0.0,950.16,763.92,Credit Card,Premium
SAL20250062578,2025-07-09,STR033,PRD00986,1,156.79,0.0,156.79,112.14,UPI,Walk-in
SAL20250062579,2025-07-25,STR027,PRD01192,1,7158.24,0.0,7158.24,4065.98,Debit Card,Regular
SAL20250062580,2025-07-21,STR012,PRD00227,2,5367.28,0.0,10734.56,7135.3,Net Banking,Regular
SAL20250062581,2025-07-01,STR018,PRD01200,1,1804.12,0.0,1804.12,865.8,UPI,Walk-in
SAL20250062582,2025-07-30,STR023,PRD00717,2,402.54,0.1,724.57,524.46,Credit Card,Walk-in
SAL20250062583,2025-07-10,STR012,PRD00566,2,655.12,0.05,1244.73,846.24,UPI,Regular
SAL20250062584,2025-07-07,STR004,PRD00043,1,22998.01,0.0,22998.01,15302.97,Debit Card,Regular
SAL20250062585,2025-07-29,STR030,PRD00574,1,560.83,0.0,560.83,338.56,Debit Card,Regular
SAL20250062586,2025-07-16,STR038,PRD00772,2,988.94,0.05,1878.99,1318.98,UPI,Walk-in
SAL20250062587,2025-07-29,STR041,PRD00577,1,262.74,0.0,262.74,189.28,UPI,Walk-in
SAL20250062588,2025-07-27,STR036,PRD00692,1,1997.13,0.0,1997.13,1445.9,Cash,Premium
SAL20250062589,2025-07-19,STR019,PRD00628,3,365.09,0.0,1095.27,632.43,Debit Card,Walk-in
SAL20250062590,2025-07-07,STR020,PRD01082,1,1474.53,0.0,1474.53,797.26,UPI,Regular
SAL20250062591,2025-07-07,STR013,PRD00180,2,3550.84,0.05,6746.6,5053.56,Cash,Regular
SAL20250062592,2025-07-10,STR038,PRD00479,1,303.49,0.0,303.49,255.61,Credit Card,Regular
SAL20250062593,2025-07-22,STR013,PRD00741,1,2848.85,0.05,2706.41,2028.89,UPI,Premium
SAL20250062594,2025-07-18,STR004,PRD01093,2,4476.19,0.0,8952.38,5774.04,Credit Card,Premium
SAL20250062595,2025-07-24,STR039,PRD01047,3,844.86,0.0,2534.58,1450.14,UPI,Walk-in
SAL20250062596,2025-07-06,STR038,PRD01196,1,1369.18,0.0,1369.18,596.89,Debit Card,Regular
SAL20250062597,2025-07-04,STR028,PRD01075,1,6164.63,0.0,6164.63,3178.28,Credit Card,Walk-in
SAL20250062598,2025-07-26,STR010,PRD00684,1,3989.77,0.0,3989.77,2465.54,Debit Card,Regular
SAL20250062599,2025-07-13,STR015,PRD00912,1,532.47,0.0,532.47,306.3,Credit Card,Corporate
SAL20250062600,2025-07-26,STR020,PRD00642,2,467.68,0.0,935.36,580.44,UPI,Regular
SAL20250062601,2025-07-12,STR024,PRD01125,2,3015.8,0.0,6031.6,2846.86,Cash,Regular
SAL20250062602,2025-07-03,STR039,PRD00434,2,648.17,0.0,1296.34,1077.58,UPI,Regular
SAL20250062603,2025-07-21,STR019,PRD00356,1,1354.34,0.0,1354.34,734.18,Credit Card,Corporate
SAL20250062604,2025-07-18,STR041,PRD00870,1,2808.24,0.0,2808.24,1618.68,Credit Card,Walk-in
SAL20250062605,2025-07-11,STR002,PRD00841,1,1965.17,0.0,1965.17,1338.26,UPI,Walk-in
SAL20250062606,2025-07-07,STR016,PRD00336,3,1590.59,0.0,4771.77,2463.33,Debit Card,Premium
SAL20250062607,2025-07-17,STR021,PRD01162,2,3657.07,0.0,7314.14,4034.58,Credit Card,Premium
SAL20250062608,2025-07-02,STR005,PRD00922,1,953.09,0.0,953.09,628.16,UPI,Corporate
SAL20250062609,2025-07-10,STR011,PRD00186,1,7826.08,0.0,7826.08,5124.89,UPI,Walk-in
SAL20250062610,2025-07-02,STR035,PRD00878,1,1229.84,0.0,1229.84,796.56,UPI,Premium
SAL20250062611,2025-07-07,STR014,PRD00639,1,160.88,0.0,160.88,102.41,UPI,Walk-in
SAL20250062612,2025-07-28,STR022,PRD00090,1,8184.6,0.0,8184.6,5556.86,UPI,Premium
SAL20250062613,2025-07-21,STR027,PRD00219,1,1404.86,0.0,1404.86,998.92,UPI,Regular
SAL20250062614,2025-07-14,STR020,PRD00523,6,773.23,0.0,4639.38,3936.84,Cash,Regular
SAL20250062615,2025-07-25,STR021,PRD00852,3,1751.61,0.0,5254.83,3644.52,Cash,Regular
SAL20250062616,2025-07-11,STR018,PRD00531,10,217.65,0.1,1958.85,1822.0,Credit Card,Corporate
SAL20250062617,2025-07-12,STR039,PRD00892,3,2494.33,0.05,7108.84,5226.03,Credit Card,Regular
SAL20250062618,2025-07-10,STR019,PRD00090,1,8184.6,0.05,7775.37,5556.86,Debit Card,Walk-in
SAL20250062619,2025-07-04,STR012,PRD00080,1,17292.25,0.0,17292.25,13027.41,Credit Card,Regular
SAL20250062620,2025-07-09,STR014,PRD00400,1,920.96,0.0,920.96,551.48,UPI,Regular
SAL20250062621,2025-07-10,STR026,PRD00174,2,698.44,0.0,1396.88,1046.48,UPI,Walk-in
SAL20250062622,2025-07-11,STR030,PRD00908,4,2285.46,0.0,9141.84,5360.24,UPI,Walk-in
SAL20250062623,2025-07-27,STR011,PRD01137,3,2009.09,0.0,6027.27,3222.81,Credit Card,Premium
SAL20250062624,2025-07-16,STR034,PRD01025,5,56.45,0.0,282.25,150.75,UPI,Regular
SAL20250062625,2025-07-03,STR036,PRD00693,2,2512.22,0.1,4522.0,3342.84,Debit Card,Regular
SAL20250062626,2025-07-22,STR007,PRD00313,1,1406.36,0.0,1406.36,639.34,Cash,Regular
SAL20250062627,2025-07-06,STR008,PRD01046,1,946.12,0.0,946.12,526.29,UPI,Regular
SAL20250062628,2025-07-01,STR032,PRD00052,2,1655.5,0.0,3311.0,2274.16,Credit Card,Regular
SAL20250062629,2025-07-16,STR014,PRD00063,1,19546.78,0.0,19546.78,13446.97,Debit Card,Walk-in
SAL20250062630,2025-07-03,STR001,PRD00743,2,1675.83,0.1,3016.49,2263.12,UPI,Premium
SAL20250062631,2025-07-22,STR005,PRD01031,4,1036.47,0.0,4145.88,2093.48,Debit Card,Regular
SAL20250062632,2025-07-15,STR029,PRD00307,4,743.28,0.0,2973.12,1931.28,Credit Card,Walk-in
SAL20250062633,2025-07-29,STR029,PRD00995,2,585.44,0.0,1170.88,835.44,Cash,Walk-in
SAL20250062634,2025-07-02,STR041,PRD00276,2,499.9,0.05,949.81,585.34,UPI,Regular
SAL20250062635,2025-07-07,STR039,PRD00271,2,660.1,0.0,1320.2,837.2,UPI,Walk-in
SAL20250062636,2025-07-22,STR003,PRD01069,1,2127.71,0.0,2127.71,1083.85,UPI,Regular
SAL20250062637,2025-07-02,STR041,PRD00259,1,1699.09,0.0,1699.09,1233.0,UPI,Premium
SAL20250062638,2025-07-07,STR017,PRD01063,4,747.32,0.1,2690.35,1953.56,UPI,Corporate
SAL20250062639,2025-07-29,STR036,PRD00608,2,314.95,0.0,629.9,468.28,Debit Card,Walk-in
SAL20250062640,2025-07-25,STR035,PRD00235,1,11077.6,0.0,11077.6,6683.62,UPI,Regular
SAL20250062641,2025-07-09,STR039,PRD00310,3,607.97,0.0,1823.91,911.22,Debit Card,Corporate
SAL20250062642,2025-07-10,STR004,PRD00151,1,5709.55,0.0,5709.55,3733.65,Credit Card,Regular
SAL20250062643,2025-07-02,STR015,PRD00648,3,715.75,0.0,2147.25,1371.81,Net Banking,Walk-in
SAL20250062644,2025-07-18,STR013,PRD00205,2,2084.53,0.0,4169.06,2670.2,Debit Card,Regular
SAL20250062645,2025-07-17,STR003,PRD00591,2,500.81,0.0,1001.62,727.46,UPI,Walk-in
SAL20250062646,2025-07-06,STR021,PRD00874,1,3195.38,0.0,3195.38,2332.48,Credit Card,Premium
SAL20250062647,2025-07-21,STR023,PRD01106,1,3135.75,0.1,2822.18,1669.16,UPI,Regular
SAL20250062648,2025-07-15,STR003,PRD01184,1,6927.53,0.0,6927.53,3182.7,Debit Card,Walk-in
SAL20250062649,2025-07-30,STR036,PRD00064,1,2458.4,0.0,2458.4,1830.7,Debit Card,Regular
SAL20250062650,2025-07-16,STR022,PRD01076,1,4373.35,0.0,4373.35,2595.55,Debit Card,Premium
SAL20250062651,2025-07-04,STR004,PRD01106,1,3135.75,0.0,3135.75,1669.16,UPI,Premium
SAL20250062652,2025-07-31,STR036,PRD01079,3,323.52,0.0,970.56,574.62,Credit Card,Regular
SAL20250062653,2025-07-29,STR036,PRD00784,1,1985.25,0.0,1985.25,1302.04,Debit Card,Regular
SAL20250062654,2025-07-07,STR020,PRD00590,3,353.62,0.0,1060.86,729.54,Credit Card,Walk-in
SAL20250062655,2025-07-17,STR002,PRD00259,1,1699.09,0.05,1614.14,1233.0,UPI,Regular
SAL20250062656,2025-07-25,STR004,PRD00188,1,6172.58,0.0,6172.58,4027.57,Net Banking,Walk-in
SAL20250062657,2025-07-02,STR021,PRD00115,1,5778.27,0.0,5778.27,4176.17,Net Banking,Regular
SAL20250062658,2025-07-22,STR040,PRD01069,1,2127.71,0.0,2127.71,1083.85,UPI,Regular
SAL20250062659,2025-07-18,STR024,PRD01019,2,948.07,0.0,1896.14,979.5,UPI,Regular
SAL20250062660,2025-07-02,STR014,PRD01023,4,241.67,0.0,966.68,533.12,UPI,Regular
SAL20250062661,2025-07-24,STR018,PRD00374,1,1242.75,0.0,1242.75,738.33,Debit Card,Premium
SAL20250062662,2025-07-01,STR005,PRD00919,2,3391.01,0.1,6103.82,4464.16,Debit Card,Regular
SAL20250062663,2025-07-17,STR030,PRD00231,1,9171.94,0.0,9171.94,6705.09,Credit Card,Regular
SAL20250062664,2025-07-24,STR033,PRD00120,2,22170.49,0.0,44340.98,32610.44,Debit Card,Regular
SAL20250062665,2025-07-28,STR018,PRD00831,1,2902.42,0.0,2902.42,1993.17,UPI,Regular
SAL20250062666,2025-07-09,STR041,PRD01012,1,896.48,0.0,896.48,582.58,Net Banking,Regular
SAL20250062667,2025-07-08,STR015,PRD00020,1,2507.15,0.0,2507.15,1948.29,Debit Card,Premium
SAL20250062668,2025-07-10,STR039,PRD00257,1,3131.42,0.0,3131.42,2145.77,Credit Card,Premium
SAL20250062669,2025-07-17,STR027,PRD00310,4,607.97,0.0,2431.88,1214.96,UPI,Regular
SAL20250062670,2025-07-31,STR014,PRD00158,1,3798.87,0.0,3798.87,2582.44,UPI,Regular
SAL20250062671,2025-07-13,STR022,PRD01139,2,4060.77,0.0,8121.54,3689.12,Debit Card,Regular
SAL20250062672,2025-07-12,STR020,PRD00530,5,663.27,0.0,3316.35,2810.35,UPI,Regular
SAL20250062673,2025-07-28,STR038,PRD01006,2,849.47,0.0,1698.94,1213.38,Credit Card,Regular
SAL20250062674,2025-07-09,STR027,PRD00597,2,765.55,0.0,1531.1,887.64,UPI,Regular
SAL20250062675,2025-07-23,STR026,PRD00423,1,256.23,0.0,256.23,213.9,UPI,Regular
SAL20250062676,2025-07-15,STR007,PRD00446,1,1037.38,0.0,1037.38,881.41,UPI,Regular
SAL20250062677,2025-07-25,STR035,PRD00001,1,21322.84,0.05,20256.7,15337.08,UPI,Regular
SAL20250062678,2025-07-14,STR028,PRD00901,1,3120.68,0.0,3120.68,2071.57,UPI,Regular
SAL20250062679,2025-07-31,STR011,PRD00761,1,367.88,0.0,367.88,269.21,Debit Card,Regular
SAL20250062680,2025-07-31,STR019,PRD00369,3,1020.79,0.0,3062.37,1447.47,Credit Card,Walk-in
SAL20250062681,2025-07-09,STR030,PRD00033,1,2653.86,0.05,2521.17,1783.28,Cash,Walk-in
SAL20250062682,2025-07-16,STR001,PRD01000,2,495.66,0.1,892.19,691.74,Debit Card,Walk-in
SAL20250062683,2025-07-23,STR032,PRD00707,1,2433.38,0.0,2433.38,1626.72,Debit Card,Premium
SAL20250062684,2025-07-21,STR031,PRD00971,1,604.86,0.1,544.37,306.67,Credit Card,Walk-in
SAL20250062685,2025-07-26,STR028,PRD01031,3,1036.47,0.1,2798.47,1570.11,UPI,Regular
SAL20250062686,2025-07-16,STR015,PRD00021,2,1822.47,0.0,3644.94,2667.6,Debit Card,Walk-in
SAL20250062687,2025-07-15,STR011,PRD00252,1,10910.07,0.0,10910.07,7523.25,Cash,Regular
SAL20250062688,2025-07-19,STR007,PRD00457,1,726.05,0.0,726.05,549.39,UPI,Premium
SAL20250062689,2025-07-21,STR028,PRD00658,1,338.62,0.05,321.69,227.68,Credit Card,Premium
SAL20250062690,2025-07-28,STR003,PRD00123,1,7408.15,0.0,7408.15,5588.12,Debit Card,Premium
SAL20250062691,2025-07-20,STR014,PRD00478,3,959.84,0.0,2879.52,2436.78,UPI,Premium
SAL20250062692,2025-07-19,STR038,PRD00231,1,9171.94,0.0,9171.94,6705.09,UPI,Walk-in
SAL20250062693,2025-07-09,STR018,PRD00004,1,18331.36,0.05,17414.79,14741.73,UPI,Premium
SAL20250062694,2025-07-25,STR001,PRD00348,1,1231.54,0.0,1231.54,694.06,UPI,Walk-in
SAL20250062695,2025-07-19,STR016,PRD00680,2,3900.49,0.0,7800.98,5610.0,UPI,Regular
SAL20250062696,2025-07-21,STR006,PRD00675,1,1206.06,0.0,1206.06,758.43,UPI,Walk-in
SAL20250062697,2025-07-24,STR028,PRD01113,4,4340.13,0.0,17360.52,8063.68,UPI,Regular
SAL20250062698,2025-07-01,STR005,PRD00352,1,930.67,0.1,837.6,596.9,Credit Card,Walk-in
SAL20250062699,2025-07-31,STR041,PRD00956,1,1028.6,0.0,1028.6,572.0,Debit Card,Walk-in
SAL20250062700,2025-07-22,STR033,PRD01180,1,9129.62,0.0,9129.62,4243.81,UPI,Regular
SAL20250062701,2025-07-08,STR003,PRD00793,3,2445.38,0.0,7336.14,4216.23,Credit Card,Premium
SAL20250062702,2025-07-11,STR026,PRD01166,1,3220.85,0.0,3220.85,1660.43,UPI,Regular
SAL20250062703,2025-07-19,STR029,PRD00989,3,922.35,0.0,2767.05,1776.33,Credit Card,Premium
SAL20250062704,2025-07-21,STR012,PRD00429,1,725.58,0.0,725.58,550.01,UPI,Regular
SAL20250062705,2025-07-13,STR034,PRD00040,2,26675.54,0.0,53351.08,34974.02,UPI,Regular
SAL20250062706,2025-07-26,STR012,PRD00385,1,460.87,0.0,460.87,278.52,Credit Card,Walk-in
SAL20250062707,2025-07-11,STR035,PRD00726,2,2171.72,0.0,4343.44,2995.7,Credit Card,Premium
SAL20250062708,2025-07-12,STR026,PRD00402,2,947.11,0.0,1894.22,1636.12,UPI,Regular
SAL20250062709,2025-07-18,STR006,PRD00482,2,411.59,0.0,823.18,688.24,UPI,Regular
SAL20250062710,2025-07-28,STR004,PRD01118,1,5734.69,0.05,5447.96,3371.1,UPI,Corporate
SAL20250062711,2025-07-24,STR021,PRD01085,1,7889.14,0.0,7889.14,4136.29,Credit Card,Regular
SAL20250062712,2025-07-28,STR040,PRD00583,2,704.61,0.0,1409.22,875.18,Credit Card,Walk-in
SAL20250062713,2025-07-03,STR023,PRD00710,2,4042.5,0.0,8085.0,4447.98,Cash,Regular
SAL20250062714,2025-07-02,STR025,PRD00495,4,212.14,0.0,848.56,657.08,UPI,Walk-in
SAL20250062715,2025-07-18,STR016,PRD01107,2,1600.76,0.0,3201.52,1470.26,UPI,Walk-in
SAL20250062716,2025-07-23,STR017,PRD01072,1,354.49,0.0,354.49,220.0,UPI,Regular
SAL20250062717,2025-07-31,STR036,PRD00940,1,57.11,0.0,57.11,38.86,Credit Card,Regular
SAL20250062718,2025-07-23,STR037,PRD00826,1,174.23,0.0,174.23,120.2,UPI,Regular
SAL20250062719,2025-07-12,STR032,PRD00432,2,845.55,0.0,1691.1,1294.08,Net Banking,Regular
SAL20250062720,2025-07-19,STR038,PRD00923,1,3811.45,0.0,3811.45,2262.33,UPI,Walk-in
SAL20250062721,2025-07-21,STR031,PRD00306,1,1349.3,0.0,1349.3,771.94,Credit Card,Premium
SAL20250062722,2025-07-30,STR029,PRD01006,2,849.47,0.1,1529.05,1213.38,UPI,Regular
SAL20250062723,2025-07-19,STR014,PRD00065,2,10562.87,0.0,21125.74,16305.86,UPI,Corporate
SAL20250062724,2025-07-10,STR025,PRD00423,3,256.23,0.0,768.69,641.7,UPI,Walk-in
SAL20250062725,2025-07-29,STR039,PRD00380,1,304.64,0.0,304.64,210.5,Net Banking,Regular
SAL20250062726,2025-07-16,STR013,PRD00734,1,817.34,0.0,817.34,469.79,Debit Card,Regular
SAL20250062727,2025-07-11,STR032,PRD01128,1,2522.35,0.1,2270.11,1440.68,Credit Card,Walk-in
SAL20250062728,2025-07-13,STR040,PRD00537,1,133.85,0.1,120.47,78.78,Cash,Regular
SAL20250062729,2025-07-21,STR024,PRD00627,1,670.0,0.0,670.0,403.71,Debit Card,Walk-in
SAL20250062730,2025-07-31,STR018,PRD00548,1,172.01,0.0,172.01,120.36,UPI,Regular
SAL20250062731,2025-07-25,STR032,PRD01084,1,10498.54,0.0,10498.54,4211.39,UPI,Premium
SAL20250062732,2025-07-17,STR040,PRD00115,1,5778.27,0.0,5778.27,4176.17,Credit Card,Regular
SAL20250062733,2025-07-26,STR008,PRD00171,1,6232.31,0.05,5920.69,4552.99,UPI,Regular
SAL20250062734,2025-07-10,STR028,PRD00682,1,3799.71,0.0,3799.71,2447.28,Debit Card,Regular
SAL20250062735,2025-07-20,STR023,PRD01091,1,5878.46,0.0,5878.46,2808.85,UPI,Regular
SAL20250062736,2025-07-03,STR020,PRD01098,1,1920.11,0.05,1824.1,1122.86,UPI,Walk-in
SAL20250062737,2025-07-13,STR033,PRD00685,1,4676.03,0.0,4676.03,2851.64,Debit Card,Regular
SAL20250062738,2025-07-14,STR022,PRD00097,1,19452.93,0.0,19452.93,14437.86,Credit Card,Walk-in
SAL20250062739,2025-07-24,STR003,PRD00873,2,687.87,0.0,1375.74,982.9,Net Banking,Regular
SAL20250062740,2025-07-02,STR033,PRD00326,1,1442.32,0.0,1442.32,681.43,UPI,Regular
SAL20250062741,2025-07-06,STR035,PRD00777,3,3515.65,0.05,10019.6,5825.34,Credit Card,Premium
SAL20250062742,2025-07-27,STR014,PRD00799,3,3907.93,0.0,11723.79,7375.74,UPI,Regular
SAL20250062743,2025-07-18,STR027,PRD01057,1,52.31,0.0,52.31,33.3,Debit Card,Walk-in
SAL20250062744,2025-07-29,STR019,PRD01085,2,7889.14,0.0,15778.28,8272.58,Cash,Regular
SAL20250062745,2025-07-17,STR013,PRD00642,1,467.68,0.1,420.91,290.22,UPI,Walk-in
SAL20250062746,2025-07-20,STR028,PRD00505,1,1140.95,0.0,1140.95,860.47,UPI,Regular
SAL20250062747,2025-07-17,STR008,PRD00845,2,2226.26,0.0,4452.52,3046.82,Debit Card,Regular
SAL20250062748,2025-07-05,STR032,PRD00315,1,452.88,0.1,407.59,281.44,UPI,Walk-in
SAL20250062749,2025-07-01,STR039,PRD00670,1,3171.53,0.0,3171.53,1914.92,Cash,Walk-in
SAL20250062750,2025-07-23,STR033,PRD01018,1,139.93,0.0,139.93,88.8,Credit Card,Regular
SAL20250062751,2025-07-01,STR003,PRD00486,6,161.3,0.0,967.8,741.3,Debit Card,Regular
SAL20250062752,2025-07-03,STR037,PRD00285,1,1499.26,0.0,1499.26,768.76,Debit Card,Premium
SAL20250062753,2025-07-24,STR037,PRD01099,4,4242.7,0.0,16970.8,10887.4,UPI,Walk-in
SAL20250062754,2025-07-31,STR009,PRD00780,2,1384.22,0.0,2768.44,1777.72,UPI,Walk-in
SAL20250062755,2025-07-30,STR012,PRD01047,1,844.86,0.0,844.86,483.38,Debit Card,Walk-in
SAL20250062756,2025-07-18,STR035,PRD00326,1,1442.32,0.0,1442.32,681.43,UPI,Walk-in
SAL20250062757,2025-07-29,STR013,PRD00058,1,3380.1,0.0,3380.1,2568.5,Net Banking,Regular
SAL20250062758,2025-07-17,STR034,PRD00825,1,2419.3,0.0,2419.3,1402.49,Credit Card,Walk-in
SAL20250062759,2025-07-06,STR004,PRD00070,1,15101.4,0.0,15101.4,11038.01,Net Banking,Regular
SAL20250062760,2025-07-22,STR036,PRD00825,1,2419.3,0.0,2419.3,1402.49,Credit Card,Walk-in
SAL20250062761,2025-07-23,STR004,PRD00768,1,281.0,0.0,281.0,205.1,UPI,Regular
SAL20250062762,2025-07-16,STR018,PRD00781,1,2809.53,0.1,2528.58,2070.84,Credit Card,Regular
SAL20250062763,2025-07-13,STR001,PRD00222,1,8948.67,0.0,8948.67,6580.84,Cash,Regular
SAL20250062764,2025-07-19,STR041,PRD00178,1,9669.95,0.0,9669.95,6949.73,UPI,Premium
SAL20250062765,2025-07-26,STR031,PRD00563,2,667.75,0.1,1201.95,867.12,Net Banking,Regular
SAL20250062766,2025-07-14,STR029,PRD00758,3,4375.02,0.0,13125.06,9504.81,UPI,Walk-in
SAL20250062767,2025-07-10,STR014,PRD00234,1,3859.31,0.0,3859.31,2374.04,Credit Card,Regular
SAL20250062768,2025-07-08,STR028,PRD00488,3,995.48,0.0,2986.44,2507.58,UPI,Walk-in
SAL20250062769,2025-07-19,STR037,PRD00507,3,259.46,0.0,778.38,646.05,Credit Card,Walk-in
SAL20250062770,2025-07-30,STR004,PRD00018,1,13116.16,0.1,11804.54,9769.19,Cash,Walk-in
SAL20250062771,2025-07-12,STR021,PRD00084,1,11056.09,0.0,11056.09,8293.77,UPI,Premium
SAL20250062772,2025-07-07,STR016,PRD00168,1,8820.25,0.0,8820.25,6611.06,Debit Card,Premium
SAL20250062773,2025-07-10,STR034,PRD00560,1,314.33,0.0,314.33,218.79,Debit Card,Regular
SAL20250062774,2025-07-03,STR006,PRD01092,1,5535.53,0.0,5535.53,2634.51,UPI,Regular
SAL20250062775,2025-07-17,STR024,PRD01112,2,3077.42,0.0,6154.84,3116.38,Credit Card,Regular
SAL20250062776,2025-07-01,STR008,PRD00705,2,488.73,0.05,928.59,656.86,Credit Card,Regular
SAL20250062777,2025-07-21,STR040,PRD00545,1,450.85,0.1,405.77,252.45,UPI,Regular
SAL20250062778,2025-07-06,STR004,PRD00971,2,604.86,0.05,1149.23,613.34,Credit Card,Regular
SAL20250062779,2025-07-03,STR041,PRD00123,1,7408.15,0.0,7408.15,5588.12,Credit Card,Walk-in
SAL20250062780,2025-07-17,STR039,PRD00153,2,12724.66,0.1,22904.39,15844.24,Debit Card,Corporate
SAL20250062781,2025-07-04,STR004,PRD01059,3,553.69,0.0,1661.07,1105.08,UPI,Regular
SAL20250062782,2025-07-07,STR013,PRD00035,2,7229.47,0.0,14458.94,9778.56,Debit Card,Regular
SAL20250062783,2025-07-30,STR011,PRD00215,1,9358.07,0.0,9358.07,6525.15,UPI,Regular
SAL20250062784,2025-07-06,STR006,PRD00135,1,9390.96,0.0,9390.96,6866.63,UPI,Regular
SAL20250062785,2025-07-21,STR021,PRD00764,1,3332.71,0.0,3332.71,1836.11,Credit Card,Walk-in
SAL20250062786,2025-07-14,STR001,PRD00196,1,3177.64,0.1,2859.88,2246.88,Net Banking,Corporate
SAL20250062787,2025-07-20,STR008,PRD00171,1,6232.31,0.0,6232.31,4552.99,Credit Card,Regular
SAL20250062788,2025-07-12,STR026,PRD00767,1,2122.92,0.0,2122.92,1557.14,UPI,Corporate
SAL20250062789,2025-07-27,STR030,PRD00600,1,709.55,0.05,674.07,469.16,UPI,Regular
SAL20250062790,2025-07-29,STR004,PRD00034,1,761.93,0.0,761.93,520.56,Credit Card,Walk-in
SAL20250062791,2025-07-11,STR011,PRD01137,1,2009.09,0.0,2009.09,1074.27,Net Banking,Walk-in
SAL20250062792,2025-07-31,STR008,PRD00154,1,614.66,0.1,553.19,476.92,Credit Card,Walk-in
SAL20250062793,2025-07-24,STR021,PRD00824,1,3034.92,0.0,3034.92,2166.53,UPI,Regular
SAL20250062794,2025-07-25,STR041,PRD00285,1,1499.26,0.05,1424.3,768.76,Cash,Walk-in
SAL20250062795,2025-07-31,STR020,PRD00124,1,10921.57,0.0,10921.57,7123.55,UPI,Regular
SAL20250062796,2025-07-27,STR028,PRD01182,3,9675.4,0.0,29026.2,12796.68,Net Banking,Regular
SAL20250062797,2025-07-02,STR032,PRD00487,1,92.35,0.0,92.35,78.84,Cash,Regular
SAL20250062798,2025-07-28,STR013,PRD00979,1,62.69,0.0,62.69,37.43,UPI,Walk-in
SAL20250062799,2025-07-20,STR017,PRD01175,2,2568.19,0.0,5136.38,3145.4,Cash,Premium
SAL20250062800,2025-07-13,STR035,PRD00115,1,5778.27,0.0,5778.27,4176.17,UPI,Walk-in
SAL20250062801,2025-07-13,STR030,PRD01104,1,7758.33,0.05,7370.41,3488.36,UPI,Walk-in
SAL20250062802,2025-07-23,STR018,PRD00533,4,799.67,0.0,3198.68,2648.24,UPI,Walk-in
SAL20250062803,2025-07-23,STR010,PRD01181,2,2062.42,0.0,4124.84,2565.66,UPI,Regular
SAL20250062804,2025-07-31,STR014,PRD01144,2,2397.7,0.0,4795.4,2852.04,Credit Card,Walk-in
SAL20250062805,2025-07-09,STR023,PRD00736,4,1942.77,0.1,6993.97,4966.2,Credit Card,Walk-in
SAL20250062806,2025-07-23,STR021,PRD00132,1,22943.8,0.1,20649.42,17725.67,Credit Card,Walk-in
SAL20250062807,2025-07-02,STR019,PRD00964,1,842.84,0.0,842.84,575.19,UPI,Regular
SAL20250062808,2025-07-19,STR024,PRD00670,3,3171.53,0.0,9514.59,5744.76,UPI,Regular
SAL20250062809,2025-07-01,STR002,PRD00912,1,532.47,0.0,532.47,306.3,UPI,Walk-in
SAL20250062810,2025-07-03,STR013,PRD00774,1,2102.71,0.0,2102.71,1549.27,Debit Card,Regular
SAL20250062811,2025-07-07,STR038,PRD00270,4,1213.51,0.0,4854.04,3076.24,UPI,Regular
SAL20250062812,2025-07-11,STR036,PRD00150,1,1288.03,0.0,1288.03,897.46,Credit Card,Premium
SAL20250062813,2025-07-11,STR010,PRD00379,4,660.61,0.0,2642.44,1842.64,Net Banking,Regular
SAL20250062814,2025-07-14,STR019,PRD00161,1,9190.04,0.0,9190.04,7015.28,Credit Card,Regular
SAL20250062815,2025-07-31,STR023,PRD00673,1,2685.18,0.0,2685.18,1698.29,Credit Card,Walk-in
SAL20250062816,2025-07-07,STR022,PRD01009,2,52.33,0.0,104.66,58.78,Credit Card,Premium
SAL20250062817,2025-07-09,STR028,PRD00443,2,206.94,0.0,413.88,334.12,UPI,Premium
SAL20250062818,2025-07-31,STR027,PRD00029,1,24663.79,0.0,24663.79,16157.43,UPI,Walk-in
SAL20250062819,2025-07-10,STR004,PRD00835,1,1480.55,0.0,1480.55,1008.2,UPI,Walk-in
SAL20250062820,2025-07-31,STR002,PRD00758,2,4375.02,0.0,8750.04,6336.54,Credit Card,Regular
SAL20250062821,2025-07-20,STR031,PRD00283,2,917.06,0.0,1834.12,862.94,UPI,Regular
SAL20250062822,2025-07-03,STR036,PRD00075,2,9132.03,0.0,18264.06,14085.18,UPI,Walk-in
SAL20250062823,2025-07-18,STR039,PRD00846,2,1551.36,0.0,3102.72,2204.46,UPI,Walk-in
SAL20250062824,2025-07-14,STR003,PRD01034,1,310.11,0.0,310.11,217.72,Debit Card,Regular
SAL20250062825,2025-07-05,STR037,PRD00361,1,1524.53,0.0,1524.53,825.7,UPI,Regular
SAL20250062826,2025-07-13,STR001,PRD00518,4,1000.64,0.1,3602.3,3073.72,UPI,Regular
SAL20250062827,2025-07-04,STR036,PRD00195,1,4088.9,0.0,4088.9,3108.85,Debit Card,Walk-in
SAL20250062828,2025-07-24,STR036,PRD01002,1,98.3,0.0,98.3,55.69,UPI,Walk-in
SAL20250062829,2025-07-06,STR034,PRD01182,2,9675.4,0.0,19350.8,8531.12,UPI,Walk-in
SAL20250062830,2025-07-01,STR029,PRD01193,1,1712.13,0.0,1712.13,1034.91,UPI,Regular
SAL20250062831,2025-07-05,STR018,PRD00895,1,472.54,0.0,472.54,297.4,UPI,Walk-in
SAL20250062832,2025-07-31,STR015,PRD00110,1,26501.66,0.0,26501.66,18492.65,Credit Card,Regular
SAL20250062833,2025-07-26,STR007,PRD00569,1,219.4,0.05,208.43,143.3,Credit Card,Walk-in
SAL20250062834,2025-07-19,STR015,PRD00540,1,550.54,0.0,550.54,388.62,Credit Card,Walk-in
SAL20250062835,2025-07-17,STR038,PRD00447,3,458.65,0.0,1375.95,1066.98,UPI,Regular
SAL20250062836,2025-07-04,STR003,PRD00511,3,709.29,0.0,2127.87,1677.54,UPI,Regular
SAL20250062837,2025-07-26,STR038,PRD00879,1,2290.26,0.0,2290.26,1614.23,Cash,Regular
SAL20250062838,2025-07-03,STR037,PRD00717,1,402.54,0.0,402.54,262.23,Debit Card,Regular
SAL20250062839,2025-07-01,STR041,PRD00716,1,1780.84,0.1,1602.76,1007.46,UPI,Premium
SAL20250062840,2025-07-15,STR028,PRD00968,1,316.7,0.0,316.7,158.76,Credit Card,Regular
SAL20250062841,2025-07-08,STR002,PRD00689,3,492.79,0.0,1478.37,998.49,UPI,Walk-in
SAL20250062842,2025-07-06,STR022,PRD01008,4,227.58,0.05,864.8,568.0,UPI,Walk-in
SAL20250062843,2025-07-25,STR012,PRD00459,1,918.25,0.0,918.25,735.01,Credit Card,Regular
SAL20250062844,2025-07-19,STR022,PRD00852,1,1751.61,0.05,1664.03,1214.84,Debit Card,Regular
SAL20250062845,2025-07-25,STR030,PRD00751,1,3034.29,0.0,3034.29,1940.36,UPI,Regular
SAL20250062846,2025-07-25,STR026,PRD00170,2,1380.75,0.05,2623.42,1836.98,Credit Card,Premium
SAL20250062847,2025-07-19,STR017,PRD00140,1,6378.06,0.05,6059.16,4851.7,UPI,Regular
SAL20250062848,2025-07-29,STR009,PRD01123,1,3145.87,0.1,2831.28,1902.26,UPI,Walk-in
SAL20250062849,2025-07-01,STR015,PRD01152,2,2969.91,0.0,5939.82,2757.4,Credit Card,Regular
SAL20250062850,2025-07-17,STR031,PRD00410,1,245.81,0.1,221.23,192.76,UPI,Premium
SAL20250062851,2025-07-12,STR023,PRD00591,6,500.81,0.0,3004.86,2182.38,UPI,Walk-in
SAL20250062852,2025-07-19,STR035,PRD00296,2,250.04,0.0,500.08,243.26,UPI,Regular
SAL20250062853,2025-07-06,STR023,PRD00809,1,1418.3,0.1,1276.47,895.74,UPI,Walk-in
SAL20250062854,2025-07-30,STR032,PRD00396,1,713.53,0.1,642.18,454.7,UPI,Regular
SAL20250062855,2025-07-01,STR039,PRD00029,1,24663.79,0.05,23430.6,16157.43,Credit Card,Regular
SAL20250062856,2025-07-09,STR029,PRD00658,2,338.62,0.0,677.24,455.36,UPI,Walk-in
SAL20250062857,2025-07-12,STR037,PRD00019,1,9063.53,0.0,9063.53,6399.55,Credit Card,Walk-in
SAL20250062858,2025-07-21,STR034,PRD00832,3,1859.75,0.0,5579.25,4110.84,Debit Card,Corporate
SAL20250062859,2025-07-03,STR041,PRD00024,2,23723.95,0.0,47447.9,31000.48,Credit Card,Regular
SAL20250062860,2025-07-08,STR025,PRD00747,4,1306.66,0.0,5226.64,3840.64,Cash,Walk-in
SAL20250062861,2025-07-23,STR008,PRD00926,1,683.78,0.05,649.59,481.25,Credit Card,Corporate
SAL20250062862,2025-07-29,STR038,PRD01139,3,4060.77,0.05,11573.19,5533.68,UPI,Regular
SAL20250062863,2025-07-31,STR017,PRD00726,1,2171.72,0.0,2171.72,1497.85,UPI,Walk-in
SAL20250062864,2025-07-25,STR015,PRD00485,6,693.22,0.0,4159.32,3558.9,UPI,Regular
SAL20250062865,2025-07-10,STR039,PRD00355,1,304.11,0.0,304.11,163.8,Credit Card,Regular
SAL20250062866,2025-07-07,STR012,PRD00892,1,2494.33,0.0,2494.33,1742.01,Cash,Regular
SAL20250062867,2025-07-21,STR020,PRD00374,1,1242.75,0.0,1242.75,738.33,UPI,Regular
SAL20250062868,2025-07-18,STR022,PRD01086,1,5541.98,0.1,4987.78,3222.42,UPI,Premium
SAL20250062869,2025-07-03,STR022,PRD00217,1,8159.94,0.05,7751.94,5298.43,UPI,Walk-in
SAL20250062870,2025-07-27,STR021,PRD00858,2,1066.62,0.0,2133.24,1390.32,UPI,Walk-in
SAL20250062871,2025-07-19,STR012,PRD00458,1,587.81,0.05,558.42,445.92,UPI,Corporate
SAL20250062872,2025-07-13,STR020,PRD00080,1,17292.25,0.0,17292.25,13027.41,Credit Card,Regular
SAL20250062873,2025-07-03,STR029,PRD00142,1,4154.89,0.1,3739.4,2736.44,UPI,Walk-in
SAL20250062874,2025-07-11,STR009,PRD01134,2,5914.46,0.1,10646.03,5858.64,Debit Card,Regular
SAL20250062875,2025-07-15,STR003,PRD00909,1,1266.46,0.0,1266.46,869.48,Credit Card,Regular
SAL20250062876,2025-07-15,STR012,PRD00580,3,372.59,0.0,1117.77,633.9,UPI,Regular
SAL20250062877,2025-07-30,STR015,PRD00449,2,236.21,0.0,472.42,398.28,Net Banking,Regular
SAL20250062878,2025-07-28,STR041,PRD00356,1,1354.34,0.0,1354.34,734.18,Debit Card,Premium
SAL20250062879,2025-07-30,STR013,PRD00924,1,261.16,0.0,261.16,194.5,UPI,Regular
SAL20250062880,2025-07-17,STR021,PRD00878,1,1229.84,0.0,1229.84,796.56,Credit Card,Walk-in
SAL20250062881,2025-07-25,STR038,PRD00314,2,610.16,0.05,1159.3,744.82,UPI,Regular
SAL20250062882,2025-07-23,STR026,PRD00527,1,938.3,0.0,938.3,741.27,UPI,Regular
SAL20250062883,2025-07-21,STR014,PRD01087,1,7006.0,0.0,7006.0,3419.72,UPI,Walk-in
SAL20250062884,2025-07-14,STR004,PRD00077,2,14848.8,0.0,29697.6,24154.42,Cash,Regular
SAL20250062885,2025-07-12,STR001,PRD00847,2,2294.5,0.1,4130.1,3234.24,UPI,Premium
SAL20250062886,2025-07-12,STR030,PRD01106,3,3135.75,0.0,9407.25,5007.48,UPI,Walk-in
SAL20250062887,2025-07-19,STR032,PRD00229,1,2013.93,0.0,2013.93,1348.9,UPI,Corporate
SAL20250062888,2025-07-04,STR004,PRD00574,1,560.83,0.0,560.83,338.56,UPI,Corporate
SAL20250062889,2025-07-10,STR033,PRD00191,1,7660.03,0.0,7660.03,5198.25,Credit Card,Regular
SAL20250062890,2025-07-26,STR031,PRD01023,3,241.67,0.0,725.01,399.84,UPI,Regular
SAL20250062891,2025-07-04,STR008,PRD00262,1,10754.4,0.0,10754.4,8063.44,Credit Card,Regular
SAL20250062892,2025-07-10,STR024,PRD01013,2,214.89,0.0,429.78,296.48,UPI,Corporate
SAL20250062893,2025-07-16,,PRD00127,1,14293.97,0.0,14293.97,10567.08,Credit Card,Walk-in
SAL20250062894,2025-07-25,STR022,PRD00201,1,2838.89,0.0,2838.89,1889.59,UPI,Regular
SAL20250062895,2025-07-09,STR035,PRD00891,1,506.36,0.0,506.36,373.69,UPI,Walk-in
SAL20250062896,2025-07-25,STR037,PRD01032,3,117.65,0.0,352.95,210.6,UPI,Regular
SAL20250062897,2025-07-28,STR009,PRD01054,2,256.04,0.0,512.08,335.92,Debit Card,Walk-in
SAL20250062898,2025-07-02,STR034,PRD00488,6,995.48,0.0,5972.88,5015.16,Credit Card,Walk-in
SAL20250062899,2025-07-13,STR002,PRD00082,1,9499.68,0.0,9499.68,6552.44,Cash,Regular
SAL20250062900,2025-07-02,STR003,PRD00505,2,1140.95,0.0,2281.9,1720.94,Credit Card,Regular
SAL20250062901,2025-07-07,STR034,PRD00169,1,8761.68,0.0,8761.68,5628.67,UPI,Walk-in
SAL20250062902,2025-07-20,STR003,PRD00493,4,517.33,0.0,2069.32,1786.0,Credit Card,Premium
SAL20250062903,2025-07-07,STR040,PRD00426,1,496.18,0.0,496.18,415.87,Cash,Regular
SAL20250062904,2025-07-19,STR035,PRD00154,1,614.66,0.0,614.66,476.92,UPI,Walk-in
SAL20250062905,2025-07-23,STR031,PRD00944,4,197.23,0.05,749.47,511.28,Credit Card,Walk-in
SAL20250062906,2025-07-28,STR027,PRD01017,1,1092.19,0.1,982.97,591.69,UPI,Walk-in
SAL20250062907,2025-07-02,STR011,PRD00024,1,23723.95,0.0,23723.95,15500.24,UPI,Regular
SAL20250062908,2025-07-12,STR008,PRD00823,4,2558.98,0.0,10235.92,6870.76,UPI,Regular
SAL20250062909,2025-07-30,STR027,PRD00364,1,296.2,0.1,266.58,195.69,Debit Card,Premium
SAL20250062910,2025-07-05,STR021,PRD00256,1,13048.37,0.1,11743.53,8107.05,Credit Card,Walk-in
SAL20250062911,2025-07-17,STR006,PRD01165,1,6335.51,0.1,5701.96,3028.69,UPI,Regular
SAL20250062912,2025-07-28,STR019,PRD01053,6,481.32,0.0,2887.92,1876.68,Credit Card,Corporate
SAL20250062913,2025-07-25,STR011,PRD01021,1,582.28,0.0,582.28,378.12,Debit Card,Regular
SAL20250062914,2025-07-08,STR026,PRD00188,1,6172.58,0.0,6172.58,4027.57,Debit Card,Walk-in
SAL20250062915,2025-07-18,STR034,PRD00018,1,13116.16,0.05,12460.35,9769.19,UPI,Walk-in
SAL20250062916,2025-07-31,STR003,PRD01164,1,2114.79,0.0,2114.79,1108.71,Net Banking,Regular
SAL20250062917,2025-07-22,STR021,PRD00517,3,252.82,0.1,682.61,609.09,UPI,Walk-in
SAL20250062918,2025-07-17,STR029,PRD00174,1,698.44,0.0,698.44,523.24,Debit Card,Regular
SAL20250062919,2025-07-30,STR034,PRD00106,1,3614.0,0.0,3614.0,2487.36,UPI,Regular
SAL20250062920,2025-07-13,STR018,PRD00400,1,920.96,0.0,920.96,551.48,UPI,Premium
SAL20250062921,2025-07-03,STR013,PRD00481,4,391.79,0.05,1488.8,1267.04,UPI,Regular
SAL20250062922,2025-07-22,STR023,PRD01101,1,4929.57,0.0,4929.57,2668.17,Debit Card,Walk-in
SAL20250062923,2025-07-24,STR039,PRD01043,2,134.43,0.0,268.86,160.92,Debit Card,Walk-in
SAL20250062924,2025-07-22,STR015,PRD00445,1,417.63,0.0,417.63,335.27,UPI,Regular
SAL20250062925,2025-07-09,STR008,PRD00348,1,1231.54,0.0,1231.54,694.06,Credit Card,Regular
SAL20250062926,2025-07-04,STR035,PRD01149,1,4599.19,0.0,4599.19,2334.77,Credit Card,Regular
SAL20250062927,2025-07-24,STR011,PRD00241,1,7381.55,0.0,7381.55,5583.94,UPI,Regular
SAL20250062928,2025-07-13,STR002,PRD00589,3,435.23,0.0,1305.69,762.12,Cash,Walk-in
SAL20250062929,2025-07-30,STR036,PRD00579,2,398.71,0.0,797.42,584.34,Credit Card,Walk-in
SAL20250062930,2025-07-03,STR005,PRD00285,1,1499.26,0.1,1349.33,768.76,UPI,Regular
SAL20250062931,2025-07-20,STR039,PRD00435,1,718.79,0.0,718.79,584.17,UPI,Regular
SAL20250062932,2025-07-14,STR001,PRD00869,1,3787.4,0.0,3787.4,2366.4,UPI,Walk-in
SAL20250062933,2025-07-15,STR009,PRD00179,1,5253.14,0.05,4990.48,3207.54,Debit Card,Regular
SAL20250062934,2025-07-15,STR004,PRD01163,1,6199.15,0.0,6199.15,3716.06,Credit Card,Premium
SAL20250062935,2025-07-02,STR011,PRD00875,4,258.44,0.0,1033.76,603.6,Credit Card,Walk-in
SAL20250062936,2025-07-26,STR025,PRD01026,1,512.0,0.0,512.0,341.95,Credit Card,Regular
SAL20250062937,2025-07-30,STR011,PRD00113,1,16350.49,0.0,16350.49,11876.29,UPI,Walk-in
SAL20250062938,2025-07-29,STR036,PRD00580,3,372.59,0.0,1117.77,633.9,UPI,Regular
SAL20250062939,2025-07-22,STR009,PRD00646,5,108.22,0.0,541.1,328.95,UPI,Walk-in
SAL20250062940,2025-07-11,STR025,PRD01081,1,7442.0,0.0,7442.0,3523.33,Cash,Walk-in
SAL20250062941,2025-07-14,STR011,PRD00603,5,196.91,0.1,886.1,654.8,UPI,Premium
SAL20250062942,2025-07-20,STR014,PRD01110,1,1048.97,0.0,1048.97,581.11,Credit Card,Regular
SAL20250062943,2025-07-29,STR030,PRD01151,1,7065.61,0.0,7065.61,3374.36,UPI,Regular
SAL20250062944,2025-07-28,STR017,PRD00027,1,21177.44,0.0,21177.44,15886.64,UPI,Premium
SAL20250062945,2025-07-01,STR032,PRD00534,3,97.09,0.0,291.27,241.77,UPI,Regular
SAL20250062946,2025-07-23,STR012,PRD01026,2,512.0,0.0,1024.0,683.9,Credit Card,Regular
SAL20250062947,2025-07-07,STR024,PRD00565,2,107.78,0.0,215.56,122.96,Cash,Regular
SAL20250062948,2025-07-28,STR017,PRD00931,1,1839.81,0.0,1839.81,1246.88,Credit Card,Regular
SAL20250062949,2025-07-16,STR022,PRD01032,1,117.65,0.0,117.65,70.2,UPI,Regular
SAL20250062950,2025-07-11,STR006,PRD00090,1,8184.6,0.05,7775.37,5556.86,UPI,Regular
SAL20250062951,2025-07-26,STR031,PRD00202,1,1209.84,0.0,1209.84,865.49,Debit Card,Regular
SAL20250062952,2025-07-29,STR029,PRD00200,1,1880.51,0.0,1880.51,1363.43,UPI,Regular
SAL20250062953,2025-07-15,STR022,PRD01089,1,8670.13,0.0,8670.13,3797.02,UPI,Regular
SAL20250062954,2025-07-06,STR008,PRD00082,3,9499.68,0.0,28499.04,19657.32,Net Banking,Walk-in
SAL20250062955,2025-07-14,STR013,PRD00637,1,299.32,0.0,299.32,213.6,Cash,Regular
SAL20250062956,2025-07-11,STR015,PRD01031,3,1036.47,0.0,3109.41,1570.11,UPI,Regular
SAL20250062957,2025-07-14,STR012,PRD00403,1,158.56,0.0,158.56,138.22,Debit Card,Regular
SAL20250062958,2025-07-28,STR019,PRD00874,4,3195.38,0.0,12781.52,9329.92,Debit Card,Regular
SAL20250062959,2025-07-16,STR033,PRD01061,4,1015.91,0.0,4063.64,2142.12,UPI,Regular
SAL20250062960,2025-07-30,STR028,PRD00392,1,436.74,0.0,436.74,242.28,Debit Card,Regular
SAL20250062961,2025-07-20,STR008,PRD00619,1,215.37,0.0,215.37,139.33,UPI,Regular
SAL20250062962,2025-07-18,STR026,PRD00124,1,10921.57,0.0,10921.57,7123.55,UPI,Regular
SAL20250062963,2025-07-04,STR009,PRD00269,1,151.87,0.1,136.68,99.82,Debit Card,Regular
SAL20250062964,2025-07-21,STR005,PRD00197,2,4849.89,0.0,9699.78,7558.06,UPI,Walk-in
SAL20250062965,2025-07-14,STR009,PRD00531,5,217.65,0.0,1088.25,911.0,UPI,Regular
SAL20250062966,2025-07-24,STR035,PRD00948,1,38.1,0.0,38.1,26.55,UPI,Walk-in
SAL20250062967,2025-07-14,STR039,PRD01128,1,2522.35,0.0,2522.35,1440.68,Credit Card,Premium
SAL20250062968,2025-07-28,STR011,PRD00435,2,718.79,0.0,1437.58,1168.34,UPI,Premium
SAL20250062969,2025-07-23,STR036,PRD00090,1,8184.6,0.0,8184.6,5556.86,UPI,Regular
SAL20250062970,2025-07-26,STR007,PRD00439,4,122.61,0.1,441.4,382.44,Credit Card,Walk-in
SAL20250062971,2025-07-24,STR037,PRD00356,2,1354.34,0.0,2708.68,1468.36,Cash,Walk-in
SAL20250062972,2025-07-22,STR018,PRD00278,2,439.84,0.0,879.68,584.14,Net Banking,Regular
SAL20250062973,2025-07-27,STR025,PRD00596,1,666.12,0.0,666.12,397.91,Credit Card,Walk-in
SAL20250062974,2025-07-12,STR011,PRD00856,2,1871.17,0.0,3742.34,2425.14,Debit Card,Regular
SAL20250062975,2025-07-02,STR025,PRD00996,1,577.22,0.0,577.22,329.39,UPI,Regular
SAL20250062976,2025-07-08,STR027,PRD00965,2,67.67,0.1,121.81,96.92,Debit Card,Premium
SAL20250062977,2025-07-02,STR010,PRD00294,2,1047.83,0.0,2095.66,1306.08,UPI,Walk-in
SAL20250062978,2025-07-09,STR010,PRD00434,2,648.17,0.0,1296.34,1077.58,UPI,Regular
SAL20250062979,2025-07-29,STR012,PRD00568,2,465.88,0.0,931.76,576.62,UPI,Walk-in
SAL20250062980,2025-07-06,STR034,PRD00323,1,361.28,0.0,361.28,188.15,Debit Card,Regular
SAL20250062981,2025-07-08,STR031,PRD00751,3,3034.29,0.0,9102.87,5821.08,Credit Card,Regular
SAL20250062982,2025-07-10,STR034,PRD00376,2,1476.13,0.0,2952.26,1365.98,Credit Card,Regular
SAL20250062983,2025-07-28,STR036,PRD01047,1,844.86,0.0,844.86,483.38,UPI,Regular
SAL20250062984,2025-07-16,STR002,PRD00491,5,675.67,0.0,3378.35,2633.55,UPI,Walk-in
SAL20250062985,2025-07-07,STR011,PRD00638,4,188.95,0.0,755.8,460.84,UPI,Regular
SAL20250062986,2025-07-31,STR004,PRD00957,1,157.86,0.05,149.97,94.55,UPI,Regular
SAL20250062987,2025-07-13,STR017,PRD00278,1,439.84,0.05,417.85,292.07,UPI,Premium
SAL20250062988,2025-07-13,STR024,PRD01072,1,354.49,0.0,354.49,220.0,Credit Card,Walk-in
SAL20250062989,2025-07-26,STR009,PRD01168,3,4286.69,0.0,12860.07,7422.12,Debit Card,Regular
SAL20250062990,2025-07-12,STR025,PRD00399,3,1354.99,0.0,4064.97,1941.39,Debit Card,Regular
SAL20250062991,2025-07-24,STR028,PRD00549,5,585.62,0.1,2635.29,1912.0,UPI,Regular
SAL20250062992,2025-07-11,STR029,PRD00843,2,1073.63,0.0,2147.26,1378.92,UPI,Regular
SAL20250062993,2025-07-31,STR004,PRD01146,1,2954.25,0.0,2954.25,1488.77,UPI,Walk-in
SAL20250062994,2025-07-14,STR039,PRD00799,1,3907.93,0.0,3907.93,2458.58,Cash,Walk-in
SAL20250062995,2025-07-04,STR037,PRD00462,2,271.55,0.0,543.1,410.52,UPI,Walk-in
SAL20250062996,2025-07-06,STR008,PRD00310,1,607.97,0.0,607.97,303.74,UPI,Premium
SAL20250062997,2025-07-16,STR039,PRD00862,1,1883.72,0.0,1883.72,1142.54,UPI,Regular
SAL20250062998,2025-07-01,STR023,PRD00855,2,2084.62,0.0,4169.24,3051.1,Debit Card,Walk-in
SAL20250062999,2025-07-27,STR015,PRD01051,1,694.43,0.0,694.43,354.19,UPI,Regular
SAL20250063000,2025-07-21,STR024,PRD00783,1,2295.14,0.0,2295.14,1443.25,UPI,Regular
SAL20250063001,2025-07-30,STR008,PRD00828,2,765.4,0.0,1530.8,886.0,UPI,Regular
SAL20250063002,2025-07-14,STR019,PRD00656,1,201.0,0.0,201.0,141.1,UPI,Walk-in
SAL20250063003,2025-07-22,STR016,PRD00607,2,313.72,0.05,596.07,362.7,UPI,Walk-in
SAL20250063004,2025-07-01,STR032,PRD00970,3,370.51,0.0,1111.53,719.31,Debit Card,Regular
SAL20250063005,2025-07-14,STR002,PRD00246,1,1945.93,0.0,1945.93,1239.78,UPI,Premium
SAL20250063006,2025-07-28,STR026,PRD00094,1,15405.56,0.1,13865.0,12408.34,Debit Card,Regular
SAL20250063007,2025-07-04,STR012,PRD00571,2,201.22,0.1,362.2,286.98,Credit Card,Premium
SAL20250063008,2025-07-19,STR005,PRD00954,1,1090.11,0.0,1090.11,614.96,UPI,Premium
SAL20250063009,2025-07-31,STR040,PRD01155,2,7374.97,0.0,14749.94,7321.82,Credit Card,Regular
SAL20250063010,2025-07-10,STR017,PRD00941,1,737.4,0.0,737.4,511.09,UPI,Premium
SAL20250063011,2025-07-01,STR031,PRD00936,1,964.58,0.05,916.35,620.53,Debit Card,Premium
SAL20250063012,2025-07-10,STR010,PRD00059,1,15692.67,0.0,15692.67,12269.76,UPI,Walk-in
SAL20250063013,2025-07-28,STR032,PRD00467,2,528.8,0.0,1057.6,906.1,UPI,Regular
SAL20250063014,2025-07-22,STR031,PRD00601,4,50.1,0.1,180.36,123.28,Debit Card,Regular
SAL20250063015,2025-07-13,STR036,PRD00730,2,3497.66,0.05,6645.55,5161.86,UPI,Walk-in
SAL20250063016,2025-07-11,STR039,PRD00600,1,709.55,0.1,638.6,469.16,Net Banking,Premium
SAL20250063017,2025-07-29,STR023,PRD00685,1,4676.03,0.0,4676.03,2851.64,UPI,Premium
SAL20250063018,2025-07-29,STR032,PRD00069,1,11744.39,0.0,11744.39,7701.34,Credit Card,Premium
SAL20250063019,2025-07-02,STR031,PRD00029,1,24663.79,0.0,24663.79,16157.43,Debit Card,Regular
SAL20250063020,2025-07-18,STR023,PRD00285,1,1499.26,0.0,1499.26,768.76,UPI,Premium
SAL20250063021,2025-07-16,STR022,PRD00194,1,5905.12,0.0,5905.12,4140.26,Credit Card,Regular
SAL20250063022,2025-07-27,STR021,PRD00864,2,1725.02,0.0,3450.04,2236.12,UPI,Regular
SAL20250063023,2025-07-11,STR038,PRD00439,1,122.61,0.0,122.61,95.61,Cash,Premium
SAL20250063024,2025-07-09,STR014,PRD00242,1,3336.56,0.1,3002.9,2557.66,Cash,Regular
SAL20250063025,2025-07-12,STR017,PRD00220,3,5859.46,0.0,17578.38,13684.32,UPI,Regular
SAL20250063026,2025-07-03,STR007,PRD00845,3,2226.26,0.0,6678.78,4570.23,Debit Card,Regular
SAL20250063027,2025-07-17,STR021,PRD00276,3,499.9,0.1,1349.73,878.01,UPI,Regular
SAL20250063028,2025-07-05,STR011,PRD00192,1,3362.18,0.0,3362.18,2170.51,UPI,Walk-in
SAL20250063029,2025-07-30,STR015,PRD00030,3,17262.94,0.1,46609.94,37768.77,Cash,Walk-in
SAL20250063030,2025-07-17,STR011,PRD00822,1,3937.8,0.0,3937.8,2399.9,UPI,Walk-in
SAL20250063031,2025-07-30,STR002,PRD00642,4,467.68,0.05,1777.18,1160.88,UPI,Regular
SAL20250063032,2025-07-12,STR027,PRD01051,1,694.43,0.05,659.71,354.19,Credit Card,Walk-in
SAL20250063033,2025-07-26,STR011,PRD00820,1,2007.6,0.0,2007.6,1177.18,UPI,Walk-in
SAL20250063034,2025-07-13,STR005,PRD00051,1,18906.15,0.0,18906.15,13812.18,Debit Card,Corporate
SAL20250063035,2025-07-24,STR034,PRD00795,1,965.34,0.0,965.34,688.02,UPI,Corporate
SAL20250063036,2025-07-13,STR009,PRD00119,1,21410.34,0.0,21410.34,16034.57,Credit Card,Regular
SAL20250063037,2025-07-16,STR020,PRD00638,3,188.95,0.0,566.85,345.63,UPI,Regular
SAL20250063038,2025-07-18,STR021,PRD00525,10,76.55,0.0,765.5,664.5,UPI,Regular
SAL20250063039,2025-07-11,STR036,PRD00270,3,1213.51,0.0,3640.53,2307.18,UPI,Walk-in
SAL20250063040,2025-07-28,STR010,PRD00263,1,3207.01,0.0,3207.01,2439.1,Cash,Regular
SAL20250063041,2025-07-02,STR013,PRD00066,3,7423.58,0.1,20043.67,17462.28,Cash,Regular
SAL20250063042,2025-07-28,STR040,PRD00958,1,274.5,0.0,274.5,191.73,Credit Card,Regular
SAL20250063043,2025-07-19,STR010,PRD00848,1,2441.1,0.05,2319.04,1616.32,UPI,Walk-in
SAL20250063044,2025-07-08,STR015,PRD01143,2,5565.18,0.1,10017.32,6314.64,UPI,Regular
SAL20250063045,2025-07-20,STR035,PRD01059,3,553.69,0.0,1661.07,1105.08,UPI,Regular
SAL20250063046,2025-07-03,STR015,PRD00973,3,291.44,0.0,874.32,470.73,Credit Card,Walk-in
SAL20250063047,2025-07-06,STR011,PRD00786,1,2271.94,0.0,2271.94,1533.49,Cash,Regular
SAL20250063048,2025-07-11,STR005,PRD01174,1,4967.43,0.0,4967.43,2664.97,Credit Card,Regular
SAL20250063049,2025-07-02,STR023,PRD00838,3,1522.8,0.0,4568.4,3140.55,Credit Card,Premium
SAL20250063050,2025-07-31,STR027,PRD01138,2,4917.81,0.0,9835.62,5578.62,Debit Card,Regular
SAL20250063051,2025-07-09,STR040,PRD00438,5,638.02,0.0,3190.1,2434.45,Debit Card,Walk-in
SAL20250063052,2025-07-11,STR016,PRD00409,3,950.85,0.1,2567.3,2214.33,UPI,Walk-in
SAL20250063053,2025-07-28,STR028,PRD00552,2,296.06,0.05,562.51,389.88,UPI,Regular
SAL20250063054,2025-07-13,STR035,PRD00582,1,535.32,0.05,508.55,385.0,UPI,Walk-in
SAL20250063055,2025-07-12,STR033,PRD00346,1,927.55,0.0,927.55,634.62,Debit Card,Walk-in
SAL20250063056,2025-07-29,STR038,PRD00109,1,12280.41,0.0,12280.41,9316.5,Credit Card,Regular
SAL20250063057,2025-07-28,STR030,PRD00270,1,1213.51,0.0,1213.51,769.06,UPI,Regular
SAL20250063058,2025-07-28,STR017,PRD00922,1,953.09,0.1,857.78,628.16,UPI,Walk-in
SAL20250063059,2025-07-21,STR032,PRD00875,4,258.44,0.0,1033.76,603.6,Cash,Corporate
SAL20250063060,2025-07-23,STR024,PRD00838,1,1522.8,0.0,1522.8,1046.85,UPI,Walk-in
SAL20250063061,2025-07-30,STR038,PRD00095,1,18324.65,0.0,18324.65,13913.8,Debit Card,Regular
SAL20250063062,2025-07-05,STR010,PRD00287,1,550.08,0.0,550.08,274.34,Debit Card,Regular
SAL20250063063,2025-07-17,STR030,PRD01131,1,6280.13,0.0,6280.13,3425.53,UPI,Walk-in
SAL20250063064,2025-07-25,STR020,PRD00063,3,19546.78,0.0,58640.34,40340.91,Cash,Premium
SAL20250063065,2025-07-02,STR031,PRD00437,1,320.21,0.0,320.21,271.12,Credit Card,Walk-in
SAL20250063066,2025-07-19,STR010,PRD00409,1,950.85,0.0,950.85,738.11,UPI,Walk-in
SAL20250063067,2025-07-27,STR020,PRD00649,1,333.14,0.0,333.14,238.96,Debit Card,Walk-in
SAL20250063068,2025-07-25,STR024,PRD00353,2,948.44,0.0,1896.88,1059.62,UPI,Walk-in
SAL20250063069,2025-07-10,STR028,PRD00790,2,1379.35,0.0,2758.7,1805.44,Cash,Premium
SAL20250063070,2025-07-25,STR038,PRD01162,2,3657.07,0.0,7314.14,4034.58,Net Banking,Premium
SAL20250063071,2025-07-03,STR011,PRD00280,1,605.7,0.0,605.7,311.37,Credit Card,Regular
SAL20250063072,2025-07-24,STR016,PRD00350,1,1107.22,0.0,1107.22,735.62,Cash,Regular
SAL20250063073,2025-07-24,STR036,PRD00177,1,10270.98,0.0,10270.98,7398.07,Debit Card,Regular
SAL20250063074,2025-07-25,STR021,PRD00856,2,1871.17,0.0,3742.34,2425.14,UPI,Walk-in
SAL20250063075,2025-07-11,STR001,PRD00168,1,8820.25,0.0,8820.25,6611.06,Debit Card,Premium
SAL20250063076,2025-07-28,STR007,PRD00326,1,1442.32,0.0,1442.32,681.43,UPI,Regular
SAL20250063077,2025-07-15,STR010,PRD00328,1,1206.9,0.0,1206.9,619.01,UPI,Regular
SAL20250063078,2025-07-31,STR006,PRD00614,2,52.25,0.05,99.27,68.56,Credit Card,Regular
SAL20250063079,2025-07-09,STR036,PRD01135,4,2481.4,0.0,9925.6,5038.96,Credit Card,Regular
SAL20250063080,2025-07-03,STR034,PRD00780,1,1384.22,0.0,1384.22,888.86,Credit Card,Regular
SAL20250063081,2025-07-28,STR014,PRD01110,2,1048.97,0.0,2097.94,1162.22,Credit Card,Walk-in
SAL20250063082,2025-07-29,STR016,PRD00873,2,687.87,0.0,1375.74,982.9,Debit Card,Walk-in
SAL20250063083,2025-07-17,STR001,PRD00134,1,19404.79,0.0,19404.79,14953.78,Credit Card,Walk-in
SAL20250063084,2025-07-19,STR024,PRD01089,2,8670.13,0.0,17340.26,7594.04,UPI,Regular
SAL20250063085,2025-07-30,STR031,PRD00429,1,725.58,0.05,689.3,550.01,Net Banking,Premium
SAL20250063086,2025-07-25,STR040,PRD00389,1,1606.86,0.0,1606.86,739.96,Net Banking,Walk-in
SAL20250063087,2025-07-31,STR029,PRD00864,1,1725.02,0.0,1725.02,1118.06,UPI,Regular
SAL20250063088,2025-07-17,STR015,PRD00453,4,1257.16,0.0,5028.64,3785.48,UPI,Premium
SAL20250063089,2025-07-27,STR020,PRD01123,1,3145.87,0.0,3145.87,1902.26,Credit Card,Regular
SAL20250063090,2025-07-30,STR012,PRD00244,2,9135.72,0.0,18271.44,11533.86,Credit Card,Walk-in
SAL20250063091,2025-07-01,STR007,PRD00192,2,3362.18,0.0,6724.36,4341.02,Cash,Walk-in
SAL20250063092,2025-07-15,STR034,PRD00140,1,6378.06,0.0,6378.06,4851.7,Debit Card,Walk-in
SAL20250063093,2025-07-30,STR018,PRD00765,1,1419.48,0.1,1277.53,920.94,UPI,Walk-in
SAL20250063094,2025-07-17,STR038,PRD00756,1,3090.95,0.0,3090.95,2208.4,UPI,Walk-in
SAL20250063095,2025-07-12,STR026,PRD00179,1,5253.14,0.1,4727.83,3207.54,Credit Card,Regular
SAL20250063096,2025-07-14,STR025,PRD00076,1,13611.14,0.0,13611.14,10725.57,Cash,Regular
SAL20250063097,2025-07-06,STR004,PRD00558,2,353.1,0.0,706.2,486.6,UPI,Premium
SAL20250063098,2025-07-16,STR006,PRD00842,2,1322.87,0.0,2645.74,1913.76,Debit Card,Walk-in
SAL20250063099,2025-07-10,STR013,PRD00463,3,933.21,0.0,2799.63,2242.41,Debit Card,Walk-in
SAL20250063100,2025-07-18,STR009,PRD00959,4,664.61,0.0,2658.44,1610.76,Credit Card,Premium
SAL20250063101,2025-07-13,STR009,PRD00483,6,634.79,0.0,3808.74,3185.76,Credit Card,Regular
SAL20250063102,2025-07-02,STR008,PRD00573,1,44.75,0.0,44.75,26.95,Credit Card,Walk-in
SAL20250063103,2025-07-28,STR015,PRD00595,1,524.85,0.0,524.85,364.52,Credit Card,Corporate
SAL20250063104,2025-07-28,STR021,PRD00042,1,15775.49,0.0,15775.49,11939.67,Cash,Regular
SAL20250063105,2025-07-14,STR001,PRD00020,3,2507.15,0.0,7521.45,5844.87,UPI,Premium
SAL20250063106,2025-07-01,STR013,PRD00392,4,436.74,0.0,1746.96,969.12,UPI,Regular
SAL20250063107,2025-07-10,STR040,PRD00599,1,273.52,0.0,273.52,189.37,UPI,Regular
SAL20250063108,2025-07-07,STR024,PRD00900,1,3167.3,0.0,3167.3,1961.05,UPI,Premium
SAL20250063109,2025-07-07,STR041,PRD00124,3,10921.57,0.0,32764.71,21370.65,Credit Card,Regular
SAL20250063110,2025-07-07,STR026,PRD00873,1,687.87,0.0,687.87,491.45,Credit Card,Premium
SAL20250063111,2025-07-08,STR018,PRD00419,6,950.16,0.1,5130.86,4583.52,UPI,Regular
SAL20250063112,2025-07-23,STR029,PRD00988,1,774.65,0.1,697.18,532.5,Cash,Regular
SAL20250063113,2025-07-13,STR034,PRD00508,3,125.21,0.05,356.85,329.79,Debit Card,Regular
SAL20250063114,2025-07-12,STR007,PRD01028,2,93.34,0.0,186.68,96.2,Net Banking,Regular
SAL20250063115,2025-07-29,STR011,PRD00955,2,608.44,0.05,1156.04,821.8,Credit Card,Regular
SAL20250063116,2025-07-28,STR017,PRD00072,1,4522.2,0.0,4522.2,3124.59,Credit Card,Regular
SAL20250063117,2025-07-06,STR028,PRD00781,1,2809.53,0.0,2809.53,2070.84,Net Banking,Regular
SAL20250063118,2025-07-24,STR011,PRD00811,1,243.22,0.0,243.22,140.95,UPI,Regular
SAL20250063119,2025-07-21,STR027,PRD00048,1,26663.85,0.1,23997.47,18297.1,UPI,Regular
SAL20250063120,2025-07-31,STR016,PRD00546,1,854.43,0.0,854.43,473.9,Cash,Walk-in
SAL20250063121,2025-07-17,STR003,PRD00516,5,653.26,0.0,3266.3,2512.8,Credit Card,Corporate
SAL20250063122,2025-07-30,STR041,PRD00786,2,2271.94,0.0,4543.88,3066.98,Credit Card,Regular
SAL20250063123,2025-07-16,STR009,PRD00236,1,5591.1,0.0,5591.1,3989.78,UPI,Walk-in
SAL20250063124,2025-07-18,STR034,PRD01025,2,56.45,0.0,112.9,60.3,Credit Card,Walk-in
SAL20250063125,2025-07-09,STR005,PRD00301,3,189.19,0.0,567.57,390.81,UPI,Regular
SAL20250063126,2025-07-23,STR034,PRD00903,1,433.92,0.0,433.92,275.41,Credit Card,Regular
SAL20250063127,2025-07-09,STR020,PRD00519,6,818.33,0.1,4418.98,3857.4,Cash,Premium
SAL20250063128,2025-07-05,STR026,PRD00472,1,554.85,0.0,554.85,444.9,UPI,Regular
SAL20250063129,2025-07-31,STR039,PRD00931,1,1839.81,0.0,1839.81,1246.88,UPI,Corporate
SAL20250063130,2025-07-24,STR033,PRD00747,1,1306.66,0.05,1241.33,960.16,Credit Card,Premium
SAL20250063131,2025-07-12,STR013,PRD00783,1,2295.14,0.0,2295.14,1443.25,Credit Card,Regular
SAL20250063132,2025-07-12,STR005,PRD00530,2,663.27,0.0,1326.54,1124.14,UPI,Premium
SAL20250063133,2025-07-17,STR034,PRD00462,3,271.55,0.0,814.65,615.78,UPI,Walk-in
SAL20250063134,2025-07-25,STR032,PRD01048,3,623.5,0.0,1870.5,1245.57,Cash,Premium
SAL20250063135,2025-07-11,STR029,PRD00826,2,174.23,0.0,348.46,240.4,UPI,Regular
SAL20250063136,2025-07-09,STR029,PRD00263,1,3207.01,0.0,3207.01,2439.1,Debit Card,Premium
SAL20250063137,2025-07-05,STR035,PRD00385,1,460.87,0.05,437.83,278.52,UPI,Premium
SAL20250063138,2025-07-05,STR027,PRD00166,1,4039.27,0.0,4039.27,2471.0,Credit Card,Regular
SAL20250063139,2025-07-03,STR039,PRD01072,1,354.49,0.0,354.49,220.0,Credit Card,Premium
SAL20250063140,2025-07-02,STR015,PRD01007,1,886.03,0.0,886.03,502.38,UPI,Regular
SAL20250063141,2025-07-08,STR038,PRD00574,5,560.83,0.0,2804.15,1692.8,Net Banking,Regular
SAL20250063142,2025-07-02,STR007,PRD00594,2,129.17,0.05,245.42,162.66,Credit Card,Walk-in
SAL20250063143,2025-07-11,STR017,PRD00787,1,291.05,0.1,261.94,189.14,UPI,Regular
SAL20250063144,2025-07-02,STR038,PRD00506,1,725.03,0.0,725.03,579.1,UPI,Walk-in
SAL20250063145,2025-07-02,STR019,PRD01195,2,6990.3,0.0,13980.6,6796.46,Debit Card,Walk-in
SAL20250063146,2025-07-30,STR029,PRD00657,6,272.71,0.0,1636.26,965.04,UPI,Regular
SAL20250063147,2025-07-23,STR016,PRD00371,3,199.9,0.0,599.7,340.35,UPI,Walk-in
SAL20250063148,2025-07-04,STR002,PRD00393,2,526.25,0.1,947.25,688.36,UPI,Walk-in
SAL20250063149,2025-07-08,STR010,PRD01060,2,277.54,0.0,555.08,396.7,Cash,Walk-in
SAL20250063150,2025-07-08,STR013,PRD01188,4,2837.24,0.05,10781.51,6744.96,Credit Card,Walk-in
SAL20250063151,2025-07-22,STR006,PRD00838,3,1522.8,0.0,4568.4,3140.55,UPI,Regular
SAL20250063152,2025-07-01,STR006,PRD00982,5,104.72,0.0,523.6,291.7,Credit Card,Premium
SAL20250063153,2025-07-23,STR003,PRD00534,1,97.09,0.0,97.09,80.59,UPI,Regular
SAL20250063154,2025-07-24,STR013,PRD00885,1,1948.54,0.0,1948.54,1253.39,Cash,Corporate
SAL20250063155,2025-07-30,STR036,PRD00971,1,604.86,0.1,544.37,306.67,UPI,Walk-in
SAL20250063156,2025-07-11,STR038,PRD00814,2,3265.17,0.0,6530.34,3778.74,Credit Card,Regular
SAL20250063157,2025-07-12,STR037,PRD00007,1,20090.22,0.0,20090.22,15462.2,Credit Card,Regular
SAL20250063158,2025-07-28,STR025,PRD00226,1,3456.4,0.0,3456.4,2122.01,Cash,Walk-in
SAL20250063159,2025-07-12,STR007,PRD00175,2,11344.22,0.0,22688.44,14869.74,Credit Card,Regular
SAL20250063160,2025-07-26,STR028,PRD00538,1,57.89,0.0,57.89,41.78,UPI,Walk-in
SAL20250062854,2025-07-18,STR004,PRD00408,2,1017.09,0.0,2034.18,1565.84,Credit Card,Walk-in
SAL20250063162,2025-07-12,STR003,PRD00580,1,372.59,0.0,372.59,211.3,Debit Card,Walk-in
SAL20250063163,2025-07-02,STR034,PRD00309,1,1344.75,0.1,1210.28,637.15,Credit Card,Regular
SAL20250063164,2025-07-04,STR027,PRD00598,1,173.87,0.0,173.87,122.49,UPI,Walk-in
SAL20250063165,2025-07-12,STR036,PRD00101,1,2548.25,0.0,2548.25,1803.25,UPI,Regular
SAL20250063166,2025-07-12,STR004,PRD00411,2,779.25,0.0,1558.5,1263.7,UPI,Walk-in
SAL20250063167,2025-07-11,STR004,PRD00098,1,13136.22,0.0,13136.22,10206.01,UPI,Regular
SAL20250063168,2025-07-23,STR014,PRD00420,1,876.02,0.0,876.02,742.57,UPI,Walk-in
SAL20250063169,2025-07-08,STR013,PRD00154,2,614.66,0.0,1229.32,953.84,Credit Card,Walk-in
SAL20250063170,2025-07-30,STR011,PRD00220,1,5859.46,0.0,5859.46,4561.44,UPI,Walk-in
SAL20250063171,2025-07-27,STR032,PRD01045,4,910.12,0.0,3640.48,1884.96,UPI,Premium
SAL20250063172,2025-07-27,STR017,PRD00156,1,1591.76,0.0,1591.76,1231.95,Debit Card,Walk-in
SAL20250063173,2025-07-29,STR002,PRD00153,1,12724.66,0.0,12724.66,7922.12,UPI,Walk-in
SAL20250063174,2025-07-24,STR039,PRD00328,2,1206.9,0.0,2413.8,1238.02,UPI,Regular
SAL20250063175,2025-07-19,STR008,PRD00507,1,259.46,0.0,259.46,215.35,Debit Card,Regular
SAL20250063176,2025-07-31,STR020,PRD01027,1,412.95,0.0,412.95,225.72,Cash,Regular
SAL20250063177,2025-07-25,STR015,PRD00501,2,707.96,0.0,1415.92,1094.7,Credit Card,Regular
SAL20250063178,2025-07-10,STR013,PRD00488,2,995.48,0.0,1990.96,1671.72,Credit Card,Walk-in
SAL20250063179,2025-07-29,STR003,PRD00386,2,1129.86,0.0,2259.72,1441.56,UPI,Walk-in
SAL20250063180,2025-07-06,STR015,PRD00098,1,13136.22,0.0,13136.22,10206.01,UPI,Walk-in
SAL20250063181,2025-07-12,STR026,PRD00619,5,215.37,0.0,1076.85,696.65,Credit Card,Regular
SAL20250063182,2025-07-27,STR029,PRD00140,1,6378.06,0.05,6059.16,4851.7,Credit Card,Regular
SAL20250063183,2025-07-30,STR016,PRD00844,1,3943.03,0.0,3943.03,2224.57,Credit Card,Regular
SAL20250063184,2025-07-23,STR036,PRD00920,1,2715.99,0.0,2715.99,1534.46,Credit Card,Regular
SAL20250063185,2025-07-22,STR026,PRD00270,1,1213.51,0.0,1213.51,769.06,UPI,Walk-in
SAL20250063186,2025-07-15,STR039,PRD00539,1,69.32,0.0,69.32,47.73,UPI,Walk-in
SAL20250063187,2025-07-10,STR034,PRD00302,1,486.18,0.0,486.18,225.09,Credit Card,Walk-in
SAL20250063188,2025-07-17,STR028,PRD00415,1,345.23,0.0,345.23,286.19,Credit Card,Regular
SAL20250063189,2025-07-04,STR040,PRD00305,1,1134.36,0.1,1020.92,615.3,Debit Card,Regular
SAL20250063190,2025-07-25,STR032,PRD00722,3,2039.88,0.0,6119.64,3512.55,Credit Card,Regular
SAL20250063191,2025-07-27,STR020,PRD01180,4,9129.62,0.0,36518.48,16975.24,UPI,Regular
SAL20250063192,2025-07-25,STR014,PRD00187,1,5314.8,0.0,5314.8,3364.43,Debit Card,Regular
SAL20250063193,2025-07-27,STR037,PRD00134,1,19404.79,0.0,19404.79,14953.78,UPI,Regular
SAL20250063194,2025-07-14,STR036,PRD00544,3,114.7,0.0,344.1,248.22,Credit Card,Premium
SAL20250063195,2025-07-12,STR034,PRD00789,1,4846.68,0.1,4362.01,2934.91,UPI,Regular
SAL20250063196,2025-07-05,STR038,PRD00723,1,1757.3,0.0,1757.3,1097.96,UPI,Regular
SAL20250063197,2025-07-21,STR039,PRD00965,1,67.67,0.0,67.67,48.46,UPI,Regular
SAL20250063198,2025-07-02,STR011,PRD01167,1,1364.58,0.0,1364.58,835.66,Debit Card,Walk-in
SAL20250063199,2025-07-01,STR041,PRD00382,1,534.11,0.0,534.11,292.91,UPI,Walk-in
SAL20250063200,2025-07-27,STR038,PRD00307,1,743.28,0.0,743.28,482.82,Debit Card,Walk-in
SAL20250063201,2025-07-25,STR038,PRD00525,1,76.55,0.0,76.55,66.45,UPI,Regular
SAL20250063202,2025-07-22,STR022,PRD00592,1,365.4,0.0,365.4,218.29,Net Banking,Walk-in
SAL20250063203,2025-07-25,STR031,PRD01136,3,7702.34,0.0,23107.02,12375.15,Credit Card,Walk-in
SAL20250063204,2025-07-24,STR025,PRD00616,1,565.82,0.0,565.82,314.13,UPI,Walk-in
SAL20250063205,2025-07-02,STR011,PRD00062,1,21073.23,0.0,21073.23,13798.59,Credit Card,Walk-in
SAL20250063206,2025-07-04,STR024,PRD00675,1,1206.06,0.0,1206.06,758.43,UPI,Walk-in
SAL20250063207,2025-07-26,STR038,PRD00783,1,2295.14,0.0,2295.14,1443.25,Credit Card,Regular
SAL20250063208,2025-07-18,STR038,PRD00762,3,1596.23,0.0,4788.69,2729.58,UPI,Regular
SAL20250063209,2025-07-08,STR020,PRD00335,1,1156.98,0.0,1156.98,622.56,Credit Card,Walk-in
SAL20250063210,2025-07-29,STR009,PRD00074,1,17249.82,0.0,17249.82,11809.64,UPI,Regular
SAL20250063211,2025-07-16,STR015,PRD00545,2,450.85,0.0,901.7,504.9,UPI,Regular
SAL20250063212,2025-07-09,STR021,PRD01090,2,4828.9,0.0,9657.8,6129.12,UPI,Regular
SAL20250063213,2025-07-31,STR036,PRD00959,1,664.61,0.0,664.61,402.69,Cash,Walk-in
SAL20250063214,2025-07-07,STR017,PRD01032,1,117.65,0.0,117.65,70.2,Credit Card,Walk-in
SAL20250063215,2025-07-22,STR041,PRD00581,4,310.86,0.05,1181.27,794.84,Credit Card,Regular
SAL20250063216,2025-07-07,STR034,PRD00850,2,1897.52,0.0,3795.04,2470.14,UPI,Regular
SAL20250063217,2025-07-25,STR021,PRD00061,1,7691.1,0.0,7691.1,5309.86,UPI,Walk-in
SAL20250063218,2025-07-17,STR025,PRD00125,1,1511.82,0.0,1511.82,1056.29,Net Banking,Premium
SAL20250063219,2025-07-28,STR034,PRD00910,1,2302.88,0.0,2302.88,1579.69,Net Banking,Regular
SAL20250063220,2025-07-14,STR008,PRD00380,1,304.64,0.0,304.64,210.5,Credit Card,Walk-in
SAL20250063221,2025-07-24,STR019,PRD01035,4,199.19,0.0,796.76,500.28,Debit Card,Premium
SAL20250063222,2025-07-15,STR019,PRD00045,1,17414.18,0.0,17414.18,13822.18,UPI,Premium
SAL20250063223,2025-07-12,STR013,PRD00050,1,20155.67,0.1,18140.1,16076.03,Credit Card,Premium
SAL20250063224,2025-07-25,STR005,PRD00676,1,4180.37,0.0,4180.37,2836.76,UPI,Walk-in
SAL20250063225,2025-07-10,STR033,PRD00225,2,9871.63,0.05,18756.1,13904.08,UPI,Premium
SAL20250063226,2025-07-15,STR036,PRD00203,1,6533.34,0.0,6533.34,4260.88,Credit Card,Regular
SAL20250063227,2025-07-09,STR037,PRD00475,2,749.71,0.0,1499.42,1137.92,Debit Card,Walk-in
SAL20250063228,2025-07-09,STR001,PRD00506,1,725.03,0.0,725.03,579.1,UPI,Regular
SAL20250063229,2025-07-29,STR020,PRD00540,2,550.54,0.0,1101.08,777.24,Debit Card,Corporate
SAL20250063230,2025-07-21,STR031,PRD00016,1,12816.4,0.0,12816.4,9433.57,Credit Card,Premium
SAL20250063231,2025-07-31,STR035,PRD00973,1,291.44,0.1,262.3,156.91,Credit Card,Regular
SAL20250063232,2025-07-23,STR016,PRD00181,2,4428.73,0.0,8857.46,6478.72,UPI,Regular
SAL20250063233,2025-07-17,STR013,PRD01058,2,211.57,0.0,423.14,290.04,Cash,Walk-in
SAL20250063234,2025-07-30,STR021,PRD00268,1,1061.68,0.0,1061.68,520.26,UPI,Corporate
SAL20250063235,2025-07-15,STR028,PRD00421,1,579.98,0.0,579.98,486.5,Net Banking,Regular
SAL20250063236,2025-07-09,STR038,PRD00305,2,1134.36,0.0,2268.72,1230.6,Net Banking,Regular
SAL20250063237,2025-07-13,STR036,PRD00006,1,3457.14,0.0,3457.14,2519.92,UPI,Regular
SAL20250063238,2025-07-06,STR040,PRD01160,1,7696.75,0.05,7311.91,3490.84,UPI,Walk-in
SAL20250063239,2025-07-03,STR028,PRD00637,2,299.32,0.0,598.64,427.2,UPI,Regular
SAL20250063240,2025-07-01,STR023,PRD00285,1,1499.26,0.0,1499.26,768.76,UPI,Walk-in
SAL20250063241,2025-07-01,STR012,PRD01141,4,1387.21,0.0,5548.84,3242.6,UPI,Regular
SAL20250063242,2025-07-19,STR038,PRD00233,1,9134.67,0.0,9134.67,7104.84,UPI,Regular
SAL20250063243,2025-07-27,STR032,PRD00717,1,402.54,0.05,382.41,262.23,Credit Card,Walk-in
SAL20250063244,2025-07-08,STR002,PRD00953,1,80.84,0.0,80.84,57.97,Credit Card,Walk-in
SAL20250063245,2025-07-13,STR024,PRD00336,1,1590.59,0.05,1511.06,821.11,UPI,Premium
SAL20250063246,2025-07-01,STR024,PRD00121,1,13928.8,0.1,12535.92,9332.33,Credit Card,Walk-in
SAL20250063247,2025-07-18,STR009,PRD00475,4,749.71,0.0,2998.84,2275.84,Credit Card,Walk-in
SAL20250063248,2025-07-18,STR020,PRD00383,1,216.69,0.0,216.69,135.74,Credit Card,Regular
SAL20250063249,2025-07-17,STR032,PRD01093,1,4476.19,0.0,4476.19,2887.02,UPI,Regular
SAL20250063250,2025-07-10,STR012,PRD00148,1,6813.06,0.0,6813.06,4694.28,UPI,Walk-in
SAL20250063251,2025-07-18,STR019,PRD00665,2,157.57,0.0,315.14,206.28,Credit Card,Premium
SAL20250063252,2025-07-04,STR009,PRD00404,1,695.46,0.0,695.46,604.38,Cash,Regular
SAL20250063253,2025-07-09,STR004,PRD00178,2,9669.95,0.0,19339.9,13899.46,UPI,Regular
SAL20250063254,2025-07-28,STR034,PRD00281,1,679.79,0.0,679.79,393.52,UPI,Walk-in
SAL20250063255,2025-07-26,STR010,PRD00554,3,805.55,0.0,2416.65,1399.23,UPI,Regular
SAL20250063256,2025-07-05,STR036,PRD00983,1,1007.95,0.0,1007.95,583.88,Credit Card,Premium
SAL20250063257,2025-07-17,STR035,PRD01037,2,431.13,0.0,862.26,464.38,Credit Card,Premium
SAL20250063258,2025-07-04,STR021,PRD00139,1,2949.49,0.1,2654.54,1812.36,UPI,Premium
SAL20250063259,2025-07-04,STR023,PRD00289,1,1047.34,0.0,1047.34,607.0,Credit Card,Regular
SAL20250063260,2025-07-24,STR005,PRD00180,1,3550.84,0.0,3550.84,2526.78,UPI,Regular
SAL20250063261,2025-07-03,STR018,PRD00474,1,108.22,0.05,102.81,89.37,UPI,Walk-in
SAL20250063262,2025-07-28,STR030,PRD01143,1,5565.18,0.0,5565.18,3157.32,UPI,Regular
SAL20250063263,2025-07-19,STR018,PRD00406,1,663.68,0.0,663.68,533.06,UPI,Walk-in
SAL20250063264,2025-07-24,STR030,PRD00358,1,873.37,0.0,873.37,466.67,UPI,Walk-in
SAL20250063265,2025-07-06,STR031,PRD01145,1,3609.72,0.0,3609.72,2080.21,Debit Card,Regular
SAL20250063266,2025-07-01,STR022,PRD00131,1,11948.61,0.0,11948.61,9032.43,UPI,Corporate
SAL20250063267,2025-07-16,STR006,PRD00614,4,52.25,0.0,209.0,137.12,Credit Card,Regular
SAL20250063268,2025-07-16,STR029,PRD01015,2,771.47,0.0,1542.94,1082.24,Credit Card,Corporate
SAL20250063269,2025-07-06,STR039,PRD00766,1,1923.71,0.05,1827.52,1367.99,Credit Card,Regular
SAL20250063270,2025-07-05,STR025,PRD00890,3,891.3,0.0,2673.9,1607.79,UPI,Regular
SAL20250063271,2025-07-30,STR023,PRD00101,1,2548.25,0.0,2548.25,1803.25,Credit Card,Walk-in
SAL20250063272,2025-07-06,STR032,PRD00904,1,2811.36,0.0,2811.36,1859.97,UPI,Regular
SAL20250063273,2025-07-27,STR016,PRD00426,1,496.18,0.0,496.18,415.87,Debit Card,Walk-in
SAL20250063274,2025-07-22,STR041,PRD00017,1,6386.7,0.05,6067.36,4504.98,Credit Card,Walk-in
SAL20250063275,2025-07-13,STR030,PRD01032,1,117.65,0.0,117.65,70.2,Cash,Regular
SAL20250063276,2025-07-09,STR006,PRD01011,1,265.01,0.0,265.01,149.69,Credit Card,Premium
SAL20250063277,2025-07-22,STR030,PRD00211,1,6731.6,0.1,6058.44,4925.05,Credit Card,Premium
SAL20250063278,2025-07-04,STR002,PRD00994,1,1224.56,0.0,1224.56,633.19,UPI,Regular
SAL20250063279,2025-07-22,STR033,PRD00875,1,258.44,0.0,258.44,150.9,UPI,Regular
SAL20250063280,2025-07-18,STR018,PRD01010,1,762.29,0.1,686.06,399.52,UPI,Walk-in
SAL20250063281,2025-07-30,STR041,PRD00024,1,23723.95,0.0,23723.95,15500.24,Net Banking,Walk-in
SAL20250063282,2025-07-10,STR027,PRD00722,1,2039.88,0.05,1937.89,1170.85,Credit Card,Regular
SAL20250063283,2025-07-05,STR035,PRD00159,1,4881.58,0.05,4637.5,3676.52,UPI,Regular
SAL20250063284,2025-07-21,STR019,PRD00214,1,9551.75,0.0,9551.75,6869.66,Net Banking,Walk-in
SAL20250063285,2025-07-08,STR017,PRD00226,1,3456.4,0.05,3283.58,2122.01,UPI,Regular
SAL20250063286,2025-07-16,STR022,PRD00351,1,802.18,0.0,802.18,503.24,UPI,Regular
SAL20250063287,2025-07-16,STR018,PRD00632,1,758.72,0.0,758.72,430.06,Debit Card,Regular
SAL20250063288,2025-07-15,STR019,PRD00790,1,1379.35,0.0,1379.35,902.72,UPI,Walk-in
SAL20250063289,2025-07-27,STR040,PRD01124,1,4813.39,0.0,4813.39,2177.75,Credit Card,Walk-in
SAL20250063290,2025-07-15,STR023,PRD00672,1,4427.9,0.0,4427.9,3013.84,Debit Card,Regular
SAL20250063291,2025-07-31,STR039,PRD00870,1,2808.24,0.0,2808.24,1618.68,Credit Card,Premium
SAL20250063292,2025-07-27,STR034,PRD00788,1,3329.23,0.0,3329.23,2105.2,Net Banking,Walk-in
SAL20250063293,2025-07-24,STR021,PRD00240,2,10596.37,0.1,19073.47,14781.46,UPI,Regular
SAL20250063294,2025-07-22,STR028,PRD01197,3,2167.83,0.0,6503.49,3483.54,UPI,Regular
SAL20250063295,2025-07-27,STR025,PRD01071,2,5607.68,0.0,11215.36,6824.0,UPI,Regular
SAL20250063296,2025-07-30,STR023,PRD00027,2,21177.44,0.0,42354.88,31773.28,Credit Card,Premium
SAL20250063297,2025-07-18,STR036,PRD00538,1,57.89,0.1,52.1,41.78,Debit Card,Regular
SAL20250063298,2025-07-13,STR014,PRD00876,2,2635.68,0.0,5271.36,3596.76,UPI,Walk-in
SAL20250063299,2025-07-28,STR016,PRD00111,1,16671.18,0.0,16671.18,12693.98,UPI,Walk-in
SAL20250063300,2025-07-14,STR030,PRD00367,3,450.03,0.0,1350.09,740.34,Debit Card,Regular
SAL20250063301,2025-07-11,STR035,PRD00645,3,456.66,0.0,1369.98,991.26,Credit Card,Regular
SAL20250063302,2025-07-16,STR011,PRD00793,1,2445.38,0.0,2445.38,1405.41,Credit Card,Regular
SAL20250063303,2025-07-22,STR010,PRD00313,1,1406.36,0.0,1406.36,639.34,UPI,Regular
SAL20250063304,2025-07-09,STR031,PRD00761,1,367.88,0.0,367.88,269.21,UPI,Regular
SAL20250063305,2025-07-22,STR036,PRD00685,1,4676.03,0.0,4676.03,2851.64,UPI,Premium
SAL20250063306,2025-07-15,STR030,PRD01080,1,1721.88,0.0,1721.88,771.73,Debit Card,Walk-in
SAL20250063307,2025-07-30,STR028,PRD00183,1,6835.62,0.0,6835.62,4488.56,UPI,Walk-in
SAL20250063308,2025-07-07,STR002,PRD00966,2,814.75,0.0,1629.5,1052.9,Credit Card,Corporate
SAL20250063309,2025-07-13,STR022,PRD00578,1,577.23,0.0,577.23,422.81,Cash,Regular
SAL20250063310,2025-07-17,STR027,PRD00599,1,273.52,0.0,273.52,189.37,Credit Card,Premium
SAL20250063311,2025-07-02,STR019,PRD00470,3,416.77,0.0,1250.31,975.33,UPI,Premium
SAL20250063312,2025-07-24,STR031,PRD00631,1,725.12,0.0,725.12,419.46,UPI,Walk-in
SAL20250063313,2025-07-26,STR027,PRD01007,3,886.03,0.1,2392.28,1507.14,Debit Card,Premium
SAL20250063314,2025-07-25,STR031,PRD00299,2,1362.69,0.1,2452.84,1646.6,UPI,Regular
SAL20250063315,2025-07-07,STR025,PRD00759,2,4285.9,0.0,8571.8,5289.16,UPI,Regular
SAL20250063316,2025-07-10,STR032,PRD01133,1,8197.9,0.0,8197.9,3765.02,Net Banking,Regular
SAL20250063317,2025-07-19,STR012,PRD00797,1,567.41,0.0,567.41,411.41,Credit Card,Regular
SAL20250063318,2025-07-19,STR022,PRD00051,1,18906.15,0.0,18906.15,13812.18,Credit Card,Premium
SAL20250063319,2025-07-19,STR015,PRD01024,1,129.44,0.0,129.44,92.1,Credit Card,Regular
SAL20250063320,2025-07-11,STR037,PRD01195,1,6990.3,0.0,6990.3,3398.23,Debit Card,Regular
SAL20250063321,2025-07-12,STR033,PRD01037,3,431.13,0.1,1164.05,696.57,Debit Card,Regular
SAL20250063322,2025-07-07,STR025,PRD00165,1,10264.9,0.0,10264.9,6671.83,UPI,Premium
SAL20250063323,2025-07-15,STR021,PRD00286,1,390.77,0.0,390.77,253.34,UPI,Premium
SAL20250063324,2025-07-11,STR030,PRD01036,2,177.81,0.1,320.06,250.34,UPI,Regular
SAL20250063325,2025-07-22,STR029,PRD01128,1,2522.35,0.0,2522.35,1440.68,Cash,Regular
SAL20250063326,2025-07-09,STR023,PRD00766,4,1923.71,0.0,7694.84,5471.96,UPI,Regular
SAL20250063327,2025-07-18,STR023,PRD00731,2,2513.85,0.0,5027.7,3164.1,UPI,Walk-in
SAL20250063328,2025-07-18,STR026,PRD00200,1,1880.51,0.0,1880.51,1363.43,Net Banking,Regular
SAL20250063329,2025-07-21,STR033,PRD01051,1,694.43,0.1,624.99,354.19,Credit Card,Walk-in
SAL20250063330,2025-07-03,STR024,PRD00359,2,1383.56,0.0,2767.12,1287.28,Cash,Regular
SAL20250063331,2025-07-22,STR030,PRD00883,2,2575.75,0.0,5151.5,2874.96,Credit Card,Regular
SAL20250063332,2025-07-03,STR002,PRD00921,1,3248.47,0.05,3086.05,1833.94,Net Banking,Walk-in
SAL20250063333,2025-07-28,STR014,PRD00092,2,6575.52,0.0,13151.04,9355.36,Credit Card,Regular
SAL20250063334,2025-07-19,STR029,PRD00780,2,1384.22,0.0,2768.44,1777.72,Credit Card,Walk-in
SAL20250063335,2025-07-09,STR022,PRD00595,10,524.85,0.0,5248.5,3645.2,Debit Card,Regular
SAL20250063336,2025-07-12,STR040,PRD01034,2,310.11,0.1,558.2,435.44,Credit Card,Regular
SAL20250063337,2025-07-07,STR006,PRD00298,1,1012.57,0.0,1012.57,666.12,Credit Card,Walk-in
SAL20250063338,2025-07-25,STR012,PRD00095,1,18324.65,0.05,17408.42,13913.8,Credit Card,Walk-in
SAL20250063339,2025-07-24,STR029,PRD00274,1,920.1,0.0,920.1,425.76,Credit Card,Premium
SAL20250063340,2025-07-16,STR023,PRD00756,1,3090.95,0.0,3090.95,2208.4,Debit Card,Regular
SAL20250063341,2025-07-11,STR023,PRD00603,1,196.91,0.0,196.91,130.96,UPI,Corporate
SAL20250063342,2025-07-23,STR017,PRD00289,1,1047.34,0.0,1047.34,607.0,Debit Card,Regular
SAL20250063343,2025-07-31,STR018,PRD00265,1,4797.2,0.05,4557.34,2920.06,Cash,Premium
SAL20250063344,2025-07-26,STR037,PRD00691,2,1815.13,0.05,3448.75,2299.86,Debit Card,Regular
SAL20250063345,2025-07-21,STR038,PRD01075,2,6164.63,0.0,12329.26,6356.56,UPI,Walk-in
SAL20250063346,2025-07-06,STR007,PRD00645,1,456.66,0.0,456.66,330.42,Credit Card,Walk-in
SAL20250063347,2025-07-15,STR024,PRD01006,2,849.47,0.0,1698.94,1213.38,Debit Card,Regular
SAL20250063348,2025-07-07,STR009,PRD00588,2,125.09,0.0,250.18,180.78,UPI,Walk-in
SAL20250063349,2025-07-11,STR026,PRD00662,2,192.14,0.0,384.28,281.92,Debit Card,Regular
SAL20250063350,2025-07-03,STR009,PRD00627,1,670.0,0.0,670.0,403.71,UPI,Regular
SAL20250063351,2025-07-22,STR010,PRD00161,1,9190.04,0.0,9190.04,7015.28,Credit Card,Regular
SAL20250063352,2025-07-11,STR023,PRD00908,1,2285.46,0.0,2285.46,1340.06,UPI,Regular
SAL20250063353,2025-07-28,STR013,PRD00929,1,3367.15,0.0,3367.15,2036.24,Cash,Regular
SAL20250063354,2025-07-30,STR038,PRD00643,2,345.09,0.1,621.16,435.2,Credit Card,Walk-in
SAL20250063355,2025-07-21,STR012,PRD00463,1,933.21,0.0,933.21,747.47,Credit Card,Corporate
SAL20250063356,2025-07-05,STR002,PRD00628,3,365.09,0.0,1095.27,632.43,Credit Card,Walk-in
SAL20250063357,2025-07-26,STR010,PRD00864,4,1725.02,0.0,6900.08,4472.24,Credit Card,Walk-in
SAL20250063358,2025-07-28,STR003,PRD00459,2,918.25,0.0,1836.5,1470.02,Debit Card,Premium
SAL20250063359,2025-07-02,STR011,PRD00207,1,9083.73,0.0,9083.73,6742.14,UPI,Walk-in
SAL20250063360,2025-07-29,STR022,PRD00249,1,4858.0,0.0,4858.0,3416.15,Debit Card,Walk-in
SAL20250063361,2025-07-08,STR007,PRD00298,1,1012.57,0.0,1012.57,666.12,Credit Card,Walk-in
SAL20250063362,2025-07-26,STR010,PRD00608,2,314.95,0.0,629.9,468.28,Debit Card,Walk-in
SAL20250063363,2025-07-14,STR013,PRD00657,1,272.71,0.0,272.71,160.84,UPI,Walk-in
SAL20250063364,2025-07-28,STR034,PRD00453,5,1257.16,0.0,6285.8,4731.85,UPI,Regular
SAL20250063365,2025-07-13,STR040,PRD00860,1,694.13,0.0,694.13,417.51,UPI,Regular
SAL20250063366,2025-07-01,STR003,PRD01145,2,3609.72,0.0,7219.44,4160.42,UPI,Walk-in
SAL20250061795,2025-07-19,STR006,PRD00922,1,953.09,0.0,953.09,628.16,Debit Card,Walk-in
SAL20250063368,2025-07-03,STR026,PRD00103,2,4104.09,0.05,7797.77,5882.9,Cash,Regular
SAL20250063369,2025-07-16,STR037,PRD00326,2,1442.32,0.0,2884.64,1362.86,Credit Card,Walk-in
SAL20250063370,2025-07-05,STR040,PRD00755,1,511.82,0.0,511.82,344.31,Credit Card,Regular
SAL20250063371,2025-07-28,STR003,PRD00690,3,3635.92,0.1,9816.98,7192.26,UPI,Regular
SAL20250063372,2025-07-22,STR030,PRD00416,2,833.51,0.0,1667.02,1383.58,Credit Card,Walk-in
SAL20250063373,2025-07-17,STR001,PRD01200,1,1804.12,0.0,1804.12,865.8,Debit Card,Premium
SAL20250063374,2025-07-20,STR026,PRD00392,2,436.74,0.0,873.48,484.56,Credit Card,Regular
SAL20250063375,2025-07-06,STR002,PRD00807,1,667.9,0.0,667.9,429.52,UPI,Regular
SAL20250063376,2025-07-11,STR004,PRD00620,3,556.49,0.1,1502.52,977.01,UPI,Regular
SAL20250063377,2025-07-22,STR029,PRD00106,1,3614.0,0.0,3614.0,2487.36,UPI,Premium
SAL20250063378,2025-07-16,STR014,PRD00049,1,4540.51,0.0,4540.51,3028.11,Cash,Regular
SAL20250063379,2025-07-24,STR008,PRD00878,1,1229.84,0.0,1229.84,796.56,Credit Card,Walk-in
SAL20250063380,2025-07-04,STR037,PRD00103,2,4104.09,0.0,8208.18,5882.9,Credit Card,Regular
SAL20250063381,2025-07-25,STR019,PRD00791,1,855.75,0.05,812.96,599.47,Credit Card,Premium
SAL20250063382,2025-07-03,STR018,PRD00047,1,27210.89,0.0,27210.89,17922.95,Credit Card,Walk-in
SAL20250063383,2025-07-21,STR006,PRD00538,1,57.89,0.0,57.89,41.78,UPI,Walk-in
SAL20250063384,2025-07-25,STR030,PRD00199,2,1863.27,0.0,3726.54,2670.6,Credit Card,Walk-in
SAL20250063385,2025-07-04,STR026,PRD00577,3,262.74,0.1,709.4,567.84,Net Banking,Premium
SAL20250063386,2025-07-22,STR037,PRD00931,2,1839.81,0.0,3679.62,2493.76,Credit Card,Regular
SAL20250063387,2025-07-30,STR021,PRD00826,2,174.23,0.1,313.61,240.4,UPI,Regular
SAL20250063388,2025-07-27,STR039,PRD00850,1,1897.52,0.0,1897.52,1235.07,Cash,Walk-in
SAL20250063389,2025-07-04,STR018,PRD00234,1,3859.31,0.0,3859.31,2374.04,Cash,Premium
SAL20250063390,2025-07-03,STR028,PRD00635,4,332.03,0.0,1328.12,829.2,UPI,Walk-in
SAL20250063391,2025-07-22,STR029,PRD00533,4,799.67,0.0,3198.68,2648.24,Cash,Walk-in
SAL20250063392,2025-07-30,STR009,PRD00922,2,953.09,0.0,1906.18,1256.32,UPI,Walk-in
SAL20250063393,2025-07-31,STR010,PRD01063,2,747.32,0.0,1494.64,976.78,UPI,Walk-in
SAL20250063394,2025-07-19,STR006,PRD00359,1,1383.56,0.0,1383.56,643.64,Debit Card,Corporate
SAL20250063395,2025-07-07,STR005,PRD00660,2,324.23,0.0,648.46,476.08,Debit Card,Walk-in
SAL20250063396,2025-07-13,STR021,PRD01107,1,1600.76,0.0,1600.76,735.13,UPI,Walk-in
SAL20250063397,2025-07-02,STR018,PRD00264,2,4452.38,0.0,8904.76,6344.08,Cash,Regular
SAL20250063398,2025-07-22,STR037,PRD00629,2,197.41,0.1,355.34,274.18,Credit Card,Regular
SAL20250063399,2025-07-10,STR009,PRD01003,2,278.9,0.0,557.8,292.64,UPI,Regular
SAL20250063400,2025-07-02,STR038,PRD01025,1,56.45,0.0,56.45,30.15,Debit Card,Premium
SAL20250063401,2025-07-26,STR035,PRD01130,2,3164.31,0.1,5695.76,3779.28,Credit Card,Regular
SAL20250063402,2025-07-05,STR041,PRD00562,2,671.35,0.0,1342.7,942.94,UPI,Premium
SAL20250063403,2025-07-08,STR012,PRD00787,1,291.05,0.0,291.05,189.14,UPI,Walk-in
SAL20250063404,2025-07-17,STR036,PRD00655,3,75.89,0.0,227.67,141.45,UPI,Corporate
SAL20250063405,2025-07-08,STR015,PRD00336,1,1590.59,0.1,1431.53,821.11,UPI,Regular
SAL20250063406,2025-07-03,STR003,PRD00590,2,353.62,0.05,671.88,486.36,UPI,Walk-in
SAL20250063407,2025-07-19,STR015,PRD00067,1,3694.12,0.0,3694.12,2694.72,UPI,Regular
SAL20250063408,2025-07-10,STR041,PRD00614,3,52.25,0.0,156.75,102.84,Cash,Walk-in
SAL20250063409,2025-07-22,STR032,PRD00198,1,4266.35,0.0,4266.35,2976.38,Credit Card,Regular
SAL20250063410,2025-07-13,STR033,PRD00852,2,1751.61,0.0,3503.22,2429.68,UPI,Walk-in
SAL20250063411,2025-07-01,STR003,PRD00301,1,189.19,0.0,189.19,130.27,UPI,Regular
SAL20250063412,2025-07-14,STR011,PRD00557,1,210.61,0.0,210.61,134.43,UPI,Regular
SAL20250063413,2025-07-20,STR019,PRD00305,1,1134.36,0.0,1134.36,615.3,UPI,Walk-in
SAL20250063414,2025-07-05,STR037,PRD01019,1,948.07,0.0,948.07,489.75,UPI,Premium
SAL20250063415,2025-07-14,STR039,PRD00390,2,1246.69,0.05,2368.71,1570.66,Debit Card,Walk-in
SAL20250063416,2025-07-17,STR011,PRD00986,2,156.79,0.1,282.22,224.28,UPI,Walk-in
SAL20250063417,2025-07-07,STR009,PRD00334,2,796.78,0.0,1593.56,801.52,Cash,Walk-in
SAL20250063418,2025-07-22,STR023,PRD00823,2,2558.98,0.0,5117.96,3435.38,UPI,Regular
SAL20250063419,2025-07-31,STR013,PRD00868,1,1450.33,0.0,1450.33,912.21,Net Banking,Regular
SAL20250063420,2025-07-31,STR018,PRD00666,4,224.43,0.0,897.72,650.84,Credit Card,Regular
SAL20250063421,2025-07-27,STR017,PRD00037,1,21728.77,0.0,21728.77,16760.42,UPI,Walk-in
SAL20250063422,2025-07-22,STR029,PRD01054,2,256.04,0.0,512.08,335.92,Cash,Regular
SAL20250063423,2025-07-27,STR029,PRD00350,2,1107.22,0.0,2214.44,1471.24,Credit Card,Corporate
SAL20250063424,2025-07-02,STR017,PRD01145,1,3609.72,0.0,3609.72,2080.21,Net Banking,Walk-in
SAL20250063425,2025-07-22,STR011,PRD00251,1,10660.28,0.1,9594.25,7306.06,Debit Card,Walk-in
SAL20250063426,2025-07-28,STR007,PRD00530,1,663.27,0.0,663.27,562.07,Credit Card,Regular
SAL20250063427,2025-07-30,STR024,PRD00685,1,4676.03,0.0,4676.03,2851.64,Credit Card,Walk-in
SAL20250063428,2025-07-14,STR029,PRD00048,1,26663.85,0.0,26663.85,18297.1,Cash,Regular
SAL20250063429,2025-07-16,STR028,PRD00244,2,9135.72,0.0,18271.44,11533.86,UPI,Regular
SAL20250063430,2025-07-07,STR022,PRD00420,1,876.02,0.1,788.42,742.57,Credit Card,Regular
SAL20250063431,2025-07-24,STR003,PRD01181,1,2062.42,0.0,2062.42,1282.83,UPI,Regular
SAL20250063432,2025-07-16,STR014,PRD00111,1,16671.18,0.05,15837.62,12693.98,UPI,Walk-in
SAL20250063433,2025-07-12,STR034,PRD00809,1,1418.3,0.0,1418.3,895.74,Net Banking,Regular
SAL20250063434,2025-07-11,STR015,PRD00503,1,634.01,0.05,602.31,525.79,UPI,Walk-in
SAL20250063435,2025-07-23,STR002,PRD00699,2,2305.84,0.0,4611.68,3044.56,UPI,Premium
SAL20250063436,2025-07-29,STR014,PRD00198,1,4266.35,0.0,4266.35,2976.38,UPI,Walk-in
SAL20250063437,2025-07-19,STR033,PRD01038,3,565.57,0.0,1696.71,910.02,Credit Card,Regular
SAL20250063438,2025-07-06,STR007,PRD00442,4,148.56,0.0,594.24,478.8,UPI,Premium
SAL20250063439,2025-07-06,STR027,PRD01150,4,4074.75,0.0,16299.0,9488.16,UPI,Regular
SAL20250063440,2025-07-30,STR021,PRD00546,3,854.43,0.0,2563.29,1421.7,Debit Card,Premium
SAL20250063441,2025-07-12,STR005,PRD00917,1,1441.59,0.0,1441.59,980.83,Credit Card,Regular
SAL20250063442,2025-07-05,STR036,PRD00228,1,4421.9,0.0,4421.9,2982.31,UPI,Regular
SAL20250063443,2025-07-06,STR036,PRD00888,2,2557.48,0.0,5114.96,3450.08,Net Banking,Regular
SAL20250063444,2025-07-09,STR015,PRD00663,1,109.46,0.0,109.46,62.9,UPI,Walk-in
SAL20250063445,2025-07-13,STR038,PRD00234,2,3859.31,0.0,7718.62,4748.08,Credit Card,Regular
SAL20250063446,2025-07-15,STR020,PRD00475,1,749.71,0.1,674.74,568.96,Cash,Walk-in
SAL20250063447,2025-07-23,STR005,PRD00352,1,930.67,0.0,930.67,596.9,UPI,Walk-in
SAL20250063448,2025-07-19,STR004,PRD00337,1,1047.01,0.0,1047.01,731.43,UPI,Regular
SAL20250063449,2025-07-02,STR016,PRD00193,1,5766.86,0.1,5190.17,4191.48,UPI,Regular
SAL20250063450,2025-07-25,STR032,PRD00840,2,2736.67,0.0,5473.34,3364.16,Credit Card,Walk-in
SAL20250063451,2025-07-24,STR028,PRD00424,1,428.73,0.0,428.73,377.24,Debit Card,Premium
SAL20250063452,2025-07-24,STR021,PRD00400,2,920.96,0.05,1749.82,1102.96,UPI,Walk-in
SAL20250063453,2025-07-01,STR023,PRD00211,1,6731.6,0.1,6058.44,4925.05,Credit Card,Walk-in
SAL20250063454,2025-07-19,STR004,PRD00641,2,499.93,0.0,999.86,666.24,Credit Card,Regular
SAL20250063455,2025-07-13,STR015,PRD00961,1,294.28,0.05,279.57,158.53,UPI,Regular
SAL20250063456,2025-07-23,STR033,PRD00105,1,9145.0,0.0,9145.0,7010.14,UPI,Walk-in
SAL20250063457,2025-07-02,STR031,PRD00509,2,888.38,0.0,1776.76,1348.66,Debit Card,Walk-in
SAL20250063458,2025-07-02,STR007,PRD00255,1,3159.1,0.0,3159.1,2283.27,Credit Card,Walk-in
SAL20250063459,2025-07-07,STR032,PRD00030,1,17262.94,0.1,15536.65,12589.59,UPI,Premium
SAL20250063460,2025-07-16,STR036,PRD00160,1,7937.44,0.0,7937.44,4808.49,UPI,Regular
SAL20250063461,2025-07-13,STR040,PRD00578,3,577.23,0.0,1731.69,1268.43,Debit Card,Regular
SAL20250063462,2025-07-04,STR007,PRD00315,1,452.88,0.1,407.59,281.44,UPI,Regular
SAL20250063463,2025-07-29,STR029,PRD00150,1,1288.03,0.0,1288.03,897.46,Credit Card,Regular
SAL20250063464,2025-07-14,STR027,PRD01053,1,481.32,0.0,481.32,312.78,Cash,Regular
SAL20250063465,2025-07-01,STR034,PRD00952,10,892.13,0.0,8921.3,5027.1,Credit Card,Regular
SAL20250063466,2025-07-27,STR032,PRD00926,1,683.78,0.0,683.78,481.25,UPI,Regular
SAL20250063467,2025-07-24,STR020,PRD00170,1,1380.75,0.0,1380.75,918.49,Debit Card,Regular
SAL20250063468,2025-07-30,STR015,PRD01130,2,3164.31,0.0,6328.62,3779.28,Credit Card,Premium
SAL20250063469,2025-07-10,STR004,PRD00173,1,9167.15,0.0,9167.15,5751.32,Debit Card,Regular
SAL20250063470,2025-07-29,STR015,PRD00797,3,567.41,0.0,1702.23,1234.23,Cash,Regular
SAL20250063471,2025-07-21,STR039,PRD00199,1,1863.27,0.0,1863.27,1335.3,Debit Card,Regular
SAL20250063472,2025-07-22,STR022,PRD00855,1,2084.62,0.05,1980.39,1525.55,Credit Card,Walk-in
SAL20250063473,2025-07-22,STR040,PRD00966,5,814.75,0.1,3666.38,2632.25,Net Banking,Regular
SAL20250063474,2025-07-07,STR005,PRD00258,1,2441.64,0.0,2441.64,1594.77,Credit Card,Premium
SAL20250063475,2025-07-07,STR007,PRD01187,1,5464.91,0.05,5191.66,3354.99,Cash,Regular
SAL20250063476,2025-07-01,STR005,PRD00101,3,2548.25,0.0,7644.75,5409.75,UPI,Regular
SAL20250063477,2025-07-04,STR006,PRD01055,2,428.04,0.1,770.47,533.14,UPI,Walk-in
SAL20250063478,2025-07-09,STR014,PRD00169,2,8761.68,0.0,17523.36,11257.34,Debit Card,Regular
SAL20250063479,2025-07-24,STR033,PRD00832,1,1859.75,0.0,1859.75,1370.28,UPI,Regular
SAL20250063480,2025-07-26,STR020,PRD00493,2,517.33,0.0,1034.66,893.0,Credit Card,Regular
SAL20250063481,2025-07-05,STR032,PRD01193,3,1712.13,0.0,5136.39,3104.73,Debit Card,Regular
SAL20250063482,2025-07-19,STR024,PRD01000,1,495.66,0.0,495.66,345.87,UPI,Walk-in
SAL20250063483,2025-07-28,STR030,PRD00263,1,3207.01,0.0,3207.01,2439.1,Credit Card,Regular
SAL20250063484,2025-07-26,STR031,PRD00175,1,11344.22,0.0,11344.22,7434.87,Debit Card,Walk-in
SAL20250063485,2025-07-30,STR007,PRD00894,1,2403.9,0.05,2283.7,1608.16,Debit Card,Regular
SAL20250063486,2025-07-03,STR014,PRD01048,3,623.5,0.0,1870.5,1245.57,UPI,Walk-in
SAL20250063487,2025-07-26,STR010,PRD01192,1,7158.24,0.1,6442.42,4065.98,UPI,Regular
SAL20250063488,2025-07-15,STR038,PRD00097,1,19452.93,0.05,18480.28,14437.86,UPI,Regular
SAL20250063489,2025-07-25,STR011,PRD00275,1,1560.95,0.05,1482.9,847.9,Credit Card,Premium
SAL20250063490,2025-07-04,STR036,PRD00342,1,1186.13,0.05,1126.82,698.17,Debit Card,Regular
SAL20250063491,2025-07-12,STR036,PRD00275,1,1560.95,0.1,1404.86,847.9,UPI,Regular
SAL20250063492,2025-07-09,STR027,PRD01014,3,1123.09,0.0,3369.27,1908.24,UPI,Walk-in
SAL20250063493,2025-07-10,STR031,PRD00246,1,1945.93,0.0,1945.93,1239.78,Credit Card,Regular
SAL20250063494,2025-07-20,STR011,PRD00812,1,3142.68,0.0,3142.68,1823.3,UPI,Walk-in
SAL20250063495,2025-07-19,STR004,PRD00637,1,299.32,0.0,299.32,213.6,Debit Card,Regular
SAL20250063496,2025-07-23,STR033,PRD00072,1,4522.2,0.05,4296.09,3124.59,Debit Card,Walk-in
SAL20250063497,2025-07-01,STR041,PRD00640,1,209.4,0.0,209.4,117.43,UPI,Premium
SAL20250063498,2025-07-21,STR004,PRD00728,2,5071.72,0.0,10143.44,6019.26,Cash,Walk-in
SAL20250063499,2025-07-09,STR015,PRD00457,6,726.05,0.0,4356.3,3296.34,UPI,Premium
SAL20250063500,2025-07-04,STR028,PRD00630,2,612.41,0.0,1224.82,722.9,UPI,Regular
SAL20250063501,2025-07-08,STR037,PRD00111,1,16671.18,0.0,16671.18,12693.98,Credit Card,Premium
SAL20250063502,2025-07-23,STR038,PRD00359,3,1383.56,0.0,4150.68,1930.92,UPI,Walk-in
SAL20250063503,2025-07-14,STR004,PRD00334,2,796.78,0.1,1434.2,801.52,Credit Card,Walk-in
SAL20250063504,2025-07-22,STR003,PRD00301,2,189.19,0.0,378.38,260.54,Net Banking,Regular
SAL20250063505,2025-07-06,STR039,PRD00500,2,936.13,0.0,1872.26,1515.06,UPI,Regular
SAL20250063506,2025-07-30,STR012,PRD00358,1,873.37,0.1,786.03,466.67,UPI,Regular
SAL20250063507,2025-07-21,STR015,PRD00101,1,2548.25,0.0,2548.25,1803.25,UPI,Walk-in
SAL20250063508,2025-07-08,STR004,PRD00559,1,674.89,0.0,674.89,421.56,Debit Card,Regular
SAL20250063509,2025-07-03,STR006,PRD00343,1,244.94,0.0,244.94,130.41,UPI,Regular
SAL20250063510,2025-07-08,STR007,PRD00176,1,4757.11,0.0,4757.11,2887.26,Debit Card,Regular
SAL20250063511,2025-07-25,STR013,PRD01024,1,129.44,0.0,129.44,92.1,Credit Card,Walk-in
SAL20250063512,2025-07-20,STR024,PRD00057,1,2490.08,0.0,2490.08,2005.73,UPI,Regular
SAL20250063513,2025-07-16,STR018,PRD00741,1,2848.85,0.0,2848.85,2028.89,Cash,Regular
SAL20250063514,2025-07-05,STR015,PRD00268,1,1061.68,0.0,1061.68,520.26,UPI,Regular
SAL20250063515,2025-07-18,STR038,PRD00613,1,239.41,0.0,239.41,178.61,Debit Card,Corporate
SAL20250063516,2025-07-30,STR025,PRD00854,2,2355.83,0.0,4711.66,2935.86,UPI,Regular
SAL20250063517,2025-07-27,STR017,PRD00236,1,5591.1,0.05,5311.55,3989.78,UPI,Corporate
SAL20250063518,2025-07-05,STR039,PRD00661,2,443.39,0.0,886.78,567.36,Credit Card,Premium
SAL20250063519,2025-07-28,STR007,PRD00006,1,3457.14,0.0,3457.14,2519.92,Credit Card,Walk-in
SAL20250063520,2025-07-22,STR017,PRD00912,1,532.47,0.0,532.47,306.3,UPI,Regular
SAL20250063521,2025-07-03,STR006,PRD00353,4,948.44,0.0,3793.76,2119.24,UPI,Regular
SAL20250063522,2025-07-29,STR038,PRD00915,1,703.59,0.1,633.23,463.15,Debit Card,Regular
SAL20250063523,2025-07-31,STR041,PRD00491,5,675.67,0.0,3378.35,2633.55,UPI,Premium
SAL20250063524,2025-07-09,STR014,PRD00379,1,660.61,0.0,660.61,460.66,Credit Card,Walk-in
SAL20250063525,2025-07-06,STR038,PRD00942,1,93.87,0.1,84.48,61.73,Credit Card,Regular
SAL20250063526,2025-07-29,STR030,PRD00130,1,17171.37,0.0,17171.37,12882.58,Credit Card,Walk-in
SAL20250063527,2025-07-30,STR030,PRD00412,1,576.41,0.0,576.41,454.75,UPI,Regular
SAL20250063528,2025-07-07,STR030,PRD00817,1,3058.64,0.0,3058.64,2165.66,Credit Card,Corporate
SAL20250063529,2025-07-18,STR016,PRD00707,2,2433.38,0.0,4866.76,3253.44,Cash,Regular
SAL20250063530,2025-07-24,STR039,PRD01198,1,7043.58,0.0,7043.58,4432.23,Cash,Regular
SAL20250063531,2025-07-25,STR035,PRD00762,1,1596.23,0.0,1596.23,909.86,UPI,Walk-in
SAL20250063532,2025-07-27,STR040,PRD00949,1,855.15,0.0,855.15,566.85,UPI,Walk-in
SAL20250063533,2025-07-25,STR007,PRD01186,2,3042.91,0.0,6085.82,3004.4,Debit Card,Corporate
SAL20250063534,2025-07-29,STR010,PRD00423,1,256.23,0.1,230.61,213.9,UPI,Regular
SAL20250063535,2025-07-29,STR012,PRD01131,3,6280.13,0.0,18840.39,10276.59,Debit Card,Regular
SAL20250063536,2025-07-19,STR030,PRD00982,1,104.72,0.0,104.72,58.34,Cash,Walk-in
SAL20250063537,2025-07-17,STR019,PRD01094,2,7758.5,0.0,15517.0,7594.34,Cash,Regular
SAL20250063538,2025-07-12,STR036,PRD00071,1,14423.02,0.0,14423.02,9605.63,UPI,Premium
SAL20250063539,2025-07-23,STR031,PRD00913,2,3252.33,0.0,6504.66,4321.0,Cash,Walk-in
SAL20250063540,2025-07-06,STR010,PRD00897,1,3626.87,0.05,3445.53,2369.21,UPI,Regular
SAL20250063541,2025-07-06,STR006,PRD00204,1,3776.34,0.0,3776.34,2580.11,Cash,Corporate
SAL20250063542,2025-07-28,STR033,PRD01132,4,7393.47,0.0,29573.88,15564.48,Cash,Walk-in
SAL20250063543,2025-07-13,STR034,PRD00757,1,1608.8,0.0,1608.8,1037.87,UPI,Corporate
SAL20250063544,2025-07-24,STR014,PRD00428,1,311.12,0.1,280.01,244.75,UPI,Regular
SAL20250063545,2025-07-25,STR016,PRD00949,1,855.15,0.0,855.15,566.85,Credit Card,Walk-in
SAL20250063546,2025-07-02,STR009,PRD00262,1,10754.4,0.0,10754.4,8063.44,UPI,Walk-in
SAL20250063547,2025-07-20,STR026,PRD00781,1,2809.53,0.0,2809.53,2070.84,Cash,Premium
SAL20250063548,2025-07-27,STR039,PRD01093,1,4476.19,0.05,4252.38,2887.02,UPI,Regular
SAL20250063549,2025-07-30,STR027,PRD00170,1,1380.75,0.1,1242.67,918.49,UPI,Regular
SAL20250063550,2025-07-21,STR031,PRD01044,2,762.23,0.0,1524.46,1088.96,UPI,Walk-in
SAL20250063551,2025-07-28,STR036,PRD00775,2,3571.78,0.0,7143.56,3953.1,Credit Card,Premium
SAL20250063552,2025-07-11,STR014,PRD00161,1,9190.04,0.0,9190.04,7015.28,UPI,Regular
SAL20250063553,2025-07-20,STR011,PRD00946,2,937.06,0.0,1874.12,1051.16,Credit Card,Walk-in
SAL20250063554,2025-07-19,STR038,PRD00986,4,156.79,0.0,627.16,448.56,Debit Card,Corporate
SAL20250063555,2025-07-26,STR008,PRD00507,1,259.46,0.0,259.46,215.35,Credit Card,Regular
SAL20250063556,2025-07-28,STR028,PRD00076,1,13611.14,0.0,13611.14,10725.57,UPI,Regular
SAL20250063557,2025-07-10,STR017,PRD00791,3,855.75,0.0,2567.25,1798.41,Credit Card,Regular
SAL20250063558,2025-07-20,STR032,PRD01200,2,1804.12,0.0,3608.24,1731.6,UPI,Regular
SAL20250063559,2025-07-31,STR034,PRD00904,2,2811.36,0.0,5622.72,3719.94,Debit Card,Walk-in
SAL20250063560,2025-07-24,STR017,PRD01112,2,3077.42,0.0,6154.84,3116.38,Debit Card,Regular
SAL20250063561,2025-07-21,STR026,PRD00739,3,2279.96,0.0,6839.88,4624.26,Cash,Regular
SAL20250063562,2025-07-17,STR012,PRD00321,2,1442.95,0.0,2885.9,1430.98,UPI,Regular
SAL20250063563,2025-07-31,STR033,PRD00664,3,181.84,0.05,518.24,327.63,Credit Card,Regular
SAL20250063564,2025-07-21,STR035,PRD01158,1,7747.18,0.0,7747.18,4177.28,Credit Card,Premium
SAL20250063565,2025-07-14,STR017,PRD00979,4,62.69,0.0,250.76,149.72,UPI,Regular
SAL20250063566,2025-07-13,STR019,PRD00081,1,19888.54,0.0,19888.54,13106.38,UPI,Walk-in
SAL20250063567,2025-07-21,STR009,PRD00123,1,7408.15,0.0,7408.15,5588.12,Net Banking,Regular
SAL20250063568,2025-07-12,STR029,PRD00951,1,594.37,0.0,594.37,352.38,UPI,Walk-in
SAL20250063569,2025-07-14,STR020,PRD01169,3,6625.23,0.0,19875.69,12004.23,UPI,Premium
SAL20250063570,2025-07-02,STR011,PRD00146,3,5953.14,0.05,16966.45,12467.73,Cash,Regular
SAL20250063571,2025-07-11,STR025,PRD00230,1,11424.91,0.0,11424.91,7835.88,UPI,Premium
SAL20250063572,2025-07-10,STR025,PRD00981,1,76.61,0.0,76.61,54.24,UPI,Regular
SAL20250063573,2025-07-03,STR029,PRD00080,1,17292.25,0.0,17292.25,13027.41,Debit Card,Premium
SAL20250063574,2025-07-28,STR005,PRD00955,2,608.44,0.0,1216.88,821.8,UPI,Regular
SAL20250063575,2025-07-31,STR035,PRD00200,1,1880.51,0.0,1880.51,1363.43,Cash,Premium
SAL20250063576,2025-07-18,STR017,PRD00057,1,2490.08,0.0,2490.08,2005.73,UPI,Walk-in
SAL20250063577,2025-07-15,STR002,PRD00662,3,192.14,0.05,547.6,422.88,UPI,Walk-in
SAL20250063578,2025-07-22,STR027,PRD00127,1,14293.97,0.0,14293.97,10567.08,Debit Card,Premium
SAL20250063579,2025-07-21,STR031,PRD00779,2,1606.83,0.0,3213.66,1996.58,UPI,Walk-in
SAL20250063580,2025-07-16,STR034,PRD00676,1,4180.37,0.05,3971.35,2836.76,Cash,Walk-in
SAL20250063581,2025-07-17,STR018,PRD00453,2,1257.16,0.0,2514.32,1892.74,Cash,Walk-in
SAL20250063582,2025-07-23,STR007,PRD00112,1,3948.48,0.0,3948.48,3127.23,UPI,Regular
SAL20250063583,2025-07-29,STR027,PRD00342,2,1186.13,0.0,2372.26,1396.34,Credit Card,Walk-in
SAL20250063584,2025-07-29,STR026,PRD00605,1,66.61,0.0,66.61,49.05,Net Banking,Regular
SAL20250063585,2025-07-21,STR026,PRD00654,10,474.17,0.05,4504.61,3243.9,Credit Card,Walk-in
SAL20250063586,2025-07-03,STR033,PRD00731,1,2513.85,0.0,2513.85,1582.05,Net Banking,Regular
SAL20250063587,2025-07-01,STR008,PRD00333,1,1043.83,0.0,1043.83,554.4,UPI,Regular
SAL20250063588,2025-07-24,STR018,PRD01048,2,623.5,0.0,1247.0,830.38,Net Banking,Regular
SAL20250063589,2025-07-17,STR040,PRD00568,2,465.88,0.1,838.58,576.62,UPI,Premium
SAL20250063590,2025-07-16,STR014,PRD00672,1,4427.9,0.0,4427.9,3013.84,UPI,Walk-in
SAL20250063591,2025-07-26,STR013,PRD00675,2,1206.06,0.0,2412.12,1516.86,Cash,Walk-in
SAL20250063592,2025-07-27,STR028,PRD00659,1,294.97,0.05,280.22,218.84,UPI,Walk-in
SAL20250063593,2025-07-13,STR012,PRD00545,4,450.85,0.0,1803.4,1009.8,UPI,Walk-in
SAL20250063594,2025-07-07,STR019,PRD00664,2,181.84,0.1,327.31,218.42,UPI,Regular
SAL20250063595,2025-07-06,STR029,PRD01018,2,139.93,0.0,279.86,177.6,Credit Card,Regular
SAL20250063596,2025-07-13,STR025,PRD00004,1,18331.36,0.05,17414.79,14741.73,Debit Card,Regular
SAL20250063597,2025-07-05,STR027,PRD00054,2,16291.52,0.0,32583.04,23680.68,UPI,Regular
SAL20250063598,2025-07-03,STR004,PRD00443,3,206.94,0.0,620.82,501.18,Cash,Regular
SAL20250063599,2025-07-22,STR034,PRD00580,3,372.59,0.0,1117.77,633.9,Cash,Premium
SAL20250063600,2025-07-30,STR040,,1,9036.37,0.0,9036.37,6491.36,Net Banking,Regular
SAL20250063601,2025-07-03,STR025,PRD01039,3,616.85,0.1,1665.5,1181.82,UPI,Premium
SAL20250063602,2025-07-29,STR026,PRD00216,1,11614.64,0.0,11614.64,7226.78,Cash,Walk-in
SAL20250063603,2025-07-11,STR018,PRD00879,1,2290.26,0.05,2175.75,1614.23,Debit Card,Regular
SAL20250063604,2025-07-27,STR021,PRD00652,10,210.65,0.0,2106.5,1370.0,Debit Card,Corporate
SAL20250063605,2025-07-15,STR019,PRD00185,1,1926.14,0.05,1829.83,1500.04,Credit Card,Walk-in
SAL20250063606,2025-07-20,STR015,PRD01006,2,849.47,0.0,1698.94,1213.38,UPI,Regular
SAL20250063607,2025-07-15,STR027,PRD00903,2,433.92,0.0,867.84,550.82,UPI,Corporate
SAL20250063608,2025-07-20,STR010,PRD01160,1,7696.75,0.0,7696.75,3490.84,UPI,Regular
SAL20250063609,2025-07-14,STR021,PRD01157,1,8076.82,0.0,8076.82,4265.41,Credit Card,Walk-in
SAL20250063610,2025-07-24,STR007,PRD00177,1,10270.98,0.0,10270.98,7398.07,UPI,Walk-in
SAL20250063611,2025-07-20,STR002,PRD01067,1,922.58,0.0,922.58,564.84,UPI,Premium
SAL20250063612,2025-07-25,STR009,PRD00436,3,630.05,0.0,1890.15,1523.1,UPI,Premium
SAL20250063613,2025-07-24,STR010,PRD00132,1,22943.8,0.0,22943.8,17725.67,UPI,Regular
SAL20250063614,2025-07-22,STR027,PRD00444,2,347.0,0.0,694.0,571.92,UPI,Walk-in
SAL20250063615,2025-07-14,STR003,PRD00473,4,113.62,0.0,454.48,379.32,Debit Card,Regular
SAL20250063616,2025-07-21,STR037,PRD01181,1,2062.42,0.0,2062.42,1282.83,Net Banking,Premium
SAL20250063617,2025-07-09,STR001,PRD00569,2,219.4,0.05,416.86,286.6,UPI,Regular
SAL20250063618,2025-07-07,STR008,PRD00123,1,7408.15,0.0,7408.15,5588.12,Debit Card,Walk-in
SAL20250063619,2025-07-03,STR004,PRD00666,4,224.43,0.0,897.72,650.84,Credit Card,Walk-in
SAL20250063620,2025-07-14,STR028,PRD00517,2,252.82,0.1,455.08,406.06,Debit Card,Regular
SAL20250063621,2025-07-16,STR028,PRD00744,1,4365.48,0.0,4365.48,2879.4,Credit Card,Walk-in
SAL20250063622,2025-07-28,STR041,PRD00829,3,2093.34,0.0,6280.02,4616.61,Cash,Regular
SAL20250063623,2025-07-07,STR020,PRD00881,1,802.33,0.0,802.33,533.51,UPI,Walk-in
SAL20250063624,2025-07-16,STR036,PRD00140,1,6378.06,0.0,6378.06,4851.7,Cash,Regular
SAL20250063625,2025-07-09,STR005,PRD00057,1,2490.08,0.0,2490.08,2005.73,UPI,Walk-in
SAL20250063626,2025-07-20,STR006,PRD01103,2,5704.94,0.05,10839.39,4785.44,UPI,Walk-in
SAL20250063627,2025-07-09,STR028,PRD00323,1,361.28,0.0,361.28,188.15,UPI,Regular
SAL20250063628,2025-07-08,STR012,PRD00536,2,393.56,0.0,787.12,541.9,UPI,Premium
SAL20250063629,2025-07-28,STR010,PRD01014,2,1123.09,0.0,2246.18,1272.16,Credit Card,Walk-in
SAL20250063630,2025-07-07,STR021,PRD00655,5,75.89,0.0,379.45,235.75,UPI,Regular
SAL20250063631,2025-07-12,STR015,PRD00177,1,10270.98,0.0,10270.98,7398.07,UPI,Premium
SAL20250063632,2025-07-17,STR027,PRD00144,1,7333.73,0.0,7333.73,4964.07,Net Banking,Walk-in
SAL20250063633,2025-07-10,STR018,PRD00118,1,13769.46,0.0,13769.46,10543.97,UPI,Walk-in
SAL20250063634,2025-07-23,STR002,PRD00373,1,159.48,0.0,159.48,85.54,Debit Card,Walk-in
SAL20250063635,2025-07-16,STR011,PRD01025,2,56.45,0.05,107.25,60.3,UPI,Walk-in
SAL20250063636,2025-07-20,STR027,PRD01023,1,241.67,0.05,229.59,133.28,Credit Card,Walk-in
SAL20250063637,2025-07-03,STR036,PRD00543,1,579.45,0.0,579.45,425.23,Credit Card,Walk-in
SAL20250063638,2025-07-10,STR041,PRD00888,1,2557.48,0.0,2557.48,1725.04,Cash,Premium
SAL20250063639,2025-07-03,STR025,PRD00197,1,4849.89,0.0,4849.89,3779.03,UPI,Corporate
SAL20250063640,2025-07-09,STR014,PRD01085,1,7889.14,0.0,7889.14,4136.29,Debit Card,Walk-in
SAL20250063641,2025-07-06,STR029,PRD01165,1,6335.51,0.0,6335.51,3028.69,UPI,Walk-in
SAL20250063642,2025-07-01,STR026,PRD01035,2,199.19,0.0,398.38,250.14,Cash,Walk-in
SAL20250063643,2025-07-02,STR036,PRD00615,3,478.74,0.0,1436.22,1018.02,UPI,Corporate
SAL20250063644,2025-07-19,STR033,PRD00346,1,927.55,0.0,927.55,634.62,Cash,Corporate
SAL20250063645,2025-07-29,STR021,PRD00254,1,11020.14,0.0,11020.14,6776.21,UPI,Regular
SAL20250063646,2025-07-16,STR009,PRD00915,1,703.59,0.1,633.23,463.15,Debit Card,Premium
SAL20250063647,2025-07-27,STR041,PRD00164,1,7383.75,0.1,6645.38,4728.61,Credit Card,Walk-in
SAL20250063648,2025-07-10,STR020,PRD00196,1,3177.64,0.0,3177.64,2246.88,Debit Card,Premium
SAL20250063649,2025-07-04,STR021,PRD01077,1,8389.04,0.0,8389.04,3493.39,Debit Card,Walk-in
SAL20250063650,2025-07-03,STR007,PRD00786,1,2271.94,0.0,2271.94,1533.49,Credit Card,Walk-in
SAL20250063651,2025-07-16,STR022,PRD00791,4,855.75,0.05,3251.85,2397.88,Credit Card,Walk-in
SAL20250063652,2025-07-02,STR024,PRD00310,1,607.97,0.0,607.97,303.74,Credit Card,Regular
SAL20250063653,2025-07-09,STR030,PRD00845,2,2226.26,0.0,4452.52,3046.82,UPI,Walk-in
SAL20250063654,2025-07-16,STR009,PRD00202,1,1209.84,0.0,1209.84,865.49,Debit Card,Regular
SAL20250063655,2025-07-13,STR024,PRD00428,5,311.12,0.0,1555.6,1223.75,Credit Card,Walk-in
SAL20250063656,2025-07-20,STR008,PRD00443,2,206.94,0.0,413.88,334.12,Cash,Walk-in
SAL20250063657,2025-07-02,STR035,PRD00957,1,157.86,0.1,142.07,94.55,Net Banking,Regular
SAL20250063658,2025-07-06,STR015,PRD00496,2,1047.75,0.0,2095.5,1804.88,UPI,Corporate
SAL20250063659,2025-07-25,STR025,PRD00757,2,1608.8,0.0,3217.6,2075.74,UPI,Regular
SAL20250063660,2025-07-14,STR029,PRD00436,4,630.05,0.0,2520.2,2030.8,Credit Card,Walk-in
SAL20250063661,2025-07-02,STR018,PRD00834,3,1440.43,0.1,3889.16,2746.47,Debit Card,Regular
SAL20250063662,2025-07-31,STR039,PRD00787,1,291.05,0.0,291.05,189.14,UPI,Regular
SAL20250063663,2025-07-14,STR008,PRD00117,2,5653.79,0.0,11307.58,8106.04,Cash,Premium
SAL20250063664,2025-07-17,STR010,PRD00543,1,579.45,0.0,579.45,425.23,Credit Card,Regular
SAL20250063665,2025-07-23,STR016,PRD01165,1,6335.51,0.0,6335.51,3028.69,UPI,Regular
SAL20250063666,2025-07-21,STR036,PRD00163,1,12710.38,0.0,12710.38,7712.99,UPI,Walk-in
SAL20250063667,2025-07-17,STR023,PRD01020,4,560.55,0.0,2242.2,1447.88,UPI,Regular
SAL20250063668,2025-07-29,STR013,PRD00852,3,1751.61,0.0,5254.83,3644.52,Net Banking,Regular
SAL20250063669,2025-07-26,STR025,PRD00136,1,8242.41,0.0,8242.41,5641.21,Credit Card,Walk-in
SAL20250063670,2025-07-29,STR031,PRD00072,1,4522.2,0.0,4522.2,3124.59,Credit Card,Regular
SAL20250063671,2025-07-28,STR027,PRD00338,1,1223.61,0.0,1223.61,688.23,Debit Card,Walk-in
SAL20250063672,2025-07-02,STR004,PRD01091,1,5878.46,0.05,5584.54,2808.85,UPI,Regular
SAL20250063673,2025-07-01,STR041,PRD00900,1,3167.3,0.0,3167.3,1961.05,Credit Card,Regular
SAL20250063674,2025-07-02,STR027,PRD00911,1,807.88,0.0,807.88,602.2,UPI,Regular
SAL20250063675,2025-07-31,STR025,PRD00334,2,796.78,0.0,1593.56,801.52,Net Banking,Regular
SAL20250063676,2025-07-09,STR028,PRD00530,2,663.27,0.0,1326.54,1124.14,UPI,Regular
SAL20250063677,2025-07-28,STR029,PRD00040,1,26675.54,0.0,26675.54,17487.01,Credit Card,Regular
SAL20250063678,2025-07-23,STR023,PRD00318,3,184.33,0.0,552.99,356.31,UPI,Walk-in
SAL20250063679,2025-07-21,STR009,PRD00608,2,314.95,0.0,629.9,468.28,UPI,Regular
SAL20250063680,2025-07-11,STR018,PRD00726,1,2171.72,0.0,2171.72,1497.85,Credit Card,Regular
SAL20250063681,2025-07-02,STR039,PRD00811,1,243.22,0.0,243.22,140.95,Cash,Regular
SAL20250063682,2025-07-22,STR012,PRD00589,3,435.23,0.0,1305.69,762.12,Net Banking,Regular
SAL20250063683,2025-07-23,STR024,PRD00157,1,5982.96,0.0,5982.96,4355.19,UPI,Premium
SAL20250063684,2025-07-31,STR001,PRD01039,2,616.85,0.0,1233.7,787.88,Credit Card,Walk-in
SAL20250063685,2025-07-31,STR006,PRD01184,4,6927.53,0.0,27710.12,12730.8,UPI,Walk-in
SAL20250063686,2025-07-12,STR036,PRD01131,3,6280.13,0.0,18840.39,10276.59,UPI,Premium
SAL20250063687,2025-07-29,STR035,PRD00997,3,893.9,0.05,2547.61,1874.07,Debit Card,Walk-in
SAL20250063688,2025-07-19,STR019,PRD00369,2,1020.79,0.0,2041.58,964.98,UPI,Walk-in
SAL20250063689,2025-07-29,STR025,PRD00633,2,365.95,0.05,695.3,425.8,Credit Card,Walk-in
SAL20250063690,2025-07-16,STR038,PRD00875,1,258.44,0.0,258.44,150.9,UPI,Corporate
SAL20250063691,2025-07-13,STR002,PRD00883,1,2575.75,0.1,2318.18,1437.48,UPI,Regular
SAL20250063692,2025-07-01,STR030,PRD00883,1,2575.75,0.0,2575.75,1437.48,Credit Card,Walk-in
SAL20250063693,2025-07-15,STR027,PRD00082,1,9499.68,0.0,9499.68,6552.44,UPI,Premium
SAL20250063694,2025-07-12,STR019,PRD00820,1,2007.6,0.0,2007.6,1177.18,Cash,Regular
SAL20250063695,2025-07-03,STR036,PRD00680,3,3900.49,0.0,11701.47,8415.0,Credit Card,Regular
SAL20250063696,2025-07-16,STR003,PRD00141,1,2559.21,0.0,2559.21,1944.29,Credit Card,Regular
SAL20250063697,2025-07-16,STR017,PRD00809,1,1418.3,0.0,1418.3,895.74,UPI,Regular
SAL20250063698,2025-07-24,STR017,PRD00464,2,598.64,0.0,1197.28,916.98,UPI,Premium
SAL20250063699,2025-07-04,STR001,PRD00102,1,21236.57,0.0,21236.57,16141.17,Cash,Walk-in
SAL20250063700,2025-07-06,STR022,PRD01006,3,849.47,0.0,2548.41,1820.07,Credit Card,Regular
SAL20250063701,2025-07-16,STR011,PRD00658,6,338.62,0.0,2031.72,1366.08,UPI,Walk-in
SAL20250063702,2025-07-04,STR002,PRD00061,1,7691.1,0.0,7691.1,5309.86,UPI,Walk-in
SAL20250063703,2025-07-04,STR013,PRD01016,3,253.56,0.0,760.68,484.2,Credit Card,Premium
SAL20250063704,2025-07-01,STR028,PRD00604,5,254.69,0.0,1273.45,759.5,Cash,Walk-in
SAL20250063705,2025-07-20,STR033,PRD00972,2,1079.34,0.0,2158.68,1258.0,Credit Card,Regular
SAL20250063706,2025-07-29,STR028,PRD00374,1,1242.75,0.0,1242.75,738.33,Credit Card,Regular
SAL20250063707,2025-07-29,STR039,PRD01044,3,762.23,0.0,2286.69,1633.44,UPI,Walk-in
SAL20250063708,2025-07-16,STR021,PRD01006,1,849.47,0.0,849.47,606.69,Debit Card,Walk-in
SAL20250063709,2025-07-14,STR024,PRD00725,3,2084.99,0.1,5629.47,4535.07,Debit Card,Corporate
SAL20250063710,2025-07-27,STR008,PRD01110,2,1048.97,0.0,2097.94,1162.22,UPI,Walk-in
SAL20250063711,2025-07-06,STR035,PRD01114,1,8827.06,0.0,8827.06,3573.34,Cash,Regular
SAL20250063712,2025-07-15,STR034,PRD00004,1,18331.36,0.05,17414.79,14741.73,Credit Card,Walk-in
SAL20250063713,2025-07-10,STR008,PRD00308,1,373.95,0.0,373.95,260.57,UPI,Regular
SAL20250063714,2025-07-10,STR041,PRD00752,2,4535.72,0.0,9071.44,6045.78,Credit Card,Walk-in
SAL20250063715,2025-07-18,STR035,PRD00962,2,708.41,0.0,1416.82,791.36,UPI,Walk-in
SAL20250063716,2025-07-31,STR034,PRD00586,1,648.21,0.0,648.21,440.01,UPI,Corporate
SAL20250063717,2025-07-17,STR022,PRD01015,3,771.47,0.1,2082.97,1623.36,UPI,Walk-in
SAL20250063718,2025-07-26,STR020,PRD00552,1,296.06,0.0,296.06,194.94,UPI,Regular
SAL20250063719,2025-07-21,,PRD00055,1,18236.77,0.1,16413.09,12233.04,Credit Card,Regular
SAL20250063720,2025-07-28,STR036,PRD00428,1,311.12,0.0,311.12,244.75,Credit Card,Regular
SAL20250063721,2025-07-01,STR040,PRD00646,4,108.22,0.05,411.24,263.16,Cash,Walk-in
SAL20250063722,2025-07-31,STR011,PRD01185,1,2223.59,0.0,2223.59,924.85,Credit Card,Regular
SAL20250063723,2025-07-20,STR009,PRD00952,6,892.13,0.0,5352.78,3016.26,Credit Card,Corporate
SAL20250063724,2025-07-31,STR006,PRD00811,2,243.22,0.0,486.44,281.9,Cash,Regular
SAL20250063725,2025-07-19,STR001,PRD00027,1,21177.44,0.0,21177.44,15886.64,Cash,Regular
SAL20250063726,2025-07-19,STR001,PRD00433,1,1065.88,0.0,1065.88,861.75,UPI,Regular
SAL20250063727,2025-07-19,STR012,PRD00626,3,125.9,0.05,358.82,227.79,UPI,Walk-in
SAL20250063728,2025-07-01,STR010,PRD00995,1,585.44,0.0,585.44,417.72,Credit Card,Regular
SAL20250063729,2025-07-31,STR023,PRD01011,6,265.01,0.0,1590.06,898.14,UPI,Walk-in
SAL20250063730,2025-07-09,STR019,PRD01102,1,845.86,0.0,845.86,353.36,Debit Card,Walk-in
SAL20250063731,2025-07-13,STR009,PRD00322,3,839.74,0.0,2519.22,1762.08,Credit Card,Walk-in
SAL20250063732,2025-07-13,STR041,PRD00797,1,567.41,0.0,567.41,411.41,Credit Card,Walk-in
SAL20250063733,2025-07-06,STR018,PRD00845,1,2226.26,0.05,2114.95,1523.41,Credit Card,Regular
SAL20250063734,2025-07-07,STR032,PRD00459,4,918.25,0.0,3673.0,2940.04,UPI,Regular
SAL20250063735,2025-07-24,STR024,PRD00192,1,3362.18,0.0,3362.18,2170.51,Debit Card,Premium
SAL20250063736,2025-07-19,STR036,PRD00578,2,577.23,0.05,1096.74,845.62,Credit Card,Regular
SAL20250063737,2025-07-26,STR032,PRD01105,1,2498.16,0.0,2498.16,1508.52,Credit Card,Regular
SAL20250063738,2025-07-27,STR019,PRD00946,2,937.06,0.0,1874.12,1051.16,Debit Card,Regular
SAL20250063739,2025-07-18,STR002,PRD00995,4,585.44,0.0,2341.76,1670.88,UPI,Regular
SAL20250063740,2025-07-18,STR003,PRD01008,4,227.58,0.05,864.8,568.0,Credit Card,Regular
SAL20250063741,2025-07-16,STR009,PRD01101,1,4929.57,0.0,4929.57,2668.17,UPI,Walk-in
SAL20250063742,2025-07-15,STR020,PRD00410,1,245.81,0.0,245.81,192.76,UPI,Regular
SAL20250063743,2025-07-15,STR018,PRD00500,1,936.13,0.0,936.13,757.53,Debit Card,Walk-in
SAL20250063744,2025-07-21,STR019,PRD01171,1,6541.96,0.0,6541.96,2623.89,UPI,Regular
SAL20250063745,2025-07-26,STR037,PRD01085,1,7889.14,0.0,7889.14,4136.29,UPI,Premium
SAL20250063746,2025-07-27,STR005,PRD00233,1,9134.67,0.0,9134.67,7104.84,UPI,Walk-in
SAL20250063747,2025-07-20,STR013,PRD00099,1,19924.5,0.1,17932.05,14858.06,Debit Card,Walk-in
SAL20250063748,2025-07-15,STR003,PRD00289,1,1047.34,0.0,1047.34,607.0,UPI,Walk-in
SAL20250063749,2025-07-02,STR041,PRD00101,2,2548.25,0.05,4841.68,3606.5,Debit Card,Walk-in
SAL20250063750,2025-07-12,STR009,PRD00028,1,4027.15,0.1,3624.43,2641.37,UPI,Regular
SAL20250063751,2025-07-15,STR020,PRD00187,1,5314.8,0.0,5314.8,3364.43,Credit Card,Regular
SAL20250063752,2025-07-15,STR019,PRD00605,3,66.61,0.0,199.83,147.15,Credit Card,Walk-in
SAL20250063753,2025-07-02,STR023,PRD00917,1,1441.59,0.0,1441.59,980.83,Net Banking,Walk-in
SAL20250063754,2025-07-04,STR037,PRD00603,6,196.91,0.0,1181.46,785.76,Debit Card,Regular
SAL20250063755,2025-07-15,STR025,PRD00418,2,378.6,0.0,757.2,630.86,Credit Card,Premium
SAL20250063756,2025-07-26,STR029,PRD00578,1,577.23,0.1,519.51,422.81,Cash,Premium
SAL20250063757,2025-07-08,STR004,PRD00608,1,314.95,0.0,314.95,234.14,Credit Card,Regular
SAL20250063758,2025-07-26,STR022,PRD00012,2,5255.98,0.0,10511.96,8242.7,Debit Card,Walk-in
SAL20250063759,2025-07-09,STR015,PRD00855,1,2084.62,0.0,2084.62,1525.55,Cash,Regular
SAL20250063760,2025-07-01,STR022,PRD00281,1,679.79,0.0,679.79,393.52,Credit Card,Corporate
SAL20250063761,2025-07-23,STR040,PRD00916,1,3924.97,0.0,3924.97,2270.78,Credit Card,Regular
SAL20250063762,2025-07-16,STR040,PRD00707,1,2433.38,0.0,2433.38,1626.72,UPI,Corporate
SAL20250063763,2025-07-17,STR008,PRD01094,1,7758.5,0.0,7758.5,3797.17,UPI,Premium
SAL20250063764,2025-07-21,STR003,PRD00778,3,875.87,0.0,2627.61,1708.62,UPI,Premium
SAL20250063765,2025-07-31,STR037,PRD00531,2,217.65,0.0,435.3,364.4,UPI,Corporate
SAL20250063766,2025-07-14,STR016,PRD00326,2,1442.32,0.0,2884.64,1362.86,Credit Card,Walk-in
SAL20250063767,2025-07-17,STR031,PRD00352,3,930.67,0.0,2792.01,1790.7,UPI,Regular
SAL20250063768,2025-07-28,STR007,PRD00714,1,1837.1,0.1,1653.39,1348.01,Credit Card,Regular
SAL20250063769,2025-07-26,STR012,PRD00220,1,5859.46,0.0,5859.46,4561.44,Debit Card,Regular
SAL20250063770,2025-07-25,STR001,PRD00825,3,2419.3,0.0,7257.9,4207.47,Debit Card,Walk-in
SAL20250063771,2025-07-17,STR001,PRD00091,1,21335.5,0.0,21335.5,15504.58,UPI,Regular
SAL20250063772,2025-07-03,STR033,PRD01124,3,4813.39,0.0,14440.17,6533.25,UPI,Walk-in
SAL20250063773,2025-07-21,STR036,PRD00972,4,1079.34,0.0,4317.36,2516.0,Debit Card,Regular
SAL20250063774,2025-07-15,STR027,PRD00082,1,9499.68,0.0,9499.68,6552.44,UPI,Regular
SAL20250063775,2025-07-17,STR026,PRD00173,1,9167.15,0.0,9167.15,5751.32,Debit Card,Premium
SAL20250063776,2025-07-15,STR019,PRD00792,1,5089.33,0.0,5089.33,2925.34,UPI,Walk-in
SAL20250063777,2025-07-05,STR034,PRD00178,1,9669.95,0.0,9669.95,6949.73,Cash,Regular
SAL20250063778,2025-07-11,STR008,PRD00828,1,765.4,0.0,765.4,443.0,Credit Card,Walk-in
SAL20250063779,2025-07-05,STR023,PRD01088,1,4543.5,0.0,4543.5,1992.55,Credit Card,Walk-in
SAL20250063780,2025-07-07,STR005,PRD01052,4,462.25,0.05,1756.55,1292.0,Credit Card,Walk-in
SAL20250063781,2025-07-16,STR007,PRD00722,3,2039.88,0.1,5507.68,3512.55,Credit Card,Regular
SAL20250063782,2025-07-02,STR037,PRD00895,1,472.54,0.0,472.54,297.4,Credit Card,Regular
SAL20250063783,2025-07-17,STR013,PRD00763,1,3968.33,0.0,3968.33,2850.9,Net Banking,Regular
SAL20250063784,2025-07-22,STR041,PRD01103,4,5704.94,0.1,20537.78,9570.88,Debit Card,Walk-in
SAL20250063785,2025-07-25,STR016,PRD01149,3,4599.19,0.05,13107.69,7004.31,UPI,Premium
SAL20250063786,2025-07-15,STR034,PRD00857,3,3027.87,0.0,9083.61,6482.52,UPI,Regular
SAL20250063787,2025-07-18,STR028,PRD00343,2,244.94,0.0,489.88,260.82,Debit Card,Regular
SAL20250063788,2025-07-03,STR024,PRD00161,1,9190.04,0.0,9190.04,7015.28,Net Banking,Walk-in
SAL20250063789,2025-07-05,STR017,PRD00110,1,26501.66,0.05,25176.58,18492.65,UPI,Regular
SAL20250063790,2025-07-22,STR041,PRD00325,1,1273.47,0.0,1273.47,587.01,Debit Card,Regular
SAL20250063791,2025-07-04,STR039,PRD00426,2,496.18,0.0,992.36,831.74,Credit Card,Regular
SAL20250063792,2025-07-01,STR008,PRD00667,1,129.77,0.0,129.77,91.05,Credit Card,Premium
SAL20250063793,2025-07-12,STR001,PRD00197,1,4849.89,0.0,4849.89,3779.03,Cash,Walk-in
SAL20250063794,2025-07-29,STR036,PRD00562,4,671.35,0.0,2685.4,1885.88,UPI,Walk-in
SAL20250063795,2025-07-30,STR002,PRD00690,2,3635.92,0.05,6908.25,4794.84,Credit Card,Regular
SAL20250063796,2025-07-07,STR008,PRD00886,1,1331.79,0.0,1331.79,944.7,Cash,Regular
SAL20250063797,2025-07-21,STR006,PRD00199,1,1863.27,0.0,1863.27,1335.3,Cash,Corporate
SAL20250063798,2025-07-22,STR035,PRD01182,3,9675.4,0.0,29026.2,12796.68,Credit Card,Premium
SAL20250063799,2025-07-02,STR028,PRD00165,1,10264.9,0.0,10264.9,6671.83,Credit Card,Corporate
SAL20250063800,2025-07-21,STR015,PRD00491,1,675.67,0.0,675.67,526.71,Credit Card,Regular
SAL20250063801,2025-07-12,STR020,PRD00908,1,2285.46,0.0,2285.46,1340.06,Credit Card,Walk-in
SAL20250063802,2025-07-09,STR024,PRD01069,1,2127.71,0.05,2021.32,1083.85,UPI,Walk-in
SAL20250063803,2025-07-02,STR011,PRD00108,1,22607.14,0.1,20346.43,15802.22,UPI,Regular
SAL20250063804,2025-07-03,STR013,PRD00451,3,641.37,0.0,1924.11,1515.69,Debit Card,Regular
SAL20250063805,2025-07-05,STR038,PRD00135,1,9390.96,0.1,8451.86,6866.63,UPI,Regular
SAL20250063806,2025-07-22,STR002,PRD00787,1,291.05,0.0,291.05,189.14,Net Banking,Walk-in
SAL20250063807,2025-07-20,STR007,PRD00107,1,4985.79,0.0,4985.79,3483.71,Credit Card,Walk-in
SAL20250063808,2025-07-17,STR004,PRD00739,3,2279.96,0.0,6839.88,4624.26,UPI,Walk-in
SAL20250063809,2025-07-10,STR034,PRD00121,1,13928.8,0.0,13928.8,9332.33,Debit Card,Premium
SAL20250063810,2025-07-21,STR016,PRD00959,1,664.61,0.0,664.61,402.69,Net Banking,Walk-in
SAL20250063811,2025-07-10,STR041,PRD00843,2,1073.63,0.0,2147.26,1378.92,Net Banking,Walk-in
SAL20250063812,2025-07-03,STR002,PRD01133,2,8197.9,0.0,16395.8,7530.04,UPI,Premium
SAL20250063813,2025-07-01,STR011,PRD00133,1,10102.94,0.1,9092.65,6680.78,UPI,Corporate
SAL20250063814,2025-07-04,STR014,PRD00589,4,435.23,0.0,1740.92,1016.16,Debit Card,Walk-in
SAL20250063815,2025-07-03,STR029,PRD00594,1,129.17,0.0,129.17,81.33,Cash,Walk-in
SAL20250063816,2025-07-11,STR021,PRD01097,1,4205.24,0.0,4205.24,2054.25,UPI,Regular
SAL20250063817,2025-07-05,STR001,PRD01100,2,6765.12,0.0,13530.24,8161.74,Debit Card,Regular
SAL20250063818,2025-07-27,STR024,PRD00007,1,20090.22,0.1,18081.2,15462.2,Credit Card,Walk-in
SAL20250063819,2025-07-26,STR025,PRD00627,2,670.0,0.0,1340.0,807.42,Credit Card,Regular
SAL20250063820,2025-07-22,STR036,PRD01092,1,5535.53,0.0,5535.53,2634.51,Debit Card,Premium
SAL20250063821,2025-07-21,STR012,PRD01030,1,525.24,0.0,525.24,317.57,Credit Card,Premium
SAL20250063822,2025-07-01,STR020,PRD00803,1,2033.91,0.1,1830.52,1224.74,UPI,Premium
SAL20250063823,2025-07-31,STR036,PRD00174,1,698.44,0.0,698.44,523.24,UPI,Premium
SAL20250063824,2025-07-30,STR003,PRD00913,3,3252.33,0.0,9756.99,6481.5,Credit Card,Premium
SAL20250063825,2025-07-10,STR011,PRD00454,1,238.81,0.0,238.81,182.3,UPI,Regular
SAL20250063826,2025-07-13,STR038,PRD00232,1,6785.18,0.0,6785.18,4843.37,Credit Card,Walk-in
SAL20250063827,2025-07-01,STR026,PRD00477,1,121.21,0.05,115.15,97.66,UPI,Premium
SAL20250063828,2025-07-09,STR018,PRD00047,1,27210.89,0.0,27210.89,17922.95,UPI,Premium
SAL20250063829,2025-07-24,STR004,PRD00961,1,294.28,0.0,294.28,158.53,UPI,Regular
SAL20250063830,2025-07-27,STR006,PRD00855,2,2084.62,0.0,4169.24,3051.1,Debit Card,Walk-in
SAL20250063831,2025-07-30,STR030,PRD01038,3,565.57,0.0,1696.71,910.02,UPI,Regular
SAL20250063832,2025-07-01,STR005,PRD00803,2,2033.91,0.0,4067.82,2449.48,Debit Card,Walk-in
SAL20250063833,2025-07-08,STR039,PRD00492,2,431.72,0.05,820.27,724.08,Cash,Walk-in
SAL20250063834,2025-07-14,STR025,PRD00742,1,3993.24,0.0,3993.24,2368.26,UPI,Walk-in
SAL20250063835,2025-07-09,STR039,PRD00080,1,17292.25,0.0,17292.25,13027.41,Cash,Premium
SAL20250063836,2025-07-15,STR039,PRD00588,1,125.09,0.1,112.58,90.39,Debit Card,Premium
SAL20250063837,2025-07-16,STR032,PRD00013,2,17378.5,0.1,31281.3,25724.18,UPI,Regular
SAL20250063838,2025-07-30,STR009,PRD00219,1,1404.86,0.0,1404.86,998.92,Debit Card,Regular
SAL20250063839,2025-07-12,STR012,PRD00264,1,4452.38,0.1,4007.14,3172.04,Cash,Regular
SAL20250063840,2025-07-08,STR029,PRD01199,2,6549.57,0.0,13099.14,6793.3,Credit Card,Premium
SAL20250063841,2025-07-21,STR020,PRD01169,1,6625.23,0.0,6625.23,4001.41,UPI,Regular
SAL20250063842,2025-07-13,STR039,PRD00862,1,1883.72,0.0,1883.72,1142.54,Credit Card,Regular
SAL20250063843,2025-07-07,STR011,PRD01177,2,2791.89,0.0,5583.78,3189.26,Debit Card,Premium
SAL20250063844,2025-07-16,STR021,PRD00538,2,57.89,0.0,115.78,83.56,Credit Card,Walk-in
SAL20250063845,2025-07-31,STR033,PRD00189,1,8529.1,0.0,8529.1,5554.64,Debit Card,Walk-in
SAL20250063846,2025-07-02,STR036,PRD00604,1,254.69,0.0,254.69,151.9,UPI,Regular
SAL20250063847,2025-07-08,STR033,PRD00113,2,16350.49,0.05,31065.93,23752.58,UPI,Regular
SAL20250063848,2025-07-05,STR014,PRD00409,1,950.85,0.0,950.85,738.11,UPI,Walk-in
SAL20250063849,2025-07-17,STR038,PRD00697,1,1377.61,0.0,1377.61,807.52,Debit Card,Corporate
SAL20250063850,2025-07-05,STR011,PRD01134,1,5914.46,0.0,5914.46,2929.32,UPI,Walk-in
SAL20250063971,2025-07-08,STR006,PRD00608,1,314.95,0.0,314.95,234.14,Credit Card,Walk-in
SAL20250063852,2025-07-30,STR015,PRD00601,2,50.1,0.0,100.2,61.64,UPI,Walk-in
SAL20250063853,2025-07-31,STR031,PRD00075,1,9132.03,0.1,8218.83,7042.59,UPI,Walk-in
SAL20250063854,2025-07-29,STR026,PRD00632,2,758.72,0.0,1517.44,860.12,Credit Card,Premium
SAL20250063855,2025-07-03,STR022,PRD00989,3,922.35,0.0,2767.05,1776.33,UPI,Regular
SAL20250063856,2025-07-01,STR022,PRD01066,3,424.4,0.0,1273.2,758.97,UPI,Corporate
SAL20250063857,2025-07-10,STR002,PRD00917,1,1441.59,0.0,1441.59,980.83,Credit Card,Regular
SAL20250063858,2025-07-09,STR036,PRD00602,2,328.03,0.1,590.45,414.56,UPI,Premium
SAL20250063859,2025-07-26,STR003,PRD01011,3,265.01,0.0,795.03,449.07,UPI,Regular
SAL20250063860,2025-07-20,STR024,PRD00806,2,330.79,0.0,661.58,373.26,Cash,Walk-in
SAL20250063861,2025-07-07,STR036,PRD00134,1,19404.79,0.0,19404.79,14953.78,UPI,Corporate
SAL20250063862,2025-07-23,STR007,PRD00670,1,3171.53,0.1,2854.38,1914.92,UPI,Walk-in
SAL20250063863,2025-07-07,STR034,PRD01057,5,52.31,0.05,248.47,166.5,Credit Card,Corporate
SAL20250063864,2025-07-08,STR021,PRD00340,2,956.64,0.1,1721.95,1112.16,Credit Card,Walk-in
SAL20250063865,2025-07-20,STR010,PRD00315,1,452.88,0.0,452.88,281.44,Cash,Regular
SAL20250063866,2025-07-28,STR004,PRD00160,1,7937.44,0.0,7937.44,4808.49,Debit Card,Premium
SAL20250063867,2025-07-31,STR001,PRD00348,2,1231.54,0.0,2463.08,1388.12,Debit Card,Regular
SAL20250063868,2025-07-13,STR040,PRD00698,2,1659.66,0.0,3319.32,2189.18,Debit Card,Regular
SAL20250063869,2025-07-27,STR020,PRD00642,1,467.68,0.0,467.68,290.22,Cash,Walk-in
SAL20250063870,2025-07-20,STR031,PRD01117,1,2651.1,0.0,2651.1,1446.8,UPI,Regular
SAL20250063871,2025-07-05,STR019,PRD00967,1,44.43,0.0,44.43,28.54,UPI,Premium
SAL20250063872,2025-07-13,STR006,PRD00534,2,97.09,0.0,194.18,161.18,Debit Card,Walk-in
SAL20250063873,2025-07-25,STR009,PRD00141,1,2559.21,0.0,2559.21,1944.29,Net Banking,Regular
SAL20250063874,2025-07-31,STR015,PRD00156,1,1591.76,0.0,1591.76,1231.95,UPI,Regular
SAL20250063875,2025-07-22,STR033,PRD00039,1,8380.37,0.0,8380.37,6279.95,Credit Card,Regular
SAL20250063876,2025-07-28,STR024,PRD00063,1,19546.78,0.0,19546.78,13446.97,UPI,Premium
SAL20250063877,2025-07-16,STR010,PRD00874,1,3195.38,0.0,3195.38,2332.48,Cash,Regular
SAL20250063878,2025-07-25,STR007,PRD01009,1,52.33,0.0,52.33,29.39,Credit Card,Walk-in
SAL20250063879,2025-07-24,STR010,PRD01056,1,449.88,0.0,449.88,302.01,Credit Card,Walk-in
SAL20250063880,2025-07-25,STR021,PRD00700,2,4752.07,0.0,9504.14,5729.26,Debit Card,Regular
SAL20250063881,2025-07-16,STR008,PRD01183,1,7827.71,0.1,7044.94,3332.0,Credit Card,Regular
SAL20250063882,2025-07-03,STR012,PRD00081,1,19888.54,0.0,19888.54,13106.38,Cash,Premium
SAL20250063883,2025-07-19,STR013,PRD00738,1,984.8,0.0,984.8,687.04,UPI,Corporate
SAL20250063884,2025-07-24,STR038,PRD00106,1,3614.0,0.0,3614.0,2487.36,Net Banking,Regular
SAL20250063885,2025-07-28,STR005,PRD00628,1,365.09,0.0,365.09,210.81,Credit Card,Regular
SAL20250063886,2025-07-28,STR023,PRD00085,1,26032.76,0.0,26032.76,17875.58,UPI,Walk-in
SAL20250063887,2025-07-21,STR002,PRD00087,1,23253.22,0.1,20927.9,15702.94,Net Banking,Regular
SAL20250063888,2025-07-10,STR022,PRD00753,1,4495.87,0.0,4495.87,2621.72,Cash,Walk-in
SAL20250063889,2025-07-24,STR027,PRD00387,1,446.12,0.1,401.51,248.3,Credit Card,Walk-in
SAL20250063890,2025-07-02,STR024,PRD00954,3,1090.11,0.1,2943.3,1844.88,Credit Card,Walk-in
SAL20250063891,2025-07-27,STR039,PRD01076,1,4373.35,0.0,4373.35,2595.55,UPI,Walk-in
SAL20250063892,2025-07-27,STR016,PRD00978,1,172.32,0.0,172.32,107.32,UPI,Premium
SAL20250063893,2026-05-15,STR035,PRD00162,1,9916.48,0.0,9916.48,6686.04,Credit Card,Regular
SAL20250063894,2025-07-26,STR027,PRD01200,2,1804.12,0.0,3608.24,1731.6,UPI,Walk-in
SAL20250063895,2025-07-15,STR001,PRD01086,1,5541.98,0.0,5541.98,3222.42,UPI,Regular
SAL20250063896,2025-07-21,STR020,PRD00558,4,353.1,0.0,1412.4,973.2,Debit Card,Premium
SAL20250063897,2025-07-04,STR030,PRD01152,1,2969.91,0.0,2969.91,1378.7,UPI,Regular
SAL20250063898,2025-07-14,STR015,PRD01001,3,315.54,0.0,946.62,535.11,UPI,Corporate
SAL20250063899,2025-07-25,STR035,PRD00634,1,509.03,0.0,509.03,298.96,UPI,Regular
SAL20250063900,2025-07-03,STR036,PRD00672,3,4427.9,0.0,13283.7,9041.52,Debit Card,Premium
SAL20250063901,2025-07-07,STR027,PRD00744,1,4365.48,0.0,4365.48,2879.4,Debit Card,Premium
SAL20250063902,2025-07-19,STR020,PRD01144,1,2397.7,0.0,2397.7,1426.02,Debit Card,Walk-in
SAL20250063903,2025-07-12,STR038,PRD00739,3,2279.96,0.05,6497.89,4624.26,UPI,Regular
SAL20250063904,2025-07-10,STR018,PRD01090,1,4828.9,0.0,4828.9,3064.56,Cash,Walk-in
SAL20250063905,2025-07-27,STR017,PRD00920,2,2715.99,0.0,5431.98,3068.92,Debit Card,Walk-in
SAL20250063906,2025-07-12,STR008,PRD00456,1,215.04,0.0,215.04,169.99,UPI,Regular
SAL20250063907,2025-07-06,STR035,PRD00783,1,2295.14,0.1,2065.63,1443.25,Credit Card,Walk-in
SAL20250063908,2025-07-20,STR031,PRD00230,1,11424.91,0.0,11424.91,7835.88,UPI,Premium
SAL20250063909,2025-07-05,STR041,PRD00716,1,1780.84,0.0,1780.84,1007.46,Credit Card,Walk-in
SAL20250063910,2025-07-11,STR040,PRD00462,4,271.55,0.0,1086.2,821.04,Cash,Walk-in
SAL20250063911,2025-07-14,STR017,PRD01090,1,4828.9,0.0,4828.9,3064.56,Credit Card,Walk-in
SAL20250063912,2025-07-28,STR020,PRD00282,1,705.96,0.0,705.96,470.23,UPI,Premium
SAL20250063913,2025-07-30,STR027,PRD00660,1,324.23,0.0,324.23,238.04,UPI,Walk-in
SAL20250063914,2025-07-04,STR003,PRD01197,2,2167.83,0.0,4335.66,2322.36,Net Banking,Regular
SAL20250063915,2025-07-14,STR030,PRD01090,1,4828.9,0.0,4828.9,3064.56,UPI,Walk-in
SAL20250063916,2025-07-25,STR022,PRD00379,3,660.61,0.05,1882.74,1381.98,Debit Card,Walk-in
SAL20250063917,2025-07-30,STR002,PRD00043,1,22998.01,0.0,22998.01,15302.97,Cash,Corporate
SAL20250063918,2025-07-05,STR003,PRD00873,1,687.87,0.0,687.87,491.45,Cash,Regular
SAL20250063919,2025-07-25,STR027,PRD00652,4,210.65,0.0,842.6,548.0,UPI,Corporate
SAL20250063920,2025-07-08,STR023,PRD00624,3,124.7,0.0,374.1,261.24,UPI,Premium
SAL20250063921,2025-07-04,STR027,PRD00794,1,5386.59,0.0,5386.59,3160.43,UPI,Premium
SAL20250063922,2025-07-27,STR024,PRD00730,1,3497.66,0.0,3497.66,2580.93,Credit Card,Regular
SAL20250063923,2025-07-21,STR020,PRD00694,1,3202.51,0.0,3202.51,2319.01,UPI,Premium
SAL20250063924,2025-07-21,STR024,PRD00818,2,2330.04,0.0,4660.08,3338.28,UPI,Walk-in
SAL20250063925,2025-07-12,STR006,PRD00193,2,5766.86,0.1,10380.35,8382.96,Credit Card,Walk-in
SAL20250063926,2025-07-25,STR034,PRD01062,1,925.26,0.05,879.0,543.06,Credit Card,Regular
SAL20250063927,2025-07-11,STR013,PRD01157,1,8076.82,0.05,7672.98,4265.41,UPI,Regular
SAL20250063928,2025-07-19,STR024,PRD00910,1,2302.88,0.0,2302.88,1579.69,Credit Card,Walk-in
SAL20250063929,2025-07-02,STR021,PRD00256,1,13048.37,0.0,13048.37,8107.05,UPI,Walk-in
SAL20250063930,2025-07-15,STR015,PRD00628,2,365.09,0.0,730.18,421.62,UPI,Regular
SAL20250063931,2025-07-28,STR035,PRD00550,2,639.85,0.0,1279.7,729.84,UPI,Regular
SAL20250063932,2025-07-22,STR002,PRD00633,2,365.95,0.0,731.9,425.8,Debit Card,Walk-in
SAL20250063933,2025-07-10,STR034,PRD00696,2,1599.77,0.0,3199.54,2160.04,Debit Card,Walk-in
SAL20250063934,2025-07-09,STR038,PRD00139,1,2949.49,0.0,2949.49,1812.36,UPI,Walk-in
SAL20250063935,2025-07-23,STR040,PRD00289,1,1047.34,0.05,994.97,607.0,Credit Card,Walk-in
SAL20250063936,2025-07-08,STR015,PRD00470,4,416.77,0.0,1667.08,1300.44,UPI,Regular
SAL20250063937,2025-07-26,STR003,PRD00250,1,3877.74,0.0,3877.74,2737.07,Cash,Regular
SAL20250063938,2025-07-24,STR023,PRD00367,4,450.03,0.0,1800.12,987.12,Debit Card,Walk-in
SAL20250063939,2025-07-30,STR013,PRD00993,1,168.95,0.0,168.95,86.92,Credit Card,Regular
SAL20250063940,2025-07-20,STR041,PRD00073,1,23649.92,0.0,23649.92,17123.4,UPI,Walk-in
SAL20250063941,2025-07-15,STR020,PRD00959,2,664.61,0.1,1196.3,805.38,Credit Card,Regular
SAL20250063942,2025-07-23,STR032,PRD00350,2,1107.22,0.1,1993.0,1471.24,Credit Card,Walk-in
SAL20250063943,2025-07-25,STR023,PRD01183,1,7827.71,0.0,7827.71,3332.0,Net Banking,Regular
SAL20250063944,2025-07-21,STR021,PRD00601,1,50.1,0.0,50.1,30.82,UPI,Walk-in
SAL20250063945,2025-07-01,STR006,PRD00201,2,2838.89,0.05,5393.89,3779.18,Cash,Regular
SAL20250063946,2025-07-25,STR022,PRD00352,2,930.67,0.0,1861.34,1193.8,Cash,Regular
SAL20250063947,2025-07-18,STR006,PRD00696,3,1599.77,0.0,4799.31,3240.06,Cash,Walk-in
SAL20250063948,2025-07-14,STR035,PRD00452,3,1046.75,0.0,3140.25,2638.95,UPI,Regular
SAL20250063949,2025-07-16,STR027,PRD00611,1,51.03,0.0,51.03,37.81,UPI,Corporate
SAL20250063950,2025-07-26,STR039,PRD00031,1,18632.2,0.0,18632.2,13903.81,UPI,Walk-in
SAL20250063951,2025-07-10,STR038,PRD00992,3,439.67,0.0,1319.01,672.51,UPI,Walk-in
SAL20250063952,2025-07-05,STR029,PRD00882,2,3706.7,0.0,7413.4,4375.86,Cash,Walk-in
SAL20250063953,2025-07-17,STR004,PRD00387,1,446.12,0.0,446.12,248.3,Credit Card,Regular
SAL20250063954,2025-07-11,STR038,PRD00479,3,303.49,0.0,910.47,766.83,UPI,Regular
SAL20250063955,2025-07-10,STR041,PRD01016,2,253.56,0.0,507.12,322.8,UPI,Walk-in
SAL20250063956,2025-07-10,STR025,PRD00514,10,1177.91,0.0,11779.1,9143.3,Cash,Regular
SAL20250063957,2025-07-11,STR013,PRD01180,1,9129.62,0.0,9129.62,4243.81,Debit Card,Walk-in
SAL20250063958,2025-07-07,STR011,PRD00280,1,605.7,0.05,575.41,311.37,Debit Card,Regular
SAL20250063959,2025-07-25,STR032,PRD00718,2,2341.08,0.0,4682.16,3351.98,Credit Card,Walk-in
SAL20250063960,2025-07-31,STR033,PRD00729,3,3595.95,0.0,10787.85,7673.16,Cash,Walk-in
SAL20250063961,2025-07-25,STR026,PRD00343,2,244.94,0.0,489.88,260.82,Debit Card,Regular
SAL20250063962,2025-07-22,STR040,PRD00281,1,679.79,0.05,645.8,393.52,UPI,Regular
SAL20250063963,2025-07-18,STR030,PRD01076,2,4373.35,0.0,8746.7,5191.1,UPI,Walk-in
SAL20250063964,2025-07-23,STR008,PRD00132,1,22943.8,0.0,22943.8,17725.67,UPI,Walk-in
SAL20250063965,2025-07-24,STR030,PRD01073,2,4074.99,0.0,8149.98,4880.9,UPI,Walk-in
SAL20250063966,2025-07-15,STR021,PRD01167,1,1364.58,0.0,1364.58,835.66,UPI,Walk-in
SAL20250063967,2025-07-11,STR017,PRD00865,1,2254.56,0.0,2254.56,1423.93,UPI,Regular
SAL20250063968,2025-07-10,STR005,PRD00561,2,111.53,0.0,223.06,150.98,UPI,Regular
SAL20250063969,2025-07-19,STR028,PRD00022,1,22149.39,0.0,22149.39,16337.37,UPI,Premium
SAL20250063970,2025-07-10,STR038,PRD00307,3,743.28,0.0,2229.84,1448.46,UPI,Walk-in
SAL20250063971,2025-07-11,STR036,PRD01020,4,560.55,0.05,2130.09,1447.88,UPI,Premium
SAL20250063972,2025-07-10,STR005,PRD00128,1,13672.72,0.05,12989.08,8963.81,UPI,Walk-in
SAL20250063973,2025-07-17,STR037,PRD00665,2,157.57,0.0,315.14,206.28,UPI,Regular
SAL20250063974,2025-07-27,STR008,PRD00704,2,1185.8,0.0,2371.6,1414.28,Credit Card,Walk-in
SAL20250063975,2025-07-12,STR004,PRD00753,1,4495.87,0.1,4046.28,2621.72,UPI,Walk-in
SAL20250063976,2025-07-17,STR015,PRD00269,4,151.87,0.0,607.48,399.28,Cash,Premium
SAL20250063977,2025-07-19,STR014,PRD00092,1,6575.52,0.0,6575.52,4677.68,UPI,Regular
SAL20250063978,2025-07-24,STR037,PRD00693,1,2512.22,0.0,2512.22,1671.42,Debit Card,Regular
SAL20250063979,2025-07-29,STR018,PRD00261,1,8333.44,0.0,8333.44,5118.51,UPI,Premium
SAL20250063980,2025-07-24,STR038,PRD00950,2,184.59,0.0,369.18,254.62,Credit Card,Regular
SAL20250063981,2025-07-01,STR009,PRD01080,1,1721.88,0.05,1635.79,771.73,Debit Card,Regular
SAL20250063982,2025-07-25,STR007,PRD01042,2,143.52,0.05,272.69,189.38,UPI,Regular
SAL20250063983,2025-07-11,STR013,PRD00422,1,218.73,0.0,218.73,166.93,UPI,Regular
SAL20250063984,2025-07-13,STR012,PRD00744,2,4365.48,0.0,8730.96,5758.8,Debit Card,Walk-in
SAL20250063985,2025-07-21,STR012,PRD00695,1,2280.88,0.0,2280.88,1276.46,Debit Card,Corporate
SAL20250063986,2025-07-16,STR014,PRD00722,1,2039.88,0.0,2039.88,1170.85,Cash,Corporate
SAL20250063987,2025-07-16,STR037,PRD00068,1,10777.06,0.0,10777.06,8694.54,UPI,Walk-in
SAL20250063988,2025-07-22,STR029,PRD01116,1,792.37,0.0,792.37,396.32,Credit Card,Premium
SAL20250063989,2025-07-19,STR032,PRD00589,1,435.23,0.0,435.23,254.04,Credit Card,Corporate
SAL20250063990,2025-07-05,STR041,PRD00593,3,596.07,0.05,1698.8,1157.52,Net Banking,Regular
SAL20250063991,2025-07-01,STR009,PRD01047,1,844.86,0.1,760.37,483.38,Debit Card,Walk-in
SAL20250063992,2025-07-11,STR019,PRD00808,1,2998.33,0.0,2998.33,1813.97,Debit Card,Premium
SAL20250063993,2025-07-11,STR033,PRD00634,2,509.03,0.1,916.25,597.92,Debit Card,Walk-in
SAL20250063994,2025-07-02,STR023,PRD00463,1,933.21,0.0,933.21,747.47,UPI,Walk-in
SAL20250063995,2025-07-29,STR015,PRD00145,2,2570.9,0.0,5141.8,3375.62,UPI,Premium
SAL20250063996,2025-07-30,STR026,PRD01088,3,4543.5,0.0,13630.5,5977.65,UPI,Walk-in
SAL20250063997,2025-07-24,STR018,PRD00117,1,5653.79,0.0,5653.79,4053.02,UPI,Premium
SAL20250063998,2025-07-16,STR008,PRD00615,1,478.74,0.0,478.74,339.34,Debit Card,Premium
SAL20250063999,2025-07-23,STR035,PRD00657,1,272.71,0.05,259.07,160.84,UPI,Walk-in
SAL20250064000,2025-07-27,STR014,PRD00780,1,1384.22,0.0,1384.22,888.86,UPI,Regular
SAL20250064001,2025-07-09,STR020,PRD00551,3,585.58,0.0,1756.74,1291.71,Credit Card,Walk-in
SAL20250064002,2025-07-20,STR001,PRD00097,1,19452.93,0.05,18480.28,14437.86,Debit Card,Walk-in
SAL20250064003,2025-07-13,STR022,PRD00062,1,21073.23,0.0,21073.23,13798.59,Credit Card,Walk-in
SAL20250064004,2025-07-21,STR005,PRD01187,1,5464.91,0.0,5464.91,3354.99,Debit Card,Premium
SAL20250064005,2025-07-15,STR011,PRD00439,2,122.61,0.0,245.22,191.22,UPI,Premium
SAL20250064006,2025-07-10,STR030,PRD00139,1,2949.49,0.0,2949.49,1812.36,UPI,Walk-in
SAL20250064007,2025-07-16,STR004,PRD00046,1,12754.14,0.0,12754.14,8397.4,Cash,Regular
SAL20250064008,2025-07-10,STR004,PRD00443,1,206.94,0.0,206.94,167.06,UPI,Regular
SAL20250064009,2025-07-16,STR036,PRD01073,1,4074.99,0.0,4074.99,2440.45,Credit Card,Walk-in
SAL20250064010,2025-07-08,STR008,PRD00909,1,1266.46,0.0,1266.46,869.48,Credit Card,Walk-in
SAL20250064011,2025-07-09,STR016,PRD00825,1,2419.3,0.0,2419.3,1402.49,UPI,Regular
SAL20250064012,2025-07-24,STR020,PRD00431,10,614.87,0.1,5533.83,5212.0,Credit Card,Premium
SAL20250064013,2025-07-16,STR002,PRD00863,1,1338.83,0.05,1271.89,745.06,UPI,Regular
SAL20250064014,2025-07-19,STR027,PRD00424,2,428.73,0.0,857.46,754.48,UPI,Regular
SAL20250064015,2025-07-10,STR019,PRD01099,2,4242.7,0.0,8485.4,5443.7,UPI,Regular
SAL20250064016,2025-07-28,STR021,PRD00443,1,206.94,0.1,186.25,167.06,Cash,Premium
SAL20250064017,2025-07-05,STR012,PRD00348,1,1231.54,0.0,1231.54,694.06,UPI,Walk-in
SAL20250064018,2025-07-22,STR019,PRD00381,3,931.15,0.0,2793.45,1593.84,Cash,Regular
SAL20250064019,2025-07-08,STR035,PRD00711,2,1868.86,0.0,3737.72,2711.36,UPI,Walk-in
SAL20250064020,2025-07-10,STR009,PRD00901,3,3120.68,0.0,9362.04,6214.71,UPI,Regular
SAL20250064021,2025-07-28,STR025,PRD00232,1,6785.18,0.0,6785.18,4843.37,Cash,Premium
SAL20250064022,2025-07-04,STR033,PRD00632,2,758.72,0.0,1517.44,860.12,UPI,Regular
SAL20250064023,2025-07-16,STR024,PRD00190,1,12169.57,0.05,11561.09,7955.32,Cash,Walk-in
SAL20250064024,2025-07-27,STR021,PRD00970,1,370.51,0.0,370.51,239.77,Credit Card,Regular
SAL20250064025,2025-07-21,STR012,PRD00113,1,16350.49,0.0,16350.49,11876.29,Debit Card,Regular
SAL20250064026,2025-07-22,STR018,PRD01134,1,5914.46,0.0,5914.46,2929.32,Credit Card,Walk-in
SAL20250064027,2025-07-26,STR038,PRD00320,3,273.23,0.0,819.69,449.97,UPI,Regular
SAL20250064028,2025-07-04,STR021,PRD00694,1,3202.51,0.0,3202.51,2319.01,Debit Card,Walk-in
SAL20250064029,2025-07-14,STR032,PRD00377,1,1177.54,0.0,1177.54,822.72,UPI,Walk-in
SAL20250064030,2025-07-28,STR001,PRD01090,2,4828.9,0.05,9174.91,6129.12,Debit Card,Regular
SAL20250064031,2025-07-26,STR011,PRD00826,1,174.23,0.0,174.23,120.2,Cash,Walk-in
SAL20250064032,2025-07-27,STR001,PRD00452,1,1046.75,0.0,1046.75,879.65,Credit Card,Regular
SAL20250064033,2025-07-11,STR023,PRD00107,1,4985.79,0.0,4985.79,3483.71,Credit Card,Walk-in
SAL20250064034,2025-07-29,STR030,PRD00188,1,6172.58,0.0,6172.58,4027.57,UPI,Walk-in
SAL20250064035,2025-07-04,STR019,PRD00883,1,2575.75,0.0,2575.75,1437.48,UPI,Regular
SAL20250064036,2025-07-09,STR035,PRD00637,3,299.32,0.1,808.16,640.8,Debit Card,Regular
SAL20250064037,2025-07-18,STR033,PRD00199,1,1863.27,0.0,1863.27,1335.3,UPI,Regular
SAL20250064038,2025-07-24,STR006,PRD00720,1,3749.56,0.0,3749.56,2104.95,Cash,Regular
SAL20250064039,2025-07-25,STR003,PRD00961,4,294.28,0.0,1177.12,634.12,UPI,Regular
SAL20250064040,2025-07-25,STR010,PRD00096,1,1587.91,0.0,1587.91,1154.69,UPI,Walk-in
SAL20250064041,2025-07-10,STR034,PRD00593,2,596.07,0.0,1192.14,771.68,UPI,Regular
SAL20250064042,2025-07-20,STR036,PRD00845,1,2226.26,0.0,2226.26,1523.41,Credit Card,Walk-in
SAL20250064043,2025-07-26,STR013,PRD00349,2,152.26,0.0,304.52,167.74,Credit Card,Regular
SAL20250064044,2025-07-15,STR041,PRD01066,2,424.4,0.0,848.8,505.98,Debit Card,Corporate
SAL20250064045,2025-07-16,STR006,PRD01087,4,7006.0,0.0,28024.0,13678.88,Credit Card,Regular
SAL20250064046,2025-07-15,STR029,PRD00659,1,294.97,0.0,294.97,218.84,Cash,Regular
SAL20250064047,2025-07-24,STR010,PRD00412,3,576.41,0.0,1729.23,1364.25,Cash,Regular
SAL20250064048,2025-07-22,STR037,PRD00409,4,950.85,0.1,3423.06,2952.44,Credit Card,Regular
SAL20250064049,2025-07-07,STR006,PRD00424,4,428.73,0.0,1714.92,1508.96,UPI,Regular
SAL20250064050,2025-07-14,STR006,PRD00667,1,129.77,0.0,129.77,91.05,Debit Card,Regular
SAL20250064051,2025-07-26,STR034,PRD00575,3,90.77,0.0,272.31,201.24,UPI,Regular
SAL20250064052,2025-07-19,STR021,PRD00016,2,12816.4,0.0,25632.8,18867.14,UPI,Regular
SAL20250064053,2025-07-03,STR007,PRD01067,2,922.58,0.1,1660.64,1129.68,Credit Card,Corporate
SAL20250064054,2025-07-15,STR002,PRD00049,1,4540.51,0.05,4313.48,3028.11,Debit Card,Regular
SAL20250064055,2025-07-04,STR025,PRD00271,1,660.1,0.0,660.1,418.6,UPI,Regular
SAL20250064056,2025-07-26,STR027,PRD00391,1,716.46,0.0,716.46,347.41,Debit Card,Regular
SAL20250064057,2025-07-06,STR022,PRD00256,1,13048.37,0.0,13048.37,8107.05,Credit Card,Walk-in
SAL20250064058,2025-07-22,STR003,PRD00627,1,670.0,0.0,670.0,403.71,Credit Card,Regular
SAL20250064059,2025-07-03,STR031,PRD00352,3,930.67,0.1,2512.81,1790.7,Cash,Regular
SAL20250064060,2025-07-14,STR016,PRD00969,1,147.34,0.1,132.61,76.24,Net Banking,Premium
SAL20250064061,2025-07-04,STR019,PRD01147,3,6760.77,0.0,20282.31,11589.84,Debit Card,Regular
SAL20250064062,2025-07-08,STR001,PRD00477,4,121.21,0.0,484.84,390.64,UPI,Regular
SAL20250064063,2025-07-27,STR037,PRD00104,2,21587.41,0.1,38857.34,35165.66,Credit Card,Walk-in
SAL20250064064,2025-07-16,STR002,PRD00040,1,26675.54,0.0,26675.54,17487.01,Debit Card,Regular
SAL20250064065,2025-07-25,STR003,PRD00028,1,4027.15,0.05,3825.79,2641.37,Debit Card,Walk-in
SAL20250064066,2025-07-27,STR020,PRD00968,1,316.7,0.05,300.86,158.76,Net Banking,Walk-in
SAL20250064067,2025-07-15,STR007,PRD00274,1,920.1,0.0,920.1,425.76,UPI,Walk-in
SAL20250064068,2025-07-11,STR033,PRD00631,1,725.12,0.0,725.12,419.46,UPI,Premium
SAL20250064069,2025-07-15,STR036,PRD00974,4,202.7,0.0,810.8,427.04,Cash,Premium
SAL20250064070,2025-07-11,STR005,PRD00710,1,4042.5,0.1,3638.25,2223.99,Credit Card,Walk-in
SAL20250064071,2025-07-13,STR014,PRD00013,1,17378.5,0.0,17378.5,12862.09,Credit Card,Premium
SAL20250064072,2025-07-29,STR016,PRD00231,1,9171.94,0.0,9171.94,6705.09,UPI,Walk-in
SAL20250064073,2025-07-29,STR015,PRD00609,1,338.3,0.0,338.3,202.03,UPI,Regular
SAL20250064074,2025-07-24,STR025,PRD01125,1,3015.8,0.0,3015.8,1423.43,UPI,Regular
SAL20250064075,2025-07-26,STR039,PRD00119,1,21410.34,0.05,20339.82,16034.57,UPI,Walk-in
SAL20250064076,2025-07-01,STR037,PRD00279,2,704.62,0.0,1409.24,891.84,Credit Card,Regular
SAL20250064077,2025-07-25,STR039,PRD01172,1,1132.5,0.0,1132.5,578.06,UPI,Walk-in
SAL20250064078,2025-07-18,STR029,PRD00936,2,964.58,0.0,1929.16,1241.06,Credit Card,Walk-in
SAL20250064079,2025-07-06,STR005,PRD01019,2,948.07,0.0,1896.14,979.5,Cash,Corporate
SAL20250064080,2025-07-23,STR007,PRD00134,1,19404.79,0.0,19404.79,14953.78,Credit Card,Regular
SAL20250064081,2025-07-28,STR009,PRD01174,1,4967.43,0.0,4967.43,2664.97,Credit Card,Regular
SAL20250064082,2025-07-24,STR037,PRD00515,1,551.51,0.0,551.51,473.21,Credit Card,Regular
SAL20250064083,2025-07-08,STR008,PRD01069,1,2127.71,0.0,2127.71,1083.85,Credit Card,Regular
SAL20250064084,2025-07-28,STR013,PRD00165,1,10264.9,0.0,10264.9,6671.83,Credit Card,Walk-in
SAL20250064085,2025-07-30,STR022,PRD00417,4,788.29,0.0,3153.16,2646.84,UPI,Corporate
SAL20250064086,2025-07-05,STR024,PRD00374,1,1242.75,0.0,1242.75,738.33,Credit Card,Regular
SAL20250064087,2025-07-21,STR024,PRD00209,1,4015.2,0.0,4015.2,2717.92,Cash,Regular
SAL20250064088,2025-07-29,STR009,PRD00140,1,6378.06,0.0,6378.06,4851.7,UPI,Regular
SAL20250064089,2025-07-15,STR004,PRD00692,3,1997.13,0.0,5991.39,4337.7,UPI,Premium
SAL20250064090,2025-07-15,STR007,PRD00636,10,685.82,0.0,6858.2,4524.4,Cash,Regular
SAL20250064091,2025-07-14,STR006,PRD01066,1,424.4,0.0,424.4,252.99,Credit Card,Regular
SAL20250064092,2025-07-11,STR038,PRD01046,4,946.12,0.0,3784.48,2105.16,UPI,Regular
SAL20250064093,2025-07-12,STR024,PRD00830,3,1783.32,0.0,5349.96,3269.34,UPI,Walk-in
SAL20250064094,2025-07-19,STR009,PRD01195,2,6990.3,0.05,13281.57,6796.46,UPI,Walk-in
SAL20250064095,2025-07-02,STR032,PRD01026,2,512.0,0.05,972.8,683.9,Credit Card,Regular
SAL20250064096,2025-07-28,STR005,PRD00790,1,1379.35,0.0,1379.35,902.72,Cash,Walk-in
SAL20250064097,2025-07-10,STR037,PRD00151,1,5709.55,0.0,5709.55,3733.65,UPI,Regular
SAL20250064098,2025-07-25,STR006,PRD00257,1,3131.42,0.05,2974.85,2145.77,UPI,Regular
SAL20250064099,2025-07-24,STR013,PRD01154,1,1216.46,0.0,1216.46,611.46,UPI,Regular
SAL20250064100,2025-07-05,STR003,PRD00138,1,3460.02,0.0,3460.02,2661.97,UPI,Regular
SAL20250064101,2025-07-21,STR014,PRD00504,1,1118.52,0.0,1118.52,934.24,Cash,Regular
SAL20250064102,2025-07-15,STR009,PRD00239,1,6180.81,0.0,6180.81,4556.06,Debit Card,Premium
SAL20250064103,2025-07-23,STR018,PRD01112,4,3077.42,0.0,12309.68,6232.76,Debit Card,Regular
SAL20250064104,2025-07-03,STR033,PRD00448,1,612.68,0.0,612.68,518.56,Net Banking,Regular
SAL20250064105,2025-07-21,STR020,PRD00199,1,1863.27,0.0,1863.27,1335.3,UPI,Regular
SAL20250064106,2025-07-16,STR020,PRD00296,1,250.04,0.0,250.04,121.63,Credit Card,Premium
SAL20250064107,2025-07-04,STR035,PRD00747,1,1306.66,0.0,1306.66,960.16,Cash,Walk-in
SAL20250064108,2025-07-24,STR032,PRD00150,1,1288.03,0.0,1288.03,897.46,UPI,Premium
SAL20250064109,2025-07-31,STR011,PRD00813,2,3086.68,0.1,5556.02,4018.82,UPI,Regular
SAL20250064110,2025-07-20,STR020,PRD00851,1,2659.29,0.0,2659.29,1927.39,Credit Card,Regular
SAL20250064111,2025-07-08,STR024,PRD00243,1,1936.68,0.0,1936.68,1385.71,Debit Card,Walk-in
SAL20250064112,2025-07-20,STR019,PRD00444,1,347.0,0.0,347.0,285.96,UPI,Walk-in
SAL20250064113,2025-07-10,STR020,PRD00975,1,912.31,0.0,912.31,598.5,Credit Card,Walk-in
SAL20250064114,2025-07-22,STR001,PRD00750,1,3884.81,0.0,3884.81,2144.98,Cash,Walk-in
SAL20250064115,2025-07-13,STR036,PRD00961,1,294.28,0.0,294.28,158.53,UPI,Regular
SAL20250064116,2025-07-28,STR033,PRD00525,1,76.55,0.0,76.55,66.45,UPI,Regular
SAL20250064117,2025-07-14,STR018,PRD00373,1,159.48,0.05,151.51,85.54,Credit Card,Corporate
SAL20250064118,2025-07-23,STR004,PRD00438,3,638.02,0.0,1914.06,1460.67,UPI,Regular
SAL20250064119,2025-07-11,STR020,PRD00525,2,76.55,0.0,153.1,132.9,Debit Card,Walk-in
SAL20250064120,2025-07-05,STR005,PRD00939,2,463.84,0.0,927.68,484.68,UPI,Regular
SAL20250064121,2025-07-08,STR003,PRD01174,1,4967.43,0.0,4967.43,2664.97,UPI,Walk-in
SAL20250064122,2025-07-14,STR015,PRD00392,2,436.74,0.0,873.48,484.56,Debit Card,Walk-in
SAL20250064123,2025-07-30,STR025,PRD00681,1,4114.63,0.0,4114.63,2696.18,Net Banking,Walk-in
SAL20250064124,2025-07-25,STR033,PRD00295,1,1024.45,0.1,922.01,568.49,UPI,Regular
SAL20250064125,2025-07-11,STR032,PRD00898,2,3032.43,0.1,5458.37,3668.4,Debit Card,Premium
SAL20250064126,2025-07-01,STR011,PRD00708,1,2849.79,0.0,2849.79,1883.15,Cash,Walk-in
SAL20250064127,2025-07-10,STR018,PRD00144,2,7333.73,0.0,14667.46,9928.14,UPI,Walk-in
SAL20250064128,2025-07-29,STR038,PRD00907,1,1536.02,0.0,1536.02,976.87,UPI,Walk-in
SAL20250064129,2025-07-30,STR018,PRD00619,1,215.37,0.0,215.37,139.33,UPI,Regular
SAL20250064130,2025-07-09,STR024,PRD00283,1,917.06,0.0,917.06,431.47,Net Banking,Regular
SAL20250064131,2025-07-27,STR036,PRD00413,2,347.68,0.0,695.36,600.62,Cash,Regular
SAL20250064132,2025-07-24,STR012,PRD00411,2,779.25,0.0,1558.5,1263.7,UPI,Regular
SAL20250064133,2025-07-28,STR008,PRD00133,1,10102.94,0.05,9597.79,6680.78,UPI,Regular
SAL20250064134,2025-07-01,STR016,PRD00891,1,506.36,0.0,506.36,373.69,Debit Card,Regular
SAL20250064135,2025-07-11,STR036,PRD00369,1,1020.79,0.0,1020.79,482.49,Credit Card,Regular
SAL20250064136,2025-07-10,STR021,PRD00120,1,22170.49,0.0,22170.49,16305.22,Credit Card,Premium
SAL20250064137,2025-07-08,STR017,PRD01121,2,2103.52,0.0,4207.04,1949.16,Credit Card,Regular
SAL20250064138,2025-07-24,STR039,PRD00237,1,9971.54,0.0,9971.54,6463.12,Credit Card,Walk-in
SAL20250064139,2025-07-07,STR003,PRD00788,1,3329.23,0.1,2996.31,2105.2,Debit Card,Regular
SAL20250064140,2025-07-29,STR034,PRD01130,1,3164.31,0.0,3164.31,1889.64,Cash,Premium
SAL20250064141,2025-07-05,STR034,PRD00216,1,11614.64,0.0,11614.64,7226.78,Credit Card,Regular
SAL20250064142,2025-07-04,STR021,PRD00968,1,316.7,0.0,316.7,158.76,UPI,Regular
SAL20250064143,2025-07-12,STR013,PRD00922,1,953.09,0.0,953.09,628.16,Debit Card,Walk-in
SAL20250064144,2025-07-18,STR004,PRD00580,2,372.59,0.05,707.92,422.6,Credit Card,Regular
SAL20250064145,2025-07-16,STR020,PRD00854,4,2355.83,0.0,9423.32,5871.72,Net Banking,Premium
SAL20250064146,2025-07-05,STR017,PRD00668,3,302.1,0.0,906.3,649.62,UPI,Walk-in
SAL20250064147,2025-07-31,STR004,PRD01192,2,7158.24,0.0,14316.48,8131.96,Debit Card,Walk-in
SAL20250064148,2025-07-14,STR041,PRD01071,2,5607.68,0.0,11215.36,6824.0,UPI,Regular
SAL20250064149,2025-07-19,STR015,PRD00452,3,1046.75,0.0,3140.25,2638.95,UPI,Walk-in
SAL20250064150,2025-07-16,STR038,PRD00475,2,749.71,0.0,1499.42,1137.92,UPI,Regular
SAL20250064151,2025-07-13,STR012,PRD00192,1,3362.18,0.0,3362.18,2170.51,UPI,Premium
SAL20250064152,2025-07-28,STR021,PRD00233,1,9134.67,0.0,9134.67,7104.84,Cash,Regular
SAL20250064153,2025-07-10,STR031,PRD00242,1,3336.56,0.0,3336.56,2557.66,UPI,Regular
SAL20250064154,2025-07-14,STR037,PRD00274,1,920.1,0.0,920.1,425.76,Net Banking,Regular
SAL20250064155,2025-07-08,STR032,PRD01144,1,2397.7,0.1,2157.93,1426.02,Net Banking,Walk-in
SAL20250064156,2025-07-23,STR004,PRD01101,1,4929.57,0.05,4683.09,2668.17,Credit Card,Walk-in
SAL20250064157,2025-07-21,STR035,PRD00944,1,197.23,0.0,197.23,127.82,Credit Card,Walk-in
SAL20250064158,2025-07-31,STR018,PRD00616,1,565.82,0.0,565.82,314.13,UPI,Regular
SAL20250064159,2025-07-24,STR028,PRD00852,1,1751.61,0.0,1751.61,1214.84,Cash,Regular
SAL20250064160,2025-07-02,STR020,PRD00663,1,109.46,0.0,109.46,62.9,UPI,Regular
SAL20250064161,2025-07-19,STR034,PRD00306,3,1349.3,0.0,4047.9,2315.82,UPI,Regular
SAL20250064162,2025-07-11,STR036,PRD00645,2,456.66,0.0,913.32,660.84,UPI,Regular
SAL20250064163,2025-07-14,STR023,PRD00517,1,252.82,0.1,227.54,203.03,UPI,Regular
SAL20250064164,2025-07-17,STR039,PRD00331,2,133.4,0.0,266.8,179.66,Debit Card,Walk-in
SAL20250064165,2025-07-15,STR036,PRD00594,4,129.17,0.0,516.68,325.32,Debit Card,Regular
SAL20250064166,2025-07-09,STR004,PRD00439,1,122.61,0.0,122.61,95.61,Debit Card,Walk-in
SAL20250064167,2025-07-04,STR028,PRD00686,1,3692.38,0.0,3692.38,2113.83,Credit Card,Regular
SAL20250064168,2025-07-24,STR020,PRD00612,6,287.57,0.05,1639.15,1274.58,UPI,Premium
SAL20250064169,2025-07-16,STR037,PRD00551,1,585.58,0.0,585.58,430.57,UPI,Premium
SAL20250064170,2025-07-06,STR016,PRD00825,1,2419.3,0.0,2419.3,1402.49,UPI,Walk-in
SAL20250064171,2025-07-25,STR030,PRD00024,2,23723.95,0.1,42703.11,31000.48,UPI,Regular
SAL20250064172,2025-07-28,STR025,PRD00380,1,304.64,0.0,304.64,210.5,UPI,Walk-in
SAL20250064173,2025-07-15,STR021,PRD00928,1,2503.87,0.0,2503.87,1812.53,Debit Card,Regular
SAL20250064174,2025-07-08,STR018,PRD00404,1,695.46,0.0,695.46,604.38,Debit Card,Premium
SAL20250064175,2025-07-15,STR013,PRD00697,1,1377.61,0.1,1239.85,807.52,Cash,Regular
SAL20250064176,2025-07-31,STR035,PRD00182,1,1682.57,0.05,1598.44,1144.55,Credit Card,Regular
SAL20250064177,2025-07-02,STR027,PRD00692,1,1997.13,0.0,1997.13,1445.9,UPI,Premium
SAL20250064178,2025-07-23,STR025,PRD00857,2,3027.87,0.0,6055.74,4321.68,Credit Card,Regular
SAL20250064179,2025-07-17,STR025,PRD00280,3,605.7,0.1,1635.39,934.11,UPI,Corporate
SAL20250064180,2025-07-21,STR024,PRD00915,2,703.59,0.05,1336.82,926.3,UPI,Regular
SAL20250064181,2025-07-28,STR025,PRD00643,3,345.09,0.0,1035.27,652.8,Credit Card,Walk-in
SAL20250064182,2025-07-09,STR018,PRD00557,1,210.61,0.0,210.61,134.43,Debit Card,Walk-in
SAL20250064183,2025-07-04,STR012,PRD00187,1,5314.8,0.0,5314.8,3364.43,UPI,Walk-in
SAL20250064184,2025-07-01,STR027,PRD01066,4,424.4,0.0,1697.6,1011.96,Debit Card,Regular
SAL20250064185,2025-07-06,STR026,PRD00699,1,2305.84,0.0,2305.84,1522.28,UPI,Regular
SAL20250064186,2025-07-19,STR002,PRD01174,1,4967.43,0.0,4967.43,2664.97,UPI,Regular
SAL20250064187,2025-07-03,STR025,PRD00398,1,358.79,0.0,358.79,173.35,Cash,Walk-in
SAL20250064188,2025-07-20,STR010,PRD00373,2,159.48,0.0,318.96,171.08,UPI,Premium
SAL20250064189,2025-07-04,STR030,PRD00429,4,725.58,0.0,2902.32,2200.04,UPI,Premium
SAL20250064190,2025-07-08,STR005,PRD00770,4,1474.46,0.0,5897.84,4361.56,Debit Card,Walk-in
SAL20250064191,2025-07-13,STR014,PRD00720,1,3749.56,0.0,3749.56,2104.95,Credit Card,Premium
SAL20250064192,2025-07-17,STR039,PRD00264,1,4452.38,0.0,4452.38,3172.04,Net Banking,Walk-in
SAL20250064193,2025-07-22,STR001,PRD00225,1,9871.63,0.0,9871.63,6952.04,Net Banking,Regular
SAL20250064194,2025-07-09,STR018,PRD00760,1,4801.08,0.0,4801.08,3172.81,UPI,Walk-in
SAL20250064195,2025-07-28,STR036,PRD00296,2,250.04,0.0,500.08,243.26,UPI,Regular
SAL20250064196,2025-07-15,STR038,PRD00434,2,648.17,0.1,1166.71,1077.58,Debit Card,Walk-in
SAL20250064197,2025-07-05,STR007,PRD00385,2,460.87,0.0,921.74,557.04,Credit Card,Regular
SAL20250064198,2025-07-21,STR019,PRD01155,1,7374.97,0.0,7374.97,3660.91,UPI,Regular
SAL20250064199,2025-07-23,STR012,PRD00994,2,1224.56,0.0,2449.12,1266.38,UPI,Regular
SAL20250064200,2025-07-11,STR016,PRD01162,1,3657.07,0.0,3657.07,2017.29,Credit Card,Walk-in
SAL20250064201,2025-07-31,STR016,PRD00241,1,7381.55,0.0,7381.55,5583.94,Cash,Walk-in
SAL20250064202,2025-07-30,STR006,PRD00883,3,2575.75,0.0,7727.25,4312.44,UPI,Walk-in
SAL20250064203,2025-07-18,STR019,PRD00152,1,8357.62,0.0,8357.62,5421.82,UPI,Walk-in
SAL20250064204,2025-07-29,STR010,PRD00591,1,500.81,0.0,500.81,363.73,Net Banking,Walk-in
SAL20250064205,2025-07-22,STR031,PRD00309,3,1344.75,0.0,4034.25,1911.45,Credit Card,Regular
SAL20250064206,2025-07-17,STR039,PRD00814,1,3265.17,0.0,3265.17,1889.37,Credit Card,Regular
SAL20250064207,2025-07-28,STR036,PRD01058,4,211.57,0.1,761.65,580.08,UPI,Walk-in
SAL20250064208,2025-07-07,STR041,PRD00002,1,1289.58,0.0,1289.58,870.9,Credit Card,Regular
SAL20250064209,2025-07-31,STR009,PRD00971,2,604.86,0.05,1149.23,613.34,UPI,Regular
SAL20250064210,2025-07-10,STR006,PRD00788,1,3329.23,0.0,3329.23,2105.2,Credit Card,Corporate
SAL20250064211,2025-07-23,STR009,PRD00725,1,2084.99,0.0,2084.99,1511.69,UPI,Regular
SAL20250064212,2025-07-26,STR021,PRD01153,1,5497.78,0.0,5497.78,2499.55,UPI,Corporate
SAL20250064213,2025-07-13,STR025,PRD00266,1,13058.2,0.05,12405.29,8085.89,Debit Card,Walk-in
SAL20250064214,2025-07-27,STR007,PRD00297,1,1248.97,0.0,1248.97,631.06,UPI,Walk-in
SAL20250064215,2025-07-11,STR018,PRD00967,1,44.43,0.0,44.43,28.54,UPI,Walk-in
SAL20250064216,2025-07-08,STR008,PRD01108,2,4924.79,0.0,9849.58,4579.0,Cash,Walk-in
SAL20250064217,2025-07-07,STR004,PRD00096,1,1587.91,0.05,1508.51,1154.69,Credit Card,Regular
SAL20250064218,2025-07-10,STR005,PRD00285,4,1499.26,0.05,5697.19,3075.04,Credit Card,Walk-in
SAL20250064219,2025-07-03,STR002,PRD00661,2,443.39,0.0,886.78,567.36,Net Banking,Corporate
SAL20250064220,2025-07-29,STR006,PRD00638,1,188.95,0.05,179.5,115.21,Credit Card,Walk-in
SAL20250064221,2025-07-25,STR033,PRD00970,2,370.51,0.0,741.02,479.54,UPI,Walk-in
SAL20250064222,2025-07-03,STR027,PRD00090,1,8184.6,0.0,8184.6,5556.86,UPI,Walk-in
SAL20250064223,2025-07-27,STR031,PRD00668,2,302.1,0.0,604.2,433.08,Credit Card,Walk-in
SAL20250064224,2025-07-27,STR030,PRD00581,4,310.86,0.0,1243.44,794.84,UPI,Regular
SAL20250064225,2025-07-14,STR010,PRD00320,1,273.23,0.0,273.23,149.99,UPI,Walk-in
SAL20250064226,2025-07-21,STR036,PRD01029,10,762.26,0.0,7622.6,5433.6,UPI,Regular
SAL20250064227,2025-07-13,STR012,PRD00389,1,1606.86,0.0,1606.86,739.96,UPI,Regular
SAL20250064228,2025-07-17,STR029,PRD01031,4,1036.47,0.0,4145.88,2093.48,UPI,Walk-in
SAL20250064229,2025-07-14,STR002,PRD00051,1,18906.15,0.0,18906.15,13812.18,Credit Card,Regular
SAL20250064230,2025-07-27,STR005,PRD00341,3,977.08,0.0,2931.24,1816.68,Credit Card,Regular
SAL20250064231,2025-07-05,STR029,PRD00120,1,22170.49,0.0,22170.49,16305.22,Credit Card,Regular
SAL20250064232,2025-07-14,STR037,PRD00216,2,11614.64,0.05,22067.82,14453.56,Credit Card,Regular
SAL20250064233,2025-07-27,STR013,PRD00341,4,977.08,0.05,3712.9,2422.24,UPI,Regular
SAL20250064234,2025-07-08,STR014,PRD00740,3,3926.7,0.0,11780.1,8526.93,UPI,Regular
SAL20250064235,2025-07-30,STR013,PRD00895,1,472.54,0.0,472.54,297.4,UPI,Walk-in
SAL20250064236,2025-07-24,STR039,PRD00608,3,314.95,0.0,944.85,702.42,UPI,Premium
SAL20250064237,2025-07-20,STR032,PRD00370,1,676.23,0.0,676.23,451.33,Debit Card,Walk-in
SAL20250064238,2025-07-01,STR026,PRD00601,3,50.1,0.0,150.3,92.46,Cash,Regular
SAL20250064239,2025-07-19,STR025,PRD00088,1,22406.29,0.0,22406.29,17527.4,UPI,Walk-in
SAL20250064240,2025-07-17,STR013,PRD00337,1,1047.01,0.0,1047.01,731.43,Debit Card,Walk-in
SAL20250064241,2025-07-08,STR001,PRD00319,1,746.89,0.0,746.89,463.81,UPI,Regular
SAL20250064242,2025-07-22,STR014,PRD00461,1,198.22,0.0,198.22,169.45,UPI,Walk-in
SAL20250064243,2025-07-20,STR038,PRD00525,1,76.55,0.0,76.55,66.45,UPI,Regular
SAL20250064244,2025-07-07,STR009,PRD00764,2,3332.71,0.0,6665.42,3672.22,UPI,Regular
SAL20250064245,2025-07-22,STR021,PRD00075,1,9132.03,0.0,9132.03,7042.59,Cash,Regular
SAL20250064246,2025-07-30,STR015,PRD00220,1,5859.46,0.0,5859.46,4561.44,UPI,Walk-in
SAL20250064247,2025-07-09,STR033,PRD01081,1,7442.0,0.05,7069.9,3523.33,UPI,Regular
SAL20250064248,2025-07-31,STR008,PRD00564,4,566.41,0.0,2265.64,1391.88,Credit Card,Walk-in
SAL20250064249,2025-07-21,STR009,PRD00885,1,1948.54,0.0,1948.54,1253.39,Credit Card,Premium
SAL20250064250,2025-07-31,STR007,PRD00316,2,924.22,0.05,1756.02,1179.04,UPI,Corporate
SAL20250064251,2025-07-16,STR031,PRD00436,1,630.05,0.1,567.04,507.7,Debit Card,Regular
SAL20250064252,2025-07-24,STR009,PRD00163,1,12710.38,0.0,12710.38,7712.99,Credit Card,Regular
SAL20250064253,2025-07-15,STR033,PRD00785,1,4604.98,0.0,4604.98,2754.83,Credit Card,Walk-in
SAL20250064254,2025-07-27,STR030,PRD00565,3,107.78,0.0,323.34,184.44,UPI,Walk-in
SAL20250064255,2025-07-11,STR023,PRD00714,2,1837.1,0.0,3674.2,2696.02,UPI,Regular
SAL20250064256,2025-07-22,STR001,PRD01122,1,6526.26,0.1,5873.63,3631.48,UPI,Walk-in
SAL20250064257,2025-07-18,STR022,PRD00193,1,5766.86,0.0,5766.86,4191.48,Debit Card,Premium
SAL20250064258,2025-07-25,STR029,PRD00579,6,398.71,0.0,2392.26,1753.02,Cash,Regular
SAL20250064259,2026-05-15,STR037,PRD00647,2,284.75,0.0,569.5,378.14,UPI,Walk-in
SAL20250064260,2025-07-03,STR037,PRD01118,1,5734.69,0.05,5447.96,3371.1,Credit Card,Premium
SAL20250064261,2025-07-29,STR030,PRD00696,1,1599.77,0.1,1439.79,1080.02,Credit Card,Walk-in
SAL20250064262,2025-07-11,STR006,PRD01127,1,730.99,0.05,694.44,319.39,Debit Card,Regular
SAL20250064263,2025-07-04,STR003,PRD00554,1,805.55,0.0,805.55,466.41,Credit Card,Walk-in
SAL20250064264,2025-07-30,STR009,PRD00174,1,698.44,0.05,663.52,523.24,Credit Card,Walk-in
SAL20250064265,2025-07-19,STR032,PRD00069,2,11744.39,0.1,21139.9,15402.68,Cash,Walk-in
SAL20250064266,2025-07-02,STR008,PRD00912,1,532.47,0.0,532.47,306.3,UPI,Walk-in
SAL20250064267,2025-07-25,STR033,PRD00195,1,4088.9,0.05,3884.45,3108.85,Credit Card,Walk-in
SAL20250064268,2025-07-31,STR018,PRD00708,1,2849.79,0.0,2849.79,1883.15,Debit Card,Walk-in
SAL20250064269,2025-07-31,STR008,PRD00201,1,2838.89,0.0,2838.89,1889.59,UPI,Walk-in
SAL20250064270,2025-07-19,STR035,PRD00239,2,6180.81,0.0,12361.62,9112.12,UPI,Corporate
SAL20250064271,2025-07-18,STR028,PRD00620,4,556.49,0.0,2225.96,1302.68,Cash,Regular
SAL20250064272,2025-07-27,STR041,PRD01016,2,253.56,0.0,507.12,322.8,UPI,Regular
SAL20250064273,2025-07-11,STR006,PRD00570,3,376.39,0.0,1129.17,805.71,Debit Card,Walk-in
SAL20250064274,2025-07-26,STR014,PRD00991,1,894.61,0.05,849.88,514.53,Cash,Regular
SAL20250064275,2025-07-30,STR031,PRD00219,2,1404.86,0.0,2809.72,1997.84,UPI,Walk-in
SAL20250064276,2025-07-17,STR020,PRD00817,1,3058.64,0.0,3058.64,2165.66,Credit Card,Regular
SAL20250064277,2025-07-03,STR011,PRD00021,1,1822.47,0.0,1822.47,1333.8,UPI,Regular
SAL20250064278,2025-07-15,STR036,PRD01029,1,762.26,0.05,724.15,543.36,UPI,Regular
SAL20250064279,2025-07-16,STR029,PRD00609,1,338.3,0.1,304.47,202.03,UPI,Regular
SAL20250064280,2025-07-24,STR036,PRD00729,1,3595.95,0.0,3595.95,2557.72,Credit Card,Regular
SAL20250064281,2025-07-08,STR028,PRD00978,3,172.32,0.0,516.96,321.96,Cash,Walk-in
SAL20250064282,2025-07-11,STR007,PRD00286,3,390.77,0.1,1055.08,760.02,Cash,Walk-in
SAL20250064283,2025-07-28,STR018,PRD00688,2,2802.62,0.0,5605.24,4177.68,UPI,Premium
SAL20250064284,2025-07-28,STR009,PRD00387,2,446.12,0.0,892.24,496.6,Debit Card,Regular
SAL20250064285,2025-07-17,STR003,PRD00845,1,2226.26,0.05,2114.95,1523.41,Debit Card,Walk-in
SAL20250064286,2025-07-27,STR010,PRD00330,1,275.94,0.1,248.35,168.86,Credit Card,Premium
SAL20250064287,2025-07-27,STR010,PRD00032,1,19217.6,0.0,19217.6,14800.0,Cash,Regular
SAL20250064288,2025-07-17,STR019,PRD00644,4,812.84,0.0,3251.36,1809.56,UPI,Walk-in
SAL20250064289,2025-07-09,STR030,PRD00887,2,2006.5,0.0,4013.0,2339.38,UPI,Walk-in
SAL20250064290,2025-07-02,STR033,PRD01030,2,525.24,0.1,945.43,635.14,UPI,Premium
SAL20250064291,2025-07-19,STR034,PRD00293,2,859.61,0.0,1719.22,885.0,Credit Card,Regular
SAL20250064292,2025-07-06,STR012,PRD00714,1,1837.1,0.0,1837.1,1348.01,UPI,Premium
SAL20250064293,2025-07-16,STR037,PRD00629,3,197.41,0.0,592.23,411.27,Cash,Premium
SAL20250064294,2025-07-24,STR003,PRD01072,1,354.49,0.0,354.49,220.0,Credit Card,Regular
SAL20250064295,2025-07-21,STR012,PRD00614,1,52.25,0.1,47.02,34.28,UPI,Premium
SAL20250064296,2025-07-27,STR018,PRD00766,4,1923.71,0.0,7694.84,5471.96,Debit Card,Regular
SAL20250064297,2025-07-25,STR034,PRD00088,2,22406.29,0.05,42571.95,35054.8,Debit Card,Regular
SAL20250064298,2025-07-03,STR016,PRD00959,1,664.61,0.0,664.61,402.69,UPI,Regular
SAL20250064299,2025-07-07,STR037,PRD00486,2,161.3,0.0,322.6,247.1,UPI,Premium
SAL20250064300,2025-07-14,STR028,PRD01108,1,4924.79,0.05,4678.55,2289.5,UPI,Walk-in
SAL20250064301,2025-07-15,STR037,PRD00517,2,252.82,0.05,480.36,406.06,Credit Card,Regular
SAL20250064302,2025-07-25,STR024,PRD00554,2,805.55,0.0,1611.1,932.82,Credit Card,Regular
SAL20250064303,2025-07-30,STR024,PRD01103,1,5704.94,0.0,5704.94,2392.72,Credit Card,Walk-in
SAL20250064304,2025-07-04,STR032,PRD00873,2,687.87,0.0,1375.74,982.9,UPI,Premium
SAL20250064305,2025-07-09,STR009,PRD01038,1,565.57,0.0,565.57,303.34,Cash,Regular
SAL20250064306,2025-07-31,STR029,PRD00851,2,2659.29,0.0,5318.58,3854.78,UPI,Regular
SAL20250064307,2025-07-11,STR020,PRD01194,1,6442.41,0.0,6442.41,3885.18,Cash,Regular
SAL20250064308,2025-07-06,STR041,PRD01141,2,1387.21,0.0,2774.42,1621.3,Debit Card,Regular
SAL20250064309,2025-07-09,STR038,PRD00882,3,3706.7,0.0,11120.1,6563.79,Credit Card,Walk-in
SAL20250064310,2025-07-09,STR024,PRD00803,4,2033.91,0.0,8135.64,4898.96,Net Banking,Premium
SAL20250064311,2025-07-15,STR038,PRD00966,1,814.75,0.0,814.75,526.45,Credit Card,Regular
SAL20250064312,2025-07-17,STR037,PRD00888,1,2557.48,0.0,2557.48,1725.04,UPI,Premium
SAL20250064313,2025-07-09,STR013,PRD01094,1,7758.5,0.0,7758.5,3797.17,UPI,Regular
SAL20250064314,2025-07-03,STR005,PRD00823,2,2558.98,0.0,5117.96,3435.38,UPI,Regular
SAL20250064315,2025-07-06,STR005,PRD00596,5,666.12,0.0,3330.6,1989.55,UPI,Regular
SAL20250064316,2025-07-25,STR035,PRD00015,1,3619.87,0.0,3619.87,2931.59,Credit Card,Premium
SAL20250064317,2025-07-29,STR028,PRD00676,2,4180.37,0.1,7524.67,5673.52,UPI,Walk-in
SAL20250064318,2025-07-07,STR030,PRD00097,1,19452.93,0.0,19452.93,14437.86,UPI,Walk-in
SAL20250064319,2025-07-28,STR032,PRD00360,1,505.68,0.0,505.68,239.22,UPI,Regular
SAL20250064320,2025-07-10,STR008,PRD00731,2,2513.85,0.0,5027.7,3164.1,Credit Card,Premium
SAL20250064321,2025-07-07,STR038,PRD00864,1,1725.02,0.0,1725.02,1118.06,UPI,Walk-in
SAL20250064322,2025-07-10,STR010,PRD00292,4,975.97,0.05,3708.69,1966.68,UPI,Regular
SAL20250064323,2025-07-13,STR035,PRD00060,1,15273.35,0.0,15273.35,10531.53,UPI,Walk-in
SAL20250064324,2025-07-12,STR023,PRD00514,1,1177.91,0.0,1177.91,914.33,UPI,Regular
SAL20250064325,2025-07-21,STR014,PRD01069,1,2127.71,0.0,2127.71,1083.85,Credit Card,Regular
SAL20250064326,2025-07-05,STR003,PRD00890,1,891.3,0.1,802.17,535.93,Credit Card,Walk-in
SAL20250064327,2025-07-03,STR023,PRD00409,2,950.85,0.0,1901.7,1476.22,UPI,Regular
SAL20250064328,2025-07-18,STR031,PRD00278,2,439.84,0.0,879.68,584.14,Credit Card,Premium
SAL20250064329,2025-07-06,STR019,PRD00879,3,2290.26,0.1,6183.7,4842.69,Credit Card,Regular
SAL20250064330,2025-07-19,STR017,PRD00010,1,14520.45,0.0,14520.45,11774.44,Debit Card,Regular
SAL20250064331,2025-07-09,STR002,PRD00394,2,327.5,0.0,655.0,437.02,UPI,Regular
SAL20250064332,2025-07-15,STR027,PRD00491,2,675.67,0.0,1351.34,1053.42,UPI,Walk-in
SAL20250064333,2025-07-30,STR019,PRD00482,4,411.59,0.05,1564.04,1376.48,Debit Card,Walk-in
SAL20250064334,2025-07-06,STR030,PRD00647,5,284.75,0.0,1423.75,945.35,UPI,Regular
SAL20250064335,2025-07-28,STR040,PRD00079,1,19037.37,0.0,19037.37,13485.77,Credit Card,Premium
SAL20250064336,2025-07-10,STR035,PRD00677,3,1193.37,0.0,3580.11,2500.47,Debit Card,Regular
SAL20250064337,2025-07-12,STR031,PRD00439,1,122.61,0.0,122.61,95.61,UPI,Premium
SAL20250064338,2025-07-21,STR001,PRD00139,1,2949.49,0.0,2949.49,1812.36,UPI,Regular
SAL20250064339,2025-07-15,STR021,PRD00649,1,333.14,0.0,333.14,238.96,Credit Card,Walk-in
SAL20250064340,2025-07-14,STR020,PRD00588,4,125.09,0.0,500.36,361.56,Credit Card,Regular
SAL20250064341,2025-07-10,STR025,PRD01099,1,4242.7,0.1,3818.43,2721.85,Net Banking,Walk-in
SAL20250064342,2025-07-14,STR023,PRD00423,1,256.23,0.0,256.23,213.9,UPI,Premium
SAL20250064343,2025-07-05,STR039,PRD00392,1,436.74,0.0,436.74,242.28,UPI,Walk-in
SAL20250064344,2025-07-14,STR007,PRD00180,2,3550.84,0.0,7101.68,5053.56,Credit Card,Walk-in
SAL20250064345,2025-07-11,STR024,PRD00160,1,7937.44,0.0,7937.44,4808.49,Debit Card,Walk-in
SAL20250064346,2025-07-28,STR002,PRD00039,1,8380.37,0.1,7542.33,6279.95,Debit Card,Walk-in
SAL20250064347,2025-07-19,STR008,PRD00796,1,462.4,0.0,462.4,329.9,Credit Card,Walk-in
SAL20250064348,2025-07-08,STR039,PRD01058,2,211.57,0.0,423.14,290.04,Credit Card,Premium
SAL20250064349,2025-07-19,STR036,PRD01092,1,5535.53,0.1,4981.98,2634.51,UPI,Regular
SAL20250064350,2025-07-20,STR032,PRD00133,1,10102.94,0.0,10102.94,6680.78,UPI,Regular
SAL20250064351,2025-07-22,STR017,PRD00488,4,995.48,0.1,3583.73,3343.44,Net Banking,Regular
SAL20250064352,2025-07-16,STR012,PRD00713,2,4061.86,0.0,8123.72,5875.52,Credit Card,Regular
SAL20250064353,2025-07-10,STR024,PRD01183,2,7827.71,0.0,15655.42,6664.0,Debit Card,Corporate
SAL20250064354,2025-07-01,STR013,PRD00335,3,1156.98,0.0,3470.94,1867.68,Credit Card,Regular
SAL20250064355,2025-07-01,STR036,PRD00851,1,2659.29,0.0,2659.29,1927.39,UPI,Regular
SAL20250064356,2025-07-12,STR011,PRD00558,1,353.1,0.0,353.1,243.3,Credit Card,Regular
SAL20250064357,2025-07-03,STR008,PRD01068,3,5954.4,0.0,17863.2,10485.6,Debit Card,Walk-in
SAL20250064358,2025-07-26,STR014,PRD00692,2,1997.13,0.0,3994.26,2891.8,Debit Card,Regular
SAL20250064359,2025-07-27,STR032,PRD00925,2,2271.72,0.0,4543.44,3050.18,UPI,Premium
SAL20250064360,2025-07-22,STR041,PRD00872,2,467.45,0.0,934.9,667.24,Credit Card,Regular
SAL20250064361,2025-07-09,STR027,PRD00362,1,1120.03,0.1,1008.03,532.51,UPI,Premium
SAL20250064362,2025-07-22,STR023,,4,92.35,0.05,350.93,315.36,UPI,Walk-in
SAL20250064363,2025-07-25,STR011,PRD00406,2,663.68,0.1,1194.62,1066.12,Credit Card,Regular
SAL20250064364,2025-07-09,STR041,PRD00348,1,1231.54,0.1,1108.39,694.06,UPI,Premium
SAL20250064365,2025-07-11,STR010,PRD00648,1,715.75,0.0,715.75,457.27,UPI,Walk-in
SAL20250064366,2025-07-25,STR024,PRD01144,1,2397.7,0.0,2397.7,1426.02,Cash,Regular
SAL20250064367,2025-07-13,STR007,PRD00069,1,11744.39,0.05,11157.17,7701.34,Credit Card,Premium
SAL20250064368,2025-07-06,STR009,PRD00938,3,622.57,0.0,1867.71,981.99,UPI,Regular
SAL20250064369,2025-07-13,STR016,PRD00575,2,90.77,0.0,181.54,134.16,Credit Card,Regular
SAL20250064370,2025-07-28,STR019,PRD00111,1,16671.18,0.1,15004.06,12693.98,UPI,Walk-in
SAL20250064371,2025-07-22,STR032,PRD00623,2,563.55,0.1,1014.39,775.32,Cash,Regular
SAL20250064372,2025-07-25,STR008,PRD00828,2,765.4,0.0,1530.8,886.0,Credit Card,Regular
SAL20250064373,2025-07-05,STR022,PRD00081,2,19888.54,0.0,39777.08,26212.76,Credit Card,Walk-in
SAL20250064374,2025-07-10,STR039,PRD00925,2,2271.72,0.05,4316.27,3050.18,UPI,Regular
SAL20250064375,2025-07-19,STR004,PRD00904,1,2811.36,0.0,2811.36,1859.97,UPI,Premium
SAL20250064376,2025-07-12,STR031,PRD00016,1,12816.4,0.0,12816.4,9433.57,Credit Card,Premium
SAL20250064377,2025-07-30,STR028,PRD00897,2,3626.87,0.0,7253.74,4738.42,Cash,Regular
SAL20250064378,2025-07-25,STR010,PRD01031,3,1036.47,0.0,3109.41,1570.11,Credit Card,Walk-in
SAL20250064379,2025-07-30,STR028,PRD00059,1,15692.67,0.0,15692.67,12269.76,Credit Card,Premium
SAL20250064380,2025-07-12,STR023,PRD01116,1,792.37,0.0,792.37,396.32,UPI,Walk-in
SAL20250064381,2025-07-16,STR020,PRD00770,2,1474.46,0.0,2948.92,2180.78,UPI,Regular
SAL20250064382,2025-07-02,STR013,PRD00299,1,1362.69,0.0,1362.69,823.3,Net Banking,Walk-in
SAL20250064383,2025-07-31,STR010,PRD00367,1,450.03,0.0,450.03,246.78,Credit Card,Walk-in
SAL20250064384,2025-07-16,STR029,PRD00462,10,271.55,0.0,2715.5,2052.6,Debit Card,Regular
SAL20250064385,2025-07-19,STR017,PRD00732,1,4150.55,0.0,4150.55,2648.51,Cash,Premium
SAL20250064386,2025-07-24,STR002,PRD00847,2,2294.5,0.0,4589.0,3234.24,UPI,Walk-in
SAL20250064387,2025-07-17,STR024,PRD00806,3,330.79,0.0,992.37,559.89,Credit Card,Regular
SAL20250064388,2025-07-03,STR012,PRD01114,4,8827.06,0.0,35308.24,14293.36,UPI,Regular
SAL20250064389,2025-07-06,STR034,PRD00883,4,2575.75,0.0,10303.0,5749.92,Credit Card,Walk-in
SAL20250064390,2025-07-23,STR038,PRD00795,1,965.34,0.0,965.34,688.02,Debit Card,Regular
SAL20250064391,2025-07-16,STR011,PRD00718,1,2341.08,0.0,2341.08,1675.99,Credit Card,Regular
SAL20250064392,2025-07-12,STR040,PRD00522,2,1139.79,0.0,2279.58,1751.66,Credit Card,Regular
SAL20250064393,2025-07-20,STR037,PRD00766,2,1923.71,0.05,3655.05,2735.98,Debit Card,Walk-in
SAL20250064394,2025-07-06,STR011,PRD00469,1,499.21,0.0,499.21,389.45,Net Banking,Walk-in
SAL20250064395,2025-07-28,STR008,PRD00854,1,2355.83,0.0,2355.83,1467.93,UPI,Regular
SAL20250064396,2025-07-15,STR014,PRD00739,2,2279.96,0.05,4331.92,3082.84,Credit Card,Premium
SAL20250064397,2025-07-03,STR024,PRD00052,1,1655.5,0.0,1655.5,1137.08,UPI,Regular
SAL20250064398,2025-07-08,STR004,PRD00280,2,605.7,0.0,1211.4,622.74,UPI,Walk-in
SAL20250064399,2025-07-20,STR019,PRD00041,1,19732.0,0.0,19732.0,14953.27,UPI,Premium
SAL20250064400,2025-07-01,STR010,PRD00110,1,26501.66,0.1,23851.49,18492.65,UPI,Walk-in
SAL20250064401,2025-07-23,STR006,PRD00230,1,11424.91,0.0,11424.91,7835.88,Cash,Regular
SAL20250064402,2025-07-19,STR034,PRD00353,2,948.44,0.0,1896.88,1059.62,UPI,Regular
SAL20250064403,2025-07-15,STR032,PRD01109,2,5029.33,0.0,10058.66,5536.84,Net Banking,Walk-in
SAL20250064404,2025-07-09,STR036,PRD00134,1,19404.79,0.0,19404.79,14953.78,Credit Card,Regular
SAL20250064405,2025-07-07,STR005,PRD00418,3,378.6,0.1,1022.22,946.29,Credit Card,Walk-in
SAL20250064406,2025-07-15,STR030,PRD00245,1,6730.38,0.0,6730.38,4429.31,UPI,Regular
SAL20250064407,2025-07-26,STR026,PRD00064,1,2458.4,0.05,2335.48,1830.7,UPI,Walk-in
SAL20250064408,2025-07-03,STR031,PRD00569,2,219.4,0.1,394.92,286.6,UPI,Regular
SAL20250064409,2025-07-15,STR032,PRD00134,1,19404.79,0.0,19404.79,14953.78,Debit Card,Walk-in
SAL20250064410,2025-07-13,STR010,PRD00938,1,622.57,0.0,622.57,327.33,UPI,Walk-in
SAL20250064411,2025-07-02,STR026,PRD00073,1,23649.92,0.0,23649.92,17123.4,UPI,Walk-in
SAL20250064412,2025-07-02,STR016,PRD00787,1,291.05,0.1,261.94,189.14,UPI,Regular
SAL20250064413,2025-07-12,STR016,PRD00544,6,114.7,0.0,688.2,496.44,Cash,Regular
SAL20250064414,2025-07-10,STR007,PRD00057,1,2490.08,0.1,2241.07,2005.73,Debit Card,Walk-in
SAL20250064415,2025-07-23,STR021,PRD00078,2,9036.37,0.05,17169.1,12982.72,Debit Card,Walk-in
SAL20250064416,2025-07-14,STR014,PRD00082,1,9499.68,0.0,9499.68,6552.44,Debit Card,Walk-in
SAL20250064417,2025-07-28,STR015,PRD00007,1,20090.22,0.0,20090.22,15462.2,Debit Card,Premium
SAL20250064418,2025-07-05,STR038,PRD00652,1,210.65,0.0,210.65,137.0,UPI,Regular
SAL20250064419,2025-07-05,STR034,PRD00248,1,9547.84,0.1,8593.06,6877.51,Debit Card,Walk-in
SAL20250064420,2025-07-19,STR003,PRD00661,2,443.39,0.0,886.78,567.36,Credit Card,Regular
SAL20250064421,2025-07-01,STR005,PRD00262,1,10754.4,0.05,10216.68,8063.44,UPI,Walk-in
SAL20250064422,2025-07-03,STR020,PRD00394,3,327.5,0.0,982.5,655.53,UPI,Walk-in
SAL20250064423,2025-07-20,STR022,PRD00532,1,1039.03,0.0,1039.03,808.86,UPI,Premium
SAL20250064424,2025-07-02,STR002,PRD00977,1,417.51,0.0,417.51,282.28,Credit Card,Walk-in
SAL20250064425,2025-07-18,STR034,PRD00262,1,10754.4,0.0,10754.4,8063.44,UPI,Walk-in
SAL20250064426,2025-07-25,STR013,PRD00368,2,927.52,0.0,1855.04,1175.86,UPI,Walk-in
SAL20250064427,2025-07-14,STR005,PRD00381,2,931.15,0.0,1862.3,1062.56,Cash,Walk-in
SAL20250064428,2025-07-30,STR038,PRD00507,3,259.46,0.0,778.38,646.05,Cash,Regular
SAL20250064429,2025-07-16,STR004,PRD00279,3,704.62,0.05,2008.17,1337.76,Net Banking,Regular
SAL20250064430,2025-07-29,STR005,PRD00316,1,924.22,0.0,924.22,589.52,Credit Card,Corporate
SAL20250064431,2025-07-19,STR009,PRD00570,2,376.39,0.0,752.78,537.14,UPI,Regular
SAL20250064432,2025-07-10,STR027,PRD00978,2,172.32,0.05,327.41,214.64,UPI,Walk-in
SAL20250064433,2025-07-19,STR008,PRD00449,1,236.21,0.0,236.21,199.14,Cash,Regular
SAL20250064434,2025-07-24,STR019,PRD00772,2,988.94,0.0,1977.88,1318.98,UPI,Walk-in
SAL20250064435,2025-07-17,STR028,PRD00021,1,1822.47,0.0,1822.47,1333.8,Credit Card,Walk-in
SAL20250064436,2025-07-29,STR009,PRD00755,2,511.82,0.0,1023.64,688.62,Debit Card,Walk-in
SAL20250064437,2025-07-26,STR008,PRD00708,3,2849.79,0.0,8549.37,5649.45,Credit Card,Premium
SAL20250064438,2025-07-11,STR012,PRD00916,2,3924.97,0.0,7849.94,4541.56,Credit Card,Regular
SAL20250064439,2025-07-01,STR031,PRD01189,1,5263.0,0.1,4736.7,2237.37,Credit Card,Regular
SAL20250064440,2025-07-27,STR009,PRD00634,3,509.03,0.05,1450.74,896.88,UPI,Regular
SAL20250064441,2025-07-01,STR006,PRD00872,1,467.45,0.1,420.7,333.62,UPI,Walk-in
SAL20250064442,2025-07-05,STR029,PRD00864,1,1725.02,0.05,1638.77,1118.06,UPI,Walk-in
SAL20250064443,2025-07-17,STR030,PRD00832,1,1859.75,0.0,1859.75,1370.28,UPI,Walk-in
SAL20250064444,2025-07-13,STR019,PRD00996,1,577.22,0.0,577.22,329.39,Credit Card,Regular
SAL20250064445,2025-07-22,STR022,PRD01127,1,730.99,0.0,730.99,319.39,UPI,Walk-in
SAL20250064446,2025-07-18,STR002,PRD00740,1,3926.7,0.0,3926.7,2842.31,UPI,Regular
SAL20250064447,2025-07-11,STR009,PRD00206,1,10675.4,0.05,10141.63,6883.05,UPI,Regular
SAL20250064448,2025-07-30,STR005,PRD00148,1,6813.06,0.0,6813.06,4694.28,Cash,Walk-in
SAL20250064449,2025-07-18,STR028,PRD00198,2,4266.35,0.1,7679.43,5952.76,Credit Card,Walk-in
SAL20250064450,2025-07-24,STR037,PRD00557,1,210.61,0.0,210.61,134.43,Credit Card,Walk-in
SAL20250064451,2025-07-24,STR041,PRD00143,1,11610.06,0.0,11610.06,8058.06,Credit Card,Regular
SAL20250064452,2025-07-09,STR036,PRD00456,2,215.04,0.0,430.08,339.98,Cash,Walk-in
SAL20250064453,2025-07-21,STR029,PRD00086,1,22194.93,0.0,22194.93,15176.58,UPI,Regular
SAL20250064454,2025-07-10,STR029,PRD00579,1,398.71,0.0,398.71,292.17,Debit Card,Walk-in
SAL20250064455,2025-07-14,STR019,PRD01058,1,211.57,0.0,211.57,145.02,UPI,Corporate
SAL20250064456,2025-07-13,STR026,PRD01078,1,2107.38,0.1,1896.64,1315.89,Cash,Corporate
SAL20250064457,2025-07-15,STR011,PRD00657,4,272.71,0.0,1090.84,643.36,Credit Card,Premium
SAL20250064458,2025-07-12,STR031,PRD00712,2,1580.0,0.0,3160.0,1894.3,UPI,Walk-in
SAL20250064459,2025-07-12,STR004,PRD00016,3,12816.4,0.05,36526.74,28300.71,Debit Card,Regular
SAL20250064460,2025-07-22,STR022,PRD00881,1,802.33,0.0,802.33,533.51,Credit Card,Regular
SAL20250064461,2025-07-05,STR033,PRD00504,1,1118.52,0.0,1118.52,934.24,Debit Card,Regular
SAL20250064462,2025-07-12,STR021,PRD00428,10,311.12,0.0,3111.2,2447.5,Net Banking,Walk-in
SAL20250064463,2025-07-30,STR033,PRD01193,2,1712.13,0.0,3424.26,2069.82,UPI,Regular
SAL20250064464,2025-07-13,STR009,PRD01124,4,4813.39,0.0,19253.56,8711.0,UPI,Walk-in
SAL20250064465,2025-07-07,STR032,PRD00346,1,927.55,0.0,927.55,634.62,Credit Card,Walk-in
SAL20250064466,2025-07-05,STR004,PRD00786,2,2271.94,0.0,4543.88,3066.98,UPI,Regular
SAL20250064467,2025-07-26,STR022,PRD00325,1,1273.47,0.05,1209.8,587.01,UPI,Walk-in
SAL20250064468,2025-07-08,STR008,PRD00181,2,4428.73,0.0,8857.46,6478.72,UPI,Premium
SAL20250064469,2025-07-13,STR041,PRD00048,1,26663.85,0.0,26663.85,18297.1,UPI,Walk-in
SAL20250064470,2025-07-06,STR033,PRD00020,1,2507.15,0.1,2256.43,1948.29,Credit Card,Regular
SAL20250064471,2025-07-18,STR015,PRD01050,1,562.12,0.0,562.12,329.14,Credit Card,Regular
SAL20250064472,2025-07-10,STR010,PRD00675,3,1206.06,0.0,3618.18,2275.29,UPI,Regular
SAL20250064473,2025-07-31,STR012,PRD00631,2,725.12,0.0,1450.24,838.92,Credit Card,Regular
SAL20250064474,2025-07-11,STR041,PRD00837,2,4012.56,0.0,8025.12,4737.28,UPI,Regular
SAL20250064475,2025-07-30,STR029,PRD00175,1,11344.22,0.0,11344.22,7434.87,UPI,Walk-in
SAL20250064476,2025-07-07,STR026,PRD00949,4,855.15,0.0,3420.6,2267.4,UPI,Regular
SAL20250064477,2025-07-07,STR004,PRD00393,1,526.25,0.0,526.25,344.18,UPI,Premium
SAL20250064478,2025-07-24,STR028,PRD00074,1,17249.82,0.0,17249.82,11809.64,Debit Card,Regular
SAL20250064479,2025-07-24,STR022,PRD00384,1,1012.08,0.1,910.87,513.64,UPI,Regular
SAL20250064480,2025-07-28,STR018,PRD00431,1,614.87,0.05,584.13,521.2,Cash,Regular
SAL20250064481,2025-07-14,STR015,PRD00546,5,854.43,0.0,4272.15,2369.5,Debit Card,Walk-in
SAL20250064482,2025-07-01,STR030,PRD00040,1,26675.54,0.0,26675.54,17487.01,Credit Card,Walk-in
SAL20250064483,2025-07-26,STR013,PRD00659,1,294.97,0.0,294.97,218.84,UPI,Regular
SAL20250064484,2025-07-03,STR010,PRD00244,2,9135.72,0.0,18271.44,11533.86,Debit Card,Regular
SAL20250064485,2025-07-21,STR006,PRD00577,3,262.74,0.05,748.81,567.84,UPI,Premium
SAL20250064486,2025-07-13,STR013,PRD00845,1,2226.26,0.0,2226.26,1523.41,UPI,Regular
SAL20250064487,2025-07-16,STR032,PRD00909,2,1266.46,0.1,2279.63,1738.96,Credit Card,Walk-in
SAL20250064488,2025-07-07,STR009,PRD00590,1,353.62,0.0,353.62,243.18,Cash,Walk-in
SAL20250064489,2025-07-08,STR029,PRD00690,1,3635.92,0.0,3635.92,2397.42,Cash,Regular
SAL20250064490,2025-07-18,STR014,PRD00259,1,1699.09,0.1,1529.18,1233.0,Credit Card,Regular
SAL20250064491,2025-07-31,STR034,PRD00360,2,505.68,0.1,910.22,478.44,Debit Card,Walk-in
SAL20250064492,2025-07-11,STR013,PRD01063,2,747.32,0.0,1494.64,976.78,UPI,Regular
SAL20250064493,2025-07-21,STR039,PRD00054,1,16291.52,0.0,16291.52,11840.34,Cash,Walk-in
SAL20250064494,2025-07-09,STR013,PRD00601,3,50.1,0.0,150.3,92.46,UPI,Corporate
SAL20250064495,2025-07-26,STR023,PRD01198,1,7043.58,0.0,7043.58,4432.23,UPI,Regular
SAL20250064496,2025-07-08,STR036,PRD00601,1,50.1,0.1,45.09,30.82,Credit Card,Regular
SAL20250064497,2025-07-13,STR018,PRD01037,1,431.13,0.0,431.13,232.19,UPI,Walk-in
SAL20250064498,2025-07-11,STR013,PRD00990,2,577.78,0.0,1155.56,701.58,UPI,Walk-in
SAL20250064499,2025-07-18,STR019,PRD00021,1,1822.47,0.0,1822.47,1333.8,Debit Card,Walk-in
SAL20250064500,2025-07-12,STR003,PRD00342,1,1186.13,0.1,1067.52,698.17,Net Banking,Regular
SAL20250064501,2025-07-14,STR029,PRD00609,5,338.3,0.0,1691.5,1010.15,UPI,Regular
SAL20250064502,2025-07-08,STR039,PRD00287,2,550.08,0.0,1100.16,548.68,UPI,Regular
SAL20250064503,2025-07-30,STR032,PRD00191,1,7660.03,0.1,6894.03,5198.25,Debit Card,Walk-in
SAL20250064504,2025-07-09,STR039,,1,1289.58,0.1,1160.62,870.9,UPI,Premium
SAL20250064505,2025-07-23,STR030,PRD00203,1,6533.34,0.05,6206.67,4260.88,UPI,Regular
SAL20250064506,2025-07-20,STR041,PRD00246,1,1945.93,0.05,1848.63,1239.78,UPI,Regular
SAL20250064507,2025-07-27,STR036,PRD00463,1,933.21,0.0,933.21,747.47,Credit Card,Regular
SAL20250064508,2025-07-03,STR035,PRD00196,2,3177.64,0.0,6355.28,4493.76,UPI,Walk-in
SAL20250064509,2025-07-15,STR002,PRD00891,3,506.36,0.0,1519.08,1121.07,Credit Card,Walk-in
SAL20250064510,2025-07-12,STR009,PRD01145,1,3609.72,0.0,3609.72,2080.21,Credit Card,Regular
SAL20250064511,2025-07-12,STR004,PRD00151,1,5709.55,0.0,5709.55,3733.65,UPI,Regular
SAL20250064512,2025-07-05,STR001,PRD00212,1,9559.41,0.0,9559.41,6260.97,Debit Card,Regular
SAL20250064513,2025-07-08,STR040,PRD01198,1,7043.58,0.1,6339.22,4432.23,Credit Card,Regular
SAL20250064514,2025-07-24,STR026,PRD00004,1,18331.36,0.0,18331.36,14741.73,Debit Card,Corporate
SAL20250064515,2025-07-04,STR021,PRD00190,1,12169.57,0.0,12169.57,7955.32,UPI,Walk-in
SAL20250064516,2025-07-07,STR006,PRD01002,2,98.3,0.0,196.6,111.38,Credit Card,Premium
SAL20250064517,2025-07-14,STR015,PRD00863,1,1338.83,0.0,1338.83,745.06,UPI,Regular
SAL20250064518,2025-07-25,STR022,PRD01058,1,211.57,0.0,211.57,145.02,Credit Card,Regular
SAL20250064519,2025-07-19,STR035,PRD00051,1,18906.15,0.0,18906.15,13812.18,UPI,Regular
SAL20250064520,2025-07-03,STR014,PRD00167,1,8410.2,0.0,8410.2,5523.21,Debit Card,Regular
SAL20250064521,2025-07-19,STR023,PRD00828,1,765.4,0.0,765.4,443.0,Credit Card,Premium
SAL20250064522,2025-07-24,STR016,PRD00039,1,8380.37,0.1,7542.33,6279.95,Debit Card,Walk-in
SAL20250064523,2025-07-09,STR032,PRD00732,2,4150.55,0.0,8301.1,5297.02,UPI,Premium
SAL20250064524,2025-07-25,STR041,PRD00300,1,1106.33,0.0,1106.33,601.1,UPI,Walk-in
SAL20250064525,2025-07-03,STR031,PRD01152,1,2969.91,0.0,2969.91,1378.7,Credit Card,Regular
SAL20250064526,2025-07-18,STR040,PRD00838,2,1522.8,0.0,3045.6,2093.7,Debit Card,Regular
SAL20250064527,2025-07-30,STR040,PRD00929,2,3367.15,0.0,6734.3,4072.48,Credit Card,Walk-in
SAL20250064528,2025-07-20,STR010,PRD00500,1,936.13,0.0,936.13,757.53,Debit Card,Regular
SAL20250064529,2025-07-28,STR037,PRD00401,2,743.9,0.0,1487.8,1256.8,Credit Card,Corporate
SAL20250064530,2025-07-24,STR033,PRD01182,1,9675.4,0.0,9675.4,4265.56,Net Banking,Regular
SAL20250064531,2025-07-25,STR011,PRD00982,1,104.72,0.0,104.72,58.34,UPI,Walk-in
SAL20250064532,2025-07-16,STR030,PRD01193,1,1712.13,0.0,1712.13,1034.91,UPI,Regular
SAL20250064533,2025-07-11,STR040,PRD00663,3,109.46,0.05,311.96,188.7,UPI,Regular
SAL20250064534,2025-07-20,STR001,PRD00333,1,1043.83,0.0,1043.83,554.4,Credit Card,Regular
SAL20250064535,2025-07-09,STR027,PRD00374,4,1242.75,0.0,4971.0,2953.32,UPI,Regular
SAL20250064536,2025-07-05,STR041,PRD00280,2,605.7,0.05,1150.83,622.74,Debit Card,Walk-in
SAL20250064537,2025-07-11,STR007,PRD01161,1,5090.05,0.0,5090.05,2218.96,Debit Card,Walk-in
SAL20250064538,2025-07-11,STR029,PRD00587,4,250.15,0.0,1000.6,687.16,UPI,Regular
SAL20250064539,2025-07-30,STR013,PRD00528,5,1118.04,0.0,5590.2,4731.7,UPI,Premium
SAL20250064540,2025-07-01,STR020,PRD00185,1,1926.14,0.0,1926.14,1500.04,UPI,Regular
SAL20250064541,2025-07-13,STR009,PRD00892,1,2494.33,0.0,2494.33,1742.01,Credit Card,Regular
SAL20250064542,2025-07-08,STR009,PRD01060,1,277.54,0.0,277.54,198.35,Debit Card,Regular
SAL20250064543,2025-07-07,STR021,PRD00254,1,11020.14,0.0,11020.14,6776.21,UPI,Premium
SAL20250064544,2025-07-27,STR032,PRD00433,6,1065.88,0.0,6395.28,5170.5,UPI,Regular
SAL20250064545,2025-07-24,STR003,PRD01031,1,1036.47,0.0,1036.47,523.37,Credit Card,Walk-in
SAL20250064546,2025-07-17,STR027,PRD00603,3,196.91,0.0,590.73,392.88,UPI,Corporate
SAL20250064547,2025-07-09,STR024,PRD00692,1,1997.13,0.0,1997.13,1445.9,Credit Card,Regular
SAL20250064548,2025-07-07,STR032,PRD00200,1,1880.51,0.0,1880.51,1363.43,Net Banking,Regular
SAL20250064549,2025-07-14,STR032,PRD00003,2,810.89,0.0,1621.78,1068.48,UPI,Corporate
SAL20250064550,2025-07-24,STR039,PRD00051,1,18906.15,0.0,18906.15,13812.18,UPI,Regular
SAL20250064551,2025-07-26,STR036,PRD00122,1,23504.26,0.0,23504.26,16366.57,UPI,Walk-in
SAL20250064552,2025-07-05,STR029,PRD00845,4,2226.26,0.0,8905.04,6093.64,UPI,Walk-in
SAL20250064553,2025-07-01,STR028,PRD00244,1,9135.72,0.0,9135.72,5766.93,Debit Card,Walk-in
SAL20250064554,2025-07-08,STR029,PRD01058,1,211.57,0.05,200.99,145.02,Debit Card,Walk-in
SAL20250064555,2025-07-17,STR002,PRD00296,2,250.04,0.0,500.08,243.26,UPI,Premium
SAL20250064556,2025-07-31,STR010,PRD01142,3,3878.91,0.0,11636.73,6794.37,Debit Card,Walk-in
SAL20250064557,2025-07-16,STR033,PRD00259,1,1699.09,0.05,1614.14,1233.0,UPI,Regular
SAL20250064558,2025-07-14,STR039,PRD00046,2,12754.14,0.0,25508.28,16794.8,Debit Card,Regular
SAL20250064559,2025-07-11,STR029,PRD00775,2,3571.78,0.0,7143.56,3953.1,UPI,Walk-in
SAL20250064560,2025-07-16,STR003,PRD00438,4,638.02,0.0,2552.08,1947.56,UPI,Regular
SAL20250064561,2025-07-26,STR017,PRD00138,1,3460.02,0.0,3460.02,2661.97,Debit Card,Walk-in
SAL20250064562,2025-07-30,STR003,PRD00586,1,648.21,0.0,648.21,440.01,Net Banking,Regular
SAL20250064563,2025-07-10,STR026,PRD01122,1,6526.26,0.0,6526.26,3631.48,Cash,Walk-in
SAL20250064564,2025-07-04,STR012,PRD00112,1,3948.48,0.0,3948.48,3127.23,Credit Card,Premium
SAL20250064565,2025-07-04,STR009,PRD00537,1,133.85,0.0,133.85,78.78,UPI,Regular
SAL20250064566,2025-07-11,STR009,PRD00628,1,365.09,0.05,346.84,210.81,Credit Card,Walk-in
SAL20250064567,2025-07-11,STR038,PRD00185,1,1926.14,0.0,1926.14,1500.04,UPI,Regular
SAL20250064568,2025-07-15,STR016,PRD00818,2,2330.04,0.05,4427.08,3338.28,Credit Card,Regular
SAL20250064569,2025-07-08,STR028,PRD00902,1,258.19,0.0,258.19,154.07,Credit Card,Regular
SAL20250064570,2025-07-11,STR031,PRD00673,1,2685.18,0.0,2685.18,1698.29,Credit Card,Walk-in
SAL20250064571,2025-07-29,STR033,PRD00521,3,947.8,0.0,2843.4,2497.8,UPI,Regular
SAL20250064572,2025-07-20,STR041,PRD00700,3,4752.07,0.1,12830.59,8593.89,UPI,Premium
SAL20250064573,2025-07-20,STR004,PRD00361,1,1524.53,0.1,1372.08,825.7,Debit Card,Regular
SAL20250064574,2025-07-25,STR024,PRD00261,1,8333.44,0.0,8333.44,5118.51,UPI,Regular
SAL20250064575,2025-07-31,STR007,PRD00059,1,15692.67,0.0,15692.67,12269.76,UPI,Regular
SAL20250064576,2025-07-10,STR025,PRD00471,5,607.66,0.0,3038.3,2476.75,UPI,Regular
SAL20250064577,2025-07-17,STR033,PRD00451,1,641.37,0.0,641.37,505.23,Cash,Walk-in
SAL20250064578,2025-07-15,STR020,PRD00256,1,13048.37,0.0,13048.37,8107.05,Credit Card,Walk-in
SAL20250064579,2025-07-20,STR039,PRD00701,3,4774.16,0.0,14322.48,9189.78,UPI,Corporate
SAL20250064580,2025-07-10,STR004,PRD01059,1,553.69,0.0,553.69,368.36,Debit Card,Walk-in
SAL20250064581,2025-07-07,STR029,PRD00449,1,236.21,0.0,236.21,199.14,UPI,Premium
SAL20250064582,2025-07-02,STR029,PRD00008,1,14817.35,0.0,14817.35,10393.47,Credit Card,Walk-in
SAL20250064583,2025-07-11,STR033,PRD00917,2,1441.59,0.0,2883.18,1961.66,Credit Card,Regular
SAL20250064584,2025-07-03,STR009,PRD00699,1,2305.84,0.0,2305.84,1522.28,Cash,Walk-in
SAL20250064585,2025-07-20,STR014,PRD00576,1,451.26,0.0,451.26,330.56,UPI,Corporate
SAL20250064586,2025-07-04,STR009,PRD00654,2,474.17,0.0,948.34,648.78,Debit Card,Regular
SAL20250064587,2025-07-18,STR009,PRD00188,1,6172.58,0.0,6172.58,4027.57,Cash,Premium
SAL20250064588,2025-07-02,STR019,PRD00274,1,920.1,0.0,920.1,425.76,UPI,Regular
SAL20250064589,2025-07-12,STR026,PRD01179,1,3455.57,0.0,3455.57,2074.52,Net Banking,Walk-in
SAL20250064590,2025-07-26,STR011,PRD00372,2,542.7,0.0,1085.4,551.96,UPI,Regular
SAL20250064591,2025-07-03,STR005,PRD00685,1,4676.03,0.0,4676.03,2851.64,Debit Card,Walk-in
SAL20250064592,2025-07-24,STR026,PRD01194,1,6442.41,0.0,6442.41,3885.18,UPI,Walk-in
SAL20250064593,2025-07-28,STR006,PRD00693,2,2512.22,0.0,5024.44,3342.84,Credit Card,Walk-in
SAL20250064594,2025-07-21,STR012,PRD00340,1,956.64,0.05,908.81,556.08,Credit Card,Regular
SAL20250064595,2025-07-14,STR021,PRD00487,4,92.35,0.0,369.4,315.36,Net Banking,Regular
SAL20250064596,2025-07-11,STR026,PRD01044,2,762.23,0.0,1524.46,1088.96,UPI,Corporate
SAL20250064597,2025-07-06,STR019,PRD00101,2,2548.25,0.0,5096.5,3606.5,Debit Card,Walk-in
SAL20250064598,2025-07-11,STR009,PRD00291,1,469.9,0.05,446.4,279.76,UPI,Walk-in
SAL20250064599,2025-07-23,STR006,PRD00921,3,3248.47,0.0,9745.41,5501.82,Cash,Walk-in
SAL20250064600,2025-07-16,STR005,PRD00947,2,413.13,0.0,826.26,416.04,Credit Card,Premium
SAL20250064601,2025-07-10,STR010,PRD00879,1,2290.26,0.0,2290.26,1614.23,UPI,Regular
SAL20250064602,2025-07-12,STR008,PRD00587,1,250.15,0.0,250.15,171.79,Credit Card,Regular
SAL20250064603,2025-07-19,STR012,PRD00659,10,294.97,0.0,2949.7,2188.4,Debit Card,Premium
SAL20250064604,2025-07-26,STR027,PRD00607,3,313.72,0.0,941.16,544.05,UPI,Walk-in
SAL20250064605,2025-07-04,STR029,PRD00838,2,1522.8,0.0,3045.6,2093.7,UPI,Premium
SAL20250064606,2025-07-14,STR024,PRD00157,1,5982.96,0.0,5982.96,4355.19,Cash,Walk-in
SAL20250064607,2025-07-21,STR026,PRD00079,1,19037.37,0.0,19037.37,13485.77,UPI,Walk-in
SAL20250064608,2025-07-12,STR016,PRD00090,1,8184.6,0.0,8184.6,5556.86,UPI,Regular
SAL20250064609,2025-07-07,STR018,PRD00795,1,965.34,0.0,965.34,688.02,Credit Card,Walk-in
SAL20250064610,2025-07-11,STR040,PRD00690,1,3635.92,0.0,3635.92,2397.42,Debit Card,Walk-in
SAL20250064611,2025-07-25,STR006,PRD00959,1,664.61,0.0,664.61,402.69,Credit Card,Walk-in
SAL20250064612,2025-07-26,STR035,PRD01159,1,3270.67,0.0,3270.67,1499.26,Debit Card,Walk-in
SAL20250064613,2025-07-17,STR006,PRD00179,2,5253.14,0.0,10506.28,6415.08,Credit Card,Regular
SAL20250064614,2025-07-27,STR004,PRD00754,3,372.52,0.05,1061.68,662.64,UPI,Regular
SAL20250064615,2025-07-15,STR016,PRD00910,1,2302.88,0.0,2302.88,1579.69,UPI,Regular
SAL20250064616,2025-07-30,STR040,PRD01004,1,128.91,0.0,128.91,65.93,Debit Card,Walk-in
SAL20250064617,2025-07-02,STR019,PRD00254,1,11020.14,0.05,10469.13,6776.21,UPI,Regular
SAL20250064618,2025-07-19,STR004,PRD00130,1,17171.37,0.05,16312.8,12882.58,UPI,Walk-in
SAL20250064619,2025-07-15,STR021,PRD00813,1,3086.68,0.0,3086.68,2009.41,Cash,Corporate
SAL20250064620,2025-07-21,STR004,PRD00828,1,765.4,0.0,765.4,443.0,UPI,Regular
SAL20250064621,2025-07-18,STR026,PRD01184,1,6927.53,0.0,6927.53,3182.7,UPI,Walk-in
SAL20250064622,2025-07-11,STR027,PRD00863,2,1338.83,0.0,2677.66,1490.12,Debit Card,Premium
SAL20250064623,2025-07-20,STR016,PRD00692,3,1997.13,0.05,5691.82,4337.7,UPI,Corporate
SAL20250064624,2025-07-24,STR005,PRD01017,1,1092.19,0.0,1092.19,591.69,UPI,Regular
SAL20250064625,2025-07-19,STR025,PRD00536,2,393.56,0.0,787.12,541.9,Credit Card,Regular
SAL20250064626,2025-07-15,STR003,PRD01073,1,4074.99,0.0,4074.99,2440.45,Debit Card,Regular
SAL20250064627,2025-07-03,STR029,PRD00417,2,788.29,0.0,1576.58,1323.42,UPI,Premium
SAL20250064628,2025-07-10,STR005,PRD00855,4,2084.62,0.0,8338.48,6102.2,Cash,Corporate
SAL20250064629,2025-07-21,STR028,PRD00247,1,8119.57,0.0,8119.57,4992.42,UPI,Walk-in
SAL20250064630,2025-07-16,STR026,PRD00763,1,3968.33,0.1,3571.5,2850.9,UPI,Corporate
SAL20250064631,2025-07-16,STR020,PRD00017,1,6386.7,0.1,5748.03,4504.98,Credit Card,Premium
SAL20250064632,2025-07-11,STR001,PRD00273,2,1306.29,0.0,2612.58,1517.74,Net Banking,Walk-in
SAL20250064633,2025-07-13,STR017,PRD00145,3,2570.9,0.0,7712.7,5063.43,UPI,Walk-in
SAL20250064634,2025-07-28,STR002,PRD00522,1,1139.79,0.1,1025.81,875.83,Cash,Walk-in
SAL20250064635,2025-07-05,STR033,PRD00422,1,218.73,0.0,218.73,166.93,UPI,Regular
SAL20250064636,2025-07-09,STR012,PRD00531,1,217.65,0.0,217.65,182.2,UPI,Premium
SAL20250064637,2025-07-09,STR036,PRD01073,4,4074.99,0.0,16299.96,9761.8,UPI,Premium
SAL20250064638,2025-07-01,STR015,PRD00529,2,569.27,0.0,1138.54,980.62,UPI,Regular
SAL20250064639,2025-07-12,STR004,PRD00163,1,12710.38,0.0,12710.38,7712.99,UPI,Premium
SAL20250064640,2025-07-15,STR006,PRD01074,1,6150.42,0.0,6150.42,3269.15,UPI,Walk-in
SAL20250064641,2025-07-13,STR031,PRD00538,4,57.89,0.0,231.56,167.12,Credit Card,Regular
SAL20250064642,2025-07-28,STR007,PRD00017,1,6386.7,0.0,6386.7,4504.98,UPI,Walk-in
SAL20250064643,2025-07-08,STR032,PRD00002,1,1289.58,0.0,1289.58,870.9,Cash,Premium
SAL20250064644,2025-07-20,STR008,PRD01116,2,792.37,0.0,1584.74,792.64,Debit Card,Premium
SAL20250064645,2025-07-19,STR031,PRD00147,1,10113.79,0.0,10113.79,6299.23,UPI,Corporate
SAL20250064646,2025-07-07,STR003,PRD00278,3,439.84,0.05,1253.54,876.21,Credit Card,Premium
SAL20250064647,2025-07-24,STR009,PRD00072,1,4522.2,0.05,4296.09,3124.59,Credit Card,Regular
SAL20250064648,2025-07-14,STR018,PRD00541,2,685.8,0.0,1371.6,811.14,Cash,Premium
SAL20250064649,2025-07-12,STR027,PRD00450,1,377.7,0.05,358.81,290.54,Cash,Premium
SAL20250064650,2025-07-25,STR003,PRD00634,1,509.03,0.0,509.03,298.96,UPI,Corporate
SAL20250064651,2025-07-31,STR022,PRD00003,2,810.89,0.05,1540.69,1068.48,Credit Card,Regular
SAL20250064652,2025-07-22,STR041,PRD01128,1,2522.35,0.0,2522.35,1440.68,UPI,Walk-in
SAL20250064653,2025-07-14,STR004,PRD00730,1,3497.66,0.0,3497.66,2580.93,UPI,Regular
SAL20250064654,2025-07-10,STR013,PRD00946,3,937.06,0.1,2530.06,1576.74,Debit Card,Premium
SAL20250064655,2025-07-18,STR034,PRD00351,1,802.18,0.1,721.96,503.24,Cash,Walk-in
SAL20250064656,2025-07-09,STR012,PRD00673,1,2685.18,0.0,2685.18,1698.29,Debit Card,Regular
SAL20250064657,2025-07-22,STR037,PRD01149,1,4599.19,0.0,4599.19,2334.77,UPI,Regular
SAL20250064658,2025-07-09,STR028,PRD00042,1,15775.49,0.0,15775.49,11939.67,Credit Card,Walk-in
SAL20250064659,2025-07-23,STR040,PRD01029,1,762.26,0.0,762.26,543.36,UPI,Regular
SAL20250064660,2025-07-16,STR015,PRD00666,2,224.43,0.0,448.86,325.42,Cash,Regular
SAL20250064661,2025-07-12,STR020,PRD00849,2,315.58,0.0,631.16,423.56,UPI,Premium
SAL20250064662,2025-07-18,STR008,PRD00601,1,50.1,0.0,50.1,30.82,Credit Card,Regular
SAL20250064663,2025-07-02,STR036,PRD00188,1,6172.58,0.0,6172.58,4027.57,UPI,Premium
SAL20250064664,2025-07-24,STR038,PRD00082,2,9499.68,0.0,18999.36,13104.88,Cash,Regular
SAL20250064665,2025-07-14,STR002,PRD00537,1,133.85,0.0,133.85,78.78,Credit Card,Walk-in
SAL20250064666,2025-07-22,STR025,PRD00069,1,11744.39,0.0,11744.39,7701.34,UPI,Regular
SAL20250064667,2025-07-08,STR040,PRD01012,2,896.48,0.0,1792.96,1165.16,Credit Card,Walk-in
SAL20250064668,2025-07-20,STR023,PRD00388,1,522.1,0.0,522.1,256.49,Debit Card,Corporate
SAL20250064669,2025-07-04,STR015,PRD01045,1,910.12,0.0,910.12,471.24,UPI,Regular
SAL20250064670,2025-07-31,STR024,PRD00904,2,2811.36,0.0,5622.72,3719.94,Cash,Walk-in
SAL20250064671,2025-07-03,STR012,PRD00936,1,964.58,0.0,964.58,620.53,UPI,Walk-in
SAL20250064672,2025-07-19,STR029,PRD00293,1,859.61,0.0,859.61,442.5,UPI,Walk-in
SAL20250064673,2025-07-17,STR019,PRD00764,1,3332.71,0.0,3332.71,1836.11,Net Banking,Regular
SAL20250064674,2025-07-28,STR028,PRD01187,2,5464.91,0.0,10929.82,6709.98,Net Banking,Regular
SAL20250064675,2025-07-04,STR007,PRD01131,1,6280.13,0.0,6280.13,3425.53,Debit Card,Regular
SAL20250064676,2025-07-01,STR026,PRD00498,2,178.55,0.0,357.1,276.3,UPI,Regular
SAL20250064677,2025-07-25,STR012,PRD00797,1,567.41,0.0,567.41,411.41,Credit Card,Premium
SAL20250064678,2025-07-28,STR027,PRD00644,3,812.84,0.0,2438.52,1357.17,Cash,Regular
SAL20250064679,2025-07-02,STR007,PRD00048,1,26663.85,0.0,26663.85,18297.1,UPI,Walk-in
SAL20250064680,2025-07-04,STR026,PRD01059,6,553.69,0.1,2989.93,2210.16,UPI,Premium
SAL20250064681,2025-07-25,STR001,PRD01187,2,5464.91,0.0,10929.82,6709.98,Credit Card,Premium
SAL20250064682,2025-07-01,STR028,PRD00961,3,294.28,0.0,882.84,475.59,Debit Card,Regular
SAL20250064683,2025-07-25,STR018,PRD00826,1,174.23,0.0,174.23,120.2,UPI,Regular
SAL20250064684,2025-07-14,STR038,PRD00972,4,1079.34,0.0,4317.36,2516.0,UPI,Walk-in
SAL20250064685,2025-07-23,STR041,PRD00574,5,560.83,0.0,2804.15,1692.8,Cash,Regular
SAL20250064686,2025-07-19,STR020,PRD00526,4,712.58,0.0,2850.32,2368.96,Debit Card,Regular
SAL20250064687,2025-07-20,STR019,PRD00848,2,2441.1,0.0,4882.2,3232.64,Debit Card,Walk-in
SAL20250064171,2025-07-14,STR037,PRD00678,1,3485.6,0.05,3311.32,2254.91,UPI,Regular
SAL20250064689,2025-07-06,STR029,PRD00178,1,9669.95,0.0,9669.95,6949.73,Credit Card,Regular
SAL20250064690,2025-07-05,STR017,PRD00388,1,522.1,0.1,469.89,256.49,Credit Card,Premium
SAL20250064691,2025-07-28,STR012,PRD00603,3,196.91,0.0,590.73,392.88,Net Banking,Regular
SAL20250064692,2025-07-23,STR005,PRD00498,1,178.55,0.0,178.55,138.15,Debit Card,Walk-in
SAL20250064693,2025-07-13,STR021,PRD00785,4,4604.98,0.0,18419.92,11019.32,UPI,Walk-in
SAL20250064694,2025-07-23,STR006,PRD00688,4,2802.62,0.0,11210.48,8355.36,Credit Card,Regular
SAL20250064695,2025-07-27,STR014,PRD00255,1,3159.1,0.0,3159.1,2283.27,Credit Card,Walk-in
SAL20250064696,2025-07-06,STR030,PRD00939,3,463.84,0.1,1252.37,727.02,UPI,Regular
SAL20250064697,2025-07-25,STR029,PRD00414,2,546.79,0.0,1093.58,850.64,Credit Card,Corporate
SAL20250064698,2025-07-14,STR019,PRD00734,1,817.34,0.0,817.34,469.79,UPI,Premium
SAL20250064699,2025-07-02,STR025,PRD00753,1,4495.87,0.0,4495.87,2621.72,UPI,Regular
SAL20250064700,2025-07-19,STR014,PRD00315,2,452.88,0.0,905.76,562.88,UPI,Walk-in
SAL20250064701,2025-07-23,STR039,PRD00162,1,9916.48,0.05,9420.66,6686.04,UPI,Walk-in
SAL20250064702,2025-07-06,STR038,PRD01088,1,4543.5,0.0,4543.5,1992.55,UPI,Walk-in
SAL20250064703,2025-07-01,STR037,PRD00444,1,347.0,0.0,347.0,285.96,Debit Card,Regular
SAL20250064704,2025-07-30,STR004,PRD00133,1,10102.94,0.1,9092.65,6680.78,Debit Card,Regular
SAL20250064705,2025-07-26,STR008,PRD00889,3,2052.09,0.0,6156.27,4422.45,UPI,Premium
SAL20250064706,2025-07-02,STR018,PRD00975,2,912.31,0.0,1824.62,1197.0,UPI,Walk-in
SAL20250064707,2025-07-08,STR025,PRD00195,1,4088.9,0.1,3680.01,3108.85,Credit Card,Regular
SAL20250064708,2025-07-18,STR040,PRD00628,1,365.09,0.0,365.09,210.81,UPI,Regular
SAL20250064709,2025-07-14,STR037,PRD00861,1,3212.99,0.0,3212.99,1773.8,Net Banking,Premium
SAL20250064710,2025-07-01,STR030,PRD00924,2,261.16,0.0,522.32,389.0,UPI,Regular
SAL20250064711,2025-07-19,STR002,PRD00649,4,333.14,0.0,1332.56,955.84,UPI,Regular
SAL20250064712,2025-07-31,STR038,PRD00800,1,478.19,0.0,478.19,324.59,Net Banking,Regular
SAL20250064713,2025-07-18,STR013,PRD00069,1,11744.39,0.1,10569.95,7701.34,Net Banking,Regular
SAL20250064714,2025-07-30,STR014,PRD00148,1,6813.06,0.0,6813.06,4694.28,Debit Card,Regular
SAL20250064715,2025-07-13,STR008,PRD00311,1,936.08,0.1,842.47,578.34,Debit Card,Corporate
SAL20250064716,2025-07-04,STR002,PRD00474,2,108.22,0.0,216.44,178.74,Debit Card,Premium
SAL20250064717,2025-07-22,STR002,PRD00798,1,1720.26,0.0,1720.26,961.55,UPI,Regular
SAL20250064718,2025-07-04,STR028,PRD00877,1,1728.24,0.0,1728.24,1211.91,Credit Card,Regular
SAL20250064719,2025-07-21,STR014,PRD00664,2,181.84,0.0,363.68,218.42,UPI,Walk-in
SAL20250064720,2025-07-29,STR033,PRD00648,2,715.75,0.0,1431.5,914.54,UPI,Walk-in
SAL20250064721,2025-07-23,STR020,PRD00995,4,585.44,0.0,2341.76,1670.88,Net Banking,Walk-in
SAL20250064722,2025-07-07,STR017,PRD00043,1,22998.01,0.0,22998.01,15302.97,Credit Card,Walk-in
SAL20250064723,2025-07-31,STR004,PRD00366,1,994.61,0.0,994.61,474.73,UPI,Regular
SAL20250064724,2025-07-14,STR008,PRD00279,3,704.62,0.05,2008.17,1337.76,UPI,Regular
SAL20250064725,2025-07-12,STR039,PRD00421,1,579.98,0.0,579.98,486.5,Net Banking,Corporate
SAL20250064726,2025-07-08,STR017,PRD00046,1,12754.14,0.05,12116.43,8397.4,UPI,Corporate
SAL20250064727,2025-07-02,STR005,PRD00231,1,9171.94,0.0,9171.94,6705.09,UPI,Regular
SAL20250064728,2025-07-14,STR008,PRD00248,1,9547.84,0.0,9547.84,6877.51,UPI,Walk-in
SAL20250064729,2025-07-17,,PRD00048,1,26663.85,0.0,26663.85,18297.1,UPI,Regular
SAL20250064730,2025-07-24,STR009,PRD00846,1,1551.36,0.0,1551.36,1102.23,UPI,Premium
SAL20250064731,2025-07-17,STR041,PRD01089,1,8670.13,0.0,8670.13,3797.02,Debit Card,Regular
SAL20250064732,2025-07-02,STR033,PRD00433,2,1065.88,0.0,2131.76,1723.5,Debit Card,Walk-in
SAL20250064733,2025-07-12,STR024,PRD00647,1,284.75,0.0,284.75,189.07,UPI,Walk-in
SAL20250064734,2025-07-25,STR008,PRD00097,3,19452.93,0.0,58358.79,43313.58,Debit Card,Regular
SAL20250064735,2025-07-14,STR028,PRD00324,2,1095.89,0.05,2082.19,1429.82,Credit Card,Regular
SAL20250064736,2025-07-21,STR033,PRD00388,1,522.1,0.0,522.1,256.49,Debit Card,Walk-in
SAL20250064737,2025-07-23,STR036,PRD01090,1,4828.9,0.1,4346.01,3064.56,UPI,Corporate
SAL20250064738,2025-07-11,STR025,PRD00494,3,893.47,0.0,2680.41,2048.19,Debit Card,Walk-in
SAL20250064739,2025-07-01,STR013,PRD00635,2,332.03,0.0,664.06,414.6,UPI,Premium
SAL20250064740,2025-07-19,STR036,PRD00710,2,4042.5,0.0,8085.0,4447.98,Debit Card,Walk-in
SAL20250064741,2025-07-14,STR012,PRD00621,1,335.41,0.0,335.41,235.43,Credit Card,Walk-in
SAL20250064742,2025-07-31,STR034,PRD00961,2,294.28,0.0,588.56,317.06,UPI,Walk-in
SAL20250064743,2025-07-23,STR032,PRD00588,1,125.09,0.0,125.09,90.39,UPI,Regular
SAL20250064744,2025-07-14,STR027,PRD00147,2,10113.79,0.05,19216.2,12598.46,UPI,Corporate
SAL20250064745,2025-07-06,STR005,PRD00554,1,805.55,0.0,805.55,466.41,UPI,Regular
SAL20250064746,2025-07-12,STR031,PRD00041,1,19732.0,0.0,19732.0,14953.27,UPI,Walk-in
SAL20250064747,2025-07-09,STR038,PRD00477,5,121.21,0.0,606.05,488.3,UPI,Regular
SAL20250064748,2025-07-08,STR030,PRD00311,1,936.08,0.0,936.08,578.34,UPI,Walk-in
SAL20250064749,2025-07-04,STR008,PRD01160,4,7696.75,0.1,27708.3,13963.36,Credit Card,Regular
SAL20250064750,2025-07-15,STR003,PRD00671,2,327.72,0.1,589.9,416.02,Credit Card,Corporate
SAL20250064751,2025-07-07,STR036,PRD00895,3,472.54,0.0,1417.62,892.2,Cash,Regular
SAL20250064752,2025-07-28,STR025,PRD00785,2,4604.98,0.0,9209.96,5509.66,Cash,Regular
SAL20250064753,2025-07-08,STR002,PRD00394,4,327.5,0.0,1310.0,874.04,UPI,Regular
SAL20250064754,2025-07-08,STR007,PRD00325,2,1273.47,0.05,2419.59,1174.02,Credit Card,Premium
SAL20250064755,2025-07-24,STR001,PRD00248,1,9547.84,0.0,9547.84,6877.51,UPI,Regular
SAL20250064756,2025-07-27,STR006,PRD00791,1,855.75,0.0,855.75,599.47,Credit Card,Walk-in
SAL20250064757,2025-07-02,STR029,PRD00928,4,2503.87,0.0,10015.48,7250.12,Cash,Regular
SAL20250064758,2025-07-24,STR001,PRD01005,3,682.39,0.0,2047.17,1427.1,UPI,Regular
SAL20250064759,2025-07-14,STR016,PRD00137,1,8245.04,0.0,8245.04,6423.44,UPI,Premium
SAL20250064760,2025-07-14,STR025,PRD00246,1,1945.93,0.1,1751.34,1239.78,Credit Card,Walk-in
SAL20250064761,2025-07-29,STR028,PRD00290,1,747.46,0.05,710.09,478.32,UPI,Walk-in
SAL20250064762,2025-07-13,STR016,PRD00156,1,1591.76,0.0,1591.76,1231.95,Cash,Corporate
SAL20250064763,2025-07-01,STR005,PRD00567,1,365.44,0.0,365.44,226.96,Cash,Regular
SAL20250064764,2025-07-23,STR008,PRD00854,1,2355.83,0.0,2355.83,1467.93,UPI,Walk-in
SAL20250064765,2025-07-22,STR008,PRD00593,5,596.07,0.0,2980.35,1929.2,UPI,Walk-in
SAL20250064766,2025-07-30,STR030,PRD00008,1,14817.35,0.0,14817.35,10393.47,Credit Card,Premium
SAL20250064767,2025-07-13,STR012,PRD00826,1,174.23,0.0,174.23,120.2,UPI,Premium
SAL20250064768,2025-07-30,STR023,PRD00222,2,8948.67,0.0,17897.34,13161.68,Net Banking,Regular
SAL20250064769,2025-07-27,STR040,PRD00313,1,1406.36,0.0,1406.36,639.34,UPI,Regular
SAL20250064770,2025-07-12,STR036,PRD00943,4,787.16,0.0,3148.64,2129.76,Net Banking,Walk-in
SAL20250064771,2025-07-11,STR030,PRD00557,2,210.61,0.05,400.16,268.86,Credit Card,Regular
SAL20250064772,2025-07-11,STR025,PRD00405,1,917.35,0.0,917.35,803.86,Credit Card,Premium
SAL20250064773,2025-07-09,STR041,PRD00232,1,6785.18,0.0,6785.18,4843.37,UPI,Premium
SAL20250064774,2025-07-18,STR029,PRD01034,1,310.11,0.0,310.11,217.72,Credit Card,Regular
SAL20250064775,2025-07-10,STR009,PRD01060,2,277.54,0.0,555.08,396.7,UPI,Regular
SAL20250064776,2025-07-13,STR009,PRD00784,1,1985.25,0.0,1985.25,1302.04,Cash,Walk-in
SAL20250064777,2025-07-08,STR029,PRD00522,2,1139.79,0.0,2279.58,1751.66,Debit Card,Corporate
SAL20250064778,2025-07-11,STR015,PRD00958,1,274.5,0.05,260.77,191.73,Net Banking,Premium
SAL20250064779,2025-07-18,STR035,PRD00921,2,3248.47,0.05,6172.09,3667.88,Debit Card,Premium
SAL20250064780,2025-07-06,STR007,PRD00205,1,2084.53,0.0,2084.53,1335.1,Debit Card,Walk-in
SAL20250064781,2025-07-22,STR029,PRD00606,2,516.03,0.0,1032.06,617.14,UPI,Regular
SAL20250064782,2025-07-05,STR031,PRD00170,1,1380.75,0.0,1380.75,918.49,UPI,Walk-in
SAL20250064783,2025-07-13,STR019,PRD00210,1,8463.87,0.0,8463.87,5533.2,Credit Card,Walk-in
SAL20250064784,2025-07-30,STR022,PRD00646,1,108.22,0.0,108.22,65.79,UPI,Regular
SAL20250064785,2025-07-15,STR011,PRD01075,2,6164.63,0.0,12329.26,6356.56,UPI,Premium
SAL20250064786,2025-07-13,STR007,PRD00853,1,3236.74,0.0,3236.74,1868.14,Debit Card,Regular
SAL20250064787,2025-07-21,STR040,PRD00105,1,9145.0,0.0,9145.0,7010.14,Cash,Regular
SAL20250064788,2025-07-07,STR033,PRD00140,1,6378.06,0.0,6378.06,4851.7,UPI,Walk-in
SAL20250064789,2025-07-11,STR040,PRD00736,4,1942.77,0.0,7771.08,4966.2,Credit Card,Walk-in
SAL20250064790,2025-07-29,STR036,PRD00721,4,2330.52,0.0,9322.08,6910.52,Credit Card,Walk-in
SAL20250064791,2025-07-28,STR019,PRD01061,1,1015.91,0.05,965.11,535.53,UPI,Walk-in
SAL20250064792,2025-07-20,STR019,PRD01073,1,4074.99,0.0,4074.99,2440.45,Credit Card,Regular
SAL20250064793,2025-07-08,STR040,PRD00729,2,3595.95,0.0,7191.9,5115.44,Cash,Regular
SAL20250064794,2025-07-27,STR034,PRD00124,1,10921.57,0.0,10921.57,7123.55,Credit Card,Walk-in
SAL20250064795,2025-07-04,STR002,PRD00852,1,1751.61,0.05,1664.03,1214.84,UPI,Premium
SAL20250064796,2025-07-14,STR015,PRD01059,2,553.69,0.05,1052.01,736.72,UPI,Premium
SAL20250064797,2025-07-31,STR004,PRD01093,2,4476.19,0.0,8952.38,5774.04,Credit Card,Walk-in
SAL20250064798,2025-07-27,STR041,PRD00608,1,314.95,0.1,283.45,234.14,Debit Card,Walk-in
SAL20250064799,2025-07-31,STR003,PRD00110,1,26501.66,0.0,26501.66,18492.65,Credit Card,Walk-in
SAL20250064800,2025-07-10,STR040,PRD00785,1,4604.98,0.0,4604.98,2754.83,Cash,Walk-in
SAL20250064801,2025-07-28,STR036,PRD00662,1,192.14,0.0,192.14,140.96,UPI,Regular
SAL20250064802,2025-07-05,STR001,PRD00013,3,17378.5,0.0,52135.5,38586.27,Cash,Regular
SAL20250064803,2025-07-10,STR020,PRD00062,1,21073.23,0.0,21073.23,13798.59,UPI,Walk-in
SAL20250064804,2025-07-06,STR010,PRD01010,3,762.29,0.0,2286.87,1198.56,UPI,Walk-in
SAL20250064805,2025-07-17,STR023,PRD00058,2,3380.1,0.05,6422.19,5137.0,Credit Card,Walk-in
SAL20250064806,2025-07-01,STR006,PRD00495,2,212.14,0.0,424.28,328.54,Credit Card,Premium
SAL20250064807,2025-07-28,STR032,PRD00410,1,245.81,0.0,245.81,192.76,Credit Card,Premium
SAL20250064808,2025-07-07,STR008,PRD00283,1,917.06,0.0,917.06,431.47,Cash,Regular
SAL20250064809,2025-07-09,STR009,PRD00929,1,3367.15,0.0,3367.15,2036.24,UPI,Premium
SAL20250064810,2025-07-31,STR019,PRD00465,1,578.8,0.0,578.8,442.8,Cash,Walk-in
SAL20250064811,2025-07-30,STR039,PRD01143,2,5565.18,0.1,10017.32,6314.64,UPI,Walk-in
SAL20250064812,2025-07-09,STR020,PRD00353,1,948.44,0.05,901.02,529.81,Credit Card,Regular
SAL20250064813,2025-07-05,STR013,PRD01079,2,323.52,0.0,647.04,383.08,UPI,Regular
SAL20250064814,2025-07-17,STR030,PRD00580,2,372.59,0.05,707.92,422.6,UPI,Regular
SAL20250064815,2025-07-20,STR030,PRD00914,1,3460.6,0.0,3460.6,2200.72,Cash,Premium
SAL20250064816,2025-07-06,STR023,PRD00185,1,1926.14,0.0,1926.14,1500.04,UPI,Regular
SAL20250064817,2025-07-06,STR030,PRD00565,1,107.78,0.0,107.78,61.48,Debit Card,Walk-in
SAL20250064818,2025-07-08,STR025,PRD00699,1,2305.84,0.0,2305.84,1522.28,UPI,Regular
SAL20250064819,2025-07-16,STR023,PRD00824,2,3034.92,0.0,6069.84,4333.06,UPI,Regular
SAL20250064820,2025-07-02,STR009,PRD00705,1,488.73,0.0,488.73,328.43,Net Banking,Regular
SAL20250064821,2025-07-10,STR022,PRD01116,1,792.37,0.05,752.75,396.32,Credit Card,Regular
SAL20250064822,2025-07-28,STR034,PRD00844,1,3943.03,0.0,3943.03,2224.57,UPI,Walk-in
SAL20250064823,2025-07-17,STR016,PRD00766,4,1923.71,0.0,7694.84,5471.96,Credit Card,Walk-in
SAL20250064824,2025-07-24,STR036,PRD01183,1,7827.71,0.05,7436.32,3332.0,Debit Card,Walk-in
SAL20250064825,2025-07-15,STR023,PRD01096,1,3066.12,0.0,3066.12,1714.26,UPI,Walk-in
SAL20250064826,2025-07-17,STR023,PRD00087,2,23253.22,0.0,46506.44,31405.88,Net Banking,Walk-in
SAL20250064827,2025-07-12,STR016,PRD00979,5,62.69,0.0,313.45,187.15,UPI,Regular
SAL20250064828,2025-07-22,STR034,PRD00090,1,8184.6,0.1,7366.14,5556.86,Cash,Walk-in
SAL20250064829,2025-07-05,STR040,PRD00632,2,758.72,0.0,1517.44,860.12,Debit Card,Walk-in
SAL20250064830,2025-07-01,STR007,PRD00487,3,92.35,0.0,277.05,236.52,Credit Card,Regular
SAL20250064831,2025-07-22,STR014,PRD00752,2,4535.72,0.0,9071.44,6045.78,Credit Card,Corporate
SAL20250064832,2025-07-05,STR027,PRD00811,1,243.22,0.0,243.22,140.95,UPI,Regular
SAL20250064833,2025-07-01,STR015,PRD00242,1,3336.56,0.0,3336.56,2557.66,UPI,Regular
SAL20250064834,2025-07-26,STR040,PRD01181,3,2062.42,0.0,6187.26,3848.49,Cash,Regular
SAL20250064835,2025-07-25,STR024,PRD00879,1,2290.26,0.05,2175.75,1614.23,UPI,Corporate
SAL20250064836,2025-07-26,STR023,PRD00197,1,4849.89,0.1,4364.9,3779.03,Debit Card,Walk-in
SAL20250064837,2025-07-14,STR010,PRD00470,2,416.77,0.0,833.54,650.22,Debit Card,Regular
SAL20250064838,2025-07-31,STR033,PRD00010,1,14520.45,0.05,13794.43,11774.44,Net Banking,Walk-in
SAL20250064839,2025-07-21,STR036,PRD00979,2,62.69,0.1,112.84,74.86,Cash,Premium
SAL20250064840,2025-07-16,STR021,PRD00586,4,648.21,0.0,2592.84,1760.04,UPI,Walk-in
SAL20250064841,2025-07-26,STR007,PRD00047,1,27210.89,0.0,27210.89,17922.95,Debit Card,Regular
SAL20250064842,2025-07-10,STR021,PRD00484,1,678.16,0.0,678.16,567.54,UPI,Walk-in
SAL20250064843,2025-07-11,STR015,PRD00977,1,417.51,0.1,375.76,282.28,Net Banking,Regular
SAL20250064844,2025-07-09,STR018,PRD00459,5,918.25,0.0,4591.25,3675.05,UPI,Regular
SAL20250064845,2025-07-14,STR023,PRD00674,2,2861.74,0.0,5723.48,3181.18,Credit Card,Walk-in
SAL20250064846,2025-07-24,STR035,PRD00745,1,2529.52,0.0,2529.52,1829.18,Credit Card,Walk-in
SAL20250064847,2025-07-27,STR039,PRD00860,1,694.13,0.0,694.13,417.51,UPI,Regular
SAL20250064848,2025-07-11,STR017,PRD00752,1,4535.72,0.0,4535.72,3022.89,UPI,Walk-in
SAL20250064849,2025-07-12,STR017,PRD00173,1,9167.15,0.05,8708.79,5751.32,UPI,Corporate
SAL20250064850,2025-07-13,STR025,PRD00963,5,93.93,0.0,469.65,318.8,Debit Card,Walk-in
SAL20250064851,2025-07-31,STR038,PRD00216,1,11614.64,0.0,11614.64,7226.78,UPI,Regular
SAL20250064852,2025-07-26,STR016,PRD00238,1,4984.73,0.0,4984.73,3134.78,UPI,Regular
SAL20250064853,2025-07-30,STR006,PRD00852,1,1751.61,0.0,1751.61,1214.84,Debit Card,Corporate
SAL20250064854,2025-07-23,STR024,PRD01068,3,5954.4,0.1,16076.88,10485.6,UPI,Regular
SAL20250064855,2025-07-17,STR034,PRD00097,1,19452.93,0.05,18480.28,14437.86,UPI,Walk-in
SAL20250064856,2025-07-31,STR017,PRD01165,1,6335.51,0.0,6335.51,3028.69,Debit Card,Regular
SAL20250064857,2025-07-03,STR011,PRD00024,1,23723.95,0.0,23723.95,15500.24,UPI,Regular
SAL20250064858,2025-07-23,STR038,PRD00402,5,947.11,0.0,4735.55,4090.3,Debit Card,Walk-in
SAL20250064859,2025-07-02,STR023,PRD00150,1,1288.03,0.0,1288.03,897.46,Net Banking,Regular
SAL20250064860,2025-07-17,STR040,PRD00528,3,1118.04,0.0,3354.12,2839.02,Credit Card,Regular
SAL20250064861,2025-07-29,STR001,PRD00537,1,133.85,0.0,133.85,78.78,UPI,Regular
SAL20250064862,2025-07-25,STR029,PRD00456,3,215.04,0.05,612.86,509.97,Cash,Regular
SAL20250064863,2025-07-21,STR039,PRD00245,1,6730.38,0.0,6730.38,4429.31,UPI,Walk-in
SAL20250064864,2025-07-12,STR026,PRD00350,1,1107.22,0.1,996.5,735.62,Net Banking,Regular
SAL20250064865,2025-07-21,STR013,PRD01098,1,1920.11,0.05,1824.1,1122.86,UPI,Regular
SAL20250064866,2025-07-06,STR024,PRD01113,2,4340.13,0.0,8680.26,4031.84,UPI,Regular
SAL20250064867,2025-07-18,STR019,PRD00519,4,818.33,0.0,3273.32,2571.6,Debit Card,Regular
SAL20250064868,2025-07-24,STR026,PRD00294,1,1047.83,0.0,1047.83,653.04,Debit Card,Regular
SAL20250064869,2025-07-22,STR026,PRD00544,2,114.7,0.1,206.46,165.48,UPI,Regular
SAL20250064870,2025-07-09,STR031,PRD01128,1,2522.35,0.0,2522.35,1440.68,Debit Card,Walk-in
SAL20250064871,2025-07-08,STR034,PRD00454,3,238.81,0.0,716.43,546.9,UPI,Walk-in
SAL20250064872,2025-07-12,STR017,PRD00356,3,1354.34,0.0,4063.02,2202.54,Cash,Premium
SAL20250064873,2025-07-18,STR005,PRD01109,2,5029.33,0.05,9555.73,5536.84,UPI,Regular
SAL20250064874,2025-07-16,STR011,PRD00724,2,2856.14,0.0,5712.28,3188.82,UPI,Walk-in
SAL20250064875,2025-07-18,STR030,PRD00707,1,2433.38,0.0,2433.38,1626.72,UPI,Premium
SAL20250064876,2025-07-02,STR024,PRD00619,10,215.37,0.0,2153.7,1393.3,Debit Card,Premium
SAL20250064877,2025-07-11,STR003,PRD00152,1,8357.62,0.1,7521.86,5421.82,Credit Card,Walk-in
SAL20250064878,2025-07-17,STR021,PRD00593,3,596.07,0.0,1788.21,1157.52,Debit Card,Walk-in
SAL20250064879,2025-07-24,STR010,PRD00215,1,9358.07,0.05,8890.17,6525.15,Cash,Walk-in
SAL20250064880,2025-07-30,STR019,PRD00937,1,262.48,0.05,249.36,177.56,UPI,Regular
SAL20250064881,2025-07-10,STR018,PRD00575,4,90.77,0.0,363.08,268.32,UPI,Premium
SAL20250064882,2025-07-14,STR004,PRD00959,1,664.61,0.0,664.61,402.69,Cash,Premium
SAL20250064883,2025-07-20,STR012,PRD01086,1,5541.98,0.1,4987.78,3222.42,Credit Card,Regular
SAL20250064884,2025-07-23,STR029,PRD00984,4,34.1,0.0,136.4,80.08,UPI,Regular
SAL20250064885,2025-07-05,STR024,PRD00789,1,4846.68,0.0,4846.68,2934.91,Credit Card,Premium
SAL20250064886,2025-07-05,STR040,PRD00916,2,3924.97,0.0,7849.94,4541.56,Debit Card,Walk-in
SAL20250064887,2025-07-10,STR009,PRD01126,3,2931.04,0.0,8793.12,4954.11,UPI,Walk-in
SAL20250064888,2025-07-03,STR025,PRD00083,1,9369.31,0.0,9369.31,6462.27,Credit Card,Walk-in
SAL20250064889,2025-07-07,STR021,PRD01198,3,7043.58,0.0,21130.74,13296.69,Credit Card,Corporate
SAL20250064890,2025-07-28,STR021,PRD01158,2,7747.18,0.0,15494.36,8354.56,Cash,Walk-in
SAL20250064891,2025-07-18,STR029,PRD00716,2,1780.84,0.0,3561.68,2014.92,UPI,Regular
SAL20250064892,2025-07-10,STR014,PRD00869,1,3787.4,0.0,3787.4,2366.4,Cash,Regular
SAL20250064893,2025-07-21,STR038,PRD00691,1,1815.13,0.0,1815.13,1149.93,UPI,Regular
SAL20250064894,2025-07-15,STR023,PRD00433,3,1065.88,0.1,2877.88,2585.25,Cash,Regular
SAL20250064895,2025-07-18,STR014,PRD00970,4,370.51,0.1,1333.84,959.08,UPI,Regular
SAL20250064896,2025-07-08,STR011,PRD01012,1,896.48,0.0,896.48,582.58,UPI,Walk-in
SAL20250064897,2025-07-19,STR032,PRD00658,1,338.62,0.0,338.62,227.68,Cash,Walk-in
SAL20250064898,2025-07-25,STR010,PRD01141,1,1387.21,0.05,1317.85,810.65,UPI,Regular
SAL20250064899,2025-07-28,STR024,PRD00709,2,232.93,0.0,465.86,306.1,Credit Card,Regular
SAL20250064900,2025-07-02,STR009,PRD00845,3,2226.26,0.0,6678.78,4570.23,Debit Card,Walk-in
SAL20250064901,2025-07-16,STR033,PRD00133,1,10102.94,0.0,10102.94,6680.78,Debit Card,Regular
SAL20250064902,2025-07-08,STR024,PRD00589,3,435.23,0.1,1175.12,762.12,Debit Card,Regular
SAL20250064903,2025-07-22,STR028,PRD01156,1,3916.29,0.1,3524.66,2267.77,Debit Card,Walk-in
SAL20250064904,2025-07-31,STR009,PRD01146,1,2954.25,0.0,2954.25,1488.77,Debit Card,Walk-in
SAL20250064905,2025-07-24,STR016,PRD00449,5,236.21,0.0,1181.05,995.7,UPI,Regular
SAL20250064906,2025-07-24,STR031,PRD00865,2,2254.56,0.0,4509.12,2847.86,UPI,Premium
SAL20250064907,2025-07-21,STR033,PRD00517,1,252.82,0.0,252.82,203.03,Net Banking,Walk-in
SAL20250064908,2025-07-03,STR004,PRD00200,3,1880.51,0.1,5077.38,4090.29,UPI,Regular
SAL20250064909,2025-07-04,STR017,PRD00627,4,670.0,0.0,2680.0,1614.84,Credit Card,Premium
SAL20250064910,2025-07-01,STR018,PRD00390,1,1246.69,0.0,1246.69,785.33,UPI,Walk-in
SAL20250064911,2025-07-18,STR005,PRD00541,2,685.8,0.0,1371.6,811.14,Credit Card,Walk-in
SAL20250064912,2025-07-01,STR026,PRD00913,1,3252.33,0.0,3252.33,2160.5,Credit Card,Regular
SAL20250064913,2025-07-30,STR036,PRD00465,4,578.8,0.0,2315.2,1771.2,Cash,Walk-in
SAL20250064914,2025-07-06,STR023,PRD00941,1,737.4,0.0,737.4,511.09,UPI,Regular
SAL20250064915,2025-07-16,STR012,PRD00941,4,737.4,0.1,2654.64,2044.36,Debit Card,Walk-in
SAL20250064916,2025-07-01,STR039,PRD00072,1,4522.2,0.0,4522.2,3124.59,UPI,Regular
SAL20250064917,2025-07-21,STR014,PRD00238,1,4984.73,0.0,4984.73,3134.78,Net Banking,Walk-in
SAL20250064918,2025-07-21,STR006,PRD00419,1,950.16,0.0,950.16,763.92,UPI,Regular
SAL20250064919,2025-07-28,STR035,PRD01158,1,7747.18,0.05,7359.82,4177.28,UPI,Regular
SAL20250064920,2025-07-09,STR007,PRD00038,1,2962.9,0.0,2962.9,2113.53,Credit Card,Walk-in
SAL20250064921,2025-07-26,STR025,PRD01112,2,3077.42,0.0,6154.84,3116.38,Net Banking,Corporate
SAL20250064922,2025-07-13,STR016,PRD01005,3,682.39,0.0,2047.17,1427.1,UPI,Regular
SAL20250064923,2025-07-14,STR037,PRD00049,2,4540.51,0.0,9081.02,6056.22,UPI,Regular
SAL20250064924,2025-07-04,STR029,PRD00584,3,232.29,0.0,696.87,427.05,Credit Card,Walk-in
SAL20250064925,2025-07-21,STR007,PRD00226,3,3456.4,0.0,10369.2,6366.03,UPI,Walk-in
SAL20250064926,2025-07-12,STR040,PRD00893,1,963.04,0.05,914.89,603.05,UPI,Regular
SAL20250064927,2025-07-08,STR034,PRD00198,1,4266.35,0.0,4266.35,2976.38,Debit Card,Walk-in
SAL20250064928,2025-07-30,STR034,PRD00421,2,579.98,0.0,1159.96,973.0,Debit Card,Walk-in
SAL20250064929,2025-07-30,STR028,PRD00844,2,3943.03,0.0,7886.06,4449.14,UPI,Premium
SAL20250064930,2025-07-03,STR032,PRD00985,4,79.43,0.0,317.72,220.24,Credit Card,Corporate
SAL20250064931,2025-07-09,STR020,PRD00435,3,718.79,0.0,2156.37,1752.51,Cash,Walk-in
SAL20250064932,2025-07-26,STR034,PRD01197,3,2167.83,0.0,6503.49,3483.54,Credit Card,Regular
SAL20250064933,2025-07-05,STR011,PRD00705,2,488.73,0.0,977.46,656.86,Debit Card,Walk-in
SAL20250064934,2025-07-16,STR034,PRD00489,2,850.74,0.1,1531.33,1381.76,UPI,Regular
SAL20250064935,2025-07-22,STR007,PRD00426,6,496.18,0.1,2679.37,2495.22,UPI,Regular
SAL20250064936,2025-07-15,STR017,PRD00283,1,917.06,0.0,917.06,431.47,UPI,Premium
SAL20250064937,2025-07-08,STR002,PRD01103,3,5704.94,0.0,17114.82,7178.16,UPI,Corporate
SAL20250064938,2025-07-06,STR040,PRD00941,2,737.4,0.0,1474.8,1022.18,UPI,Walk-in
SAL20250064939,2025-07-12,STR023,PRD00718,1,2341.08,0.1,2106.97,1675.99,UPI,Regular
SAL20250064940,2025-07-13,STR022,PRD00565,1,107.78,0.0,107.78,61.48,Credit Card,Walk-in
SAL20250064941,2025-07-17,STR037,PRD00032,1,19217.6,0.0,19217.6,14800.0,Net Banking,Walk-in
SAL20250064942,2025-07-18,STR040,PRD00739,1,2279.96,0.0,2279.96,1541.42,Credit Card,Regular
SAL20250064943,2025-07-10,STR016,PRD00466,1,725.28,0.0,725.28,629.72,Debit Card,Walk-in
SAL20250064944,2025-07-04,STR021,PRD00843,1,1073.63,0.05,1019.95,689.46,UPI,Walk-in
SAL20250064945,2025-07-14,STR001,PRD01159,1,3270.67,0.0,3270.67,1499.26,UPI,Regular
SAL20250064946,2025-07-02,STR006,PRD00839,2,2839.58,0.0,5679.16,3629.94,Debit Card,Regular
SAL20250064947,2025-07-04,STR022,PRD00585,1,401.86,0.0,401.86,289.65,UPI,Walk-in
SAL20250064948,2025-07-08,STR038,PRD00983,5,1007.95,0.0,5039.75,2919.4,Debit Card,Walk-in
SAL20250064949,2025-07-24,STR014,PRD00794,1,5386.59,0.0,5386.59,3160.43,UPI,Regular
SAL20250064950,2025-07-28,STR016,PRD00355,2,304.11,0.0,608.22,327.6,Cash,Regular
SAL20250064951,2025-07-03,STR031,PRD00448,1,612.68,0.0,612.68,518.56,UPI,Premium
SAL20250064952,2025-07-04,STR022,PRD00101,1,2548.25,0.1,2293.43,1803.25,UPI,Regular
SAL20250064953,2025-07-31,STR018,PRD00202,1,1209.84,0.0,1209.84,865.49,Cash,Walk-in
SAL20250064954,2025-07-16,STR011,PRD00504,1,1118.52,0.0,1118.52,934.24,Net Banking,Walk-in
SAL20250064955,2025-07-08,STR008,PRD01030,2,525.24,0.0,1050.48,635.14,UPI,Regular
SAL20250064956,2025-07-13,STR013,PRD01189,4,5263.0,0.0,21052.0,8949.48,Debit Card,Regular
SAL20250064957,2025-07-01,STR009,PRD00451,1,641.37,0.0,641.37,505.23,UPI,Walk-in
SAL20250064958,2025-07-03,STR028,PRD01127,1,730.99,0.0,730.99,319.39,Credit Card,Walk-in
SAL20250064959,2025-07-02,STR018,PRD00656,1,201.0,0.0,201.0,141.1,UPI,Regular
SAL20250064960,2025-07-27,STR004,PRD00094,1,15405.56,0.1,13865.0,12408.34,Cash,Walk-in
SAL20250064961,2025-07-04,STR015,PRD00438,2,638.02,0.0,1276.04,973.78,UPI,Walk-in
SAL20250064962,2025-07-04,STR001,PRD00271,1,660.1,0.05,627.1,418.6,UPI,Premium
SAL20250064963,2025-07-17,STR002,PRD00656,1,201.0,0.05,190.95,141.1,Credit Card,Premium
SAL20250064964,2025-07-20,STR018,PRD00818,2,2330.04,0.0,4660.08,3338.28,Credit Card,Walk-in
SAL20250064965,2025-07-07,STR015,PRD00443,1,206.94,0.0,206.94,167.06,UPI,Regular
SAL20250064966,2025-07-12,STR019,PRD00168,1,8820.25,0.05,8379.24,6611.06,Cash,Premium
SAL20250064967,2025-07-24,STR008,PRD00418,2,378.6,0.0,757.2,630.86,UPI,Walk-in
SAL20250064968,2025-07-11,STR017,PRD00022,1,22149.39,0.0,22149.39,16337.37,UPI,Walk-in
SAL20250064969,2025-07-20,STR029,PRD00868,1,1450.33,0.0,1450.33,912.21,Credit Card,Regular
SAL20250064970,2025-07-17,STR009,PRD00576,1,451.26,0.0,451.26,330.56,Cash,Regular
SAL20250064971,2025-07-25,STR040,PRD00950,1,184.59,0.0,184.59,127.31,UPI,Regular
SAL20250064972,2025-07-17,STR026,PRD01114,2,8827.06,0.0,17654.12,7146.68,Credit Card,Regular
SAL20250064973,2025-07-31,STR021,PRD00213,1,7822.44,0.0,7822.44,5597.11,Credit Card,Regular
SAL20250064974,2025-07-06,STR041,PRD01120,4,8969.51,0.0,35878.04,17599.84,Credit Card,Regular
SAL20250064975,2025-07-18,STR026,PRD00469,2,499.21,0.0,998.42,778.9,Credit Card,Walk-in
SAL20250064976,2025-07-28,STR009,PRD00522,10,1139.79,0.0,11397.9,8758.3,UPI,Walk-in
SAL20250064977,2025-07-30,STR041,PRD00387,2,446.12,0.0,892.24,496.6,UPI,Regular
SAL20250064978,2025-07-06,STR028,PRD00783,1,2295.14,0.05,2180.38,1443.25,UPI,Walk-in
SAL20250064979,2025-07-02,STR016,PRD00448,1,612.68,0.0,612.68,518.56,Credit Card,Walk-in
SAL20250064980,2025-07-16,STR037,PRD00836,1,605.3,0.0,605.3,408.12,Debit Card,Regular
SAL20250064981,2025-07-15,STR019,PRD00709,2,232.93,0.0,465.86,306.1,UPI,Regular
SAL20250064982,2025-07-27,STR011,PRD00009,1,10580.64,0.0,10580.64,8344.51,Credit Card,Walk-in
SAL20250064983,2025-07-22,STR018,PRD00800,2,478.19,0.0,956.38,649.18,UPI,Walk-in
SAL20250064984,2025-07-21,STR020,PRD00477,5,121.21,0.0,606.05,488.3,Net Banking,Regular
SAL20250064985,2025-07-22,STR033,PRD00997,1,893.9,0.0,893.9,624.69,UPI,Premium
SAL20250064986,2025-07-06,STR036,PRD01178,1,5467.45,0.0,5467.45,3516.53,UPI,Regular
SAL20250064987,2025-07-03,STR040,PRD00886,3,1331.79,0.0,3995.37,2834.1,UPI,Regular
SAL20250064988,2025-07-11,STR041,PRD00234,1,3859.31,0.0,3859.31,2374.04,UPI,Regular
SAL20250064989,2025-07-29,STR019,PRD01160,1,7696.75,0.0,7696.75,3490.84,UPI,Walk-in
SAL20250064990,2025-07-21,STR007,PRD00545,3,450.85,0.05,1284.92,757.35,Debit Card,Walk-in
SAL20250064991,2025-07-11,STR026,PRD01123,1,3145.87,0.0,3145.87,1902.26,UPI,Regular
SAL20250064992,2025-07-01,STR011,PRD00148,1,6813.06,0.05,6472.41,4694.28,Credit Card,Walk-in
SAL20250064993,2025-07-02,STR036,PRD00804,1,782.93,0.0,782.93,564.78,UPI,Walk-in
SAL20250064994,2025-07-28,STR010,PRD00423,5,256.23,0.0,1281.15,1069.5,Credit Card,Regular
SAL20250064995,2025-07-05,STR037,PRD00442,1,148.56,0.0,148.56,119.7,UPI,Regular
SAL20250064996,2025-07-28,STR004,PRD00881,4,802.33,0.0,3209.32,2134.04,Cash,Premium
SAL20250064997,2025-07-17,STR026,PRD01002,4,98.3,0.0,393.2,222.76,Credit Card,Walk-in
SAL20250064998,2025-07-11,STR040,PRD00495,1,212.14,0.0,212.14,164.27,Debit Card,Corporate
SAL20250064999,2025-07-05,STR019,PRD00960,3,572.91,0.0,1718.73,1147.2,Credit Card,Walk-in
SAL20250065000,2025-07-27,STR008,PRD00778,2,875.87,0.0,1751.74,1139.08,Credit Card,Walk-in
SAL20250065001,2025-07-21,STR013,PRD01141,2,1387.21,0.1,2496.98,1621.3,UPI,Walk-in
SAL20250065002,2025-07-23,STR005,PRD00991,3,894.61,0.0,2683.83,1543.59,UPI,Regular
SAL20250065003,2025-07-05,STR006,PRD00742,1,3993.24,0.0,3993.24,2368.26,UPI,Walk-in
SAL20250065004,2025-07-14,STR028,PRD00322,1,839.74,0.0,839.74,587.36,UPI,Walk-in
SAL20250065005,2025-07-02,STR025,PRD00612,3,287.57,0.05,819.57,637.29,Net Banking,Regular
SAL20250065006,2025-07-30,STR008,PRD00353,1,948.44,0.05,901.02,529.81,UPI,Premium
SAL20250065007,2025-07-27,STR027,PRD00414,1,546.79,0.0,546.79,425.32,Net Banking,Regular
SAL20250065008,2025-07-18,STR034,PRD00650,3,429.23,0.0,1287.69,747.93,UPI,Regular
SAL20250065009,2025-07-01,STR001,PRD00849,2,315.58,0.0,631.16,423.56,Credit Card,Regular
SAL20250065010,2025-07-30,STR006,PRD00521,1,947.8,0.0,947.8,832.6,Debit Card,Premium
SAL20250065011,2025-07-04,STR032,PRD00306,1,1349.3,0.0,1349.3,771.94,UPI,Walk-in
SAL20250065012,2025-07-10,STR034,PRD01035,1,199.19,0.0,199.19,125.07,Net Banking,Walk-in
SAL20250065013,2025-07-07,STR020,PRD00563,4,667.75,0.0,2671.0,1734.24,UPI,Walk-in
SAL20250065014,2025-07-13,STR036,PRD01143,1,5565.18,0.05,5286.92,3157.32,UPI,Premium
SAL20250065015,2025-07-01,STR011,PRD00413,1,347.68,0.0,347.68,300.31,Debit Card,Regular
SAL20250065016,2025-07-02,STR039,PRD01123,1,3145.87,0.0,3145.87,1902.26,Credit Card,Walk-in
SAL20250065017,2025-07-28,STR039,PRD00045,2,17414.18,0.0,34828.36,27644.36,Credit Card,Regular
SAL20250065018,2025-07-07,STR024,PRD00110,1,26501.66,0.0,26501.66,18492.65,UPI,Regular
SAL20250065019,2025-07-15,STR025,PRD00002,1,1289.58,0.0,1289.58,870.9,Debit Card,Walk-in
SAL20250065020,2025-07-23,STR009,PRD00830,1,1783.32,0.1,1604.99,1089.78,Debit Card,Premium
SAL20250065021,2025-07-14,STR022,PRD00352,1,930.67,0.05,884.14,596.9,UPI,Regular
SAL20250065022,2025-07-02,STR022,PRD00075,1,9132.03,0.0,9132.03,7042.59,Credit Card,Walk-in
SAL20250065023,2025-07-05,STR007,PRD00334,3,796.78,0.1,2151.31,1202.28,Debit Card,Walk-in
SAL20250065024,2025-07-09,STR028,PRD00121,1,13928.8,0.0,13928.8,9332.33,Debit Card,Premium
SAL20250065025,2025-07-07,STR008,PRD00135,1,9390.96,0.0,9390.96,6866.63,Credit Card,Walk-in
SAL20250065026,2025-07-05,STR027,PRD00901,2,3120.68,0.0,6241.36,4143.14,Net Banking,Regular
SAL20250065027,2025-07-22,STR040,PRD00680,2,3900.49,0.05,7410.93,5610.0,UPI,Premium
SAL20250065028,2025-07-04,STR020,PRD01020,3,560.55,0.0,1681.65,1085.91,Credit Card,Regular
SAL20250065029,2025-07-18,STR041,PRD00444,2,347.0,0.0,694.0,571.92,Credit Card,Corporate
SAL20250065030,2025-07-31,STR017,PRD00192,1,3362.18,0.0,3362.18,2170.51,Credit Card,Walk-in
SAL20250065031,2025-07-28,STR013,PRD00213,1,7822.44,0.05,7431.32,5597.11,Debit Card,Premium
SAL20250065032,2025-07-01,STR032,PRD00450,5,377.7,0.0,1888.5,1452.7,UPI,Regular
SAL20250065033,2025-07-07,STR023,PRD01045,1,910.12,0.0,910.12,471.24,Credit Card,Regular
SAL20250065034,2025-07-24,STR034,PRD00326,3,1442.32,0.0,4326.96,2044.29,Credit Card,Walk-in
SAL20250065035,2025-07-15,STR018,PRD00772,1,988.94,0.05,939.49,659.49,Debit Card,Regular
SAL20250065036,2025-07-12,STR023,PRD00343,1,244.94,0.0,244.94,130.41,Debit Card,Regular
SAL20250065037,2025-07-30,STR004,PRD00244,1,9135.72,0.0,9135.72,5766.93,UPI,Regular
SAL20250065038,2025-07-09,STR004,PRD00641,3,499.93,0.0,1499.79,999.36,Debit Card,Regular
SAL20250065039,2025-07-19,STR036,PRD00582,3,535.32,0.0,1605.96,1155.0,Credit Card,Regular
SAL20250065040,2025-07-10,STR031,PRD00835,3,1480.55,0.05,4219.57,3024.6,UPI,Premium
SAL20250065041,2025-07-22,STR038,PRD00913,2,3252.33,0.0,6504.66,4321.0,Credit Card,Premium
SAL20250065042,2025-07-13,STR007,PRD00320,2,273.23,0.0,546.46,299.98,Credit Card,Regular
SAL20250065043,2025-07-13,STR033,PRD00331,1,133.4,0.0,133.4,89.83,Credit Card,Walk-in
SAL20250065044,2025-07-06,STR010,PRD00661,3,443.39,0.0,1330.17,851.04,UPI,Regular
SAL20250065045,2025-07-06,STR001,PRD00184,1,3565.48,0.0,3565.48,2588.7,Net Banking,Regular
SAL20250065046,2025-07-27,STR002,PRD00708,3,2849.79,0.0,8549.37,5649.45,UPI,Regular
SAL20250065047,2025-07-11,STR017,PRD00864,2,1725.02,0.0,3450.04,2236.12,UPI,Walk-in
SAL20250065048,2025-07-18,STR021,PRD00769,2,1757.79,0.05,3339.8,2484.34,Net Banking,Walk-in
SAL20250065049,2025-07-19,STR010,PRD00968,3,316.7,0.0,950.1,476.28,Credit Card,Walk-in
SAL20250065050,2025-07-17,STR025,PRD00704,2,1185.8,0.05,2253.02,1414.28,Debit Card,Regular
SAL20250065051,2025-07-24,STR012,PRD00971,2,604.86,0.1,1088.75,613.34,UPI,Walk-in
SAL20250065052,2025-07-14,STR028,PRD01193,2,1712.13,0.0,3424.26,2069.82,Cash,Regular
SAL20250065053,2025-07-04,STR028,PRD00388,1,522.1,0.0,522.1,256.49,Debit Card,Walk-in
SAL20250065054,2025-07-08,STR010,PRD00718,1,2341.08,0.0,2341.08,1675.99,Credit Card,Regular
SAL20250065055,2025-07-05,STR035,PRD00415,3,345.23,0.0,1035.69,858.57,UPI,Regular
SAL20250065056,2025-07-27,STR001,PRD00046,1,12754.14,0.0,12754.14,8397.4,Credit Card,Walk-in
SAL20250065057,2025-07-04,STR016,PRD00513,3,111.04,0.0,333.12,278.28,UPI,Premium
SAL20250065058,2025-07-24,STR026,PRD00988,3,774.65,0.0,2323.95,1597.5,Credit Card,Walk-in
SAL20250065059,2025-07-04,STR028,PRD00025,1,2348.16,0.0,2348.16,1617.05,UPI,Regular
SAL20250065060,2025-07-20,STR036,PRD00637,5,299.32,0.0,1496.6,1068.0,Debit Card,Regular
SAL20250065061,2025-07-05,STR038,PRD01194,1,6442.41,0.0,6442.41,3885.18,UPI,Regular
SAL20250065062,2025-07-15,STR034,PRD00845,1,2226.26,0.0,2226.26,1523.41,UPI,Regular
SAL20250065063,2025-07-17,STR004,PRD00563,3,667.75,0.0,2003.25,1300.68,Credit Card,Walk-in
SAL20250065064,2025-07-13,STR035,PRD00221,1,9230.37,0.0,9230.37,5770.89,UPI,Regular
SAL20250065065,2025-07-10,STR025,PRD00671,4,327.72,0.0,1310.88,832.04,UPI,Premium
SAL20250065066,2025-07-12,STR022,PRD00037,1,21728.77,0.0,21728.77,16760.42,Net Banking,Premium
SAL20250065067,2025-07-18,STR012,PRD00099,1,19924.5,0.0,19924.5,14858.06,Cash,Regular
SAL20250065068,2025-07-26,STR004,PRD00015,1,3619.87,0.1,3257.88,2931.59,UPI,Regular
SAL20250065069,2025-07-07,STR033,PRD00450,1,377.7,0.0,377.7,290.54,Credit Card,Walk-in
SAL20250065070,2025-07-04,STR014,PRD00289,1,1047.34,0.0,1047.34,607.0,Net Banking,Walk-in
SAL20250065071,2025-07-05,STR009,PRD01174,1,4967.43,0.0,4967.43,2664.97,UPI,Regular
SAL20250065072,2025-07-15,STR040,PRD01105,2,2498.16,0.0,4996.32,3017.04,Credit Card,Walk-in
SAL20250065073,2025-07-03,STR016,PRD00543,1,579.45,0.0,579.45,425.23,UPI,Regular
SAL20250067652,2025-07-31,STR010,PRD00457,6,726.05,0.0,4356.3,3296.34,Credit Card,Regular
SAL20250065075,2025-07-09,STR016,PRD00200,1,1880.51,0.0,1880.51,1363.43,UPI,Premium
SAL20250065076,2025-07-08,STR021,PRD00238,1,4984.73,0.0,4984.73,3134.78,Cash,Walk-in
SAL20250065077,2025-07-17,STR011,PRD00939,2,463.84,0.0,927.68,484.68,Credit Card,Regular
SAL20250065078,2025-07-31,STR031,PRD00426,2,496.18,0.1,893.12,831.74,Credit Card,Regular
SAL20250065079,2025-07-15,STR040,PRD00231,1,9171.94,0.0,9171.94,6705.09,UPI,Walk-in
SAL20250065080,2025-07-14,STR039,PRD01112,1,3077.42,0.0,3077.42,1558.19,UPI,Walk-in
SAL20250065081,2025-07-04,STR009,PRD01169,2,6625.23,0.0,13250.46,8002.82,Credit Card,Regular
SAL20250065082,2025-07-15,STR025,PRD00142,1,4154.89,0.0,4154.89,2736.44,UPI,Walk-in
SAL20250065083,2025-07-13,STR028,PRD00967,1,44.43,0.0,44.43,28.54,UPI,Premium
SAL20250065084,2025-07-05,STR018,PRD00291,2,469.9,0.0,939.8,559.52,UPI,Walk-in
SAL20250065085,2025-07-05,STR011,PRD01077,1,8389.04,0.1,7550.14,3493.39,UPI,Walk-in
SAL20250065086,2025-07-17,STR026,PRD00791,2,855.75,0.0,1711.5,1198.94,UPI,Walk-in
SAL20250065087,2025-07-10,STR028,PRD00160,1,7937.44,0.0,7937.44,4808.49,Cash,Regular
SAL20250065088,2025-07-14,STR023,PRD00267,1,11328.41,0.0,11328.41,8001.59,UPI,Walk-in
SAL20250065089,2025-07-11,STR040,PRD00528,1,1118.04,0.0,1118.04,946.34,Cash,Walk-in
SAL20250065090,2025-07-14,STR036,PRD00324,3,1095.89,0.1,2958.9,2144.73,UPI,Regular
SAL20250065091,2025-07-02,STR026,PRD00823,2,2558.98,0.0,5117.96,3435.38,Credit Card,Regular
SAL20250065092,2025-07-01,STR024,PRD00526,1,712.58,0.0,712.58,592.24,UPI,Regular
SAL20250065093,2025-07-12,STR001,PRD00049,1,4540.51,0.0,4540.51,3028.11,UPI,Walk-in
SAL20250065094,2025-07-28,STR028,PRD00596,1,666.12,0.0,666.12,397.91,UPI,Regular
SAL20250065095,2025-07-02,STR010,PRD01121,2,2103.52,0.0,4207.04,1949.16,Cash,Regular
SAL20250065096,2025-07-27,STR036,PRD00589,2,435.23,0.0,870.46,508.08,UPI,Regular
SAL20250065097,2025-07-25,STR033,PRD00187,1,5314.8,0.0,5314.8,3364.43,UPI,Walk-in
SAL20250065098,2025-07-02,STR005,PRD00412,1,576.41,0.05,547.59,454.75,Cash,Regular
SAL20250065099,2025-07-08,STR039,PRD00018,1,13116.16,0.0,13116.16,9769.19,Debit Card,Premium
SAL20250065100,2025-07-15,STR005,PRD00998,2,883.36,0.0,1766.72,899.78,Debit Card,Regular
SAL20250065101,2025-07-14,STR002,PRD00134,2,19404.79,0.0,38809.58,29907.56,Credit Card,Regular
SAL20250065102,2025-07-11,STR024,PRD00303,1,674.18,0.0,674.18,362.28,UPI,Regular
SAL20250065103,2025-07-17,STR012,PRD00987,2,289.9,0.05,550.81,404.7,UPI,Regular
SAL20250065104,2025-07-05,STR025,PRD00476,1,645.16,0.0,645.16,543.18,Cash,Regular
SAL20250065105,2025-07-19,STR015,PRD00896,1,255.31,0.0,255.31,145.03,Credit Card,Walk-in
SAL20250065106,2025-07-13,STR021,PRD00224,2,4670.9,0.0,9341.8,6881.22,Credit Card,Walk-in
SAL20250065107,2025-07-21,STR016,PRD00102,1,21236.57,0.0,21236.57,16141.17,Credit Card,Regular
SAL20250065108,2025-07-24,STR001,PRD01057,2,52.31,0.0,104.62,66.6,UPI,Walk-in
SAL20250065109,2025-07-22,STR027,PRD00314,1,610.16,0.0,610.16,372.41,Credit Card,Regular
SAL20250065110,2025-07-22,STR038,PRD00140,1,6378.06,0.1,5740.25,4851.7,Debit Card,Regular
SAL20250065111,2025-07-06,STR005,PRD01148,1,584.33,0.05,555.11,241.48,UPI,Walk-in
SAL20250065112,2025-07-01,STR030,PRD00947,1,413.13,0.0,413.13,208.02,Credit Card,Regular
SAL20250065113,2025-07-08,STR041,PRD00492,3,431.72,0.0,1295.16,1086.12,UPI,Walk-in
SAL20250065114,2025-07-04,STR014,PRD00937,1,262.48,0.0,262.48,177.56,UPI,Regular
SAL20250065115,2025-07-06,STR025,PRD00883,2,2575.75,0.0,5151.5,2874.96,UPI,Regular
SAL20250065116,2025-07-30,STR038,PRD00585,1,401.86,0.0,401.86,289.65,Credit Card,Regular
SAL20250065117,2025-07-30,STR022,PRD00621,1,335.41,0.1,301.87,235.43,Credit Card,Regular
SAL20250065118,2025-07-05,STR033,PRD01135,1,2481.4,0.0,2481.4,1259.74,Credit Card,Premium
SAL20250065119,2025-07-10,STR027,PRD01077,1,8389.04,0.05,7969.59,3493.39,Credit Card,Regular
SAL20250065120,2025-07-03,STR027,PRD00621,2,335.41,0.0,670.82,470.86,UPI,Walk-in
SAL20250065121,2025-07-13,STR025,PRD00141,1,2559.21,0.0,2559.21,1944.29,Credit Card,Walk-in
SAL20250065122,2025-07-06,STR010,PRD00635,10,332.03,0.0,3320.3,2073.0,Credit Card,Walk-in
SAL20250065123,2025-07-28,STR035,PRD00137,3,8245.04,0.0,24735.12,19270.32,Net Banking,Walk-in
SAL20250065124,2025-07-06,STR026,PRD01091,1,5878.46,0.0,5878.46,2808.85,UPI,Walk-in
SAL20250065125,2025-07-24,STR019,PRD00257,1,3131.42,0.0,3131.42,2145.77,UPI,Corporate
SAL20250065126,2025-07-29,STR014,PRD00034,1,761.93,0.0,761.93,520.56,Debit Card,Walk-in
SAL20250065127,2025-07-31,STR006,PRD00669,2,3235.01,0.0,6470.02,3773.52,Credit Card,Regular
SAL20250065128,2025-07-21,STR039,PRD01123,3,3145.87,0.05,8965.73,5706.78,UPI,Regular
SAL20250065129,2025-07-16,STR016,PRD00580,3,372.59,0.0,1117.77,633.9,Credit Card,Walk-in
SAL20250065130,2025-07-17,STR026,PRD00128,1,13672.72,0.0,13672.72,8963.81,Credit Card,Regular
SAL20250065131,2025-07-18,STR038,,1,24330.95,0.0,24330.95,18400.64,UPI,Premium
SAL20250065132,2025-07-27,STR007,PRD00271,1,660.1,0.0,660.1,418.6,UPI,Walk-in
SAL20250065133,2025-07-07,STR019,PRD00826,3,174.23,0.0,522.69,360.6,Debit Card,Walk-in
SAL20250065134,2025-07-01,STR013,PRD00178,1,9669.95,0.05,9186.45,6949.73,UPI,Walk-in
SAL20250065135,2025-07-08,STR016,PRD00276,1,499.9,0.0,499.9,292.67,UPI,Premium
SAL20250065136,2025-07-01,STR009,PRD00248,1,9547.84,0.0,9547.84,6877.51,UPI,Regular
SAL20250065137,2025-07-19,STR007,PRD00644,2,812.84,0.0,1625.68,904.78,Debit Card,Regular
SAL20250065138,2025-07-20,STR035,PRD00239,2,6180.81,0.0,12361.62,9112.12,UPI,Regular
SAL20250065139,2025-07-23,STR032,PRD01029,4,762.26,0.0,3049.04,2173.44,Cash,Walk-in
SAL20250065140,2025-07-01,STR002,PRD00451,1,641.37,0.0,641.37,505.23,Credit Card,Regular
SAL20250065141,2025-07-04,STR020,PRD00446,1,1037.38,0.0,1037.38,881.41,UPI,Walk-in
SAL20250065142,2025-07-03,STR031,PRD00966,3,814.75,0.0,2444.25,1579.35,Debit Card,Walk-in
SAL20250065143,2025-07-31,STR039,PRD01077,2,8389.04,0.1,15100.27,6986.78,Credit Card,Walk-in
SAL20250065144,2025-07-06,STR005,PRD00092,1,6575.52,0.0,6575.52,4677.68,Net Banking,Walk-in
SAL20250065145,2025-07-09,STR007,PRD00607,1,313.72,0.0,313.72,181.35,UPI,Walk-in
SAL20250065146,2025-07-30,STR027,PRD00212,3,9559.41,0.0,28678.23,18782.91,Credit Card,Corporate
SAL20250065147,2025-07-21,STR005,PRD00582,1,535.32,0.0,535.32,385.0,UPI,Walk-in
SAL20250065148,2025-07-24,STR036,PRD00184,1,3565.48,0.0,3565.48,2588.7,Debit Card,Walk-in
SAL20250065149,2025-07-12,STR009,PRD01128,2,2522.35,0.1,4540.23,2881.36,UPI,Corporate
SAL20250065150,2025-07-29,STR020,PRD00307,2,743.28,0.0,1486.56,965.64,UPI,Regular
SAL20250065151,2025-07-19,STR014,PRD00194,1,5905.12,0.1,5314.61,4140.26,Credit Card,Walk-in
SAL20250065152,2025-07-10,STR013,PRD00484,10,678.16,0.05,6442.52,5675.4,UPI,Walk-in
SAL20250065153,2025-07-10,STR004,PRD00285,2,1499.26,0.0,2998.52,1537.52,Debit Card,Regular
SAL20250065154,2025-07-27,STR027,PRD00026,1,4182.92,0.0,4182.92,3047.01,Debit Card,Walk-in
SAL20250065155,2025-07-23,STR023,PRD00688,1,2802.62,0.0,2802.62,2088.84,Credit Card,Walk-in
SAL20250065156,2025-07-07,STR014,PRD00361,1,1524.53,0.0,1524.53,825.7,Debit Card,Corporate
SAL20250065157,2025-07-12,STR012,PRD00346,1,927.55,0.0,927.55,634.62,UPI,Walk-in
SAL20250065158,2025-07-23,STR014,PRD00715,2,2949.53,0.0,5899.06,3968.0,UPI,Walk-in
SAL20250065159,2025-07-05,STR032,PRD00398,2,358.79,0.0,717.58,346.7,Credit Card,Walk-in
SAL20250065160,2025-07-09,STR001,PRD00894,1,2403.9,0.0,2403.9,1608.16,UPI,Walk-in
SAL20250065161,2025-07-09,STR032,PRD00921,4,3248.47,0.0,12993.88,7335.76,UPI,Premium
SAL20250065162,2025-07-30,STR030,PRD00501,2,707.96,0.0,1415.92,1094.7,Debit Card,Regular
SAL20250065163,2025-07-14,STR019,PRD00849,1,315.58,0.0,315.58,211.78,Credit Card,Premium
SAL20250065164,2025-07-04,STR023,PRD00554,2,805.55,0.0,1611.1,932.82,UPI,Walk-in
SAL20250065165,2025-07-17,STR030,PRD01070,2,5540.5,0.0,11081.0,5153.54,UPI,Regular
SAL20250065166,2025-07-23,STR015,PRD00913,2,3252.33,0.0,6504.66,4321.0,Credit Card,Regular
SAL20250065167,2025-07-26,STR003,PRD01039,1,616.85,0.1,555.17,393.94,UPI,Walk-in
SAL20250065168,2025-07-23,STR032,PRD00903,2,433.92,0.0,867.84,550.82,Cash,Walk-in
SAL20250065169,2025-07-15,STR019,PRD00570,2,376.39,0.0,752.78,537.14,UPI,Regular
SAL20250065170,2025-07-09,STR022,PRD00495,10,212.14,0.0,2121.4,1642.7,Credit Card,Premium
SAL20250065171,2025-07-08,STR012,PRD00010,3,14520.45,0.0,43561.35,35323.32,Credit Card,Walk-in
SAL20250065172,2025-07-16,STR008,PRD00135,1,9390.96,0.0,9390.96,6866.63,UPI,Walk-in
SAL20250065173,2025-07-07,STR026,PRD00350,1,1107.22,0.0,1107.22,735.62,Cash,Walk-in
SAL20250065174,2025-07-09,STR015,PRD00488,3,995.48,0.1,2687.8,2507.58,UPI,Walk-in
SAL20250065175,2025-07-17,STR010,PRD00627,1,670.0,0.0,670.0,403.71,Debit Card,Walk-in
SAL20250065176,2025-07-22,STR008,PRD00784,1,1985.25,0.0,1985.25,1302.04,Credit Card,Walk-in
SAL20250065177,2025-07-17,STR021,PRD00811,1,243.22,0.0,243.22,140.95,Credit Card,Regular
SAL20250065178,2025-07-21,STR024,PRD00148,1,6813.06,0.05,6472.41,4694.28,UPI,Walk-in
SAL20250065179,2025-07-28,STR020,PRD00882,1,3706.7,0.1,3336.03,2187.93,UPI,Regular
SAL20250065180,2025-07-20,STR037,PRD00756,1,3090.95,0.0,3090.95,2208.4,Debit Card,Regular
SAL20250065181,2025-07-25,STR013,PRD00393,2,526.25,0.0,1052.5,688.36,UPI,Regular
SAL20250065182,2025-07-12,STR020,PRD00592,1,365.4,0.0,365.4,218.29,UPI,Walk-in
SAL20250065183,2025-07-21,STR026,PRD00904,2,2811.36,0.0,5622.72,3719.94,UPI,Walk-in
SAL20250065184,2025-07-06,STR028,PRD00364,1,296.2,0.05,281.39,195.69,Credit Card,Walk-in
SAL20250065185,2025-07-15,STR022,PRD00733,2,3579.07,0.0,7158.14,4373.94,Credit Card,Regular
SAL20250065186,2025-07-04,STR018,PRD01119,1,9164.59,0.0,9164.59,4378.4,UPI,Premium
SAL20250065187,2025-07-15,STR016,PRD01173,1,1034.88,0.0,1034.88,495.72,UPI,Walk-in
SAL20250065188,2025-07-25,STR016,PRD00759,1,4285.9,0.0,4285.9,2644.58,UPI,Premium
SAL20250065189,2025-07-31,STR002,PRD01004,5,128.91,0.05,612.32,329.65,Credit Card,Walk-in
SAL20250065190,2025-07-11,STR005,PRD00686,1,3692.38,0.0,3692.38,2113.83,Credit Card,Regular
SAL20250065191,2025-07-16,STR021,PRD00103,1,4104.09,0.1,3693.68,2941.45,Net Banking,Regular
SAL20250065192,2025-07-16,STR036,PRD00712,1,1580.0,0.0,1580.0,947.15,UPI,Premium
SAL20250065193,2025-07-09,STR022,PRD00179,1,5253.14,0.1,4727.83,3207.54,UPI,Premium
SAL20250065194,2025-07-01,STR012,PRD00003,1,810.89,0.0,810.89,534.24,UPI,Walk-in
SAL20250065195,2025-07-31,STR010,PRD00694,1,3202.51,0.0,3202.51,2319.01,Credit Card,Regular
SAL20250065196,2025-07-15,STR041,PRD00631,1,725.12,0.0,725.12,419.46,Credit Card,Walk-in
SAL20250065197,2025-07-18,STR001,PRD00113,1,16350.49,0.0,16350.49,11876.29,Credit Card,Regular
SAL20250065198,2025-07-14,STR025,PRD00586,2,648.21,0.0,1296.42,880.02,UPI,Premium
SAL20250065199,2025-07-08,STR024,PRD00400,2,920.96,0.1,1657.73,1102.96,UPI,Walk-in
SAL20250065200,2025-07-21,STR006,PRD00002,1,1289.58,0.0,1289.58,870.9,Cash,Corporate
SAL20250065201,2025-07-19,STR001,PRD01171,2,6541.96,0.0,13083.92,5247.78,Credit Card,Walk-in
SAL20250065202,2025-07-27,STR040,PRD00973,3,291.44,0.0,874.32,470.73,UPI,Regular
SAL20250065203,2025-07-10,STR023,PRD00898,2,3032.43,0.1,5458.37,3668.4,Cash,Premium
SAL20250065204,2025-07-21,STR020,PRD01148,1,584.33,0.1,525.9,241.48,Cash,Regular
SAL20250065205,2025-07-14,STR012,PRD00588,1,125.09,0.0,125.09,90.39,Credit Card,Walk-in
SAL20250065206,2025-07-09,STR031,PRD00046,1,12754.14,0.0,12754.14,8397.4,UPI,Regular
SAL20250065207,2025-07-27,STR019,PRD00904,2,2811.36,0.0,5622.72,3719.94,Debit Card,Regular
SAL20250065208,2025-07-20,STR003,PRD00793,1,2445.38,0.05,2323.11,1405.41,Credit Card,Walk-in
SAL20250065209,2025-07-11,STR003,PRD00445,1,417.63,0.0,417.63,335.27,UPI,Regular
SAL20250065210,2025-07-18,STR036,PRD00272,1,610.52,0.0,610.52,344.72,UPI,Walk-in
SAL20250065211,2025-07-25,STR033,PRD00412,3,576.41,0.0,1729.23,1364.25,UPI,Regular
SAL20250065212,2025-07-22,STR034,PRD00453,5,1257.16,0.0,6285.8,4731.85,UPI,Regular
SAL20250065213,2025-07-23,STR020,PRD00279,4,704.62,0.1,2536.63,1783.68,Credit Card,Walk-in
SAL20250067657,2025-07-10,STR017,PRD00773,1,733.06,0.0,733.06,518.45,Credit Card,Walk-in
SAL20250065215,2025-07-29,STR006,PRD00234,1,3859.31,0.0,3859.31,2374.04,UPI,Corporate
SAL20250065216,2025-07-22,STR016,PRD00273,2,1306.29,0.0,2612.58,1517.74,Debit Card,Regular
SAL20250065217,2025-07-21,STR012,PRD00684,1,3989.77,0.0,3989.77,2465.54,UPI,Regular
SAL20250065218,2025-07-06,STR033,PRD00721,2,2330.52,0.1,4194.94,3455.26,UPI,Walk-in
SAL20250065219,2025-07-31,STR015,PRD01042,2,143.52,0.0,287.04,189.38,UPI,Walk-in
SAL20250065220,2025-07-13,STR013,PRD00681,1,4114.63,0.0,4114.63,2696.18,UPI,Regular
SAL20250065221,2025-07-18,STR031,PRD00108,1,22607.14,0.0,22607.14,15802.22,UPI,Walk-in
SAL20250065222,2025-07-20,STR025,PRD00815,1,2750.26,0.1,2475.23,1847.59,Cash,Premium
SAL20250065223,2025-07-05,STR026,PRD00544,2,114.7,0.1,206.46,165.48,Net Banking,Regular
SAL20250065224,2025-07-31,STR030,PRD00921,2,3248.47,0.0,6496.94,3667.88,UPI,Premium
SAL20250065225,2025-07-20,STR016,PRD00241,1,7381.55,0.0,7381.55,5583.94,UPI,Walk-in
SAL20250065226,2025-07-25,STR028,PRD00256,2,13048.37,0.0,26096.74,16214.1,Cash,Regular
SAL20250065227,2025-07-28,STR037,PRD00950,2,184.59,0.0,369.18,254.62,UPI,Premium
SAL20250065228,2025-07-11,STR024,PRD00691,1,1815.13,0.0,1815.13,1149.93,UPI,Regular
SAL20250065229,2025-07-03,STR008,PRD00208,1,2761.76,0.0,2761.76,2051.3,UPI,Premium
SAL20250065230,2025-07-24,STR036,PRD01064,1,155.0,0.0,155.0,78.63,Cash,Regular
SAL20250065231,2025-07-30,STR011,PRD00439,2,122.61,0.0,245.22,191.22,Credit Card,Corporate
SAL20250065232,2025-07-24,STR011,PRD01031,3,1036.47,0.0,3109.41,1570.11,Credit Card,Regular
SAL20250065233,2025-07-04,STR016,PRD01069,1,2127.71,0.0,2127.71,1083.85,Credit Card,Regular
SAL20250065234,2025-07-25,STR008,PRD00326,2,1442.32,0.05,2740.41,1362.86,UPI,Regular
SAL20250065235,2025-07-22,STR040,PRD00506,2,725.03,0.0,1450.06,1158.2,UPI,Premium
SAL20250065236,2025-07-31,STR034,PRD00244,1,9135.72,0.0,9135.72,5766.93,Debit Card,Regular
SAL20250065237,2025-07-04,STR024,PRD00370,1,676.23,0.0,676.23,451.33,UPI,Regular
SAL20250065238,2025-07-22,STR038,PRD00334,4,796.78,0.05,3027.76,1603.04,UPI,Regular
SAL20250065239,2025-07-18,STR009,PRD00092,1,6575.52,0.0,6575.52,4677.68,Net Banking,Walk-in
SAL20250065240,2025-07-08,STR041,PRD00886,3,1331.79,0.1,3595.83,2834.1,UPI,Walk-in
SAL20250065241,2025-07-02,STR028,PRD00347,1,1133.22,0.0,1133.22,669.26,Credit Card,Regular
SAL20250065242,2025-07-07,STR021,PRD00516,2,653.26,0.0,1306.52,1005.12,UPI,Walk-in
SAL20250065243,2025-07-31,STR012,PRD01179,1,3455.57,0.0,3455.57,2074.52,UPI,Walk-in
SAL20250065244,2025-07-20,STR017,PRD01014,3,1123.09,0.0,3369.27,1908.24,Credit Card,Regular
SAL20250065245,2025-07-13,STR009,PRD00795,2,965.34,0.05,1834.15,1376.04,UPI,Regular
SAL20250065246,2025-07-17,STR034,PRD00323,1,361.28,0.0,361.28,188.15,UPI,Walk-in
SAL20250065247,2025-07-02,STR024,PRD00679,1,2876.53,0.0,2876.53,1865.54,Net Banking,Corporate
SAL20250065248,2025-07-01,STR007,PRD00148,1,6813.06,0.0,6813.06,4694.28,Credit Card,Walk-in
SAL20250065249,2025-07-19,STR005,PRD01175,1,2568.19,0.0,2568.19,1572.7,UPI,Walk-in
SAL20250065250,2025-07-19,STR012,PRD01023,4,241.67,0.0,966.68,533.12,Credit Card,Walk-in
SAL20250065251,2025-07-14,STR007,PRD00627,1,670.0,0.05,636.5,403.71,Credit Card,Walk-in
SAL20250065252,2025-07-27,STR013,PRD00041,2,19732.0,0.1,35517.6,29906.54,UPI,Walk-in
SAL20250065253,2025-07-08,STR026,PRD00467,2,528.8,0.0,1057.6,906.1,Net Banking,Walk-in
SAL20250065254,2025-07-19,STR022,PRD00936,2,964.58,0.0,1929.16,1241.06,Debit Card,Walk-in
SAL20250065255,2025-07-22,STR003,PRD00632,1,758.72,0.1,682.85,430.06,Cash,Regular
SAL20250065256,2025-07-01,STR032,PRD01157,4,8076.82,0.1,29076.55,17061.64,Credit Card,Premium
SAL20250065257,2025-07-14,STR009,PRD00771,1,2601.02,0.0,2601.02,1436.13,Cash,Walk-in
SAL20250065258,2025-07-27,STR036,PRD00566,3,655.12,0.0,1965.36,1269.36,Credit Card,Premium
SAL20250065259,2025-07-27,STR020,PRD00757,4,1608.8,0.0,6435.2,4151.48,UPI,Regular
SAL20250065260,2025-07-08,STR001,PRD00929,4,3367.15,0.1,12121.74,8144.96,UPI,Walk-in
SAL20250065261,2025-07-25,STR014,PRD01120,3,8969.51,0.0,26908.53,13199.88,Credit Card,Premium
SAL20250065262,2025-07-26,STR038,PRD00632,2,758.72,0.0,1517.44,860.12,Debit Card,Premium
SAL20250065263,2025-07-07,STR011,PRD00223,1,11271.43,0.0,11271.43,7014.79,UPI,Premium
SAL20250065264,2025-07-01,STR008,PRD00536,2,393.56,0.0,787.12,541.9,UPI,Regular
SAL20250065265,2025-07-31,STR025,PRD00611,2,51.03,0.0,102.06,75.62,Debit Card,Regular
SAL20250065266,2025-07-11,STR003,PRD00731,1,2513.85,0.0,2513.85,1582.05,Debit Card,Walk-in
SAL20250065267,2025-07-08,STR017,PRD01011,3,265.01,0.0,795.03,449.07,Credit Card,Regular
SAL20250065268,2025-07-08,STR019,PRD00351,1,802.18,0.1,721.96,503.24,Cash,Walk-in
SAL20250065269,2025-07-19,STR037,PRD01009,1,52.33,0.0,52.33,29.39,Credit Card,Premium
SAL20250065270,2025-07-20,STR022,PRD00947,2,413.13,0.0,826.26,416.04,Credit Card,Premium
SAL20250065271,2025-07-17,STR038,PRD00904,2,2811.36,0.05,5341.58,3719.94,Net Banking,Premium
SAL20250065272,2025-07-16,STR017,PRD00028,1,4027.15,0.0,4027.15,2641.37,Debit Card,Regular
SAL20250065273,2025-07-30,STR040,PRD00331,1,133.4,0.05,126.73,89.83,Credit Card,Walk-in
SAL20250065274,2025-07-13,STR004,PRD00701,1,4774.16,0.0,4774.16,3063.26,Credit Card,Regular
SAL20250065275,2025-07-18,STR016,PRD00844,2,3943.03,0.0,7886.06,4449.14,Debit Card,Regular
SAL20250065276,2025-07-17,STR023,PRD00461,1,198.22,0.05,188.31,169.45,Credit Card,Walk-in
SAL20250065277,2025-07-05,STR013,PRD00090,1,8184.6,0.0,8184.6,5556.86,Debit Card,Regular
SAL20250065278,2025-07-25,STR018,PRD00721,1,2330.52,0.05,2213.99,1727.63,Net Banking,Walk-in
SAL20250065279,2025-07-16,STR009,PRD00823,1,2558.98,0.0,2558.98,1717.69,UPI,Regular
SAL20250065280,2025-07-08,STR001,PRD00689,2,492.79,0.0,985.58,665.66,Credit Card,Walk-in
SAL20250065281,2025-07-30,STR041,PRD00692,1,1997.13,0.0,1997.13,1445.9,Debit Card,Walk-in
SAL20250065282,2025-07-31,STR033,PRD01054,4,256.04,0.0,1024.16,671.84,Cash,Walk-in
SAL20250065283,2025-07-02,STR026,PRD00829,2,2093.34,0.0,4186.68,3077.74,Credit Card,Walk-in
SAL20250065284,2025-07-11,STR006,PRD00819,1,2315.45,0.0,2315.45,1549.5,Cash,Walk-in
SAL20250065285,2025-07-29,STR036,PRD00988,4,774.65,0.0,3098.6,2130.0,UPI,Walk-in
SAL20250065286,2025-07-11,STR015,PRD00010,1,14520.45,0.0,14520.45,11774.44,Cash,Regular
SAL20250065287,2025-07-10,STR018,PRD01028,3,93.34,0.0,280.02,144.3,Debit Card,Walk-in
SAL20250065288,2025-07-08,STR039,PRD00727,2,737.62,0.0,1475.24,884.56,UPI,Premium
SAL20250065289,2025-07-06,STR036,PRD00133,1,10102.94,0.0,10102.94,6680.78,Cash,Corporate
SAL20250065290,2025-07-06,STR003,PRD00523,4,773.23,0.1,2783.63,2624.56,UPI,Walk-in
SAL20250065291,2025-07-08,STR036,PRD00895,2,472.54,0.0,945.08,594.8,Credit Card,Corporate
SAL20250065292,2025-07-08,STR021,PRD00311,1,936.08,0.1,842.47,578.34,Credit Card,Regular
SAL20250065293,2025-07-03,STR020,PRD00919,1,3391.01,0.0,3391.01,2232.08,Credit Card,Regular
SAL20250065294,2025-07-29,STR002,PRD00916,3,3924.97,0.0,11774.91,6812.34,Debit Card,Regular
SAL20250065295,2025-07-19,STR038,PRD00180,1,3550.84,0.0,3550.84,2526.78,Net Banking,Regular
SAL20250065296,2025-07-22,STR038,PRD00661,1,443.39,0.1,399.05,283.68,Credit Card,Regular
SAL20250065297,2025-07-06,STR020,PRD00463,1,933.21,0.0,933.21,747.47,Credit Card,Premium
SAL20250065298,2025-07-13,STR031,PRD01133,2,8197.9,0.0,16395.8,7530.04,Credit Card,Walk-in
SAL20250065299,2025-07-25,STR015,PRD00080,1,17292.25,0.0,17292.25,13027.41,Credit Card,Walk-in
SAL20250065300,2025-07-01,STR023,PRD00976,3,1125.69,0.0,3377.07,1747.83,UPI,Regular
SAL20250065301,2025-07-31,STR004,PRD00087,1,23253.22,0.0,23253.22,15702.94,UPI,Regular
SAL20250065302,2025-07-18,STR034,PRD00455,1,683.36,0.0,683.36,563.47,Debit Card,Walk-in
SAL20250065303,2025-07-19,STR035,PRD01094,1,7758.5,0.0,7758.5,3797.17,Net Banking,Regular
SAL20250065304,2025-07-29,STR037,PRD01066,1,424.4,0.0,424.4,252.99,UPI,Walk-in
SAL20250065305,2025-07-31,STR035,PRD00990,1,577.78,0.0,577.78,350.79,Credit Card,Walk-in
SAL20250065306,2025-07-03,STR033,PRD01019,2,948.07,0.05,1801.33,979.5,Credit Card,Corporate
SAL20250065307,2025-07-23,STR020,PRD00890,1,891.3,0.0,891.3,535.93,UPI,Walk-in
SAL20250065308,2025-07-19,STR002,PRD00579,3,398.71,0.0,1196.13,876.51,UPI,Regular
SAL20250065309,2025-07-10,STR011,PRD00788,1,3329.23,0.0,3329.23,2105.2,Debit Card,Walk-in
SAL20250065310,2025-07-14,STR007,PRD00203,1,6533.34,0.0,6533.34,4260.88,Credit Card,Premium
SAL20250065311,2025-07-21,STR015,PRD00942,2,93.87,0.0,187.74,123.46,Debit Card,Regular
SAL20250065312,2025-07-17,STR004,PRD00237,1,9971.54,0.0,9971.54,6463.12,Debit Card,Premium
SAL20250065313,2025-07-10,STR041,PRD00274,3,920.1,0.0,2760.3,1277.28,Credit Card,Regular
SAL20250065314,2025-07-25,STR003,PRD01127,2,730.99,0.0,1461.98,638.78,UPI,Premium
SAL20250065315,2025-07-30,STR010,PRD00100,1,14294.81,0.0,14294.81,9774.86,Credit Card,Regular
SAL20250065316,2025-07-13,STR038,PRD00788,1,3329.23,0.0,3329.23,2105.2,Net Banking,Regular
SAL20250065317,2025-07-04,STR003,PRD01191,2,6431.83,0.0,12863.66,8022.98,Debit Card,Walk-in
SAL20250065318,2025-07-17,STR023,PRD00551,2,585.58,0.0,1171.16,861.14,UPI,Regular
SAL20250065319,2025-07-18,STR005,PRD01178,2,5467.45,0.0,10934.9,7033.06,Credit Card,Regular
SAL20250065320,2025-07-25,STR001,PRD00300,2,1106.33,0.05,2102.03,1202.2,Credit Card,Regular
SAL20250065321,2025-07-06,STR002,PRD00958,4,274.5,0.05,1043.1,766.92,Debit Card,Regular
SAL20250065322,2025-07-13,STR029,PRD00534,3,97.09,0.0,291.27,241.77,Credit Card,Regular
SAL20250065323,2025-07-26,STR028,PRD00176,2,4757.11,0.0,9514.22,5774.52,UPI,Regular
SAL20250065324,2025-07-14,STR012,PRD00855,1,2084.62,0.05,1980.39,1525.55,Debit Card,Walk-in
SAL20250065325,2025-07-04,STR010,PRD00471,1,607.66,0.0,607.66,495.35,Credit Card,Regular
SAL20250065326,2025-07-29,STR037,PRD01050,4,562.12,0.0,2248.48,1316.56,UPI,Regular
SAL20250065327,2025-07-30,STR011,PRD00089,2,24330.95,0.0,48661.9,36801.28,UPI,Regular
SAL20250065328,2025-07-22,STR038,PRD00103,2,4104.09,0.0,8208.18,5882.9,Credit Card,Walk-in
SAL20250065329,2025-07-04,STR009,PRD00174,1,698.44,0.0,698.44,523.24,Debit Card,Walk-in
SAL20250065330,2025-07-03,STR015,PRD00770,1,1474.46,0.0,1474.46,1090.39,UPI,Regular
SAL20250065331,2025-07-07,STR033,PRD01068,2,5954.4,0.0,11908.8,6990.4,UPI,Premium
SAL20250065332,2025-07-09,STR010,PRD00113,1,16350.49,0.0,16350.49,11876.29,UPI,Walk-in
SAL20250065333,2025-07-01,STR004,PRD00298,1,1012.57,0.0,1012.57,666.12,Debit Card,Walk-in
SAL20250065334,2025-07-22,STR001,PRD00201,1,2838.89,0.0,2838.89,1889.59,Cash,Regular
SAL20250065335,2025-07-04,STR033,PRD01068,1,5954.4,0.05,5656.68,3495.2,UPI,Regular
SAL20250065336,2025-07-12,STR019,PRD00954,3,1090.11,0.0,3270.33,1844.88,Credit Card,Walk-in
SAL20250065337,2025-07-29,STR037,PRD01010,1,762.29,0.0,762.29,399.52,Debit Card,Regular
SAL20250065338,2025-07-31,STR009,PRD00426,4,496.18,0.0,1984.72,1663.48,Debit Card,Walk-in
SAL20250065339,2025-07-03,STR015,PRD00267,1,11328.41,0.0,11328.41,8001.59,Cash,Regular
SAL20250065340,2025-07-09,STR006,PRD00356,1,1354.34,0.0,1354.34,734.18,Debit Card,Premium
SAL20250065341,2025-07-20,STR006,PRD00852,1,1751.61,0.1,1576.45,1214.84,UPI,Regular
SAL20250065342,2025-07-02,STR041,PRD00213,1,7822.44,0.0,7822.44,5597.11,Cash,Regular
SAL20250065343,2025-07-22,STR026,PRD01075,1,6164.63,0.0,6164.63,3178.28,Cash,Premium
SAL20250065344,2025-07-29,STR018,PRD01181,2,2062.42,0.0,4124.84,2565.66,UPI,Regular
SAL20250065345,2025-07-29,STR031,PRD00386,1,1129.86,0.0,1129.86,720.78,UPI,Premium
SAL20250065346,2025-07-03,STR007,PRD00931,1,1839.81,0.0,1839.81,1246.88,Debit Card,Premium
SAL20250065347,2025-07-04,STR038,PRD00420,2,876.02,0.0,1752.04,1485.14,UPI,Regular
SAL20250065348,2025-07-04,STR013,PRD00677,1,1193.37,0.0,1193.37,833.49,UPI,Walk-in
SAL20250065349,2025-07-22,STR014,PRD00649,1,333.14,0.0,333.14,238.96,Credit Card,Regular
SAL20250065350,2025-07-14,STR028,PRD00355,1,304.11,0.1,273.7,163.8,UPI,Regular
SAL20250065351,2025-07-08,STR041,PRD00874,1,3195.38,0.0,3195.38,2332.48,Cash,Walk-in
SAL20250065352,2025-07-06,STR035,PRD00170,1,1380.75,0.0,1380.75,918.49,Credit Card,Regular
SAL20250065353,2025-07-21,STR034,PRD00788,2,3329.23,0.05,6325.54,4210.4,Debit Card,Walk-in
SAL20250065354,2025-07-31,STR018,PRD00364,2,296.2,0.0,592.4,391.38,Credit Card,Regular
SAL20250065355,2025-07-11,STR041,PRD00279,1,704.62,0.0,704.62,445.92,Credit Card,Regular
SAL20250065356,2025-07-09,STR032,PRD00645,3,456.66,0.0,1369.98,991.26,Debit Card,Regular
SAL20250065357,2025-07-11,STR027,PRD00948,3,38.1,0.05,108.59,79.65,UPI,Regular
SAL20250065358,2025-07-06,STR011,PRD00819,2,2315.45,0.0,4630.9,3099.0,Cash,Premium
SAL20250065359,2025-07-21,STR003,PRD00896,2,255.31,0.0,510.62,290.06,Net Banking,Walk-in
SAL20250065360,2025-07-09,STR037,PRD00831,2,2902.42,0.0,5804.84,3986.34,Cash,Corporate
SAL20250065361,2025-07-05,STR025,PRD00267,2,11328.41,0.0,22656.82,16003.18,Net Banking,Walk-in
SAL20250065362,2025-07-17,STR028,PRD01177,1,2791.89,0.1,2512.7,1594.63,Net Banking,Regular
SAL20250065363,2025-07-11,STR033,PRD00460,2,816.3,0.0,1632.6,1335.54,Credit Card,Regular
SAL20250065364,2025-07-22,STR002,PRD00730,1,3497.66,0.0,3497.66,2580.93,Debit Card,Premium
SAL20250065365,2025-07-09,STR026,PRD00124,3,10921.57,0.0,32764.71,21370.65,Cash,Regular
SAL20250065366,2025-07-01,STR008,PRD00250,1,3877.74,0.0,3877.74,2737.07,UPI,Regular
SAL20250065367,2025-07-25,STR016,PRD00750,1,3884.81,0.0,3884.81,2144.98,UPI,Regular
SAL20250065368,2025-07-04,STR011,PRD00769,1,1757.79,0.0,1757.79,1242.17,UPI,Walk-in
SAL20250065369,2025-07-23,STR008,PRD00916,2,3924.97,0.05,7457.44,4541.56,Cash,Regular
SAL20250065370,2025-07-23,STR038,PRD00666,1,224.43,0.0,224.43,162.71,Credit Card,Premium
SAL20250065371,2025-07-09,STR018,PRD00033,1,2653.86,0.0,2653.86,1783.28,Credit Card,Walk-in
SAL20250065372,2025-07-02,STR019,PRD00336,1,1590.59,0.0,1590.59,821.11,UPI,Premium
SAL20250065373,2025-07-10,STR003,PRD00925,3,2271.72,0.0,6815.16,4575.27,Cash,Walk-in
SAL20250065374,2025-07-09,STR036,PRD00969,3,147.34,0.1,397.82,228.72,Debit Card,Regular
SAL20250065375,2025-07-15,STR032,PRD00317,2,1393.76,0.0,2787.52,1598.94,Debit Card,Regular
SAL20250065376,2025-07-29,STR039,PRD00253,1,9663.5,0.0,9663.5,6717.07,UPI,Walk-in
SAL20250065377,2025-07-10,STR006,PRD01197,1,2167.83,0.0,2167.83,1161.18,Debit Card,Walk-in
SAL20250065378,2025-07-07,STR021,PRD00617,3,496.18,0.1,1339.69,1089.03,Cash,Walk-in
SAL20250065379,2025-07-09,STR036,PRD00873,1,687.87,0.0,687.87,491.45,Cash,Premium
SAL20250065380,2025-07-10,STR005,PRD00662,1,192.14,0.0,192.14,140.96,Credit Card,Regular
SAL20250065381,2025-07-25,STR009,PRD00360,1,505.68,0.05,480.4,239.22,Credit Card,Premium
SAL20250065382,2025-07-30,STR015,PRD01067,2,922.58,0.0,1845.16,1129.68,Credit Card,Premium
SAL20250065383,2025-07-11,STR023,PRD00106,1,3614.0,0.05,3433.3,2487.36,Credit Card,Walk-in
SAL20250065384,2025-07-12,STR038,PRD00195,1,4088.9,0.0,4088.9,3108.85,UPI,Regular
SAL20250065385,2025-07-20,STR022,PRD00781,1,2809.53,0.0,2809.53,2070.84,Credit Card,Walk-in
SAL20250065386,2025-07-21,STR022,PRD00487,2,92.35,0.0,184.7,157.68,Credit Card,Regular
SAL20250065387,2025-07-11,STR004,PRD00647,1,284.75,0.0,284.75,189.07,Debit Card,Premium
SAL20250065388,2025-07-12,STR039,PRD00680,1,3900.49,0.0,3900.49,2805.0,Cash,Regular
SAL20250065389,2025-07-28,STR006,PRD00518,1,1000.64,0.1,900.58,768.43,Credit Card,Walk-in
SAL20250065390,2025-07-05,STR032,PRD00380,1,304.64,0.0,304.64,210.5,UPI,Premium
SAL20250065391,2025-07-14,STR034,PRD00296,1,250.04,0.05,237.54,121.63,UPI,Regular
SAL20250065392,2025-07-11,STR028,PRD00842,1,1322.87,0.0,1322.87,956.88,Net Banking,Regular
SAL20250065393,2025-07-17,STR001,PRD00794,3,5386.59,0.05,15351.78,9481.29,UPI,Regular
SAL20250065394,2025-07-25,STR009,PRD00311,2,936.08,0.0,1872.16,1156.68,UPI,Regular
SAL20250065395,2025-07-14,STR036,PRD00084,1,11056.09,0.0,11056.09,8293.77,Credit Card,Premium
SAL20250065396,2025-07-29,STR011,PRD00159,2,4881.58,0.05,9275.0,7353.04,UPI,Premium
SAL20250065397,2025-07-29,STR010,PRD00856,1,1871.17,0.0,1871.17,1212.57,Debit Card,Regular
SAL20250065398,2025-07-21,STR032,PRD00342,4,1186.13,0.05,4507.29,2792.68,UPI,Regular
SAL20250065399,2025-07-16,STR014,PRD00018,1,13116.16,0.0,13116.16,9769.19,Debit Card,Walk-in
SAL20250065400,2025-07-01,STR008,PRD00234,1,3859.31,0.0,3859.31,2374.04,UPI,Walk-in
SAL20250065401,2025-07-19,STR041,PRD00594,1,129.17,0.0,129.17,81.33,UPI,Corporate
SAL20250065402,2025-07-08,STR001,PRD00468,3,180.53,0.0,541.59,444.96,Credit Card,Regular
SAL20250065403,2025-07-25,STR001,PRD00024,1,23723.95,0.0,23723.95,15500.24,UPI,Premium
SAL20250065404,2025-07-06,STR035,PRD00816,3,1448.92,0.0,4346.76,2572.17,UPI,Walk-in
SAL20250065405,2025-07-20,STR033,PRD00203,1,6533.34,0.05,6206.67,4260.88,UPI,Walk-in
SAL20250065406,2025-07-12,STR031,PRD00788,1,3329.23,0.1,2996.31,2105.2,Credit Card,Regular
SAL20250065407,2025-07-06,STR040,PRD00814,3,3265.17,0.0,9795.51,5668.11,Cash,Premium
SAL20250065408,2025-07-08,STR033,PRD00433,2,1065.88,0.0,2131.76,1723.5,Credit Card,Walk-in
SAL20250065409,2025-07-04,STR017,PRD01100,1,6765.12,0.0,6765.12,4080.87,UPI,Regular
SAL20250065410,2025-07-28,STR035,PRD00214,1,9551.75,0.0,9551.75,6869.66,UPI,Corporate
SAL20250065411,2025-07-01,STR007,PRD01134,1,5914.46,0.05,5618.74,2929.32,UPI,Walk-in
SAL20250065412,2025-07-18,STR031,PRD00331,1,133.4,0.0,133.4,89.83,UPI,Walk-in
SAL20250065413,2025-07-25,STR015,PRD00479,4,303.49,0.0,1213.96,1022.44,Credit Card,Regular
SAL20250065414,2025-07-25,STR041,PRD01122,2,6526.26,0.0,13052.52,7262.96,UPI,Regular
SAL20250065415,2025-07-08,STR034,PRD00124,2,10921.57,0.0,21843.14,14247.1,UPI,Premium
SAL20250065416,2025-07-28,STR028,PRD01127,1,730.99,0.1,657.89,319.39,UPI,Regular
SAL20250065417,2025-07-04,STR027,PRD01075,1,6164.63,0.0,6164.63,3178.28,Credit Card,Walk-in
SAL20250065418,2025-07-14,STR032,PRD01129,1,691.29,0.0,691.29,281.12,UPI,Regular
SAL20250065419,2025-07-30,STR035,PRD00632,1,758.72,0.0,758.72,430.06,Net Banking,Regular
SAL20250065420,2025-07-20,STR020,PRD00743,1,1675.83,0.0,1675.83,1131.56,UPI,Premium
SAL20250065421,2025-07-24,STR001,PRD00754,2,372.52,0.0,745.04,441.76,Debit Card,Regular
SAL20250065422,2025-07-07,STR010,PRD00052,1,1655.5,0.05,1572.72,1137.08,UPI,Regular
SAL20250065423,2025-07-16,STR040,PRD00819,1,2315.45,0.0,2315.45,1549.5,UPI,Regular
SAL20250065424,2025-07-03,STR032,PRD00622,1,644.0,0.05,611.8,399.79,UPI,Walk-in
SAL20250065425,2025-07-12,STR035,PRD00184,1,3565.48,0.0,3565.48,2588.7,UPI,Regular
SAL20250065426,2025-07-29,STR004,PRD00164,1,7383.75,0.0,7383.75,4728.61,Credit Card,Regular
SAL20250065427,2025-07-25,STR041,PRD00758,3,4375.02,0.0,13125.06,9504.81,UPI,Regular
SAL20250065428,2025-07-24,STR001,PRD01197,1,2167.83,0.0,2167.83,1161.18,UPI,Walk-in
SAL20250065429,2025-07-24,STR015,PRD00907,3,1536.02,0.0,4608.06,2930.61,Net Banking,Premium
SAL20250065430,2025-07-10,STR009,PRD00755,2,511.82,0.05,972.46,688.62,UPI,Walk-in
SAL20250065431,2025-07-07,STR040,PRD00207,1,9083.73,0.0,9083.73,6742.14,UPI,Walk-in
SAL20250065432,2025-07-29,STR025,PRD00879,1,2290.26,0.0,2290.26,1614.23,Debit Card,Walk-in
SAL20250065433,2025-07-06,STR002,PRD00270,1,1213.51,0.0,1213.51,769.06,UPI,Walk-in
SAL20250065434,2025-07-11,STR035,PRD00105,1,9145.0,0.0,9145.0,7010.14,UPI,Regular
SAL20250065435,2025-07-06,STR013,PRD00156,1,1591.76,0.0,1591.76,1231.95,Cash,Walk-in
SAL20250065436,2025-07-28,STR040,PRD01008,5,227.58,0.0,1137.9,710.0,Credit Card,Walk-in
SAL20250065437,2025-07-26,STR002,PRD00733,1,3579.07,0.05,3400.12,2186.97,Cash,Premium
SAL20250065438,2025-07-26,STR031,PRD00638,2,188.95,0.0,377.9,230.42,UPI,Walk-in
SAL20250065439,2025-07-25,STR041,PRD00839,1,2839.58,0.0,2839.58,1814.97,UPI,Walk-in
SAL20250065440,2025-07-21,STR032,PRD00914,1,3460.6,0.0,3460.6,2200.72,UPI,Regular
SAL20250065441,2025-07-09,STR031,PRD00153,1,12724.66,0.1,11452.19,7922.12,UPI,Regular
SAL20250065442,2025-07-22,STR007,PRD01143,3,5565.18,0.0,16695.54,9471.96,Credit Card,Walk-in
SAL20250065443,2025-07-05,STR011,PRD00415,1,345.23,0.0,345.23,286.19,UPI,Regular
SAL20250065444,2025-07-12,STR010,PRD00001,1,21322.84,0.05,20256.7,15337.08,Credit Card,Regular
SAL20250065445,2025-07-11,STR014,PRD00257,1,3131.42,0.0,3131.42,2145.77,UPI,Walk-in
SAL20250065446,2025-07-28,STR011,PRD00717,2,402.54,0.0,805.08,524.46,Credit Card,Corporate
SAL20250065447,2025-07-11,STR012,PRD00987,1,289.9,0.0,289.9,202.35,UPI,Walk-in
SAL20250065448,2025-07-15,STR033,PRD00160,1,7937.44,0.0,7937.44,4808.49,UPI,Premium
SAL20250065449,2025-07-17,STR028,PRD00420,2,876.02,0.0,1752.04,1485.14,UPI,Regular
SAL20250065450,2025-07-22,STR010,PRD00339,1,831.47,0.0,831.47,498.17,UPI,Regular
SAL20250065451,2025-07-07,STR032,PRD00424,6,428.73,0.0,2572.38,2263.44,UPI,Premium
SAL20250065452,2025-07-04,STR029,PRD00226,1,3456.4,0.0,3456.4,2122.01,UPI,Regular
SAL20250065453,2025-07-25,STR024,PRD00057,1,2490.08,0.0,2490.08,2005.73,Net Banking,Regular
SAL20250065454,2025-07-07,STR022,PRD00634,1,509.03,0.1,458.13,298.96,Credit Card,Regular
SAL20250065455,2025-07-30,STR022,PRD01078,1,2107.38,0.1,1896.64,1315.89,UPI,Corporate
SAL20250065456,2025-07-02,STR030,PRD01029,3,762.26,0.0,2286.78,1630.08,Cash,Walk-in
SAL20250065457,2025-07-26,STR008,PRD00894,1,2403.9,0.0,2403.9,1608.16,Credit Card,Walk-in
SAL20250065458,2025-07-10,STR009,PRD00430,3,129.33,0.0,387.99,326.1,Debit Card,Walk-in
SAL20250065459,2025-07-30,STR015,PRD00255,1,3159.1,0.0,3159.1,2283.27,Credit Card,Premium
SAL20250065460,2025-07-23,STR006,PRD00568,1,465.88,0.0,465.88,288.31,UPI,Regular
SAL20250065461,2025-07-02,STR029,PRD00638,3,188.95,0.0,566.85,345.63,UPI,Regular
SAL20250065462,2025-07-18,STR008,PRD00001,1,21322.84,0.0,21322.84,15337.08,Debit Card,Regular
SAL20250065463,2025-07-01,STR024,PRD00853,1,3236.74,0.0,3236.74,1868.14,Credit Card,Regular
SAL20250065464,2025-07-09,STR026,PRD01163,4,6199.15,0.0,24796.6,14864.24,UPI,Walk-in
SAL20250065465,2025-07-04,STR019,PRD00910,1,2302.88,0.05,2187.74,1579.69,UPI,Regular
SAL20250065466,2025-07-11,STR015,PRD00316,2,924.22,0.0,1848.44,1179.04,Credit Card,Regular
SAL20250065467,2025-07-11,STR023,PRD00752,1,4535.72,0.0,4535.72,3022.89,Credit Card,Walk-in
SAL20250065468,2025-07-04,STR019,PRD01188,1,2837.24,0.0,2837.24,1686.24,UPI,Walk-in
SAL20250065469,2025-07-13,STR009,PRD01188,1,2837.24,0.1,2553.52,1686.24,UPI,Walk-in
SAL20250065470,2025-07-09,STR016,PRD00177,1,10270.98,0.0,10270.98,7398.07,UPI,Premium
SAL20250065471,2025-07-25,STR011,PRD00181,1,4428.73,0.0,4428.73,3239.36,Credit Card,Regular
SAL20250065472,2025-07-23,STR037,PRD00976,3,1125.69,0.1,3039.36,1747.83,Credit Card,Regular
SAL20250065473,2025-07-03,STR008,PRD00194,1,5905.12,0.0,5905.12,4140.26,Debit Card,Regular
SAL20250065474,2025-07-13,STR014,PRD00031,1,18632.2,0.0,18632.2,13903.81,Cash,Walk-in
SAL20250065475,2025-07-22,STR040,PRD00206,1,10675.4,0.1,9607.86,6883.05,Credit Card,Regular
SAL20250065476,2025-07-24,STR009,PRD00439,3,122.61,0.0,367.83,286.83,Credit Card,Regular
SAL20250065477,2025-07-02,STR006,PRD00188,1,6172.58,0.0,6172.58,4027.57,Net Banking,Walk-in
SAL20250065478,2025-07-16,STR002,PRD00227,1,5367.28,0.0,5367.28,3567.65,Credit Card,Walk-in
SAL20250065479,2025-07-17,STR015,PRD00968,3,316.7,0.1,855.09,476.28,UPI,Premium
SAL20250065480,2025-07-15,STR041,PRD01123,1,3145.87,0.1,2831.28,1902.26,Credit Card,Regular
SAL20250065481,2025-07-01,STR035,PRD01060,1,277.54,0.0,277.54,198.35,UPI,Regular
SAL20250065482,2025-07-04,STR002,PRD00986,2,156.79,0.0,313.58,224.28,Debit Card,Walk-in
SAL20250065483,2025-07-21,STR022,PRD00820,1,2007.6,0.0,2007.6,1177.18,Debit Card,Regular
SAL20250065484,2025-07-17,STR002,PRD00592,4,365.4,0.0,1461.6,873.16,UPI,Regular
SAL20250065485,2025-07-21,STR030,PRD00112,2,3948.48,0.0,7896.96,6254.46,Cash,Regular
SAL20250065486,2025-07-30,STR031,PRD00179,1,5253.14,0.0,5253.14,3207.54,UPI,Walk-in
SAL20250065487,2025-07-13,STR020,PRD00900,1,3167.3,0.0,3167.3,1961.05,Debit Card,Premium
SAL20250065488,2025-07-28,STR031,PRD00362,3,1120.03,0.05,3192.09,1597.53,Debit Card,Regular
SAL20250065489,2025-07-02,STR006,PRD00393,1,526.25,0.0,526.25,344.18,Net Banking,Walk-in
SAL20250065490,2025-07-23,STR010,PRD00782,3,3353.32,0.0,10059.96,5872.56,UPI,Regular
SAL20250065491,2025-07-07,STR003,PRD00847,1,2294.5,0.0,2294.5,1617.12,UPI,Premium
SAL20250065492,2025-07-16,STR038,PRD01090,2,4828.9,0.0,9657.8,6129.12,Cash,Walk-in
SAL20250065493,2025-07-21,STR027,PRD00498,2,178.55,0.0,357.1,276.3,Debit Card,Regular
SAL20250065494,2025-07-26,STR016,PRD00703,1,940.1,0.0,940.1,700.55,UPI,Premium
SAL20250065495,2025-07-06,STR034,PRD01169,1,6625.23,0.0,6625.23,4001.41,UPI,Regular
SAL20250065496,2025-07-21,STR009,PRD01184,1,6927.53,0.0,6927.53,3182.7,Credit Card,Regular
SAL20250065497,2025-07-17,STR004,PRD00333,1,1043.83,0.0,1043.83,554.4,Debit Card,Regular
SAL20250065498,2025-07-22,STR022,PRD00386,2,1129.86,0.0,2259.72,1441.56,Cash,Premium
SAL20250065499,2025-07-15,STR014,PRD00490,6,177.23,0.1,957.04,829.86,UPI,Walk-in
SAL20250065500,2025-07-02,STR026,PRD00821,4,2784.44,0.0,11137.76,6329.64,Credit Card,Regular
SAL20250065501,2025-07-14,STR034,PRD01158,1,7747.18,0.0,7747.18,4177.28,UPI,Walk-in
SAL20250065502,2025-07-17,STR009,PRD01098,1,1920.11,0.1,1728.1,1122.86,UPI,Regular
SAL20250065503,2025-07-24,STR005,PRD00339,1,831.47,0.0,831.47,498.17,Credit Card,Regular
SAL20250065504,2025-07-14,STR013,PRD00473,2,113.62,0.1,204.52,189.66,UPI,Premium
SAL20250065505,2025-07-15,STR029,PRD01019,1,948.07,0.0,948.07,489.75,Net Banking,Premium
SAL20250065506,2025-07-23,STR015,PRD00999,1,1102.59,0.0,1102.59,586.85,Credit Card,Walk-in
SAL20250065507,2025-07-01,STR005,PRD00629,2,197.41,0.0,394.82,274.18,Debit Card,Walk-in
SAL20250065508,2025-07-21,STR024,PRD00981,5,76.61,0.0,383.05,271.2,UPI,Walk-in
SAL20250065509,2025-07-10,STR005,PRD01017,1,1092.19,0.0,1092.19,591.69,Debit Card,Regular
SAL20250065510,2025-07-07,STR005,PRD00056,1,11452.31,0.0,11452.31,8581.01,UPI,Premium
SAL20250065511,2025-07-27,STR018,PRD00531,2,217.65,0.0,435.3,364.4,Credit Card,Walk-in
SAL20250065512,2025-07-28,STR033,PRD00666,1,224.43,0.0,224.43,162.71,Net Banking,Walk-in
SAL20250065513,2025-07-09,STR025,PRD00631,2,725.12,0.0,1450.24,838.92,Credit Card,Regular
SAL20250065514,2025-07-13,STR025,PRD00732,3,4150.55,0.0,12451.65,7945.53,UPI,Regular
SAL20250065515,2025-07-30,STR037,PRD00474,4,108.22,0.0,432.88,357.48,Credit Card,Premium
SAL20250065516,2025-07-16,STR036,PRD00516,1,653.26,0.0,653.26,502.56,UPI,Regular
SAL20250065517,2025-07-13,STR021,PRD00619,3,215.37,0.0,646.11,417.99,UPI,Walk-in
SAL20250065518,2025-07-18,STR011,PRD00363,2,1443.62,0.0,2887.24,1380.7,Credit Card,Regular
SAL20250065519,2025-07-27,STR004,PRD01011,5,265.01,0.0,1325.05,748.45,Net Banking,Walk-in
SAL20250065520,2025-07-18,STR014,PRD00963,1,93.93,0.0,93.93,63.76,UPI,Walk-in
SAL20250065521,2025-07-27,STR010,PRD01061,10,1015.91,0.0,10159.1,5355.3,UPI,Walk-in
SAL20250065522,2025-07-06,STR026,PRD00868,1,1450.33,0.1,1305.3,912.21,UPI,Regular
SAL20250065523,2025-07-28,STR001,PRD01008,1,227.58,0.0,227.58,142.0,UPI,Regular
SAL20250065524,2025-07-16,STR004,PRD00609,1,338.3,0.0,338.3,202.03,UPI,Regular
SAL20250065525,2025-07-30,STR021,PRD01070,2,5540.5,0.0,11081.0,5153.54,Debit Card,Walk-in
SAL20250065526,2025-07-18,STR040,PRD00193,1,5766.86,0.0,5766.86,4191.48,UPI,Premium
SAL20250065527,2025-07-21,STR012,PRD00034,1,761.93,0.1,685.74,520.56,UPI,Walk-in
SAL20250065528,2025-07-02,STR002,PRD00261,1,8333.44,0.0,8333.44,5118.51,UPI,Walk-in
SAL20250065529,2025-07-10,STR033,PRD00359,4,1383.56,0.0,5534.24,2574.56,Net Banking,Regular
SAL20250065530,2025-07-27,STR038,PRD00418,3,378.6,0.0,1135.8,946.29,UPI,Walk-in
SAL20250065531,2025-07-23,STR018,PRD01161,1,5090.05,0.05,4835.55,2218.96,Debit Card,Regular
SAL20250065532,2025-07-01,STR004,PRD00131,1,11948.61,0.0,11948.61,9032.43,Credit Card,Regular
SAL20250065533,2025-07-30,STR003,PRD00938,1,622.57,0.0,622.57,327.33,Debit Card,Walk-in
SAL20250065534,2025-07-24,STR008,PRD00808,2,2998.33,0.0,5996.66,3627.94,UPI,Premium
SAL20250065535,2025-07-27,STR010,PRD00177,1,10270.98,0.0,10270.98,7398.07,Net Banking,Walk-in
SAL20250065536,2025-07-12,STR013,PRD00793,2,2445.38,0.0,4890.76,2810.82,Debit Card,Regular
SAL20250065537,2025-07-14,STR023,PRD01195,2,6990.3,0.0,13980.6,6796.46,UPI,Walk-in
SAL20250065538,2025-07-15,STR013,PRD00454,2,238.81,0.0,477.62,364.6,UPI,Regular
SAL20250065539,2025-07-21,STR009,PRD00458,5,587.81,0.0,2939.05,2229.6,UPI,Walk-in
SAL20250065540,2025-07-04,STR007,PRD01027,3,412.95,0.05,1176.91,677.16,Credit Card,Regular
SAL20250065541,2025-07-26,STR008,PRD00211,1,6731.6,0.1,6058.44,4925.05,UPI,Regular
SAL20250065542,2025-07-15,STR026,PRD01182,1,9675.4,0.0,9675.4,4265.56,Debit Card,Premium
SAL20250065543,2025-07-23,STR027,PRD00210,1,8463.87,0.0,8463.87,5533.2,Debit Card,Regular
SAL20250065544,2025-07-19,STR021,PRD01088,1,4543.5,0.0,4543.5,1992.55,UPI,Premium
SAL20250065545,2025-07-07,STR006,PRD01160,3,7696.75,0.0,23090.25,10472.52,Cash,Regular
SAL20250065546,2025-07-13,STR038,PRD01196,3,1369.18,0.0,4107.54,1790.67,UPI,Regular
SAL20250065547,2025-07-19,STR011,PRD00083,1,9369.31,0.0,9369.31,6462.27,UPI,Walk-in
SAL20250065548,2025-07-05,STR033,PRD00543,3,579.45,0.0,1738.35,1275.69,UPI,Premium
SAL20250065549,2025-07-20,STR009,PRD00687,1,2662.45,0.0,2662.45,1789.17,Debit Card,Walk-in
SAL20250065550,2025-07-28,STR017,PRD00881,2,802.33,0.0,1604.66,1067.02,Credit Card,Walk-in
SAL20250065551,2025-07-16,STR036,PRD01171,3,6541.96,0.0,19625.88,7871.67,UPI,Walk-in
SAL20250065552,2025-07-06,STR038,PRD00008,1,14817.35,0.0,14817.35,10393.47,UPI,Regular
SAL20250065553,2025-07-09,STR007,PRD00260,1,8853.62,0.1,7968.26,5607.87,UPI,Regular
SAL20250065554,2025-07-31,STR023,PRD01058,4,211.57,0.1,761.65,580.08,Debit Card,Regular
SAL20250065555,2025-07-07,STR017,PRD00951,4,594.37,0.0,2377.48,1409.52,Debit Card,Regular
SAL20250065556,2025-07-23,STR014,PRD00889,1,2052.09,0.0,2052.09,1474.15,Credit Card,Regular
SAL20250065557,2025-07-24,STR027,PRD00855,1,2084.62,0.0,2084.62,1525.55,Net Banking,Regular
SAL20250065558,2025-07-21,STR024,PRD01072,1,354.49,0.0,354.49,220.0,UPI,Premium
SAL20250065559,2025-07-11,STR028,PRD00686,2,3692.38,0.0,7384.76,4227.66,UPI,Regular
SAL20250065560,2025-07-25,STR037,PRD00790,1,1379.35,0.0,1379.35,902.72,UPI,Regular
SAL20250065561,2025-07-04,STR036,PRD00567,2,365.44,0.0,730.88,453.92,Cash,Premium
SAL20250065562,2025-07-30,STR028,PRD00966,1,814.75,0.0,814.75,526.45,Cash,Walk-in
SAL20250065563,2025-07-25,STR016,PRD00134,2,19404.79,0.0,38809.58,29907.56,UPI,Regular
SAL20250065564,2025-07-09,STR036,PRD00087,1,23253.22,0.0,23253.22,15702.94,Credit Card,Regular
SAL20250065565,2025-07-14,STR012,PRD01121,2,2103.52,0.1,3786.34,1949.16,Cash,Walk-in
SAL20250065566,2025-07-19,STR024,PRD00574,3,560.83,0.0,1682.49,1015.68,Credit Card,Walk-in
SAL20250065567,2025-07-11,STR040,PRD00534,3,97.09,0.0,291.27,241.77,UPI,Walk-in
SAL20250065568,2025-07-18,STR025,PRD00760,1,4801.08,0.0,4801.08,3172.81,Credit Card,Regular
SAL20250065569,2025-07-21,STR040,PRD00601,2,50.1,0.05,95.19,61.64,Debit Card,Regular
SAL20250065570,2025-07-04,STR024,PRD00604,3,254.69,0.0,764.07,455.7,Cash,Regular
SAL20250065571,2025-07-12,STR012,PRD00041,1,19732.0,0.1,17758.8,14953.27,Debit Card,Walk-in
SAL20250065572,2025-07-15,STR015,PRD00607,3,313.72,0.0,941.16,544.05,UPI,Regular
SAL20250065573,2025-07-15,STR037,PRD00244,1,9135.72,0.05,8678.93,5766.93,Debit Card,Corporate
SAL20250065574,2025-07-09,STR027,PRD00172,2,7151.58,0.0,14303.16,10506.6,UPI,Regular
SAL20250065575,2025-07-11,STR008,PRD00480,10,103.25,0.0,1032.5,861.7,UPI,Premium
SAL20250065576,2025-07-07,STR030,PRD00534,1,97.09,0.0,97.09,80.59,UPI,Regular
SAL20250065577,2025-07-18,STR028,PRD00611,4,51.03,0.0,204.12,151.24,Credit Card,Regular
SAL20250065578,2025-07-14,STR040,PRD00333,1,1043.83,0.05,991.64,554.4,UPI,Regular
SAL20250065579,2025-07-31,STR018,PRD00424,1,428.73,0.0,428.73,377.24,UPI,Walk-in
SAL20250065580,2025-07-28,STR013,PRD00768,2,281.0,0.1,505.8,410.2,Debit Card,Regular
SAL20250065581,2025-07-13,STR040,PRD00815,1,2750.26,0.0,2750.26,1847.59,UPI,Premium
SAL20250065582,2025-07-11,STR017,PRD00931,1,1839.81,0.0,1839.81,1246.88,Credit Card,Walk-in
SAL20250065583,2025-07-08,STR020,PRD01157,3,8076.82,0.05,23018.94,12796.23,UPI,Walk-in
SAL20250065584,2025-07-15,STR007,PRD00771,3,2601.02,0.05,7412.91,4308.39,Cash,Regular
SAL20250065585,2025-07-27,STR004,PRD00020,1,2507.15,0.0,2507.15,1948.29,UPI,Regular
SAL20250065586,2025-07-26,STR011,PRD00942,5,93.87,0.05,445.88,308.65,Credit Card,Regular
SAL20250065587,2025-07-22,STR032,PRD00635,1,332.03,0.0,332.03,207.3,Cash,Regular
SAL20250065588,2025-07-12,STR032,PRD01087,1,7006.0,0.0,7006.0,3419.72,Credit Card,Regular
SAL20250065589,2025-07-11,STR011,PRD00606,2,516.03,0.0,1032.06,617.14,Credit Card,Premium
SAL20250065590,2025-07-17,STR035,PRD01016,2,253.56,0.0,507.12,322.8,UPI,Walk-in
SAL20250065591,2025-07-26,STR004,PRD00024,1,23723.95,0.0,23723.95,15500.24,Credit Card,Corporate
SAL20250065592,2025-07-11,STR025,PRD00110,1,26501.66,0.0,26501.66,18492.65,UPI,Regular
SAL20250065593,2025-07-21,STR032,PRD00231,1,9171.94,0.0,9171.94,6705.09,Debit Card,Premium
SAL20250065594,2025-07-22,STR027,PRD00203,1,6533.34,0.05,6206.67,4260.88,Cash,Regular
SAL20250065595,2025-07-01,STR036,PRD00563,5,667.75,0.0,3338.75,2167.8,Credit Card,Premium
SAL20250065596,2025-07-01,STR034,PRD00149,1,3024.83,0.0,3024.83,2041.86,UPI,Regular
SAL20250065597,2025-07-20,STR036,PRD00540,1,550.54,0.0,550.54,388.62,UPI,Walk-in
SAL20250065598,2025-07-05,STR012,PRD00561,5,111.53,0.0,557.65,377.45,Debit Card,Premium
SAL20250065599,2025-07-25,STR022,PRD00624,1,124.7,0.0,124.7,87.08,UPI,Regular
SAL20250065600,2025-07-24,STR021,PRD00231,1,9171.94,0.0,9171.94,6705.09,Cash,Premium
SAL20250065601,2025-07-21,STR002,PRD00235,1,11077.6,0.0,11077.6,6683.62,Credit Card,Corporate
SAL20250065602,2025-07-12,STR034,PRD01035,1,199.19,0.0,199.19,125.07,Debit Card,Walk-in
SAL20250065603,2025-07-27,STR006,PRD00336,1,1590.59,0.1,1431.53,821.11,UPI,Regular
SAL20250065604,2025-07-07,STR015,PRD00447,2,458.65,0.0,917.3,711.32,UPI,Walk-in
SAL20250065605,2025-07-29,STR007,PRD00752,2,4535.72,0.0,9071.44,6045.78,Cash,Regular
SAL20250065606,2025-07-06,STR011,PRD00538,1,57.89,0.0,57.89,41.78,Cash,Walk-in
SAL20250065607,2025-07-14,STR023,PRD00964,5,842.84,0.0,4214.2,2875.95,UPI,Regular
SAL20250065608,2025-07-28,STR017,PRD00727,3,737.62,0.0,2212.86,1326.84,UPI,Regular
SAL20250065609,2025-07-27,STR009,PRD01109,1,5029.33,0.0,5029.33,2768.42,Debit Card,Premium
SAL20250065610,2025-07-01,STR037,PRD00955,3,608.44,0.0,1825.32,1232.7,UPI,Walk-in
SAL20250065611,2025-07-25,STR022,PRD00229,1,2013.93,0.0,2013.93,1348.9,UPI,Regular
SAL20250065612,2025-07-27,STR035,PRD00817,2,3058.64,0.0,6117.28,4331.32,Credit Card,Regular
SAL20250065613,2025-07-06,STR020,PRD01057,1,52.31,0.0,52.31,33.3,Net Banking,Walk-in
SAL20250065614,2025-07-17,STR026,PRD01159,2,3270.67,0.0,6541.34,2998.52,Credit Card,Regular
SAL20250065615,2025-07-15,STR023,PRD00046,1,12754.14,0.0,12754.14,8397.4,UPI,Regular
SAL20250065616,2025-07-08,STR040,PRD00724,2,2856.14,0.0,5712.28,3188.82,Debit Card,Regular
SAL20250065617,2025-07-02,STR037,PRD00630,1,612.41,0.05,581.79,361.45,Credit Card,Premium
SAL20250065618,2025-07-29,STR041,PRD01165,2,6335.51,0.0,12671.02,6057.38,UPI,Walk-in
SAL20250065619,2025-07-03,STR033,PRD00249,2,4858.0,0.0,9716.0,6832.3,Cash,Regular
SAL20250065620,2025-07-20,STR037,PRD00361,3,1524.53,0.0,4573.59,2477.1,Credit Card,Premium
SAL20250065621,2025-07-03,STR017,PRD00458,1,587.81,0.0,587.81,445.92,UPI,Premium
SAL20250065622,2025-07-26,STR010,PRD00912,1,532.47,0.0,532.47,306.3,UPI,Regular
SAL20250065623,2025-07-13,STR030,PRD01089,1,8670.13,0.0,8670.13,3797.02,Credit Card,Walk-in
SAL20250065624,2025-07-23,STR010,PRD00184,1,3565.48,0.05,3387.21,2588.7,Debit Card,Premium
SAL20250065625,2025-07-23,STR030,PRD00120,1,22170.49,0.0,22170.49,16305.22,UPI,Regular
SAL20250065626,2025-07-15,STR001,PRD00608,1,314.95,0.05,299.2,234.14,Cash,Premium
SAL20250065627,2025-07-17,STR012,PRD01146,1,2954.25,0.0,2954.25,1488.77,Credit Card,Walk-in
SAL20250065628,2025-07-31,STR006,PRD00299,1,1362.69,0.0,1362.69,823.3,Credit Card,Regular
SAL20250065629,2025-07-11,STR012,PRD00065,1,10562.87,0.0,10562.87,8152.93,Debit Card,Regular
SAL20250065630,2025-07-14,STR002,PRD00140,1,6378.06,0.0,6378.06,4851.7,Credit Card,Walk-in
SAL20250065631,2025-07-06,STR027,PRD01045,10,910.12,0.0,9101.2,4712.4,Credit Card,Regular
SAL20250065632,2025-07-08,STR003,PRD00733,1,3579.07,0.0,3579.07,2186.97,Net Banking,Premium
SAL20250065633,2025-07-06,STR001,PRD00177,1,10270.98,0.0,10270.98,7398.07,UPI,Walk-in
SAL20250065634,2025-07-27,STR024,PRD00335,1,1156.98,0.0,1156.98,622.56,UPI,Regular
SAL20250065635,2025-07-20,STR038,PRD00191,1,7660.03,0.0,7660.03,5198.25,UPI,Walk-in
SAL20250065636,2025-07-11,STR040,PRD00701,2,4774.16,0.0,9548.32,6126.52,Debit Card,Walk-in
SAL20250065637,2025-07-03,STR014,PRD01024,3,129.44,0.0,388.32,276.3,Debit Card,Regular
SAL20250065638,2025-07-26,STR014,PRD00682,2,3799.71,0.1,6839.48,4894.56,Cash,Regular
SAL20250065639,2025-07-18,STR031,PRD00187,1,5314.8,0.0,5314.8,3364.43,Credit Card,Regular
SAL20250065640,2025-07-16,STR016,PRD01072,1,354.49,0.0,354.49,220.0,UPI,Walk-in
SAL20250065641,2025-07-03,STR013,PRD00836,2,605.3,0.0,1210.6,816.24,UPI,Regular
SAL20250065642,2025-07-08,STR027,PRD00061,1,7691.1,0.0,7691.1,5309.86,Debit Card,Regular
SAL20250065643,2025-07-28,STR022,PRD00349,1,152.26,0.0,152.26,83.87,UPI,Regular
SAL20250065644,2025-07-01,STR025,PRD00467,3,528.8,0.0,1586.4,1359.15,Cash,Walk-in
SAL20250065645,2025-07-29,STR012,PRD00940,2,57.11,0.0,114.22,77.72,UPI,Walk-in
SAL20250065646,2025-07-12,STR034,PRD00866,1,1023.05,0.0,1023.05,622.37,Net Banking,Walk-in
SAL20250065647,2025-07-18,STR010,PRD01138,1,4917.81,0.0,4917.81,2789.31,Credit Card,Walk-in
SAL20250065648,2025-07-15,STR021,PRD01158,2,7747.18,0.0,15494.36,8354.56,Credit Card,Walk-in
SAL20250065649,2025-07-20,STR035,PRD00414,2,546.79,0.1,984.22,850.64,UPI,Corporate
SAL20250065650,2025-07-07,STR023,PRD00738,1,984.8,0.0,984.8,687.04,Cash,Premium
SAL20250065651,2025-07-05,STR002,PRD00400,1,920.96,0.0,920.96,551.48,Debit Card,Regular
SAL20250065652,2025-07-20,STR020,PRD01126,2,2931.04,0.05,5568.98,3302.74,Credit Card,Premium
SAL20250065653,2025-07-26,STR036,PRD00435,4,718.79,0.0,2875.16,2336.68,Cash,Walk-in
SAL20250065654,2025-07-26,STR012,PRD01006,2,849.47,0.0,1698.94,1213.38,UPI,Regular
SAL20250065655,2025-07-13,STR024,PRD00768,1,281.0,0.0,281.0,205.1,Cash,Regular
SAL20250065656,2025-07-25,STR036,PRD00032,2,19217.6,0.0,38435.2,29600.0,UPI,Walk-in
SAL20250065657,2025-07-11,STR009,PRD01072,2,354.49,0.1,638.08,440.0,UPI,Premium
SAL20250065658,2025-07-20,STR038,PRD00785,1,4604.98,0.1,4144.48,2754.83,UPI,Corporate
SAL20250065659,2025-07-12,STR004,PRD00529,4,569.27,0.0,2277.08,1961.24,UPI,Walk-in
SAL20250065660,2025-07-30,STR019,PRD00300,1,1106.33,0.0,1106.33,601.1,Credit Card,Premium
SAL20250065661,2025-07-18,STR010,PRD00726,2,2171.72,0.0,4343.44,2995.7,Credit Card,Regular
SAL20250065662,2025-07-30,STR003,PRD00661,1,443.39,0.0,443.39,283.68,Credit Card,Premium
SAL20250065663,2025-07-19,STR005,PRD01013,3,214.89,0.05,612.44,444.72,UPI,Walk-in
SAL20250065664,2025-07-08,STR023,PRD00450,1,377.7,0.0,377.7,290.54,UPI,Regular
SAL20250065665,2025-07-22,STR037,PRD01051,3,694.43,0.0,2083.29,1062.57,UPI,Walk-in
SAL20250065666,2025-07-02,STR028,PRD00833,2,1761.67,0.0,3523.34,1959.84,UPI,Walk-in
SAL20250065667,2025-07-21,STR024,PRD00992,1,439.67,0.0,439.67,224.17,Cash,Premium
SAL20250065668,2025-07-28,STR029,PRD01181,1,2062.42,0.0,2062.42,1282.83,UPI,Premium
SAL20250065669,2025-07-19,STR009,PRD00371,3,199.9,0.0,599.7,340.35,Debit Card,Regular
SAL20250065670,2025-07-28,STR012,PRD00873,1,687.87,0.0,687.87,491.45,UPI,Walk-in
SAL20250065671,2025-07-24,STR015,PRD01040,1,466.28,0.0,466.28,330.77,Cash,Walk-in
SAL20250065672,2025-07-08,STR031,PRD00086,1,22194.93,0.0,22194.93,15176.58,Credit Card,Regular
SAL20250065673,2025-07-21,STR015,PRD00935,3,821.43,0.0,2464.29,1758.3,Credit Card,Regular
SAL20250065674,2025-07-23,STR010,PRD00736,2,1942.77,0.0,3885.54,2483.1,UPI,Walk-in
SAL20250065675,2025-07-03,STR029,PRD01042,1,143.52,0.05,136.34,94.69,UPI,Premium
SAL20250065676,2025-07-12,STR024,PRD00461,3,198.22,0.0,594.66,508.35,Credit Card,Premium
SAL20250065677,2025-07-06,STR017,PRD00643,4,345.09,0.0,1380.36,870.4,Cash,Premium
SAL20250065678,2025-07-15,STR008,PRD00901,2,3120.68,0.0,6241.36,4143.14,Debit Card,Premium
SAL20250065679,2025-07-28,STR029,PRD01087,1,7006.0,0.0,7006.0,3419.72,Debit Card,Regular
SAL20250065680,2025-07-28,STR025,PRD00763,2,3968.33,0.1,7142.99,5701.8,UPI,Regular
SAL20250065681,2025-07-26,STR025,PRD00782,1,3353.32,0.0,3353.32,1957.52,UPI,Regular
SAL20250065682,2025-07-27,STR013,PRD00170,1,1380.75,0.0,1380.75,918.49,Credit Card,Walk-in
SAL20250065683,2025-07-13,STR023,PRD00758,1,4375.02,0.1,3937.52,3168.27,Credit Card,Regular
SAL20250065684,2025-07-06,STR038,PRD00434,1,648.17,0.0,648.17,538.79,Credit Card,Regular
SAL20250065685,2025-07-26,STR002,PRD00621,2,335.41,0.0,670.82,470.86,Credit Card,Walk-in
SAL20250065686,2025-07-15,STR023,PRD01200,1,1804.12,0.0,1804.12,865.8,UPI,Regular
SAL20250065687,2025-07-08,STR025,PRD00115,1,5778.27,0.0,5778.27,4176.17,Credit Card,Premium
SAL20250065688,2025-07-01,STR004,PRD00091,1,21335.5,0.0,21335.5,15504.58,UPI,Walk-in
SAL20250065689,2025-07-24,STR029,PRD00297,1,1248.97,0.0,1248.97,631.06,Credit Card,Premium
SAL20250065690,2025-07-22,STR002,PRD00940,4,57.11,0.0,228.44,155.44,UPI,Walk-in
SAL20250065691,2025-07-05,STR022,PRD00893,2,963.04,0.0,1926.08,1206.1,UPI,Walk-in
SAL20250065692,2025-07-19,STR027,PRD01049,1,225.77,0.0,225.77,137.88,Credit Card,Walk-in
SAL20250065693,2025-07-29,STR028,PRD00165,1,10264.9,0.1,9238.41,6671.83,Credit Card,Regular
SAL20250065694,2025-07-06,STR041,PRD00877,2,1728.24,0.0,3456.48,2423.82,Cash,Walk-in
SAL20250065695,2025-07-25,STR027,PRD00245,1,6730.38,0.0,6730.38,4429.31,UPI,Premium
SAL20250065696,2025-07-01,STR001,PRD00561,1,111.53,0.0,111.53,75.49,UPI,Premium
SAL20250065697,2025-07-04,STR026,PRD00651,1,368.8,0.0,368.8,256.48,UPI,Regular
SAL20250065698,2025-07-18,STR032,PRD00116,1,21256.57,0.0,21256.57,14955.09,Debit Card,Walk-in
SAL20250065699,2025-07-01,STR004,PRD00674,1,2861.74,0.0,2861.74,1590.59,Cash,Regular
SAL20250065700,2025-07-05,STR031,PRD00560,1,314.33,0.0,314.33,218.79,UPI,Walk-in
SAL20250065701,2025-07-27,STR015,PRD00877,2,1728.24,0.0,3456.48,2423.82,UPI,Regular
SAL20250065702,2025-07-22,STR010,PRD00445,1,417.63,0.0,417.63,335.27,Debit Card,Regular
SAL20250065703,2025-07-28,STR041,PRD01184,1,6927.53,0.0,6927.53,3182.7,UPI,Regular
SAL20250065704,2025-07-30,STR037,PRD00971,2,604.86,0.0,1209.72,613.34,UPI,Regular
SAL20250065705,2025-07-13,STR008,PRD00127,1,14293.97,0.0,14293.97,10567.08,UPI,Regular
SAL20250065706,2025-07-21,STR023,PRD00852,2,1751.61,0.0,3503.22,2429.68,UPI,Regular
SAL20250065707,2025-07-29,STR035,PRD00710,2,4042.5,0.0,8085.0,4447.98,UPI,Regular
SAL20250065708,2025-07-16,STR016,PRD00077,1,14848.8,0.0,14848.8,12077.21,Credit Card,Walk-in
SAL20250065709,2025-07-26,STR021,PRD00612,2,287.57,0.0,575.14,424.86,Credit Card,Walk-in
SAL20250065710,2025-07-21,STR036,PRD00442,1,148.56,0.0,148.56,119.7,Cash,Walk-in
SAL20250065711,2025-07-10,STR011,PRD00077,1,14848.8,0.0,14848.8,12077.21,UPI,Regular
SAL20250065712,2025-07-14,STR028,PRD00161,1,9190.04,0.0,9190.04,7015.28,UPI,Walk-in
SAL20250065713,2025-07-09,STR020,PRD00921,1,3248.47,0.0,3248.47,1833.94,UPI,Premium
SAL20250065714,2025-07-04,STR007,PRD00204,1,3776.34,0.0,3776.34,2580.11,Debit Card,Regular
SAL20250065715,2025-07-09,STR029,PRD00970,4,370.51,0.1,1333.84,959.08,UPI,Regular
SAL20250065716,2025-07-15,STR024,PRD00972,1,1079.34,0.0,1079.34,629.0,Credit Card,Walk-in
SAL20250065717,2025-07-20,STR017,PRD00552,1,296.06,0.0,296.06,194.94,Credit Card,Regular
SAL20250065718,2025-07-09,STR036,PRD01141,1,1387.21,0.0,1387.21,810.65,Credit Card,Premium
SAL20250065719,2025-07-19,STR006,PRD01012,1,896.48,0.05,851.66,582.58,Debit Card,Walk-in
SAL20250065720,2025-07-16,STR001,PRD00648,1,715.75,0.0,715.75,457.27,Credit Card,Regular
SAL20250065721,2025-07-16,STR018,PRD00087,1,23253.22,0.0,23253.22,15702.94,Credit Card,Walk-in
SAL20250065722,2025-07-16,STR026,PRD00854,2,2355.83,0.0,4711.66,2935.86,UPI,Regular
SAL20250065723,2025-07-15,STR001,PRD00746,2,2299.94,0.0,4599.88,3052.02,Credit Card,Corporate
SAL20250065724,2025-07-16,STR016,PRD00337,1,1047.01,0.0,1047.01,731.43,Credit Card,Premium
SAL20250065725,2025-07-09,STR013,PRD00552,4,296.06,0.0,1184.24,779.76,Credit Card,Regular
SAL20250065726,2025-07-12,STR031,PRD00459,2,918.25,0.05,1744.67,1470.02,Credit Card,Regular
SAL20250065727,2025-07-28,STR004,PRD01199,1,6549.57,0.0,6549.57,3396.65,Debit Card,Corporate
SAL20250065728,2025-07-11,STR017,PRD00628,1,365.09,0.1,328.58,210.81,Cash,Walk-in
SAL20250065729,2025-07-31,STR016,PRD00612,3,287.57,0.0,862.71,637.29,Credit Card,Regular
SAL20250065730,2025-07-23,STR022,PRD00275,1,1560.95,0.0,1560.95,847.9,Debit Card,Regular
SAL20250065731,2025-07-11,STR028,PRD01031,1,1036.47,0.0,1036.47,523.37,UPI,Regular
SAL20250065732,2025-07-26,STR008,PRD00024,1,23723.95,0.05,22537.75,15500.24,UPI,Premium
SAL20250065733,2025-07-07,STR027,PRD00785,2,4604.98,0.1,8288.96,5509.66,Debit Card,Regular
SAL20250065734,2025-07-28,STR028,PRD01179,1,3455.57,0.0,3455.57,2074.52,UPI,Regular
SAL20250065735,2025-07-29,STR021,PRD01182,1,9675.4,0.05,9191.63,4265.56,UPI,Premium
SAL20250065736,2025-07-09,STR004,PRD00020,1,2507.15,0.0,2507.15,1948.29,UPI,Walk-in
SAL20250065737,2025-07-08,STR020,PRD01082,1,1474.53,0.0,1474.53,797.26,UPI,Regular
SAL20250065738,2025-07-14,STR031,PRD00670,3,3171.53,0.0,9514.59,5744.76,Credit Card,Regular
SAL20250065739,2025-07-05,STR033,PRD00783,1,2295.14,0.05,2180.38,1443.25,Debit Card,Walk-in
SAL20250065740,2025-07-11,STR023,PRD00074,1,17249.82,0.0,17249.82,11809.64,Debit Card,Premium
SAL20250065741,2025-07-28,STR008,PRD00115,1,5778.27,0.0,5778.27,4176.17,UPI,Premium
SAL20250065742,2025-07-04,STR024,PRD00423,6,256.23,0.0,1537.38,1283.4,UPI,Regular
SAL20250065743,2025-07-31,STR031,PRD00704,1,1185.8,0.1,1067.22,707.14,Credit Card,Regular
SAL20250065744,2025-07-21,STR012,PRD00281,3,679.79,0.0,2039.37,1180.56,UPI,Walk-in
SAL20250065745,2025-07-18,STR034,PRD00508,1,125.21,0.0,125.21,109.93,UPI,Premium
SAL20250065746,2025-07-11,STR018,PRD00302,2,486.18,0.0,972.36,450.18,UPI,Premium
SAL20250065747,2025-07-26,STR004,PRD00018,1,13116.16,0.1,11804.54,9769.19,UPI,Premium
SAL20250065748,2025-07-22,STR014,PRD00785,1,4604.98,0.0,4604.98,2754.83,Debit Card,Walk-in
SAL20250065749,2025-07-19,STR031,PRD00108,1,22607.14,0.0,22607.14,15802.22,Debit Card,Premium
SAL20250065750,2025-07-22,STR020,PRD01189,1,5263.0,0.0,5263.0,2237.37,UPI,Walk-in
SAL20250065751,2025-07-17,STR036,PRD00722,1,2039.88,0.05,1937.89,1170.85,UPI,Regular
SAL20250065752,2025-07-18,STR041,PRD00484,6,678.16,0.0,4068.96,3405.24,Credit Card,Premium
SAL20250065753,2025-07-21,STR039,PRD00531,1,217.65,0.1,195.89,182.2,Cash,Premium
SAL20250065754,2025-07-27,STR028,PRD00474,1,108.22,0.1,97.4,89.37,UPI,Walk-in
SAL20250065755,2025-07-04,STR034,PRD00890,1,891.3,0.0,891.3,535.93,UPI,Regular
SAL20250065756,2025-07-08,STR015,PRD00002,1,1289.58,0.1,1160.62,870.9,Credit Card,Walk-in
SAL20250065757,2025-07-29,STR002,PRD00333,1,1043.83,0.0,1043.83,554.4,Net Banking,Walk-in
SAL20250065758,2025-07-17,STR014,PRD00797,4,567.41,0.05,2156.16,1645.64,Debit Card,Regular
SAL20250065759,2025-07-24,STR011,PRD00133,1,10102.94,0.05,9597.79,6680.78,Debit Card,Regular
SAL20250065760,2025-07-15,STR038,PRD00871,1,1211.65,0.0,1211.65,859.32,UPI,Corporate
SAL20250065761,2025-07-17,STR013,PRD00227,2,5367.28,0.0,10734.56,7135.3,UPI,Premium
SAL20250065762,2025-07-14,STR037,PRD00369,1,1020.79,0.0,1020.79,482.49,Credit Card,Regular
SAL20250065763,2025-07-06,STR015,PRD00872,1,467.45,0.0,467.45,333.62,Credit Card,Regular
SAL20250065764,2025-07-23,STR010,PRD01148,1,584.33,0.0,584.33,241.48,UPI,Walk-in
SAL20250065765,2025-07-09,STR003,PRD00247,1,8119.57,0.0,8119.57,4992.42,Credit Card,Walk-in
SAL20250065766,2025-07-16,STR019,PRD00864,1,1725.02,0.0,1725.02,1118.06,Credit Card,Premium
SAL20250065767,2025-07-08,STR018,PRD00154,1,614.66,0.0,614.66,476.92,Credit Card,Walk-in
SAL20250065768,2025-07-06,STR009,PRD01023,4,241.67,0.0,966.68,533.12,UPI,Regular
SAL20250065769,2025-07-09,STR021,PRD00535,2,314.95,0.1,566.91,448.56,UPI,Walk-in
SAL20250065770,2025-07-03,STR031,PRD01032,1,117.65,0.0,117.65,70.2,UPI,Regular
SAL20250065771,2025-07-31,STR016,PRD00023,1,6541.47,0.0,6541.47,4428.32,UPI,Corporate
SAL20250065772,2025-07-23,STR030,PRD00983,1,1007.95,0.0,1007.95,583.88,Cash,Walk-in
SAL20250065773,2025-07-06,STR027,PRD00108,3,22607.14,0.0,67821.42,47406.66,Cash,Regular
SAL20250065774,2025-07-14,STR019,PRD01142,1,3878.91,0.1,3491.02,2264.79,Debit Card,Corporate
SAL20250065775,2025-07-12,STR041,PRD00092,2,6575.52,0.0,13151.04,9355.36,Debit Card,Premium
SAL20250065776,2025-07-31,STR020,PRD00429,1,725.58,0.0,725.58,550.01,Credit Card,Corporate
SAL20250065777,2025-07-03,STR027,PRD00792,2,5089.33,0.0,10178.66,5850.68,Credit Card,Regular
SAL20250065778,2025-07-19,STR033,PRD00420,1,876.02,0.0,876.02,742.57,Debit Card,Walk-in
SAL20250065779,2025-07-22,STR017,PRD01023,3,241.67,0.0,725.01,399.84,Cash,Premium
SAL20250065780,2025-07-22,STR025,PRD00717,2,402.54,0.0,805.08,524.46,Cash,Regular
SAL20250065781,2025-07-18,STR003,PRD00217,1,8159.94,0.0,8159.94,5298.43,UPI,Walk-in
SAL20250065782,2025-07-04,STR012,PRD00325,3,1273.47,0.0,3820.41,1761.03,Debit Card,Corporate
SAL20250065783,2025-07-02,STR021,PRD01036,5,177.81,0.0,889.05,625.85,Credit Card,Regular
SAL20250065784,2025-07-07,STR016,PRD00082,1,9499.68,0.05,9024.7,6552.44,Cash,Walk-in
SAL20250065785,2025-07-20,STR022,PRD01073,4,4074.99,0.1,14669.96,9761.8,UPI,Walk-in
SAL20250065786,2025-07-04,STR041,PRD00132,1,22943.8,0.0,22943.8,17725.67,Net Banking,Walk-in
SAL20250065787,2025-07-29,STR002,PRD00464,1,598.64,0.05,568.71,458.49,UPI,Premium
SAL20250065788,2025-07-07,STR016,PRD00254,1,11020.14,0.0,11020.14,6776.21,UPI,Regular
SAL20250065789,2025-07-19,STR028,PRD00220,3,5859.46,0.0,17578.38,13684.32,Credit Card,Premium
SAL20250065790,2025-07-20,STR007,PRD01086,1,5541.98,0.1,4987.78,3222.42,UPI,Regular
SAL20250065791,2025-07-04,STR036,PRD00451,1,641.37,0.0,641.37,505.23,UPI,Walk-in
SAL20250065792,2025-07-30,STR032,PRD00524,3,128.85,0.0,386.55,319.5,UPI,Regular
SAL20250065793,2025-07-28,STR041,PRD00005,1,25382.71,0.0,25382.71,18438.86,Debit Card,Corporate
SAL20250065794,2025-07-25,STR003,PRD00358,3,873.37,0.0,2620.11,1400.01,UPI,Walk-in
SAL20250065795,2025-07-26,STR018,PRD00351,1,802.18,0.05,762.07,503.24,Credit Card,Regular
SAL20250065796,2025-07-23,STR005,PRD00620,1,556.49,0.0,556.49,325.67,UPI,Walk-in
SAL20250065797,2025-07-05,STR013,PRD00765,1,1419.48,0.0,1419.48,920.94,UPI,Regular
SAL20250065798,2025-07-17,STR006,PRD00533,4,799.67,0.0,3198.68,2648.24,Credit Card,Walk-in
SAL20250065799,2025-07-24,STR017,PRD01130,3,3164.31,0.0,9492.93,5668.92,UPI,Regular
SAL20250065800,2025-07-26,STR032,PRD01170,4,1269.68,0.0,5078.72,2779.6,UPI,Walk-in
SAL20250065801,2025-07-27,STR008,PRD00146,2,5953.14,0.0,11906.28,8311.82,Net Banking,Walk-in
SAL20250065802,2025-07-21,STR004,PRD00450,2,377.7,0.1,679.86,581.08,Credit Card,Regular
SAL20250065803,2025-07-15,STR040,PRD00495,1,212.14,0.0,212.14,164.27,UPI,Regular
SAL20250065804,2025-07-24,STR005,PRD01080,1,1721.88,0.0,1721.88,771.73,Credit Card,Regular
SAL20250065805,2025-07-02,STR001,PRD00427,1,558.44,0.0,558.44,484.26,UPI,Regular
SAL20250065806,2025-07-02,STR041,PRD00815,2,2750.26,0.0,5500.52,3695.18,Cash,Premium
SAL20250065807,2025-07-26,STR017,PRD00838,2,1522.8,0.0,3045.6,2093.7,Credit Card,Walk-in
SAL20250065808,2025-07-27,STR017,PRD00755,1,511.82,0.0,511.82,344.31,UPI,Walk-in
SAL20250065809,2025-07-12,STR009,PRD01014,1,1123.09,0.0,1123.09,636.08,UPI,Walk-in
SAL20250065810,2025-07-19,STR036,PRD00255,1,3159.1,0.0,3159.1,2283.27,UPI,Walk-in
SAL20250065811,2025-07-09,STR006,PRD00830,2,1783.32,0.1,3209.98,2179.56,Cash,Premium
SAL20250065812,2025-07-11,STR009,PRD00908,1,2285.46,0.0,2285.46,1340.06,UPI,Corporate
SAL20250065813,2025-07-18,STR007,PRD00214,1,9551.75,0.0,9551.75,6869.66,Debit Card,Regular
SAL20250065814,2025-07-17,STR017,PRD01088,1,4543.5,0.05,4316.32,1992.55,UPI,Walk-in
SAL20250065815,2025-07-18,STR005,PRD00566,3,655.12,0.1,1768.82,1269.36,Cash,Corporate
SAL20250065816,2025-07-22,STR024,PRD00864,1,1725.02,0.0,1725.02,1118.06,Credit Card,Regular
SAL20250065817,2025-07-27,STR026,PRD00700,2,4752.07,0.0,9504.14,5729.26,Debit Card,Regular
SAL20250065818,2025-07-20,STR023,PRD01179,1,3455.57,0.05,3282.79,2074.52,Net Banking,Corporate
SAL20250065819,2025-07-06,STR027,PRD00422,2,218.73,0.0,437.46,333.86,Cash,Regular
SAL20250065820,2025-07-06,STR013,PRD00008,2,14817.35,0.0,29634.7,20786.94,Debit Card,Walk-in
SAL20250065821,2025-07-30,STR021,PRD01022,1,1023.04,0.0,1023.04,628.51,Credit Card,Regular
SAL20250065822,2025-07-18,STR023,PRD00633,2,365.95,0.1,658.71,425.8,Debit Card,Walk-in
SAL20250065823,2025-07-13,STR030,PRD01046,1,946.12,0.0,946.12,526.29,UPI,Walk-in
SAL20250065824,2025-07-29,STR014,PRD01189,1,5263.0,0.05,4999.85,2237.37,UPI,Regular
SAL20250065825,2025-07-11,STR027,PRD00228,1,4421.9,0.0,4421.9,2982.31,UPI,Regular
SAL20250065826,2025-07-03,STR027,PRD00164,1,7383.75,0.0,7383.75,4728.61,Debit Card,Corporate
SAL20250065827,2025-07-14,STR025,PRD00707,1,2433.38,0.0,2433.38,1626.72,Credit Card,Premium
SAL20250065828,2025-07-30,STR026,PRD00231,1,9171.94,0.0,9171.94,6705.09,UPI,Regular
SAL20250065829,2025-07-02,STR013,PRD00715,4,2949.53,0.0,11798.12,7936.0,Credit Card,Regular
SAL20250065830,2025-07-31,STR035,PRD00252,2,10910.07,0.0,21820.14,15046.5,Debit Card,Regular
SAL20250065831,2025-07-20,STR022,PRD00400,2,920.96,0.0,1841.92,1102.96,UPI,Walk-in
SAL20250065832,2025-07-05,STR027,PRD00220,1,5859.46,0.0,5859.46,4561.44,UPI,Premium
SAL20250065833,2025-07-22,STR022,PRD00176,3,4757.11,0.1,12844.2,8661.78,Credit Card,Regular
SAL20250065834,2025-07-04,STR041,PRD00197,3,4849.89,0.0,14549.67,11337.09,UPI,Walk-in
SAL20250065835,2025-07-07,STR019,PRD00922,1,953.09,0.0,953.09,628.16,Credit Card,Regular
SAL20250065836,2025-07-14,STR022,PRD00088,1,22406.29,0.0,22406.29,17527.4,Net Banking,Walk-in
SAL20250065837,2025-07-03,STR014,PRD00386,1,1129.86,0.0,1129.86,720.78,UPI,Regular
SAL20250065838,2025-07-12,STR032,PRD00911,1,807.88,0.0,807.88,602.2,Debit Card,Walk-in
SAL20250065839,2025-07-31,STR007,PRD00344,2,702.67,0.0,1405.34,867.2,Debit Card,Regular
SAL20250065840,2025-07-26,STR015,PRD00831,2,2902.42,0.0,5804.84,3986.34,UPI,Walk-in
SAL20250065841,2025-07-27,STR003,PRD00380,1,304.64,0.0,304.64,210.5,Cash,Regular
SAL20250065842,2025-07-30,STR041,PRD00705,1,488.73,0.0,488.73,328.43,UPI,Walk-in
SAL20250065843,2025-07-01,STR013,PRD00674,2,2861.74,0.0,5723.48,3181.18,Cash,Premium
SAL20250065844,2025-07-29,STR001,PRD00926,1,683.78,0.0,683.78,481.25,UPI,Walk-in
SAL20250065845,2025-07-04,STR018,PRD00455,1,683.36,0.0,683.36,563.47,Cash,Regular
SAL20250065846,2025-07-16,STR039,PRD00229,1,2013.93,0.0,2013.93,1348.9,Credit Card,Walk-in
SAL20250065847,2025-07-15,STR008,PRD00127,1,14293.97,0.0,14293.97,10567.08,Credit Card,Regular
SAL20250065848,2025-07-19,STR019,PRD00581,3,310.86,0.1,839.32,596.13,Debit Card,Walk-in
SAL20250065849,2025-07-20,STR023,PRD00511,2,709.29,0.0,1418.58,1118.36,Debit Card,Walk-in
SAL20250065850,2025-07-17,STR021,PRD00745,2,2529.52,0.0,5059.04,3658.36,Credit Card,Walk-in
SAL20250065851,2025-07-21,STR019,PRD00864,2,1725.02,0.0,3450.04,2236.12,UPI,Regular
SAL20250065852,2025-07-23,STR002,PRD00633,1,365.95,0.0,365.95,212.9,Net Banking,Regular
SAL20250065853,2025-07-03,STR018,PRD01032,1,117.65,0.0,117.65,70.2,UPI,Regular
SAL20250065854,2025-07-08,STR034,PRD00264,1,4452.38,0.0,4452.38,3172.04,Net Banking,Corporate
SAL20250065855,2025-07-20,STR041,PRD00515,2,551.51,0.1,992.72,946.42,UPI,Walk-in
SAL20250065856,2025-07-06,STR017,PRD00112,1,3948.48,0.1,3553.63,3127.23,UPI,Regular
SAL20250065857,2025-07-13,STR041,PRD00232,3,6785.18,0.0,20355.54,14530.11,UPI,Regular
SAL20250065858,2025-07-06,STR005,PRD00194,1,5905.12,0.0,5905.12,4140.26,Debit Card,Walk-in
SAL20250065859,2025-07-23,STR041,PRD00608,1,314.95,0.0,314.95,234.14,Credit Card,Premium
SAL20250065860,2025-07-10,STR026,PRD00037,1,21728.77,0.0,21728.77,16760.42,UPI,Corporate
SAL20250065861,2025-07-23,STR030,PRD00481,1,391.79,0.1,352.61,316.76,UPI,Walk-in
SAL20250065862,2025-07-25,STR028,PRD00939,5,463.84,0.0,2319.2,1211.7,Net Banking,Regular
SAL20250065863,2025-07-12,STR020,PRD00994,1,1224.56,0.05,1163.33,633.19,UPI,Premium
SAL20250065864,2025-07-22,STR020,PRD00613,2,239.41,0.0,478.82,357.22,UPI,Regular
SAL20250065865,2025-07-07,STR028,PRD00680,2,3900.49,0.0,7800.98,5610.0,Credit Card,Regular
SAL20250065866,2025-07-23,STR013,PRD00717,2,402.54,0.0,805.08,524.46,UPI,Walk-in
SAL20250065867,2025-07-30,STR041,PRD00783,1,2295.14,0.05,2180.38,1443.25,Credit Card,Walk-in
SAL20250065868,2025-07-30,STR028,PRD00292,1,975.97,0.05,927.17,491.67,Cash,Walk-in
SAL20250065869,2025-07-03,STR018,PRD00479,2,303.49,0.0,606.98,511.22,UPI,Walk-in
SAL20250065870,2025-07-22,STR009,PRD00663,1,109.46,0.0,109.46,62.9,Debit Card,Walk-in
SAL20250065871,2025-07-14,STR011,PRD00414,1,546.79,0.1,492.11,425.32,UPI,Corporate
SAL20250065872,2025-07-12,STR024,PRD00141,1,2559.21,0.0,2559.21,1944.29,Credit Card,Premium
SAL20250065873,2025-07-17,STR004,PRD00560,1,314.33,0.0,314.33,218.79,Credit Card,Regular
SAL20250065874,2025-07-18,STR030,PRD00585,2,401.86,0.0,803.72,579.3,Net Banking,Premium
SAL20250065875,2025-07-22,STR013,PRD00080,1,17292.25,0.05,16427.64,13027.41,Cash,Walk-in
SAL20250065876,2025-07-20,STR020,PRD00053,1,3304.53,0.05,3139.3,2309.51,Debit Card,Premium
SAL20250065877,2025-07-16,STR038,PRD00874,2,3195.38,0.0,6390.76,4664.96,Net Banking,Walk-in
SAL20250065878,2025-07-31,STR005,PRD00403,2,158.56,0.0,317.12,276.44,Credit Card,Regular
SAL20250065879,2025-07-31,STR018,PRD00190,1,12169.57,0.0,12169.57,7955.32,UPI,Regular
SAL20250065880,2025-07-13,STR022,PRD00710,1,4042.5,0.0,4042.5,2223.99,Net Banking,Regular
SAL20250065881,2025-07-05,STR030,PRD00019,1,9063.53,0.0,9063.53,6399.55,UPI,Walk-in
SAL20250065882,2025-07-22,STR023,PRD00717,1,402.54,0.0,402.54,262.23,Debit Card,Walk-in
SAL20250061474,2025-07-14,STR001,PRD00250,1,3877.74,0.0,3877.74,2737.07,Credit Card,Walk-in
SAL20250065884,2025-07-21,STR033,PRD00169,1,8761.68,0.0,8761.68,5628.67,UPI,Regular
SAL20250065885,2025-07-12,STR021,PRD00660,2,324.23,0.0,648.46,476.08,UPI,Regular
SAL20250065886,2025-07-09,STR016,PRD00228,2,4421.9,0.1,7959.42,5964.62,UPI,Premium
SAL20250065887,2025-07-24,STR018,PRD00093,1,12459.16,0.0,12459.16,9704.07,Cash,Regular
SAL20250065888,2025-07-08,STR016,PRD01098,2,1920.11,0.0,3840.22,2245.72,UPI,Regular
SAL20250065889,2025-07-28,STR019,PRD00844,1,3943.03,0.0,3943.03,2224.57,UPI,Walk-in
SAL20250065890,2025-07-29,STR026,PRD00612,1,287.57,0.1,258.81,212.43,Credit Card,Walk-in
SAL20250065891,2025-07-10,STR017,PRD00404,1,695.46,0.0,695.46,604.38,UPI,Regular
SAL20250065892,2025-07-09,STR003,PRD00358,1,873.37,0.0,873.37,466.67,UPI,Regular
SAL20250065893,2025-07-17,STR004,PRD00509,3,888.38,0.0,2665.14,2022.99,UPI,Premium
SAL20250065894,2025-07-17,STR003,PRD00105,1,9145.0,0.0,9145.0,7010.14,Cash,Regular
SAL20250065895,2025-07-17,STR015,PRD00695,1,2280.88,0.0,2280.88,1276.46,UPI,Regular
SAL20250065896,2025-07-19,STR001,PRD00886,1,1331.79,0.0,1331.79,944.7,UPI,Regular
SAL20250065897,2025-07-11,STR003,PRD00305,1,1134.36,0.0,1134.36,615.3,Cash,Walk-in
SAL20250065898,2025-07-24,STR034,PRD00135,1,9390.96,0.0,9390.96,6866.63,Debit Card,Regular
SAL20250065899,2025-07-28,STR029,PRD00471,1,607.66,0.0,607.66,495.35,UPI,Premium
SAL20250065900,2025-07-31,STR030,PRD00197,1,4849.89,0.0,4849.89,3779.03,Credit Card,Regular
SAL20250065901,2025-07-29,STR029,PRD00363,1,1443.62,0.0,1443.62,690.35,UPI,Regular
SAL20250065902,2025-07-11,STR013,PRD00908,4,2285.46,0.0,9141.84,5360.24,Debit Card,Regular
SAL20250065903,2025-07-27,STR006,PRD01067,5,922.58,0.1,4151.61,2824.2,Debit Card,Walk-in
SAL20250065904,2025-07-13,STR022,PRD00831,1,2902.42,0.0,2902.42,1993.17,UPI,Premium
SAL20250065905,2025-07-29,STR018,PRD00781,2,2809.53,0.0,5619.06,4141.68,Credit Card,Premium
SAL20250065906,2025-07-27,STR006,PRD00898,2,3032.43,0.0,6064.86,3668.4,Credit Card,Walk-in
SAL20250065907,2025-07-25,STR040,PRD00438,3,638.02,0.0,1914.06,1460.67,Cash,Regular
SAL20250065908,2025-07-12,STR018,PRD00588,1,125.09,0.0,125.09,90.39,Credit Card,Premium
SAL20250065909,2025-07-27,STR016,PRD00732,1,4150.55,0.0,4150.55,2648.51,UPI,Walk-in
SAL20250065910,2025-07-08,STR014,PRD00908,1,2285.46,0.0,2285.46,1340.06,Net Banking,Regular
SAL20250065911,2025-07-21,STR024,PRD00725,1,2084.99,0.0,2084.99,1511.69,UPI,Walk-in
SAL20250065912,2025-07-29,STR029,PRD00783,1,2295.14,0.0,2295.14,1443.25,Net Banking,Walk-in
SAL20250065913,2025-07-03,STR008,PRD01144,2,2397.7,0.0,4795.4,2852.04,UPI,Premium
SAL20250065914,2025-07-27,STR016,PRD00377,4,1177.54,0.0,4710.16,3290.88,Cash,Premium
SAL20250065915,2025-07-26,STR017,PRD00178,1,9669.95,0.0,9669.95,6949.73,UPI,Walk-in
SAL20250065916,2025-07-15,STR001,PRD00911,1,807.88,0.0,807.88,602.2,Debit Card,Walk-in
SAL20250065917,2025-07-28,STR013,PRD00777,2,3515.65,0.0,7031.3,3883.56,UPI,Corporate
SAL20250065918,2025-07-16,STR001,PRD00170,1,1380.75,0.0,1380.75,918.49,UPI,Regular
SAL20250065919,2025-07-30,STR040,PRD00216,1,11614.64,0.0,11614.64,7226.78,UPI,Walk-in
SAL20250065920,2025-07-11,STR034,PRD00978,5,172.32,0.0,861.6,536.6,UPI,Regular
SAL20250065921,2025-07-28,STR023,PRD00340,1,956.64,0.0,956.64,556.08,Credit Card,Regular
SAL20250065922,2025-07-07,STR009,PRD00539,1,69.32,0.05,65.85,47.73,UPI,Walk-in
SAL20250065923,2025-07-27,STR021,PRD00314,1,610.16,0.0,610.16,372.41,UPI,Walk-in
SAL20250065924,2025-07-19,STR037,PRD00907,2,1536.02,0.0,3072.04,1953.74,UPI,Premium
SAL20250065925,2025-07-09,STR010,PRD00659,3,294.97,0.0,884.91,656.52,UPI,Regular
SAL20250065926,2025-07-13,STR004,PRD01011,2,265.01,0.0,530.02,299.38,Credit Card,Premium
SAL20250065927,2025-07-02,STR024,PRD00496,1,1047.75,0.0,1047.75,902.44,Credit Card,Regular
SAL20250065928,2025-07-08,STR001,PRD01050,5,562.12,0.1,2529.54,1645.7,UPI,Premium
SAL20250065929,2025-07-28,STR005,PRD00103,1,4104.09,0.0,4104.09,2941.45,UPI,Walk-in
SAL20250065930,2025-07-03,STR029,PRD00808,2,2998.33,0.0,5996.66,3627.94,Debit Card,Walk-in
SAL20250065931,2025-07-31,STR009,PRD01161,1,5090.05,0.0,5090.05,2218.96,Credit Card,Regular
SAL20250065932,2025-07-27,STR004,PRD00357,1,1112.32,0.1,1001.09,676.9,Credit Card,Walk-in
SAL20250065933,2025-07-18,STR014,PRD00564,4,566.41,0.0,2265.64,1391.88,Cash,Walk-in
SAL20250065934,2025-07-06,STR012,PRD00416,2,833.51,0.0,1667.02,1383.58,UPI,Regular
SAL20250065935,2025-07-01,STR015,PRD01109,1,5029.33,0.0,5029.33,2768.42,UPI,Regular
SAL20250065936,2025-07-24,STR019,PRD00281,3,679.79,0.1,1835.43,1180.56,UPI,Walk-in
SAL20250065937,2025-07-01,STR033,PRD00740,2,3926.7,0.0,7853.4,5684.62,UPI,Regular
SAL20250065938,2025-07-08,STR026,PRD00875,1,258.44,0.0,258.44,150.9,Credit Card,Regular
SAL20250065939,2025-07-13,STR041,PRD00087,3,23253.22,0.0,69759.66,47108.82,Debit Card,Regular
SAL20250065940,2025-07-22,STR010,PRD00091,1,21335.5,0.05,20268.72,15504.58,Cash,Regular
SAL20250065941,2025-07-17,STR007,PRD00571,1,201.22,0.0,201.22,143.49,UPI,Regular
SAL20250065942,2025-07-13,STR006,PRD00498,1,178.55,0.0,178.55,138.15,UPI,Regular
SAL20250065943,2025-07-23,STR003,PRD00834,1,1440.43,0.0,1440.43,915.49,Credit Card,Regular
SAL20250065944,2025-07-18,STR004,PRD00760,1,4801.08,0.0,4801.08,3172.81,Debit Card,Regular
SAL20250065945,2025-07-23,STR005,PRD00661,3,443.39,0.0,1330.17,851.04,Cash,Regular
SAL20250065946,2025-07-04,STR007,PRD01175,2,2568.19,0.0,5136.38,3145.4,Debit Card,Regular
SAL20250065947,2025-07-24,STR039,PRD01130,2,3164.31,0.0,6328.62,3779.28,UPI,Walk-in
SAL20250065948,2025-07-19,STR015,PRD00126,1,8140.39,0.0,8140.39,6131.32,UPI,Walk-in
SAL20250065949,2025-07-19,STR035,PRD00239,1,6180.81,0.0,6180.81,4556.06,UPI,Regular
SAL20250065950,2025-07-05,STR016,PRD00569,2,219.4,0.0,438.8,286.6,Credit Card,Regular
SAL20250065951,2025-07-13,STR038,PRD00459,3,918.25,0.0,2754.75,2205.03,Cash,Walk-in
SAL20250065952,2025-07-23,STR008,PRD00741,1,2848.85,0.1,2563.97,2028.89,UPI,Walk-in
SAL20250065953,2025-07-18,STR034,PRD00926,2,683.78,0.0,1367.56,962.5,Net Banking,Regular
SAL20250065954,2025-07-15,STR022,PRD00502,1,721.0,0.0,721.0,628.72,Credit Card,Walk-in
SAL20250065955,2025-07-06,STR006,PRD00304,1,1052.14,0.0,1052.14,723.81,Credit Card,Walk-in
SAL20250065956,2025-07-29,STR030,PRD01005,1,682.39,0.0,682.39,475.7,Credit Card,Regular
SAL20250065957,2025-07-08,STR020,PRD01100,2,6765.12,0.0,13530.24,8161.74,Credit Card,Corporate
SAL20250065958,2025-07-30,STR031,PRD00451,1,641.37,0.0,641.37,505.23,Net Banking,Premium
SAL20250065959,2025-07-29,STR010,PRD01006,2,849.47,0.0,1698.94,1213.38,Cash,Regular
SAL20250065960,2025-07-16,STR004,PRD01064,5,155.0,0.0,775.0,393.15,UPI,Walk-in
SAL20250065961,2025-07-24,STR019,PRD00130,1,17171.37,0.0,17171.37,12882.58,UPI,Regular
SAL20250065962,2025-07-31,STR030,PRD00357,1,1112.32,0.0,1112.32,676.9,Debit Card,Regular
SAL20250065963,2025-07-12,STR005,PRD00044,1,3159.2,0.05,3001.24,2114.03,UPI,Regular
SAL20250065964,2025-07-11,STR023,PRD00378,1,667.36,0.0,667.36,365.54,Cash,Corporate
SAL20250065965,2025-07-22,STR040,PRD00775,2,3571.78,0.05,6786.38,3953.1,UPI,Regular
SAL20250065966,2025-07-23,STR006,PRD00012,1,5255.98,0.0,5255.98,4121.35,Credit Card,Walk-in
SAL20250067493,2025-07-17,STR024,PRD00442,4,148.56,0.0,594.24,478.8,Debit Card,Premium
SAL20250065968,2025-07-27,STR034,PRD00057,2,2490.08,0.0,4980.16,4011.46,UPI,Regular
SAL20250065969,2025-07-01,STR040,PRD00430,3,129.33,0.0,387.99,326.1,Credit Card,Regular
SAL20250065970,2025-07-21,STR032,PRD00275,1,1560.95,0.0,1560.95,847.9,Debit Card,Walk-in
SAL20250065971,2025-07-01,STR024,PRD00803,2,2033.91,0.0,4067.82,2449.48,Credit Card,Premium
SAL20250065972,2025-07-22,STR021,PRD00617,3,496.18,0.0,1488.54,1089.03,UPI,Premium
SAL20250065973,2025-07-04,STR040,PRD00206,1,10675.4,0.05,10141.63,6883.05,Credit Card,Regular
SAL20250065974,2025-07-25,STR014,PRD00205,1,2084.53,0.1,1876.08,1335.1,Cash,Regular
SAL20250065975,2025-07-27,STR019,PRD00729,1,3595.95,0.0,3595.95,2557.72,UPI,Walk-in
SAL20250065976,2025-07-19,STR001,PRD00480,2,103.25,0.0,206.5,172.34,Credit Card,Regular
SAL20250065977,2025-07-24,STR020,PRD00714,3,1837.1,0.1,4960.17,4044.03,UPI,Walk-in
SAL20250065978,2025-07-14,STR036,PRD01056,5,449.88,0.0,2249.4,1510.05,UPI,Regular
SAL20250065979,2025-07-03,STR039,PRD00290,1,747.46,0.05,710.09,478.32,UPI,Walk-in
SAL20250065980,2025-07-26,STR033,PRD00611,3,51.03,0.0,153.09,113.43,UPI,Premium
SAL20250065981,2025-07-06,STR015,PRD00896,1,255.31,0.1,229.78,145.03,UPI,Walk-in
SAL20250065982,2025-07-12,STR007,PRD01199,2,6549.57,0.0,13099.14,6793.3,UPI,Regular
SAL20250065983,2025-07-31,STR003,PRD00185,1,1926.14,0.0,1926.14,1500.04,UPI,Walk-in
SAL20250065984,2025-07-09,STR040,PRD00376,2,1476.13,0.05,2804.65,1365.98,Debit Card,Walk-in
SAL20250065985,2025-07-25,STR033,PRD00252,1,10910.07,0.0,10910.07,7523.25,UPI,Regular
SAL20250065986,2025-07-30,STR018,PRD00395,3,562.56,0.1,1518.91,1119.84,Credit Card,Walk-in
SAL20250065987,2025-07-18,STR036,PRD00792,3,5089.33,0.1,13741.19,8776.02,Cash,Regular
SAL20250065988,2025-07-24,STR030,PRD00194,1,5905.12,0.0,5905.12,4140.26,Credit Card,Regular
SAL20250065989,2025-07-26,STR019,PRD01122,2,6526.26,0.0,13052.52,7262.96,Credit Card,Walk-in
SAL20250065990,2025-07-08,STR037,PRD00092,2,6575.52,0.0,13151.04,9355.36,Cash,Regular
SAL20250065991,2025-07-20,STR003,PRD00805,1,3870.93,0.05,3677.38,2163.81,Credit Card,Premium
SAL20250065992,2025-07-15,STR029,PRD00438,1,638.02,0.05,606.12,486.89,UPI,Premium
SAL20250065993,2025-07-26,STR022,PRD00468,1,180.53,0.0,180.53,148.32,Credit Card,Premium
SAL20250065994,2025-07-09,STR014,PRD00062,1,21073.23,0.0,21073.23,13798.59,UPI,Regular
SAL20250065995,2025-07-02,STR030,PRD00187,2,5314.8,0.0,10629.6,6728.86,UPI,Walk-in
SAL20250065996,2025-07-28,STR015,PRD00067,1,3694.12,0.0,3694.12,2694.72,Cash,Walk-in
SAL20250065997,2025-07-29,STR029,PRD00979,3,62.69,0.05,178.67,112.29,UPI,Regular
SAL20250065998,2025-07-10,STR007,PRD00051,1,18906.15,0.0,18906.15,13812.18,UPI,Regular
SAL20250065999,2025-07-05,STR023,PRD01138,1,4917.81,0.0,4917.81,2789.31,UPI,Regular
SAL20250066000,2025-07-26,STR033,PRD00442,1,148.56,0.0,148.56,119.7,UPI,Walk-in
SAL20250066001,2025-07-22,STR015,PRD00971,4,604.86,0.05,2298.47,1226.68,Credit Card,Regular
SAL20250066002,2025-07-02,STR030,PRD01090,3,4828.9,0.0,14486.7,9193.68,UPI,Walk-in
SAL20250066003,2025-07-30,STR021,PRD00800,1,478.19,0.0,478.19,324.59,Cash,Regular
SAL20250066004,2025-07-29,STR024,PRD00380,1,304.64,0.0,304.64,210.5,Debit Card,Walk-in
SAL20250066005,2025-07-06,STR011,PRD00158,1,3798.87,0.0,3798.87,2582.44,Debit Card,Walk-in
SAL20250066006,2025-07-26,STR019,PRD00772,3,988.94,0.0,2966.82,1978.47,Debit Card,Regular
SAL20250066007,2025-07-07,STR016,PRD00299,1,1362.69,0.05,1294.56,823.3,Credit Card,Regular
SAL20250066008,2025-07-25,STR029,PRD00483,1,634.79,0.1,571.31,530.96,UPI,Walk-in
SAL20250066009,2025-07-28,STR006,PRD00232,1,6785.18,0.0,6785.18,4843.37,Credit Card,Walk-in
SAL20250066010,2025-07-18,STR013,PRD00800,2,478.19,0.05,908.56,649.18,Credit Card,Walk-in
SAL20250066011,2025-07-13,STR034,PRD00131,3,11948.61,0.0,35845.83,27097.29,UPI,Walk-in
SAL20250066012,2025-07-24,STR015,PRD00511,1,709.29,0.0,709.29,559.18,Credit Card,Walk-in
SAL20250066013,2025-07-20,STR024,PRD00368,1,927.52,0.0,927.52,587.93,Cash,Walk-in
SAL20250066014,2025-07-01,STR021,PRD00269,1,151.87,0.0,151.87,99.82,Cash,Corporate
SAL20250066015,2025-07-02,STR009,PRD00536,5,393.56,0.1,1771.02,1354.75,UPI,Walk-in
SAL20250066016,2025-07-08,STR007,PRD01147,1,6760.77,0.0,6760.77,3863.28,UPI,Regular
SAL20250066017,2025-07-21,STR011,PRD00167,1,8410.2,0.0,8410.2,5523.21,UPI,Regular
SAL20250066018,2025-07-19,STR029,PRD00192,1,3362.18,0.0,3362.18,2170.51,UPI,Premium
SAL20250066019,2025-07-27,STR009,PRD00419,1,950.16,0.0,950.16,763.92,UPI,Regular
SAL20250066020,2025-07-16,STR020,PRD00309,2,1344.75,0.0,2689.5,1274.3,Credit Card,Regular
SAL20250066021,2025-07-07,STR022,PRD00280,1,605.7,0.0,605.7,311.37,Credit Card,Premium
SAL20250066022,2025-07-05,STR005,PRD00081,1,19888.54,0.0,19888.54,13106.38,Net Banking,Walk-in
SAL20250066023,2025-07-22,STR021,PRD01083,1,8991.53,0.0,8991.53,3921.72,Net Banking,Regular
SAL20250066024,2025-07-11,STR009,PRD00316,1,924.22,0.0,924.22,589.52,Credit Card,Premium
SAL20250066025,2025-07-31,STR031,PRD00412,3,576.41,0.0,1729.23,1364.25,UPI,Regular
SAL20250066026,2025-07-24,STR012,PRD00081,1,19888.54,0.0,19888.54,13106.38,Debit Card,Premium
SAL20250066027,2025-07-09,STR015,PRD00760,1,4801.08,0.0,4801.08,3172.81,Cash,Corporate
SAL20250066028,2025-07-24,STR012,PRD00246,1,1945.93,0.0,1945.93,1239.78,UPI,Walk-in
SAL20250066029,2025-07-05,STR004,PRD00168,1,8820.25,0.0,8820.25,6611.06,Net Banking,Walk-in
SAL20250066030,2025-07-29,STR041,PRD00120,1,22170.49,0.0,22170.49,16305.22,UPI,Premium
SAL20250066031,2025-07-05,STR036,PRD00460,2,816.3,0.0,1632.6,1335.54,Net Banking,Regular
SAL20250066032,2025-07-11,STR027,PRD00437,3,320.21,0.1,864.57,813.36,UPI,Walk-in
SAL20250066033,2025-07-17,STR004,PRD00441,2,853.01,0.0,1706.02,1414.16,Debit Card,Walk-in
SAL20250066034,2025-07-19,STR018,PRD00305,1,1134.36,0.0,1134.36,615.3,Credit Card,Regular
SAL20250066035,2025-07-12,STR030,PRD00769,1,1757.79,0.0,1757.79,1242.17,UPI,Walk-in
SAL20250066036,2025-07-30,STR030,PRD00132,1,22943.8,0.0,22943.8,17725.67,Credit Card,Premium
SAL20250066037,2025-07-27,STR035,PRD00581,6,310.86,0.0,1865.16,1192.26,UPI,Regular
SAL20250066038,2025-07-18,STR015,PRD00485,4,693.22,0.1,2495.59,2372.6,Credit Card,Premium
SAL20250066039,2025-07-15,STR012,PRD00130,2,17171.37,0.05,32625.6,25765.16,UPI,Walk-in
SAL20250066040,2025-07-31,STR023,PRD00698,1,1659.66,0.0,1659.66,1094.59,Credit Card,Walk-in
SAL20250066041,2025-07-13,STR015,PRD01011,4,265.01,0.0,1060.04,598.76,UPI,Regular
SAL20250066042,2025-07-01,STR019,PRD00331,1,133.4,0.0,133.4,89.83,Cash,Regular
SAL20250066043,2025-07-22,STR007,PRD00803,2,2033.91,0.0,4067.82,2449.48,Credit Card,Walk-in
SAL20250066044,2025-07-22,STR017,PRD01050,2,562.12,0.0,1124.24,658.28,UPI,Walk-in
SAL20250066045,2025-07-24,STR008,PRD01181,1,2062.42,0.1,1856.18,1282.83,Net Banking,Premium
SAL20250066046,2025-07-06,STR024,PRD01001,1,315.54,0.0,315.54,178.37,Credit Card,Walk-in
SAL20250066047,2025-07-19,STR041,PRD01011,2,265.01,0.0,530.02,299.38,Debit Card,Regular
SAL20250066048,2025-07-30,STR004,PRD00137,1,8245.04,0.0,8245.04,6423.44,Debit Card,Regular
SAL20250066049,2025-07-19,STR035,PRD00880,1,430.21,0.1,387.19,293.94,Cash,Walk-in
SAL20250066050,2025-07-10,STR033,PRD00016,1,12816.4,0.0,12816.4,9433.57,Debit Card,Walk-in
SAL20250066051,2025-07-17,STR019,PRD00489,1,850.74,0.0,850.74,690.88,UPI,Premium
SAL20250066052,2025-07-14,STR030,PRD01109,2,5029.33,0.0,10058.66,5536.84,Credit Card,Premium
SAL20250066053,2025-07-05,STR037,PRD00943,2,787.16,0.0,1574.32,1064.88,UPI,Premium
SAL20250066054,2025-07-07,STR009,PRD00588,1,125.09,0.0,125.09,90.39,UPI,Premium
SAL20250066055,2025-07-26,STR028,PRD00723,1,1757.3,0.0,1757.3,1097.96,UPI,Regular
SAL20250066056,2025-07-04,STR020,PRD00274,1,920.1,0.0,920.1,425.76,Debit Card,Regular
SAL20250066057,2025-07-07,STR010,PRD00459,1,918.25,0.05,872.34,735.01,Credit Card,Walk-in
SAL20250066058,2025-07-17,STR025,PRD01178,1,5467.45,0.0,5467.45,3516.53,Net Banking,Regular
SAL20250066059,2025-07-19,STR037,PRD00456,3,215.04,0.0,645.12,509.97,UPI,Walk-in
SAL20250066060,2025-07-06,STR038,PRD00284,1,170.59,0.05,162.06,103.53,Credit Card,Regular
SAL20250066061,2025-07-24,STR012,PRD01038,1,565.57,0.0,565.57,303.34,Cash,Walk-in
SAL20250066062,2025-07-03,STR017,PRD00332,1,556.82,0.0,556.82,272.93,UPI,Regular
SAL20250066063,2025-07-16,STR031,PRD00648,1,715.75,0.0,715.75,457.27,UPI,Walk-in
SAL20250066064,2025-07-27,STR009,PRD00818,1,2330.04,0.0,2330.04,1669.14,UPI,Premium
SAL20250066065,2025-07-26,STR022,PRD00054,1,16291.52,0.05,15476.94,11840.34,Debit Card,Premium
SAL20250066066,2025-07-02,STR012,PRD00749,4,4060.84,0.1,14619.02,9779.08,Net Banking,Walk-in
SAL20250066067,2025-07-07,STR024,PRD00009,1,10580.64,0.0,10580.64,8344.51,UPI,Corporate
SAL20250066068,2025-07-09,STR031,PRD00188,3,6172.58,0.05,17591.85,12082.71,Net Banking,Regular
SAL20250066069,2025-07-12,STR004,PRD00356,1,1354.34,0.0,1354.34,734.18,Credit Card,Corporate
SAL20250066070,2025-07-17,STR032,PRD01188,2,2837.24,0.0,5674.48,3372.48,Debit Card,Premium
SAL20250066071,2025-07-02,STR004,PRD00022,1,22149.39,0.0,22149.39,16337.37,Debit Card,Walk-in
SAL20250066072,2025-07-15,STR033,PRD00205,1,2084.53,0.0,2084.53,1335.1,UPI,Walk-in
SAL20250066073,2025-07-19,STR016,PRD01019,3,948.07,0.0,2844.21,1469.25,Credit Card,Walk-in
SAL20250066074,2025-07-16,STR007,PRD01007,1,886.03,0.0,886.03,502.38,UPI,Premium
SAL20250066075,2025-07-07,STR003,PRD00922,1,953.09,0.0,953.09,628.16,Credit Card,Walk-in
SAL20250066076,2025-07-16,STR019,PRD00040,1,26675.54,0.0,26675.54,17487.01,Credit Card,Regular
SAL20250066077,2025-07-06,STR012,PRD00202,1,1209.84,0.05,1149.35,865.49,Net Banking,Regular
SAL20250066078,2025-07-25,STR024,PRD00235,1,11077.6,0.1,9969.84,6683.62,Credit Card,Walk-in
SAL20250066079,2025-07-12,STR013,PRD00313,1,1406.36,0.0,1406.36,639.34,Debit Card,Regular
SAL20250066080,2025-07-04,STR039,PRD00335,2,1156.98,0.0,2313.96,1245.12,UPI,Walk-in
SAL20250066081,2025-07-16,STR010,PRD00849,2,315.58,0.0,631.16,423.56,UPI,Regular
SAL20250066082,2025-07-01,STR007,PRD00092,1,6575.52,0.0,6575.52,4677.68,UPI,Regular
SAL20250066083,2025-07-03,STR006,PRD00079,1,19037.37,0.05,18085.5,13485.77,Debit Card,Walk-in
SAL20250066084,2025-07-28,STR006,PRD01026,2,512.0,0.0,1024.0,683.9,UPI,Walk-in
SAL20250066085,2025-07-11,STR006,PRD00418,1,378.6,0.0,378.6,315.43,Credit Card,Walk-in
SAL20250066086,2025-07-11,STR035,PRD00673,1,2685.18,0.0,2685.18,1698.29,Net Banking,Premium
SAL20250066087,2025-07-28,STR038,PRD01178,2,5467.45,0.05,10388.15,7033.06,UPI,Corporate
SAL20250066088,2025-07-16,STR011,PRD00438,3,638.02,0.0,1914.06,1460.67,UPI,Regular
SAL20250066089,2025-07-12,STR030,PRD00575,4,90.77,0.0,363.08,268.32,Credit Card,Walk-in
SAL20250066090,2025-07-13,STR020,PRD00202,1,1209.84,0.0,1209.84,865.49,Debit Card,Regular
SAL20250066091,2025-07-08,STR028,PRD00675,1,1206.06,0.0,1206.06,758.43,Debit Card,Regular
SAL20250066092,2025-07-18,STR008,PRD00273,1,1306.29,0.05,1240.98,758.87,Debit Card,Premium
SAL20250066093,2025-07-29,STR038,PRD00140,1,6378.06,0.0,6378.06,4851.7,UPI,Walk-in
SAL20250066094,2025-07-01,STR036,PRD00618,1,249.13,0.0,249.13,183.03,UPI,Walk-in
SAL20250066095,2025-07-07,STR018,PRD00616,3,565.82,0.0,1697.46,942.39,Debit Card,Regular
SAL20250066096,2025-07-05,STR039,PRD00750,4,3884.81,0.0,15539.24,8579.92,Credit Card,Premium
SAL20250066097,2025-07-26,STR002,PRD00843,1,1073.63,0.0,1073.63,689.46,Credit Card,Regular
SAL20250066098,2025-07-07,STR002,PRD00767,1,2122.92,0.05,2016.77,1557.14,UPI,Premium
SAL20250066099,2025-07-25,STR021,PRD01097,1,4205.24,0.0,4205.24,2054.25,Credit Card,Premium
SAL20250066100,2025-07-06,STR003,PRD01017,1,1092.19,0.1,982.97,591.69,UPI,Walk-in
SAL20250066101,2025-07-05,STR035,PRD00428,2,311.12,0.1,560.02,489.5,Debit Card,Regular
SAL20250066102,2025-07-07,STR040,PRD01030,2,525.24,0.0,1050.48,635.14,UPI,Walk-in
SAL20250066103,2025-07-28,STR026,PRD00804,2,782.93,0.0,1565.86,1129.56,Cash,Premium
SAL20250066104,2025-07-17,STR015,PRD01122,1,6526.26,0.0,6526.26,3631.48,Cash,Premium
SAL20250066105,2025-07-15,STR012,PRD00295,1,1024.45,0.0,1024.45,568.49,UPI,Walk-in
SAL20250066106,2025-07-26,STR009,PRD00403,5,158.56,0.0,792.8,691.1,UPI,Walk-in
SAL20250066107,2025-07-17,STR004,PRD00809,3,1418.3,0.0,4254.9,2687.22,UPI,Regular
SAL20250066108,2025-07-11,STR008,PRD00993,2,168.95,0.0,337.9,173.84,Cash,Walk-in
SAL20250066109,2025-07-17,STR030,PRD00066,1,7423.58,0.0,7423.58,5820.76,Debit Card,Walk-in
SAL20250066110,2025-07-14,STR028,PRD00835,1,1480.55,0.0,1480.55,1008.2,UPI,Regular
SAL20250066111,2025-07-01,STR005,PRD00544,1,114.7,0.1,103.23,82.74,Cash,Regular
SAL20250066112,2025-07-22,STR024,PRD00391,2,716.46,0.05,1361.27,694.82,Credit Card,Regular
SAL20250066113,2025-07-12,STR024,PRD00409,2,950.85,0.0,1901.7,1476.22,UPI,Walk-in
SAL20250066114,2025-07-14,STR033,PRD00770,1,1474.46,0.0,1474.46,1090.39,Credit Card,Walk-in
SAL20250066115,2025-07-05,STR019,PRD00188,1,6172.58,0.0,6172.58,4027.57,UPI,Walk-in
SAL20250066116,2025-07-21,STR030,PRD01083,1,8991.53,0.05,8541.95,3921.72,UPI,Regular
SAL20250066117,2025-07-16,STR016,PRD00553,1,150.28,0.0,150.28,87.11,Debit Card,Regular
SAL20250066118,2025-07-17,STR033,PRD00732,1,4150.55,0.0,4150.55,2648.51,Credit Card,Walk-in
SAL20250066119,2025-07-27,STR019,PRD00794,1,5386.59,0.0,5386.59,3160.43,Debit Card,Regular
SAL20250066120,2025-07-29,STR032,PRD00691,1,1815.13,0.0,1815.13,1149.93,UPI,Walk-in
SAL20250066121,2025-07-25,STR010,PRD00542,1,534.65,0.0,534.65,341.81,Cash,Regular
SAL20250066122,2025-07-23,STR018,PRD01082,2,1474.53,0.0,2949.06,1594.52,Credit Card,Premium
SAL20250066123,2025-07-28,STR028,PRD01095,1,4795.88,0.0,4795.88,2620.97,Credit Card,Corporate
SAL20250066124,2025-07-18,STR038,PRD01003,3,278.9,0.0,836.7,438.96,Credit Card,Walk-in
SAL20250066125,2025-07-09,STR036,PRD00534,1,97.09,0.05,92.24,80.59,Cash,Regular
SAL20250066126,2025-07-27,STR015,PRD00567,2,365.44,0.0,730.88,453.92,Credit Card,Regular
SAL20250066127,2025-07-25,STR031,PRD00820,2,2007.6,0.0,4015.2,2354.36,UPI,Regular
SAL20250066128,2025-07-18,STR012,PRD00058,1,3380.1,0.0,3380.1,2568.5,UPI,Premium
SAL20250066129,2025-07-10,STR023,PRD01197,1,2167.83,0.0,2167.83,1161.18,Cash,Regular
SAL20250066130,2025-07-04,STR014,PRD00635,1,332.03,0.0,332.03,207.3,Cash,Regular
SAL20250066131,2025-07-04,STR026,PRD00253,1,9663.5,0.0,9663.5,6717.07,UPI,Regular
SAL20250066132,2025-07-26,STR020,PRD00163,1,12710.38,0.05,12074.86,7712.99,Credit Card,Walk-in
SAL20250066133,2025-07-12,STR027,PRD01065,4,936.71,0.0,3746.84,1913.44,UPI,Walk-in
SAL20250066134,2025-07-03,STR013,PRD00251,1,10660.28,0.0,10660.28,7306.06,Credit Card,Regular
SAL20250066135,2025-07-12,STR014,PRD00012,1,5255.98,0.0,5255.98,4121.35,Credit Card,Walk-in
SAL20250066136,2025-07-28,STR030,PRD00176,1,4757.11,0.0,4757.11,2887.26,UPI,Regular
SAL20250066137,2025-07-23,STR040,PRD00439,1,122.61,0.0,122.61,95.61,UPI,Regular
SAL20250066138,2025-07-30,STR020,PRD00771,2,2601.02,0.05,4941.94,2872.26,Cash,Walk-in
SAL20250066139,2025-07-21,STR032,PRD00518,2,1000.64,0.1,1801.15,1536.86,UPI,Premium
SAL20250066140,2025-07-03,STR003,PRD01059,1,553.69,0.05,526.01,368.36,Debit Card,Walk-in
SAL20250066141,2025-07-09,STR022,PRD01096,1,3066.12,0.0,3066.12,1714.26,Debit Card,Premium
SAL20250066142,2025-07-07,STR040,PRD00117,1,5653.79,0.1,5088.41,4053.02,UPI,Premium
SAL20250066143,2025-07-03,STR021,PRD00201,1,2838.89,0.05,2696.95,1889.59,UPI,Walk-in
SAL20250066144,2025-07-23,STR018,PRD00031,1,18632.2,0.05,17700.59,13903.81,UPI,Walk-in
SAL20250066145,2025-07-12,STR002,PRD00482,1,411.59,0.0,411.59,344.12,UPI,Walk-in
SAL20250066146,2025-07-12,STR023,PRD01156,1,3916.29,0.0,3916.29,2267.77,Debit Card,Regular
SAL20250066147,2025-07-20,STR040,PRD00651,5,368.8,0.0,1844.0,1282.4,UPI,Regular
SAL20250066148,2025-07-23,STR029,PRD00601,2,50.1,0.0,100.2,61.64,UPI,Regular
SAL20250066149,2025-07-19,STR038,PRD00675,1,1206.06,0.05,1145.76,758.43,UPI,Walk-in
SAL20250066150,2025-07-02,STR032,PRD00815,1,2750.26,0.0,2750.26,1847.59,UPI,Walk-in
SAL20250066151,2025-07-12,STR030,PRD00493,4,517.33,0.0,2069.32,1786.0,Debit Card,Regular
SAL20250066152,2025-07-17,STR031,PRD00840,1,2736.67,0.0,2736.67,1682.08,UPI,Regular
SAL20250066153,2025-07-14,STR032,PRD00096,1,1587.91,0.0,1587.91,1154.69,UPI,Premium
SAL20250066154,2025-07-18,STR011,PRD00840,1,2736.67,0.1,2463.0,1682.08,Cash,Regular
SAL20250066155,2025-07-30,STR018,PRD00138,1,3460.02,0.0,3460.02,2661.97,Credit Card,Walk-in
SAL20250066156,2025-07-26,STR035,PRD00976,2,1125.69,0.0,2251.38,1165.22,Net Banking,Walk-in
SAL20250066157,2025-07-15,STR001,PRD00854,1,2355.83,0.0,2355.83,1467.93,UPI,Regular
SAL20250066158,2025-07-27,STR003,PRD00591,1,500.81,0.0,500.81,363.73,Debit Card,Regular
SAL20250066159,2025-07-20,STR039,PRD00596,2,666.12,0.0,1332.24,795.82,UPI,Walk-in
SAL20250066160,2025-07-18,STR001,PRD00202,1,1209.84,0.1,1088.86,865.49,Net Banking,Regular
SAL20250066161,2025-07-05,STR016,PRD00273,4,1306.29,0.0,5225.16,3035.48,Credit Card,Regular
SAL20250066162,2025-07-05,STR007,PRD00298,1,1012.57,0.0,1012.57,666.12,UPI,Corporate
SAL20250066163,2025-07-07,STR026,PRD00254,1,11020.14,0.0,11020.14,6776.21,Debit Card,Regular
SAL20250066164,2025-07-25,STR039,PRD01090,3,4828.9,0.0,14486.7,9193.68,UPI,Walk-in
SAL20250066165,2025-07-04,STR033,PRD01058,2,211.57,0.0,423.14,290.04,Credit Card,Premium
SAL20250066166,2025-07-31,STR021,PRD00774,1,2102.71,0.1,1892.44,1549.27,UPI,Corporate
SAL20250066167,2025-07-16,STR022,PRD00047,1,27210.89,0.0,27210.89,17922.95,Cash,Regular
SAL20250066168,2025-07-17,STR025,PRD00536,1,393.56,0.0,393.56,270.95,Credit Card,Regular
SAL20250066169,2025-07-24,STR001,PRD00480,4,103.25,0.0,413.0,344.68,UPI,Walk-in
SAL20250066170,2025-07-02,STR007,PRD00769,1,1757.79,0.0,1757.79,1242.17,Credit Card,Walk-in
SAL20250066171,2025-07-13,STR014,PRD00048,2,26663.85,0.0,53327.7,36594.2,Debit Card,Premium
SAL20250066172,2025-07-15,STR022,PRD01138,3,4917.81,0.05,14015.76,8367.93,Credit Card,Regular
SAL20250066173,2025-07-31,STR020,PRD00578,6,577.23,0.05,3290.21,2536.86,Cash,Premium
SAL20250066174,2025-07-30,STR002,PRD00021,1,1822.47,0.0,1822.47,1333.8,UPI,Walk-in
SAL20250066175,2025-07-16,STR011,PRD00695,1,2280.88,0.0,2280.88,1276.46,Credit Card,Corporate
SAL20250066176,2025-07-21,STR034,PRD00799,1,3907.93,0.0,3907.93,2458.58,Debit Card,Regular
SAL20250066177,2025-07-22,STR008,PRD00521,1,947.8,0.0,947.8,832.6,UPI,Regular
SAL20250066178,2025-07-14,STR037,PRD01089,1,8670.13,0.0,8670.13,3797.02,Debit Card,Walk-in
SAL20250066179,2025-07-10,STR018,PRD00684,1,3989.77,0.1,3590.79,2465.54,UPI,Walk-in
SAL20250066180,2025-07-10,STR025,PRD00904,1,2811.36,0.0,2811.36,1859.97,Credit Card,Premium
SAL20250066181,2025-07-10,STR010,PRD00266,1,13058.2,0.0,13058.2,8085.89,UPI,Premium
SAL20250066182,2025-07-17,STR021,PRD00310,3,607.97,0.05,1732.71,911.22,UPI,Regular
SAL20250066183,2025-07-16,STR017,PRD00309,1,1344.75,0.0,1344.75,637.15,UPI,Walk-in
SAL20250066184,2025-07-29,STR031,PRD00795,2,965.34,0.0,1930.68,1376.04,UPI,Regular
SAL20250066185,2025-07-30,STR011,PRD00669,1,3235.01,0.0,3235.01,1886.76,UPI,Walk-in
SAL20250066186,2025-07-01,STR028,PRD01149,4,4599.19,0.0,18396.76,9339.08,Credit Card,Regular
SAL20250066187,2025-07-06,STR034,PRD00804,2,782.93,0.0,1565.86,1129.56,Credit Card,Regular
SAL20250066188,2025-07-30,STR004,PRD00543,2,579.45,0.0,1158.9,850.46,Debit Card,Walk-in
SAL20250066189,2025-07-08,STR041,PRD01187,1,5464.91,0.0,5464.91,3354.99,Cash,Walk-in
SAL20250066190,2025-07-28,STR025,PRD00233,1,9134.67,0.0,9134.67,7104.84,Cash,Premium
SAL20250066191,2025-07-23,STR021,PRD00894,3,2403.9,0.0,7211.7,4824.48,Debit Card,Regular
SAL20250066192,2025-07-08,STR037,PRD00502,5,721.0,0.0,3605.0,3143.6,UPI,Regular
SAL20250066193,2025-07-04,STR024,PRD00923,1,3811.45,0.05,3620.88,2262.33,UPI,Regular
SAL20250066194,2025-07-10,STR039,PRD00999,1,1102.59,0.0,1102.59,586.85,Credit Card,Regular
SAL20250066195,2025-07-22,STR041,PRD00946,3,937.06,0.0,2811.18,1576.74,UPI,Corporate
SAL20250066196,2025-07-30,STR015,PRD00961,1,294.28,0.0,294.28,158.53,UPI,Premium
SAL20250066197,2025-07-13,STR026,PRD00511,3,709.29,0.0,2127.87,1677.54,Credit Card,Regular
SAL20250066198,2025-07-02,STR002,PRD00532,3,1039.03,0.0,3117.09,2426.58,UPI,Regular
SAL20250066199,2025-07-11,STR030,PRD00763,2,3968.33,0.05,7539.83,5701.8,Cash,Regular
SAL20250066200,2025-07-14,STR022,PRD00370,2,676.23,0.0,1352.46,902.66,Credit Card,Regular
SAL20250066201,2025-07-24,STR013,PRD00203,1,6533.34,0.0,6533.34,4260.88,Credit Card,Regular
SAL20250066202,2025-07-09,STR002,PRD00662,1,192.14,0.0,192.14,140.96,Debit Card,Regular
SAL20250066203,2025-07-22,STR028,PRD00151,1,5709.55,0.0,5709.55,3733.65,UPI,Premium
SAL20250066204,2025-07-23,STR031,PRD00888,1,2557.48,0.0,2557.48,1725.04,UPI,Walk-in
SAL20250066205,2025-07-10,STR002,PRD00177,1,10270.98,0.0,10270.98,7398.07,UPI,Regular
SAL20250066206,2025-07-29,STR026,PRD00376,1,1476.13,0.0,1476.13,682.99,UPI,Premium
SAL20250066207,2025-07-10,STR002,PRD00286,3,390.77,0.0,1172.31,760.02,Cash,Walk-in
SAL20250066208,2025-07-14,STR032,PRD00612,2,287.57,0.0,575.14,424.86,Credit Card,Walk-in
SAL20250066209,2025-07-11,STR038,PRD00540,1,550.54,0.0,550.54,388.62,UPI,Walk-in
SAL20250066210,2025-07-01,STR004,PRD00525,2,76.55,0.0,153.1,132.9,UPI,Walk-in
SAL20250066211,2025-07-09,STR041,PRD00815,1,2750.26,0.0,2750.26,1847.59,Debit Card,Walk-in
SAL20250066212,2025-07-02,STR011,PRD00670,1,3171.53,0.0,3171.53,1914.92,Debit Card,Regular
SAL20250066213,2025-07-21,STR037,PRD00852,1,1751.61,0.0,1751.61,1214.84,UPI,Regular
SAL20250066214,2025-07-03,STR019,PRD00447,3,458.65,0.0,1375.95,1066.98,UPI,Walk-in
SAL20250066215,2025-07-25,STR034,PRD00043,1,22998.01,0.0,22998.01,15302.97,Credit Card,Premium
SAL20250066216,2025-07-06,STR024,PRD00881,1,802.33,0.05,762.21,533.51,Credit Card,Walk-in
SAL20250066217,2025-07-04,STR040,PRD00050,1,20155.67,0.0,20155.67,16076.03,Credit Card,Walk-in
SAL20250066218,2025-07-29,STR001,PRD00031,1,18632.2,0.1,16768.98,13903.81,Credit Card,Regular
SAL20250066219,2025-07-15,STR034,PRD00115,1,5778.27,0.0,5778.27,4176.17,UPI,Premium
SAL20250066220,2025-07-11,STR010,PRD01015,2,771.47,0.1,1388.65,1082.24,UPI,Corporate
SAL20250066221,2025-07-26,STR005,PRD01066,1,424.4,0.0,424.4,252.99,UPI,Corporate
SAL20250066222,2025-07-13,STR038,PRD01095,2,4795.88,0.1,8632.58,5241.94,UPI,Premium
SAL20250066223,2025-07-24,STR010,PRD00951,3,594.37,0.0,1783.11,1057.14,Cash,Walk-in
SAL20250066224,2025-07-19,STR014,PRD00735,1,2710.38,0.0,2710.38,1616.28,Net Banking,Walk-in
SAL20250066225,2025-07-16,STR023,PRD00284,2,170.59,0.1,307.06,207.06,Credit Card,Premium
SAL20250066226,2025-07-08,STR027,PRD01093,-1,4476.19,0.0,-4476.19,2887.02,Debit Card,Premium
SAL20250066227,2025-07-31,STR041,PRD00159,1,4881.58,0.0,4881.58,3676.52,UPI,Regular
SAL20250066228,2025-07-05,STR022,PRD00436,2,630.05,0.0,1260.1,1015.4,Debit Card,Premium
SAL20250066229,2025-07-28,STR028,PRD00771,3,2601.02,0.0,7803.06,4308.39,Net Banking,Regular
SAL20250066230,2025-07-01,STR020,PRD00259,1,1699.09,0.05,1614.14,1233.0,UPI,Premium
SAL20250066231,2025-07-13,STR018,PRD00388,2,522.1,0.1,939.78,512.98,Credit Card,Walk-in
SAL20250066232,2025-07-21,STR021,PRD00606,1,516.03,0.0,516.03,308.57,Debit Card,Walk-in
SAL20250066233,2025-07-19,STR041,PRD00783,1,2295.14,0.0,2295.14,1443.25,UPI,Regular
SAL20250066234,2025-07-22,STR017,PRD00182,1,1682.57,0.0,1682.57,1144.55,UPI,Regular
SAL20250066235,2025-07-10,STR001,PRD01189,2,5263.0,0.0,10526.0,4474.74,Credit Card,Premium
SAL20250066236,2025-07-20,STR006,PRD00813,2,3086.68,0.0,6173.36,4018.82,Net Banking,Walk-in
SAL20250066237,2025-07-27,STR032,PRD01093,1,4476.19,0.0,4476.19,2887.02,Credit Card,Regular
SAL20250066238,2025-07-19,STR019,PRD00192,1,3362.18,0.0,3362.18,2170.51,Net Banking,Premium
SAL20250066239,2025-07-12,STR026,PRD00953,1,80.84,0.0,80.84,57.97,UPI,Walk-in
SAL20250066240,2025-07-13,STR031,PRD00317,1,1393.76,0.05,1324.07,799.47,UPI,Regular
SAL20250066241,2025-07-04,STR011,PRD00838,4,1522.8,0.05,5786.64,4187.4,UPI,Regular
SAL20250066242,2025-07-09,STR022,PRD00159,1,4881.58,0.0,4881.58,3676.52,Credit Card,Walk-in
SAL20250066243,2025-07-28,STR022,PRD00173,1,9167.15,0.0,9167.15,5751.32,Debit Card,Regular
SAL20250066244,2025-07-15,STR003,PRD01065,4,936.71,0.0,3746.84,1913.44,Debit Card,Regular
SAL20250066245,2025-07-10,STR041,PRD00691,1,1815.13,0.0,1815.13,1149.93,Credit Card,Regular
SAL20250066246,2025-07-12,STR023,PRD00553,10,150.28,0.0,1502.8,871.1,UPI,Regular
SAL20250066247,2025-07-29,STR024,PRD01131,1,6280.13,0.0,6280.13,3425.53,UPI,Premium
SAL20250066248,2025-07-15,STR004,PRD01004,2,128.91,0.1,232.04,131.86,Cash,Corporate
SAL20250066249,2025-07-05,STR005,PRD01140,3,5750.16,0.0,17250.48,9949.38,UPI,Premium
SAL20250066250,2025-07-07,STR005,PRD00888,2,2557.48,0.0,5114.96,3450.08,Credit Card,Regular
SAL20250066251,2025-07-30,STR028,PRD00627,1,670.0,0.0,670.0,403.71,UPI,Premium
SAL20250066252,2025-07-07,STR027,PRD00602,1,328.03,0.0,328.03,207.28,Cash,Regular
SAL20250066253,2025-07-26,STR039,PRD00316,1,924.22,0.0,924.22,589.52,UPI,Regular
SAL20250066254,2025-07-22,STR012,PRD00349,1,152.26,0.1,137.03,83.87,Credit Card,Regular
SAL20250066255,2025-07-04,STR003,PRD01050,2,562.12,0.0,1124.24,658.28,UPI,Regular
SAL20250066256,2025-07-26,STR010,PRD00994,4,1224.56,0.0,4898.24,2532.76,Credit Card,Regular
SAL20250066257,2025-07-08,STR011,PRD00275,1,1560.95,0.0,1560.95,847.9,UPI,Walk-in
SAL20250066258,2025-07-10,STR001,PRD00316,1,924.22,0.0,924.22,589.52,UPI,Premium
SAL20250066259,2025-07-03,STR002,PRD00913,1,3252.33,0.0,3252.33,2160.5,UPI,Regular
SAL20250066260,2025-07-24,STR023,PRD01181,1,2062.42,0.1,1856.18,1282.83,Credit Card,Regular
SAL20250066261,2025-07-30,STR041,PRD00231,1,9171.94,0.0,9171.94,6705.09,Net Banking,Regular
SAL20250066262,2025-07-20,STR011,PRD00421,3,579.98,0.0,1739.94,1459.5,Credit Card,Regular
SAL20250066263,2025-07-03,STR031,PRD00511,1,709.29,0.0,709.29,559.18,UPI,Regular
SAL20250066264,2025-07-28,STR009,PRD00514,6,1177.91,0.0,7067.46,5485.98,UPI,Walk-in
SAL20250066265,2025-07-24,STR018,PRD00022,1,22149.39,0.1,19934.45,16337.37,Debit Card,Walk-in
SAL20250066266,2025-07-18,STR006,PRD00518,1,1000.64,0.0,1000.64,768.43,Credit Card,Premium
SAL20250066267,2025-07-14,STR029,PRD00231,1,9171.94,0.0,9171.94,6705.09,UPI,Regular
SAL20250066268,2025-07-26,STR001,PRD00538,1,57.89,0.0,57.89,41.78,Credit Card,Regular
SAL20250066269,2025-07-08,STR028,PRD00550,2,639.85,0.0,1279.7,729.84,UPI,Regular
SAL20250066270,2025-07-24,STR039,PRD00868,2,1450.33,0.0,2900.66,1824.42,Credit Card,Premium
SAL20250066271,2025-07-30,STR035,PRD00378,1,667.36,0.0,667.36,365.54,Credit Card,Regular
SAL20250066272,2025-07-17,STR002,PRD00170,1,1380.75,0.0,1380.75,918.49,UPI,Regular
SAL20250066273,2025-07-10,STR025,PRD00025,1,2348.16,0.0,2348.16,1617.05,UPI,Walk-in
SAL20250066274,2025-07-23,STR037,PRD01147,1,6760.77,0.0,6760.77,3863.28,UPI,Walk-in
SAL20250066275,2025-07-21,STR003,PRD00634,1,509.03,0.0,509.03,298.96,Net Banking,Premium
SAL20250066276,2025-07-04,STR035,PRD00512,1,151.51,0.0,151.51,115.8,Net Banking,Premium
SAL20250066277,2025-07-28,STR003,PRD00058,2,3380.1,0.0,6760.2,5137.0,Credit Card,Regular
SAL20250066278,2025-07-16,STR037,PRD01110,1,1048.97,0.0,1048.97,581.11,UPI,Regular
SAL20250066279,2025-07-30,STR017,PRD00865,1,2254.56,0.0,2254.56,1423.93,UPI,Corporate
SAL20250066280,2025-07-08,STR039,PRD00591,1,500.81,0.0,500.81,363.73,UPI,Premium
SAL20250066281,2025-07-19,STR038,PRD00042,1,15775.49,0.0,15775.49,11939.67,Credit Card,Regular
SAL20250066282,2025-07-03,STR016,PRD00257,1,3131.42,0.0,3131.42,2145.77,UPI,Walk-in
SAL20250066283,2025-07-30,STR002,PRD00800,1,478.19,0.0,478.19,324.59,UPI,Regular
SAL20250066284,2025-07-06,STR021,PRD01027,1,412.95,0.0,412.95,225.72,UPI,Walk-in
SAL20250066285,2025-07-06,STR015,PRD00683,1,794.15,0.0,794.15,594.03,Debit Card,Regular
SAL20250066286,2025-07-10,STR005,PRD00847,2,2294.5,0.0,4589.0,3234.24,UPI,Walk-in
SAL20250066287,2025-07-08,STR005,PRD00142,2,4154.89,0.0,8309.78,5472.88,Debit Card,Premium
SAL20250066288,2025-07-13,STR021,PRD00423,6,256.23,0.0,1537.38,1283.4,Credit Card,Premium
SAL20250066289,2025-07-14,STR015,PRD00060,2,15273.35,0.05,29019.36,21063.06,Debit Card,Regular
SAL20250066290,2025-07-14,STR021,PRD00069,1,11744.39,0.0,11744.39,7701.34,UPI,Walk-in
SAL20250066291,2025-07-27,STR033,PRD00519,2,818.33,0.0,1636.66,1285.8,Credit Card,Regular
SAL20250066292,2025-07-11,STR017,PRD00696,1,1599.77,0.05,1519.78,1080.02,UPI,Walk-in
SAL20250066293,2025-07-01,STR041,PRD00280,3,605.7,0.05,1726.25,934.11,UPI,Regular
SAL20250066294,2025-07-25,STR037,PRD00993,2,168.95,0.0,337.9,173.84,UPI,Regular
SAL20250066295,2025-07-05,STR036,PRD00766,3,1923.71,0.0,5771.13,4103.97,Net Banking,Walk-in
SAL20250066296,2025-07-09,STR034,PRD00411,2,779.25,0.0,1558.5,1263.7,Net Banking,Regular
SAL20250066297,2025-07-18,STR006,PRD01174,1,4967.43,0.05,4719.06,2664.97,Credit Card,Regular
SAL20250066298,2025-07-30,STR020,PRD00908,2,2285.46,0.0,4570.92,2680.12,UPI,Regular
SAL20250066299,2025-07-30,STR001,PRD00530,1,663.27,0.1,596.94,562.07,Cash,Premium
SAL20250066300,2025-07-08,STR036,PRD00514,2,1177.91,0.0,2355.82,1828.66,Credit Card,Regular
SAL20250066301,2025-07-06,STR009,PRD00674,1,2861.74,0.0,2861.74,1590.59,Debit Card,Regular
SAL20250066302,2025-07-07,STR007,PRD00932,1,479.96,0.05,455.96,293.99,UPI,Premium
SAL20250066303,2025-07-10,STR022,PRD01184,3,6927.53,0.0,20782.59,9548.1,UPI,Walk-in
SAL20250066304,2025-07-11,STR007,PRD00630,1,612.41,0.0,612.41,361.45,Credit Card,Regular
SAL20250066305,2025-07-14,STR034,PRD00060,3,15273.35,0.0,45820.05,31594.59,Credit Card,Walk-in
SAL20250066306,2025-07-17,STR036,PRD00554,4,805.55,0.0,3222.2,1865.64,UPI,Walk-in
SAL20250066307,2025-07-16,STR009,PRD00600,1,709.55,0.0,709.55,469.16,UPI,Regular
SAL20250066308,2025-07-15,STR025,PRD00267,1,11328.41,0.0,11328.41,8001.59,UPI,Walk-in
SAL20250066309,2025-07-24,STR018,PRD00951,5,594.37,0.1,2674.66,1761.9,UPI,Regular
SAL20250066310,2025-07-30,STR019,PRD00405,4,917.35,0.0,3669.4,3215.44,Credit Card,Regular
SAL20250066311,2025-07-09,STR032,PRD00263,2,3207.01,0.0,6414.02,4878.2,UPI,Walk-in
SAL20250066312,2025-07-07,STR036,PRD00415,1,345.23,0.0,345.23,286.19,Credit Card,Regular
SAL20250066313,2025-07-19,STR031,PRD00310,2,607.97,0.0,1215.94,607.48,Credit Card,Walk-in
SAL20250066314,2025-07-30,STR017,PRD00708,4,2849.79,0.0,11399.16,7532.6,Credit Card,Regular
SAL20250066315,2025-07-01,STR040,PRD00425,3,878.01,0.0,2634.03,2092.53,Credit Card,Regular
SAL20250066316,2025-07-29,STR005,PRD00046,1,12754.14,0.0,12754.14,8397.4,Net Banking,Regular
SAL20250066317,2025-07-25,STR037,PRD00778,1,875.87,0.0,875.87,569.54,UPI,Walk-in
SAL20250066318,2025-07-17,STR019,PRD00984,2,34.1,0.0,68.2,40.04,Credit Card,Regular
SAL20250066319,2025-07-20,STR001,PRD00289,1,1047.34,0.0,1047.34,607.0,Credit Card,Corporate
SAL20250066320,2025-07-14,STR024,PRD00882,1,3706.7,0.0,3706.7,2187.93,UPI,Regular
SAL20250066321,2025-07-23,STR010,PRD01041,1,954.2,0.0,954.2,532.81,Credit Card,Regular
SAL20250066322,2025-07-19,STR027,PRD00433,3,1065.88,0.0,3197.64,2585.25,UPI,Regular
SAL20250066323,2025-07-21,STR039,PRD00216,1,11614.64,0.0,11614.64,7226.78,Credit Card,Walk-in
SAL20250066324,2025-07-22,STR017,PRD00910,2,2302.88,0.05,4375.47,3159.38,UPI,Premium
SAL20250066325,2025-07-08,STR007,PRD00761,3,367.88,0.05,1048.46,807.63,Debit Card,Walk-in
SAL20250066326,2025-07-13,STR035,PRD00354,2,1099.31,0.0,2198.62,1299.32,UPI,Premium
SAL20250066327,2025-07-12,STR033,PRD00016,1,12816.4,0.0,12816.4,9433.57,Credit Card,Walk-in
SAL20250066328,2025-07-09,STR002,PRD00605,4,66.61,0.05,253.12,196.2,UPI,Walk-in
SAL20250066329,2025-07-22,STR013,PRD00692,2,1997.13,0.0,3994.26,2891.8,Cash,Premium
SAL20250066330,2025-07-13,STR016,PRD01072,1,354.49,0.0,354.49,220.0,Cash,Regular
SAL20250066331,2025-07-07,STR040,PRD00588,1,125.09,0.0,125.09,90.39,Debit Card,Premium
SAL20250066332,2025-07-02,STR031,PRD00357,1,1112.32,0.0,1112.32,676.9,UPI,Regular
SAL20250066333,2025-07-03,STR024,PRD01019,5,948.07,0.0,4740.35,2448.75,UPI,Regular
SAL20250066334,2025-07-19,STR010,PRD00066,1,7423.58,0.0,7423.58,5820.76,Credit Card,Regular
SAL20250066335,2025-07-29,STR009,PRD01185,1,2223.59,0.05,2112.41,924.85,Cash,Corporate
SAL20250066336,2025-07-23,STR037,PRD01032,2,117.65,0.0,235.3,140.4,Net Banking,Regular
SAL20250066337,2025-07-15,STR037,PRD00616,2,565.82,0.0,1131.64,628.26,UPI,Regular
SAL20250066338,2025-07-05,STR014,PRD00633,1,365.95,0.0,365.95,212.9,UPI,Walk-in
SAL20250066339,2025-07-13,STR019,PRD00687,1,2662.45,0.0,2662.45,1789.17,Cash,Walk-in
SAL20250066340,2025-07-05,STR030,PRD00961,1,294.28,0.05,279.57,158.53,Debit Card,Regular
SAL20250066341,2025-07-15,STR008,PRD00553,2,150.28,0.0,300.56,174.22,Net Banking,Premium
SAL20250066342,2025-07-26,STR026,PRD00885,1,1948.54,0.05,1851.11,1253.39,UPI,Regular
SAL20250066343,2025-07-18,STR018,PRD01023,2,241.67,0.1,435.01,266.56,Debit Card,Corporate
SAL20250066344,2025-07-07,STR019,PRD00877,2,1728.24,0.0,3456.48,2423.82,UPI,Regular
SAL20250066345,2025-07-23,STR038,PRD01133,2,8197.9,0.0,16395.8,7530.04,Cash,Regular
SAL20250066346,2025-07-02,STR033,PRD00153,1,12724.66,0.0,12724.66,7922.12,UPI,Walk-in
SAL20250066347,2025-07-15,STR007,PRD01016,2,253.56,0.0,507.12,322.8,Credit Card,Regular
SAL20250066348,2025-07-12,STR030,PRD00569,1,219.4,0.0,219.4,143.3,Net Banking,Premium
SAL20250066349,2025-07-31,STR004,PRD00177,1,10270.98,0.0,10270.98,7398.07,Credit Card,Regular
SAL20250066350,2025-07-26,STR012,PRD01084,1,10498.54,0.0,10498.54,4211.39,Credit Card,Regular
SAL20250066351,2025-07-20,STR030,PRD00757,1,1608.8,0.0,1608.8,1037.87,Debit Card,Walk-in
SAL20250066352,2025-07-07,STR037,PRD00136,1,8242.41,0.0,8242.41,5641.21,Debit Card,Regular
SAL20250066353,2025-07-21,STR017,PRD00358,2,873.37,0.0,1746.74,933.34,Net Banking,Premium
SAL20250066354,2025-07-22,STR006,PRD00230,1,11424.91,0.0,11424.91,7835.88,Debit Card,Walk-in
SAL20250066355,2025-07-23,STR014,PRD00345,1,670.76,0.0,670.76,393.88,UPI,Regular
SAL20250066356,2025-07-04,STR034,PRD00610,3,637.82,0.0,1913.46,1241.19,UPI,Regular
SAL20250066357,2025-07-19,STR003,PRD00295,3,1024.45,0.0,3073.35,1705.47,UPI,Premium
SAL20250066358,2025-07-30,STR014,PRD00790,1,1379.35,0.0,1379.35,902.72,Credit Card,Regular
SAL20250066359,2025-07-16,STR021,PRD01157,1,8076.82,0.05,7672.98,4265.41,UPI,Walk-in
SAL20250066360,2025-07-05,STR020,PRD00622,1,644.0,0.0,644.0,399.79,Net Banking,Regular
SAL20250066361,2025-07-31,STR026,PRD01071,1,5607.68,0.1,5046.91,3412.0,Debit Card,Premium
SAL20250066362,2025-07-18,STR020,PRD00393,1,526.25,0.0,526.25,344.18,UPI,Corporate
SAL20250066363,2025-07-28,STR004,PRD00435,3,718.79,0.0,2156.37,1752.51,UPI,Walk-in
SAL20250066364,2025-07-29,STR039,PRD00377,1,1177.54,0.0,1177.54,822.72,UPI,Walk-in
SAL20250066365,2025-07-14,STR016,PRD00283,2,917.06,0.0,1834.12,862.94,Credit Card,Regular
SAL20250066366,2025-07-06,STR010,PRD00452,1,1046.75,0.05,994.41,879.65,Debit Card,Walk-in
SAL20250066367,2025-07-18,STR036,PRD01166,2,3220.85,0.0,6441.7,3320.86,UPI,Walk-in
SAL20250066368,2025-07-18,STR038,PRD00251,1,10660.28,0.05,10127.27,7306.06,Cash,Walk-in
SAL20250066369,2025-07-04,STR013,PRD00134,1,19404.79,0.0,19404.79,14953.78,Cash,Walk-in
SAL20250066370,2025-07-29,STR009,PRD00719,1,4808.67,0.0,4808.67,2759.21,UPI,Regular
SAL20250066371,2025-07-06,STR004,PRD00377,1,1177.54,0.0,1177.54,822.72,UPI,Walk-in
SAL20250066372,2025-07-11,STR025,PRD00655,4,75.89,0.0,303.56,188.6,UPI,Regular
SAL20250066373,2025-07-20,STR008,PRD00306,2,1349.3,0.0,2698.6,1543.88,Credit Card,Walk-in
SAL20250066374,2025-07-24,STR041,PRD00548,2,172.01,0.0,344.02,240.72,Credit Card,Regular
SAL20250066375,2025-07-08,STR008,PRD00052,1,1655.5,0.1,1489.95,1137.08,Credit Card,Walk-in
SAL20250066376,2025-07-19,STR003,PRD00383,1,216.69,0.0,216.69,135.74,UPI,Premium
SAL20250066377,2025-07-18,STR026,PRD00234,1,3859.31,0.1,3473.38,2374.04,Credit Card,Premium
SAL20250066378,2025-07-16,STR031,PRD00824,1,3034.92,0.0,3034.92,2166.53,UPI,Premium
SAL20250066379,2025-07-10,STR037,PRD00480,3,103.25,0.0,309.75,258.51,UPI,Regular
SAL20250066380,2025-07-29,STR034,PRD00433,1,1065.88,0.0,1065.88,861.75,Cash,Regular
SAL20250066381,2025-07-14,STR009,PRD00817,1,3058.64,0.0,3058.64,2165.66,UPI,Regular
SAL20250066382,2025-07-15,STR025,PRD00105,1,9145.0,0.0,9145.0,7010.14,Debit Card,Walk-in
SAL20250066383,2025-07-03,STR014,PRD00606,3,516.03,0.0,1548.09,925.71,Debit Card,Regular
SAL20250066384,2025-07-31,STR034,PRD00584,1,232.29,0.0,232.29,142.35,UPI,Premium
SAL20250066385,2025-07-22,STR001,PRD00171,1,6232.31,0.1,5609.08,4552.99,UPI,Walk-in
SAL20250066386,2025-07-10,STR033,PRD01124,1,4813.39,0.0,4813.39,2177.75,Net Banking,Walk-in
SAL20250066387,2025-07-29,STR023,PRD01093,2,4476.19,0.0,8952.38,5774.04,Credit Card,Regular
SAL20250066388,2025-07-01,STR023,PRD00311,4,936.08,0.0,3744.32,2313.36,Credit Card,Regular
SAL20250066389,2025-07-29,STR037,PRD00632,1,758.72,0.05,720.78,430.06,Credit Card,Regular
SAL20250066390,2025-07-18,STR031,PRD00210,2,8463.87,0.0,16927.74,11066.4,UPI,Regular
SAL20250066391,2025-07-01,STR023,PRD00070,1,15101.4,0.0,15101.4,11038.01,UPI,Walk-in
SAL20250066392,2025-07-01,STR035,PRD00697,1,1377.61,0.0,1377.61,807.52,UPI,Regular
SAL20250066393,2025-07-21,STR009,PRD00807,1,667.9,0.0,667.9,429.52,Cash,Regular
SAL20250066394,2025-07-24,STR003,PRD00598,3,173.87,0.0,521.61,367.47,UPI,Regular
SAL20250066395,2025-07-03,STR026,PRD01181,1,2062.42,0.0,2062.42,1282.83,Credit Card,Regular
SAL20250066396,2025-07-18,STR029,PRD00704,1,1185.8,0.0,1185.8,707.14,Debit Card,Walk-in
SAL20250066397,2025-07-14,STR040,PRD00579,2,398.71,0.1,717.68,584.34,UPI,Regular
SAL20250066398,2025-07-17,STR040,PRD00487,4,92.35,0.0,369.4,315.36,Credit Card,Walk-in
SAL20250066399,2025-07-31,STR019,PRD00272,1,610.52,0.0,610.52,344.72,Credit Card,Premium
SAL20250066400,2025-07-23,STR034,PRD00972,1,1079.34,0.05,1025.37,629.0,UPI,Walk-in
SAL20250066401,2025-07-15,STR013,PRD00374,1,1242.75,0.0,1242.75,738.33,Cash,Walk-in
SAL20250066402,2025-07-09,STR032,PRD01069,2,2127.71,0.0,4255.42,2167.7,Debit Card,Corporate
SAL20250066403,2025-07-15,STR018,PRD01137,2,2009.09,0.0,4018.18,2148.54,Cash,Corporate
SAL20250066404,2025-07-02,STR015,PRD01169,1,6625.23,0.0,6625.23,4001.41,Credit Card,Regular
SAL20250066405,2025-07-26,STR024,PRD00342,1,1186.13,0.05,1126.82,698.17,Credit Card,Walk-in
SAL20250066406,2025-07-13,STR028,PRD00313,1,1406.36,0.0,1406.36,639.34,UPI,Regular
SAL20250066407,2025-07-06,STR026,PRD00729,2,3595.95,0.0,7191.9,5115.44,Credit Card,Regular
SAL20250066408,2025-07-15,STR004,PRD01200,1,1804.12,0.0,1804.12,865.8,Credit Card,Regular
SAL20250066409,2025-07-31,STR027,PRD00800,3,478.19,0.0,1434.57,973.77,UPI,Walk-in
SAL20250066410,2025-07-20,STR010,PRD00618,1,249.13,0.05,236.67,183.03,Debit Card,Regular
SAL20250066411,2025-07-11,STR025,PRD01087,3,7006.0,0.0,21018.0,10259.16,Cash,Walk-in
SAL20250066412,2025-07-08,STR019,PRD00364,2,296.2,0.0,592.4,391.38,Net Banking,Regular
SAL20250066413,2025-07-28,STR026,PRD00086,1,22194.93,0.0,22194.93,15176.58,UPI,Regular
SAL20250066414,2025-07-20,STR026,PRD00605,1,66.61,0.1,59.95,49.05,Credit Card,Regular
SAL20250066415,2025-07-19,STR033,PRD00619,1,215.37,0.05,204.6,139.33,Cash,Walk-in
SAL20250066416,2025-07-24,STR036,PRD00511,2,709.29,0.1,1276.72,1118.36,UPI,Walk-in
SAL20250066417,2025-07-01,STR035,PRD00334,2,796.78,0.0,1593.56,801.52,UPI,Corporate
SAL20250066418,2025-07-18,STR041,PRD00469,2,499.21,0.05,948.5,778.9,Debit Card,Regular
SAL20250066419,2025-07-22,STR006,PRD00118,1,13769.46,0.0,13769.46,10543.97,UPI,Regular
SAL20250066420,2025-07-08,STR039,PRD00451,1,641.37,0.0,641.37,505.23,Credit Card,Premium
SAL20250066421,2025-07-27,STR024,PRD00937,3,262.48,0.0,787.44,532.68,UPI,Premium
SAL20250066422,2025-07-08,STR029,PRD00203,1,6533.34,0.0,6533.34,4260.88,UPI,Walk-in
SAL20250066423,2025-07-23,STR022,PRD00862,1,1883.72,0.1,1695.35,1142.54,UPI,Premium
SAL20250066424,2025-07-19,STR031,PRD00045,1,17414.18,0.05,16543.47,13822.18,Debit Card,Regular
SAL20250066425,2025-07-17,STR015,PRD00552,2,296.06,0.0,592.12,389.88,Debit Card,Premium
SAL20250066426,2025-07-27,STR004,PRD00092,1,6575.52,0.0,6575.52,4677.68,Credit Card,Regular
SAL20250066427,2025-07-22,STR008,PRD00323,1,361.28,0.0,361.28,188.15,UPI,Regular
SAL20250066428,2025-07-26,STR023,PRD00933,1,3527.61,0.0,3527.61,2180.3,UPI,Regular
SAL20250066429,2025-07-20,STR004,PRD00865,2,2254.56,0.0,4509.12,2847.86,Debit Card,Regular
SAL20250066430,2025-07-05,STR038,PRD00539,1,69.32,0.0,69.32,47.73,UPI,Regular
SAL20250066431,2025-07-12,STR015,PRD00042,1,15775.49,0.0,15775.49,11939.67,Cash,Premium
SAL20250066432,2025-07-31,STR006,PRD00893,3,963.04,0.0,2889.12,1809.15,Credit Card,Regular
SAL20250066433,2025-07-09,STR025,PRD00939,6,463.84,0.0,2783.04,1454.04,UPI,Walk-in
SAL20250066434,2025-07-28,STR039,PRD00577,1,262.74,0.1,236.47,189.28,UPI,Walk-in
SAL20250066435,2025-07-22,STR029,PRD01034,4,310.11,0.0,1240.44,870.88,UPI,Regular
SAL20250066436,2025-07-04,STR031,PRD00752,1,4535.72,0.1,4082.15,3022.89,Debit Card,Regular
SAL20250066437,2025-07-22,STR034,PRD01061,3,1015.91,0.0,3047.73,1606.59,UPI,Regular
SAL20250066438,2025-07-04,STR037,PRD00785,1,4604.98,0.0,4604.98,2754.83,Credit Card,Regular
SAL20250066439,2025-07-02,STR038,PRD00123,1,7408.15,0.0,7408.15,5588.12,UPI,Regular
SAL20250066440,2025-07-08,STR033,PRD00265,1,4797.2,0.1,4317.48,2920.06,UPI,Walk-in
SAL20250066441,2025-07-16,STR033,PRD00987,1,289.9,0.0,289.9,202.35,UPI,Walk-in
SAL20250066442,2025-07-28,STR021,PRD01078,1,2107.38,0.0,2107.38,1315.89,Debit Card,Walk-in
SAL20250066443,2025-07-10,STR014,PRD00890,3,891.3,0.1,2406.51,1607.79,Net Banking,Walk-in
SAL20250066444,2025-07-28,STR018,PRD01109,2,5029.33,0.0,10058.66,5536.84,UPI,Regular
SAL20250066445,2025-07-26,,PRD00849,1,315.58,0.0,315.58,211.78,UPI,Regular
SAL20250066446,2025-07-01,STR021,PRD00976,1,1125.69,0.0,1125.69,582.61,UPI,Walk-in
SAL20250066447,2025-07-12,STR035,PRD00685,1,4676.03,0.0,4676.03,2851.64,Debit Card,Premium
SAL20250066448,2025-07-28,STR033,PRD00628,1,365.09,0.0,365.09,210.81,UPI,Corporate
SAL20250066449,2025-07-27,STR036,PRD00828,3,765.4,0.0,2296.2,1329.0,Credit Card,Walk-in
SAL20250066450,2025-07-07,STR025,PRD00606,1,516.03,0.0,516.03,308.57,UPI,Walk-in
SAL20250066451,2025-07-05,STR035,PRD00480,1,103.25,0.1,92.92,86.17,UPI,Premium
SAL20250066452,2025-07-11,STR022,PRD00482,3,411.59,0.0,1234.77,1032.36,Debit Card,Corporate
SAL20250066453,2025-07-29,STR026,PRD00241,1,7381.55,0.0,7381.55,5583.94,UPI,Regular
SAL20250066454,2025-07-06,STR023,PRD00018,1,13116.16,0.0,13116.16,9769.19,Credit Card,Regular
SAL20250066455,2025-07-30,STR005,PRD00703,4,940.1,0.0,3760.4,2802.2,UPI,Walk-in
SAL20250066456,2025-07-08,STR031,PRD00064,1,2458.4,0.0,2458.4,1830.7,Debit Card,Corporate
SAL20250066457,2025-07-06,STR041,PRD00708,1,2849.79,0.0,2849.79,1883.15,Credit Card,Walk-in
SAL20250066458,2025-07-05,STR013,PRD00665,2,157.57,0.0,315.14,206.28,UPI,Regular
SAL20250066459,2025-07-14,STR023,,1,1863.27,0.05,1770.11,1335.3,Debit Card,Walk-in
SAL20250066460,2025-07-19,STR015,PRD00946,2,937.06,0.1,1686.71,1051.16,UPI,Walk-in
SAL20250066461,2025-07-06,STR027,PRD00424,2,428.73,0.0,857.46,754.48,Credit Card,Regular
SAL20250066462,2025-07-22,STR014,PRD00354,1,1099.31,0.0,1099.31,649.66,UPI,Walk-in
SAL20250066463,2025-07-26,STR005,PRD00548,3,172.01,0.0,516.03,361.08,Net Banking,Premium
SAL20250066464,2025-07-23,STR037,PRD00554,2,805.55,0.0,1611.1,932.82,UPI,Premium
SAL20250066465,2025-07-26,STR036,PRD00459,2,918.25,0.0,1836.5,1470.02,Credit Card,Regular
SAL20250066466,2025-07-28,STR020,PRD00353,1,948.44,0.1,853.6,529.81,UPI,Regular
SAL20250066467,2025-07-22,STR025,PRD01125,1,3015.8,0.0,3015.8,1423.43,UPI,Corporate
SAL20250066468,2025-07-12,STR010,PRD00184,1,3565.48,0.0,3565.48,2588.7,UPI,Regular
SAL20250066469,2025-07-12,STR031,PRD00979,3,62.69,0.0,188.07,112.29,UPI,Premium
SAL20250066470,2025-07-12,STR009,PRD00247,1,8119.57,0.05,7713.59,4992.42,UPI,Regular
SAL20250066471,2025-07-04,STR014,PRD00555,1,381.92,0.05,362.82,219.79,UPI,Walk-in
SAL20250066472,2025-07-12,STR034,PRD00313,1,1406.36,0.1,1265.72,639.34,UPI,Corporate
SAL20250066473,2025-07-30,STR002,PRD00275,3,1560.95,0.0,4682.85,2543.7,Credit Card,Regular
SAL20250066474,2025-07-05,STR038,PRD01153,1,5497.78,0.0,5497.78,2499.55,Debit Card,Premium
SAL20250066475,2025-07-18,STR040,PRD00629,2,197.41,0.0,394.82,274.18,Debit Card,Regular
SAL20250066476,2025-07-05,STR025,PRD00151,1,5709.55,0.0,5709.55,3733.65,Net Banking,Regular
SAL20250066477,2025-07-29,STR024,PRD00824,1,3034.92,0.0,3034.92,2166.53,Net Banking,Regular
SAL20250066478,2025-07-22,STR017,PRD01021,2,582.28,0.0,1164.56,756.24,Debit Card,Regular
SAL20250066479,2025-07-18,STR030,PRD00407,1,687.91,0.1,619.12,533.4,Credit Card,Premium
SAL20250066480,2025-07-11,STR013,PRD00591,4,500.81,0.1,1802.92,1454.92,Cash,Walk-in
SAL20250066481,2025-07-21,STR040,PRD00561,1,111.53,0.0,111.53,75.49,UPI,Walk-in
SAL20250066482,2025-07-09,STR029,PRD00270,1,1213.51,0.0,1213.51,769.06,UPI,Corporate
SAL20250066483,2025-07-28,STR028,PRD00301,1,189.19,0.0,189.19,130.27,Credit Card,Walk-in
SAL20250066484,2025-07-07,STR033,PRD00990,4,577.78,0.0,2311.12,1403.16,UPI,Regular
SAL20250066485,2025-07-01,STR020,PRD00812,1,3142.68,0.1,2828.41,1823.3,Net Banking,Walk-in
SAL20250066486,2025-07-26,STR012,PRD00249,1,4858.0,0.0,4858.0,3416.15,UPI,Regular
SAL20250066487,2025-07-31,STR041,PRD00602,2,328.03,0.0,656.06,414.56,UPI,Regular
SAL20250066488,2025-07-04,STR038,PRD00120,1,22170.49,0.0,22170.49,16305.22,Credit Card,Corporate
SAL20250066489,2025-07-24,STR032,PRD00082,2,9499.68,0.0,18999.36,13104.88,UPI,Regular
SAL20250066490,2025-07-25,STR010,PRD00688,1,2802.62,0.0,2802.62,2088.84,UPI,Walk-in
SAL20250066491,2025-07-03,STR021,PRD01019,1,948.07,0.0,948.07,489.75,UPI,Regular
SAL20250066492,2025-07-14,STR041,PRD00180,1,3550.84,0.0,3550.84,2526.78,Credit Card,Regular
SAL20250066493,2025-07-11,STR001,PRD00782,1,3353.32,0.0,3353.32,1957.52,Credit Card,Walk-in
SAL20250066494,2025-07-15,STR033,PRD00260,1,8853.62,0.0,8853.62,5607.87,Credit Card,Premium
SAL20250066495,2025-07-22,STR004,PRD00359,1,1383.56,0.0,1383.56,643.64,UPI,Walk-in
SAL20250066496,2025-07-27,STR013,PRD00447,2,458.65,0.0,917.3,711.32,UPI,Premium
SAL20250066497,2025-07-20,STR019,PRD00625,1,629.94,0.0,629.94,432.91,UPI,Regular
SAL20250066498,2025-07-21,STR002,PRD01079,1,323.52,0.0,323.52,191.54,Credit Card,Walk-in
SAL20250066499,2025-07-12,STR019,PRD00189,1,8529.1,0.0,8529.1,5554.64,Cash,Walk-in
SAL20250066500,2025-07-25,STR026,PRD00949,10,855.15,0.0,8551.5,5668.5,Credit Card,Regular
SAL20250066501,2025-07-14,STR007,PRD00655,5,75.89,0.0,379.45,235.75,Credit Card,Walk-in
SAL20250066502,2025-07-09,STR017,PRD01080,2,1721.88,0.0,3443.76,1543.46,UPI,Regular
SAL20250066503,2025-07-20,STR023,PRD00299,3,1362.69,0.0,4088.07,2469.9,UPI,Regular
SAL20250066504,2025-07-20,STR039,PRD00517,1,252.82,0.0,252.82,203.03,UPI,Regular
SAL20250066505,2025-07-10,STR001,PRD00475,3,749.71,0.0,2249.13,1706.88,UPI,Premium
SAL20250066506,2025-07-21,STR010,PRD00117,1,5653.79,0.0,5653.79,4053.02,Credit Card,Premium
SAL20250066507,2025-07-26,STR014,PRD00311,2,936.08,0.1,1684.94,1156.68,Net Banking,Regular
SAL20250066508,2025-07-06,STR021,PRD00643,1,345.09,0.0,345.09,217.6,UPI,Regular
SAL20250066509,2025-07-31,STR020,PRD00184,1,3565.48,0.0,3565.48,2588.7,Cash,Premium
SAL20250066510,2025-07-01,STR008,PRD00553,4,150.28,0.1,541.01,348.44,Debit Card,Walk-in
SAL20250066511,2025-07-13,STR008,PRD00153,1,12724.66,0.0,12724.66,7922.12,Credit Card,Premium
SAL20250066512,2025-07-02,STR038,PRD00402,2,947.11,0.1,1704.8,1636.12,UPI,Regular
SAL20250066513,2025-07-08,STR011,PRD00990,4,577.78,0.0,2311.12,1403.16,Credit Card,Regular
SAL20250066514,2025-07-19,STR017,PRD00730,2,3497.66,0.05,6645.55,5161.86,Credit Card,Walk-in
SAL20250066515,2025-07-18,STR019,PRD00142,1,4154.89,0.0,4154.89,2736.44,Credit Card,Walk-in
SAL20250066516,2025-07-30,STR036,PRD00677,2,1193.37,0.0,2386.74,1666.98,Credit Card,Walk-in
SAL20250066517,2025-07-22,STR009,PRD00875,4,258.44,0.1,930.38,603.6,Debit Card,Corporate
SAL20250066518,2025-07-26,STR028,PRD00707,1,2433.38,0.0,2433.38,1626.72,Cash,Premium
SAL20250066519,2025-07-15,STR014,PRD00039,1,8380.37,0.0,8380.37,6279.95,Net Banking,Regular
SAL20250066520,2025-07-17,STR013,PRD00065,1,10562.87,0.0,10562.87,8152.93,UPI,Premium
SAL20250066521,2025-07-27,STR023,PRD00778,2,875.87,0.0,1751.74,1139.08,Cash,Regular
SAL20250066522,2025-07-29,STR010,PRD00319,3,746.89,0.0,2240.67,1391.43,Credit Card,Walk-in
SAL20250066523,2025-07-14,STR038,PRD00908,2,2285.46,0.0,4570.92,2680.12,UPI,Regular
SAL20250066524,2025-07-28,STR002,PRD00248,1,9547.84,0.0,9547.84,6877.51,Credit Card,Walk-in
SAL20250066525,2025-07-13,STR023,PRD00921,1,3248.47,0.0,3248.47,1833.94,UPI,Regular
SAL20250066526,2025-07-10,STR002,PRD00968,2,316.7,0.0,633.4,317.52,UPI,Regular
SAL20250066527,2025-07-18,STR009,PRD00752,1,4535.72,0.0,4535.72,3022.89,UPI,Regular
SAL20250066528,2025-07-13,,PRD00803,2,2033.91,0.0,4067.82,2449.48,Credit Card,Walk-in
SAL20250066529,2025-07-23,STR026,PRD00270,1,1213.51,0.0,1213.51,769.06,UPI,Premium
SAL20250066530,2025-07-04,STR034,PRD00195,1,4088.9,0.0,4088.9,3108.85,UPI,Walk-in
SAL20250066531,2025-07-18,STR032,PRD00758,3,4375.02,0.0,13125.06,9504.81,Cash,Walk-in
SAL20250066532,2025-07-28,STR012,PRD00084,1,11056.09,0.1,9950.48,8293.77,UPI,Walk-in
SAL20250066533,2025-07-22,STR031,PRD00743,1,1675.83,0.0,1675.83,1131.56,UPI,Regular
SAL20250066534,2025-07-19,STR026,PRD00105,1,9145.0,0.0,9145.0,7010.14,Credit Card,Regular
SAL20250066535,2025-07-25,STR030,PRD00307,3,743.28,0.0,2229.84,1448.46,Debit Card,Regular
SAL20250066536,2025-07-29,STR034,PRD00488,1,995.48,0.05,945.71,835.86,Cash,Premium
SAL20250066537,2025-07-29,STR004,PRD00912,1,532.47,0.05,505.85,306.3,UPI,Walk-in
SAL20250066538,2025-07-23,STR040,PRD00008,2,14817.35,0.0,29634.7,20786.94,Credit Card,Regular
SAL20250066539,2025-07-13,STR032,PRD00743,1,1675.83,0.0,1675.83,1131.56,Net Banking,Regular
SAL20250066540,2025-07-08,STR010,PRD01141,1,1387.21,0.1,1248.49,810.65,Debit Card,Premium
SAL20250066541,2025-07-11,STR034,PRD00504,2,1118.52,0.1,2013.34,1868.48,Credit Card,Regular
SAL20250066542,2025-07-27,STR001,PRD00336,3,1590.59,0.0,4771.77,2463.33,Credit Card,Regular
SAL20250066543,2025-07-14,STR008,PRD01158,2,7747.18,0.0,15494.36,8354.56,UPI,Regular
SAL20250066544,2025-07-27,STR024,PRD00757,3,1608.8,0.0,4826.4,3113.61,Credit Card,Regular
SAL20250066545,2025-07-25,STR031,PRD00957,2,157.86,0.1,284.15,189.1,Credit Card,Walk-in
SAL20250066546,2025-07-07,STR015,PRD00502,2,721.0,0.0,1442.0,1257.44,UPI,Regular
SAL20250066547,2025-07-11,STR034,PRD01037,2,431.13,0.0,862.26,464.38,UPI,Premium
SAL20250066548,2025-07-01,STR013,PRD00626,3,125.9,0.0,377.7,227.79,Debit Card,Regular
SAL20250066549,2025-07-16,STR009,PRD00372,1,542.7,0.0,542.7,275.98,Credit Card,Regular
SAL20250066550,2025-07-28,STR001,PRD00959,2,664.61,0.0,1329.22,805.38,Credit Card,Regular
SAL20250066551,2025-07-12,STR017,PRD00440,1,366.81,0.0,366.81,320.83,UPI,Regular
SAL20250066552,2025-07-08,STR033,PRD00500,5,936.13,0.0,4680.65,3787.65,Credit Card,Walk-in
SAL20250066553,2025-07-30,STR039,PRD00156,1,1591.76,0.0,1591.76,1231.95,Debit Card,Regular
SAL20250066554,2025-07-14,STR031,PRD00313,1,1406.36,0.1,1265.72,639.34,Credit Card,Walk-in
SAL20250066555,2025-07-08,STR013,PRD00878,4,1229.84,0.0,4919.36,3186.24,Debit Card,Premium
SAL20250066556,2025-07-20,STR002,PRD01106,3,3135.75,0.0,9407.25,5007.48,Debit Card,Regular
SAL20250066557,2025-07-31,STR008,PRD00576,3,451.26,0.0,1353.78,991.68,Debit Card,Regular
SAL20250066558,2025-07-01,STR021,PRD00034,1,761.93,0.05,723.83,520.56,Net Banking,Regular
SAL20250066559,2025-07-08,STR025,PRD00543,4,579.45,0.0,2317.8,1700.92,Debit Card,Premium
SAL20250066560,2025-07-28,STR011,PRD00280,1,605.7,0.05,575.41,311.37,UPI,Corporate
SAL20250066561,2025-07-01,STR026,PRD01014,1,1123.09,0.0,1123.09,636.08,Credit Card,Premium
SAL20250066562,2025-07-04,STR035,PRD01020,1,560.55,0.0,560.55,361.97,Debit Card,Walk-in
SAL20250066563,2025-07-15,STR029,PRD00952,5,892.13,0.0,4460.65,2513.55,UPI,Regular
SAL20250066564,2025-07-28,STR019,PRD00469,3,499.21,0.05,1422.75,1168.35,UPI,Premium
SAL20250066565,2025-07-16,STR029,PRD00036,1,8731.85,0.0,8731.85,5708.44,UPI,Regular
SAL20250066566,2025-07-08,STR035,PRD00752,2,4535.72,0.0,9071.44,6045.78,UPI,Premium
SAL20250066567,2025-07-26,STR024,PRD00640,1,209.4,0.0,209.4,117.43,Cash,Walk-in
SAL20250066568,2025-07-31,STR018,PRD00883,2,2575.75,0.0,5151.5,2874.96,Cash,Premium
SAL20250066569,2025-07-22,STR015,PRD00618,1,249.13,0.0,249.13,183.03,UPI,Premium
SAL20250066570,2025-07-10,STR036,PRD00665,1,157.57,0.0,157.57,103.14,UPI,Regular
SAL20250066571,2025-07-21,STR036,PRD00623,3,563.55,0.0,1690.65,1162.98,Credit Card,Walk-in
SAL20250066572,2025-07-23,STR011,PRD00242,1,3336.56,0.0,3336.56,2557.66,Net Banking,Walk-in
SAL20250066573,2025-07-27,STR030,PRD00043,1,22998.01,0.0,22998.01,15302.97,Debit Card,Walk-in
SAL20250066574,2025-07-27,STR016,PRD00794,1,5386.59,0.0,5386.59,3160.43,UPI,Premium
SAL20250066575,2025-07-24,STR002,PRD00044,1,3159.2,0.0,3159.2,2114.03,Debit Card,Regular
SAL20250066576,2025-07-11,STR024,PRD00566,2,655.12,0.1,1179.22,846.24,UPI,Regular
SAL20250066577,2025-07-26,STR003,PRD00715,1,2949.53,0.05,2802.05,1984.0,Debit Card,Regular
SAL20250066578,2025-07-19,STR002,PRD00644,4,812.84,0.0,3251.36,1809.56,Credit Card,Walk-in
SAL20250066579,2025-07-30,STR011,PRD00447,1,458.65,0.0,458.65,355.66,Credit Card,Walk-in
SAL20250066580,2025-07-09,STR008,PRD00297,2,1248.97,0.0,2497.94,1262.12,Debit Card,Corporate
SAL20250066581,2025-07-10,STR007,PRD00096,1,1587.91,0.0,1587.91,1154.69,Debit Card,Premium
SAL20250066582,2025-07-08,STR011,PRD01073,3,4074.99,0.0,12224.97,7321.35,Credit Card,Walk-in
SAL20250066583,2025-07-11,STR035,PRD00481,3,391.79,0.0,1175.37,950.28,Cash,Regular
SAL20250066584,2025-07-07,STR004,PRD00933,1,3527.61,0.0,3527.61,2180.3,Net Banking,Regular
SAL20250066585,2025-07-02,STR036,PRD00174,1,698.44,0.0,698.44,523.24,UPI,Walk-in
SAL20250066586,2025-07-15,STR032,PRD00493,3,517.33,0.0,1551.99,1339.5,UPI,Walk-in
SAL20250066587,2025-07-24,STR014,PRD00461,4,198.22,0.0,792.88,677.8,UPI,Regular
SAL20250066588,2025-07-07,STR013,PRD00431,1,614.87,0.0,614.87,521.2,UPI,Walk-in
SAL20250066589,2025-07-27,STR028,PRD01117,2,2651.1,0.0,5302.2,2893.6,UPI,Walk-in
SAL20250066590,2025-07-11,STR041,PRD00346,1,927.55,0.05,881.17,634.62,Credit Card,Walk-in
SAL20250066591,2025-07-12,STR006,PRD00385,1,460.87,0.0,460.87,278.52,UPI,Premium
SAL20250066592,2025-07-29,STR019,PRD00565,3,107.78,0.0,323.34,184.44,Credit Card,Regular
SAL20250066593,2025-07-21,STR019,PRD01137,3,2009.09,0.0,6027.27,3222.81,Debit Card,Walk-in
SAL20250066594,2025-07-15,STR010,PRD00197,1,4849.89,0.0,4849.89,3779.03,UPI,Walk-in
SAL20250066595,2025-07-09,STR030,PRD00754,4,372.52,0.0,1490.08,883.52,UPI,Regular
SAL20250066596,2025-07-16,STR004,PRD00483,2,634.79,0.0,1269.58,1061.92,Debit Card,Walk-in
SAL20250066597,2025-07-07,STR034,PRD00369,1,1020.79,0.0,1020.79,482.49,Credit Card,Regular
SAL20250066598,2025-07-21,STR036,PRD00948,2,38.1,0.0,76.2,53.1,Credit Card,Walk-in
SAL20250066599,2025-07-17,STR030,PRD00149,1,3024.83,0.1,2722.35,2041.86,Debit Card,Regular
SAL20250066600,2025-07-22,STR021,PRD00228,1,4421.9,0.1,3979.71,2982.31,Credit Card,Walk-in
SAL20250066601,2025-07-23,STR021,PRD00837,1,4012.56,0.0,4012.56,2368.64,Debit Card,Regular
SAL20250066602,2025-07-09,STR005,PRD00330,3,275.94,0.0,827.82,506.58,Cash,Regular
SAL20250066603,2025-07-25,STR003,PRD00461,5,198.22,0.0,991.1,847.25,UPI,Walk-in
SAL20250066604,2025-07-30,STR038,PRD00473,3,113.62,0.0,340.86,284.49,Credit Card,Regular
SAL20250066605,2025-07-03,STR009,PRD00367,3,450.03,0.0,1350.09,740.34,Credit Card,Walk-in
SAL20250066606,2025-07-08,STR014,PRD00455,5,683.36,0.05,3245.96,2817.35,Net Banking,Corporate
SAL20250066607,2025-07-17,STR035,PRD00797,2,567.41,0.05,1078.08,822.82,Credit Card,Walk-in
SAL20250066608,2025-07-12,STR034,PRD00519,2,818.33,0.0,1636.66,1285.8,UPI,Premium
SAL20250066609,2025-07-20,STR024,PRD00902,1,258.19,0.0,258.19,154.07,Net Banking,Premium
SAL20250066610,2025-07-27,STR040,PRD00376,1,1476.13,0.0,1476.13,682.99,UPI,Walk-in
SAL20250066611,2025-07-07,STR041,PRD01198,1,7043.58,0.0,7043.58,4432.23,UPI,Regular
SAL20250066612,2025-07-11,STR035,PRD00248,1,9547.84,0.0,9547.84,6877.51,UPI,Walk-in
SAL20250066613,2025-07-17,STR006,PRD00827,1,3989.15,0.0,3989.15,2196.59,UPI,Regular
SAL20250066614,2025-07-24,STR010,PRD01018,4,139.93,0.1,503.75,355.2,UPI,Walk-in
SAL20250066615,2025-07-28,STR032,PRD00108,1,22607.14,0.0,22607.14,15802.22,Debit Card,Walk-in
SAL20250066616,2025-07-05,STR035,PRD00501,1,707.96,0.0,707.96,547.35,Cash,Regular
SAL20250066617,2025-07-14,STR032,PRD00078,1,9036.37,0.1,8132.73,6491.36,UPI,Regular
SAL20250066618,2025-07-23,STR012,PRD00282,1,705.96,0.1,635.36,470.23,UPI,Walk-in
SAL20250066619,2025-07-19,STR009,PRD01121,1,2103.52,0.0,2103.52,974.58,Credit Card,Regular
SAL20250066620,2025-07-09,STR005,PRD01127,1,730.99,0.0,730.99,319.39,Credit Card,Regular
SAL20250066621,2025-07-12,STR016,PRD01024,1,129.44,0.0,129.44,92.1,Credit Card,Walk-in
SAL20250066622,2025-07-25,STR027,PRD01163,2,6199.15,0.0,12398.3,7432.12,UPI,Regular
SAL20250066623,2025-07-17,STR022,PRD00545,2,450.85,0.0,901.7,504.9,Debit Card,Premium
SAL20250066624,2025-07-25,STR034,PRD00962,2,708.41,0.0,1416.82,791.36,Debit Card,Walk-in
SAL20250066625,2025-07-18,STR040,PRD00348,1,1231.54,0.0,1231.54,694.06,Cash,Regular
SAL20250066626,2025-07-28,STR028,PRD00576,1,451.26,0.0,451.26,330.56,UPI,Premium
SAL20250066627,2025-07-09,STR034,PRD00760,2,4801.08,0.0,9602.16,6345.62,Credit Card,Corporate
SAL20250066628,2025-07-21,STR007,PRD00537,2,133.85,0.05,254.31,157.56,Debit Card,Corporate
SAL20250066629,2025-07-04,STR001,PRD00467,2,528.8,0.0,1057.6,906.1,UPI,Regular
SAL20250066630,2025-07-29,STR029,PRD00054,1,16291.52,0.0,16291.52,11840.34,Cash,Premium
SAL20250066631,2025-07-19,STR013,PRD00788,1,3329.23,0.0,3329.23,2105.2,Credit Card,Walk-in
SAL20250066632,2025-07-18,STR009,PRD01152,1,2969.91,0.0,2969.91,1378.7,UPI,Regular
SAL20250066633,2025-07-10,STR016,PRD00767,1,2122.92,0.0,2122.92,1557.14,Credit Card,Regular
SAL20250066634,2025-07-07,STR024,PRD00777,1,3515.65,0.0,3515.65,1941.78,Credit Card,Walk-in
SAL20250066635,2025-07-15,STR020,PRD00971,1,604.86,0.05,574.62,306.67,Credit Card,Regular
SAL20250066636,2025-07-03,STR004,PRD00867,2,798.49,0.0,1596.98,915.52,Credit Card,Regular
SAL20250066637,2025-07-21,STR001,PRD00077,1,14848.8,0.1,13363.92,12077.21,UPI,Regular
SAL20250066638,2025-07-23,STR035,PRD00184,1,3565.48,0.0,3565.48,2588.7,UPI,Premium
SAL20250066639,2025-07-03,STR012,PRD00729,1,3595.95,0.0,3595.95,2557.72,UPI,Regular
SAL20250066640,2025-07-27,STR017,PRD00492,2,431.72,0.0,863.44,724.08,Credit Card,Corporate
SAL20250066641,2025-07-04,STR033,PRD00528,1,1118.04,0.05,1062.14,946.34,UPI,Corporate
SAL20250066642,2025-07-29,STR009,PRD00535,1,314.95,0.0,314.95,224.28,Debit Card,Walk-in
SAL20250066643,2025-07-28,STR024,PRD00512,5,151.51,0.0,757.55,579.0,UPI,Regular
SAL20250066644,2025-07-03,STR036,PRD00540,3,550.54,0.0,1651.62,1165.86,Debit Card,Regular
SAL20250066645,2025-07-02,STR025,,1,6378.06,0.0,6378.06,4851.7,UPI,Regular
SAL20250066646,2025-07-17,STR011,PRD00883,3,2575.75,0.0,7727.25,4312.44,UPI,Walk-in
SAL20250066647,2025-07-24,STR017,PRD00994,1,1224.56,0.0,1224.56,633.19,Cash,Regular
SAL20250066648,2025-07-21,STR040,PRD00858,1,1066.62,0.0,1066.62,695.16,UPI,Walk-in
SAL20250066649,2025-07-22,STR004,PRD00402,5,947.11,0.0,4735.55,4090.3,UPI,Walk-in
SAL20250066650,2025-07-29,STR020,PRD00024,1,23723.95,0.0,23723.95,15500.24,UPI,Corporate
SAL20250066651,2025-07-19,STR029,PRD00941,3,737.4,0.05,2101.59,1533.27,UPI,Regular
SAL20250066652,2025-07-18,STR009,PRD00925,1,2271.72,0.0,2271.72,1525.09,UPI,Corporate
SAL20250066653,2025-07-20,STR037,PRD01004,2,128.91,0.0,257.82,131.86,UPI,Walk-in
SAL20250066654,2025-07-05,STR037,PRD01084,1,10498.54,0.0,10498.54,4211.39,Credit Card,Premium
SAL20250066655,2025-07-14,STR039,PRD00644,2,812.84,0.0,1625.68,904.78,Net Banking,Corporate
SAL20250066656,2025-07-21,STR025,PRD00084,1,11056.09,0.0,11056.09,8293.77,UPI,Regular
SAL20250066657,2025-07-27,STR019,PRD00685,2,4676.03,0.0,9352.06,5703.28,Credit Card,Walk-in
SAL20250066658,2025-07-29,STR027,PRD01079,1,323.52,0.1,291.17,191.54,Net Banking,Premium
SAL20250066659,2025-07-22,STR029,PRD00549,2,585.62,0.0,1171.24,764.8,UPI,Walk-in
SAL20250066660,2025-07-12,STR034,PRD01183,1,7827.71,0.05,7436.32,3332.0,Cash,Walk-in
SAL20250066661,2025-07-03,STR025,PRD00834,3,1440.43,0.05,4105.23,2746.47,Debit Card,Regular
SAL20250066662,2025-07-15,STR015,PRD00866,3,1023.05,0.0,3069.15,1867.11,UPI,Corporate
SAL20250066663,2025-07-31,STR038,PRD00304,2,1052.14,0.0,2104.28,1447.62,Credit Card,Walk-in
SAL20250066664,2025-07-22,STR027,PRD00425,2,878.01,0.0,1756.02,1395.02,UPI,Walk-in
SAL20250066665,2025-07-09,STR037,PRD00566,3,655.12,0.1,1768.82,1269.36,UPI,Regular
SAL20250066666,2025-07-21,STR024,PRD00202,1,1209.84,0.0,1209.84,865.49,UPI,Regular
SAL20250066667,2025-07-14,STR025,PRD00545,3,450.85,0.05,1284.92,757.35,Credit Card,Walk-in
SAL20250066668,2025-07-20,STR004,PRD00092,1,6575.52,0.0,6575.52,4677.68,Cash,Premium
SAL20250066669,2025-07-08,STR015,PRD00322,2,839.74,0.0,1679.48,1174.72,Debit Card,Premium
SAL20250066670,2025-07-05,STR005,PRD01025,2,56.45,0.0,112.9,60.3,Credit Card,Regular
SAL20250066671,2025-07-26,STR014,PRD00185,2,1926.14,0.0,3852.28,3000.08,Credit Card,Regular
SAL20250066672,2025-07-14,STR036,PRD00115,1,5778.27,0.0,5778.27,4176.17,UPI,Regular
SAL20250066673,2025-07-04,STR029,PRD00479,3,303.49,0.0,910.47,766.83,Net Banking,Regular
SAL20250066674,2025-07-26,STR009,PRD00741,1,2848.85,0.0,2848.85,2028.89,UPI,Premium
SAL20250066675,2025-07-07,STR031,PRD00749,1,4060.84,0.05,3857.8,2444.77,Debit Card,Regular
SAL20250066676,2025-07-08,STR022,PRD00644,1,812.84,0.0,812.84,452.39,UPI,Regular
SAL20250066677,2025-07-16,STR012,PRD00108,1,22607.14,0.0,22607.14,15802.22,UPI,Regular
SAL20250066678,2025-07-23,STR017,PRD00386,2,1129.86,0.0,2259.72,1441.56,UPI,Regular
SAL20250066679,2025-07-05,STR005,PRD01097,2,4205.24,0.0,8410.48,4108.5,UPI,Walk-in
SAL20250066680,2025-07-01,STR040,PRD01191,1,6431.83,0.0,6431.83,4011.49,UPI,Regular
SAL20250066681,2025-07-23,STR020,PRD00915,2,703.59,0.0,1407.18,926.3,UPI,Corporate
SAL20250066682,2025-07-23,STR008,PRD00643,1,345.09,0.0,345.09,217.6,Credit Card,Regular
SAL20250066683,2025-07-07,STR009,PRD00167,1,8410.2,0.0,8410.2,5523.21,UPI,Walk-in
SAL20250066684,2025-07-09,STR017,PRD00720,1,3749.56,0.0,3749.56,2104.95,Net Banking,Walk-in
SAL20250066685,2025-07-03,STR034,PRD01177,1,2791.89,0.0,2791.89,1594.63,Credit Card,Walk-in
SAL20250066686,2025-07-02,STR035,PRD01097,1,4205.24,0.05,3994.98,2054.25,UPI,Premium
SAL20250066687,2025-07-18,STR023,PRD00205,1,2084.53,0.0,2084.53,1335.1,UPI,Regular
SAL20250066688,2025-07-05,STR023,PRD00776,4,1145.74,0.0,4582.96,2739.04,Net Banking,Regular
SAL20250066689,2025-07-23,STR034,PRD00867,2,798.49,0.0,1596.98,915.52,Credit Card,Regular
SAL20250066690,2025-07-18,STR025,PRD00568,3,465.88,0.05,1327.76,864.93,UPI,Walk-in
SAL20250066691,2025-07-20,STR036,PRD00696,1,1599.77,0.0,1599.77,1080.02,UPI,Regular
SAL20250066692,2025-07-14,STR016,PRD00632,3,758.72,0.1,2048.54,1290.18,Credit Card,Walk-in
SAL20250066693,2025-07-31,STR027,PRD01064,4,155.0,0.0,620.0,314.52,UPI,Walk-in
SAL20250066694,2025-07-03,STR011,PRD01002,1,98.3,0.0,98.3,55.69,UPI,Walk-in
SAL20250066695,2025-07-27,STR019,PRD01121,1,2103.52,0.0,2103.52,974.58,UPI,Premium
SAL20250066696,2025-07-06,STR023,PRD01059,2,553.69,0.0,1107.38,736.72,UPI,Walk-in
SAL20250066697,2025-07-26,STR031,PRD00170,1,1380.75,0.0,1380.75,918.49,UPI,Walk-in
SAL20250066698,2025-07-29,STR017,PRD00389,1,1606.86,0.0,1606.86,739.96,Credit Card,Premium
SAL20250066699,2025-07-08,STR032,PRD00991,3,894.61,0.0,2683.83,1543.59,UPI,Regular
SAL20250066700,2025-07-18,STR017,PRD00610,4,637.82,0.0,2551.28,1654.92,UPI,Regular
SAL20250066701,2025-07-10,STR013,PRD00791,2,855.75,0.0,1711.5,1198.94,UPI,Regular
SAL20250066702,2025-07-08,STR021,PRD00030,1,17262.94,0.0,17262.94,12589.59,Debit Card,Premium
SAL20250066703,2025-07-27,STR008,PRD00862,2,1883.72,0.0,3767.44,2285.08,Net Banking,Walk-in
SAL20250066704,2025-07-23,STR020,PRD00737,1,1053.41,0.0,1053.41,753.37,Debit Card,Regular
SAL20250066705,2025-07-15,STR040,PRD00934,2,3207.23,0.0,6414.46,3622.14,UPI,Regular
SAL20250066706,2025-07-28,STR024,PRD00756,1,3090.95,0.0,3090.95,2208.4,Cash,Corporate
SAL20250066707,2025-07-08,STR036,PRD01053,3,481.32,0.0,1443.96,938.34,UPI,Walk-in
SAL20250066708,2025-07-21,STR017,PRD00837,3,4012.56,0.0,12037.68,7105.92,UPI,Walk-in
SAL20250066709,2025-07-13,STR008,PRD00242,1,3336.56,0.0,3336.56,2557.66,Debit Card,Corporate
SAL20250066710,2025-07-18,STR027,PRD00039,1,8380.37,0.0,8380.37,6279.95,Credit Card,Regular
SAL20250066711,2025-07-16,STR030,PRD00224,1,4670.9,0.0,4670.9,3440.61,Debit Card,Regular
SAL20250066712,2025-07-03,STR020,PRD00782,2,3353.32,0.0,6706.64,3915.04,Credit Card,Walk-in
SAL20250066713,2025-07-27,STR012,PRD00285,3,1499.26,0.0,4497.78,2306.28,Debit Card,Regular
SAL20250066714,2025-07-06,STR020,PRD00880,1,430.21,0.0,430.21,293.94,Debit Card,Walk-in
SAL20250066715,2025-07-28,STR012,PRD00420,3,876.02,0.0,2628.06,2227.71,Credit Card,Walk-in
SAL20250066716,2025-07-13,STR013,PRD00829,1,2093.34,0.0,2093.34,1538.87,Debit Card,Walk-in
SAL20250066717,2025-07-12,STR005,PRD00870,1,2808.24,0.0,2808.24,1618.68,Debit Card,Regular
SAL20250066718,2025-07-18,STR016,PRD00162,1,9916.48,0.0,9916.48,6686.04,Debit Card,Walk-in
SAL20250066719,2025-07-09,STR039,PRD00132,1,22943.8,0.0,22943.8,17725.67,Debit Card,Regular
SAL20250066720,2025-07-25,STR024,PRD01009,2,52.33,0.0,104.66,58.78,Debit Card,Walk-in
SAL20250066721,2025-07-29,STR024,PRD00300,1,1106.33,0.0,1106.33,601.1,UPI,Regular
SAL20250066722,2025-07-08,STR006,PRD00233,1,9134.67,0.0,9134.67,7104.84,UPI,Walk-in
SAL20250066723,2025-07-24,STR041,PRD00559,1,674.89,0.0,674.89,421.56,Credit Card,Regular
SAL20250066724,2025-07-20,STR031,PRD01153,1,5497.78,0.05,5222.89,2499.55,Cash,Regular
SAL20250066725,2025-07-23,STR036,PRD01114,1,8827.06,0.05,8385.71,3573.34,UPI,Regular
SAL20250066726,2025-07-04,STR023,PRD00411,6,779.25,0.0,4675.5,3791.1,Debit Card,Regular
SAL20250066727,2025-07-17,STR025,PRD00975,3,912.31,0.1,2463.24,1795.5,Credit Card,Premium
SAL20250066728,2025-07-01,STR009,PRD00593,1,596.07,0.0,596.07,385.84,Credit Card,Corporate
SAL20250066729,2025-07-15,STR021,PRD00084,1,11056.09,0.0,11056.09,8293.77,Cash,Regular
SAL20250066730,2025-07-20,STR020,PRD00975,2,912.31,0.0,1824.62,1197.0,Credit Card,Regular
SAL20250066731,2025-07-09,STR017,PRD00589,1,435.23,0.05,413.47,254.04,UPI,Regular
SAL20250066732,2025-07-09,STR034,PRD00062,1,21073.23,0.0,21073.23,13798.59,Debit Card,Regular
SAL20250066733,2025-07-26,STR022,PRD00500,3,936.13,0.1,2527.55,2272.59,Cash,Walk-in
SAL20250066734,2025-07-12,STR025,PRD00996,1,577.22,0.0,577.22,329.39,UPI,Walk-in
SAL20250066735,2025-07-27,STR040,PRD00522,1,1139.79,0.0,1139.79,875.83,Cash,Corporate
SAL20250066736,2025-07-06,STR035,PRD01111,2,1735.9,0.0,3471.8,1911.04,UPI,Regular
SAL20250066737,2025-07-16,STR034,PRD00379,1,660.61,0.0,660.61,460.66,UPI,Regular
SAL20250066738,2025-07-10,STR017,PRD01062,3,925.26,0.0,2775.78,1629.18,Credit Card,Premium
SAL20250066739,2025-07-13,STR013,PRD00149,1,3024.83,0.0,3024.83,2041.86,Credit Card,Walk-in
SAL20250066740,2025-07-05,STR038,PRD00710,2,4042.5,0.0,8085.0,4447.98,UPI,Regular
SAL20250066741,2025-07-04,STR031,PRD00293,2,859.61,0.0,1719.22,885.0,Net Banking,Regular
SAL20250066742,2025-07-28,STR005,PRD00064,1,2458.4,0.1,2212.56,1830.7,UPI,Walk-in
SAL20250066743,2025-07-20,STR023,PRD00477,1,121.21,0.0,121.21,97.66,Debit Card,Walk-in
SAL20250066744,2025-07-17,STR002,PRD00661,4,443.39,0.0,1773.56,1134.72,Credit Card,Regular
SAL20250066745,2025-07-08,STR028,PRD00347,1,1133.22,0.0,1133.22,669.26,UPI,Walk-in
SAL20250066746,2025-07-01,STR039,PRD01021,2,582.28,0.05,1106.33,756.24,UPI,Regular
SAL20250066747,2025-07-11,STR040,PRD00565,2,107.78,0.0,215.56,122.96,Credit Card,Regular
SAL20250066748,2025-07-03,STR028,PRD00621,2,335.41,0.0,670.82,470.86,UPI,Regular
SAL20250066749,2025-07-14,STR005,PRD00515,1,551.51,0.0,551.51,473.21,Debit Card,Regular
SAL20250066750,2025-07-08,STR028,PRD00202,1,1209.84,0.0,1209.84,865.49,UPI,Premium
SAL20250066751,2025-07-24,STR037,PRD00332,1,556.82,0.0,556.82,272.93,UPI,Regular
SAL20250066752,2025-07-31,STR034,PRD00361,2,1524.53,0.0,3049.06,1651.4,UPI,Regular
SAL20250066753,2025-07-21,STR023,PRD00895,1,472.54,0.0,472.54,297.4,UPI,Regular
SAL20250066754,2025-07-25,STR027,PRD00306,1,1349.3,0.0,1349.3,771.94,UPI,Walk-in
SAL20250066755,2025-07-07,STR024,PRD00333,1,1043.83,0.0,1043.83,554.4,UPI,Regular
SAL20250066756,2025-07-20,STR024,PRD01029,3,762.26,0.0,2286.78,1630.08,UPI,Regular
SAL20250066757,2025-07-16,STR036,PRD01048,1,623.5,0.0,623.5,415.19,Net Banking,Regular
SAL20250066758,2025-07-10,STR016,PRD00951,2,594.37,0.0,1188.74,704.76,Cash,Premium
SAL20250066759,2025-07-12,STR028,PRD00427,2,558.44,0.0,1116.88,968.52,UPI,Walk-in
SAL20250066760,2025-07-05,STR013,PRD01147,1,6760.77,0.0,6760.77,3863.28,UPI,Corporate
SAL20250066761,2025-07-19,STR022,PRD00350,1,1107.22,0.0,1107.22,735.62,Net Banking,Regular
SAL20250066762,2025-07-02,STR031,PRD00227,1,5367.28,0.0,5367.28,3567.65,Cash,Regular
SAL20250066763,2025-07-21,STR011,PRD00006,1,3457.14,0.0,3457.14,2519.92,UPI,Regular
SAL20250066764,2025-07-26,STR005,PRD01125,1,3015.8,0.05,2865.01,1423.43,Debit Card,Regular
SAL20250066765,2025-07-14,STR005,PRD00579,1,398.71,0.05,378.77,292.17,Debit Card,Regular
SAL20250066766,2025-07-26,STR023,PRD01189,2,5263.0,0.0,10526.0,4474.74,Credit Card,Regular
SAL20250066767,2025-07-06,STR034,PRD00116,1,21256.57,0.0,21256.57,14955.09,UPI,Regular
SAL20250066768,2025-07-17,STR031,PRD01072,3,354.49,0.0,1063.47,660.0,Debit Card,Regular
SAL20250066769,2025-07-05,STR024,PRD00385,1,460.87,0.0,460.87,278.52,Debit Card,Walk-in
SAL20250066770,2025-07-18,STR031,PRD00628,2,365.09,0.0,730.18,421.62,Credit Card,Premium
SAL20250066771,2025-07-02,STR024,PRD00260,1,8853.62,0.0,8853.62,5607.87,Credit Card,Premium
SAL20250066772,2025-07-18,STR012,PRD00453,2,1257.16,0.0,2514.32,1892.74,UPI,Regular
SAL20250066773,2025-07-27,STR035,PRD01107,1,1600.76,0.0,1600.76,735.13,Cash,Regular
SAL20250066774,2025-07-02,STR016,PRD00679,1,2876.53,0.0,2876.53,1865.54,UPI,Premium
SAL20250066775,2025-07-28,STR041,PRD00858,1,1066.62,0.05,1013.29,695.16,Cash,Regular
SAL20250066776,2025-07-23,STR008,PRD01020,1,560.55,0.0,560.55,361.97,Net Banking,Walk-in
SAL20250066777,2025-07-30,STR019,PRD00926,3,683.78,0.0,2051.34,1443.75,Cash,Regular
SAL20250066778,2025-07-25,STR024,PRD01181,1,2062.42,0.1,1856.18,1282.83,Debit Card,Walk-in
SAL20250066779,2025-07-04,STR034,PRD01192,2,7158.24,0.0,14316.48,8131.96,UPI,Regular
SAL20250066780,2025-07-21,STR007,PRD00799,1,3907.93,0.0,3907.93,2458.58,UPI,Walk-in
SAL20250066781,2025-07-19,STR009,PRD00522,1,1139.79,0.0,1139.79,875.83,UPI,Premium
SAL20250066782,2025-07-11,STR010,PRD00267,2,11328.41,0.0,22656.82,16003.18,UPI,Corporate
SAL20250066783,2025-07-07,STR010,PRD00094,1,15405.56,0.0,15405.56,12408.34,Credit Card,Walk-in
SAL20250066784,2025-07-28,STR024,PRD00311,3,936.08,0.0,2808.24,1735.02,UPI,Walk-in
SAL20250066785,2025-07-14,STR028,PRD00626,2,125.9,0.0,251.8,151.86,Credit Card,Walk-in
SAL20250066786,2025-07-29,STR019,PRD00759,1,4285.9,0.0,4285.9,2644.58,Credit Card,Walk-in
SAL20250066787,2025-07-06,STR028,PRD00731,2,2513.85,0.0,5027.7,3164.1,UPI,Premium
SAL20250066788,2025-07-25,STR015,PRD00177,2,10270.98,0.0,20541.96,14796.14,Credit Card,Premium
SAL20250066789,2025-07-28,STR015,PRD00466,4,725.28,0.0,2901.12,2518.88,Credit Card,Regular
SAL20250066790,2025-07-27,STR005,PRD00482,3,411.59,0.0,1234.77,1032.36,UPI,Walk-in
SAL20250066791,2025-07-13,STR023,PRD00145,1,2570.9,0.0,2570.9,1687.81,UPI,Premium
SAL20250066792,2025-07-20,STR037,PRD00660,1,324.23,0.0,324.23,238.04,Credit Card,Premium
SAL20250066793,2025-07-06,STR039,PRD01125,1,3015.8,0.05,2865.01,1423.43,Credit Card,Regular
SAL20250066794,2025-07-02,STR041,PRD01068,1,5954.4,0.0,5954.4,3495.2,UPI,Walk-in
SAL20250066795,2025-07-20,STR037,PRD00992,2,439.67,0.0,879.34,448.34,Credit Card,Walk-in
SAL20250066796,2025-07-23,STR032,PRD00622,1,644.0,0.0,644.0,399.79,Credit Card,Regular
SAL20250066797,2025-07-19,STR013,PRD01136,1,7702.34,0.0,7702.34,4125.05,Debit Card,Premium
SAL20250066798,2025-07-14,STR029,PRD00614,3,52.25,0.0,156.75,102.84,UPI,Walk-in
SAL20250066799,2025-07-05,STR031,PRD00862,1,1883.72,0.0,1883.72,1142.54,Cash,Premium
SAL20250066800,2025-07-12,STR004,PRD00635,4,332.03,0.0,1328.12,829.2,Debit Card,Corporate
SAL20250066801,2025-07-26,STR031,PRD00852,1,1751.61,0.0,1751.61,1214.84,UPI,Corporate
SAL20250066802,2025-07-05,STR021,PRD00761,1,367.88,0.05,349.49,269.21,Debit Card,Regular
SAL20250066803,2025-07-26,STR014,PRD00086,2,22194.93,0.0,44389.86,30353.16,Cash,Walk-in
SAL20250066804,2025-07-02,STR025,PRD00122,2,23504.26,0.05,44658.09,32733.14,UPI,Walk-in
SAL20250066805,2025-07-22,STR021,PRD00618,1,249.13,0.0,249.13,183.03,Credit Card,Regular
SAL20250066806,2025-07-30,STR011,PRD00209,1,4015.2,0.0,4015.2,2717.92,UPI,Walk-in
SAL20250066807,2025-07-19,STR027,PRD00454,4,238.81,0.0,955.24,729.2,Credit Card,Premium
SAL20250066808,2025-07-13,STR010,PRD00142,1,4154.89,0.0,4154.89,2736.44,UPI,Regular
SAL20250066809,2025-07-13,STR003,PRD00286,1,390.77,0.0,390.77,253.34,Credit Card,Walk-in
SAL20250066810,2025-07-12,STR017,PRD00169,1,8761.68,0.0,8761.68,5628.67,Debit Card,Premium
SAL20250066811,2025-07-19,STR008,PRD00656,5,201.0,0.0,1005.0,705.5,Credit Card,Walk-in
SAL20250066812,2025-07-02,STR010,PRD00368,1,927.52,0.0,927.52,587.93,Net Banking,Regular
SAL20250066813,2025-07-03,STR005,PRD00891,1,506.36,0.1,455.72,373.69,UPI,Walk-in
SAL20250066814,2025-07-11,STR008,PRD00336,1,1590.59,0.0,1590.59,821.11,Credit Card,Premium
SAL20250066815,2025-07-30,STR019,PRD01035,3,199.19,0.0,597.57,375.21,Credit Card,Regular
SAL20250066816,2025-07-05,STR005,PRD00591,2,500.81,0.0,1001.62,727.46,UPI,Walk-in
SAL20250066817,2025-07-31,STR038,PRD00572,3,728.84,0.0,2186.52,1406.52,UPI,Premium
SAL20250066818,2025-07-22,STR040,PRD00383,3,216.69,0.0,650.07,407.22,Debit Card,Corporate
SAL20250066819,2025-07-14,STR041,PRD00485,5,693.22,0.0,3466.1,2965.75,UPI,Corporate
SAL20250066820,2025-07-24,STR034,PRD00017,1,6386.7,0.0,6386.7,4504.98,Credit Card,Corporate
SAL20250066821,2025-07-30,STR041,PRD01168,1,4286.69,0.0,4286.69,2474.04,Net Banking,Walk-in
SAL20250066822,2025-07-08,STR041,PRD00392,1,436.74,0.0,436.74,242.28,Credit Card,Regular
SAL20250066823,2025-07-05,STR032,PRD00490,1,177.23,0.0,177.23,138.31,UPI,Walk-in
SAL20250066824,2025-07-05,STR034,PRD00169,1,8761.68,0.0,8761.68,5628.67,UPI,Walk-in
SAL20250066825,2025-07-29,STR001,PRD00338,1,1223.61,0.0,1223.61,688.23,Credit Card,Regular
SAL20250066826,2025-07-20,STR017,PRD01089,1,8670.13,0.0,8670.13,3797.02,UPI,Regular
SAL20250066827,2025-07-20,STR002,PRD00710,1,4042.5,0.0,4042.5,2223.99,Credit Card,Premium
SAL20250066828,2025-07-07,STR033,PRD01012,1,896.48,0.0,896.48,582.58,Credit Card,Regular
SAL20250066829,2025-07-31,STR021,PRD00848,2,2441.1,0.0,4882.2,3232.64,Debit Card,Regular
SAL20250066830,2025-07-18,STR020,PRD00581,4,310.86,0.0,1243.44,794.84,UPI,Walk-in
SAL20250066831,2025-07-23,STR024,PRD00474,5,108.22,0.05,514.04,446.85,UPI,Regular
SAL20250066832,2025-07-24,STR007,PRD00516,1,653.26,0.0,653.26,502.56,UPI,Walk-in
SAL20250066833,2025-07-19,STR001,PRD00465,4,578.8,0.0,2315.2,1771.2,Cash,Walk-in
SAL20250066834,2025-07-29,STR004,PRD00050,1,20155.67,0.0,20155.67,16076.03,UPI,Walk-in
SAL20250066835,2025-07-04,STR031,PRD00916,2,3924.97,0.0,7849.94,4541.56,UPI,Walk-in
SAL20250066836,2025-07-13,STR037,PRD00156,1,1591.76,0.0,1591.76,1231.95,UPI,Regular
SAL20250066837,2025-07-26,STR023,PRD00207,1,9083.73,0.0,9083.73,6742.14,Debit Card,Premium
SAL20250066838,2025-07-30,STR017,PRD00104,1,21587.41,0.0,21587.41,17582.83,Cash,Walk-in
SAL20250066839,2025-07-09,STR019,PRD01120,1,8969.51,0.0,8969.51,4399.96,Net Banking,Walk-in
SAL20250066840,2025-07-06,STR029,PRD01156,1,3916.29,0.1,3524.66,2267.77,Credit Card,Walk-in
SAL20250066841,2025-07-03,STR023,PRD01080,1,1721.88,0.0,1721.88,771.73,UPI,Regular
SAL20250066842,2025-07-22,STR014,PRD00708,1,2849.79,0.0,2849.79,1883.15,UPI,Premium
SAL20250066843,2025-07-02,STR005,PRD00032,1,19217.6,0.1,17295.84,14800.0,Net Banking,Regular
SAL20250066844,2025-07-29,STR010,PRD00796,1,462.4,0.0,462.4,329.9,UPI,Walk-in
SAL20250066845,2025-07-05,STR024,PRD00646,2,108.22,0.0,216.44,131.58,Cash,Walk-in
SAL20250066846,2025-07-13,STR007,PRD00388,2,522.1,0.05,991.99,512.98,Cash,Premium
SAL20250066847,2025-07-17,STR036,PRD00493,1,517.33,0.0,517.33,446.5,Debit Card,Regular
SAL20250066848,2025-07-29,STR009,PRD00365,2,693.15,0.0,1386.3,897.38,Debit Card,Walk-in
SAL20250066849,2025-07-22,STR038,PRD01191,2,6431.83,0.0,12863.66,8022.98,UPI,Regular
SAL20250066850,2025-07-09,STR023,PRD00336,2,1590.59,0.0,3181.18,1642.22,UPI,Regular
SAL20250066851,2025-07-07,STR029,PRD00810,2,406.14,0.0,812.28,522.2,Cash,Regular
SAL20250066852,2025-07-03,STR016,PRD00387,1,446.12,0.0,446.12,248.3,UPI,Regular
SAL20250066853,2025-07-10,STR004,PRD00586,3,648.21,0.0,1944.63,1320.03,Credit Card,Regular
SAL20250066854,2025-07-11,STR035,PRD00946,1,937.06,0.0,937.06,525.58,Credit Card,Premium
SAL20250066855,2025-07-28,STR009,PRD00245,1,6730.38,0.05,6393.86,4429.31,Credit Card,Walk-in
SAL20250066856,2025-07-28,STR022,PRD00954,1,1090.11,0.0,1090.11,614.96,UPI,Walk-in
SAL20250066857,2025-07-27,STR039,PRD00835,1,1480.55,0.0,1480.55,1008.2,UPI,Walk-in
SAL20250066858,2025-07-09,STR020,PRD00166,1,4039.27,0.0,4039.27,2471.0,Credit Card,Regular
SAL20250066859,2025-07-03,STR019,PRD01078,1,2107.38,0.0,2107.38,1315.89,UPI,Walk-in
SAL20250066860,2025-07-12,STR015,PRD00372,2,542.7,0.0,1085.4,551.96,Credit Card,Regular
SAL20250066861,2025-07-04,STR033,PRD00602,1,328.03,0.0,328.03,207.28,UPI,Premium
SAL20250066862,2025-07-11,STR009,PRD00474,2,108.22,0.0,216.44,178.74,UPI,Premium
SAL20250066863,2025-07-20,STR041,PRD00485,1,693.22,0.1,623.9,593.15,Debit Card,Regular
SAL20250066864,2025-07-01,STR031,PRD01040,4,466.28,0.0,1865.12,1323.08,UPI,Regular
SAL20250066865,2025-07-28,STR037,PRD00173,1,9167.15,0.0,9167.15,5751.32,Credit Card,Premium
SAL20250066866,2025-07-01,STR006,PRD00528,3,1118.04,0.0,3354.12,2839.02,UPI,Regular
SAL20250066867,2025-07-14,STR003,PRD00446,4,1037.38,0.05,3942.04,3525.64,UPI,Regular
SAL20250066868,2025-07-07,STR027,PRD00955,3,608.44,0.05,1734.05,1232.7,Debit Card,Regular
SAL20250066869,2025-07-28,STR006,PRD00635,1,332.03,0.05,315.43,207.3,Debit Card,Premium
SAL20250066870,2025-07-22,STR013,PRD00331,1,133.4,0.0,133.4,89.83,Debit Card,Walk-in
SAL20250066871,2025-07-31,STR001,PRD01137,3,2009.09,0.0,6027.27,3222.81,UPI,Premium
SAL20250066872,2025-07-13,STR037,PRD00332,1,556.82,0.0,556.82,272.93,UPI,Regular
SAL20250066873,2025-07-24,STR020,PRD00692,1,1997.13,0.0,1997.13,1445.9,UPI,Walk-in
SAL20250066874,2025-07-17,STR015,PRD01079,1,323.52,0.0,323.52,191.54,Debit Card,Regular
SAL20250066875,2025-07-30,STR003,PRD00039,1,8380.37,0.0,8380.37,6279.95,UPI,Walk-in
SAL20250066876,2025-07-05,STR003,PRD00004,1,18331.36,0.0,18331.36,14741.73,Debit Card,Premium
SAL20250066877,2025-07-19,STR002,PRD00945,1,871.49,0.0,871.49,550.24,UPI,Walk-in
SAL20250066878,2025-07-04,STR020,PRD00810,2,406.14,0.1,731.05,522.2,Net Banking,Premium
SAL20250066879,2025-07-24,STR009,PRD00294,2,1047.83,0.0,2095.66,1306.08,UPI,Regular
SAL20250066880,2025-07-05,STR019,PRD00109,1,12280.41,0.0,12280.41,9316.5,UPI,Regular
SAL20250066881,2025-07-06,STR018,PRD00741,2,2848.85,0.1,5127.93,4057.78,UPI,Premium
SAL20250066882,2025-07-29,STR020,PRD00813,1,3086.68,0.0,3086.68,2009.41,UPI,Regular
SAL20250066883,2025-07-09,STR035,PRD00887,1,2006.5,0.0,2006.5,1169.69,UPI,Regular
SAL20250066884,2025-07-01,STR027,PRD01098,1,1920.11,0.05,1824.1,1122.86,Cash,Regular
SAL20250066885,2025-07-17,STR024,PRD00810,1,406.14,0.1,365.53,261.1,Net Banking,Regular
SAL20250066886,2025-07-23,STR033,PRD00310,3,607.97,0.05,1732.71,911.22,UPI,Walk-in
SAL20250066887,2025-07-30,STR006,PRD00301,1,189.19,0.1,170.27,130.27,UPI,Regular
SAL20250066888,2025-07-14,STR031,PRD00909,-2,1266.46,0.1,-2279.63,1738.96,Debit Card,Regular
SAL20250066889,2025-07-27,STR020,PRD00477,10,121.21,0.0,1212.1,976.6,UPI,Regular
SAL20250066890,2025-07-29,STR036,PRD00107,1,4985.79,0.0,4985.79,3483.71,Cash,Regular
SAL20250066891,2025-07-24,STR026,PRD00093,1,12459.16,0.1,11213.24,9704.07,UPI,Walk-in
SAL20250066892,2025-07-03,STR019,PRD01160,1,7696.75,0.0,7696.75,3490.84,UPI,Walk-in
SAL20250066893,2025-07-14,STR011,PRD00545,3,450.85,0.0,1352.55,757.35,UPI,Walk-in
SAL20250066894,2025-07-14,STR030,PRD00112,2,3948.48,0.0,7896.96,6254.46,UPI,Walk-in
SAL20250066895,2025-07-21,STR041,PRD00876,1,2635.68,0.0,2635.68,1798.38,Credit Card,Premium
SAL20250066896,2025-07-06,STR028,PRD01086,1,5541.98,0.05,5264.88,3222.42,UPI,Regular
SAL20250066897,2025-07-11,STR013,PRD00366,3,994.61,0.0,2983.83,1424.19,UPI,Walk-in
SAL20250066898,2025-07-10,STR028,PRD01084,1,10498.54,0.0,10498.54,4211.39,UPI,Regular
SAL20250066899,2025-07-09,STR009,PRD01020,3,560.55,0.0,1681.65,1085.91,UPI,Regular
SAL20250066900,2025-07-16,STR039,PRD00945,1,871.49,0.0,871.49,550.24,UPI,Regular
SAL20250066901,2025-07-13,STR018,PRD00871,1,1211.65,0.0,1211.65,859.32,UPI,Walk-in
SAL20250066902,2025-07-11,STR034,PRD00707,2,2433.38,0.0,4866.76,3253.44,Debit Card,Walk-in
SAL20250066903,2025-07-24,STR008,PRD00298,2,1012.57,0.0,2025.14,1332.24,UPI,Regular
SAL20250066904,2025-07-21,STR013,PRD01038,6,565.57,0.0,3393.42,1820.04,Cash,Walk-in
SAL20250066905,2025-07-03,STR040,PRD00791,1,855.75,0.0,855.75,599.47,Credit Card,Corporate
SAL20250066906,2025-07-24,STR009,PRD00333,1,1043.83,0.0,1043.83,554.4,Credit Card,Regular
SAL20250066907,2025-07-27,STR005,PRD00193,1,5766.86,0.0,5766.86,4191.48,Credit Card,Regular
SAL20250066908,2025-07-08,STR008,PRD00021,1,1822.47,0.05,1731.35,1333.8,Cash,Regular
SAL20250066909,2025-07-19,STR002,PRD00383,1,216.69,0.1,195.02,135.74,Net Banking,Regular
SAL20250066910,2025-07-04,STR004,PRD00952,1,892.13,0.0,892.13,502.71,Cash,Premium
SAL20250066911,2025-07-12,STR004,PRD01109,1,5029.33,0.0,5029.33,2768.42,UPI,Walk-in
SAL20250066912,2025-07-23,STR033,PRD00043,1,22998.01,0.0,22998.01,15302.97,UPI,Regular
SAL20250066913,2025-07-06,STR015,PRD00821,2,2784.44,0.1,5011.99,3164.82,UPI,Regular
SAL20250066914,2025-07-07,STR003,PRD00496,1,1047.75,0.05,995.36,902.44,UPI,Regular
SAL20250066915,2025-07-02,STR021,PRD00097,1,19452.93,0.0,19452.93,14437.86,UPI,Regular
SAL20250066916,2025-07-27,STR009,PRD00405,1,917.35,0.1,825.62,803.86,UPI,Regular
SAL20250066917,2025-07-22,STR040,PRD00741,2,2848.85,0.0,5697.7,4057.78,Credit Card,Regular
SAL20250066918,2025-07-17,STR021,PRD00691,2,1815.13,0.0,3630.26,2299.86,Cash,Walk-in
SAL20250066919,2025-07-22,STR024,PRD01153,2,5497.78,0.0,10995.56,4999.1,Debit Card,Walk-in
SAL20250066920,2025-07-01,STR007,PRD00693,1,2512.22,0.0,2512.22,1671.42,UPI,Corporate
SAL20250066921,2025-07-14,STR039,PRD00731,2,2513.85,0.0,5027.7,3164.1,UPI,Walk-in
SAL20250066922,2025-07-19,STR004,PRD00225,1,9871.63,0.0,9871.63,6952.04,Debit Card,Corporate
SAL20250066923,2025-07-10,STR014,PRD01069,1,2127.71,0.0,2127.71,1083.85,UPI,Premium
SAL20250066924,2025-07-27,STR014,PRD00528,2,1118.04,0.0,2236.08,1892.68,Debit Card,Regular
SAL20250066925,2025-07-30,STR010,PRD00159,1,4881.58,0.0,4881.58,3676.52,Credit Card,Walk-in
SAL20250066926,2025-07-01,STR038,,1,2513.85,0.05,2388.16,1582.05,Net Banking,Walk-in
SAL20250066927,2025-07-19,STR023,PRD01059,2,553.69,0.0,1107.38,736.72,Credit Card,Walk-in
SAL20250066928,2025-07-12,STR003,PRD00545,1,450.85,0.0,450.85,252.45,UPI,Walk-in
SAL20250066929,2025-07-21,STR037,PRD00134,1,19404.79,0.0,19404.79,14953.78,Credit Card,Corporate
SAL20250066930,2025-07-10,STR034,PRD00713,1,4061.86,0.0,4061.86,2937.76,Cash,Regular
SAL20250066931,2025-07-07,STR007,PRD01010,3,762.29,0.0,2286.87,1198.56,Credit Card,Walk-in
SAL20250066932,2025-07-18,STR035,PRD00603,3,196.91,0.0,590.73,392.88,Debit Card,Walk-in
SAL20250066933,2025-07-24,STR014,PRD00933,1,3527.61,0.0,3527.61,2180.3,UPI,Regular
SAL20250066934,2025-07-28,STR010,PRD00138,2,3460.02,0.0,6920.04,5323.94,Credit Card,Walk-in
SAL20250066935,2025-07-22,STR029,PRD00856,1,1871.17,0.0,1871.17,1212.57,UPI,Regular
SAL20250066936,2025-07-30,STR033,PRD01009,1,52.33,0.1,47.1,29.39,UPI,Regular
SAL20250066937,2025-07-06,STR006,PRD00605,2,66.61,0.0,133.22,98.1,UPI,Regular
SAL20250066938,2025-07-04,STR001,PRD00810,1,406.14,0.0,406.14,261.1,Net Banking,Walk-in
SAL20250066939,2025-07-04,STR011,PRD00559,2,674.89,0.0,1349.78,843.12,UPI,Regular
SAL20250066940,2025-07-27,STR037,PRD00810,1,406.14,0.0,406.14,261.1,UPI,Regular
SAL20250066941,2025-07-05,STR014,PRD00932,2,479.96,0.0,959.92,587.98,UPI,Walk-in
SAL20250066942,2025-07-30,STR027,PRD00078,1,9036.37,0.0,9036.37,6491.36,UPI,Regular
SAL20250066943,2025-07-23,STR016,PRD00424,5,428.73,0.0,2143.65,1886.2,Debit Card,Regular
SAL20250066944,2025-07-12,STR017,PRD00550,1,639.85,0.0,639.85,364.92,UPI,Corporate
SAL20250066945,2025-07-16,STR030,PRD00247,1,8119.57,0.0,8119.57,4992.42,UPI,Regular
SAL20250066946,2025-07-28,STR027,PRD00352,1,930.67,0.0,930.67,596.9,Credit Card,Regular
SAL20250066947,2025-07-16,STR031,PRD00827,1,3989.15,0.0,3989.15,2196.59,Cash,Walk-in
SAL20250066948,2025-07-28,STR020,PRD00387,1,446.12,0.05,423.81,248.3,Net Banking,Walk-in
SAL20250066949,2025-07-07,STR014,PRD00277,1,1350.87,0.0,1350.87,680.25,Credit Card,Corporate
SAL20250066950,2025-07-03,STR039,PRD01199,1,6549.57,0.0,6549.57,3396.65,Credit Card,Walk-in
SAL20250066951,2025-07-10,STR027,PRD00451,3,641.37,0.0,1924.11,1515.69,Credit Card,Walk-in
SAL20250066952,2025-07-08,STR001,PRD00331,3,133.4,0.0,400.2,269.49,UPI,Regular
SAL20250066953,2025-07-01,STR032,PRD00334,2,796.78,0.0,1593.56,801.52,Debit Card,Walk-in
SAL20250066954,2025-07-08,STR016,PRD00769,1,1757.79,0.0,1757.79,1242.17,Credit Card,Regular
SAL20250066955,2025-07-18,STR038,PRD00448,1,612.68,0.05,582.05,518.56,Credit Card,Premium
SAL20250066956,2025-07-01,STR014,PRD00016,1,12816.4,0.0,12816.4,9433.57,Credit Card,Regular
SAL20250066957,2025-07-27,STR031,PRD01145,1,3609.72,0.0,3609.72,2080.21,Debit Card,Walk-in
SAL20250066958,2025-07-15,STR014,PRD00466,2,725.28,0.0,1450.56,1259.44,Credit Card,Regular
SAL20250066959,2025-07-18,STR002,PRD00146,1,5953.14,0.0,5953.14,4155.91,Credit Card,Walk-in
SAL20250066960,2025-07-04,STR038,PRD00110,2,26501.66,0.1,47702.99,36985.3,UPI,Regular
SAL20250066961,2025-07-11,STR030,PRD00578,6,577.23,0.0,3463.38,2536.86,Credit Card,Walk-in
SAL20250066962,2025-07-17,STR001,PRD00347,1,1133.22,0.0,1133.22,669.26,Cash,Regular
SAL20250066963,2025-07-08,STR010,PRD00877,1,1728.24,0.1,1555.42,1211.91,UPI,Regular
SAL20250066964,2025-07-21,STR022,PRD00525,4,76.55,0.0,306.2,265.8,Net Banking,Premium
SAL20250066965,2025-07-28,STR027,PRD01151,1,7065.61,0.0,7065.61,3374.36,UPI,Regular
SAL20250066966,2025-07-27,STR009,PRD00977,1,417.51,0.0,417.51,282.28,Cash,Premium
SAL20250066967,2025-07-31,STR015,PRD00333,3,1043.83,0.0,3131.49,1663.2,UPI,Walk-in
SAL20250066968,2025-07-29,STR015,PRD00203,2,6533.34,0.0,13066.68,8521.76,UPI,Regular
SAL20250066969,2025-07-23,STR013,PRD00302,2,486.18,0.0,972.36,450.18,UPI,Premium
SAL20250066970,2025-07-30,STR019,PRD00007,1,20090.22,0.0,20090.22,15462.2,UPI,Regular
SAL20250066971,2025-07-25,STR008,PRD01062,1,925.26,0.0,925.26,543.06,Cash,Premium
SAL20250066972,2025-07-15,STR009,PRD00973,4,291.44,0.05,1107.47,627.64,UPI,Premium
SAL20250066973,2025-07-05,STR008,PRD00925,1,2271.72,0.1,2044.55,1525.09,Cash,Premium
SAL20250066974,2025-07-09,STR038,PRD00701,1,4774.16,0.0,4774.16,3063.26,Cash,Regular
SAL20250066975,2025-07-05,STR039,PRD00852,1,1751.61,0.0,1751.61,1214.84,UPI,Regular
SAL20250066976,2025-07-07,STR017,PRD00279,3,704.62,0.0,2113.86,1337.76,Credit Card,Regular
SAL20250066977,2025-07-04,STR036,PRD00354,1,1099.31,0.0,1099.31,649.66,UPI,Walk-in
SAL20250066978,2025-07-30,STR007,PRD00033,1,2653.86,0.0,2653.86,1783.28,Credit Card,Regular
SAL20250066979,2025-07-16,STR017,PRD00961,3,294.28,0.0,882.84,475.59,Cash,Premium
SAL20250066980,2025-07-11,STR029,PRD00622,1,644.0,0.0,644.0,399.79,Cash,Walk-in
SAL20250066981,2025-07-29,STR035,PRD00237,1,9971.54,0.0,9971.54,6463.12,UPI,Premium
SAL20250066982,2025-07-17,STR037,PRD00599,6,273.52,0.1,1477.01,1136.22,UPI,Regular
SAL20250066983,2025-07-19,STR029,PRD00927,1,799.32,0.0,799.32,584.58,Credit Card,Premium
SAL20250066984,2025-07-11,STR027,PRD00987,1,289.9,0.0,289.9,202.35,UPI,Regular
SAL20250066985,2025-07-06,STR033,PRD00082,1,9499.68,0.0,9499.68,6552.44,UPI,Walk-in
SAL20250066986,2025-07-09,STR002,PRD00502,4,721.0,0.0,2884.0,2514.88,UPI,Premium
SAL20250066987,2025-07-25,STR004,PRD00622,1,644.0,0.0,644.0,399.79,Net Banking,Corporate
SAL20250066988,2025-07-07,STR036,PRD00759,1,4285.9,0.0,4285.9,2644.58,Debit Card,Walk-in
SAL20250066989,2025-07-23,STR017,PRD00215,1,9358.07,0.0,9358.07,6525.15,Cash,Premium
SAL20250066990,2025-07-07,STR007,PRD00831,3,2902.42,0.0,8707.26,5979.51,Net Banking,Regular
SAL20250066991,2025-07-07,STR038,PRD01199,1,6549.57,0.0,6549.57,3396.65,UPI,Regular
SAL20250066992,2025-07-30,STR009,PRD00401,10,743.9,0.0,7439.0,6284.0,Credit Card,Regular
SAL20250066993,2025-07-26,STR014,PRD00876,2,2635.68,0.1,4744.22,3596.76,Credit Card,Regular
SAL20250066994,2025-07-31,STR038,PRD00692,3,1997.13,0.0,5991.39,4337.7,Credit Card,Regular
SAL20250066995,2025-07-20,STR034,PRD00430,2,129.33,0.0,258.66,217.4,Credit Card,Premium
SAL20250066996,2025-07-06,STR013,PRD00359,2,1383.56,0.0,2767.12,1287.28,Debit Card,Walk-in
SAL20250066997,2025-07-31,STR019,PRD01176,1,5880.6,0.1,5292.54,3519.33,UPI,Premium
SAL20250066998,2025-07-12,STR040,PRD00052,2,1655.5,0.0,3311.0,2274.16,Cash,Regular
SAL20250066999,2025-07-20,STR034,PRD00647,1,284.75,0.0,284.75,189.07,Debit Card,Walk-in
SAL20250067000,2025-07-20,STR041,PRD01173,3,1034.88,0.0,3104.64,1487.16,Credit Card,Regular
SAL20250067001,2025-07-03,STR003,PRD00519,3,818.33,0.05,2332.24,1928.7,UPI,Walk-in
SAL20250067002,2025-07-21,STR026,PRD00258,1,2441.64,0.0,2441.64,1594.77,UPI,Walk-in
SAL20250067003,2025-07-20,STR015,PRD00379,1,660.61,0.0,660.61,460.66,UPI,Regular
SAL20250067004,2025-07-23,STR002,PRD00863,1,1338.83,0.0,1338.83,745.06,UPI,Regular
SAL20250067005,2025-07-21,STR001,PRD00599,1,273.52,0.0,273.52,189.37,UPI,Walk-in
SAL20250067006,2025-07-18,STR018,PRD00046,1,12754.14,0.0,12754.14,8397.4,Credit Card,Corporate
SAL20250067007,2025-07-22,STR021,PRD00959,1,664.61,0.1,598.15,402.69,UPI,Regular
SAL20250067008,2025-07-23,STR026,PRD00757,2,1608.8,0.0,3217.6,2075.74,UPI,Regular
SAL20250067009,2025-07-29,STR014,PRD00041,1,19732.0,0.0,19732.0,14953.27,Cash,Regular
SAL20250067010,2025-07-29,STR020,PRD00516,1,653.26,0.0,653.26,502.56,UPI,Walk-in
SAL20250067011,2025-07-28,STR012,PRD00268,1,1061.68,0.05,1008.6,520.26,Net Banking,Walk-in
SAL20250067012,2025-07-02,STR011,PRD00528,3,1118.04,0.0,3354.12,2839.02,Debit Card,Walk-in
SAL20250067013,2025-07-03,STR016,PRD00528,1,1118.04,0.0,1118.04,946.34,Credit Card,Regular
SAL20250067014,2025-07-21,STR008,PRD00754,1,372.52,0.0,372.52,220.88,Debit Card,Walk-in
SAL20250067015,2025-07-06,STR003,PRD00841,3,1965.17,0.0,5895.51,4014.78,Credit Card,Corporate
SAL20250067016,2025-07-02,STR028,PRD00500,1,936.13,0.0,936.13,757.53,Debit Card,Regular
SAL20250067017,2025-07-04,STR018,PRD00373,2,159.48,0.0,318.96,171.08,Cash,Premium
SAL20250067018,2025-07-14,STR003,PRD00498,6,178.55,0.0,1071.3,828.9,UPI,Regular
SAL20250067019,2025-07-27,STR001,PRD00633,1,365.95,0.0,365.95,212.9,Credit Card,Regular
SAL20250067020,2025-07-05,STR034,PRD01124,1,4813.39,0.0,4813.39,2177.75,UPI,Regular
SAL20250067021,2025-07-22,STR040,PRD00921,1,3248.47,0.0,3248.47,1833.94,Cash,Regular
SAL20250067022,2025-07-17,STR019,PRD01068,1,5954.4,0.0,5954.4,3495.2,UPI,Regular
SAL20250067023,2025-07-18,STR011,PRD00117,1,5653.79,0.0,5653.79,4053.02,UPI,Walk-in
SAL20250067024,2025-07-20,STR010,PRD00469,4,499.21,0.05,1897.0,1557.8,Credit Card,Walk-in
SAL20250067025,2025-07-20,STR037,PRD00927,1,799.32,0.0,799.32,584.58,UPI,Walk-in
SAL20250067026,2025-07-15,STR006,PRD00047,1,27210.89,0.1,24489.8,17922.95,UPI,Regular
SAL20250067027,2025-07-23,STR038,PRD00184,2,3565.48,0.1,6417.86,5177.4,Cash,Walk-in
SAL20250067028,2025-07-15,STR008,PRD00409,2,950.85,0.0,1901.7,1476.22,Credit Card,Regular
SAL20250067029,2025-07-23,STR012,PRD00467,2,528.8,0.0,1057.6,906.1,Debit Card,Walk-in
SAL20250067030,2025-07-21,STR016,PRD00360,4,505.68,0.0,2022.72,956.88,UPI,Regular
SAL20250067031,2025-07-29,STR029,PRD00747,2,1306.66,0.0,2613.32,1920.32,Credit Card,Walk-in
SAL20250067032,2025-07-15,STR008,PRD00956,1,1028.6,0.0,1028.6,572.0,Debit Card,Walk-in
SAL20250067033,2025-07-17,STR024,PRD00678,1,3485.6,0.1,3137.04,2254.91,UPI,Regular
SAL20250067034,2025-07-08,STR016,PRD00438,1,638.02,0.05,606.12,486.89,Cash,Corporate
SAL20250067035,2025-07-16,STR001,PRD00824,1,3034.92,0.1,2731.43,2166.53,Cash,Regular
SAL20250067036,2025-07-18,STR038,PRD00735,2,2710.38,0.0,5420.76,3232.56,Net Banking,Corporate
SAL20250067037,2025-07-17,STR004,PRD00212,1,9559.41,0.1,8603.47,6260.97,Debit Card,Walk-in
SAL20250067038,2025-07-02,STR006,PRD01085,3,7889.14,0.0,23667.42,12408.87,Credit Card,Walk-in
SAL20250067039,2025-07-26,STR016,PRD00396,4,713.53,0.0,2854.12,1818.8,UPI,Walk-in
SAL20250067040,2025-07-09,STR025,PRD00279,1,704.62,0.0,704.62,445.92,Credit Card,Regular
SAL20250067041,2025-07-08,STR007,PRD00171,1,6232.31,0.0,6232.31,4552.99,UPI,Regular
SAL20250067042,2025-07-14,STR030,PRD00058,1,3380.1,0.05,3211.09,2568.5,Credit Card,Regular
SAL20250067043,2025-07-16,STR005,PRD01093,1,4476.19,0.1,4028.57,2887.02,Cash,Regular
SAL20250067044,2025-07-15,STR013,PRD00703,4,940.1,0.0,3760.4,2802.2,UPI,Regular
SAL20250067045,2025-07-08,STR008,PRD00474,3,108.22,0.0,324.66,268.11,UPI,Walk-in
SAL20250067046,2025-07-11,STR015,PRD01170,1,1269.68,0.0,1269.68,694.9,Net Banking,Regular
SAL20250067047,2025-07-02,STR010,PRD00798,1,1720.26,0.0,1720.26,961.55,UPI,Regular
SAL20250067048,2025-07-14,STR038,PRD00997,1,893.9,0.0,893.9,624.69,Credit Card,Premium
SAL20250067049,2025-07-05,STR010,PRD01181,1,2062.42,0.05,1959.3,1282.83,UPI,Regular
SAL20250067050,2025-07-26,STR021,PRD00291,3,469.9,0.0,1409.7,839.28,UPI,Premium
SAL20250067051,2025-07-12,STR015,PRD01045,1,910.12,0.0,910.12,471.24,UPI,Walk-in
SAL20250067052,2025-07-17,STR018,PRD00234,1,3859.31,0.0,3859.31,2374.04,Debit Card,Walk-in
SAL20250067053,2025-07-06,STR013,PRD00051,1,18906.15,0.0,18906.15,13812.18,Credit Card,Premium
SAL20250067054,2025-07-19,STR017,PRD00093,2,12459.16,0.0,24918.32,19408.14,UPI,Regular
SAL20250067055,2025-07-15,STR040,PRD00463,4,933.21,0.0,3732.84,2989.88,Cash,Premium
SAL20250067056,2025-07-27,STR007,PRD00445,5,417.63,0.1,1879.34,1676.35,Credit Card,Regular
SAL20250067057,2025-07-10,STR041,PRD00277,2,1350.87,0.0,2701.74,1360.5,UPI,Regular
SAL20250067058,2025-07-11,STR033,PRD00725,3,2084.99,0.0,6254.97,4535.07,UPI,Premium
SAL20250067059,2025-07-21,STR025,PRD00668,2,302.1,0.0,604.2,433.08,Credit Card,Regular
SAL20250067060,2025-07-01,STR025,PRD01093,1,4476.19,0.0,4476.19,2887.02,UPI,Regular
SAL20250067061,2025-07-26,STR016,PRD00944,1,197.23,0.0,197.23,127.82,Credit Card,Premium
SAL20250067062,2025-07-07,STR010,PRD01118,3,5734.69,0.0,17204.07,10113.3,Cash,Premium
SAL20250067063,2025-07-01,STR037,PRD00339,1,831.47,0.0,831.47,498.17,UPI,Regular
SAL20250067064,2025-07-09,STR024,PRD00408,4,1017.09,0.0,4068.36,3131.68,Credit Card,Walk-in
SAL20250067065,2025-07-30,STR041,PRD00565,1,107.78,0.0,107.78,61.48,Credit Card,Regular
SAL20250067066,2025-07-06,STR013,PRD00453,1,1257.16,0.0,1257.16,946.37,Net Banking,Regular
SAL20250067067,2025-07-09,STR025,PRD00341,1,977.08,0.1,879.37,605.56,UPI,Regular
SAL20250067068,2025-07-21,STR030,PRD00939,4,463.84,0.0,1855.36,969.36,UPI,Regular
SAL20250067069,2025-07-28,STR010,PRD01107,1,1600.76,0.0,1600.76,735.13,UPI,Walk-in
SAL20250067070,2025-07-07,STR009,PRD00676,1,4180.37,0.0,4180.37,2836.76,UPI,Regular
SAL20250067071,2025-07-04,STR011,PRD00028,1,4027.15,0.0,4027.15,2641.37,Credit Card,Premium
SAL20250067072,2025-07-31,STR008,PRD00667,5,129.77,0.0,648.85,455.25,UPI,Walk-in
SAL20250067073,2025-07-03,STR017,PRD00944,1,197.23,0.0,197.23,127.82,Net Banking,Walk-in
SAL20250067074,2025-07-29,STR013,PRD00543,2,579.45,0.0,1158.9,850.46,Credit Card,Corporate
SAL20250067075,2025-07-13,STR005,PRD00783,1,2295.14,0.0,2295.14,1443.25,Debit Card,Regular
SAL20250067076,2025-07-09,STR018,PRD00689,4,492.79,0.0,1971.16,1331.32,Net Banking,Walk-in
SAL20250067077,2025-07-03,STR019,PRD00961,1,294.28,0.1,264.85,158.53,UPI,Regular
SAL20250067078,2025-07-23,STR041,PRD00306,4,1349.3,0.05,5127.34,3087.76,UPI,Premium
SAL20250067079,2025-07-21,STR040,PRD01081,2,7442.0,0.0,14884.0,7046.66,UPI,Corporate
SAL20250067080,2025-07-27,STR041,PRD00154,1,614.66,0.0,614.66,476.92,Credit Card,Corporate
SAL20250067081,2025-07-16,STR029,PRD01071,1,5607.68,0.0,5607.68,3412.0,UPI,Regular
SAL20250067082,2025-07-10,STR025,PRD00518,2,1000.64,0.0,2001.28,1536.86,Debit Card,Regular
SAL20250067083,2025-07-17,STR034,PRD00055,1,18236.77,0.1,16413.09,12233.04,Credit Card,Walk-in
SAL20250067084,2025-07-11,STR003,PRD00688,1,2802.62,0.0,2802.62,2088.84,Cash,Walk-in
SAL20250067085,2025-07-02,STR020,PRD00830,1,1783.32,0.1,1604.99,1089.78,Debit Card,Walk-in
SAL20250067086,2025-07-27,STR026,PRD00722,1,2039.88,0.0,2039.88,1170.85,UPI,Corporate
SAL20250067087,2025-07-16,STR009,PRD00226,1,3456.4,0.0,3456.4,2122.01,Credit Card,Walk-in
SAL20250067088,2025-07-19,STR040,PRD00942,2,93.87,0.0,187.74,123.46,UPI,Premium
SAL20250067089,2025-07-25,STR002,PRD00964,5,842.84,0.0,4214.2,2875.95,UPI,Regular
SAL20250067090,2025-07-12,STR023,PRD00476,2,645.16,0.0,1290.32,1086.36,Debit Card,Premium
SAL20250067091,2025-07-25,STR035,PRD00678,1,3485.6,0.0,3485.6,2254.91,UPI,Regular
SAL20250067092,2025-07-15,STR018,PRD00722,2,2039.88,0.0,4079.76,2341.7,Credit Card,Corporate
SAL20250067093,2025-07-19,STR029,PRD00014,1,5918.05,0.05,5622.15,4586.64,Credit Card,Walk-in
SAL20250067094,2025-07-17,STR027,PRD00733,3,3579.07,0.0,10737.21,6560.91,Credit Card,Regular
SAL20250067095,2025-07-14,STR041,PRD00127,2,14293.97,0.0,28587.94,21134.16,UPI,Walk-in
SAL20250067096,2025-07-26,STR031,PRD00193,1,5766.86,0.0,5766.86,4191.48,Debit Card,Regular
SAL20250067097,2025-07-30,STR003,PRD00610,1,637.82,0.0,637.82,413.73,Credit Card,Walk-in
SAL20250067098,2025-07-25,STR005,PRD00726,1,2171.72,0.0,2171.72,1497.85,UPI,Regular
SAL20250067099,2025-07-24,STR005,PRD00816,1,1448.92,0.1,1304.03,857.39,UPI,Regular
SAL20250067100,2025-07-16,STR007,PRD01157,1,8076.82,0.0,8076.82,4265.41,Net Banking,Walk-in
SAL20250067101,2025-07-18,STR029,PRD00063,3,19546.78,0.0,58640.34,40340.91,Cash,Regular
SAL20250067102,2025-07-27,STR011,PRD00184,1,3565.48,0.0,3565.48,2588.7,UPI,Walk-in
SAL20250067103,2025-07-31,STR029,PRD00376,1,1476.13,0.0,1476.13,682.99,UPI,Walk-in
SAL20250067104,2025-07-22,STR016,PRD00038,1,2962.9,0.0,2962.9,2113.53,Credit Card,Regular
SAL20250067105,2025-07-31,STR040,PRD00984,2,34.1,0.0,68.2,40.04,Credit Card,Premium
SAL20250067106,2025-07-25,STR009,PRD01112,1,3077.42,0.0,3077.42,1558.19,UPI,Walk-in
SAL20250067107,2025-07-13,STR004,PRD00424,1,428.73,0.1,385.86,377.24,UPI,Walk-in
SAL20250067108,2025-07-08,STR026,PRD00005,3,25382.71,0.0,76148.13,55316.58,Credit Card,Walk-in
SAL20250067109,2025-07-19,STR019,PRD00912,2,532.47,0.0,1064.94,612.6,Debit Card,Premium
SAL20250067110,2025-07-11,STR027,PRD00744,1,4365.48,0.0,4365.48,2879.4,Net Banking,Premium
SAL20250067111,2025-07-21,STR036,PRD00335,2,1156.98,0.0,2313.96,1245.12,Credit Card,Regular
SAL20250067112,2025-07-01,STR031,PRD00878,1,1229.84,0.1,1106.86,796.56,UPI,Walk-in
SAL20250067113,2025-07-30,STR040,PRD00141,1,2559.21,0.0,2559.21,1944.29,Cash,Premium
SAL20250067114,2025-07-19,STR020,PRD00988,10,774.65,0.0,7746.5,5325.0,Debit Card,Walk-in
SAL20250067115,2025-07-23,STR037,PRD00280,2,605.7,0.0,1211.4,622.74,Cash,Premium
SAL20250067116,2025-07-07,STR041,PRD00301,2,189.19,0.0,378.38,260.54,Debit Card,Walk-in
SAL20250067117,2025-07-18,STR021,PRD00974,1,202.7,0.0,202.7,106.76,Debit Card,Regular
SAL20250067118,2025-07-03,STR019,PRD00380,4,304.64,0.0,1218.56,842.0,Debit Card,Walk-in
SAL20250067119,2025-07-15,STR023,PRD01147,2,6760.77,0.0,13521.54,7726.56,UPI,Regular
SAL20250067120,2025-07-21,STR014,PRD00857,2,3027.87,0.05,5752.95,4321.68,UPI,Regular
SAL20250067121,2025-07-27,STR033,PRD01055,2,428.04,0.0,856.08,533.14,Cash,Premium
SAL20250067122,2025-07-16,STR034,PRD00415,1,345.23,0.1,310.71,286.19,Credit Card,Regular
SAL20250067123,2025-07-30,STR040,PRD00750,3,3884.81,0.0,11654.43,6434.94,Credit Card,Walk-in
SAL20250067124,2025-07-15,STR033,PRD00373,2,159.48,0.0,318.96,171.08,Credit Card,Walk-in
SAL20250067125,2025-07-07,STR003,PRD00652,3,210.65,0.0,631.95,411.0,UPI,Walk-in
SAL20250067126,2025-07-16,STR014,PRD01123,3,3145.87,0.0,9437.61,5706.78,Debit Card,Regular
SAL20250067127,2025-07-01,STR037,PRD00519,1,818.33,0.1,736.5,642.9,UPI,Walk-in
SAL20250067128,2025-07-27,STR017,PRD00650,1,429.23,0.0,429.23,249.31,Debit Card,Premium
SAL20250067129,2025-07-17,STR014,PRD01196,4,1369.18,0.0,5476.72,2387.56,Cash,Walk-in
SAL20250067130,2025-07-26,STR037,PRD00944,3,197.23,0.0,591.69,383.46,UPI,Regular
SAL20250067131,2025-07-06,STR035,PRD00941,3,737.4,0.0,2212.2,1533.27,Credit Card,Premium
SAL20250067132,2025-07-01,STR004,PRD00258,2,2441.64,0.0,4883.28,3189.54,UPI,Walk-in
SAL20250067133,2025-07-29,STR018,PRD00837,1,4012.56,0.0,4012.56,2368.64,Credit Card,Walk-in
SAL20250067134,2025-07-12,STR030,PRD00132,1,22943.8,0.0,22943.8,17725.67,Credit Card,Walk-in
SAL20250067135,2025-07-31,STR023,PRD00568,1,465.88,0.0,465.88,288.31,UPI,Regular
SAL20250067136,2025-07-28,STR004,PRD00200,1,1880.51,0.0,1880.51,1363.43,UPI,Regular
SAL20250067137,2025-07-25,STR012,PRD00402,2,947.11,0.0,1894.22,1636.12,UPI,Walk-in
SAL20250067138,2025-07-09,STR008,PRD01107,1,1600.76,0.0,1600.76,735.13,Cash,Walk-in
SAL20250067139,2025-07-23,STR040,PRD00557,6,210.61,0.1,1137.29,806.58,UPI,Walk-in
SAL20250067140,2025-07-06,STR002,PRD00210,1,8463.87,0.0,8463.87,5533.2,Credit Card,Walk-in
SAL20250067141,2025-07-09,STR030,PRD00187,1,5314.8,0.0,5314.8,3364.43,UPI,Regular
SAL20250067142,2025-07-26,STR040,PRD00312,4,662.59,0.0,2650.36,1552.76,UPI,Premium
SAL20250067143,2025-07-06,STR023,PRD01046,10,946.12,0.0,9461.2,5262.9,UPI,Regular
SAL20250067144,2025-07-09,STR018,PRD00358,2,873.37,0.0,1746.74,933.34,UPI,Walk-in
SAL20250067145,2025-07-25,STR026,PRD00680,2,3900.49,0.0,7800.98,5610.0,Cash,Walk-in
SAL20250067146,2025-07-17,STR040,PRD00108,1,22607.14,0.0,22607.14,15802.22,UPI,Walk-in
SAL20250067147,2025-07-29,STR021,PRD00400,1,920.96,0.0,920.96,551.48,Credit Card,Regular
SAL20250067148,2025-07-13,STR011,PRD00423,-1,256.23,0.0,-256.23,213.9,Credit Card,Walk-in
SAL20250067149,2025-07-14,STR029,PRD01117,2,2651.1,0.1,4771.98,2893.6,Cash,Walk-in
SAL20250067150,2025-07-25,STR024,PRD00652,1,210.65,0.0,210.65,137.0,UPI,Corporate
SAL20250067151,2025-07-17,STR026,PRD00699,1,2305.84,0.0,2305.84,1522.28,Net Banking,Regular
SAL20250067152,2025-07-30,STR016,PRD00762,3,1596.23,0.0,4788.69,2729.58,Net Banking,Walk-in
SAL20250067153,2025-07-31,STR026,PRD00671,1,327.72,0.1,294.95,208.01,Net Banking,Regular
SAL20250067154,2025-07-27,STR025,PRD00252,1,10910.07,0.0,10910.07,7523.25,UPI,Walk-in
SAL20250067155,2025-07-24,STR028,PRD00562,6,671.35,0.0,4028.1,2828.82,UPI,Regular
SAL20250067156,2025-07-28,STR016,PRD00447,1,458.65,0.0,458.65,355.66,UPI,Walk-in
SAL20250067157,2025-07-30,STR016,PRD00342,2,1186.13,0.0,2372.26,1396.34,UPI,Regular
SAL20250067158,2025-07-19,STR019,PRD00679,1,2876.53,0.05,2732.7,1865.54,UPI,Regular
SAL20250067159,2025-07-09,STR020,PRD00130,1,17171.37,0.0,17171.37,12882.58,Credit Card,Regular
SAL20250067160,2025-07-04,STR010,PRD00207,1,9083.73,0.05,8629.54,6742.14,UPI,Premium
SAL20250067161,2025-07-09,STR032,PRD01144,1,2397.7,0.0,2397.7,1426.02,UPI,Walk-in
SAL20250067162,2025-07-05,STR003,PRD00644,5,812.84,0.0,4064.2,2261.95,UPI,Walk-in
SAL20250064705,2025-07-07,STR028,PRD00650,5,429.23,0.0,2146.15,1246.55,Debit Card,Walk-in
SAL20250067164,2025-07-16,STR015,PRD00559,3,674.89,0.0,2024.67,1264.68,Debit Card,Regular
SAL20250067165,2025-07-10,STR012,PRD00887,2,2006.5,0.05,3812.35,2339.38,Credit Card,Regular
SAL20250067166,2025-07-02,STR024,PRD01035,3,199.19,0.0,597.57,375.21,UPI,Regular
SAL20250067167,2025-07-27,STR023,PRD00210,1,8463.87,0.0,8463.87,5533.2,UPI,Regular
SAL20250067168,2025-07-14,STR031,PRD00621,1,335.41,0.0,335.41,235.43,Debit Card,Regular
SAL20250067169,2025-07-13,STR016,PRD00040,1,26675.54,0.0,26675.54,17487.01,Debit Card,Walk-in
SAL20250067170,2025-07-31,STR026,PRD00478,1,959.84,0.0,959.84,812.26,Net Banking,Regular
SAL20250067171,2025-07-23,STR005,PRD00832,2,1859.75,0.0,3719.5,2740.56,UPI,Walk-in
SAL20250067172,2025-07-04,STR025,PRD01118,1,5734.69,0.0,5734.69,3371.1,Credit Card,Walk-in
SAL20250067173,2025-07-02,STR023,PRD00755,1,511.82,0.0,511.82,344.31,UPI,Walk-in
SAL20250067174,2025-07-05,STR014,PRD01035,1,199.19,0.0,199.19,125.07,Cash,Walk-in
SAL20250067175,2025-07-21,STR023,PRD00839,1,2839.58,0.0,2839.58,1814.97,Credit Card,Regular
SAL20250067176,2025-07-12,STR017,PRD00540,3,550.54,0.1,1486.46,1165.86,UPI,Regular
SAL20250067177,2025-07-27,STR034,PRD00204,1,3776.34,0.0,3776.34,2580.11,UPI,Premium
SAL20250067178,2025-07-21,STR001,PRD00873,2,687.87,0.1,1238.17,982.9,Credit Card,Walk-in
SAL20250067179,2025-07-24,STR021,PRD01129,2,691.29,0.0,1382.58,562.24,Net Banking,Walk-in
SAL20250067180,2025-07-19,STR013,PRD01118,1,5734.69,0.0,5734.69,3371.1,Debit Card,Regular
SAL20250067181,2025-07-03,STR030,PRD00380,2,304.64,0.0,609.28,421.0,Credit Card,Regular
SAL20250067182,2025-07-27,STR024,PRD00896,1,255.31,0.05,242.54,145.03,Debit Card,Walk-in
SAL20250067183,2025-07-22,STR030,PRD01051,1,694.43,0.0,694.43,354.19,UPI,Walk-in
SAL20250067184,2025-07-27,STR022,PRD00582,1,535.32,0.0,535.32,385.0,Credit Card,Premium
SAL20250067185,2025-07-24,STR004,PRD00240,1,10596.37,0.0,10596.37,7390.73,Cash,Regular
SAL20250067186,2025-07-08,STR026,PRD01043,2,134.43,0.0,268.86,160.92,UPI,Premium
SAL20250067187,2025-07-11,STR029,PRD00306,2,1349.3,0.1,2428.74,1543.88,Cash,Regular
SAL20250067188,2025-07-24,STR023,PRD00883,4,2575.75,0.0,10303.0,5749.92,Debit Card,Regular
SAL20250067189,2025-07-09,STR013,PRD01105,1,2498.16,0.1,2248.34,1508.52,UPI,Regular
SAL20250067190,2025-07-15,STR036,PRD01062,6,925.26,0.05,5273.98,3258.36,UPI,Premium
SAL20250067191,2025-07-28,STR003,PRD00112,1,3948.48,0.1,3553.63,3127.23,Debit Card,Regular
SAL20250067192,2025-07-13,STR035,PRD01112,1,3077.42,0.05,2923.55,1558.19,Credit Card,Walk-in
SAL20250067193,2025-07-06,STR035,PRD00181,1,4428.73,0.0,4428.73,3239.36,UPI,Corporate
SAL20250067194,2025-07-05,STR019,PRD00181,1,4428.73,0.0,4428.73,3239.36,Credit Card,Walk-in
SAL20250067195,2025-07-20,STR011,PRD00518,2,1000.64,0.05,1901.22,1536.86,UPI,Premium
SAL20250067196,2025-07-12,STR012,PRD00596,1,666.12,0.1,599.51,397.91,UPI,Regular
SAL20250067197,2025-07-25,STR034,PRD00972,1,1079.34,0.0,1079.34,629.0,UPI,Walk-in
SAL20250067198,2025-07-03,STR018,PRD00137,1,8245.04,0.0,8245.04,6423.44,UPI,Corporate
SAL20250067199,2025-07-24,STR031,PRD00680,2,3900.49,0.0,7800.98,5610.0,Debit Card,Regular
SAL20250067200,2025-07-31,STR008,PRD01098,1,1920.11,0.05,1824.1,1122.86,UPI,Regular
SAL20250067201,2025-07-25,STR013,PRD00769,2,1757.79,0.0,3515.58,2484.34,UPI,Walk-in
SAL20250067202,2025-07-13,STR031,PRD00118,1,13769.46,0.0,13769.46,10543.97,Debit Card,Corporate
SAL20250067203,2025-07-22,STR027,PRD00315,2,452.88,0.1,815.18,562.88,Debit Card,Regular
SAL20250067204,2025-07-26,STR022,PRD01138,1,4917.81,0.0,4917.81,2789.31,Credit Card,Regular
SAL20250067205,2025-07-14,STR011,PRD00757,1,1608.8,0.0,1608.8,1037.87,Cash,Walk-in
SAL20250067206,2025-07-02,STR021,PRD00482,4,411.59,0.05,1564.04,1376.48,Credit Card,Corporate
SAL20250067207,2025-07-22,STR035,PRD00132,1,22943.8,0.0,22943.8,17725.67,Cash,Walk-in
SAL20250067208,2025-07-14,STR016,PRD00260,1,8853.62,0.0,8853.62,5607.87,Debit Card,Premium
SAL20250067209,2025-07-21,STR006,PRD01183,3,7827.71,0.0,23483.13,9996.0,UPI,Regular
SAL20250067210,2025-07-01,STR041,PRD01158,1,7747.18,0.0,7747.18,4177.28,UPI,Regular
SAL20250067211,2025-07-06,STR037,PRD00601,2,50.1,0.05,95.19,61.64,UPI,Regular
SAL20250067212,2025-07-24,STR010,PRD00106,1,3614.0,0.1,3252.6,2487.36,Debit Card,Walk-in
SAL20250067213,2025-07-08,STR004,PRD00037,1,21728.77,0.0,21728.77,16760.42,UPI,Regular
SAL20250067214,2025-07-28,STR038,PRD00757,2,1608.8,0.0,3217.6,2075.74,Debit Card,Regular
SAL20250067215,2025-07-01,STR011,PRD00970,3,370.51,0.0,1111.53,719.31,Debit Card,Premium
SAL20250067216,2025-07-22,STR003,PRD00838,1,1522.8,0.0,1522.8,1046.85,Cash,Regular
SAL20250067217,2025-07-21,STR006,PRD00425,4,878.01,0.0,3512.04,2790.04,UPI,Walk-in
SAL20250067218,2025-07-03,STR006,PRD00206,1,10675.4,0.05,10141.63,6883.05,Debit Card,Walk-in
SAL20250067219,2025-07-19,STR018,PRD00721,1,2330.52,0.0,2330.52,1727.63,UPI,Walk-in
SAL20250067220,2025-07-05,STR026,PRD00864,2,1725.02,0.0,3450.04,2236.12,UPI,Regular
SAL20250067221,2025-07-20,STR014,PRD00276,1,499.9,0.1,449.91,292.67,Cash,Regular
SAL20250067222,2025-07-06,STR009,PRD00774,1,2102.71,0.0,2102.71,1549.27,Net Banking,Premium
SAL20250067223,2025-07-16,STR013,PRD00369,1,1020.79,0.0,1020.79,482.49,UPI,Walk-in
SAL20250067224,2025-07-19,STR012,PRD00223,2,11271.43,0.0,22542.86,14029.58,UPI,Regular
SAL20250067225,2025-07-29,STR028,PRD01194,2,6442.41,0.0,12884.82,7770.36,Credit Card,Regular
SAL20250067226,2025-07-24,STR031,PRD00449,2,236.21,0.0,472.42,398.28,Credit Card,Regular
SAL20250067227,2025-07-01,STR003,PRD00470,2,416.77,0.0,833.54,650.22,Debit Card,Walk-in
SAL20250067228,2025-07-30,STR025,PRD00356,1,1354.34,0.0,1354.34,734.18,Net Banking,Regular
SAL20250067229,2025-07-10,STR039,PRD00927,1,799.32,0.05,759.35,584.58,UPI,Premium
SAL20250067230,2025-07-30,STR021,PRD00657,2,272.71,0.0,545.42,321.68,UPI,Walk-in
SAL20250067231,2025-07-25,STR038,PRD00746,1,2299.94,0.0,2299.94,1526.01,Credit Card,Walk-in
SAL20250067232,2025-07-07,STR021,PRD00283,1,917.06,0.0,917.06,431.47,Cash,Corporate
SAL20250067233,2025-07-02,STR035,PRD00623,2,563.55,0.0,1127.1,775.32,Cash,Walk-in
SAL20250067234,2025-07-20,STR024,PRD00999,1,1102.59,0.0,1102.59,586.85,Credit Card,Premium
SAL20250067235,2025-07-03,STR014,PRD00680,2,3900.49,0.0,7800.98,5610.0,Net Banking,Premium
SAL20250067236,2025-07-16,STR024,PRD00760,1,4801.08,0.0,4801.08,3172.81,Cash,Walk-in
SAL20250067237,2025-07-07,STR029,PRD00548,2,172.01,0.0,344.02,240.72,Credit Card,Regular
SAL20250067238,2025-07-12,STR006,PRD00552,4,296.06,0.0,1184.24,779.76,Credit Card,Regular
SAL20250067239,2025-07-19,STR037,PRD00937,5,262.48,0.0,1312.4,887.8,UPI,Corporate
SAL20250067240,2025-07-13,STR020,PRD00317,1,1393.76,0.0,1393.76,799.47,Credit Card,Walk-in
SAL20250067241,2025-07-04,STR012,PRD00494,1,893.47,0.1,804.12,682.73,Credit Card,Premium
SAL20250067242,2025-07-13,STR024,PRD00483,6,634.79,0.0,3808.74,3185.76,Credit Card,Walk-in
SAL20250067243,2025-07-04,STR004,PRD00773,2,733.06,0.05,1392.81,1036.9,Debit Card,Walk-in
SAL20250067244,2025-07-18,STR018,PRD00063,1,19546.78,0.05,18569.44,13446.97,UPI,Walk-in
SAL20250067245,2025-07-05,STR025,PRD00260,2,8853.62,0.0,17707.24,11215.74,Cash,Corporate
SAL20250067246,2025-07-06,STR016,PRD00998,3,883.36,0.0,2650.08,1349.67,Debit Card,Regular
SAL20250067247,2025-07-05,STR018,PRD00650,2,429.23,0.0,858.46,498.62,UPI,Walk-in
SAL20250067248,2025-07-25,STR004,PRD00567,2,365.44,0.0,730.88,453.92,UPI,Walk-in
SAL20250067249,2025-07-27,STR037,PRD00974,2,202.7,0.0,405.4,213.52,Credit Card,Walk-in
SAL20250067250,2025-07-13,STR014,PRD00837,1,4012.56,0.0,4012.56,2368.64,UPI,Regular
SAL20250067251,2025-07-02,STR014,PRD00147,3,10113.79,0.05,28824.3,18897.69,Net Banking,Premium
SAL20250067252,2025-07-16,STR020,PRD00108,2,22607.14,0.0,45214.28,31604.44,Credit Card,Regular
SAL20250067253,2025-07-08,STR013,PRD01018,2,139.93,0.0,279.86,177.6,Credit Card,Premium
SAL20250067254,2025-07-25,STR037,PRD00871,1,1211.65,0.0,1211.65,859.32,UPI,Regular
SAL20250067255,2025-07-17,STR005,PRD00379,1,660.61,0.0,660.61,460.66,Net Banking,Walk-in
SAL20250067256,2025-07-30,STR023,PRD00740,1,3926.7,0.0,3926.7,2842.31,Debit Card,Walk-in
SAL20250067257,2025-07-08,STR030,PRD01166,1,3220.85,0.0,3220.85,1660.43,UPI,Walk-in
SAL20250067258,2025-07-09,STR035,PRD01161,1,5090.05,0.0,5090.05,2218.96,UPI,Regular
SAL20250067259,2025-07-28,STR030,PRD00375,1,650.42,0.0,650.42,365.06,UPI,Regular
SAL20250067260,2025-07-19,STR005,PRD00025,1,2348.16,0.0,2348.16,1617.05,Net Banking,Regular
SAL20250067261,2025-07-03,STR033,PRD01137,1,2009.09,0.1,1808.18,1074.27,UPI,Walk-in
SAL20250067262,2025-07-10,STR011,PRD01194,1,6442.41,0.0,6442.41,3885.18,Credit Card,Walk-in
SAL20250067263,2025-07-28,STR040,PRD00790,1,1379.35,0.0,1379.35,902.72,Credit Card,Walk-in
SAL20250067264,2025-07-21,STR018,PRD00879,1,2290.26,0.0,2290.26,1614.23,Credit Card,Premium
SAL20250067265,2025-07-25,STR027,PRD00167,2,8410.2,0.0,16820.4,11046.42,UPI,Regular
SAL20250067266,2025-07-05,STR013,PRD00178,1,9669.95,0.0,9669.95,6949.73,Cash,Walk-in
SAL20250067267,2025-07-18,STR037,PRD00805,1,3870.93,0.0,3870.93,2163.81,UPI,Regular
SAL20250067268,2025-07-09,STR041,PRD00578,1,577.23,0.0,577.23,422.81,Credit Card,Premium
SAL20250067269,2025-07-01,STR013,PRD00390,1,1246.69,0.0,1246.69,785.33,UPI,Premium
SAL20250067270,2025-07-07,STR015,PRD00216,1,11614.64,0.0,11614.64,7226.78,UPI,Regular
SAL20250067271,2025-07-31,STR024,PRD00896,2,255.31,0.0,510.62,290.06,Credit Card,Regular
SAL20250067272,2025-07-22,STR002,PRD00952,4,892.13,0.0,3568.52,2010.84,UPI,Regular
SAL20250067273,2025-07-04,STR004,PRD00227,1,5367.28,0.05,5098.92,3567.65,UPI,Walk-in
SAL20250067274,2025-07-15,STR032,PRD00998,4,883.36,0.0,3533.44,1799.56,Debit Card,Regular
SAL20250067275,2025-07-04,STR038,PRD00199,1,1863.27,0.0,1863.27,1335.3,Net Banking,Walk-in
SAL20250067276,2025-07-19,STR037,PRD00827,2,3989.15,0.0,7978.3,4393.18,UPI,Walk-in
SAL20250067277,2025-07-30,STR033,PRD00011,2,13229.12,0.0,26458.24,19669.38,Cash,Walk-in
SAL20250067278,2025-07-20,STR011,PRD00843,1,1073.63,0.05,1019.95,689.46,Debit Card,Corporate
SAL20250067279,2025-07-05,STR009,PRD01114,1,8827.06,0.0,8827.06,3573.34,UPI,Regular
SAL20250067280,2025-07-14,STR030,PRD00748,2,2656.98,0.0,5313.96,3630.76,Cash,Premium
SAL20250067281,2025-07-11,STR030,PRD00589,4,435.23,0.0,1740.92,1016.16,Credit Card,Walk-in
SAL20250067282,2025-07-26,STR029,PRD00804,1,782.93,0.0,782.93,564.78,UPI,Regular
SAL20250067283,2025-07-16,STR004,PRD00630,1,612.41,0.0,612.41,361.45,Credit Card,Premium
SAL20250067284,2025-07-29,STR027,PRD00749,1,4060.84,0.0,4060.84,2444.77,UPI,Regular
SAL20250067285,2025-07-10,STR032,PRD00300,1,1106.33,0.0,1106.33,601.1,UPI,Walk-in
SAL20250067286,2025-07-22,STR019,PRD00474,2,108.22,0.0,216.44,178.74,UPI,Premium
SAL20250067287,2025-07-29,STR037,PRD00727,2,737.62,0.05,1401.48,884.56,UPI,Regular
SAL20250067288,2025-07-28,STR034,PRD00474,1,108.22,0.0,108.22,89.37,Credit Card,Premium
SAL20250067289,2025-07-08,STR016,PRD00800,2,478.19,0.0,956.38,649.18,Debit Card,Walk-in
SAL20250067290,2025-07-31,STR026,PRD00271,3,660.1,0.0,1980.3,1255.8,Debit Card,Regular
SAL20250067291,2025-07-07,STR025,PRD00934,1,3207.23,0.0,3207.23,1811.07,Debit Card,Walk-in
SAL20250067292,2025-07-30,STR007,PRD00894,1,2403.9,0.0,2403.9,1608.16,Cash,Regular
SAL20250067293,2025-07-28,STR015,PRD00910,4,2302.88,0.0,9211.52,6318.76,Credit Card,Walk-in
SAL20250067294,2025-07-17,STR004,PRD00229,1,2013.93,0.0,2013.93,1348.9,Debit Card,Walk-in
SAL20250067295,2025-07-09,STR023,PRD00343,1,244.94,0.1,220.45,130.41,Credit Card,Walk-in
SAL20250067296,2025-07-31,STR027,PRD00526,4,712.58,0.0,2850.32,2368.96,Debit Card,Premium
SAL20250067297,2025-07-14,STR018,PRD00269,1,151.87,0.0,151.87,99.82,Debit Card,Premium
SAL20250067298,2025-07-24,STR040,PRD00294,1,1047.83,0.0,1047.83,653.04,Credit Card,Walk-in
SAL20250067299,2025-07-14,STR011,PRD00531,1,217.65,0.0,217.65,182.2,Credit Card,Regular
SAL20250067300,2025-07-30,STR019,PRD01132,1,7393.47,0.05,7023.8,3891.12,UPI,Walk-in
SAL20250067301,2025-07-18,STR035,PRD00837,1,4012.56,0.1,3611.3,2368.64,Debit Card,Regular
SAL20250067302,2025-07-23,STR018,PRD00785,1,4604.98,0.0,4604.98,2754.83,Cash,Regular
SAL20250067303,2025-07-18,STR021,PRD01138,1,4917.81,0.0,4917.81,2789.31,Net Banking,Walk-in
SAL20250067304,2025-07-20,STR005,PRD00190,2,12169.57,0.0,24339.14,15910.64,UPI,Regular
SAL20250067305,2025-07-31,STR022,PRD01070,1,5540.5,0.0,5540.5,2576.77,UPI,Regular
SAL20250067306,2025-07-22,STR029,PRD01174,1,4967.43,0.0,4967.43,2664.97,UPI,Regular
SAL20250067307,2025-07-07,STR040,PRD00641,2,499.93,0.0,999.86,666.24,UPI,Regular
SAL20250067308,2025-07-26,STR007,PRD00773,1,733.06,0.0,733.06,518.45,Debit Card,Walk-in
SAL20250067309,2025-07-27,STR016,PRD01124,2,4813.39,0.0,9626.78,4355.5,Debit Card,Regular
SAL20250067310,2025-07-10,STR003,PRD00790,1,1379.35,0.05,1310.38,902.72,Net Banking,Walk-in
SAL20250067311,2025-07-06,STR005,PRD00085,1,26032.76,0.0,26032.76,17875.58,Cash,Corporate
SAL20250067312,2025-07-31,STR008,PRD00622,1,644.0,0.1,579.6,399.79,UPI,Regular
SAL20250067313,2025-07-10,STR008,PRD00377,3,1177.54,0.0,3532.62,2468.16,UPI,Corporate
SAL20250067314,2025-07-16,STR026,PRD00595,2,524.85,0.05,997.22,729.04,UPI,Regular
SAL20250067315,2025-07-12,STR010,PRD00587,1,250.15,0.1,225.14,171.79,UPI,Walk-in
SAL20250067316,2025-07-31,STR035,PRD00352,2,930.67,0.0,1861.34,1193.8,Debit Card,Corporate
SAL20250067317,2025-07-10,STR037,PRD00315,1,452.88,0.0,452.88,281.44,Debit Card,Walk-in
SAL20250067318,2025-07-15,STR013,PRD00960,2,572.91,0.0,1145.82,764.8,UPI,Walk-in
SAL20250067319,2025-07-01,STR026,PRD00330,1,275.94,0.0,275.94,168.86,Cash,Regular
SAL20250067320,2025-07-08,STR018,PRD01132,2,7393.47,0.0,14786.94,7782.24,UPI,Regular
SAL20250067321,2025-07-19,STR035,PRD01050,2,562.12,0.0,1124.24,658.28,Credit Card,Regular
SAL20250067322,2025-07-24,STR037,PRD01014,1,1123.09,0.0,1123.09,636.08,Credit Card,Regular
SAL20250067323,2025-07-01,STR020,PRD00260,1,8853.62,0.0,8853.62,5607.87,Debit Card,Walk-in
SAL20250067324,2025-07-23,STR024,PRD00476,4,645.16,0.0,2580.64,2172.72,UPI,Walk-in
SAL20250067325,2025-07-08,STR012,PRD00519,2,818.33,0.0,1636.66,1285.8,UPI,Walk-in
SAL20250067326,2025-07-01,STR009,PRD00482,1,411.59,0.0,411.59,344.12,UPI,Regular
SAL20250067327,2025-07-25,STR021,PRD00116,1,21256.57,0.0,21256.57,14955.09,UPI,Regular
SAL20250067328,2025-07-01,STR021,PRD00821,1,2784.44,0.0,2784.44,1582.41,Net Banking,Regular
SAL20250067329,2025-07-02,STR001,PRD00762,1,1596.23,0.0,1596.23,909.86,Cash,Regular
SAL20250067330,2025-07-04,,PRD00479,2,303.49,0.0,606.98,511.22,UPI,Walk-in
SAL20250067331,2025-07-24,STR024,PRD00364,1,296.2,0.0,296.2,195.69,UPI,Premium
SAL20250067332,2025-07-15,STR038,PRD01031,3,1036.47,0.0,3109.41,1570.11,Credit Card,Regular
SAL20250067333,2025-07-19,STR012,PRD00771,2,2601.02,0.05,4941.94,2872.26,Credit Card,Walk-in
SAL20250067334,2025-07-04,STR004,PRD00159,1,4881.58,0.0,4881.58,3676.52,UPI,Walk-in
SAL20250067335,2025-07-03,STR026,PRD01094,1,7758.5,0.1,6982.65,3797.17,Credit Card,Walk-in
SAL20250067336,2025-07-31,STR022,PRD00046,1,12754.14,0.0,12754.14,8397.4,Credit Card,Regular
SAL20250067337,2025-07-02,STR030,PRD01115,2,4843.87,0.0,9687.74,4808.7,Cash,Regular
SAL20250067338,2025-07-20,STR005,PRD00609,2,338.3,0.0,676.6,404.06,Debit Card,Walk-in
SAL20250067339,2025-07-01,STR031,PRD00102,1,21236.57,0.0,21236.57,16141.17,Debit Card,Regular
SAL20250067340,2025-07-18,STR004,PRD00780,1,1384.22,0.0,1384.22,888.86,Debit Card,Corporate
SAL20250067341,2025-07-19,STR005,PRD00130,1,17171.37,0.1,15454.23,12882.58,Credit Card,Walk-in
SAL20250067342,2025-07-08,STR011,PRD00385,2,460.87,0.0,921.74,557.04,Debit Card,Corporate
SAL20250067343,2025-07-09,STR011,PRD00902,2,258.19,0.0,516.38,308.14,Cash,Regular
SAL20250067344,2025-07-09,STR036,PRD00960,1,572.91,0.0,572.91,382.4,UPI,Premium
SAL20250067345,2025-07-23,STR017,PRD00020,1,2507.15,0.05,2381.79,1948.29,UPI,Walk-in
SAL20250067346,2025-07-02,STR037,PRD00301,2,189.19,0.1,340.54,260.54,Credit Card,Regular
SAL20250067347,2025-07-24,STR008,PRD00319,1,746.89,0.0,746.89,463.81,Credit Card,Regular
SAL20250067348,2025-07-20,STR025,PRD00631,10,725.12,0.0,7251.2,4194.6,Credit Card,Walk-in
SAL20250067349,2025-07-14,STR033,PRD00036,1,8731.85,0.0,8731.85,5708.44,UPI,Regular
SAL20250067350,2025-07-26,STR008,PRD00186,1,7826.08,0.0,7826.08,5124.89,UPI,Walk-in
SAL20250067351,2025-07-21,STR032,PRD01087,1,7006.0,0.0,7006.0,3419.72,UPI,Corporate
SAL20250067352,2025-07-20,STR028,PRD00138,1,3460.02,0.0,3460.02,2661.97,UPI,Walk-in
SAL20250067353,2025-07-14,STR025,PRD00583,1,704.61,0.0,704.61,437.59,UPI,Premium
SAL20250067354,2025-07-19,STR016,PRD01066,2,424.4,0.0,848.8,505.98,Credit Card,Regular
SAL20250067355,2025-07-24,STR019,PRD00866,1,1023.05,0.0,1023.05,622.37,Debit Card,Premium
SAL20250067356,2025-07-16,STR012,PRD01135,1,2481.4,0.0,2481.4,1259.74,Credit Card,Regular
SAL20250067357,2025-07-08,STR032,PRD00080,1,17292.25,0.0,17292.25,13027.41,UPI,Regular
SAL20250067358,2025-07-23,STR025,PRD00719,2,4808.67,0.0,9617.34,5518.42,UPI,Regular
SAL20250067359,2025-07-15,STR010,PRD00017,1,6386.7,0.05,6067.36,4504.98,Credit Card,Regular
SAL20250067360,2025-07-04,STR003,PRD00118,1,13769.46,0.0,13769.46,10543.97,Cash,Regular
SAL20250067361,2025-07-28,STR016,PRD00858,1,1066.62,0.0,1066.62,695.16,Debit Card,Regular
SAL20250067362,2025-07-09,STR017,PRD01107,3,1600.76,0.0,4802.28,2205.39,Debit Card,Walk-in
SAL20250067363,2025-07-30,STR021,PRD01124,2,4813.39,0.0,9626.78,4355.5,Credit Card,Regular
SAL20250067364,2025-07-29,STR036,PRD01031,1,1036.47,0.0,1036.47,523.37,UPI,Regular
SAL20250067365,2025-07-16,STR025,PRD00642,2,467.68,0.0,935.36,580.44,Credit Card,Regular
SAL20250067366,2025-07-15,STR024,PRD00335,1,1156.98,0.0,1156.98,622.56,UPI,Regular
SAL20250067367,2025-07-27,STR026,PRD00798,2,1720.26,0.1,3096.47,1923.1,UPI,Regular
SAL20250067368,2025-07-23,STR038,PRD00746,1,2299.94,0.0,2299.94,1526.01,Credit Card,Premium
SAL20250067369,2025-07-31,STR033,PRD00735,2,2710.38,0.1,4878.68,3232.56,UPI,Walk-in
SAL20250067370,2025-07-04,STR011,PRD01137,1,2009.09,0.0,2009.09,1074.27,UPI,Walk-in
SAL20250067371,2025-07-15,STR039,PRD01142,2,3878.91,0.0,7757.82,4529.58,UPI,Walk-in
SAL20250067372,2025-07-27,STR027,PRD00543,10,579.45,0.0,5794.5,4252.3,Credit Card,Regular
SAL20250067373,2025-07-02,STR022,PRD00559,5,674.89,0.0,3374.45,2107.8,UPI,Regular
SAL20250067374,2025-07-28,STR005,PRD00252,1,10910.07,0.0,10910.07,7523.25,UPI,Regular
SAL20250067375,2025-07-18,STR041,PRD01122,1,6526.26,0.0,6526.26,3631.48,Debit Card,Regular
SAL20250067376,2025-07-09,STR017,PRD00918,1,2741.1,0.0,2741.1,1987.44,Cash,Walk-in
SAL20250067377,2025-07-11,STR024,PRD00092,1,6575.52,0.0,6575.52,4677.68,Cash,Regular
SAL20250067378,2025-07-14,STR021,PRD00212,1,9559.41,0.1,8603.47,6260.97,UPI,Premium
SAL20250067379,2025-07-14,STR014,PRD00097,1,19452.93,0.0,19452.93,14437.86,Credit Card,Walk-in
SAL20250067380,2025-07-13,STR037,PRD00376,3,1476.13,0.0,4428.39,2048.97,UPI,Regular
SAL20250067381,2025-07-27,STR033,PRD00290,1,747.46,0.0,747.46,478.32,UPI,Walk-in
SAL20250067382,2025-07-19,STR018,PRD00457,1,726.05,0.0,726.05,549.39,UPI,Regular
SAL20250067383,2025-07-17,STR017,PRD00038,1,2962.9,0.0,2962.9,2113.53,UPI,Walk-in
SAL20250067384,2025-07-08,STR023,PRD00154,1,614.66,0.0,614.66,476.92,Debit Card,Regular
SAL20250067385,2025-07-27,STR040,PRD00925,1,2271.72,0.0,2271.72,1525.09,Debit Card,Walk-in
SAL20250067386,2025-07-09,STR026,PRD00444,1,347.0,0.0,347.0,285.96,Net Banking,Walk-in
SAL20250067387,2025-07-01,STR022,PRD00294,3,1047.83,0.0,3143.49,1959.12,UPI,Walk-in
SAL20250067388,2025-07-03,STR025,PRD00101,1,2548.25,0.0,2548.25,1803.25,Credit Card,Regular
SAL20250067389,2025-07-23,STR037,PRD00322,4,839.74,0.0,3358.96,2349.44,Credit Card,Regular
SAL20250067390,2025-07-05,STR008,PRD01121,2,2103.52,0.1,3786.34,1949.16,UPI,Premium
SAL20250067391,2025-07-29,STR037,PRD00571,4,201.22,0.0,804.88,573.96,UPI,Walk-in
SAL20250067392,2025-07-04,STR012,PRD00261,1,8333.44,0.0,8333.44,5118.51,UPI,Regular
SAL20250067393,2025-07-09,STR019,PRD00195,1,4088.9,0.0,4088.9,3108.85,UPI,Regular
SAL20250067394,2025-07-09,STR018,PRD00538,3,57.89,0.0,173.67,125.34,UPI,Regular
SAL20250067395,2025-07-09,STR021,PRD00956,4,1028.6,0.0,4114.4,2288.0,UPI,Regular
SAL20250067396,2025-07-06,STR028,PRD00337,1,1047.01,0.1,942.31,731.43,Debit Card,Walk-in
SAL20250067397,2025-07-11,STR026,PRD01077,1,8389.04,0.0,8389.04,3493.39,UPI,Walk-in
SAL20250067398,2025-07-13,STR022,PRD00338,2,1223.61,0.0,2447.22,1376.46,Credit Card,Regular
SAL20250067399,2025-07-11,STR025,PRD00599,2,273.52,0.0,547.04,378.74,UPI,Walk-in
SAL20250067400,2025-07-03,STR019,PRD00818,1,2330.04,0.05,2213.54,1669.14,UPI,Regular
SAL20250067401,2025-07-22,STR019,PRD00976,2,1125.69,0.1,2026.24,1165.22,Debit Card,Walk-in
SAL20250067402,2025-07-27,STR041,PRD00905,3,2497.02,0.0,7491.06,4598.64,Cash,Regular
SAL20250067403,2025-07-19,STR022,PRD00160,1,7937.44,0.05,7540.57,4808.49,UPI,Regular
SAL20250067404,2025-07-09,STR025,PRD00060,1,15273.35,0.1,13746.02,10531.53,Cash,Walk-in
SAL20250067405,2025-07-16,STR038,PRD00276,2,499.9,0.0,999.8,585.34,Credit Card,Walk-in
SAL20250067406,2025-07-20,STR040,PRD00536,2,393.56,0.0,787.12,541.9,Credit Card,Corporate
SAL20250067407,2025-07-15,STR020,PRD01111,1,1735.9,0.0,1735.9,955.52,Net Banking,Corporate
SAL20250067408,2025-07-19,STR040,PRD00212,1,9559.41,0.1,8603.47,6260.97,UPI,Regular
SAL20250067409,2025-07-18,STR010,PRD01152,1,2969.91,0.0,2969.91,1378.7,Debit Card,Regular
SAL20250067410,2025-07-05,STR023,PRD00747,1,1306.66,0.0,1306.66,960.16,Cash,Walk-in
SAL20250067411,2025-07-22,STR014,PRD00354,1,1099.31,0.0,1099.31,649.66,UPI,Walk-in
SAL20250067412,2025-07-21,STR038,PRD01195,1,6990.3,0.0,6990.3,3398.23,Net Banking,Regular
SAL20250067413,2025-07-11,STR024,PRD00855,3,2084.62,0.05,5941.17,4576.65,Credit Card,Regular
SAL20250067414,2025-07-07,STR041,PRD01001,6,315.54,0.1,1703.92,1070.22,UPI,Walk-in
SAL20250067415,2025-07-20,STR010,PRD00201,1,2838.89,0.0,2838.89,1889.59,Cash,Corporate
SAL20250067416,2025-07-16,STR021,PRD00822,2,3937.8,0.0,7875.6,4799.8,Net Banking,Regular
SAL20250067417,2025-07-30,STR038,PRD00264,2,4452.38,0.1,8014.28,6344.08,UPI,Walk-in
SAL20250067418,2025-07-15,STR041,PRD00070,1,15101.4,0.0,15101.4,11038.01,Credit Card,Corporate
SAL20250067419,2025-07-01,STR001,PRD00780,1,1384.22,0.0,1384.22,888.86,Cash,Walk-in
SAL20250067420,2025-07-02,STR016,PRD00904,2,2811.36,0.0,5622.72,3719.94,UPI,Regular
SAL20250067421,2025-07-29,STR009,PRD00315,1,452.88,0.0,452.88,281.44,Credit Card,Regular
SAL20250067422,2025-07-09,STR036,PRD00525,2,76.55,0.0,153.1,132.9,UPI,Walk-in
SAL20250067423,2025-07-01,STR008,PRD00778,3,875.87,0.1,2364.85,1708.62,Credit Card,Regular
SAL20250067424,2025-07-10,STR001,PRD00274,1,920.1,0.0,920.1,425.76,UPI,Walk-in
SAL20250067425,2025-07-20,STR022,PRD00688,1,2802.62,0.0,2802.62,2088.84,Debit Card,Premium
SAL20250067426,2025-07-08,STR016,PRD00180,2,3550.84,0.05,6746.6,5053.56,Cash,Premium
SAL20250067427,2025-07-06,STR020,PRD00675,2,1206.06,0.0,2412.12,1516.86,UPI,Walk-in
SAL20250067428,2025-07-13,STR029,PRD00553,1,150.28,0.0,150.28,87.11,Debit Card,Walk-in
SAL20250067429,2025-07-05,STR011,PRD00672,2,4427.9,0.0,8855.8,6027.68,Net Banking,Regular
SAL20250067430,2025-07-29,STR029,PRD01156,1,3916.29,0.0,3916.29,2267.77,Debit Card,Walk-in
SAL20250067431,2025-07-29,STR019,PRD00640,3,209.4,0.1,565.38,352.29,UPI,Regular
SAL20250067432,2025-07-31,STR039,PRD00456,1,215.04,0.0,215.04,169.99,Cash,Corporate
SAL20250067433,2025-07-18,STR019,PRD00957,6,157.86,0.0,947.16,567.3,UPI,Regular
SAL20250067434,2025-07-03,STR008,PRD00302,2,486.18,0.0,972.36,450.18,UPI,Regular
SAL20250067435,2025-07-25,STR035,PRD01040,4,466.28,0.0,1865.12,1323.08,UPI,Regular
SAL20250067436,2025-07-23,STR040,PRD00003,1,810.89,0.0,810.89,534.24,UPI,Regular
SAL20250067437,2025-07-21,STR011,PRD00607,3,313.72,0.0,941.16,544.05,UPI,Premium
SAL20250067438,2025-07-30,STR015,PRD01127,1,730.99,0.0,730.99,319.39,UPI,Regular
SAL20250067439,2025-07-06,STR007,PRD01028,2,93.34,0.0,186.68,96.2,UPI,Regular
SAL20250067440,2025-07-21,STR017,PRD00371,3,199.9,0.0,599.7,340.35,Credit Card,Walk-in
SAL20250067441,2025-07-20,STR006,PRD01040,3,466.28,0.0,1398.84,992.31,Net Banking,Regular
SAL20250067442,2025-07-02,STR029,PRD00567,5,365.44,0.0,1827.2,1134.8,Credit Card,Regular
SAL20250067443,2025-07-22,STR018,PRD01058,1,211.57,0.0,211.57,145.02,Cash,Regular
SAL20250067444,2025-07-25,STR028,PRD00257,1,3131.42,0.0,3131.42,2145.77,UPI,Regular
SAL20250067445,2025-07-12,STR027,PRD00357,1,1112.32,0.0,1112.32,676.9,Cash,Regular
SAL20250067446,2025-07-27,STR009,PRD00096,1,1587.91,0.0,1587.91,1154.69,UPI,Walk-in
SAL20250067447,2025-07-25,STR018,PRD00653,2,614.39,0.0,1228.78,895.52,Credit Card,Walk-in
SAL20250067448,2025-07-06,STR031,PRD00504,1,1118.52,0.1,1006.67,934.24,UPI,Walk-in
SAL20250067449,2025-07-31,STR012,PRD00355,1,304.11,0.0,304.11,163.8,UPI,Regular
SAL20250067450,2025-07-27,STR005,PRD00893,1,963.04,0.0,963.04,603.05,UPI,Regular
SAL20250067451,2025-07-06,STR018,PRD01171,1,6541.96,0.0,6541.96,2623.89,Cash,Regular
SAL20250067452,2025-07-15,STR003,PRD00934,1,3207.23,0.0,3207.23,1811.07,UPI,Walk-in
SAL20250067453,2025-07-06,STR020,PRD00502,3,721.0,0.0,2163.0,1886.16,Credit Card,Premium
SAL20250067454,2025-07-11,STR036,PRD00765,2,1419.48,0.0,2838.96,1841.88,UPI,Regular
SAL20250067455,2025-07-17,STR010,PRD00613,5,239.41,0.0,1197.05,893.05,Credit Card,Regular
SAL20250067456,2025-07-03,STR001,PRD01002,3,98.3,0.0,294.9,167.07,Net Banking,Walk-in
SAL20250067457,2025-07-03,STR003,PRD00169,1,8761.68,0.0,8761.68,5628.67,UPI,Regular
SAL20250067458,2025-07-19,STR016,PRD00972,1,1079.34,0.0,1079.34,629.0,Debit Card,Regular
SAL20250067459,2025-07-03,STR038,PRD00442,4,148.56,0.0,594.24,478.8,Credit Card,Premium
SAL20250067460,2025-07-27,STR029,PRD00699,2,2305.84,0.0,4611.68,3044.56,UPI,Walk-in
SAL20250067461,2025-07-02,STR023,PRD00735,1,2710.38,0.1,2439.34,1616.28,UPI,Walk-in
SAL20250067462,2025-07-07,STR011,PRD00481,5,391.79,0.0,1958.95,1583.8,UPI,Regular
SAL20250067463,2025-07-06,STR006,PRD00073,1,23649.92,0.0,23649.92,17123.4,Credit Card,Walk-in
SAL20250067464,2025-07-30,STR005,PRD00943,3,787.16,0.0,2361.48,1597.32,UPI,Corporate
SAL20250067465,2025-07-02,STR018,PRD00560,6,314.33,0.0,1885.98,1312.74,Debit Card,Walk-in
SAL20250067466,2025-07-30,STR035,PRD00292,3,975.97,0.0,2927.91,1475.01,Credit Card,Regular
SAL20250067467,2025-07-18,STR039,PRD00779,2,1606.83,0.0,3213.66,1996.58,UPI,Corporate
SAL20250067468,2025-07-31,STR026,PRD00883,1,2575.75,0.1,2318.18,1437.48,Cash,Walk-in
SAL20250067469,2025-07-03,STR008,PRD00179,1,5253.14,0.0,5253.14,3207.54,Credit Card,Regular
SAL20250067470,2025-07-29,STR004,PRD00463,1,933.21,0.1,839.89,747.47,UPI,Walk-in
SAL20250067471,2025-07-28,STR036,PRD00407,2,687.91,0.05,1307.03,1066.8,Credit Card,Regular
SAL20250067472,2025-07-15,STR031,PRD00594,1,129.17,0.0,129.17,81.33,UPI,Premium
SAL20250067473,2025-07-20,STR017,PRD00719,1,4808.67,0.0,4808.67,2759.21,UPI,Premium
SAL20250067474,2025-07-28,STR031,PRD00691,1,1815.13,0.0,1815.13,1149.93,Credit Card,Regular
SAL20250067475,2025-07-03,STR004,PRD01191,2,6431.83,0.1,11577.29,8022.98,UPI,Premium
SAL20250067476,2025-07-02,STR011,PRD00058,1,3380.1,0.0,3380.1,2568.5,UPI,Regular
SAL20250067477,2025-07-24,STR013,PRD01163,1,6199.15,0.0,6199.15,3716.06,UPI,Walk-in
SAL20250067478,2025-07-10,STR017,PRD01173,2,1034.88,0.0,2069.76,991.44,Debit Card,Walk-in
SAL20250067479,2025-07-21,STR025,PRD00026,1,4182.92,0.0,4182.92,3047.01,UPI,Regular
SAL20250067480,2025-07-12,STR033,PRD00472,1,554.85,0.0,554.85,444.9,UPI,Walk-in
SAL20250067481,2025-07-22,STR011,PRD00952,1,892.13,0.0,892.13,502.71,UPI,Walk-in
SAL20250067482,2025-07-08,STR030,PRD00684,1,3989.77,0.0,3989.77,2465.54,UPI,Regular
SAL20250067483,2025-07-25,STR008,PRD00891,1,506.36,0.0,506.36,373.69,Credit Card,Regular
SAL20250067484,2025-07-09,STR030,PRD01094,3,7758.5,0.0,23275.5,11391.51,Debit Card,Regular
SAL20250067485,2025-07-13,STR026,PRD01050,3,562.12,0.0,1686.36,987.42,UPI,Walk-in
SAL20250067486,2025-07-06,STR035,PRD01067,1,922.58,0.1,830.32,564.84,UPI,Walk-in
SAL20250067487,2025-07-01,STR009,PRD01178,1,5467.45,0.05,5194.08,3516.53,UPI,Regular
SAL20250067488,2025-07-06,STR018,PRD00538,2,57.89,0.0,115.78,83.56,Credit Card,Walk-in
SAL20250067489,2025-07-06,STR027,PRD01173,1,1034.88,0.0,1034.88,495.72,UPI,Regular
SAL20250067490,2025-07-04,STR024,PRD00697,3,1377.61,0.0,4132.83,2422.56,Cash,Regular
SAL20250067491,2025-07-25,STR025,PRD01003,3,278.9,0.0,836.7,438.96,UPI,Regular
SAL20250067492,2025-07-27,STR039,PRD00560,2,314.33,0.0,628.66,437.58,Cash,Regular
SAL20250067493,2025-07-02,STR020,PRD00748,2,2656.98,0.0,5313.96,3630.76,UPI,Regular
SAL20250067494,2025-07-31,STR020,PRD00731,1,2513.85,0.0,2513.85,1582.05,Credit Card,Walk-in
SAL20250067495,2025-07-22,STR025,PRD00403,3,158.56,0.0,475.68,414.66,UPI,Walk-in
SAL20250067496,2025-07-19,STR032,PRD00958,1,274.5,0.0,274.5,191.73,UPI,Regular
SAL20250067497,2025-07-29,STR015,PRD00790,4,1379.35,0.0,5517.4,3610.88,Credit Card,Premium
SAL20250067498,2025-07-07,STR027,PRD00618,3,249.13,0.0,747.39,549.09,UPI,Premium
SAL20250067499,2025-07-09,STR016,PRD00649,4,333.14,0.0,1332.56,955.84,Debit Card,Premium
SAL20250067500,2025-07-03,STR031,PRD01097,3,4205.24,0.0,12615.72,6162.75,UPI,Walk-in
SAL20250067501,2025-07-20,STR025,PRD01066,2,424.4,0.1,763.92,505.98,Net Banking,Regular
SAL20250067502,2025-07-17,STR007,PRD00545,4,450.85,0.05,1713.23,1009.8,UPI,Walk-in
SAL20250067503,2025-07-25,STR032,PRD00957,1,157.86,0.0,157.86,94.55,Credit Card,Regular
SAL20250067504,2025-07-12,STR001,PRD00935,2,821.43,0.0,1642.86,1172.2,UPI,Regular
SAL20250067505,2025-07-26,STR026,PRD00630,3,612.41,0.0,1837.23,1084.35,UPI,Walk-in
SAL20250067506,2025-07-15,STR032,PRD00689,1,492.79,0.0,492.79,332.83,Debit Card,Premium
SAL20250067507,2025-07-25,STR013,PRD00299,3,1362.69,0.1,3679.26,2469.9,UPI,Corporate
SAL20250067508,2025-07-03,STR014,PRD00224,1,4670.9,0.0,4670.9,3440.61,UPI,Regular
SAL20250067509,2025-07-03,STR027,PRD00838,3,1522.8,0.0,4568.4,3140.55,UPI,Regular
SAL20250067510,2025-07-11,STR029,PRD00228,1,4421.9,0.0,4421.9,2982.31,UPI,Regular
SAL20250067511,2025-07-14,STR023,PRD00839,1,2839.58,0.0,2839.58,1814.97,Credit Card,Regular
SAL20250067512,2025-07-22,STR004,PRD00997,1,893.9,0.0,893.9,624.69,UPI,Walk-in
SAL20250067513,2025-07-07,STR019,PRD00537,1,133.85,0.0,133.85,78.78,UPI,Regular
SAL20250067514,2025-07-05,STR019,PRD00046,1,12754.14,0.0,12754.14,8397.4,Credit Card,Regular
SAL20250067515,2025-07-05,STR019,PRD00005,1,25382.71,0.0,25382.71,18438.86,Credit Card,Regular
SAL20250067516,2025-07-25,STR022,PRD00650,1,429.23,0.0,429.23,249.31,Net Banking,Walk-in
SAL20250067517,2025-07-26,STR031,PRD00855,1,2084.62,0.0,2084.62,1525.55,Debit Card,Walk-in
SAL20250067518,2025-07-20,STR003,PRD00492,3,431.72,0.0,1295.16,1086.12,Net Banking,Regular
SAL20250067519,2025-07-09,STR014,PRD00245,1,6730.38,0.0,6730.38,4429.31,UPI,Regular
SAL20250067520,2025-07-17,STR008,PRD00135,1,9390.96,0.0,9390.96,6866.63,Credit Card,Corporate
SAL20250067521,2025-07-22,STR016,PRD00033,1,2653.86,0.0,2653.86,1783.28,Debit Card,Regular
SAL20250067522,2025-07-03,STR024,PRD01072,3,354.49,0.0,1063.47,660.0,Cash,Regular
SAL20250067523,2025-07-13,STR028,PRD01151,1,7065.61,0.0,7065.61,3374.36,UPI,Regular
SAL20250067524,2025-07-03,STR020,PRD00338,2,1223.61,0.0,2447.22,1376.46,UPI,Walk-in
SAL20250067525,2025-07-29,STR037,PRD00860,2,694.13,0.0,1388.26,835.02,Credit Card,Regular
SAL20250067526,2025-07-07,STR013,PRD00075,1,9132.03,0.0,9132.03,7042.59,UPI,Regular
SAL20250067527,2025-07-23,STR039,PRD01050,2,562.12,0.0,1124.24,658.28,UPI,Premium
SAL20250067528,2025-07-28,STR032,PRD00658,3,338.62,0.0,1015.86,683.04,UPI,Corporate
SAL20250067529,2025-07-25,STR007,PRD01004,6,128.91,0.0,773.46,395.58,Credit Card,Walk-in
SAL20250067530,2025-07-22,STR032,PRD00936,1,964.58,0.05,916.35,620.53,UPI,Regular
SAL20250067531,2025-07-07,STR024,PRD00385,2,460.87,0.0,921.74,557.04,Debit Card,Regular
SAL20250067532,2025-07-01,STR011,PRD00619,5,215.37,0.0,1076.85,696.65,Net Banking,Walk-in
SAL20250067533,2025-07-02,STR021,PRD00628,2,365.09,0.0,730.18,421.62,Cash,Regular
SAL20250067534,2025-07-14,STR007,PRD01056,3,449.88,0.0,1349.64,906.03,Debit Card,Walk-in
SAL20250067535,2025-07-04,STR019,PRD01067,1,922.58,0.0,922.58,564.84,UPI,Regular
SAL20250067536,2025-07-27,STR008,PRD00542,3,534.65,0.0,1603.95,1025.43,Debit Card,Walk-in
SAL20250067537,2025-07-19,STR022,PRD00044,1,3159.2,0.0,3159.2,2114.03,UPI,Walk-in
SAL20250067538,2025-07-21,STR038,PRD00970,3,370.51,0.0,1111.53,719.31,UPI,Premium
SAL20250067539,2025-07-01,STR014,PRD00684,2,3989.77,0.0,7979.54,4931.08,Net Banking,Corporate
SAL20250067540,2025-07-03,STR026,PRD00052,1,1655.5,0.0,1655.5,1137.08,UPI,Regular
SAL20250067541,2025-07-13,STR040,PRD00867,2,798.49,0.0,1596.98,915.52,Net Banking,Walk-in
SAL20250067542,2025-07-04,STR015,PRD00921,1,3248.47,0.0,3248.47,1833.94,UPI,Walk-in
SAL20250067543,2025-07-26,STR024,PRD00385,1,460.87,0.0,460.87,278.52,Debit Card,Regular
SAL20250067544,2025-07-31,STR002,PRD00128,1,13672.72,0.0,13672.72,8963.81,UPI,Walk-in
SAL20250067545,2025-07-23,STR011,PRD00803,2,2033.91,0.0,4067.82,2449.48,Net Banking,Regular
SAL20250067546,2025-07-28,STR006,PRD00273,1,1306.29,0.0,1306.29,758.87,UPI,Regular
SAL20250067547,2025-07-27,STR006,PRD00718,2,2341.08,0.0,4682.16,3351.98,UPI,Walk-in
SAL20250067548,2025-07-15,STR029,PRD00939,1,463.84,0.0,463.84,242.34,UPI,Walk-in
SAL20250067549,2025-07-26,STR029,PRD00529,4,569.27,0.1,2049.37,1961.24,UPI,Regular
SAL20250067550,2025-07-27,STR018,PRD00170,1,1380.75,0.0,1380.75,918.49,UPI,Walk-in
SAL20250067551,2025-07-25,STR026,PRD00273,3,1306.29,0.0,3918.87,2276.61,UPI,Premium
SAL20250067552,2025-07-25,STR039,PRD00516,1,653.26,0.0,653.26,502.56,UPI,Regular
SAL20250067553,2025-07-18,STR025,PRD00764,2,3332.71,0.0,6665.42,3672.22,UPI,Premium
SAL20250067554,2025-07-30,STR007,PRD00398,2,358.79,0.0,717.58,346.7,UPI,Regular
SAL20250067555,2025-07-28,STR012,PRD00083,1,9369.31,0.0,9369.31,6462.27,UPI,Regular
SAL20250067556,2025-07-21,STR018,PRD00748,3,2656.98,0.0,7970.94,5446.14,UPI,Regular
SAL20250067557,2025-07-18,STR039,PRD00215,3,9358.07,0.0,28074.21,19575.45,Net Banking,Regular
SAL20250067558,2025-07-18,STR031,PRD01108,2,4924.79,0.1,8864.62,4579.0,UPI,Walk-in
SAL20250067559,2025-07-26,STR010,PRD00857,1,3027.87,0.05,2876.48,2160.84,UPI,Regular
SAL20250067560,2025-07-06,STR005,PRD00330,4,275.94,0.1,993.38,675.44,UPI,Regular
SAL20250067561,2025-07-21,STR023,PRD00635,2,332.03,0.05,630.86,414.6,Credit Card,Regular
SAL20250067562,2025-07-11,STR011,PRD00605,1,66.61,0.0,66.61,49.05,Credit Card,Corporate
SAL20250067563,2025-07-31,STR026,PRD00605,4,66.61,0.0,266.44,196.2,Credit Card,Regular
SAL20250067564,2025-07-04,STR034,PRD00453,1,1257.16,0.0,1257.16,946.37,UPI,Regular
SAL20250067565,2025-07-19,STR008,PRD01102,1,845.86,0.05,803.57,353.36,UPI,Walk-in
SAL20250067566,2025-07-30,STR036,PRD00536,3,393.56,0.0,1180.68,812.85,Credit Card,Regular
SAL20250067567,2025-07-11,STR021,PRD01001,1,315.54,0.0,315.54,178.37,Debit Card,Walk-in
SAL20250067568,2025-07-14,STR034,PRD00245,1,6730.38,0.0,6730.38,4429.31,UPI,Regular
SAL20250067569,2025-07-15,STR030,PRD00382,2,534.11,0.0,1068.22,585.82,UPI,Regular
SAL20250067570,2025-07-01,STR037,PRD00744,4,4365.48,0.0,17461.92,11517.6,Cash,Walk-in
SAL20250067571,2025-07-21,STR010,PRD00841,2,1965.17,0.05,3733.82,2676.52,Credit Card,Premium
SAL20250067572,2025-07-09,STR011,PRD00719,1,4808.67,0.1,4327.8,2759.21,Credit Card,Regular
SAL20250067573,2025-07-12,STR033,PRD00940,2,57.11,0.0,114.22,77.72,UPI,Walk-in
SAL20250067574,2025-07-27,STR023,PRD01011,3,265.01,0.0,795.03,449.07,Cash,Walk-in
SAL20250067575,2025-07-12,STR030,PRD00269,1,151.87,0.0,151.87,99.82,Debit Card,Premium
SAL20250067576,2025-07-07,STR020,PRD00849,1,315.58,0.05,299.8,211.78,UPI,Walk-in
SAL20250067577,2025-07-30,STR030,PRD00699,3,2305.84,0.0,6917.52,4566.84,Debit Card,Premium
SAL20250067578,2025-07-04,STR004,PRD00804,3,782.93,0.0,2348.79,1694.34,Credit Card,Regular
SAL20250067579,2025-07-29,STR017,PRD00284,1,170.59,0.0,170.59,103.53,UPI,Walk-in
SAL20250067580,2025-07-21,STR025,PRD01063,4,747.32,0.1,2690.35,1953.56,UPI,Premium
SAL20250067581,2025-07-15,STR002,PRD00738,1,984.8,0.0,984.8,687.04,Debit Card,Regular
SAL20250067582,2025-07-21,STR032,PRD00931,1,1839.81,0.0,1839.81,1246.88,Debit Card,Regular
SAL20250067583,2025-07-19,STR030,PRD00562,2,671.35,0.0,1342.7,942.94,UPI,Premium
SAL20250067584,2025-07-11,STR037,PRD00132,1,22943.8,0.1,20649.42,17725.67,Net Banking,Regular
SAL20250067585,2025-07-10,STR018,PRD00893,3,963.04,0.0,2889.12,1809.15,Debit Card,Premium
SAL20250067586,2025-07-10,STR001,PRD01131,1,6280.13,0.1,5652.12,3425.53,Debit Card,Corporate
SAL20250067587,2025-07-16,STR006,PRD00964,5,842.84,0.0,4214.2,2875.95,Credit Card,Regular
SAL20250067588,2025-07-10,STR007,PRD00247,1,8119.57,0.0,8119.57,4992.42,Credit Card,Regular
SAL20250067589,2025-07-19,STR034,PRD00559,4,674.89,0.05,2564.58,1686.24,UPI,Walk-in
SAL20250067590,2025-07-30,STR020,PRD01187,2,5464.91,0.0,10929.82,6709.98,UPI,Walk-in
SAL20250067591,2025-07-11,STR010,PRD00464,1,598.64,0.0,598.64,458.49,Cash,Walk-in
SAL20250067592,2025-07-12,STR002,PRD00708,1,2849.79,0.0,2849.79,1883.15,UPI,Walk-in
SAL20250067593,2025-07-24,STR020,PRD00916,2,3924.97,0.0,7849.94,4541.56,UPI,Corporate
SAL20250067594,2025-07-03,STR033,PRD01075,4,6164.63,0.0,24658.52,12713.12,UPI,Regular
SAL20250067595,2025-07-29,STR037,PRD00170,1,1380.75,0.0,1380.75,918.49,Debit Card,Regular
SAL20250067596,2025-07-28,STR019,PRD01134,2,5914.46,0.0,11828.92,5858.64,UPI,Walk-in
SAL20250067597,2025-07-10,STR012,PRD00975,3,912.31,0.0,2736.93,1795.5,UPI,Walk-in
SAL20250067598,2025-07-26,STR008,PRD00044,1,3159.2,0.0,3159.2,2114.03,Debit Card,Regular
SAL20250067599,2025-07-28,STR025,PRD00366,2,994.61,0.0,1989.22,949.46,Credit Card,Regular
SAL20250067600,2025-07-23,STR032,PRD00946,3,937.06,0.05,2670.62,1576.74,UPI,Regular
SAL20250067601,2025-07-13,STR021,PRD00274,1,920.1,0.0,920.1,425.76,UPI,Regular
SAL20250067602,2025-07-26,STR034,PRD00354,3,1099.31,0.0,3297.93,1948.98,UPI,Walk-in
SAL20250067603,2025-07-25,STR033,PRD00862,1,1883.72,0.0,1883.72,1142.54,Credit Card,Regular
SAL20250067604,2025-07-04,STR037,PRD00836,3,605.3,0.0,1815.9,1224.36,Net Banking,Regular
SAL20250067605,2025-07-28,STR003,PRD01097,1,4205.24,0.0,4205.24,2054.25,Credit Card,Regular
SAL20250067606,2025-07-06,STR025,PRD00717,3,402.54,0.0,1207.62,786.69,UPI,Corporate
SAL20250067607,2025-07-30,STR024,PRD00020,1,2507.15,0.05,2381.79,1948.29,Credit Card,Regular
SAL20250067608,2025-07-13,STR021,PRD00555,5,381.92,0.0,1909.6,1098.95,UPI,Regular
SAL20250067609,2025-07-04,STR040,PRD00419,1,950.16,0.0,950.16,763.92,Cash,Walk-in
SAL20250067610,2025-07-21,STR012,PRD00702,1,1394.73,0.0,1394.73,988.64,UPI,Premium
SAL20250067611,2025-07-31,STR039,PRD00280,1,605.7,0.1,545.13,311.37,UPI,Walk-in
SAL20250067612,2025-07-13,STR030,PRD00977,4,417.51,0.05,1586.54,1129.12,Cash,Regular
SAL20250067613,2025-07-28,STR040,PRD01059,2,553.69,0.0,1107.38,736.72,Debit Card,Walk-in
SAL20250067614,2025-07-21,STR005,PRD00785,1,4604.98,0.0,4604.98,2754.83,Credit Card,Regular
SAL20250067615,2025-07-19,STR027,PRD01024,2,129.44,0.0,258.88,184.2,UPI,Corporate
SAL20250067616,2025-07-31,STR012,PRD00774,1,2102.71,0.0,2102.71,1549.27,Credit Card,Premium
SAL20250067617,2025-07-29,STR036,PRD00075,1,9132.03,0.0,9132.03,7042.59,UPI,Walk-in
SAL20250067618,2025-07-01,STR016,PRD00060,1,15273.35,0.0,15273.35,10531.53,Credit Card,Regular
SAL20250067619,2025-07-16,STR012,PRD00711,1,1868.86,0.1,1681.97,1355.68,Credit Card,Regular
SAL20250067620,2025-07-31,STR011,PRD00250,1,3877.74,0.0,3877.74,2737.07,Cash,Regular
SAL20250067621,2025-07-05,STR013,PRD00977,1,417.51,0.05,396.63,282.28,UPI,Regular
SAL20250067622,2025-07-30,STR027,PRD00575,5,90.77,0.0,453.85,335.4,UPI,Regular
SAL20250067623,2025-07-16,STR016,PRD00117,1,5653.79,0.0,5653.79,4053.02,Credit Card,Walk-in
SAL20250067624,2025-07-14,STR019,PRD00381,1,931.15,0.0,931.15,531.28,Debit Card,Walk-in
SAL20250067625,2025-07-30,STR030,PRD00138,1,3460.02,0.0,3460.02,2661.97,UPI,Corporate
SAL20250067626,2025-07-30,STR041,PRD00074,1,17249.82,0.0,17249.82,11809.64,Debit Card,Walk-in
SAL20250067627,2025-07-18,STR030,PRD00334,1,796.78,0.0,796.78,400.76,UPI,Regular
SAL20250067628,2025-07-24,STR032,PRD00688,1,2802.62,0.1,2522.36,2088.84,Credit Card,Premium
SAL20250067629,2025-07-06,STR024,PRD00414,2,546.79,0.0,1093.58,850.64,Credit Card,Regular
SAL20250067630,2025-07-22,STR035,PRD00476,6,645.16,0.1,3483.86,3259.08,UPI,Regular
SAL20250067631,2025-07-31,STR032,PRD00749,1,4060.84,0.0,4060.84,2444.77,Credit Card,Regular
SAL20250067632,2025-07-27,STR038,PRD00204,1,3776.34,0.0,3776.34,2580.11,Net Banking,Walk-in
SAL20250067633,2025-07-10,STR026,PRD00303,1,674.18,0.0,674.18,362.28,Credit Card,Regular
SAL20250067634,2025-07-16,STR014,PRD00791,1,855.75,0.0,855.75,599.47,UPI,Corporate
SAL20250067635,2025-07-23,STR023,PRD00457,1,726.05,0.0,726.05,549.39,UPI,Premium
SAL20250067636,2025-07-27,STR030,PRD01098,1,1920.11,0.0,1920.11,1122.86,Cash,Regular
SAL20250067637,2025-07-03,STR019,PRD00623,1,563.55,0.0,563.55,387.66,UPI,Walk-in
SAL20250067638,2025-07-02,STR003,PRD00688,1,2802.62,0.0,2802.62,2088.84,UPI,Walk-in
SAL20250067639,2025-07-14,STR029,PRD00379,3,660.61,0.0,1981.83,1381.98,UPI,Walk-in
SAL20250067640,2025-07-18,STR004,PRD01018,2,139.93,0.05,265.87,177.6,UPI,Walk-in
SAL20250067641,2025-07-28,STR018,PRD00997,3,893.9,0.0,2681.7,1874.07,UPI,Walk-in
SAL20250067642,2025-07-08,STR002,PRD00849,1,315.58,0.0,315.58,211.78,UPI,Regular
SAL20250067643,2025-07-18,STR039,PRD00094,1,15405.56,0.0,15405.56,12408.34,Debit Card,Regular
SAL20250067644,2025-07-11,STR029,PRD00379,1,660.61,0.0,660.61,460.66,Debit Card,Walk-in
SAL20250067645,2025-07-01,STR019,PRD00049,1,4540.51,0.0,4540.51,3028.11,Credit Card,Walk-in
SAL20250067646,2025-07-13,STR012,PRD00268,3,1061.68,0.0,3185.04,1560.78,Credit Card,Corporate
SAL20250067647,2025-07-13,STR031,PRD00078,1,9036.37,0.0,9036.37,6491.36,Debit Card,Regular
SAL20250067648,2025-07-17,STR008,PRD00634,1,509.03,0.0,509.03,298.96,UPI,Walk-in
SAL20250067649,2025-07-30,STR034,PRD01073,2,4074.99,0.0,8149.98,4880.9,Debit Card,Regular
SAL20250067650,2025-07-23,STR005,PRD00911,1,807.88,0.05,767.49,602.2,Credit Card,Premium
SAL20250067651,2025-07-29,STR026,PRD00085,2,26032.76,0.0,52065.52,35751.16,Credit Card,Regular
SAL20250067652,2025-07-04,STR027,PRD00078,1,9036.37,0.0,9036.37,6491.36,Debit Card,Regular
SAL20250067653,2025-07-31,STR037,PRD00199,1,1863.27,0.05,1770.11,1335.3,Debit Card,Walk-in
SAL20250067654,2025-07-04,STR025,PRD00468,1,180.53,0.05,171.5,148.32,Debit Card,Regular
SAL20250067655,2025-07-26,STR021,PRD00943,2,787.16,0.0,1574.32,1064.88,UPI,Corporate
SAL20250067656,2025-07-23,STR035,PRD00431,2,614.87,0.0,1229.74,1042.4,Net Banking,Walk-in
SAL20250067657,2025-07-10,STR008,PRD00621,3,335.41,0.0,1006.23,706.29,UPI,Regular
SAL20250067658,2025-07-02,STR018,PRD00651,1,368.8,0.1,331.92,256.48,Credit Card,Regular
SAL20250067659,2025-07-02,STR018,PRD00371,2,199.9,0.0,399.8,226.9,UPI,Regular
SAL20250067660,2025-07-16,STR011,PRD00448,1,612.68,0.0,612.68,518.56,UPI,Regular
SAL20250067661,2025-07-20,STR016,PRD00597,1,765.55,0.0,765.55,443.82,Cash,Regular
SAL20250067662,2025-07-27,STR013,PRD00328,2,1206.9,0.1,2172.42,1238.02,Debit Card,Walk-in
SAL20250067663,2025-07-29,STR017,PRD00521,4,947.8,0.1,3412.08,3330.4,Credit Card,Premium
SAL20250067664,2025-07-18,STR021,PRD01016,1,253.56,0.0,253.56,161.4,UPI,Regular
SAL20250067665,2025-07-11,STR035,PRD01105,3,2498.16,0.0,7494.48,4525.56,Cash,Walk-in
SAL20250067666,2025-07-16,STR027,PRD00288,1,827.89,0.0,827.89,439.36,UPI,Premium
SAL20250067667,2025-07-03,STR033,PRD00567,3,365.44,0.0,1096.32,680.88,Debit Card,Walk-in
SAL20250067668,2025-07-23,STR037,PRD00884,1,1777.05,0.1,1599.35,1086.34,UPI,Regular
SAL20250067669,2025-07-12,STR023,PRD00890,2,891.3,0.0,1782.6,1071.86,Debit Card,Walk-in
SAL20250067670,2025-07-26,STR004,PRD00695,2,2280.88,0.0,4561.76,2552.92,Credit Card,Walk-in
SAL20250067671,2025-07-12,STR012,PRD00241,1,7381.55,0.1,6643.4,5583.94,Credit Card,Premium
SAL20250067672,2025-07-08,STR003,PRD00051,1,18906.15,0.0,18906.15,13812.18,UPI,Walk-in
SAL20250067673,2025-07-22,STR027,PRD00977,1,417.51,0.1,375.76,282.28,Credit Card,Premium
SAL20250067674,2025-07-20,STR026,PRD00341,1,977.08,0.05,928.23,605.56,Debit Card,Regular
SAL20250067675,2025-07-14,STR021,PRD00113,2,16350.49,0.0,32700.98,23752.58,Credit Card,Regular
SAL20250067676,2025-07-27,STR020,PRD00025,2,2348.16,0.0,4696.32,3234.1,Cash,Premium
SAL20250067677,2025-07-31,STR036,PRD00546,2,854.43,0.0,1708.86,947.8,Debit Card,Walk-in
SAL20250067678,2025-07-30,STR012,PRD00114,1,17643.2,0.0,17643.2,12306.0,Debit Card,Regular
SAL20250067679,2025-07-26,STR033,PRD00932,1,479.96,0.0,479.96,293.99,UPI,Regular
SAL20250067680,2025-07-09,STR031,PRD01059,2,553.69,0.05,1052.01,736.72,Credit Card,Regular
SAL20250067681,2025-07-01,STR029,PRD00285,1,1499.26,0.0,1499.26,768.76,UPI,Walk-in
SAL20250067682,2025-07-26,STR009,PRD00673,1,2685.18,0.0,2685.18,1698.29,Credit Card,Regular
SAL20250067683,2025-07-02,STR012,PRD00953,2,80.84,0.0,161.68,115.94,Credit Card,Regular
SAL20250067684,2025-07-22,STR024,PRD00805,1,3870.93,0.0,3870.93,2163.81,UPI,Walk-in
SAL20250067685,2025-07-26,STR017,PRD00328,3,1206.9,0.0,3620.7,1857.03,Cash,Premium
SAL20250067686,2025-07-06,STR004,PRD01002,4,98.3,0.0,393.2,222.76,UPI,Walk-in
SAL20250067687,2025-07-22,STR029,PRD00159,1,4881.58,0.0,4881.58,3676.52,UPI,Walk-in
SAL20250067688,2025-07-09,STR016,PRD01184,2,6927.53,0.05,13162.31,6365.4,Debit Card,Regular
SAL20250067689,2025-07-03,STR003,PRD00874,1,3195.38,0.0,3195.38,2332.48,Debit Card,Corporate
SAL20250067690,2025-07-25,STR032,PRD00374,1,1242.75,0.0,1242.75,738.33,Net Banking,Walk-in
SAL20250067691,2025-07-15,STR039,PRD00775,1,3571.78,0.1,3214.6,1976.55,Debit Card,Walk-in
SAL20250067692,2025-07-14,STR011,PRD01101,2,4929.57,0.0,9859.14,5336.34,UPI,Walk-in
SAL20250067693,2025-07-10,STR014,PRD00671,1,327.72,0.0,327.72,208.01,UPI,Regular
SAL20250067694,2025-07-03,STR041,PRD01176,1,5880.6,0.0,5880.6,3519.33,UPI,Regular
SAL20250067695,2025-07-27,STR041,PRD00742,3,3993.24,0.0,11979.72,7104.78,UPI,Regular
SAL20250067696,2025-07-05,STR039,PRD01106,1,3135.75,0.0,3135.75,1669.16,Credit Card,Walk-in
SAL20250067697,2025-07-27,STR028,PRD00854,1,2355.83,0.0,2355.83,1467.93,Credit Card,Walk-in
SAL20250067698,2025-07-16,STR002,PRD00363,1,1443.62,0.1,1299.26,690.35,Credit Card,Regular
SAL20250067699,2025-07-14,STR013,PRD00750,2,3884.81,0.0,7769.62,4289.96,Credit Card,Walk-in
SAL20250067700,2025-07-02,STR010,PRD00982,4,104.72,0.0,418.88,233.36,UPI,Regular
SAL20250067701,2025-07-10,STR028,PRD00164,1,7383.75,0.0,7383.75,4728.61,UPI,Regular
SAL20250067702,2025-07-17,STR013,PRD00487,1,92.35,0.0,92.35,78.84,UPI,Regular
SAL20250067703,2025-07-21,STR031,PRD00374,4,1242.75,0.0,4971.0,2953.32,Net Banking,Corporate
SAL20250067704,2025-07-17,STR013,PRD00047,2,27210.89,0.1,48979.6,35845.9,Cash,Regular
SAL20250067705,2025-07-14,STR033,PRD00786,1,2271.94,0.0,2271.94,1533.49,Cash,Walk-in
SAL20250067706,2025-07-20,STR040,PRD00741,1,2848.85,0.0,2848.85,2028.89,Credit Card,Regular
SAL20250067707,2025-07-31,STR033,PRD01177,2,2791.89,0.0,5583.78,3189.26,UPI,Walk-in
SAL20250067708,2025-07-06,STR027,PRD00496,1,1047.75,0.0,1047.75,902.44,UPI,Regular
SAL20250067709,2025-07-20,STR006,PRD00129,1,19597.62,0.0,19597.62,15263.15,Debit Card,Regular
SAL20250067710,2025-07-08,STR005,PRD00580,3,372.59,0.0,1117.77,633.9,UPI,Regular
SAL20250067711,2025-07-23,STR009,PRD01151,1,7065.61,0.0,7065.61,3374.36,Credit Card,Regular
SAL20250067712,2025-07-26,STR006,PRD00874,2,3195.38,0.0,6390.76,4664.96,Cash,Walk-in
SAL20250067713,2025-07-17,STR032,PRD00415,1,345.23,0.05,327.97,286.19,Cash,Regular
SAL20250067714,2025-07-27,STR006,PRD00096,1,1587.91,0.0,1587.91,1154.69,UPI,Regular
SAL20250067715,2025-07-17,STR020,PRD00921,1,3248.47,0.05,3086.05,1833.94,Credit Card,Premium
SAL20250067716,2025-07-07,STR033,PRD00296,2,250.04,0.0,500.08,243.26,Debit Card,Walk-in
SAL20250067717,2025-07-10,STR037,PRD00926,3,683.78,0.0,2051.34,1443.75,Debit Card,Walk-in
SAL20250067718,2025-07-15,STR019,PRD00598,1,173.87,0.0,173.87,122.49,UPI,Walk-in
SAL20250067719,2025-07-18,STR011,PRD00501,1,707.96,0.0,707.96,547.35,Credit Card,Regular
SAL20250067720,2025-07-08,STR037,PRD00686,3,3692.38,0.05,10523.28,6341.49,UPI,Regular
SAL20250067721,2025-07-22,STR029,PRD00849,4,315.58,0.0,1262.32,847.12,Debit Card,Regular
SAL20250067722,2025-07-28,STR037,PRD01019,1,948.07,0.0,948.07,489.75,UPI,Regular
SAL20250067723,2025-07-25,STR032,PRD00210,1,8463.87,0.05,8040.68,5533.2,UPI,Regular
SAL20250067724,2025-07-04,STR001,PRD00114,1,17643.2,0.0,17643.2,12306.0,UPI,Walk-in
SAL20250067725,2025-07-30,STR034,PRD00081,2,19888.54,0.0,39777.08,26212.76,Credit Card,Regular
SAL20250067726,2025-07-09,STR038,PRD00186,1,7826.08,0.0,7826.08,5124.89,Debit Card,Regular
SAL20250067727,2025-07-03,STR007,PRD00931,4,1839.81,0.0,7359.24,4987.52,UPI,Walk-in
SAL20250067728,2025-07-19,STR041,PRD00056,1,11452.31,0.0,11452.31,8581.01,Credit Card,Regular
SAL20250067729,2025-07-16,STR025,PRD00469,4,499.21,0.0,1996.84,1557.8,UPI,Regular
SAL20250067730,2025-07-21,STR032,PRD00017,3,6386.7,0.0,19160.1,13514.94,UPI,Walk-in
SAL20250067731,2025-07-07,STR037,PRD01160,4,7696.75,0.0,30787.0,13963.36,UPI,Walk-in
SAL20250067732,2025-07-17,STR002,PRD01180,3,9129.62,0.0,27388.86,12731.43,Debit Card,Walk-in
SAL20250067733,2025-07-28,STR033,PRD00358,1,873.37,0.0,873.37,466.67,Credit Card,Regular
SAL20250067734,2025-07-26,STR019,PRD00578,1,577.23,0.05,548.37,422.81,Debit Card,Walk-in
SAL20250067735,2025-07-17,STR021,PRD00285,1,1499.26,0.1,1349.33,768.76,Credit Card,Regular
SAL20250067736,2025-07-30,STR013,PRD01157,1,8076.82,0.0,8076.82,4265.41,Debit Card,Premium
SAL20250067737,2025-07-10,STR009,PRD00485,1,693.22,0.05,658.56,593.15,UPI,Premium
SAL20250067738,2025-07-28,STR041,PRD01133,1,8197.9,0.0,8197.9,3765.02,Debit Card,Regular
SAL20250067739,2025-07-13,STR006,PRD00401,1,743.9,0.0,743.9,628.4,Net Banking,Regular
SAL20250067740,2025-07-22,STR019,PRD00375,1,650.42,0.0,650.42,365.06,Debit Card,Walk-in
SAL20250067741,2025-07-20,STR032,PRD00781,1,2809.53,0.05,2669.05,2070.84,Credit Card,Walk-in
SAL20250067742,2025-07-12,STR006,PRD00529,1,569.27,0.0,569.27,490.31,Debit Card,Regular
SAL20250067743,2025-07-27,STR009,PRD00371,2,199.9,0.0,399.8,226.9,UPI,Walk-in
SAL20250067744,2025-07-30,STR024,PRD00022,1,22149.39,0.0,22149.39,16337.37,Credit Card,Walk-in
SAL20250067745,2025-02-30,STR019,PRD00255,1,3159.1,0.1,2843.19,2283.27,Credit Card,Regular
SAL20250067746,2025-07-01,STR019,PRD01027,2,412.95,0.1,743.31,451.44,Credit Card,Premium
SAL20250067747,2025-07-06,STR014,PRD01160,1,7696.75,0.0,7696.75,3490.84,UPI,Walk-in
SAL20250067748,2025-07-23,STR023,PRD00773,2,733.06,0.0,1466.12,1036.9,UPI,Regular
SAL20250067749,2025-07-23,STR012,PRD01143,1,5565.18,0.0,5565.18,3157.32,UPI,Walk-in
SAL20250067750,2025-07-19,STR027,PRD00478,2,959.84,0.0,1919.68,1624.52,Net Banking,Walk-in
SAL20250067751,2025-07-26,STR006,PRD00661,2,443.39,0.0,886.78,567.36,Credit Card,Regular
SAL20250067752,2025-07-04,STR011,PRD00636,2,685.82,0.0,1371.64,904.88,Debit Card,Regular
SAL20250067753,2025-07-10,STR002,PRD00027,1,21177.44,0.0,21177.44,15886.64,Credit Card,Regular
SAL20250067754,2025-07-28,STR020,PRD01035,1,199.19,0.0,199.19,125.07,Credit Card,Corporate
SAL20250067755,2025-07-10,STR036,PRD00911,1,807.88,0.1,727.09,602.2,Credit Card,Regular
SAL20250067756,2025-07-07,STR015,PRD00494,1,893.47,0.0,893.47,682.73,Cash,Regular
SAL20250067757,2025-07-30,STR006,PRD00386,1,1129.86,0.0,1129.86,720.78,UPI,Regular
SAL20250067758,2025-07-18,STR031,PRD00321,2,1442.95,0.0,2885.9,1430.98,Debit Card,Walk-in
SAL20250067759,2025-07-12,STR013,PRD01080,1,1721.88,0.0,1721.88,771.73,UPI,Regular
SAL20250067760,2025-07-17,STR020,PRD00750,2,3884.81,0.0,7769.62,4289.96,Credit Card,Regular
SAL20250067761,2025-07-29,STR010,PRD00273,2,1306.29,0.0,2612.58,1517.74,UPI,Regular
SAL20250067762,2025-07-10,STR029,PRD00931,1,1839.81,0.0,1839.81,1246.88,Debit Card,Walk-in
SAL20250067763,2025-07-14,STR002,PRD01006,1,849.47,0.1,764.52,606.69,UPI,Walk-in
SAL20250067764,2025-07-02,STR034,PRD00194,1,5905.12,0.0,5905.12,4140.26,Cash,Regular
SAL20250067765,2025-07-29,STR022,PRD01086,2,5541.98,0.0,11083.96,6444.84,Cash,Walk-in
SAL20250067766,2025-07-02,STR009,PRD00411,1,779.25,0.0,779.25,631.85,Credit Card,Regular
SAL20250067767,2025-07-05,STR027,PRD00423,3,256.23,0.05,730.26,641.7,Debit Card,Regular
SAL20250067768,2025-07-02,STR034,PRD00331,2,133.4,0.0,266.8,179.66,UPI,Walk-in
SAL20250067769,2025-07-02,STR012,PRD00310,2,607.97,0.1,1094.35,607.48,UPI,Corporate
SAL20250067770,2025-07-18,STR030,PRD00714,1,1837.1,0.0,1837.1,1348.01,Debit Card,Regular
SAL20250067771,2025-07-14,STR019,PRD00429,2,725.58,0.1,1306.04,1100.02,UPI,Regular
SAL20250067772,2025-07-14,STR024,PRD00472,2,554.85,0.0,1109.7,889.8,UPI,Walk-in
SAL20250067773,2025-07-05,STR005,PRD00643,1,345.09,0.0,345.09,217.6,Cash,Walk-in
SAL20250067774,2025-07-07,STR004,PRD00126,1,8140.39,0.1,7326.35,6131.32,Net Banking,Regular
SAL20250067775,2025-07-28,STR027,PRD01008,3,227.58,0.0,682.74,426.0,Credit Card,Regular
SAL20250067776,2025-07-22,STR038,PRD00119,1,21410.34,0.0,21410.34,16034.57,UPI,Premium
SAL20250067777,2025-07-22,STR023,PRD00153,1,12724.66,0.0,12724.66,7922.12,Cash,Walk-in
SAL20250067778,2025-07-09,STR013,PRD01148,4,584.33,0.0,2337.32,965.92,Credit Card,Walk-in
SAL20250067779,2025-07-01,STR041,PRD01196,1,1369.18,0.0,1369.18,596.89,UPI,Corporate
SAL20250067780,2025-07-17,STR029,PRD00814,2,3265.17,0.0,6530.34,3778.74,UPI,Regular
SAL20250067781,2025-07-28,STR039,PRD00129,2,19597.62,0.0,39195.24,30526.3,Credit Card,Walk-in
SAL20250067782,2025-07-24,STR023,PRD00882,4,3706.7,0.1,13344.12,8751.72,Net Banking,Regular
SAL20250067783,2025-07-10,STR003,PRD00328,1,1206.9,0.0,1206.9,619.01,Credit Card,Walk-in
SAL20250067784,2025-07-02,STR009,PRD00880,2,430.21,0.05,817.4,587.88,UPI,Corporate
SAL20250067785,2025-07-23,STR003,PRD00223,1,11271.43,0.0,11271.43,7014.79,Cash,Walk-in
SAL20250067786,2025-07-06,STR005,PRD00181,1,4428.73,0.0,4428.73,3239.36,UPI,Regular
SAL20250067787,2025-07-27,STR027,PRD00649,10,333.14,0.0,3331.4,2389.6,UPI,Walk-in
SAL20250067788,2025-07-04,STR036,PRD00004,2,18331.36,0.0,36662.72,29483.46,Net Banking,Walk-in
SAL20250067789,2025-07-15,STR007,PRD00220,1,5859.46,0.0,5859.46,4561.44,UPI,Walk-in
SAL20250067790,2025-07-20,STR010,PRD00148,1,6813.06,0.0,6813.06,4694.28,Debit Card,Regular
SAL20250067791,2025-07-31,STR021,PRD01127,2,730.99,0.0,1461.98,638.78,Cash,Regular
SAL20250067792,2025-07-23,STR017,PRD00233,1,9134.67,0.0,9134.67,7104.84,UPI,Premium
SAL20250067793,2025-07-20,STR018,PRD00878,1,1229.84,0.0,1229.84,796.56,Net Banking,Regular
SAL20250067794,2025-07-31,STR036,PRD01006,2,849.47,0.0,1698.94,1213.38,Debit Card,Regular
SAL20250067795,2025-07-28,STR020,PRD00553,4,150.28,0.0,601.12,348.44,Net Banking,Premium
SAL20250067796,2025-07-24,STR039,PRD00035,2,7229.47,0.0,14458.94,9778.56,Cash,Regular
SAL20250067797,2025-07-30,STR018,PRD00615,10,478.74,0.0,4787.4,3393.4,Cash,Regular
SAL20250067798,2025-07-15,STR028,PRD01168,2,4286.69,0.0,8573.38,4948.08,Net Banking,Regular
SAL20250067799,2025-07-20,STR019,PRD00040,2,26675.54,0.0,53351.08,34974.02,Debit Card,Regular
SAL20250067800,2025-07-08,STR002,PRD01061,1,1015.91,0.05,965.11,535.53,Debit Card,Premium
SAL20250067801,2025-07-03,STR041,PRD00923,1,3811.45,0.05,3620.88,2262.33,UPI,Regular
SAL20250067802,2025-07-14,STR019,PRD00485,1,693.22,0.0,693.22,593.15,UPI,Regular
SAL20250067803,2025-07-17,STR033,PRD00869,2,3787.4,0.0,7574.8,4732.8,UPI,Regular
SAL20250067804,2025-07-26,STR032,PRD00311,1,936.08,0.0,936.08,578.34,UPI,Regular
SAL20250067805,2025-07-20,STR032,PRD01142,1,3878.91,0.0,3878.91,2264.79,Cash,Walk-in
SAL20250067806,2025-07-06,STR011,PRD01183,2,7827.71,0.0,15655.42,6664.0,UPI,Regular
SAL20250067807,2025-07-25,STR001,PRD00407,3,687.91,0.0,2063.73,1600.2,Cash,Premium
SAL20250067808,2025-07-08,STR027,PRD00191,1,7660.03,0.0,7660.03,5198.25,Credit Card,Regular
SAL20250067809,2025-07-14,STR023,PRD01006,1,849.47,0.0,849.47,606.69,Cash,Corporate
SAL20250067810,2025-07-10,STR034,PRD00396,1,713.53,0.0,713.53,454.7,Credit Card,Regular
SAL20250067811,2025-07-16,STR019,PRD00218,1,7357.64,0.0,7357.64,5051.02,UPI,Regular
SAL20250067812,2025-07-10,STR021,PRD00495,1,212.14,0.0,212.14,164.27,UPI,Walk-in
SAL20250067813,2025-07-29,STR012,PRD00572,2,728.84,0.1,1311.91,937.68,Cash,Walk-in
SAL20250067814,2025-07-29,STR007,PRD00016,2,12816.4,0.05,24351.16,18867.14,Credit Card,Corporate
SAL20250067815,2025-07-01,STR034,PRD00066,1,7423.58,0.0,7423.58,5820.76,Cash,Premium
SAL20250067816,2025-07-13,STR006,PRD01140,1,5750.16,0.1,5175.14,3316.46,UPI,Regular
SAL20250067817,2025-07-15,STR022,PRD01046,2,946.12,0.05,1797.63,1052.58,Debit Card,Corporate
SAL20250067818,2025-07-01,STR009,PRD00229,1,2013.93,0.05,1913.23,1348.9,UPI,Premium
SAL20250067819,2025-07-09,STR010,PRD00692,2,1997.13,0.05,3794.55,2891.8,Credit Card,Regular
SAL20250067820,2025-07-28,STR019,PRD00570,1,376.39,0.0,376.39,268.57,Cash,Walk-in
SAL20250067821,2025-07-18,STR025,PRD00720,1,3749.56,0.1,3374.6,2104.95,Credit Card,Regular
SAL20250067822,2025-07-18,STR007,PRD00869,1,3787.4,0.0,3787.4,2366.4,Net Banking,Premium
SAL20250067823,2025-07-18,STR023,PRD01055,4,428.04,0.1,1540.94,1066.28,UPI,Premium
SAL20250067824,2025-07-12,STR001,PRD00530,1,663.27,0.0,663.27,562.07,UPI,Walk-in
SAL20250067825,2025-07-26,STR026,PRD00544,1,114.7,0.0,114.7,82.74,UPI,Walk-in
SAL20250067826,2025-07-09,STR013,PRD00708,3,2849.79,0.0,8549.37,5649.45,Credit Card,Regular
SAL20250067827,2025-07-29,STR029,PRD00445,3,417.63,0.0,1252.89,1005.81,Credit Card,Corporate
SAL20250067828,2025-07-04,STR039,PRD00485,6,693.22,0.0,4159.32,3558.9,UPI,Walk-in
SAL20250067829,2025-07-13,STR007,PRD00714,1,1837.1,0.0,1837.1,1348.01,Net Banking,Regular
SAL20250067830,2025-07-16,STR041,PRD00906,1,3449.48,0.0,3449.48,2116.22,Debit Card,Premium
SAL20250067831,2025-07-31,STR007,PRD00128,1,13672.72,0.0,13672.72,8963.81,Credit Card,Regular
SAL20250067832,2025-07-31,STR009,PRD00668,4,302.1,0.0,1208.4,866.16,UPI,Walk-in
SAL20250067833,2025-07-08,STR017,PRD00275,2,1560.95,0.0,3121.9,1695.8,Credit Card,Regular
SAL20250067834,2025-07-14,STR027,PRD01041,1,954.2,0.05,906.49,532.81,Credit Card,Walk-in
SAL20250067835,2025-07-29,STR037,PRD00825,1,2419.3,0.0,2419.3,1402.49,UPI,Walk-in
SAL20250067836,2025-07-10,STR008,PRD00291,1,469.9,0.0,469.9,279.76,UPI,Walk-in
SAL20250067837,2025-07-11,STR017,PRD00739,1,2279.96,0.0,2279.96,1541.42,Cash,Premium
SAL20250067838,2025-07-03,STR029,PRD00532,3,1039.03,0.0,3117.09,2426.58,UPI,Regular
SAL20250067839,2025-07-25,STR015,PRD00338,1,1223.61,0.0,1223.61,688.23,Credit Card,Regular
SAL20250067840,2025-07-25,STR041,PRD00056,1,11452.31,0.0,11452.31,8581.01,Credit Card,Regular
SAL20250067841,2025-07-23,STR010,PRD00829,1,2093.34,0.0,2093.34,1538.87,Credit Card,Premium
SAL20250067842,2025-07-19,STR016,PRD01162,2,3657.07,0.0,7314.14,4034.58,Net Banking,Walk-in
SAL20250067843,2025-07-15,STR032,PRD00904,3,2811.36,0.0,8434.08,5579.91,UPI,Regular
SAL20250067844,2025-07-25,STR027,PRD00806,1,330.79,0.0,330.79,186.63,Credit Card,Regular
SAL20250067845,2025-07-26,STR001,PRD00161,1,9190.04,0.0,9190.04,7015.28,UPI,Regular
SAL20250067846,2025-07-18,STR030,PRD00847,1,2294.5,0.0,2294.5,1617.12,Net Banking,Premium
SAL20250067847,2025-07-24,STR029,PRD00476,1,645.16,0.05,612.9,543.18,UPI,Walk-in
SAL20250067848,2025-07-04,STR010,PRD01084,1,10498.54,0.0,10498.54,4211.39,UPI,Premium
SAL20250067849,2025-07-20,STR022,PRD00040,1,26675.54,0.0,26675.54,17487.01,Credit Card,Walk-in
SAL20250067850,2025-07-02,STR035,PRD00297,2,1248.97,0.0,2497.94,1262.12,Credit Card,Walk-in
SAL20250067851,2025-07-13,STR020,PRD00756,1,3090.95,0.0,3090.95,2208.4,UPI,Walk-in
SAL20250067852,2025-07-11,STR013,PRD00490,1,177.23,0.0,177.23,138.31,UPI,Premium
SAL20250067853,2025-07-16,STR025,PRD00153,1,12724.66,0.0,12724.66,7922.12,Credit Card,Premium
SAL20250067854,2025-07-01,STR012,PRD00474,3,108.22,0.1,292.19,268.11,Debit Card,Corporate
SAL20250067855,2025-07-28,STR040,PRD00797,1,567.41,0.0,567.41,411.41,Credit Card,Walk-in
SAL20250067856,2025-07-09,STR006,PRD00860,1,694.13,0.0,694.13,417.51,UPI,Regular
SAL20250067857,2025-07-01,STR019,PRD00850,2,1897.52,0.0,3795.04,2470.14,Cash,Regular
SAL20250067858,2025-07-19,STR001,PRD00062,1,21073.23,0.0,21073.23,13798.59,Credit Card,Walk-in
SAL20250067859,2025-07-13,STR003,PRD00047,1,27210.89,0.0,27210.89,17922.95,UPI,Regular
SAL20250067860,2025-07-25,STR014,PRD00695,2,2280.88,0.0,4561.76,2552.92,Debit Card,Walk-in
SAL20250067861,2025-07-30,STR005,PRD00582,2,535.32,0.1,963.58,770.0,Credit Card,Regular
SAL20250067862,2025-07-05,STR002,PRD00771,1,2601.02,0.0,2601.02,1436.13,Credit Card,Regular
SAL20250067863,2025-07-30,STR034,PRD01016,2,253.56,0.0,507.12,322.8,UPI,Regular
SAL20250067864,2025-07-20,STR023,PRD00690,1,3635.92,0.0,3635.92,2397.42,UPI,Regular
SAL20250067865,2025-07-18,STR022,PRD00371,1,199.9,0.0,199.9,113.45,UPI,Walk-in
SAL20250067866,2025-07-22,STR007,PRD00591,5,500.81,0.0,2504.05,1818.65,Debit Card,Regular
SAL20250067867,2025-07-31,STR009,PRD00145,1,2570.9,0.0,2570.9,1687.81,Cash,Regular
SAL20250067868,2025-07-26,STR033,PRD01052,2,462.25,0.0,924.5,646.0,UPI,Walk-in
SAL20250067869,2025-07-14,STR019,PRD00607,3,313.72,0.0,941.16,544.05,UPI,Walk-in
SAL20250067870,2025-07-15,STR025,PRD00943,2,787.16,0.0,1574.32,1064.88,Cash,Walk-in
SAL20250067871,2025-07-30,STR006,PRD00065,1,10562.87,0.0,10562.87,8152.93,Debit Card,Premium
SAL20250067872,2025-07-14,STR035,PRD00739,3,2279.96,0.0,6839.88,4624.26,UPI,Regular
SAL20250067873,2025-07-07,STR027,PRD00526,10,712.58,0.0,7125.8,5922.4,UPI,Regular
SAL20250067874,2025-07-02,STR040,PRD00207,2,9083.73,0.1,16350.71,13484.28,Credit Card,Regular
SAL20250067875,2025-07-21,STR003,PRD01175,2,2568.19,0.0,5136.38,3145.4,UPI,Regular
SAL20250067876,2025-07-27,STR012,PRD01005,2,682.39,0.0,1364.78,951.4,Debit Card,Walk-in
SAL20250067877,2025-07-12,STR020,PRD00476,3,645.16,0.0,1935.48,1629.54,UPI,Premium
SAL20250067878,2025-07-06,STR001,PRD00338,1,1223.61,0.0,1223.61,688.23,Credit Card,Walk-in
SAL20250067879,2025-07-22,STR015,PRD00231,1,9171.94,0.05,8713.34,6705.09,Debit Card,Walk-in
SAL20250067880,2025-07-04,STR021,PRD00467,2,528.8,0.0,1057.6,906.1,UPI,Regular
SAL20250067881,2025-07-15,STR006,PRD00666,2,224.43,0.1,403.97,325.42,Debit Card,Regular
SAL20250067882,2025-07-27,STR026,PRD00038,2,2962.9,0.0,5925.8,4227.06,Debit Card,Regular
SAL20250067883,2025-07-21,STR012,PRD00571,3,201.22,0.0,603.66,430.47,Cash,Regular
SAL20250067884,2025-07-08,STR032,PRD00306,2,1349.3,0.1,2428.74,1543.88,Net Banking,Regular
SAL20250067885,2025-07-21,STR030,PRD00507,1,259.46,0.0,259.46,215.35,Debit Card,Regular
SAL20250067886,2025-07-26,STR030,PRD00294,4,1047.83,0.0,4191.32,2612.16,Cash,Walk-in
SAL20250067887,2025-07-09,STR015,PRD00924,3,261.16,0.0,783.48,583.5,UPI,Regular
SAL20250067888,2025-07-09,STR030,PRD00948,3,38.1,0.05,108.59,79.65,Debit Card,Regular
SAL20250067889,2025-07-01,STR028,PRD00742,1,3993.24,0.0,3993.24,2368.26,Debit Card,Walk-in
SAL20250067890,2025-07-02,STR017,PRD00970,2,370.51,0.0,741.02,479.54,Credit Card,Premium
SAL20250067891,2025-07-14,STR004,PRD00668,2,302.1,0.0,604.2,433.08,Credit Card,Walk-in
SAL20250067892,2025-07-22,STR003,PRD00176,1,4757.11,0.1,4281.4,2887.26,Credit Card,Regular
SAL20250067893,2025-07-19,STR023,PRD00549,3,585.62,0.0,1756.86,1147.2,UPI,Regular
SAL20250067894,2025-07-18,STR040,PRD00389,1,1606.86,0.0,1606.86,739.96,Cash,Walk-in
SAL20250067895,2025-07-07,STR027,PRD00093,1,12459.16,0.0,12459.16,9704.07,Credit Card,Premium
SAL20250067896,2025-07-20,STR038,PRD01189,1,5263.0,0.05,4999.85,2237.37,Debit Card,Regular
SAL20250067897,2025-07-19,STR020,PRD01059,1,553.69,0.0,553.69,368.36,Credit Card,Premium
SAL20250067898,2025-07-05,STR032,PRD00134,1,19404.79,0.1,17464.31,14953.78,Net Banking,Walk-in
SAL20250067899,2025-07-14,STR040,PRD01064,1,155.0,0.05,147.25,78.63,Cash,Premium
SAL20250067900,2025-07-24,STR039,PRD00864,1,1725.02,0.0,1725.02,1118.06,Net Banking,Regular
SAL20250067901,2025-07-22,STR018,PRD00718,3,2341.08,0.1,6320.92,5027.97,Cash,Walk-in
SAL20250067902,2025-07-30,STR018,PRD00378,2,667.36,0.05,1267.98,731.08,Cash,Regular
SAL20250067903,2025-07-15,STR015,PRD00370,1,676.23,0.0,676.23,451.33,Debit Card,Walk-in
SAL20250067904,2025-07-07,STR033,PRD00857,3,3027.87,0.0,9083.61,6482.52,Credit Card,Walk-in
SAL20250067905,2025-07-19,STR008,PRD01179,2,3455.57,0.0,6911.14,4149.04,Credit Card,Walk-in
SAL20250067906,2025-07-13,STR007,PRD00538,2,57.89,0.0,115.78,83.56,Debit Card,Regular
SAL20250067907,2025-07-03,STR003,PRD00933,1,3527.61,0.0,3527.61,2180.3,UPI,Regular
SAL20250067908,2025-07-22,STR011,PRD00575,2,90.77,0.1,163.39,134.16,Cash,Regular
SAL20250067909,2025-07-25,STR029,PRD00139,1,2949.49,0.0,2949.49,1812.36,UPI,Walk-in
SAL20250067910,2025-07-16,,PRD00450,2,377.7,0.0,755.4,581.08,UPI,Premium
SAL20250067911,2025-07-15,STR035,PRD00758,3,4375.02,0.0,13125.06,9504.81,Net Banking,Regular
SAL20250067912,2025-07-06,STR036,PRD00473,4,113.62,0.0,454.48,379.32,Credit Card,Regular
SAL20250067913,2025-07-18,STR039,PRD00421,4,579.98,0.0,2319.92,1946.0,Debit Card,Premium
SAL20250067914,2025-07-21,STR039,PRD01030,1,525.24,0.0,525.24,317.57,Credit Card,Walk-in
SAL20250067915,2025-07-01,STR023,PRD00208,3,2761.76,0.0,8285.28,6153.9,Credit Card,Regular
SAL20250067916,2025-07-15,STR020,PRD01194,1,6442.41,0.0,6442.41,3885.18,UPI,Walk-in
SAL20250067917,2025-07-22,STR032,PRD00669,4,3235.01,0.05,12293.04,7547.04,UPI,Walk-in
SAL20250067918,2025-07-21,STR040,PRD00475,2,749.71,0.1,1349.48,1137.92,UPI,Corporate
SAL20250067919,2025-07-19,STR006,PRD00231,1,9171.94,0.0,9171.94,6705.09,Net Banking,Regular
SAL20250067920,2025-07-13,STR039,PRD00831,1,2902.42,0.0,2902.42,1993.17,UPI,Walk-in
SAL20250067921,2025-07-09,STR004,PRD00934,3,3207.23,0.0,9621.69,5433.21,UPI,Premium
SAL20250067922,2025-07-19,STR007,PRD00767,2,2122.92,0.05,4033.55,3114.28,UPI,Regular
SAL20250067923,2025-07-08,STR023,PRD00055,1,18236.77,0.0,18236.77,12233.04,UPI,Walk-in
SAL20250067924,2025-07-08,STR014,PRD00480,-6,103.25,0.0,-619.5,517.02,UPI,Premium
SAL20250067925,2025-07-14,STR003,PRD01115,2,4843.87,0.0,9687.74,4808.7,Credit Card,Corporate
SAL20250067926,2025-07-05,STR002,PRD00057,1,2490.08,0.0,2490.08,2005.73,UPI,Regular
SAL20250067927,2025-07-12,STR028,PRD00665,4,157.57,0.0,630.28,412.56,Credit Card,Walk-in
SAL20250067928,2025-07-19,STR018,PRD00029,1,24663.79,0.05,23430.6,16157.43,Net Banking,Regular
SAL20250067929,2025-07-24,STR005,PRD00695,2,2280.88,0.05,4333.67,2552.92,UPI,Walk-in
SAL20250067930,2025-07-24,STR021,PRD01074,1,6150.42,0.05,5842.9,3269.15,UPI,Walk-in
SAL20250067931,2025-07-07,STR039,PRD01149,1,4599.19,0.0,4599.19,2334.77,Debit Card,Regular
SAL20250067932,2025-07-26,STR028,PRD00216,1,11614.64,0.05,11033.91,7226.78,UPI,Regular
SAL20250067933,2025-07-08,STR027,PRD00865,1,2254.56,0.0,2254.56,1423.93,Cash,Walk-in
SAL20250067934,2025-07-28,STR022,PRD01085,3,7889.14,0.0,23667.42,12408.87,Credit Card,Walk-in
SAL20250067935,2025-07-11,STR011,PRD00141,1,2559.21,0.0,2559.21,1944.29,UPI,Walk-in
SAL20250067936,2025-07-24,STR037,PRD01000,2,495.66,0.0,991.32,691.74,Debit Card,Regular
SAL20250067937,2025-07-12,STR040,PRD00355,1,304.11,0.1,273.7,163.8,Cash,Walk-in
SAL20250067938,2025-07-08,STR002,PRD01020,3,560.55,0.05,1597.57,1085.91,Credit Card,Walk-in
SAL20250067939,2025-07-06,STR026,PRD00442,1,148.56,0.0,148.56,119.7,UPI,Premium
SAL20250067940,2025-07-25,STR036,PRD01118,2,5734.69,0.0,11469.38,6742.2,Cash,Walk-in
SAL20250067941,2025-07-23,STR030,PRD00305,1,1134.36,0.1,1020.92,615.3,UPI,Walk-in
SAL20250067942,2025-07-08,STR029,PRD00018,1,13116.16,0.0,13116.16,9769.19,UPI,Walk-in
SAL20250067943,2025-07-08,STR008,PRD00781,1,2809.53,0.0,2809.53,2070.84,Credit Card,Walk-in
SAL20250067944,2025-07-12,STR025,PRD00297,1,1248.97,0.0,1248.97,631.06,Debit Card,Walk-in
SAL20250067945,2025-07-03,STR034,PRD00870,1,2808.24,0.0,2808.24,1618.68,Credit Card,Premium
SAL20250067946,2025-07-30,STR037,PRD00625,3,629.94,0.0,1889.82,1298.73,Debit Card,Walk-in
SAL20250067947,2025-07-23,STR030,PRD00660,3,324.23,0.0,972.69,714.12,UPI,Walk-in
SAL20250067948,2025-07-08,STR025,PRD00378,3,667.36,0.1,1801.87,1096.62,Net Banking,Regular
SAL20250067949,2025-07-10,STR014,PRD00398,1,358.79,0.0,358.79,173.35,UPI,Regular
SAL20250067950,2025-07-01,STR022,PRD00764,1,3332.71,0.0,3332.71,1836.11,UPI,Regular
SAL20250067951,2025-07-21,STR025,PRD00752,4,4535.72,0.05,17235.74,12091.56,UPI,Walk-in
SAL20250067952,2025-07-02,STR018,PRD00993,2,168.95,0.0,337.9,173.84,UPI,Regular
SAL20250067953,2025-07-28,STR035,PRD01127,1,730.99,0.0,730.99,319.39,UPI,Walk-in
SAL20250067954,2025-07-10,STR032,PRD00911,1,807.88,0.05,767.49,602.2,Net Banking,Walk-in
SAL20250067955,2025-07-01,STR032,PRD00525,1,76.55,0.05,72.72,66.45,Credit Card,Regular
SAL20250067956,2025-07-27,STR030,PRD00481,2,391.79,0.0,783.58,633.52,Credit Card,Regular
SAL20250067957,2025-07-30,STR033,PRD00156,1,1591.76,0.0,1591.76,1231.95,Net Banking,Regular
SAL20250067958,2025-07-22,STR013,PRD00419,2,950.16,0.0,1900.32,1527.84,UPI,Walk-in
SAL20250067959,2025-07-23,STR036,PRD00272,1,610.52,0.1,549.47,344.72,Credit Card,Regular
SAL20250067960,2025-07-09,STR023,PRD00828,1,765.4,0.0,765.4,443.0,Cash,Regular
SAL20250067961,2025-07-02,STR002,PRD00800,2,478.19,0.0,956.38,649.18,UPI,Regular
SAL20250067962,2025-07-24,STR017,PRD00241,1,7381.55,0.0,7381.55,5583.94,Debit Card,Walk-in
SAL20250067963,2025-07-27,STR012,PRD00448,6,612.68,0.0,3676.08,3111.36,UPI,Regular
SAL20250067964,2025-07-08,STR014,PRD00011,1,13229.12,0.0,13229.12,9834.69,Debit Card,Regular
SAL20250067965,2025-07-17,STR036,PRD00990,4,577.78,0.0,2311.12,1403.16,Credit Card,Regular
SAL20250067966,2025-07-02,STR011,PRD01015,1,771.47,0.0,771.47,541.12,Cash,Regular
SAL20250067967,2025-07-04,STR011,PRD00786,2,2271.94,0.0,4543.88,3066.98,Credit Card,Regular
SAL20250067968,2025-07-10,STR035,PRD01160,1,7696.75,0.0,7696.75,3490.84,Debit Card,Walk-in
SAL20250067969,2025-07-15,STR039,PRD00729,1,3595.95,0.0,3595.95,2557.72,UPI,Walk-in
SAL20250067970,2025-07-01,STR014,PRD00454,5,238.81,0.0,1194.05,911.5,UPI,Walk-in
SAL20250067971,2025-07-22,STR027,PRD00675,3,1206.06,0.05,3437.27,2275.29,Cash,Walk-in
SAL20250067972,2025-07-10,STR036,PRD01137,4,2009.09,0.05,7634.54,4297.08,Net Banking,Premium
SAL20250067973,2025-07-16,STR009,PRD00078,1,9036.37,0.0,9036.37,6491.36,UPI,Premium
SAL20250067974,2025-07-05,STR002,PRD00675,1,1206.06,0.0,1206.06,758.43,Credit Card,Regular
SAL20250067975,2025-07-02,STR023,PRD00847,2,2294.5,0.0,4589.0,3234.24,Credit Card,Regular
SAL20250067976,2025-07-16,STR037,PRD00309,2,1344.75,0.0,2689.5,1274.3,Debit Card,Regular
SAL20250067977,2025-07-12,STR019,PRD00989,2,922.35,0.0,1844.7,1184.22,UPI,Regular
SAL20250067978,2025-07-23,STR007,PRD00596,4,666.12,0.0,2664.48,1591.64,Credit Card,Premium
SAL20250067979,2025-07-11,STR011,PRD01174,2,4967.43,0.0,9934.86,5329.94,Credit Card,Walk-in
SAL20250067980,2025-07-12,STR024,PRD00808,1,2998.33,0.0,2998.33,1813.97,Cash,Regular
SAL20250067981,2025-07-21,STR028,PRD00911,1,807.88,0.0,807.88,602.2,UPI,Regular
SAL20250067982,2025-07-25,STR014,PRD00810,1,406.14,0.0,406.14,261.1,Debit Card,Walk-in
SAL20250067983,2025-07-07,STR004,PRD00665,1,157.57,0.05,149.69,103.14,Credit Card,Walk-in
SAL20250067984,2025-07-09,STR011,PRD00799,2,3907.93,0.1,7034.27,4917.16,UPI,Regular
SAL20250067985,2025-07-21,STR018,PRD00690,1,3635.92,0.05,3454.12,2397.42,Debit Card,Walk-in
SAL20250067986,2025-07-25,STR016,PRD00946,2,937.06,0.05,1780.41,1051.16,Net Banking,Walk-in
SAL20250067987,2025-07-02,STR011,PRD00010,1,14520.45,0.0,14520.45,11774.44,UPI,Premium
SAL20250067988,2025-07-31,STR017,PRD00793,2,2445.38,0.0,4890.76,2810.82,UPI,Walk-in
SAL20250067989,2025-07-22,STR025,PRD00694,1,3202.51,0.1,2882.26,2319.01,UPI,Walk-in
SAL20250067990,2025-07-30,STR017,PRD00962,1,708.41,0.0,708.41,395.68,UPI,Regular
SAL20250067991,2025-07-21,STR020,PRD00341,2,977.08,0.0,1954.16,1211.12,Credit Card,Premium
SAL20250067992,2025-07-23,STR014,PRD00650,5,429.23,0.0,2146.15,1246.55,UPI,Premium
SAL20250067993,2025-07-12,STR010,PRD00622,2,644.0,0.0,1288.0,799.58,Cash,Regular
SAL20250067994,2025-07-13,STR032,PRD00719,1,4808.67,0.0,4808.67,2759.21,Cash,Walk-in
SAL20250067995,2025-07-16,STR009,PRD01069,1,2127.71,0.0,2127.71,1083.85,Debit Card,Premium
SAL20250067996,2025-07-20,STR020,PRD00660,1,324.23,0.0,324.23,238.04,Debit Card,Regular
SAL20250067997,2025-07-21,STR041,PRD00486,1,161.3,0.05,153.24,123.55,UPI,Regular
SAL20250067998,2025-07-04,STR009,PRD00513,5,111.04,0.0,555.2,463.8,Cash,Regular
SAL20250067999,2025-07-23,STR003,PRD01179,1,3455.57,0.0,3455.57,2074.52,UPI,Regular
SAL20250068000,2025-07-29,STR001,PRD00641,2,499.93,0.0,999.86,666.24,UPI,Regular
SAL20250068001,2025-07-28,STR012,PRD00535,2,314.95,0.0,629.9,448.56,Credit Card,Walk-in
SAL20250068002,2025-07-18,STR032,PRD00412,3,576.41,0.0,1729.23,1364.25,Debit Card,Premium
SAL20250068003,2025-07-09,STR008,PRD00901,1,3120.68,0.0,3120.68,2071.57,UPI,Regular
SAL20250068004,2025-07-10,STR008,PRD00649,3,333.14,0.0,999.42,716.88,Debit Card,Premium
SAL20250068005,2025-07-31,STR002,PRD01187,2,5464.91,0.0,10929.82,6709.98,UPI,Walk-in
SAL20250068006,2025-07-08,STR007,PRD00227,1,5367.28,0.0,5367.28,3567.65,Debit Card,Walk-in
SAL20250068007,2025-07-07,STR003,PRD00727,1,737.62,0.1,663.86,442.28,Credit Card,Regular
SAL20250068008,2025-07-24,STR024,PRD00032,2,19217.6,0.05,36513.44,29600.0,UPI,Corporate
SAL20250068009,2025-07-13,STR006,PRD00557,4,210.61,0.0,842.44,537.72,UPI,Regular
SAL20250068010,2025-07-09,STR005,PRD00771,1,2601.02,0.0,2601.02,1436.13,Credit Card,Regular
SAL20250068011,2025-07-03,STR019,PRD00578,3,577.23,0.0,1731.69,1268.43,Cash,Premium
SAL20250068012,2025-07-14,STR018,PRD01058,1,211.57,0.1,190.41,145.02,Credit Card,Regular
SAL20250068013,2025-07-27,STR038,PRD00262,1,10754.4,0.0,10754.4,8063.44,Debit Card,Regular
SAL20250068014,2025-07-06,STR027,PRD00846,2,1551.36,0.0,3102.72,2204.46,UPI,Premium
SAL20250068015,2025-07-29,STR007,PRD00606,1,516.03,0.0,516.03,308.57,UPI,Walk-in
SAL20250068016,2025-07-18,STR002,PRD01077,1,8389.04,0.0,8389.04,3493.39,UPI,Regular
SAL20250068017,2025-07-12,STR015,PRD00464,6,598.64,0.05,3412.25,2750.94,UPI,Regular
SAL20250068018,2025-07-03,STR026,PRD00280,3,605.7,0.0,1817.1,934.11,Credit Card,Regular
SAL20250068019,2025-07-21,STR015,PRD00186,1,7826.08,0.0,7826.08,5124.89,UPI,Regular
SAL20250068020,2025-07-16,STR029,PRD00565,4,107.78,0.0,431.12,245.92,Credit Card,Regular
SAL20250068021,2025-07-18,STR040,PRD00059,1,15692.67,0.0,15692.67,12269.76,UPI,Walk-in
SAL20250068022,2025-07-17,STR002,PRD00314,1,610.16,0.0,610.16,372.41,Credit Card,Walk-in
SAL20250068023,2025-07-31,STR004,PRD00083,1,9369.31,0.0,9369.31,6462.27,Cash,Walk-in
SAL20250068024,2025-07-14,STR001,PRD00901,1,3120.68,0.0,3120.68,2071.57,Credit Card,Walk-in
SAL20250068025,2025-07-09,STR010,PRD00746,2,2299.94,0.0,4599.88,3052.02,UPI,Walk-in
SAL20250068026,2025-07-20,STR019,PRD00039,1,8380.37,0.05,7961.35,6279.95,Credit Card,Regular
SAL20250068027,2025-07-11,STR032,PRD00351,1,802.18,0.0,802.18,503.24,UPI,Regular
SAL20250068028,2025-07-26,STR037,PRD00507,4,259.46,0.0,1037.84,861.4,UPI,Regular
SAL20250068029,2025-07-04,STR014,PRD00094,1,15405.56,0.1,13865.0,12408.34,UPI,Regular
SAL20250068030,2025-07-19,STR020,PRD01187,1,5464.91,0.0,5464.91,3354.99,UPI,Regular
SAL20250068031,2025-07-25,STR036,PRD00683,1,794.15,0.0,794.15,594.03,Debit Card,Premium
SAL20250068032,2025-07-28,STR016,PRD00644,2,812.84,0.1,1463.11,904.78,UPI,Walk-in
SAL20250068033,2025-07-10,STR017,PRD00569,4,219.4,0.1,789.84,573.2,Debit Card,Walk-in
SAL20250068034,2025-07-06,STR032,PRD00223,1,11271.43,0.05,10707.86,7014.79,UPI,Walk-in
SAL20250068035,2025-07-29,STR016,PRD00034,1,761.93,0.0,761.93,520.56,Debit Card,Regular
SAL20250068036,2025-07-07,STR003,PRD00490,5,177.23,0.0,886.15,691.55,UPI,Walk-in
SAL20250068037,2025-07-11,STR009,PRD00228,1,4421.9,0.0,4421.9,2982.31,Credit Card,Walk-in
SAL20250068038,2025-07-22,STR027,PRD00614,4,52.25,0.0,209.0,137.12,Cash,Walk-in
SAL20250068039,2025-07-19,STR025,PRD01120,2,8969.51,0.0,17939.02,8799.92,UPI,Regular
SAL20250068040,2025-07-02,STR039,PRD00562,1,671.35,0.0,671.35,471.47,Net Banking,Walk-in
SAL20250068041,2025-07-13,STR013,PRD00370,2,676.23,0.0,1352.46,902.66,Credit Card,Walk-in
SAL20250068042,2025-07-12,STR032,PRD00885,2,1948.54,0.1,3507.37,2506.78,UPI,Regular
SAL20250068043,2025-07-04,STR007,PRD00598,5,173.87,0.0,869.35,612.45,Net Banking,Corporate
SAL20250068044,2025-07-21,STR016,PRD00638,3,188.95,0.0,566.85,345.63,Credit Card,Regular
SAL20250068045,2025-07-24,STR017,PRD01180,4,9129.62,0.0,36518.48,16975.24,Net Banking,Premium
SAL20250068046,2025-07-01,STR027,PRD00800,1,478.19,0.0,478.19,324.59,UPI,Walk-in
SAL20250068047,2025-07-03,STR036,PRD00727,1,737.62,0.0,737.62,442.28,UPI,Walk-in
SAL20250068048,2025-07-08,STR041,PRD00782,1,3353.32,0.0,3353.32,1957.52,Cash,Walk-in
SAL20250068049,2025-07-24,STR021,PRD00251,1,10660.28,0.0,10660.28,7306.06,UPI,Walk-in
SAL20250068050,2025-07-09,STR040,PRD00505,3,1140.95,0.05,3251.71,2581.41,UPI,Walk-in
SAL20250068051,2025-07-16,STR039,PRD00521,5,947.8,0.05,4502.05,4163.0,UPI,Walk-in
SAL20250068052,2025-07-03,STR017,PRD01036,2,177.81,0.0,355.62,250.34,Net Banking,Walk-in
SAL20250068053,2025-07-01,STR005,PRD00906,1,3449.48,0.0,3449.48,2116.22,UPI,Walk-in
SAL20250068054,2025-07-09,STR015,PRD00517,3,252.82,0.0,758.46,609.09,Cash,Regular
SAL20250068055,2025-07-12,STR013,PRD00133,1,10102.94,0.0,10102.94,6680.78,Credit Card,Regular
SAL20250068056,2025-07-09,STR019,PRD00773,2,733.06,0.0,1466.12,1036.9,UPI,Walk-in
SAL20250068057,2025-07-30,STR015,PRD00433,1,1065.88,0.0,1065.88,861.75,Credit Card,Walk-in
SAL20250068058,2025-07-14,STR034,PRD00087,1,23253.22,0.0,23253.22,15702.94,UPI,Regular
SAL20250068059,2025-07-04,STR014,PRD00090,1,8184.6,0.0,8184.6,5556.86,UPI,Regular
SAL20250068060,2025-07-01,STR009,PRD00760,1,4801.08,0.0,4801.08,3172.81,UPI,Premium
SAL20250068061,2025-07-10,STR009,PRD00468,2,180.53,0.0,361.06,296.64,UPI,Corporate
SAL20250068062,2025-07-26,STR030,PRD00769,3,1757.79,0.0,5273.37,3726.51,Debit Card,Walk-in
SAL20250068063,2025-07-29,STR013,PRD00132,1,22943.8,0.0,22943.8,17725.67,Credit Card,Regular
SAL20250068064,2025-07-26,STR040,PRD00429,2,725.58,0.05,1378.6,1100.02,Credit Card,Walk-in
SAL20250068065,2025-07-01,STR007,PRD01175,1,2568.19,0.0,2568.19,1572.7,Debit Card,Walk-in
SAL20250068066,2025-07-31,STR004,PRD01085,1,7889.14,0.0,7889.14,4136.29,UPI,Regular
SAL20250068067,2025-07-01,STR013,PRD00711,2,1868.86,0.05,3550.83,2711.36,UPI,Regular
SAL20250068068,2025-07-09,STR039,PRD01122,1,6526.26,0.0,6526.26,3631.48,UPI,Walk-in
SAL20250068069,2025-07-29,STR019,PRD00461,3,198.22,0.0,594.66,508.35,Debit Card,Walk-in
SAL20250068070,2025-07-06,STR009,PRD00690,3,3635.92,0.0,10907.76,7192.26,Credit Card,Regular
SAL20250068071,2025-07-25,STR024,PRD01001,1,315.54,0.0,315.54,178.37,UPI,Walk-in
SAL20250068072,2025-07-02,STR027,PRD00757,1,1608.8,0.0,1608.8,1037.87,UPI,Walk-in
SAL20250068073,2025-07-05,STR040,PRD00408,3,1017.09,0.0,3051.27,2348.76,Credit Card,Regular
SAL20250068074,2025-07-22,STR034,PRD00400,1,920.96,0.0,920.96,551.48,Credit Card,Regular
SAL20250068075,2025-07-16,STR030,PRD00682,4,3799.71,0.0,15198.84,9789.12,Debit Card,Regular
SAL20250068076,2025-07-24,STR029,PRD00662,2,192.14,0.0,384.28,281.92,Credit Card,Corporate
SAL20250068077,2025-07-17,STR031,PRD00777,1,3515.65,0.0,3515.65,1941.78,UPI,Walk-in
SAL20250068078,2025-07-23,STR003,PRD00541,2,685.8,0.0,1371.6,811.14,Credit Card,Premium
SAL20250068079,2025-07-18,STR033,PRD00976,2,1125.69,0.0,2251.38,1165.22,UPI,Premium
SAL20250068080,2025-07-03,STR013,PRD00971,1,604.86,0.05,574.62,306.67,Debit Card,Regular
SAL20250068081,2025-07-29,STR006,PRD00773,2,733.06,0.0,1466.12,1036.9,Debit Card,Regular
SAL20250068082,2025-07-22,STR009,PRD00635,3,332.03,0.0,996.09,621.9,Debit Card,Walk-in
SAL20250068083,2025-07-18,STR028,PRD00856,1,1871.17,0.0,1871.17,1212.57,UPI,Regular
SAL20250068084,2025-07-16,STR026,PRD00492,2,431.72,0.0,863.44,724.08,Credit Card,Walk-in
SAL20250068085,2025-07-30,STR020,PRD00296,1,250.04,0.0,250.04,121.63,Debit Card,Regular
SAL20250068086,2025-07-24,STR005,PRD00579,2,398.71,0.0,797.42,584.34,UPI,Regular
SAL20250068087,2025-07-03,STR009,PRD00681,1,4114.63,0.05,3908.9,2696.18,Cash,Walk-in
SAL20250068088,2025-07-19,STR030,PRD00320,1,273.23,0.0,273.23,149.99,Credit Card,Regular
SAL20250068089,2025-07-29,STR019,PRD00839,1,2839.58,0.0,2839.58,1814.97,UPI,Walk-in
SAL20250068090,2025-07-11,STR028,PRD00196,1,3177.64,0.0,3177.64,2246.88,UPI,Regular
SAL20250068091,2025-07-03,STR012,PRD00287,2,550.08,0.0,1100.16,548.68,Credit Card,Regular
SAL20250068092,2025-07-21,STR023,PRD00783,1,2295.14,0.0,2295.14,1443.25,Debit Card,Premium
SAL20250068093,2025-07-11,STR008,PRD00820,3,2007.6,0.0,6022.8,3531.54,Credit Card,Regular
SAL20250068094,2025-07-14,STR004,PRD00403,1,158.56,0.0,158.56,138.22,UPI,Regular
SAL20250068095,2025-07-21,STR015,PRD00463,2,933.21,0.1,1679.78,1494.94,UPI,Regular
SAL20250068096,2025-07-14,STR018,PRD00903,3,433.92,0.0,1301.76,826.23,UPI,Regular
SAL20250068097,2025-07-19,STR022,PRD00042,2,15775.49,0.0,31550.98,23879.34,Cash,Premium
SAL20250068098,2025-07-05,STR040,PRD00074,1,17249.82,0.0,17249.82,11809.64,UPI,Premium
SAL20250068099,2025-07-22,STR006,PRD00183,1,6835.62,0.05,6493.84,4488.56,UPI,Walk-in
SAL20250068100,2025-07-27,STR001,PRD00008,1,14817.35,0.0,14817.35,10393.47,Credit Card,Regular
SAL20250068101,2025-07-11,STR020,PRD00354,1,1099.31,0.05,1044.34,649.66,Credit Card,Walk-in
SAL20250068102,2025-07-11,STR028,PRD01037,4,431.13,0.0,1724.52,928.76,UPI,Regular
SAL20250068103,2025-07-04,STR008,PRD00429,5,725.58,0.0,3627.9,2750.05,UPI,Regular
SAL20250068104,2025-07-13,STR032,PRD00078,2,9036.37,0.0,18072.74,12982.72,Credit Card,Regular
SAL20250068105,2025-07-23,STR038,PRD00057,1,2490.08,0.0,2490.08,2005.73,UPI,Walk-in
SAL20250068106,2025-07-27,STR009,PRD00935,1,821.43,0.0,821.43,586.1,Debit Card,Walk-in
SAL20250068107,2025-07-07,STR029,PRD01092,1,5535.53,0.05,5258.75,2634.51,UPI,Regular
SAL20250068108,2025-07-31,STR029,PRD00421,4,579.98,0.0,2319.92,1946.0,Cash,Premium
SAL20250068109,2025-07-29,STR001,PRD01040,1,466.28,0.0,466.28,330.77,Cash,Regular
SAL20250068110,2025-07-30,STR012,PRD00103,1,4104.09,0.0,4104.09,2941.45,UPI,Regular
SAL20250068111,2025-07-12,STR034,PRD00727,2,737.62,0.0,1475.24,884.56,UPI,Walk-in
SAL20250068112,2025-07-03,STR010,PRD00924,1,261.16,0.0,261.16,194.5,Cash,Regular
SAL20250068113,2025-07-30,STR040,PRD00468,1,180.53,0.0,180.53,148.32,Credit Card,Walk-in
SAL20250068114,2025-07-13,STR002,PRD00516,4,653.26,0.0,2613.04,2010.24,UPI,Walk-in
SAL20250068115,2025-07-01,STR036,PRD00592,5,365.4,0.1,1644.3,1091.45,UPI,Regular
SAL20250068116,2025-07-22,STR001,PRD01113,2,4340.13,0.1,7812.23,4031.84,UPI,Premium
SAL20250068117,2025-07-02,STR010,PRD00235,1,11077.6,0.0,11077.6,6683.62,UPI,Regular
SAL20250068118,2025-07-22,STR012,PRD00237,1,9971.54,0.0,9971.54,6463.12,UPI,Walk-in
SAL20250068119,2025-07-01,STR009,PRD00532,2,1039.03,0.0,2078.06,1617.72,Debit Card,Walk-in
SAL20250068120,2025-07-10,STR030,PRD01011,2,265.01,0.1,477.02,299.38,Debit Card,Regular
SAL20250068121,2025-07-24,STR016,PRD00815,3,2750.26,0.0,8250.78,5542.77,Credit Card,Premium
SAL20250068122,2025-07-13,STR017,PRD00877,1,1728.24,0.0,1728.24,1211.91,Debit Card,Regular
SAL20250068123,2025-07-11,STR028,PRD00626,2,125.9,0.05,239.21,151.86,UPI,Regular
SAL20250068124,2025-07-28,STR035,,1,11344.22,0.0,11344.22,7434.87,UPI,Regular
SAL20250068125,2025-07-18,STR029,PRD00887,1,2006.5,0.1,1805.85,1169.69,UPI,Regular
SAL20250068126,2025-07-20,STR005,PRD00144,1,7333.73,0.0,7333.73,4964.07,Credit Card,Regular
SAL20250068127,2025-07-29,STR041,PRD01003,1,278.9,0.0,278.9,146.32,Credit Card,Walk-in
SAL20250068128,2025-07-19,STR005,PRD00503,1,634.01,0.0,634.01,525.79,Credit Card,Walk-in
SAL20250068129,2025-07-11,STR020,PRD00078,2,9036.37,0.0,18072.74,12982.72,Credit Card,Regular
SAL20250068130,2025-07-29,STR011,PRD00057,1,2490.08,0.0,2490.08,2005.73,UPI,Regular
SAL20250068131,2025-07-17,STR004,PRD00606,5,516.03,0.0,2580.15,1542.85,Cash,Premium
SAL20250068132,2025-07-29,STR002,PRD00688,1,2802.62,0.0,2802.62,2088.84,UPI,Premium
SAL20250068133,2025-07-23,STR041,PRD00288,1,827.89,0.0,827.89,439.36,UPI,Regular
SAL20250068134,2025-07-18,STR029,PRD00413,2,347.68,0.0,695.36,600.62,UPI,Walk-in
SAL20250068135,2025-07-15,STR013,PRD01000,3,495.66,0.0,1486.98,1037.61,Debit Card,Regular
SAL20250068136,2025-07-23,STR024,PRD00064,1,2458.4,0.0,2458.4,1830.7,UPI,Regular
SAL20250068137,2025-07-10,STR001,PRD00912,2,532.47,0.0,1064.94,612.6,Credit Card,Regular
SAL20250068138,2025-07-20,STR036,PRD00097,1,19452.93,0.0,19452.93,14437.86,Credit Card,Walk-in
SAL20250068139,2025-07-15,STR022,PRD00140,1,6378.06,0.0,6378.06,4851.7,UPI,Walk-in
SAL20250068140,2025-07-23,STR030,PRD00034,1,761.93,0.0,761.93,520.56,Credit Card,Regular
SAL20250068141,2025-07-14,STR035,PRD00684,1,3989.77,0.0,3989.77,2465.54,UPI,Regular
SAL20250068142,2025-07-22,STR017,PRD00660,1,324.23,0.0,324.23,238.04,UPI,Regular
SAL20250068143,2025-07-10,STR020,PRD00781,1,2809.53,0.0,2809.53,2070.84,Net Banking,Premium
SAL20250068144,2025-07-27,STR014,PRD00044,1,3159.2,0.0,3159.2,2114.03,Debit Card,Premium
SAL20250068145,2025-07-28,STR032,PRD01067,1,922.58,0.05,876.45,564.84,Net Banking,Regular
SAL20250068146,2025-07-01,STR030,PRD01015,2,771.47,0.0,1542.94,1082.24,Credit Card,Regular
SAL20250068147,2025-07-11,STR011,PRD00852,1,1751.61,0.0,1751.61,1214.84,UPI,Corporate
SAL20250068148,2025-07-21,STR012,PRD00838,1,1522.8,0.0,1522.8,1046.85,Credit Card,Corporate
SAL20250068149,2025-07-30,STR034,PRD00197,1,4849.89,0.0,4849.89,3779.03,Cash,Premium
SAL20250068150,2025-07-25,STR034,PRD00893,1,963.04,0.0,963.04,603.05,Cash,Regular
SAL20250068151,2025-07-19,STR015,PRD00957,2,157.86,0.0,315.72,189.1,Net Banking,Regular
SAL20250068152,2025-07-02,STR037,PRD00109,1,12280.41,0.0,12280.41,9316.5,UPI,Walk-in
SAL20250068153,2025-07-03,STR006,PRD00123,2,7408.15,0.1,13334.67,11176.24,UPI,Premium
SAL20250068154,2025-07-16,STR012,PRD00026,1,4182.92,0.0,4182.92,3047.01,UPI,Premium
SAL20250068155,2025-07-26,STR011,PRD00592,4,365.4,0.05,1388.52,873.16,Debit Card,Regular
SAL20250068156,2025-07-30,STR027,PRD01006,3,849.47,0.0,2548.41,1820.07,Credit Card,Regular
SAL20250068157,2025-07-07,STR029,PRD00027,2,21177.44,0.1,38119.39,31773.28,Credit Card,Regular
SAL20250068158,2025-07-07,STR002,PRD00701,1,4774.16,0.0,4774.16,3063.26,Credit Card,Walk-in
SAL20250068159,2025-07-06,STR030,PRD00074,1,17249.82,0.0,17249.82,11809.64,UPI,Regular
SAL20250068160,2025-07-12,STR028,PRD00062,1,21073.23,0.0,21073.23,13798.59,UPI,Regular
SAL20250068161,2025-07-25,STR038,PRD00145,1,2570.9,0.05,2442.36,1687.81,Debit Card,Regular
SAL20250068162,2025-07-17,STR019,PRD00484,3,678.16,0.0,2034.48,1702.62,UPI,Regular
SAL20250068163,2025-07-27,STR032,PRD00158,1,3798.87,0.0,3798.87,2582.44,Credit Card,Regular
SAL20250068164,2025-07-28,STR014,PRD01114,1,8827.06,0.05,8385.71,3573.34,Net Banking,Regular
SAL20250068165,2025-07-20,STR032,PRD00453,1,1257.16,0.0,1257.16,946.37,UPI,Walk-in
SAL20250068166,2025-07-17,STR032,PRD00223,1,11271.43,0.0,11271.43,7014.79,Debit Card,Walk-in
SAL20250068167,2025-07-08,STR006,PRD00804,1,782.93,0.0,782.93,564.78,UPI,Regular
SAL20250068168,2025-07-30,STR032,PRD00236,1,5591.1,0.05,5311.55,3989.78,UPI,Regular
SAL20250068169,2025-07-26,STR024,PRD00516,1,653.26,0.1,587.93,502.56,Credit Card,Regular
SAL20250068170,2025-07-29,STR016,PRD00759,1,4285.9,0.0,4285.9,2644.58,Credit Card,Regular
SAL20250068171,2025-07-18,STR027,PRD00676,1,4180.37,0.0,4180.37,2836.76,UPI,Regular
SAL20250068172,2025-07-30,STR012,PRD00166,1,4039.27,0.05,3837.31,2471.0,Debit Card,Premium
SAL20250068173,2025-07-17,STR010,PRD01030,2,525.24,0.1,945.43,635.14,Debit Card,Walk-in
SAL20250068174,2025-07-05,STR009,PRD00459,1,918.25,0.0,918.25,735.01,Credit Card,Premium
SAL20250068175,2025-07-12,STR030,PRD01159,1,3270.67,0.0,3270.67,1499.26,Credit Card,Premium
SAL20250068176,2025-07-24,STR040,PRD00157,1,5982.96,0.1,5384.66,4355.19,Credit Card,Walk-in
SAL20250068177,2025-07-23,STR005,PRD00270,1,1213.51,0.0,1213.51,769.06,Cash,Regular
SAL20250068178,2025-07-24,STR013,PRD00808,1,2998.33,0.0,2998.33,1813.97,Debit Card,Regular
SAL20250068179,2025-07-05,STR036,PRD00752,1,4535.72,0.0,4535.72,3022.89,UPI,Regular
SAL20250068180,2025-07-30,STR007,PRD00943,1,787.16,0.05,747.8,532.44,UPI,Walk-in
SAL20250068181,2025-07-04,STR023,PRD00117,1,5653.79,0.0,5653.79,4053.02,UPI,Regular
SAL20250068182,2025-07-21,STR020,PRD00978,6,172.32,0.0,1033.92,643.92,Credit Card,Walk-in
SAL20250068183,2025-07-30,STR020,PRD00526,3,712.58,0.0,2137.74,1776.72,Credit Card,Corporate
SAL20250068184,2025-07-15,STR036,PRD01139,2,4060.77,0.0,8121.54,3689.12,Credit Card,Walk-in
SAL20250068185,2025-07-26,STR028,PRD00571,1,201.22,0.0,201.22,143.49,UPI,Regular
SAL20250068186,2025-07-18,STR010,PRD00192,1,3362.18,0.05,3194.07,2170.51,UPI,Walk-in
SAL20250068187,2025-07-21,STR036,PRD00860,2,694.13,0.1,1249.43,835.02,Debit Card,Corporate
SAL20250068188,2025-07-30,STR001,PRD00004,2,18331.36,0.0,36662.72,29483.46,Cash,Regular
SAL20250068189,2025-07-14,STR004,PRD01197,4,2167.83,0.0,8671.32,4644.72,Credit Card,Regular
SAL20250068190,2025-07-16,STR003,PRD00077,1,14848.8,0.0,14848.8,12077.21,Credit Card,Walk-in
SAL20250068191,2025-07-02,STR025,PRD01092,4,5535.53,0.0,22142.12,10538.04,Debit Card,Regular
SAL20250068192,2025-07-16,STR007,PRD00939,1,463.84,0.0,463.84,242.34,UPI,Regular
SAL20250068193,2025-07-07,STR013,PRD00242,1,3336.56,0.0,3336.56,2557.66,UPI,Regular
SAL20250068194,2025-07-05,STR004,PRD01175,1,2568.19,0.0,2568.19,1572.7,Credit Card,Walk-in
SAL20250068195,2025-07-24,STR017,PRD00923,1,3811.45,0.0,3811.45,2262.33,UPI,Regular
SAL20250068196,2025-07-23,STR010,PRD00461,2,198.22,0.0,396.44,338.9,UPI,Regular
SAL20250068197,2025-07-10,STR038,PRD01145,1,3609.72,0.0,3609.72,2080.21,Cash,Regular
SAL20250068198,2025-07-22,STR028,PRD00003,3,810.89,0.0,2432.67,1602.72,Credit Card,Walk-in
SAL20250068199,2025-07-09,STR032,PRD00030,1,17262.94,0.0,17262.94,12589.59,Credit Card,Regular
SAL20250068200,2025-07-21,STR025,PRD00718,1,2341.08,0.0,2341.08,1675.99,UPI,Regular
SAL20250068201,2025-07-09,STR015,PRD00876,2,2635.68,0.0,5271.36,3596.76,Cash,Regular
SAL20250068202,2025-07-27,STR011,PRD00688,1,2802.62,0.0,2802.62,2088.84,UPI,Regular
SAL20250068203,2025-07-13,STR033,PRD00452,4,1046.75,0.0,4187.0,3518.6,Debit Card,Walk-in
SAL20250068204,2025-07-01,STR039,PRD00152,1,8357.62,0.0,8357.62,5421.82,UPI,Walk-in
SAL20250068205,2025-07-29,STR003,PRD00786,1,2271.94,0.05,2158.34,1533.49,Debit Card,Walk-in
SAL20250068206,2025-07-25,STR016,PRD00705,1,488.73,0.0,488.73,328.43,UPI,Regular
SAL20250068207,2025-07-01,STR029,PRD00080,1,17292.25,0.0,17292.25,13027.41,Debit Card,Regular
SAL20250068208,2025-07-08,STR022,PRD00101,1,2548.25,0.0,2548.25,1803.25,UPI,Walk-in
SAL20250068209,2025-07-27,STR038,PRD00701,3,4774.16,0.0,14322.48,9189.78,Credit Card,Premium
SAL20250067318,2025-07-04,STR022,PRD01153,2,5497.78,0.05,10445.78,4999.1,Credit Card,Regular
SAL20250068211,2025-07-03,STR032,PRD00575,5,90.77,0.0,453.85,335.4,Credit Card,Corporate
SAL20250068212,2025-07-16,STR001,PRD00573,2,44.75,0.1,80.55,53.9,Debit Card,Regular
SAL20250068213,2025-07-22,STR029,PRD00281,4,679.79,0.0,2719.16,1574.08,Credit Card,Regular
SAL20250068214,2025-07-25,STR037,PRD00573,6,44.75,0.05,255.07,161.7,UPI,Walk-in
SAL20250068215,2025-07-01,STR040,PRD00283,1,917.06,0.0,917.06,431.47,UPI,Regular
SAL20250068216,2025-07-10,STR009,PRD00910,1,2302.88,0.05,2187.74,1579.69,UPI,Regular
SAL20250068217,2025-07-21,STR011,PRD00396,1,713.53,0.0,713.53,454.7,UPI,Regular
SAL20250068218,2025-07-11,STR026,PRD00082,1,9499.68,0.0,9499.68,6552.44,Credit Card,Regular
SAL20250068219,2025-07-20,STR014,PRD00266,1,13058.2,0.0,13058.2,8085.89,UPI,Walk-in
SAL20250068220,2025-07-15,STR033,PRD00866,1,1023.05,0.1,920.75,622.37,Credit Card,Regular
SAL20250068221,2025-07-10,STR009,PRD00954,2,1090.11,0.0,2180.22,1229.92,UPI,Walk-in
SAL20250068222,2025-07-04,STR025,PRD00761,1,367.88,0.0,367.88,269.21,Cash,Regular
SAL20250068223,2025-07-12,STR031,PRD01073,2,4074.99,0.1,7334.98,4880.9,Credit Card,Premium
SAL20250068224,2025-07-02,STR021,PRD00245,1,6730.38,0.0,6730.38,4429.31,UPI,Regular
SAL20250068225,2025-07-26,STR040,PRD00165,3,10264.9,0.1,27715.23,20015.49,UPI,Regular
SAL20250068226,2025-07-08,STR025,PRD00095,1,18324.65,0.0,18324.65,13913.8,Credit Card,Regular
SAL20250068227,2025-07-15,STR035,PRD00220,1,5859.46,0.0,5859.46,4561.44,Credit Card,Walk-in
SAL20250068228,2025-07-31,STR033,PRD00905,1,2497.02,0.0,2497.02,1532.88,UPI,Regular
SAL20250068229,2025-07-13,STR001,PRD01102,1,845.86,0.0,845.86,353.36,UPI,Walk-in
SAL20250068230,2025-07-25,STR014,PRD00521,2,947.8,0.0,1895.6,1665.2,Credit Card,Regular
SAL20250068231,2025-07-15,STR016,PRD00173,1,9167.15,0.0,9167.15,5751.32,Credit Card,Walk-in
SAL20250068232,2025-07-01,STR028,PRD00088,1,22406.29,0.0,22406.29,17527.4,UPI,Corporate
SAL20250068233,2025-07-15,STR017,PRD01108,1,4924.79,0.05,4678.55,2289.5,UPI,Premium
SAL20250068234,2025-07-02,STR007,PRD00380,1,304.64,0.0,304.64,210.5,Cash,Regular
SAL20250068235,2025-07-09,STR001,PRD00139,1,2949.49,0.0,2949.49,1812.36,UPI,Regular
SAL20250068236,2025-07-19,STR002,PRD00733,1,3579.07,0.0,3579.07,2186.97,Net Banking,Walk-in
SAL20250068237,2025-07-11,STR020,PRD00043,1,22998.01,0.0,22998.01,15302.97,Cash,Regular
SAL20250068238,2025-07-31,STR012,PRD00126,1,8140.39,0.1,7326.35,6131.32,Cash,Regular
SAL20250068239,2025-07-09,STR019,PRD00995,3,585.44,0.1,1580.69,1253.16,UPI,Regular
SAL20250068240,2025-07-19,STR024,PRD00512,2,151.51,0.0,303.02,231.6,UPI,Walk-in
SAL20250068241,2025-07-05,STR009,PRD00337,4,1047.01,0.0,4188.04,2925.72,UPI,Walk-in
SAL20250068242,2025-07-18,STR010,PRD01031,4,1036.47,0.1,3731.29,2093.48,UPI,Walk-in
SAL20250068243,2025-07-02,STR026,PRD01140,1,5750.16,0.0,5750.16,3316.46,Debit Card,Regular
SAL20250068244,2025-07-14,STR041,PRD00176,1,4757.11,0.0,4757.11,2887.26,UPI,Regular
SAL20250068245,2025-07-31,STR035,PRD00784,1,1985.25,0.05,1885.99,1302.04,UPI,Regular
SAL20250068246,2025-07-19,STR017,PRD00237,1,9971.54,0.0,9971.54,6463.12,UPI,Walk-in
SAL20250068247,2025-07-16,STR023,PRD00901,1,3120.68,0.0,3120.68,2071.57,UPI,Walk-in
SAL20250068248,2025-07-02,STR011,PRD01082,1,1474.53,0.0,1474.53,797.26,Credit Card,Regular
SAL20250068249,2025-07-24,STR024,PRD00290,2,747.46,0.05,1420.17,956.64,UPI,Walk-in
SAL20250068250,2025-07-08,STR022,PRD00539,6,69.32,0.1,374.33,286.38,UPI,Regular
SAL20250068251,2025-07-15,STR010,PRD00163,2,12710.38,0.0,25420.76,15425.98,Cash,Regular
SAL20250068252,2025-07-06,STR012,PRD00992,1,439.67,0.0,439.67,224.17,UPI,Regular
SAL20250068253,2025-07-11,STR017,PRD01172,2,1132.5,0.0,2265.0,1156.12,Credit Card,Regular
SAL20250068254,2025-07-28,STR033,PRD01170,2,1269.68,0.0,2539.36,1389.8,Debit Card,Regular
SAL20250068255,2025-07-21,STR036,PRD01163,4,6199.15,0.0,24796.6,14864.24,UPI,Walk-in
SAL20250068256,2025-07-24,STR036,PRD00744,1,4365.48,0.0,4365.48,2879.4,UPI,Regular
SAL20250068257,2025-07-08,STR013,PRD00188,1,6172.58,0.0,6172.58,4027.57,Cash,Regular
SAL20250068258,2025-07-02,STR033,PRD00731,1,2513.85,0.0,2513.85,1582.05,UPI,Regular
SAL20250068259,2025-07-11,STR019,PRD01124,1,4813.39,0.0,4813.39,2177.75,UPI,Premium
SAL20250068260,2025-07-19,STR040,PRD00174,1,698.44,0.0,698.44,523.24,UPI,Regular
SAL20250068261,2025-07-26,STR039,PRD00322,3,839.74,0.0,2519.22,1762.08,UPI,Regular
SAL20250068262,2025-07-11,STR001,PRD00258,1,2441.64,0.0,2441.64,1594.77,UPI,Regular
SAL20250068263,2025-07-25,STR009,PRD00423,2,256.23,0.0,512.46,427.8,UPI,Walk-in
SAL20250068264,2025-07-11,STR021,PRD00052,1,1655.5,0.0,1655.5,1137.08,Credit Card,Walk-in
SAL20250068265,2025-07-24,STR019,PRD00127,1,14293.97,0.0,14293.97,10567.08,UPI,Regular
SAL20250068266,2025-07-12,STR038,PRD00899,1,2165.69,0.1,1949.12,1458.76,UPI,Regular
SAL20250068267,2025-07-28,STR030,PRD00926,4,683.78,0.0,2735.12,1925.0,Cash,Regular
SAL20250068268,2025-07-13,STR027,PRD01002,1,98.3,0.05,93.38,55.69,Credit Card,Walk-in
SAL20250068269,2025-07-21,STR029,PRD00088,1,22406.29,0.0,22406.29,17527.4,Debit Card,Walk-in
SAL20250068270,2025-07-18,STR006,PRD01094,1,7758.5,0.0,7758.5,3797.17,Debit Card,Regular
SAL20250068271,2025-07-19,STR040,PRD00741,1,2848.85,0.0,2848.85,2028.89,UPI,Regular
SAL20250068272,2025-07-10,STR005,PRD00547,2,105.91,0.0,211.82,152.54,Cash,Walk-in
SAL20250068273,2025-07-18,STR037,PRD00884,2,1777.05,0.0,3554.1,2172.68,Debit Card,Walk-in
SAL20250068274,2025-07-08,STR019,PRD00117,1,5653.79,0.0,5653.79,4053.02,Credit Card,Walk-in
SAL20250068275,2025-07-29,STR030,PRD00811,1,243.22,0.0,243.22,140.95,Credit Card,Regular
SAL20250068276,2025-07-18,STR031,PRD00540,1,550.54,0.1,495.49,388.62,Net Banking,Walk-in
SAL20250068277,2025-07-22,STR034,PRD00735,1,2710.38,0.1,2439.34,1616.28,Credit Card,Corporate
SAL20250068278,2025-07-14,STR026,PRD00777,1,3515.65,0.0,3515.65,1941.78,Debit Card,Walk-in
SAL20250068279,2025-07-13,STR023,PRD00412,2,576.41,0.0,1152.82,909.5,Net Banking,Walk-in
SAL20250068280,2025-07-09,STR011,PRD00210,1,8463.87,0.0,8463.87,5533.2,UPI,Regular
SAL20250068281,2025-07-19,STR030,PRD00978,2,172.32,0.0,344.64,214.64,Net Banking,Regular
SAL20250068282,2025-07-05,STR003,PRD00461,5,198.22,0.0,991.1,847.25,Credit Card,Premium
SAL20250068283,2025-07-03,STR020,PRD00387,1,446.12,0.0,446.12,248.3,Credit Card,Walk-in
SAL20250068284,2025-07-04,STR023,PRD00466,2,725.28,0.0,1450.56,1259.44,Credit Card,Regular
SAL20250068285,2025-07-20,STR041,PRD00181,1,4428.73,0.0,4428.73,3239.36,UPI,Regular
SAL20250068286,2025-07-22,STR013,PRD01143,1,5565.18,0.0,5565.18,3157.32,UPI,Regular
SAL20250068287,2025-07-16,STR009,PRD00054,2,16291.52,0.0,32583.04,23680.68,Debit Card,Walk-in
SAL20250068288,2025-07-06,STR025,PRD00717,1,402.54,0.0,402.54,262.23,UPI,Regular
SAL20250068289,2025-07-14,STR003,PRD00931,1,1839.81,0.0,1839.81,1246.88,Credit Card,Regular
SAL20250068290,2025-07-24,STR012,PRD00721,1,2330.52,0.0,2330.52,1727.63,Debit Card,Regular
SAL20250068291,2025-07-30,STR027,PRD00582,2,535.32,0.0,1070.64,770.0,Debit Card,Regular
SAL20250068292,2025-07-08,STR040,PRD00941,6,737.4,0.0,4424.4,3066.54,Credit Card,Premium
SAL20250068293,2025-07-04,STR008,PRD00671,1,327.72,0.0,327.72,208.01,Credit Card,Walk-in
SAL20250068294,2025-07-10,STR018,PRD00719,4,4808.67,0.0,19234.68,11036.84,Cash,Regular
SAL20250068295,2025-07-10,STR031,PRD00478,6,959.84,0.0,5759.04,4873.56,Credit Card,Walk-in
SAL20250068296,2025-07-12,STR015,PRD00871,1,1211.65,0.0,1211.65,859.32,Credit Card,Regular
SAL20250068297,2025-07-10,STR035,PRD00741,2,2848.85,0.0,5697.7,4057.78,UPI,Walk-in
SAL20250068298,2025-07-02,STR017,PRD00253,1,9663.5,0.0,9663.5,6717.07,UPI,Regular
SAL20250068299,2025-07-12,STR007,PRD00687,3,2662.45,0.0,7987.35,5367.51,UPI,Walk-in
SAL20250068300,2025-07-07,STR003,PRD00375,1,650.42,0.0,650.42,365.06,UPI,Corporate
SAL20250068301,2025-07-24,STR018,PRD00733,1,3579.07,0.0,3579.07,2186.97,UPI,Regular
SAL20250068302,2025-07-17,STR040,PRD01010,1,762.29,0.1,686.06,399.52,UPI,Corporate
SAL20250068303,2025-07-27,STR001,PRD00734,1,817.34,0.0,817.34,469.79,UPI,Regular
SAL20250068304,2025-07-03,STR032,PRD00587,2,250.15,0.0,500.3,343.58,Credit Card,Regular
SAL20250068305,2025-07-02,STR021,PRD01092,2,5535.53,0.0,11071.06,5269.02,Debit Card,Regular
SAL20250068306,2025-07-07,STR023,PRD00767,2,2122.92,0.0,4245.84,3114.28,Cash,Premium
SAL20250068307,2025-07-02,STR013,PRD00458,2,587.81,0.0,1175.62,891.84,UPI,Walk-in
SAL20250068308,2025-07-08,STR033,PRD00683,1,794.15,0.0,794.15,594.03,UPI,Regular
SAL20250068309,2025-07-19,STR010,PRD00005,1,25382.71,0.0,25382.71,18438.86,Debit Card,Walk-in
SAL20250068310,2025-07-18,STR010,PRD00898,1,3032.43,0.0,3032.43,1834.2,UPI,Walk-in
SAL20250068311,2025-07-13,STR038,PRD00097,1,19452.93,0.0,19452.93,14437.86,UPI,Regular
SAL20250068312,2025-07-28,STR002,PRD01160,1,7696.75,0.0,7696.75,3490.84,Credit Card,Regular
SAL20250068313,2025-07-04,STR013,PRD00880,2,430.21,0.0,860.42,587.88,Credit Card,Walk-in
SAL20250068314,2025-07-20,STR019,PRD01074,1,6150.42,0.0,6150.42,3269.15,Debit Card,Walk-in
SAL20250068315,2025-07-09,STR008,PRD00013,1,17378.5,0.0,17378.5,12862.09,Credit Card,Regular
SAL20250068316,2025-07-22,STR037,PRD00516,2,653.26,0.0,1306.52,1005.12,Cash,Walk-in
SAL20250068317,2025-07-13,STR014,PRD00623,3,563.55,0.0,1690.65,1162.98,Debit Card,Walk-in
SAL20250068318,2025-07-06,STR036,PRD00015,1,3619.87,0.0,3619.87,2931.59,Cash,Regular
SAL20250068319,2025-07-30,STR037,PRD00301,2,189.19,0.0,378.38,260.54,Net Banking,Premium
SAL20250068320,2025-07-25,STR014,PRD01195,2,6990.3,0.0,13980.6,6796.46,Credit Card,Regular
SAL20250068321,2025-07-08,STR024,PRD00974,1,202.7,0.0,202.7,106.76,UPI,Regular
SAL20250068322,2025-07-29,STR027,PRD00306,2,1349.3,0.0,2698.6,1543.88,Debit Card,Regular
SAL20250068323,2025-07-04,STR025,,3,373.95,0.0,1121.85,781.71,Debit Card,Regular
SAL20250068324,2025-07-28,STR038,PRD01193,1,1712.13,0.0,1712.13,1034.91,Credit Card,Regular
SAL20250068325,2025-07-25,STR016,PRD01105,2,2498.16,0.1,4496.69,3017.04,Credit Card,Walk-in
SAL20250068326,2025-07-28,STR002,PRD00848,1,2441.1,0.0,2441.1,1616.32,UPI,Regular
SAL20250068327,2025-07-09,STR027,PRD00004,1,18331.36,0.0,18331.36,14741.73,Credit Card,Walk-in
SAL20250068328,2025-07-16,STR007,PRD00923,1,3811.45,0.1,3430.3,2262.33,UPI,Walk-in
SAL20250068329,2025-07-20,STR013,PRD00842,1,1322.87,0.0,1322.87,956.88,Cash,Walk-in
SAL20250068330,2025-07-24,STR020,PRD00358,3,873.37,0.0,2620.11,1400.01,Debit Card,Walk-in
SAL20250068331,2025-07-10,STR032,PRD00836,2,605.3,0.0,1210.6,816.24,UPI,Regular
SAL20250068332,2025-07-17,STR038,PRD00547,4,105.91,0.0,423.64,305.08,Credit Card,Regular
SAL20250068333,2025-07-07,STR027,PRD01099,1,4242.7,0.0,4242.7,2721.85,UPI,Regular
SAL20250068334,2025-07-31,STR030,PRD00585,2,401.86,0.1,723.35,579.3,UPI,Walk-in
SAL20250068335,2025-07-15,STR013,PRD00919,1,3391.01,0.0,3391.01,2232.08,Debit Card,Regular
SAL20250068336,2025-07-31,STR003,PRD00562,2,671.35,0.0,1342.7,942.94,UPI,Walk-in
SAL20250068337,2025-07-16,STR028,PRD00624,2,124.7,0.0,249.4,174.16,UPI,Regular
SAL20250068338,2025-07-16,STR024,PRD00624,3,124.7,0.0,374.1,261.24,UPI,Walk-in
SAL20250068339,2025-07-11,STR022,PRD00170,1,1380.75,0.0,1380.75,918.49,UPI,Premium
SAL20250068340,2025-07-05,STR007,PRD00229,1,2013.93,0.0,2013.93,1348.9,Cash,Walk-in
SAL20250068341,2025-07-02,STR001,PRD00399,3,1354.99,0.0,4064.97,1941.39,Credit Card,Regular
SAL20250068342,2025-07-17,STR006,PRD00346,1,927.55,0.1,834.79,634.62,UPI,Regular
SAL20250068343,2025-07-27,STR017,PRD00036,1,8731.85,0.0,8731.85,5708.44,Cash,Premium
SAL20250068344,2025-07-08,STR029,PRD00570,3,376.39,0.0,1129.17,805.71,UPI,Regular
SAL20250068345,2025-07-22,STR009,PRD01021,1,582.28,0.0,582.28,378.12,Credit Card,Walk-in
SAL20250068346,2025-07-20,STR006,PRD00107,1,4985.79,0.0,4985.79,3483.71,UPI,Premium
SAL20250068347,2025-07-20,STR005,PRD00059,1,15692.67,0.0,15692.67,12269.76,UPI,Walk-in
SAL20250068348,2025-07-26,STR009,PRD00477,2,121.21,0.0,242.42,195.32,Debit Card,Regular
SAL20250068349,2025-07-07,STR023,PRD00777,1,3515.65,0.0,3515.65,1941.78,Debit Card,Regular
SAL20250068350,2025-07-19,STR009,PRD00511,2,709.29,0.0,1418.58,1118.36,UPI,Regular
SAL20250068351,2025-07-08,STR033,PRD00013,1,17378.5,0.0,17378.5,12862.09,Credit Card,Premium
SAL20250068352,2025-07-30,STR040,PRD01040,3,466.28,0.05,1328.9,992.31,Net Banking,Walk-in
SAL20250068353,2025-07-10,STR024,PRD00022,1,22149.39,0.0,22149.39,16337.37,UPI,Walk-in
SAL20250068354,2025-07-26,STR037,PRD01065,2,936.71,0.0,1873.42,956.72,UPI,Regular
SAL20250068355,2025-07-18,STR035,PRD00498,2,178.55,0.0,357.1,276.3,UPI,Regular
SAL20250068356,2025-07-15,STR035,PRD00898,1,3032.43,0.0,3032.43,1834.2,Credit Card,Regular
SAL20250068357,2025-07-28,STR025,PRD00440,4,366.81,0.0,1467.24,1283.32,UPI,Regular
SAL20250068358,2025-07-02,STR038,PRD00433,1,1065.88,0.0,1065.88,861.75,UPI,Walk-in
SAL20250068359,2025-07-10,STR021,PRD01006,3,849.47,0.0,2548.41,1820.07,Credit Card,Walk-in
SAL20250068360,2025-07-31,STR014,PRD00147,1,10113.79,0.0,10113.79,6299.23,UPI,Walk-in
SAL20250068361,2025-07-31,STR030,PRD00978,2,172.32,0.0,344.64,214.64,UPI,Regular
SAL20250068362,2025-07-06,STR007,PRD00458,3,587.81,0.0,1763.43,1337.76,Net Banking,Regular
SAL20250068363,2025-07-04,STR012,PRD01080,3,1721.88,0.0,5165.64,2315.19,Net Banking,Walk-in
SAL20250068364,2025-07-05,STR011,PRD00737,1,1053.41,0.05,1000.74,753.37,Net Banking,Walk-in
SAL20250068365,2025-07-20,STR041,PRD00125,1,1511.82,0.0,1511.82,1056.29,Credit Card,Regular
SAL20250068366,2025-07-28,STR024,PRD00211,1,6731.6,0.0,6731.6,4925.05,UPI,Regular
SAL20250068367,2025-07-04,STR026,PRD01186,2,3042.91,0.1,5477.24,3004.4,Debit Card,Walk-in
SAL20250068368,2025-07-10,STR022,PRD00869,2,3787.4,0.0,7574.8,4732.8,UPI,Regular
SAL20250068369,2025-07-18,STR029,PRD00349,1,152.26,0.1,137.03,83.87,UPI,Regular
SAL20250068370,2025-07-24,STR001,PRD00007,2,20090.22,0.0,40180.44,30924.4,Debit Card,Walk-in
SAL20250068371,2025-07-03,STR016,PRD00469,1,499.21,0.0,499.21,389.45,UPI,Corporate
SAL20250068372,2025-07-02,STR030,PRD01021,3,582.28,0.0,1746.84,1134.36,Credit Card,Walk-in
SAL20250068373,2025-07-16,STR027,PRD00774,2,2102.71,0.0,4205.42,3098.54,Cash,Premium
SAL20250068374,2025-07-15,STR005,PRD00069,1,11744.39,0.0,11744.39,7701.34,UPI,Premium
SAL20250068375,2025-07-23,STR009,PRD01116,1,792.37,0.0,792.37,396.32,UPI,Walk-in
SAL20250068376,2025-07-30,STR009,PRD01120,1,8969.51,0.0,8969.51,4399.96,Debit Card,Walk-in
SAL20250068377,2025-07-30,STR041,PRD00385,1,460.87,0.0,460.87,278.52,Debit Card,Walk-in
SAL20250068378,2025-07-27,STR034,PRD00981,1,76.61,0.0,76.61,54.24,Cash,Regular
SAL20250068379,2025-07-18,STR036,PRD00314,1,610.16,0.0,610.16,372.41,UPI,Premium
SAL20250068380,2025-07-15,STR001,PRD00584,1,232.29,0.05,220.68,142.35,Credit Card,Walk-in
SAL20250068381,2025-07-29,STR040,PRD00298,2,1012.57,0.0,2025.14,1332.24,UPI,Regular
SAL20250068382,2025-07-12,STR010,PRD00842,4,1322.87,0.1,4762.33,3827.52,Net Banking,Corporate
SAL20250068383,2025-07-05,STR022,PRD01041,2,954.2,0.0,1908.4,1065.62,UPI,Regular
SAL20250068384,2025-07-14,STR034,PRD00321,1,1442.95,0.05,1370.8,715.49,UPI,Regular
SAL20250068385,2025-07-03,STR029,PRD01106,1,3135.75,0.0,3135.75,1669.16,Credit Card,Regular
SAL20250068386,2025-07-11,STR006,PRD00660,3,324.23,0.0,972.69,714.12,Credit Card,Walk-in
SAL20250068387,2025-07-29,STR021,PRD00394,2,327.5,0.05,622.25,437.02,UPI,Corporate
SAL20250068388,2025-07-19,STR001,PRD00787,1,291.05,0.0,291.05,189.14,UPI,Walk-in
SAL20250068389,2025-07-21,STR040,PRD01000,1,495.66,0.0,495.66,345.87,UPI,Premium
SAL20250068390,2025-07-29,STR010,PRD00927,4,799.32,0.05,3037.42,2338.32,UPI,Regular
SAL20250068391,2025-07-10,STR008,PRD00701,1,4774.16,0.0,4774.16,3063.26,UPI,Walk-in
SAL20250068392,2025-07-22,STR019,PRD00256,1,13048.37,0.0,13048.37,8107.05,UPI,Premium
SAL20250068393,2025-07-18,STR011,PRD00643,3,345.09,0.0,1035.27,652.8,UPI,Regular
SAL20250068394,2025-07-24,STR002,PRD00830,2,1783.32,0.0,3566.64,2179.56,UPI,Walk-in
SAL20250068395,2025-07-23,STR004,PRD00707,1,2433.38,0.0,2433.38,1626.72,Cash,Regular
SAL20250068396,2025-07-04,STR024,PRD01140,1,5750.16,0.0,5750.16,3316.46,UPI,Premium
SAL20250068397,2025-07-07,STR041,PRD00771,1,2601.02,0.0,2601.02,1436.13,UPI,Regular
SAL20250068398,2025-07-26,STR033,PRD01053,1,481.32,0.0,481.32,312.78,UPI,Walk-in
SAL20250068399,2025-07-19,STR003,PRD00160,1,7937.44,0.0,7937.44,4808.49,UPI,Walk-in
SAL20250068400,2025-07-04,STR008,PRD00181,1,4428.73,0.0,4428.73,3239.36,UPI,Corporate
SAL20250068401,2025-07-27,STR027,PRD00646,4,108.22,0.0,432.88,263.16,Credit Card,Premium
SAL20250068402,2025-07-12,STR012,PRD00166,1,4039.27,0.0,4039.27,2471.0,Debit Card,Regular
SAL20250068403,2025-07-21,STR038,PRD01075,1,6164.63,0.0,6164.63,3178.28,UPI,Premium
SAL20250068404,2025-07-20,STR013,PRD01021,3,582.28,0.1,1572.16,1134.36,Debit Card,Regular
SAL20250068405,2025-07-19,STR038,PRD00299,1,1362.69,0.0,1362.69,823.3,Cash,Regular
SAL20250068406,2025-07-29,STR025,PRD00006,1,3457.14,0.0,3457.14,2519.92,Cash,Regular
SAL20250068407,2025-07-25,STR002,PRD01109,2,5029.33,0.1,9052.79,5536.84,UPI,Premium
SAL20250068408,2025-07-18,STR001,PRD00512,6,151.51,0.0,909.06,694.8,Debit Card,Walk-in
SAL20250068409,2025-07-25,STR005,PRD00896,2,255.31,0.0,510.62,290.06,Credit Card,Regular
SAL20250068410,2025-07-12,STR013,PRD00977,1,417.51,0.0,417.51,282.28,Debit Card,Regular
SAL20250068411,2025-07-10,STR009,PRD01167,1,1364.58,0.0,1364.58,835.66,UPI,Walk-in
SAL20250068412,2025-07-20,STR003,PRD00390,1,1246.69,0.0,1246.69,785.33,UPI,Regular
SAL20250068413,2025-07-12,STR018,PRD00304,1,1052.14,0.05,999.53,723.81,Cash,Premium
SAL20250068414,2025-07-08,STR007,PRD00731,1,2513.85,0.0,2513.85,1582.05,Debit Card,Walk-in
SAL20250068415,2025-07-16,STR036,PRD00520,3,482.69,0.0,1448.07,1217.58,Debit Card,Walk-in
SAL20250068416,2025-07-02,STR036,PRD00421,3,579.98,0.0,1739.94,1459.5,Debit Card,Walk-in
SAL20250068417,2025-07-05,STR001,PRD00248,2,9547.84,0.0,19095.68,13755.02,Debit Card,Walk-in
SAL20250068418,2025-07-08,STR005,PRD00599,1,273.52,0.0,273.52,189.37,UPI,Regular
SAL20250068419,2025-07-01,STR011,PRD01085,1,7889.14,0.0,7889.14,4136.29,Credit Card,Regular
SAL20250068420,2025-07-16,STR007,PRD00984,1,34.1,0.0,34.1,20.02,UPI,Premium
SAL20250068421,2025-07-01,STR032,PRD00515,1,551.51,0.05,523.93,473.21,Credit Card,Premium
SAL20250068422,2025-07-15,STR011,PRD00781,1,2809.53,0.05,2669.05,2070.84,UPI,Premium
SAL20250068423,2025-07-24,STR025,PRD00722,1,2039.88,0.0,2039.88,1170.85,UPI,Regular
SAL20250068424,2025-07-27,STR027,PRD00702,1,1394.73,0.05,1324.99,988.64,Credit Card,Premium
SAL20250068425,2025-07-21,STR024,PRD00729,1,3595.95,0.0,3595.95,2557.72,Debit Card,Regular
SAL20250068426,2025-07-06,STR007,PRD00985,5,79.43,0.0,397.15,275.3,UPI,Regular
SAL20250068427,2025-07-14,STR028,PRD00357,1,1112.32,0.0,1112.32,676.9,Credit Card,Regular
SAL20250068428,2025-07-10,STR027,PRD00864,2,1725.02,0.0,3450.04,2236.12,UPI,Walk-in
SAL20250068429,2025-07-20,STR001,PRD00651,1,368.8,0.0,368.8,256.48,UPI,Walk-in
SAL20250068430,2025-07-22,STR033,PRD00480,1,103.25,0.05,98.09,86.17,UPI,Regular
SAL20250068431,2025-07-29,STR041,PRD00953,6,80.84,0.05,460.79,347.82,UPI,Walk-in
SAL20250068432,2025-07-07,STR037,PRD00068,1,10777.06,0.0,10777.06,8694.54,Debit Card,Walk-in
SAL20250068433,2025-07-08,STR018,PRD01069,2,2127.71,0.1,3829.88,2167.7,UPI,Walk-in
SAL20250068434,2025-07-01,STR038,PRD01025,1,56.45,0.05,53.63,30.15,UPI,Regular
SAL20250068435,2025-07-24,STR013,PRD00368,1,927.52,0.0,927.52,587.93,Credit Card,Regular
SAL20250068436,2025-07-24,STR040,PRD00984,4,34.1,0.0,136.4,80.08,UPI,Regular
SAL20250068437,2025-07-01,STR002,PRD00021,1,1822.47,0.0,1822.47,1333.8,UPI,Walk-in
SAL20250068438,2025-07-03,STR036,PRD00775,1,3571.78,0.05,3393.19,1976.55,Credit Card,Regular
SAL20250068439,2025-07-30,STR033,PRD01185,2,2223.59,0.0,4447.18,1849.7,Credit Card,Walk-in
SAL20250068440,2025-07-04,STR020,PRD00309,2,1344.75,0.0,2689.5,1274.3,Net Banking,Premium
SAL20250068441,2025-07-10,STR031,PRD00572,3,728.84,0.0,2186.52,1406.52,Credit Card,Regular
SAL20250068442,2025-07-29,STR036,PRD00002,1,1289.58,0.0,1289.58,870.9,UPI,Regular
SAL20250068443,2025-07-23,STR004,PRD00200,1,1880.51,0.0,1880.51,1363.43,UPI,Premium
SAL20250068444,2025-07-16,STR009,PRD00792,1,5089.33,0.0,5089.33,2925.34,Debit Card,Walk-in
SAL20250068445,2025-07-26,STR012,PRD00959,2,664.61,0.0,1329.22,805.38,Cash,Regular
SAL20250068446,2025-07-30,STR005,PRD00095,1,18324.65,0.0,18324.65,13913.8,Cash,Premium
SAL20250068447,2025-07-24,STR006,PRD00951,1,594.37,0.0,594.37,352.38,Debit Card,Walk-in
SAL20250068448,2025-07-18,STR012,PRD00084,1,11056.09,0.0,11056.09,8293.77,UPI,Regular
SAL20250068449,2025-07-08,STR025,PRD00464,2,598.64,0.0,1197.28,916.98,Cash,Premium
SAL20250068450,2025-07-12,STR014,PRD00744,1,4365.48,0.0,4365.48,2879.4,UPI,Regular
SAL20250068451,2025-07-19,STR038,PRD00126,1,8140.39,0.0,8140.39,6131.32,Credit Card,Regular
SAL20250068452,2025-07-25,STR029,PRD01173,3,1034.88,0.0,3104.64,1487.16,Credit Card,Walk-in
SAL20250068453,2025-07-09,STR008,PRD00620,1,556.49,0.0,556.49,325.67,UPI,Regular
SAL20250068454,2025-07-02,STR028,PRD00592,5,365.4,0.0,1827.0,1091.45,Cash,Walk-in
SAL20250068455,2025-07-08,STR033,PRD00614,1,52.25,0.05,49.64,34.28,Net Banking,Walk-in
SAL20250068456,2025-07-17,STR002,PRD00339,1,831.47,0.0,831.47,498.17,UPI,Premium
SAL20250068457,2025-07-12,STR018,PRD00988,3,774.65,0.0,2323.95,1597.5,Debit Card,Premium
SAL20250068458,2025-07-19,STR017,PRD00738,1,984.8,0.0,984.8,687.04,Debit Card,Walk-in
SAL20250068459,2025-07-19,STR015,PRD00600,1,709.55,0.0,709.55,469.16,Credit Card,Regular
SAL20250068460,2025-07-12,STR014,PRD00582,3,535.32,0.0,1605.96,1155.0,UPI,Regular
SAL20250068461,2025-07-05,STR021,PRD00402,2,947.11,0.0,1894.22,1636.12,Credit Card,Regular
SAL20250068462,2025-07-14,STR009,PRD01006,2,849.47,0.0,1698.94,1213.38,UPI,Walk-in
SAL20250068463,2025-07-15,STR001,PRD00746,2,2299.94,0.0,4599.88,3052.02,UPI,Premium
SAL20250068464,2025-07-12,STR025,PRD00866,1,1023.05,0.0,1023.05,622.37,Cash,Walk-in
SAL20250068465,2025-07-10,STR039,PRD00191,3,7660.03,0.0,22980.09,15594.75,UPI,Regular
SAL20250068466,2025-07-23,STR035,PRD00999,2,1102.59,0.0,2205.18,1173.7,UPI,Walk-in
SAL20250068467,2025-07-21,STR026,PRD00656,1,201.0,0.0,201.0,141.1,Debit Card,Regular
SAL20250068468,2025-07-17,STR017,PRD00865,1,2254.56,0.0,2254.56,1423.93,UPI,Regular
SAL20250068469,2025-07-29,STR030,PRD00278,1,439.84,0.05,417.85,292.07,Credit Card,Regular
SAL20250068470,2025-07-29,STR010,PRD00142,1,4154.89,0.0,4154.89,2736.44,UPI,Regular
SAL20250068471,2025-07-14,STR018,PRD00071,1,14423.02,0.0,14423.02,9605.63,UPI,Regular
SAL20250068472,2025-07-27,STR013,PRD00191,1,7660.03,0.0,7660.03,5198.25,Debit Card,Walk-in
SAL20250068473,2025-07-23,STR005,PRD00869,1,3787.4,0.0,3787.4,2366.4,Cash,Regular
SAL20250068474,2025-07-14,STR011,PRD00484,1,678.16,0.0,678.16,567.54,Credit Card,Regular
SAL20250068475,2025-07-06,STR038,PRD00858,1,1066.62,0.0,1066.62,695.16,Credit Card,Walk-in
SAL20250068476,2025-07-17,STR009,PRD00319,2,746.89,0.0,1493.78,927.62,Debit Card,Regular
SAL20250068477,2025-07-05,STR007,PRD01121,2,2103.52,0.05,3996.69,1949.16,Debit Card,Regular
SAL20250068478,2025-07-20,STR021,PRD00558,1,353.1,0.0,353.1,243.3,Cash,Regular
SAL20250068479,2025-07-05,STR021,PRD00012,2,5255.98,0.0,10511.96,8242.7,Debit Card,Walk-in
SAL20250068480,2025-07-14,STR012,PRD00469,2,499.21,0.0,998.42,778.9,Credit Card,Corporate
SAL20250068481,2025-07-03,STR001,PRD01088,1,4543.5,0.0,4543.5,1992.55,Cash,Regular
SAL20250068482,2025-07-09,STR007,PRD00004,1,18331.36,0.0,18331.36,14741.73,Credit Card,Premium
SAL20250068483,2025-07-21,STR039,PRD00434,1,648.17,0.05,615.76,538.79,Debit Card,Walk-in
SAL20250068484,2025-07-13,STR018,PRD00460,4,816.3,0.0,3265.2,2671.08,Credit Card,Walk-in
SAL20250068485,2025-07-08,STR034,PRD01172,1,1132.5,0.1,1019.25,578.06,Debit Card,Regular
SAL20250068486,2025-07-29,STR019,PRD00320,2,273.23,0.0,546.46,299.98,UPI,Walk-in
SAL20250068487,2025-07-02,STR011,PRD00698,1,1659.66,0.0,1659.66,1094.59,UPI,Regular
SAL20250068488,2025-07-11,STR008,PRD00689,2,492.79,0.0,985.58,665.66,Cash,Regular
SAL20250068489,2025-07-26,STR001,PRD01132,1,7393.47,0.0,7393.47,3891.12,Credit Card,Premium
SAL20250068490,2025-07-10,STR039,PRD01136,4,7702.34,0.0,30809.36,16500.2,UPI,Premium
SAL20250068491,2025-07-26,STR025,PRD00037,1,21728.77,0.0,21728.77,16760.42,Cash,Regular
SAL20250068492,2025-07-11,STR039,PRD00725,3,2084.99,0.1,5629.47,4535.07,Credit Card,Regular
SAL20250068493,2025-07-24,STR007,PRD00049,1,4540.51,0.0,4540.51,3028.11,UPI,Walk-in
SAL20250068494,2025-07-08,STR021,PRD00774,1,2102.71,0.0,2102.71,1549.27,UPI,Walk-in
SAL20250068495,2025-07-23,STR032,PRD00003,1,810.89,0.0,810.89,534.24,Credit Card,Walk-in
SAL20250068496,2025-07-09,STR005,PRD00612,1,287.57,0.0,287.57,212.43,UPI,Premium
SAL20250068497,2025-07-05,STR014,PRD00521,1,947.8,0.0,947.8,832.6,UPI,Regular
SAL20250068498,2025-07-22,STR031,PRD01100,1,6765.12,0.05,6426.86,4080.87,Credit Card,Regular
SAL20250068499,2025-07-07,STR008,PRD00676,2,4180.37,0.0,8360.74,5673.52,UPI,Walk-in
SAL20250068500,2025-07-08,STR024,PRD00724,3,2856.14,0.0,8568.42,4783.23,Cash,Premium
SAL20250068501,2025-07-22,STR018,PRD00927,1,799.32,0.1,719.39,584.58,Cash,Walk-in
SAL20250068502,2025-07-20,STR033,PRD00090,1,8184.6,0.0,8184.6,5556.86,UPI,Walk-in
SAL20250068503,2025-07-09,STR033,PRD00823,1,2558.98,0.0,2558.98,1717.69,Credit Card,Regular
SAL20250068504,2025-07-11,STR039,PRD00912,2,532.47,0.0,1064.94,612.6,UPI,Regular
SAL20250068505,2025-07-14,STR032,PRD00111,1,16671.18,0.0,16671.18,12693.98,Credit Card,Premium
SAL20250068506,2025-07-10,STR008,PRD00414,5,546.79,0.0,2733.95,2126.6,UPI,Premium
SAL20250068507,2025-07-26,STR001,PRD00086,1,22194.93,0.0,22194.93,15176.58,Net Banking,Walk-in
SAL20250068508,2025-07-15,STR006,PRD01018,2,139.93,0.05,265.87,177.6,UPI,Premium
SAL20250068509,2025-07-08,STR016,PRD00084,1,11056.09,0.0,11056.09,8293.77,Cash,Regular
SAL20250068510,2025-07-31,STR020,PRD00775,3,3571.78,0.0,10715.34,5929.65,Credit Card,Premium
SAL20250068511,2025-07-16,STR003,PRD00061,1,7691.1,0.0,7691.1,5309.86,UPI,Regular
SAL20250068512,2025-07-30,STR028,PRD00307,1,743.28,0.0,743.28,482.82,Cash,Regular
SAL20250068513,2025-07-12,STR012,PRD00111,2,16671.18,0.0,33342.36,25387.96,Cash,Corporate
SAL20250068514,2025-07-26,STR020,PRD00143,2,11610.06,0.0,23220.12,16116.12,Cash,Walk-in
SAL20250068515,2025-07-20,STR001,PRD00236,1,5591.1,0.0,5591.1,3989.78,Credit Card,Premium
SAL20250068516,2025-07-28,STR040,PRD01112,2,3077.42,0.0,6154.84,3116.38,Credit Card,Regular
SAL20250068517,2025-07-21,STR032,PRD00968,1,316.7,0.0,316.7,158.76,Cash,Regular
SAL20250068518,2025-07-05,STR041,PRD00075,1,9132.03,0.05,8675.43,7042.59,UPI,Walk-in
SAL20250068519,2025-07-03,STR007,PRD00226,1,3456.4,0.05,3283.58,2122.01,UPI,Walk-in
SAL20250068520,2025-07-18,STR001,PRD00893,2,963.04,0.0,1926.08,1206.1,UPI,Walk-in
SAL20250068521,2025-07-13,STR022,PRD01075,1,6164.63,0.0,6164.63,3178.28,Credit Card,Premium
SAL20250068522,2025-07-22,STR009,PRD00579,1,398.71,0.0,398.71,292.17,UPI,Regular
SAL20250068523,2025-07-28,STR033,PRD00985,2,79.43,0.0,158.86,110.12,Credit Card,Walk-in
SAL20250068524,2025-07-12,STR022,PRD00923,1,3811.45,0.0,3811.45,2262.33,Debit Card,Walk-in
SAL20250068525,2025-07-30,STR030,PRD00899,1,2165.69,0.0,2165.69,1458.76,Credit Card,Walk-in
SAL20250068526,2025-07-25,STR021,PRD00626,4,125.9,0.0,503.6,303.72,Credit Card,Walk-in
SAL20250068527,2025-07-29,STR036,PRD00575,1,90.77,0.0,90.77,67.08,Credit Card,Regular
SAL20250068528,2025-07-01,STR001,PRD00235,1,11077.6,0.0,11077.6,6683.62,UPI,Walk-in
SAL20250068529,2025-07-05,STR027,PRD00516,1,653.26,0.0,653.26,502.56,Cash,Regular
SAL20250068530,2025-07-22,STR026,PRD00928,4,2503.87,0.0,10015.48,7250.12,UPI,Corporate
SAL20250068531,2025-07-05,STR040,PRD00988,1,774.65,0.0,774.65,532.5,UPI,Regular
SAL20250068532,2025-07-04,STR027,PRD00854,1,2355.83,0.0,2355.83,1467.93,UPI,Regular
SAL20250068533,2025-07-14,STR034,PRD00131,3,11948.61,0.0,35845.83,27097.29,Debit Card,Regular
SAL20250068534,2025-07-18,STR039,PRD00703,1,940.1,0.1,846.09,700.55,UPI,Walk-in
SAL20250068535,2025-07-30,STR038,PRD00346,3,927.55,0.0,2782.65,1903.86,Credit Card,Regular
SAL20250068536,2025-07-09,STR037,PRD00899,1,2165.69,0.05,2057.41,1458.76,Credit Card,Regular
SAL20250068537,2025-07-17,STR005,PRD00139,1,2949.49,0.1,2654.54,1812.36,UPI,Regular
SAL20250068538,2025-07-12,STR012,PRD00358,1,873.37,0.0,873.37,466.67,UPI,Regular
SAL20250068539,2025-07-01,STR029,PRD00452,2,1046.75,0.05,1988.82,1759.3,UPI,Regular
SAL20250068540,2025-07-20,STR028,PRD00035,2,7229.47,0.0,14458.94,9778.56,Credit Card,Regular
SAL20250068541,2025-07-24,STR018,PRD00047,1,27210.89,0.0,27210.89,17922.95,UPI,Regular
SAL20250068542,2025-07-23,STR023,PRD00430,6,129.33,0.0,775.98,652.2,Debit Card,Premium
SAL20250068543,2025-07-23,STR029,PRD00252,2,10910.07,0.0,21820.14,15046.5,Debit Card,Regular
SAL20250068544,2025-07-09,STR021,PRD00975,4,912.31,0.0,3649.24,2394.0,Cash,Walk-in
SAL20250068545,2025-07-29,STR014,PRD00575,1,90.77,0.1,81.69,67.08,UPI,Premium
SAL20250068546,2025-07-19,STR026,PRD00336,2,1590.59,0.0,3181.18,1642.22,Net Banking,Premium
SAL20250068547,2025-07-25,STR005,PRD01026,2,512.0,0.05,972.8,683.9,Net Banking,Premium
SAL20250068548,2025-07-09,STR028,PRD00910,3,2302.88,0.0,6908.64,4739.07,Debit Card,Corporate
SAL20250068549,2025-07-07,STR031,PRD00492,6,431.72,0.0,2590.32,2172.24,UPI,Regular
SAL20250068550,2025-07-23,STR008,PRD00846,2,1551.36,0.1,2792.45,2204.46,Credit Card,Regular
SAL20250068551,2025-07-05,STR002,PRD00217,1,8159.94,0.0,8159.94,5298.43,UPI,Regular
SAL20250068552,2025-07-22,STR021,PRD00747,2,1306.66,0.0,2613.32,1920.32,UPI,Regular
SAL20250068553,2025-07-06,STR011,PRD00285,2,1499.26,0.0,2998.52,1537.52,UPI,Premium
SAL20250068554,2025-07-02,STR027,PRD00984,3,34.1,0.0,102.3,60.06,Credit Card,Walk-in
SAL20250068555,2025-07-03,STR024,PRD00849,1,315.58,0.1,284.02,211.78,Credit Card,Regular
SAL20250068556,2025-07-04,STR028,PRD00672,2,4427.9,0.0,8855.8,6027.68,UPI,Walk-in
SAL20250068557,2025-07-19,STR003,PRD00358,1,873.37,0.0,873.37,466.67,UPI,Walk-in
SAL20250068558,2025-07-21,STR037,PRD00077,1,14848.8,0.0,14848.8,12077.21,UPI,Premium
SAL20250068559,2025-07-15,STR013,PRD00520,1,482.69,0.0,482.69,405.86,Net Banking,Regular
SAL20250068560,2025-07-14,STR013,PRD00155,2,2214.51,0.0,4429.02,3304.38,UPI,Regular
SAL20250068561,2025-07-08,STR022,PRD01108,1,4924.79,0.0,4924.79,2289.5,Net Banking,Premium
SAL20250068562,2025-07-11,STR039,PRD00541,1,685.8,0.0,685.8,405.57,UPI,Walk-in
SAL20250068563,2025-07-15,STR036,PRD01188,1,2837.24,0.0,2837.24,1686.24,Debit Card,Premium
SAL20250068564,2025-07-08,STR011,PRD00449,2,236.21,0.0,472.42,398.28,UPI,Premium
SAL20250068565,2025-07-08,STR039,PRD00917,2,1441.59,0.0,2883.18,1961.66,UPI,Walk-in
SAL20250068566,2025-07-30,STR033,PRD00256,1,13048.37,0.0,13048.37,8107.05,UPI,Regular
SAL20250068567,2025-07-03,STR018,PRD01181,2,2062.42,0.0,4124.84,2565.66,UPI,Regular
SAL20250068568,2025-07-25,STR016,PRD00454,4,238.81,0.05,907.48,729.2,UPI,Regular
SAL20250068569,2025-07-11,STR028,PRD00449,1,236.21,0.0,236.21,199.14,UPI,Premium
SAL20250068570,2025-07-25,STR031,PRD00312,1,662.59,0.0,662.59,388.19,Credit Card,Walk-in
SAL20250068571,2025-07-13,STR037,PRD01137,4,2009.09,0.0,8036.36,4297.08,UPI,Regular
SAL20250068572,2025-07-01,STR020,PRD01054,2,256.04,0.0,512.08,335.92,Cash,Regular
SAL20250068573,2025-07-16,STR024,PRD00294,1,1047.83,0.0,1047.83,653.04,Net Banking,Walk-in
SAL20250068574,2025-07-03,STR019,PRD00076,1,13611.14,0.0,13611.14,10725.57,Credit Card,Regular
SAL20250068575,2025-07-30,STR023,PRD00085,1,26032.76,0.05,24731.12,17875.58,UPI,Walk-in
SAL20250068576,2025-07-28,STR009,PRD00700,2,4752.07,0.0,9504.14,5729.26,Credit Card,Regular
SAL20250068577,2025-07-17,STR001,PRD00703,2,940.1,0.0,1880.2,1401.1,Credit Card,Walk-in
SAL20250068578,2025-07-08,STR023,PRD00721,1,2330.52,0.0,2330.52,1727.63,Credit Card,Premium
SAL20250068579,2025-07-24,STR011,PRD00594,3,129.17,0.0,387.51,243.99,UPI,Regular
SAL20250068580,2025-07-02,STR039,PRD01054,1,256.04,0.0,256.04,167.96,UPI,Regular
SAL20250068581,2025-07-18,STR032,PRD00956,2,1028.6,0.0,2057.2,1144.0,UPI,Walk-in
SAL20250068582,2025-07-28,STR024,PRD00948,2,38.1,0.0,76.2,53.1,Credit Card,Regular
SAL20250068583,2025-07-01,STR025,PRD00641,3,499.93,0.1,1349.81,999.36,Debit Card,Walk-in
SAL20250068584,2025-07-20,STR022,PRD01175,1,2568.19,0.0,2568.19,1572.7,UPI,Regular
SAL20250068585,2025-07-18,STR028,PRD00516,1,653.26,0.05,620.6,502.56,UPI,Premium
SAL20250068586,2025-07-30,STR024,PRD00830,3,1783.32,0.0,5349.96,3269.34,Credit Card,Premium
SAL20250068587,2025-07-18,STR018,PRD00636,2,685.82,0.0,1371.64,904.88,Cash,Walk-in
SAL20250068588,2025-07-21,STR019,PRD00834,1,1440.43,0.0,1440.43,915.49,Debit Card,Walk-in
SAL20250068589,2025-07-20,STR031,PRD00056,3,11452.31,0.0,34356.93,25743.03,UPI,Corporate
SAL20250068590,2025-07-04,STR004,PRD00701,2,4774.16,0.0,9548.32,6126.52,Debit Card,Regular
SAL20250068591,2025-07-22,STR022,PRD00262,1,10754.4,0.0,10754.4,8063.44,Credit Card,Regular
SAL20250068592,2025-07-15,STR008,PRD00417,1,788.29,0.0,788.29,661.71,Cash,Premium
SAL20250068593,2025-07-13,STR012,PRD01167,1,1364.58,0.0,1364.58,835.66,UPI,Walk-in
SAL20250068594,2025-07-08,STR004,PRD00243,1,1936.68,0.1,1743.01,1385.71,Credit Card,Premium
SAL20250068595,2025-07-13,STR019,PRD01000,1,495.66,0.1,446.09,345.87,Credit Card,Walk-in
SAL20250068596,2025-07-21,STR012,PRD00602,1,328.03,0.0,328.03,207.28,Cash,Regular
SAL20250068597,2025-07-27,STR040,PRD00169,1,8761.68,0.0,8761.68,5628.67,UPI,Premium
SAL20250068598,2025-07-11,STR032,PRD00586,3,648.21,0.1,1750.17,1320.03,Debit Card,Regular
SAL20250068599,2025-07-15,STR006,PRD00264,2,4452.38,0.0,8904.76,6344.08,Debit Card,Regular
SAL20250068600,2025-07-26,STR020,PRD00578,4,577.23,0.0,2308.92,1691.24,Net Banking,Regular
SAL20250068601,2025-07-18,STR008,PRD00808,1,2998.33,0.0,2998.33,1813.97,Credit Card,Regular
SAL20250068602,2025-07-02,STR026,PRD00796,1,462.4,0.05,439.28,329.9,Credit Card,Walk-in
SAL20250068603,2025-07-21,STR016,PRD00969,1,147.34,0.0,147.34,76.24,UPI,Regular
SAL20250068604,2025-07-06,STR033,PRD00614,1,52.25,0.0,52.25,34.28,Cash,Regular
SAL20250068605,2025-07-15,STR032,PRD00788,1,3329.23,0.0,3329.23,2105.2,Debit Card,Walk-in
SAL20250068606,2025-07-24,STR014,PRD00535,10,314.95,0.05,2992.02,2242.8,Net Banking,Walk-in
SAL20250068607,2025-07-11,STR006,PRD00122,1,23504.26,0.0,23504.26,16366.57,UPI,Premium
SAL20250068608,2025-07-28,STR038,PRD00058,1,3380.1,0.1,3042.09,2568.5,Debit Card,Regular
SAL20250068609,2025-07-03,STR005,PRD00043,1,22998.01,0.0,22998.01,15302.97,UPI,Walk-in
SAL20250068610,2025-07-09,STR012,PRD00520,5,482.69,0.0,2413.45,2029.3,UPI,Regular
SAL20250068611,2025-07-24,STR029,PRD00724,1,2856.14,0.0,2856.14,1594.41,Debit Card,Walk-in
SAL20250068612,2025-07-17,STR011,PRD00924,2,261.16,0.0,522.32,389.0,Credit Card,Regular
SAL20250068613,2025-07-25,STR006,PRD00385,3,460.87,0.0,1382.61,835.56,Debit Card,Walk-in
SAL20250068614,2025-07-13,STR009,PRD00809,1,1418.3,0.05,1347.38,895.74,UPI,Walk-in
SAL20250068615,2025-07-25,STR035,PRD00767,1,2122.92,0.0,2122.92,1557.14,UPI,Regular
SAL20250068616,2025-07-08,STR016,PRD01142,1,3878.91,0.1,3491.02,2264.79,Net Banking,Walk-in
SAL20250068617,2025-07-04,STR034,PRD00708,2,2849.79,0.1,5129.62,3766.3,UPI,Regular
SAL20250068618,2025-07-09,STR041,PRD01124,1,4813.39,0.0,4813.39,2177.75,UPI,Regular
SAL20250068619,2025-07-14,STR030,PRD00444,1,347.0,0.0,347.0,285.96,Cash,Premium
SAL20250068620,2025-07-24,STR025,PRD01053,5,481.32,0.05,2286.27,1563.9,Credit Card,Walk-in
SAL20250068621,2025-07-27,STR037,PRD01193,2,1712.13,0.0,3424.26,2069.82,Credit Card,Regular
SAL20250068622,2025-07-25,STR035,PRD00594,1,129.17,0.0,129.17,81.33,Net Banking,Regular
SAL20250068623,2025-07-03,STR030,PRD00066,1,7423.58,0.0,7423.58,5820.76,UPI,Premium
SAL20250068624,2025-07-13,STR031,PRD00083,1,9369.31,0.0,9369.31,6462.27,Credit Card,Walk-in
SAL20250068625,2025-07-13,STR037,PRD00684,1,3989.77,0.1,3590.79,2465.54,Credit Card,Walk-in
SAL20250068626,2025-07-15,STR014,PRD00165,1,10264.9,0.1,9238.41,6671.83,Cash,Premium
SAL20250068627,2025-07-04,STR031,PRD01074,1,6150.42,0.0,6150.42,3269.15,UPI,Regular
SAL20250068628,2025-07-27,STR026,PRD00291,3,469.9,0.0,1409.7,839.28,Debit Card,Premium
SAL20250068629,2025-07-23,STR029,PRD00567,2,365.44,0.0,730.88,453.92,UPI,Regular
SAL20250068630,2025-07-15,STR014,PRD00273,1,1306.29,0.0,1306.29,758.87,UPI,Regular
SAL20250068631,2025-07-18,STR022,PRD01093,2,4476.19,0.0,8952.38,5774.04,Net Banking,Regular
SAL20250068632,2025-07-29,STR001,PRD00015,1,3619.87,0.0,3619.87,2931.59,UPI,Walk-in
SAL20250068633,2025-07-09,STR006,PRD00686,2,3692.38,0.0,7384.76,4227.66,Debit Card,Walk-in
SAL20250068634,2025-07-13,STR012,PRD00818,2,2330.04,0.1,4194.07,3338.28,Credit Card,Premium
SAL20250068635,2025-07-13,STR014,PRD00591,4,500.81,0.0,2003.24,1454.92,UPI,Regular
SAL20250068636,2025-07-17,STR012,PRD01096,1,3066.12,0.0,3066.12,1714.26,Net Banking,Regular
SAL20250068637,2025-07-10,STR002,PRD00890,1,891.3,0.0,891.3,535.93,UPI,Premium
SAL20250068638,2025-07-04,STR012,PRD00506,4,725.03,0.0,2900.12,2316.4,UPI,Regular
SAL20250068639,2025-07-24,STR003,PRD00664,2,181.84,0.1,327.31,218.42,UPI,Walk-in
SAL20250068640,2025-07-02,STR021,PRD00218,1,7357.64,0.0,7357.64,5051.02,UPI,Regular
SAL20250068641,2025-07-26,STR007,PRD00879,1,2290.26,0.0,2290.26,1614.23,Debit Card,Walk-in
SAL20250068642,2025-07-21,STR030,PRD00616,2,565.82,0.0,1131.64,628.26,UPI,Walk-in
SAL20250068643,2025-07-10,STR024,PRD00091,1,21335.5,0.0,21335.5,15504.58,UPI,Walk-in
SAL20250068644,2025-07-21,STR011,PRD00978,1,172.32,0.0,172.32,107.32,Cash,Regular
SAL20250068645,2025-07-21,STR014,PRD00785,1,4604.98,0.0,4604.98,2754.83,UPI,Regular
SAL20250068646,2025-07-19,STR022,PRD00899,1,2165.69,0.0,2165.69,1458.76,UPI,Walk-in
SAL20250068647,2025-07-31,STR030,PRD00716,1,1780.84,0.0,1780.84,1007.46,UPI,Premium
SAL20250068648,2025-07-23,STR024,PRD00161,1,9190.04,0.0,9190.04,7015.28,UPI,Regular
SAL20250068649,2025-07-30,STR005,PRD00051,1,18906.15,0.0,18906.15,13812.18,UPI,Walk-in
SAL20250068650,2025-07-09,STR028,PRD00335,2,1156.98,0.0,2313.96,1245.12,Debit Card,Walk-in
SAL20250068651,2025-07-05,STR018,PRD00862,1,1883.72,0.0,1883.72,1142.54,Credit Card,Regular
SAL20250068652,2025-07-04,STR008,PRD00254,1,11020.14,0.0,11020.14,6776.21,UPI,Regular
SAL20250068653,2025-07-29,STR035,PRD00134,2,19404.79,0.0,38809.58,29907.56,Net Banking,Walk-in
SAL20250068654,2025-07-31,STR013,PRD00044,1,3159.2,0.0,3159.2,2114.03,Credit Card,Walk-in
SAL20250068655,2025-07-12,STR014,PRD01099,3,4242.7,0.0,12728.1,8165.55,Net Banking,Regular
SAL20250068656,2025-07-13,STR028,PRD01040,1,466.28,0.05,442.97,330.77,Debit Card,Corporate
SAL20250068657,2025-07-01,STR036,PRD00258,1,2441.64,0.0,2441.64,1594.77,Debit Card,Regular
SAL20250068658,2025-07-11,STR040,PRD00656,2,201.0,0.0,402.0,282.2,UPI,Walk-in
SAL20250068659,2025-07-06,STR024,PRD00293,1,859.61,0.1,773.65,442.5,Credit Card,Regular
SAL20250068660,2025-07-21,STR041,PRD00372,1,542.7,0.0,542.7,275.98,Debit Card,Walk-in
SAL20250068661,2025-07-12,STR018,PRD00773,1,733.06,0.05,696.41,518.45,UPI,Premium
SAL20250068662,2025-07-25,STR020,PRD00745,1,2529.52,0.0,2529.52,1829.18,UPI,Regular
SAL20250068663,2025-07-05,STR034,PRD00640,3,209.4,0.0,628.2,352.29,Net Banking,Regular
SAL20250068664,2025-07-25,STR026,PRD01020,1,560.55,0.0,560.55,361.97,UPI,Walk-in
SAL20250068665,2025-07-25,STR013,PRD00282,2,705.96,0.0,1411.92,940.46,UPI,Walk-in
SAL20250068666,2025-07-25,STR038,PRD00339,3,831.47,0.0,2494.41,1494.51,Credit Card,Corporate
SAL20250068667,2025-07-03,STR021,PRD01136,1,7702.34,0.0,7702.34,4125.05,Credit Card,Premium
SAL20250068668,2025-07-22,STR010,PRD00214,1,9551.75,0.0,9551.75,6869.66,UPI,Regular
SAL20250068669,2025-07-23,STR010,PRD00676,1,4180.37,0.0,4180.37,2836.76,UPI,Walk-in
SAL20250068670,2025-07-10,STR003,PRD00208,1,2761.76,0.0,2761.76,2051.3,Credit Card,Walk-in
SAL20250068671,2025-07-14,STR020,PRD00745,1,2529.52,0.0,2529.52,1829.18,Credit Card,Regular
SAL20250068672,2025-07-03,STR011,PRD00229,1,2013.93,0.05,1913.23,1348.9,Debit Card,Walk-in
SAL20250068673,2025-07-05,STR034,PRD00373,2,159.48,0.0,318.96,171.08,UPI,Walk-in
SAL20250068674,2025-07-12,STR014,PRD00381,2,931.15,0.0,1862.3,1062.56,UPI,Regular
SAL20250068675,2025-07-04,STR040,PRD00622,1,644.0,0.0,644.0,399.79,Debit Card,Premium
SAL20250068676,2025-07-21,STR032,PRD00015,1,3619.87,0.0,3619.87,2931.59,UPI,Regular
SAL20250068677,2025-07-07,STR011,PRD00167,1,8410.2,0.0,8410.2,5523.21,UPI,Premium
SAL20250068678,2025-07-22,STR004,PRD00879,2,2290.26,0.0,4580.52,3228.46,Credit Card,Walk-in
SAL20250068679,2025-07-10,STR009,PRD00506,4,725.03,0.05,2755.11,2316.4,UPI,Regular
SAL20250068680,2025-07-03,STR016,PRD00665,1,157.57,0.1,141.81,103.14,Credit Card,Regular
SAL20250068681,2025-07-17,STR003,PRD01042,2,143.52,0.0,287.04,189.38,Credit Card,Regular
SAL20250068682,2025-07-23,STR021,PRD00030,1,17262.94,0.0,17262.94,12589.59,UPI,Walk-in
SAL20250068683,2025-07-11,STR034,PRD00370,1,676.23,0.0,676.23,451.33,Credit Card,Regular
SAL20250068684,2025-07-28,STR034,PRD00872,2,467.45,0.0,934.9,667.24,UPI,Walk-in
SAL20250068685,2025-07-30,STR038,PRD00287,1,550.08,0.0,550.08,274.34,UPI,Regular
SAL20250068686,2025-07-15,STR011,PRD00251,1,10660.28,0.0,10660.28,7306.06,UPI,Walk-in
SAL20250068687,2025-07-02,STR037,PRD00773,1,733.06,0.0,733.06,518.45,UPI,Regular
SAL20250068688,2025-07-03,STR031,PRD00309,2,1344.75,0.0,2689.5,1274.3,Debit Card,Walk-in
SAL20250068689,2025-07-07,STR023,PRD00312,2,662.59,0.0,1325.18,776.38,UPI,Regular
SAL20250068690,2025-07-13,STR035,PRD00854,3,2355.83,0.1,6360.74,4403.79,UPI,Regular
SAL20250068691,2025-07-29,STR017,PRD00102,1,21236.57,0.0,21236.57,16141.17,Debit Card,Regular
SAL20250068692,2025-07-28,STR004,PRD00509,3,888.38,0.0,2665.14,2022.99,Credit Card,Regular
SAL20250068693,2025-07-06,STR033,PRD00303,1,674.18,0.0,674.18,362.28,Debit Card,Walk-in
SAL20250068694,2025-07-16,STR033,PRD00535,2,314.95,0.0,629.9,448.56,UPI,Corporate
SAL20250068695,2025-07-30,STR007,PRD00935,2,821.43,0.05,1560.72,1172.2,Debit Card,Premium
SAL20250068696,2025-07-17,STR033,PRD00898,1,3032.43,0.05,2880.81,1834.2,UPI,Regular
SAL20250068697,2025-07-14,STR009,PRD00756,3,3090.95,0.0,9272.85,6625.2,Cash,Premium
SAL20250068698,2025-07-30,STR003,PRD00982,3,104.72,0.0,314.16,175.02,Credit Card,Regular
SAL20250068699,2025-07-11,STR037,PRD00111,1,16671.18,0.1,15004.06,12693.98,Debit Card,Walk-in
SAL20250068700,2025-07-12,STR026,PRD00716,1,1780.84,0.0,1780.84,1007.46,UPI,Walk-in
SAL20250068701,2025-07-28,STR006,PRD00695,2,2280.88,0.1,4105.58,2552.92,UPI,Regular
SAL20250068702,2025-07-06,STR007,PRD00988,1,774.65,0.0,774.65,532.5,Credit Card,Walk-in
SAL20250068703,2025-07-27,STR003,PRD00256,1,13048.37,0.0,13048.37,8107.05,UPI,Premium
SAL20250068704,2025-07-30,STR002,PRD01022,1,1023.04,0.1,920.74,628.51,UPI,Regular
SAL20250068705,2025-07-19,STR030,PRD00638,2,188.95,0.1,340.11,230.42,UPI,Premium
SAL20250068706,2025-07-30,STR014,PRD01085,1,7889.14,0.0,7889.14,4136.29,Debit Card,Corporate
SAL20250068707,2025-07-14,STR029,PRD00634,1,509.03,0.0,509.03,298.96,Credit Card,Regular
SAL20250068708,2025-07-20,STR007,PRD00596,1,666.12,0.0,666.12,397.91,Cash,Regular
SAL20250068709,2025-07-30,STR011,PRD00079,1,19037.37,0.0,19037.37,13485.77,Debit Card,Regular
SAL20250068710,2025-07-26,STR032,PRD00875,4,258.44,0.05,982.07,603.6,UPI,Regular
SAL20250068711,2025-07-13,STR025,PRD00893,3,963.04,0.0,2889.12,1809.15,UPI,Regular
SAL20250068712,2025-07-22,STR032,PRD00323,1,361.28,0.0,361.28,188.15,Credit Card,Walk-in
SAL20250068713,2025-07-04,STR018,PRD00258,1,2441.64,0.0,2441.64,1594.77,UPI,Premium
SAL20250068714,2025-07-01,STR023,PRD00772,1,988.94,0.0,988.94,659.49,Cash,Regular
SAL20250068715,2025-07-17,STR020,PRD01085,2,7889.14,0.0,15778.28,8272.58,Debit Card,Walk-in
SAL20250068716,2025-07-31,STR002,PRD00309,2,1344.75,0.0,2689.5,1274.3,Debit Card,Regular
SAL20250068717,2025-07-29,STR031,PRD00614,2,52.25,0.0,104.5,68.56,Debit Card,Walk-in
SAL20250068718,2025-07-21,STR037,PRD01166,1,3220.85,0.1,2898.76,1660.43,UPI,Walk-in
SAL20250068719,2025-07-24,STR020,PRD01148,1,584.33,0.0,584.33,241.48,Credit Card,Walk-in
SAL20250068720,2025-07-09,STR022,PRD00365,1,693.15,0.0,693.15,448.69,Debit Card,Walk-in
SAL20250068721,2025-07-25,STR037,PRD00838,2,1522.8,0.0,3045.6,2093.7,Debit Card,Walk-in
SAL20250068722,2025-07-21,STR010,PRD00789,2,4846.68,0.0,9693.36,5869.82,UPI,Regular
SAL20250068723,2025-07-19,STR039,PRD00079,1,19037.37,0.0,19037.37,13485.77,UPI,Walk-in
SAL20250068724,2025-07-13,STR009,PRD00715,1,2949.53,0.0,2949.53,1984.0,Net Banking,Corporate
SAL20250068725,2025-07-23,STR003,PRD00210,1,8463.87,0.0,8463.87,5533.2,UPI,Premium
SAL20250068726,2025-07-04,STR009,PRD00875,1,258.44,0.0,258.44,150.9,Debit Card,Walk-in
SAL20250068727,2025-07-02,STR017,PRD00874,2,3195.38,0.0,6390.76,4664.96,Net Banking,Walk-in
SAL20250068728,2025-07-16,STR011,PRD00687,1,2662.45,0.0,2662.45,1789.17,Credit Card,Regular
SAL20250068729,2025-07-22,STR024,PRD01014,5,1123.09,0.0,5615.45,3180.4,UPI,Premium
SAL20250068730,2025-07-10,STR014,PRD01143,2,5565.18,0.0,11130.36,6314.64,Cash,Walk-in
SAL20250068731,2025-07-30,STR007,PRD01005,1,682.39,0.1,614.15,475.7,UPI,Walk-in
SAL20250068732,2025-07-20,STR028,PRD00146,1,5953.14,0.0,5953.14,4155.91,Credit Card,Walk-in
SAL20250068733,2025-07-11,STR002,PRD00165,2,10264.9,0.0,20529.8,13343.66,UPI,Regular
SAL20250068734,2025-07-16,STR038,PRD00692,2,1997.13,0.0,3994.26,2891.8,UPI,Walk-in
SAL20250068735,2025-07-17,STR021,PRD00992,1,439.67,0.0,439.67,224.17,Debit Card,Walk-in
SAL20250068736,2025-07-20,STR036,PRD00684,1,3989.77,0.05,3790.28,2465.54,Debit Card,Regular
SAL20250068737,2025-07-11,STR021,PRD00912,2,532.47,0.0,1064.94,612.6,Debit Card,Corporate
SAL20250068738,2025-07-27,STR017,PRD00535,1,314.95,0.0,314.95,224.28,UPI,Walk-in
SAL20250068739,2025-07-03,STR024,PRD00610,1,637.82,0.0,637.82,413.73,Credit Card,Walk-in
SAL20250068740,2025-07-08,STR031,PRD00915,1,703.59,0.0,703.59,463.15,Debit Card,Premium
SAL20250068741,2025-07-29,STR029,PRD00458,1,587.81,0.0,587.81,445.92,Cash,Walk-in
SAL20250068742,2025-07-08,STR040,PRD00235,1,11077.6,0.0,11077.6,6683.62,Net Banking,Walk-in
SAL20250068743,2025-07-16,STR026,PRD00995,1,585.44,0.0,585.44,417.72,UPI,Walk-in
SAL20250068744,2025-07-30,STR041,PRD00879,1,2290.26,0.0,2290.26,1614.23,UPI,Premium
SAL20250068745,2025-07-17,STR021,PRD00932,1,479.96,0.0,479.96,293.99,Credit Card,Regular
SAL20250068746,2025-07-04,STR015,PRD00758,2,4375.02,0.0,8750.04,6336.54,UPI,Premium
SAL20250068747,2025-07-29,STR026,PRD00919,3,3391.01,0.0,10173.03,6696.24,UPI,Regular
SAL20250068748,2025-07-16,STR006,PRD00086,1,22194.93,0.0,22194.93,15176.58,Debit Card,Walk-in
SAL20250068749,2025-07-05,STR033,PRD00086,1,22194.93,0.0,22194.93,15176.58,UPI,Regular
SAL20250068750,2025-07-04,STR026,PRD01017,2,1092.19,0.0,2184.38,1183.38,UPI,Premium
SAL20250068751,2025-07-27,STR002,PRD00992,2,439.67,0.05,835.37,448.34,UPI,Premium
SAL20250068752,2025-07-01,STR018,,6,224.43,0.0,1346.58,976.26,UPI,Regular
SAL20250068753,2025-07-24,STR006,PRD00084,1,11056.09,0.0,11056.09,8293.77,UPI,Walk-in
SAL20250068754,2025-07-22,STR031,PRD00561,1,111.53,0.1,100.38,75.49,Credit Card,Corporate
SAL20250068755,2025-07-06,STR017,PRD00902,2,258.19,0.0,516.38,308.14,UPI,Regular
SAL20250068756,2025-07-29,STR015,PRD01187,1,5464.91,0.0,5464.91,3354.99,Credit Card,Walk-in
SAL20250068757,2025-07-09,STR034,PRD00536,5,393.56,0.05,1869.41,1354.75,Debit Card,Walk-in
SAL20250068758,2025-07-18,STR033,PRD00052,1,1655.5,0.0,1655.5,1137.08,Credit Card,Regular
SAL20250068759,2025-07-03,STR016,PRD00448,6,612.68,0.0,3676.08,3111.36,UPI,Walk-in
SAL20250068760,2025-07-17,STR027,PRD00090,1,8184.6,0.0,8184.6,5556.86,Net Banking,Regular
SAL20250068761,2025-07-09,STR020,PRD00863,1,1338.83,0.0,1338.83,745.06,UPI,Walk-in
SAL20250068762,2025-07-09,STR014,PRD00139,1,2949.49,0.0,2949.49,1812.36,UPI,Walk-in
SAL20250068763,2025-07-21,STR012,PRD01130,2,3164.31,0.0,6328.62,3779.28,Credit Card,Regular
SAL20250068764,2025-07-19,STR003,PRD00370,3,676.23,0.0,2028.69,1353.99,UPI,Regular
SAL20250068765,2025-07-08,STR036,PRD00572,1,728.84,0.0,728.84,468.84,Debit Card,Walk-in
SAL20250068766,2025-07-18,STR006,PRD00372,3,542.7,0.0,1628.1,827.94,UPI,Walk-in
SAL20250068767,2025-07-23,STR029,PRD00712,1,1580.0,0.0,1580.0,947.15,UPI,Regular
SAL20250068768,2025-07-27,STR008,PRD00038,1,2962.9,0.05,2814.76,2113.53,Cash,Premium
SAL20250068769,2025-07-07,STR031,PRD00225,1,9871.63,0.0,9871.63,6952.04,Cash,Premium
SAL20250068770,2025-07-02,STR011,PRD00414,3,546.79,0.0,1640.37,1275.96,Debit Card,Regular
SAL20250068771,2025-07-25,STR012,PRD00954,5,1090.11,0.05,5178.02,3074.8,Debit Card,Regular
SAL20250068772,2025-07-09,STR039,PRD01057,1,52.31,0.05,49.69,33.3,Debit Card,Walk-in
SAL20250068773,2025-07-06,STR030,PRD00508,1,125.21,0.0,125.21,109.93,UPI,Regular
SAL20250068774,2025-07-24,STR001,PRD00018,1,13116.16,0.0,13116.16,9769.19,UPI,Regular
SAL20250068775,2025-07-08,STR036,PRD00426,5,496.18,0.05,2356.86,2079.35,UPI,Regular
SAL20250068776,2025-07-17,STR018,PRD01127,3,730.99,0.0,2192.97,958.17,UPI,Walk-in
SAL20250068777,2025-07-02,STR035,PRD00420,3,876.02,0.0,2628.06,2227.71,Net Banking,Premium
SAL20250068778,2025-07-10,STR036,PRD00576,1,451.26,0.0,451.26,330.56,UPI,Walk-in
SAL20250068779,2025-07-04,STR030,PRD00595,2,524.85,0.0,1049.7,729.04,Credit Card,Walk-in
SAL20250068780,2025-07-08,STR001,PRD00337,1,1047.01,0.1,942.31,731.43,UPI,Walk-in
SAL20250068781,2025-07-25,STR008,PRD00850,2,1897.52,0.0,3795.04,2470.14,Debit Card,Regular
SAL20250068782,2025-07-24,STR027,PRD00298,1,1012.57,0.0,1012.57,666.12,Credit Card,Regular
SAL20250068783,2025-07-08,STR018,PRD01100,1,6765.12,0.05,6426.86,4080.87,Debit Card,Walk-in
SAL20250068784,2025-07-30,STR011,PRD00336,1,1590.59,0.1,1431.53,821.11,Credit Card,Walk-in
SAL20250068785,2025-07-12,STR023,PRD00486,1,161.3,0.0,161.3,123.55,UPI,Regular
SAL20250068786,2025-07-10,STR025,PRD00117,1,5653.79,0.1,5088.41,4053.02,UPI,Walk-in
SAL20250068787,2025-07-28,STR024,PRD00757,1,1608.8,0.0,1608.8,1037.87,Credit Card,Premium
SAL20250068788,2025-07-29,STR040,PRD00559,2,674.89,0.0,1349.78,843.12,Credit Card,Walk-in
SAL20250068789,2025-07-10,STR009,PRD00427,1,558.44,0.0,558.44,484.26,UPI,Regular
SAL20250068790,2025-07-10,STR016,PRD00042,1,15775.49,0.0,15775.49,11939.67,UPI,Walk-in
SAL20250068791,2025-07-13,STR028,PRD00550,4,639.85,0.0,2559.4,1459.68,Debit Card,Premium
SAL20250068792,2025-07-30,STR007,PRD00084,1,11056.09,0.0,11056.09,8293.77,Debit Card,Regular
SAL20250068793,2025-07-17,STR027,PRD00837,1,4012.56,0.0,4012.56,2368.64,Debit Card,Regular
SAL20250068794,2025-07-25,STR019,PRD01060,1,277.54,0.0,277.54,198.35,UPI,Regular
SAL20250068795,2025-07-30,STR031,PRD00119,1,21410.34,0.0,21410.34,16034.57,UPI,Walk-in
SAL20250068796,2025-07-08,STR031,PRD00976,1,1125.69,0.05,1069.41,582.61,UPI,Regular
SAL20250068797,2025-07-20,STR009,PRD01158,4,7747.18,0.0,30988.72,16709.12,Credit Card,Walk-in
SAL20250068798,2025-07-24,STR011,PRD00666,4,224.43,0.0,897.72,650.84,UPI,Regular
SAL20250068799,2025-07-29,STR040,PRD00061,1,7691.1,0.0,7691.1,5309.86,UPI,Regular
SAL20250068800,2025-07-27,STR013,PRD00131,1,11948.61,0.0,11948.61,9032.43,Credit Card,Regular
SAL20250068801,2025-07-03,STR024,PRD00494,2,893.47,0.0,1786.94,1365.46,Credit Card,Walk-in
SAL20250068802,2025-07-15,STR001,PRD00514,2,1177.91,0.1,2120.24,1828.66,UPI,Walk-in
SAL20250068803,2025-07-12,STR019,PRD01121,1,2103.52,0.0,2103.52,974.58,UPI,Regular
SAL20250068804,2025-07-10,STR012,PRD00999,1,1102.59,0.0,1102.59,586.85,UPI,Walk-in
SAL20250068805,2025-07-10,STR025,PRD00439,4,122.61,0.0,490.44,382.44,Credit Card,Walk-in
SAL20250068806,2025-07-01,STR007,PRD00030,1,17262.94,0.0,17262.94,12589.59,UPI,Regular
SAL20250068807,2025-07-04,STR037,PRD00359,2,1383.56,0.1,2490.41,1287.28,Debit Card,Regular
SAL20250068808,2025-07-06,STR019,PRD01010,1,762.29,0.0,762.29,399.52,UPI,Regular
SAL20250068809,2025-07-08,STR015,PRD00755,1,511.82,0.0,511.82,344.31,UPI,Walk-in
SAL20250068810,2025-07-27,STR028,PRD00352,1,930.67,0.0,930.67,596.9,UPI,Premium
SAL20250068811,2025-07-04,STR037,PRD00902,2,258.19,0.0,516.38,308.14,UPI,Regular
SAL20250068812,2025-07-06,STR017,PRD00762,1,1596.23,0.0,1596.23,909.86,UPI,Walk-in
SAL20250068813,2025-07-08,STR026,PRD01035,1,199.19,0.0,199.19,125.07,UPI,Corporate
SAL20250068814,2025-07-15,STR005,PRD00055,2,18236.77,0.0,36473.54,24466.08,UPI,Regular
SAL20250068815,2025-07-06,STR001,PRD01062,2,925.26,0.0,1850.52,1086.12,Net Banking,Premium
SAL20250068816,2025-07-15,STR013,PRD00893,1,963.04,0.0,963.04,603.05,UPI,Regular
SAL20250068817,2025-07-20,STR034,PRD00017,1,6386.7,0.0,6386.7,4504.98,Debit Card,Premium
SAL20250068818,2025-07-18,STR038,PRD00174,1,698.44,0.0,698.44,523.24,Debit Card,Regular
SAL20250068819,2025-07-02,STR006,PRD00838,1,1522.8,0.0,1522.8,1046.85,Credit Card,Walk-in
SAL20250068820,2025-07-18,STR019,PRD00651,2,368.8,0.0,737.6,512.96,Credit Card,Regular
SAL20250068821,2025-07-14,STR023,PRD00296,2,250.04,0.0,500.08,243.26,Cash,Walk-in
SAL20250068822,2025-07-10,STR013,PRD00572,2,728.84,0.0,1457.68,937.68,Credit Card,Premium
SAL20250068823,2025-07-27,STR016,PRD00069,1,11744.39,0.0,11744.39,7701.34,UPI,Walk-in
SAL20250068824,2025-07-24,STR005,PRD00459,1,918.25,0.0,918.25,735.01,Cash,Walk-in
SAL20250068825,2026-05-15,STR008,PRD00769,2,1757.79,0.0,3515.58,2484.34,Debit Card,Regular
SAL20250068826,2025-07-19,STR035,PRD00812,1,3142.68,0.1,2828.41,1823.3,Debit Card,Regular
SAL20250068827,2025-07-30,STR029,PRD01019,2,948.07,0.0,1896.14,979.5,Debit Card,Regular
SAL20250068828,2025-07-04,STR010,PRD00096,1,1587.91,0.0,1587.91,1154.69,Debit Card,Corporate
SAL20250068829,2025-07-06,STR021,PRD00868,4,1450.33,0.05,5511.25,3648.84,UPI,Walk-in
SAL20250068830,2025-07-19,STR039,PRD00495,6,212.14,0.0,1272.84,985.62,Net Banking,Walk-in
SAL20250068831,2025-07-30,STR038,PRD01132,1,7393.47,0.0,7393.47,3891.12,UPI,Regular
SAL20250068832,2025-07-17,STR008,PRD00148,1,6813.06,0.0,6813.06,4694.28,Credit Card,Walk-in
SAL20250068833,2025-07-04,STR040,PRD00173,1,9167.15,0.0,9167.15,5751.32,UPI,Regular
SAL20250068834,2025-07-08,STR029,PRD00951,2,594.37,0.0,1188.74,704.76,UPI,Regular
SAL20250068835,2025-07-25,STR021,PRD00453,1,1257.16,0.0,1257.16,946.37,UPI,Regular
SAL20250068836,2025-07-16,STR013,PRD00234,1,3859.31,0.0,3859.31,2374.04,UPI,Corporate
SAL20250068837,2025-07-06,STR027,PRD00264,1,4452.38,0.05,4229.76,3172.04,Credit Card,Walk-in
SAL20250068838,2025-07-15,STR040,PRD00620,3,556.49,0.05,1586.0,977.01,UPI,Walk-in
SAL20250068839,2025-07-26,STR037,PRD00452,1,1046.75,0.0,1046.75,879.65,UPI,Regular
SAL20250068840,2025-07-07,STR013,PRD01048,2,623.5,0.0,1247.0,830.38,Credit Card,Walk-in
SAL20250068841,2025-07-29,STR023,PRD01070,1,5540.5,0.0,5540.5,2576.77,Debit Card,Regular
SAL20250068842,2025-07-19,STR037,PRD00773,2,733.06,0.0,1466.12,1036.9,UPI,Regular
SAL20250068843,2025-07-15,STR001,PRD00704,1,1185.8,0.0,1185.8,707.14,Cash,Regular
SAL20250068844,2025-07-21,STR022,PRD00254,1,11020.14,0.0,11020.14,6776.21,Net Banking,Regular
SAL20250068845,2025-07-16,STR028,PRD00482,5,411.59,0.0,2057.95,1720.6,Cash,Walk-in
SAL20250068846,2025-07-21,STR007,PRD00373,2,159.48,0.1,287.06,171.08,Debit Card,Regular
SAL20250068847,2025-07-25,STR007,PRD00920,1,2715.99,0.0,2715.99,1534.46,Net Banking,Regular
SAL20250068848,2025-07-07,STR037,PRD00758,3,4375.02,0.0,13125.06,9504.81,UPI,Regular
SAL20250068849,2025-07-19,STR028,PRD01192,2,7158.24,0.0,14316.48,8131.96,Debit Card,Regular
SAL20250068850,2025-07-13,STR017,PRD00014,1,5918.05,0.0,5918.05,4586.64,UPI,Regular
SAL20250068851,2025-07-12,STR023,PRD00779,2,1606.83,0.0,3213.66,1996.58,UPI,Regular
SAL20250068852,2025-07-04,STR040,PRD00641,4,499.93,0.05,1899.73,1332.48,UPI,Regular
SAL20250068853,2025-07-23,STR023,PRD00668,1,302.1,0.05,287.0,216.54,Debit Card,Regular
SAL20250068854,2025-07-03,STR007,PRD01035,4,199.19,0.0,796.76,500.28,Credit Card,Regular
SAL20250068855,2025-07-02,STR038,PRD01110,2,1048.97,0.0,2097.94,1162.22,UPI,Regular
SAL20250068856,2025-07-04,STR012,PRD00422,3,218.73,0.0,656.19,500.79,Credit Card,Regular
SAL20250068857,2025-07-30,STR008,PRD00031,1,18632.2,0.0,18632.2,13903.81,Debit Card,Walk-in
SAL20250068858,2025-07-03,STR032,PRD00388,1,522.1,0.0,522.1,256.49,Debit Card,Premium
SAL20250068859,2025-07-31,STR031,PRD00948,1,38.1,0.0,38.1,26.55,UPI,Regular
SAL20250068860,2025-07-03,STR005,PRD00548,4,172.01,0.0,688.04,481.44,Credit Card,Regular
SAL20250068861,2025-07-02,STR005,PRD00142,1,4154.89,0.0,4154.89,2736.44,UPI,Regular
SAL20250068862,2025-07-26,STR011,PRD00899,1,2165.69,0.0,2165.69,1458.76,UPI,Regular
SAL20250068863,2025-07-31,STR035,PRD00609,1,338.3,0.0,338.3,202.03,UPI,Regular
SAL20250068864,2025-07-27,STR024,PRD00712,1,1580.0,0.05,1501.0,947.15,Debit Card,Premium
SAL20250068865,2025-07-21,STR038,PRD00698,1,1659.66,0.0,1659.66,1094.59,UPI,Regular
SAL20250068866,2025-07-11,STR019,PRD01021,1,582.28,0.05,553.17,378.12,Debit Card,Premium
SAL20250068867,2025-07-10,STR014,PRD00600,4,709.55,0.0,2838.2,1876.64,UPI,Premium
SAL20250068868,2025-07-20,STR001,PRD00520,6,482.69,0.05,2751.33,2435.16,UPI,Regular
SAL20250068869,2025-07-04,STR026,PRD00947,4,413.13,0.0,1652.52,832.08,UPI,Regular
SAL20250068870,2025-07-15,STR041,PRD00192,1,3362.18,0.0,3362.18,2170.51,UPI,Walk-in
SAL20250068871,2025-07-03,STR018,PRD00241,1,7381.55,0.0,7381.55,5583.94,Debit Card,Regular
SAL20250068872,2025-07-02,STR023,PRD00848,2,2441.1,0.0,4882.2,3232.64,Credit Card,Regular
SAL20250068873,2025-07-30,STR015,PRD01056,1,449.88,0.0,449.88,302.01,Debit Card,Walk-in
SAL20250068874,2025-07-07,STR030,PRD01182,2,9675.4,0.0,19350.8,8531.12,UPI,Premium
SAL20250068875,2025-07-12,STR020,PRD00934,1,3207.23,0.0,3207.23,1811.07,UPI,Premium
SAL20250068876,2025-07-03,STR003,PRD00169,1,8761.68,0.0,8761.68,5628.67,Cash,Walk-in
SAL20250068877,2025-07-09,STR005,PRD00752,1,4535.72,0.0,4535.72,3022.89,UPI,Walk-in
SAL20250068878,2025-07-10,STR036,PRD00793,1,2445.38,0.0,2445.38,1405.41,UPI,Premium
SAL20250068879,2025-07-19,STR022,PRD00686,2,3692.38,0.0,7384.76,4227.66,UPI,Premium
SAL20250068880,2025-07-07,STR039,PRD01034,2,310.11,0.1,558.2,435.44,Debit Card,Regular
SAL20250068881,2025-07-05,STR003,PRD01064,1,155.0,0.0,155.0,78.63,Credit Card,Regular
SAL20250068882,2025-07-18,STR007,PRD00378,1,667.36,0.0,667.36,365.54,UPI,Regular
SAL20250068883,2025-07-06,STR016,PRD00928,1,2503.87,0.0,2503.87,1812.53,Cash,Regular
SAL20250068884,2025-07-19,STR033,PRD00501,1,707.96,0.0,707.96,547.35,UPI,Regular
SAL20250068885,2025-07-27,STR029,PRD00872,2,467.45,0.0,934.9,667.24,Debit Card,Regular
SAL20250068886,2025-07-11,STR008,PRD01171,2,6541.96,0.1,11775.53,5247.78,Net Banking,Regular
SAL20250068887,2025-07-10,STR027,PRD01112,1,3077.42,0.0,3077.42,1558.19,Credit Card,Walk-in
SAL20250068888,2025-07-13,STR020,PRD00505,1,1140.95,0.0,1140.95,860.47,Net Banking,Regular
SAL20250068889,2025-07-19,STR011,PRD00042,1,15775.49,0.0,15775.49,11939.67,UPI,Walk-in
SAL20250068890,2025-07-31,STR023,PRD00046,1,12754.14,0.0,12754.14,8397.4,UPI,Walk-in
SAL20250068891,2025-07-30,STR006,PRD00793,1,2445.38,0.1,2200.84,1405.41,UPI,Walk-in
SAL20250068892,2025-07-25,STR035,PRD00479,2,303.49,0.0,606.98,511.22,Credit Card,Regular
SAL20250068893,2025-07-06,STR006,PRD00955,4,608.44,0.0,2433.76,1643.6,UPI,Walk-in
SAL20250068894,2025-07-21,STR006,PRD00269,1,151.87,0.0,151.87,99.82,UPI,Regular
SAL20250068895,2025-07-31,STR003,PRD01170,1,1269.68,0.1,1142.71,694.9,Credit Card,Walk-in
SAL20250068896,2025-07-30,STR035,PRD00582,1,535.32,0.0,535.32,385.0,UPI,Walk-in
SAL20250068897,2025-07-13,STR020,PRD01189,1,5263.0,0.0,5263.0,2237.37,Debit Card,Walk-in
SAL20250068898,2025-07-31,STR026,PRD00722,1,2039.88,0.0,2039.88,1170.85,UPI,Walk-in
SAL20250068899,2025-07-17,STR007,PRD00188,1,6172.58,0.0,6172.58,4027.57,UPI,Walk-in
SAL20250068900,2025-07-11,STR011,PRD00276,1,499.9,0.0,499.9,292.67,Credit Card,Regular
SAL20250068901,2025-07-11,STR038,PRD00223,1,11271.43,0.0,11271.43,7014.79,UPI,Premium
SAL20250068902,2025-07-16,STR015,PRD00465,6,578.8,0.0,3472.8,2656.8,UPI,Regular
SAL20250068903,2025-07-10,STR036,PRD00163,1,12710.38,0.0,12710.38,7712.99,UPI,Premium
SAL20250068904,2025-07-05,STR010,PRD00322,1,839.74,0.0,839.74,587.36,UPI,Regular
SAL20250068905,2025-07-17,STR007,PRD00290,1,747.46,0.0,747.46,478.32,UPI,Walk-in
SAL20250068906,2025-07-02,STR012,PRD00412,1,576.41,0.05,547.59,454.75,UPI,Regular
SAL20250068907,2025-07-04,STR017,PRD00338,1,1223.61,0.0,1223.61,688.23,Net Banking,Walk-in
SAL20250068908,2025-07-19,STR029,PRD00447,2,458.65,0.05,871.43,711.32,Credit Card,Regular
SAL20250068909,2025-07-22,STR022,PRD00282,1,705.96,0.0,705.96,470.23,Credit Card,Regular
SAL20250068910,2025-07-09,STR020,PRD01005,1,682.39,0.0,682.39,475.7,UPI,Premium
SAL20250068911,2025-07-23,STR004,PRD01154,1,1216.46,0.0,1216.46,611.46,Cash,Walk-in
SAL20250068912,2025-07-15,STR026,PRD01073,1,4074.99,0.05,3871.24,2440.45,UPI,Regular
SAL20250068913,2025-07-31,STR017,PRD01130,3,3164.31,0.0,9492.93,5668.92,UPI,Walk-in
SAL20250068914,2025-07-06,STR010,PRD00072,2,4522.2,0.0,9044.4,6249.18,Credit Card,Regular
SAL20250068915,2025-07-28,STR024,PRD00752,2,4535.72,0.05,8617.87,6045.78,Debit Card,Premium
SAL20250068916,2025-07-08,STR023,PRD00195,1,4088.9,0.0,4088.9,3108.85,Cash,Regular
SAL20250068917,2025-07-06,STR024,PRD00810,2,406.14,0.0,812.28,522.2,UPI,Regular
SAL20250068918,2025-07-08,STR013,PRD00344,4,702.67,0.0,2810.68,1734.4,UPI,Regular
SAL20250068919,2025-07-07,STR033,PRD00761,1,367.88,0.0,367.88,269.21,Debit Card,Regular
SAL20250068920,2025-07-13,STR008,PRD01010,2,762.29,0.0,1524.58,799.04,Net Banking,Walk-in
SAL20250068921,2025-07-09,STR001,PRD01190,2,7433.72,0.0,14867.44,7540.62,Cash,Premium
SAL20250068922,2025-07-04,STR030,PRD00285,1,1499.26,0.0,1499.26,768.76,Credit Card,Regular
SAL20250068923,2025-07-21,STR033,PRD00175,1,11344.22,0.0,11344.22,7434.87,Cash,Regular
SAL20250068924,2025-07-23,STR019,PRD00099,1,19924.5,0.0,19924.5,14858.06,Debit Card,Premium
SAL20250068925,2025-07-11,STR018,PRD00522,4,1139.79,0.0,4559.16,3503.32,UPI,Walk-in
SAL20250068926,2025-07-21,STR038,PRD00905,2,2497.02,0.0,4994.04,3065.76,Cash,Regular
SAL20250068927,2025-07-18,STR023,PRD00358,1,873.37,0.05,829.7,466.67,Credit Card,Walk-in
SAL20250068928,2025-07-01,STR041,PRD00029,1,24663.79,0.0,24663.79,16157.43,Cash,Regular
SAL20250068929,2025-07-25,STR004,PRD01098,1,1920.11,0.05,1824.1,1122.86,Cash,Regular
SAL20250068930,2025-07-14,STR022,PRD00140,1,6378.06,0.0,6378.06,4851.7,UPI,Regular
SAL20250068931,2025-07-18,STR026,PRD00433,10,1065.88,0.0,10658.8,8617.5,Debit Card,Regular
SAL20250068932,2025-07-31,STR017,PRD00160,1,7937.44,0.0,7937.44,4808.49,UPI,Walk-in
SAL20250068933,2025-07-31,STR041,PRD01039,2,616.85,0.0,1233.7,787.88,UPI,Premium
SAL20250068934,2025-07-21,STR023,PRD01012,2,896.48,0.0,1792.96,1165.16,Debit Card,Regular
SAL20250068935,2025-07-01,STR039,PRD00776,3,1145.74,0.0,3437.22,2054.28,Credit Card,Regular
SAL20250068936,2025-07-10,STR023,PRD00878,1,1229.84,0.05,1168.35,796.56,UPI,Walk-in
SAL20250068937,2025-07-30,STR030,PRD01182,1,9675.4,0.0,9675.4,4265.56,UPI,Walk-in
SAL20250068938,2025-07-15,STR021,PRD01124,1,4813.39,0.0,4813.39,2177.75,Credit Card,Regular
SAL20250068939,2025-07-23,STR026,PRD00778,1,875.87,0.0,875.87,569.54,UPI,Regular
SAL20250068940,2025-07-29,STR012,PRD00489,1,850.74,0.0,850.74,690.88,UPI,Regular
SAL20250068941,2025-07-11,STR001,PRD00300,2,1106.33,0.0,2212.66,1202.2,UPI,Regular
SAL20250068942,2025-07-21,STR010,PRD00220,1,5859.46,0.0,5859.46,4561.44,UPI,Walk-in
SAL20250068943,2025-07-02,STR026,PRD01169,2,6625.23,0.05,12587.94,8002.82,UPI,Regular
SAL20250068944,2025-07-30,STR039,PRD00127,1,14293.97,0.0,14293.97,10567.08,UPI,Walk-in
SAL20250068945,2025-07-08,STR006,PRD01169,1,6625.23,0.0,6625.23,4001.41,Credit Card,Premium
SAL20250068946,2025-07-06,STR014,PRD00212,1,9559.41,0.0,9559.41,6260.97,Credit Card,Premium
SAL20250068947,2025-07-28,STR005,PRD00868,1,1450.33,0.0,1450.33,912.21,Net Banking,Walk-in
SAL20250068948,2025-07-18,STR011,PRD00773,3,733.06,0.0,2199.18,1555.35,UPI,Walk-in
SAL20250068949,2025-07-13,STR013,PRD00001,1,21322.84,0.0,21322.84,15337.08,Credit Card,Regular
SAL20250068950,2025-07-11,STR030,PRD00634,1,509.03,0.1,458.13,298.96,Credit Card,Regular
SAL20250068951,2025-07-23,STR003,PRD00888,1,2557.48,0.05,2429.61,1725.04,UPI,Walk-in
SAL20250068952,2025-07-23,STR038,PRD00795,1,965.34,0.0,965.34,688.02,UPI,Walk-in
SAL20250068953,2025-07-11,STR004,PRD00991,5,894.61,0.0,4473.05,2572.65,UPI,Premium
SAL20250068954,2025-07-31,STR011,PRD00011,1,13229.12,0.0,13229.12,9834.69,Credit Card,Regular
SAL20250068955,2025-07-01,STR037,PRD00867,2,798.49,0.0,1596.98,915.52,Net Banking,Premium
SAL20250068956,2025-07-26,STR037,PRD00540,3,550.54,0.0,1651.62,1165.86,UPI,Walk-in
SAL20250068957,2025-07-25,STR017,PRD01009,2,52.33,0.0,104.66,58.78,UPI,Regular
SAL20250068958,2025-07-23,STR029,PRD00554,1,805.55,0.0,805.55,466.41,Credit Card,Walk-in
SAL20250068959,2025-07-12,STR038,PRD01150,1,4074.75,0.05,3871.01,2372.04,UPI,Walk-in
SAL20250068960,2025-07-05,STR002,PRD00252,1,10910.07,0.05,10364.57,7523.25,Credit Card,Walk-in
SAL20250068961,2025-07-19,STR035,PRD00861,3,3212.99,0.0,9638.97,5321.4,UPI,Walk-in
SAL20250068962,2025-07-10,STR018,PRD00565,2,107.78,0.0,215.56,122.96,Credit Card,Premium
SAL20250068963,2025-07-13,STR002,PRD00190,1,12169.57,0.0,12169.57,7955.32,UPI,Regular
SAL20250068964,2025-07-10,STR001,PRD01126,1,2931.04,0.0,2931.04,1651.37,UPI,Premium
SAL20250068965,2025-07-05,STR004,PRD00528,5,1118.04,0.0,5590.2,4731.7,Debit Card,Walk-in
SAL20250068966,2025-07-08,STR026,PRD00303,1,674.18,0.0,674.18,362.28,UPI,Regular
SAL20250068967,2025-07-13,STR011,PRD00965,1,67.67,0.05,64.29,48.46,UPI,Regular
SAL20250068968,2025-07-12,STR027,PRD00940,4,57.11,0.0,228.44,155.44,Debit Card,Regular
SAL20250068969,2025-07-06,STR019,PRD00865,1,2254.56,0.0,2254.56,1423.93,Cash,Premium
SAL20250068970,2025-07-01,STR039,PRD00592,3,365.4,0.0,1096.2,654.87,Debit Card,Regular
SAL20250068971,2025-07-27,STR023,PRD00233,1,9134.67,0.0,9134.67,7104.84,UPI,Walk-in
SAL20250068972,2025-07-02,STR007,PRD00911,4,807.88,0.1,2908.37,2408.8,Credit Card,Regular
SAL20250068973,2025-07-29,STR006,PRD01168,2,4286.69,0.05,8144.71,4948.08,UPI,Regular
SAL20250068974,2025-07-19,STR016,PRD00356,3,1354.34,0.0,4063.02,2202.54,Debit Card,Premium
SAL20250068975,2025-07-24,STR036,PRD00054,1,16291.52,0.0,16291.52,11840.34,UPI,Walk-in
SAL20250068976,2025-07-06,STR013,PRD00679,2,2876.53,0.0,5753.06,3731.08,UPI,Walk-in
SAL20250068977,2025-07-19,STR009,PRD00174,1,698.44,0.0,698.44,523.24,Credit Card,Walk-in
SAL20250068978,2025-07-23,STR013,PRD00263,2,3207.01,0.0,6414.02,4878.2,Debit Card,Regular
SAL20250068979,2025-07-14,STR023,PRD00078,1,9036.37,0.1,8132.73,6491.36,Debit Card,Corporate
SAL20250068980,2025-07-13,STR041,PRD00160,1,7937.44,0.0,7937.44,4808.49,UPI,Regular
SAL20250068981,2025-07-17,STR030,PRD00164,1,7383.75,0.0,7383.75,4728.61,Cash,Regular
SAL20250068982,2025-07-31,STR027,PRD00215,1,9358.07,0.0,9358.07,6525.15,UPI,Walk-in
SAL20250068983,2025-07-23,STR039,PRD00643,2,345.09,0.0,690.18,435.2,Cash,Regular
SAL20250068984,2025-07-24,STR007,PRD00869,4,3787.4,0.0,15149.6,9465.6,Credit Card,Premium
SAL20250068985,2025-07-01,STR015,PRD00452,2,1046.75,0.0,2093.5,1759.3,UPI,Premium
SAL20250068986,2025-07-13,STR032,PRD00866,2,1023.05,0.0,2046.1,1244.74,UPI,Walk-in
SAL20250068987,2025-07-19,STR002,PRD00548,4,172.01,0.0,688.04,481.44,UPI,Premium
SAL20250068988,2025-07-24,STR031,PRD00269,1,151.87,0.0,151.87,99.82,UPI,Corporate
SAL20250068989,2025-07-07,STR014,PRD00127,1,14293.97,0.0,14293.97,10567.08,Debit Card,Regular
SAL20250068990,2025-07-08,STR009,PRD00872,1,467.45,0.1,420.7,333.62,Cash,Walk-in
SAL20250068991,2025-07-14,STR026,PRD01012,4,896.48,0.05,3406.62,2330.32,UPI,Corporate
SAL20250068992,2025-07-21,STR009,PRD00843,1,1073.63,0.0,1073.63,689.46,UPI,Regular
SAL20250068993,2025-07-04,STR028,PRD00369,1,1020.79,0.0,1020.79,482.49,UPI,Premium
SAL20250068994,2025-07-12,STR024,PRD00684,1,3989.77,0.05,3790.28,2465.54,UPI,Regular
SAL20250068995,2025-07-03,STR021,PRD00011,1,13229.12,0.0,13229.12,9834.69,Credit Card,Premium
SAL20250068996,2025-07-14,STR036,PRD00135,1,9390.96,0.0,9390.96,6866.63,UPI,Regular
SAL20250068997,2025-07-28,STR003,PRD01030,2,525.24,0.0,1050.48,635.14,Credit Card,Regular
SAL20250068998,2025-07-06,STR004,PRD00354,2,1099.31,0.0,2198.62,1299.32,Credit Card,Walk-in
SAL20250068999,2025-07-20,STR004,PRD00277,1,1350.87,0.0,1350.87,680.25,UPI,Walk-in
SAL20250069000,2025-07-31,STR016,PRD00503,1,634.01,0.0,634.01,525.79,UPI,Regular
SAL20250069001,2025-07-17,STR005,PRD00748,2,2656.98,0.0,5313.96,3630.76,UPI,Regular
SAL20250069002,2025-07-16,STR017,PRD00507,1,259.46,0.0,259.46,215.35,Net Banking,Regular
SAL20250069003,2025-07-25,STR032,PRD00891,3,506.36,0.1,1367.17,1121.07,Cash,Walk-in
SAL20250069004,2025-07-02,STR038,PRD00539,1,69.32,0.0,69.32,47.73,Credit Card,Premium
SAL20250069005,2025-07-27,STR015,PRD01200,1,1804.12,0.0,1804.12,865.8,Credit Card,Regular
SAL20250069006,2025-07-29,STR025,PRD00865,4,2254.56,0.0,9018.24,5695.72,Debit Card,Walk-in
SAL20250069007,2025-07-03,STR024,PRD00738,3,984.8,0.0,2954.4,2061.12,Credit Card,Regular
SAL20250069008,2025-07-08,STR024,PRD00600,2,709.55,0.0,1419.1,938.32,UPI,Corporate
SAL20250069009,2025-07-29,STR033,PRD00218,1,7357.64,0.0,7357.64,5051.02,Credit Card,Regular
SAL20250069010,2025-07-10,STR027,PRD00524,3,128.85,0.0,386.55,319.5,Credit Card,Walk-in
SAL20250069011,2025-07-24,STR022,PRD00879,2,2290.26,0.0,4580.52,3228.46,Cash,Premium
SAL20250069012,2025-07-12,STR012,PRD00576,1,451.26,0.0,451.26,330.56,UPI,Regular
SAL20250069013,2025-07-07,STR013,PRD00852,1,1751.61,0.0,1751.61,1214.84,Debit Card,Premium
SAL20250069014,2025-07-01,STR022,PRD00854,1,2355.83,0.0,2355.83,1467.93,UPI,Walk-in
SAL20250069015,2025-07-20,STR029,PRD00872,3,467.45,0.0,1402.35,1000.86,UPI,Walk-in
SAL20250069016,2025-07-18,STR022,PRD00159,1,4881.58,0.05,4637.5,3676.52,UPI,Walk-in
SAL20250069017,2025-07-15,STR007,PRD00939,2,463.84,0.0,927.68,484.68,Credit Card,Regular
SAL20250069018,2025-07-16,STR009,PRD00726,1,2171.72,0.0,2171.72,1497.85,Credit Card,Regular
SAL20250069019,2025-07-22,STR012,PRD00507,2,259.46,0.05,492.97,430.7,Cash,Premium
SAL20250069020,2025-07-04,STR022,PRD00335,3,1156.98,0.0,3470.94,1867.68,Cash,Regular
SAL20250069021,2025-07-08,STR024,PRD00601,3,50.1,0.1,135.27,92.46,Credit Card,Regular
SAL20250069022,2025-07-20,STR008,PRD00421,1,579.98,0.0,579.98,486.5,Debit Card,Premium
SAL20250069023,2025-07-07,STR024,PRD00770,3,1474.46,0.0,4423.38,3271.17,UPI,Walk-in
SAL20250069024,2025-07-19,STR008,PRD00655,3,75.89,0.0,227.67,141.45,Debit Card,Walk-in
SAL20250069025,2025-07-22,STR028,PRD01143,1,5565.18,0.0,5565.18,3157.32,UPI,Regular
SAL20250069026,2025-07-05,STR034,PRD00533,1,799.67,0.0,799.67,662.06,UPI,Walk-in
SAL20250069027,2025-07-09,STR022,PRD01025,2,56.45,0.1,101.61,60.3,UPI,Walk-in
SAL20250069028,2025-07-14,STR016,PRD01179,1,3455.57,0.1,3110.01,2074.52,Cash,Walk-in
SAL20250069029,2025-07-01,STR019,PRD00537,2,133.85,0.0,267.7,157.56,UPI,Premium
SAL20250069030,2025-07-29,STR026,PRD01062,1,925.26,0.0,925.26,543.06,Credit Card,Walk-in
SAL20250069031,2025-07-02,STR030,PRD00426,1,496.18,0.0,496.18,415.87,Net Banking,Regular
SAL20250069032,2025-07-20,STR016,PRD00256,2,13048.37,0.0,26096.74,16214.1,UPI,Corporate
SAL20250069033,2025-07-02,STR026,PRD00568,2,465.88,0.1,838.58,576.62,Debit Card,Walk-in
SAL20250069034,2025-07-31,STR023,PRD00602,1,328.03,0.0,328.03,207.28,UPI,Walk-in
SAL20250069035,2025-07-11,STR013,PRD00235,1,11077.6,0.0,11077.6,6683.62,Credit Card,Walk-in
SAL20250069036,2025-07-10,STR007,PRD01016,2,253.56,0.0,507.12,322.8,Credit Card,Regular
SAL20250069037,2025-07-09,STR031,PRD00649,1,333.14,0.1,299.83,238.96,UPI,Regular
SAL20250069038,2025-07-09,STR020,PRD00455,4,683.36,0.0,2733.44,2253.88,Debit Card,Walk-in
SAL20250069039,2025-07-30,STR018,PRD00055,1,18236.77,0.0,18236.77,12233.04,UPI,Walk-in
SAL20250069040,2025-07-03,STR013,PRD00643,3,345.09,0.0,1035.27,652.8,Cash,Regular
SAL20250069041,2025-07-14,STR026,PRD01123,2,3145.87,0.0,6291.74,3804.52,UPI,Walk-in
SAL20250069042,2025-07-27,STR021,PRD01192,1,7158.24,0.0,7158.24,4065.98,UPI,Regular
SAL20250069043,2025-07-27,STR030,PRD00931,2,1839.81,0.0,3679.62,2493.76,Credit Card,Walk-in
SAL20250069044,2025-07-30,STR023,PRD00104,1,21587.41,0.05,20508.04,17582.83,UPI,Regular
SAL20250069045,2025-07-03,STR007,PRD00795,1,965.34,0.0,965.34,688.02,UPI,Regular
SAL20250069046,2025-07-17,STR021,PRD00787,3,291.05,0.0,873.15,567.42,UPI,Regular
SAL20250069047,2025-07-11,STR028,PRD00154,1,614.66,0.0,614.66,476.92,Cash,Regular
SAL20250069048,2025-07-29,STR012,PRD01196,4,1369.18,0.0,5476.72,2387.56,UPI,Premium
SAL20250069049,2025-07-04,STR022,PRD00208,1,2761.76,0.0,2761.76,2051.3,Cash,Premium
SAL20250069050,2025-07-15,STR024,PRD00042,1,15775.49,0.1,14197.94,11939.67,UPI,Regular
SAL20250069051,2025-07-31,STR038,PRD00083,1,9369.31,0.0,9369.31,6462.27,UPI,Walk-in
SAL20250069052,2025-07-13,STR040,PRD00432,3,845.55,0.05,2409.82,1941.12,UPI,Regular
SAL20250069053,2025-07-25,STR001,PRD00216,1,11614.64,0.0,11614.64,7226.78,Cash,Regular
SAL20250069054,2025-07-18,STR029,PRD00104,1,21587.41,0.0,21587.41,17582.83,Debit Card,Walk-in
SAL20250069055,2025-07-29,STR033,PRD00420,3,876.02,0.0,2628.06,2227.71,Net Banking,Walk-in
SAL20250069056,2025-07-28,STR011,PRD01077,2,8389.04,0.05,15939.18,6986.78,Debit Card,Walk-in
SAL20250069057,2025-07-04,STR021,PRD00714,1,1837.1,0.0,1837.1,1348.01,Credit Card,Premium
SAL20250069058,2025-07-31,STR032,PRD00459,2,918.25,0.1,1652.85,1470.02,UPI,Walk-in
SAL20250069059,2025-07-07,STR018,PRD01079,2,323.52,0.05,614.69,383.08,Net Banking,Walk-in
SAL20250069060,2025-07-28,STR021,PRD01150,2,4074.75,0.05,7742.02,4744.08,UPI,Regular
SAL20250069061,2025-07-21,STR031,PRD01072,1,354.49,0.0,354.49,220.0,Credit Card,Regular
SAL20250069062,2025-07-04,STR030,PRD00608,1,314.95,0.0,314.95,234.14,Credit Card,Walk-in
SAL20250069063,2025-07-11,STR040,PRD00450,1,377.7,0.05,358.81,290.54,UPI,Regular
SAL20250069064,2025-07-20,STR026,PRD00224,1,4670.9,0.05,4437.35,3440.61,UPI,Regular
SAL20250069065,2025-07-01,STR027,PRD00468,1,180.53,0.0,180.53,148.32,UPI,Walk-in
SAL20250069066,2025-07-22,STR025,PRD00052,2,1655.5,0.0,3311.0,2274.16,UPI,Walk-in
SAL20250069067,2025-07-01,STR012,PRD00157,1,5982.96,0.0,5982.96,4355.19,Cash,Walk-in
SAL20250069068,2025-07-03,STR025,PRD00707,1,2433.38,0.0,2433.38,1626.72,UPI,Corporate
SAL20250069069,2025-07-02,STR004,PRD00717,1,402.54,0.0,402.54,262.23,UPI,Regular
SAL20250069070,2025-07-26,STR025,PRD01067,1,922.58,0.0,922.58,564.84,Cash,Walk-in
SAL20250069071,2025-07-21,STR025,PRD00133,1,10102.94,0.0,10102.94,6680.78,Debit Card,Regular
SAL20250069072,2025-07-08,STR011,PRD00937,2,262.48,0.0,524.96,355.12,Credit Card,Walk-in
SAL20250069073,2025-07-08,STR032,PRD00063,2,19546.78,0.0,39093.56,26893.94,Cash,Regular
SAL20250069074,2025-07-27,STR041,PRD00236,2,5591.1,0.0,11182.2,7979.56,UPI,Walk-in
SAL20250069075,2025-07-01,STR029,PRD00117,1,5653.79,0.0,5653.79,4053.02,Credit Card,Regular
SAL20250069076,2025-07-18,STR026,PRD00137,1,8245.04,0.0,8245.04,6423.44,UPI,Walk-in
SAL20250069077,2025-07-07,STR008,PRD00600,1,709.55,0.0,709.55,469.16,Credit Card,Walk-in
SAL20250069078,2025-07-31,STR004,PRD00428,1,311.12,0.05,295.56,244.75,UPI,Regular
SAL20250069079,2025-07-13,STR038,PRD00881,1,802.33,0.05,762.21,533.51,UPI,Premium
SAL20250069080,2025-07-27,STR011,PRD00513,1,111.04,0.0,111.04,92.76,Cash,Walk-in
SAL20250069081,2025-07-28,STR035,PRD00250,2,3877.74,0.0,7755.48,5474.14,Credit Card,Walk-in
SAL20250069082,2025-07-18,STR024,PRD00302,1,486.18,0.0,486.18,225.09,Credit Card,Regular
SAL20250069083,2025-07-18,STR002,PRD00419,3,950.16,0.0,2850.48,2291.76,Credit Card,Corporate
SAL20250069084,2025-07-03,STR030,PRD00860,1,694.13,0.1,624.72,417.51,UPI,Walk-in
SAL20250069085,2025-07-01,STR025,PRD00415,1,345.23,0.0,345.23,286.19,Credit Card,Regular
SAL20250069086,2025-07-24,STR035,PRD00041,1,19732.0,0.0,19732.0,14953.27,UPI,Walk-in
SAL20250069087,2025-07-12,STR002,PRD01083,1,8991.53,0.0,8991.53,3921.72,Debit Card,Walk-in
SAL20250069088,2025-07-11,STR021,PRD00970,1,370.51,0.0,370.51,239.77,UPI,Corporate
SAL20250069089,2025-07-14,STR008,PRD01159,1,3270.67,0.0,3270.67,1499.26,Cash,Walk-in
SAL20250069090,2025-07-30,STR026,PRD00562,5,671.35,0.0,3356.75,2357.35,UPI,Regular
SAL20250069091,2025-07-30,STR033,PRD00879,1,2290.26,0.0,2290.26,1614.23,Cash,Walk-in
SAL20250069092,2025-07-07,STR037,PRD00089,1,24330.95,0.0,24330.95,18400.64,Credit Card,Corporate
SAL20250069093,2025-07-07,STR011,PRD00189,-2,8529.1,0.05,-16205.29,11109.28,UPI,Regular
SAL20250069094,2025-07-22,STR028,PRD00661,2,443.39,0.0,886.78,567.36,UPI,Walk-in
SAL20250069095,2025-07-16,STR027,PRD00664,5,181.84,0.05,863.74,546.05,UPI,Walk-in
SAL20250069096,2025-07-10,STR006,PRD00631,1,725.12,0.0,725.12,419.46,Credit Card,Regular
SAL20250069097,2025-07-06,STR002,PRD00206,1,10675.4,0.0,10675.4,6883.05,Debit Card,Walk-in
SAL20250069098,2025-07-13,STR034,PRD00770,1,1474.46,0.0,1474.46,1090.39,Net Banking,Regular
SAL20250069099,2025-07-23,STR002,PRD00924,2,261.16,0.0,522.32,389.0,Debit Card,Premium
SAL20250069100,2025-07-21,STR004,PRD00126,1,8140.39,0.0,8140.39,6131.32,UPI,Regular
SAL20250069101,2025-07-30,STR017,PRD00091,1,21335.5,0.0,21335.5,15504.58,Debit Card,Regular
SAL20250069102,2025-07-28,STR030,PRD01050,2,562.12,0.05,1068.03,658.28,UPI,Premium
SAL20250069103,2025-07-27,STR008,PRD01063,1,747.32,0.0,747.32,488.39,Credit Card,Regular
SAL20250069104,2025-07-15,STR026,PRD00047,1,27210.89,0.0,27210.89,17922.95,UPI,Regular
SAL20250069105,2025-07-27,STR012,PRD01152,1,2969.91,0.05,2821.41,1378.7,UPI,Walk-in
SAL20250069106,2025-07-03,STR019,PRD01082,2,1474.53,0.1,2654.15,1594.52,Debit Card,Walk-in
SAL20250069107,2025-07-19,STR005,PRD00909,3,1266.46,0.0,3799.38,2608.44,UPI,Regular
SAL20250069108,2025-07-26,STR027,PRD01169,1,6625.23,0.0,6625.23,4001.41,UPI,Premium
SAL20250069109,2025-07-20,STR014,PRD00458,2,587.81,0.05,1116.84,891.84,Net Banking,Regular
SAL20250069110,2025-07-20,STR012,PRD00253,1,9663.5,0.0,9663.5,6717.07,UPI,Regular
SAL20250069111,2025-07-27,STR009,PRD00662,1,192.14,0.0,192.14,140.96,Net Banking,Walk-in
SAL20250069112,2025-07-25,STR017,PRD00838,1,1522.8,0.0,1522.8,1046.85,UPI,Regular
SAL20250069113,2025-07-13,STR031,PRD00098,1,13136.22,0.0,13136.22,10206.01,Credit Card,Walk-in
SAL20250069114,2025-07-07,STR010,PRD00931,2,1839.81,0.05,3495.64,2493.76,Debit Card,Regular
SAL20250069115,2025-07-19,STR036,PRD01096,1,3066.12,0.0,3066.12,1714.26,Debit Card,Regular
SAL20250069116,2025-07-18,STR013,PRD00884,3,1777.05,0.0,5331.15,3259.02,UPI,Premium
SAL20250069117,2025-07-13,STR008,PRD00413,3,347.68,0.0,1043.04,900.93,Credit Card,Walk-in
SAL20250069118,2025-07-04,STR041,PRD00605,1,66.61,0.0,66.61,49.05,Credit Card,Regular
SAL20250069119,2025-07-02,STR017,PRD00001,1,21322.84,0.0,21322.84,15337.08,Debit Card,Regular
SAL20250069120,2025-07-05,STR021,PRD01010,4,762.29,0.0,3049.16,1598.08,Credit Card,Regular
SAL20250069121,2025-07-20,STR029,PRD00059,1,15692.67,0.0,15692.67,12269.76,Credit Card,Regular
SAL20250069122,2025-07-01,STR036,PRD00990,1,577.78,0.1,520.0,350.79,UPI,Regular
SAL20250069123,2025-07-24,STR028,PRD00910,1,2302.88,0.0,2302.88,1579.69,Credit Card,Regular
SAL20250069124,2025-07-26,STR037,PRD00285,2,1499.26,0.0,2998.52,1537.52,UPI,Regular
SAL20250069125,2025-07-05,STR039,PRD01111,1,1735.9,0.0,1735.9,955.52,UPI,Regular
SAL20250069126,2025-07-24,STR018,PRD00279,1,704.62,0.0,704.62,445.92,UPI,Walk-in
SAL20250069127,2025-07-26,STR035,PRD00085,1,26032.76,0.1,23429.48,17875.58,Credit Card,Regular
SAL20250069128,2025-07-11,STR031,PRD01104,1,7758.33,0.05,7370.41,3488.36,Credit Card,Walk-in
SAL20250069129,2025-07-02,STR033,PRD00731,1,2513.85,0.0,2513.85,1582.05,Debit Card,Corporate
SAL20250069130,2025-07-22,STR024,PRD01160,4,7696.75,0.0,30787.0,13963.36,Debit Card,Regular
SAL20250069131,2025-07-26,STR024,PRD00556,2,634.75,0.0,1269.5,941.96,UPI,Regular
SAL20250069132,2025-07-15,STR007,PRD00614,2,52.25,0.05,99.27,68.56,UPI,Regular
SAL20250069133,2025-07-15,STR013,PRD00259,1,1699.09,0.0,1699.09,1233.0,Credit Card,Regular
SAL20250069134,2025-07-07,STR039,PRD01052,1,462.25,0.1,416.03,323.0,Credit Card,Walk-in
SAL20250069135,2025-07-05,STR009,PRD00607,3,313.72,0.05,894.1,544.05,Debit Card,Regular
SAL20250069136,2025-07-09,STR019,PRD01024,2,129.44,0.0,258.88,184.2,Debit Card,Regular
SAL20250069137,2025-07-20,STR036,PRD00949,3,855.15,0.0,2565.45,1700.55,Net Banking,Regular
SAL20250069138,2025-07-28,STR041,PRD01136,1,7702.34,0.05,7317.22,4125.05,UPI,Walk-in
SAL20250069139,2025-07-06,STR008,PRD00884,3,1777.05,0.1,4798.03,3259.02,UPI,Regular
SAL20250069140,2025-07-03,STR035,PRD00937,6,262.48,0.05,1496.14,1065.36,UPI,Walk-in
SAL20250069141,2025-07-23,STR006,PRD00437,2,320.21,0.0,640.42,542.24,UPI,Regular
SAL20250069142,2025-07-07,STR029,PRD01048,4,623.5,0.0,2494.0,1660.76,Debit Card,Walk-in
SAL20250069143,2025-07-30,STR028,PRD00987,2,289.9,0.0,579.8,404.7,Cash,Regular
SAL20250069144,2025-07-31,STR008,PRD00339,1,831.47,0.0,831.47,498.17,UPI,Regular
SAL20250069145,2025-07-17,STR035,PRD00185,1,1926.14,0.0,1926.14,1500.04,UPI,Premium
SAL20250069146,2025-07-17,STR016,PRD00270,2,1213.51,0.0,2427.02,1538.12,Net Banking,Regular
SAL20250069147,2025-07-02,STR030,PRD00415,1,345.23,0.1,310.71,286.19,Credit Card,Regular
SAL20250069148,2025-07-29,STR029,PRD00311,2,936.08,0.05,1778.55,1156.68,UPI,Regular
SAL20250069149,2025-07-22,STR019,PRD00770,2,1474.46,0.0,2948.92,2180.78,Debit Card,Walk-in
SAL20250069150,2025-07-23,STR025,PRD00825,2,2419.3,0.0,4838.6,2804.98,UPI,Regular
SAL20250069151,2025-07-09,STR039,PRD00255,1,3159.1,0.0,3159.1,2283.27,UPI,Walk-in
SAL20250069152,2025-07-04,STR009,PRD00110,1,26501.66,0.0,26501.66,18492.65,Net Banking,Premium
SAL20250069153,2025-07-27,STR013,PRD00180,1,3550.84,0.0,3550.84,2526.78,Net Banking,Regular
SAL20250069154,2025-07-13,STR010,PRD00097,1,19452.93,0.0,19452.93,14437.86,UPI,Walk-in
SAL20250069155,2025-07-28,STR017,PRD00370,2,676.23,0.0,1352.46,902.66,Credit Card,Premium
SAL20250069156,2025-07-16,STR020,PRD00790,1,1379.35,0.1,1241.41,902.72,Debit Card,Regular
SAL20250069157,2025-07-07,STR006,PRD00724,2,2856.14,0.0,5712.28,3188.82,UPI,Walk-in
SAL20250069158,2025-07-25,STR027,PRD01119,1,9164.59,0.0,9164.59,4378.4,Debit Card,Corporate
SAL20250069159,2025-07-07,STR039,PRD00720,1,3749.56,0.1,3374.6,2104.95,UPI,Corporate
SAL20250069160,2025-07-03,STR011,PRD00207,2,9083.73,0.05,17259.09,13484.28,UPI,Walk-in
SAL20250069161,2025-07-24,STR025,PRD00148,1,6813.06,0.0,6813.06,4694.28,UPI,Regular
SAL20250069162,2025-07-14,STR029,PRD00875,2,258.44,0.0,516.88,301.8,Credit Card,Regular
SAL20250069163,2025-07-14,STR029,PRD01189,1,5263.0,0.05,4999.85,2237.37,UPI,Corporate
SAL20250069164,2025-07-12,STR035,PRD00313,1,1406.36,0.0,1406.36,639.34,Debit Card,Walk-in
SAL20250069165,2025-07-30,STR006,PRD00469,1,499.21,0.0,499.21,389.45,Credit Card,Walk-in
SAL20250069166,2025-07-13,STR014,PRD00908,1,2285.46,0.0,2285.46,1340.06,Cash,Walk-in
SAL20250069167,2025-07-08,STR017,PRD00717,1,402.54,0.1,362.29,262.23,Net Banking,Regular
SAL20250069168,2025-07-02,STR014,PRD00377,2,1177.54,0.0,2355.08,1645.44,Credit Card,Premium
SAL20250069169,2025-07-14,STR029,PRD00681,1,4114.63,0.0,4114.63,2696.18,UPI,Premium
SAL20250069170,2025-07-16,STR015,PRD00780,1,1384.22,0.0,1384.22,888.86,Credit Card,Regular
SAL20250069171,2025-07-02,STR033,PRD00126,1,8140.39,0.0,8140.39,6131.32,Credit Card,Regular
SAL20250069172,2025-07-10,STR035,PRD00318,1,184.33,0.0,184.33,118.77,UPI,Regular
SAL20250069173,2025-07-18,STR003,PRD00133,2,10102.94,0.0,20205.88,13361.56,Debit Card,Regular
SAL20250069174,2025-07-25,STR034,PRD00472,3,554.85,0.0,1664.55,1334.7,Debit Card,Regular
SAL20250069175,2025-07-20,STR028,PRD00723,1,1757.3,0.0,1757.3,1097.96,UPI,Premium
SAL20250069176,2025-07-08,STR031,PRD01035,1,199.19,0.0,199.19,125.07,Cash,Regular
SAL20250069177,2025-07-15,STR035,PRD01056,2,449.88,0.0,899.76,604.02,Credit Card,Walk-in
SAL20250069178,2025-07-25,STR039,PRD00127,2,14293.97,0.0,28587.94,21134.16,Debit Card,Walk-in
SAL20250069179,2025-07-19,STR003,PRD00748,3,2656.98,0.0,7970.94,5446.14,Credit Card,Premium
SAL20250069180,2025-07-30,STR038,PRD00515,4,551.51,0.0,2206.04,1892.84,Credit Card,Premium
SAL20250069181,2025-07-31,STR002,PRD00509,4,888.38,0.0,3553.52,2697.32,UPI,Premium
SAL20250069182,2025-07-30,STR002,PRD00384,2,1012.08,0.0,2024.16,1027.28,UPI,Walk-in
SAL20250069183,2025-07-15,STR016,PRD00750,2,3884.81,0.0,7769.62,4289.96,Credit Card,Premium
SAL20250069184,2025-07-15,STR030,PRD00548,2,172.01,0.0,344.02,240.72,Credit Card,Premium
SAL20250069185,2025-07-28,STR024,PRD00022,1,22149.39,0.0,22149.39,16337.37,Cash,Regular
SAL20250069186,2025-07-06,STR023,PRD00346,1,927.55,0.1,834.79,634.62,Debit Card,Walk-in
SAL20250069187,2025-07-26,STR032,PRD00180,1,3550.84,0.0,3550.84,2526.78,UPI,Regular
SAL20250069188,2025-07-19,STR007,PRD00185,1,1926.14,0.0,1926.14,1500.04,UPI,Walk-in
SAL20250069189,2025-07-06,STR006,PRD00320,2,273.23,0.0,546.46,299.98,Credit Card,Regular
SAL20250069190,2025-07-07,STR025,PRD00644,3,812.84,0.0,2438.52,1357.17,Cash,Walk-in
SAL20250069191,2025-07-25,STR009,PRD01014,2,1123.09,0.0,2246.18,1272.16,Debit Card,Regular
SAL20250069192,2025-07-14,STR039,PRD00291,1,469.9,0.0,469.9,279.76,UPI,Walk-in
SAL20250069193,2025-07-22,STR031,PRD00915,1,703.59,0.05,668.41,463.15,UPI,Regular
SAL20250069194,2025-07-17,STR003,PRD00126,1,8140.39,0.0,8140.39,6131.32,Net Banking,Regular
SAL20250069195,2025-07-15,STR029,PRD01067,2,922.58,0.0,1845.16,1129.68,Credit Card,Regular
SAL20250069196,2025-07-25,STR037,PRD00842,1,1322.87,0.0,1322.87,956.88,Debit Card,Premium
SAL20250069197,2025-07-11,STR007,PRD00116,2,21256.57,0.05,40387.48,29910.18,Net Banking,Regular
SAL20250069198,2025-07-21,STR030,PRD01005,2,682.39,0.0,1364.78,951.4,Credit Card,Regular
SAL20250069199,2025-07-13,STR040,PRD00367,2,450.03,0.1,810.05,493.56,UPI,Regular
SAL20250069200,2025-07-30,STR019,PRD00101,1,2548.25,0.1,2293.43,1803.25,Cash,Walk-in
SAL20250065986,2025-07-28,STR027,PRD00874,1,3195.38,0.0,3195.38,2332.48,UPI,Walk-in
SAL20250069202,2025-07-30,STR027,PRD00761,3,367.88,0.1,993.28,807.63,Credit Card,Walk-in
SAL20250069203,2025-07-31,STR013,PRD00291,1,469.9,0.0,469.9,279.76,Debit Card,Regular
SAL20250069204,2025-07-20,STR010,PRD00842,1,1322.87,0.0,1322.87,956.88,Debit Card,Premium
SAL20250069205,2025-07-18,STR015,PRD00804,1,782.93,0.0,782.93,564.78,Net Banking,Premium
SAL20250069206,2025-07-06,STR025,PRD00499,1,309.01,0.05,293.56,265.54,Cash,Regular
SAL20250069207,2025-07-30,STR035,PRD00080,1,17292.25,0.0,17292.25,13027.41,Debit Card,Walk-in
SAL20250069208,2025-02-30,STR037,PRD00198,1,4266.35,0.0,4266.35,2976.38,Credit Card,Regular
SAL20250069209,2025-07-01,STR032,PRD00127,1,14293.97,0.0,14293.97,10567.08,UPI,Regular
SAL20250069210,2025-07-07,STR038,PRD00168,1,8820.25,0.0,8820.25,6611.06,Credit Card,Regular
SAL20250069211,2025-07-27,STR037,PRD00641,1,499.93,0.0,499.93,333.12,Credit Card,Regular
SAL20250069212,2025-07-13,STR012,PRD00481,3,391.79,0.0,1175.37,950.28,Debit Card,Walk-in
SAL20250069213,2025-07-09,STR041,PRD00417,1,788.29,0.0,788.29,661.71,Cash,Regular
SAL20250069214,2025-07-10,STR031,PRD00697,1,1377.61,0.0,1377.61,807.52,UPI,Regular
SAL20250069215,2025-07-11,STR003,PRD00978,1,172.32,0.0,172.32,107.32,UPI,Walk-in
SAL20250069216,2025-07-12,STR020,PRD00657,4,272.71,0.0,1090.84,643.36,Credit Card,Walk-in
SAL20250069217,2025-07-20,STR028,PRD00184,1,3565.48,0.0,3565.48,2588.7,UPI,Regular
SAL20250069218,2025-07-06,STR025,PRD01135,4,2481.4,0.0,9925.6,5038.96,UPI,Premium
SAL20250069219,2025-07-25,STR016,PRD00577,1,262.74,0.0,262.74,189.28,Credit Card,Premium
SAL20250069220,2025-07-23,STR036,PRD01008,3,227.58,0.1,614.47,426.0,UPI,Regular
SAL20250069221,2025-07-08,STR028,PRD00136,1,8242.41,0.0,8242.41,5641.21,Debit Card,Regular
SAL20250069222,2025-07-10,STR020,PRD00040,1,26675.54,0.05,25341.76,17487.01,Credit Card,Walk-in
SAL20250069223,2025-07-02,STR034,PRD00961,1,294.28,0.0,294.28,158.53,Credit Card,Walk-in
SAL20250069224,2025-07-12,STR014,PRD01083,1,8991.53,0.1,8092.38,3921.72,UPI,Premium
SAL20250067303,2025-07-17,STR017,PRD00810,1,406.14,0.0,406.14,261.1,Credit Card,Premium
SAL20250069226,2025-07-31,STR001,PRD00328,2,1206.9,0.0,2413.8,1238.02,Credit Card,Regular
SAL20250069227,2025-07-14,STR035,PRD00335,1,1156.98,0.0,1156.98,622.56,Cash,Regular
SAL20250069228,2025-07-15,STR004,PRD00201,1,2838.89,0.0,2838.89,1889.59,Credit Card,Regular
SAL20250069229,2025-07-10,STR019,PRD00560,1,314.33,0.0,314.33,218.79,Debit Card,Regular
SAL20250069230,2025-07-24,STR027,PRD00421,2,579.98,0.0,1159.96,973.0,Debit Card,Regular
SAL20250069231,2025-07-17,STR039,PRD00275,1,1560.95,0.0,1560.95,847.9,UPI,Regular
SAL20250069232,2025-07-30,STR040,PRD01162,1,3657.07,0.0,3657.07,2017.29,Net Banking,Walk-in
SAL20250069233,2025-07-25,STR005,PRD00664,2,181.84,0.0,363.68,218.42,Credit Card,Corporate
SAL20250069234,2025-07-24,STR038,PRD00463,2,933.21,0.0,1866.42,1494.94,Credit Card,Premium
SAL20250069235,2025-07-22,STR020,PRD00065,2,10562.87,0.0,21125.74,16305.86,Credit Card,Regular
SAL20250069236,2025-07-29,STR012,PRD00822,1,3937.8,0.0,3937.8,2399.9,UPI,Walk-in
SAL20250069237,2025-07-15,STR035,PRD00988,3,774.65,0.0,2323.95,1597.5,Debit Card,Premium
SAL20250069238,2025-07-10,STR029,PRD01118,1,5734.69,0.0,5734.69,3371.1,UPI,Walk-in
SAL20250069239,2025-07-31,STR024,PRD00722,1,2039.88,0.0,2039.88,1170.85,Credit Card,Premium
SAL20250069240,2025-07-15,STR023,PRD00247,1,8119.57,0.0,8119.57,4992.42,Debit Card,Regular
SAL20250069241,2025-07-30,STR014,PRD00486,1,161.3,0.0,161.3,123.55,UPI,Regular
SAL20250069242,2025-07-02,STR010,PRD00440,1,366.81,0.0,366.81,320.83,Cash,Walk-in
SAL20250069243,2025-07-10,STR028,PRD01189,2,5263.0,0.0,10526.0,4474.74,Debit Card,Walk-in
SAL20250069244,2025-07-13,STR015,PRD00660,1,324.23,0.05,308.02,238.04,Debit Card,Premium
SAL20250069245,2025-07-28,STR034,PRD00586,1,648.21,0.05,615.8,440.01,UPI,Walk-in
SAL20250069246,2025-07-10,STR007,PRD01154,1,1216.46,0.0,1216.46,611.46,UPI,Corporate
SAL20250069247,2025-07-05,STR036,PRD00601,1,50.1,0.0,50.1,30.82,Debit Card,Premium
SAL20250069248,2025-07-18,STR018,PRD00974,1,202.7,0.0,202.7,106.76,Net Banking,Walk-in
SAL20250069249,2025-07-14,STR041,PRD00107,3,4985.79,0.0,14957.37,10451.13,UPI,Regular
SAL20250069250,2025-07-16,STR012,PRD00353,3,948.44,0.0,2845.32,1589.43,Credit Card,Walk-in
SAL20250069251,2025-07-13,STR028,PRD00634,2,509.03,0.1,916.25,597.92,Cash,Walk-in
SAL20250069252,2025-07-21,STR021,PRD00316,3,924.22,0.0,2772.66,1768.56,UPI,Premium
SAL20250069253,2025-07-14,STR012,PRD00162,1,9916.48,0.0,9916.48,6686.04,UPI,Walk-in
SAL20250069254,2025-07-09,STR002,PRD00778,1,875.87,0.0,875.87,569.54,UPI,Walk-in
SAL20250069255,2025-07-23,STR037,PRD00016,1,12816.4,0.0,12816.4,9433.57,UPI,Regular
SAL20250069256,2025-07-15,STR018,PRD00686,1,3692.38,0.0,3692.38,2113.83,Cash,Regular
SAL20250069257,2025-07-29,STR011,PRD00453,4,1257.16,0.0,5028.64,3785.48,Credit Card,Regular
SAL20250069258,2025-07-21,STR034,PRD00279,2,704.62,0.1,1268.32,891.84,UPI,Premium
SAL20250069259,2025-07-08,STR030,PRD00253,2,9663.5,0.0,19327.0,13434.14,Debit Card,Premium
SAL20250069260,2025-07-04,STR008,PRD00005,2,25382.71,0.0,50765.42,36877.72,Cash,Walk-in
SAL20250069261,2025-07-13,STR030,PRD01111,2,1735.9,0.0,3471.8,1911.04,Debit Card,Premium
SAL20250069262,2025-07-08,STR018,PRD00469,1,499.21,0.0,499.21,389.45,UPI,Premium
SAL20250069263,2025-07-12,STR013,PRD01108,1,4924.79,0.05,4678.55,2289.5,Credit Card,Regular
SAL20250069264,2025-07-28,STR006,PRD00223,1,11271.43,0.0,11271.43,7014.79,Debit Card,Regular
SAL20250069265,2025-07-03,STR039,PRD00871,1,1211.65,0.0,1211.65,859.32,UPI,Regular
SAL20250069266,2025-07-30,STR016,PRD00122,1,23504.26,0.0,23504.26,16366.57,Credit Card,Regular
SAL20250069267,2025-07-16,STR003,PRD01051,1,694.43,0.05,659.71,354.19,UPI,Walk-in
SAL20250069268,2025-07-20,STR013,PRD00794,1,5386.59,0.1,4847.93,3160.43,UPI,Corporate
SAL20250069269,2025-07-05,STR036,PRD00673,1,2685.18,0.1,2416.66,1698.29,Debit Card,Premium
SAL20250069270,2025-07-12,STR012,PRD00805,3,3870.93,0.05,11032.15,6491.43,Credit Card,Walk-in
SAL20250069271,2025-07-25,STR034,PRD00964,1,842.84,0.0,842.84,575.19,Credit Card,Regular
SAL20250069272,2025-07-06,STR014,PRD00159,1,4881.58,0.0,4881.58,3676.52,Credit Card,Regular
SAL20250069273,2025-07-22,STR022,PRD00077,1,14848.8,0.0,14848.8,12077.21,Credit Card,Premium
SAL20250069274,2025-07-24,STR037,PRD00355,2,304.11,0.0,608.22,327.6,Debit Card,Walk-in
SAL20250069275,2025-07-13,STR041,PRD00513,2,111.04,0.0,222.08,185.52,Cash,Regular
SAL20250069276,2025-07-31,STR031,PRD00437,1,320.21,0.0,320.21,271.12,Cash,Walk-in
SAL20250069277,2025-07-29,STR007,PRD00579,1,398.71,0.0,398.71,292.17,UPI,Regular
SAL20250069278,2025-07-26,STR041,PRD01083,1,8991.53,0.0,8991.53,3921.72,Cash,Regular
SAL20250069279,2025-07-01,STR035,PRD00486,2,161.3,0.0,322.6,247.1,Debit Card,Premium
SAL20250069280,2025-07-14,STR030,PRD01155,1,7374.97,0.0,7374.97,3660.91,Debit Card,Walk-in
SAL20250069281,2025-07-17,STR041,PRD00638,1,188.95,0.0,188.95,115.21,UPI,Walk-in
SAL20250069282,2025-07-11,STR021,PRD00892,1,2494.33,0.0,2494.33,1742.01,Debit Card,Walk-in
SAL20250069283,2025-07-13,STR013,PRD00960,1,572.91,0.0,572.91,382.4,Credit Card,Regular
SAL20250069284,2025-07-04,STR017,PRD01161,1,5090.05,0.0,5090.05,2218.96,Credit Card,Walk-in
SAL20250069285,2025-07-17,STR005,PRD00595,1,524.85,0.0,524.85,364.52,UPI,Regular
SAL20250069286,2025-07-12,STR026,PRD01199,1,6549.57,0.0,6549.57,3396.65,UPI,Regular
SAL20250069287,2025-07-11,STR038,PRD00390,3,1246.69,0.0,3740.07,2355.99,Debit Card,Regular
SAL20250069288,2025-07-01,STR011,PRD00466,2,725.28,0.0,1450.56,1259.44,UPI,Regular
SAL20250069289,2025-07-07,STR040,PRD00619,2,215.37,0.05,409.2,278.66,UPI,Regular
SAL20250069290,2025-07-28,STR006,PRD00279,2,704.62,0.0,1409.24,891.84,UPI,Walk-in
SAL20250069291,2025-07-21,STR004,PRD00499,2,309.01,0.0,618.02,531.08,Cash,Regular
SAL20250069292,2025-07-08,STR015,PRD00762,2,1596.23,0.1,2873.21,1819.72,UPI,Premium
SAL20250069293,2025-07-24,STR032,PRD00817,1,3058.64,0.0,3058.64,2165.66,UPI,Walk-in
SAL20250069294,2025-07-03,STR034,PRD01148,2,584.33,0.0,1168.66,482.96,Debit Card,Premium
SAL20250069295,2025-07-17,STR027,PRD00818,1,2330.04,0.0,2330.04,1669.14,Debit Card,Regular
SAL20250069296,2025-07-14,STR009,PRD00713,1,4061.86,0.0,4061.86,2937.76,Credit Card,Corporate
SAL20250069297,2025-07-18,STR027,PRD00903,1,433.92,0.0,433.92,275.41,UPI,Regular
SAL20250069298,2025-07-08,STR019,PRD00527,2,938.3,0.0,1876.6,1482.54,UPI,Walk-in
SAL20250069299,2025-07-25,STR002,PRD00236,1,5591.1,0.0,5591.1,3989.78,Debit Card,Regular
SAL20250069300,2025-07-21,STR010,PRD00375,2,650.42,0.1,1170.76,730.12,Debit Card,Walk-in
SAL20250069301,2025-07-08,STR004,PRD00118,1,13769.46,0.0,13769.46,10543.97,UPI,Regular
SAL20250069302,2025-07-15,STR027,PRD00322,2,839.74,0.0,1679.48,1174.72,Credit Card,Regular
SAL20250069303,2025-07-02,STR011,PRD00162,1,9916.48,0.0,9916.48,6686.04,UPI,Walk-in
SAL20250069304,2025-07-08,STR011,PRD00991,1,894.61,0.05,849.88,514.53,Net Banking,Walk-in
SAL20250069305,2025-07-19,STR031,PRD00128,1,13672.72,0.05,12989.08,8963.81,Cash,Regular
SAL20250069306,2025-07-11,STR032,PRD00120,1,22170.49,0.0,22170.49,16305.22,UPI,Walk-in
SAL20250069307,2025-07-08,STR029,PRD00120,1,22170.49,0.0,22170.49,16305.22,UPI,Walk-in
SAL20250069308,2025-07-22,STR011,PRD00103,2,4104.09,0.1,7387.36,5882.9,UPI,Regular
SAL20250069309,2025-07-24,STR006,PRD00258,1,2441.64,0.0,2441.64,1594.77,Credit Card,Walk-in
SAL20250069310,2025-07-11,STR017,PRD00009,1,10580.64,0.0,10580.64,8344.51,Credit Card,Regular
SAL20250069311,2025-07-21,STR036,PRD00571,1,201.22,0.1,181.1,143.49,Credit Card,Regular
SAL20250069312,2025-07-10,STR018,PRD01001,2,315.54,0.0,631.08,356.74,UPI,Walk-in
SAL20250069313,2025-07-12,STR017,PRD01195,3,6990.3,0.0,20970.9,10194.69,Debit Card,Premium
SAL20250069314,2025-07-12,STR024,PRD00608,2,314.95,0.0,629.9,468.28,UPI,Corporate
SAL20250069315,2025-07-10,STR023,PRD01035,1,199.19,0.0,199.19,125.07,Credit Card,Walk-in
SAL20250069316,2025-07-08,STR015,PRD00772,1,988.94,0.1,890.05,659.49,Credit Card,Regular
SAL20250069317,2025-07-31,STR034,PRD00061,1,7691.1,0.1,6921.99,5309.86,UPI,Regular
SAL20250069318,2025-07-30,STR021,PRD00208,1,2761.76,0.0,2761.76,2051.3,Debit Card,Walk-in
SAL20250069319,2025-07-11,STR027,PRD00071,1,14423.02,0.0,14423.02,9605.63,UPI,Regular
SAL20250069320,2025-07-16,STR036,PRD00623,2,563.55,0.0,1127.1,775.32,UPI,Walk-in
SAL20250069321,2025-07-08,STR001,PRD00400,2,920.96,0.0,1841.92,1102.96,Debit Card,Regular
SAL20250069322,2025-07-11,STR033,PRD00685,1,4676.03,0.0,4676.03,2851.64,Debit Card,Regular
SAL20250069323,2025-07-06,STR041,PRD00179,1,5253.14,0.0,5253.14,3207.54,Credit Card,Walk-in
SAL20250069324,2025-07-27,STR013,PRD00164,1,7383.75,0.0,7383.75,4728.61,Debit Card,Regular
SAL20250069325,2025-07-09,STR032,PRD00758,1,4375.02,0.0,4375.02,3168.27,Net Banking,Walk-in
SAL20250069326,2025-07-31,STR010,PRD00994,3,1224.56,0.0,3673.68,1899.57,UPI,Walk-in
SAL20250069327,2025-07-08,STR028,PRD00271,1,660.1,0.0,660.1,418.6,UPI,Regular
SAL20250069328,2025-07-14,STR020,PRD00188,1,6172.58,0.0,6172.58,4027.57,Credit Card,Regular
SAL20250069329,2025-07-23,STR034,PRD00369,4,1020.79,0.0,4083.16,1929.96,Credit Card,Corporate
SAL20250069330,2025-07-26,STR005,PRD01104,1,7758.33,0.0,7758.33,3488.36,Credit Card,Regular
SAL20250069331,2025-07-24,STR029,PRD00945,4,871.49,0.1,3137.36,2200.96,UPI,Walk-in
SAL20250069332,2025-07-07,STR041,PRD00734,1,817.34,0.0,817.34,469.79,Credit Card,Walk-in
SAL20250069333,2025-07-02,STR018,PRD00914,1,3460.6,0.0,3460.6,2200.72,UPI,Premium
SAL20250069334,2025-07-04,STR011,PRD01177,1,2791.89,0.0,2791.89,1594.63,Cash,Regular
SAL20250069335,2025-07-03,STR035,PRD00168,1,8820.25,0.0,8820.25,6611.06,Credit Card,Walk-in
SAL20250069336,2025-07-21,STR010,PRD00470,1,416.77,0.0,416.77,325.11,UPI,Walk-in
SAL20250069337,2025-07-22,STR028,PRD00695,2,2280.88,0.0,4561.76,2552.92,UPI,Regular
SAL20250069338,2025-07-17,STR034,PRD00476,2,645.16,0.0,1290.32,1086.36,Credit Card,Regular
SAL20250069339,2025-07-10,STR032,PRD01048,2,623.5,0.0,1247.0,830.38,UPI,Regular
SAL20250069340,2025-07-20,STR016,PRD00123,1,7408.15,0.0,7408.15,5588.12,Credit Card,Premium
SAL20250069341,2025-07-08,STR001,PRD00966,4,814.75,0.0,3259.0,2105.8,UPI,Regular
SAL20250069342,2025-07-02,STR037,PRD00662,3,192.14,0.0,576.42,422.88,Credit Card,Regular
SAL20250069343,2025-07-08,STR001,PRD00976,1,1125.69,0.0,1125.69,582.61,UPI,Walk-in
SAL20250069344,2025-07-26,STR036,PRD00936,4,964.58,0.0,3858.32,2482.12,UPI,Regular
SAL20250069345,2025-07-14,STR005,PRD01164,2,2114.79,0.0,4229.58,2217.42,UPI,Walk-in
SAL20250069346,2025-07-05,STR010,PRD00050,1,20155.67,0.0,20155.67,16076.03,UPI,Premium
SAL20250069347,2025-07-30,STR021,PRD00369,1,1020.79,0.0,1020.79,482.49,Debit Card,Walk-in
SAL20250069348,2025-07-14,STR023,PRD00735,2,2710.38,0.0,5420.76,3232.56,UPI,Regular
SAL20250069349,2025-07-06,STR021,PRD00972,10,1079.34,0.0,10793.4,6290.0,Credit Card,Premium
SAL20250069350,2025-07-08,STR006,PRD00893,1,963.04,0.0,963.04,603.05,UPI,Regular
SAL20250069351,2025-07-17,STR033,PRD00611,1,51.03,0.0,51.03,37.81,UPI,Corporate
SAL20250069352,2025-07-08,STR001,PRD00404,4,695.46,0.0,2781.84,2417.52,UPI,Regular
SAL20250069353,2025-07-17,STR018,PRD00732,1,4150.55,0.0,4150.55,2648.51,UPI,Regular
SAL20250069354,2025-07-26,STR023,PRD00575,3,90.77,0.05,258.69,201.24,Debit Card,Regular
SAL20250069355,2025-07-27,STR026,PRD00606,3,516.03,0.0,1548.09,925.71,UPI,Walk-in
SAL20250069356,2025-07-20,STR039,PRD00379,1,660.61,0.05,627.58,460.66,UPI,Premium
SAL20250069357,2025-07-24,STR017,PRD01180,1,9129.62,0.0,9129.62,4243.81,Credit Card,Regular
SAL20250069358,2025-07-22,STR005,PRD00763,1,3968.33,0.0,3968.33,2850.9,UPI,Regular
SAL20250069359,2025-07-02,STR020,PRD01113,1,4340.13,0.0,4340.13,2015.92,UPI,Regular
SAL20250069360,2025-07-22,STR004,PRD00003,1,810.89,0.0,810.89,534.24,UPI,Premium
SAL20250069361,2025-07-16,STR040,PRD00442,4,148.56,0.0,594.24,478.8,UPI,Regular
SAL20250069362,2025-07-19,STR027,PRD01017,4,1092.19,0.0,4368.76,2366.76,UPI,Walk-in
SAL20250069363,2025-07-16,STR014,PRD00713,1,4061.86,0.0,4061.86,2937.76,Cash,Walk-in
SAL20250069364,2025-07-23,STR006,PRD00341,1,977.08,0.0,977.08,605.56,Cash,Corporate
SAL20250069365,2025-07-07,STR017,PRD00467,2,528.8,0.0,1057.6,906.1,Credit Card,Regular
SAL20250069366,2025-07-02,STR035,PRD01116,2,792.37,0.0,1584.74,792.64,Debit Card,Walk-in
SAL20250069367,2025-07-23,STR036,PRD00737,1,1053.41,0.0,1053.41,753.37,Credit Card,Walk-in
SAL20250069368,2025-07-20,STR015,PRD00531,2,217.65,0.1,391.77,364.4,Debit Card,Walk-in
SAL20250069369,2025-07-28,STR028,PRD00544,1,114.7,0.0,114.7,82.74,Net Banking,Regular
SAL20250069370,2025-07-08,STR010,PRD00480,1,103.25,0.0,103.25,86.17,UPI,Walk-in
SAL20250069371,2025-07-07,STR036,PRD00601,2,50.1,0.0,100.2,61.64,UPI,Walk-in
SAL20250069372,2025-07-28,STR040,PRD00767,1,2122.92,0.0,2122.92,1557.14,UPI,Regular
SAL20250069373,2025-07-02,STR028,PRD00390,2,1246.69,0.0,2493.38,1570.66,Net Banking,Regular
SAL20250069374,2025-07-16,STR018,PRD00748,1,2656.98,0.0,2656.98,1815.38,Credit Card,Regular
SAL20250069375,2025-07-23,STR021,PRD00424,3,428.73,0.0,1286.19,1131.72,UPI,Walk-in
SAL20250069376,2025-07-08,STR031,PRD00302,1,486.18,0.0,486.18,225.09,UPI,Regular
SAL20250069377,2025-07-18,STR009,PRD00354,1,1099.31,0.05,1044.34,649.66,UPI,Walk-in
SAL20250069378,2025-07-19,STR039,PRD00632,1,758.72,0.0,758.72,430.06,UPI,Regular
SAL20250069379,2025-07-13,STR009,PRD00128,3,13672.72,0.0,41018.16,26891.43,UPI,Regular
SAL20250069380,2025-07-31,STR033,PRD00163,1,12710.38,0.0,12710.38,7712.99,Credit Card,Walk-in
SAL20250069381,2025-07-30,STR012,PRD00794,2,5386.59,0.05,10234.52,6320.86,Debit Card,Regular
SAL20250069382,2025-07-28,STR034,PRD01138,1,4917.81,0.0,4917.81,2789.31,Credit Card,Premium
SAL20250069383,2025-07-01,STR022,PRD01103,1,5704.94,0.0,5704.94,2392.72,Debit Card,Walk-in
SAL20250069384,2025-07-30,STR021,PRD00525,1,76.55,0.05,72.72,66.45,Debit Card,Regular
SAL20250069385,2025-07-25,STR022,PRD00567,3,365.44,0.0,1096.32,680.88,Debit Card,Walk-in
SAL20250069386,2025-07-02,STR027,PRD00834,2,1440.43,0.0,2880.86,1830.98,UPI,Premium
SAL20250069387,2025-07-01,STR037,PRD01168,1,4286.69,0.0,4286.69,2474.04,Debit Card,Walk-in
SAL20250069388,2025-07-15,STR028,PRD00613,3,239.41,0.0,718.23,535.83,UPI,Regular
SAL20250069389,2025-07-28,STR024,PRD01191,1,6431.83,0.0,6431.83,4011.49,UPI,Corporate
SAL20250069390,2025-07-01,STR013,PRD00256,2,13048.37,0.0,26096.74,16214.1,Credit Card,Walk-in
SAL20250069391,2025-07-10,STR001,PRD00437,2,320.21,0.0,640.42,542.24,Credit Card,Regular
SAL20250069392,2025-07-06,STR010,PRD00821,1,2784.44,0.0,2784.44,1582.41,UPI,Regular
SAL20250069393,2025-07-14,STR008,PRD00420,1,876.02,0.0,876.02,742.57,UPI,Regular
SAL20250069394,2025-07-19,STR006,PRD00553,2,150.28,0.0,300.56,174.22,UPI,Regular
SAL20250069395,2025-07-29,STR009,PRD01132,2,7393.47,0.0,14786.94,7782.24,Credit Card,Premium
SAL20250069396,2025-07-31,STR041,PRD01128,1,2522.35,0.0,2522.35,1440.68,Net Banking,Regular
SAL20250069397,2025-07-11,STR030,PRD00697,1,1377.61,0.0,1377.61,807.52,UPI,Regular
SAL20250069398,2025-07-27,STR015,PRD00488,1,995.48,0.05,945.71,835.86,Credit Card,Walk-in
SAL20250069399,2025-07-09,STR001,PRD01000,5,495.66,0.0,2478.3,1729.35,Debit Card,Premium
SAL20250069400,2025-07-16,STR009,PRD00277,1,1350.87,0.0,1350.87,680.25,UPI,Walk-in
SAL20250069401,2025-07-15,STR038,PRD01033,4,703.74,0.0,2814.96,1514.76,UPI,Regular
SAL20250069402,2025-07-31,STR003,PRD00110,1,26501.66,0.0,26501.66,18492.65,UPI,Walk-in
SAL20250069403,2025-07-03,STR023,PRD00652,1,210.65,0.0,210.65,137.0,Credit Card,Walk-in
SAL20250069404,2025-07-06,STR020,PRD00020,1,2507.15,0.0,2507.15,1948.29,Credit Card,Regular
SAL20250069405,2025-07-17,STR037,PRD00782,2,3353.32,0.0,6706.64,3915.04,Credit Card,Walk-in
SAL20250069406,2025-07-24,STR024,PRD00247,1,8119.57,0.0,8119.57,4992.42,UPI,Walk-in
SAL20250069407,2025-07-06,STR004,PRD00085,1,26032.76,0.0,26032.76,17875.58,Credit Card,Corporate
SAL20250069408,2025-07-30,STR029,PRD00156,1,1591.76,0.05,1512.17,1231.95,Debit Card,Regular
SAL20250064082,2025-07-15,STR027,PRD00645,2,456.66,0.05,867.65,660.84,Debit Card,Premium
SAL20250069410,2025-07-03,STR005,PRD00760,1,4801.08,0.0,4801.08,3172.81,Debit Card,Regular
SAL20250069411,2025-07-24,STR010,PRD00364,1,296.2,0.0,296.2,195.69,Debit Card,Regular
SAL20250069412,2025-07-22,STR024,PRD00090,1,8184.6,0.1,7366.14,5556.86,Debit Card,Walk-in
SAL20250069413,2025-07-16,STR002,PRD00675,3,1206.06,0.0,3618.18,2275.29,UPI,Regular
SAL20250069414,2025-07-31,STR020,PRD00051,1,18906.15,0.0,18906.15,13812.18,Credit Card,Regular
SAL20250069415,2025-07-23,STR035,PRD00180,1,3550.84,0.0,3550.84,2526.78,Credit Card,Walk-in
SAL20250069416,2025-07-21,STR004,PRD00648,2,715.75,0.1,1288.35,914.54,Debit Card,Regular
SAL20250069417,2025-07-28,STR035,PRD00200,1,1880.51,0.05,1786.48,1363.43,UPI,Premium
SAL20250069418,2025-07-22,STR040,PRD00253,1,9663.5,0.05,9180.32,6717.07,Cash,Walk-in
SAL20250069419,2025-07-12,STR009,PRD00455,2,683.36,0.0,1366.72,1126.94,UPI,Regular
SAL20250069420,2025-07-02,STR036,PRD00619,3,215.37,0.05,613.8,417.99,UPI,Regular
SAL20250069421,2025-07-12,STR026,PRD01118,4,5734.69,0.0,22938.76,13484.4,UPI,Walk-in
SAL20250069422,2025-07-11,STR040,PRD00111,1,16671.18,0.0,16671.18,12693.98,UPI,Regular
SAL20250069423,2025-07-25,STR032,PRD00739,1,2279.96,0.1,2051.96,1541.42,Cash,Walk-in
SAL20250069424,2025-07-18,STR025,PRD01025,4,56.45,0.0,225.8,120.6,UPI,Walk-in
SAL20250069425,2025-07-19,STR004,PRD00206,1,10675.4,0.05,10141.63,6883.05,UPI,Premium
SAL20250069426,2025-07-21,STR035,PRD00867,1,798.49,0.0,798.49,457.76,UPI,Walk-in
SAL20250069427,2025-07-19,STR025,PRD00423,1,256.23,0.0,256.23,213.9,UPI,Regular
SAL20250069428,2025-07-13,STR019,PRD00005,1,25382.71,0.05,24113.57,18438.86,Credit Card,Walk-in
SAL20250069429,2025-07-12,STR001,PRD00843,2,1073.63,0.0,2147.26,1378.92,Credit Card,Walk-in
SAL20250069430,2025-07-14,STR031,PRD00444,5,347.0,0.05,1648.25,1429.8,Cash,Regular
SAL20250069431,2025-07-11,STR030,PRD00673,4,2685.18,0.0,10740.72,6793.16,Debit Card,Regular
SAL20250069432,2025-07-30,STR010,PRD01067,4,922.58,0.05,3505.8,2259.36,Debit Card,Premium
SAL20250069433,2025-07-24,STR039,PRD01166,2,3220.85,0.0,6441.7,3320.86,UPI,Premium
SAL20250069434,2025-07-06,STR029,PRD00793,1,2445.38,0.0,2445.38,1405.41,UPI,Walk-in
SAL20250069435,2025-07-06,STR034,PRD00330,1,275.94,0.0,275.94,168.86,Debit Card,Premium
SAL20250069436,2025-07-25,STR027,PRD00881,3,802.33,0.0,2406.99,1600.53,UPI,Regular
SAL20250069437,2025-07-13,STR012,PRD00148,1,6813.06,0.0,6813.06,4694.28,UPI,Regular
SAL20250069438,2025-07-22,STR040,PRD00511,1,709.29,0.0,709.29,559.18,Credit Card,Walk-in
SAL20250069439,2025-07-10,STR036,PRD00544,4,114.7,0.0,458.8,330.96,Credit Card,Regular
SAL20250069440,2025-07-17,STR031,PRD00066,1,7423.58,0.0,7423.58,5820.76,Credit Card,Walk-in
SAL20250069441,2025-07-13,STR022,PRD00022,1,22149.39,0.0,22149.39,16337.37,UPI,Regular
SAL20250069442,2025-07-10,STR033,PRD01134,1,5914.46,0.0,5914.46,2929.32,Debit Card,Walk-in
SAL20250069443,2025-07-08,STR015,PRD00639,4,160.88,0.0,643.52,409.64,Cash,Walk-in
SAL20250069444,2025-07-06,STR039,PRD00678,3,3485.6,0.0,10456.8,6764.73,UPI,Regular
SAL20250069445,2025-07-19,STR002,PRD00372,2,542.7,0.0,1085.4,551.96,Credit Card,Walk-in
SAL20250069446,2025-07-13,STR002,PRD00771,2,2601.02,0.1,4681.84,2872.26,Cash,Regular
SAL20250069447,2025-07-13,STR028,PRD00563,3,667.75,0.0,2003.25,1300.68,Debit Card,Walk-in
SAL20250069448,2025-07-24,STR035,PRD00703,1,940.1,0.05,893.1,700.55,Cash,Walk-in
SAL20250069449,2025-07-26,STR027,PRD00675,3,1206.06,0.0,3618.18,2275.29,UPI,Walk-in
SAL20250069450,2025-07-12,STR014,PRD00396,1,713.53,0.0,713.53,454.7,Debit Card,Regular
SAL20250069451,2025-07-25,STR040,PRD01035,1,199.19,0.0,199.19,125.07,UPI,Walk-in
SAL20250069452,2025-07-17,STR036,PRD01035,5,199.19,0.0,995.95,625.35,Debit Card,Regular
SAL20250069453,2025-07-30,STR025,PRD00928,1,2503.87,0.0,2503.87,1812.53,Credit Card,Regular
SAL20250069454,2025-07-26,STR024,PRD00456,3,215.04,0.0,645.12,509.97,UPI,Regular
SAL20250069455,2025-07-19,STR004,PRD00212,1,9559.41,0.1,8603.47,6260.97,Debit Card,Walk-in
SAL20250069456,2025-07-21,STR030,PRD01097,2,4205.24,0.0,8410.48,4108.5,UPI,Regular
SAL20250069457,2025-07-27,STR026,PRD00357,3,1112.32,0.0,3336.96,2030.7,UPI,Regular
SAL20250069458,2025-07-19,STR034,PRD00658,3,338.62,0.0,1015.86,683.04,UPI,Walk-in
SAL20250069459,2025-07-03,STR017,PRD00084,1,11056.09,0.0,11056.09,8293.77,UPI,Premium
SAL20250069460,2025-07-13,STR022,PRD00293,2,859.61,0.0,1719.22,885.0,Credit Card,Premium
SAL20250069461,2025-07-12,STR007,PRD00431,2,614.87,0.0,1229.74,1042.4,UPI,Regular
SAL20250069462,2025-07-13,STR026,PRD00135,1,9390.96,0.05,8921.41,6866.63,UPI,Regular
SAL20250069463,2025-07-17,STR036,PRD00286,4,390.77,0.0,1563.08,1013.36,UPI,Regular
SAL20250069464,2025-07-08,STR015,PRD00572,2,728.84,0.0,1457.68,937.68,UPI,Walk-in
SAL20250069465,2025-07-19,STR025,PRD00620,1,556.49,0.0,556.49,325.67,Debit Card,Walk-in
SAL20250069466,2025-07-04,STR023,PRD01010,1,762.29,0.1,686.06,399.52,Cash,Walk-in
SAL20250069467,2025-07-02,STR028,PRD00694,1,3202.51,0.0,3202.51,2319.01,Debit Card,Premium
SAL20250069468,2025-07-01,STR026,PRD00424,3,428.73,0.0,1286.19,1131.72,Credit Card,Premium
SAL20250069469,2025-07-11,STR008,PRD00598,1,173.87,0.0,173.87,122.49,Cash,Corporate
SAL20250069470,2025-07-12,STR009,PRD00402,3,947.11,0.0,2841.33,2454.18,UPI,Walk-in
SAL20250069471,2025-07-16,STR009,PRD00592,2,365.4,0.0,730.8,436.58,Credit Card,Corporate
SAL20250069472,2025-07-28,STR014,PRD00644,1,812.84,0.0,812.84,452.39,Debit Card,Walk-in
SAL20250069473,2025-07-06,STR011,PRD00111,1,16671.18,0.0,16671.18,12693.98,Credit Card,Regular
SAL20250069474,2025-07-25,STR019,PRD01177,2,2791.89,0.0,5583.78,3189.26,Credit Card,Regular
SAL20250069475,2025-07-30,STR004,PRD01115,2,4843.87,0.0,9687.74,4808.7,Credit Card,Regular
SAL20250069476,2025-07-20,STR012,PRD00168,1,8820.25,0.0,8820.25,6611.06,UPI,Regular
SAL20250069477,2025-07-14,STR029,PRD00699,2,2305.84,0.0,4611.68,3044.56,UPI,Regular
SAL20250069478,2025-07-03,STR001,PRD00382,2,534.11,0.0,1068.22,585.82,UPI,Premium
SAL20250069479,2025-07-23,STR009,PRD00095,1,18324.65,0.0,18324.65,13913.8,UPI,Regular
SAL20250069480,2025-07-22,STR026,PRD00909,1,1266.46,0.1,1139.81,869.48,Credit Card,Regular
SAL20250069481,2025-07-06,STR037,PRD00542,1,534.65,0.0,534.65,341.81,Cash,Regular
SAL20250069482,2025-07-09,STR012,PRD00850,1,1897.52,0.0,1897.52,1235.07,UPI,Walk-in
SAL20250069483,2025-07-01,STR031,PRD00714,1,1837.1,0.0,1837.1,1348.01,Debit Card,Regular
SAL20250069484,2025-07-22,STR035,PRD01171,2,6541.96,0.1,11775.53,5247.78,UPI,Regular
SAL20250069485,2025-07-20,STR010,PRD00383,1,216.69,0.0,216.69,135.74,Credit Card,Walk-in
SAL20250069486,2025-07-04,STR002,PRD01064,5,155.0,0.0,775.0,393.15,UPI,Walk-in
SAL20250069487,2025-07-27,STR005,PRD00832,1,1859.75,0.0,1859.75,1370.28,Credit Card,Regular
SAL20250069488,2025-07-19,STR010,PRD00502,2,721.0,0.0,1442.0,1257.44,UPI,Walk-in
SAL20250069489,2025-07-31,STR031,PRD00825,1,2419.3,0.0,2419.3,1402.49,Cash,Walk-in
SAL20250069490,2025-07-30,STR034,PRD00171,1,6232.31,0.0,6232.31,4552.99,Credit Card,Regular
SAL20250069491,2025-07-10,STR028,PRD00331,1,133.4,0.0,133.4,89.83,Credit Card,Regular
SAL20250069492,2025-07-26,STR037,PRD00394,1,327.5,0.0,327.5,218.51,UPI,Corporate
SAL20250069493,2025-07-16,STR041,,1,4286.69,0.0,4286.69,2474.04,Credit Card,Walk-in
SAL20250069494,2025-07-03,STR035,PRD00380,1,304.64,0.0,304.64,210.5,Debit Card,Walk-in
SAL20250069495,2025-07-02,STR034,PRD00317,1,1393.76,0.0,1393.76,799.47,Cash,Premium
SAL20250069496,2025-07-07,STR004,PRD00351,1,802.18,0.0,802.18,503.24,Debit Card,Regular
SAL20250069497,2025-07-07,STR035,PRD00432,2,845.55,0.0,1691.1,1294.08,UPI,Regular
SAL20250069498,2025-07-21,STR033,PRD00934,1,3207.23,0.0,3207.23,1811.07,UPI,Walk-in
SAL20250069499,2025-07-22,STR010,PRD00971,2,604.86,0.05,1149.23,613.34,Credit Card,Walk-in
SAL20250069500,2025-07-07,STR029,PRD00615,4,478.74,0.0,1914.96,1357.36,Credit Card,Regular
SAL20250069501,2025-07-03,STR002,PRD00910,2,2302.88,0.0,4605.76,3159.38,Cash,Walk-in
SAL20250069502,2025-07-11,STR033,PRD01010,5,762.29,0.0,3811.45,1997.6,UPI,Walk-in
SAL20250069503,2025-07-29,STR004,PRD00907,1,1536.02,0.0,1536.02,976.87,UPI,Walk-in
SAL20250069504,2025-07-27,STR034,PRD01028,1,93.34,0.0,93.34,48.1,UPI,Regular
SAL20250069505,2025-07-08,STR021,PRD00729,1,3595.95,0.0,3595.95,2557.72,UPI,Regular
SAL20250069506,2025-07-12,STR034,PRD00713,1,4061.86,0.0,4061.86,2937.76,UPI,Walk-in
SAL20250069507,2025-07-27,STR038,PRD00187,1,5314.8,0.0,5314.8,3364.43,Debit Card,Walk-in
SAL20250069508,2025-07-07,STR006,PRD00032,1,19217.6,0.0,19217.6,14800.0,Credit Card,Walk-in
SAL20250069509,2025-07-04,STR009,PRD00248,1,9547.84,0.0,9547.84,6877.51,Debit Card,Regular
SAL20250069510,2025-07-26,STR001,PRD00490,3,177.23,0.0,531.69,414.93,UPI,Regular
SAL20250069511,2025-07-10,STR036,PRD00726,1,2171.72,0.0,2171.72,1497.85,UPI,Walk-in
SAL20250069512,2025-07-26,STR036,PRD00399,2,1354.99,0.0,2709.98,1294.26,UPI,Regular
SAL20250069513,2025-07-21,STR041,PRD00995,3,585.44,0.0,1756.32,1253.16,UPI,Walk-in
SAL20250069514,2025-07-08,STR035,PRD00491,2,675.67,0.0,1351.34,1053.42,UPI,Walk-in
SAL20250069515,2025-07-05,STR021,PRD01114,1,8827.06,0.05,8385.71,3573.34,UPI,Regular
SAL20250069516,2025-07-13,STR033,PRD00604,1,254.69,0.0,254.69,151.9,UPI,Premium
SAL20250069517,2025-07-17,STR041,PRD01082,1,1474.53,0.0,1474.53,797.26,Credit Card,Corporate
SAL20250069518,2025-07-04,STR034,PRD00141,1,2559.21,0.0,2559.21,1944.29,UPI,Regular
SAL20250069519,2025-07-08,STR009,PRD00427,1,558.44,0.0,558.44,484.26,UPI,Premium
SAL20250069520,2025-07-31,STR018,PRD01034,1,310.11,0.0,310.11,217.72,Debit Card,Regular
SAL20250069521,2025-07-19,STR025,PRD00056,2,11452.31,0.0,22904.62,17162.02,UPI,Walk-in
SAL20250069522,2025-07-15,STR029,PRD00540,3,550.54,0.1,1486.46,1165.86,UPI,Regular
SAL20250069523,2025-07-01,STR001,PRD00437,2,320.21,0.05,608.4,542.24,Debit Card,Walk-in
SAL20250069524,2025-07-14,STR038,PRD00020,1,2507.15,0.0,2507.15,1948.29,UPI,Regular
SAL20250069525,2025-07-08,STR030,PRD01177,1,2791.89,0.0,2791.89,1594.63,Debit Card,Walk-in
SAL20250069526,2025-07-29,STR016,PRD00191,1,7660.03,0.0,7660.03,5198.25,UPI,Regular
SAL20250069527,2025-07-09,STR007,PRD00898,1,3032.43,0.05,2880.81,1834.2,UPI,Regular
SAL20250069528,2025-07-21,STR025,PRD00317,1,1393.76,0.0,1393.76,799.47,Credit Card,Regular
SAL20250069529,2025-07-22,STR018,PRD01121,1,2103.52,0.0,2103.52,974.58,Credit Card,Regular
SAL20250069530,2025-07-25,STR037,PRD01027,4,412.95,0.0,1651.8,902.88,Net Banking,Regular
SAL20250069531,2025-07-30,STR038,PRD00875,1,258.44,0.0,258.44,150.9,Cash,Regular
SAL20250069532,2025-07-31,STR027,PRD00421,2,579.98,0.0,1159.96,973.0,Credit Card,Walk-in
SAL20250069533,2025-07-04,STR019,PRD00658,10,338.62,0.0,3386.2,2276.8,Debit Card,Walk-in
SAL20250069534,2025-07-13,STR010,PRD01021,2,582.28,0.05,1106.33,756.24,Net Banking,Regular
SAL20250069535,2025-07-08,STR012,PRD00648,3,715.75,0.0,2147.25,1371.81,Credit Card,Walk-in
SAL20250069536,2025-07-11,STR033,PRD00995,1,585.44,0.0,585.44,417.72,UPI,Premium
SAL20250069537,2025-07-10,STR004,PRD00470,3,416.77,0.0,1250.31,975.33,UPI,Walk-in
SAL20250069538,2025-07-28,STR003,PRD00662,6,192.14,0.0,1152.84,845.76,UPI,Walk-in
SAL20250069539,2025-07-27,STR027,PRD00661,4,443.39,0.1,1596.2,1134.72,Debit Card,Premium
SAL20250069540,2025-07-19,STR032,PRD00838,2,1522.8,0.0,3045.6,2093.7,Debit Card,Walk-in
SAL20250069541,2025-07-12,STR010,PRD01180,2,9129.62,0.0,18259.24,8487.62,UPI,Regular
SAL20250069542,2025-07-25,STR020,PRD01190,1,7433.72,0.0,7433.72,3770.31,Cash,Corporate
SAL20250069543,2025-07-05,STR016,PRD01133,1,8197.9,0.0,8197.9,3765.02,UPI,Regular
SAL20250069544,2025-07-18,STR025,PRD00584,1,232.29,0.0,232.29,142.35,Cash,Regular
SAL20250069545,2025-07-27,STR017,PRD00572,2,728.84,0.0,1457.68,937.68,Debit Card,Premium
SAL20250069546,2025-07-11,STR035,PRD00336,1,1590.59,0.1,1431.53,821.11,Debit Card,Walk-in
SAL20250069547,2025-07-22,STR019,PRD00760,3,4801.08,0.1,12962.92,9518.43,Credit Card,Walk-in
SAL20250069548,2025-07-06,STR018,PRD00612,2,287.57,0.0,575.14,424.86,Debit Card,Walk-in
SAL20250069549,2025-07-03,STR011,PRD00246,1,1945.93,0.0,1945.93,1239.78,Credit Card,Regular
SAL20250069550,2025-07-29,STR005,PRD01068,4,5954.4,0.05,22626.72,13980.8,UPI,Regular
SAL20250069551,2025-07-30,STR039,PRD00782,2,3353.32,0.0,6706.64,3915.04,Credit Card,Regular
SAL20250069552,2025-07-30,STR014,PRD00025,1,2348.16,0.0,2348.16,1617.05,Credit Card,Premium
SAL20250069553,2025-07-07,STR016,PRD00721,3,2330.52,0.1,6292.4,5182.89,Debit Card,Corporate
SAL20250069554,2025-07-17,STR031,PRD01175,1,2568.19,0.0,2568.19,1572.7,Debit Card,Regular
SAL20250069555,2025-07-28,STR004,PRD00262,1,10754.4,0.0,10754.4,8063.44,Debit Card,Walk-in
SAL20250069556,2025-07-22,STR020,PRD00623,1,563.55,0.0,563.55,387.66,UPI,Walk-in
SAL20250069557,2025-07-03,STR016,PRD00097,1,19452.93,0.05,18480.28,14437.86,UPI,Walk-in
SAL20250069558,2025-07-22,STR030,PRD00526,6,712.58,0.0,4275.48,3553.44,Debit Card,Walk-in
SAL20250069559,2025-07-08,STR004,PRD00723,2,1757.3,0.0,3514.6,2195.92,Debit Card,Regular
SAL20250069560,2025-07-21,STR005,PRD00629,2,197.41,0.0,394.82,274.18,UPI,Walk-in
SAL20250069561,2025-07-25,STR015,PRD00617,4,496.18,0.0,1984.72,1452.04,UPI,Regular
SAL20250069562,2025-07-13,STR004,PRD00427,2,558.44,0.0,1116.88,968.52,UPI,Premium
SAL20250069563,2025-07-09,STR011,PRD00375,1,650.42,0.0,650.42,365.06,Debit Card,Regular
SAL20250069564,2025-07-12,STR018,PRD00491,2,675.67,0.05,1283.77,1053.42,Net Banking,Regular
SAL20250069565,2025-07-04,STR031,PRD01093,3,4476.19,0.0,13428.57,8661.06,UPI,Walk-in
SAL20250069566,2025-07-05,STR031,PRD00500,3,936.13,0.0,2808.39,2272.59,Credit Card,Premium
SAL20250069567,2025-07-15,STR001,PRD00354,1,1099.31,0.0,1099.31,649.66,UPI,Premium
SAL20250069568,2025-07-27,STR009,PRD00730,2,3497.66,0.05,6645.55,5161.86,Credit Card,Regular
SAL20250069569,2025-07-06,STR013,PRD00001,1,21322.84,0.1,19190.56,15337.08,UPI,Walk-in
SAL20250069570,2025-07-25,STR015,PRD00230,1,11424.91,0.0,11424.91,7835.88,UPI,Walk-in
SAL20250069571,2025-07-17,STR039,PRD00733,1,3579.07,0.0,3579.07,2186.97,Credit Card,Regular
SAL20250069572,2025-07-21,STR030,PRD01114,1,8827.06,0.0,8827.06,3573.34,Net Banking,Regular
SAL20250069573,2025-07-07,STR003,PRD01046,1,946.12,0.0,946.12,526.29,UPI,Walk-in
SAL20250069574,2025-07-03,STR010,PRD00803,1,2033.91,0.1,1830.52,1224.74,UPI,Walk-in
SAL20250069575,2025-07-28,STR022,PRD00860,3,694.13,0.1,1874.15,1252.53,Credit Card,Walk-in
SAL20250069576,2025-07-20,STR014,PRD01044,1,762.23,0.0,762.23,544.48,UPI,Regular
SAL20250069577,2025-07-24,STR030,PRD00693,4,2512.22,0.0,10048.88,6685.68,Debit Card,Walk-in
SAL20250069578,2025-07-07,STR018,PRD00029,1,24663.79,0.0,24663.79,16157.43,UPI,Walk-in
SAL20250069579,2025-07-04,STR005,PRD00851,2,2659.29,0.0,5318.58,3854.78,Credit Card,Walk-in
SAL20250069580,2025-07-06,STR038,PRD01160,1,7696.75,0.0,7696.75,3490.84,Credit Card,Premium
SAL20250069581,2025-07-28,STR037,PRD00367,2,450.03,0.0,900.06,493.56,Cash,Walk-in
SAL20250069582,2025-07-26,STR030,PRD00519,1,818.33,0.0,818.33,642.9,Credit Card,Walk-in
SAL20250069583,2025-07-26,STR015,PRD00644,1,812.84,0.1,731.56,452.39,UPI,Walk-in
SAL20250069584,2025-07-19,STR038,PRD01124,1,4813.39,0.1,4332.05,2177.75,Credit Card,Walk-in
SAL20250069585,2025-07-09,STR016,PRD00954,4,1090.11,0.05,4142.42,2459.84,UPI,Premium
SAL20250069586,2025-07-07,STR013,PRD00368,1,927.52,0.0,927.52,587.93,Credit Card,Walk-in
SAL20250069587,2025-07-14,STR039,PRD00545,1,450.85,0.0,450.85,252.45,UPI,Regular
SAL20250069588,2025-07-31,STR021,PRD00973,1,291.44,0.0,291.44,156.91,UPI,Regular
SAL20250069589,2025-07-24,STR003,PRD00948,1,38.1,0.1,34.29,26.55,Debit Card,Walk-in
SAL20250069590,2025-07-26,STR035,PRD00738,1,984.8,0.0,984.8,687.04,Cash,Walk-in
SAL20250069591,2025-07-23,STR037,PRD00946,1,937.06,0.0,937.06,525.58,Credit Card,Walk-in
SAL20250069592,2025-07-01,STR034,PRD00109,1,12280.41,0.0,12280.41,9316.5,Credit Card,Walk-in
SAL20250069593,2025-07-12,STR030,,1,663.68,0.0,663.68,533.06,Credit Card,Regular
SAL20250069594,2025-07-16,STR016,PRD00449,1,236.21,0.0,236.21,199.14,UPI,Premium
SAL20250069595,2025-07-15,STR038,PRD01044,1,762.23,0.05,724.12,544.48,Debit Card,Regular
SAL20250069596,2025-07-10,STR015,PRD00911,1,807.88,0.0,807.88,602.2,Debit Card,Premium
SAL20250069597,2025-07-18,STR038,PRD00675,1,1206.06,0.05,1145.76,758.43,UPI,Regular
SAL20250069598,2025-07-27,STR031,PRD00241,1,7381.55,0.0,7381.55,5583.94,UPI,Regular
SAL20250069599,2025-07-11,STR010,PRD00488,2,995.48,0.0,1990.96,1671.72,Credit Card,Regular
SAL20250069600,2025-07-31,STR034,PRD01125,2,3015.8,0.0,6031.6,2846.86,Debit Card,Regular
SAL20250069601,2025-07-18,STR024,PRD00392,2,436.74,0.0,873.48,484.56,Credit Card,Premium
SAL20250069602,2025-07-17,STR014,PRD00210,1,8463.87,0.1,7617.48,5533.2,Cash,Walk-in
SAL20250069603,2025-07-02,STR024,PRD01110,2,1048.97,0.0,2097.94,1162.22,UPI,Premium
SAL20250069604,2025-07-29,STR032,PRD01156,2,3916.29,0.05,7440.95,4535.54,Cash,Regular
SAL20250069605,2025-07-22,STR023,PRD00268,1,1061.68,0.0,1061.68,520.26,Credit Card,Premium
SAL20250069606,2025-07-10,STR034,PRD00790,2,1379.35,0.0,2758.7,1805.44,Debit Card,Regular
SAL20250069607,2025-07-29,STR002,PRD00071,1,14423.02,0.0,14423.02,9605.63,Debit Card,Corporate
SAL20250069608,2025-07-13,STR021,PRD00979,6,62.69,0.0,376.14,224.58,Credit Card,Regular
SAL20250069609,2025-07-22,STR010,PRD00336,4,1590.59,0.0,6362.36,3284.44,Debit Card,Walk-in
SAL20250069610,2025-07-12,STR019,PRD00453,1,1257.16,0.05,1194.3,946.37,Cash,Regular
SAL20250069611,2025-07-27,STR039,PRD00078,1,9036.37,0.0,9036.37,6491.36,UPI,Regular
SAL20250069612,2025-07-05,STR015,PRD00494,4,893.47,0.0,3573.88,2730.92,Debit Card,Regular
SAL20250069613,2025-07-28,STR031,PRD00708,1,2849.79,0.0,2849.79,1883.15,UPI,Regular
SAL20250069614,2025-07-02,STR026,PRD00916,1,3924.97,0.0,3924.97,2270.78,UPI,Regular
SAL20250069615,2025-07-24,STR025,PRD01008,2,227.58,0.1,409.64,284.0,Net Banking,Walk-in
SAL20250069616,2025-07-23,STR003,PRD00735,2,2710.38,0.0,5420.76,3232.56,UPI,Premium
SAL20250069617,2025-07-19,STR010,PRD00514,1,1177.91,0.0,1177.91,914.33,UPI,Regular
SAL20250069618,2025-07-23,STR016,PRD01094,1,7758.5,0.0,7758.5,3797.17,Net Banking,Walk-in
SAL20250069619,2025-07-25,STR013,PRD00600,6,709.55,0.0,4257.3,2814.96,Credit Card,Regular
SAL20250069620,2025-07-11,STR016,PRD00922,4,953.09,0.1,3431.12,2512.64,Credit Card,Corporate
SAL20250069621,2025-07-24,STR011,PRD00185,1,1926.14,0.0,1926.14,1500.04,Debit Card,Premium
SAL20250069622,2025-07-15,STR020,PRD00900,1,3167.3,0.0,3167.3,1961.05,UPI,Premium
SAL20250069623,2025-07-21,STR032,PRD00560,5,314.33,0.0,1571.65,1093.95,Credit Card,Regular
SAL20250069624,2025-07-05,STR033,PRD00474,3,108.22,0.0,324.66,268.11,Cash,Regular
SAL20250069625,2025-07-25,STR035,PRD00346,3,927.55,0.0,2782.65,1903.86,Net Banking,Regular
SAL20250069626,2025-07-29,STR007,PRD00883,1,2575.75,0.0,2575.75,1437.48,Credit Card,Walk-in
SAL20250069627,2025-07-06,STR006,PRD00342,2,1186.13,0.0,2372.26,1396.34,UPI,Regular
SAL20250069628,2025-07-23,STR004,PRD01155,1,7374.97,0.0,7374.97,3660.91,UPI,Walk-in
SAL20250069629,2025-07-22,STR002,PRD00160,1,7937.44,0.0,7937.44,4808.49,UPI,Walk-in
SAL20250069630,2025-07-10,STR026,PRD00957,2,157.86,0.0,315.72,189.1,UPI,Walk-in
SAL20250069631,2025-07-03,STR038,PRD01156,2,3916.29,0.0,7832.58,4535.54,UPI,Walk-in
SAL20250069632,2025-07-13,STR009,PRD00122,1,23504.26,0.0,23504.26,16366.57,UPI,Regular
SAL20250069633,2025-07-03,STR026,PRD00646,1,108.22,0.0,108.22,65.79,UPI,Regular
SAL20250069634,2025-07-30,STR029,PRD00300,1,1106.33,0.0,1106.33,601.1,UPI,Regular
SAL20250069635,2025-07-19,STR017,PRD00433,2,1065.88,0.0,2131.76,1723.5,Debit Card,Walk-in
SAL20250069636,2025-07-19,STR004,PRD00819,2,2315.45,0.0,4630.9,3099.0,UPI,Walk-in
SAL20250069637,2025-07-05,STR013,PRD00960,2,572.91,0.0,1145.82,764.8,UPI,Regular
SAL20250069638,2025-07-24,STR001,PRD01115,1,4843.87,0.0,4843.87,2404.35,UPI,Regular
SAL20250069639,2025-07-15,STR014,PRD00708,1,2849.79,0.0,2849.79,1883.15,UPI,Walk-in
SAL20250069640,2025-07-15,STR027,PRD01070,3,5540.5,0.0,16621.5,7730.31,UPI,Regular
SAL20250069641,2025-07-14,STR012,PRD00343,2,244.94,0.0,489.88,260.82,UPI,Regular
SAL20250069642,2025-07-22,STR026,PRD00264,1,4452.38,0.0,4452.38,3172.04,UPI,Regular
SAL20250069643,2025-07-24,STR012,PRD01086,3,5541.98,0.0,16625.94,9667.26,UPI,Corporate
SAL20250069644,2025-07-21,STR033,PRD00264,1,4452.38,0.0,4452.38,3172.04,Net Banking,Regular
SAL20250069645,2025-07-04,STR039,PRD01099,1,4242.7,0.0,4242.7,2721.85,Cash,Walk-in
SAL20250069646,2025-07-14,STR006,PRD00360,1,505.68,0.0,505.68,239.22,UPI,Walk-in
SAL20250069647,2025-07-27,STR035,PRD00613,1,239.41,0.0,239.41,178.61,Debit Card,Walk-in
SAL20250069648,2025-07-08,STR019,PRD00919,2,3391.01,0.0,6782.02,4464.16,Cash,Regular
SAL20250069649,2025-07-30,STR017,PRD00063,1,19546.78,0.05,18569.44,13446.97,UPI,Regular
SAL20250069650,2025-07-01,STR010,PRD00571,1,201.22,0.0,201.22,143.49,UPI,Corporate
SAL20250069651,2025-07-01,STR023,PRD00806,3,330.79,0.0,992.37,559.89,UPI,Walk-in
SAL20250069652,2025-07-09,STR026,PRD00841,1,1965.17,0.05,1866.91,1338.26,UPI,Regular
SAL20250069653,2025-07-10,STR036,PRD00111,1,16671.18,0.0,16671.18,12693.98,UPI,Walk-in
SAL20250069654,2025-07-29,STR039,PRD00592,1,365.4,0.0,365.4,218.29,UPI,Walk-in
SAL20250069655,2025-07-31,STR019,PRD00764,1,3332.71,0.0,3332.71,1836.11,Credit Card,Regular
SAL20250069656,2025-07-30,STR012,PRD00820,2,2007.6,0.0,4015.2,2354.36,Net Banking,Premium
SAL20250069657,2025-07-01,STR027,PRD00574,2,560.83,0.0,1121.66,677.12,UPI,Regular
SAL20250069658,2025-07-05,STR036,PRD00486,4,161.3,0.0,645.2,494.2,UPI,Walk-in
SAL20250069659,2025-07-26,STR032,PRD00671,2,327.72,0.0,655.44,416.02,Credit Card,Walk-in
SAL20250069660,2025-07-15,STR032,PRD00257,1,3131.42,0.0,3131.42,2145.77,Debit Card,Premium
SAL20250069661,2025-07-17,STR002,PRD01037,3,431.13,0.0,1293.39,696.57,Credit Card,Regular
SAL20250069662,2025-07-03,STR017,PRD00254,3,11020.14,0.0,33060.42,20328.63,Credit Card,Walk-in
SAL20250069663,2025-07-05,STR037,PRD00364,1,296.2,0.0,296.2,195.69,Cash,Regular
SAL20250069664,2025-07-10,STR039,PRD00090,1,8184.6,0.1,7366.14,5556.86,Net Banking,Walk-in
SAL20250069665,2025-07-16,STR007,PRD01041,2,954.2,0.0,1908.4,1065.62,Debit Card,Walk-in
SAL20250069666,2025-07-25,STR009,PRD00083,1,9369.31,0.0,9369.31,6462.27,UPI,Regular
SAL20250069667,2025-07-10,STR027,PRD00420,1,876.02,0.0,876.02,742.57,UPI,Walk-in
SAL20250069668,2025-07-11,STR002,PRD00464,5,598.64,0.0,2993.2,2292.45,UPI,Regular
SAL20250069669,2025-07-15,STR005,PRD00149,1,3024.83,0.0,3024.83,2041.86,UPI,Regular
SAL20250069670,2025-07-13,STR013,PRD00734,2,817.34,0.0,1634.68,939.58,UPI,Walk-in
SAL20250069671,2025-07-23,STR010,PRD00018,1,13116.16,0.1,11804.54,9769.19,Debit Card,Regular
SAL20250069672,2025-07-31,STR017,PRD00448,5,612.68,0.0,3063.4,2592.8,Debit Card,Regular
SAL20250069673,2025-07-12,STR014,PRD00112,2,3948.48,0.0,7896.96,6254.46,Credit Card,Walk-in
SAL20250069674,2025-07-03,STR033,PRD00567,3,365.44,0.1,986.69,680.88,Cash,Regular
SAL20250069675,2025-07-13,STR034,PRD00090,1,8184.6,0.0,8184.6,5556.86,UPI,Premium
SAL20250069676,2025-07-13,STR019,PRD00869,2,3787.4,0.1,6817.32,4732.8,UPI,Regular
SAL20250069677,2025-07-09,STR029,PRD00608,2,314.95,0.0,629.9,468.28,UPI,Walk-in
SAL20250069678,2025-07-31,STR023,PRD00004,1,18331.36,0.0,18331.36,14741.73,Credit Card,Premium
SAL20250069679,2025-07-01,STR003,PRD00245,1,6730.38,0.0,6730.38,4429.31,Credit Card,Premium
SAL20250069680,2025-07-26,STR038,PRD00780,1,1384.22,0.0,1384.22,888.86,Credit Card,Walk-in
SAL20250069681,2025-07-08,STR041,PRD00839,2,2839.58,0.0,5679.16,3629.94,Credit Card,Walk-in
SAL20250069682,2025-07-10,STR033,PRD00094,1,15405.56,0.0,15405.56,12408.34,Credit Card,Premium
SAL20250069683,2025-07-14,STR034,PRD01157,2,8076.82,0.0,16153.64,8530.82,UPI,Premium
SAL20250069684,2025-07-03,STR036,PRD00481,2,391.79,0.0,783.58,633.52,Net Banking,Walk-in
SAL20250069685,2025-07-23,STR026,PRD00886,3,1331.79,0.0,3995.37,2834.1,Credit Card,Walk-in
SAL20250069686,2025-07-04,STR005,PRD00677,2,1193.37,0.0,2386.74,1666.98,Cash,Regular
SAL20250069687,2025-07-17,STR029,PRD00976,1,1125.69,0.0,1125.69,582.61,UPI,Walk-in
SAL20250069688,2025-07-10,STR008,PRD00648,2,715.75,0.0,1431.5,914.54,Credit Card,Walk-in
SAL20250069689,2025-07-15,STR009,PRD00611,4,51.03,0.0,204.12,151.24,Debit Card,Premium
SAL20250069690,2025-07-17,STR030,PRD00160,2,7937.44,0.0,15874.88,9616.98,Credit Card,Regular
SAL20250069691,2025-07-01,STR014,PRD00167,1,8410.2,0.0,8410.2,5523.21,Debit Card,Walk-in
SAL20250069692,2025-07-17,STR025,PRD00181,1,4428.73,0.1,3985.86,3239.36,Cash,Walk-in
SAL20250069693,2025-07-07,STR005,PRD00875,3,258.44,0.1,697.79,452.7,UPI,Premium
SAL20250069694,2025-07-26,STR023,PRD00842,2,1322.87,0.0,2645.74,1913.76,UPI,Walk-in
SAL20250069695,2025-07-02,STR013,PRD00713,1,4061.86,0.0,4061.86,2937.76,Credit Card,Walk-in
SAL20250069696,2025-07-06,STR041,PRD01181,1,2062.42,0.0,2062.42,1282.83,UPI,Premium
SAL20250069697,2025-07-13,STR021,PRD01039,2,616.85,0.0,1233.7,787.88,UPI,Walk-in
SAL20250069698,2025-07-14,STR015,PRD01051,1,694.43,0.0,694.43,354.19,UPI,Regular
SAL20250069699,2025-07-08,STR028,PRD00803,2,2033.91,0.1,3661.04,2449.48,UPI,Regular
SAL20250069700,2025-07-27,STR038,PRD00226,1,3456.4,0.0,3456.4,2122.01,Credit Card,Walk-in
SAL20250069701,2025-07-27,STR032,PRD01120,2,8969.51,0.0,17939.02,8799.92,Credit Card,Walk-in
SAL20250069702,2025-07-09,STR008,PRD00860,2,694.13,0.0,1388.26,835.02,UPI,Regular
SAL20250069703,2025-07-11,STR015,PRD01193,2,1712.13,0.0,3424.26,2069.82,Credit Card,Regular
SAL20250069704,2025-07-12,STR011,PRD00419,4,950.16,0.05,3610.61,3055.68,Net Banking,Regular
SAL20250069705,2025-07-24,STR041,PRD00423,1,256.23,0.0,256.23,213.9,UPI,Regular
SAL20250069706,2025-07-12,STR029,PRD00342,2,1186.13,0.0,2372.26,1396.34,Net Banking,Regular
SAL20250069707,2025-07-02,STR040,PRD01107,2,1600.76,0.1,2881.37,1470.26,Debit Card,Regular
SAL20250069708,2025-07-27,STR004,PRD00951,2,594.37,0.0,1188.74,704.76,UPI,Walk-in
SAL20250069709,2025-07-09,STR036,PRD00607,3,313.72,0.0,941.16,544.05,Credit Card,Regular
SAL20250069710,2025-07-10,STR005,PRD01191,3,6431.83,0.0,19295.49,12034.47,UPI,Walk-in
SAL20250069711,2025-07-27,STR032,PRD00980,2,608.25,0.0,1216.5,724.52,Credit Card,Premium
SAL20250069712,2025-07-01,STR002,PRD00642,2,467.68,0.05,888.59,580.44,Credit Card,Premium
SAL20250069713,2025-07-28,STR041,PRD00068,2,10777.06,0.0,21554.12,17389.08,UPI,Walk-in
SAL20250069714,2025-07-02,STR017,PRD00185,1,1926.14,0.0,1926.14,1500.04,Credit Card,Regular
SAL20250061000,2025-07-25,STR033,PRD00489,2,850.74,0.1,1531.33,1381.76,UPI,Regular
SAL20250069716,2025-07-13,STR006,PRD00595,3,524.85,0.0,1574.55,1093.56,Credit Card,Walk-in
SAL20250069717,2025-07-12,STR007,PRD00415,1,345.23,0.0,345.23,286.19,Cash,Premium
SAL20250069718,2025-07-12,STR020,PRD00993,3,168.95,0.0,506.85,260.76,UPI,Regular
SAL20250069719,2025-07-28,STR010,PRD00551,5,585.58,0.05,2781.51,2152.85,UPI,Regular
SAL20250069720,2025-07-22,STR006,PRD00017,1,6386.7,0.0,6386.7,4504.98,UPI,Regular
SAL20250069721,2025-07-03,STR017,PRD00174,1,698.44,0.1,628.6,523.24,UPI,Premium
SAL20250069722,2025-07-14,STR032,PRD00977,2,417.51,0.0,835.02,564.56,Net Banking,Regular
SAL20250069723,2025-07-22,STR028,PRD00555,1,381.92,0.0,381.92,219.79,Cash,Corporate
SAL20250069724,2025-07-15,STR024,PRD00694,2,3202.51,0.0,6405.02,4638.02,UPI,Regular
SAL20250069725,2025-07-22,STR036,PRD01020,1,560.55,0.0,560.55,361.97,Cash,Premium
SAL20250069726,2025-07-16,STR038,PRD00641,1,499.93,0.0,499.93,333.12,Cash,Regular
SAL20250069727,2025-07-20,STR027,PRD00561,4,111.53,0.0,446.12,301.96,UPI,Walk-in
SAL20250069728,2025-07-07,STR041,PRD00630,1,612.41,0.05,581.79,361.45,UPI,Walk-in
SAL20250069729,2025-07-01,STR015,PRD01186,3,3042.91,0.0,9128.73,4506.6,Net Banking,Walk-in
SAL20250069730,2025-07-01,STR019,PRD00076,1,13611.14,0.0,13611.14,10725.57,Credit Card,Regular
SAL20250069731,2025-07-14,STR029,PRD00425,4,878.01,0.1,3160.84,2790.04,UPI,Walk-in
SAL20250069732,2025-07-09,STR019,PRD00844,1,3943.03,0.0,3943.03,2224.57,Credit Card,Premium
SAL20250069733,2025-07-05,STR028,PRD00892,1,2494.33,0.0,2494.33,1742.01,Credit Card,Corporate
SAL20250069734,2025-07-27,STR032,PRD00776,3,1145.74,0.0,3437.22,2054.28,Cash,Regular
SAL20250069735,2025-07-22,STR026,PRD00161,1,9190.04,0.0,9190.04,7015.28,UPI,Premium
SAL20250069736,2025-07-07,STR019,PRD00055,1,18236.77,0.0,18236.77,12233.04,Credit Card,Walk-in
SAL20250069737,2025-07-29,STR036,PRD00423,1,256.23,0.0,256.23,213.9,UPI,Walk-in
SAL20250069738,2025-07-17,STR023,PRD00904,1,2811.36,0.0,2811.36,1859.97,Credit Card,Premium
SAL20250069739,2025-07-02,STR006,PRD00325,1,1273.47,0.1,1146.12,587.01,Cash,Walk-in
SAL20250069740,2025-07-21,STR031,PRD00663,1,109.46,0.0,109.46,62.9,UPI,Walk-in
SAL20250069741,2025-07-01,STR034,PRD00934,1,3207.23,0.0,3207.23,1811.07,Net Banking,Walk-in
SAL20250069742,2025-07-11,STR010,PRD00079,1,19037.37,0.1,17133.63,13485.77,UPI,Regular
SAL20250069743,2025-07-07,STR010,PRD00292,1,975.97,0.1,878.37,491.67,Credit Card,Regular
SAL20250069744,2025-07-24,STR015,PRD00591,1,500.81,0.0,500.81,363.73,UPI,Corporate
SAL20250069745,2025-07-28,STR015,PRD00487,1,92.35,0.0,92.35,78.84,Cash,Walk-in
SAL20250069746,2025-07-30,STR026,PRD01056,1,449.88,0.0,449.88,302.01,Net Banking,Premium
SAL20250069747,2025-07-27,STR003,PRD00779,2,1606.83,0.0,3213.66,1996.58,UPI,Walk-in
SAL20250069748,2025-07-22,STR011,PRD00346,1,927.55,0.0,927.55,634.62,UPI,Walk-in
SAL20250069749,2025-07-02,STR012,PRD00165,1,10264.9,0.0,10264.9,6671.83,Credit Card,Premium
SAL20250069750,2025-07-28,STR024,PRD00093,1,12459.16,0.0,12459.16,9704.07,Cash,Regular
SAL20250069751,2025-07-14,STR011,PRD00764,1,3332.71,0.0,3332.71,1836.11,Debit Card,Regular
SAL20250069752,2025-07-20,STR017,PRD00696,2,1599.77,0.0,3199.54,2160.04,UPI,Premium
SAL20250069753,2025-07-01,STR014,PRD00210,1,8463.87,0.0,8463.87,5533.2,UPI,Regular
SAL20250069754,2025-07-08,STR028,PRD00930,3,4102.13,0.0,12306.39,7096.02,Credit Card,Walk-in
SAL20250069755,2025-07-31,STR015,PRD00708,2,2849.79,0.0,5699.58,3766.3,UPI,Regular
SAL20250069756,2025-07-20,STR031,PRD01055,2,428.04,0.0,856.08,533.14,UPI,Regular
SAL20250069757,2025-07-06,STR009,PRD00459,1,918.25,0.0,918.25,735.01,UPI,Regular
SAL20250069758,2025-07-21,STR028,PRD00727,2,737.62,0.0,1475.24,884.56,UPI,Premium
SAL20250069759,2025-07-15,STR007,PRD00593,3,596.07,0.0,1788.21,1157.52,UPI,Premium
SAL20250069760,2025-07-24,STR001,PRD00769,4,1757.79,0.0,7031.16,4968.68,Debit Card,Corporate
SAL20250069761,2025-07-13,STR033,PRD00205,1,2084.53,0.0,2084.53,1335.1,UPI,Walk-in
SAL20250069762,2025-07-17,STR007,PRD00393,3,526.25,0.0,1578.75,1032.54,Credit Card,Walk-in
SAL20250069763,2025-07-02,STR022,PRD00967,1,44.43,0.0,44.43,28.54,Credit Card,Regular
SAL20250069764,2025-07-02,STR007,PRD01011,1,265.01,0.0,265.01,149.69,UPI,Regular
SAL20250069765,2025-07-10,STR041,PRD00832,4,1859.75,0.0,7439.0,5481.12,UPI,Regular
SAL20250069766,2025-07-25,STR036,PRD00269,1,151.87,0.0,151.87,99.82,Debit Card,Walk-in
SAL20250069767,2025-07-19,STR005,PRD01147,1,6760.77,0.0,6760.77,3863.28,Credit Card,Regular
SAL20250069768,2025-07-10,STR034,PRD00351,2,802.18,0.0,1604.36,1006.48,UPI,Walk-in
SAL20250069769,2025-07-17,STR031,PRD00712,1,1580.0,0.0,1580.0,947.15,Debit Card,Regular
SAL20250069770,2025-07-02,STR014,PRD01026,1,512.0,0.0,512.0,341.95,Credit Card,Walk-in
