InventoryID,SnapshotDate,StoreID,ProductID,OpeningStock,ReceivedQuantity,SoldQuantity,ReturnQuantity,ClosingStock,DamagedQuantity,InventoryValue
INV00035261,2025-11-02,STR001,PRD00133,49,0,19,2,32,0,213784.96
INV00035262,2025-11-02,STR001,PRD00864,206,0,27,0,179,0,200132.74
INV00035263,2025-11-02,STR001,PRD00810,66,400,28,0,438,0,114361.8
INV00035264,2025-11-02,STR001,PRD00092,43,0,25,0,18,0,84198.24
INV00035265,2025-11-02,STR001,PRD00508,265,0,49,2,218,0,23964.74
INV00035266,2025-11-02,STR001,PRD00435,71,75,42,0,103,1,60169.51
INV00035267,2025-11-02,STR001,PRD00957,306,0,13,0,293,0,27703.15
INV00035268,2025-11-02,STR001,PRD00436,82,0,10,0,72,0,36554.4
INV00035269,2025-11-02,STR001,PRD01199,23,0,7,0,16,0,54346.4
INV00035270,2025-11-02,STR001,PRD00275,87,0,18,0,69,0,58505.1
INV00035271,2025-11-02,STR001,PRD00193,10,32,7,0,35,0,146701.8
INV00035272,2025-11-02,STR001,PRD00981,491,0,189,0,302,0,16380.48
INV00035273,2025-11-02,STR001,PRD00368,86,0,44,0,42,0,24693.06
INV00035274,2025-11-02,STR001,PRD00040,17,72,5,0,84,0,1468908.84
INV00035275,2025-11-02,STR001,PRD00108,35,0,19,0,16,0,252835.52
INV00035276,2025-11-02,STR001,PRD00903,317,0,91,0,226,0,62242.66
INV00035277,2025-11-02,STR001,PRD00431,52,0,5,0,47,0,24496.4
INV00035278,2025-11-02,STR001,PRD00005,12,69,8,0,73,0,1346036.78
INV00035279,2025-11-02,STR001,PRD00644,177,0,49,0,128,0,57905.92
INV00035280,2025-11-02,STR001,PRD00761,371,0,182,0,189,0,50880.69
INV00035281,2025-11-02,STR002,PRD00743,114,0,8,0,106,0,119945.36
INV00035282,2025-11-02,STR002,PRD00005,16,69,9,0,76,0,1401353.36
INV00035283,2025-11-02,STR002,PRD00379,134,388,39,0,483,0,222498.78
INV00035284,2025-11-02,STR002,PRD00377,62,0,27,0,35,0,28795.2
INV00035285,2025-11-02,STR002,PRD00917,126,0,18,1,109,0,106910.47
INV00035286,2025-11-02,STR002,PRD00634,102,0,24,0,78,0,23318.88
INV00035287,2025-11-02,STR002,PRD00567,298,0,111,0,187,0,42441.52
INV00035288,2025-11-02,STR002,PRD01153,58,0,29,0,29,0,72486.95
INV00035289,2025-11-02,STR002,PRD00251,92,59,27,0,124,0,905951.44
INV00035290,2025-11-02,STR002,PRD00168,42,0,11,0,31,0,204942.86
INV00035291,2025-11-02,STR002,PRD00510,425,0,88,1,338,0,145143.96
INV00035292,2025-11-02,STR002,PRD01038,143,0,38,0,105,0,31850.7
INV00035293,2025-11-02,STR002,PRD00138,44,0,5,0,39,0,103816.83
INV00035294,2025-11-02,STR002,PRD00913,151,96,84,1,164,0,354322.0
INV00035295,2025-11-02,STR002,PRD00577,304,0,48,1,257,0,48644.96
INV00035296,2025-11-02,STR002,PRD00221,33,0,16,0,17,0,98105.13
INV00035297,2025-11-02,STR002,PRD00318,488,0,247,0,241,0,28623.57
INV00035298,2025-11-02,STR002,PRD00159,20,36,11,0,45,0,165443.4
INV00035299,2025-11-02,STR002,PRD00356,173,0,66,0,106,1,77823.08
INV00035300,2025-11-02,STR002,PRD01036,107,371,31,0,447,0,55950.99
INV00035301,2025-11-02,STR003,PRD00794,34,31,20,2,47,0,148540.21
INV00035302,2025-11-02,STR003,PRD00490,333,0,187,1,147,0,20331.57
INV00035303,2025-11-02,STR003,PRD00245,22,0,6,0,16,0,70868.96
INV00035304,2025-11-02,STR003,PRD00735,146,178,30,0,294,0,475186.32
INV00035305,2025-11-02,STR003,PRD00905,120,0,57,0,33,0,96571.44
INV00035306,2025-11-02,STR003,PRD00416,178,0,35,1,144,0,99617.76
INV00035307,2025-11-02,STR003,PRD00037,44,0,11,1,34,0,569854.28
INV00035308,2025-11-02,STR003,PRD00899,28,0,5,0,23,0,33551.48
INV00035309,2025-11-02,STR003,PRD00199,101,0,45,0,56,0,74776.8
INV00035310,2025-11-02,STR003,PRD00507,357,0,194,0,162,1,34886.7
INV00035311,2025-11-02,STR003,PRD00761,169,0,40,0,129,0,34728.09
INV00035312,2025-11-02,STR003,PRD00913,143,0,6,0,137,0,295988.5
INV00035313,2025-11-02,STR003,PRD00060,52,0,11,1,42,0,442324.26
INV00035314,2025-11-02,STR003,PRD00937,57,396,16,0,436,1,77416.16
INV00035315,2025-11-02,STR003,PRD00452,79,0,12,0,66,1,58056.9
INV00035316,2025-11-02,STR003,PRD00938,296,302,152,0,446,0,145989.18
INV00035317,2025-11-02,STR003,PRD00030,17,65,6,1,77,0,969398.43
INV00035318,2025-11-02,STR003,PRD01146,142,121,77,0,186,0,276911.22
INV00035319,2025-11-02,STR003,PRD00008,19,0,9,0,10,0,103934.7
INV00035320,2025-11-02,STR003,PRD00389,54,122,27,0,149,0,110254.04
INV00035321,2025-11-02,STR004,PRD00956,75,77,33,0,119,0,68068.0
INV00035322,2025-11-02,STR004,PRD01158,94,68,41,0,121,0,505450.88
INV00035323,2025-11-02,STR004,PRD01104,21,50,9,0,62,0,216278.32
INV00035324,2025-11-02,STR004,PRD00573,416,234,17,0,633,0,17059.35
INV00035325,2025-11-02,STR004,PRD00987,243,0,106,0,137,0,27721.95
INV00035326,2025-11-02,STR004,PRD00703,73,0,36,0,37,0,25920.35
INV00035327,2025-11-02,STR004,PRD00802,130,0,71,0,59,0,139740.91
INV00035328,2025-11-02,STR004,PRD00054,44,49,24,3,71,1,840664.14
INV00035329,2025-11-02,STR004,PRD00022,30,0,12,1,19,0,310410.03
INV00035330,2025-11-02,STR004,PRD01085,35,0,10,0,25,0,103407.25
INV00035331,2025-11-02,STR004,PRD00580,89,194,24,0,259,0,54726.7
INV00035332,2025-11-02,STR004,PRD00601,80,176,22,1,235,0,7242.7
INV00035333,2025-11-02,STR004,PRD00070,17,44,8,0,53,0,585014.53
INV00035334,2025-11-02,STR004,PRD00457,38,0,22,0,15,1,8240.85
INV00035335,2025-11-02,STR004,PRD00950,321,0,120,0,201,0,25589.31
INV00035336,2025-11-02,STR004,PRD01027,76,399,27,0,448,0,101122.56
INV00035337,2025-11-02,STR004,PRD00163,16,72,5,0,83,0,640178.17
INV00035338,2025-11-02,STR004,PRD00033,41,0,15,0,26,0,46365.28
INV00035339,2025-11-02,STR004,PRD00117,46,0,13,0,33,0,133749.66
INV00035340,2025-11-02,STR004,PRD00191,75,0,22,0,53,0,275507.25
INV00035341,2025-11-02,STR005,PRD00971,356,223,60,0,519,0,159161.73
INV00035342,2025-11-02,STR005,PRD00887,102,0,20,0,82,0,95914.58
INV00035343,2025-11-02,STR005,PRD00344,68,168,7,0,229,0,99294.4
INV00035344,2025-11-02,STR005,PRD00096,103,0,33,0,70,0,80828.3
INV00035345,2025-11-02,STR005,PRD00816,58,0,26,0,32,0,27436.48
INV00035346,2025-11-02,STR005,PRD00298,114,0,13,0,101,0,67278.12
INV00035347,2025-11-02,STR005,PRD00259,23,95,12,0,106,0,130698.0
INV00035348,2025-11-02,STR005,PRD00908,96,0,33,0,63,0,84423.78
INV00035349,2025-11-02,STR005,PRD00633,84,374,8,0,450,0,95805.0
INV00035350,2025-11-02,STR005,PRD00769,89,0,20,0,68,1,84467.56
INV00035351,2025-11-02,STR005,PRD01039,78,266,22,0,322,0,126848.68
INV00035352,2025-11-02,STR005,PRD00827,90,140,8,0,222,0,487642.98
INV00035353,2025-11-02,STR005,PRD01181,95,0,9,0,86,0,110323.38
INV00035354,2025-11-02,STR005,PRD00716,40,99,24,0,115,0,115857.9
INV00035355,2025-11-02,STR005,PRD00862,40,83,24,0,99,0,113111.46
INV00035356,2025-11-02,STR005,PRD00328,43,164,23,0,184,0,113897.84
INV00035357,2025-11-02,STR005,PRD00970,364,0,99,1,266,0,63778.82
INV00035358,2025-11-02,STR005,PRD00611,101,239,24,0,316,0,11947.96
INV00035359,2025-11-02,STR005,PRD00704,39,114,7,0,145,1,102535.3
INV00035360,2025-11-02,STR005,PRD00001,37,0,8,0,29,0,444775.32
INV00035361,2025-11-02,STR006,PRD00454,251,0,9,0,242,0,44116.6
INV00035362,2025-11-02,STR006,PRD01114,92,73,48,2,119,0,425227.46
INV00035363,2025-11-02,STR006,PRD00089,21,0,10,1,12,0,220807.68
INV00035364,2025-11-02,STR006,PRD00001,65,0,16,1,50,0,766854.0
INV00035365,2025-11-02,STR006,PRD00358,455,325,68,0,712,0,332269.04
INV00035366,2025-11-02,STR006,PRD00141,22,168,5,0,185,0,359693.65
INV00035367,2025-11-02,STR006,PRD00216,38,0,20,0,18,0,130082.04
INV00035368,2025-11-02,STR006,PRD00535,179,0,98,0,81,0,18166.68
INV00035369,2025-11-02,STR006,PRD00196,93,0,43,0,49,1,110097.12
INV00035370,2025-11-02,STR006,PRD00207,70,0,28,0,42,0,283169.88
INV00035371,2025-11-02,STR006,PRD00153,16,66,5,0,77,0,610003.24
INV00035372,2025-11-02,STR006,PRD00578,281,0,132,0,149,0,62998.69
INV00035373,2025-11-02,STR006,PRD01055,368,0,73,1,296,0,78904.72
INV00035374,2025-11-02,STR006,PRD00592,223,0,129,0,94,0,20519.26
INV00035375,2025-11-02,STR006,PRD01150,125,169,27,0,267,0,633334.68
INV00035376,2025-11-02,STR006,PRD00640,248,0,51,0,197,0,23133.71
INV00035377,2025-11-02,STR006,PRD01109,14,157,8,0,163,0,451252.46
INV00035378,2025-11-02,STR006,PRD00825,29,0,14,1,16,0,22439.84
INV00035379,2025-11-02,STR006,PRD00430,256,0,83,0,173,0,18805.1
INV00035380,2025-11-02,STR006,PRD00593,99,0,42,0,57,0,21992.88
INV00035381,2025-11-02,STR007,PRD00060,64,64,37,0,91,0,958369.23
INV00035382,2025-11-02,STR007,PRD00710,20,149,12,0,157,0,349166.43
INV00035383,2025-11-02,STR007,PRD00613,307,159,61,0,405,0,72337.05
INV00035384,2025-11-02,STR007,PRD00902,207,290,11,0,486,0,74878.02
INV00035385,2025-11-02,STR007,PRD00753,50,0,12,1,38,1,99625.36
INV00035386,2025-11-02,STR007,PRD00695,110,0,12,0,98,0,125093.08
INV00035387,2025-11-02,STR007,PRD00291,92,338,39,0,391,0,109386.16
INV00035388,2025-11-02,STR007,PRD01173,275,0,112,0,161,2,79810.92
INV00035389,2025-11-02,STR007,PRD00173,76,0,42,0,32,2,184042.24
INV00035390,2025-11-02,STR007,PRD00529,302,0,26,0,276,0,135325.56
INV00035391,2025-11-02,STR007,PRD00587,127,354,66,0,415,0,71292.85
INV00035392,2025-11-02,STR007,PRD00862,41,83,5,1,119,1,135962.26
INV00035393,2025-11-02,STR007,PRD00055,46,0,13,0,32,1,391457.28
INV00035394,2025-11-02,STR007,PRD00269,235,0,55,0,180,0,17967.6
INV00035395,2025-11-02,STR007,PRD00840,80,0,9,0,71,0,119427.68
INV00035396,2025-11-02,STR007,PRD01132,79,43,42,3,83,0,322962.96
INV00035397,2025-11-02,STR007,PRD00744,94,125,16,1,204,0,587397.6
INV00035398,2025-11-02,STR007,PRD00340,191,180,99,2,274,0,152365.92
INV00035399,2025-11-02,STR007,PRD00289,23,110,9,0,124,0,75268.0
INV00035400,2025-11-02,STR007,PRD00276,177,0,39,0,138,0,40388.46
INV00035401,2025-11-02,STR008,PRD00720,40,0,24,0,16,0,33679.2
INV00035402,2025-11-02,STR008,PRD01118,37,0,7,0,30,0,101133.0
INV00035403,2025-11-02,STR008,PRD00638,165,0,59,0,106,0,12212.26
INV00035404,2025-11-02,STR008,PRD00390,30,171,13,0,188,0,147642.04
INV00035405,2025-11-02,STR008,PRD00314,172,0,79,0,93,0,34634.13
INV00035406,2025-11-02,STR008,PRD00016,28,0,15,0,13,0,122636.41
INV00035407,2025-11-02,STR008,PRD00477,214,0,26,0,188,0,18360.08
INV00035408,2025-11-02,STR008,PRD00634,154,0,34,0,120,0,35875.2
INV00035409,2025-11-02,STR008,PRD00130,57,0,32,0,25,0,322064.5
INV00035410,2025-11-02,STR008,PRD00673,144,0,51,0,93,0,157940.97
INV00035411,2025-11-02,STR008,PRD00245,24,0,14,0,9,1,39863.79
INV00035412,2025-11-02,STR008,PRD00510,156,0,61,0,95,0,40794.9
INV00035413,2025-11-02,STR008,PRD01170,53,178,21,0,210,0,145929.0
INV00035414,2025-11-02,STR008,PRD00450,194,0,101,1,94,0,27310.76
INV00035415,2025-11-02,STR008,PRD00490,83,155,12,0,226,0,31258.06
INV00035416,2025-11-02,STR008,PRD00273,34,0,11,0,23,0,17454.01
INV00035417,2025-11-02,STR008,PRD00448,134,0,61,0,73,0,37854.88
INV00035418,2025-11-02,STR008,PRD00125,35,141,11,0,165,0,174287.85
INV00035419,2025-11-02,STR008,PRD00432,32,176,10,1,199,0,128760.96
INV00035420,2025-11-02,STR008,PRD01128,72,0,12,1,61,0,87881.48
INV00035421,2025-11-02,STR009,PRD00812,23,151,9,0,165,0,300844.5
INV00035422,2025-11-02,STR009,PRD00721,62,0,33,0,29,0,50101.27
INV00035423,2025-11-02,STR009,PRD00285,55,111,23,0,143,0,109932.68
INV00035424,2025-11-02,STR009,PRD01116,145,0,39,0,106,0,42009.92
INV00035425,2025-11-02,STR009,PRD00191,90,0,28,1,63,0,327489.75
INV00035426,2025-11-02,STR009,PRD00193,10,32,6,1,37,0,155084.76
INV00035427,2025-11-02,STR009,PRD00108,41,0,7,1,35,0,553077.7
INV00035428,2025-11-02,STR009,PRD00823,165,0,63,0,102,0,175204.38
INV00035429,2025-11-02,STR009,PRD00088,22,47,8,0,61,0,1069171.4
INV00035430,2025-11-02,STR009,PRD00396,426,0,15,0,411,0,186881.7
INV00035431,2025-11-02,STR009,PRD00378,342,0,113,0,229,0,83708.66
INV00035432,2025-11-02,STR009,PRD00346,38,0,10,0,28,0,17769.36
INV00035433,2025-11-02,STR009,PRD00631,354,152,76,0,430,0,180367.8
INV00035434,2025-11-02,STR009,PRD00079,64,34,36,0,62,0,836117.74
INV00035435,2025-11-02,STR009,PRD00453,49,178,29,0,198,0,187381.26
INV00035436,2025-11-02,STR009,PRD01044,37,111,16,0,132,0,71871.36
INV00035437,2025-11-02,STR009,PRD01001,61,373,5,1,430,0,76699.1
INV00035438,2025-11-02,STR009,PRD00186,24,45,8,0,61,0,312618.29
INV00035439,2025-11-02,STR009,PRD00390,44,0,24,0,20,0,15706.6
INV00035440,2025-11-02,STR009,PRD00894,139,0,34,0,105,0,168856.8
INV00035441,2025-11-02,STR010,PRD00373,301,0,18,0,283,0,24207.82
INV00035442,2025-11-02,STR010,PRD01167,60,148,16,0,192,0,160446.72
INV00035443,2025-11-02,STR010,PRD00882,73,0,36,0,37,0,80953.41
INV00035444,2025-11-02,STR010,PRD00752,27,53,9,1,72,0,217648.08
INV00035445,2025-11-02,STR010,PRD00861,85,143,16,0,211,1,374271.8
INV00035446,2025-11-02,STR010,PRD01122,24,38,6,0,56,0,203362.88
INV00035447,2025-11-02,STR010,PRD00328,128,0,53,0,74,1,45806.74
INV00035448,2025-11-02,STR010,PRD00375,213,0,108,1,106,0,38696.36
INV00035449,2025-11-02,STR010,PRD01089,41,0,10,0,31,0,117707.62
INV00035450,2025-11-02,STR010,PRD00188,20,43,12,0,51,0,205406.07
INV00035451,2025-11-02,STR010,PRD01020,382,0,78,0,304,0,110038.88
INV00035452,2025-11-02,STR010,PRD00230,35,0,10,0,25,0,195897.0
INV00035453,2025-11-02,STR010,PRD00760,27,0,12,0,15,0,47592.15
INV00035454,2025-11-02,STR010,PRD00784,97,139,17,0,219,0,285146.76
INV00035455,2025-11-02,STR010,PRD00869,37,0,13,0,24,0,56793.6
INV00035456,2025-11-02,STR010,PRD00729,81,0,32,0,49,0,125328.28
INV00035457,2025-11-02,STR010,PRD00731,128,122,23,1,228,0,360707.4
INV00035458,2025-11-02,STR010,PRD00154,323,0,22,0,301,0,143552.92
INV00035459,2025-11-02,STR010,PRD00176,102,0,15,0,87,0,251191.62
INV00035460,2025-11-02,STR010,PRD00246,61,76,8,0,129,0,159931.62
INV00035461,2025-11-02,STR011,PRD00265,69,118,38,1,149,1,435088.94
INV00035462,2025-11-02,STR011,PRD00419,73,176,28,0,221,0,168826.32
INV00035463,2025-11-02,STR011,PRD00760,18,63,7,0,74,0,234787.94
INV00035464,2025-11-02,STR011,PRD00451,70,0,31,0,39,0,19703.97
INV00035465,2025-11-02,STR011,PRD00169,79,0,25,0,54,0,303948.18
INV00035466,2025-11-02,STR011,PRD00167,43,73,8,0,108,0,596506.68
INV00035467,2025-11-02,STR011,PRD00804,198,0,10,0,188,0,106178.64
INV00035468,2025-11-02,STR011,PRD00290,86,0,24,1,63,0,30134.16
INV00035469,2025-11-02,STR011,PRD01019,118,0,37,0,80,1,39180.0
INV00035470,2025-11-02,STR011,PRD00999,37,131,9,0,159,0,93309.15
INV00035471,2025-11-02,STR011,PRD00345,234,0,72,1,163,0,64202.44
INV00035472,2025-11-02,STR011,PRD01137,50,162,17,1,196,0,210556.92
INV00035473,2025-11-02,STR011,PRD01030,58,231,29,0,260,0,82568.2
INV00035474,2025-11-02,STR011,PRD00632,237,0,21,0,216,0,92892.96
INV00035475,2025-11-02,STR011,PRD01164,25,88,8,0,105,0,116414.55
INV00035476,2025-11-02,STR011,PRD00184,15,121,7,0,129,0,333942.3
INV00035477,2025-11-02,STR011,PRD00174,52,130,25,0,157,0,82148.68
INV00035478,2025-11-02,STR011,PRD00372,161,0,6,3,158,0,43604.84
INV00035479,2025-11-02,STR011,PRD00101,96,132,31,2,199,0,358846.75
INV00035480,2025-11-02,STR011,PRD00385,288,0,151,0,137,0,38157.24
INV00035481,2025-11-02,STR012,PRD00160,45,58,26,1,78,0,375062.22
INV00035482,2025-11-02,STR012,PRD01164,80,0,12,0,68,0,75392.28
INV00035483,2025-11-02,STR012,PRD00231,18,0,9,0,9,0,60345.81
INV00035484,2025-11-02,STR012,PRD00823,184,0,38,0,146,0,250782.74
INV00035485,2025-11-02,STR012,PRD00895,184,0,42,0,141,1,41933.4
INV00035486,2025-11-02,STR012,PRD00876,24,100,13,0,111,0,199620.18
INV00035487,2025-11-02,STR012,PRD00255,71,150,25,0,196,0,447520.92
INV00035488,2025-11-02,STR012,PRD01075,28,31,12,0,46,1,146200.88
INV00035489,2025-11-02,STR012,PRD00641,337,0,6,0,331,0,110262.72
INV00035490,2025-11-02,STR012,PRD00365,135,0,12,0,123,0,55188.87
INV00035491,2025-11-02,STR012,PRD00897,31,0,7,2,26,0,61599.46
INV00035492,2025-11-02,STR012,PRD00114,45,0,7,0,38,0,467628.0
INV00035493,2025-11-02,STR012,PRD00287,190,0,61,0,129,0,35389.86
INV00035494,2025-11-02,STR012,PRD01071,73,0,17,0,56,0,191072.0
INV00035495,2025-11-02,STR012,PRD00836,273,0,97,0,174,2,71012.88
INV00035496,2025-11-02,STR012,PRD00359,81,0,34,2,49,0,31538.36
INV00035497,2025-11-02,STR012,PRD00803,47,0,13,0,34,0,41641.16
INV00035498,2025-11-02,STR012,PRD00952,61,146,27,0,180,0,90487.8
INV00035499,2025-11-02,STR012,PRD00124,35,0,15,0,20,0,142471.0
INV00035500,2025-11-02,STR012,PRD00469,183,0,29,0,154,0,59975.3
INV00035501,2025-11-02,STR013,PRD01082,123,0,24,2,101,0,80523.26
INV00035502,2025-11-02,STR013,PRD00738,64,0,7,1,58,0,39848.32
INV00035503,2025-11-02,STR013,PRD00172,58,0,11,0,47,0,246905.1
INV00035504,2025-11-02,STR013,PRD00020,18,173,8,0,183,0,356537.07
INV00035505,2025-11-02,STR013,PRD00569,121,0,63,0,58,0,8311.4
INV00035506,2025-11-02,STR013,PRD00832,15,121,8,0,128,0,175395.84
INV00035507,2025-11-02,STR013,PRD00686,64,0,22,0,42,0,88780.86
INV00035508,2025-11-02,STR013,PRD01078,76,150,43,0,183,0,240807.87
INV00035509,2025-11-02,STR013,PRD00009,14,0,5,0,9,0,75100.59
INV00035510,2025-11-02,STR013,PRD01094,8,72,7,0,73,0,277193.41
INV00035511,2025-11-02,STR013,PRD00713,22,152,9,0,165,0,484730.4
INV00035512,2025-11-02,STR013,PRD00994,46,153,8,0,191,0,120939.29
INV00035513,2025-11-02,STR013,PRD00563,396,0,234,0,162,0,70236.72
INV00035514,2025-11-02,STR013,PRD00151,77,0,20,0,57,0,212818.05
INV00035515,2025-11-02,STR013,PRD00666,58,198,22,1,235,0,38236.85
INV00035516,2025-11-02,STR013,PRD00843,85,0,37,0,48,0,33094.08
INV00035517,2025-11-02,STR013,PRD00565,272,0,156,2,118,0,7254.64
INV00035518,2025-11-02,STR013,PRD00052,135,0,36,1,100,0,113708.0
INV00035519,2025-11-02,STR013,PRD00241,16,41,9,0,48,0,268029.12
INV00035520,2025-11-02,STR013,PRD00489,62,0,24,1,39,0,26944.32
INV00035521,2025-11-02,STR014,PRD00114,51,0,13,0,38,0,467628.0
INV00035522,2025-11-02,STR014,PRD00275,121,0,49,0,72,0,61048.8
INV00035523,2025-11-02,STR014,PRD00284,190,0,39,0,151,0,15633.03
INV00035524,2025-11-02,STR014,PRD00467,345,0,78,0,267,0,120964.35
INV00035525,2025-11-02,STR014,PRD00737,117,0,51,2,68,0,51229.16
INV00035526,2025-11-02,STR014,PRD00054,23,0,12,0,11,0,130243.74
INV00035527,2025-11-02,STR014,PRD00196,42,0,10,0,32,0,71900.16
INV00035528,2025-11-02,STR014,PRD00093,40,0,9,1,32,0,310530.24
INV00035529,2025-11-02,STR014,PRD00177,10,75,7,0,77,1,569651.39
INV00035530,2025-11-02,STR014,PRD00290,68,0,34,0,34,0,16262.88
INV00035531,2025-11-02,STR014,PRD01139,105,166,6,0,265,0,488808.4
INV00035532,2025-11-02,STR014,PRD00097,28,0,16,0,12,0,173254.32
INV00035533,2025-11-02,STR014,PRD00671,242,166,81,0,327,0,68019.27
INV00035534,2025-11-02,STR014,PRD00412,335,198,32,0,501,0,227829.75
INV00035535,2025-11-02,STR014,PRD01082,42,137,17,0,162,0,129156.12
INV00035536,2025-11-02,STR014,PRD00398,212,0,13,0,199,0,34496.65
INV00035537,2025-11-02,STR014,PRD01116,280,0,112,0,168,0,66581.76
INV00035538,2025-11-02,STR014,PRD00557,122,0,69,0,53,0,7124.79
INV00035539,2025-11-02,STR014,PRD00009,33,0,16,0,17,0,141856.67
INV00035540,2025-11-02,STR014,PRD00005,31,69,14,3,89,0,1641058.54
INV00035541,2025-11-02,STR015,PRD00123,13,73,6,0,80,0,447049.6
INV00035542,2025-11-02,STR015,PRD00113,30,65,17,0,77,1,914474.33
INV00035543,2025-11-02,STR015,PRD01074,39,51,9,0,81,0,264801.15
INV00035544,2025-11-02,STR015,PRD01119,35,71,19,0,87,0,380920.8
INV00035545,2025-11-02,STR015,PRD00771,45,180,20,0,205,0,294406.65
INV00035546,2025-11-02,STR015,PRD00835,134,0,72,0,62,0,62508.4
INV00035547,2025-11-02,STR015,PRD00545,447,0,39,3,410,1,103504.5
INV00035548,2025-11-02,STR015,PRD00934,99,152,6,0,245,0,443712.15
INV00035549,2025-11-02,STR015,PRD00714,24,143,9,0,158,0,212985.58
INV00035550,2025-11-02,STR015,PRD01159,179,88,88,0,179,0,268367.54
INV00035551,2025-11-02,STR015,PRD00655,347,0,124,0,223,0,10514.45
INV00035552,2025-11-02,STR015,PRD00468,102,171,52,0,221,0,32778.72
INV00035553,2025-11-02,STR015,PRD00475,65,0,33,0,32,0,18206.72
INV00035554,2025-11-02,STR015,PRD01191,16,41,9,0,48,0,192551.52
INV00035555,2025-11-02,STR015,PRD00923,166,0,83,0,83,0,187773.39
INV00035556,2025-11-02,STR015,PRD01009,178,169,73,2,276,0,8111.64
INV00035557,2025-11-02,STR015,PRD00449,115,308,30,0,393,0,78262.02
INV00035558,2025-11-02,STR015,PRD00970,182,0,96,1,87,0,20859.99
INV00035559,2025-11-02,STR015,PRD01136,18,0,8,0,10,0,41250.5
INV00035560,2025-11-02,STR015,PRD00912,112,373,16,1,470,0,143961.0
INV00035561,2025-11-02,STR016,PRD00379,447,0,248,0,199,0,91671.34
INV00035562,2025-11-02,STR016,PRD00464,167,0,82,0,84,1,38513.16
INV00035563,2025-11-02,STR016,PRD00467,378,0,19,0,359,0,162644.95
INV00035564,2025-11-02,STR016,PRD00024,38,0,5,0,33,0,511507.92
INV00035565,2025-11-02,STR016,PRD00568,270,0,94,0,176,0,50742.56
INV00035566,2025-11-02,STR016,PRD00606,178,0,51,0,127,0,39188.39
INV00035567,2025-11-02,STR016,PRD00472,53,212,18,0,247,0,109890.3
INV00035568,2025-11-02,STR016,PRD00463,124,0,22,0,102,0,76241.94
INV00035569,2025-11-02,STR016,PRD00966,49,169,12,0,206,0,108448.7
INV00035570,2025-11-02,STR016,PRD00935,70,0,39,0,31,0,18169.1
INV00035571,2025-11-02,STR016,PRD01094,18,0,9,0,9,0,34174.53
INV00035572,2025-11-02,STR016,PRD01137,50,0,5,0,44,1,47267.88
INV00035573,2025-11-02,STR016,PRD00281,418,0,29,0,388,1,152685.76
INV00035574,2025-11-02,STR016,PRD00721,126,81,70,0,137,0,236685.31
INV00035575,2025-11-02,STR016,PRD01011,188,379,11,2,558,0,83527.02
INV00035576,2025-11-02,STR016,PRD00225,47,0,13,0,34,0,236369.36
INV00035577,2025-11-02,STR016,PRD00623,423,0,44,1,380,0,147310.8
INV00035578,2025-11-02,STR016,PRD00876,17,100,9,0,108,0,194225.04
INV00035579,2025-11-02,STR016,PRD00735,54,178,9,0,223,0,360430.44
INV00035580,2025-11-02,STR016,PRD01089,52,70,19,0,103,0,391093.06
INV00035581,2025-11-02,STR017,PRD00034,23,161,8,0,176,0,91618.56
INV00035582,2025-11-02,STR017,PRD00792,29,129,11,0,147,0,430024.98
INV00035583,2025-11-02,STR017,PRD00455,111,152,55,0,208,0,117201.76
INV00035584,2025-11-02,STR017,PRD00250,32,136,9,0,158,1,432457.06
INV00035585,2025-11-02,STR017,PRD00629,94,0,29,0,65,0,8910.85
INV00035586,2025-11-02,STR017,PRD00540,143,0,10,1,134,0,52075.08
INV00035587,2025-11-02,STR017,PRD00546,395,0,143,0,252,0,119422.8
INV00035588,2025-11-02,STR017,PRD00363,67,0,18,0,49,0,33827.15
INV00035589,2025-11-02,STR017,PRD00986,176,0,60,3,119,0,13344.66
INV00035590,2025-11-02,STR017,PRD00474,176,0,103,0,73,0,6524.01
INV00035591,2025-11-02,STR017,PRD00770,79,81,18,3,144,1,157016.16
INV00035592,2025-11-02,STR017,PRD01155,29,0,7,0,22,0,80540.02
INV00035593,2025-11-02,STR017,PRD00658,102,0,61,2,43,0,9790.24
INV00035594,2025-11-02,STR017,PRD00299,63,0,17,3,49,0,40341.7
INV00035595,2025-11-02,STR017,PRD00048,54,0,29,0,25,0,457427.5
INV00035596,2025-11-02,STR017,PRD00045,31,66,18,0,79,0,1091952.22
INV00035597,2025-11-02,STR017,PRD01120,34,0,15,0,19,0,83599.24
INV00035598,2025-11-02,STR017,PRD00042,36,0,8,0,27,1,322371.09
INV00035599,2025-11-02,STR017,PRD00669,98,117,37,0,178,0,335843.28
INV00035600,2025-11-02,STR017,PRD01059,97,159,42,1,214,1,78829.04
INV00035601,2025-11-02,STR018,PRD00994,86,153,26,1,214,0,135502.66
INV00035602,2025-11-02,STR018,PRD00532,26,144,10,0,160,0,129417.6
INV00035603,2025-11-02,STR018,PRD00240,35,0,20,3,18,0,133033.14
INV00035604,2025-11-02,STR018,PRD00199,81,0,43,0,38,0,50741.4
INV00035605,2025-11-02,STR018,PRD00235,75,0,19,0,56,0,374282.72
INV00035606,2025-11-02,STR018,PRD00592,58,169,23,0,204,0,44531.16
INV00035607,2025-11-02,STR018,PRD00282,341,375,194,2,524,0,246400.52
INV00035608,2025-11-02,STR018,PRD00185,158,117,88,0,187,0,280507.48
INV00035609,2025-11-02,STR018,PRD00105,21,0,6,0,15,0,105152.1
INV00035610,2025-11-02,STR018,PRD00550,162,0,50,0,112,0,40871.04
INV00035611,2025-11-02,STR018,PRD00831,28,123,16,0,135,0,269077.95
INV00035612,2025-11-02,STR018,PRD00234,117,0,46,2,73,0,173304.92
INV00035613,2025-11-02,STR018,PRD00418,117,0,18,0,97,2,30596.71
INV00035614,2025-11-02,STR018,PRD00226,32,139,18,0,153,0,324667.53
INV00035615,2025-11-02,STR018,PRD00012,17,35,5,1,48,0,197824.8
INV00035616,2025-11-02,STR018,PRD00529,192,0,11,0,181,0,88746.11
INV00035617,2025-11-02,STR018,PRD00113,34,65,13,1,87,0,1033237.23
INV00035618,2025-11-02,STR018,PRD00073,98,0,20,0,76,2,1301378.4
INV00035619,2025-11-02,STR018,PRD01008,113,210,16,0,307,0,43594.0
INV00035620,2025-11-02,STR018,PRD00463,108,0,43,0,65,0,48585.55
INV00035621,2025-11-02,STR019,PRD00506,91,0,40,0,51,0,29534.1
INV00035622,2025-11-02,STR019,PRD00906,23,169,11,0,181,0,383035.82
INV00035623,2025-11-02,STR019,PRD00899,89,112,43,1,159,0,231942.84
INV00035624,2025-11-02,STR019,PRD00024,13,54,6,0,61,0,945514.64
INV00035625,2025-11-02,STR019,PRD00071,55,0,9,0,46,0,441858.98
INV00035626,2025-11-02,STR019,PRD00456,173,0,16,0,156,1,26518.44
INV00035627,2025-11-02,STR019,PRD00604,179,0,56,0,123,0,18683.7
INV00035628,2025-11-02,STR019,PRD00206,31,27,17,0,41,0,282205.05
INV00035629,2025-11-02,STR019,PRD00207,62,69,13,0,117,1,788830.38
INV00035630,2025-11-02,STR019,PRD00753,42,103,11,1,135,0,353932.2
INV00035631,2025-11-02,STR019,PRD00773,45,116,18,0,143,0,74138.35
INV00035632,2025-11-02,STR019,PRD00337,123,0,17,3,109,0,79725.87
INV00035633,2025-11-02,STR019,PRD00643,199,0,112,0,87,0,18931.2
INV00035634,2025-11-02,STR019,PRD00362,84,0,30,0,54,0,28755.54
INV00035635,2025-11-02,STR019,PRD00425,82,0,33,0,49,0,34177.99
INV00035636,2025-11-02,STR019,PRD00975,17,135,9,0,143,0,85585.5
INV00035637,2025-11-02,STR019,PRD00948,313,0,153,0,160,0,4248.0
INV00035638,2025-11-02,STR019,PRD01063,413,0,119,0,294,0,143586.66
INV00035639,2025-11-02,STR019,PRD00661,147,0,67,1,81,0,22978.08
INV00035640,2025-11-02,STR019,PRD00955,327,0,78,0,249,0,102314.1
INV00035641,2025-11-02,STR020,PRD00591,64,369,25,0,408,0,148401.84
INV00035642,2025-11-02,STR020,PRD00484,163,0,6,0,127,0,89103.78
INV00035643,2025-11-02,STR020,PRD01148,86,207,7,0,286,0,69063.28
INV00035644,2025-11-02,STR020,PRD00867,42,219,7,0,253,1,115813.28
INV00035645,2025-11-02,STR020,PRD00281,429,0,181,1,249,0,97986.48
INV00035646,2025-11-02,STR020,PRD00907,34,0,15,0,19,0,18560.53
INV00035647,2025-11-02,STR020,PRD01013,115,209,58,1,267,0,39580.08
INV00035648,2025-11-02,STR020,PRD01105,47,130,27,0,150,0,226278.0
INV00035649,2025-11-02,STR020,PRD01075,25,0,10,0,15,0,47674.2
INV00035650,2025-11-02,STR020,PRD01177,86,0,37,1,50,0,79731.5
INV00035651,2025-11-02,STR020,PRD00745,41,112,13,0,140,0,256085.2
INV00035652,2025-11-02,STR020,PRD00777,74,77,12,0,139,0,269907.42
INV00035653,2025-11-02,STR020,PRD00724,43,0,19,0,24,0,38265.84
INV00035654,2025-11-02,STR020,PRD00119,46,0,5,1,42,0,673451.94
INV00035655,2025-11-02,STR020,PRD00981,412,0,78,0,334,0,18116.16
INV00035656,2025-11-02,STR020,PRD00686,167,0,98,0,69,0,145854.27
INV00035657,2025-11-02,STR020,PRD00711,59,0,24,0,35,0,47448.8
INV00035658,2025-11-02,STR020,PRD01110,113,0,27,0,86,0,49975.46
INV00035659,2025-11-02,STR020,PRD01187,59,0,16,0,43,0,144264.57
INV00035660,2025-11-02,STR020,PRD00319,297,0,153,0,144,0,66788.64
INV00035661,2025-11-02,STR021,PRD00642,124,152,14,0,262,0,76037.64
INV00035662,2025-11-02,STR021,PRD00322,71,0,9,0,62,0,36416.32
INV00035663,2025-11-02,STR021,PRD00111,87,0,11,0,76,0,964742.48
INV00035664,2025-11-02,STR021,PRD00364,76,333,5,1,405,0,79254.45
INV00035665,2025-11-02,STR021,PRD00670,62,0,8,0,54,0,103405.68
INV00035666,2025-11-02,STR021,PRD01042,306,207,165,0,348,0,32952.12
INV00035667,2025-11-02,STR021,PRD00968,197,0,71,0,125,1,19845.0
INV00035668,2025-11-02,STR021,PRD00368,141,0,42,0,99,0,58205.07
INV00035669,2025-11-02,STR021,PRD00042,33,0,7,0,26,0,310431.42
INV00035670,2025-11-02,STR021,PRD00621,218,0,82,0,136,0,32018.48
INV00035671,2025-11-02,STR021,PRD00570,88,0,46,0,42,0,11279.94
INV00035672,2025-11-02,STR021,PRD00347,38,180,12,1,207,0,138536.82
INV00035673,2025-11-02,STR021,PRD00084,54,0,31,0,23,0,190756.71
INV00035674,2025-11-02,STR021,PRD00465,291,0,107,0,184,0,81475.2
INV00035675,2025-11-02,STR021,PRD00943,50,0,20,0,30,0,15973.2
INV00035676,2025-11-02,STR021,PRD00575,107,199,48,0,258,0,17306.64
INV00035677,2025-11-02,STR021,PRD00916,108,156,20,0,244,0,554070.32
INV00035678,2025-11-02,STR021,PRD00007,57,0,20,0,37,0,572101.4
INV00035679,2025-11-02,STR021,PRD00190,81,63,45,0,99,0,787576.68
INV00035680,2025-11-02,STR021,PRD00274,204,0,23,2,183,0,77914.08
INV00035681,2025-11-02,STR022,PRD00185,134,0,76,0,58,0,87002.32
INV00035682,2025-11-02,STR022,PRD00884,36,152,7,3,184,0,199886.56
INV00035683,2025-11-02,STR022,PRD00595,390,239,217,1,412,1,150182.24
INV00035684,2025-11-02,STR022,PRD01132,76,0,25,0,51,0,198447.12
INV00035685,2025-11-02,STR022,PRD00669,19,117,6,0,130,0,245278.8
INV00035686,2025-11-02,STR022,PRD00468,219,0,108,0,111,0,16463.52
INV00035687,2025-11-02,STR022,PRD01137,80,162,17,0,225,0,241710.75
INV00035688,2025-11-02,STR022,PRD00602,63,339,12,0,390,0,80839.2
INV00035689,2025-11-02,STR022,PRD00657,181,0,72,0,109,0,17531.56
INV00035690,2025-11-02,STR022,PRD00665,283,0,58,0,225,0,23206.5
INV00035691,2025-11-02,STR022,PRD00165,36,0,21,0,15,0,100077.45
INV00035692,2025-11-02,STR022,PRD01001,158,0,62,0,96,0,17123.52
INV00035693,2025-11-02,STR022,PRD00389,183,0,73,1,110,1,81395.6
INV00035694,2025-11-02,STR022,PRD00317,170,138,93,0,215,0,171886.05
INV00035695,2025-11-02,STR022,PRD00722,67,169,18,0,218,0,255245.3
INV00035696,2025-11-02,STR022,PRD00667,319,0,60,0,259,0,23581.95
INV00035697,2025-11-02,STR022,PRD00642,138,0,18,0,120,0,34826.4
INV00035698,2025-11-02,STR022,PRD00019,8,46,8,0,46,0,294379.3
INV00035699,2025-11-02,STR022,PRD00773,37,116,16,0,137,0,71027.65
INV00035700,2025-11-02,STR022,PRD00448,36,154,19,0,171,0,88673.76
INV00035701,2025-11-02,STR023,PRD01032,232,0,112,0,120,0,8424.0
INV00035702,2025-11-02,STR023,PRD00713,49,152,20,3,184,0,540547.84
INV00035703,2025-11-02,STR023,PRD00633,176,0,36,2,142,0,30231.8
INV00035704,2025-11-02,STR023,PRD00780,26,177,11,1,193,0,171549.98
INV00035705,2025-11-02,STR023,PRD00742,53,0,20,0,33,0,78152.58
INV00035706,2025-11-02,STR023,PRD00402,43,0,5,1,39,0,31904.34
INV00035707,2025-11-02,STR023,PRD01174,126,77,48,0,155,0,413070.35
INV00035708,2025-11-02,STR023,PRD00062,40,0,21,0,19,0,262173.21
INV00035709,2025-11-02,STR023,PRD00337,94,0,9,0,85,0,62171.55
INV00035710,2025-11-02,STR023,PRD00526,94,0,6,0,88,0,52117.12
INV00035711,2025-11-02,STR023,PRD00176,44,0,21,0,23,0,66406.98
INV00035712,2025-11-02,STR023,PRD00156,72,0,6,0,66,0,81308.7
INV00035713,2025-11-02,STR023,PRD00054,57,0,22,0,35,0,414411.9
INV00035714,2025-11-02,STR023,PRD01180,54,0,16,0,38,0,161264.78
INV00035715,2025-11-02,STR023,PRD01044,74,0,33,0,41,0,22323.68
INV00035716,2025-11-02,STR023,PRD00424,303,0,88,0,215,0,81106.6
INV00035717,2025-11-02,STR023,PRD01018,339,0,156,0,183,0,16250.4
INV00035718,2025-11-02,STR023,PRD00393,137,203,16,0,324,0,111514.32
INV00035719,2025-11-02,STR023,PRD01187,78,0,12,0,66,0,221429.34
INV00035720,2025-11-02,STR023,PRD00097,65,37,30,1,73,0,1053963.78
INV00035721,2025-11-02,STR024,PRD00722,71,169,9,0,231,0,270466.35
INV00035722,2025-11-02,STR024,PRD00463,30,167,5,0,192,0,143514.24
INV00035723,2025-11-02,STR024,PRD00265,37,0,8,0,29,0,84681.74
INV00035724,2025-11-02,STR024,PRD00627,222,389,15,1,597,0,241014.87
INV00035725,2025-11-02,STR024,PRD00403,286,0,97,0,189,0,26123.58
INV00035726,2025-11-02,STR024,PRD01086,34,61,16,0,79,0,254571.18
INV00035727,2025-11-02,STR024,PRD00065,49,0,21,1,29,0,236434.97
INV00035728,2025-11-02,STR024,PRD00702,37,85,6,0,116,0,114682.24
INV00035729,2025-11-02,STR024,PRD00114,22,46,9,1,60,0,738360.0
INV00035730,2025-11-02,STR024,PRD00819,14,90,8,0,96,0,148752.0
INV00035731,2025-11-02,STR024,PRD00778,82,94,11,1,165,1,93974.1
INV00035732,2025-11-02,STR024,PRD00638,129,162,67,0,224,0,25807.04
INV00035733,2025-11-02,STR024,PRD00551,371,274,214,0,431,0,185575.67
INV00035734,2025-11-02,STR024,PRD00571,364,331,109,0,586,0,84085.14
INV00035735,2025-11-02,STR024,PRD00369,107,257,25,0,339,0,163564.11
INV00035736,2025-11-02,STR024,PRD01013,252,209,17,0,444,0,65818.56
INV00035737,2025-11-02,STR024,PRD00781,64,0,32,0,32,0,66266.88
INV00035738,2025-11-02,STR024,PRD01176,42,0,10,0,32,0,112618.56
INV00035739,2025-11-02,STR024,PRD01011,280,0,46,0,234,0,35027.46
INV00035740,2025-11-02,STR024,PRD00162,20,38,10,1,49,0,327615.96
INV00035741,2025-11-02,STR025,PRD01168,44,0,6,0,38,0,94013.52
INV00035742,2025-11-02,STR025,PRD00264,16,75,7,0,83,1,263279.32
INV00035743,2025-11-02,STR025,PRD00091,59,0,29,0,30,0,465137.4
INV00035744,2025-11-02,STR025,PRD00800,232,0,132,0,99,1,32134.41
INV00035745,2025-11-02,STR025,PRD00414,148,0,47,0,101,0,42957.32
INV00035746,2025-11-02,STR025,PRD00269,242,0,87,2,157,0,15671.74
INV00035747,2025-11-02,STR025,PRD00379,404,0,114,1,291,0,134052.06
INV00035748,2025-11-02,STR025,PRD00151,45,28,14,0,59,0,220285.35
INV00035749,2025-11-02,STR025,PRD01132,81,0,28,1,103,1,206229.36
INV00035750,2025-11-02,STR025,PRD00359,83,0,12,1,72,0,46342.08
INV00035751,2025-11-02,STR025,PRD00668,121,0,63,0,58,0,12559.32
INV00035752,2025-11-02,STR025,PRD00942,211,284,77,0,418,0,25803.14
INV00035753,2025-11-02,STR025,PRD00689,97,279,9,0,367,0,-9999.0
INV00035754,2025-11-02,STR025,PRD01081,36,0,13,0,23,0,81036.59
INV00035755,2025-11-02,STR025,PRD00107,19,68,7,1,81,0,282180.51
INV00035756,2025-11-02,STR025,PRD00205,102,0,61,0,41,0,54739.1
INV00035757,2025-11-02,STR025,PRD00635,290,297,93,3,497,0,103028.1
INV00035758,2025-11-02,STR025,PRD00580,323,0,160,0,163,0,34441.9
INV00035759,2025-11-02,STR025,PRD00899,72,0,16,1,57,0,83149.32
INV00035760,2025-11-02,STR025,PRD00605,84,156,7,0,233,0,11428.65
INV00035761,2025-11-02,STR026,PRD00790,85,0,23,0,62,0,55968.64
INV00035762,2025-11-02,STR026,PRD01016,416,0,233,1,182,2,29374.8
INV00035763,2025-11-02,STR026,PRD01027,117,0,52,0,65,0,14671.8
INV00035764,2025-11-02,STR026,PRD00638,247,162,99,0,308,2,35484.68
INV00035765,2025-11-02,STR026,PRD00350,32,103,10,0,125,0,91952.5
INV00035766,2025-11-02,STR026,PRD00854,76,0,33,1,44,0,64588.92
INV00035767,2025-11-02,STR026,PRD01168,53,92,23,0,122,0,301832.88
INV00035768,2025-11-02,STR026,PRD00269,52,400,22,0,430,0,42922.6
INV00035769,2025-11-02,STR026,PRD01128,135,0,12,3,126,0,181525.68
INV00035770,2025-11-02,STR026,PRD00038,70,0,5,0,65,0,137379.45
INV00035771,2025-11-02,STR026,PRD00157,85,45,49,0,81,0,352770.39
INV00035772,2025-11-02,STR026,PRD00701,18,0,10,2,10,0,30632.6
INV00035773,2025-11-02,STR026,PRD00363,19,139,11,0,147,0,101481.45
INV00035774,2025-11-02,STR026,PRD00389,67,122,12,3,179,1,132452.84
INV00035775,2025-11-02,STR026,PRD00457,110,0,55,0,55,0,30216.45
INV00035776,2025-11-02,STR026,PRD00869,16,180,5,1,192,0,454348.8
INV00035777,2025-11-02,STR026,PRD00996,289,0,60,0,229,0,75430.31
INV00035778,2025-11-02,STR026,PRD00562,111,0,55,0,56,0,26402.32
INV00035779,2025-11-02,STR026,PRD00974,156,320,8,0,468,0,49963.68
INV00035780,2025-11-02,STR026,PRD01003,170,0,60,1,111,0,16241.52
INV00035781,2025-11-02,STR027,PRD00883,62,0,12,1,51,0,73311.48
INV00035782,2025-11-02,STR027,PRD00175,33,55,14,0,74,0,550180.38
INV00035783,2025-11-02,STR027,PRD01020,350,159,153,0,356,0,128861.32
INV00035784,2025-11-02,STR027,PRD00239,23,28,5,1,47,0,214134.82
INV00035785,2025-11-02,STR027,PRD00685,36,167,14,2,191,0,544663.24
INV00035786,2025-11-02,STR027,PRD00527,68,0,34,0,33,1,24461.91
INV00035787,2025-11-02,STR027,PRD00523,109,0,50,0,59,0,38712.26
INV00035788,2025-11-02,STR027,PRD00671,161,0,34,1,128,0,26625.28
INV00035789,2025-11-02,STR027,PRD00029,32,0,5,0,27,0,436250.61
INV00035790,2025-11-02,STR027,PRD01153,43,176,25,0,194,0,484912.7
INV00035791,2025-11-02,STR027,PRD01093,111,175,57,0,229,0,661127.58
INV00035792,2025-11-02,STR027,PRD00698,148,0,22,0,126,0,137918.34
INV00035793,2025-11-02,STR027,PRD01183,7,34,6,0,35,0,116620.0
INV00035794,2025-11-02,STR027,PRD00190,29,0,7,0,22,0,175017.04
INV00035795,2025-11-02,STR027,PRD00017,44,0,15,0,29,0,130644.42
INV00035796,2025-11-02,STR027,PRD00203,28,0,13,0,14,1,59652.32
INV00035797,2025-11-02,STR027,PRD00437,156,173,50,2,281,0,76184.72
INV00035798,2025-11-02,STR027,PRD01121,99,0,36,0,63,0,61398.54
INV00035799,2025-11-02,STR027,PRD00919,113,0,11,1,103,0,229904.24
INV00035800,2025-11-02,STR027,PRD00864,145,174,43,0,276,0,308584.56
INV00035801,2025-11-02,STR028,PRD00304,64,128,26,0,214,2,118704.84
INV00035802,2025-11-02,STR028,PRD01190,43,0,9,0,34,0,128190.54
INV00035803,2025-11-02,STR028,PRD00415,305,0,62,0,243,0,69544.17
INV00035804,2025-11-02,STR028,PRD00718,105,159,25,1,240,0,402237.6
INV00035805,2025-11-02,STR028,PRD00406,187,0,111,0,76,0,40512.56
INV00035806,2025-11-02,STR028,PRD00920,86,86,30,0,142,0,217893.32
INV00035807,2025-11-02,STR028,PRD01034,344,279,46,0,577,0,125624.44
INV00035808,2025-11-02,STR028,PRD00221,15,31,9,0,37,0,213522.93
INV00035809,2025-11-02,STR028,PRD00200,65,0,7,0,58,0,79078.94
INV00035810,2025-11-02,STR028,PRD01111,50,88,9,0,129,0,123262.08
INV00035811,2025-11-02,STR028,PRD00806,56,381,24,0,413,0,77078.19
INV00035812,2025-11-02,STR028,PRD00187,64,48,30,1,83,0,279247.69
INV00035813,2025-11-02,STR028,PRD00654,204,0,85,1,120,0,38926.8
INV00035814,2025-11-02,STR028,PRD00902,178,0,49,1,130,0,20029.1
INV00035815,2025-11-02,STR028,PRD00770,36,81,9,0,108,0,117762.12
INV00035816,2025-11-02,STR028,PRD00162,60,0,15,0,45,0,300871.8
INV00035817,2025-11-02,STR028,PRD00842,58,0,11,0,47,0,44973.36
INV00035818,2025-11-02,STR028,PRD00192,127,0,22,0,105,0,227903.55
INV00035819,2025-11-02,STR028,PRD00292,449,241,205,0,485,0,238459.95
INV00035820,2025-11-02,STR028,PRD00646,244,186,102,0,328,0,21579.12
INV00035821,2025-11-02,STR029,PRD00721,107,0,14,0,93,0,160669.59
INV00035822,2025-11-02,STR029,PRD00762,47,133,7,0,173,0,157405.78
INV00035823,2025-11-02,STR029,PRD00545,121,361,16,0,466,0,117641.7
INV00035824,2025-11-02,STR029,PRD00791,49,76,18,0,106,1,63543.82
INV00035825,2025-11-02,STR029,PRD00336,63,0,34,0,29,0,23812.19
INV00035826,2025-11-02,STR029,PRD00271,197,0,81,0,116,0,48557.6
INV00035827,2025-11-02,STR029,PRD00914,64,146,33,3,180,0,396129.6
INV00035828,2025-11-02,STR029,PRD00281,188,372,20,0,540,0,212500.8
INV00035829,2025-11-02,STR029,PRD00596,181,0,72,0,109,0,43372.19
INV00035830,2025-11-02,STR029,PRD00076,44,55,8,0,-20,0,976026.87
INV00035831,2025-11-02,STR029,PRD00799,79,122,5,0,196,0,481881.68
INV00035832,2025-11-02,STR029,PRD00199,153,0,10,0,143,0,190947.9
INV00035833,2025-11-02,STR029,PRD00825,37,0,9,0,28,0,39269.72
INV00035834,2025-11-02,STR029,PRD00186,20,45,12,0,53,0,271619.17
INV00035835,2025-11-02,STR029,PRD00015,33,151,13,0,171,0,501301.89
INV00035836,2025-11-02,STR029,PRD00364,277,0,137,0,140,0,27396.6
INV00035837,2025-11-02,STR029,PRD01033,254,0,29,0,225,0,85205.25
INV00035838,2025-11-02,STR029,PRD00973,86,0,50,1,37,0,5805.67
INV00035839,2025-11-02,STR029,PRD00804,173,0,91,0,82,0,46311.96
INV00035840,2025-11-02,STR029,PRD00463,73,167,31,0,209,0,156221.23
INV00035841,2025-11-02,STR030,PRD00201,73,0,27,1,47,0,88810.73
INV00035842,2025-11-02,STR030,PRD00823,136,175,61,0,249,1,427704.81
INV00035843,2025-11-02,STR030,PRD00769,35,0,12,0,23,0,28569.91
INV00035844,2025-11-02,STR030,PRD00967,374,0,53,0,319,2,9104.26
INV00035845,2025-11-02,STR030,PRD00695,127,0,8,0,118,1,150622.28
INV00035846,2025-11-02,STR030,PRD00104,7,68,6,1,70,0,1230798.1
INV00035847,2025-11-02,STR030,PRD01008,110,0,33,0,77,0,10934.0
INV00035848,2025-11-02,STR030,PRD00845,69,0,30,1,40,0,60936.4
INV00035849,2025-11-02,STR030,PRD00214,73,0,39,0,34,0,233568.44
INV00035850,2025-11-02,STR030,PRD00020,34,0,17,0,17,0,33120.93
INV00035851,2025-11-02,STR030,PRD00269,59,400,29,1,431,0,43022.42
INV00035852,2025-11-02,STR030,PRD00497,42,239,12,0,269,0,130785.11
INV00035853,2025-11-02,STR030,PRD01098,62,0,9,0,53,0,59511.58
INV00035854,2025-11-02,STR030,PRD00466,172,0,88,0,84,0,52896.48
INV00035855,2025-11-02,STR030,PRD00407,99,114,41,0,172,0,91744.8
INV00035856,2025-11-02,STR030,PRD00950,185,180,109,0,256,0,32591.36
INV00035857,2025-11-02,STR030,PRD00760,76,0,11,1,66,0,209405.46
INV00035858,2025-11-02,STR030,PRD00026,45,46,7,0,84,0,255948.84
INV00035859,2025-11-02,STR030,PRD00024,17,0,10,0,7,0,108501.68
INV00035860,2025-11-02,STR030,PRD00468,359,0,129,2,232,0,34410.24
INV00035861,2025-11-02,STR031,PRD00475,28,173,6,0,195,0,110947.2
INV00035862,2025-11-02,STR031,PRD00023,16,0,7,0,9,0,39854.88
INV00035863,2025-11-02,STR031,PRD00074,60,0,23,0,37,0,436956.68
INV00035864,2025-11-02,STR031,PRD00252,48,0,6,1,42,1,315976.5
INV00035865,2025-11-02,STR031,PRD00582,301,0,177,0,124,0,47740.0
INV00035866,2025-11-02,STR031,PRD00694,144,0,47,0,96,1,222624.96
INV00035867,2025-11-02,STR031,PRD00295,75,135,10,0,200,0,113698.0
INV00035868,2025-11-02,STR031,PRD00861,62,0,36,0,26,0,46118.8
INV00035869,2025-11-02,STR031,PRD00066,15,0,6,0,9,0,52386.84
INV00035870,2025-11-02,STR031,PRD00620,174,0,69,0,105,0,34195.35
INV00035871,2025-11-02,STR031,PRD00619,321,0,82,1,240,0,33439.2
INV00035872,2025-11-02,STR031,PRD00591,93,0,52,0,41,0,14912.93
INV00035873,2025-11-02,STR031,PRD01179,93,0,36,0,57,0,118247.64
INV00035874,2025-11-02,STR031,PRD01116,281,0,59,0,220,2,87190.4
INV00035875,2025-11-02,STR031,PRD00760,77,63,33,0,107,0,339490.67
INV00035876,2025-11-02,STR031,PRD00685,79,0,17,0,60,2,171098.4
INV00035877,2025-11-02,STR031,PRD00892,157,114,49,0,222,0,386726.22
INV00035878,2025-11-02,STR031,PRD00957,133,260,14,0,379,0,35834.45
INV00035879,2025-11-02,STR031,PRD00480,485,0,22,0,463,0,39896.71
INV00035880,2025-11-02,STR031,PRD00247,6,26,6,0,26,0,129802.92
INV00035881,2025-11-02,STR032,PRD00807,88,173,44,0,217,0,93205.84
INV00035882,2025-11-02,STR032,PRD00581,172,0,81,0,91,0,18082.61
INV00035883,2025-11-02,STR032,PRD00230,35,0,13,0,22,0,172389.36
INV00035884,2025-11-02,STR032,PRD00403,199,290,76,1,414,0,57223.08
INV00035885,2025-11-02,STR032,PRD00720,48,0,23,0,25,0,52623.75
INV00035886,2025-11-02,STR032,PRD00961,347,218,27,0,538,0,85289.14
INV00035887,2025-11-02,STR032,PRD00192,81,0,33,2,50,0,108525.5
INV00035888,2025-11-02,STR032,PRD00932,121,0,46,0,74,1,21755.26
INV00035889,2025-11-02,STR032,PRD00695,37,89,11,0,115,0,146792.9
INV00035890,2025-11-02,STR032,PRD00277,155,119,68,3,209,0,142172.25
INV00035891,2025-11-02,STR032,PRD00393,127,203,71,0,259,0,89142.62
INV00035892,2025-11-02,STR032,PRD00402,85,0,19,0,64,2,52355.84
INV00035893,2025-11-02,STR032,PRD00815,76,0,12,0,64,0,118245.76
INV00035894,2025-11-02,STR032,PRD00080,20,70,10,0,80,0,1042192.8
INV00035895,2025-11-02,STR032,PRD00177,32,0,11,0,21,0,155359.47
INV00035896,2025-11-02,STR032,PRD00632,256,231,101,0,386,0,166003.16
INV00035897,2025-11-02,STR032,PRD00329,133,0,28,0,105,0,58864.05
INV00035898,2025-11-02,STR032,PRD00858,76,0,16,0,60,0,41709.6
INV00035899,2025-11-02,STR032,PRD00012,38,35,12,0,61,0,251402.35
INV00035900,2025-11-02,STR032,PRD00167,49,0,14,2,37,0,204358.77
INV00035901,2025-11-02,STR033,PRD00269,168,0,6,0,162,0,16170.84
INV00035902,2025-11-02,STR033,PRD00171,12,26,6,0,32,0,145695.68
INV00035903,2025-11-02,STR033,PRD01146,101,0,57,0,44,0,65505.88
INV00035904,2025-11-02,STR033,PRD01168,56,0,11,1,46,0,113805.84
INV00035905,2025-11-02,STR033,PRD00123,25,0,11,0,14,0,78233.68
INV00035906,2025-11-02,STR033,PRD00239,73,0,38,2,37,0,168574.22
INV00035907,2025-11-02,STR033,PRD00663,333,0,27,0,306,0,19247.4
INV00035908,2025-11-02,STR033,PRD01138,26,106,9,3,126,0,351453.06
INV00035909,2025-11-02,STR033,PRD01163,53,0,7,0,46,0,170938.76
INV00035910,2025-11-02,STR033,PRD01032,50,384,9,0,425,0,29835.0
INV00035911,2025-11-02,STR033,PRD00598,144,0,49,0,95,0,11636.55
INV00035912,2025-11-02,STR033,PRD00992,301,0,76,0,225,0,50438.25
INV00035913,2025-11-02,STR033,PRD00021,190,0,47,1,144,0,192067.2
INV00035914,2025-11-02,STR033,PRD01106,140,164,36,0,268,0,447334.88
INV00035915,2025-11-02,STR033,PRD00858,111,0,62,0,49,0,34062.84
INV00035916,2025-11-02,STR033,PRD00808,111,0,24,0,87,0,157815.39
INV00035917,2025-11-02,STR033,PRD00306,77,0,15,0,62,0,47860.28
INV00035918,2025-11-02,STR033,PRD00761,495,0,17,0,478,0,128682.38
INV00035919,2025-11-02,STR033,PRD00668,118,0,10,0,108,0,23386.32
INV00035920,2025-11-02,STR033,PRD00690,29,178,15,0,192,0,460304.64
INV00035921,2025-11-02,STR034,PRD00050,65,75,38,1,103,0,1655831.09
INV00035922,2025-11-02,STR034,PRD00905,111,0,66,0,45,0,68979.6
INV00035923,2025-11-02,STR034,PRD00833,109,0,28,1,80,2,78393.6
INV00035924,2025-11-02,STR034,PRD01142,117,0,36,0,81,0,183447.99
INV00035925,2025-11-02,STR034,PRD01071,37,0,22,1,16,0,54592.0
INV00035926,2025-11-02,STR034,PRD00277,78,0,40,0,38,0,25849.5
INV00035927,2025-11-02,STR034,PRD00346,33,164,13,0,184,0,116770.08
INV00035928,2025-11-02,STR034,PRD00925,57,0,10,0,47,0,71679.23
INV00035929,2025-11-02,STR034,PRD00636,170,0,31,1,140,0,63341.6
INV00035930,2025-11-02,STR034,PRD00404,64,0,24,0,40,0,24175.2
INV00035931,2025-11-02,STR034,PRD00384,66,0,23,0,43,0,22086.52
INV00035932,2025-11-02,STR034,PRD01012,57,139,28,0,168,0,97873.44
INV00035933,2025-11-02,STR034,PRD00483,27,170,15,0,182,0,96634.72
INV00035934,2025-11-02,STR034,PRD00912,381,373,16,0,738,0,226049.4
INV00035935,2025-11-02,STR034,PRD00940,283,259,84,0,458,0,17797.88
INV00035936,2025-11-02,STR034,PRD00739,52,0,13,2,41,0,63198.22
INV00035937,2025-11-02,STR034,PRD00749,42,0,25,1,18,0,44005.86
INV00035938,2025-11-02,STR034,PRD00991,115,0,29,0,86,0,44249.58
INV00035939,2025-11-02,STR034,PRD00619,369,0,169,0,200,0,27866.0
INV00035940,2025-11-02,STR034,PRD00810,282,0,62,0,219,1,57180.9
INV00035941,2025-11-02,STR035,PRD00602,129,0,47,0,82,0,16996.96
INV00035942,2025-11-02,STR035,PRD00990,215,317,37,0,495,0,173641.05
INV00035943,2025-11-02,STR035,PRD00010,28,0,11,0,17,0,200165.48
INV00035944,2025-11-02,STR035,PRD00420,58,86,13,0,131,0,97276.67
INV00035945,2025-11-02,STR035,PRD00969,93,313,15,0,391,0,29809.84
INV00035946,2025-11-02,STR035,PRD00260,47,0,8,0,39,0,218706.93
INV00035947,2025-11-02,STR035,PRD01012,31,139,13,0,157,0,91465.06
INV00035948,2025-11-02,STR035,PRD00462,194,0,52,0,141,1,28941.66
INV00035949,2025-11-02,STR035,PRD00933,90,0,7,0,83,0,180964.9
INV00035950,2025-11-02,STR035,PRD01000,251,209,16,0,444,0,153566.28
INV00035951,2025-11-02,STR035,PRD00623,403,0,225,0,178,0,69003.48
INV00035952,2025-11-02,STR035,PRD00827,178,0,97,0,81,0,177923.79
INV00035953,2025-11-02,STR035,PRD01009,111,0,35,0,76,0,2233.64
INV00035954,2025-11-02,STR035,PRD00761,383,375,14,0,744,0,200292.24
INV00035955,2025-11-02,STR035,PRD00707,22,77,10,0,89,0,144778.08
INV00035956,2025-11-02,STR035,PRD00655,180,0,61,0,119,0,5610.85
INV00035957,2025-11-02,STR035,PRD01160,28,0,10,0,18,0,62835.12
INV00035958,2025-11-02,STR035,PRD00593,142,0,37,1,106,0,40899.04
INV00035959,2025-11-02,STR035,PRD00488,113,0,56,0,57,0,47644.02
INV00035960,2025-11-02,STR035,PRD00902,327,0,105,1,223,0,34357.61
INV00035961,2025-11-02,STR036,PRD00442,176,0,85,0,91,0,10892.7
INV00035962,2025-11-02,STR036,PRD00344,64,168,35,0,197,0,85419.2
INV00035963,2025-11-02,STR036,PRD00994,61,153,14,0,200,0,126638.0
INV00035964,2025-11-02,STR036,PRD00384,62,0,32,3,33,0,16950.12
INV00035965,2025-11-02,STR036,PRD01075,38,0,11,0,27,0,85813.56
INV00035966,2025-11-02,STR036,PRD00008,28,0,10,1,19,0,197475.93
INV00035967,2025-11-02,STR036,PRD00788,93,0,22,2,73,0,153679.6
INV00035968,2025-11-02,STR036,PRD01128,79,0,13,0,66,0,95084.88
INV00035969,2025-11-02,STR036,PRD00867,148,219,28,2,341,0,156096.16
INV00035970,2025-11-02,STR036,PRD00695,39,89,6,0,121,1,154451.66
INV00035971,2025-11-02,STR036,PRD00025,153,118,82,0,189,0,305622.45
INV00035972,2025-11-02,STR036,PRD00821,27,77,5,0,99,0,156658.59
INV00035973,2025-11-02,STR036,PRD00976,151,0,30,1,122,0,71078.42
INV00035974,2025-11-02,STR036,PRD00410,232,0,46,0,186,0,35853.36
INV00035975,2025-11-02,STR036,PRD00298,112,0,12,0,100,0,66612.0
INV00035976,2025-11-02,STR036,PRD00325,40,0,6,0,34,0,19958.34
INV00035977,2025-11-02,STR036,PRD00383,154,0,5,0,149,0,20225.26
INV00035978,2025-11-02,STR036,PRD00493,310,381,34,0,657,0,293350.5
INV00035979,2025-11-02,STR036,PRD00831,70,0,35,0,33,2,65774.61
INV00035980,2025-11-02,STR036,PRD00689,377,0,44,0,333,0,110832.39
INV00035981,2025-11-02,STR037,PRD01003,103,185,20,0,268,0,39213.76
INV00035982,2025-11-02,STR037,PRD00621,511,0,113,0,398,0,93701.14
INV00035983,2025-11-02,STR037,PRD00383,124,355,72,0,407,0,55246.18
INV00035984,2025-11-02,STR037,PRD00734,100,0,46,0,54,0,25368.66
INV00035985,2025-11-02,STR037,PRD01180,53,0,31,0,22,0,93363.82
INV00035986,2025-11-02,STR037,PRD00817,121,0,45,0,76,0,164590.16
INV00035987,2025-11-02,STR037,PRD00347,96,180,24,0,252,0,168653.52
INV00035988,2025-11-02,STR037,PRD01072,52,334,13,0,373,0,82060.0
INV00035989,2025-11-02,STR037,PRD00862,147,0,73,0,74,0,84547.96
INV00035990,2025-11-02,STR037,PRD00960,107,175,37,0,245,0,93688.0
INV00035991,2025-11-02,STR037,PRD01069,173,0,71,0,102,0,110552.7
INV00035992,2025-11-02,STR037,PRD01198,35,0,19,0,16,0,70915.68
INV00035993,2025-11-02,STR037,PRD00122,21,48,12,0,57,0,932894.49
INV00035994,2025-11-02,STR037,PRD00643,48,174,6,1,217,0,47219.2
INV00035995,2025-11-02,STR037,PRD00348,22,113,13,0,122,0,84675.32
INV00035996,2025-11-02,STR037,PRD00893,107,125,21,0,211,0,127243.55
INV00035997,2025-11-02,STR037,PRD01195,79,46,8,0,117,0,397592.91
INV00035998,2025-11-02,STR037,PRD00252,51,0,12,0,39,0,293406.75
INV00035999,2025-11-02,STR037,PRD00852,29,172,13,0,188,0,228389.92
INV00036000,2025-11-02,STR037,PRD01033,104,0,12,0,91,1,34460.79
INV00036001,2025-11-02,STR038,PRD00664,125,216,9,0,330,2,36039.3
INV00036002,2025-11-02,STR038,PRD00477,263,0,134,0,129,0,12598.14
INV00036003,2025-11-02,STR038,PRD00890,193,0,85,0,108,0,57880.44
INV00036004,2025-11-02,STR038,PRD00646,378,0,212,0,166,0,10921.14
INV00036005,2025-11-02,STR038,PRD01059,64,0,37,0,27,0,9945.72
INV00036006,2025-11-02,STR038,PRD00892,139,0,50,0,89,0,155038.89
INV00036007,2025-11-02,STR038,PRD01088,62,131,28,1,166,0,330763.3
INV00036008,2025-11-02,STR038,PRD01164,100,0,53,0,47,0,52109.37
INV00036009,2025-11-02,STR038,PRD00067,116,0,47,0,69,0,185935.68
INV00036010,2025-11-02,STR038,PRD00793,77,0,17,0,59,1,82919.19
INV00036011,2025-11-02,STR038,PRD00453,118,178,10,0,286,0,270661.82
INV00036012,2025-11-02,STR038,PRD00175,57,0,14,0,43,0,319699.41
INV00036013,2025-11-02,STR038,PRD00614,105,0,27,1,79,0,2708.12
INV00036014,2025-11-02,STR038,PRD00118,40,0,22,0,18,0,189791.46
INV00036015,2025-11-02,STR038,PRD00865,45,0,27,0,18,0,25630.74
INV00036016,2025-11-02,STR038,PRD00947,263,367,48,0,581,1,120859.62
INV00036017,2025-11-02,STR038,PRD00121,98,0,51,1,48,0,447951.84
INV00036018,2025-11-02,STR038,PRD00769,38,0,16,0,22,0,27327.74
INV00036019,2025-11-02,STR038,PRD00205,129,0,27,0,102,0,136180.2
INV00036020,2025-11-02,STR038,PRD00902,240,0,77,1,162,2,24959.34
INV00036021,2025-11-02,STR039,PRD00497,229,0,49,0,180,0,87514.2
INV00036022,2025-11-02,STR039,PRD00491,83,0,42,0,40,1,21068.4
INV00036023,2025-11-02,STR039,PRD00003,78,0,44,0,33,1,17629.92
INV00036024,2025-11-02,STR039,PRD00545,74,361,25,0,410,0,103504.5
INV00036025,2025-11-02,STR039,PRD01012,96,0,37,0,59,0,34372.22
INV00036026,2025-11-02,STR039,PRD01055,219,216,71,0,364,0,97031.48
INV00036027,2025-11-02,STR039,PRD01195,64,0,37,0,27,0,91752.21
INV00036028,2025-11-02,STR039,PRD00191,98,0,39,0,59,0,306696.75
INV00036029,2025-11-02,STR039,PRD00901,138,0,20,0,118,0,244445.26
INV00036030,2025-11-02,STR039,PRD01106,169,0,65,0,104,0,173592.64
INV00036031,2025-11-02,STR039,PRD00536,297,0,56,0,241,0,65298.95
INV00036032,2025-11-02,STR039,PRD00227,51,0,11,0,40,0,142706.0
INV00036033,2025-11-02,STR039,PRD00123,55,0,6,0,48,1,268229.76
INV00036034,2025-11-02,STR039,PRD00773,150,0,13,0,137,0,71027.65
INV00036035,2025-11-02,STR039,PRD00671,322,0,103,0,219,0,45554.19
INV00036036,2025-11-02,STR039,PRD00319,280,0,105,1,176,0,81630.56
INV00036037,2025-11-02,STR039,PRD00420,144,0,82,0,62,0,46039.34
INV00036038,2025-11-02,STR039,PRD00126,61,0,34,0,27,0,165545.64
INV00036039,2025-11-02,STR039,PRD00170,69,0,23,0,46,0,42250.54
INV00036040,2025-11-02,STR039,PRD00808,89,0,16,0,73,0,132419.81
INV00036041,2025-11-02,STR040,PRD00856,49,113,18,0,144,0,174610.08
INV00036042,2025-11-02,STR040,PRD00566,174,0,85,0,89,0,37657.68
INV00036043,2025-11-02,STR040,PRD01125,81,0,38,0,43,0,61207.49
INV00036044,2025-11-02,STR040,PRD00337,137,0,39,0,98,0,71680.14
INV00036045,2025-11-02,STR040,PRD00826,299,0,33,0,266,0,31973.2
INV00036046,2025-11-02,STR040,PRD00462,302,0,60,1,243,0,49878.18
INV00036047,2025-11-02,STR040,PRD01034,295,0,160,0,135,0,29392.2
INV00036048,2025-11-02,STR040,PRD01145,33,0,8,0,25,0,52005.25
INV00036049,2025-11-02,STR040,PRD01007,32,164,19,0,177,0,88921.26
INV00036050,2025-11-02,STR040,PRD00851,152,139,68,0,223,0,429807.97
INV00036051,2025-11-02,STR040,PRD00815,168,0,29,0,139,0,256815.01
INV00036052,2025-11-02,STR040,PRD01024,138,279,69,0,348,0,32050.8
INV00036053,2025-11-02,STR040,PRD00633,396,374,120,0,650,0,138385.0
INV00036054,2025-11-02,STR040,PRD00412,386,0,194,0,192,0,87312.0
INV00036055,2025-11-02,STR040,PRD01018,299,0,158,1,142,0,12609.6
INV00036056,2025-11-02,STR040,PRD00774,109,0,33,0,76,0,117744.52
INV00036057,2025-11-02,STR040,PRD00749,113,76,46,0,143,0,349602.11
INV00036058,2025-11-02,STR040,PRD00164,50,54,27,0,77,0,364102.97
INV00036059,2025-11-02,STR040,PRD00158,81,0,28,0,53,0,136869.32
INV00036060,2025-11-02,STR040,PRD01028,334,0,140,0,194,0,9331.4
INV00036061,2025-11-02,STR041,PRD00417,47,0,6,0,41,0,27130.11
INV00036062,2025-11-02,STR041,PRD00540,207,0,84,0,121,2,47023.02
INV00036063,2025-11-02,STR041,PRD00202,14,137,5,0,146,0,126361.54
INV00036064,2025-11-02,STR041,PRD00899,14,112,8,0,118,0,172133.68
INV00036065,2025-11-02,STR041,PRD00016,35,0,18,0,17,0,160370.69
INV00036066,2025-11-02,STR041,PRD00405,64,0,17,1,48,0,38585.28
INV00036067,2025-11-02,STR041,PRD00645,321,0,20,0,301,0,99456.42
INV00036068,2025-11-02,STR041,PRD00855,62,0,23,0,38,1,57970.9
INV00036069,2025-11-02,STR041,PRD00274,162,0,60,0,102,0,43427.52
INV00036070,2025-11-02,STR041,PRD00817,88,0,23,0,65,0,140767.9
INV00036071,2025-11-02,STR041,PRD00610,168,0,14,1,155,0,64128.15
INV00036072,2025-11-02,STR041,PRD01032,130,0,28,0,102,0,7160.4
INV00036073,2025-11-02,STR041,PRD00695,129,0,77,0,52,0,66375.92
INV00036074,2025-11-02,STR041,PRD00456,420,0,22,0,398,0,67656.02
INV00036075,2025-11-02,STR041,PRD01181,32,77,9,1,101,0,129565.83
INV00036076,2025-11-02,STR041,PRD00805,145,0,85,1,61,0,131992.41
INV00036077,2025-11-02,STR041,PRD00984,55,283,26,0,311,1,6226.22
INV00036078,2025-11-02,STR041,PRD00978,60,278,6,0,332,0,35630.24
INV00036079,2025-11-02,STR041,PRD00967,130,235,61,0,304,0,8676.16
INV00036080,2025-11-02,STR041,PRD00782,53,0,22,0,31,0,60683.12
INV00036081,2025-11-09,STR001,PRD01035,142,0,37,0,105,0,13132.35
INV00036082,2025-11-09,STR001,PRD00576,153,0,6,0,147,0,48592.32
INV00036083,2025-11-09,STR001,PRD00981,102,177,14,1,266,0,14427.84
INV00036084,2025-11-09,STR001,PRD01118,39,0,21,0,18,0,60679.8
INV00036085,2025-11-09,STR001,PRD00656,145,0,13,0,132,0,18625.2
INV00036086,2025-11-09,STR001,PRD00616,57,365,23,0,398,1,125023.74
INV00036087,2025-11-09,STR001,PRD00987,208,276,25,1,460,0,93081.0
INV00036088,2025-11-09,STR001,PRD00894,117,0,66,3,54,0,86840.64
INV00036089,2025-11-09,STR001,PRD00186,71,0,36,2,37,0,189620.93
INV00036090,2025-11-09,STR001,PRD00132,33,0,5,0,28,0,496318.76
INV00036091,2025-11-09,STR001,PRD00947,134,0,12,0,122,0,25378.44
INV00036092,2025-11-09,STR001,PRD00747,46,112,12,0,145,1,139223.2
INV00036093,2025-11-09,STR001,PRD00529,226,205,106,0,325,0,159350.75
INV00036094,2025-11-09,STR001,PRD00792,48,0,19,0,29,0,84834.86
INV00036095,2025-11-09,STR001,PRD01187,19,27,11,0,35,0,117424.65
INV00036096,2025-11-09,STR001,PRD00956,24,77,9,1,93,0,53196.0
INV00036097,2025-11-09,STR001,PRD00733,108,0,54,0,53,1,115909.41
INV00036098,2025-11-09,STR001,PRD00500,134,97,23,0,208,0,157566.24
INV00036099,2025-11-09,STR001,PRD00369,378,0,94,0,284,0,137027.16
INV00036100,2025-11-09,STR001,PRD00602,206,339,110,0,434,1,89959.52
INV00036101,2025-11-09,STR002,PRD00086,46,0,8,1,39,0,591886.62
INV00036102,2025-11-09,STR002,PRD01041,33,130,7,2,158,0,84183.98
INV00036103,2025-11-09,STR002,PRD00821,73,77,40,0,110,0,174065.1
INV00036104,2025-11-09,STR002,PRD00841,47,162,9,0,200,0,267652.0
INV00036105,2025-11-09,STR002,PRD00903,281,0,79,0,202,0,55632.82
INV00036106,2025-11-09,STR002,PRD00160,88,0,16,1,73,0,351019.77
INV00036107,2025-11-09,STR002,PRD00389,152,0,82,0,70,0,51797.2
INV00036108,2025-11-09,STR002,PRD00291,67,338,14,0,391,0,109386.16
INV00036109,2025-11-09,STR002,PRD00034,64,0,18,1,47,0,24466.32
INV00036110,2025-11-09,STR002,PRD00539,214,0,64,2,151,1,7207.23
INV00036111,2025-11-09,STR002,PRD00906,53,0,17,0,36,0,76183.92
INV00036112,2025-11-09,STR002,PRD00551,118,274,32,2,362,0,155866.34
INV00036113,2025-11-09,STR002,PRD00606,184,0,78,0,106,0,32708.42
INV00036114,2025-11-09,STR002,PRD00245,39,0,16,1,24,0,106303.44
INV00036115,2025-11-09,STR002,PRD00401,30,174,18,0,186,0,116882.4
INV00036116,2025-11-09,STR002,PRD00139,32,175,12,0,195,0,353410.2
INV00036117,2025-11-09,STR002,PRD00924,258,0,68,0,190,0,36955.0
INV00036118,2025-11-09,STR002,PRD00051,30,55,17,0,68,0,939228.24
INV00036119,2025-11-09,STR002,PRD00688,62,0,36,1,27,0,56398.68
INV00036120,2025-11-09,STR002,PRD00926,147,355,30,0,472,0,227150.0
INV00036121,2025-11-09,STR003,PRD01174,172,0,67,0,105,0,279821.85
INV00036122,2025-11-09,STR003,PRD00103,47,79,16,0,110,0,323559.5
INV00036123,2025-11-09,STR003,PRD01183,34,0,14,0,20,0,66640.0
INV00036124,2025-11-09,STR003,PRD00406,157,0,78,0,79,0,42111.74
INV00036125,2025-11-09,STR003,PRD00247,7,26,8,0,25,0,124810.5
INV00036126,2025-11-09,STR003,PRD00328,71,0,22,0,49,0,30331.49
INV00036127,2025-11-09,STR003,PRD00193,14,0,8,0,6,0,25148.88
INV00036128,2025-11-09,STR003,PRD00750,47,125,14,0,158,0,338906.84
INV00036129,2025-11-09,STR003,PRD00719,103,0,33,0,70,0,193144.7
INV00036130,2025-11-09,STR003,PRD01121,102,0,53,0,48,1,46779.84
INV00036131,2025-11-09,STR003,PRD00442,184,0,26,0,157,1,18792.9
INV00036132,2025-11-09,STR003,PRD00074,88,0,15,0,73,0,862103.72
INV00036133,2025-11-09,STR003,PRD01092,144,0,6,0,138,0,363562.38
INV00036134,2025-11-09,STR003,PRD00598,52,344,14,0,381,1,46668.69
INV00036135,2025-11-09,STR003,PRD00573,281,0,139,1,143,0,3853.85
INV00036136,2025-11-09,STR003,PRD01056,100,0,14,0,86,0,25972.86
INV00036137,2025-11-09,STR003,PRD00732,16,129,7,0,138,0,365494.38
INV00036138,2025-11-09,STR003,PRD00264,38,0,6,1,32,1,101505.28
INV00036139,2025-11-09,STR003,PRD00724,14,180,6,0,188,0,299749.08
INV00036140,2025-11-09,STR003,PRD00301,235,0,74,1,162,0,21103.74
INV00036141,2025-11-09,STR004,PRD00232,41,0,23,0,18,0,87180.66
INV00036142,2025-11-09,STR004,PRD00317,48,138,9,0,177,0,141506.19
INV00036143,2025-11-09,STR004,PRD01170,120,0,58,0,62,0,43083.8
INV00036144,2025-11-09,STR004,PRD00272,218,208,16,0,410,0,141335.2
INV00036145,2025-11-09,STR004,PRD00602,140,0,51,0,89,0,18447.92
INV00036146,2025-11-09,STR004,PRD00992,56,299,21,0,334,0,74872.78
INV00036147,2025-11-09,STR004,PRD01161,101,0,60,0,41,0,90977.36
INV00036148,2025-11-09,STR004,PRD00220,30,35,14,0,51,0,232633.44
INV00036149,2025-11-09,STR004,PRD00725,17,79,8,0,88,0,133028.72
INV00036150,2025-11-09,STR004,PRD00441,71,0,22,0,49,0,34646.92
INV00036151,2025-11-09,STR004,PRD00449,92,308,13,0,387,0,77067.18
INV00036152,2025-11-09,STR004,PRD00037,26,0,6,0,20,0,335208.4
INV00036153,2025-11-09,STR004,PRD00681,107,139,18,1,229,0,617425.22
INV00036154,2025-11-09,STR004,PRD00073,65,64,32,0,97,0,1660969.8
INV00036155,2025-11-09,STR004,PRD00076,65,0,17,1,49,0,525552.93
INV00036156,2025-11-09,STR004,PRD00853,83,0,42,0,41,0,76593.74
INV00036157,2025-11-09,STR004,PRD00308,102,382,43,0,441,0,114911.37
INV00036158,2025-11-09,STR004,PRD00611,177,0,58,0,119,0,4499.39
INV00036159,2025-11-09,STR004,PRD00302,239,0,103,2,137,1,30837.33
INV00036160,2025-11-09,STR004,PRD00665,154,0,90,0,64,0,6600.96
INV00036161,2025-11-09,STR005,PRD00687,94,0,49,0,45,0,80512.65
INV00036162,2025-11-09,STR005,PRD00406,75,0,44,0,31,0,16524.86
INV00036163,2025-11-09,STR005,PRD00278,137,0,78,0,58,1,16940.06
INV00036164,2025-11-09,STR005,PRD00791,118,0,18,2,102,0,61145.94
INV00036165,2025-11-09,STR005,PRD00320,75,313,38,0,350,0,52496.5
INV00036166,2025-11-09,STR005,PRD00966,45,169,12,0,202,0,106342.9
INV00036167,2025-11-09,STR005,PRD00754,251,0,59,0,192,0,42408.96
INV00036168,2025-11-09,STR005,PRD00820,107,0,56,0,51,0,60036.18
INV00036169,2025-11-09,STR005,PRD00400,18,85,9,0,94,0,51839.12
INV00036170,2025-11-09,STR005,PRD00012,28,35,10,0,53,0,218431.55
INV00036171,2025-11-09,STR005,PRD00102,18,42,9,0,51,0,823199.67
INV00036172,2025-11-09,STR005,PRD00848,46,0,15,0,31,0,50105.92
INV00036173,2025-11-09,STR005,PRD00588,77,245,31,0,291,0,26303.49
INV00036174,2025-11-09,STR005,PRD00969,86,313,51,0,348,0,26531.52
INV00036175,2025-11-09,STR005,PRD01015,147,0,77,0,70,0,37878.4
INV00036176,2025-11-09,STR005,PRD00950,397,0,47,0,350,0,44558.5
INV00036177,2025-11-09,STR005,PRD00298,21,137,9,0,149,0,99251.88
INV00036178,2025-11-09,STR005,PRD00583,94,180,49,0,225,0,98457.75
INV00036179,2025-11-09,STR005,PRD00091,61,0,5,0,56,0,868256.48
INV00036180,2025-11-09,STR005,PRD00241,52,0,28,0,24,0,134014.56
INV00036181,2025-11-09,STR006,PRD01125,173,0,99,0,74,0,105333.82
INV00036182,2025-11-09,STR006,PRD00737,130,0,59,2,73,0,54996.01
INV00036183,2025-11-09,STR006,PRD00902,106,0,14,0,92,0,14174.44
INV00036184,2025-11-09,STR006,PRD00649,105,261,5,0,361,0,86264.56
INV00036185,2025-11-09,STR006,PRD00603,145,0,58,1,87,1,11393.52
INV00036186,2025-11-09,STR006,PRD00807,176,0,77,0,98,1,42092.96
INV00036187,2025-11-09,STR006,PRD00925,49,0,26,0,23,0,35077.07
INV00036188,2025-11-09,STR006,PRD01121,46,0,6,0,40,0,38983.2
INV00036189,2025-11-09,STR006,PRD01068,24,72,10,0,86,0,300587.2
INV00036190,2025-11-09,STR006,PRD00411,55,0,21,0,34,0,21482.9
INV00036191,2025-11-09,STR006,PRD00180,88,169,19,0,238,0,601373.64
INV00036192,2025-11-09,STR006,PRD00075,98,0,42,2,58,0,408470.22
INV00036193,2025-11-09,STR006,PRD01046,61,0,28,0,33,0,17367.57
INV00036194,2025-11-09,STR006,PRD00464,127,282,41,1,369,0,169182.81
INV00036195,2025-11-09,STR006,PRD00044,40,124,21,0,143,0,302306.29
INV00036196,2025-11-09,STR006,PRD00396,186,162,89,0,259,0,117767.3
INV00036197,2025-11-09,STR006,PRD00188,57,0,32,0,25,0,100689.25
INV00036198,2025-11-09,STR006,PRD00439,67,375,35,0,407,0,38913.27
INV00036199,2025-11-09,STR006,PRD00003,87,105,35,0,157,0,83875.68
INV00036200,2025-11-09,STR006,PRD01078,84,0,20,0,64,0,84216.96
INV00036201,2025-11-09,STR007,PRD00283,436,200,247,0,389,0,167841.83
INV00036202,2025-11-09,STR007,PRD01088,95,0,14,0,81,0,161396.55
INV00036203,2025-11-09,STR007,PRD00131,11,54,6,0,59,0,532913.37
INV00036204,2025-11-09,STR007,PRD00991,55,0,29,0,26,0,13377.78
INV00036205,2025-11-09,STR007,PRD00183,51,0,7,0,43,1,193008.08
INV00036206,2025-11-09,STR007,PRD00494,127,0,75,0,52,0,35501.96
INV00036207,2025-11-09,STR007,PRD00961,149,218,29,1,339,0,53741.67
INV00036208,2025-11-09,STR007,PRD00204,103,174,21,0,256,0,660508.16
INV00036209,2025-11-09,STR007,PRD00704,41,0,14,0,27,0,19092.78
INV00036210,2025-11-09,STR007,PRD00412,80,198,21,0,257,0,116870.75
INV00036211,2025-11-09,STR007,PRD01185,74,0,14,0,60,0,55491.0
INV00036212,2025-11-09,STR007,PRD01078,123,0,24,0,99,0,130273.11
INV00036213,2025-11-09,STR007,PRD00966,57,0,16,0,41,0,21584.45
INV00036214,2025-11-09,STR007,PRD01193,79,156,42,0,193,0,199737.63
INV00036215,2025-11-09,STR007,PRD00219,106,0,20,0,86,0,85907.12
INV00036216,2025-11-09,STR007,PRD00958,267,0,17,0,250,0,47932.5
INV00036217,2025-11-09,STR007,PRD00599,182,0,97,0,85,0,16096.45
INV00036218,2025-11-09,STR007,PRD00152,60,48,24,3,87,0,471698.34
INV00036219,2025-11-09,STR007,PRD00082,54,0,32,0,22,0,144153.68
INV00036220,2025-11-09,STR007,PRD00411,69,0,18,0,51,0,32224.35
INV00036221,2025-11-09,STR008,PRD01144,82,0,14,0,68,0,96969.36
INV00036222,2025-11-09,STR008,PRD00995,184,232,18,0,398,0,166252.56
INV00036223,2025-11-09,STR008,PRD00833,74,0,32,3,45,0,44096.4
INV00036224,2025-11-09,STR008,PRD00057,55,0,11,2,46,0,92263.58
INV00036225,2025-11-09,STR008,PRD00957,283,0,75,0,207,1,19571.85
INV00036226,2025-11-09,STR008,PRD01022,210,0,43,0,167,0,104961.17
INV00036227,2025-11-09,STR008,PRD00286,106,254,6,0,354,0,89682.36
INV00036228,2025-11-09,STR008,PRD00575,288,0,127,0,161,0,10799.88
INV00036229,2025-11-09,STR008,PRD01125,136,0,28,0,108,0,153730.44
INV00036230,2025-11-09,STR008,PRD00037,50,63,14,0,99,0,1659281.58
INV00036231,2025-11-09,STR008,PRD00012,29,0,13,0,16,0,65941.6
INV00036232,2025-11-09,STR008,PRD01189,23,91,13,3,104,0,232686.48
INV00036233,2025-11-09,STR008,PRD00451,35,137,10,0,162,0,81847.26
INV00036234,2025-11-09,STR008,PRD01067,40,0,16,0,24,0,13556.16
INV00036235,2025-11-09,STR008,PRD00065,21,56,8,0,69,0,562552.17
INV00036236,2025-11-09,STR008,PRD00630,94,0,31,0,63,0,22771.35
INV00036237,2025-11-09,STR008,PRD00309,64,0,9,0,55,0,35043.25
INV00036238,2025-11-09,STR008,PRD00886,84,121,15,0,190,0,179493.0
INV00036239,2025-11-09,STR008,PRD00215,19,35,7,0,47,0,306682.05
INV00036240,2025-11-09,STR008,PRD01057,435,235,142,0,528,0,17582.4
INV00036241,2025-11-09,STR009,PRD00224,83,0,33,0,50,0,172030.5
INV00036242,2025-11-09,STR009,PRD00689,249,0,110,0,138,1,45930.54
INV00036243,2025-11-09,STR009,PRD01165,53,40,19,0,74,0,224123.06
INV00036244,2025-11-09,STR009,PRD00345,319,260,89,3,493,0,194182.84
INV00036245,2025-11-09,STR009,PRD01111,44,88,19,0,112,1,107018.24
INV00036246,2025-11-09,STR009,PRD00513,81,0,10,0,71,0,6585.96
INV00036247,2025-11-09,STR009,PRD00653,331,0,159,0,172,0,77014.72
INV00036248,2025-11-09,STR009,PRD00318,194,246,25,0,415,0,49289.55
INV00036249,2025-11-09,STR009,PRD00937,113,0,39,0,74,0,13139.44
INV00036250,2025-11-09,STR009,PRD00259,109,0,26,0,81,2,99873.0
INV00036251,2025-11-09,STR009,PRD01128,77,78,30,1,126,0,181525.68
INV00036252,2025-11-09,STR009,PRD00239,21,28,9,3,43,0,195910.58
INV00036253,2025-11-09,STR009,PRD00143,24,0,11,0,13,0,104754.78
INV00036254,2025-11-09,STR009,PRD00133,17,43,9,0,49,2,327358.22
INV00036255,2025-11-09,STR009,PRD01028,330,156,49,0,437,0,21019.7
INV00036256,2025-11-09,STR009,PRD00605,283,0,16,0,266,1,13047.3
INV00036257,2025-11-09,STR009,PRD00518,124,0,24,0,99,1,76074.57
INV00036258,2025-11-09,STR009,PRD00626,157,0,80,0,77,0,5846.61
INV00036259,2025-11-09,STR009,PRD00214,66,0,24,0,42,0,288525.72
INV00036260,2025-11-09,STR009,PRD00184,78,121,19,0,180,0,465966.0
INV00036261,2025-11-09,STR010,PRD00931,77,0,11,0,66,0,82294.08
INV00036262,2025-11-09,STR010,PRD01035,380,332,186,0,526,0,65786.82
INV00036263,2025-11-09,STR010,PRD00737,114,0,66,0,48,0,36161.76
INV00036264,2025-11-09,STR010,PRD00174,76,130,20,0,186,0,97322.64
INV00036265,2025-11-09,STR010,PRD01134,27,153,10,0,170,0,497984.4
INV00036266,2025-11-09,STR010,PRD00883,110,0,65,0,44,1,63249.12
INV00036267,2025-11-09,STR010,PRD00743,110,166,22,0,254,0,287416.24
INV00036268,2025-11-09,STR010,PRD01107,108,0,14,0,94,0,69102.22
INV00036269,2025-11-09,STR010,PRD01145,46,93,24,0,114,1,237143.94
INV00036270,2025-11-09,STR010,PRD00735,63,0,21,0,42,0,67883.76
INV00036271,2025-11-09,STR010,PRD00520,183,0,72,0,111,0,45050.46
INV00036272,2025-11-09,STR010,PRD00629,199,242,91,0,350,0,47981.5
INV00036273,2025-11-09,STR010,PRD00943,23,177,8,0,192,0,102228.48
INV00036274,2025-11-09,STR010,PRD00455,53,0,22,0,30,1,16904.1
INV00036275,2025-11-09,STR010,PRD00808,205,0,84,1,122,0,221304.34
INV00036276,2025-11-09,STR010,PRD00973,170,163,81,0,252,0,39541.32
INV00036277,2025-11-09,STR010,PRD00482,103,272,55,1,321,0,110462.52
INV00036278,2025-11-09,STR010,PRD00589,414,0,89,2,327,0,83071.08
INV00036279,2025-11-09,STR010,PRD00380,98,0,47,0,51,0,10735.5
INV00036280,2025-11-09,STR010,PRD00594,450,0,67,0,383,0,31149.39
INV00036281,2025-11-09,STR011,PRD01003,43,185,10,0,218,0,31897.76
INV00036282,2025-11-09,STR011,PRD00619,308,345,91,0,562,0,78303.46
INV00036283,2025-11-09,STR011,PRD00201,105,146,22,0,228,1,430826.52
INV00036284,2025-11-09,STR011,PRD00375,219,0,91,0,128,0,46727.68
INV00036285,2025-11-09,STR011,PRD00506,59,0,21,0,38,0,22005.8
INV00036286,2025-11-09,STR011,PRD00920,74,0,6,0,68,0,104343.28
INV00036287,2025-11-09,STR011,PRD00480,85,204,30,0,257,2,22145.69
INV00036288,2025-11-09,STR011,PRD01179,73,0,32,0,41,0,85055.32
INV00036289,2025-11-09,STR011,PRD00346,28,0,15,0,13,0,8250.06
INV00036290,2025-11-09,STR011,PRD00795,107,0,53,0,54,0,37153.08
INV00036291,2025-11-09,STR011,PRD00499,269,248,123,0,394,0,104622.76
INV00036292,2025-11-09,STR011,PRD00033,49,0,20,0,29,0,51715.12
INV00036293,2025-11-09,STR011,PRD00709,393,224,163,1,455,0,69637.75
INV00036294,2025-11-09,STR011,PRD00608,253,318,9,3,565,0,132289.1
INV00036295,2025-11-09,STR011,PRD00747,29,112,10,0,131,0,125780.96
INV00036296,2025-11-09,STR011,PRD00802,79,0,36,0,43,0,101845.07
INV00036297,2025-11-09,STR011,PRD00726,74,0,15,0,59,0,88373.15
INV00036298,2025-11-09,STR011,PRD00217,51,0,21,0,30,0,158952.9
INV00036299,2025-11-09,STR011,PRD00728,36,0,7,1,30,0,90288.9
INV00036300,2025-11-09,STR011,PRD01126,82,0,49,0,33,0,54495.21
INV00036301,2025-11-09,STR012,PRD00387,42,392,18,0,415,1,103044.5
INV00036302,2025-11-09,STR012,PRD00464,139,0,39,1,101,0,46307.49
INV00036303,2025-11-09,STR012,PRD01078,69,150,28,0,191,0,251334.99
INV00036304,2025-11-09,STR012,PRD00410,333,0,40,0,293,0,56478.68
INV00036305,2025-11-09,STR012,PRD00788,26,79,8,1,98,0,206309.6
INV00036306,2025-11-09,STR012,PRD00053,27,84,13,0,97,1,224022.47
INV00036307,2025-11-09,STR012,PRD00048,40,0,10,0,30,0,548913.0
INV00036308,2025-11-09,STR012,PRD00870,79,167,37,0,209,0,338304.12
INV00036309,2025-11-09,STR012,PRD00548,69,356,26,0,399,0,48023.64
INV00036310,2025-11-09,STR012,PRD00141,54,0,25,0,29,0,56384.41
INV00036311,2025-11-09,STR012,PRD00568,142,0,71,2,73,0,21046.63
INV00036312,2025-11-09,STR012,PRD00859,153,0,60,0,93,0,168343.95
INV00036313,2025-11-09,STR012,PRD00126,34,0,6,0,28,0,171676.96
INV00036314,2025-11-09,STR012,PRD00103,157,0,72,2,87,0,255906.15
INV00036315,2025-11-09,STR012,PRD00703,68,115,23,0,160,0,112088.0
INV00036316,2025-11-09,STR012,PRD01193,101,156,43,1,214,1,221470.74
INV00036317,2025-11-09,STR012,PRD00718,41,159,12,0,188,0,315086.12
INV00036318,2025-11-09,STR012,PRD00510,371,366,80,0,657,0,282128.94
INV00036319,2025-11-09,STR012,PRD00792,41,129,17,0,153,0,447577.02
INV00036320,2025-11-09,STR012,PRD00043,61,0,12,0,49,0,749845.53
INV00036321,2025-11-09,STR013,PRD00943,32,0,11,0,21,0,11181.24
INV00036322,2025-11-09,STR013,PRD00879,160,0,79,1,82,0,132366.86
INV00036323,2025-11-09,STR013,PRD01116,322,214,172,0,364,0,144260.48
INV00036324,2025-11-09,STR013,PRD00353,166,0,23,0,143,0,75762.83
INV00036325,2025-11-09,STR013,PRD00542,305,0,26,0,279,0,95364.99
INV00036326,2025-11-09,STR013,PRD00101,96,132,27,0,201,0,362453.25
INV00036327,2025-11-09,STR013,PRD00183,11,33,6,0,38,0,170565.28
INV00036328,2025-11-09,STR013,PRD00619,96,345,24,0,417,0,58100.61
INV00036329,2025-11-09,STR013,PRD00010,27,0,6,2,23,0,270812.12
INV00036330,2025-11-09,STR013,PRD00288,188,251,8,0,431,0,189364.16
INV00036331,2025-11-09,STR013,PRD00297,44,117,17,0,144,0,90872.64
INV00036332,2025-11-09,STR013,PRD01045,202,0,32,0,169,1,79639.56
INV00036333,2025-11-09,STR013,PRD01068,35,0,16,0,19,0,66408.8
INV00036334,2025-11-09,STR013,PRD01099,45,155,26,0,174,0,473601.9
INV00036335,2025-11-09,STR013,PRD00731,39,122,17,0,144,0,227815.2
INV00036336,2025-11-09,STR013,PRD00900,22,139,7,0,152,2,298079.6
INV00036337,2025-11-09,STR013,PRD01044,32,111,8,1,136,0,74049.28
INV00036338,2025-11-09,STR013,PRD00062,31,72,5,1,99,0,1366060.41
INV00036339,2025-11-09,STR013,PRD00518,143,0,84,0,59,0,45337.37
INV00036340,2025-11-09,STR013,PRD00349,192,0,87,0,105,0,8806.35
INV00036341,2025-11-09,STR014,PRD00222,40,0,12,0,28,0,184263.52
INV00036342,2025-11-09,STR014,PRD00652,165,0,47,0,118,0,16166.0
INV00036343,2025-11-09,STR014,PRD01046,110,0,5,0,105,0,55260.45
INV00036344,2025-11-09,STR014,PRD01040,399,379,112,0,666,0,220292.82
INV00036345,2025-11-09,STR014,PRD00894,169,96,81,2,186,0,299117.76
INV00036346,2025-11-09,STR014,PRD00464,122,0,16,0,106,0,48599.94
INV00036347,2025-11-09,STR014,PRD00612,194,0,19,2,177,0,37600.11
INV00036348,2025-11-09,STR014,PRD00928,168,0,13,1,156,0,282754.68
INV00036349,2025-11-09,STR014,PRD00241,9,41,8,0,42,0,234525.48
INV00036350,2025-11-09,STR014,PRD01088,77,0,12,1,66,0,131508.3
INV00036351,2025-11-09,STR014,PRD00223,50,58,18,0,89,1,624316.31
INV00036352,2025-11-09,STR014,PRD00079,88,0,46,0,42,0,566402.34
INV00036353,2025-11-09,STR014,PRD00438,387,0,213,0,174,0,84718.86
INV00036354,2025-11-09,STR014,PRD00949,70,0,26,0,44,0,24941.4
INV00036355,2025-11-09,STR014,PRD00832,16,121,9,0,128,0,175395.84
INV00036356,2025-11-09,STR014,PRD01025,88,288,44,0,332,0,10009.8
INV00036357,2025-11-09,STR014,PRD01024,331,0,165,0,166,0,15288.6
INV00036358,2025-11-09,STR014,PRD00239,21,28,7,0,42,0,191354.52
INV00036359,2025-11-09,STR014,PRD00584,358,0,140,0,218,0,31032.3
INV00036360,2025-11-09,STR014,PRD00050,59,0,7,0,52,0,835953.56
INV00036361,2025-11-09,STR015,PRD01036,69,371,31,2,411,0,51444.87
INV00036362,2025-11-09,STR015,PRD00605,370,0,176,0,192,2,9417.6
INV00036363,2025-11-09,STR015,PRD01050,205,0,98,0,107,0,35217.98
INV00036364,2025-11-09,STR015,PRD01122,79,0,24,1,56,0,203362.88
INV00036365,2025-11-09,STR015,PRD00171,32,26,9,1,50,0,227649.5
INV00036366,2025-11-09,STR015,PRD00553,111,257,60,0,308,0,26829.88
INV00036367,2025-11-09,STR015,PRD00442,166,0,26,0,140,0,16758.0
INV00036368,2025-11-09,STR015,PRD01113,35,0,20,1,16,0,32254.72
INV00036369,2025-11-09,STR015,PRD00690,103,0,56,0,46,1,110281.32
INV00036370,2025-11-09,STR015,PRD00020,56,0,29,0,27,0,52603.83
INV00036371,2025-11-09,STR015,PRD00170,60,159,7,0,212,0,194719.88
INV00036372,2025-11-09,STR015,PRD00455,75,0,26,0,48,1,27046.56
INV00036373,2025-11-09,STR015,PRD00154,119,268,35,0,352,0,167875.84
INV00036374,2025-11-09,STR015,PRD00358,346,0,112,0,233,1,108734.11
INV00036375,2025-11-09,STR015,PRD00849,185,0,50,0,133,2,28166.74
INV00036376,2025-11-09,STR015,PRD00500,109,0,20,0,89,0,67420.17
INV00036377,2025-11-09,STR015,PRD01108,89,103,25,0,167,0,382346.5
INV00036378,2025-11-09,STR015,PRD00670,127,79,7,0,199,0,381069.08
INV00036379,2025-11-09,STR015,PRD01072,52,334,7,0,379,0,83380.0
INV00036380,2025-11-09,STR015,PRD00754,192,0,12,1,181,0,39979.28
INV00036381,2025-11-09,STR016,PRD00689,224,0,92,0,132,0,43933.56
INV00036382,2025-11-09,STR016,PRD01135,36,162,5,1,194,0,244389.56
INV00036383,2025-11-09,STR016,PRD00403,126,0,18,0,108,0,14927.76
INV00036384,2025-11-09,STR016,PRD00285,55,0,5,0,50,0,38438.0
INV00036385,2025-11-09,STR016,PRD00445,198,0,97,0,101,0,33862.27
INV00036386,2025-11-09,STR016,PRD00566,282,0,127,0,155,0,65583.6
INV00036387,2025-11-09,STR016,PRD00003,26,105,8,2,125,0,66780.0
INV00036388,2025-11-09,STR016,PRD01146,21,121,10,0,132,0,196517.64
INV00036389,2025-11-09,STR016,PRD00297,158,0,72,0,86,0,54271.16
INV00036390,2025-11-09,STR016,PRD00829,52,0,21,0,31,0,47704.97
INV00036391,2025-11-09,STR016,PRD00469,97,294,32,0,359,0,139812.55
INV00036392,2025-11-09,STR016,PRD00491,21,109,6,3,126,1,66365.46
INV00036393,2025-11-09,STR016,PRD00498,151,233,90,0,294,0,40616.1
INV00036394,2025-11-09,STR016,PRD01011,308,0,99,0,208,1,31135.52
INV00036395,2025-11-09,STR016,PRD00530,130,0,10,0,120,0,67448.4
INV00036396,2025-11-09,STR016,PRD00109,81,0,41,0,38,2,354027.0
INV00036397,2025-11-09,STR016,PRD01198,41,0,19,3,25,0,110805.75
INV00036398,2025-11-09,STR016,PRD00958,227,247,29,0,445,0,85319.85
INV00036399,2025-11-09,STR016,PRD00967,525,235,264,0,494,2,14098.76
INV00036400,2025-11-09,STR016,PRD00256,26,0,15,1,11,1,89177.55
INV00036401,2025-11-09,STR017,PRD01125,65,0,26,0,38,1,54090.34
INV00036402,2025-11-09,STR017,PRD00984,70,283,22,0,331,0,6626.62
INV00036403,2025-11-09,STR017,PRD00760,30,0,15,0,15,0,47592.15
INV00036404,2025-11-09,STR017,PRD00101,24,132,14,0,142,0,256061.5
INV00036405,2025-11-09,STR017,PRD00443,82,251,12,0,321,0,53626.26
INV00036406,2025-11-09,STR017,PRD00787,254,0,98,0,156,0,29505.84
INV00036407,2025-11-09,STR017,PRD00924,340,365,49,0,655,1,127397.5
INV00036408,2025-11-09,STR017,PRD01179,56,150,17,0,189,0,392084.28
INV00036409,2025-11-09,STR017,PRD01036,153,0,29,0,124,0,15521.08
INV00036410,2025-11-09,STR017,PRD00348,89,0,19,0,68,2,47196.08
INV00036411,2025-11-09,STR017,PRD00062,18,72,5,1,86,0,1186678.74
INV00036412,2025-11-09,STR017,PRD01094,48,0,16,2,34,0,129103.78
INV00036413,2025-11-09,STR017,PRD01134,75,153,43,0,185,0,541924.2
INV00036414,2025-11-09,STR017,PRD00943,75,0,45,0,30,0,15973.2
INV00036415,2025-11-09,STR017,PRD00330,148,0,73,0,75,0,12664.5
INV00036416,2025-11-09,STR017,PRD00225,13,68,5,0,76,0,528355.04
INV00036417,2025-11-09,STR017,PRD00818,77,87,21,0,143,0,238687.02
INV00036418,2025-11-09,STR017,PRD00319,245,0,26,1,220,0,102038.2
INV00036419,2025-11-09,STR017,PRD00885,89,0,8,0,80,1,100271.2
INV00036420,2025-11-09,STR017,PRD00819,70,90,22,0,138,0,213831.0
INV00036421,2025-11-09,STR018,PRD00272,457,0,226,2,233,0,80319.76
INV00036422,2025-11-09,STR018,PRD00603,231,0,28,0,202,1,26453.92
INV00036423,2025-11-09,STR018,PRD00461,89,0,11,0,78,0,13217.1
INV00036424,2025-11-09,STR018,PRD00187,64,0,6,0,58,0,195136.94
INV00036425,2025-11-09,STR018,PRD01050,410,0,6,0,404,0,132972.56
INV00036426,2025-11-09,STR018,PRD00345,384,0,189,0,195,0,76806.6
INV00036427,2025-11-09,STR018,PRD01019,100,0,20,0,80,0,39180.0
INV00036428,2025-11-09,STR018,PRD01199,36,0,18,0,18,0,61139.7
INV00036429,2025-11-09,STR018,PRD00192,100,0,20,0,80,0,173640.8
INV00036430,2025-11-09,STR018,PRD00865,41,176,12,0,205,0,291905.65
INV00036431,2025-11-09,STR018,PRD01188,154,0,88,0,66,0,111291.84
INV00036432,2025-11-09,STR018,PRD00713,18,152,8,0,162,0,475917.12
INV00036433,2025-11-09,STR018,PRD00237,42,0,23,0,19,0,122799.28
INV00036434,2025-11-09,STR018,PRD00009,9,41,5,0,45,0,375502.95
INV00036435,2025-11-09,STR018,PRD00032,37,0,22,1,16,0,236800.0
INV00036436,2025-11-09,STR018,PRD00577,299,0,26,2,275,0,52052.0
INV00036437,2025-11-09,STR018,PRD00358,276,0,86,0,190,0,88667.3
INV00036438,2025-11-09,STR018,PRD00484,142,0,84,1,59,0,33484.86
INV00036439,2025-11-09,STR018,PRD00663,265,0,63,0,202,0,12705.8
INV00036440,2025-11-09,STR018,PRD00055,74,71,31,0,114,0,1394566.56
INV00036441,2025-11-09,STR019,PRD01082,161,0,74,0,87,0,69361.62
INV00036442,2025-11-09,STR019,PRD00217,53,0,12,0,41,0,217235.63
INV00036443,2025-11-09,STR019,PRD00111,93,65,6,0,152,0,1929484.96
INV00036444,2025-11-09,STR019,PRD00230,45,0,8,1,38,0,297763.44
INV00036445,2025-11-09,STR019,PRD00287,112,0,34,0,78,0,21398.52
INV00036446,2025-11-09,STR019,PRD01128,69,78,40,0,107,0,154152.76
INV00036447,2025-11-09,STR019,PRD00236,49,0,28,1,22,0,87775.16
INV00036448,2025-11-09,STR019,PRD00181,36,30,15,0,51,0,165207.36
INV00036449,2025-11-09,STR019,PRD01102,296,0,64,0,232,0,81979.52
INV00036450,2025-11-09,STR019,PRD00288,484,0,209,0,274,1,120384.64
INV00036451,2025-11-09,STR019,PRD00469,290,0,147,0,143,0,55691.35
INV00036452,2025-11-09,STR019,PRD00601,384,0,174,0,210,0,6472.2
INV00036453,2025-11-09,STR019,PRD00050,70,0,38,0,32,0,514432.96
INV00036454,2025-11-09,STR019,PRD00704,29,114,11,1,133,0,94049.62
INV00036455,2025-11-09,STR019,PRD01027,205,0,63,0,142,0,32052.24
INV00036456,2025-11-09,STR019,PRD00477,423,0,8,0,415,0,40528.9
INV00036457,2025-11-09,STR019,PRD00303,124,246,31,0,339,0,122812.92
INV00036458,2025-11-09,STR019,PRD00816,97,0,11,0,86,0,73735.54
INV00036459,2025-11-09,STR019,PRD01159,63,0,18,1,46,0,68965.96
INV00036460,2025-11-09,STR019,PRD00201,58,0,22,0,36,0,68025.24
INV00036461,2025-11-09,STR020,PRD00823,61,0,30,0,31,0,53248.39
INV00036462,2025-11-09,STR020,PRD00232,30,0,12,1,19,0,92024.03
INV00036463,2025-11-09,STR020,PRD00417,25,95,15,1,106,0,70141.26
INV00036464,2025-11-09,STR020,PRD00101,142,0,68,1,75,0,135243.75
INV00036465,2025-11-09,STR020,PRD00128,21,61,7,0,75,0,672285.75
INV00036466,2025-11-09,STR020,PRD00420,174,0,25,1,150,0,111385.5
INV00036467,2025-11-09,STR020,PRD00456,251,0,19,1,233,0,39607.67
INV00036468,2025-11-09,STR020,PRD00769,39,0,18,0,21,0,26085.57
INV00036469,2025-11-09,STR020,PRD00746,38,177,19,0,196,0,299097.96
INV00036470,2025-11-09,STR020,PRD00567,235,198,52,0,381,0,86471.76
INV00036471,2025-11-09,STR020,PRD00199,169,0,97,0,72,0,96141.6
INV00036472,2025-11-09,STR020,PRD00418,143,371,78,0,436,0,137527.48
INV00036473,2025-11-09,STR020,PRD00800,318,356,164,0,510,0,165540.9
INV00036474,2025-11-09,STR020,PRD00898,64,164,29,0,199,0,365005.8
INV00036475,2025-11-09,STR020,PRD00423,174,0,46,0,128,0,27379.2
INV00036476,2025-11-09,STR020,PRD00897,50,0,22,0,28,0,66337.88
INV00036477,2025-11-09,STR020,PRD00626,251,0,98,0,152,1,11541.36
INV00036478,2025-11-09,STR020,PRD00512,75,0,28,0,47,0,5442.6
INV00036479,2025-11-09,STR020,PRD01175,68,0,25,0,43,0,67626.1
INV00036480,2025-11-09,STR020,PRD00220,65,0,37,0,28,0,127720.32
INV00036481,2025-11-09,STR021,PRD00978,74,278,33,0,319,0,34235.08
INV00036482,2025-11-09,STR021,PRD00354,111,0,62,0,49,0,31833.34
INV00036483,2025-11-09,STR021,PRD00669,33,0,9,0,24,0,45282.24
INV00036484,2025-11-09,STR021,PRD00527,36,107,15,0,128,0,94882.56
INV00036485,2025-11-09,STR021,PRD01059,159,0,12,0,147,0,54148.92
INV00036486,2025-11-09,STR021,PRD00957,234,0,69,0,165,0,15600.75
INV00036487,2025-11-09,STR021,PRD00390,106,0,22,0,83,1,65182.39
INV00036488,2025-11-09,STR021,PRD01105,37,130,19,1,149,0,224769.48
INV00036489,2025-11-09,STR021,PRD01118,22,0,10,1,13,0,43824.3
INV00036490,2025-11-09,STR021,PRD00196,108,0,19,0,89,0,199972.32
INV00036491,2025-11-09,STR021,PRD00013,26,0,7,0,19,0,244379.71
INV00036492,2025-11-09,STR021,PRD00132,55,0,21,0,34,0,602672.78
INV00036493,2025-11-09,STR021,PRD00784,79,0,44,0,35,0,45571.4
INV00036494,2025-11-09,STR021,PRD00685,23,167,12,0,178,0,507591.92
INV00036495,2025-11-09,STR021,PRD00232,42,74,18,0,98,0,474650.26
INV00036496,2025-11-09,STR021,PRD00926,241,0,123,0,118,0,56787.5
INV00036497,2025-11-09,STR021,PRD00830,81,0,15,0,66,0,71925.48
INV00036498,2025-11-09,STR021,PRD00137,47,0,21,0,26,0,167009.44
INV00036499,2025-11-09,STR021,PRD01077,38,0,13,0,25,0,87334.75
INV00036500,2025-11-09,STR021,PRD00306,55,0,19,0,36,0,27789.84
INV00036501,2025-11-09,STR022,PRD00548,136,356,55,0,436,1,52476.96
INV00036502,2025-11-09,STR022,PRD01090,15,73,9,0,79,0,242100.24
INV00036503,2025-11-09,STR022,PRD00389,106,0,58,0,48,0,35518.08
INV00036504,2025-11-09,STR022,PRD00169,43,0,11,2,34,0,191374.78
INV00036505,2025-11-09,STR022,PRD01075,67,0,8,0,59,0,187518.52
INV00036506,2025-11-09,STR022,PRD00953,261,269,21,0,509,0,29506.73
INV00036507,2025-11-09,STR022,PRD00458,352,0,203,2,151,0,67333.92
INV00036508,2025-11-09,STR022,PRD00054,29,0,10,0,19,0,224966.46
INV00036509,2025-11-09,STR022,PRD00724,20,180,12,0,188,0,299749.08
INV00036510,2025-11-09,STR022,PRD00859,31,152,18,0,165,0,298674.75
INV00036511,2025-11-09,STR022,PRD00642,73,0,39,0,34,0,9867.48
INV00036512,2025-11-09,STR022,PRD00718,124,0,20,0,104,0,174302.96
INV00036513,2025-11-09,STR022,PRD00354,144,0,79,1,66,0,42877.56
INV00036514,2025-11-09,STR022,PRD00092,80,0,37,0,42,1,196462.56
INV00036515,2025-11-09,STR022,PRD00307,354,0,98,1,256,1,123601.92
INV00036516,2025-11-09,STR022,PRD00864,153,174,44,0,283,0,316410.98
INV00036517,2025-11-09,STR022,PRD00359,73,0,29,0,44,0,28320.16
INV00036518,2025-11-09,STR022,PRD00970,96,256,45,0,307,0,73609.39
INV00036519,2025-11-09,STR022,PRD00114,31,0,11,0,20,0,246120.0
INV00036520,2025-11-09,STR022,PRD00544,123,0,33,2,92,0,7612.08
INV00036521,2025-11-09,STR023,PRD00615,403,278,23,0,658,0,223285.72
INV00036522,2025-11-09,STR023,PRD00202,26,0,10,1,17,0,14713.33
INV00036523,2025-11-09,STR023,PRD01138,86,0,26,2,62,0,172937.22
INV00036524,2025-11-09,STR023,PRD00567,54,198,8,0,244,0,55378.24
INV00036525,2025-11-09,STR023,PRD00098,28,37,13,0,52,0,530712.52
INV00036526,2025-11-09,STR023,PRD00884,148,0,27,0,121,0,131447.14
INV00036527,2025-11-09,STR023,PRD01130,86,0,40,0,46,0,86923.44
INV00036528,2025-11-09,STR023,PRD00823,76,0,20,0,56,0,96190.64
INV00036529,2025-11-09,STR023,PRD01144,126,0,50,0,76,0,108377.52
INV00036530,2025-11-09,STR023,PRD00461,179,254,61,0,372,0,63035.4
INV00036531,2025-11-09,STR023,PRD00647,290,306,118,1,479,0,90564.53
INV00036532,2025-11-09,STR023,PRD00325,67,0,26,0,41,0,24067.41
INV00036533,2025-11-09,STR023,PRD00877,183,0,11,0,172,0,208448.52
INV00036534,2025-11-09,STR023,PRD00551,225,0,109,0,116,0,49946.12
INV00036535,2025-11-09,STR023,PRD00810,94,400,51,0,443,0,115667.3
INV00036536,2025-11-09,STR023,PRD00440,249,0,55,0,194,0,62241.02
INV00036537,2025-11-09,STR023,PRD00212,27,0,10,0,17,0,106436.49
INV00036538,2025-11-09,STR023,PRD00820,165,0,18,0,147,0,173045.46
INV00036539,2025-11-09,STR023,PRD01042,65,207,19,0,253,0,23956.57
INV00036540,2025-11-09,STR023,PRD01070,63,88,19,0,132,0,340133.64
INV00036541,2025-11-09,STR024,PRD00474,114,0,42,0,70,2,6255.9
INV00036542,2025-11-09,STR024,PRD00582,68,394,24,0,438,0,168630.0
INV00036543,2025-11-09,STR024,PRD00151,78,0,29,0,49,0,182948.85
INV00036544,2025-11-09,STR024,PRD00906,23,169,12,0,180,0,380919.6
INV00036545,2025-11-09,STR024,PRD00764,47,0,28,0,19,0,34886.09
INV00036546,2025-11-09,STR024,PRD01091,108,97,21,1,185,0,519637.25
INV00036547,2025-11-09,STR024,PRD00595,424,239,139,0,524,0,191008.48
INV00036548,2025-11-09,STR024,PRD00194,21,45,12,0,54,0,223574.04
INV00036549,2025-11-09,STR024,PRD00579,71,227,26,0,272,0,79470.24
INV00036550,2025-11-09,STR024,PRD01189,39,91,23,0,107,0,239398.59
INV00036551,2025-11-09,STR024,PRD00715,52,90,26,0,116,0,230144.0
INV00036552,2025-11-09,STR024,PRD00774,76,0,8,0,68,0,105350.36
INV00036553,2025-11-09,STR024,PRD01199,47,0,11,0,36,0,122279.4
INV00036554,2025-11-09,STR024,PRD00419,145,0,86,0,58,1,44307.36
INV00036555,2025-11-09,STR024,PRD00296,56,201,16,0,241,0,29312.83
INV00036556,2025-11-09,STR024,PRD00721,77,81,16,0,142,0,245323.46
INV00036557,2025-11-09,STR024,PRD00386,79,0,37,0,42,0,30272.76
INV00036558,2025-11-09,STR024,PRD00688,32,150,8,0,174,0,363458.16
INV00036559,2025-11-09,STR024,PRD00895,94,157,18,1,234,0,69591.6
INV00036560,2025-11-09,STR024,PRD00907,83,0,41,0,42,0,41028.54
INV00036561,2025-11-09,STR025,PRD00187,23,0,13,0,10,0,33644.3
INV00036562,2025-11-09,STR025,PRD00177,41,75,10,0,106,0,784195.42
INV00036563,2025-11-09,STR025,PRD00174,173,0,60,0,112,1,58602.88
INV00036564,2025-11-09,STR025,PRD00305,37,128,8,2,159,0,97832.7
INV00036565,2025-11-09,STR025,PRD00172,37,0,19,0,18,0,94559.4
INV00036566,2025-11-09,STR025,PRD00363,32,0,6,0,26,0,17949.1
INV00036567,2025-11-09,STR025,PRD00161,39,0,10,0,27,2,189412.56
INV00036568,2025-11-09,STR025,PRD00975,21,135,10,0,146,0,87381.0
INV00036569,2025-11-09,STR025,PRD00389,29,122,5,0,146,0,108034.16
INV00036570,2025-11-09,STR025,PRD00092,62,0,26,0,36,0,168396.48
INV00036571,2025-11-09,STR025,PRD01007,163,164,76,1,252,0,126599.76
INV00036572,2025-11-09,STR025,PRD00739,155,159,36,1,279,0,430056.18
INV00036573,2025-11-09,STR025,PRD00072,24,0,11,0,13,0,40619.67
INV00036574,2025-11-09,STR025,PRD01034,338,0,29,0,309,0,67275.48
INV00036575,2025-11-09,STR025,PRD00348,46,0,19,0,27,0,18739.62
INV00036576,2025-11-09,STR025,PRD00728,68,0,40,0,28,0,84269.64
INV00036577,2025-11-09,STR025,PRD00820,51,0,16,0,35,0,41201.3
INV00036578,2025-11-09,STR025,PRD00386,76,126,31,0,171,0,123253.38
INV00036579,2025-11-09,STR025,PRD00598,54,344,7,2,393,0,48138.57
INV00036580,2025-11-09,STR025,PRD00429,70,180,14,0,236,0,129802.36
INV00036581,2025-11-09,STR026,PRD00937,303,396,40,0,659,0,117012.04
INV00036582,2025-11-09,STR026,PRD01074,50,51,8,0,92,1,300761.8
INV00036583,2025-11-09,STR026,PRD01164,131,0,44,0,87,0,96457.77
INV00036584,2025-11-09,STR026,PRD00169,72,0,14,0,58,0,326462.86
INV00036585,2025-11-09,STR026,PRD00011,12,44,7,0,49,0,481899.81
INV00036586,2025-11-09,STR026,PRD00750,104,0,29,0,75,0,160873.5
INV00036587,2025-11-09,STR026,PRD00615,88,278,26,0,340,0,115375.6
INV00036588,2025-11-09,STR026,PRD00751,134,0,26,0,108,0,209558.88
INV00036589,2025-11-09,STR026,PRD00334,349,0,162,0,187,0,74942.12
INV00036590,2025-11-09,STR026,PRD00223,52,58,15,3,98,0,687449.42
INV00036591,2025-11-09,STR026,PRD00364,301,333,132,1,503,0,98432.07
INV00036592,2025-11-09,STR026,PRD00923,135,0,55,0,78,2,176461.74
INV00036593,2025-11-09,STR026,PRD00073,67,0,31,0,36,0,616442.4
INV00036594,2025-11-09,STR026,PRD00725,76,0,34,0,42,0,63490.98
INV00036595,2025-11-09,STR026,PRD00094,55,0,30,0,25,0,310208.5
INV00036596,2025-11-09,STR026,PRD00244,49,0,23,2,28,0,161474.04
INV00036597,2025-11-09,STR026,PRD00713,20,152,11,0,161,0,472979.36
INV00036598,2025-11-09,STR026,PRD00733,123,0,7,0,116,0,253688.52
INV00036599,2025-11-09,STR026,PRD00552,199,0,35,0,164,0,31970.16
INV00036600,2025-11-09,STR026,PRD01021,149,0,12,0,137,0,51802.44
INV00036601,2025-11-09,STR027,PRD00093,15,43,7,0,51,0,494907.57
INV00036602,2025-11-09,STR027,PRD00340,70,0,12,3,61,0,33920.88
INV00036603,2025-11-09,STR027,PRD01198,17,36,8,0,45,0,199450.35
INV00036604,2025-11-09,STR027,PRD00092,38,54,13,0,79,0,369536.72
INV00036605,2025-11-09,STR027,PRD00985,89,273,19,0,343,0,18885.58
INV00036606,2025-11-09,STR027,PRD00535,144,199,44,0,299,0,67059.72
INV00036607,2025-11-09,STR027,PRD00917,41,161,9,0,193,0,189300.19
INV00036608,2025-11-09,STR027,PRD00301,228,0,105,0,123,0,16023.21
INV00036609,2025-11-09,STR027,PRD00011,41,0,18,0,23,0,226197.87
INV00036610,2025-11-09,STR027,PRD00977,323,171,50,1,445,0,125614.6
INV00036611,2025-11-09,STR027,PRD00362,73,0,36,0,37,0,19702.87
INV00036612,2025-11-09,STR027,PRD00596,241,205,67,0,379,0,150807.89
INV00036613,2025-11-09,STR027,PRD00148,80,0,9,0,71,0,333293.88
INV00036614,2025-11-09,STR027,PRD00353,39,178,13,0,204,0,108081.24
INV00036615,2025-11-09,STR027,PRD00566,198,155,102,1,252,0,106626.24
INV00036616,2025-11-09,STR027,PRD00890,83,0,14,0,69,0,36979.17
INV00036617,2025-11-09,STR027,PRD00056,10,45,8,0,47,0,403307.47
INV00036618,2025-11-09,STR027,PRD01070,95,88,49,0,132,2,340133.64
INV00036619,2025-11-09,STR027,PRD00858,64,0,26,0,38,0,26416.08
INV00036620,2025-11-09,STR027,PRD01152,91,0,16,0,75,0,103402.5
INV00036621,2025-11-09,STR028,PRD01156,147,0,44,0,103,0,233580.31
INV00036622,2025-11-09,STR028,PRD00991,136,0,79,0,57,0,29328.21
INV00036623,2025-11-09,STR028,PRD00943,86,0,37,1,50,0,26622.0
INV00036624,2025-11-09,STR028,PRD00386,48,0,19,0,29,0,20902.62
INV00036625,2025-11-09,STR028,PRD00606,278,0,23,0,255,0,78685.35
INV00036626,2025-11-09,STR028,PRD00247,23,0,9,0,14,0,69893.88
INV00036627,2025-11-09,STR028,PRD00148,61,59,21,0,99,0,464733.72
INV00036628,2025-11-09,STR028,PRD00184,92,0,48,0,44,0,113902.8
INV00036629,2025-11-09,STR028,PRD00930,73,0,16,0,57,0,134824.38
INV00036630,2025-11-09,STR028,PRD00117,30,0,7,0,23,0,93219.46
INV00036631,2025-11-09,STR028,PRD00685,138,0,7,0,131,0,373564.84
INV00036632,2025-11-09,STR028,PRD00198,21,160,8,0,173,0,514913.74
INV00036633,2025-11-09,STR028,PRD00012,11,35,5,0,41,0,168975.35
INV00036634,2025-11-09,STR028,PRD00542,78,212,17,0,243,0,93314.13
INV00036635,2025-11-09,STR028,PRD00125,111,0,26,0,85,0,89784.65
INV00036636,2025-11-09,STR028,PRD00614,176,0,29,0,147,0,5039.16
INV00036637,2025-11-09,STR028,PRD01048,238,0,109,0,128,1,53144.32
INV00036638,2025-11-09,STR028,PRD00801,70,122,15,0,177,0,92894.91
INV00036639,2025-11-09,STR028,PRD01185,85,0,49,2,38,0,35144.3
INV00036640,2025-11-09,STR028,PRD00213,13,75,7,0,81,0,453365.91
INV00036641,2025-11-09,STR029,PRD00900,90,139,26,1,204,0,400054.2
INV00036642,2025-11-09,STR029,PRD00897,56,115,12,0,159,0,376704.39
INV00036643,2025-11-09,STR029,PRD00734,110,0,36,0,73,1,34294.67
INV00036644,2025-11-09,STR029,PRD00671,256,0,10,0,246,0,51170.46
INV00036645,2025-11-09,STR029,PRD00174,81,0,29,0,52,0,27208.48
INV00036646,2025-11-09,STR029,PRD00431,83,0,38,0,45,0,23454.0
INV00036647,2025-11-09,STR029,PRD00723,39,78,19,0,98,0,107600.08
INV00036648,2025-11-09,STR029,PRD01140,49,0,15,0,34,0,112759.64
INV00036649,2025-11-09,STR029,PRD00204,94,174,43,1,226,0,583104.86
INV00036650,2025-11-09,STR029,PRD00104,27,0,5,2,24,0,421987.92
INV00036651,2025-11-09,STR029,PRD00029,15,0,7,0,8,0,129259.44
INV00036652,2025-11-09,STR029,PRD00112,24,0,7,0,17,0,53162.91
INV00036653,2025-11-09,STR029,PRD00257,86,0,12,2,76,0,163078.52
INV00036654,2025-11-09,STR029,PRD00742,18,96,7,0,107,0,253403.82
INV00036655,2025-11-09,STR029,PRD01030,269,231,118,1,383,0,121629.31
INV00036656,2025-11-09,STR029,PRD01073,144,0,77,0,67,0,163510.15
INV00036657,2025-11-09,STR029,PRD00404,134,0,13,1,122,0,73734.36
INV00036658,2025-11-09,STR029,PRD01199,39,0,23,0,16,0,54346.4
INV00036659,2025-11-09,STR029,PRD01142,111,0,10,0,101,0,228743.79
INV00036660,2025-11-09,STR029,PRD00347,144,0,64,0,78,2,52202.28
INV00036661,2025-11-09,STR030,PRD00671,388,166,172,0,382,0,79459.82
INV00036662,2025-11-09,STR030,PRD00488,42,93,18,0,117,0,97795.62
INV00036663,2025-11-09,STR030,PRD01137,35,162,12,0,185,0,198739.95
INV00036664,2025-11-09,STR030,PRD00950,98,180,7,0,271,0,34501.01
INV00036665,2025-11-09,STR030,PRD01145,58,0,28,0,30,0,62406.3
INV00036666,2025-11-09,STR030,PRD00079,55,0,5,1,51,0,687774.27
INV00036667,2025-11-09,STR030,PRD00801,129,0,43,0,86,0,45135.38
INV00036668,2025-11-09,STR030,PRD00980,201,0,119,0,81,1,29343.06
INV00036669,2025-11-09,STR030,PRD01085,31,0,18,0,13,0,53771.77
INV00036670,2025-11-09,STR030,PRD00808,187,0,12,0,175,0,317444.75
INV00036671,2025-11-09,STR030,PRD00502,118,0,32,0,86,0,54069.92
INV00036672,2025-11-09,STR030,PRD01051,114,0,20,0,94,0,33293.86
INV00036673,2025-11-09,STR030,PRD00265,73,0,23,1,51,0,148923.06
INV00036674,2025-11-09,STR030,PRD00344,82,0,6,0,76,0,32953.6
INV00036675,2025-11-09,STR030,PRD00531,379,0,63,0,316,0,57575.2
INV00036676,2025-11-09,STR030,PRD00426,108,0,48,0,60,0,24952.2
INV00036677,2025-11-09,STR030,PRD01179,33,150,8,0,174,1,360966.48
INV00036678,2025-11-09,STR030,PRD00684,38,0,15,1,24,0,59172.96
INV00036679,2025-11-09,STR030,PRD00168,47,56,6,0,97,0,641272.82
INV00036680,2025-11-09,STR030,PRD00848,112,0,54,0,56,2,90513.92
INV00036681,2025-11-09,STR031,PRD00975,78,0,20,0,58,0,34713.0
INV00036682,2025-11-09,STR031,PRD00498,144,0,83,0,61,0,8427.15
INV00036683,2025-11-09,STR031,PRD00002,43,0,5,0,38,0,33094.2
INV00036684,2025-11-09,STR031,PRD00532,41,144,5,0,180,0,145594.8
INV00036685,2025-11-09,STR031,PRD00870,94,0,23,2,72,1,116544.96
INV00036686,2025-11-09,STR031,PRD00770,82,0,40,0,42,0,45796.38
INV00036687,2025-11-09,STR031,PRD01046,38,168,12,0,194,0,102100.26
INV00036688,2025-11-09,STR031,PRD00863,112,0,60,0,52,0,38743.12
INV00036689,2025-11-09,STR031,PRD00756,193,78,86,0,185,0,408554.0
INV00036690,2025-11-09,STR031,PRD00697,193,0,92,0,101,0,81559.52
INV00036691,2025-11-09,STR031,PRD00501,117,0,42,0,75,0,41051.25
INV00036692,2025-11-09,STR031,PRD00057,94,0,16,0,77,1,154441.21
INV00036693,2025-11-09,STR031,PRD00117,50,70,6,0,114,0,462044.28
INV00036694,2025-11-09,STR031,PRD00802,59,0,14,0,45,0,106582.05
INV00036695,2025-11-09,STR031,PRD00109,33,0,6,0,27,0,251545.5
INV00036696,2025-11-09,STR031,PRD01146,40,121,5,0,156,0,232248.12
INV00036697,2025-11-09,STR031,PRD00284,450,0,210,0,240,0,24847.2
INV00036698,2025-11-09,STR031,PRD01030,114,231,8,1,338,0,107338.66
INV00036699,2025-11-09,STR031,PRD00828,72,395,38,0,429,0,190047.0
INV00036700,2025-11-09,STR031,PRD00874,164,0,93,0,71,0,165606.08
INV00036701,2025-11-09,STR032,PRD01044,73,0,11,0,62,0,33757.76
INV00036702,2025-11-09,STR032,PRD00435,100,0,58,0,42,0,24535.14
INV00036703,2025-11-09,STR032,PRD01055,243,0,65,0,177,1,47182.89
INV00036704,2025-11-09,STR032,PRD00386,81,0,37,1,45,0,32435.1
INV00036705,2025-11-09,STR032,PRD00182,105,0,43,0,62,0,70962.1
INV00036706,2025-11-09,STR032,PRD00252,37,0,18,0,19,0,142941.75
INV00036707,2025-11-09,STR032,PRD00049,25,0,7,2,20,0,60562.2
INV00036708,2025-11-09,STR032,PRD01065,90,332,22,1,400,1,191344.0
INV00036709,2025-11-09,STR032,PRD00489,51,0,20,0,31,0,21417.28
INV00036710,2025-11-09,STR032,PRD00335,180,0,69,0,111,0,69104.16
INV00036711,2025-11-09,STR032,PRD01050,349,0,174,1,176,0,57928.64
INV00036712,2025-11-09,STR032,PRD00989,58,134,18,0,174,0,103027.14
INV00036713,2025-11-09,STR032,PRD01129,352,0,8,0,344,0,96705.28
INV00036714,2025-11-09,STR032,PRD00031,45,0,9,0,36,0,500537.16
INV00036715,2025-11-09,STR032,PRD01063,232,0,87,0,145,0,70816.55
INV00036716,2025-11-09,STR032,PRD00795,79,0,34,0,45,0,30960.9
INV00036717,2025-11-09,STR032,PRD00413,282,336,142,1,477,0,143247.87
INV00036718,2025-11-09,STR032,PRD00323,307,177,164,0,319,1,60019.85
INV00036719,2025-11-09,STR032,PRD00097,52,37,22,0,66,1,952898.76
INV00036720,2025-11-09,STR032,PRD01070,17,88,7,0,98,0,252523.46
INV00036721,2025-11-09,STR033,PRD00303,204,0,118,0,86,0,31156.08
INV00036722,2025-11-09,STR033,PRD01179,149,0,39,0,110,0,228197.2
INV00036723,2025-11-09,STR033,PRD01141,46,167,24,1,190,0,154023.5
INV00036724,2025-11-09,STR033,PRD00798,71,0,22,0,49,0,47115.95
INV00036725,2025-11-09,STR033,PRD01189,62,91,11,2,144,0,322181.28
INV00036726,2025-11-09,STR033,PRD00520,328,209,105,0,432,0,175331.52
INV00036727,2025-11-09,STR033,PRD00288,294,0,153,0,141,0,61949.76
INV00036728,2025-11-09,STR033,PRD00848,22,120,12,1,131,0,211737.92
INV00036729,2025-11-09,STR033,PRD00359,17,103,8,0,112,0,72087.68
INV00036730,2025-11-09,STR033,PRD00515,105,0,39,1,67,0,31705.07
INV00036731,2025-11-09,STR033,PRD01197,21,90,12,1,100,0,116118.0
INV00036732,2025-11-09,STR033,PRD00779,56,141,6,3,194,0,193668.26
INV00036733,2025-11-09,STR033,PRD00506,94,0,39,0,54,1,31271.4
INV00036734,2025-11-09,STR033,PRD00373,273,0,100,0,173,0,14798.42
INV00036735,2025-11-09,STR033,PRD00860,217,0,124,0,93,0,38828.43
INV00036736,2025-11-09,STR033,PRD00391,134,0,36,0,98,0,34046.18
INV00036737,2025-11-09,STR033,PRD00939,105,0,59,0,46,0,11147.64
INV00036738,2025-11-09,STR033,PRD00628,139,0,26,0,113,0,23821.53
INV00036739,2025-11-09,STR033,PRD01074,52,0,6,0,46,0,150380.9
INV00036740,2025-11-09,STR033,PRD00079,92,34,9,1,118,0,1591320.86
INV00036741,2025-11-09,STR034,PRD00089,22,0,7,0,15,0,276009.6
INV00036742,2025-11-09,STR034,PRD00021,97,155,12,0,240,0,320112.0
INV00036743,2025-11-09,STR034,PRD00864,180,174,65,2,291,0,325355.46
INV00036744,2025-11-09,STR034,PRD00634,312,266,35,1,544,0,162634.24
INV00036745,2025-11-09,STR034,PRD00382,119,266,38,0,347,0,101639.77
INV00036746,2025-11-09,STR034,PRD00396,378,0,85,0,293,0,133227.1
INV00036747,2025-11-09,STR034,PRD00534,80,226,42,0,264,0,21275.76
INV00036748,2025-11-09,STR034,PRD00305,85,0,49,2,38,0,23381.4
INV00036749,2025-11-09,STR034,PRD00833,47,88,24,1,112,0,109751.04
INV00036750,2025-11-09,STR034,PRD00808,173,130,45,0,258,0,468004.26
INV00036751,2025-11-09,STR034,PRD00117,63,0,32,0,31,0,125643.62
INV00036752,2025-11-09,STR034,PRD00688,147,0,67,0,80,0,167107.2
INV00036753,2025-11-09,STR034,PRD00287,111,0,40,0,69,2,18929.46
INV00036754,2025-11-09,STR034,PRD00010,46,0,27,0,19,0,223714.36
INV00036755,2025-11-09,STR034,PRD01198,81,36,23,0,94,0,416629.62
INV00036756,2025-11-09,STR034,PRD00518,130,85,30,0,185,0,142159.55
INV00036757,2025-11-09,STR034,PRD00574,167,0,15,0,152,0,51461.12
INV00036758,2025-11-09,STR034,PRD00132,17,39,6,0,50,0,886283.5
INV00036759,2025-11-09,STR034,PRD00984,220,0,123,0,97,0,1941.94
INV00036760,2025-11-09,STR034,PRD00526,26,89,15,0,100,0,59224.0
INV00036761,2025-11-09,STR035,PRD00297,157,0,78,0,79,0,49853.74
INV00036762,2025-11-09,STR035,PRD00843,49,0,27,0,22,0,15168.12
INV00036763,2025-11-09,STR035,PRD00847,31,122,18,0,135,0,218311.2
INV00036764,2025-11-09,STR035,PRD01002,99,0,11,0,88,0,4900.72
INV00036765,2025-11-09,STR035,PRD00777,114,77,52,0,139,0,269907.42
INV00036766,2025-11-09,STR035,PRD00016,8,63,7,0,64,0,603748.48
INV00036767,2025-11-09,STR035,PRD00986,148,0,64,0,84,0,9419.76
INV00036768,2025-11-09,STR035,PRD01165,48,0,25,0,23,0,69659.87
INV00036769,2025-11-09,STR035,PRD01060,111,347,34,1,425,0,84298.75
INV00036770,2025-11-09,STR035,PRD00748,128,107,38,0,197,0,357629.86
INV00036771,2025-11-09,STR035,PRD00929,126,0,47,0,78,1,158826.72
INV00036772,2025-11-09,STR035,PRD00004,54,50,14,0,90,0,1326755.7
INV00036773,2025-11-09,STR035,PRD00419,39,176,19,0,196,0,149728.32
INV00036774,2025-11-09,STR035,PRD00100,29,0,15,0,14,0,136848.04
INV00036775,2025-11-09,STR035,PRD00576,294,250,52,0,492,0,162635.52
INV00036776,2025-11-09,STR035,PRD00192,206,0,110,0,96,0,208368.96
INV00036777,2025-11-09,STR035,PRD00741,155,0,78,0,77,0,156224.53
INV00036778,2025-11-09,STR035,PRD00464,250,282,150,0,382,0,175143.18
INV00036779,2025-11-09,STR035,PRD00373,79,355,22,0,412,0,35242.48
INV00036780,2025-11-09,STR035,PRD01019,79,0,27,0,52,0,25467.0
INV00036781,2025-11-09,STR036,PRD01097,110,0,11,0,97,2,199262.25
INV00036782,2025-11-09,STR036,PRD00801,95,0,16,0,79,0,41461.57
INV00036783,2025-11-09,STR036,PRD00937,69,396,35,1,431,0,76528.36
INV00036784,2025-11-09,STR036,PRD01049,221,0,120,0,101,0,13925.88
INV00036785,2025-11-09,STR036,PRD00900,46,0,21,0,25,0,49026.25
INV00036786,2025-11-09,STR036,PRD01194,61,0,28,0,33,0,128210.94
INV00036787,2025-11-09,STR036,PRD00592,178,0,68,0,109,1,23793.61
INV00036788,2025-11-09,STR036,PRD00476,50,0,10,0,39,1,21184.02
INV00036789,2025-11-09,STR036,PRD00591,139,0,32,0,107,0,38919.11
INV00036790,2025-11-09,STR036,PRD00248,38,0,7,0,29,2,199447.79
INV00036791,2025-11-09,STR036,PRD01113,110,0,19,0,91,0,183448.72
INV00036792,2025-11-09,STR036,PRD00104,43,0,22,0,21,0,369239.43
INV00036793,2025-11-09,STR036,PRD00014,43,0,11,0,32,0,146772.48
INV00036794,2025-11-09,STR036,PRD00363,67,0,26,0,41,0,28304.35
INV00036795,2025-11-09,STR036,PRD01031,129,0,24,2,107,0,56000.59
INV00036796,2025-11-09,STR036,PRD00834,132,0,55,2,79,0,72323.71
INV00036797,2025-11-09,STR036,PRD01073,165,141,23,0,283,0,690647.35
INV00036798,2025-11-09,STR036,PRD00269,332,0,127,0,205,0,20463.1
INV00036799,2025-11-09,STR036,PRD00187,74,0,38,0,36,0,121119.48
INV00036800,2025-11-09,STR036,PRD00814,133,0,13,0,120,0,226724.4
INV00036801,2025-11-09,STR037,PRD00271,304,0,115,0,188,1,78696.8
INV00036802,2025-11-09,STR037,PRD00516,127,0,50,0,77,0,38697.12
INV00036803,2025-11-09,STR037,PRD00793,34,88,8,1,115,0,161622.15
INV00036804,2025-11-09,STR037,PRD00254,18,0,8,0,10,0,67762.1
INV00036805,2025-11-09,STR037,PRD00716,91,99,30,1,161,0,162201.06
INV00036806,2025-11-09,STR037,PRD01156,103,0,24,0,79,0,179153.83
INV00036807,2025-11-09,STR037,PRD00536,207,397,62,0,542,0,146854.9
INV00036808,2025-11-09,STR037,PRD00755,308,177,116,0,369,0,127050.39
INV00036809,2025-11-09,STR037,PRD00751,56,0,11,0,45,0,87316.2
INV00036810,2025-11-09,STR037,PRD00158,119,155,61,0,213,0,550059.72
INV00036811,2025-11-09,STR037,PRD00136,78,0,45,0,33,0,186159.93
INV00036812,2025-11-09,STR037,PRD00934,108,0,48,0,60,0,108664.2
INV00036813,2025-11-09,STR037,PRD01000,216,0,115,0,101,0,34932.87
INV00036814,2025-11-09,STR037,PRD00475,90,0,52,0,38,0,21620.48
INV00036815,2025-11-09,STR037,PRD00476,102,0,46,0,56,0,30418.08
INV00036816,2025-11-09,STR037,PRD00295,64,0,6,1,59,0,33540.91
INV00036817,2025-11-09,STR037,PRD00985,193,0,16,1,178,0,9800.68
INV00036818,2025-11-09,STR037,PRD00133,16,43,9,0,50,0,334039.0
INV00036819,2025-11-09,STR037,PRD00290,141,0,49,0,91,1,43527.12
INV00036820,2025-11-09,STR037,PRD00907,14,103,6,0,111,0,108432.57
INV00036821,2025-11-09,STR038,PRD00674,103,154,45,1,213,0,338795.67
INV00036822,2025-11-09,STR038,PRD00501,64,0,20,0,44,0,24083.4
INV00036823,2025-11-09,STR038,PRD00846,138,140,12,0,264,2,290988.72
INV00036824,2025-11-09,STR038,PRD00542,190,0,14,1,177,0,60500.37
INV00036825,2025-11-09,STR038,PRD01044,101,111,40,0,172,0,93650.56
INV00036826,2025-11-09,STR038,PRD00952,118,0,11,0,107,0,53789.97
INV00036827,2025-11-09,STR038,PRD01194,98,0,43,0,55,0,213684.9
INV00036828,2025-11-09,STR038,PRD00048,47,0,21,0,26,0,475724.6
INV00036829,2025-11-09,STR038,PRD00539,121,0,59,0,62,0,2959.26
INV00036830,2025-11-09,STR038,PRD00961,392,0,26,0,366,0,58021.98
INV00036831,2025-11-09,STR038,PRD00688,163,0,18,1,146,0,304970.64
INV00036832,2025-11-09,STR038,PRD01179,44,150,24,1,-21,0,354742.92
INV00036833,2025-11-09,STR038,PRD00229,81,0,10,0,71,0,95771.9
INV00036834,2025-11-09,STR038,PRD00677,113,175,8,0,278,2,231710.22
INV00036835,2025-11-09,STR038,PRD00349,83,290,37,0,336,0,28180.32
INV00036836,2025-11-09,STR038,PRD00590,274,185,126,0,332,1,80735.76
INV00036837,2025-11-09,STR038,PRD00397,157,108,53,0,212,0,153914.12
INV00036838,2025-11-09,STR038,PRD00716,90,0,31,0,59,0,59440.14
INV00036839,2025-11-09,STR038,PRD01116,57,214,33,0,237,1,93927.84
INV00036840,2025-11-09,STR038,PRD00476,41,0,7,0,34,0,18468.12
INV00036841,2025-11-09,STR039,PRD00797,210,0,111,0,99,0,40729.59
INV00036842,2025-11-09,STR039,PRD00150,39,167,7,0,199,0,178594.54
INV00036843,2025-11-09,STR039,PRD00372,83,0,5,1,79,0,21802.42
INV00036844,2025-11-09,STR039,PRD00789,114,165,9,0,270,0,792425.7
INV00036845,2025-11-09,STR039,PRD00759,120,0,72,0,48,0,126939.84
INV00036846,2025-11-09,STR039,PRD00581,53,360,16,0,397,0,78887.87
INV00036847,2025-11-09,STR039,PRD00351,67,0,31,0,36,0,18116.64
INV00036848,2025-11-09,STR039,PRD00584,239,0,73,0,166,0,23630.1
INV00036849,2025-11-09,STR039,PRD00685,78,167,42,0,203,0,578882.92
INV00036850,2025-11-09,STR039,PRD00776,109,0,59,0,49,1,33553.24
INV00036851,2025-11-09,STR039,PRD00396,124,162,17,2,271,0,123223.7
INV00036852,2025-11-09,STR039,PRD00728,66,0,30,0,36,0,108346.68
INV00036853,2025-11-09,STR039,PRD00348,100,0,35,0,65,0,45113.9
INV00036854,2025-11-09,STR039,PRD00084,35,0,18,0,17,0,140994.09
INV00036855,2025-11-09,STR039,PRD00981,284,0,130,0,154,0,8352.96
INV00036856,2025-11-09,STR039,PRD00627,264,0,39,0,225,0,90834.75
INV00036857,2025-11-09,STR039,PRD00253,38,0,6,0,32,0,214946.24
INV00036858,2025-11-09,STR039,PRD00824,73,75,9,1,140,0,303314.2
INV00036859,2025-11-09,STR039,PRD00252,20,42,7,0,55,0,413778.75
INV00036860,2025-11-09,STR039,PRD00620,62,218,33,0,247,0,80440.49
INV00036861,2025-11-09,STR040,PRD00971,197,0,75,0,122,0,37413.74
INV00036862,2025-11-09,STR040,PRD00946,127,0,12,0,115,0,60441.7
INV00036863,2025-11-09,STR040,PRD01079,163,173,58,0,278,0,53248.12
INV00036864,2025-11-09,STR040,PRD00426,74,0,11,0,62,1,25783.94
INV00036865,2025-11-09,STR040,PRD00335,137,0,77,0,60,0,37353.6
INV00036866,2025-11-09,STR040,PRD00271,185,294,80,0,399,0,167021.4
INV00036867,2025-11-09,STR040,PRD00258,75,0,10,0,65,0,103660.05
INV00036868,2025-11-09,STR040,PRD00070,71,44,35,0,80,0,883040.8
INV00036869,2025-11-09,STR040,PRD00232,46,0,11,0,35,0,169517.95
INV00036870,2025-11-09,STR040,PRD00389,149,0,26,0,123,0,91015.08
INV00036871,2025-11-09,STR040,PRD00209,142,0,34,0,108,0,293535.36
INV00036872,2025-11-09,STR040,PRD00177,34,0,13,0,21,0,155359.47
INV00036873,2025-11-09,STR040,PRD01167,28,148,10,0,164,2,137048.24
INV00036874,2025-11-09,STR040,PRD00579,271,0,62,2,211,0,61647.87
INV00036875,2025-11-09,STR040,PRD00005,38,0,6,0,32,0,590043.52
INV00036876,2025-11-09,STR040,PRD01163,53,0,8,0,45,0,167222.7
INV00036877,2025-11-09,STR040,PRD00910,88,0,19,0,69,0,108998.61
INV00036878,2025-11-09,STR040,PRD01040,343,379,202,0,520,0,172000.4
INV00036879,2025-11-09,STR040,PRD00267,88,0,8,2,82,0,656130.38
INV00036880,2025-11-09,STR040,PRD00692,120,0,64,0,56,0,80970.4
INV00036881,2025-11-09,STR041,PRD00222,26,30,14,1,43,0,282976.12
INV00036882,2025-11-09,STR041,PRD01024,354,279,163,0,470,0,43287.0
INV00036883,2025-11-09,STR041,PRD01009,93,169,23,0,239,0,7024.21
INV00036884,2025-11-09,STR041,PRD00430,268,0,126,0,142,0,15435.4
INV00036885,2025-11-09,STR041,PRD00343,86,371,38,1,420,0,54772.2
INV00036886,2025-11-09,STR041,PRD00300,63,0,27,0,36,0,21639.6
INV00036887,2025-11-09,STR041,PRD00578,250,0,97,0,153,0,64689.93
INV00036888,2025-11-09,STR041,PRD00371,178,0,19,1,160,0,18152.0
INV00036889,2025-11-09,STR041,PRD00038,58,114,34,0,138,0,291667.14
INV00036890,2025-11-09,STR041,PRD01032,97,0,31,0,66,0,4633.2
INV00036891,2025-11-09,STR041,PRD00260,56,0,6,0,50,0,280393.5
INV00036892,2025-11-09,STR041,PRD00624,295,318,106,1,508,0,44236.64
INV00036893,2025-11-09,STR041,PRD00478,60,91,23,0,128,0,103969.28
INV00036894,2025-11-09,STR041,PRD00113,29,0,5,0,24,0,285030.96
INV00036895,2025-11-09,STR041,PRD00699,124,86,12,0,198,0,301411.44
INV00036896,2025-11-09,STR041,PRD00466,76,89,33,0,132,0,83123.04
INV00036897,2025-11-09,STR041,PRD00274,239,0,22,0,217,0,92389.92
INV00036898,2025-11-09,STR041,PRD00401,50,174,30,0,192,2,120652.8
INV00036899,2025-11-09,STR041,PRD00913,76,0,41,0,35,0,75617.5
INV00036900,2025-11-09,STR041,PRD00043,46,0,14,0,32,0,489695.04
INV00036901,2025-11-16,STR001,PRD00205,48,144,20,0,172,0,229637.2
INV00036902,2025-11-16,STR001,PRD00178,17,63,7,0,73,0,507330.29
INV00036903,2025-11-16,STR001,PRD00081,54,30,20,0,64,0,838808.32
INV00036904,2025-11-16,STR001,PRD00282,149,0,12,0,137,0,64421.51
INV00036905,2025-11-16,STR001,PRD00216,42,66,8,0,100,0,722678.0
INV00036906,2025-11-16,STR001,PRD00545,472,0,167,0,305,0,76997.25
INV00036907,2025-11-16,STR001,PRD00162,35,0,13,0,22,0,147092.88
INV00036908,2025-11-16,STR001,PRD00073,40,0,20,0,20,0,342468.0
INV00036909,2025-11-16,STR001,PRD00607,249,0,51,0,198,0,35907.3
INV00036910,2025-11-16,STR001,PRD00377,81,0,21,1,61,0,50185.92
INV00036911,2025-11-16,STR001,PRD01151,30,40,6,0,64,0,215959.04
INV00036912,2025-11-16,STR001,PRD00464,167,0,89,0,78,0,35762.22
INV00036913,2025-11-16,STR001,PRD00822,101,0,26,0,75,0,179992.5
INV00036914,2025-11-16,STR001,PRD00497,222,0,16,0,206,0,100155.14
INV00036915,2025-11-16,STR001,PRD00145,83,0,42,0,41,0,69200.21
INV00036916,2025-11-16,STR001,PRD00757,40,82,12,0,110,0,114165.7
INV00036917,2025-11-16,STR001,PRD00605,335,156,38,0,453,0,22219.65
INV00036918,2025-11-16,STR001,PRD00414,332,245,8,0,569,0,242007.08
INV00036919,2025-11-16,STR001,PRD00028,111,87,26,0,172,0,454315.64
INV00036920,2025-11-16,STR001,PRD00087,56,30,33,0,53,0,832255.82
INV00036921,2025-11-16,STR002,PRD00076,42,0,7,0,35,0,375394.95
INV00036922,2025-11-16,STR002,PRD00198,34,160,20,0,174,0,517890.12
INV00036923,2025-11-16,STR002,PRD00507,272,0,141,0,131,0,28210.85
INV00036924,2025-11-16,STR002,PRD00167,54,0,27,0,27,0,149126.67
INV00036925,2025-11-16,STR002,PRD00359,42,0,10,0,32,0,20596.48
INV00036926,2025-11-16,STR002,PRD00935,60,0,6,0,53,1,31063.3
INV00036927,2025-11-16,STR002,PRD00897,85,0,23,0,62,0,146891.02
INV00036928,2025-11-16,STR002,PRD00638,185,0,77,0,108,0,12442.68
INV00036929,2025-11-16,STR002,PRD00083,13,63,8,0,68,0,439434.36
INV00036930,2025-11-16,STR002,PRD00537,152,283,64,0,371,0,29227.38
INV00036931,2025-11-16,STR002,PRD00710,133,0,27,0,105,1,233518.95
INV00036932,2025-11-16,STR002,PRD00809,112,0,14,0,98,0,87782.52
INV00036933,2025-11-16,STR002,PRD01038,260,0,110,0,150,0,45501.0
INV00036934,2025-11-16,STR002,PRD00164,12,54,8,1,59,0,278987.99
INV00036935,2025-11-16,STR002,PRD00273,21,125,7,2,141,0,107000.67
INV00036936,2025-11-16,STR002,PRD00345,60,260,14,1,307,0,120921.16
INV00036937,2025-11-16,STR002,PRD00358,224,325,70,0,479,0,223534.93
INV00036938,2025-11-16,STR002,PRD00036,62,0,16,0,46,0,262588.24
INV00036939,2025-11-16,STR002,PRD00416,158,0,24,0,133,1,92008.07
INV00036940,2025-11-16,STR002,PRD00695,80,89,21,0,148,0,188916.08
INV00036941,2025-11-16,STR003,PRD00595,388,0,162,0,226,0,82381.52
INV00036942,2025-11-16,STR003,PRD01112,103,0,22,0,81,0,126213.39
INV00036943,2025-11-16,STR003,PRD01060,268,0,96,0,172,0,34116.2
INV00036944,2025-11-16,STR003,PRD00127,11,0,8,0,3,0,31701.24
INV00036945,2025-11-16,STR003,PRD00598,49,344,9,0,384,0,47036.16
INV00036946,2025-11-16,STR003,PRD00474,50,191,6,0,235,0,21001.95
INV00036947,2025-11-16,STR003,PRD00204,89,0,33,0,56,0,144486.16
INV00036948,2025-11-16,STR003,PRD00872,48,358,8,0,398,0,132780.76
INV00036949,2025-11-16,STR003,PRD00093,32,43,5,3,73,0,708397.11
INV00036950,2025-11-16,STR003,PRD00286,237,0,98,0,139,0,35214.26
INV00036951,2025-11-16,STR003,PRD00219,77,0,23,2,56,0,55939.52
INV00036952,2025-11-16,STR003,PRD00927,71,0,31,0,40,0,23383.2
INV00036953,2025-11-16,STR003,PRD00719,42,0,15,0,27,0,74498.67
INV00036954,2025-11-16,STR003,PRD00055,29,71,12,0,88,0,1076507.52
INV00036955,2025-11-16,STR003,PRD00812,88,0,14,0,74,0,134924.2
INV00036956,2025-11-16,STR003,PRD00512,196,0,65,0,131,0,15169.8
INV00036957,2025-11-16,STR003,PRD00265,65,0,37,0,27,1,78841.62
INV00036958,2025-11-16,STR003,PRD00584,395,359,116,0,638,0,90819.3
INV00036959,2025-11-16,STR003,PRD00451,113,0,47,0,66,0,33345.18
INV00036960,2025-11-16,STR003,PRD01037,313,0,65,0,248,0,57583.12
INV00036961,2025-11-16,STR004,PRD00731,137,0,80,0,56,1,88594.8
INV00036962,2025-11-16,STR004,PRD00104,21,0,6,0,15,0,-9999.0
INV00036963,2025-11-16,STR004,PRD00709,482,0,149,0,333,0,50965.65
INV00036964,2025-11-16,STR004,PRD00109,37,0,12,0,25,0,232912.5
INV00036965,2025-11-16,STR004,PRD00563,324,0,184,0,140,0,60698.4
INV00036966,2025-11-16,STR004,PRD00607,314,0,38,0,276,0,50052.6
INV00036967,2025-11-16,STR004,PRD00593,83,270,33,0,320,0,123468.8
INV00036968,2025-11-16,STR004,PRD00240,29,62,11,0,80,0,591258.4
INV00036969,2025-11-16,STR004,PRD00453,72,178,33,0,217,0,205362.29
INV00036970,2025-11-16,STR004,PRD00020,47,173,18,0,202,0,393554.58
INV00036971,2025-11-16,STR004,PRD01200,133,0,9,0,124,0,107359.2
INV00036972,2025-11-16,STR004,PRD01080,58,0,26,0,32,0,24695.36
INV00036973,2025-11-16,STR004,PRD00771,63,0,15,0,48,0,68934.24
INV00036974,2025-11-16,STR004,PRD00367,370,372,81,0,661,0,163121.58
INV00036975,2025-11-16,STR004,PRD00193,9,32,6,0,35,0,146701.8
INV00036976,2025-11-16,STR004,PRD00511,83,0,47,0,36,0,20130.48
INV00036977,2025-11-16,STR004,PRD00938,278,0,100,0,178,0,58264.74
INV00036978,2025-11-16,STR004,PRD00833,151,0,58,0,93,0,91132.56
INV00036979,2025-11-16,STR004,PRD00268,32,81,16,0,97,0,50465.22
INV00036980,2025-11-16,STR004,PRD00570,140,0,33,0,107,0,28736.99
INV00036981,2025-11-16,STR005,PRD00139,135,0,68,0,67,0,121428.12
INV00036982,2025-11-16,STR005,PRD01100,49,0,19,0,30,0,122426.1
INV00036983,2025-11-16,STR005,PRD00557,44,327,24,0,347,0,46647.21
INV00036984,2025-11-16,STR005,PRD00146,51,48,28,0,71,0,295069.61
INV00036985,2025-11-16,STR005,PRD00735,26,178,8,0,196,0,316790.88
INV00036986,2025-11-16,STR005,PRD00766,50,0,9,0,41,0,56087.59
INV00036987,2025-11-16,STR005,PRD00953,181,0,83,2,100,0,5797.0
INV00036988,2025-11-16,STR005,PRD00287,122,0,12,0,110,0,30177.4
INV00036989,2025-11-16,STR005,PRD01116,145,0,21,1,125,0,49540.0
INV00036990,2025-11-16,STR005,PRD00777,35,77,20,0,92,0,178643.76
INV00036991,2025-11-16,STR005,PRD00878,115,93,69,0,139,0,110721.84
INV00036992,2025-11-16,STR005,PRD00853,130,160,53,0,237,0,442749.18
INV00036993,2025-11-16,STR005,PRD00917,40,161,21,0,180,0,176549.4
INV00036994,2025-11-16,STR005,PRD01102,304,0,154,0,150,0,53004.0
INV00036995,2025-11-16,STR005,PRD00586,60,224,15,0,269,0,118362.69
INV00036996,2025-11-16,STR005,PRD00672,65,26,36,0,55,0,165761.2
INV00036997,2025-11-16,STR005,PRD01047,98,0,37,0,60,1,29002.8
INV00036998,2025-11-16,STR005,PRD01024,309,279,40,0,548,0,50470.8
INV00036999,2025-11-16,STR005,PRD00360,331,249,191,2,391,0,93535.02
INV00037000,2025-11-16,STR005,PRD00776,127,0,30,0,97,0,66421.72
INV00037001,2025-11-16,STR006,PRD00793,77,0,11,0,66,0,92757.06
INV00037002,2025-11-16,STR006,PRD01193,24,156,5,0,175,0,181109.25
INV00037003,2025-11-16,STR006,PRD00522,130,0,25,0,105,0,91962.15
INV00037004,2025-11-16,STR006,PRD00380,128,0,26,0,102,0,21471.0
INV00037005,2025-11-16,STR006,PRD01102,70,345,30,0,385,0,136043.6
INV00037006,2025-11-16,STR006,PRD00859,69,152,13,0,208,0,376511.2
INV00037007,2025-11-16,STR006,PRD01083,35,0,5,0,30,0,117651.6
INV00037008,2025-11-16,STR006,PRD00701,17,0,7,0,10,0,30632.6
INV00037009,2025-11-16,STR006,PRD00595,395,0,45,0,350,0,127582.0
INV00037010,2025-11-16,STR006,PRD00583,91,0,33,0,58,0,25380.22
INV00037011,2025-11-16,STR006,PRD00743,134,0,73,0,61,0,69025.16
INV00037012,2025-11-16,STR006,PRD00957,76,260,44,0,292,0,27608.6
INV00037013,2025-11-16,STR006,PRD00298,43,137,18,0,162,0,107911.44
INV00037014,2025-11-16,STR006,PRD00746,136,0,16,0,120,0,183121.2
INV00037015,2025-11-16,STR006,PRD00393,246,0,30,0,216,0,74342.88
INV00037016,2025-11-16,STR006,PRD01053,154,238,69,0,323,0,101027.94
INV00037017,2025-11-16,STR006,PRD00831,156,0,34,2,124,0,247153.08
INV00037018,2025-11-16,STR006,PRD00670,138,0,59,0,79,0,151278.68
INV00037019,2025-11-16,STR006,PRD00244,84,0,49,0,35,0,201842.55
INV00037020,2025-11-16,STR006,PRD01134,61,153,34,0,178,2,521418.96
INV00037021,2025-11-16,STR007,PRD00797,96,0,38,0,58,0,23861.78
INV00037022,2025-11-16,STR007,PRD00509,43,0,25,0,18,0,12137.94
INV00037023,2025-11-16,STR007,PRD00124,84,48,15,0,117,0,833455.35
INV00037024,2025-11-16,STR007,PRD00362,74,0,33,0,41,0,21832.91
INV00037025,2025-11-16,STR007,PRD01118,40,0,17,0,23,0,77535.3
INV00037026,2025-11-16,STR007,PRD00613,283,159,42,0,400,0,71444.0
INV00037027,2025-11-16,STR007,PRD00833,88,0,47,0,41,0,40176.72
INV00037028,2025-11-16,STR007,PRD00796,83,216,7,0,290,2,95671.0
INV00037029,2025-11-16,STR007,PRD00449,183,0,17,0,166,0,33057.24
INV00037030,2025-11-16,STR007,PRD00753,94,0,34,0,59,1,154681.48
INV00037031,2025-11-16,STR007,PRD00675,48,0,16,0,32,0,24269.76
INV00037032,2025-11-16,STR007,PRD00968,328,0,70,0,258,0,40960.08
INV00037033,2025-11-16,STR007,PRD00301,206,0,113,0,93,0,12115.11
INV00037034,2025-11-16,STR007,PRD00487,229,0,37,1,193,0,15216.12
INV00037035,2025-11-16,STR007,PRD00220,51,0,22,1,30,0,136843.2
INV00037036,2025-11-16,STR007,PRD00156,84,0,35,0,49,0,60365.55
INV00037037,2025-11-16,STR007,PRD00103,59,79,33,0,105,0,308852.25
INV00037038,2025-11-16,STR007,PRD00216,11,66,6,0,71,0,513101.38
INV00037039,2025-11-16,STR007,PRD00929,79,0,26,0,53,0,107920.72
INV00037040,2025-11-16,STR007,PRD01111,110,0,54,0,56,0,53509.12
INV00037041,2025-11-16,STR008,PRD00100,61,30,35,2,58,0,566941.88
INV00037042,2025-11-16,STR008,PRD00082,54,39,32,0,61,0,399698.84
INV00037043,2025-11-16,STR008,PRD00579,68,227,14,1,282,0,82391.94
INV00037044,2025-11-16,STR008,PRD00998,354,0,31,0,322,1,144864.58
INV00037045,2025-11-16,STR008,PRD00144,18,0,7,0,11,0,54604.77
INV00037046,2025-11-16,STR008,PRD01124,102,0,37,0,65,0,141553.75
INV00037047,2025-11-16,STR008,PRD01114,85,73,29,0,129,0,460960.86
INV00037048,2025-11-16,STR008,PRD00831,177,0,18,2,161,0,320900.37
INV00037049,2025-11-16,STR008,PRD00919,155,0,87,0,68,0,151781.44
INV00037050,2025-11-16,STR008,PRD01039,405,266,17,0,654,0,257636.76
INV00037051,2025-11-16,STR008,PRD01050,471,195,37,0,629,0,207029.06
INV00037052,2025-11-16,STR008,PRD00462,253,0,127,0,125,1,25657.5
INV00037053,2025-11-16,STR008,PRD00220,22,35,13,0,44,0,200703.36
INV00037054,2025-11-16,STR008,PRD00531,355,297,197,0,455,0,82901.0
INV00037055,2025-11-16,STR008,PRD01083,45,0,7,0,38,0,149025.36
INV00037056,2025-11-16,STR008,PRD00863,129,0,24,0,-18,0,78231.3
INV00037057,2025-11-16,STR008,PRD00027,51,0,25,0,26,0,413052.64
INV00037058,2025-11-16,STR008,PRD00199,137,154,28,0,263,0,351183.9
INV00037059,2025-11-16,STR008,PRD00046,56,0,26,0,30,0,251922.0
INV00037060,2025-11-16,STR008,PRD01113,37,152,22,0,167,0,336658.64
INV00037061,2025-11-16,STR009,PRD00602,190,339,102,0,427,0,88508.56
INV00037062,2025-11-16,STR009,PRD00746,40,177,11,0,206,0,314358.06
INV00037063,2025-11-16,STR009,PRD00601,89,176,23,0,242,0,7458.44
INV00037064,2025-11-16,STR009,PRD00612,101,0,60,0,41,0,8709.63
INV00037065,2025-11-16,STR009,PRD00350,36,103,8,0,131,0,96366.22
INV00037066,2025-11-16,STR009,PRD00164,66,0,14,0,52,0,245887.72
INV00037067,2025-11-16,STR009,PRD00594,342,380,100,0,620,2,50424.6
INV00037068,2025-11-16,STR009,PRD00399,110,0,47,0,63,0,40769.19
INV00037069,2025-11-16,STR009,PRD01147,43,49,16,0,76,0,293609.28
INV00037070,2025-11-16,STR009,PRD00137,70,35,37,3,71,0,456064.24
INV00037071,2025-11-16,STR009,PRD01078,81,0,23,0,58,0,76321.62
INV00037072,2025-11-16,STR009,PRD01178,16,32,9,0,39,0,137144.67
INV00037073,2025-11-16,STR009,PRD00482,116,272,68,0,320,0,110118.4
INV00037074,2025-11-16,STR009,PRD00547,146,0,12,1,134,1,10220.18
INV00037075,2025-11-16,STR009,PRD00264,64,0,36,0,28,0,88817.12
INV00037076,2025-11-16,STR009,PRD00783,56,0,8,0,48,0,69276.0
INV00037077,2025-11-16,STR009,PRD00220,17,35,8,0,44,0,200703.36
INV00037078,2025-11-16,STR009,PRD00094,22,0,5,0,17,0,210941.78
INV00037079,2025-11-16,STR009,PRD01046,32,168,19,0,181,0,95258.49
INV00037080,2025-11-16,STR009,PRD00796,278,216,101,0,393,0,129650.7
INV00037081,2025-11-16,STR010,PRD00991,126,0,50,0,76,0,39104.28
INV00037082,2025-11-16,STR010,PRD00194,43,0,7,0,36,0,149049.36
INV00037083,2025-11-16,STR010,PRD00717,342,0,97,0,245,0,64246.35
INV00037084,2025-11-16,STR010,PRD00094,47,0,6,3,44,0,545966.96
INV00037085,2025-11-16,STR010,PRD00846,171,0,61,0,110,0,121245.3
INV00037086,2025-11-16,STR010,PRD00784,38,139,11,0,166,0,216138.64
INV00037087,2025-11-16,STR010,PRD00772,34,0,6,0,28,0,18465.72
INV00037088,2025-11-16,STR010,PRD01171,104,0,36,0,68,0,178424.52
INV00037089,2025-11-16,STR010,PRD00543,56,195,23,1,229,0,97377.67
INV00037090,2025-11-16,STR010,PRD00391,208,0,14,0,194,0,67397.54
INV00037091,2025-11-16,STR010,PRD00447,152,0,85,0,67,0,23829.22
INV00037092,2025-11-16,STR010,PRD01070,85,0,32,0,53,0,136568.81
INV00037093,2025-11-16,STR010,PRD00870,39,167,7,0,198,1,320498.64
INV00037094,2025-11-16,STR010,PRD00479,284,0,130,0,154,0,39363.94
INV00037095,2025-11-16,STR010,PRD01164,86,0,36,1,51,0,56544.21
INV00037096,2025-11-16,STR010,PRD00682,111,0,45,0,66,0,161520.48
INV00037097,2025-11-16,STR010,PRD00218,54,0,7,0,47,0,237397.94
INV00037098,2025-11-16,STR010,PRD00953,266,0,141,2,127,0,7362.19
INV00037099,2025-11-16,STR010,PRD00055,83,0,45,0,38,0,464855.52
INV00037100,2025-11-16,STR010,PRD01111,64,0,25,1,40,0,38220.8
INV00037101,2025-11-16,STR011,PRD00148,53,0,5,0,47,1,220631.16
INV00037102,2025-11-16,STR011,PRD00809,80,0,21,0,59,0,52848.66
INV00037103,2025-11-16,STR011,PRD00746,124,0,31,0,93,0,141918.93
INV00037104,2025-11-16,STR011,PRD00761,486,375,118,0,743,0,200023.03
INV00037105,2025-11-16,STR011,PRD00766,62,0,30,0,31,1,42407.69
INV00037106,2025-11-16,STR011,PRD01095,108,109,35,0,182,0,477016.54
INV00037107,2025-11-16,STR011,PRD00935,73,0,32,0,41,0,24030.1
INV00037108,2025-11-16,STR011,PRD00713,59,0,27,2,34,0,99883.84
INV00037109,2025-11-16,STR011,PRD00508,402,0,136,3,269,0,29571.17
INV00037110,2025-11-16,STR011,PRD00266,11,52,8,0,55,0,444723.95
INV00037111,2025-11-16,STR011,PRD00414,256,245,93,0,408,0,173530.56
INV00037112,2025-11-16,STR011,PRD00498,79,0,28,0,51,0,7045.65
INV00037113,2025-11-16,STR011,PRD00060,87,0,7,1,81,0,853053.93
INV00037114,2025-11-16,STR011,PRD00627,272,0,129,0,143,0,57730.53
INV00037115,2025-11-16,STR011,PRD00777,39,0,23,0,16,0,31068.48
INV00037116,2025-11-16,STR011,PRD00784,81,139,40,1,181,0,235669.24
INV00037117,2025-11-16,STR011,PRD01012,94,0,15,1,80,0,46606.4
INV00037118,2025-11-16,STR011,PRD00849,281,0,98,1,183,1,38755.74
INV00037119,2025-11-16,STR011,PRD01067,74,0,24,0,49,1,27677.16
INV00037120,2025-11-16,STR011,PRD00959,86,0,26,0,60,0,24161.4
INV00037121,2025-11-16,STR012,PRD00766,36,0,7,0,28,1,38303.72
INV00037122,2025-11-16,STR012,PRD00459,61,152,33,0,180,0,132301.8
INV00037123,2025-11-16,STR012,PRD00395,112,0,15,0,97,0,36208.16
INV00037124,2025-11-16,STR012,PRD00809,121,0,15,0,105,1,94052.7
INV00037125,2025-11-16,STR012,PRD01143,74,0,44,0,30,0,94719.6
INV00037126,2025-11-16,STR012,PRD00397,23,108,9,0,122,0,88573.22
INV00037127,2025-11-16,STR012,PRD00334,356,0,92,1,265,0,106201.4
INV00037128,2025-11-16,STR012,PRD00612,167,213,27,1,354,0,75200.22
INV00037129,2025-11-16,STR012,PRD00017,61,62,14,0,109,0,491042.82
INV00037130,2025-11-16,STR012,PRD00400,49,0,12,2,39,0,21507.72
INV00037131,2025-11-16,STR012,PRD00804,59,0,14,0,45,0,25415.1
INV00037132,2025-11-16,STR012,PRD00636,64,216,22,0,258,0,116729.52
INV00037133,2025-11-16,STR012,PRD01039,462,0,272,0,190,0,74848.6
INV00037134,2025-11-16,STR012,PRD00996,213,0,34,0,178,1,58631.42
INV00037135,2025-11-16,STR012,PRD00538,239,0,113,0,126,0,5264.28
INV00037136,2025-11-16,STR012,PRD00435,135,0,47,0,88,0,51406.96
INV00037137,2025-11-16,STR012,PRD00825,40,0,23,0,17,0,23842.33
INV00037138,2025-11-16,STR012,PRD00050,57,0,14,0,43,0,691269.29
INV00037139,2025-11-16,STR012,PRD00150,68,0,15,0,53,0,47565.38
INV00037140,2025-11-16,STR012,PRD00508,373,0,93,0,280,0,30780.4
INV00037141,2025-11-16,STR013,PRD00430,51,395,16,0,430,0,46741.0
INV00037142,2025-11-16,STR013,PRD01154,98,0,52,1,46,1,28127.16
INV00037143,2025-11-16,STR013,PRD00236,39,0,8,1,32,0,127672.96
INV00037144,2025-11-16,STR013,PRD00341,67,0,7,0,59,1,35728.04
INV00037145,2025-11-16,STR013,PRD01199,19,0,5,0,14,0,47553.1
INV00037146,2025-11-16,STR013,PRD00541,106,301,46,0,361,0,146410.77
INV00037147,2025-11-16,STR013,PRD00741,112,0,27,0,85,0,172455.65
INV00037148,2025-11-16,STR013,PRD00116,34,0,12,0,22,0,329011.98
INV00037149,2025-11-16,STR013,PRD00980,125,163,37,0,251,0,90927.26
INV00037150,2025-11-16,STR013,PRD01156,25,108,14,0,119,0,269864.63
INV00037151,2025-11-16,STR013,PRD00392,275,0,148,0,127,0,30769.56
INV00037152,2025-11-16,STR013,PRD00425,192,0,33,0,159,0,110904.09
INV00037153,2025-11-16,STR013,PRD00934,74,0,41,0,33,0,59765.31
INV00037154,2025-11-16,STR013,PRD00619,341,0,183,0,156,2,21735.48
INV00037155,2025-11-16,STR013,PRD00759,87,0,8,0,79,0,208921.82
INV00037156,2025-11-16,STR013,PRD00799,49,0,29,0,20,0,49171.6
INV00037157,2025-11-16,STR013,PRD00365,194,0,30,3,167,0,74931.23
INV00037158,2025-11-16,STR013,PRD00152,52,48,15,0,85,0,460854.7
INV00037159,2025-11-16,STR013,PRD01134,87,153,18,0,222,0,650309.04
INV00037160,2025-11-16,STR013,PRD00137,27,0,7,0,20,0,128468.8
INV00037161,2025-11-16,STR014,PRD00161,48,0,7,0,41,0,287626.48
INV00037162,2025-11-16,STR014,PRD00213,36,75,21,0,89,1,498142.79
INV00037163,2025-11-16,STR014,PRD00242,100,0,51,0,49,0,125325.34
INV00037164,2025-11-16,STR014,PRD00666,99,0,43,0,56,0,9111.76
INV00037165,2025-11-16,STR014,PRD00536,267,397,27,0,607,0,172595.15
INV00037166,2025-11-16,STR014,PRD00777,82,0,42,0,40,0,77671.2
INV00037167,2025-11-16,STR014,PRD00769,18,161,6,0,173,0,214895.41
INV00037168,2025-11-16,STR014,PRD00071,25,47,6,0,66,0,633971.58
INV00037169,2025-11-16,STR014,PRD00967,366,235,148,0,453,0,12928.62
INV00037170,2025-11-16,STR014,PRD01031,35,133,15,0,153,0,80075.61
INV00037171,2025-11-16,STR014,PRD00172,67,0,13,0,53,1,278424.9
INV00037172,2025-11-16,STR014,PRD01200,20,171,6,0,185,0,160173.0
INV00037173,2025-11-16,STR014,PRD00863,43,80,6,0,116,1,86426.96
INV00037174,2025-11-16,STR014,PRD00234,105,0,62,0,43,0,102083.72
INV00037175,2025-11-16,STR014,PRD00160,93,58,26,1,126,0,605869.74
INV00037176,2025-11-16,STR014,PRD00044,50,0,29,0,21,0,44394.63
INV00037177,2025-11-16,STR014,PRD00150,87,0,13,0,74,0,66412.04
INV00037178,2025-11-16,STR014,PRD01176,38,31,15,0,53,1,186524.49
INV00037179,2025-11-16,STR014,PRD00745,50,0,22,0,28,0,51217.04
INV00037180,2025-11-16,STR014,PRD00181,25,30,6,0,49,0,158728.64
INV00037181,2025-11-16,STR015,PRD00632,424,0,230,1,195,0,83861.7
INV00037182,2025-11-16,STR015,PRD01180,36,0,10,0,26,0,110339.06
INV00037183,2025-11-16,STR015,PRD00515,67,0,25,0,42,0,19874.82
INV00037184,2025-11-16,STR015,PRD00072,16,0,7,0,9,0,28121.31
INV00037185,2025-11-16,STR015,PRD01132,76,0,19,0,57,0,221793.84
INV00037186,2025-11-16,STR015,PRD00232,32,0,17,0,15,0,72650.55
INV00037187,2025-11-16,STR015,PRD00250,192,136,46,0,282,0,771853.74
INV00037188,2025-11-16,STR015,PRD01065,390,0,161,0,228,1,109066.08
INV00037189,2025-11-16,STR015,PRD00025,63,0,11,1,53,0,85703.65
INV00037190,2025-11-16,STR015,PRD01069,66,0,23,0,43,0,46605.55
INV00037191,2025-11-16,STR015,PRD00449,333,0,151,0,182,0,36243.48
INV00037192,2025-11-16,STR015,PRD00480,394,204,64,0,533,1,45928.61
INV00037193,2025-11-16,STR015,PRD00805,36,159,15,0,180,0,389485.8
INV00037194,2025-11-16,STR015,PRD00288,333,0,189,0,144,0,63267.84
INV00037195,2025-11-16,STR015,PRD01173,314,0,80,2,236,0,116989.92
INV00037196,2025-11-16,STR015,PRD00111,56,0,33,0,23,0,291961.54
INV00037197,2025-11-16,STR015,PRD00309,87,0,52,0,35,0,22300.25
INV00037198,2025-11-16,STR015,PRD00379,173,0,61,0,112,0,51593.92
INV00037199,2025-11-16,STR015,PRD00340,178,0,33,1,146,0,81187.68
INV00037200,2025-11-16,STR015,PRD00658,159,0,21,0,137,1,31192.16
INV00037201,2025-11-16,STR016,PRD01098,93,0,26,0,67,0,75231.62
INV00037202,2025-11-16,STR016,PRD00152,57,0,30,0,27,0,146389.14
INV00037203,2025-11-16,STR016,PRD00498,94,0,56,0,38,0,5249.7
INV00037204,2025-11-16,STR016,PRD00781,72,0,27,1,46,0,95258.64
INV00037205,2025-11-16,STR016,PRD00658,247,0,30,0,217,0,49406.56
INV00037206,2025-11-16,STR016,PRD00727,118,0,14,2,76,0,46881.68
INV00037207,2025-11-16,STR016,PRD00810,139,400,63,0,476,0,124283.6
INV00037208,2025-11-16,STR016,PRD01046,19,168,11,0,176,0,92627.04
INV00037209,2025-11-16,STR016,PRD00454,308,0,62,1,247,0,45028.1
INV00037210,2025-11-16,STR016,PRD00899,27,0,13,0,14,0,20422.64
INV00037211,2025-11-16,STR016,PRD00746,155,177,80,0,252,0,384554.52
INV00037212,2025-11-16,STR016,PRD00828,76,395,21,1,451,0,199793.0
INV00037213,2025-11-16,STR016,PRD00324,107,0,17,0,89,1,63626.99
INV00037214,2025-11-16,STR016,PRD01036,163,371,37,0,497,0,62209.49
INV00037215,2025-11-16,STR016,PRD00106,125,102,36,0,191,0,475085.76
INV00037216,2025-11-16,STR016,PRD00379,277,0,115,0,162,0,74626.92
INV00037217,2025-11-16,STR016,PRD00306,24,111,9,0,126,0,97264.44
INV00037218,2025-11-16,STR016,PRD01193,84,0,17,0,67,0,69338.97
INV00037219,2025-11-16,STR016,PRD00950,273,0,44,0,227,2,28899.37
INV00037220,2025-11-16,STR016,PRD01093,83,0,19,0,64,0,184769.28
INV00037221,2025-11-16,STR017,PRD00127,29,0,12,0,16,1,169073.28
INV00037222,2025-11-16,STR017,PRD00539,157,0,32,0,125,0,5966.25
INV00037223,2025-11-16,STR017,PRD00506,61,0,26,0,34,1,19689.4
INV00037224,2025-11-16,STR017,PRD00868,85,0,23,0,62,0,56557.02
INV00037225,2025-11-16,STR017,PRD00230,63,35,14,1,85,0,666049.8
INV00037226,2025-11-16,STR017,PRD00729,91,0,8,2,85,0,217406.2
INV00037227,2025-11-16,STR017,PRD01057,163,235,66,0,332,0,11055.6
INV00037228,2025-11-16,STR017,PRD00767,28,166,16,0,178,0,277170.92
INV00037229,2025-11-16,STR017,PRD00384,68,0,16,0,52,0,26709.28
INV00037230,2025-11-16,STR017,PRD00204,21,174,9,0,186,0,479900.46
INV00037231,2025-11-16,STR017,PRD00181,8,30,8,0,30,0,97180.8
INV00037232,2025-11-16,STR017,PRD00023,30,0,6,0,24,0,106279.68
INV00037233,2025-11-16,STR017,PRD00439,262,375,142,0,495,0,47326.95
INV00037234,2025-11-16,STR017,PRD00845,106,0,31,0,74,1,112732.34
INV00037235,2025-11-16,STR017,PRD00318,243,0,84,0,159,0,18884.43
INV00037236,2025-11-16,STR017,PRD00730,91,0,26,0,65,0,167760.45
INV00037237,2025-11-16,STR017,PRD00486,172,0,99,0,73,0,9019.15
INV00037238,2025-11-16,STR017,PRD00747,78,0,21,0,57,0,54729.12
INV00037239,2025-11-16,STR017,PRD00291,103,338,12,0,429,0,120017.04
INV00037240,2025-11-16,STR017,PRD00061,59,0,22,0,37,0,196464.82
INV00037241,2025-11-16,STR018,PRD00708,143,0,55,0,88,0,165717.2
INV00037242,2025-11-16,STR018,PRD01108,40,0,8,0,31,1,70974.5
INV00037243,2025-11-16,STR018,PRD00669,76,0,32,0,44,0,83017.44
INV00037244,2025-11-16,STR018,PRD00364,165,0,96,0,69,0,13502.61
INV00037245,2025-11-16,STR018,PRD00299,76,0,41,0,35,0,28815.5
INV00037246,2025-11-16,STR018,PRD00954,76,0,7,0,69,0,42432.24
INV00037247,2025-11-16,STR018,PRD01077,13,59,7,0,65,0,227070.35
INV00037248,2025-11-16,STR018,PRD00106,51,102,8,0,145,0,360667.2
INV00037249,2025-11-16,STR018,PRD00460,162,152,47,1,268,0,178962.36
INV00037250,2025-11-16,STR018,PRD01171,199,0,16,0,183,0,480171.87
INV00037251,2025-11-16,STR018,PRD00741,96,0,30,0,66,0,133906.74
INV00037252,2025-11-16,STR018,PRD00449,384,0,198,0,185,1,36840.9
INV00037253,2025-11-16,STR018,PRD00151,19,28,7,0,40,0,149346.0
INV00037254,2025-11-16,STR018,PRD00612,193,0,40,0,153,0,32501.79
INV00037255,2025-11-16,STR018,PRD00724,56,0,32,0,24,0,38265.84
INV00037256,2025-11-16,STR018,PRD00327,83,110,46,0,147,0,122630.34
INV00037257,2025-11-16,STR018,PRD01127,151,0,43,0,108,0,34494.12
INV00037258,2025-11-16,STR018,PRD00827,119,140,39,0,220,0,483249.8
INV00037259,2025-11-16,STR018,PRD00004,31,50,8,0,73,0,1076146.29
INV00037260,2025-11-16,STR018,PRD00868,75,116,45,1,147,0,134094.87
INV00037261,2025-11-16,STR019,PRD00833,166,0,61,0,105,0,102891.6
INV00037262,2025-11-16,STR019,PRD00709,153,224,88,0,289,0,44231.45
INV00037263,2025-11-16,STR019,PRD00519,23,101,13,0,111,0,71361.9
INV00037264,2025-11-16,STR019,PRD01181,32,77,8,0,101,0,129565.83
INV00037265,2025-11-16,STR019,PRD00826,162,0,8,0,154,0,18510.8
INV00037266,2025-11-16,STR019,PRD01078,115,0,29,0,86,0,113166.54
INV00037267,2025-11-16,STR019,PRD00923,134,0,45,0,89,0,201347.37
INV00037268,2025-11-16,STR019,PRD00761,80,375,24,0,431,0,116029.51
INV00037269,2025-11-16,STR019,PRD01150,44,169,13,0,200,0,474408.0
INV00037270,2025-11-16,STR019,PRD00597,60,243,16,0,285,2,126488.7
INV00037271,2025-11-16,STR019,PRD00787,145,0,66,0,79,0,14942.06
INV00037272,2025-11-16,STR019,PRD00944,329,0,188,0,141,0,18022.62
INV00037273,2025-11-16,STR019,PRD01124,144,0,38,0,106,0,230841.5
INV00037274,2025-11-16,STR019,PRD00876,31,100,13,0,118,0,212208.84
INV00037275,2025-11-16,STR019,PRD00465,145,0,60,0,85,0,37638.0
INV00037276,2025-11-16,STR019,PRD00541,200,0,84,0,116,0,47046.12
INV00037277,2025-11-16,STR019,PRD00616,188,0,56,0,132,0,41465.16
INV00037278,2025-11-16,STR019,PRD00169,69,0,22,0,47,0,264547.49
INV00037279,2025-11-16,STR019,PRD00813,53,0,14,0,39,0,78366.99
INV00037280,2025-11-16,STR019,PRD00269,301,0,113,0,188,0,18766.16
INV00037281,2025-11-16,STR020,PRD00574,164,0,7,0,157,0,53153.92
INV00037282,2025-11-16,STR020,PRD00757,75,0,34,0,41,0,42552.67
INV00037283,2025-11-16,STR020,PRD00374,102,0,9,0,93,0,68664.69
INV00037284,2025-11-16,STR020,PRD00997,91,0,5,0,86,0,53723.34
INV00037285,2025-11-16,STR020,PRD00281,127,0,73,0,54,0,21250.08
INV00037286,2025-11-16,STR020,PRD00251,101,0,56,0,43,2,314160.58
INV00037287,2025-11-16,STR020,PRD00675,76,0,30,0,45,1,34129.35
INV00037288,2025-11-16,STR020,PRD00026,55,0,24,0,31,0,94457.31
INV00037289,2025-11-16,STR020,PRD00949,23,89,8,0,104,0,58952.4
INV00037290,2025-11-16,STR020,PRD00993,413,0,11,0,402,0,34941.84
INV00037291,2025-11-16,STR020,PRD00641,271,352,122,0,501,0,166893.12
INV00037292,2025-11-16,STR020,PRD00065,89,0,21,0,68,0,554399.24
INV00037293,2025-11-16,STR020,PRD01194,70,0,27,0,43,0,167062.74
INV00037294,2025-11-16,STR020,PRD00366,52,164,16,0,200,0,94946.0
INV00037295,2025-11-16,STR020,PRD00144,50,0,12,0,38,0,188634.66
INV00037296,2025-11-16,STR020,PRD00046,42,0,16,0,26,0,218332.4
INV00037297,2025-11-16,STR020,PRD00877,179,0,74,0,105,0,127250.55
INV00037298,2025-11-16,STR020,PRD00735,155,178,71,0,262,0,423465.36
INV00037299,2025-11-16,STR020,PRD00606,98,342,9,1,432,0,133302.24
INV00037300,2025-11-16,STR020,PRD00698,133,175,63,0,244,1,267079.96
INV00037301,2025-11-16,STR021,PRD00909,150,0,40,0,109,1,94773.32
INV00037302,2025-11-16,STR021,PRD01059,118,0,8,0,110,0,40519.6
INV00037303,2025-11-16,STR021,PRD00954,52,0,16,0,36,0,22138.56
INV00037304,2025-11-16,STR021,PRD00495,348,269,182,0,435,0,71457.45
INV00037305,2025-11-16,STR021,PRD00826,133,0,21,0,112,0,13462.4
INV00037306,2025-11-16,STR021,PRD00558,378,0,186,0,192,0,46713.6
INV00037307,2025-11-16,STR021,PRD00751,180,167,56,1,292,0,566585.12
INV00037308,2025-11-16,STR021,PRD01127,133,0,63,0,70,0,22357.3
INV00037309,2025-11-16,STR021,PRD00169,17,33,10,0,40,0,225146.8
INV00037310,2025-11-16,STR021,PRD00556,122,0,9,2,115,0,54162.7
INV00037311,2025-11-16,STR021,PRD00007,67,0,33,0,33,1,510252.6
INV00037312,2025-11-16,STR021,PRD00271,291,0,111,0,180,0,75348.0
INV00037313,2025-11-16,STR021,PRD00093,26,0,6,1,21,0,203785.47
INV00037314,2025-11-16,STR021,PRD00726,90,83,34,2,141,0,211196.85
INV00037315,2025-11-16,STR021,PRD00168,32,0,9,0,22,1,145443.32
INV00037316,2025-11-16,STR021,PRD00839,89,0,17,0,72,0,130677.84
INV00037317,2025-11-16,STR021,PRD01015,125,153,58,0,220,0,119046.4
INV00037318,2025-11-16,STR021,PRD01146,21,121,7,0,135,0,200983.95
INV00037319,2025-11-16,STR021,PRD01141,109,0,62,0,47,0,38100.55
INV00037320,2025-11-16,STR021,PRD01041,95,0,6,0,89,0,47420.09
INV00037321,2025-11-16,STR022,PRD00520,123,209,45,0,287,0,116481.82
INV00037322,2025-11-16,STR022,PRD00410,325,362,44,0,643,0,123944.68
INV00037323,2025-11-16,STR022,PRD00251,64,0,7,0,57,0,416445.42
INV00037324,2025-11-16,STR022,PRD00650,266,0,64,0,202,0,50360.62
INV00037325,2025-11-16,STR022,PRD00452,91,0,36,0,55,0,48380.75
INV00037326,2025-11-16,STR022,PRD00422,324,330,99,0,555,0,92646.15
INV00037327,2025-11-16,STR022,PRD01065,229,0,124,1,106,0,50706.16
INV00037328,2025-11-16,STR022,PRD00409,75,176,11,0,240,0,177146.4
INV00037329,2025-11-16,STR022,PRD00066,34,0,16,0,18,0,104773.68
INV00037330,2025-11-16,STR022,PRD00169,57,33,29,0,61,0,343348.87
INV00037331,2025-11-16,STR022,PRD00343,244,0,92,0,152,0,19822.32
INV00037332,2025-11-16,STR022,PRD01175,86,0,39,0,47,0,73916.9
INV00037333,2025-11-16,STR022,PRD00153,36,66,6,0,96,0,760523.52
INV00037334,2025-11-16,STR022,PRD00544,90,283,18,0,355,0,29372.7
INV00037335,2025-11-16,STR022,PRD00023,7,54,7,0,54,0,239129.28
INV00037336,2025-11-16,STR022,PRD00907,88,103,8,0,183,0,178767.21
INV00037337,2025-11-16,STR022,PRD00702,162,0,39,0,123,0,121602.72
INV00037338,2025-11-16,STR022,PRD00139,34,175,5,0,204,0,369721.44
INV00037339,2025-11-16,STR022,PRD00398,460,0,11,2,451,0,78180.85
INV00037340,2025-11-16,STR022,PRD00704,104,0,5,0,98,1,69299.72
INV00037341,2025-11-16,STR023,PRD00356,30,173,5,0,198,0,145367.64
INV00037342,2025-11-16,STR023,PRD00662,72,154,19,2,209,0,29460.64
INV00037343,2025-11-16,STR023,PRD00753,40,103,13,0,130,0,340823.6
INV00037344,2025-11-16,STR023,PRD00080,72,70,29,0,113,0,1472097.33
INV00037345,2025-11-16,STR023,PRD00510,305,366,27,3,647,0,277834.74
INV00037346,2025-11-16,STR023,PRD00315,473,0,206,0,267,0,75144.48
INV00037347,2025-11-16,STR023,PRD00204,39,0,20,0,19,0,49022.09
INV00037348,2025-11-16,STR023,PRD00807,269,0,156,0,113,0,48535.76
INV00037349,2025-11-16,STR023,PRD00113,21,0,8,1,14,0,166268.06
INV00037350,2025-11-16,STR023,PRD00923,56,111,26,0,141,0,318988.53
INV00037351,2025-11-16,STR023,PRD00324,76,0,37,0,39,0,27881.49
INV00037352,2025-11-16,STR023,PRD00320,75,313,38,0,349,1,52346.51
INV00037353,2025-11-16,STR023,PRD00599,80,0,48,0,32,0,6059.84
INV00037354,2025-11-16,STR023,PRD00098,32,0,6,0,26,0,265356.26
INV00037355,2025-11-16,STR023,PRD00936,79,0,41,0,38,0,23580.14
INV00037356,2025-11-16,STR023,PRD00350,39,0,21,0,18,0,13241.16
INV00037357,2025-11-16,STR023,PRD00022,23,0,6,0,17,0,277735.29
INV00037358,2025-11-16,STR023,PRD00136,21,39,7,0,53,0,298984.13
INV00037359,2025-11-16,STR023,PRD00832,29,121,9,0,141,0,193209.48
INV00037360,2025-11-16,STR023,PRD01200,95,0,12,0,83,0,71861.4
INV00037361,2025-11-16,STR024,PRD00897,21,115,5,0,131,0,310366.51
INV00037362,2025-11-16,STR024,PRD01142,126,0,59,0,67,0,151740.93
INV00037363,2025-11-16,STR024,PRD00368,56,0,13,0,43,0,25280.99
INV00037364,2025-11-16,STR024,PRD00153,19,0,6,0,13,0,102987.56
INV00037365,2025-11-16,STR024,PRD00652,126,0,58,1,69,0,9453.0
INV00037366,2025-11-16,STR024,PRD00865,13,176,6,0,183,0,260579.19
INV00037367,2025-11-16,STR024,PRD00344,104,0,21,3,85,1,36856.0
INV00037368,2025-11-16,STR024,PRD00791,104,0,39,0,64,1,38366.08
INV00037369,2025-11-16,STR024,PRD01107,63,0,13,0,50,0,36756.5
INV00037370,2025-11-16,STR024,PRD01145,28,93,13,0,108,0,224662.68
INV00037371,2025-11-16,STR024,PRD00027,28,0,16,1,13,0,206526.32
INV00037372,2025-11-16,STR024,PRD00839,127,0,27,0,100,0,181497.0
INV00037373,2025-11-16,STR024,PRD00545,177,361,67,0,471,0,118903.95
INV00037374,2025-11-16,STR024,PRD00785,63,0,29,0,34,0,93664.22
INV00037375,2025-11-16,STR024,PRD00764,58,0,15,0,43,0,78952.73
INV00037376,2025-11-16,STR024,PRD00946,26,115,5,0,135,1,70953.3
INV00037377,2025-11-16,STR024,PRD00931,41,0,19,0,22,0,27431.36
INV00037378,2025-11-16,STR024,PRD00162,91,0,16,0,75,0,501453.0
INV00037379,2025-11-16,STR024,PRD00821,130,0,46,0,84,0,132922.44
INV00037380,2025-11-16,STR024,PRD01172,98,0,8,0,90,0,52025.4
INV00037381,2025-11-16,STR025,PRD00040,51,0,11,3,43,0,751941.43
INV00037382,2025-11-16,STR025,PRD00276,88,0,47,0,41,0,11999.47
INV00037383,2025-11-16,STR025,PRD01010,326,183,94,0,415,0,165800.8
INV00037384,2025-11-16,STR025,PRD00181,25,0,12,0,13,0,42111.68
INV00037385,2025-11-16,STR025,PRD00269,238,400,142,0,496,0,49510.72
INV00037386,2025-11-16,STR025,PRD00064,78,0,21,0,57,0,104349.9
INV00037387,2025-11-16,STR025,PRD00766,88,0,12,0,76,0,103967.24
INV00037388,2025-11-16,STR025,PRD00153,18,66,10,0,74,0,586236.88
INV00037389,2025-11-16,STR025,PRD00798,27,0,12,1,15,1,14423.25
INV00037390,2025-11-16,STR025,PRD00579,156,227,51,0,332,0,97000.44
INV00037391,2025-11-16,STR025,PRD00786,180,0,51,0,128,1,196286.72
INV00037392,2025-11-16,STR025,PRD00253,36,0,21,0,15,0,100756.05
INV00037393,2025-11-16,STR025,PRD00033,110,138,8,0,240,0,427987.2
INV00037394,2025-11-16,STR025,PRD00353,56,0,23,0,33,0,17483.73
INV00037395,2025-11-16,STR025,PRD00494,113,0,20,0,91,2,62128.43
INV00037396,2025-11-16,STR025,PRD00761,443,0,113,3,333,0,89646.93
INV00037397,2025-11-16,STR025,PRD01041,128,0,22,0,106,0,56477.86
INV00037398,2025-11-16,STR025,PRD00382,135,0,69,0,66,0,19332.06
INV00037399,2025-11-16,STR025,PRD00510,122,366,7,0,481,0,206551.02
INV00037400,2025-11-16,STR025,PRD01146,128,121,23,0,226,0,336462.02
INV00037401,2025-11-16,STR026,PRD00292,246,241,28,1,460,0,226168.2
INV00037402,2025-11-16,STR026,PRD00808,31,130,16,0,145,0,263025.65
INV00037403,2025-11-16,STR026,PRD00894,81,0,26,0,55,0,88448.8
INV00037404,2025-11-16,STR026,PRD00620,317,0,113,0,204,0,66436.68
INV00037405,2025-11-16,STR026,PRD00465,122,0,49,0,73,0,32324.4
INV00037406,2025-11-16,STR026,PRD00231,21,0,8,0,13,0,87166.17
INV00037407,2025-11-16,STR026,PRD01024,194,0,76,0,118,0,10867.8
INV00037408,2025-11-16,STR026,PRD00103,151,0,34,0,117,0,344149.65
INV00037409,2025-11-16,STR026,PRD00152,79,0,5,0,74,0,401214.68
INV00037410,2025-11-16,STR026,PRD00391,198,0,27,0,171,0,59407.11
INV00037411,2025-11-16,STR026,PRD00373,429,0,96,0,383,0,28484.82
INV00037412,2025-11-16,STR026,PRD00243,87,0,51,0,36,0,49885.56
INV00037413,2025-11-16,STR026,PRD00284,398,0,136,0,262,0,27124.86
INV00037414,2025-11-16,STR026,PRD00225,68,0,36,0,32,0,222465.28
INV00037415,2025-11-16,STR026,PRD00289,46,110,11,0,145,0,88015.0
INV00037416,2025-11-16,STR026,PRD00915,41,277,21,0,297,0,137555.55
INV00037417,2025-11-16,STR026,PRD00882,12,94,7,1,100,0,218793.0
INV00037418,2025-11-16,STR026,PRD00215,27,35,8,0,54,0,352358.1
INV00037419,2025-11-16,STR026,PRD01053,157,0,18,0,139,0,43476.42
INV00037420,2025-11-16,STR026,PRD00472,134,212,64,3,285,0,126796.5
INV00037421,2025-11-16,STR027,PRD00159,37,0,9,2,30,0,110295.6
INV00037422,2025-11-16,STR027,PRD00420,128,0,75,0,53,0,39356.21
INV00037423,2025-11-16,STR027,PRD01048,437,0,170,0,266,1,110440.54
INV00037424,2025-11-16,STR027,PRD01058,358,0,41,0,317,0,45971.34
INV00037425,2025-11-16,STR027,PRD00381,86,86,21,2,153,0,81285.84
INV00037426,2025-11-16,STR027,PRD00714,15,143,6,0,152,0,204897.52
INV00037427,2025-11-16,STR027,PRD00083,37,0,16,0,20,1,129245.4
INV00037428,2025-11-16,STR027,PRD00094,29,0,9,0,20,0,248166.8
INV00037429,2025-11-16,STR027,PRD00897,79,0,20,1,60,0,142152.6
INV00037430,2025-11-16,STR027,PRD00341,85,0,44,0,39,2,23616.84
INV00037431,2025-11-16,STR027,PRD00704,22,114,6,0,130,0,91928.2
INV00037432,2025-11-16,STR027,PRD00386,54,0,24,0,30,0,21623.4
INV00037433,2025-11-16,STR027,PRD00471,149,0,33,0,116,0,57460.6
INV00037434,2025-11-16,STR027,PRD00251,39,0,7,0,32,0,233793.92
INV00037435,2025-11-16,STR027,PRD01074,35,0,6,0,29,0,94805.35
INV00037436,2025-11-16,STR027,PRD00681,66,0,27,0,39,0,105151.02
INV00037437,2025-11-16,STR027,PRD00056,19,0,9,2,12,0,102972.12
INV00037438,2025-11-16,STR027,PRD00302,192,0,35,0,157,0,35339.13
INV00037439,2025-11-16,STR027,PRD01101,136,0,40,0,96,0,256144.32
INV00037440,2025-11-16,STR027,PRD00947,191,0,28,0,163,0,33907.26
INV00037441,2025-11-16,STR028,PRD00921,83,0,10,0,73,0,133877.62
INV00037442,2025-11-16,STR028,PRD00833,84,0,40,0,44,0,43116.48
INV00037443,2025-11-16,STR028,PRD00424,204,279,84,0,399,0,150518.76
INV00037444,2025-11-16,STR028,PRD00443,284,0,46,0,238,0,39760.28
INV00037445,2025-11-16,STR028,PRD00760,22,0,13,0,8,1,25382.48
INV00037446,2025-11-16,STR028,PRD00913,35,96,19,0,112,0,241976.0
INV00037447,2025-11-16,STR028,PRD00241,19,0,11,0,8,0,44671.52
INV00037448,2025-11-16,STR028,PRD00855,84,0,43,0,41,0,62547.55
INV00037449,2025-11-16,STR028,PRD00867,183,219,71,0,331,0,151518.56
INV00037450,2025-11-16,STR028,PRD00310,118,0,67,0,51,0,15490.74
INV00037451,2025-11-16,STR028,PRD00436,70,87,32,0,125,0,63462.5
INV00037452,2025-11-16,STR028,PRD00917,57,0,24,0,33,0,32367.39
INV00037453,2025-11-16,STR028,PRD00637,214,0,113,0,101,0,21573.6
INV00037454,2025-11-16,STR028,PRD00273,31,0,12,0,19,0,14418.53
INV00037455,2025-11-16,STR028,PRD01076,48,0,12,2,38,0,98630.9
INV00037456,2025-11-16,STR028,PRD00447,129,0,36,0,93,0,33076.38
INV00037457,2025-11-16,STR028,PRD00652,229,0,5,0,224,0,30688.0
INV00037458,2025-11-16,STR028,PRD00709,436,0,122,0,314,0,48057.7
INV00037459,2025-11-16,STR028,PRD01024,462,0,94,1,369,0,33984.9
INV00037460,2025-11-16,STR028,PRD00534,50,226,24,0,252,0,20308.68
INV00037461,2025-11-16,STR029,PRD00869,84,0,22,0,61,1,144350.4
INV00037462,2025-11-16,STR029,PRD01044,28,111,15,0,124,0,67515.52
INV00037463,2025-11-16,STR029,PRD00393,362,203,51,0,514,0,176908.52
INV00037464,2025-11-16,STR029,PRD00710,86,0,7,1,80,0,177919.2
INV00037465,2025-11-16,STR029,PRD00199,178,0,90,0,87,1,116171.1
INV00037466,2025-11-16,STR029,PRD00538,319,0,128,2,193,0,8063.54
INV00037467,2025-11-16,STR029,PRD00601,131,176,73,0,232,2,7150.24
INV00037468,2025-11-16,STR029,PRD00730,129,0,48,0,81,0,209055.33
INV00037469,2025-11-16,STR029,PRD00235,23,0,9,2,16,0,106937.92
INV00037470,2025-11-16,STR029,PRD00664,346,0,61,0,284,1,31015.64
INV00037471,2025-11-16,STR029,PRD00761,473,0,132,0,341,0,91800.61
INV00037472,2025-11-16,STR029,PRD00581,128,360,54,2,434,2,86240.14
INV00037473,2025-11-16,STR029,PRD00273,73,0,36,0,37,0,28078.19
INV00037474,2025-11-16,STR029,PRD00378,57,388,20,1,426,0,155720.04
INV00037475,2025-11-16,STR029,PRD00673,63,0,13,0,50,0,84914.5
INV00037476,2025-11-16,STR029,PRD00727,231,0,23,0,208,0,91994.24
INV00037477,2025-11-16,STR029,PRD00659,311,0,12,2,301,0,65870.84
INV00037478,2025-11-16,STR029,PRD00363,63,0,32,1,31,1,21400.85
INV00037479,2025-11-16,STR029,PRD00468,331,171,121,0,381,0,56509.92
INV00037480,2025-11-16,STR029,PRD00748,154,107,24,0,237,0,430245.06
INV00037481,2025-11-16,STR030,PRD00622,165,0,8,0,157,0,62767.03
INV00037482,2025-11-16,STR030,PRD00311,60,0,36,0,23,1,13301.82
INV00037483,2025-11-16,STR030,PRD00973,235,0,112,0,123,0,19299.93
INV00037484,2025-11-16,STR030,PRD00046,20,31,6,3,48,0,403075.2
INV00037485,2025-11-16,STR030,PRD01083,17,71,10,0,78,0,305894.16
INV00037486,2025-11-16,STR030,PRD00133,18,0,10,0,8,0,53446.24
INV00037487,2025-11-16,STR030,PRD00842,91,81,30,0,142,0,135876.96
INV00037488,2025-11-16,STR030,PRD00673,76,0,33,0,43,0,73026.47
INV00037489,2025-11-16,STR030,PRD00874,130,0,11,0,118,1,275232.64
INV00037490,2025-11-16,STR030,PRD00126,77,0,36,0,41,0,251384.12
INV00037491,2025-11-16,STR030,PRD00074,22,28,13,0,37,0,436956.68
INV00037492,2025-11-16,STR030,PRD00387,256,0,11,2,247,0,61330.1
INV00037493,2025-11-16,STR030,PRD00585,209,0,9,2,202,0,58509.3
INV00037494,2025-11-16,STR030,PRD01131,47,0,28,0,19,0,65085.07
INV00037495,2025-11-16,STR030,PRD01016,359,0,160,0,199,0,32118.6
INV00037496,2025-11-16,STR030,PRD01195,48,0,12,0,36,0,122336.28
INV00037497,2025-11-16,STR030,PRD00666,81,0,24,0,57,0,9274.47
INV00037498,2025-11-16,STR030,PRD00125,158,141,76,1,224,0,236608.96
INV00037499,2025-11-16,STR030,PRD00701,26,0,6,0,20,0,61265.2
INV00037500,2025-11-16,STR030,PRD00409,52,0,11,0,41,0,30262.51
INV00037501,2025-11-16,STR031,PRD01065,243,0,21,1,223,0,106674.28
INV00037502,2025-11-16,STR031,PRD00754,166,0,11,0,155,0,34236.4
INV00037503,2025-11-16,STR031,PRD01144,166,0,78,0,88,0,125489.76
INV00037504,2025-11-16,STR031,PRD00256,46,0,25,3,24,0,194569.2
INV00037505,2025-11-16,STR031,PRD00522,47,0,15,1,33,0,28902.39
INV00037506,2025-11-16,STR031,PRD00176,95,0,17,0,78,0,225206.28
INV00037507,2025-11-16,STR031,PRD00200,115,0,57,1,59,0,80442.37
INV00037508,2025-11-16,STR031,PRD00375,292,0,11,0,281,0,102581.86
INV00037509,2025-11-16,STR031,PRD00434,118,0,43,0,75,0,40409.25
INV00037510,2025-11-16,STR031,PRD00919,155,97,5,0,247,0,551323.76
INV00037511,2025-11-16,STR031,PRD00228,62,0,25,0,37,0,110345.47
INV00037512,2025-11-16,STR031,PRD00362,101,0,13,1,89,0,47393.39
INV00037513,2025-11-16,STR031,PRD00646,99,186,39,1,247,0,16250.13
INV00037514,2025-11-16,STR031,PRD00407,90,114,23,0,181,0,96545.4
INV00037515,2025-11-16,STR031,PRD00123,76,0,42,0,34,0,189996.08
INV00037516,2025-11-16,STR031,PRD00593,152,270,27,0,395,0,152406.8
INV00037517,2025-11-16,STR031,PRD00939,113,0,64,0,49,0,11874.66
INV00037518,2025-11-16,STR031,PRD00034,37,161,10,0,188,0,97865.28
INV00037519,2025-11-16,STR031,PRD00812,36,0,21,0,15,0,27349.5
INV00037520,2025-11-16,STR031,PRD01123,73,0,39,0,34,0,64676.84
INV00037521,2025-11-16,STR032,PRD00886,25,121,12,0,134,0,126589.8
INV00037522,2025-11-16,STR032,PRD00272,395,0,148,0,247,0,85145.84
INV00037523,2025-11-16,STR032,PRD00344,199,0,63,0,136,0,58969.6
INV00037524,2025-11-16,STR032,PRD00514,69,0,30,0,39,0,35658.87
INV00037525,2025-11-16,STR032,PRD00427,329,0,170,0,158,1,76513.08
INV00037526,2025-11-16,STR032,PRD01074,70,51,14,0,107,0,349799.05
INV00037527,2025-11-16,STR032,PRD00360,211,249,22,0,438,0,104778.36
INV00037528,2025-11-16,STR032,PRD01167,73,0,8,0,65,0,54317.9
INV00037529,2025-11-16,STR032,PRD00070,36,44,19,0,61,0,673318.61
INV00037530,2025-11-16,STR032,PRD00026,17,46,8,0,55,0,167585.55
INV00037531,2025-11-16,STR032,PRD00085,8,48,6,0,50,0,893779.0
INV00037532,2025-11-16,STR032,PRD01151,40,0,5,0,35,0,118102.6
INV00037533,2025-11-16,STR032,PRD00385,84,323,49,0,358,0,99710.16
INV00037534,2025-11-16,STR032,PRD00324,124,88,72,0,140,0,100087.4
INV00037535,2025-11-16,STR032,PRD00078,38,0,18,0,19,1,123335.84
INV00037536,2025-11-16,STR032,PRD01077,61,0,5,0,56,0,195629.84
INV00037537,2025-11-16,STR032,PRD00968,352,0,145,0,206,1,32704.56
INV00037538,2025-11-16,STR032,PRD00603,127,0,20,0,107,0,14012.72
INV00037539,2025-11-16,STR032,PRD00599,86,0,35,0,51,0,9657.87
INV00037540,2025-11-16,STR032,PRD00810,322,0,82,0,240,0,62664.0
INV00037541,2025-11-16,STR033,PRD00732,57,0,5,1,53,0,140371.03
INV00037542,2025-11-16,STR033,PRD00166,39,112,15,0,136,0,336056.0
INV00037543,2025-11-16,STR033,PRD00682,63,92,24,0,131,0,320593.68
INV00037544,2025-11-16,STR033,PRD00278,92,324,7,0,409,0,119456.63
INV00037545,2025-11-16,STR033,PRD00139,57,175,18,0,214,0,387845.04
INV00037546,2025-11-16,STR033,PRD00275,53,0,28,0,25,0,21197.5
INV00037547,2025-11-16,STR033,PRD00747,16,112,8,0,120,0,115219.2
INV00037548,2025-11-16,STR033,PRD00688,103,0,50,3,56,0,116975.04
INV00037549,2025-11-16,STR033,PRD00233,27,0,10,0,17,0,120782.28
INV00037550,2025-11-16,STR033,PRD00741,65,0,9,0,56,0,113617.84
INV00037551,2025-11-16,STR033,PRD00614,190,231,61,0,360,0,12340.8
INV00037552,2025-11-16,STR033,PRD00715,60,0,27,0,32,1,63488.0
INV00037553,2025-11-16,STR033,PRD00982,213,0,62,0,151,0,8809.34
INV00037554,2025-11-16,STR033,PRD01032,167,0,53,0,114,0,8002.8
INV00037555,2025-11-16,STR033,PRD00609,305,0,121,1,185,0,37375.55
INV00037556,2025-11-16,STR033,PRD01140,23,71,8,1,86,1,285215.56
INV00037557,2025-11-16,STR033,PRD00965,410,0,220,1,191,0,9255.86
INV00037558,2025-11-16,STR033,PRD00261,67,39,8,0,98,0,501613.98
INV00037559,2025-11-16,STR033,PRD00772,88,0,17,0,71,0,46823.79
INV00037560,2025-11-16,STR033,PRD00964,68,0,12,0,56,0,32210.64
INV00037561,2025-11-16,STR034,PRD00866,89,90,28,0,151,0,93977.87
INV00037562,2025-11-16,STR034,PRD00029,22,0,13,0,9,0,145416.87
INV00037563,2025-11-16,STR034,PRD00665,176,0,83,0,93,0,9592.02
INV00037564,2025-11-16,STR034,PRD00336,53,0,25,0,28,0,22991.08
INV00037565,2025-11-16,STR034,PRD01073,57,0,33,3,27,0,65892.15
INV00037566,2025-11-16,STR034,PRD01188,29,83,6,0,105,1,177055.2
INV00037567,2025-11-16,STR034,PRD00536,203,0,45,0,158,0,42810.1
INV00037568,2025-11-16,STR034,PRD00683,145,83,37,0,190,1,112865.7
INV00037569,2025-11-16,STR034,PRD00829,112,108,56,1,165,0,253913.55
INV00037570,2025-11-16,STR034,PRD00547,73,277,8,0,341,1,26008.07
INV00037571,2025-11-16,STR034,PRD00091,55,58,5,0,108,0,1674494.64
INV00037572,2025-11-16,STR034,PRD00538,454,0,181,1,274,0,11447.72
INV00037573,2025-11-16,STR034,PRD00933,43,0,8,0,35,0,76310.5
INV00037574,2025-11-16,STR034,PRD01041,35,130,19,0,146,0,77790.26
INV00037575,2025-11-16,STR034,PRD00420,70,0,9,0,61,0,45296.77
INV00037576,2025-11-16,STR034,PRD00662,296,0,56,0,240,0,33830.4
INV00037577,2025-11-16,STR034,PRD00804,31,148,5,0,174,0,98271.72
INV00037578,2025-11-16,STR034,PRD00595,132,239,16,0,354,1,129040.08
INV00037579,2025-11-16,STR034,PRD00397,49,108,8,0,149,0,108175.49
INV00037580,2025-11-16,STR034,PRD01061,93,0,46,0,47,0,25169.91
INV00037581,2025-11-16,STR035,PRD00379,482,0,163,0,319,0,146950.54
INV00037582,2025-11-16,STR035,PRD00291,128,0,64,0,64,0,17904.64
INV00037583,2025-11-16,STR035,PRD00069,21,0,8,0,13,0,100117.42
INV00037584,2025-11-16,STR035,PRD00080,54,0,31,0,23,0,299630.43
INV00037585,2025-11-16,STR035,PRD00753,103,103,8,0,198,0,519100.56
INV00037586,2025-11-16,STR035,PRD00251,39,0,6,0,33,0,241099.98
INV00037587,2025-11-16,STR035,PRD00723,76,78,34,0,120,0,131755.2
INV00037588,2025-11-16,STR035,PRD00460,117,152,59,0,210,0,140231.7
INV00037589,2025-11-16,STR035,PRD01082,88,0,19,0,69,0,55010.94
INV00037590,2025-11-16,STR035,PRD00482,434,0,255,0,179,0,61597.48
INV00037591,2025-11-16,STR035,PRD00192,176,149,23,0,302,0,655494.02
INV00037592,2025-11-16,STR035,PRD00811,79,187,9,0,257,0,36224.15
INV00037593,2025-11-16,STR035,PRD00759,66,152,33,0,183,2,483958.14
INV00037594,2025-11-16,STR035,PRD00217,54,52,16,3,92,1,487455.56
INV00037595,2025-11-16,STR035,PRD00463,75,167,26,0,216,0,161453.52
INV00037596,2025-11-16,STR035,PRD00185,162,0,16,0,146,0,219005.84
INV00037597,2025-11-16,STR035,PRD00312,206,326,20,1,512,1,198753.28
INV00037598,2025-11-16,STR035,PRD00280,198,0,44,0,154,0,47950.98
INV00037599,2025-11-16,STR035,PRD00474,268,0,142,0,126,0,11260.62
INV00037600,2025-11-16,STR035,PRD00248,24,0,13,0,11,0,75652.61
INV00037601,2025-11-16,STR036,PRD00166,140,0,23,0,117,0,289107.0
INV00037602,2025-11-16,STR036,PRD01170,97,0,28,0,67,2,46558.3
INV00037603,2025-11-16,STR036,PRD00652,213,0,86,0,127,0,17399.0
INV00037604,2025-11-16,STR036,PRD00807,269,173,90,0,352,0,151191.04
INV00037605,2025-11-16,STR036,PRD00320,281,0,42,0,239,0,35847.61
INV00037606,2025-11-16,STR036,PRD00607,258,0,33,0,224,1,40622.4
INV00037607,2025-11-16,STR036,PRD00570,203,0,69,0,134,0,35988.38
INV00037608,2025-11-16,STR036,PRD01189,86,0,26,0,60,0,134242.2
INV00037609,2025-11-16,STR036,PRD00778,52,0,31,0,21,0,11960.34
INV00037610,2025-11-16,STR036,PRD00123,71,0,26,1,46,0,257053.52
INV00037611,2025-11-16,STR036,PRD00229,34,0,7,0,27,0,36420.3
INV00037612,2025-11-16,STR036,PRD01182,33,0,19,0,14,0,59717.84
INV00037613,2025-11-16,STR036,PRD00456,67,382,27,0,422,0,71735.78
INV00037614,2025-11-16,STR036,PRD00639,123,0,14,0,109,0,11162.69
INV00037615,2025-11-16,STR036,PRD00455,40,152,10,0,180,2,101424.6
INV00037616,2025-11-16,STR036,PRD00851,36,139,7,1,168,1,323801.52
INV00037617,2025-11-16,STR036,PRD00324,106,0,12,0,94,0,67201.54
INV00037618,2025-11-16,STR036,PRD01018,463,0,246,0,217,0,19269.6
INV00037619,2025-11-16,STR036,PRD01165,77,0,37,0,40,0,121147.6
INV00037620,2025-11-16,STR036,PRD00544,248,283,8,0,523,0,43273.02
INV00037621,2025-11-16,STR037,PRD01166,97,0,10,0,87,0,144457.41
INV00037622,2025-11-16,STR037,PRD00458,245,388,76,1,558,0,248823.36
INV00037623,2025-11-16,STR037,PRD00441,141,0,17,0,123,1,86970.84
INV00037624,2025-11-16,STR037,PRD00164,23,0,5,0,18,0,85114.98
INV00037625,2025-11-16,STR037,PRD00720,17,116,8,0,125,0,263118.75
INV00037626,2025-11-16,STR037,PRD00824,102,0,58,3,47,0,101826.91
INV00037627,2025-11-16,STR037,PRD00668,221,0,59,0,162,0,35079.48
INV00037628,2025-11-16,STR037,PRD00124,22,48,5,0,63,2,448783.65
INV00037629,2025-11-16,STR037,PRD00953,167,0,71,2,98,0,5681.06
INV00037630,2025-11-16,STR037,PRD00495,303,0,166,0,137,0,22504.99
INV00037631,2025-11-16,STR037,PRD00398,172,0,69,1,104,0,18028.4
INV00037632,2025-11-16,STR037,PRD00694,43,142,12,1,173,1,401188.73
INV00037633,2025-11-16,STR037,PRD01115,123,130,10,0,243,0,584257.05
INV00037634,2025-11-16,STR037,PRD01153,51,176,18,0,209,0,522405.95
INV00037635,2025-11-16,STR037,PRD00469,189,294,113,2,372,0,144875.4
INV00037636,2025-11-16,STR037,PRD00201,90,146,8,0,228,0,430826.52
INV00037637,2025-11-16,STR037,PRD00522,55,0,16,0,39,0,34157.37
INV00037638,2025-11-16,STR037,PRD00509,90,0,47,0,43,0,28996.19
INV00037639,2025-11-16,STR037,PRD01023,328,0,80,0,248,0,33053.44
INV00037640,2025-11-16,STR037,PRD00886,27,0,16,0,11,0,10391.7
INV00037641,2025-11-16,STR038,PRD00339,272,0,163,0,109,0,54300.53
INV00037642,2025-11-16,STR038,PRD00542,207,0,119,0,88,0,30079.28
INV00037643,2025-11-16,STR038,PRD00039,36,0,6,1,31,0,194678.45
INV00037644,2025-11-16,STR038,PRD00211,55,0,14,0,41,0,201927.05
INV00037645,2025-11-16,STR038,PRD00671,219,166,72,0,313,0,65107.13
INV00037646,2025-11-16,STR038,PRD00435,30,75,9,0,96,0,56080.32
INV00037647,2025-11-16,STR038,PRD00768,234,0,53,0,181,0,37123.1
INV00037648,2025-11-16,STR038,PRD00564,291,0,106,0,185,0,64374.45
INV00037649,2025-11-16,STR038,PRD00871,34,94,5,0,123,0,105696.36
INV00037650,2025-11-16,STR038,PRD00914,51,0,25,0,25,1,55018.0
INV00037651,2025-11-16,STR038,PRD00022,9,65,5,0,69,0,1127278.53
INV00037652,2025-11-16,STR038,PRD00217,59,52,33,0,78,0,413277.54
INV00037653,2025-11-16,STR038,PRD00786,105,84,30,1,158,2,242291.42
INV00037654,2025-11-16,STR038,PRD00560,396,0,6,0,390,0,85328.1
INV00037655,2025-11-16,STR038,PRD00249,66,38,28,0,76,0,259627.4
INV00037656,2025-11-16,STR038,PRD01007,123,0,19,0,104,0,52247.52
INV00037657,2025-11-16,STR038,PRD00009,36,0,18,1,19,0,158545.69
INV00037658,2025-11-16,STR038,PRD00948,341,0,155,0,186,0,4938.3
INV00037659,2025-11-16,STR038,PRD01015,22,153,12,0,163,0,88202.56
INV00037660,2025-11-16,STR038,PRD00240,16,0,7,0,9,0,66516.57
INV00037661,2025-11-16,STR039,PRD01167,82,0,44,0,38,0,31755.08
INV00037662,2025-11-16,STR039,PRD00593,86,0,31,0,55,0,21221.2
INV00037663,2025-11-16,STR039,PRD00318,484,0,7,0,477,0,56653.29
INV00037664,2025-11-16,STR039,PRD00893,40,125,20,0,145,0,87442.25
INV00037665,2025-11-16,STR039,PRD00642,151,152,60,0,243,0,70523.46
INV00037666,2025-11-16,STR039,PRD01192,38,0,6,0,32,0,130111.36
INV00037667,2025-11-16,STR039,PRD00753,74,0,30,0,44,0,115355.68
INV00037668,2025-11-16,STR039,PRD01099,75,0,13,0,62,0,168754.7
INV00037669,2025-11-16,STR039,PRD01169,57,39,10,2,88,0,352124.08
INV00037670,2025-11-16,STR039,PRD00355,172,0,94,0,78,0,12776.4
INV00037671,2025-11-16,STR039,PRD00550,136,0,58,0,78,0,28463.76
INV00037672,2025-11-16,STR039,PRD01062,99,0,58,0,41,0,22265.46
INV00037673,2025-11-16,STR039,PRD01179,66,150,39,0,177,0,367190.04
INV00037674,2025-11-16,STR039,PRD00497,245,0,68,0,177,0,86055.63
INV00037675,2025-11-16,STR039,PRD00150,149,0,71,0,77,1,69104.42
INV00037676,2025-11-16,STR039,PRD00767,36,166,10,0,192,0,298970.88
INV00037677,2025-11-16,STR039,PRD00331,338,0,117,0,221,0,19852.43
INV00037678,2025-11-16,STR039,PRD00721,95,0,6,1,90,0,155486.7
INV00037679,2025-11-16,STR039,PRD00253,12,74,6,0,80,0,537365.6
INV00037680,2025-11-16,STR039,PRD00736,25,112,13,3,127,0,157676.85
INV00037681,2025-11-16,STR040,PRD00270,55,124,8,0,171,0,131509.26
INV00037682,2025-11-16,STR040,PRD00840,146,0,24,1,123,0,206895.84
INV00037683,2025-11-16,STR040,PRD00001,38,0,10,2,29,1,444775.32
INV00037684,2025-11-16,STR040,PRD01159,112,0,50,3,65,0,97451.9
INV00037685,2025-11-16,STR040,PRD00691,102,0,17,0,85,0,97744.05
INV00037686,2025-11-16,STR040,PRD00182,150,0,11,1,140,0,160237.0
INV00037687,2025-11-16,STR040,PRD00029,34,0,20,1,15,0,242361.45
INV00037688,2025-11-16,STR040,PRD00702,90,0,49,0,41,0,40534.24
INV00037689,2025-11-16,STR040,PRD00296,46,201,15,0,232,0,28218.16
INV00037690,2025-11-16,STR040,PRD00455,66,152,37,0,181,0,101988.07
INV00037691,2025-11-16,STR040,PRD01150,163,0,6,0,157,0,372410.28
INV00037692,2025-11-16,STR040,PRD00716,89,0,49,0,40,0,40298.4
INV00037693,2025-11-16,STR040,PRD00995,259,0,9,0,250,0,104430.0
INV00037694,2025-11-16,STR040,PRD01190,13,39,5,0,47,0,177204.57
INV00037695,2025-11-16,STR040,PRD00572,171,0,49,0,122,0,57198.48
INV00037696,2025-11-16,STR040,PRD00907,82,0,36,0,16,0,44936.02
INV00037697,2025-11-16,STR040,PRD00216,41,66,19,0,88,0,635956.64
INV00037698,2025-11-16,STR040,PRD00303,195,0,68,0,127,0,46009.56
INV00037699,2025-11-16,STR040,PRD00753,95,0,25,0,70,0,183520.4
INV00037700,2025-11-16,STR040,PRD00406,40,155,23,0,171,1,91153.26
INV00037701,2025-11-16,STR041,PRD00666,76,0,29,0,47,0,7647.37
INV00037702,2025-11-16,STR041,PRD00223,14,58,6,0,66,0,462976.14
INV00037703,2025-11-16,STR041,PRD00336,48,123,10,0,161,0,132198.71
INV00037704,2025-11-16,STR041,PRD00937,144,396,6,0,534,0,94817.04
INV00037705,2025-11-16,STR041,PRD00799,153,0,18,0,135,0,331908.3
INV00037706,2025-11-16,STR041,PRD00046,34,0,10,0,24,0,201537.6
INV00037707,2025-11-16,STR041,PRD00503,119,100,58,0,161,0,84652.19
INV00037708,2025-11-16,STR041,PRD00424,146,279,70,0,355,0,133920.2
INV00037709,2025-11-16,STR041,PRD00610,211,0,59,0,152,0,62886.96
INV00037710,2025-11-16,STR041,PRD00389,92,122,54,0,160,0,118393.6
INV00037711,2025-11-16,STR041,PRD00351,90,0,28,0,62,0,31200.88
INV00037712,2025-11-16,STR041,PRD00606,453,0,105,0,348,0,107382.36
INV00037713,2025-11-16,STR041,PRD00398,267,0,56,0,211,0,36576.85
INV00037714,2025-11-16,STR041,PRD00950,313,0,166,0,147,0,18714.57
INV00037715,2025-11-16,STR041,PRD00242,56,92,22,0,125,1,319707.5
INV00037716,2025-11-16,STR041,PRD00160,37,58,15,0,80,0,384679.2
INV00037717,2025-11-16,STR041,PRD00983,30,113,5,0,138,0,80575.44
INV00037718,2025-11-16,STR041,PRD00560,194,0,46,0,148,0,32380.92
INV00037719,2025-11-16,STR041,PRD00842,51,81,20,0,112,0,107170.56
INV00037720,2025-11-16,STR041,PRD00042,22,55,10,0,67,0,799957.89
INV00037721,2025-11-23,STR001,PRD01170,103,0,52,1,52,0,36134.8
INV00037722,2025-11-23,STR001,PRD01073,126,141,33,0,234,0,571065.3
INV00037723,2025-11-23,STR001,PRD01098,58,0,5,2,55,0,61757.3
INV00037724,2025-11-23,STR001,PRD00279,185,0,99,0,86,0,38349.12
INV00037725,2025-11-23,STR001,PRD00248,24,0,10,0,14,0,96285.14
INV00037726,2025-11-23,STR001,PRD01136,38,0,13,0,25,0,103126.25
INV00037727,2025-11-23,STR001,PRD00188,51,0,6,0,44,1,177213.08
INV00037728,2025-11-23,STR001,PRD01043,388,0,218,0,170,0,13678.2
INV00037729,2025-11-23,STR001,PRD00990,259,0,106,0,153,0,53670.87
INV00037730,2025-11-23,STR001,PRD00557,35,327,18,0,344,0,46243.92
INV00037731,2025-11-23,STR001,PRD00056,40,0,15,0,25,0,214525.25
INV00037732,2025-11-23,STR001,PRD00720,42,116,21,0,135,2,284168.25
INV00037733,2025-11-23,STR001,PRD00671,418,0,213,0,205,0,42642.05
INV00037734,2025-11-23,STR001,PRD00764,101,0,57,0,44,0,80788.84
INV00037735,2025-11-23,STR001,PRD00567,84,198,49,0,233,0,52881.68
INV00037736,2025-11-23,STR001,PRD00658,203,0,99,0,104,0,23678.72
INV00037737,2025-11-23,STR001,PRD00409,115,0,18,1,98,0,72334.78
INV00037738,2025-11-23,STR001,PRD01000,408,0,113,0,295,0,102031.65
INV00037739,2025-11-23,STR001,PRD00625,322,0,101,0,221,0,95673.11
INV00037740,2025-11-23,STR001,PRD00115,15,65,8,0,72,0,300684.24
INV00037741,2025-11-23,STR002,PRD00489,58,0,9,0,49,0,33853.12
INV00037742,2025-11-23,STR002,PRD00095,20,0,8,2,14,0,194793.2
INV00037743,2025-11-23,STR002,PRD01039,304,0,133,0,171,0,67363.74
INV00037744,2025-11-23,STR002,PRD00297,185,117,24,0,278,0,175434.68
INV00037745,2025-11-23,STR002,PRD00878,144,0,41,0,103,0,82045.68
INV00037746,2025-11-23,STR002,PRD00233,5,55,6,0,53,1,376556.52
INV00037747,2025-11-23,STR002,PRD01079,257,0,61,0,196,0,37541.84
INV00037748,2025-11-23,STR002,PRD00669,31,0,6,0,25,0,47169.0
INV00037749,2025-11-23,STR002,PRD00570,254,0,91,2,164,1,44045.48
INV00037750,2025-11-23,STR002,PRD00458,360,0,47,0,312,1,139127.04
INV00037751,2025-11-23,STR002,PRD00639,40,333,22,0,351,0,35945.91
INV00037752,2025-11-23,STR002,PRD00884,114,0,53,0,61,0,66266.74
INV00037753,2025-11-23,STR002,PRD00654,49,317,15,0,350,1,113536.5
INV00037754,2025-11-23,STR002,PRD01192,45,0,9,0,36,0,146375.28
INV00037755,2025-11-23,STR002,PRD01120,13,0,6,0,7,0,30799.72
INV00037756,2025-11-23,STR002,PRD00887,36,128,17,0,147,0,171944.43
INV00037757,2025-11-23,STR002,PRD01171,121,0,65,0,56,0,146937.84
INV00037758,2025-11-23,STR002,PRD01045,41,263,5,0,299,0,140900.76
INV00037759,2025-11-23,STR002,PRD00322,86,156,31,0,211,0,123932.96
INV00037760,2025-11-23,STR002,PRD01095,101,0,15,0,86,0,225403.42
INV00037761,2025-11-23,STR003,PRD00739,56,0,14,0,42,0,64739.64
INV00037762,2025-11-23,STR003,PRD00670,81,79,21,0,139,0,266173.88
INV00037763,2025-11-23,STR003,PRD00161,49,28,10,0,67,0,470023.76
INV00037764,2025-11-23,STR003,PRD00630,74,326,37,0,363,0,131206.35
INV00037765,2025-11-23,STR003,PRD01178,25,0,8,0,17,0,59781.01
INV00037766,2025-11-23,STR003,PRD00684,99,148,44,0,203,0,500504.62
INV00037767,2025-11-23,STR003,PRD00573,428,0,25,2,405,0,10914.75
INV00037768,2025-11-23,STR003,PRD00360,327,249,165,0,411,0,98319.42
INV00037769,2025-11-23,STR003,PRD00756,169,0,37,0,132,0,291508.8
INV00037770,2025-11-23,STR003,PRD00655,270,0,15,0,255,0,12023.25
INV00037771,2025-11-23,STR003,PRD00621,164,0,29,0,135,0,31783.05
INV00037772,2025-11-23,STR003,PRD00589,204,307,15,0,496,0,126003.84
INV00037773,2025-11-23,STR003,PRD01007,162,0,57,0,105,0,52749.9
INV00037774,2025-11-23,STR003,PRD01015,104,0,23,0,79,2,42748.48
INV00037775,2025-11-23,STR003,PRD00449,290,0,63,0,227,0,45204.78
INV00037776,2025-11-23,STR003,PRD00009,30,0,5,0,25,0,208612.75
INV00037777,2025-11-23,STR003,PRD00060,59,0,27,0,32,0,337008.96
INV00037778,2025-11-23,STR003,PRD01094,36,0,5,0,31,0,117712.27
INV00037779,2025-11-23,STR003,PRD00088,38,0,15,0,22,1,385602.8
INV00037780,2025-11-23,STR003,PRD00692,90,0,26,0,64,0,92537.6
INV00037781,2025-11-23,STR004,PRD01100,10,44,7,1,48,0,195881.76
INV00037782,2025-11-23,STR004,PRD00983,115,0,17,0,98,0,57220.24
INV00037783,2025-11-23,STR004,PRD00205,51,144,23,0,172,0,229637.2
INV00037784,2025-11-23,STR004,PRD01161,87,0,18,1,70,0,155327.2
INV00037785,2025-11-23,STR004,PRD00200,54,0,14,0,40,0,54537.2
INV00037786,2025-11-23,STR004,PRD00618,79,279,30,1,329,0,60216.87
INV00037787,2025-11-23,STR004,PRD00291,80,338,37,0,381,0,106588.56
INV00037788,2025-11-23,STR004,PRD00778,117,0,19,1,98,1,55814.92
INV00037789,2025-11-23,STR004,PRD00850,27,116,16,0,127,0,156853.89
INV00037790,2025-11-23,STR004,PRD00730,102,0,16,0,86,0,221959.98
INV00037791,2025-11-23,STR004,PRD00293,150,0,43,1,108,0,47790.0
INV00037792,2025-11-23,STR004,PRD01049,110,200,20,0,290,0,39985.2
INV00037793,2025-11-23,STR004,PRD00789,110,165,20,0,255,0,748402.05
INV00037794,2025-11-23,STR004,PRD00694,165,142,68,0,239,0,554243.39
INV00037795,2025-11-23,STR004,PRD01084,44,0,7,0,37,0,155821.43
INV00037796,2025-11-23,STR004,PRD00599,143,0,67,2,78,0,14770.86
INV00037797,2025-11-23,STR004,PRD00064,141,0,40,1,102,0,186731.4
INV00037798,2025-11-23,STR004,PRD01099,22,155,6,0,171,0,465436.35
INV00037799,2025-11-23,STR004,PRD00879,140,0,22,0,118,0,190479.14
INV00037800,2025-11-23,STR004,PRD01101,51,0,21,0,29,1,77376.93
INV00037801,2025-11-23,STR005,PRD00605,433,0,6,0,427,0,20944.35
INV00037802,2025-11-23,STR005,PRD01042,201,207,34,0,374,0,35414.06
INV00037803,2025-11-23,STR005,PRD00340,173,180,35,0,318,0,176833.44
INV00037804,2025-11-23,STR005,PRD00898,32,164,13,1,184,0,337492.8
INV00037805,2025-11-23,STR005,PRD00082,29,0,17,0,12,0,78629.28
INV00037806,2025-11-23,STR005,PRD00887,101,0,40,0,61,0,71351.09
INV00037807,2025-11-23,STR005,PRD00937,210,0,118,0,92,0,16335.52
INV00037808,2025-11-23,STR005,PRD00760,30,0,13,0,17,0,53937.77
INV00037809,2025-11-23,STR005,PRD00454,405,0,77,1,328,1,59794.4
INV00037810,2025-11-23,STR005,PRD00593,192,0,103,2,91,0,35111.44
INV00037811,2025-11-23,STR005,PRD00010,22,0,11,0,11,0,129518.84
INV00037812,2025-11-23,STR005,PRD00127,9,48,7,0,49,1,517786.92
INV00037813,2025-11-23,STR005,PRD00160,78,0,25,0,53,0,254849.97
INV00037814,2025-11-23,STR005,PRD01148,213,0,85,0,128,0,30909.44
INV00037815,2025-11-23,STR005,PRD01033,223,0,83,0,139,1,52637.91
INV00037816,2025-11-23,STR005,PRD00421,339,0,137,0,202,0,98273.0
INV00037817,2025-11-23,STR005,PRD00572,84,0,20,0,64,0,30005.76
INV00037818,2025-11-23,STR005,PRD00745,29,112,9,0,132,0,241451.76
INV00037819,2025-11-23,STR005,PRD00016,33,0,12,0,21,0,198104.97
INV00037820,2025-11-23,STR005,PRD00013,9,39,5,0,43,0,553069.87
INV00037821,2025-11-23,STR006,PRD00690,67,0,36,2,33,0,79114.86
INV00037822,2025-11-23,STR006,PRD00692,90,0,24,0,66,0,95429.4
INV00037823,2025-11-23,STR006,PRD00864,99,0,40,0,59,0,65965.54
INV00037824,2025-11-23,STR006,PRD00505,29,0,15,0,14,0,12046.58
INV00037825,2025-11-23,STR006,PRD00499,142,0,53,0,89,0,23633.06
INV00037826,2025-11-23,STR006,PRD00644,236,331,80,0,487,0,220313.93
INV00037827,2025-11-23,STR006,PRD00451,132,0,50,0,82,0,41428.86
INV00037828,2025-11-23,STR006,PRD00641,92,352,54,3,393,0,130916.16
INV00037829,2025-11-23,STR006,PRD00436,114,87,16,0,185,0,93924.5
INV00037830,2025-11-23,STR006,PRD00198,24,160,7,0,177,0,526819.26
INV00037831,2025-11-23,STR006,PRD00423,222,0,132,2,91,1,19464.9
INV00037832,2025-11-23,STR006,PRD00112,51,70,12,1,110,0,343995.3
INV00037833,2025-11-23,STR006,PRD00457,40,0,23,1,18,0,9889.02
INV00037834,2025-11-23,STR006,PRD00117,12,70,6,0,76,0,308029.52
INV00037835,2025-11-23,STR006,PRD00897,45,0,10,0,34,1,80553.14
INV00037836,2025-11-23,STR006,PRD00448,190,154,52,0,292,0,151419.52
INV00037837,2025-11-23,STR006,PRD00963,309,0,39,0,270,0,17215.2
INV00037838,2025-11-23,STR006,PRD00060,23,64,12,1,76,0,800396.28
INV00037839,2025-11-23,STR006,PRD00997,93,0,42,0,51,0,31859.19
INV00037840,2025-11-23,STR006,PRD00528,143,0,57,0,86,0,81385.24
INV00037841,2025-11-23,STR007,PRD00738,64,77,8,0,133,0,91376.32
INV00037842,2025-11-23,STR007,PRD00612,199,0,55,0,144,0,30589.92
INV00037843,2025-11-23,STR007,PRD00839,128,0,41,0,87,0,157902.39
INV00037844,2025-11-23,STR007,PRD01040,85,379,7,0,457,0,151161.89
INV00037845,2025-11-23,STR007,PRD01102,66,345,33,0,378,0,133570.08
INV00037846,2025-11-23,STR007,PRD00840,76,0,31,0,45,0,75693.6
INV00037847,2025-11-23,STR007,PRD00673,80,152,48,0,184,0,312485.36
INV00037848,2025-11-23,STR007,PRD00386,42,0,16,0,26,0,18740.28
INV00037849,2025-11-23,STR007,PRD00363,23,139,10,0,152,0,104933.2
INV00037850,2025-11-23,STR007,PRD00935,105,0,12,0,93,0,54507.3
INV00037851,2025-11-23,STR007,PRD00024,10,54,6,0,58,0,899013.92
INV00037852,2025-11-23,STR007,PRD00226,159,0,52,0,107,0,227055.07
INV00037853,2025-11-23,STR007,PRD00595,247,0,115,0,132,0,48116.64
INV00037854,2025-11-23,STR007,PRD00131,38,0,9,1,30,0,270972.9
INV00037855,2025-11-23,STR007,PRD00347,124,0,30,0,94,0,62910.44
INV00037856,2025-11-23,STR007,PRD00768,148,181,72,0,257,0,52710.7
INV00037857,2025-11-23,STR007,PRD01167,124,148,63,0,209,0,174652.94
INV00037858,2025-11-23,STR007,PRD00730,139,0,71,0,68,0,175503.24
INV00037859,2025-11-23,STR007,PRD00329,29,161,9,0,181,0,101470.41
INV00037860,2025-11-23,STR007,PRD00856,46,0,13,0,33,0,40014.81
INV00037861,2025-11-23,STR008,PRD01150,142,0,80,0,62,0,147066.48
INV00037862,2025-11-23,STR008,PRD00292,173,0,91,0,82,0,40316.94
INV00037863,2025-11-23,STR008,PRD00070,45,0,12,0,33,0,364254.33
INV00037864,2025-11-23,STR008,PRD00850,58,116,32,0,142,0,175379.94
INV00037865,2025-11-23,STR008,PRD00577,170,0,34,1,137,0,25931.36
INV00037866,2025-11-23,STR008,PRD00824,71,0,10,0,61,0,132158.33
INV00037867,2025-11-23,STR008,PRD00234,36,109,9,2,138,0,327617.52
INV00037868,2025-11-23,STR008,PRD00223,40,0,5,0,35,0,245517.65
INV00037869,2025-11-23,STR008,PRD00334,173,0,24,1,150,0,60114.0
INV00037870,2025-11-23,STR008,PRD00077,70,0,22,1,49,0,591783.29
INV00037871,2025-11-23,STR008,PRD00332,500,350,101,1,750,0,204697.5
INV00037872,2025-11-23,STR008,PRD00932,74,377,41,0,-7,0,120535.9
INV00037873,2025-11-23,STR008,PRD00609,218,322,53,1,488,0,98590.64
INV00037874,2025-11-23,STR008,PRD01050,110,195,55,1,250,1,82285.0
INV00037875,2025-11-23,STR008,PRD00695,129,0,50,1,80,0,102116.8
INV00037876,2025-11-23,STR008,PRD00075,45,0,9,0,36,0,253533.24
INV00037877,2025-11-23,STR008,PRD00221,25,0,14,0,11,0,63479.79
INV00037878,2025-11-23,STR008,PRD00307,479,0,162,1,317,1,153053.94
INV00037879,2025-11-23,STR008,PRD00123,31,0,14,0,17,0,94998.04
INV00037880,2025-11-23,STR008,PRD01081,64,44,22,0,86,0,303006.38
INV00037881,2025-11-23,STR009,PRD00528,26,97,5,0,118,0,111668.12
INV00037882,2025-11-23,STR009,PRD01148,152,207,43,0,315,1,76066.2
INV00037883,2025-11-23,STR009,PRD00387,275,392,78,1,590,0,146497.0
INV00037884,2025-11-23,STR009,PRD00098,20,37,8,0,49,0,500094.49
INV00037885,2025-11-23,STR009,PRD00867,209,0,38,0,171,0,78276.96
INV00037886,2025-11-23,STR009,PRD01031,79,0,39,0,40,0,20934.8
INV00037887,2025-11-23,STR009,PRD00687,37,0,22,0,15,0,26837.55
INV00037888,2025-11-23,STR009,PRD00795,64,0,23,1,42,0,28896.84
INV00037889,2025-11-23,STR009,PRD01150,132,169,10,1,292,0,692635.68
INV00037890,2025-11-23,STR009,PRD00946,28,115,6,0,137,0,72004.46
INV00037891,2025-11-23,STR009,PRD00131,23,0,5,0,18,0,162583.74
INV00037892,2025-11-23,STR009,PRD00640,139,0,43,0,96,0,11273.28
INV00037893,2025-11-23,STR009,PRD00415,89,270,10,0,349,0,99880.31
INV00037894,2025-11-23,STR009,PRD00964,19,151,10,0,160,0,92030.4
INV00037895,2025-11-23,STR009,PRD00199,69,0,9,0,60,0,80118.0
INV00037896,2025-11-23,STR009,PRD00792,82,129,30,0,181,0,529486.54
INV00037897,2025-11-23,STR009,PRD00556,360,0,164,0,196,0,92312.08
INV00037898,2025-11-23,STR009,PRD01003,54,185,8,0,231,0,33799.92
INV00037899,2025-11-23,STR009,PRD00895,325,157,107,2,377,0,112119.8
INV00037900,2025-11-23,STR009,PRD01144,122,0,27,0,94,1,134045.88
INV00037901,2025-11-23,STR010,PRD00048,28,0,6,2,24,0,439130.4
INV00037902,2025-11-23,STR010,PRD00734,121,276,57,0,340,0,159728.6
INV00037903,2025-11-23,STR010,PRD00785,32,151,16,0,167,0,460056.61
INV00037904,2025-11-23,STR010,PRD00890,49,164,15,0,198,0,106114.14
INV00037905,2025-11-23,STR010,PRD00083,7,63,5,0,65,0,420047.55
INV00037906,2025-11-23,STR010,PRD01009,227,0,63,0,164,0,4819.96
INV00037907,2025-11-23,STR010,PRD00549,69,168,36,0,201,0,76862.4
INV00037908,2025-11-23,STR010,PRD01097,124,0,31,1,94,0,193099.5
INV00037909,2025-11-23,STR010,PRD01029,58,0,31,0,27,0,14670.72
INV00037910,2025-11-23,STR010,PRD00885,159,0,15,0,144,0,180488.16
INV00037911,2025-11-23,STR010,PRD00766,70,0,6,0,64,0,87551.36
INV00037912,2025-11-23,STR010,PRD00606,100,342,15,0,427,0,131759.39
INV00037913,2025-11-23,STR010,PRD00701,38,0,6,0,32,0,98024.32
INV00037914,2025-11-23,STR010,PRD00901,100,105,50,0,155,0,321093.35
INV00037915,2025-11-23,STR010,PRD00113,46,65,20,0,91,0,1080742.39
INV00037916,2025-11-23,STR010,PRD01090,11,73,6,0,78,0,239035.68
INV00037917,2025-11-23,STR010,PRD00039,36,0,15,0,21,0,131878.95
INV00037918,2025-11-23,STR010,PRD00578,61,339,26,0,374,0,158130.94
INV00037919,2025-11-23,STR010,PRD00599,198,0,5,0,193,0,36548.41
INV00037920,2025-11-23,STR010,PRD01092,98,0,9,0,89,0,234471.39
INV00037921,2025-11-23,STR011,PRD01082,141,0,27,0,114,0,90887.64
INV00037922,2025-11-23,STR011,PRD01143,71,69,19,0,121,0,382035.72
INV00037923,2025-11-23,STR011,PRD01168,42,92,25,1,109,1,269670.36
INV00037924,2025-11-23,STR011,PRD00939,122,0,27,1,96,0,23264.64
INV00037925,2025-11-23,STR011,PRD00371,285,0,73,0,212,0,24051.4
INV00037926,2025-11-23,STR011,PRD01076,57,0,8,0,49,0,127181.95
INV00037927,2025-11-23,STR011,PRD00670,56,79,17,0,118,0,225960.56
INV00037928,2025-11-23,STR011,PRD00756,143,78,16,0,205,0,452722.0
INV00037929,2025-11-23,STR011,PRD01007,59,0,24,0,35,0,17583.3
INV00037930,2025-11-23,STR011,PRD00827,87,140,16,0,211,0,463480.49
INV00037931,2025-11-23,STR011,PRD00633,70,374,42,0,401,1,85372.9
INV00037932,2025-11-23,STR011,PRD01195,15,46,7,0,54,0,183504.42
INV00037933,2025-11-23,STR011,PRD00297,29,117,9,0,137,0,86455.22
INV00037934,2025-11-23,STR011,PRD00196,58,0,14,0,44,0,98862.72
INV00037935,2025-11-23,STR011,PRD00556,152,0,22,0,130,0,61227.4
INV00037936,2025-11-23,STR011,PRD00205,117,0,57,0,60,0,80106.0
INV00037937,2025-11-23,STR011,PRD00968,238,0,106,0,132,0,20956.32
INV00037938,2025-11-23,STR011,PRD01107,101,0,36,0,65,0,47783.45
INV00037939,2025-11-23,STR011,PRD00076,20,55,6,0,69,0,740064.33
INV00037940,2025-11-23,STR011,PRD01054,387,0,62,0,325,0,54587.0
INV00037941,2025-11-23,STR012,PRD00961,512,0,164,0,348,0,55168.44
INV00037942,2025-11-23,STR012,PRD00822,84,0,14,1,71,0,-9999.0
INV00037943,2025-11-23,STR012,PRD00726,50,83,14,0,119,0,178244.15
INV00037944,2025-11-23,STR012,PRD00072,35,0,14,3,24,0,74990.16
INV00037945,2025-11-23,STR012,PRD00194,76,45,39,0,82,0,339501.32
INV00037946,2025-11-23,STR012,PRD00987,365,0,201,0,164,0,33185.4
INV00037947,2025-11-23,STR012,PRD00027,18,72,7,0,83,0,1318591.12
INV00037948,2025-11-23,STR012,PRD00155,97,0,50,0,47,0,77652.93
INV00037949,2025-11-23,STR012,PRD01062,115,0,19,0,96,0,52133.76
INV00037950,2025-11-23,STR012,PRD00737,121,167,43,1,246,0,185329.02
INV00037951,2025-11-23,STR012,PRD00139,26,175,5,0,196,0,355222.56
INV00037952,2025-11-23,STR012,PRD00640,295,0,23,0,272,0,31940.96
INV00037953,2025-11-23,STR012,PRD00113,30,0,11,0,19,0,225649.51
INV00037954,2025-11-23,STR012,PRD00215,27,0,6,0,21,0,137028.15
INV00037955,2025-11-23,STR012,PRD00595,381,0,144,1,238,0,86755.76
INV00037956,2025-11-23,STR012,PRD00629,64,242,25,0,281,0,38522.29
INV00037957,2025-11-23,STR012,PRD01070,58,0,23,0,35,0,90186.95
INV00037958,2025-11-23,STR012,PRD00992,238,0,7,0,231,0,51783.27
INV00037959,2025-11-23,STR012,PRD00938,175,0,50,0,125,0,40916.25
INV00037960,2025-11-23,STR012,PRD00581,98,0,22,0,76,0,15101.96
INV00037961,2025-11-23,STR013,PRD00349,230,0,32,0,196,2,16438.52
INV00037962,2025-11-23,STR013,PRD01168,84,92,7,1,170,0,420586.8
INV00037963,2025-11-23,STR013,PRD00407,66,114,20,1,161,0,85877.4
INV00037964,2025-11-23,STR013,PRD00831,103,0,35,0,68,0,135535.56
INV00037965,2025-11-23,STR013,PRD01182,57,0,27,0,30,0,127966.8
INV00037966,2025-11-23,STR013,PRD00231,39,41,6,0,74,0,496176.66
INV00037967,2025-11-23,STR013,PRD00949,43,0,25,0,18,0,10203.3
INV00037968,2025-11-23,STR013,PRD00408,137,111,67,0,181,0,141708.52
INV00037969,2025-11-23,STR013,PRD01069,184,0,54,0,130,0,140900.5
INV00037970,2025-11-23,STR013,PRD00851,116,139,20,0,235,0,452936.65
INV00037971,2025-11-23,STR013,PRD00930,21,133,5,0,149,0,352435.66
INV00037972,2025-11-23,STR013,PRD00470,242,0,14,0,228,0,74125.08
INV00037973,2025-11-23,STR013,PRD00692,46,0,12,0,34,0,49160.6
INV00037974,2025-11-23,STR013,PRD00929,58,0,34,0,24,0,48869.76
INV00037975,2025-11-23,STR013,PRD00118,39,0,22,0,17,0,179247.49
INV00037976,2025-11-23,STR013,PRD00077,78,0,16,0,62,0,748787.02
INV00037977,2025-11-23,STR013,PRD00709,169,0,89,0,80,0,12244.0
INV00037978,2025-11-23,STR013,PRD00431,62,0,8,0,54,0,28144.8
INV00037979,2025-11-23,STR013,PRD00778,87,0,33,0,54,0,30755.16
INV00037980,2025-11-23,STR013,PRD00079,18,34,10,0,42,0,566402.34
INV00037981,2025-11-23,STR014,PRD00122,49,0,14,0,35,0,572829.95
INV00037982,2025-11-23,STR014,PRD00534,91,0,31,1,61,0,4915.99
INV00037983,2025-11-23,STR014,PRD00554,167,255,100,0,321,1,149717.61
INV00037984,2025-11-23,STR014,PRD01159,132,0,6,0,126,0,188906.76
INV00037985,2025-11-23,STR014,PRD00347,74,0,12,0,62,0,41494.12
INV00037986,2025-11-23,STR014,PRD01186,136,154,33,0,257,0,386065.4
INV00037987,2025-11-23,STR014,PRD01039,101,266,51,0,316,0,124485.04
INV00037988,2025-11-23,STR014,PRD00698,149,0,38,0,111,0,121499.49
INV00037989,2025-11-23,STR014,PRD00874,158,0,87,0,71,0,165606.08
INV00037990,2025-11-23,STR014,PRD00295,69,0,27,0,41,1,23308.09
INV00037991,2025-11-23,STR014,PRD00955,383,0,178,0,205,0,84234.5
INV00037992,2025-11-23,STR014,PRD00060,98,64,22,2,142,0,1495477.26
INV00037993,2025-11-23,STR014,PRD00719,49,0,28,0,21,0,57943.41
INV00037994,2025-11-23,STR014,PRD00752,48,0,27,0,21,0,63480.69
INV00037995,2025-11-23,STR014,PRD00332,350,0,85,0,265,0,72326.45
INV00037996,2025-11-23,STR014,PRD00107,39,0,15,0,24,0,83609.04
INV00037997,2025-11-23,STR014,PRD01131,34,0,11,0,23,0,78787.19
INV00037998,2025-11-23,STR014,PRD00618,80,279,13,1,347,0,63511.41
INV00037999,2025-11-23,STR014,PRD00195,49,72,26,0,95,0,295340.75
INV00038000,2025-11-23,STR014,PRD00117,14,70,6,0,78,0,316135.56
INV00038001,2025-11-23,STR015,PRD00521,115,0,48,1,68,0,56616.8
INV00038002,2025-11-23,STR015,PRD00046,58,0,13,0,45,0,377883.0
INV00038003,2025-11-23,STR015,PRD00816,48,0,19,0,29,0,24864.31
INV00038004,2025-11-23,STR015,PRD00089,32,45,18,0,59,0,1085637.76
INV00038005,2025-11-23,STR015,PRD00337,171,0,9,0,162,0,118491.66
INV00038006,2025-11-23,STR015,PRD00662,262,154,78,1,339,0,47785.44
INV00038007,2025-11-23,STR015,PRD00548,461,0,217,0,244,0,29367.84
INV00038008,2025-11-23,STR015,PRD00660,180,0,96,0,84,0,19995.36
INV00038009,2025-11-23,STR015,PRD00053,40,84,13,0,111,0,256355.61
INV00038010,2025-11-23,STR015,PRD00012,17,0,9,0,8,0,32970.8
INV00038011,2025-11-23,STR015,PRD00837,82,0,8,0,74,0,175279.36
INV00038012,2025-11-23,STR015,PRD00399,50,153,22,0,181,0,117130.53
INV00038013,2025-11-23,STR015,PRD00297,61,117,7,1,172,0,108542.32
INV00038014,2025-11-23,STR015,PRD01022,193,0,17,3,179,0,112503.29
INV00038015,2025-11-23,STR015,PRD01069,194,144,92,0,246,0,266627.1
INV00038016,2025-11-23,STR015,PRD00764,61,0,35,0,25,1,45902.75
INV00038017,2025-11-23,STR015,PRD00652,215,0,30,0,185,0,25345.0
INV00038018,2025-11-23,STR015,PRD00671,359,0,134,0,225,0,46802.25
INV00038019,2025-11-23,STR015,PRD01154,178,113,93,1,199,0,121680.54
INV00038020,2025-11-23,STR015,PRD00716,131,0,38,0,93,0,93693.78
INV00038021,2025-11-23,STR016,PRD00367,128,0,61,1,68,0,16781.04
INV00038022,2025-11-23,STR016,PRD00577,355,0,95,0,260,0,49212.8
INV00038023,2025-11-23,STR016,PRD00632,230,0,53,0,177,0,76120.62
INV00038024,2025-11-23,STR016,PRD00823,139,175,26,0,288,0,494694.72
INV00038025,2025-11-23,STR016,PRD00502,74,0,17,3,60,0,37723.2
INV00038026,2025-11-23,STR016,PRD00475,66,0,15,0,51,0,29016.96
INV00038027,2025-11-23,STR016,PRD00381,99,0,34,0,65,0,34533.2
INV00038028,2025-11-23,STR016,PRD00658,239,294,51,0,482,0,109741.76
INV00038029,2025-11-23,STR016,PRD00876,33,100,11,2,122,2,219402.36
INV00038030,2025-11-23,STR016,PRD00143,35,0,7,0,28,0,225625.68
INV00038031,2025-11-23,STR016,PRD00973,105,0,19,0,86,0,13494.26
INV00038032,2025-11-23,STR016,PRD00186,33,0,13,0,20,0,102497.8
INV00038033,2025-11-23,STR016,PRD00268,114,0,32,0,82,0,42661.32
INV00038034,2025-11-23,STR016,PRD00216,9,66,7,0,68,0,491421.04
INV00038035,2025-11-23,STR016,PRD00866,140,0,15,1,125,1,77796.25
INV00038036,2025-11-23,STR016,PRD00672,57,0,23,0,34,0,102470.56
INV00038037,2025-11-23,STR016,PRD00138,105,0,26,0,79,0,210295.63
INV00038038,2025-11-23,STR016,PRD00378,168,388,10,0,546,0,199584.84
INV00038039,2025-11-23,STR016,PRD00675,26,176,8,0,194,0,147135.42
INV00038040,2025-11-23,STR016,PRD00845,89,0,34,0,55,0,83787.55
INV00038041,2025-11-23,STR017,PRD00118,48,0,15,0,33,0,347951.01
INV00038042,2025-11-23,STR017,PRD00837,160,111,75,0,196,0,464253.44
INV00038043,2025-11-23,STR017,PRD00053,141,84,73,0,152,0,351045.52
INV00038044,2025-11-23,STR017,PRD00160,53,0,14,0,39,0,187531.11
INV00038045,2025-11-23,STR017,PRD00219,85,0,39,0,46,0,45950.32
INV00038046,2025-11-23,STR017,PRD00807,104,173,9,0,268,0,115111.36
INV00038047,2025-11-23,STR017,PRD00141,54,0,12,0,42,0,81660.18
INV00038048,2025-11-23,STR017,PRD01129,112,340,62,1,391,0,109917.92
INV00038049,2025-11-23,STR017,PRD00335,127,0,44,0,83,0,51672.48
INV00038050,2025-11-23,STR017,PRD01020,291,0,129,0,162,0,58639.14
INV00038051,2025-11-23,STR017,PRD00740,39,99,18,0,120,0,341077.2
INV00038052,2025-11-23,STR017,PRD00125,179,0,50,1,130,0,137317.7
INV00038053,2025-11-23,STR017,PRD00400,39,0,23,0,14,2,7720.72
INV00038054,2025-11-23,STR017,PRD00592,93,0,50,0,43,0,9386.47
INV00038055,2025-11-23,STR017,PRD00478,49,91,7,0,133,0,108030.58
INV00038056,2025-11-23,STR017,PRD00987,365,0,24,3,344,0,69608.4
INV00038057,2025-11-23,STR017,PRD00177,31,75,9,1,97,1,717612.79
INV00038058,2025-11-23,STR017,PRD00952,90,0,53,0,37,0,18600.27
INV00038059,2025-11-23,STR017,PRD01102,52,345,29,0,368,0,130036.48
INV00038060,2025-11-23,STR017,PRD00122,62,0,14,0,48,0,785595.36
INV00038061,2025-11-23,STR018,PRD00307,428,0,131,0,297,0,143397.54
INV00038062,2025-11-23,STR018,PRD00811,207,0,20,0,187,0,26357.65
INV00038063,2025-11-23,STR018,PRD00755,295,177,57,0,415,0,142888.65
INV00038064,2025-11-23,STR018,PRD00612,224,0,73,0,151,0,32076.93
INV00038065,2025-11-23,STR018,PRD00298,42,0,21,1,22,0,14654.64
INV00038066,2025-11-23,STR018,PRD00208,88,0,28,1,61,0,125129.3
INV00038067,2025-11-23,STR018,PRD00333,128,103,68,0,163,0,90367.2
INV00038068,2025-11-23,STR018,PRD01077,36,0,7,0,29,0,101308.31
INV00038069,2025-11-23,STR018,PRD00093,28,0,10,0,18,0,174673.26
INV00038070,2025-11-23,STR018,PRD00303,165,0,11,3,157,0,56877.96
INV00038071,2025-11-23,STR018,PRD00141,75,168,22,0,221,0,429688.09
INV00038072,2025-11-23,STR018,PRD00749,61,0,34,0,27,0,66008.79
INV00038073,2025-11-23,STR018,PRD01142,121,0,38,0,83,0,187977.57
INV00038074,2025-11-23,STR018,PRD00969,126,0,26,0,100,0,7624.0
INV00038075,2025-11-23,STR018,PRD01002,87,0,51,1,37,0,2060.53
INV00038076,2025-11-23,STR018,PRD01111,120,0,43,0,77,0,73575.04
INV00038077,2025-11-23,STR018,PRD01138,106,0,60,1,47,0,131097.57
INV00038078,2025-11-23,STR018,PRD00454,420,0,124,0,296,0,53960.8
INV00038079,2025-11-23,STR018,PRD01150,158,169,83,0,244,0,578777.76
INV00038080,2025-11-23,STR018,PRD00951,320,275,8,0,587,0,206847.06
INV00038081,2025-11-23,STR019,PRD00779,82,0,12,0,70,0,69880.3
INV00038082,2025-11-23,STR019,PRD00983,47,0,6,2,43,0,25106.84
INV00038083,2025-11-23,STR019,PRD00355,39,365,9,0,395,0,64701.0
INV00038084,2025-11-23,STR019,PRD00418,37,371,8,0,400,0,126172.0
INV00038085,2025-11-23,STR019,PRD00090,48,0,27,0,21,0,116694.06
INV00038086,2025-11-23,STR019,PRD00524,420,0,237,2,185,0,19702.5
INV00038087,2025-11-23,STR019,PRD00959,203,324,83,1,445,0,179197.05
INV00038088,2025-11-23,STR019,PRD00198,84,0,36,0,48,0,142866.24
INV00038089,2025-11-23,STR019,PRD00389,184,0,96,0,88,0,65116.48
INV00038090,2025-11-23,STR019,PRD00736,79,0,5,0,74,0,91874.7
INV00038091,2025-11-23,STR019,PRD00876,41,100,21,0,120,0,215805.6
INV00038092,2025-11-23,STR019,PRD01046,77,168,19,0,226,0,118941.54
INV00038093,2025-11-23,STR019,PRD00402,69,159,28,0,200,0,163612.0
INV00038094,2025-11-23,STR019,PRD00557,146,0,65,0,80,1,10754.4
INV00038095,2025-11-23,STR019,PRD00137,51,0,24,1,28,0,179856.32
INV00038096,2025-11-23,STR019,PRD01133,43,0,16,0,27,0,101655.54
INV00038097,2025-11-23,STR019,PRD00144,52,0,10,0,42,0,208490.94
INV00038098,2025-11-23,STR019,PRD00383,231,0,128,0,102,1,13845.48
INV00038099,2025-11-23,STR019,PRD01011,208,0,32,0,176,0,26345.44
INV00038100,2025-11-23,STR019,PRD00471,52,305,9,0,348,0,172381.8
INV00038101,2025-11-23,STR020,PRD00054,62,0,7,0,55,0,651218.7
INV00038102,2025-11-23,STR020,PRD00900,27,139,15,0,201,0,296118.55
INV00038103,2025-11-23,STR020,PRD00047,83,30,49,0,64,0,1147068.8
INV00038104,2025-11-23,STR020,PRD00010,31,0,11,0,19,1,223714.36
INV00038105,2025-11-23,STR020,PRD00447,56,265,23,0,298,0,105986.68
INV00038106,2025-11-23,STR020,PRD00794,20,0,6,0,14,0,44246.02
INV00038107,2025-11-23,STR020,PRD00195,30,0,15,0,15,0,46632.75
INV00038108,2025-11-23,STR020,PRD01119,34,0,7,0,27,0,118216.8
INV00038109,2025-11-23,STR020,PRD01123,63,0,36,2,29,0,55165.54
INV00038110,2025-11-23,STR020,PRD00590,224,185,81,1,329,0,80006.22
INV00038111,2025-11-23,STR020,PRD00301,74,266,20,1,321,0,41816.67
INV00038112,2025-11-23,STR020,PRD01065,201,0,109,0,92,0,44009.12
INV00038113,2025-11-23,STR020,PRD00884,132,0,44,0,88,0,95597.92
INV00038114,2025-11-23,STR020,PRD00357,102,0,57,0,45,0,30460.5
INV00038115,2025-11-23,STR020,PRD00078,59,0,6,0,52,1,337550.72
INV00038116,2025-11-23,STR020,PRD00692,123,0,53,0,70,0,101213.0
INV00038117,2025-11-23,STR020,PRD00563,284,0,150,0,134,0,58097.04
INV00038118,2025-11-23,STR020,PRD01143,42,0,5,0,37,0,116820.84
INV00038119,2025-11-23,STR020,PRD00495,309,0,144,2,167,0,27433.09
INV00038120,2025-11-23,STR020,PRD01060,109,347,16,0,440,0,87274.0
INV00038121,2025-11-23,STR021,PRD00841,138,0,14,0,124,0,165944.24
INV00038122,2025-11-23,STR021,PRD00905,185,0,36,0,149,0,228399.12
INV00038123,2025-11-23,STR021,PRD00677,54,0,14,0,40,0,33339.6
INV00038124,2025-11-23,STR021,PRD00663,84,230,31,0,283,0,17800.7
INV00038125,2025-11-23,STR021,PRD00559,352,312,170,0,494,0,208250.64
INV00038126,2025-11-23,STR021,PRD00691,78,0,7,1,72,0,82794.96
INV00038127,2025-11-23,STR021,PRD00154,194,0,68,0,126,0,60091.92
INV00038128,2025-11-23,STR021,PRD00590,98,185,6,0,277,0,67360.86
INV00038129,2025-11-23,STR021,PRD01058,101,251,53,0,299,0,43360.98
INV00038130,2025-11-23,STR021,PRD00446,99,0,14,0,85,0,74919.85
INV00038131,2025-11-23,STR021,PRD00605,490,0,249,0,241,0,11821.05
INV00038132,2025-11-23,STR021,PRD00025,154,0,72,0,82,0,132598.1
INV00038133,2025-11-23,STR021,PRD00003,30,105,17,0,118,0,63040.32
INV00038134,2025-11-23,STR021,PRD00861,60,0,5,0,55,0,97559.0
INV00038135,2025-11-23,STR021,PRD00038,22,114,9,0,127,0,268418.31
INV00038136,2025-11-23,STR021,PRD00697,41,75,17,0,99,0,79944.48
INV00038137,2025-11-23,STR021,PRD00387,229,392,39,0,582,0,144510.6
INV00038138,2025-11-23,STR021,PRD00798,61,87,14,0,133,1,127886.15
INV00038139,2025-11-23,STR021,PRD00441,139,0,37,0,101,1,71415.08
INV00038140,2025-11-23,STR021,PRD00864,50,174,7,0,217,0,242619.02
INV00038141,2025-11-23,STR022,PRD00832,36,0,13,1,24,0,32886.72
INV00038142,2025-11-23,STR022,PRD00959,77,0,44,0,33,0,13288.77
INV00038143,2025-11-23,STR022,PRD00786,121,84,6,0,198,1,303631.02
INV00038144,2025-11-23,STR022,PRD00963,413,0,45,0,368,0,23463.68
INV00038145,2025-11-23,STR022,PRD01073,149,141,12,0,278,0,678445.1
INV00038146,2025-11-23,STR022,PRD00642,240,0,72,1,169,0,49047.18
INV00038147,2025-11-23,STR022,PRD00175,93,0,37,0,56,0,416352.72
INV00038148,2025-11-23,STR022,PRD00400,68,0,6,0,62,0,34191.76
INV00038149,2025-11-23,STR022,PRD01197,57,0,34,0,23,0,26707.14
INV00038150,2025-11-23,STR022,PRD00374,51,0,27,0,24,0,17719.92
INV00038151,2025-11-23,STR022,PRD00703,110,0,48,0,62,0,43434.1
INV00038152,2025-11-23,STR022,PRD01040,192,0,86,0,106,0,35061.62
INV00038153,2025-11-23,STR022,PRD00643,100,0,60,0,40,0,8704.0
INV00038154,2025-11-23,STR022,PRD00993,275,0,52,0,223,0,19383.16
INV00038155,2025-11-23,STR022,PRD01001,138,0,74,0,64,0,11415.68
INV00038156,2025-11-23,STR022,PRD00648,227,0,21,0,206,0,94197.62
INV00038157,2025-11-23,STR022,PRD00053,175,84,96,0,161,2,371831.11
INV00038158,2025-11-23,STR022,PRD00597,339,243,111,1,472,0,209483.04
INV00038159,2025-11-23,STR022,PRD00574,58,185,8,0,235,0,79561.6
INV00038160,2025-11-23,STR022,PRD00361,136,0,46,0,90,0,74313.0
INV00038161,2025-11-23,STR023,PRD00159,61,36,24,0,72,1,264709.44
INV00038162,2025-11-23,STR023,PRD00855,57,0,8,0,49,0,74751.95
INV00038163,2025-11-23,STR023,PRD00812,79,0,24,0,55,0,100281.5
INV00038164,2025-11-23,STR023,PRD00004,27,0,12,0,15,0,221125.95
INV00038165,2025-11-23,STR023,PRD01062,39,0,7,3,35,0,19007.1
INV00038166,2025-11-23,STR023,PRD00931,67,125,20,0,172,0,214463.36
INV00038167,2025-11-23,STR023,PRD00988,74,0,38,0,35,1,18637.5
INV00038168,2025-11-23,STR023,PRD00742,82,96,13,0,165,0,390762.9
INV00038169,2025-11-23,STR023,PRD00370,92,288,23,0,357,0,161124.81
INV00038170,2025-11-23,STR023,PRD00021,37,155,11,3,184,0,245419.2
INV00038171,2025-11-23,STR023,PRD00599,61,171,25,0,207,0,39199.59
INV00038172,2025-11-23,STR023,PRD00197,42,0,20,0,22,0,83138.66
INV00038173,2025-11-23,STR023,PRD00464,192,0,111,0,81,0,37137.69
INV00038174,2025-11-23,STR023,PRD00936,130,0,64,1,67,0,41575.51
INV00038175,2025-11-23,STR023,PRD01112,31,162,5,2,190,0,296056.1
INV00038176,2025-11-23,STR023,PRD00443,135,0,23,1,113,0,18877.78
INV00038177,2025-11-23,STR023,PRD00536,361,397,149,0,609,0,165008.55
INV00038178,2025-11-23,STR023,PRD00050,55,0,9,0,46,0,739497.38
INV00038179,2025-11-23,STR023,PRD00232,57,0,16,0,41,0,198578.17
INV00038180,2025-11-23,STR023,PRD00679,45,0,11,0,34,0,63428.36
INV00038181,2025-11-23,STR024,PRD00988,29,133,9,0,153,0,81472.5
INV00038182,2025-11-23,STR024,PRD00372,226,0,95,0,131,0,36153.38
INV00038183,2025-11-23,STR024,PRD00179,32,0,11,1,22,0,70565.88
INV00038184,2025-11-23,STR024,PRD00652,160,0,65,0,94,1,12878.0
INV00038185,2025-11-23,STR024,PRD00883,100,0,48,0,52,0,74748.96
INV00038186,2025-11-23,STR024,PRD00407,185,0,72,0,113,0,60274.2
INV00038187,2025-11-23,STR024,PRD00194,61,45,21,0,85,0,351922.1
INV00038188,2025-11-23,STR024,PRD00180,71,169,36,0,204,0,515463.12
INV00038189,2025-11-23,STR024,PRD00555,125,233,28,0,330,0,72530.7
INV00038190,2025-11-23,STR024,PRD00341,105,0,8,0,97,0,58739.32
INV00038191,2025-11-23,STR024,PRD00337,180,0,44,0,136,0,99474.48
INV00038192,2025-11-23,STR024,PRD00251,74,0,11,0,63,0,460281.78
INV00038193,2025-11-23,STR024,PRD00864,156,0,68,0,88,0,98389.28
INV00038194,2025-11-23,STR024,PRD00954,77,0,29,0,48,0,29518.08
INV00038195,2025-11-23,STR024,PRD00827,156,0,23,0,133,0,292146.47
INV00038196,2025-11-23,STR024,PRD00690,79,0,17,2,63,1,151037.46
INV00038197,2025-11-23,STR024,PRD00983,45,113,27,0,131,0,76488.28
INV00038198,2025-11-23,STR024,PRD01165,53,0,10,2,45,0,136291.05
INV00038199,2025-11-23,STR024,PRD00352,82,0,20,0,62,0,37007.8
INV00038200,2025-11-23,STR024,PRD00914,74,0,25,1,48,2,105634.56
INV00038201,2025-11-23,STR025,PRD00869,75,0,6,3,72,0,170380.8
INV00038202,2025-11-23,STR025,PRD00864,51,174,22,0,203,0,226966.18
INV00038203,2025-11-23,STR025,PRD00678,77,0,32,0,45,0,101470.95
INV00038204,2025-11-23,STR025,PRD00079,73,0,40,0,33,0,445030.41
INV00038205,2025-11-23,STR025,PRD00230,50,0,28,0,21,1,164553.48
INV00038206,2025-11-23,STR025,PRD00675,38,0,14,0,24,0,18202.32
INV00038207,2025-11-23,STR025,PRD00178,24,63,13,0,74,0,514280.02
INV00038208,2025-11-23,STR025,PRD00368,141,0,25,1,117,0,68787.81
INV00038209,2025-11-23,STR025,PRD00447,61,265,30,0,295,1,104919.7
INV00038210,2025-11-23,STR025,PRD01132,13,43,7,1,50,0,194556.0
INV00038211,2025-11-23,STR025,PRD00073,44,0,22,0,22,0,376714.8
INV00038212,2025-11-23,STR025,PRD00825,55,85,24,0,116,0,162688.84
INV00038213,2025-11-23,STR025,PRD00293,379,0,44,0,335,0,148237.5
INV00038214,2025-11-23,STR025,PRD00519,17,101,7,0,110,1,70719.0
INV00038215,2025-11-23,STR025,PRD00725,94,0,10,0,84,0,126981.96
INV00038216,2025-11-23,STR025,PRD00018,25,0,12,0,13,0,126999.47
INV00038217,2025-11-23,STR025,PRD00385,231,0,61,0,170,0,47348.4
INV00038218,2025-11-23,STR025,PRD00348,44,0,9,0,35,0,24292.1
INV00038219,2025-11-23,STR025,PRD00860,251,160,29,1,383,0,159906.33
INV00038220,2025-11-23,STR025,PRD00903,172,0,102,0,70,0,19278.7
INV00038221,2025-11-23,STR026,PRD00467,446,0,122,0,324,0,146788.2
INV00038222,2025-11-23,STR026,PRD00186,57,45,34,0,68,0,348492.52
INV00038223,2025-11-23,STR026,PRD01164,138,0,38,0,100,0,110871.0
INV00038224,2025-11-23,STR026,PRD00328,50,164,14,0,200,0,123802.0
INV00038225,2025-11-23,STR026,PRD00387,115,0,35,0,80,0,19864.0
INV00038226,2025-11-23,STR026,PRD01015,38,153,14,0,177,0,95778.24
INV00038227,2025-11-23,STR026,PRD00857,27,81,9,0,99,0,213923.16
INV00038228,2025-11-23,STR026,PRD00632,441,0,239,0,202,0,86872.12
INV00038229,2025-11-23,STR026,PRD00398,345,0,94,0,251,0,43510.85
INV00038230,2025-11-23,STR026,PRD00838,41,156,23,0,174,0,182151.9
INV00038231,2025-11-23,STR026,PRD00492,91,0,17,0,74,0,26790.96
INV00038232,2025-11-23,STR026,PRD00093,23,0,8,1,16,0,155265.12
INV00038233,2025-11-23,STR026,PRD00143,10,25,6,0,27,2,217567.62
INV00038234,2025-11-23,STR026,PRD00923,69,0,21,0,48,0,108591.84
INV00038235,2025-11-23,STR026,PRD00693,60,0,20,0,40,0,66856.8
INV00038236,2025-11-23,STR026,PRD00689,296,0,170,0,126,0,41936.58
INV00038237,2025-11-23,STR026,PRD00832,45,0,8,0,37,0,50700.36
INV00038238,2025-11-23,STR026,PRD01063,347,0,69,1,279,0,136260.81
INV00038239,2025-11-23,STR026,PRD00627,184,0,26,0,158,0,63786.18
INV00038240,2025-11-23,STR026,PRD01169,69,0,13,0,56,0,224078.96
INV00038241,2025-11-23,STR027,PRD00607,347,154,13,0,488,0,88498.8
INV00038242,2025-11-23,STR027,PRD00889,85,0,12,0,73,0,-9999.0
INV00038243,2025-11-23,STR027,PRD00333,111,0,6,0,105,0,58212.0
INV00038244,2025-11-23,STR027,PRD00243,115,0,32,0,83,0,115013.93
INV00038245,2025-11-23,STR027,PRD00837,139,0,26,0,113,0,267656.32
INV00038246,2025-11-23,STR027,PRD00567,103,198,16,0,285,0,64683.6
INV00038247,2025-11-23,STR027,PRD00424,456,279,121,0,614,0,231625.36
INV00038248,2025-11-23,STR027,PRD01123,25,109,7,1,128,0,243489.28
INV00038249,2025-11-23,STR027,PRD00493,112,381,14,0,479,0,213873.5
INV00038250,2025-11-23,STR027,PRD00094,61,0,32,2,31,0,384658.54
INV00038251,2025-11-23,STR027,PRD00014,105,0,7,2,100,0,458664.0
INV00038252,2025-11-23,STR027,PRD00497,254,0,28,0,226,0,109878.94
INV00038253,2025-11-23,STR027,PRD00440,203,294,6,0,491,0,157527.53
INV00038254,2025-11-23,STR027,PRD00628,210,0,28,0,182,0,38367.42
INV00038255,2025-11-23,STR027,PRD01135,137,0,27,0,108,2,136051.92
INV00038256,2025-11-23,STR027,PRD00215,16,0,7,0,9,0,58726.35
INV00038257,2025-11-23,STR027,PRD00762,52,0,14,0,38,0,34574.68
INV00038258,2025-11-23,STR027,PRD00562,158,316,6,3,441,0,222062.37
INV00038259,2025-11-23,STR027,PRD00595,70,239,30,0,279,0,101701.08
INV00038260,2025-11-23,STR027,PRD00895,198,0,108,0,90,0,26766.0
INV00038261,2025-11-23,STR028,PRD01135,145,0,62,0,83,0,104558.42
INV00038262,2025-11-23,STR028,PRD00725,48,0,22,0,26,0,39303.94
INV00038263,2025-11-23,STR028,PRD00204,94,174,45,0,-18,0,575364.53
INV00038264,2025-11-23,STR028,PRD00435,22,75,13,0,83,1,48486.11
INV00038265,2025-11-23,STR028,PRD00883,115,93,20,1,189,0,271683.72
INV00038266,2025-11-23,STR028,PRD00156,70,0,29,0,41,0,50509.95
INV00038267,2025-11-23,STR028,PRD00561,316,0,40,0,274,2,20684.26
INV00038268,2025-11-23,STR028,PRD00002,88,0,16,0,72,0,62704.8
INV00038269,2025-11-23,STR028,PRD00811,245,0,134,0,-14,1,15504.5
INV00038270,2025-11-23,STR028,PRD00520,148,0,60,0,88,0,35715.68
INV00038271,2025-11-23,STR028,PRD00298,39,0,21,0,18,0,11990.16
INV00038272,2025-11-23,STR028,PRD00469,141,0,84,0,56,1,21809.2
INV00038273,2025-11-23,STR028,PRD00839,56,0,20,0,36,0,65338.92
INV00038274,2025-11-23,STR028,PRD01129,206,0,65,0,141,0,39637.92
INV00038275,2025-11-23,STR028,PRD00621,271,0,53,0,218,0,51323.74
INV00038276,2025-11-23,STR028,PRD00089,31,0,17,0,14,0,257608.96
INV00038277,2025-11-23,STR028,PRD00553,356,0,58,0,298,0,25958.78
INV00038278,2025-11-23,STR028,PRD00893,47,125,21,0,151,0,91060.55
INV00038279,2025-11-23,STR028,PRD00515,221,0,7,0,214,0,101266.94
INV00038280,2025-11-23,STR028,PRD00123,55,0,7,0,48,0,268229.76
INV00038281,2025-11-23,STR029,PRD01016,205,0,95,0,110,0,17754.0
INV00038282,2025-11-23,STR029,PRD01082,116,0,52,1,65,0,51821.9
INV00038283,2025-11-23,STR029,PRD00778,29,94,9,0,114,0,64927.56
INV00038284,2025-11-23,STR029,PRD00457,52,0,30,3,25,0,13734.75
INV00038285,2025-11-23,STR029,PRD00114,93,0,50,0,43,0,529158.0
INV00038286,2025-11-23,STR029,PRD00573,202,0,40,3,165,0,4446.75
INV00038287,2025-11-23,STR029,PRD00299,19,143,11,0,151,0,124318.3
INV00038288,2025-11-23,STR029,PRD00937,59,396,34,0,421,0,74752.76
INV00038289,2025-11-23,STR029,PRD00188,23,43,6,0,60,0,241654.2
INV00038290,2025-11-23,STR029,PRD01101,69,0,41,0,28,0,74708.76
INV00038291,2025-11-23,STR029,PRD00127,34,0,15,0,19,0,200774.52
INV00038292,2025-11-23,STR029,PRD00917,75,0,28,0,47,0,46099.01
INV00038293,2025-11-23,STR029,PRD00708,156,0,59,0,97,0,182665.55
INV00038294,2025-11-23,STR029,PRD00527,133,0,59,0,74,0,54853.98
INV00038295,2025-11-23,STR029,PRD00756,180,0,105,1,76,0,167838.4
INV00038296,2025-11-23,STR029,PRD01192,64,0,19,0,45,0,182969.1
INV00038297,2025-11-23,STR029,PRD00749,91,0,38,1,54,0,132017.58
INV00038298,2025-11-23,STR029,PRD00032,59,0,26,0,33,0,488400.0
INV00038299,2025-11-23,STR029,PRD00655,161,0,29,0,132,0,6223.8
INV00038300,2025-11-23,STR029,PRD00139,54,0,27,0,27,0,48933.72
INV00038301,2025-11-23,STR030,PRD00472,33,212,12,0,233,0,103661.7
INV00038302,2025-11-23,STR030,PRD00562,105,316,40,0,380,1,179158.6
INV00038303,2025-11-23,STR030,PRD00692,26,132,13,0,145,0,209655.5
INV00038304,2025-11-23,STR030,PRD01050,347,195,11,0,531,0,174773.34
INV00038305,2025-11-23,STR030,PRD00480,225,0,22,0,203,0,17492.51
INV00038306,2025-11-23,STR030,PRD00265,53,0,28,1,26,0,75921.56
INV00038307,2025-11-23,STR030,PRD00510,124,366,24,0,466,0,200109.72
INV00038308,2025-11-23,STR030,PRD00587,77,354,33,1,399,0,68544.21
INV00038309,2025-11-23,STR030,PRD00033,20,138,12,0,145,1,258575.6
INV00038310,2025-11-23,STR030,PRD00075,47,0,18,0,29,0,204235.11
INV00038311,2025-11-23,STR030,PRD00788,112,0,19,0,93,0,195783.6
INV00038312,2025-11-23,STR030,PRD00028,115,0,45,0,70,0,184895.9
INV00038313,2025-11-23,STR030,PRD00222,70,30,34,0,66,0,434335.44
INV00038314,2025-11-23,STR030,PRD01069,181,0,78,0,103,0,111636.55
INV00038315,2025-11-23,STR030,PRD00956,82,0,46,0,36,0,20592.0
INV00038316,2025-11-23,STR030,PRD00384,26,174,7,0,193,0,99132.52
INV00038317,2025-11-23,STR030,PRD00389,44,122,12,0,154,0,113953.84
INV00038318,2025-11-23,STR030,PRD01094,41,0,13,1,29,0,110117.93
INV00038319,2025-11-23,STR030,PRD01055,230,0,38,0,192,0,51181.44
INV00038320,2025-11-23,STR030,PRD00530,93,0,9,0,82,2,46089.74
INV00038321,2025-11-23,STR031,PRD00488,98,0,29,0,69,0,57674.34
INV00038322,2025-11-23,STR031,PRD00411,115,0,51,0,64,0,40438.4
INV00038323,2025-11-23,STR031,PRD00514,25,96,13,0,107,1,97833.31
INV00038324,2025-11-23,STR031,PRD01103,76,0,41,0,35,0,83745.2
INV00038325,2025-11-23,STR031,PRD00485,95,0,41,0,54,0,32030.1
INV00038326,2025-11-23,STR031,PRD00387,219,392,127,0,484,0,120177.2
INV00038327,2025-11-23,STR031,PRD01023,164,0,72,2,94,0,12528.32
INV00038328,2025-11-23,STR031,PRD00059,43,0,22,1,20,2,245395.2
INV00038329,2025-11-23,STR031,PRD00829,85,0,5,0,80,0,123109.6
INV00038330,2025-11-23,STR031,PRD00912,105,373,12,0,466,0,142735.8
INV00038331,2025-11-23,STR031,PRD00037,38,0,7,0,31,0,519573.02
INV00038332,2025-11-23,STR031,PRD00453,93,178,17,0,254,0,240377.98
INV00038333,2025-11-23,STR031,PRD00452,74,0,11,0,62,1,54538.3
INV00038334,2025-11-23,STR031,PRD00018,32,0,16,0,16,0,156307.04
INV00038335,2025-11-23,STR031,PRD00395,165,0,53,0,112,0,41807.36
INV00038336,2025-11-23,STR031,PRD00403,98,290,34,0,354,0,48929.88
INV00038337,2025-11-23,STR031,PRD00236,47,0,12,0,35,0,139642.3
INV00038338,2025-11-23,STR031,PRD00152,23,0,11,0,12,0,65061.84
INV00038339,2025-11-23,STR031,PRD00774,70,0,7,0,62,1,96054.74
INV00038340,2025-11-23,STR031,PRD00760,68,63,21,0,110,0,349009.1
INV00038341,2025-11-23,STR032,PRD01108,62,0,30,0,32,0,73264.0
INV00038342,2025-11-23,STR032,PRD00763,105,0,42,0,63,0,179606.7
INV00038343,2025-11-23,STR032,PRD00563,307,0,30,0,277,0,120096.12
INV00038344,2025-11-23,STR032,PRD01143,17,69,6,0,80,0,252585.6
INV00038345,2025-11-23,STR032,PRD00077,22,53,12,0,63,0,760864.23
INV00038346,2025-11-23,STR032,PRD00730,109,0,6,0,103,0,265835.79
INV00038347,2025-11-23,STR032,PRD00184,42,0,7,0,35,0,90604.5
INV00038348,2025-11-23,STR032,PRD01178,50,0,30,0,20,0,70330.6
INV00038349,2025-11-23,STR032,PRD00722,47,0,9,0,38,0,44492.3
INV00038350,2025-11-23,STR032,PRD00952,46,146,26,0,166,0,83449.86
INV00038351,2025-11-23,STR032,PRD00078,56,66,18,1,105,0,681592.8
INV00038352,2025-11-23,STR032,PRD00123,58,73,23,1,109,0,609105.08
INV00038353,2025-11-23,STR032,PRD00882,70,0,35,0,35,0,76577.55
INV00038354,2025-11-23,STR032,PRD00631,209,0,81,2,130,0,54529.8
INV00038355,2025-11-23,STR032,PRD00456,351,0,91,2,262,0,44537.38
INV00038356,2025-11-23,STR032,PRD00789,114,165,28,0,251,0,736662.41
INV00038357,2025-11-23,STR032,PRD01192,24,0,8,1,17,0,69121.66
INV00038358,2025-11-23,STR032,PRD00460,52,152,19,0,184,1,122869.68
INV00038359,2025-11-23,STR032,PRD00151,18,28,8,0,38,0,141878.7
INV00038360,2025-11-23,STR032,PRD00774,126,0,69,1,58,0,89857.66
INV00038361,2025-11-23,STR033,PRD00704,21,114,9,0,125,1,88392.5
INV00038362,2025-11-23,STR033,PRD00318,238,0,59,2,181,0,21497.37
INV00038363,2025-11-23,STR033,PRD00315,132,372,17,0,487,0,137061.28
INV00038364,2025-11-23,STR033,PRD00771,61,0,10,1,52,0,74678.76
INV00038365,2025-11-23,STR033,PRD01052,47,396,26,0,417,0,134691.0
INV00038366,2025-11-23,STR033,PRD00067,89,139,31,2,199,0,536249.28
INV00038367,2025-11-23,STR033,PRD00761,97,375,35,0,437,0,117644.77
INV00038368,2025-11-23,STR033,PRD00116,47,54,24,0,77,0,1151541.93
INV00038369,2025-11-23,STR033,PRD00327,122,0,66,0,56,0,46716.32
INV00038370,2025-11-23,STR033,PRD00231,36,0,19,1,18,0,120691.62
INV00038371,2025-11-23,STR033,PRD01027,162,0,73,0,89,0,20089.08
INV00038372,2025-11-23,STR033,PRD00255,64,0,26,0,38,0,86764.26
INV00038373,2025-11-23,STR033,PRD00201,61,0,35,0,26,0,49129.34
INV00038374,2025-11-23,STR033,PRD00843,91,0,50,0,41,0,28267.86
INV00038375,2025-11-23,STR033,PRD01091,152,0,44,2,110,0,308973.5
INV00038376,2025-11-23,STR033,PRD00677,51,175,12,2,216,0,180033.84
INV00038377,2025-11-23,STR033,PRD00027,48,0,23,0,25,0,397166.0
INV00038378,2025-11-23,STR033,PRD01017,71,0,34,0,37,0,21892.53
INV00038379,2025-11-23,STR033,PRD01065,339,0,74,1,266,0,127243.76
INV00038380,2025-11-23,STR033,PRD01073,133,141,52,0,222,0,541779.9
INV00038381,2025-11-23,STR034,PRD01155,58,25,10,0,73,0,267246.43
INV00038382,2025-11-23,STR034,PRD00226,135,0,32,0,103,0,218567.03
INV00038383,2025-11-23,STR034,PRD00653,192,0,32,0,160,0,71641.6
INV00038384,2025-11-23,STR034,PRD00639,159,0,60,0,99,0,10138.59
INV00038385,2025-11-23,STR034,PRD00852,70,0,10,1,61,0,74105.24
INV00038386,2025-11-23,STR034,PRD00363,32,0,15,1,18,0,12426.3
INV00038387,2025-11-23,STR034,PRD01010,122,0,5,0,117,0,46743.84
INV00038388,2025-11-23,STR034,PRD00299,38,0,7,0,31,0,25522.3
INV00038389,2025-11-23,STR034,PRD00120,24,0,7,0,17,0,277188.74
INV00038390,2025-11-23,STR034,PRD00708,90,0,18,0,71,1,133703.65
INV00038391,2025-11-23,STR034,PRD00619,206,0,94,0,112,0,15604.96
INV00038392,2025-11-23,STR034,PRD01014,66,0,24,0,42,0,26715.36
INV00038393,2025-11-23,STR034,PRD00462,258,371,9,0,620,0,127261.2
INV00038394,2025-11-23,STR034,PRD00960,423,175,58,2,542,0,207260.8
INV00038395,2025-11-23,STR034,PRD00184,30,121,14,2,139,0,359829.3
INV00038396,2025-11-23,STR034,PRD00859,85,0,28,0,57,0,103178.55
INV00038397,2025-11-23,STR034,PRD00278,477,0,116,0,361,0,105437.27
INV00038398,2025-11-23,STR034,PRD00712,106,0,30,0,76,0,71983.4
INV00038399,2025-11-23,STR034,PRD00309,51,133,28,0,156,0,99395.4
INV00038400,2025-11-23,STR034,PRD00117,29,0,10,1,20,0,81060.4
INV00038401,2025-11-23,STR035,PRD00229,16,114,7,0,123,0,165914.7
INV00038402,2025-11-23,STR035,PRD00652,47,377,19,0,405,0,55485.0
INV00038403,2025-11-23,STR035,PRD01184,32,0,6,0,26,0,82750.2
INV00038404,2025-11-23,STR035,PRD00169,59,0,10,0,49,0,275804.83
INV00038405,2025-11-23,STR035,PRD01195,90,46,44,0,92,0,312637.16
INV00038406,2025-11-23,STR035,PRD00427,146,0,82,0,64,0,30992.64
INV00038407,2025-11-23,STR035,PRD00154,177,0,25,0,152,0,72491.84
INV00038408,2025-11-23,STR035,PRD00610,153,0,64,0,89,0,36821.97
INV00038409,2025-11-23,STR035,PRD00029,6,55,6,0,55,0,888658.65
INV00038410,2025-11-23,STR035,PRD00078,53,0,18,0,35,0,227197.6
INV00038411,2025-11-23,STR035,PRD00884,155,0,24,0,131,0,142310.54
INV00038412,2025-11-23,STR035,PRD00357,83,0,16,0,67,0,45352.3
INV00038413,2025-11-23,STR035,PRD00198,65,0,14,1,52,0,154771.76
INV00038414,2025-11-23,STR035,PRD00860,227,0,129,1,99,0,41333.49
INV00038415,2025-11-23,STR035,PRD00082,28,39,15,0,52,0,340726.88
INV00038416,2025-11-23,STR035,PRD00234,79,109,26,0,162,0,384594.48
INV00038417,2025-11-23,STR035,PRD00056,17,45,10,1,53,0,454793.53
INV00038418,2025-11-23,STR035,PRD01003,228,0,45,1,184,0,26922.88
INV00038419,2025-11-23,STR035,PRD01061,103,0,8,0,95,0,50875.35
INV00038420,2025-11-23,STR035,PRD00133,11,43,5,0,49,0,327358.22
INV00038421,2025-11-23,STR036,PRD00784,160,0,29,1,132,0,171869.28
INV00038422,2025-11-23,STR036,PRD01174,137,0,43,1,95,0,253172.15
INV00038423,2025-11-23,STR036,PRD00491,43,0,24,0,19,0,10007.49
INV00038424,2025-11-23,STR036,PRD00611,371,0,23,0,348,0,13157.88
INV00038425,2025-11-23,STR036,PRD01189,83,0,9,0,74,0,165565.38
INV00038426,2025-11-23,STR036,PRD00003,84,105,10,0,178,1,95094.72
INV00038427,2025-11-23,STR036,PRD00116,65,54,26,0,93,0,1390823.37
INV00038428,2025-11-23,STR036,PRD00776,110,160,23,0,247,0,169135.72
INV00038429,2025-11-23,STR036,PRD00947,134,367,13,0,488,0,101513.76
INV00038430,2025-11-23,STR036,PRD00064,90,0,44,1,-19,0,86042.9
INV00038431,2025-11-23,STR036,PRD00261,46,0,17,0,29,0,148436.79
INV00038432,2025-11-23,STR036,PRD00052,77,113,10,0,180,0,204674.4
INV00038433,2025-11-23,STR036,PRD00933,60,0,21,1,40,0,87212.0
INV00038434,2025-11-23,STR036,PRD00860,232,0,77,0,155,0,64714.05
INV00038435,2025-11-23,STR036,PRD00072,32,0,17,1,16,0,49993.44
INV00038436,2025-11-23,STR036,PRD00866,175,0,92,0,81,2,50411.97
INV00038437,2025-11-23,STR036,PRD00564,107,380,21,0,466,0,162154.02
INV00038438,2025-11-23,STR036,PRD00214,85,0,18,0,66,1,453397.56
INV00038439,2025-11-23,STR036,PRD00857,72,81,38,2,117,0,252818.28
INV00038440,2025-11-23,STR036,PRD01175,38,149,7,0,180,0,283086.0
INV00038441,2025-11-23,STR037,PRD00306,104,0,32,0,72,0,55579.68
INV00038442,2025-11-23,STR037,PRD01039,329,0,135,0,194,0,76424.36
INV00038443,2025-11-23,STR037,PRD00415,248,0,119,0,129,0,36918.51
INV00038444,2025-11-23,STR037,PRD00571,336,0,60,0,276,0,39603.24
INV00038445,2025-11-23,STR037,PRD00431,84,0,37,0,47,0,24496.4
INV00038446,2025-11-23,STR037,PRD00979,114,0,33,0,81,0,3031.83
INV00038447,2025-11-23,STR037,PRD00892,88,0,26,0,62,0,108004.62
INV00038448,2025-11-23,STR037,PRD00400,35,0,17,0,18,0,9926.64
INV00038449,2025-11-23,STR037,PRD00734,91,0,22,0,69,0,32415.51
INV00038450,2025-11-23,STR037,PRD01157,16,57,7,0,66,0,281517.06
INV00038451,2025-11-23,STR037,PRD00873,98,325,37,0,386,0,189699.7
INV00038452,2025-11-23,STR037,PRD00513,57,270,24,0,303,0,28106.28
INV00038453,2025-11-23,STR037,PRD00955,321,0,15,0,306,0,125735.4
INV00038454,2025-11-23,STR037,PRD01062,55,0,10,0,45,0,24437.7
INV00038455,2025-11-23,STR037,PRD00319,381,0,171,0,209,1,96936.29
INV00038456,2025-11-23,STR037,PRD00976,60,0,26,0,34,0,19808.74
INV00038457,2025-11-23,STR037,PRD00815,61,0,14,0,47,0,86836.73
INV00038458,2025-11-23,STR037,PRD01141,38,167,10,0,195,0,158076.75
INV00038459,2025-11-23,STR037,PRD01060,150,0,70,0,80,0,15868.0
INV00038460,2025-11-23,STR037,PRD00914,68,146,22,1,193,0,424738.96
INV00038461,2025-11-23,STR038,PRD01016,96,260,43,0,313,0,50518.2
INV00038462,2025-11-23,STR038,PRD00523,55,0,17,0,38,0,24933.32
INV00038463,2025-11-23,STR038,PRD00725,49,0,25,0,24,0,36280.56
INV00038464,2025-11-23,STR038,PRD00242,68,0,12,0,56,0,143228.96
INV00038465,2025-11-23,STR038,PRD00633,142,374,34,0,482,0,102617.8
INV00038466,2025-11-23,STR038,PRD00066,13,73,5,0,81,0,471481.56
INV00038467,2025-11-23,STR038,PRD00891,474,0,128,0,346,0,129296.74
INV00038468,2025-11-23,STR038,PRD00649,302,0,158,0,143,1,34171.28
INV00038469,2025-11-23,STR038,PRD01015,50,0,24,0,26,0,14069.12
INV00038470,2025-11-23,STR038,PRD00805,74,0,12,0,61,1,131992.41
INV00038471,2025-11-23,STR038,PRD00085,49,0,5,0,44,0,786525.52
INV00038472,2025-11-23,STR038,PRD00241,61,0,30,0,31,0,173102.14
INV00038473,2025-11-23,STR038,PRD00863,130,0,25,0,105,0,78231.3
INV00038474,2025-11-23,STR038,PRD00274,65,398,32,0,431,0,183502.56
INV00038475,2025-11-23,STR038,PRD00445,111,0,30,0,81,0,27156.87
INV00038476,2025-11-23,STR038,PRD01161,107,0,36,0,71,0,157546.16
INV00038477,2025-11-23,STR038,PRD00422,196,0,14,0,182,0,30381.26
INV00038478,2025-11-23,STR038,PRD00448,78,154,14,1,219,0,113564.64
INV00038479,2025-11-23,STR038,PRD00591,262,0,125,2,139,0,50558.47
INV00038480,2025-11-23,STR038,PRD00832,92,0,31,0,60,1,82216.8
INV00038481,2025-11-23,STR039,PRD00211,42,0,13,0,29,0,142826.45
INV00038482,2025-11-23,STR039,PRD00439,278,375,46,0,607,0,58035.27
INV00038483,2025-11-23,STR039,PRD00854,97,0,8,0,89,0,130645.77
INV00038484,2025-11-23,STR039,PRD00898,111,0,65,3,49,0,89875.8
INV00038485,2025-11-23,STR039,PRD00488,57,0,24,0,33,0,27583.38
INV00038486,2025-11-23,STR039,PRD00798,52,87,21,0,118,0,113462.9
INV00038487,2025-11-23,STR039,PRD00314,73,0,16,0,57,0,21227.37
INV00038488,2025-11-23,STR039,PRD00576,317,250,69,0,498,0,164618.88
INV00038489,2025-11-23,STR039,PRD00471,150,305,29,0,425,1,210523.75
INV00038490,2025-11-23,STR039,PRD00114,57,0,27,1,31,0,381486.0
INV00038491,2025-11-23,STR039,PRD00899,39,112,8,0,143,0,208602.68
INV00038492,2025-11-23,STR039,PRD01081,64,44,13,0,95,0,334716.35
INV00038493,2025-11-23,STR039,PRD01006,61,0,13,0,48,0,29121.12
INV00038494,2025-11-23,STR039,PRD00999,51,0,23,0,28,0,16431.8
INV00038495,2025-11-23,STR039,PRD00505,28,0,15,0,13,0,11186.11
INV00038496,2025-11-23,STR039,PRD00456,240,0,20,0,220,0,37397.8
INV00038497,2025-11-23,STR039,PRD00221,15,0,9,0,6,0,34625.34
INV00038498,2025-11-23,STR039,PRD00441,85,0,18,0,67,0,47374.36
INV00038499,2025-11-23,STR039,PRD00113,15,65,7,0,71,2,843216.59
INV00038500,2025-11-23,STR039,PRD00779,76,141,6,0,211,0,210639.19
INV00038501,2025-11-23,STR040,PRD00630,104,0,45,0,58,1,20964.1
INV00038502,2025-11-23,STR040,PRD00080,21,70,5,2,87,1,1133384.67
INV00038503,2025-11-23,STR040,PRD00804,149,0,70,0,79,0,44617.62
INV00038504,2025-11-23,STR040,PRD00889,104,121,60,0,165,0,243234.75
INV00038505,2025-11-23,STR040,PRD00722,89,0,18,0,71,0,83130.35
INV00038506,2025-11-23,STR040,PRD01157,58,57,22,0,93,0,396683.13
INV00038507,2025-11-23,STR040,PRD00305,124,128,56,0,196,0,120598.8
INV00038508,2025-11-23,STR040,PRD00661,167,0,57,0,110,0,31204.8
INV00038509,2025-11-23,STR040,PRD00763,65,0,15,0,50,0,142545.0
INV00038510,2025-11-23,STR040,PRD00574,172,0,62,0,110,0,37241.6
INV00038511,2025-11-23,STR040,PRD00413,161,0,28,0,133,0,39941.23
INV00038512,2025-11-23,STR040,PRD00773,160,116,63,0,213,0,110429.85
INV00038513,2025-11-23,STR040,PRD00733,140,0,32,0,108,0,236192.76
INV00038514,2025-11-23,STR040,PRD00156,23,106,9,0,120,0,147834.0
INV00038515,2025-11-23,STR040,PRD00444,254,386,13,3,630,0,180154.8
INV00038516,2025-11-23,STR040,PRD00347,108,0,55,0,53,0,35470.78
INV00038517,2025-11-23,STR040,PRD00346,32,0,13,0,19,0,12057.78
INV00038518,2025-11-23,STR040,PRD00284,72,264,36,1,301,0,31162.53
INV00038519,2025-11-23,STR040,PRD00152,50,0,21,0,29,0,157232.78
INV00038520,2025-11-23,STR040,PRD01114,72,73,29,0,116,0,414507.44
INV00038521,2025-11-23,STR041,PRD00513,53,270,11,0,312,0,28941.12
INV00038522,2025-11-23,STR041,PRD00631,325,0,185,0,140,0,58724.4
INV00038523,2025-11-23,STR041,PRD00844,192,0,17,0,175,0,389299.75
INV00038524,2025-11-23,STR041,PRD00131,48,0,8,0,40,0,361297.2
INV00038525,2025-11-23,STR041,PRD00213,11,75,5,0,80,1,447768.8
INV00038526,2025-11-23,STR041,PRD00353,124,0,53,0,71,0,37616.51
INV00038527,2025-11-23,STR041,PRD00656,191,0,64,0,127,0,17919.7
INV00038528,2025-11-23,STR041,PRD00637,371,391,81,0,681,0,145461.6
INV00038529,2025-11-23,STR041,PRD00970,451,0,247,0,204,0,48913.08
INV00038530,2025-11-23,STR041,PRD00458,349,388,114,0,623,0,277808.16
INV00038531,2025-11-23,STR041,PRD00868,151,0,25,0,126,0,114938.46
INV00038532,2025-11-23,STR041,PRD00952,82,0,27,0,25,0,27649.05
INV00038533,2025-11-23,STR041,PRD00147,40,0,17,0,23,0,144882.29
INV00038534,2025-11-23,STR041,PRD00488,29,93,9,0,113,0,94452.18
INV00038535,2025-11-23,STR041,PRD00045,33,0,18,0,15,0,207332.7
INV00038536,2025-11-23,STR041,PRD00681,145,0,21,1,125,0,337022.5
INV00038537,2025-11-23,STR041,PRD00628,111,275,34,0,352,0,74205.12
INV00038538,2025-11-23,STR041,PRD00638,139,0,75,0,64,0,7373.44
INV00038539,2025-11-23,STR041,PRD00884,177,152,75,0,254,0,275930.36
INV00038540,2025-11-23,STR041,PRD00106,166,0,74,2,94,0,233811.84
INV00038541,2025-11-30,STR001,PRD00520,172,209,60,1,322,0,130686.92
INV00038542,2025-11-30,STR001,PRD00684,112,0,24,0,88,0,216967.52
INV00038543,2025-11-30,STR001,PRD01138,78,0,30,0,48,0,133886.88
INV00038544,2025-11-30,STR001,PRD00764,18,171,10,0,179,0,328663.69
INV00038545,2025-11-30,STR001,PRD00098,98,0,15,0,83,0,847098.83
INV00038546,2025-11-30,STR001,PRD00803,92,0,19,0,73,0,89406.02
INV00038547,2025-11-30,STR001,PRD00247,23,0,7,0,16,0,79878.72
INV00038548,2025-11-30,STR001,PRD00089,19,0,10,0,9,0,165605.76
INV00038549,2025-11-30,STR001,PRD00774,36,158,19,0,175,0,271122.25
INV00038550,2025-11-30,STR001,PRD00391,187,0,80,0,107,0,37172.87
INV00038551,2025-11-30,STR001,PRD00633,330,0,141,0,189,0,40238.1
INV00038552,2025-11-30,STR001,PRD00465,196,0,21,0,175,0,77490.0
INV00038553,2025-11-30,STR001,PRD01062,25,87,15,0,97,0,52676.82
INV00038554,2025-11-30,STR001,PRD00599,210,0,81,0,129,0,24428.73
INV00038555,2025-11-30,STR001,PRD00025,134,0,53,2,83,0,134215.15
INV00038556,2025-11-30,STR001,PRD01106,124,0,65,0,59,0,98480.44
INV00038557,2025-11-30,STR001,PRD00761,256,0,12,0,244,0,65687.24
INV00038558,2025-11-30,STR001,PRD00490,149,155,5,0,299,0,41354.69
INV00038559,2025-11-30,STR001,PRD01199,31,0,18,0,13,0,44156.45
INV00038560,2025-11-30,STR001,PRD00145,137,0,79,0,58,0,97892.98
INV00038561,2025-11-30,STR002,PRD01083,32,0,12,0,20,0,78434.4
INV00038562,2025-11-30,STR002,PRD01012,188,0,45,0,142,1,82726.36
INV00038563,2025-11-30,STR002,PRD00751,160,0,23,2,139,0,269710.04
INV00038564,2025-11-30,STR002,PRD01129,197,0,49,1,149,0,41886.88
INV00038565,2025-11-30,STR002,PRD01128,129,0,30,0,98,1,141186.64
INV00038566,2025-11-30,STR002,PRD00254,20,0,5,0,14,1,94866.94
INV00038567,2025-11-30,STR002,PRD00117,10,70,6,1,75,0,303976.5
INV00038568,2025-11-30,STR002,PRD00313,37,88,7,0,118,0,75442.12
INV00038569,2025-11-30,STR002,PRD00774,70,0,17,0,53,0,82111.31
INV00038570,2025-11-30,STR002,PRD00070,36,0,11,1,25,1,275950.25
INV00038571,2025-11-30,STR002,PRD00652,45,377,6,1,417,0,57129.0
INV00038572,2025-11-30,STR002,PRD00835,50,145,7,0,188,0,189541.6
INV00038573,2025-11-30,STR002,PRD01119,54,0,13,0,41,0,179514.4
INV00038574,2025-11-30,STR002,PRD00447,89,265,45,2,311,0,110610.26
INV00038575,2025-11-30,STR002,PRD00684,37,0,15,0,22,0,54241.88
INV00038576,2025-11-30,STR002,PRD00624,88,318,46,0,360,0,31348.8
INV00038577,2025-11-30,STR002,PRD01193,22,156,6,0,172,0,178004.52
INV00038578,2025-11-30,STR002,PRD00150,145,0,53,0,92,0,82566.32
INV00038579,2025-11-30,STR002,PRD00772,99,0,26,0,73,0,48142.77
INV00038580,2025-11-30,STR002,PRD00132,26,39,10,0,55,0,974911.85
INV00038581,2025-11-30,STR003,PRD01112,136,0,81,0,55,0,85700.45
INV00038582,2025-11-30,STR003,PRD00073,37,0,12,0,25,0,428085.0
INV00038583,2025-11-30,STR003,PRD00220,45,0,24,0,21,0,95790.24
INV00038584,2025-11-30,STR003,PRD00457,33,0,19,0,14,0,7691.46
INV00038585,2025-11-30,STR003,PRD00934,78,152,14,0,216,0,391191.12
INV00038586,2025-11-30,STR003,PRD00551,336,0,148,0,188,0,80947.16
INV00038587,2025-11-30,STR003,PRD01054,340,205,13,1,533,0,89522.68
INV00038588,2025-11-30,STR003,PRD00603,296,221,130,0,387,0,50681.52
INV00038589,2025-11-30,STR003,PRD00883,23,93,9,0,107,0,153810.36
INV00038590,2025-11-30,STR003,PRD00076,78,55,40,0,93,0,997478.01
INV00038591,2025-11-30,STR003,PRD00227,63,0,16,0,47,0,167679.55
INV00038592,2025-11-30,STR003,PRD00965,192,0,93,0,99,0,4797.54
INV00038593,2025-11-30,STR003,PRD01084,38,0,7,0,30,1,126341.7
INV00038594,2025-11-30,STR003,PRD00441,77,171,21,0,227,0,160507.16
INV00038595,2025-11-30,STR003,PRD01097,58,0,5,0,53,0,108875.25
INV00038596,2025-11-30,STR003,PRD00028,66,0,10,0,106,0,147916.72
INV00038597,2025-11-30,STR003,PRD00738,56,0,17,0,39,0,26794.56
INV00038598,2025-11-30,STR003,PRD00748,85,0,23,0,61,1,110738.18
INV00038599,2025-11-30,STR003,PRD00096,101,0,22,0,79,0,91220.51
INV00038600,2025-11-30,STR003,PRD00616,165,0,82,1,83,1,26072.79
INV00038601,2025-11-30,STR004,PRD01062,61,0,7,0,54,0,29325.24
INV00038602,2025-11-30,STR004,PRD01200,117,0,42,0,75,0,64935.0
INV00038603,2025-11-30,STR004,PRD00751,58,0,25,0,33,0,64031.88
INV00038604,2025-11-30,STR004,PRD00326,103,168,40,0,231,0,157410.33
INV00038605,2025-11-30,STR004,PRD00814,158,0,29,0,129,0,243728.73
INV00038606,2025-11-30,STR004,PRD00704,83,0,32,0,51,0,36064.14
INV00038607,2025-11-30,STR004,PRD01089,41,0,15,0,26,0,98722.52
INV00038608,2025-11-30,STR004,PRD00247,23,0,12,0,11,0,54916.62
INV00038609,2025-11-30,STR004,PRD00199,74,0,33,2,42,1,56082.6
INV00038610,2025-11-30,STR004,PRD00394,222,0,58,1,164,1,35835.64
INV00038611,2025-11-30,STR004,PRD00680,83,0,27,0,56,0,157080.0
INV00038612,2025-11-30,STR004,PRD00682,37,92,19,0,110,0,269200.8
INV00038613,2025-11-30,STR004,PRD01107,56,0,9,0,47,0,34551.11
INV00038614,2025-11-30,STR004,PRD00508,300,0,55,1,246,0,27042.78
INV00038615,2025-11-30,STR004,PRD00084,52,0,30,1,23,0,190756.71
INV00038616,2025-11-30,STR004,PRD00282,153,375,72,0,456,0,214424.88
INV00038617,2025-11-30,STR004,PRD00301,221,0,30,0,191,0,24881.57
INV00038618,2025-11-30,STR004,PRD00889,30,121,8,0,143,0,210803.45
INV00038619,2025-11-30,STR004,PRD00936,191,0,22,0,169,0,104869.57
INV00038620,2025-11-30,STR004,PRD00162,94,38,39,0,93,0,621801.72
INV00038621,2025-11-30,STR005,PRD00896,104,0,44,0,60,0,8701.8
INV00038622,2025-11-30,STR005,PRD00132,35,0,19,0,16,0,283610.72
INV00038623,2025-11-30,STR005,PRD00898,54,164,5,0,213,0,390684.6
INV00038624,2025-11-30,STR005,PRD00085,56,48,7,0,97,0,1733931.26
INV00038625,2025-11-30,STR005,PRD00974,201,320,12,0,509,0,54340.84
INV00038626,2025-11-30,STR005,PRD00385,217,0,64,0,153,0,42613.56
INV00038627,2025-11-30,STR005,PRD00879,130,0,74,1,57,0,92011.11
INV00038628,2025-11-30,STR005,PRD01115,188,0,64,0,124,0,298139.4
INV00038629,2025-11-30,STR005,PRD00750,64,0,14,0,50,0,107249.0
INV00038630,2025-11-30,STR005,PRD00717,234,0,26,0,208,0,54543.84
INV00038631,2025-11-30,STR005,PRD00373,181,0,35,0,146,0,12488.84
INV00038632,2025-11-30,STR005,PRD00905,178,0,12,0,166,0,254458.08
INV00038633,2025-11-30,STR005,PRD00718,46,0,12,3,36,1,60335.64
INV00038634,2025-11-30,STR005,PRD00936,117,158,25,0,249,1,154511.97
INV00038635,2025-11-30,STR005,PRD00886,21,121,7,0,135,0,127534.5
INV00038636,2025-11-30,STR005,PRD00266,27,52,10,0,-13,0,557926.41
INV00038637,2025-11-30,STR005,PRD00705,171,186,99,1,259,0,85063.37
INV00038638,2025-11-30,STR005,PRD00860,117,0,19,0,98,0,40915.98
INV00038639,2025-11-30,STR005,PRD00248,26,0,15,1,12,0,82530.12
INV00038640,2025-11-30,STR005,PRD00171,51,0,21,3,33,0,150248.67
INV00038641,2025-11-30,STR006,PRD00388,318,0,41,1,278,0,71304.22
INV00038642,2025-11-30,STR006,PRD00019,17,0,9,0,8,0,51196.4
INV00038643,2025-11-30,STR006,PRD01171,130,0,6,0,124,0,325362.36
INV00038644,2025-11-30,STR006,PRD00319,168,340,89,0,419,0,194336.39
INV00038645,2025-11-30,STR006,PRD00886,68,0,11,0,57,0,53847.9
INV00038646,2025-11-30,STR006,PRD01029,97,123,33,0,186,1,101064.96
INV00038647,2025-11-30,STR006,PRD01062,37,0,8,0,28,1,15205.68
INV00038648,2025-11-30,STR006,PRD00082,17,0,7,0,10,0,65524.4
INV00038649,2025-11-30,STR006,PRD00695,96,89,6,0,179,0,228486.34
INV00038650,2025-11-30,STR006,PRD00895,330,0,71,0,258,1,76729.2
INV00038651,2025-11-30,STR006,PRD00549,78,168,24,0,222,0,84892.8
INV00038652,2025-11-30,STR006,PRD00188,82,0,26,0,55,1,221516.35
INV00038653,2025-11-30,STR006,PRD00514,34,96,10,0,120,0,109719.6
INV00038654,2025-11-30,STR006,PRD00874,137,0,82,1,56,0,130618.88
INV00038655,2025-11-30,STR006,PRD00913,98,0,26,0,72,0,155556.0
INV00038656,2025-11-30,STR006,PRD01137,118,0,12,0,106,0,113872.62
INV00038657,2025-11-30,STR006,PRD00765,175,0,96,0,79,0,72754.26
INV00038658,2025-11-30,STR006,PRD00975,32,0,11,0,21,0,12568.5
INV00038659,2025-11-30,STR006,PRD00879,137,0,8,0,129,0,208235.67
INV00038660,2025-11-30,STR006,PRD00945,43,142,12,1,173,1,95191.52
INV00038661,2025-11-30,STR007,PRD01013,212,0,102,2,112,0,16602.88
INV00038662,2025-11-30,STR007,PRD00098,80,0,17,1,64,0,653184.64
INV00038663,2025-11-30,STR007,PRD00524,258,0,12,0,246,0,26199.0
INV00038664,2025-11-30,STR007,PRD00171,27,0,6,0,21,0,95612.79
INV00038665,2025-11-30,STR007,PRD01109,57,0,13,0,44,0,121810.48
INV00038666,2025-11-30,STR007,PRD01065,101,332,25,0,408,0,195170.88
INV00038667,2025-11-30,STR007,PRD00878,111,0,29,0,82,0,65317.92
INV00038668,2025-11-30,STR007,PRD00361,74,0,34,2,41,1,33853.7
INV00038669,2025-11-30,STR007,PRD00893,101,0,5,0,96,0,57892.8
INV00038670,2025-11-30,STR007,PRD01139,21,166,7,1,181,0,333865.36
INV00038671,2025-11-30,STR007,PRD00714,73,0,15,0,58,0,78184.58
INV00038672,2025-11-30,STR007,PRD00742,72,0,43,0,29,0,68679.54
INV00038673,2025-11-30,STR007,PRD00302,221,0,84,0,137,0,30837.33
INV00038674,2025-11-30,STR007,PRD00077,60,0,24,2,38,0,458933.98
INV00038675,2025-11-30,STR007,PRD00540,223,0,10,0,213,0,82776.06
INV00038676,2025-11-30,STR007,PRD00432,40,176,14,0,202,0,130702.08
INV00038677,2025-11-30,STR007,PRD00116,31,0,8,0,23,0,343967.07
INV00038678,2025-11-30,STR007,PRD01074,52,0,17,0,35,0,114420.25
INV00038679,2025-11-30,STR007,PRD00119,16,0,7,1,10,0,160345.7
INV00038680,2025-11-30,STR007,PRD00564,101,380,34,0,447,0,155542.59
INV00038681,2025-11-30,STR008,PRD00539,203,0,30,0,173,0,8257.29
INV00038682,2025-11-30,STR008,PRD01104,22,50,7,0,65,0,226743.4
INV00038683,2025-11-30,STR008,PRD00690,68,0,32,1,37,0,88704.54
INV00038684,2025-11-30,STR008,PRD00486,354,0,99,0,255,0,31505.25
INV00038685,2025-11-30,STR008,PRD00170,36,159,14,0,181,0,166246.69
INV00038686,2025-11-30,STR008,PRD00626,118,0,26,0,91,1,6909.63
INV00038687,2025-11-30,STR008,PRD00269,139,0,44,0,95,0,9482.9
INV00038688,2025-11-30,STR008,PRD00823,78,175,43,1,210,1,360714.9
INV00038689,2025-11-30,STR008,PRD00445,72,0,7,1,66,0,22127.82
INV00038690,2025-11-30,STR008,PRD00475,41,173,9,0,205,0,116636.8
INV00038691,2025-11-30,STR008,PRD00843,16,112,9,0,119,0,82045.74
INV00038692,2025-11-30,STR008,PRD00815,122,168,46,0,244,0,450811.96
INV00038693,2025-11-30,STR008,PRD00440,64,294,32,0,326,0,104590.58
INV00038694,2025-11-30,STR008,PRD00574,63,185,11,0,237,0,80238.72
INV00038695,2025-11-30,STR008,PRD00655,268,354,16,0,606,0,28572.9
INV00038696,2025-11-30,STR008,PRD00851,145,139,65,0,219,0,422098.41
INV00038697,2025-11-30,STR008,PRD00752,44,0,7,0,37,0,111846.93
INV00038698,2025-11-30,STR008,PRD01022,66,0,34,0,32,0,20112.32
INV00038699,2025-11-30,STR008,PRD00910,70,151,22,0,199,0,314358.31
INV00038700,2025-11-30,STR008,PRD00711,23,167,6,0,184,0,249445.12
INV00038701,2025-11-30,STR009,PRD00012,20,0,8,1,13,0,53577.55
INV00038702,2025-11-30,STR009,PRD01010,90,183,25,1,249,0,99480.48
INV00038703,2025-11-30,STR009,PRD00227,88,0,52,0,36,0,128435.4
INV00038704,2025-11-30,STR009,PRD01027,128,399,70,0,457,0,103154.04
INV00038705,2025-11-30,STR009,PRD00674,100,0,29,0,71,0,112931.89
INV00038706,2025-11-30,STR009,PRD00409,21,176,10,0,187,0,138026.57
INV00038707,2025-11-30,STR009,PRD00682,132,0,32,0,100,0,244728.0
INV00038708,2025-11-30,STR009,PRD00138,26,158,8,0,176,0,468506.72
INV00038709,2025-11-30,STR009,PRD00448,117,154,55,0,216,0,112008.96
INV00038710,2025-11-30,STR009,PRD00879,126,0,18,0,108,0,174336.84
INV00038711,2025-11-30,STR009,PRD00117,54,70,15,0,109,0,441779.18
INV00038712,2025-11-30,STR009,PRD00918,63,0,15,0,48,0,95397.12
INV00038713,2025-11-30,STR009,PRD01045,196,263,69,2,392,0,184726.08
INV00038714,2025-11-30,STR009,PRD00990,117,0,54,1,64,0,22450.56
INV00038715,2025-11-30,STR009,PRD01115,144,130,21,0,252,1,605896.2
INV00038716,2025-11-30,STR009,PRD00038,59,0,22,0,37,0,78200.61
INV00038717,2025-11-30,STR009,PRD00295,77,0,21,1,57,0,32403.93
INV00038718,2025-11-30,STR009,PRD00127,14,48,6,1,57,0,602323.56
INV00038719,2025-11-30,STR009,PRD00017,84,0,38,0,46,0,207229.08
INV00038720,2025-11-30,STR009,PRD00496,98,0,32,0,66,0,59561.04
INV00038721,2025-11-30,STR010,PRD00438,370,0,65,0,305,0,148501.45
INV00038722,2025-11-30,STR010,PRD00899,48,0,18,0,30,0,43762.8
INV00038723,2025-11-30,STR010,PRD00813,124,82,70,0,136,0,273279.76
INV00038724,2025-11-30,STR010,PRD00254,33,0,17,0,16,0,108419.36
INV00038725,2025-11-30,STR010,PRD00193,19,32,6,0,44,1,184425.12
INV00038726,2025-11-30,STR010,PRD01065,113,332,32,0,413,0,197562.68
INV00038727,2025-11-30,STR010,PRD00930,52,0,22,1,31,0,73325.54
INV00038728,2025-11-30,STR010,PRD01131,46,0,16,0,28,2,95914.84
INV00038729,2025-11-30,STR010,PRD01063,362,0,28,0,334,0,163122.26
INV00038730,2025-11-30,STR010,PRD00453,142,0,43,0,99,0,93690.63
INV00038731,2025-11-30,STR010,PRD00618,149,0,79,1,71,0,12995.13
INV00038732,2025-11-30,STR010,PRD00284,97,264,39,0,322,0,33336.66
INV00038733,2025-11-30,STR010,PRD00537,252,0,94,0,157,1,12368.46
INV00038734,2025-11-30,STR010,PRD00906,68,0,16,0,52,0,110043.44
INV00038735,2025-11-30,STR010,PRD00416,144,0,47,1,98,0,67795.42
INV00038736,2025-11-30,STR010,PRD00659,226,0,96,0,130,0,28449.2
INV00038737,2025-11-30,STR010,PRD01186,93,0,23,0,70,0,105154.0
INV00038738,2025-11-30,STR010,PRD01193,73,0,41,0,32,0,33117.12
INV00038739,2025-11-30,STR010,PRD00636,246,216,147,1,316,0,142971.04
INV00038740,2025-11-30,STR010,PRD00480,404,0,46,0,358,0,30848.86
INV00038741,2025-11-30,STR011,PRD00766,80,0,27,1,54,0,73871.46
INV00038742,2025-11-30,STR011,PRD01081,70,0,27,0,43,0,151503.19
INV00038743,2025-11-30,STR011,PRD01120,29,0,15,1,15,0,65999.4
INV00038744,2025-11-30,STR011,PRD00792,55,0,7,0,48,0,140416.32
INV00038745,2025-11-30,STR011,PRD00642,46,152,19,0,179,0,51949.38
INV00038746,2025-11-30,STR011,PRD00330,143,299,6,0,436,0,73622.96
INV00038747,2025-11-30,STR011,PRD00507,123,0,14,1,110,0,23688.5
INV00038748,2025-11-30,STR011,PRD01141,80,0,38,0,42,0,34047.3
INV00038749,2025-11-30,STR011,PRD00153,30,0,12,0,18,0,142598.16
INV00038750,2025-11-30,STR011,PRD00941,132,163,73,0,222,0,113461.98
INV00038751,2025-11-30,STR011,PRD00436,30,87,11,1,107,0,54323.9
INV00038752,2025-11-30,STR011,PRD00302,167,0,88,0,79,0,17782.11
INV00038753,2025-11-30,STR011,PRD00917,125,0,13,0,112,0,109852.96
INV00038754,2025-11-30,STR011,PRD00956,127,0,60,0,67,0,38324.0
INV00038755,2025-11-30,STR011,PRD01171,135,0,47,0,87,1,228278.43
INV00038756,2025-11-30,STR011,PRD00829,43,0,24,0,19,0,29238.53
INV00038757,2025-11-30,STR011,PRD00541,175,0,8,0,167,0,67730.19
INV00038758,2025-11-30,STR011,PRD00188,50,0,13,0,37,0,149020.09
INV00038759,2025-11-30,STR011,PRD00157,79,0,26,0,53,0,230825.07
INV00038760,2025-11-30,STR011,PRD00785,27,151,10,0,168,0,462811.44
INV00038761,2025-11-30,STR012,PRD00758,76,0,36,0,40,0,126730.8
INV00038762,2025-11-30,STR012,PRD00878,76,0,24,0,51,1,40624.56
INV00038763,2025-11-30,STR012,PRD00577,195,244,95,0,344,0,65112.32
INV00038764,2025-11-30,STR012,PRD00645,207,0,62,0,145,0,47910.9
INV00038765,2025-11-30,STR012,PRD00076,57,0,21,0,36,0,386120.52
INV00038766,2025-11-30,STR012,PRD01181,29,77,16,0,90,0,115454.7
INV00038767,2025-11-30,STR012,PRD00265,92,0,53,0,39,0,113882.34
INV00038768,2025-11-30,STR012,PRD00072,23,36,9,0,50,0,156229.5
INV00038769,2025-11-30,STR012,PRD00280,191,0,57,0,134,0,41723.58
INV00038770,2025-11-30,STR012,PRD00975,75,0,23,0,52,0,31122.0
INV00038771,2025-11-30,STR012,PRD00750,40,0,14,0,26,0,55769.48
INV00038772,2025-11-30,STR012,PRD00287,303,0,24,0,279,0,76540.86
INV00038773,2025-11-30,STR012,PRD01110,117,129,40,1,207,0,120289.77
INV00038774,2025-11-30,STR012,PRD01163,63,43,9,0,97,0,360457.82
INV00038775,2025-11-30,STR012,PRD00329,133,0,10,1,124,0,69515.64
INV00038776,2025-11-30,STR012,PRD00369,262,0,59,3,206,0,99392.94
INV00038777,2025-11-30,STR012,PRD00981,270,177,5,0,442,0,23974.08
INV00038778,2025-11-30,STR012,PRD00210,14,0,8,0,4,2,22132.8
INV00038779,2025-11-30,STR012,PRD00715,31,0,12,0,19,0,37696.0
INV00038780,2025-11-30,STR012,PRD00224,63,0,24,1,40,0,137624.4
INV00038781,2025-11-30,STR013,PRD00905,164,0,18,0,146,0,223800.48
INV00038782,2025-11-30,STR013,PRD00699,74,86,15,0,145,0,220730.6
INV00038783,2025-11-30,STR013,PRD01095,43,109,17,2,137,0,359072.89
INV00038784,2025-11-30,STR013,PRD01190,31,0,8,0,23,0,86717.13
INV00038785,2025-11-30,STR013,PRD00674,106,0,22,0,84,0,133609.56
INV00038786,2025-11-30,STR013,PRD00384,90,0,30,0,60,0,30818.4
INV00038787,2025-11-30,STR013,PRD00068,51,0,14,0,36,1,313003.44
INV00038788,2025-11-30,STR013,PRD00110,29,0,10,0,19,0,351360.35
INV00038789,2025-11-30,STR013,PRD01011,217,0,45,0,172,0,25746.68
INV00038790,2025-11-30,STR013,PRD00238,31,46,8,0,68,1,213165.04
INV00038791,2025-11-30,STR013,PRD00339,149,0,74,0,75,0,37362.75
INV00038792,2025-11-30,STR013,PRD00585,65,374,5,0,434,0,125708.1
INV00038793,2025-11-30,STR013,PRD00559,257,0,147,0,110,0,46371.6
INV00038794,2025-11-30,STR013,PRD00646,270,0,42,1,229,0,15065.91
INV00038795,2025-11-30,STR013,PRD00474,200,191,91,3,303,0,27079.11
INV00038796,2025-11-30,STR013,PRD00941,72,163,13,2,224,0,114484.16
INV00038797,2025-11-30,STR013,PRD00540,252,0,56,0,196,0,76169.52
INV00038798,2025-11-30,STR013,PRD00247,42,26,16,2,54,0,269590.68
INV00038799,2025-11-30,STR013,PRD01054,299,0,35,0,263,1,44173.48
INV00038800,2025-11-30,STR013,PRD01096,68,132,15,2,187,0,320566.62
INV00038801,2025-11-30,STR014,PRD00948,121,370,12,0,479,0,12717.45
INV00038802,2025-11-30,STR014,PRD01060,307,347,153,0,501,0,99373.35
INV00038803,2025-11-30,STR014,PRD01035,402,332,81,2,655,0,81920.85
INV00038804,2025-11-30,STR014,PRD00729,42,0,15,0,27,0,69058.44
INV00038805,2025-11-30,STR014,PRD00907,53,0,16,0,37,0,36144.19
INV00038806,2025-11-30,STR014,PRD00058,167,0,46,0,121,0,310788.5
INV00038807,2025-11-30,STR014,PRD00676,52,0,11,1,42,0,119143.92
INV00038808,2025-11-30,STR014,PRD01162,145,75,84,0,136,0,274351.44
INV00038809,2025-11-30,STR014,PRD00282,266,0,152,1,115,0,54076.45
INV00038810,2025-11-30,STR014,PRD00756,130,0,36,1,95,0,209798.0
INV00038811,2025-11-30,STR014,PRD00124,15,48,7,3,59,0,420289.45
INV00038812,2025-11-30,STR014,PRD00674,71,0,42,0,29,0,46127.11
INV00038813,2025-11-30,STR014,PRD00127,28,48,11,0,65,0,686860.2
INV00038814,2025-11-30,STR014,PRD00702,176,0,83,0,93,0,91943.52
INV00038815,2025-11-30,STR014,PRD00455,129,0,63,1,66,1,37189.02
INV00038816,2025-11-30,STR014,PRD00836,194,0,58,0,136,0,55504.32
INV00038817,2025-11-30,STR014,PRD00636,136,216,43,2,311,0,140708.84
INV00038818,2025-11-30,STR014,PRD00156,32,0,7,0,25,0,30798.75
INV00038819,2025-11-30,STR014,PRD01128,46,78,6,0,116,2,167118.88
INV00038820,2025-11-30,STR014,PRD00341,30,124,18,0,136,0,82356.16
INV00038821,2025-11-30,STR015,PRD01088,60,0,33,1,28,0,55791.4
INV00038822,2025-11-30,STR015,PRD00970,181,256,39,0,398,0,95428.46
INV00038823,2025-11-30,STR015,PRD00949,67,0,39,0,28,0,15871.8
INV00038824,2025-11-30,STR015,PRD00726,158,0,53,0,105,0,157274.25
INV00038825,2025-11-30,STR015,PRD00215,36,35,19,0,52,0,339307.8
INV00038826,2025-11-30,STR015,PRD00516,124,0,37,0,87,0,43722.72
INV00038827,2025-11-30,STR015,PRD00549,42,168,25,1,186,0,71126.4
INV00038828,2025-11-30,STR015,PRD00127,32,48,18,0,61,1,644591.88
INV00038829,2025-11-30,STR015,PRD00093,43,0,8,0,35,0,339642.45
INV00038830,2025-11-30,STR015,PRD01029,31,123,13,0,141,0,76613.76
INV00038831,2025-11-30,STR015,PRD00624,146,318,36,0,428,0,37270.24
INV00038832,2025-11-30,STR015,PRD01024,207,0,53,3,157,0,14459.7
INV00038833,2025-11-30,STR015,PRD00962,128,0,34,0,94,0,37193.92
INV00038834,2025-11-30,STR015,PRD00545,264,0,78,0,186,0,46955.7
INV00038835,2025-11-30,STR015,PRD00601,310,0,172,0,138,0,4253.16
INV00038836,2025-11-30,STR015,PRD00248,28,0,11,0,17,0,116917.67
INV00038837,2025-11-30,STR015,PRD00157,34,0,15,0,19,0,82748.61
INV00038838,2025-11-30,STR015,PRD00555,243,0,116,0,127,0,27913.33
INV00038839,2025-11-30,STR015,PRD00585,176,0,63,1,114,0,33020.1
INV00038840,2025-11-30,STR015,PRD00292,80,241,5,0,316,0,155367.72
INV00038841,2025-11-30,STR016,PRD00698,118,175,23,0,270,0,295539.3
INV00038842,2025-11-30,STR016,PRD00471,66,0,28,2,40,0,19814.0
INV00038843,2025-11-30,STR016,PRD00816,96,0,32,0,64,0,54872.96
INV00038844,2025-11-30,STR016,PRD00546,178,0,81,0,97,0,45968.3
INV00038845,2025-11-30,STR016,PRD00127,13,48,5,0,56,0,591756.48
INV00038846,2025-11-30,STR016,PRD00439,225,0,17,0,208,0,19886.88
INV00038847,2025-11-30,STR016,PRD00496,24,121,7,0,138,0,124536.72
INV00038848,2025-11-30,STR016,PRD00212,49,0,24,0,25,0,156524.25
INV00038849,2025-11-30,STR016,PRD01177,27,159,6,1,181,0,288628.03
INV00038850,2025-11-30,STR016,PRD00190,87,63,18,0,132,0,1050102.24
INV00038851,2025-11-30,STR016,PRD00615,337,0,56,0,281,0,95354.54
INV00038852,2025-11-30,STR016,PRD00092,101,0,52,0,49,0,229206.32
INV00038853,2025-11-30,STR016,PRD00593,128,0,58,1,171,0,27394.64
INV00038854,2025-11-30,STR016,PRD00330,422,0,17,0,405,0,68388.3
INV00038855,2025-11-30,STR016,PRD01114,88,73,26,0,135,0,482400.9
INV00038856,2025-11-30,STR016,PRD00474,133,0,40,0,93,0,8311.41
INV00038857,2025-11-30,STR016,PRD01033,261,0,104,0,156,1,59075.64
INV00038858,2025-11-30,STR016,PRD00382,219,0,43,0,176,0,51552.16
INV00038859,2025-11-30,STR016,PRD00435,107,0,31,2,78,0,45565.26
INV00038860,2025-11-30,STR016,PRD01191,10,41,8,0,43,0,172494.07
INV00038861,2025-11-30,STR017,PRD00118,80,0,7,0,73,0,769709.81
INV00038862,2025-11-30,STR017,PRD00866,75,0,41,0,34,0,21160.58
INV00038863,2025-11-30,STR017,PRD00389,136,0,45,0,91,0,67336.36
INV00038864,2025-11-30,STR017,PRD00151,76,28,27,0,75,2,280023.75
INV00038865,2025-11-30,STR017,PRD00480,116,204,41,1,280,0,24127.6
INV00038866,2025-11-30,STR017,PRD01045,67,263,8,0,322,0,151739.28
INV00038867,2025-11-30,STR017,PRD00826,403,381,184,0,600,0,72120.0
INV00038868,2025-11-30,STR017,PRD00703,181,0,59,0,122,0,85467.1
INV00038869,2025-11-30,STR017,PRD00874,101,92,14,0,179,0,417513.92
INV00038870,2025-11-30,STR017,PRD00179,78,0,6,0,72,0,230942.88
INV00038871,2025-11-30,STR017,PRD00187,71,0,30,0,41,0,137941.63
INV00038872,2025-11-30,STR017,PRD01118,26,59,9,0,76,0,256203.6
INV00038873,2025-11-30,STR017,PRD00620,280,0,155,0,125,0,40708.75
INV00038874,2025-11-30,STR017,PRD00772,94,0,49,0,45,0,29677.05
INV00038875,2025-11-30,STR017,PRD00033,110,0,47,0,63,0,112346.64
INV00038876,2025-11-30,STR017,PRD00518,54,0,14,0,40,0,30737.2
INV00038877,2025-11-30,STR017,PRD00158,24,155,6,0,173,0,446762.12
INV00038878,2025-11-30,STR017,PRD00273,93,0,12,0,79,2,59950.73
INV00038879,2025-11-30,STR017,PRD00901,144,105,58,0,191,0,395669.87
INV00038880,2025-11-30,STR017,PRD00463,111,167,59,0,219,0,163695.93
INV00038881,2025-11-30,STR018,PRD01197,103,0,7,2,98,0,113795.64
INV00038882,2025-11-30,STR018,PRD00583,81,0,41,0,39,1,17066.01
INV00038883,2025-11-30,STR018,PRD00143,10,25,8,0,27,0,217567.62
INV00038884,2025-11-30,STR018,PRD00911,76,0,26,1,50,1,30110.0
INV00038885,2025-11-30,STR018,PRD00837,171,111,78,2,206,0,487939.84
INV00038886,2025-11-30,STR018,PRD00747,35,112,15,0,132,0,126741.12
INV00038887,2025-11-30,STR018,PRD00003,51,0,20,0,31,0,16561.44
INV00038888,2025-11-30,STR018,PRD00891,461,0,103,1,359,0,134154.71
INV00038889,2025-11-30,STR018,PRD00783,64,0,17,0,47,0,67832.75
INV00038890,2025-11-30,STR018,PRD00818,59,87,11,0,135,0,225333.9
INV00038891,2025-11-30,STR018,PRD00292,322,241,98,0,465,0,228626.55
INV00038892,2025-11-30,STR018,PRD00226,102,0,12,0,89,1,188858.89
INV00038893,2025-11-30,STR018,PRD00849,127,380,39,0,468,0,99113.04
INV00038894,2025-11-30,STR018,PRD00481,187,0,95,1,92,1,29141.92
INV00038895,2025-11-30,STR018,PRD00786,98,0,58,2,42,0,64406.58
INV00038896,2025-11-30,STR018,PRD00102,54,0,17,0,37,0,597223.29
INV00038897,2025-11-30,STR018,PRD00416,124,106,31,0,199,0,137666.21
INV00038898,2025-11-30,STR018,PRD00058,143,0,85,0,58,0,148973.0
INV00038899,2025-11-30,STR018,PRD00675,74,0,6,1,69,0,52331.67
INV00038900,2025-11-30,STR018,PRD00435,44,0,6,0,38,0,22198.46
INV00038901,2025-11-30,STR019,PRD00084,8,53,6,0,55,0,456157.35
INV00038902,2025-11-30,STR019,PRD00177,36,0,14,0,22,0,162757.54
INV00038903,2025-11-30,STR019,PRD00683,118,0,31,0,87,0,51680.61
INV00038904,2025-11-30,STR019,PRD00289,38,110,11,0,137,0,83159.0
INV00038905,2025-11-30,STR019,PRD00388,299,241,166,0,374,0,95927.26
INV00038906,2025-11-30,STR019,PRD00422,85,330,46,0,369,0,61597.17
INV00038907,2025-11-30,STR019,PRD00043,34,0,6,0,28,0,428483.16
INV00038908,2025-11-30,STR019,PRD00730,125,0,12,0,113,0,291645.09
INV00038909,2025-11-30,STR019,PRD00203,73,0,23,3,53,0,225826.64
INV00038910,2025-11-30,STR019,PRD00396,439,0,167,0,272,0,123678.4
INV00038911,2025-11-30,STR019,PRD00264,72,0,31,0,41,0,130053.64
INV00038912,2025-11-30,STR019,PRD00573,199,0,62,1,136,2,3665.2
INV00038913,2025-11-30,STR019,PRD00737,92,0,23,0,69,0,51982.53
INV00038914,2025-11-30,STR019,PRD00274,40,398,19,0,419,0,178393.44
INV00038915,2025-11-30,STR019,PRD00964,31,0,16,0,13,2,7477.47
INV00038916,2025-11-30,STR019,PRD00368,120,0,57,2,65,0,38215.45
INV00038917,2025-11-30,STR019,PRD00859,74,0,20,0,53,1,95937.95
INV00038918,2025-11-30,STR019,PRD00809,105,170,15,0,260,0,232892.4
INV00038919,2025-11-30,STR019,PRD01166,124,0,32,0,92,0,152759.56
INV00038920,2025-11-30,STR019,PRD01088,27,131,15,0,143,0,284934.65
INV00038921,2025-11-30,STR020,PRD00598,105,0,10,0,95,0,11636.55
INV00038922,2025-11-30,STR020,PRD01084,40,0,7,0,33,0,138975.87
INV00038923,2025-11-30,STR020,PRD00431,63,146,37,0,172,0,89646.4
INV00038924,2025-11-30,STR020,PRD00909,51,102,30,0,123,0,106946.04
INV00038925,2025-11-30,STR020,PRD00490,108,0,21,1,88,0,12171.28
INV00038926,2025-11-30,STR020,PRD00159,58,0,15,1,44,0,161766.88
INV00038927,2025-11-30,STR020,PRD00697,186,0,87,1,100,0,80752.0
INV00038928,2025-11-30,STR020,PRD00675,53,0,6,1,48,0,36404.64
INV00038929,2025-11-30,STR020,PRD00123,50,73,13,0,110,0,614693.2
INV00038930,2025-11-30,STR020,PRD00934,67,0,26,0,41,0,74253.87
INV00038931,2025-11-30,STR020,PRD00740,98,0,25,0,73,0,207488.63
INV00038932,2025-11-30,STR020,PRD00389,58,0,14,0,43,1,31818.28
INV00038933,2025-11-30,STR020,PRD00617,289,0,81,1,209,0,75869.09
INV00038934,2025-11-30,STR020,PRD00103,111,0,37,0,74,0,217667.3
INV00038935,2025-11-30,STR020,PRD00588,128,0,53,0,75,0,-9999.0
INV00038936,2025-11-30,STR020,PRD00250,107,0,9,1,99,0,270969.93
INV00038937,2025-11-30,STR020,PRD00916,93,0,31,0,62,0,140788.36
INV00038938,2025-11-30,STR020,PRD00283,285,0,58,0,227,0,97943.69
INV00038939,2025-11-30,STR020,PRD01006,62,0,21,0,41,0,24874.29
INV00038940,2025-11-30,STR020,PRD00129,67,0,38,0,29,0,442631.35
INV00038941,2025-11-30,STR021,PRD00292,183,0,39,0,144,0,70800.48
INV00038942,2025-11-30,STR021,PRD00757,61,82,16,0,127,0,131809.49
INV00038943,2025-11-30,STR021,PRD00072,13,36,8,0,41,0,128108.19
INV00038944,2025-11-30,STR021,PRD01094,29,0,13,2,18,0,68349.06
INV00038945,2025-11-30,STR021,PRD00275,60,0,13,2,49,0,41547.1
INV00038946,2025-11-30,STR021,PRD00665,208,0,31,0,177,0,18255.78
INV00038947,2025-11-30,STR021,PRD00559,367,0,176,0,191,0,80517.96
INV00038948,2025-11-30,STR021,PRD01172,87,0,5,1,83,0,47978.98
INV00038949,2025-11-30,STR021,PRD01130,54,0,14,0,40,0,75585.6
INV00038950,2025-11-30,STR021,PRD00505,65,0,16,0,49,0,42163.03
INV00038951,2025-11-30,STR021,PRD01151,81,0,36,0,45,0,151846.2
INV00038952,2025-11-30,STR021,PRD00099,29,72,7,0,94,0,1396657.64
INV00038953,2025-11-30,STR021,PRD00066,9,73,5,0,77,0,448198.52
INV00038954,2025-11-30,STR021,PRD00734,66,0,21,0,45,0,21140.55
INV00038955,2025-11-30,STR021,PRD00743,128,0,61,1,68,0,76946.08
INV00038956,2025-11-30,STR021,PRD01031,95,0,37,0,58,0,30355.46
INV00038957,2025-11-30,STR021,PRD00455,94,0,16,0,78,0,43950.66
INV00038958,2025-11-30,STR021,PRD00593,92,270,24,0,338,0,130413.92
INV00038959,2025-11-30,STR021,PRD00028,52,0,25,1,28,0,73958.36
INV00038960,2025-11-30,STR021,PRD00813,82,0,38,0,44,0,88414.04
INV00038961,2025-11-30,STR022,PRD00791,70,76,18,0,128,0,76732.16
INV00038962,2025-11-30,STR022,PRD01182,34,0,9,0,25,0,106639.0
INV00038963,2025-11-30,STR022,PRD00483,147,170,69,0,248,0,131678.08
INV00038964,2025-11-30,STR022,PRD01126,38,94,10,0,122,0,201467.14
INV00038965,2025-11-30,STR022,PRD00358,414,325,112,1,627,1,292602.09
INV00038966,2025-11-30,STR022,PRD00467,338,379,96,0,621,0,281344.05
INV00038967,2025-11-30,STR022,PRD00838,31,0,10,0,21,0,21983.85
INV00038968,2025-11-30,STR022,PRD00329,62,161,30,0,193,0,108197.73
INV00038969,2025-11-30,STR022,PRD00721,84,0,6,0,78,0,134755.14
INV00038970,2025-11-30,STR022,PRD00781,80,83,46,2,119,0,246429.96
INV00038971,2025-11-30,STR022,PRD00347,79,0,7,1,73,0,48855.98
INV00038972,2025-11-30,STR022,PRD00443,427,251,255,0,421,2,70332.26
INV00038973,2025-11-30,STR022,PRD00666,157,0,56,3,104,0,16921.84
INV00038974,2025-11-30,STR022,PRD00341,76,0,44,2,34,0,20589.04
INV00038975,2025-11-30,STR022,PRD01144,144,0,52,0,91,1,129767.82
INV00038976,2025-11-30,STR022,PRD00436,67,87,9,0,144,1,73108.8
INV00038977,2025-11-30,STR022,PRD00660,301,226,96,0,431,0,102595.24
INV00038978,2025-11-30,STR022,PRD01196,56,108,21,0,141,2,84161.49
INV00038979,2025-11-30,STR022,PRD01072,136,0,72,0,64,0,14080.0
INV00038980,2025-11-30,STR022,PRD00101,98,0,34,0,64,0,115408.0
INV00038981,2025-11-30,STR023,PRD00404,138,0,47,0,91,0,54998.58
INV00038982,2025-11-30,STR023,PRD00706,161,0,11,0,150,0,366601.5
INV00038983,2025-11-30,STR023,PRD01003,191,0,95,0,96,0,14046.72
INV00038984,2025-11-30,STR023,PRD00881,148,154,77,0,225,0,120039.75
INV00038985,2025-11-30,STR023,PRD00381,74,0,25,0,49,0,26032.72
INV00038986,2025-11-30,STR023,PRD01095,80,0,9,0,71,0,186088.87
INV00038987,2025-11-30,STR023,PRD00001,70,0,27,0,43,0,659494.44
INV00038988,2025-11-30,STR023,PRD01116,201,0,46,0,155,0,61429.6
INV00038989,2025-11-30,STR023,PRD00075,20,30,7,0,43,0,302831.37
INV00038990,2025-11-30,STR023,PRD00951,348,0,72,0,276,0,97256.88
INV00038991,2025-11-30,STR023,PRD00377,56,180,26,1,211,0,173593.92
INV00038992,2025-11-30,STR023,PRD00675,101,176,43,2,236,0,178989.48
INV00038993,2025-11-30,STR023,PRD00810,141,0,35,0,106,0,27676.6
INV00038994,2025-11-30,STR023,PRD01018,252,0,139,1,114,0,10123.2
INV00038995,2025-11-30,STR023,PRD00525,188,0,103,0,85,0,5648.25
INV00038996,2025-11-30,STR023,PRD00253,73,0,11,1,63,0,423175.41
INV00038997,2025-11-30,STR023,PRD00517,111,0,40,1,71,1,14415.13
INV00038998,2025-11-30,STR023,PRD00334,263,0,142,1,122,0,48892.72
INV00038999,2025-11-30,STR023,PRD00844,138,180,27,0,291,0,647349.87
INV00039000,2025-11-30,STR023,PRD00685,35,167,5,0,197,0,561773.08
INV00039001,2025-11-30,STR024,PRD00649,218,0,10,0,208,0,49703.68
INV00039002,2025-11-30,STR024,PRD00770,49,0,18,0,31,0,33802.09
INV00039003,2025-11-30,STR024,PRD00345,279,260,80,0,459,0,180790.92
INV00039004,2025-11-30,STR024,PRD00719,58,0,28,0,30,0,82776.3
INV00039005,2025-11-30,STR024,PRD00786,77,0,31,0,46,0,70540.54
INV00039006,2025-11-30,STR024,PRD00965,253,224,99,0,378,0,18317.88
INV00039007,2025-11-30,STR024,PRD00087,14,30,5,0,37,2,581008.78
INV00039008,2025-11-30,STR024,PRD00327,113,0,15,0,98,0,81753.56
INV00039009,2025-11-30,STR024,PRD01086,18,0,5,1,14,0,45113.88
INV00039010,2025-11-30,STR024,PRD00098,52,0,28,0,24,0,244944.24
INV00039011,2025-11-30,STR024,PRD00960,359,175,175,0,359,0,137281.6
INV00039012,2025-11-30,STR024,PRD00089,21,45,6,0,60,0,1104038.4
INV00039013,2025-11-30,STR024,PRD01018,181,0,86,0,95,0,8436.0
INV00039014,2025-11-30,STR024,PRD00502,70,179,38,0,211,0,132659.92
INV00039015,2025-11-30,STR024,PRD00261,99,0,52,0,47,0,240569.97
INV00039016,2025-11-30,STR024,PRD00388,360,0,196,0,164,0,42064.36
INV00039017,2025-11-30,STR024,PRD00784,53,0,31,0,22,0,28644.88
INV00039018,2025-11-30,STR024,PRD01064,394,0,24,0,370,0,29093.1
INV00039019,2025-11-30,STR024,PRD01004,461,329,266,0,523,1,34481.39
INV00039020,2025-11-30,STR024,PRD00589,254,0,124,0,130,0,33025.2
INV00039021,2025-11-30,STR025,PRD00420,114,86,52,1,148,1,-9999.0
INV00039022,2025-11-30,STR025,PRD00541,136,301,69,0,368,0,149249.76
INV00039023,2025-11-30,STR025,PRD01093,40,0,17,0,23,0,66401.46
INV00039024,2025-11-30,STR025,PRD00064,84,137,28,1,194,0,355155.8
INV00039025,2025-11-30,STR025,PRD01095,105,109,28,0,186,0,487500.42
INV00039026,2025-11-30,STR025,PRD00744,91,0,36,0,55,0,158367.0
INV00039027,2025-11-30,STR025,PRD00664,414,0,222,0,192,0,20968.32
INV00039028,2025-11-30,STR025,PRD00280,264,0,59,0,205,0,63830.85
INV00039029,2025-11-30,STR025,PRD00534,195,0,62,0,133,0,10718.47
INV00039030,2025-11-30,STR025,PRD00736,61,112,13,0,160,0,198648.0
INV00039031,2025-11-30,STR025,PRD00231,15,41,8,0,48,0,321844.32
INV00039032,2025-11-30,STR025,PRD00805,65,159,19,0,205,0,443581.05
INV00039033,2025-11-30,STR025,PRD00311,83,0,15,0,68,0,39327.12
INV00039034,2025-11-30,STR025,PRD00366,197,0,53,0,144,0,68361.12
INV00039035,2025-11-30,STR025,PRD00919,34,97,7,0,124,0,276777.92
INV00039036,2025-11-30,STR025,PRD00431,61,0,31,1,31,0,16157.2
INV00039037,2025-11-30,STR025,PRD00905,47,121,6,0,162,0,248326.56
INV00039038,2025-11-30,STR025,PRD00082,35,39,15,0,59,0,386593.96
INV00039039,2025-11-30,STR025,PRD00071,11,47,7,0,50,1,480281.5
INV00039040,2025-11-30,STR025,PRD00192,173,149,78,0,244,0,529604.44
INV00039041,2025-11-30,STR026,PRD01195,91,46,21,2,118,0,400991.14
INV00039042,2025-11-30,STR026,PRD00722,34,169,12,0,190,1,222461.5
INV00039043,2025-11-30,STR026,PRD00630,230,0,27,0,203,0,73374.35
INV00039044,2025-11-30,STR026,PRD00407,77,0,24,1,54,0,28803.6
INV00039045,2025-11-30,STR026,PRD00231,12,0,5,0,7,0,46935.63
INV00039046,2025-11-30,STR026,PRD00965,407,0,243,0,164,0,7947.44
INV00039047,2025-11-30,STR026,PRD01161,53,0,28,0,25,0,55474.0
INV00039048,2025-11-30,STR026,PRD00113,49,0,26,0,23,0,273154.67
INV00039049,2025-11-30,STR026,PRD00296,65,201,25,0,241,0,29312.83
INV00039050,2025-11-30,STR026,PRD00273,48,0,12,1,37,0,28078.19
INV00039051,2025-11-30,STR026,PRD00317,159,138,31,2,268,0,214257.96
INV00039052,2025-11-30,STR026,PRD00026,30,0,16,0,14,0,42658.14
INV00039053,2025-11-30,STR026,PRD00771,156,0,80,0,76,0,109145.88
INV00039054,2025-11-30,STR026,PRD00784,112,0,20,0,92,0,119787.68
INV00039055,2025-11-30,STR026,PRD00476,68,0,10,0,58,0,31504.44
INV00039056,2025-11-30,STR026,PRD01034,90,279,39,0,330,0,71847.6
INV00039057,2025-11-30,STR026,PRD00074,49,0,27,3,25,0,295241.0
INV00039058,2025-11-30,STR026,PRD00319,392,0,53,0,339,0,157231.59
INV00039059,2025-11-30,STR026,PRD00684,109,0,22,0,87,0,214501.98
INV00039060,2025-11-30,STR026,PRD00576,157,0,62,0,95,0,31403.2
INV00039061,2025-11-30,STR027,PRD00488,69,0,10,0,59,0,49315.74
INV00039062,2025-11-30,STR027,PRD00868,60,0,26,0,34,0,31015.14
INV00039063,2025-11-30,STR027,PRD00727,306,371,35,0,642,0,283943.76
INV00039064,2025-11-30,STR027,PRD01000,162,209,85,1,287,0,99264.69
INV00039065,2025-11-30,STR027,PRD00066,48,0,28,0,20,0,116415.2
INV00039066,2025-11-30,STR027,PRD00814,158,0,62,0,96,0,181379.52
INV00039067,2025-11-30,STR027,PRD00821,20,77,9,0,88,0,139252.08
INV00039068,2025-11-30,STR027,PRD01122,47,0,11,0,36,0,130733.28
INV00039069,2025-11-30,STR027,PRD01012,93,139,42,0,188,2,109525.04
INV00039070,2025-11-30,STR027,PRD00112,53,0,28,0,25,0,78180.75
INV00039071,2025-11-30,STR027,PRD00952,158,0,70,0,88,0,44238.48
INV00039072,2025-11-30,STR027,PRD00386,93,0,11,0,82,0,59103.96
INV00039073,2025-11-30,STR027,PRD00945,191,0,85,0,106,0,58325.44
INV00039074,2025-11-30,STR027,PRD00118,41,0,10,1,32,0,337407.04
INV00039075,2025-11-30,STR027,PRD01096,51,132,10,0,173,0,296566.98
INV00039076,2025-11-30,STR027,PRD00362,38,141,16,0,163,0,86799.13
INV00039077,2025-11-30,STR027,PRD00745,40,0,16,2,26,0,47558.68
INV00039078,2025-11-30,STR027,PRD01129,345,0,154,0,191,0,53693.92
INV00039079,2025-11-30,STR027,PRD00267,42,0,12,0,30,0,240047.7
INV00039080,2025-11-30,STR027,PRD00737,119,0,9,0,110,0,82870.7
INV00039081,2025-11-30,STR028,PRD00146,26,48,7,0,117,0,278445.97
INV00039082,2025-11-30,STR028,PRD00324,107,88,12,1,184,0,131543.44
INV00039083,2025-11-30,STR028,PRD00294,41,122,15,0,148,0,96649.92
INV00039084,2025-11-30,STR028,PRD00958,284,0,28,0,256,0,49082.88
INV00039085,2025-11-30,STR028,PRD00758,11,55,5,0,61,0,193264.47
INV00039086,2025-11-30,STR028,PRD00694,81,0,46,0,35,0,81165.35
INV00039087,2025-11-30,STR028,PRD00651,453,0,13,0,439,1,112594.72
INV00039088,2025-11-30,STR028,PRD00338,23,175,12,0,186,0,128010.78
INV00039089,2025-11-30,STR028,PRD00164,40,54,13,0,81,0,383017.41
INV00039090,2025-11-30,STR028,PRD01111,30,88,14,1,105,0,100329.6
INV00039091,2025-11-30,STR028,PRD01025,237,0,100,1,138,0,4160.7
INV00039092,2025-11-30,STR028,PRD00999,78,0,32,0,46,0,26995.1
INV00039093,2025-11-30,STR028,PRD00307,199,254,115,0,338,0,163193.16
INV00039094,2025-11-30,STR028,PRD00485,72,0,43,0,29,0,17201.35
INV00039095,2025-11-30,STR028,PRD00198,81,0,44,0,37,0,110126.06
INV00039096,2025-11-30,STR028,PRD00006,57,0,22,0,35,0,88197.2
INV00039097,2025-11-30,STR028,PRD00442,96,0,56,0,40,0,4788.0
INV00039098,2025-11-30,STR028,PRD00199,92,0,24,0,68,0,90800.4
INV00039099,2025-11-30,STR028,PRD01184,10,63,7,0,66,0,210058.2
INV00039100,2025-11-30,STR028,PRD00486,89,265,23,0,331,0,40895.05
INV00039101,2025-11-30,STR029,PRD00559,414,312,176,1,551,0,232279.56
INV00039102,2025-11-30,STR029,PRD01004,135,329,21,0,443,0,29206.99
INV00039103,2025-11-30,STR029,PRD00171,29,0,14,0,15,0,68294.85
INV00039104,2025-11-30,STR029,PRD01091,54,0,7,0,47,0,132015.95
INV00039105,2025-11-30,STR029,PRD00194,50,45,18,0,77,0,318800.02
INV00039106,2025-11-30,STR029,PRD00960,380,0,113,0,267,0,102100.8
INV00039107,2025-11-30,STR029,PRD00285,18,111,8,0,121,0,93019.96
INV00039108,2025-11-30,STR029,PRD00919,35,97,11,0,121,0,270081.68
INV00039109,2025-11-30,STR029,PRD00573,431,0,7,0,424,0,11426.8
INV00039110,2025-11-30,STR029,PRD00445,125,0,65,0,60,0,20116.2
INV00039111,2025-11-30,STR029,PRD00577,221,244,13,0,452,0,85554.56
INV00039112,2025-11-30,STR029,PRD00593,160,0,16,0,143,1,55175.12
INV00039113,2025-11-30,STR029,PRD00487,183,0,78,0,105,0,8278.2
INV00039114,2025-11-30,STR029,PRD00599,200,0,65,0,135,0,25564.95
INV00039115,2025-11-30,STR029,PRD00453,100,0,41,0,59,0,55835.83
INV00039116,2025-11-30,STR029,PRD01124,22,87,12,0,96,1,209064.0
INV00039117,2025-11-30,STR029,PRD00337,132,165,66,0,231,0,168960.33
INV00039118,2025-11-30,STR029,PRD00793,59,0,18,0,41,0,57621.81
INV00039119,2025-11-30,STR029,PRD00907,28,103,13,2,120,0,117224.4
INV00039120,2025-11-30,STR029,PRD01073,98,141,27,0,212,0,517375.4
INV00039121,2025-11-30,STR030,PRD00248,13,0,7,0,4,2,27510.04
INV00039122,2025-11-30,STR030,PRD00712,100,0,9,0,91,0,86190.65
INV00039123,2025-11-30,STR030,PRD00753,68,0,5,0,63,0,165168.36
INV00039124,2025-11-30,STR030,PRD00299,86,0,27,0,59,0,48574.7
INV00039125,2025-11-30,STR030,PRD01127,242,311,85,0,468,0,149474.52
INV00039126,2025-11-30,STR030,PRD00441,181,0,43,0,138,0,97577.04
INV00039127,2025-11-30,STR030,PRD00112,63,0,6,0,57,0,178252.11
INV00039128,2025-11-30,STR030,PRD00554,69,255,41,0,283,0,131994.03
INV00039129,2025-11-30,STR030,PRD00711,87,0,43,1,45,0,61005.6
INV00039130,2025-11-30,STR030,PRD01148,258,0,43,0,215,0,51918.2
INV00039131,2025-11-30,STR030,PRD00897,45,0,14,0,31,0,73445.51
INV00039132,2025-11-30,STR030,PRD00618,95,279,20,0,354,0,64792.62
INV00039133,2025-11-30,STR030,PRD01187,15,27,6,0,36,0,120779.64
INV00039134,2025-11-30,STR030,PRD00663,175,0,9,0,166,0,10441.4
INV00039135,2025-11-30,STR030,PRD00590,177,0,71,1,106,1,25777.08
INV00039136,2025-11-30,STR030,PRD00561,353,160,18,1,496,0,37443.04
INV00039137,2025-11-30,STR030,PRD00824,118,0,39,3,82,0,177655.46
INV00039138,2025-11-30,STR030,PRD00468,69,171,30,1,211,0,31295.52
INV00039139,2025-11-30,STR030,PRD00546,276,0,131,0,145,0,68715.5
INV00039140,2025-11-30,STR030,PRD00823,197,0,73,0,124,0,212993.56
INV00039141,2025-11-30,STR031,PRD00890,85,0,8,0,77,0,41266.61
INV00039142,2025-11-30,STR031,PRD00940,264,0,62,2,204,0,7927.44
INV00039143,2025-11-30,STR031,PRD00888,46,0,6,0,40,0,69001.6
INV00039144,2025-11-30,STR031,PRD00338,45,175,21,0,199,0,136957.77
INV00039145,2025-11-30,STR031,PRD00641,325,352,41,0,636,0,211864.32
INV00039146,2025-11-30,STR031,PRD00680,55,0,23,1,33,0,92565.0
INV00039147,2025-11-30,STR031,PRD01051,114,0,57,1,58,0,20543.02
INV00039148,2025-11-30,STR031,PRD00843,66,0,16,0,49,1,33783.54
INV00039149,2025-11-30,STR031,PRD00447,113,0,66,0,47,0,16716.02
INV00039150,2025-11-30,STR031,PRD00629,39,242,8,0,273,0,37425.57
INV00039151,2025-11-30,STR031,PRD00760,70,0,40,0,29,1,92011.49
INV00039152,2025-11-30,STR031,PRD00408,87,111,24,0,174,0,136228.08
INV00039153,2025-11-30,STR031,PRD00868,29,116,5,0,140,0,127709.4
INV00039154,2025-11-30,STR031,PRD00615,423,0,97,0,326,0,110624.84
INV00039155,2025-11-30,STR031,PRD00369,283,257,16,0,524,0,252824.76
INV00039156,2025-11-30,STR031,PRD00437,326,173,54,0,445,0,120648.4
INV00039157,2025-11-30,STR031,PRD00835,80,0,17,0,63,0,63516.6
INV00039158,2025-11-30,STR031,PRD00709,100,224,30,0,294,0,44996.7
INV00039159,2025-11-30,STR031,PRD00445,156,347,66,2,439,0,147183.53
INV00039160,2025-11-30,STR031,PRD00962,178,0,36,0,142,0,56186.56
INV00039161,2025-11-30,STR032,PRD01117,184,116,91,0,208,1,300934.4
INV00039162,2025-11-30,STR032,PRD00149,93,0,22,1,72,0,147013.92
INV00039163,2025-11-30,STR032,PRD00809,49,0,21,0,28,0,25080.72
INV00039164,2025-11-30,STR032,PRD00288,317,251,130,0,438,0,192439.68
INV00039165,2025-11-30,STR032,PRD00130,71,55,38,0,88,0,1133667.04
INV00039166,2025-11-30,STR032,PRD00165,70,0,25,0,45,0,300232.35
INV00039167,2025-11-30,STR032,PRD00428,112,0,42,0,69,1,16887.75
INV00039168,2025-11-30,STR032,PRD00752,27,0,8,0,19,0,57434.91
INV00039169,2025-11-30,STR032,PRD00575,170,0,24,2,147,1,9860.76
INV00039170,2025-11-30,STR032,PRD00770,25,81,10,0,96,0,104677.44
INV00039171,2025-11-30,STR032,PRD01150,190,169,83,1,277,0,657055.08
INV00039172,2025-11-30,STR032,PRD00303,86,0,18,0,68,0,24635.04
INV00039173,2025-11-30,STR032,PRD00456,336,0,160,0,176,0,29918.24
INV00039174,2025-11-30,STR032,PRD00775,70,0,13,0,57,0,112663.35
INV00039175,2025-11-30,STR032,PRD00382,156,0,87,3,72,0,21089.52
INV00039176,2025-11-30,STR032,PRD01137,109,0,8,2,103,0,110649.81
INV00039177,2025-11-30,STR032,PRD00214,96,0,30,3,69,0,474006.54
INV00039178,2025-11-30,STR032,PRD00500,22,97,9,1,111,0,84085.83
INV00039179,2025-11-30,STR032,PRD00406,152,155,22,0,285,0,151922.1
INV00039180,2025-11-30,STR032,PRD01124,77,87,42,0,122,0,265685.5
INV00039181,2025-11-30,STR033,PRD00320,216,0,23,0,193,0,28948.07
INV00039182,2025-11-30,STR033,PRD00062,35,0,17,0,18,0,248374.62
INV00039183,2025-11-30,STR033,PRD00349,70,290,13,0,347,0,29102.89
INV00039184,2025-11-30,STR033,PRD00099,13,72,6,0,79,0,1173786.74
INV00039185,2025-11-30,STR033,PRD00889,27,121,10,0,138,0,203432.7
INV00039186,2025-11-30,STR033,PRD01190,14,0,5,0,8,1,30162.48
INV00039187,2025-11-30,STR033,PRD00576,186,0,11,0,175,0,57848.0
INV00039188,2025-11-30,STR033,PRD00041,29,25,6,0,48,0,717756.96
INV00039189,2025-11-30,STR033,PRD00491,41,0,16,1,26,0,13694.46
INV00039190,2025-11-30,STR033,PRD00968,259,0,75,0,184,0,29211.84
INV00039191,2025-11-30,STR033,PRD00013,10,39,7,1,43,0,553069.87
INV00039192,2025-11-30,STR033,PRD01009,51,169,30,0,190,0,5584.1
INV00039193,2025-11-30,STR033,PRD01053,131,0,32,0,99,0,30965.22
INV00039194,2025-11-30,STR033,PRD00568,50,274,11,0,313,0,90241.03
INV00039195,2025-11-30,STR033,PRD00574,185,0,66,0,119,0,40288.64
INV00039196,2025-11-30,STR033,PRD01002,199,0,61,1,139,0,7740.91
INV00039197,2025-11-30,STR033,PRD00904,25,90,11,0,104,0,193436.88
INV00039198,2025-11-30,STR033,PRD00757,79,0,36,0,42,1,43590.54
INV00039199,2025-11-30,STR033,PRD00860,144,0,60,1,83,2,34653.33
INV00039200,2025-11-30,STR033,PRD01031,24,133,9,0,148,0,77458.76
INV00039201,2025-11-30,STR034,PRD00334,486,230,126,0,589,1,236047.64
INV00039202,2025-11-30,STR034,PRD00197,20,0,7,0,13,0,49127.39
INV00039203,2025-11-30,STR034,PRD00937,321,0,69,0,252,0,44745.12
INV00039204,2025-11-30,STR034,PRD01102,191,345,83,0,453,0,160072.08
INV00039205,2025-11-30,STR034,PRD00422,217,0,74,1,144,0,24037.92
INV00039206,2025-11-30,STR034,PRD01172,41,0,9,0,32,0,18497.92
INV00039207,2025-11-30,STR034,PRD00230,38,0,22,0,16,0,125374.08
INV00039208,2025-11-30,STR034,PRD00557,126,327,49,0,404,0,54309.72
INV00039209,2025-11-30,STR034,PRD00787,76,275,17,0,333,1,62983.62
INV00039210,2025-11-30,STR034,PRD01136,40,0,7,0,33,0,136126.65
INV00039211,2025-11-30,STR034,PRD00472,209,0,7,0,202,0,89869.8
INV00039212,2025-11-30,STR034,PRD00048,42,0,10,0,32,0,585507.2
INV00039213,2025-11-30,STR034,PRD00085,14,48,8,0,54,0,965281.32
INV00039214,2025-11-30,STR034,PRD01110,30,129,6,0,153,0,88909.83
INV00039215,2025-11-30,STR034,PRD00633,87,374,17,1,444,1,94527.6
INV00039216,2025-11-30,STR034,PRD00307,454,0,17,1,438,0,211475.16
INV00039217,2025-11-30,STR034,PRD00522,48,0,14,0,33,1,28902.39
INV00039218,2025-11-30,STR034,PRD00206,16,27,5,0,36,2,247789.8
INV00039219,2025-11-30,STR034,PRD00736,97,0,14,0,83,0,103048.65
INV00039220,2025-11-30,STR034,PRD01135,123,0,10,0,113,0,142350.62
INV00039221,2025-11-30,STR035,PRD00284,302,0,34,0,268,0,27746.04
INV00039222,2025-11-30,STR035,PRD01016,285,260,49,0,496,0,80054.4
INV00039223,2025-11-30,STR035,PRD00635,218,0,43,0,175,0,36277.5
INV00039224,2025-11-30,STR035,PRD00862,73,0,5,0,68,0,77692.72
INV00039225,2025-11-30,STR035,PRD01172,76,0,7,0,68,1,39308.08
INV00039226,2025-11-30,STR035,PRD01135,191,0,89,0,102,0,128493.48
INV00039227,2025-11-30,STR035,PRD01085,7,63,5,0,65,0,268858.85
INV00039228,2025-11-30,STR035,PRD00213,40,75,11,0,104,0,582099.44
INV00039229,2025-11-30,STR035,PRD00869,27,180,9,0,198,0,468547.2
INV00039230,2025-11-30,STR035,PRD00881,80,0,9,0,71,0,37879.21
INV00039231,2025-11-30,STR035,PRD00154,152,268,34,0,386,0,184091.12
INV00039232,2025-11-30,STR035,PRD00488,83,0,24,0,59,0,49315.74
INV00039233,2025-11-30,STR035,PRD00342,84,0,22,0,62,0,43286.54
INV00039234,2025-11-30,STR035,PRD01022,54,102,24,2,134,0,84220.34
INV00039235,2025-11-30,STR035,PRD00289,123,0,69,0,54,0,32778.0
INV00039236,2025-11-30,STR035,PRD00603,234,0,66,0,168,0,22001.28
INV00039237,2025-11-30,STR035,PRD00094,17,29,9,0,37,0,459108.58
INV00039238,2025-11-30,STR035,PRD01188,42,83,23,0,102,0,171996.48
INV00039239,2025-11-30,STR035,PRD00858,57,113,16,0,154,0,107054.64
INV00039240,2025-11-30,STR035,PRD00227,83,64,40,0,107,0,381738.55
INV00039241,2025-11-30,STR036,PRD00778,52,94,19,0,127,0,72331.58
INV00039242,2025-11-30,STR036,PRD00128,78,0,19,0,59,0,528864.79
INV00039243,2025-11-30,STR036,PRD00284,108,264,17,0,355,0,36753.15
INV00039244,2025-11-30,STR036,PRD00012,11,35,6,3,43,0,177218.05
INV00039245,2025-11-30,STR036,PRD00749,132,0,62,0,70,0,171133.9
INV00039246,2025-11-30,STR036,PRD00304,78,128,25,0,181,0,131009.61
INV00039247,2025-11-30,STR036,PRD01059,81,0,48,1,34,0,12524.24
INV00039248,2025-11-30,STR036,PRD00552,187,311,36,3,465,0,90647.1
INV00039249,2025-11-30,STR036,PRD00503,74,100,9,1,166,0,87281.14
INV00039250,2025-11-30,STR036,PRD00817,34,169,17,0,186,0,402812.76
INV00039251,2025-11-30,STR036,PRD01185,86,0,50,0,36,0,33294.6
INV00039252,2025-11-30,STR036,PRD00645,354,160,45,0,469,0,154966.98
INV00039253,2025-11-30,STR036,PRD00560,317,0,164,0,153,0,33474.87
INV00039254,2025-11-30,STR036,PRD00290,101,356,41,0,416,0,198981.12
INV00039255,2025-11-30,STR036,PRD00837,191,0,17,0,174,0,412143.36
INV00039256,2025-11-30,STR036,PRD00005,60,0,21,0,39,0,719115.54
INV00039257,2025-11-30,STR036,PRD00777,60,0,15,0,45,0,87380.1
INV00039258,2025-11-30,STR036,PRD00893,122,0,27,0,95,0,57289.75
INV00039259,2025-11-30,STR036,PRD00877,167,0,50,0,117,0,141793.47
INV00039260,2025-11-30,STR036,PRD00523,92,0,29,0,63,0,41336.82
INV00039261,2025-11-30,STR037,PRD00485,77,0,18,0,59,0,34995.85
INV00039262,2025-11-30,STR037,PRD00642,180,0,77,0,101,2,29312.22
INV00039263,2025-11-30,STR037,PRD00103,168,0,75,0,93,0,273554.85
INV00039264,2025-11-30,STR037,PRD00756,158,0,59,0,99,0,218631.6
INV00039265,2025-11-30,STR037,PRD00132,52,39,10,0,81,0,1435779.27
INV00039266,2025-11-30,STR037,PRD00999,51,0,15,0,36,0,21126.6
INV00039267,2025-11-30,STR037,PRD01076,65,0,13,0,52,0,134968.6
INV00039268,2025-11-30,STR037,PRD00194,30,0,6,0,24,0,99366.24
INV00039269,2025-11-30,STR037,PRD00325,109,0,19,0,90,0,52830.9
INV00039270,2025-11-30,STR037,PRD00346,23,164,6,0,181,0,114866.22
INV00039271,2025-11-30,STR037,PRD00533,45,0,19,0,26,0,17213.56
INV00039272,2025-11-30,STR037,PRD00321,175,0,96,0,79,0,56523.71
INV00039273,2025-11-30,STR037,PRD00909,142,0,61,1,82,0,71297.36
INV00039274,2025-11-30,STR037,PRD00068,38,0,13,0,25,0,217363.5
INV00039275,2025-11-30,STR037,PRD00525,80,318,44,0,353,1,23456.85
INV00039276,2025-11-30,STR037,PRD00450,201,0,12,0,189,0,54912.06
INV00039277,2025-11-30,STR037,PRD00422,245,0,50,0,194,1,32384.42
INV00039278,2025-11-30,STR037,PRD00476,80,90,21,0,149,0,80933.82
INV00039279,2025-11-30,STR037,PRD00920,50,0,30,0,20,0,30689.2
INV00039280,2025-11-30,STR037,PRD00997,31,0,18,0,13,0,8120.97
INV00039281,2025-11-30,STR038,PRD00793,30,88,12,0,106,0,148973.46
INV00039282,2025-11-30,STR038,PRD00157,78,0,39,0,39,0,169852.41
INV00039283,2025-11-30,STR038,PRD00798,23,87,12,0,98,0,94231.9
INV00039284,2025-11-30,STR038,PRD00253,70,0,22,0,48,0,322419.36
INV00039285,2025-11-30,STR038,PRD00838,44,0,9,0,35,0,36639.75
INV00039286,2025-11-30,STR038,PRD00715,53,0,13,0,40,0,79360.0
INV00039287,2025-11-30,STR038,PRD00569,282,0,125,1,158,0,22641.4
INV00039288,2025-11-30,STR038,PRD00809,93,0,27,0,66,0,59118.84
INV00039289,2025-11-30,STR038,PRD00627,128,0,28,0,100,0,40371.0
INV00039290,2025-11-30,STR038,PRD00585,249,0,67,2,184,0,53295.6
INV00039291,2025-11-30,STR038,PRD00976,146,0,68,3,81,0,47191.41
INV00039292,2025-11-30,STR038,PRD00926,181,0,47,2,136,0,65450.0
INV00039293,2025-11-30,STR038,PRD00781,107,0,16,0,91,0,188446.44
INV00039294,2025-11-30,STR038,PRD00808,208,0,121,0,87,0,157815.39
INV00039295,2025-11-30,STR038,PRD00897,19,115,11,0,123,0,291412.83
INV00039296,2025-11-30,STR038,PRD00284,260,0,56,0,204,0,21120.12
INV00039297,2025-11-30,STR038,PRD00831,109,123,61,1,172,0,342825.24
INV00039298,2025-11-30,STR038,PRD00768,72,181,23,0,230,0,47173.0
INV00039299,2025-11-30,STR038,PRD00377,46,180,27,0,199,0,163721.28
INV00039300,2025-11-30,STR038,PRD00135,87,0,36,0,51,0,350198.13
INV00039301,2025-11-30,STR039,PRD00184,91,0,48,0,43,0,111314.1
INV00039302,2025-11-30,STR039,PRD00611,96,239,51,1,285,0,10775.85
INV00039303,2025-11-30,STR039,PRD00613,200,0,35,2,167,0,29827.87
INV00039304,2025-11-30,STR039,PRD00778,90,0,26,0,64,0,36450.56
INV00039305,2025-11-30,STR039,PRD00831,98,123,37,0,184,0,366743.28
INV00039306,2025-11-30,STR039,PRD00160,86,0,48,1,39,0,187531.11
INV00039307,2025-11-30,STR039,PRD00428,130,0,31,1,100,0,24475.0
INV00039308,2025-11-30,STR039,PRD00860,227,160,55,0,332,0,138613.32
INV00039309,2025-11-30,STR039,PRD00238,12,0,6,0,6,0,18808.68
INV00039310,2025-11-30,STR039,PRD01073,68,0,25,0,43,0,104939.35
INV00039311,2025-11-30,STR039,PRD01089,10,70,5,0,75,0,284776.5
INV00039312,2025-11-30,STR039,PRD00118,69,0,26,0,43,0,453390.71
INV00039313,2025-11-30,STR039,PRD00874,105,0,61,0,44,0,102629.12
INV00039314,2025-11-30,STR039,PRD00093,33,0,10,0,23,0,223193.61
INV00039315,2025-11-30,STR039,PRD01106,85,164,22,0,227,0,378899.32
INV00039316,2025-11-30,STR039,PRD00846,170,140,44,0,266,0,293193.18
INV00039317,2025-11-30,STR039,PRD01150,131,0,5,0,125,1,296505.0
INV00039318,2025-11-30,STR039,PRD00237,29,0,9,0,20,0,129262.4
INV00039319,2025-11-30,STR039,PRD01115,138,0,75,0,63,0,151474.05
INV00039320,2025-11-30,STR039,PRD01189,75,91,43,0,123,0,275196.51
INV00039321,2025-11-30,STR040,PRD00386,89,0,8,1,82,0,59103.96
INV00039322,2025-11-30,STR040,PRD00443,285,0,170,0,115,0,19211.9
INV00039323,2025-11-30,STR040,PRD00897,53,115,6,0,162,0,383812.02
INV00039324,2025-11-30,STR040,PRD00272,125,208,35,0,298,0,102726.56
INV00039325,2025-11-30,STR040,PRD00127,23,48,6,0,65,0,686860.2
INV00039326,2025-11-30,STR040,PRD00523,68,0,29,2,40,1,26245.6
INV00039327,2025-11-30,STR040,PRD00248,22,0,10,0,12,0,82530.12
INV00039328,2025-11-30,STR040,PRD00527,109,107,61,0,155,0,114896.85
INV00039329,2025-11-30,STR040,PRD00485,44,0,9,0,34,1,20167.1
INV00039330,2025-11-30,STR040,PRD00964,44,0,26,0,18,0,10353.42
INV00039331,2025-11-30,STR040,PRD00337,158,0,58,0,100,0,73143.0
INV00039332,2025-11-30,STR040,PRD00479,54,150,23,0,181,0,46265.41
INV00039333,2025-11-30,STR040,PRD00824,95,0,15,0,80,0,173322.4
INV00039334,2025-11-30,STR040,PRD00132,56,39,15,0,80,0,1418053.6
INV00039335,2025-11-30,STR040,PRD00011,67,0,23,1,45,0,442561.05
INV00039336,2025-11-30,STR040,PRD00185,68,0,5,0,63,0,94502.52
INV00039337,2025-11-30,STR040,PRD00214,34,33,20,0,47,0,322874.02
INV00039338,2025-11-30,STR040,PRD00417,49,0,19,0,30,0,19851.3
INV00039339,2025-11-30,STR040,PRD00026,69,0,37,1,33,0,100551.33
INV00039340,2025-11-30,STR040,PRD00210,41,0,21,0,19,1,105130.8
INV00039341,2025-11-30,STR041,PRD01110,71,0,6,0,65,0,37772.15
INV00039342,2025-11-30,STR041,PRD00640,129,223,19,0,333,0,39104.19
INV00039343,2025-11-30,STR041,PRD00286,486,254,112,0,628,0,159097.52
INV00039344,2025-11-30,STR041,PRD00916,137,0,32,0,104,1,236161.12
INV00039345,2025-11-30,STR041,PRD01041,22,130,11,0,141,0,75126.21
INV00039346,2025-11-30,STR041,PRD00036,62,0,21,0,41,0,234046.04
INV00039347,2025-11-30,STR041,PRD00639,212,333,78,1,468,0,47927.88
INV00039348,2025-11-30,STR041,PRD00025,172,118,68,0,222,0,358985.1
INV00039349,2025-11-30,STR041,PRD00164,42,54,8,0,87,1,411389.07
INV00039350,2025-11-30,STR041,PRD00662,223,0,61,0,162,0,22835.52
INV00039351,2025-11-30,STR041,PRD00956,28,77,7,0,98,0,56056.0
INV00039352,2025-11-30,STR041,PRD00162,47,38,9,0,76,0,508139.04
INV00039353,2025-11-30,STR041,PRD00831,49,123,13,0,159,0,316914.03
INV00039354,2025-11-30,STR041,PRD00129,85,69,39,0,115,0,1755262.25
INV00039355,2025-11-30,STR041,PRD00975,53,0,10,0,43,0,25735.5
INV00039356,2025-11-30,STR041,PRD00626,56,283,13,2,328,0,24905.04
INV00039357,2025-11-30,STR041,PRD00177,7,75,7,0,75,0,554855.25
INV00039358,2025-11-30,STR041,PRD00382,84,0,43,1,42,0,12302.22
INV00039359,2025-11-30,STR041,PRD00992,161,0,17,0,144,0,32280.48
INV00039360,2025-11-30,STR041,PRD00725,62,0,16,0,46,0,69537.74
