InventoryID,SnapshotDate,StoreID,ProductID,OpeningStock,ReceivedQuantity,SoldQuantity,ReturnQuantity,ClosingStock,DamagedQuantity,InventoryValue
INV00010661,2025-04-06,STR001,PRD00394,116,325,38,1,404,0,88278.04
INV00010662,2025-04-06,STR001,PRD00669,53,0,8,0,45,0,84904.2
INV00010663,2025-04-06,STR001,PRD00265,84,118,38,0,163,1,475969.78
INV00010664,2025-04-06,STR001,PRD01148,248,0,92,2,158,0,38153.84
INV00010665,2025-04-06,STR001,PRD00271,80,294,34,0,340,0,142324.0
INV00010666,2025-04-06,STR001,PRD01084,46,0,22,0,24,0,101073.36
INV00010667,2025-04-06,STR001,PRD00742,71,0,19,0,52,0,123149.52
INV00010668,2025-04-06,STR001,PRD00108,36,0,11,0,25,0,395055.5
INV00010669,2025-04-06,STR001,PRD00582,193,394,40,3,550,0,211750.0
INV00010670,2025-04-06,STR001,PRD00214,57,0,20,0,37,0,254177.42
INV00010671,2025-04-06,STR001,PRD00193,17,0,5,1,13,0,54489.24
INV00010672,2025-04-06,STR001,PRD00996,269,201,112,0,356,2,117262.84
INV00010673,2025-04-06,STR001,PRD00874,90,0,15,0,75,0,174936.0
INV00010674,2025-04-06,STR001,PRD00335,139,0,34,1,106,0,65991.36
INV00010675,2025-04-06,STR001,PRD00539,206,0,8,0,198,0,9450.54
INV00010676,2025-04-06,STR001,PRD00906,46,169,21,0,194,0,410546.68
INV00010677,2025-04-06,STR001,PRD00078,103,0,39,0,64,0,415447.04
INV00010678,2025-04-06,STR001,PRD00687,114,0,41,0,73,0,130609.41
INV00010679,2025-04-06,STR001,PRD01174,90,77,49,0,118,0,314466.46
INV00010680,2025-04-06,STR001,PRD00103,152,0,28,0,124,0,364739.8
INV00010681,2025-04-06,STR002,PRD00560,215,0,18,1,198,0,43320.42
INV00010682,2025-04-06,STR002,PRD01174,83,0,21,0,62,0,165228.14
INV00010683,2025-04-06,STR002,PRD00181,39,0,17,0,22,0,71265.92
INV00010684,2025-04-06,STR002,PRD00327,72,0,15,0,57,0,47550.54
INV00010685,2025-04-06,STR002,PRD00980,199,0,24,0,174,1,63033.24
INV00010686,2025-04-06,STR002,PRD00119,8,45,5,0,48,0,769659.36
INV00010687,2025-04-06,STR002,PRD00277,57,119,25,0,151,0,102717.75
INV00010688,2025-04-06,STR002,PRD00774,62,0,9,0,53,0,82111.31
INV00010689,2025-04-06,STR002,PRD00739,62,159,11,0,210,0,323698.2
INV00010690,2025-04-06,STR002,PRD00431,101,0,41,0,60,0,31272.0
INV00010691,2025-04-06,STR002,PRD00101,29,132,17,0,144,0,259668.0
INV00010692,2025-04-06,STR002,PRD00109,57,48,11,1,95,0,885067.5
INV00010693,2025-04-06,STR002,PRD00665,359,0,74,0,285,0,29394.9
INV00010694,2025-04-06,STR002,PRD01075,53,0,15,0,38,0,120774.64
INV00010695,2025-04-06,STR002,PRD00906,75,169,31,0,213,0,450754.86
INV00010696,2025-04-06,STR002,PRD01097,31,101,15,0,117,0,240347.25
INV00010697,2025-04-06,STR002,PRD00006,96,99,39,1,157,0,395627.44
INV00010698,2025-04-06,STR002,PRD00619,274,0,149,0,125,0,17416.25
INV00010699,2025-04-06,STR002,PRD01113,72,0,24,0,48,0,96764.16
INV00010700,2025-04-06,STR002,PRD00822,74,148,6,0,216,0,518378.4
INV00010701,2025-04-06,STR003,PRD01101,59,0,7,0,52,0,138744.84
INV00010702,2025-04-06,STR003,PRD00492,172,391,21,0,542,0,196225.68
INV00010703,2025-04-06,STR003,PRD00190,28,0,12,2,18,0,143195.76
INV00010704,2025-04-06,STR003,PRD00641,306,0,10,0,296,0,98603.52
INV00010705,2025-04-06,STR003,PRD00417,30,95,14,1,112,0,74111.52
INV00010706,2025-04-06,STR003,PRD00592,247,0,129,0,118,0,25758.22
INV00010707,2025-04-06,STR003,PRD01009,110,0,54,0,56,0,1645.84
INV00010708,2025-04-06,STR003,PRD01033,167,0,78,0,89,0,33703.41
INV00010709,2025-04-06,STR003,PRD00276,126,351,60,0,417,0,122043.39
INV00010710,2025-04-06,STR003,PRD01000,70,209,19,0,260,0,89926.2
INV00010711,2025-04-06,STR003,PRD00877,114,0,17,0,97,0,117555.27
INV00010712,2025-04-06,STR003,PRD00900,105,139,17,0,227,0,445158.35
INV00010713,2025-04-06,STR003,PRD00893,62,0,30,0,32,0,19297.6
INV00010714,2025-04-06,STR003,PRD00527,59,0,30,0,29,0,21496.83
INV00010715,2025-04-06,STR003,PRD00790,38,155,5,0,188,0,169711.36
INV00010716,2025-04-06,STR003,PRD00412,106,198,41,0,263,0,119599.25
INV00010717,2025-04-06,STR003,PRD00547,386,0,62,0,424,0,24711.48
INV00010718,2025-04-06,STR003,PRD00173,33,0,5,0,28,0,161036.96
INV00010719,2025-04-06,STR003,PRD00540,248,0,84,2,166,0,64510.92
INV00010720,2025-04-06,STR003,PRD00723,39,78,16,0,101,0,110893.96
INV00010721,2025-04-06,STR004,PRD00073,40,0,10,2,32,0,547948.8
INV00010722,2025-04-06,STR004,PRD00020,57,0,17,0,40,0,77931.6
INV00010723,2025-04-06,STR004,PRD00808,140,130,56,0,214,0,388189.58
INV00010724,2025-04-06,STR004,PRD00614,56,231,26,0,260,1,8912.8
INV00010725,2025-04-06,STR004,PRD00477,231,0,36,0,195,0,19043.7
INV00010726,2025-04-06,STR004,PRD00374,107,153,31,0,229,0,169077.57
INV00010727,2025-04-06,STR004,PRD00886,74,0,16,0,58,0,54792.6
INV00010728,2025-04-06,STR004,PRD00106,74,0,8,0,66,0,164165.76
INV00010729,2025-04-06,STR004,PRD00673,150,152,46,0,256,0,434762.24
INV00010730,2025-04-06,STR004,PRD00941,106,0,47,0,59,0,30154.31
INV00010731,2025-04-06,STR004,PRD00858,125,0,37,0,88,0,61174.08
INV00010732,2025-04-06,STR004,PRD01197,48,0,20,1,29,0,33674.22
INV00010733,2025-04-06,STR004,PRD00358,449,0,192,0,256,1,119467.52
INV00010734,2025-04-06,STR004,PRD00296,195,0,34,0,161,0,19582.43
INV00010735,2025-04-06,STR004,PRD00828,103,395,6,1,493,0,218399.0
INV00010736,2025-04-06,STR004,PRD00812,39,0,20,0,19,0,34642.7
INV00010737,2025-04-06,STR004,PRD01094,37,0,8,0,28,1,106320.76
INV00010738,2025-04-06,STR004,PRD00098,27,37,9,0,55,0,561330.55
INV00010739,2025-04-06,STR004,PRD00641,64,352,38,0,378,0,125919.36
INV00010740,2025-04-06,STR004,PRD00155,59,0,11,0,48,0,79305.12
INV00010741,2025-04-06,STR005,PRD00097,32,0,18,0,14,0,202130.04
INV00010742,2025-04-06,STR005,PRD00197,8,38,6,2,42,0,158719.26
INV00010743,2025-04-06,STR005,PRD01176,20,0,8,0,12,0,42231.96
INV00010744,2025-04-06,STR005,PRD00226,61,0,12,0,49,0,103978.49
INV00010745,2025-04-06,STR005,PRD00422,311,0,181,0,130,0,21700.9
INV00010746,2025-04-06,STR005,PRD00304,106,0,63,0,43,0,31123.83
INV00010747,2025-04-06,STR005,PRD00784,136,0,34,0,102,0,132808.08
INV00010748,2025-04-06,STR005,PRD00878,147,0,72,0,75,0,59742.0
INV00010749,2025-04-06,STR005,PRD00144,48,0,11,0,37,0,183670.59
INV00010750,2025-04-06,STR005,PRD01156,110,0,7,0,103,0,233580.31
INV00010751,2025-04-06,STR005,PRD00303,124,0,33,0,91,0,32967.48
INV00010752,2025-04-06,STR005,PRD00721,136,0,12,0,124,0,214226.12
INV00010753,2025-04-06,STR005,PRD00598,254,344,5,2,595,0,72881.55
INV00010754,2025-04-06,STR005,PRD00083,20,0,12,0,8,0,51698.16
INV00010755,2025-04-06,STR005,PRD00425,68,0,14,0,54,0,37665.54
INV00010756,2025-04-06,STR005,PRD00228,84,0,34,1,51,0,152097.81
INV00010757,2025-04-06,STR005,PRD01039,492,0,289,1,204,0,80363.76
INV00010758,2025-04-06,STR005,PRD00141,39,0,18,0,21,0,40830.09
INV00010759,2025-04-06,STR005,PRD00827,77,0,25,0,52,0,114222.68
INV00010760,2025-04-06,STR005,PRD00511,63,0,14,0,49,0,27399.82
INV00010761,2025-04-06,STR006,PRD00519,81,0,18,0,63,0,40502.7
INV00010762,2025-04-06,STR006,PRD00976,23,97,10,0,109,1,63504.49
INV00010763,2025-04-06,STR006,PRD01054,166,0,36,0,130,0,21834.8
INV00010764,2025-04-06,STR006,PRD00506,31,126,12,0,145,0,83969.5
INV00010765,2025-04-06,STR006,PRD00870,52,0,27,1,26,0,42085.68
INV00010766,2025-04-06,STR006,PRD00530,133,77,39,1,172,0,96676.04
INV00010767,2025-04-06,STR006,PRD00050,54,75,19,0,110,0,1768363.3
INV00010768,2025-04-06,STR006,PRD00356,106,173,51,0,228,0,167393.04
INV00010769,2025-04-06,STR006,PRD00764,74,0,14,0,60,0,110166.6
INV00010770,2025-04-06,STR006,PRD00590,138,0,38,0,100,0,24318.0
INV00010771,2025-04-06,STR006,PRD00076,98,55,40,0,113,0,1211989.41
INV00010772,2025-04-06,STR006,PRD00288,136,251,19,0,368,0,161684.48
INV00010773,2025-04-06,STR006,PRD00342,81,0,26,0,55,0,38399.35
INV00010774,2025-04-06,STR006,PRD00716,128,0,41,0,87,0,87649.02
INV00010775,2025-04-06,STR006,PRD00218,38,0,10,0,28,0,141428.56
INV00010776,2025-04-06,STR006,PRD00982,94,280,26,1,348,1,20302.32
INV00010777,2025-04-06,STR006,PRD00392,153,242,54,0,341,0,82617.48
INV00010778,2025-04-06,STR006,PRD00346,88,0,24,0,64,0,40615.68
INV00010779,2025-04-06,STR006,PRD00122,54,48,19,0,83,0,1358425.31
INV00010780,2025-04-06,STR006,PRD00257,28,0,8,0,20,0,42915.4
INV00010781,2025-04-06,STR007,PRD01089,27,0,11,0,16,0,60752.32
INV00010782,2025-04-06,STR007,PRD00141,47,0,17,0,30,0,58328.7
INV00010783,2025-04-06,STR007,PRD00824,38,0,11,0,27,0,58496.31
INV00010784,2025-04-06,STR007,PRD00646,84,186,27,1,244,0,16052.76
INV00010785,2025-04-06,STR007,PRD00323,271,0,46,0,225,0,42333.75
INV00010786,2025-04-06,STR007,PRD00989,77,134,13,0,198,0,117237.78
INV00010787,2025-04-06,STR007,PRD00071,42,0,20,0,22,0,211323.86
INV00010788,2025-04-06,STR007,PRD00270,71,0,25,0,46,0,35376.76
INV00010789,2025-04-06,STR007,PRD00929,77,173,25,0,225,0,458154.0
INV00010790,2025-04-06,STR007,PRD00145,110,0,45,2,66,1,111395.46
INV00010791,2025-04-06,STR007,PRD00113,33,0,15,0,18,0,213773.22
INV00010792,2025-04-06,STR007,PRD00993,366,0,201,0,164,1,14254.88
INV00010793,2025-04-06,STR007,PRD00879,98,0,9,0,89,0,143666.47
INV00010794,2025-04-06,STR007,PRD00501,22,114,11,1,126,0,68966.1
INV00010795,2025-04-06,STR007,PRD01091,173,0,31,0,142,0,398856.7
INV00010796,2025-04-06,STR007,PRD00785,146,0,38,0,108,0,297521.64
INV00010797,2025-04-06,STR007,PRD00754,151,0,75,0,75,1,16566.0
INV00010798,2025-04-06,STR007,PRD00464,247,0,43,0,204,0,93531.96
INV00010799,2025-04-06,STR007,PRD00632,365,0,184,0,181,0,77840.86
INV00010800,2025-04-06,STR007,PRD01080,172,0,70,0,102,0,78716.46
INV00010801,2025-04-06,STR008,PRD00073,38,64,13,0,89,0,1523982.6
INV00010802,2025-04-06,STR008,PRD00181,41,0,7,0,34,0,110138.24
INV00010803,2025-04-06,STR008,PRD00771,68,0,40,0,28,0,40211.64
INV00010804,2025-04-06,STR008,PRD00709,408,224,139,0,493,0,75453.65
INV00010805,2025-04-06,STR008,PRD00149,37,0,9,0,28,0,57172.08
INV00010806,2025-04-06,STR008,PRD00909,66,0,8,0,58,0,50429.84
INV00010807,2025-04-06,STR008,PRD00348,64,0,20,0,44,0,30538.64
INV00010808,2025-04-06,STR008,PRD00356,57,0,23,0,34,0,24962.12
INV00010809,2025-04-06,STR008,PRD00887,168,0,100,0,68,0,79538.92
INV00010810,2025-04-06,STR008,PRD00067,104,0,14,0,90,0,242524.8
INV00010811,2025-04-06,STR008,PRD00528,64,0,13,0,51,0,48263.34
INV00010812,2025-04-06,STR008,PRD01073,46,141,6,0,181,0,441721.45
INV00010813,2025-04-06,STR008,PRD00877,86,0,40,0,46,0,55747.86
INV00010814,2025-04-06,STR008,PRD01173,104,269,36,0,337,0,167057.64
INV00010815,2025-04-06,STR008,PRD00294,104,122,36,0,190,0,124077.6
INV00010816,2025-04-06,STR008,PRD00917,26,161,15,0,172,0,168702.76
INV00010817,2025-04-06,STR008,PRD00659,241,0,103,0,138,0,30199.92
INV00010818,2025-04-06,STR008,PRD00448,101,154,52,1,204,0,105786.24
INV00010819,2025-04-06,STR008,PRD00231,12,41,7,0,46,0,308434.14
INV00010820,2025-04-06,STR008,PRD00435,136,0,34,0,102,0,59585.34
INV00010821,2025-04-06,STR009,PRD00221,31,0,14,3,20,0,115417.8
INV00010822,2025-04-06,STR009,PRD00591,124,0,21,0,103,0,37464.19
INV00010823,2025-04-06,STR009,PRD00519,40,0,12,0,28,0,18001.2
INV00010824,2025-04-06,STR009,PRD00810,275,400,97,2,580,0,151438.0
INV00010825,2025-04-06,STR009,PRD00667,279,0,85,0,194,0,17663.7
INV00010826,2025-04-06,STR009,PRD00118,55,0,24,0,31,0,326863.07
INV00010827,2025-04-06,STR009,PRD00329,93,161,24,0,230,0,128940.3
INV00010828,2025-04-06,STR009,PRD00665,127,253,7,0,371,2,38264.94
INV00010829,2025-04-06,STR009,PRD00251,60,0,13,0,47,0,343384.82
INV00010830,2025-04-06,STR009,PRD00319,134,0,27,0,107,0,49627.67
INV00010831,2025-04-06,STR009,PRD00627,74,389,35,1,429,0,173191.59
INV00010832,2025-04-06,STR009,PRD00976,64,0,17,0,47,0,27382.67
INV00010833,2025-04-06,STR009,PRD01156,33,108,8,1,134,0,303881.18
INV00010834,2025-04-06,STR009,PRD00069,51,0,5,0,45,1,346560.3
INV00010835,2025-04-06,STR009,PRD00559,84,312,42,0,354,0,149232.24
INV00010836,2025-04-06,STR009,PRD01100,50,0,28,0,20,2,81617.4
INV00010837,2025-04-06,STR009,PRD01046,97,168,20,0,245,0,128941.05
INV00010838,2025-04-06,STR009,PRD00683,88,0,30,0,57,1,33859.71
INV00010839,2025-04-06,STR009,PRD01047,156,330,15,0,471,0,227671.98
INV00010840,2025-04-06,STR009,PRD00054,60,49,19,0,90,0,1065630.6
INV00010841,2025-04-06,STR010,PRD00165,66,38,30,0,74,0,493715.42
INV00010842,2025-04-06,STR010,PRD00033,48,0,20,0,28,0,49931.84
INV00010843,2025-04-06,STR010,PRD00463,71,167,42,0,195,1,145756.65
INV00010844,2025-04-06,STR010,PRD00848,19,120,11,0,128,0,206888.96
INV00010845,2025-04-06,STR010,PRD01176,28,0,6,0,22,0,77425.26
INV00010846,2025-04-06,STR010,PRD00721,88,81,33,0,136,0,234957.68
INV00010847,2025-04-06,STR010,PRD00453,69,0,8,0,61,0,57728.57
INV00010848,2025-04-06,STR010,PRD00646,168,0,18,1,151,0,9934.29
INV00010849,2025-04-06,STR010,PRD00319,191,0,40,0,151,0,70035.31
INV00010850,2025-04-06,STR010,PRD00236,30,0,14,1,16,1,63836.48
INV00010851,2025-04-06,STR010,PRD00654,39,317,9,0,347,0,112563.33
INV00010852,2025-04-06,STR010,PRD00434,51,170,22,0,199,0,107219.21
INV00010853,2025-04-06,STR010,PRD00958,463,0,250,0,213,0,40838.49
INV00010854,2025-04-06,STR010,PRD00738,55,0,14,0,41,0,28168.64
INV00010855,2025-04-06,STR010,PRD01099,24,155,14,3,168,0,457270.8
INV00010856,2025-04-06,STR010,PRD00303,143,0,69,0,74,0,26808.72
INV00010857,2025-04-06,STR010,PRD00223,37,0,11,1,27,0,189399.33
INV00010858,2025-04-06,STR010,PRD00740,45,0,5,2,42,0,119377.02
INV00010859,2025-04-06,STR010,PRD01174,124,0,47,0,77,0,205202.69
INV00010860,2025-04-06,STR010,PRD00538,144,0,12,0,132,0,5514.96
INV00010861,2025-04-06,STR011,PRD00066,18,0,8,0,10,0,58207.6
INV00010862,2025-04-06,STR011,PRD00032,43,0,18,0,25,0,370000.0
INV00010863,2025-04-06,STR011,PRD00947,234,0,52,0,182,0,37859.64
INV00010864,2025-04-06,STR011,PRD00020,88,0,39,0,49,0,95466.21
INV00010865,2025-04-06,STR011,PRD00181,37,0,17,0,20,0,64787.2
INV00010866,2025-04-06,STR011,PRD00207,32,69,8,0,93,0,627019.02
INV00010867,2025-04-06,STR011,PRD00793,101,0,41,0,60,0,84324.6
INV00010868,2025-04-06,STR011,PRD00218,38,0,10,2,30,0,151530.6
INV00010869,2025-04-06,STR011,PRD01045,195,0,82,0,113,0,53250.12
INV00010870,2025-04-06,STR011,PRD00085,21,0,9,0,12,0,214506.96
INV00010871,2025-04-06,STR011,PRD00237,69,0,21,0,48,0,310229.76
INV00010872,2025-04-06,STR011,PRD00363,52,139,11,0,180,0,124263.0
INV00010873,2025-04-06,STR011,PRD00073,97,0,58,0,37,2,633565.8
INV00010874,2025-04-06,STR011,PRD00567,174,0,102,0,70,2,15887.2
INV00010875,2025-04-06,STR011,PRD00295,62,135,31,0,166,0,94369.34
INV00010876,2025-04-06,STR011,PRD00839,68,0,19,0,49,0,88933.53
INV00010877,2025-04-06,STR011,PRD00897,48,0,21,0,25,2,59230.25
INV00010878,2025-04-06,STR011,PRD00051,25,0,7,0,18,0,248619.24
INV00010879,2025-04-06,STR011,PRD00251,33,0,16,1,18,0,131509.08
INV00010880,2025-04-06,STR011,PRD00405,144,116,43,0,217,0,174437.62
INV00010881,2025-04-06,STR012,PRD00935,100,0,28,0,72,0,42199.2
INV00010882,2025-04-06,STR012,PRD00511,60,149,31,0,178,0,99534.04
INV00010883,2025-04-06,STR012,PRD00481,154,0,21,0,133,0,42129.08
INV00010884,2025-04-06,STR012,PRD00824,20,75,6,0,87,2,188488.11
INV00010885,2025-04-06,STR012,PRD00129,44,69,6,0,106,1,1617893.9
INV00010886,2025-04-06,STR012,PRD01163,52,43,7,0,88,0,327013.28
INV00010887,2025-04-06,STR012,PRD00315,326,0,29,0,297,0,83587.68
INV00010888,2025-04-06,STR012,PRD00639,207,0,120,0,87,0,8909.67
INV00010889,2025-04-06,STR012,PRD00396,205,0,77,0,128,0,58201.6
INV00010890,2025-04-06,STR012,PRD00470,307,0,7,0,300,0,97533.0
INV00010891,2025-04-06,STR012,PRD00170,165,0,62,0,103,0,94604.47
INV00010892,2025-04-06,STR012,PRD00041,73,0,5,0,68,0,1016822.36
INV00010893,2025-04-06,STR012,PRD00450,169,0,24,0,145,0,42128.3
INV00010894,2025-04-06,STR012,PRD01107,18,126,6,0,138,0,101447.94
INV00010895,2025-04-06,STR012,PRD00189,30,0,16,0,13,1,72210.32
INV00010896,2025-04-06,STR012,PRD01018,440,223,124,3,542,0,48129.6
INV00010897,2025-04-06,STR012,PRD00524,315,0,139,0,176,0,18744.0
INV00010898,2025-04-06,STR012,PRD00037,12,63,7,0,68,0,1139708.56
INV00010899,2025-04-06,STR012,PRD00155,53,0,10,0,43,0,71044.17
INV00010900,2025-04-06,STR012,PRD00479,118,150,65,0,202,1,51633.22
INV00010901,2025-04-06,STR013,PRD00594,152,0,61,0,91,0,7401.03
INV00010902,2025-04-06,STR013,PRD00260,14,44,6,0,52,0,291609.24
INV00010903,2025-04-06,STR013,PRD00881,78,0,40,0,38,0,20273.38
INV00010904,2025-04-06,STR013,PRD00229,63,0,30,0,33,0,44513.7
INV00010905,2025-04-06,STR013,PRD00314,203,0,74,2,131,0,-9999.0
INV00010906,2025-04-06,STR013,PRD01041,93,0,53,0,40,0,21312.4
INV00010907,2025-04-06,STR013,PRD00466,142,0,39,0,103,0,64861.16
INV00010908,2025-04-06,STR013,PRD01158,17,68,5,0,80,0,334182.4
INV00010909,2025-04-06,STR013,PRD00136,47,39,21,0,65,0,366678.65
INV00010910,2025-04-06,STR013,PRD00398,450,0,136,0,314,0,54431.9
INV00010911,2025-04-06,STR013,PRD00486,127,0,67,0,60,0,7413.0
INV00010912,2025-04-06,STR013,PRD00696,113,0,5,0,108,0,116642.16
INV00010913,2025-04-06,STR013,PRD01166,161,0,91,0,70,0,116230.1
INV00010914,2025-04-06,STR013,PRD00913,68,0,31,0,37,0,79938.5
INV00010915,2025-04-06,STR013,PRD01139,107,0,28,0,79,0,145720.24
INV00010916,2025-04-06,STR013,PRD00992,185,299,78,0,406,0,91013.02
INV00010917,2025-04-06,STR013,PRD01060,370,347,151,0,566,0,112266.1
INV00010918,2025-04-06,STR013,PRD00368,66,0,7,0,59,0,34687.87
INV00010919,2025-04-06,STR013,PRD00245,51,0,14,0,35,2,155025.85
INV00010920,2025-04-06,STR013,PRD00712,184,109,73,0,220,0,208373.0
INV00010921,2025-04-06,STR014,PRD00991,163,0,38,0,125,0,64316.25
INV00010922,2025-04-06,STR014,PRD00292,258,0,94,1,165,0,81125.55
INV00010923,2025-04-06,STR014,PRD00039,48,0,12,0,36,0,226078.2
INV00010924,2025-04-06,STR014,PRD00901,163,0,29,0,134,0,277590.38
INV00010925,2025-04-06,STR014,PRD00489,34,0,10,0,24,0,16581.12
INV00010926,2025-04-06,STR014,PRD01004,141,0,83,0,58,0,3823.94
INV00010927,2025-04-06,STR014,PRD00196,39,0,16,1,24,0,53925.12
INV00010928,2025-04-06,STR014,PRD00658,221,294,26,0,489,0,111335.52
INV00010929,2025-04-06,STR014,PRD00852,86,0,37,0,49,0,59527.16
INV00010930,2025-04-06,STR014,PRD00570,90,0,41,0,49,0,13159.93
INV00010931,2025-04-06,STR014,PRD00390,62,171,14,0,219,0,171987.27
INV00010932,2025-04-06,STR014,PRD00668,220,0,17,1,204,0,44174.16
INV00010933,2025-04-06,STR014,PRD01033,80,0,6,2,76,0,28780.44
INV00010934,2025-04-06,STR014,PRD00501,118,0,11,0,107,0,58566.45
INV00010935,2025-04-06,STR014,PRD00470,132,0,58,0,74,0,24058.14
INV00010936,2025-04-06,STR014,PRD00193,31,0,18,0,13,0,54489.24
INV00010937,2025-04-06,STR014,PRD01138,49,0,5,0,44,0,122729.64
INV00010938,2025-04-06,STR014,PRD01120,22,0,10,0,12,0,52799.52
INV00010939,2025-04-06,STR014,PRD00628,124,0,30,0,94,0,19816.14
INV00010940,2025-04-06,STR014,PRD00239,79,0,33,0,46,0,209578.76
INV00010941,2025-04-06,STR015,PRD00222,75,0,8,0,67,0,440916.28
INV00010942,2025-04-06,STR015,PRD00694,98,0,16,0,82,0,190158.82
INV00010943,2025-04-06,STR015,PRD00752,72,0,6,0,66,0,199510.74
INV00010944,2025-04-06,STR015,PRD00721,120,0,25,0,95,0,164124.85
INV00010945,2025-04-06,STR015,PRD00912,206,0,119,1,87,1,26648.1
INV00010946,2025-04-06,STR015,PRD00588,279,0,77,0,202,0,18258.78
INV00010947,2025-04-06,STR015,PRD00954,69,139,18,2,192,0,118072.32
INV00010948,2025-04-06,STR015,PRD00255,110,0,17,0,93,0,212344.11
INV00010949,2025-04-06,STR015,PRD00538,359,0,183,0,176,0,7353.28
INV00010950,2025-04-06,STR015,PRD00422,388,0,31,0,357,0,59594.01
INV00010951,2025-04-06,STR015,PRD00198,41,0,17,0,24,0,71433.12
INV00010952,2025-04-06,STR015,PRD00909,94,0,5,0,89,0,77383.72
INV00010953,2025-04-06,STR015,PRD00520,287,0,133,0,154,0,62502.44
INV00010954,2025-04-06,STR015,PRD00793,91,0,42,0,49,0,68865.09
INV00010955,2025-04-06,STR015,PRD00263,55,0,19,1,37,0,90246.7
INV00010956,2025-04-06,STR015,PRD00942,154,0,47,0,107,0,6605.11
INV00010957,2025-04-06,STR015,PRD00378,86,388,23,0,451,0,164858.54
INV00010958,2025-04-06,STR015,PRD00452,143,0,16,0,127,0,111715.55
INV00010959,2025-04-06,STR015,PRD00209,117,0,21,0,95,1,258202.4
INV00010960,2025-04-06,STR015,PRD00083,41,0,24,1,16,2,103396.32
INV00010961,2025-04-06,STR016,PRD00146,47,48,14,0,81,0,336628.71
INV00010962,2025-04-06,STR016,PRD00697,153,0,17,0,136,0,109822.72
INV00010963,2025-04-06,STR016,PRD00872,101,358,21,0,438,0,146125.56
INV00010964,2025-04-06,STR016,PRD00935,37,0,18,0,19,0,11135.9
INV00010965,2025-04-06,STR016,PRD00974,161,320,91,0,390,0,41636.4
INV00010966,2025-04-06,STR016,PRD00586,171,224,49,0,346,0,152243.46
INV00010967,2025-04-06,STR016,PRD00047,75,0,35,0,40,0,716918.0
INV00010968,2025-04-06,STR016,PRD00161,14,28,8,0,34,0,238519.52
INV00010969,2025-04-06,STR016,PRD00511,64,0,5,1,60,0,33550.8
INV00010970,2025-04-06,STR016,PRD00391,271,0,161,0,110,0,38215.1
INV00010971,2025-04-06,STR016,PRD00062,38,0,18,0,20,0,275971.8
INV00010972,2025-04-06,STR016,PRD00886,24,121,9,1,137,0,129423.9
INV00010973,2025-04-06,STR016,PRD00352,123,154,56,0,221,0,131914.9
INV00010974,2025-04-06,STR016,PRD00590,152,0,7,1,146,0,35504.28
INV00010975,2025-04-06,STR016,PRD00405,153,0,68,0,85,0,68328.1
INV00010976,2025-04-06,STR016,PRD00956,67,0,35,0,32,0,18304.0
INV00010977,2025-04-06,STR016,PRD01065,179,0,87,2,94,0,44965.84
INV00010978,2025-04-06,STR016,PRD01092,105,0,26,0,79,0,208126.29
INV00010979,2025-04-06,STR016,PRD00195,42,0,9,0,33,0,102592.05
INV00010980,2025-04-06,STR016,PRD01165,79,0,5,0,74,0,224123.06
INV00010981,2025-04-06,STR017,PRD01106,135,0,61,1,75,0,125187.0
INV00010982,2025-04-06,STR017,PRD00842,123,81,39,0,165,0,157885.2
INV00010983,2025-04-06,STR017,PRD00461,35,254,11,0,278,0,47107.1
INV00010984,2025-04-06,STR017,PRD00378,162,388,47,0,501,2,183135.54
INV00010985,2025-04-06,STR017,PRD00472,132,212,72,0,272,0,121012.8
INV00010986,2025-04-06,STR017,PRD00004,23,0,5,0,18,0,265351.14
INV00010987,2025-04-06,STR017,PRD00082,25,0,13,0,12,0,78629.28
INV00010988,2025-04-06,STR017,PRD00185,137,0,11,0,126,0,189005.04
INV00010989,2025-04-06,STR017,PRD00150,142,0,30,0,112,0,100515.52
INV00010990,2025-04-06,STR017,PRD00467,222,0,6,0,216,0,97858.8
INV00010991,2025-04-06,STR017,PRD00963,363,0,42,0,321,0,20466.96
INV00010992,2025-04-06,STR017,PRD00727,261,0,124,0,137,0,60592.36
INV00010993,2025-04-06,STR017,PRD00816,48,0,6,1,43,0,36867.77
INV00010994,2025-04-06,STR017,PRD00846,143,0,32,0,111,0,122347.53
INV00010995,2025-04-06,STR017,PRD00260,60,44,36,0,68,0,381335.16
INV00010996,2025-04-06,STR017,PRD00662,283,154,104,0,333,0,46939.68
INV00010997,2025-04-06,STR017,PRD00549,104,0,28,0,76,0,29062.4
INV00010998,2025-04-06,STR017,PRD00796,64,216,23,0,257,0,84784.3
INV00010999,2025-04-06,STR017,PRD01151,89,40,40,0,88,1,296943.68
INV00011000,2025-04-06,STR017,PRD00805,35,159,14,0,180,0,389485.8
INV00011001,2025-04-06,STR018,PRD01098,109,0,60,0,49,0,55020.14
INV00011002,2025-04-06,STR018,PRD00699,76,0,45,0,30,1,45668.4
INV00011003,2025-04-06,STR018,PRD00711,83,167,17,0,233,0,315873.44
INV00011004,2025-04-06,STR018,PRD00250,39,136,17,0,158,0,432457.06
INV00011005,2025-04-06,STR018,PRD01091,69,97,16,0,150,0,421327.5
INV00011006,2025-04-06,STR018,PRD00260,14,44,8,3,53,0,297217.11
INV00011007,2025-04-06,STR018,PRD00968,129,0,44,0,85,0,13494.6
INV00011008,2025-04-06,STR018,PRD00498,129,0,49,0,80,0,11052.0
INV00011009,2025-04-06,STR018,PRD00091,32,0,15,0,17,0,263577.86
INV00011010,2025-04-06,STR018,PRD00486,338,0,55,0,283,0,34964.65
INV00011011,2025-04-06,STR018,PRD00638,217,0,16,0,201,0,23157.21
INV00011012,2025-04-06,STR018,PRD00568,101,0,36,0,64,1,18451.84
INV00011013,2025-04-06,STR018,PRD00123,81,0,23,0,57,1,318522.84
INV00011014,2025-04-06,STR018,PRD00725,61,79,16,0,124,0,187449.56
INV00011015,2025-04-06,STR018,PRD01060,218,0,79,1,140,0,27769.0
INV00011016,2025-04-06,STR018,PRD00783,84,111,27,0,168,0,242466.0
INV00011017,2025-04-06,STR018,PRD00588,113,0,5,0,108,0,9762.12
INV00011018,2025-04-06,STR018,PRD00043,30,0,18,0,12,0,183635.64
INV00011019,2025-04-06,STR018,PRD00787,90,275,8,0,357,0,67522.98
INV00011020,2025-04-06,STR018,PRD01119,36,71,14,0,93,0,407191.2
INV00011021,2025-04-06,STR019,PRD00722,43,169,23,0,189,0,221290.65
INV00011022,2025-04-06,STR019,PRD00458,463,0,262,0,201,0,89629.92
INV00011023,2025-04-06,STR019,PRD01117,174,0,43,0,131,0,189530.8
INV00011024,2025-04-06,STR019,PRD00289,73,0,41,0,32,0,19424.0
INV00011025,2025-04-06,STR019,PRD00497,210,239,68,2,383,0,186210.77
INV00011026,2025-04-06,STR019,PRD00931,101,125,34,0,192,0,239400.96
INV00011027,2025-04-06,STR019,PRD01090,23,0,6,0,17,0,52097.52
INV00011028,2025-04-06,STR019,PRD01021,273,0,130,0,143,0,54071.16
INV00011029,2025-04-06,STR019,PRD00661,115,0,12,0,103,0,29219.04
INV00011030,2025-04-06,STR019,PRD00978,317,278,140,0,455,0,48830.6
INV00011031,2025-04-06,STR019,PRD00295,97,0,17,0,80,0,45479.2
INV00011032,2025-04-06,STR019,PRD00039,27,0,5,0,22,0,138158.9
INV00011033,2025-04-06,STR019,PRD00387,222,0,119,0,103,0,25574.9
INV00011034,2025-04-06,STR019,PRD00225,78,0,41,0,37,0,257225.48
INV00011035,2025-04-06,STR019,PRD00021,186,0,59,0,127,0,169392.6
INV00011036,2025-04-06,STR019,PRD01171,38,177,18,1,196,2,514282.44
INV00011037,2025-04-06,STR019,PRD00755,363,177,107,1,433,1,149086.23
INV00011038,2025-04-06,STR019,PRD00141,42,0,18,0,24,0,46662.96
INV00011039,2025-04-06,STR019,PRD00587,495,0,49,0,446,0,76618.34
INV00011040,2025-04-06,STR019,PRD00998,207,0,31,1,177,0,79630.53
INV00011041,2025-04-06,STR020,PRD00330,163,299,49,0,413,0,69739.18
INV00011042,2025-04-06,STR020,PRD00847,139,0,80,0,59,0,95410.08
INV00011043,2025-04-06,STR020,PRD00898,105,0,38,0,67,0,122891.4
INV00011044,2025-04-06,STR020,PRD00074,86,0,22,0,64,0,755816.96
INV00011045,2025-04-06,STR020,PRD00757,73,0,28,0,45,0,46704.15
INV00011046,2025-04-06,STR020,PRD00403,288,0,28,1,261,0,36075.42
INV00011047,2025-04-06,STR020,PRD00570,201,364,72,0,493,0,132405.01
INV00011048,2025-04-06,STR020,PRD00232,42,0,11,0,31,0,150144.47
INV00011049,2025-04-06,STR020,PRD00455,108,0,50,0,58,0,32681.26
INV00011050,2025-04-06,STR020,PRD01045,219,0,79,0,140,0,65973.6
INV00011051,2025-04-06,STR020,PRD01159,65,0,25,0,40,0,59970.4
INV00011052,2025-04-06,STR020,PRD00328,150,0,17,0,133,0,82328.33
INV00011053,2025-04-06,STR020,PRD00789,117,0,10,0,107,0,314035.37
INV00011054,2025-04-06,STR020,PRD00118,52,0,27,3,28,0,295231.16
INV00011055,2025-04-06,STR020,PRD00962,131,0,13,0,118,0,46690.24
INV00011056,2025-04-06,STR020,PRD00702,34,85,18,0,101,0,99852.64
INV00011057,2025-04-06,STR020,PRD00850,31,116,16,1,132,0,163029.24
INV00011058,2025-04-06,STR020,PRD00615,367,278,182,0,463,0,157114.42
INV00011059,2025-04-06,STR020,PRD01192,68,67,30,1,106,0,430993.88
INV00011060,2025-04-06,STR020,PRD00347,133,0,50,0,83,0,55548.58
INV00011061,2025-04-06,STR021,PRD00118,29,0,5,0,24,0,253055.28
INV00011062,2025-04-06,STR021,PRD00086,24,0,9,0,15,0,227648.7
INV00011063,2025-04-06,STR021,PRD00963,339,0,144,0,194,1,12369.44
INV00011064,2025-04-06,STR021,PRD00950,377,180,192,0,363,2,46213.53
INV00011065,2025-04-06,STR021,PRD00164,27,0,9,0,18,0,85114.98
INV00011066,2025-04-06,STR021,PRD01186,93,0,51,1,43,0,64594.6
INV00011067,2025-04-06,STR021,PRD01051,211,0,70,0,141,0,49940.79
INV00011068,2025-04-06,STR021,PRD00033,21,138,9,0,150,0,267492.0
INV00011069,2025-04-06,STR021,PRD00860,214,0,38,1,177,0,73899.27
INV00011070,2025-04-06,STR021,PRD00402,110,0,14,1,97,0,79351.82
INV00011071,2025-04-06,STR021,PRD00277,42,119,12,2,149,2,101357.25
INV00011072,2025-04-06,STR021,PRD00952,50,0,23,0,27,0,13573.17
INV00011073,2025-04-06,STR021,PRD00858,76,0,36,0,40,0,27806.4
INV00011074,2025-04-06,STR021,PRD00258,115,0,58,0,57,0,90901.89
INV00011075,2025-04-06,STR021,PRD00016,40,0,23,0,17,0,160370.69
INV00011076,2025-04-06,STR021,PRD00346,48,0,8,0,40,0,25384.8
INV00011077,2025-04-06,STR021,PRD00286,86,254,19,0,321,0,81322.14
INV00011078,2025-04-06,STR021,PRD00999,41,0,23,0,17,1,9976.45
INV00011079,2025-04-06,STR021,PRD00406,179,0,54,1,126,0,67165.56
INV00011080,2025-04-06,STR021,PRD00644,99,331,53,0,377,0,170551.03
INV00011081,2025-04-06,STR022,PRD00454,478,0,165,0,313,0,57059.9
INV00011082,2025-04-06,STR022,PRD01047,198,0,80,0,118,0,57038.84
INV00011083,2025-04-06,STR022,PRD00524,122,176,28,0,270,0,28755.0
INV00011084,2025-04-06,STR022,PRD00337,184,0,94,1,91,0,66560.13
INV00011085,2025-04-06,STR022,PRD00714,74,0,5,0,69,0,93012.69
INV00011086,2025-04-06,STR022,PRD00471,105,0,52,0,52,1,25758.2
INV00011087,2025-04-06,STR022,PRD00452,64,0,28,0,36,0,31667.4
INV00011088,2025-04-06,STR022,PRD00320,337,0,40,0,297,0,44547.03
INV00011089,2025-04-06,STR022,PRD00857,69,0,11,0,58,0,125328.72
INV00011090,2025-04-06,STR022,PRD00263,67,0,24,0,43,0,104881.3
INV00011091,2025-04-06,STR022,PRD01097,108,0,41,0,67,0,-9999.0
INV00011092,2025-04-06,STR022,PRD00439,354,0,60,0,294,0,28109.34
INV00011093,2025-04-06,STR022,PRD00682,122,92,34,0,180,0,440510.4
INV00011094,2025-04-06,STR022,PRD00148,68,0,40,0,28,0,131439.84
INV00011095,2025-04-06,STR022,PRD00580,360,0,139,0,221,0,46697.3
INV00011096,2025-04-06,STR022,PRD00995,128,0,64,0,64,0,26734.08
INV00011097,2025-04-06,STR022,PRD00547,235,0,18,0,216,1,16474.32
INV00011098,2025-04-06,STR022,PRD00123,72,0,43,0,28,1,156467.36
INV00011099,2025-04-06,STR022,PRD00998,446,0,12,2,436,0,196152.04
INV00011100,2025-04-06,STR022,PRD00711,64,167,17,0,214,0,290115.52
INV00011101,2025-04-06,STR023,PRD00640,145,223,76,0,291,1,34172.13
INV00011102,2025-04-06,STR023,PRD00393,286,0,53,0,233,0,80193.94
INV00011103,2025-04-06,STR023,PRD00614,197,231,42,0,386,0,13232.08
INV00011104,2025-04-06,STR023,PRD00618,55,279,21,0,313,0,57288.39
INV00011105,2025-04-06,STR023,PRD00979,197,0,109,0,88,0,3293.84
INV00011106,2025-04-06,STR023,PRD00295,36,0,6,1,31,0,17623.19
INV00011107,2025-04-06,STR023,PRD00247,28,0,16,0,12,0,59909.04
INV00011108,2025-04-06,STR023,PRD01154,169,0,10,0,159,0,97222.14
INV00011109,2025-04-06,STR023,PRD00004,11,50,7,1,55,0,810795.15
INV00011110,2025-04-06,STR023,PRD00162,50,0,24,1,27,0,180523.08
INV00011111,2025-04-06,STR023,PRD00863,41,80,14,0,107,0,79721.42
INV00011112,2025-04-06,STR023,PRD00949,94,0,32,0,62,0,35144.7
INV00011113,2025-04-06,STR023,PRD00513,33,270,11,0,292,0,27085.92
INV00011114,2025-04-06,STR023,PRD00350,97,0,51,0,46,0,33838.52
INV00011115,2025-04-06,STR023,PRD00912,359,0,212,0,146,1,44719.8
INV00011116,2025-04-06,STR023,PRD00834,58,0,22,0,36,0,32957.64
INV00011117,2025-04-06,STR023,PRD00687,103,0,36,0,67,0,119874.39
INV00011118,2025-04-06,STR023,PRD00727,288,371,110,0,549,0,242811.72
INV00011119,2025-04-06,STR023,PRD00525,304,0,136,0,167,1,11097.15
INV00011120,2025-04-06,STR023,PRD00675,52,0,21,0,31,0,23511.33
INV00011121,2025-04-06,STR024,PRD01076,84,0,46,0,38,0,98630.9
INV00011122,2025-04-06,STR024,PRD00313,21,88,9,0,99,1,63294.66
INV00011123,2025-04-06,STR024,PRD00777,90,0,40,0,50,0,97089.0
INV00011124,2025-04-06,STR024,PRD00509,86,0,15,1,71,1,47877.43
INV00011125,2025-04-06,STR024,PRD00699,130,0,10,0,120,0,182673.6
INV00011126,2025-04-06,STR024,PRD00048,16,0,5,0,11,0,201268.1
INV00011127,2025-04-06,STR024,PRD01175,123,0,73,0,50,0,78635.0
INV00011128,2025-04-06,STR024,PRD00638,44,162,10,1,197,0,22696.37
INV00011129,2025-04-06,STR024,PRD00587,92,354,18,0,428,0,73526.12
INV00011130,2025-04-06,STR024,PRD00411,58,0,8,0,50,0,31592.5
INV00011131,2025-04-06,STR024,PRD00717,345,330,127,0,548,0,143702.04
INV00011132,2025-04-06,STR024,PRD00034,124,0,63,0,61,0,31754.16
INV00011133,2025-04-06,STR024,PRD00315,252,0,26,0,226,0,63605.44
INV00011134,2025-04-06,STR024,PRD01149,26,0,10,1,17,0,39691.09
INV00011135,2025-04-06,STR024,PRD00770,40,81,23,0,98,0,106858.22
INV00011136,2025-04-06,STR024,PRD01024,89,279,8,1,361,0,33248.1
INV00011137,2025-04-06,STR024,PRD00915,110,277,53,1,335,0,155155.25
INV00011138,2025-04-06,STR024,PRD00125,143,0,38,0,105,0,110910.45
INV00011139,2025-04-06,STR024,PRD00519,105,0,28,0,77,0,49503.3
INV00011140,2025-04-06,STR024,PRD00421,412,351,211,1,553,0,269034.5
INV00011141,2025-04-06,STR025,PRD00510,133,366,15,0,484,0,207839.28
INV00011142,2025-04-06,STR025,PRD00446,62,0,23,1,40,0,35256.4
INV00011143,2025-04-06,STR025,PRD00365,150,0,44,0,105,1,47112.45
INV00011144,2025-04-06,STR025,PRD00925,65,0,23,0,42,0,64053.78
INV00011145,2025-04-06,STR025,PRD00671,169,166,62,1,274,0,56994.74
INV00011146,2025-04-06,STR025,PRD00289,28,110,12,0,126,0,76482.0
INV00011147,2025-04-06,STR025,PRD00128,28,0,7,0,21,0,188240.01
INV00011148,2025-04-06,STR025,PRD00981,455,0,224,0,231,0,12529.44
INV00011149,2025-04-06,STR025,PRD00787,318,0,31,0,287,0,54283.18
INV00011150,2025-04-06,STR025,PRD00899,91,0,22,0,69,0,100654.44
INV00011151,2025-04-06,STR025,PRD00902,86,290,30,2,348,0,53616.36
INV00011152,2025-04-06,STR025,PRD00296,189,0,84,1,106,0,12892.78
INV00011153,2025-04-06,STR025,PRD00187,21,48,7,0,62,0,208594.66
INV00011154,2025-04-06,STR025,PRD00970,210,256,117,0,349,0,83679.73
INV00011155,2025-04-06,STR025,PRD00031,18,0,10,1,8,1,111230.48
INV00011156,2025-04-06,STR025,PRD00245,35,0,8,0,27,0,119591.37
INV00011157,2025-04-06,STR025,PRD00088,74,0,12,0,62,0,1086698.8
INV00011158,2025-04-06,STR025,PRD00377,96,0,48,1,49,0,40313.28
INV00011159,2025-04-06,STR025,PRD01067,99,0,54,0,45,0,25417.8
INV00011160,2025-04-06,STR025,PRD00175,77,0,16,0,61,0,453527.07
INV00011161,2025-04-06,STR026,PRD01052,49,396,15,0,430,0,138890.0
INV00011162,2025-04-06,STR026,PRD00649,374,0,140,0,234,0,55916.64
INV00011163,2025-04-06,STR026,PRD00809,51,0,22,0,29,0,25976.46
INV00011164,2025-04-06,STR026,PRD00722,37,169,18,0,188,0,220119.8
INV00011165,2025-04-06,STR026,PRD01188,167,0,26,2,143,0,241132.32
INV00011166,2025-04-06,STR026,PRD00995,206,0,45,0,161,0,67252.92
INV00011167,2025-04-06,STR026,PRD00335,131,0,38,0,93,0,57898.08
INV00011168,2025-04-06,STR026,PRD00736,89,0,9,0,80,0,99324.0
INV00011169,2025-04-06,STR026,PRD01025,196,0,85,0,111,0,3346.65
INV00011170,2025-04-06,STR026,PRD00380,58,317,21,0,354,0,74517.0
INV00011171,2025-04-06,STR026,PRD01168,14,92,8,0,98,0,242455.92
INV00011172,2025-04-06,STR026,PRD00595,184,0,98,0,86,0,31348.72
INV00011173,2025-04-06,STR026,PRD00740,129,99,30,1,199,0,565619.69
INV00011174,2025-04-06,STR026,PRD00250,125,0,25,0,100,0,273707.0
INV00011175,2025-04-06,STR026,PRD01145,86,0,50,3,38,1,79047.98
INV00011176,2025-04-06,STR026,PRD00837,166,111,29,0,248,0,587422.72
INV00011177,2025-04-06,STR026,PRD00843,69,0,37,0,32,0,22062.72
INV00011178,2025-04-06,STR026,PRD01020,321,0,140,1,181,1,65516.57
INV00011179,2025-04-06,STR026,PRD01062,18,87,8,0,97,0,52676.82
INV00011180,2025-04-06,STR026,PRD01094,48,0,17,0,31,0,117712.27
INV00011181,2025-04-06,STR027,PRD00813,39,82,13,0,108,0,217016.28
INV00011182,2025-04-06,STR027,PRD00179,20,36,5,0,51,0,163584.54
INV00011183,2025-04-06,STR027,PRD00113,49,0,7,0,42,0,498804.18
INV00011184,2025-04-06,STR027,PRD00510,333,366,106,0,593,0,254646.06
INV00011185,2025-04-06,STR027,PRD00167,30,0,6,0,24,0,132557.04
INV00011186,2025-04-06,STR027,PRD00093,45,0,14,0,29,2,281418.03
INV00011187,2025-04-06,STR027,PRD01185,80,0,31,0,49,0,45317.65
INV00011188,2025-04-06,STR027,PRD00364,304,0,142,0,162,0,31701.78
INV00011189,2025-04-06,STR027,PRD00517,105,0,12,0,91,2,18475.73
INV00011190,2025-04-06,STR027,PRD00935,69,0,10,0,59,0,34579.9
INV00011191,2025-04-06,STR027,PRD00674,36,0,19,0,16,1,25449.44
INV00011192,2025-04-06,STR027,PRD01161,50,0,15,0,35,0,77663.6
INV00011193,2025-04-06,STR027,PRD00775,32,0,15,0,17,0,33601.35
INV00011194,2025-04-06,STR027,PRD00486,260,265,133,0,392,0,48431.6
INV00011195,2025-04-06,STR027,PRD00605,352,0,178,0,174,0,8534.7
INV00011196,2025-04-06,STR027,PRD00483,43,170,18,0,195,0,103537.2
INV00011197,2025-04-06,STR027,PRD00649,293,0,175,0,118,0,28197.28
INV00011198,2025-04-06,STR027,PRD00173,50,0,29,3,24,0,138031.68
INV00011199,2025-04-06,STR027,PRD00086,49,0,10,0,39,0,591886.62
INV00011200,2025-04-06,STR027,PRD01110,50,0,8,0,42,0,24406.62
INV00011201,2025-04-06,STR028,PRD00227,41,0,9,0,32,0,114164.8
INV00011202,2025-04-06,STR028,PRD00965,364,0,115,0,249,0,12066.54
INV00011203,2025-04-06,STR028,PRD01024,73,279,32,0,320,0,29472.0
INV00011204,2025-04-06,STR028,PRD00381,15,86,6,3,98,0,52065.44
INV00011205,2025-04-06,STR028,PRD00796,95,216,20,0,291,0,96000.9
INV00011206,2025-04-06,STR028,PRD00869,21,180,11,0,190,0,-9999.0
INV00011207,2025-04-06,STR028,PRD00507,239,0,134,1,106,0,22827.1
INV00011208,2025-04-06,STR028,PRD00851,138,0,41,0,97,0,186956.83
INV00011209,2025-04-06,STR028,PRD00625,116,0,53,1,64,0,27706.24
INV00011210,2025-04-06,STR028,PRD00324,153,0,62,0,91,0,65056.81
INV00011211,2025-04-06,STR028,PRD00271,325,0,96,0,229,0,95859.4
INV00011212,2025-04-06,STR028,PRD00791,86,0,28,0,58,0,34769.26
INV00011213,2025-04-06,STR028,PRD00191,56,0,21,0,35,0,181938.75
INV00011214,2025-04-06,STR028,PRD00663,232,0,131,1,102,0,6415.8
INV00011215,2025-04-06,STR028,PRD00925,66,0,20,1,45,2,68629.05
INV00011216,2025-04-06,STR028,PRD00723,62,0,12,0,50,0,54898.0
INV00011217,2025-04-06,STR028,PRD01116,314,214,143,0,385,0,152583.2
INV00011218,2025-04-06,STR028,PRD00229,52,0,22,0,30,0,40467.0
INV00011219,2025-04-06,STR028,PRD00923,139,0,24,0,115,0,260167.95
INV00011220,2025-04-06,STR028,PRD01066,423,0,100,0,323,0,81715.77
INV00011221,2025-04-06,STR029,PRD01135,177,0,54,0,123,0,154948.02
INV00011222,2025-04-06,STR029,PRD00308,70,382,36,0,416,0,108397.12
INV00011223,2025-04-06,STR029,PRD00059,40,0,15,0,25,0,306744.0
INV00011224,2025-04-06,STR029,PRD01033,183,0,32,0,151,0,57182.19
INV00011225,2025-04-06,STR029,PRD00614,69,0,12,0,57,0,1953.96
INV00011226,2025-04-06,STR029,PRD00179,47,0,26,0,21,0,67358.34
INV00011227,2025-04-06,STR029,PRD00755,263,0,145,1,119,0,40972.89
INV00011228,2025-04-06,STR029,PRD01171,47,177,20,0,204,0,535273.56
INV00011229,2025-04-06,STR029,PRD00240,20,62,9,0,73,0,539523.29
INV00011230,2025-04-06,STR029,PRD00334,335,0,76,2,261,0,104598.36
INV00011231,2025-04-06,STR029,PRD00516,34,107,20,0,121,0,60809.76
INV00011232,2025-04-06,STR029,PRD00173,18,66,7,3,80,0,460105.6
INV00011233,2025-04-06,STR029,PRD00936,159,0,95,0,64,0,39713.92
INV00011234,2025-04-06,STR029,PRD00963,85,186,32,0,239,0,15238.64
INV00011235,2025-04-06,STR029,PRD00864,178,0,61,0,117,0,130813.02
INV00011236,2025-04-06,STR029,PRD00515,166,0,38,2,130,0,61517.3
INV00011237,2025-04-06,STR029,PRD00416,44,106,17,0,133,0,92008.07
INV00011238,2025-04-06,STR029,PRD00840,42,164,11,0,195,0,328005.6
INV00011239,2025-04-06,STR029,PRD00716,142,0,55,0,87,0,87649.02
INV00011240,2025-04-06,STR029,PRD00399,45,153,16,3,183,2,118424.79
INV00011241,2025-04-06,STR030,PRD00361,64,0,18,0,46,0,37982.2
INV00011242,2025-04-06,STR030,PRD01186,65,0,10,0,55,0,82621.0
INV00011243,2025-04-06,STR030,PRD00303,40,246,14,0,272,0,98540.16
INV00011244,2025-04-06,STR030,PRD01047,153,0,31,0,122,0,58972.36
INV00011245,2025-04-06,STR030,PRD00980,206,163,120,0,249,0,90202.74
INV00011246,2025-04-06,STR030,PRD00138,23,158,12,0,168,1,447210.96
INV00011247,2025-04-06,STR030,PRD00038,33,0,14,3,22,0,46497.66
INV00011248,2025-04-06,STR030,PRD00365,63,315,23,0,354,1,158836.26
INV00011249,2025-04-06,STR030,PRD00480,434,0,152,0,282,0,24299.94
INV00011250,2025-04-06,STR030,PRD00113,18,0,5,0,13,0,154391.77
INV00011251,2025-04-06,STR030,PRD01123,67,0,5,0,62,0,117940.12
INV00011252,2025-04-06,STR030,PRD00736,118,0,53,0,65,0,80700.75
INV00011253,2025-04-06,STR030,PRD00440,166,0,14,0,152,0,48766.16
INV00011254,2025-04-06,STR030,PRD00388,356,0,80,2,278,0,71304.22
INV00011255,2025-04-06,STR030,PRD00701,7,61,5,0,63,0,192985.38
INV00011256,2025-04-06,STR030,PRD00935,40,0,21,0,19,0,11135.9
INV00011257,2025-04-06,STR030,PRD00073,89,64,5,0,148,0,2534263.2
INV00011258,2025-04-06,STR030,PRD00662,224,154,35,0,343,0,48349.28
INV00011259,2025-04-06,STR030,PRD00420,145,0,9,0,136,0,100989.52
INV00011260,2025-04-06,STR030,PRD00604,177,0,48,0,129,0,19595.1
INV00011261,2025-04-06,STR031,PRD00283,384,0,19,0,364,1,157055.08
INV00011262,2025-04-06,STR031,PRD01051,66,365,30,0,401,0,142030.19
INV00011263,2025-04-06,STR031,PRD01006,106,0,11,0,95,0,57635.55
INV00011264,2025-04-06,STR031,PRD00061,41,0,11,0,29,1,153985.94
INV00011265,2025-04-06,STR031,PRD01109,62,0,33,0,29,0,80284.18
INV00011266,2025-04-06,STR031,PRD00576,430,250,95,0,584,1,193047.04
INV00011267,2025-04-06,STR031,PRD00493,309,0,135,0,174,0,77691.0
INV00011268,2025-04-06,STR031,PRD00982,464,0,83,0,381,0,22227.54
INV00011269,2025-04-06,STR031,PRD00451,49,0,23,0,26,0,13135.98
INV00011270,2025-04-06,STR031,PRD00999,66,0,25,0,41,0,24060.85
INV00011271,2025-04-06,STR031,PRD01145,53,93,19,0,127,0,264186.67
INV00011272,2025-04-06,STR031,PRD00715,78,0,35,0,43,0,85312.0
INV00011273,2025-04-06,STR031,PRD01195,14,46,5,0,55,0,186902.65
INV00011274,2025-04-06,STR031,PRD01165,31,0,13,1,19,0,57545.11
INV00011275,2025-04-06,STR031,PRD00491,92,0,32,0,60,0,31602.6
INV00011276,2025-04-06,STR031,PRD00719,32,99,7,1,125,0,344901.25
INV00011277,2025-04-06,STR031,PRD00613,217,0,15,0,202,0,36079.22
INV00011278,2025-04-06,STR031,PRD00660,311,0,86,1,226,0,53797.04
INV00011279,2025-04-06,STR031,PRD00579,195,0,87,1,109,0,31846.53
INV00011280,2025-04-06,STR031,PRD00421,326,351,16,0,661,0,321576.5
INV00011281,2025-04-06,STR032,PRD00389,70,0,17,0,53,0,39217.88
INV00011282,2025-04-06,STR032,PRD00582,284,0,136,2,150,0,57750.0
INV00011283,2025-04-06,STR032,PRD00982,439,0,89,0,349,1,20360.66
INV00011284,2025-04-06,STR032,PRD01105,40,0,13,0,27,0,40730.04
INV00011285,2025-04-06,STR032,PRD00843,71,0,31,0,40,0,27578.4
INV00011286,2025-04-06,STR032,PRD00358,311,325,63,0,573,0,267401.91
INV00011287,2025-04-06,STR032,PRD00774,63,158,29,0,192,0,297459.84
INV00011288,2025-04-06,STR032,PRD00033,101,0,52,1,50,0,89164.0
INV00011289,2025-04-06,STR032,PRD00174,146,130,26,0,250,0,130810.0
INV00011290,2025-04-06,STR032,PRD00278,426,324,187,1,564,0,164727.48
INV00011291,2025-04-06,STR032,PRD00701,27,0,13,1,15,0,45948.9
INV00011292,2025-04-06,STR032,PRD00236,40,0,12,0,28,0,111713.84
INV00011293,2025-04-06,STR032,PRD00349,271,0,127,2,145,1,12161.15
INV00011294,2025-04-06,STR032,PRD00874,172,92,25,1,240,0,559795.2
INV00011295,2025-04-06,STR032,PRD00593,86,0,32,3,57,0,21992.88
INV00011296,2025-04-06,STR032,PRD00509,79,133,18,0,194,0,130820.02
INV00011297,2025-04-06,STR032,PRD01136,39,0,22,0,17,0,70125.85
INV00011298,2025-04-06,STR032,PRD01050,144,195,85,0,254,0,83601.56
INV00011299,2025-04-06,STR032,PRD00230,14,35,8,0,41,0,321271.08
INV00011300,2025-04-06,STR032,PRD00818,16,87,8,0,95,0,158568.3
INV00011301,2025-04-06,STR033,PRD00492,184,391,35,0,540,0,195501.6
INV00011302,2025-04-06,STR033,PRD00309,121,133,49,0,205,0,130615.75
INV00011303,2025-04-06,STR033,PRD00220,65,35,25,0,75,0,342108.0
INV00011304,2025-04-06,STR033,PRD01197,18,90,9,0,98,1,113795.64
INV00011305,2025-04-06,STR033,PRD00827,78,0,8,0,69,1,151564.71
INV00011306,2025-04-06,STR033,PRD00078,70,66,22,0,114,0,740015.04
INV00011307,2025-04-06,STR033,PRD00990,233,0,57,0,176,0,61739.04
INV00011308,2025-04-06,STR033,PRD00310,81,259,32,0,308,0,93551.92
INV00011309,2025-04-06,STR033,PRD00416,155,0,9,0,146,0,101001.34
INV00011310,2025-04-06,STR033,PRD00023,23,0,11,0,12,0,53139.84
INV00011311,2025-04-06,STR033,PRD01191,26,0,5,0,20,1,80229.8
INV00011312,2025-04-06,STR033,PRD00099,59,72,9,1,123,0,1827541.38
INV00011313,2025-04-06,STR033,PRD00074,47,0,21,0,25,1,295241.0
INV00011314,2025-04-06,STR033,PRD00534,128,0,40,0,87,1,7011.33
INV00011315,2025-04-06,STR033,PRD00887,89,0,17,1,72,1,84217.68
INV00011316,2025-04-06,STR033,PRD00834,128,145,30,0,241,2,220633.09
INV00011317,2025-04-06,STR033,PRD00478,56,0,9,0,47,0,38176.22
INV00011318,2025-04-06,STR033,PRD00539,146,0,42,0,104,0,4963.92
INV00011319,2025-04-06,STR033,PRD00423,358,0,48,0,310,0,66309.0
INV00011320,2025-04-06,STR033,PRD00781,138,0,39,1,100,0,207084.0
INV00011321,2025-04-06,STR034,PRD00952,37,146,7,2,178,0,89482.38
INV00011322,2025-04-06,STR034,PRD00353,48,0,21,0,27,0,14304.87
INV00011323,2025-04-06,STR034,PRD01168,24,92,9,0,107,0,264722.28
INV00011324,2025-04-06,STR034,PRD00570,82,0,22,1,61,0,16382.77
INV00011325,2025-04-06,STR034,PRD00341,17,124,8,0,133,0,80539.48
INV00011326,2025-04-06,STR034,PRD00078,96,66,30,0,132,0,856859.52
INV00011327,2025-04-06,STR034,PRD00236,26,0,8,0,18,0,71816.04
INV00011328,2025-04-06,STR034,PRD00193,33,0,19,0,13,1,54489.24
INV00011329,2025-04-06,STR034,PRD00106,127,0,16,0,-17,0,276096.96
INV00011330,2025-04-06,STR034,PRD00605,94,156,20,0,230,0,11281.5
INV00011331,2025-04-06,STR034,PRD01080,54,0,21,0,33,0,25467.09
INV00011332,2025-04-06,STR034,PRD00243,55,0,22,0,33,0,45728.43
INV00011333,2025-04-06,STR034,PRD00755,120,177,27,0,270,0,92963.7
INV00011334,2025-04-06,STR034,PRD00817,85,0,11,2,76,0,164590.16
INV00011335,2025-04-06,STR034,PRD00811,216,0,15,0,201,0,28330.95
INV00011336,2025-04-06,STR034,PRD00784,95,0,40,0,55,0,71612.2
INV00011337,2025-04-06,STR034,PRD00681,65,139,21,0,182,1,490704.76
INV00011338,2025-04-06,STR034,PRD00513,177,0,5,0,172,0,15954.72
INV00011339,2025-04-06,STR034,PRD00164,35,0,12,0,23,0,108758.03
INV00011340,2025-04-06,STR034,PRD00686,113,164,45,1,231,2,488294.73
INV00011341,2025-04-06,STR035,PRD00353,69,0,34,0,35,0,18543.35
INV00011342,2025-04-06,STR035,PRD00962,168,197,50,0,315,0,124639.2
INV00011343,2025-04-06,STR035,PRD00137,92,0,48,0,44,0,282631.36
INV00011344,2025-04-06,STR035,PRD00677,67,0,25,0,42,0,35006.58
INV00011345,2025-04-06,STR035,PRD00680,48,0,27,0,21,0,58905.0
INV00011346,2025-04-06,STR035,PRD00810,69,400,21,3,451,0,117756.1
INV00011347,2025-04-06,STR035,PRD00024,10,54,8,1,57,0,883513.68
INV00011348,2025-04-06,STR035,PRD00071,60,47,5,0,102,0,979774.26
INV00011349,2025-04-06,STR035,PRD00574,189,0,22,0,167,0,56539.52
INV00011350,2025-04-06,STR035,PRD00624,158,0,5,0,153,0,13323.24
INV00011351,2025-04-06,STR035,PRD00788,26,79,13,0,92,0,193678.4
INV00011352,2025-04-06,STR035,PRD01066,445,0,161,0,284,0,71849.16
INV00011353,2025-04-06,STR035,PRD00666,207,198,21,1,385,0,62643.35
INV00011354,2025-04-06,STR035,PRD00946,126,0,23,1,104,0,54660.32
INV00011355,2025-04-06,STR035,PRD00275,106,0,60,0,46,0,39003.4
INV00011356,2025-04-06,STR035,PRD00899,16,112,7,0,121,0,176509.96
INV00011357,2025-04-06,STR035,PRD00060,89,0,25,0,64,0,674017.92
INV00011358,2025-04-06,STR035,PRD00715,46,90,26,0,110,0,218240.0
INV00011359,2025-04-06,STR035,PRD00048,12,29,7,0,34,0,622101.4
INV00011360,2025-04-06,STR035,PRD01164,144,0,39,0,105,0,116414.55
INV00011361,2025-04-06,STR036,PRD00566,322,0,22,0,299,1,126512.88
INV00011362,2025-04-06,STR036,PRD00482,502,0,104,0,398,0,136959.76
INV00011363,2025-04-06,STR036,PRD00576,288,0,74,1,215,0,71070.4
INV00011364,2025-04-06,STR036,PRD00764,82,171,36,0,217,0,398435.87
INV00011365,2025-04-06,STR036,PRD00578,398,339,146,0,590,1,249457.9
INV00011366,2025-04-06,STR036,PRD01002,152,0,85,0,65,2,3619.85
INV00011367,2025-04-06,STR036,PRD00068,27,0,5,0,22,0,191279.88
INV00011368,2025-04-06,STR036,PRD00287,50,332,18,2,366,0,100408.44
INV00011369,2025-04-06,STR036,PRD00613,322,0,102,0,220,0,39294.2
INV00011370,2025-04-06,STR036,PRD00466,154,0,29,0,125,0,78715.0
INV00011371,2025-04-06,STR036,PRD00630,142,0,9,0,133,0,48072.85
INV00011372,2025-04-06,STR036,PRD00530,83,0,11,0,72,0,40469.04
INV00011373,2025-04-06,STR036,PRD00202,55,0,20,0,35,0,30292.15
INV00011374,2025-04-06,STR036,PRD00960,135,175,11,0,299,0,114337.6
INV00011375,2025-04-06,STR036,PRD00379,191,0,100,2,93,0,42841.38
INV00011376,2025-04-06,STR036,PRD01161,108,0,12,0,96,0,213020.16
INV00011377,2025-04-06,STR036,PRD01018,95,223,37,0,279,2,24775.2
INV00011378,2025-04-06,STR036,PRD00342,65,0,17,0,48,0,33512.16
INV00011379,2025-04-06,STR036,PRD00341,85,0,25,0,60,0,36333.6
INV00011380,2025-04-06,STR036,PRD00467,408,0,185,1,224,0,101483.2
INV00011381,2025-04-06,STR037,PRD00748,138,0,15,0,122,1,221476.36
INV00011382,2025-04-06,STR037,PRD00237,27,0,16,0,11,0,71094.32
INV00011383,2025-04-06,STR037,PRD00474,63,191,27,0,227,0,20286.99
INV00011384,2025-04-06,STR037,PRD00735,84,178,20,0,241,1,389523.48
INV00011385,2025-04-06,STR037,PRD00182,27,124,10,0,141,0,161381.55
INV00011386,2025-04-06,STR037,PRD00838,81,0,43,0,37,1,38733.45
INV00011387,2025-04-06,STR037,PRD01036,219,371,121,0,469,0,58704.73
INV00011388,2025-04-06,STR037,PRD00204,109,0,59,0,50,0,129005.5
INV00011389,2025-04-06,STR037,PRD01143,54,69,20,0,102,1,322046.64
INV00011390,2025-04-06,STR037,PRD00676,19,97,11,2,105,2,297859.8
INV00011391,2025-04-06,STR037,PRD00262,10,70,7,0,73,0,588631.12
INV00011392,2025-04-06,STR037,PRD00271,89,294,22,0,361,0,151114.6
INV00011393,2025-04-06,STR037,PRD00844,198,0,112,0,86,0,191313.02
INV00011394,2025-04-06,STR037,PRD00061,49,47,25,0,71,0,377000.06
INV00011395,2025-04-06,STR037,PRD01034,330,0,85,0,245,0,53341.4
INV00011396,2025-04-06,STR037,PRD00322,130,0,76,0,54,0,31717.44
INV00011397,2025-04-06,STR037,PRD00275,53,0,11,0,42,0,35611.8
INV00011398,2025-04-06,STR037,PRD00572,153,0,80,0,73,0,34225.32
INV00011399,2025-04-06,STR037,PRD00128,95,0,57,0,37,1,331660.97
INV00011400,2025-04-06,STR037,PRD01031,62,0,25,0,37,0,19364.69
INV00011401,2025-04-06,STR038,PRD00322,93,0,51,0,42,0,24669.12
INV00011402,2025-04-06,STR038,PRD01115,42,130,14,0,158,0,379887.3
INV00011403,2025-04-06,STR038,PRD00527,129,0,36,1,94,0,69679.38
INV00011404,2025-04-06,STR038,PRD01092,92,0,24,0,68,0,179146.68
INV00011405,2025-04-06,STR038,PRD00788,68,0,29,0,37,2,77892.4
INV00011406,2025-04-06,STR038,PRD01187,69,0,28,3,44,0,147619.56
INV00011407,2025-04-06,STR038,PRD00887,77,128,14,0,191,0,223410.79
INV00011408,2025-04-06,STR038,PRD01184,28,0,9,0,17,2,54105.9
INV00011409,2025-04-06,STR038,PRD00408,45,111,18,1,139,0,108825.88
INV00011410,2025-04-06,STR038,PRD00725,95,0,29,2,68,0,102794.92
INV00011411,2025-04-06,STR038,PRD01118,41,0,8,0,33,0,111246.3
INV00011412,2025-04-06,STR038,PRD01021,309,0,162,0,147,0,55583.64
INV00011413,2025-04-06,STR038,PRD01119,57,0,25,0,32,0,140108.8
INV00011414,2025-04-06,STR038,PRD00767,52,0,5,1,47,1,73185.58
INV00011415,2025-04-06,STR038,PRD00512,116,212,19,0,309,0,35782.2
INV00011416,2025-04-06,STR038,PRD00622,179,0,56,0,123,0,49174.17
INV00011417,2025-04-06,STR038,PRD00969,166,0,17,0,149,0,11359.76
INV00011418,2025-04-06,STR038,PRD00853,46,0,25,0,21,0,39230.94
INV00011419,2025-04-06,STR038,PRD00791,82,76,38,0,119,1,71336.93
INV00011420,2025-04-06,STR038,PRD01047,143,330,57,0,416,0,201086.08
INV00011421,2025-04-06,STR039,PRD01020,382,0,11,1,372,0,134652.84
INV00011422,2025-04-06,STR039,PRD00892,173,0,56,0,117,0,203815.17
INV00011423,2025-04-06,STR039,PRD00462,205,0,95,0,110,0,22578.6
INV00011424,2025-04-06,STR039,PRD00655,128,0,5,0,123,0,5799.45
INV00011425,2025-04-06,STR039,PRD00190,60,63,14,0,109,0,867129.88
INV00011426,2025-04-06,STR039,PRD00173,90,0,52,0,38,0,218550.16
INV00011427,2025-04-06,STR039,PRD00614,189,0,17,0,172,0,5896.16
INV00011428,2025-04-06,STR039,PRD00944,167,210,51,0,326,0,41669.32
INV00011429,2025-04-06,STR039,PRD01160,47,64,13,0,98,0,342102.32
INV00011430,2025-04-06,STR039,PRD00992,320,0,57,0,262,1,58732.54
INV00011431,2025-04-06,STR039,PRD01180,30,0,9,0,21,0,89120.01
INV00011432,2025-04-06,STR039,PRD00572,225,385,129,0,481,0,225512.04
INV00011433,2025-04-06,STR039,PRD01097,135,0,36,1,100,0,205425.0
INV00011434,2025-04-06,STR039,PRD00076,101,0,36,0,65,0,697162.05
INV00011435,2025-04-06,STR039,PRD00835,48,145,9,0,184,0,185508.8
INV00011436,2025-04-06,STR039,PRD00876,65,0,18,1,48,0,86322.24
INV00011437,2025-04-06,STR039,PRD00218,41,0,22,1,18,2,90918.36
INV00011438,2025-04-06,STR039,PRD00262,39,0,20,0,19,0,153205.36
INV00011439,2025-04-06,STR039,PRD00636,118,216,64,1,321,0,122611.24
INV00011440,2025-04-06,STR039,PRD00515,208,0,65,0,143,0,67669.03
INV00011441,2025-04-06,STR040,PRD01077,20,59,11,0,68,0,237550.52
INV00011442,2025-04-06,STR040,PRD00569,312,0,26,1,287,0,41127.1
INV00011443,2025-04-06,STR040,PRD00736,65,112,38,0,139,0,172575.45
INV00011444,2025-04-06,STR040,PRD00368,94,0,15,0,79,0,46446.47
INV00011445,2025-04-06,STR040,PRD00172,25,0,10,0,15,0,78799.5
INV00011446,2025-04-06,STR040,PRD00286,222,0,89,0,133,0,33694.22
INV00011447,2025-04-06,STR040,PRD00835,163,0,89,0,72,2,72590.4
INV00011448,2025-04-06,STR040,PRD01034,273,279,35,0,517,0,112561.24
INV00011449,2025-04-06,STR040,PRD00563,273,220,163,0,330,0,143074.8
INV00011450,2025-04-06,STR040,PRD00154,252,0,121,0,131,0,62476.52
INV00011451,2025-04-06,STR040,PRD00418,84,0,5,1,80,0,25234.4
INV00011452,2025-04-06,STR040,PRD00009,32,0,17,3,18,0,150201.18
INV00011453,2025-04-06,STR040,PRD00494,120,0,21,0,99,0,67590.27
INV00011454,2025-04-06,STR040,PRD00482,177,0,85,0,92,0,31659.04
INV00011455,2025-04-06,STR040,PRD00622,188,0,75,0,113,0,45176.27
INV00011456,2025-04-06,STR040,PRD00896,286,291,161,1,417,0,60477.51
INV00011457,2025-04-06,STR040,PRD00528,50,0,25,1,26,0,24604.84
INV00011458,2025-04-06,STR040,PRD00057,171,0,76,0,95,0,190544.35
INV00011459,2025-04-06,STR040,PRD00423,346,0,9,1,338,0,72298.2
INV00011460,2025-04-06,STR040,PRD00079,78,0,12,0,66,0,890060.82
INV00011461,2025-04-06,STR041,PRD01047,182,330,61,0,451,0,218004.38
INV00011462,2025-04-06,STR041,PRD00988,23,133,10,0,146,0,77745.0
INV00011463,2025-04-06,STR041,PRD00020,40,173,8,0,205,0,399399.45
INV00011464,2025-04-06,STR041,PRD00123,44,0,16,0,28,0,156467.36
INV00011465,2025-04-06,STR041,PRD00602,251,339,138,2,454,0,94105.12
INV00011466,2025-04-06,STR041,PRD01056,215,287,51,1,452,0,136508.52
INV00011467,2025-04-06,STR041,PRD00245,46,0,22,1,25,0,110732.75
INV00011468,2025-04-06,STR041,PRD00841,92,0,8,2,86,0,115090.36
INV00011469,2025-04-06,STR041,PRD00945,45,142,5,0,182,0,100143.68
INV00011470,2025-04-06,STR041,PRD00857,37,0,22,0,15,0,32412.6
INV00011471,2025-04-06,STR041,PRD00719,100,0,37,0,-21,1,171071.02
INV00011472,2025-04-06,STR041,PRD00431,73,0,26,0,45,2,23454.0
INV00011473,2025-04-06,STR041,PRD00670,67,0,28,0,39,0,74681.88
INV00011474,2025-04-06,STR041,PRD00843,74,0,24,0,50,0,34473.0
INV00011475,2025-04-06,STR041,PRD00604,252,0,85,1,168,0,25519.2
INV00011476,2025-04-06,STR041,PRD00349,258,0,75,0,183,0,15348.21
INV00011477,2025-04-06,STR041,PRD01126,110,94,21,1,184,0,303852.08
INV00011478,2025-04-06,STR041,PRD01124,105,0,42,1,64,0,139376.0
INV00011479,2025-04-06,STR041,PRD00833,147,0,53,0,94,0,92112.48
INV00011480,2025-04-06,STR041,PRD00377,52,180,11,0,221,0,181821.12
INV00011481,2025-04-13,STR001,PRD00828,286,0,90,0,196,0,86828.0
INV00011482,2025-04-13,STR001,PRD00468,116,171,45,0,242,0,35893.44
INV00011483,2025-04-13,STR001,PRD00651,121,299,17,2,405,0,103874.4
INV00011484,2025-04-13,STR001,PRD00197,8,38,8,0,38,0,143603.14
INV00011485,2025-04-13,STR001,PRD00175,84,0,50,0,34,0,252785.58
INV00011486,2025-04-13,STR001,PRD00342,38,0,8,1,31,0,21643.27
INV00011487,2025-04-13,STR001,PRD00407,147,0,76,0,71,0,37871.4
INV00011488,2025-04-13,STR001,PRD00533,31,0,6,1,26,0,17213.56
INV00011489,2025-04-13,STR001,PRD00498,193,0,36,0,157,0,21689.55
INV00011490,2025-04-13,STR001,PRD00558,362,267,184,0,445,0,108268.5
INV00011491,2025-04-13,STR001,PRD00200,96,122,52,0,166,0,226329.38
INV00011492,2025-04-13,STR001,PRD00882,45,0,11,0,33,1,72201.69
INV00011493,2025-04-13,STR001,PRD01027,156,399,18,0,537,0,121211.64
INV00011494,2025-04-13,STR001,PRD00642,137,152,80,2,211,0,61236.42
INV00011495,2025-04-13,STR001,PRD00823,53,175,18,0,210,0,360714.9
INV00011496,2025-04-13,STR001,PRD01018,228,0,87,0,141,0,12520.8
INV00011497,2025-04-13,STR001,PRD00617,198,0,67,2,133,0,48280.33
INV00011498,2025-04-13,STR001,PRD00770,72,0,6,0,66,0,71965.74
INV00011499,2025-04-13,STR001,PRD00062,30,0,8,0,22,0,303568.98
INV00011500,2025-04-13,STR001,PRD00640,80,223,21,1,283,0,33232.69
INV00011501,2025-04-13,STR002,PRD00294,34,122,5,0,151,0,98609.04
INV00011502,2025-04-13,STR002,PRD00619,361,0,132,0,229,0,31906.57
INV00011503,2025-04-13,STR002,PRD00882,31,0,5,0,26,0,56886.18
INV00011504,2025-04-13,STR002,PRD00093,45,0,20,0,25,0,242601.75
INV00011505,2025-04-13,STR002,PRD00165,37,0,14,0,23,0,153452.09
INV00011506,2025-04-13,STR002,PRD01188,80,0,16,0,64,0,107919.36
INV00011507,2025-04-13,STR002,PRD00357,101,0,47,0,54,0,36552.6
INV00011508,2025-04-13,STR002,PRD00922,53,89,7,2,137,0,86057.92
INV00011509,2025-04-13,STR002,PRD00107,27,68,15,0,79,1,275213.09
INV00011510,2025-04-13,STR002,PRD00820,100,110,35,0,175,0,206006.5
INV00011511,2025-04-13,STR002,PRD00578,394,339,173,0,560,0,236773.6
INV00011512,2025-04-13,STR002,PRD01007,153,0,40,0,113,0,56768.94
INV00011513,2025-04-13,STR002,PRD00798,14,87,8,1,94,0,90385.7
INV00011514,2025-04-13,STR002,PRD00655,273,0,97,0,176,0,8298.4
INV00011515,2025-04-13,STR002,PRD00490,236,155,115,0,276,0,38173.56
INV00011516,2025-04-13,STR002,PRD00845,162,88,59,1,191,1,290971.31
INV00011517,2025-04-13,STR002,PRD00176,45,0,8,1,38,0,109715.88
INV00011518,2025-04-13,STR002,PRD00252,51,0,14,2,-14,0,293406.75
INV00011519,2025-04-13,STR002,PRD00502,43,179,7,0,215,0,135174.8
INV00011520,2025-04-13,STR002,PRD00636,119,0,31,0,88,0,39814.72
INV00011521,2025-04-13,STR003,PRD00602,200,0,40,0,160,0,33164.8
INV00011522,2025-04-13,STR003,PRD00240,11,62,7,0,66,0,487788.18
INV00011523,2025-04-13,STR003,PRD00847,154,0,55,0,99,0,160094.88
INV00011524,2025-04-13,STR003,PRD01041,78,0,43,1,36,0,19181.16
INV00011525,2025-04-13,STR003,PRD00754,113,0,55,1,59,0,13031.92
INV00011526,2025-04-13,STR003,PRD00147,16,58,6,0,68,0,428347.64
INV00011527,2025-04-13,STR003,PRD00561,360,0,104,0,256,0,19325.44
INV00011528,2025-04-13,STR003,PRD01002,230,0,8,1,223,0,12418.87
INV00011529,2025-04-13,STR003,PRD00810,317,400,101,0,616,0,160837.6
INV00011530,2025-04-13,STR003,PRD01108,75,0,44,0,31,0,70974.5
INV00011531,2025-04-13,STR003,PRD00887,60,0,34,0,26,0,30411.94
INV00011532,2025-04-13,STR003,PRD01164,78,0,37,0,41,0,45457.11
INV00011533,2025-04-13,STR003,PRD00021,93,0,44,0,49,0,65356.2
INV00011534,2025-04-13,STR003,PRD00145,154,0,88,0,66,0,111395.46
INV00011535,2025-04-13,STR003,PRD00039,29,0,17,0,12,0,75359.4
INV00011536,2025-04-13,STR003,PRD00736,41,0,8,0,33,0,40971.15
INV00011537,2025-04-13,STR003,PRD01125,105,0,17,1,89,0,126685.27
INV00011538,2025-04-13,STR003,PRD00653,250,0,63,1,188,0,84178.88
INV00011539,2025-04-13,STR003,PRD00129,31,0,17,0,14,0,213684.1
INV00011540,2025-04-13,STR003,PRD00080,34,0,13,0,21,0,273575.61
INV00011541,2025-04-13,STR004,PRD00880,290,0,83,0,207,0,60845.58
INV00011542,2025-04-13,STR004,PRD00545,90,361,43,0,408,0,102999.6
INV00011543,2025-04-13,STR004,PRD00674,83,0,15,0,68,0,108160.12
INV00011544,2025-04-13,STR004,PRD00961,392,0,112,0,280,0,44388.4
INV00011545,2025-04-13,STR004,PRD00438,488,0,163,0,325,0,158239.25
INV00011546,2025-04-13,STR004,PRD00280,271,0,153,0,117,1,36430.29
INV00011547,2025-04-13,STR004,PRD00134,44,0,13,2,33,0,493474.74
INV00011548,2025-04-13,STR004,PRD00552,58,311,19,0,350,0,68229.0
INV00011549,2025-04-13,STR004,PRD00726,120,0,46,0,74,0,110840.9
INV00011550,2025-04-13,STR004,PRD01092,61,86,33,0,114,0,300334.14
INV00011551,2025-04-13,STR004,PRD01026,203,296,68,1,432,0,147722.4
INV00011552,2025-04-13,STR004,PRD00786,126,0,24,1,103,0,157949.47
INV00011553,2025-04-13,STR004,PRD00903,364,172,171,1,366,0,100800.06
INV00011554,2025-04-13,STR004,PRD00015,42,151,13,0,180,0,527686.2
INV00011555,2025-04-13,STR004,PRD01016,161,0,46,0,115,0,18561.0
INV00011556,2025-04-13,STR004,PRD00009,29,0,7,0,22,0,183579.22
INV00011557,2025-04-13,STR004,PRD00693,130,163,75,0,218,0,364369.56
INV00011558,2025-04-13,STR004,PRD01029,34,0,9,0,25,0,13584.0
INV00011559,2025-04-13,STR004,PRD00375,188,228,38,3,381,0,139087.86
INV00011560,2025-04-13,STR004,PRD00778,100,0,18,0,82,0,46702.28
INV00011561,2025-04-13,STR005,PRD00291,245,0,128,0,116,1,32452.16
INV00011562,2025-04-13,STR005,PRD00819,60,0,10,0,50,0,77475.0
INV00011563,2025-04-13,STR005,PRD00596,95,205,12,0,288,0,114598.08
INV00011564,2025-04-13,STR005,PRD01078,158,0,35,0,223,0,161854.47
INV00011565,2025-04-13,STR005,PRD00110,14,51,6,0,58,1,1072573.7
INV00011566,2025-04-13,STR005,PRD01123,94,0,35,0,59,0,112233.34
INV00011567,2025-04-13,STR005,PRD00741,113,112,10,0,215,0,436211.35
INV00011568,2025-04-13,STR005,PRD00724,64,180,25,0,219,0,349175.79
INV00011569,2025-04-13,STR005,PRD00633,376,374,161,0,589,0,125398.1
INV00011570,2025-04-13,STR005,PRD00343,90,0,10,0,80,0,10432.8
INV00011571,2025-04-13,STR005,PRD00478,50,0,7,3,46,0,37363.96
INV00011572,2025-04-13,STR005,PRD00768,333,0,9,1,325,0,66657.5
INV00011573,2025-04-13,STR005,PRD00846,44,140,19,0,165,0,181867.95
INV00011574,2025-04-13,STR005,PRD00178,92,0,34,0,58,0,403084.34
INV00011575,2025-04-13,STR005,PRD00268,35,0,18,0,17,0,8844.42
INV00011576,2025-04-13,STR005,PRD00541,42,301,9,0,334,0,135460.38
INV00011577,2025-04-13,STR005,PRD00100,67,0,13,0,54,0,527842.44
INV00011578,2025-04-13,STR005,PRD00425,98,0,13,0,85,0,59288.35
INV00011579,2025-04-13,STR005,PRD01108,63,0,28,0,35,0,80132.5
INV00011580,2025-04-13,STR005,PRD00181,45,0,21,0,23,1,74505.28
INV00011581,2025-04-13,STR006,PRD00254,38,0,11,0,27,0,182957.67
INV00011582,2025-04-13,STR006,PRD00545,277,0,59,0,218,0,55034.1
INV00011583,2025-04-13,STR006,PRD00040,47,0,23,0,24,0,419688.24
INV00011584,2025-04-13,STR006,PRD00143,33,0,11,0,22,0,177277.32
INV00011585,2025-04-13,STR006,PRD01179,122,0,31,0,91,0,188781.32
INV00011586,2025-04-13,STR006,PRD00877,144,163,23,0,284,0,344182.44
INV00011587,2025-04-13,STR006,PRD00020,59,0,13,2,48,0,93517.92
INV00011588,2025-04-13,STR006,PRD00813,51,0,26,0,25,0,50235.25
INV00011589,2025-04-13,STR006,PRD00703,113,115,12,0,216,0,151318.8
INV00011590,2025-04-13,STR006,PRD00792,47,0,24,0,23,0,67282.82
INV00011591,2025-04-13,STR006,PRD00573,89,234,29,0,294,0,7923.3
INV00011592,2025-04-13,STR006,PRD00003,42,0,21,0,21,0,11219.04
INV00011593,2025-04-13,STR006,PRD01104,62,0,35,0,27,0,94185.72
INV00011594,2025-04-13,STR006,PRD00971,117,0,9,0,108,0,33120.36
INV00011595,2025-04-13,STR006,PRD00218,12,25,6,0,30,1,151530.6
INV00011596,2025-04-13,STR006,PRD00063,53,0,23,0,30,0,403409.1
INV00011597,2025-04-13,STR006,PRD00217,35,0,11,0,24,0,127162.32
INV00011598,2025-04-13,STR006,PRD00929,78,0,28,0,50,0,101812.0
INV00011599,2025-04-13,STR006,PRD00356,166,0,8,0,158,0,116000.44
INV00011600,2025-04-13,STR006,PRD00659,243,0,138,0,105,0,22978.2
INV00011601,2025-04-13,STR007,PRD00682,74,0,44,0,30,0,73418.4
INV00011602,2025-04-13,STR007,PRD00686,73,164,25,1,213,0,450245.79
INV00011603,2025-04-13,STR007,PRD00010,41,61,12,0,89,1,1047925.16
INV00011604,2025-04-13,STR007,PRD00784,71,0,24,0,47,0,61195.88
INV00011605,2025-04-13,STR007,PRD00570,173,0,33,0,140,0,37599.8
INV00011606,2025-04-13,STR007,PRD00342,59,0,32,0,27,0,18850.59
INV00011607,2025-04-13,STR007,PRD00528,110,0,63,0,47,0,44477.98
INV00011608,2025-04-13,STR007,PRD00008,38,65,9,1,95,0,987379.65
INV00011609,2025-04-13,STR007,PRD00924,166,365,95,1,437,0,84996.5
INV00011610,2025-04-13,STR007,PRD00152,12,48,5,0,55,0,298200.1
INV00011611,2025-04-13,STR007,PRD00021,151,0,18,0,131,2,174727.8
INV00011612,2025-04-13,STR007,PRD01024,400,0,180,0,220,0,20262.0
INV00011613,2025-04-13,STR007,PRD00501,28,114,8,3,137,0,74986.95
INV00011614,2025-04-13,STR007,PRD01075,61,0,29,1,32,1,101704.96
INV00011615,2025-04-13,STR007,PRD00661,222,0,51,0,171,0,48509.28
INV00011616,2025-04-13,STR007,PRD00150,153,167,88,0,232,0,208210.72
INV00011617,2025-04-13,STR007,PRD00533,26,121,9,0,138,0,91364.28
INV00011618,2025-04-13,STR007,PRD00765,144,0,41,0,103,0,94856.82
INV00011619,2025-04-13,STR007,PRD00415,81,270,43,1,309,0,88432.71
INV00011620,2025-04-13,STR007,PRD00860,124,160,49,0,235,0,98114.85
INV00011621,2025-04-13,STR008,PRD00095,22,0,9,0,13,0,180879.4
INV00011622,2025-04-13,STR008,PRD00707,54,0,32,0,22,0,35787.84
INV00011623,2025-04-13,STR008,PRD00768,213,181,120,0,274,0,56197.4
INV00011624,2025-04-13,STR008,PRD00918,120,0,17,0,103,0,204706.32
INV00011625,2025-04-13,STR008,PRD01086,29,0,5,0,24,0,77338.08
INV00011626,2025-04-13,STR008,PRD00170,67,0,7,0,60,0,55109.4
INV00011627,2025-04-13,STR008,PRD01068,47,0,27,0,20,0,69904.0
INV00011628,2025-04-13,STR008,PRD01087,86,31,51,1,67,0,229121.24
INV00011629,2025-04-13,STR008,PRD00568,141,0,74,0,66,1,19028.46
INV00011630,2025-04-13,STR008,PRD00661,143,0,79,0,64,0,18155.52
INV00011631,2025-04-13,STR008,PRD01103,43,100,13,0,130,0,311053.6
INV00011632,2025-04-13,STR008,PRD00655,255,0,118,0,137,0,6459.55
INV00011633,2025-04-13,STR008,PRD00687,106,0,39,0,66,1,118085.22
INV00011634,2025-04-13,STR008,PRD00111,37,0,6,1,32,0,406207.36
INV00011635,2025-04-13,STR008,PRD00580,279,0,152,0,127,0,26835.1
INV00011636,2025-04-13,STR008,PRD00050,34,0,20,1,15,0,241140.45
INV00011637,2025-04-13,STR008,PRD00753,91,103,45,0,149,0,390636.28
INV00011638,2025-04-13,STR008,PRD00379,229,0,49,1,181,0,83379.46
INV00011639,2025-04-13,STR008,PRD01198,28,0,11,0,17,0,75347.91
INV00011640,2025-04-13,STR008,PRD01012,112,0,28,1,85,0,49519.3
INV00011641,2025-04-13,STR009,PRD00557,102,327,61,3,371,0,49873.53
INV00011642,2025-04-13,STR009,PRD00485,44,0,13,0,31,0,18387.65
INV00011643,2025-04-13,STR009,PRD00538,360,154,41,1,474,0,19803.72
INV00011644,2025-04-13,STR009,PRD00673,106,152,42,0,216,0,366830.64
INV00011645,2025-04-13,STR009,PRD00936,97,0,52,0,45,0,27923.85
INV00011646,2025-04-13,STR009,PRD00467,294,379,80,0,593,0,268658.65
INV00011647,2025-04-13,STR009,PRD01083,40,71,5,1,107,0,419624.04
INV00011648,2025-04-13,STR009,PRD00618,287,0,153,0,134,0,24526.02
INV00011649,2025-04-13,STR009,PRD01150,90,0,10,0,80,0,189763.2
INV00011650,2025-04-13,STR009,PRD00656,374,172,98,0,447,1,63071.7
INV00011651,2025-04-13,STR009,PRD01117,104,0,51,2,55,0,79574.0
INV00011652,2025-04-13,STR009,PRD00739,112,0,9,0,103,0,158766.26
INV00011653,2025-04-13,STR009,PRD00735,24,178,9,0,192,1,310325.76
INV00011654,2025-04-13,STR009,PRD00117,70,70,38,1,103,0,417461.06
INV00011655,2025-04-13,STR009,PRD00229,57,0,5,0,52,0,70142.8
INV00011656,2025-04-13,STR009,PRD00651,120,299,72,2,348,1,89255.04
INV00011657,2025-04-13,STR009,PRD01014,75,89,38,0,126,0,80146.08
INV00011658,2025-04-13,STR009,PRD00751,75,0,20,0,55,0,106719.8
INV00011659,2025-04-13,STR009,PRD01144,56,0,27,2,31,0,44206.62
INV00011660,2025-04-13,STR009,PRD00082,38,0,11,0,27,0,176915.88
INV00011661,2025-04-13,STR010,PRD00243,64,0,32,0,32,0,44342.72
INV00011662,2025-04-13,STR010,PRD00402,111,0,20,0,91,0,74443.46
INV00011663,2025-04-13,STR010,PRD00843,45,0,17,0,28,0,19304.88
INV00011664,2025-04-13,STR010,PRD00208,85,0,30,0,55,0,112821.5
INV00011665,2025-04-13,STR010,PRD00300,86,0,10,0,76,0,45683.6
INV00011666,2025-04-13,STR010,PRD00709,451,0,100,0,351,0,53720.55
INV00011667,2025-04-13,STR010,PRD00307,81,254,37,0,298,0,143880.36
INV00011668,2025-04-13,STR010,PRD00721,118,0,7,0,111,0,191766.93
INV00011669,2025-04-13,STR010,PRD00468,136,0,19,0,117,0,17353.44
INV00011670,2025-04-13,STR010,PRD00949,30,0,12,0,18,0,10203.3
INV00011671,2025-04-13,STR010,PRD00408,85,111,25,0,171,0,133879.32
INV00011672,2025-04-13,STR010,PRD00597,251,243,121,0,373,0,165544.86
INV00011673,2025-04-13,STR010,PRD00118,79,0,29,1,51,0,537742.47
INV00011674,2025-04-13,STR010,PRD00033,70,0,31,0,39,0,69547.92
INV00011675,2025-04-13,STR010,PRD00939,41,265,17,0,289,0,70036.26
INV00011676,2025-04-13,STR010,PRD00503,155,0,69,0,85,1,44692.15
INV00011677,2025-04-13,STR010,PRD00832,81,121,19,0,183,0,250761.24
INV00011678,2025-04-13,STR010,PRD00704,55,0,19,0,36,0,25457.04
INV00011679,2025-04-13,STR010,PRD00080,87,70,22,0,135,0,1758700.35
INV00011680,2025-04-13,STR010,PRD00360,165,249,13,1,402,0,96166.44
INV00011681,2025-04-13,STR011,PRD01011,333,0,143,0,190,0,28441.1
INV00011682,2025-04-13,STR011,PRD00057,80,0,13,0,67,0,134383.91
INV00011683,2025-04-13,STR011,PRD01045,97,263,40,0,-24,2,149854.32
INV00011684,2025-04-13,STR011,PRD00855,71,0,16,0,55,0,83905.25
INV00011685,2025-04-13,STR011,PRD00368,60,133,6,0,187,0,109942.91
INV00011686,2025-04-13,STR011,PRD00613,302,159,97,1,365,0,65192.65
INV00011687,2025-04-13,STR011,PRD00268,77,0,8,0,69,0,35897.94
INV00011688,2025-04-13,STR011,PRD00969,321,0,44,0,277,0,21118.48
INV00011689,2025-04-13,STR011,PRD01200,95,0,54,0,41,0,35497.8
INV00011690,2025-04-13,STR011,PRD00554,195,0,19,0,176,0,82088.16
INV00011691,2025-04-13,STR011,PRD00246,46,0,17,0,29,0,35953.62
INV00011692,2025-04-13,STR011,PRD00196,33,98,17,0,114,0,256144.32
INV00011693,2025-04-13,STR011,PRD00666,76,0,33,1,44,0,7159.24
INV00011694,2025-04-13,STR011,PRD00233,20,0,6,1,15,0,106572.6
INV00011695,2025-04-13,STR011,PRD00942,151,0,64,0,87,0,5370.51
INV00011696,2025-04-13,STR011,PRD00760,13,63,6,0,70,0,222096.7
INV00011697,2025-04-13,STR011,PRD00238,33,0,8,1,26,0,81504.28
INV00011698,2025-04-13,STR011,PRD00193,37,0,21,0,15,1,62872.2
INV00011699,2025-04-13,STR011,PRD01063,208,0,48,3,163,0,79607.57
INV00011700,2025-04-13,STR011,PRD00588,54,245,6,0,293,0,26484.27
INV00011701,2025-04-13,STR012,PRD00040,49,0,9,0,40,0,699480.4
INV00011702,2025-04-13,STR012,PRD01179,165,0,28,0,137,0,284209.24
INV00011703,2025-04-13,STR012,PRD00645,279,160,155,0,284,0,93839.28
INV00011704,2025-04-13,STR012,PRD00840,85,0,25,0,60,0,100924.8
INV00011705,2025-04-13,STR012,PRD00352,123,0,60,0,63,0,37604.7
INV00011706,2025-04-13,STR012,PRD01070,71,0,6,0,65,0,167490.05
INV00011707,2025-04-13,STR012,PRD00730,59,0,11,0,48,0,123884.64
INV00011708,2025-04-13,STR012,PRD00646,254,0,134,0,120,0,7894.8
INV00011709,2025-04-13,STR012,PRD00075,63,0,5,0,58,0,408470.22
INV00011710,2025-04-13,STR012,PRD01135,63,0,7,0,56,0,70545.44
INV00011711,2025-04-13,STR012,PRD00345,359,0,111,0,248,0,97682.24
INV00011712,2025-04-13,STR012,PRD00929,93,0,52,0,41,0,83485.84
INV00011713,2025-04-13,STR012,PRD00122,31,0,17,0,14,0,229131.98
INV00011714,2025-04-13,STR012,PRD00667,413,0,82,0,331,0,30137.55
INV00011715,2025-04-13,STR012,PRD00935,57,103,33,0,127,0,74434.7
INV00011716,2025-04-13,STR012,PRD01158,59,68,25,0,102,0,426082.56
INV00011717,2025-04-13,STR012,PRD00494,92,0,52,0,40,0,27309.2
INV00011718,2025-04-13,STR012,PRD00227,50,0,30,0,18,2,64217.7
INV00011719,2025-04-13,STR012,PRD00952,115,0,38,0,77,0,38708.67
INV00011720,2025-04-13,STR012,PRD00601,468,0,255,0,212,1,6533.84
INV00011721,2025-04-13,STR013,PRD00896,51,291,13,0,329,0,47714.87
INV00011722,2025-04-13,STR013,PRD00580,291,0,124,0,167,0,35287.1
INV00011723,2025-04-13,STR013,PRD00668,178,0,81,0,97,0,21004.38
INV00011724,2025-04-13,STR013,PRD00647,323,0,112,0,211,0,39893.77
INV00011725,2025-04-13,STR013,PRD00292,370,0,125,0,245,0,120459.15
INV00011726,2025-04-13,STR013,PRD00894,47,96,19,0,124,0,199411.84
INV00011727,2025-04-13,STR013,PRD00350,27,103,12,1,119,0,87538.78
INV00011728,2025-04-13,STR013,PRD00594,212,380,109,0,483,0,39282.39
INV00011729,2025-04-13,STR013,PRD00372,54,222,14,0,262,0,72306.76
INV00011730,2025-04-13,STR013,PRD01106,172,0,36,0,135,1,225336.6
INV00011731,2025-04-13,STR013,PRD00171,16,26,6,1,37,0,168460.63
INV00011732,2025-04-13,STR013,PRD00561,469,160,146,0,483,0,36461.67
INV00011733,2025-04-13,STR013,PRD00061,19,47,9,0,57,0,302662.02
INV00011734,2025-04-13,STR013,PRD00809,108,0,35,3,76,0,68076.24
INV00011735,2025-04-13,STR013,PRD00304,105,0,34,3,74,0,53561.94
INV00011736,2025-04-13,STR013,PRD00700,68,96,25,0,139,0,398183.57
INV00011737,2025-04-13,STR013,PRD00029,13,0,8,0,5,0,80787.15
INV00011738,2025-04-13,STR013,PRD00167,21,73,12,0,82,0,452903.22
INV00011739,2025-04-13,STR013,PRD00754,173,189,89,1,274,0,60521.12
INV00011740,2025-04-13,STR013,PRD00258,45,0,18,0,27,0,43058.79
INV00011741,2025-04-13,STR014,PRD00490,216,0,106,0,109,1,15075.79
INV00011742,2025-04-13,STR014,PRD00254,8,73,8,0,73,0,494663.33
INV00011743,2025-04-13,STR014,PRD00149,78,0,14,0,64,0,130679.04
INV00011744,2025-04-13,STR014,PRD01153,148,0,87,0,61,0,152472.55
INV00011745,2025-04-13,STR014,PRD00524,116,176,13,0,279,0,29713.5
INV00011746,2025-04-13,STR014,PRD00779,36,141,19,0,158,0,157729.82
INV00011747,2025-04-13,STR014,PRD00070,75,0,16,1,59,1,651242.59
INV00011748,2025-04-13,STR014,PRD00566,339,0,95,2,246,0,104087.52
INV00011749,2025-04-13,STR014,PRD00433,30,122,14,0,138,0,118921.5
INV00011750,2025-04-13,STR014,PRD00791,111,0,17,0,94,0,56350.18
INV00011751,2025-04-13,STR014,PRD00108,88,0,33,0,55,0,869122.1
INV00011752,2025-04-13,STR014,PRD00227,44,64,6,0,102,0,363900.3
INV00011753,2025-04-13,STR014,PRD00759,105,0,49,0,56,0,148096.48
INV00011754,2025-04-13,STR014,PRD01148,143,207,7,0,343,0,82827.64
INV00011755,2025-04-13,STR014,PRD00087,54,0,29,0,25,0,392573.5
INV00011756,2025-04-13,STR014,PRD00738,29,77,10,0,96,0,65955.84
INV00011757,2025-04-13,STR014,PRD00144,27,66,16,0,77,0,382233.39
INV00011758,2025-04-13,STR014,PRD00147,30,0,16,0,14,0,88189.22
INV00011759,2025-04-13,STR014,PRD00646,280,186,149,0,317,0,20855.43
INV00011760,2025-04-13,STR014,PRD00644,154,0,30,0,122,2,55191.58
INV00011761,2025-04-13,STR015,PRD00722,54,0,30,1,25,0,29271.25
INV00011762,2025-04-13,STR015,PRD00294,58,0,23,1,36,0,23509.44
INV00011763,2025-04-13,STR015,PRD00684,106,148,53,0,199,2,490642.46
INV00011764,2025-04-13,STR015,PRD00969,188,0,17,1,172,0,13113.28
INV00011765,2025-04-13,STR015,PRD00426,194,0,46,0,148,0,61548.76
INV00011766,2025-04-13,STR015,PRD00041,34,25,20,1,40,0,598130.8
INV00011767,2025-04-13,STR015,PRD00449,514,308,284,0,538,0,107137.32
INV00011768,2025-04-13,STR015,PRD00666,57,198,30,0,225,0,36609.75
INV00011769,2025-04-13,STR015,PRD00203,31,0,7,0,24,0,102261.12
INV00011770,2025-04-13,STR015,PRD00410,332,0,161,0,171,0,32961.96
INV00011771,2025-04-13,STR015,PRD00525,457,0,254,0,203,0,13489.35
INV00011772,2025-04-13,STR015,PRD00237,74,0,32,0,42,0,271451.04
INV00011773,2025-04-13,STR015,PRD00284,100,264,11,0,353,0,36546.09
INV00011774,2025-04-13,STR015,PRD01116,239,0,33,0,206,0,81641.92
INV00011775,2025-04-13,STR015,PRD00862,166,0,38,1,129,0,147387.66
INV00011776,2025-04-13,STR015,PRD00861,40,0,17,0,23,0,40797.4
INV00011777,2025-04-13,STR015,PRD01036,371,0,21,0,350,0,43809.5
INV00011778,2025-04-13,STR015,PRD00539,153,0,88,0,65,0,3102.45
INV00011779,2025-04-13,STR015,PRD00787,69,275,8,0,336,0,63551.04
INV00011780,2025-04-13,STR015,PRD00381,52,0,19,0,33,0,17532.24
INV00011781,2025-04-13,STR016,PRD00504,100,0,50,0,50,0,46712.0
INV00011782,2025-04-13,STR016,PRD00981,403,0,240,0,163,0,8841.12
INV00011783,2025-04-13,STR016,PRD01173,142,0,71,0,71,0,35196.12
INV00011784,2025-04-13,STR016,PRD00460,42,152,14,0,180,0,120198.6
INV00011785,2025-04-13,STR016,PRD00263,85,0,35,0,50,0,121955.0
INV00011786,2025-04-13,STR016,PRD00979,382,0,194,0,188,0,7036.84
INV00011787,2025-04-13,STR016,PRD00275,92,0,24,0,68,0,57657.2
INV00011788,2025-04-13,STR016,PRD00221,32,0,6,0,26,0,150043.14
INV00011789,2025-04-13,STR016,PRD00975,24,135,10,0,148,1,88578.0
INV00011790,2025-04-13,STR016,PRD00750,35,0,14,1,22,0,47189.56
INV00011791,2025-04-13,STR016,PRD01083,68,0,39,0,29,0,113729.88
INV00011792,2025-04-13,STR016,PRD00342,29,0,8,1,22,0,15359.74
INV00011793,2025-04-13,STR016,PRD00433,32,122,7,0,147,0,126677.25
INV00011794,2025-04-13,STR016,PRD00958,78,247,30,0,295,0,56560.35
INV00011795,2025-04-13,STR016,PRD00458,307,0,107,0,200,0,89184.0
INV00011796,2025-04-13,STR016,PRD00374,40,153,15,0,178,0,131422.74
INV00011797,2025-04-13,STR016,PRD00313,86,88,17,0,157,0,100376.38
INV00011798,2025-04-13,STR016,PRD00071,22,0,9,0,12,1,115267.56
INV00011799,2025-04-13,STR016,PRD01113,37,152,11,0,177,1,356817.84
INV00011800,2025-04-13,STR016,PRD00180,24,169,11,2,184,0,464927.52
INV00011801,2025-04-13,STR017,PRD00741,37,112,20,0,129,0,261726.81
INV00011802,2025-04-13,STR017,PRD00026,72,0,43,0,29,0,88363.29
INV00011803,2025-04-13,STR017,PRD01117,139,0,62,0,77,0,111403.6
INV00011804,2025-04-13,STR017,PRD00860,152,0,74,0,78,0,32565.78
INV00011805,2025-04-13,STR017,PRD01111,64,0,25,0,39,0,37265.28
INV00011806,2025-04-13,STR017,PRD00120,29,50,16,1,64,0,1043534.08
INV00011807,2025-04-13,STR017,PRD01116,373,0,76,0,297,0,117707.04
INV00011808,2025-04-13,STR017,PRD00419,53,0,25,0,28,0,21389.76
INV00011809,2025-04-13,STR017,PRD00347,170,0,75,0,95,0,63579.7
INV00011810,2025-04-13,STR017,PRD00564,393,380,183,0,590,0,205302.3
INV00011811,2025-04-13,STR017,PRD01192,12,67,6,0,73,0,296816.54
INV00011812,2025-04-13,STR017,PRD01069,99,0,20,0,79,0,85624.15
INV00011813,2025-04-13,STR017,PRD00031,28,0,7,0,21,0,291980.01
INV00011814,2025-04-13,STR017,PRD00517,206,0,89,2,119,0,24160.57
INV00011815,2025-04-13,STR017,PRD00302,324,0,154,0,-21,1,38040.21
INV00011816,2025-04-13,STR017,PRD00198,77,0,21,0,56,0,166677.28
INV00011817,2025-04-13,STR017,PRD00652,57,377,14,0,420,0,57540.0
INV00011818,2025-04-13,STR017,PRD01196,185,0,31,0,154,0,91921.06
INV00011819,2025-04-13,STR017,PRD00870,36,0,21,0,15,0,24280.2
INV00011820,2025-04-13,STR017,PRD00723,43,78,9,0,112,0,122971.52
INV00011821,2025-04-13,STR018,PRD00134,14,70,8,0,76,0,1136487.28
INV00011822,2025-04-13,STR018,PRD00945,147,0,78,0,69,0,37966.56
INV00011823,2025-04-13,STR018,PRD00348,84,0,28,0,56,0,38867.36
INV00011824,2025-04-13,STR018,PRD00719,55,0,25,0,30,0,82776.3
INV00011825,2025-04-13,STR018,PRD00247,10,26,8,0,28,0,139787.76
INV00011826,2025-04-13,STR018,PRD00447,210,265,78,3,400,0,142264.0
INV00011827,2025-04-13,STR018,PRD00288,313,0,145,0,168,0,73812.48
INV00011828,2025-04-13,STR018,PRD00294,156,0,82,0,72,2,47018.88
INV00011829,2025-04-13,STR018,PRD00596,336,0,56,0,279,1,111016.89
INV00011830,2025-04-13,STR018,PRD00523,43,0,13,0,28,2,18371.92
INV00011831,2025-04-13,STR018,PRD00387,122,392,51,0,463,0,114962.9
INV00011832,2025-04-13,STR018,PRD00415,239,0,10,0,229,0,65537.51
INV00011833,2025-04-13,STR018,PRD01114,85,0,8,0,77,0,275147.18
INV00011834,2025-04-13,STR018,PRD00809,115,170,38,0,247,0,221247.78
INV00011835,2025-04-13,STR018,PRD00695,58,89,15,1,133,0,169769.18
INV00011836,2025-04-13,STR018,PRD00595,208,0,59,1,150,0,54678.0
INV00011837,2025-04-13,STR018,PRD00396,106,162,31,0,237,0,107763.9
INV00011838,2025-04-13,STR018,PRD00615,403,278,21,2,662,0,224643.08
INV00011839,2025-04-13,STR018,PRD00861,34,143,13,0,164,0,290903.2
INV00011840,2025-04-13,STR018,PRD00687,51,0,17,0,34,0,60831.78
INV00011841,2025-04-13,STR019,PRD00002,90,0,48,0,42,0,36577.8
INV00011842,2025-04-13,STR019,PRD00313,115,0,34,3,83,1,53065.22
INV00011843,2025-04-13,STR019,PRD00981,172,0,94,0,78,0,4230.72
INV00011844,2025-04-13,STR019,PRD00785,106,151,45,0,212,0,584023.96
INV00011845,2025-04-13,STR019,PRD00004,57,50,19,0,88,0,1297272.24
INV00011846,2025-04-13,STR019,PRD00189,73,29,36,0,65,1,361051.6
INV00011847,2025-04-13,STR019,PRD00582,77,394,38,0,433,0,166705.0
INV00011848,2025-04-13,STR019,PRD01182,39,66,16,0,89,0,379634.84
INV00011849,2025-04-13,STR019,PRD00955,232,0,41,0,191,0,78481.9
INV00011850,2025-04-13,STR019,PRD00570,194,0,60,0,134,0,35988.38
INV00011851,2025-04-13,STR019,PRD00544,308,0,165,0,143,0,11831.82
INV00011852,2025-04-13,STR019,PRD00390,96,0,49,3,50,0,39266.5
INV00011853,2025-04-13,STR019,PRD00656,128,172,37,0,263,0,37109.3
INV00011854,2025-04-13,STR019,PRD00087,50,0,20,0,30,0,471088.2
INV00011855,2025-04-13,STR019,PRD01126,123,0,44,0,79,0,130458.23
INV00011856,2025-04-13,STR019,PRD00036,20,42,9,1,54,0,308255.76
INV00011857,2025-04-13,STR019,PRD00940,352,259,56,0,555,0,21567.3
INV00011858,2025-04-13,STR019,PRD00416,167,106,27,1,247,0,170872.13
INV00011859,2025-04-13,STR019,PRD00727,236,371,65,0,541,1,239273.48
INV00011860,2025-04-13,STR019,PRD00358,90,325,39,1,377,0,175934.59
INV00011861,2025-04-13,STR020,PRD00810,267,0,53,0,214,0,55875.4
INV00011862,2025-04-13,STR020,PRD00210,35,0,17,0,18,0,99597.6
INV00011863,2025-04-13,STR020,PRD00090,22,73,6,0,89,0,494560.54
INV00011864,2025-04-13,STR020,PRD00184,99,0,49,1,51,0,132023.7
INV00011865,2025-04-13,STR020,PRD01184,32,0,8,0,24,0,76384.8
INV00011866,2025-04-13,STR020,PRD00689,435,279,129,0,585,0,194705.55
INV00011867,2025-04-13,STR020,PRD00276,52,351,7,0,396,0,115897.32
INV00011868,2025-04-13,STR020,PRD00161,35,28,11,0,52,0,364794.56
INV00011869,2025-04-13,STR020,PRD01135,102,0,26,0,75,1,94480.5
INV00011870,2025-04-13,STR020,PRD00346,74,0,31,0,43,0,27288.66
INV00011871,2025-04-13,STR020,PRD00770,72,0,37,0,33,2,35982.87
INV00011872,2025-04-13,STR020,PRD01052,171,0,12,0,159,0,51357.0
INV00011873,2025-04-13,STR020,PRD00309,108,0,63,0,45,0,28671.75
INV00011874,2025-04-13,STR020,PRD00690,108,0,16,0,92,0,220562.64
INV00011875,2025-04-13,STR020,PRD01164,140,0,50,0,90,0,99783.9
INV00011876,2025-04-13,STR020,PRD00032,59,0,26,0,33,0,488400.0
INV00011877,2025-04-13,STR020,PRD00407,146,0,50,0,96,0,51206.4
INV00011878,2025-04-13,STR020,PRD00846,121,140,70,0,191,0,210525.93
INV00011879,2025-04-13,STR020,PRD00140,23,0,12,2,13,0,63072.1
INV00011880,2025-04-13,STR020,PRD00768,211,0,113,0,98,0,20099.8
INV00011881,2025-04-13,STR021,PRD00531,329,0,190,0,139,0,25325.8
INV00011882,2025-04-13,STR021,PRD01113,32,152,19,0,165,0,332626.8
INV00011883,2025-04-13,STR021,PRD00862,169,83,67,0,185,0,211369.9
INV00011884,2025-04-13,STR021,PRD00679,75,155,9,0,221,0,412284.34
INV00011885,2025-04-13,STR021,PRD01062,99,0,12,0,87,0,47246.22
INV00011886,2025-04-13,STR021,PRD00337,161,0,34,0,127,0,92891.61
INV00011887,2025-04-13,STR021,PRD00566,365,0,106,0,259,0,109588.08
INV00011888,2025-04-13,STR021,PRD00020,55,0,22,0,33,0,64293.57
INV00011889,2025-04-13,STR021,PRD00348,73,0,34,0,39,0,27068.34
INV00011890,2025-04-13,STR021,PRD01070,80,0,22,0,58,0,149452.66
INV00011891,2025-04-13,STR021,PRD00709,364,0,193,0,171,0,26171.55
INV00011892,2025-04-13,STR021,PRD00387,57,392,10,0,439,0,109003.7
INV00011893,2025-04-13,STR021,PRD01198,79,36,21,3,97,0,429926.31
INV00011894,2025-04-13,STR021,PRD00085,11,48,5,0,54,0,965281.32
INV00011895,2025-04-13,STR021,PRD00763,131,0,32,1,100,0,285090.0
INV00011896,2025-04-13,STR021,PRD00829,113,0,29,2,86,0,132342.82
INV00011897,2025-04-13,STR021,PRD01073,96,141,34,0,203,0,495411.35
INV00011898,2025-04-13,STR021,PRD00466,48,89,13,2,126,0,79344.72
INV00011899,2025-04-13,STR021,PRD00731,93,0,26,0,67,0,105997.35
INV00011900,2025-04-13,STR021,PRD00193,28,0,7,0,19,2,79638.12
INV00011901,2025-04-13,STR022,PRD00184,33,0,19,0,14,0,36241.8
INV00011902,2025-04-13,STR022,PRD00653,351,189,112,0,428,0,191641.28
INV00011903,2025-04-13,STR022,PRD00923,36,111,14,0,133,0,300889.89
INV00011904,2025-04-13,STR022,PRD00032,55,0,33,0,21,1,310800.0
INV00011905,2025-04-13,STR022,PRD00158,39,0,13,0,26,0,67143.44
INV00011906,2025-04-13,STR022,PRD00428,124,0,13,0,111,0,27167.25
INV00011907,2025-04-13,STR022,PRD00717,437,0,254,0,181,2,47463.63
INV00011908,2025-04-13,STR022,PRD00527,80,107,33,0,154,0,114155.58
INV00011909,2025-04-13,STR022,PRD00295,77,0,14,0,62,1,35246.38
INV00011910,2025-04-13,STR022,PRD00731,115,0,66,0,49,0,77520.45
INV00011911,2025-04-13,STR022,PRD01190,27,0,13,0,14,0,52784.34
INV00011912,2025-04-13,STR022,PRD00924,328,0,113,0,215,0,41817.5
INV00011913,2025-04-13,STR022,PRD00919,86,0,44,0,42,0,93747.36
INV00011914,2025-04-13,STR022,PRD00951,504,275,11,0,768,0,270627.84
INV00011915,2025-04-13,STR022,PRD00343,205,0,25,0,180,0,23473.8
INV00011916,2025-04-13,STR022,PRD00736,69,0,12,0,57,0,70768.35
INV00011917,2025-04-13,STR022,PRD00565,97,0,10,0,86,1,5287.28
INV00011918,2025-04-13,STR022,PRD00533,93,0,54,0,39,0,25820.34
INV00011919,2025-04-13,STR022,PRD01027,115,0,55,2,62,0,13994.64
INV00011920,2025-04-13,STR022,PRD00873,306,325,58,0,573,0,281600.85
INV00011921,2025-04-13,STR023,PRD00586,339,0,110,0,229,0,100762.29
INV00011922,2025-04-13,STR023,PRD01084,56,0,9,0,47,0,197935.33
INV00011923,2025-04-13,STR023,PRD00426,156,0,20,0,135,1,56142.45
INV00011924,2025-04-13,STR023,PRD00569,74,347,14,2,409,0,58609.7
INV00011925,2025-04-13,STR023,PRD00967,263,0,67,0,196,0,5593.84
INV00011926,2025-04-13,STR023,PRD01015,57,0,15,0,42,0,22727.04
INV00011927,2025-04-13,STR023,PRD00646,133,0,36,0,97,0,6381.63
INV00011928,2025-04-13,STR023,PRD00643,34,174,7,0,201,0,43737.6
INV00011929,2025-04-13,STR023,PRD00104,10,68,6,0,72,0,1265963.76
INV00011930,2025-04-13,STR023,PRD00038,69,0,21,0,47,1,99335.91
INV00011931,2025-04-13,STR023,PRD00754,243,0,92,1,152,0,33573.76
INV00011932,2025-04-13,STR023,PRD00815,100,0,20,0,78,2,144112.02
INV00011933,2025-04-13,STR023,PRD01145,39,93,20,2,114,0,237143.94
INV00011934,2025-04-13,STR023,PRD00329,82,161,48,0,195,0,109318.95
INV00011935,2025-04-13,STR023,PRD00212,40,0,8,0,32,0,200351.04
INV00011936,2025-04-13,STR023,PRD00726,144,83,19,0,208,0,311552.8
INV00011937,2025-04-13,STR023,PRD01083,68,0,11,0,57,0,223538.04
INV00011938,2025-04-13,STR023,PRD00687,87,0,51,0,36,0,64410.12
INV00011939,2025-04-13,STR023,PRD01173,178,0,46,0,131,1,64939.32
INV00011940,2025-04-13,STR023,PRD00494,29,153,8,0,174,0,118795.02
INV00011941,2025-04-13,STR024,PRD01070,28,88,16,0,100,0,257677.0
INV00011942,2025-04-13,STR024,PRD00856,15,113,8,2,122,0,147933.54
INV00011943,2025-04-13,STR024,PRD00925,65,0,17,0,48,0,73204.32
INV00011944,2025-04-13,STR024,PRD00712,159,0,31,0,128,0,121235.2
INV00011945,2025-04-13,STR024,PRD00672,35,0,12,2,25,0,75346.0
INV00011946,2025-04-13,STR024,PRD01183,34,0,11,0,23,0,76636.0
INV00011947,2025-04-13,STR024,PRD00762,66,133,20,0,179,0,162864.94
INV00011948,2025-04-13,STR024,PRD00947,299,367,33,0,633,0,131676.66
INV00011949,2025-04-13,STR024,PRD00095,39,0,18,1,21,1,292189.8
INV00011950,2025-04-13,STR024,PRD00916,34,156,7,1,184,0,417823.52
INV00011951,2025-04-13,STR024,PRD00962,208,0,14,1,195,0,77157.6
INV00011952,2025-04-13,STR024,PRD00770,26,81,13,0,94,0,102496.66
INV00011953,2025-04-13,STR024,PRD00715,39,0,7,0,32,0,63488.0
INV00011954,2025-04-13,STR024,PRD00039,19,33,11,3,44,0,276317.8
INV00011955,2025-04-13,STR024,PRD01048,298,0,172,0,126,0,52313.94
INV00011956,2025-04-13,STR024,PRD00188,71,43,36,0,78,0,314150.46
INV00011957,2025-04-13,STR024,PRD00682,95,0,7,0,88,0,215360.64
INV00011958,2025-04-13,STR024,PRD00470,330,0,16,0,314,0,102084.54
INV00011959,2025-04-13,STR024,PRD00061,61,0,13,0,48,0,254873.28
INV00011960,2025-04-13,STR024,PRD00155,111,79,9,0,181,0,299046.39
INV00011961,2025-04-13,STR025,PRD01184,17,63,6,0,74,0,235519.8
INV00011962,2025-04-13,STR025,PRD00630,83,0,43,1,41,0,14819.45
INV00011963,2025-04-13,STR025,PRD00920,68,86,7,1,147,1,225565.62
INV00011964,2025-04-13,STR025,PRD00768,329,0,159,1,171,0,35072.1
INV00011965,2025-04-13,STR025,PRD00111,30,0,14,0,16,0,203103.68
INV00011966,2025-04-13,STR025,PRD00560,423,288,207,1,505,0,110488.95
INV00011967,2025-04-13,STR025,PRD00287,206,332,78,1,461,0,126470.74
INV00011968,2025-04-13,STR025,PRD00641,68,352,26,0,394,0,131249.28
INV00011969,2025-04-13,STR025,PRD00300,67,0,30,0,37,0,22240.7
INV00011970,2025-04-13,STR025,PRD00291,74,338,32,0,380,0,106308.8
INV00011971,2025-04-13,STR025,PRD00373,122,355,47,0,429,1,36696.66
INV00011972,2025-04-13,STR025,PRD00905,131,0,6,0,125,0,191610.0
INV00011973,2025-04-13,STR025,PRD00742,90,0,30,0,60,0,142095.6
INV00011974,2025-04-13,STR025,PRD00211,36,0,10,0,26,0,128051.3
INV00011975,2025-04-13,STR025,PRD00145,50,0,16,0,33,1,55697.73
INV00011976,2025-04-13,STR025,PRD00121,30,0,6,1,25,0,233308.25
INV00011977,2025-04-13,STR025,PRD01172,54,143,25,0,172,0,99426.32
INV00011978,2025-04-13,STR025,PRD00221,35,0,16,0,19,0,109646.91
INV00011979,2025-04-13,STR025,PRD00746,82,0,23,0,59,0,90034.59
INV00011980,2025-04-13,STR025,PRD01054,211,0,58,0,153,0,25697.88
INV00011981,2025-04-13,STR026,PRD00410,205,0,21,0,184,0,35467.84
INV00011982,2025-04-13,STR026,PRD00067,115,0,27,0,88,0,237135.36
INV00011983,2025-04-13,STR026,PRD01167,100,0,55,0,44,1,36769.04
INV00011984,2025-04-13,STR026,PRD00429,99,0,53,0,46,0,25300.46
INV00011985,2025-04-13,STR026,PRD00170,136,0,52,0,84,0,77153.16
INV00011986,2025-04-13,STR026,PRD00169,51,0,26,0,25,0,140716.75
INV00011987,2025-04-13,STR026,PRD00432,32,176,5,0,203,0,131349.12
INV00011988,2025-04-13,STR026,PRD00585,293,0,129,1,165,0,47792.25
INV00011989,2025-04-13,STR026,PRD00227,32,0,6,1,27,0,96326.55
INV00011990,2025-04-13,STR026,PRD00318,125,246,22,0,349,0,41450.73
INV00011991,2025-04-13,STR026,PRD00140,14,43,7,0,50,0,242585.0
INV00011992,2025-04-13,STR026,PRD01125,51,150,29,0,172,0,244829.96
INV00011993,2025-04-13,STR026,PRD00681,112,0,15,0,96,1,258833.28
INV00011994,2025-04-13,STR026,PRD00071,53,0,21,0,32,0,307380.16
INV00011995,2025-04-13,STR026,PRD00867,204,0,84,0,120,0,54931.2
INV00011996,2025-04-13,STR026,PRD00111,55,0,10,1,46,0,583923.08
INV00011997,2025-04-13,STR026,PRD00504,25,149,13,2,163,0,152281.12
INV00011998,2025-04-13,STR026,PRD00562,251,0,150,0,101,0,47618.47
INV00011999,2025-04-13,STR026,PRD00426,96,0,34,0,62,0,25783.94
INV00012000,2025-04-13,STR026,PRD00285,18,111,8,0,121,0,93019.96
INV00012001,2025-04-13,STR027,PRD00656,147,0,11,0,136,0,19189.6
INV00012002,2025-04-13,STR027,PRD00713,62,0,13,0,49,0,143950.24
INV00012003,2025-04-13,STR027,PRD00911,98,109,31,0,176,0,105987.2
INV00012004,2025-04-13,STR027,PRD00266,25,0,10,0,15,0,121288.35
INV00012005,2025-04-13,STR027,PRD00525,395,0,30,2,367,0,24387.15
INV00012006,2025-04-13,STR027,PRD00819,50,0,19,1,32,0,49584.0
INV00012007,2025-04-13,STR027,PRD00674,50,0,18,1,33,0,52489.47
INV00012008,2025-04-13,STR027,PRD00597,368,0,31,0,337,0,149567.34
INV00012009,2025-04-13,STR027,PRD00278,230,0,101,0,129,0,37677.03
INV00012010,2025-04-13,STR027,PRD00929,121,173,26,0,268,0,545712.32
INV00012011,2025-04-13,STR027,PRD00128,53,61,21,0,93,0,833634.33
INV00012012,2025-04-13,STR027,PRD00021,183,155,31,0,307,0,409476.6
INV00012013,2025-04-13,STR027,PRD00108,63,0,33,0,30,0,474066.6
INV00012014,2025-04-13,STR027,PRD00390,102,171,59,1,215,0,168845.95
INV00012015,2025-04-13,STR027,PRD00082,22,0,12,0,10,0,65524.4
INV00012016,2025-04-13,STR027,PRD00269,83,400,44,0,439,0,43820.98
INV00012017,2025-04-13,STR027,PRD00116,41,0,13,2,30,0,448652.7
INV00012018,2025-04-13,STR027,PRD00044,48,0,16,0,32,0,67648.96
INV00012019,2025-04-13,STR027,PRD01042,338,0,192,1,147,0,13919.43
INV00012020,2025-04-13,STR027,PRD00634,266,0,96,0,170,0,50823.2
INV00012021,2025-04-13,STR028,PRD00699,90,0,7,0,83,0,126349.24
INV00012022,2025-04-13,STR028,PRD00954,49,0,10,0,39,0,23983.44
INV00012023,2025-04-13,STR028,PRD00322,161,0,77,0,84,0,49338.24
INV00012024,2025-04-13,STR028,PRD00665,400,0,165,0,235,0,24237.9
INV00012025,2025-04-13,STR028,PRD00300,53,103,21,0,105,0,81148.5
INV00012026,2025-04-13,STR028,PRD00206,64,0,8,0,55,1,378567.75
INV00012027,2025-04-13,STR028,PRD00125,105,0,30,0,75,0,79221.75
INV00012028,2025-04-13,STR028,PRD00635,233,297,124,2,408,0,84578.4
INV00012029,2025-04-13,STR028,PRD00527,93,0,39,0,54,0,40028.58
INV00012030,2025-04-13,STR028,PRD00978,55,278,19,0,314,0,33698.48
INV00012031,2025-04-13,STR028,PRD00308,194,0,30,0,164,0,42733.48
INV00012032,2025-04-13,STR028,PRD00524,262,0,117,0,145,0,15442.5
INV00012033,2025-04-13,STR028,PRD01085,8,63,7,0,64,0,264722.56
INV00012034,2025-04-13,STR028,PRD00836,218,0,37,0,181,0,73869.72
INV00012035,2025-04-13,STR028,PRD00798,31,0,13,0,18,0,17307.9
INV00012036,2025-04-13,STR028,PRD00728,20,58,8,0,70,0,210674.1
INV00012037,2025-04-13,STR028,PRD00809,58,0,26,0,32,0,28663.68
INV00012038,2025-04-13,STR028,PRD00567,238,198,46,0,390,0,88514.4
INV00012039,2025-04-13,STR028,PRD00588,158,0,77,0,81,0,7321.59
INV00012040,2025-04-13,STR028,PRD00500,42,97,22,1,118,0,89388.54
INV00012041,2025-04-13,STR029,PRD00636,147,0,36,0,111,0,50220.84
INV00012042,2025-04-13,STR029,PRD00376,52,102,19,2,137,0,93569.63
INV00012043,2025-04-13,STR029,PRD01016,304,0,93,0,211,0,34055.4
INV00012044,2025-04-13,STR029,PRD00301,294,0,169,1,126,0,16414.02
INV00012045,2025-04-13,STR029,PRD00369,238,0,135,0,103,0,49696.47
INV00012046,2025-04-13,STR029,PRD00469,222,0,5,0,217,0,84510.65
INV00012047,2025-04-13,STR029,PRD00563,320,0,11,0,309,0,133970.04
INV00012048,2025-04-13,STR029,PRD00588,256,0,47,0,209,0,18891.51
INV00012049,2025-04-13,STR029,PRD00103,138,0,68,0,70,0,205901.5
INV00012050,2025-04-13,STR029,PRD00696,57,137,10,0,184,0,198723.68
INV00012051,2025-04-13,STR029,PRD00074,34,0,11,0,22,1,259812.08
INV00012052,2025-04-13,STR029,PRD01186,27,154,14,0,167,0,250867.4
INV00012053,2025-04-13,STR029,PRD00714,100,0,38,0,62,0,83576.62
INV00012054,2025-04-13,STR029,PRD01062,20,87,6,0,101,0,54849.06
INV00012055,2025-04-13,STR029,PRD00927,134,0,23,0,111,0,64888.38
INV00012056,2025-04-13,STR029,PRD01088,46,131,7,0,170,0,338733.5
INV00012057,2025-04-13,STR029,PRD00394,461,325,176,0,610,0,133291.1
INV00012058,2025-04-13,STR029,PRD00435,94,0,19,0,73,2,42644.41
INV00012059,2025-04-13,STR029,PRD00117,43,0,25,0,18,0,72954.36
INV00012060,2025-04-13,STR029,PRD00550,202,349,120,0,431,0,157280.52
INV00012061,2025-04-13,STR030,PRD00671,86,166,18,1,235,0,48882.35
INV00012062,2025-04-13,STR030,PRD00806,159,381,40,1,501,0,93501.63
INV00012063,2025-04-13,STR030,PRD00398,348,0,206,0,142,0,24615.7
INV00012064,2025-04-13,STR030,PRD00987,152,0,53,0,99,0,20032.65
INV00012065,2025-04-13,STR030,PRD01019,148,0,53,0,95,0,46526.25
INV00012066,2025-04-13,STR030,PRD01196,86,0,38,0,48,0,28650.72
INV00012067,2025-04-13,STR030,PRD00079,49,0,27,0,22,0,296686.94
INV00012068,2025-04-13,STR030,PRD00486,312,265,42,0,534,1,65975.7
INV00012069,2025-04-13,STR030,PRD00209,117,161,30,0,248,0,674044.16
INV00012070,2025-04-13,STR030,PRD00602,45,339,21,0,363,0,75242.64
INV00012071,2025-04-13,STR030,PRD00345,333,0,83,0,250,0,98470.0
INV00012072,2025-04-13,STR030,PRD00235,34,0,19,0,15,0,100254.3
INV00012073,2025-04-13,STR030,PRD00375,169,228,71,0,325,1,118644.5
INV00012074,2025-04-13,STR030,PRD00517,144,0,85,1,60,0,12181.8
INV00012075,2025-04-13,STR030,PRD00220,35,0,15,0,20,0,91228.8
INV00012076,2025-04-13,STR030,PRD00807,86,173,21,0,238,0,102225.76
INV00012077,2025-04-13,STR030,PRD00868,132,116,42,0,206,0,187915.26
INV00012078,2025-04-13,STR030,PRD00775,45,0,10,0,35,0,69179.25
INV00012079,2025-04-13,STR030,PRD00746,86,0,18,0,68,0,103768.68
INV00012080,2025-04-13,STR030,PRD00703,95,0,17,0,78,0,54642.9
INV00012081,2025-04-13,STR031,PRD00662,89,154,33,0,210,0,29601.6
INV00012082,2025-04-13,STR031,PRD00076,74,55,20,0,109,0,1169087.13
INV00012083,2025-04-13,STR031,PRD00283,407,0,70,2,339,0,146268.33
INV00012084,2025-04-13,STR031,PRD00822,77,0,10,0,67,0,160793.3
INV00012085,2025-04-13,STR031,PRD00415,436,270,203,1,504,0,144239.76
INV00012086,2025-04-13,STR031,PRD00689,388,0,134,0,253,1,84205.99
INV00012087,2025-04-13,STR031,PRD01127,232,0,100,0,132,0,42159.48
INV00012088,2025-04-13,STR031,PRD00800,171,0,27,0,144,0,46740.96
INV00012089,2025-04-13,STR031,PRD00402,42,0,13,0,29,0,23723.74
INV00012090,2025-04-13,STR031,PRD00776,83,0,11,0,72,0,49302.72
INV00012091,2025-04-13,STR031,PRD00023,43,0,18,0,25,0,110708.0
INV00012092,2025-04-13,STR031,PRD00821,130,0,58,0,72,0,113933.52
INV00012093,2025-04-13,STR031,PRD00956,139,0,75,0,64,0,36608.0
INV00012094,2025-04-13,STR031,PRD00652,82,0,46,0,36,0,4932.0
INV00012095,2025-04-13,STR031,PRD00434,47,170,14,0,203,0,109374.37
INV00012096,2025-04-13,STR031,PRD00446,151,94,26,0,219,0,193028.79
INV00012097,2025-04-13,STR031,PRD00257,68,0,40,0,28,0,60081.56
INV00012098,2025-04-13,STR031,PRD00839,73,0,41,0,32,0,58079.04
INV00012099,2025-04-13,STR031,PRD00422,158,0,52,0,106,0,17694.58
INV00012100,2025-04-13,STR031,PRD01063,266,201,63,0,404,0,197309.56
INV00012101,2025-04-13,STR032,PRD00591,77,369,15,0,431,0,156767.63
INV00012102,2025-04-13,STR032,PRD01174,91,0,33,1,59,0,157233.23
INV00012103,2025-04-13,STR032,PRD00729,42,156,20,0,178,0,455274.16
INV00012104,2025-04-13,STR032,PRD00681,95,0,36,0,59,0,159074.62
INV00012105,2025-04-13,STR032,PRD00502,21,179,6,0,194,0,121971.68
INV00012106,2025-04-13,STR032,PRD00549,128,0,53,0,75,0,28680.0
INV00012107,2025-04-13,STR032,PRD00230,20,0,12,0,7,1,54851.16
INV00012108,2025-04-13,STR032,PRD00290,132,356,35,0,453,0,216678.96
INV00012109,2025-04-13,STR032,PRD00103,97,0,18,1,80,0,235316.0
INV00012110,2025-04-13,STR032,PRD00303,126,0,42,0,83,1,30069.24
INV00012111,2025-04-13,STR032,PRD00495,316,0,20,0,295,1,48459.65
INV00012112,2025-04-13,STR032,PRD00382,161,266,40,0,385,2,112770.35
INV00012113,2025-04-13,STR032,PRD00733,90,151,6,0,235,0,513937.95
INV00012114,2025-04-13,STR032,PRD01154,83,0,48,0,33,2,20178.18
INV00012115,2025-04-13,STR032,PRD00237,45,73,19,0,99,0,639848.88
INV00012116,2025-04-13,STR032,PRD01037,316,0,85,0,231,0,53635.89
INV00012117,2025-04-13,STR032,PRD00886,39,0,16,1,24,0,22672.8
INV00012118,2025-04-13,STR032,PRD00365,233,0,89,0,143,1,64162.67
INV00012119,2025-04-13,STR032,PRD00922,163,0,24,0,139,0,87314.24
INV00012120,2025-04-13,STR032,PRD01120,14,0,7,2,9,0,39599.64
INV00012121,2025-04-13,STR033,PRD00968,107,277,40,0,344,0,54613.44
INV00012122,2025-04-13,STR033,PRD01096,73,0,34,0,39,0,66856.14
INV00012123,2025-04-13,STR033,PRD00100,32,0,8,0,24,0,234596.64
INV00012124,2025-04-13,STR033,PRD00846,200,0,114,1,87,0,95894.01
INV00012125,2025-04-13,STR033,PRD00712,172,0,27,0,145,0,137336.75
INV00012126,2025-04-13,STR033,PRD00930,78,0,31,0,47,0,111170.98
INV00012127,2025-04-13,STR033,PRD01146,134,0,61,0,73,0,108680.21
INV00012128,2025-04-13,STR033,PRD01023,230,0,114,0,116,0,15460.48
INV00012129,2025-04-13,STR033,PRD01020,246,0,93,0,153,0,55381.41
INV00012130,2025-04-13,STR033,PRD00351,73,0,26,1,48,0,24155.52
INV00012131,2025-04-13,STR033,PRD00527,88,107,22,0,173,0,128239.71
INV00012132,2025-04-13,STR033,PRD01151,49,0,19,0,30,0,101230.8
INV00012133,2025-04-13,STR033,PRD01051,181,365,8,0,538,0,190554.22
INV00012134,2025-04-13,STR033,PRD01002,220,0,60,0,130,0,8910.4
INV00012135,2025-04-13,STR033,PRD00962,142,197,78,0,261,0,103272.48
INV00012136,2025-04-13,STR033,PRD00120,28,0,6,0,22,0,358714.84
INV00012137,2025-04-13,STR033,PRD00372,94,0,11,3,86,0,23734.28
INV00012138,2025-04-13,STR033,PRD00200,99,0,23,0,76,0,103620.68
INV00012139,2025-04-13,STR033,PRD00787,127,0,16,0,110,1,20805.4
INV00012140,2025-04-13,STR033,PRD00376,61,0,21,0,40,0,27319.6
INV00012141,2025-04-13,STR034,PRD00038,43,0,16,0,27,0,57065.31
INV00012142,2025-04-13,STR034,PRD00763,92,0,14,0,78,0,222370.2
INV00012143,2025-04-13,STR034,PRD01176,31,0,6,1,26,0,91502.58
INV00012144,2025-04-13,STR034,PRD01074,39,0,6,0,33,0,107881.95
INV00012145,2025-04-13,STR034,PRD00927,67,0,10,0,57,0,33321.06
INV00012146,2025-04-13,STR034,PRD00133,24,0,13,0,10,1,66807.8
INV00012147,2025-04-13,STR034,PRD01073,83,0,20,0,63,0,153748.35
INV00012148,2025-04-13,STR034,PRD00421,126,351,15,0,462,0,224763.0
INV00012149,2025-04-13,STR034,PRD00520,363,0,71,0,292,0,118511.12
INV00012150,2025-04-13,STR034,PRD00035,10,49,8,0,51,0,249353.28
INV00012151,2025-04-13,STR034,PRD00591,170,0,65,0,105,0,38191.65
INV00012152,2025-04-13,STR034,PRD00670,28,79,6,0,101,0,193406.92
INV00012153,2025-04-13,STR034,PRD00606,453,0,182,1,272,0,83931.04
INV00012154,2025-04-13,STR034,PRD00206,19,0,5,0,14,0,96362.7
INV00012155,2025-04-13,STR034,PRD00609,447,0,34,0,413,0,83438.39
INV00012156,2025-04-13,STR034,PRD00359,72,0,21,0,51,0,32825.64
INV00012157,2025-04-13,STR034,PRD00064,118,137,15,0,240,0,439368.0
INV00012158,2025-04-13,STR034,PRD00157,71,45,27,2,90,1,391967.1
INV00012159,2025-04-13,STR034,PRD00933,74,90,25,0,139,0,303061.7
INV00012160,2025-04-13,STR034,PRD00404,138,114,40,2,214,0,129337.32
INV00012161,2025-04-13,STR035,PRD00905,84,0,5,0,79,0,121097.52
INV00012162,2025-04-13,STR035,PRD00503,132,100,46,0,186,0,97796.94
INV00012163,2025-04-13,STR035,PRD00795,85,0,37,1,49,0,33712.98
INV00012164,2025-04-13,STR035,PRD00784,139,0,72,0,67,0,87236.68
INV00012165,2025-04-13,STR035,PRD01067,121,0,6,2,117,0,66086.28
INV00012166,2025-04-13,STR035,PRD00181,38,0,11,0,27,0,87462.72
INV00012167,2025-04-13,STR035,PRD00719,36,99,5,0,129,1,355938.09
INV00012168,2025-04-13,STR035,PRD00296,259,0,24,1,236,0,28704.68
INV00012169,2025-04-13,STR035,PRD00182,104,124,38,0,190,0,217464.5
INV00012170,2025-04-13,STR035,PRD00453,38,178,14,0,201,1,190220.37
INV00012171,2025-04-13,STR035,PRD00261,82,39,9,0,112,0,573273.12
INV00012172,2025-04-13,STR035,PRD00901,163,0,79,1,85,0,176083.45
INV00012173,2025-04-13,STR035,PRD00634,274,0,119,0,155,0,46338.8
INV00012174,2025-04-13,STR035,PRD00769,26,161,15,0,172,0,213653.24
INV00012175,2025-04-13,STR035,PRD00744,97,0,38,2,61,0,175643.4
INV00012176,2025-04-13,STR035,PRD00590,186,0,47,0,139,0,33802.02
INV00012177,2025-04-13,STR035,PRD00814,166,0,40,0,126,0,238060.62
INV00012178,2025-04-13,STR035,PRD00887,98,0,14,0,84,0,98253.96
INV00012179,2025-04-13,STR035,PRD00616,96,0,12,0,84,0,26386.92
INV00012180,2025-04-13,STR035,PRD00614,54,231,24,2,263,0,9015.64
INV00012181,2025-04-13,STR036,PRD00944,209,0,93,0,116,0,14827.12
INV00012182,2025-04-13,STR036,PRD00515,214,318,124,0,408,0,193069.68
INV00012183,2025-04-13,STR036,PRD00071,71,0,23,0,48,0,461070.24
INV00012184,2025-04-13,STR036,PRD01199,28,0,9,0,19,0,64536.35
INV00012185,2025-04-13,STR036,PRD00740,34,99,18,0,115,0,326865.65
INV00012186,2025-04-13,STR036,PRD01135,41,162,14,0,189,0,238090.86
INV00012187,2025-04-13,STR036,PRD00116,62,0,27,0,35,0,523428.15
INV00012188,2025-04-13,STR036,PRD00981,314,0,60,0,254,0,13776.96
INV00012189,2025-04-13,STR036,PRD01163,55,0,19,0,36,0,133778.16
INV00012190,2025-04-13,STR036,PRD00504,40,149,10,0,179,0,167228.96
INV00012191,2025-04-13,STR036,PRD00235,49,0,19,0,30,0,200508.6
INV00012192,2025-04-13,STR036,PRD00270,199,0,101,0,98,0,75367.88
INV00012193,2025-04-13,STR036,PRD01043,311,0,62,0,249,0,20034.54
INV00012194,2025-04-13,STR036,PRD00782,90,0,21,0,69,0,135068.88
INV00012195,2025-04-13,STR036,PRD00804,105,0,52,1,54,0,30498.12
INV00012196,2025-04-13,STR036,PRD00485,57,0,19,0,38,0,22539.7
INV00012197,2025-04-13,STR036,PRD00307,429,0,34,0,395,0,190713.9
INV00012198,2025-04-13,STR036,PRD00048,44,29,16,0,57,0,1042934.7
INV00012199,2025-04-13,STR036,PRD00539,165,0,9,0,156,0,7445.88
INV00012200,2025-04-13,STR036,PRD00316,139,0,9,0,130,0,76637.6
INV00012201,2025-04-13,STR037,PRD00496,134,0,33,0,99,2,89341.56
INV00012202,2025-04-13,STR037,PRD00417,51,95,11,0,135,0,89330.85
INV00012203,2025-04-13,STR037,PRD00245,22,36,13,0,45,0,199318.95
INV00012204,2025-04-13,STR037,PRD00813,141,82,14,0,209,0,419966.69
INV00012205,2025-04-13,STR037,PRD00092,33,0,15,1,18,1,84198.24
INV00012206,2025-04-13,STR037,PRD00984,118,0,55,0,62,1,1241.24
INV00012207,2025-04-13,STR037,PRD00621,495,0,61,0,434,0,102176.62
INV00012208,2025-04-13,STR037,PRD01154,99,0,20,0,78,1,47693.88
INV00012209,2025-04-13,STR037,PRD00372,206,0,116,0,90,0,24838.2
INV00012210,2025-04-13,STR037,PRD01083,56,71,19,0,108,0,423545.76
INV00012211,2025-04-13,STR037,PRD01057,140,235,50,0,325,0,10822.5
INV00012212,2025-04-13,STR037,PRD00242,45,92,26,0,111,0,283900.26
INV00012213,2025-04-13,STR037,PRD00871,27,94,12,0,109,0,93665.88
INV00012214,2025-04-13,STR037,PRD00374,108,0,40,0,68,0,50206.44
INV00012215,2025-04-13,STR037,PRD00053,89,0,38,0,51,0,117785.01
INV00012216,2025-04-13,STR037,PRD01044,47,0,17,3,32,1,17423.36
INV00012217,2025-04-13,STR037,PRD00377,39,0,17,0,22,0,18099.84
INV00012218,2025-04-13,STR037,PRD00626,84,0,7,0,77,0,5846.61
INV00012219,2025-04-13,STR037,PRD00442,141,0,22,0,119,0,14244.3
INV00012220,2025-04-13,STR037,PRD00082,26,0,14,0,12,0,78629.28
INV00012221,2025-04-13,STR038,PRD00790,117,155,38,1,235,0,212139.2
INV00012222,2025-04-13,STR038,PRD00456,236,0,16,0,220,0,37397.8
INV00012223,2025-04-13,STR038,PRD00041,52,0,8,0,44,0,657943.88
INV00012224,2025-04-13,STR038,PRD00032,70,52,32,0,90,0,1332000.0
INV00012225,2025-04-13,STR038,PRD01073,55,0,18,0,136,1,87856.2
INV00012226,2025-04-13,STR038,PRD00828,73,395,34,0,434,0,192262.0
INV00012227,2025-04-13,STR038,PRD00350,94,0,10,0,84,0,61792.08
INV00012228,2025-04-13,STR038,PRD00005,28,0,10,0,18,0,331899.48
INV00012229,2025-04-13,STR038,PRD00699,76,0,28,0,48,0,73069.44
INV00012230,2025-04-13,STR038,PRD01165,26,0,7,0,19,0,57545.11
INV00012231,2025-04-13,STR038,PRD00645,333,0,177,2,158,0,52206.36
INV00012232,2025-04-13,STR038,PRD01164,80,0,8,0,72,0,79827.12
INV00012233,2025-04-13,STR038,PRD00375,252,0,100,0,152,0,55489.12
INV00012234,2025-04-13,STR038,PRD00639,64,0,14,0,50,0,5120.5
INV00012235,2025-04-13,STR038,PRD01159,29,88,17,0,100,0,149926.0
INV00012236,2025-04-13,STR038,PRD00868,124,0,68,0,56,0,51083.76
INV00012237,2025-04-13,STR038,PRD00423,100,220,60,0,259,1,55400.1
INV00012238,2025-04-13,STR038,PRD01158,85,0,28,1,58,0,242282.24
INV00012239,2025-04-13,STR038,PRD01059,77,0,38,0,39,0,14366.04
INV00012240,2025-04-13,STR038,PRD00207,71,0,30,0,41,0,276427.74
INV00012241,2025-04-13,STR039,PRD00704,32,114,18,0,128,0,90513.92
INV00012242,2025-04-13,STR039,PRD00976,91,0,16,0,75,0,43695.75
INV00012243,2025-04-13,STR039,PRD00233,17,0,9,0,8,0,56838.72
INV00012244,2025-04-13,STR039,PRD00580,186,0,71,0,115,0,24299.5
INV00012245,2025-04-13,STR039,PRD00731,73,0,40,0,33,0,52207.65
INV00012246,2025-04-13,STR039,PRD00994,96,0,19,0,77,0,48755.63
INV00012247,2025-04-13,STR039,PRD01194,72,0,19,1,54,0,209799.72
INV00012248,2025-04-13,STR039,PRD01147,33,0,5,0,28,0,108171.84
INV00012249,2025-04-13,STR039,PRD00267,45,0,27,1,19,0,152030.21
INV00012250,2025-04-13,STR039,PRD00754,85,189,47,0,226,1,49918.88
INV00012251,2025-04-13,STR039,PRD00376,93,0,9,0,84,0,57371.16
INV00012252,2025-04-13,STR039,PRD00104,20,0,9,0,11,0,193411.13
INV00012253,2025-04-13,STR039,PRD00512,163,0,88,0,75,0,8685.0
INV00012254,2025-04-13,STR039,PRD00495,392,0,44,0,348,0,57165.96
INV00012255,2025-04-13,STR039,PRD00042,15,55,6,1,65,0,776078.55
INV00012256,2025-04-13,STR039,PRD01135,183,162,17,0,328,0,413194.72
INV00012257,2025-04-13,STR039,PRD01128,40,78,8,0,110,0,158474.8
INV00012258,2025-04-13,STR039,PRD01119,23,0,6,0,17,0,74432.8
INV00012259,2025-04-13,STR039,PRD00768,131,0,60,0,71,0,14562.1
INV00012260,2025-04-13,STR039,PRD00567,289,198,63,0,424,0,96231.04
INV00012261,2025-04-13,STR040,PRD00779,28,141,11,0,158,0,157729.82
INV00012262,2025-04-13,STR040,PRD00459,126,0,11,0,115,0,84526.15
INV00012263,2025-04-13,STR040,PRD00835,36,145,18,0,163,0,164336.6
INV00012264,2025-04-13,STR040,PRD00364,132,333,49,0,416,0,81407.04
INV00012265,2025-04-13,STR040,PRD00305,76,0,19,0,57,0,35072.1
INV00012266,2025-04-13,STR040,PRD00256,87,0,24,0,63,0,510744.15
INV00012267,2025-04-13,STR040,PRD00557,201,0,43,0,158,0,21239.94
INV00012268,2025-04-13,STR040,PRD00381,71,0,18,0,53,0,28157.84
INV00012269,2025-04-13,STR040,PRD00946,62,0,28,1,34,1,17869.72
INV00012270,2025-04-13,STR040,PRD00577,94,244,37,1,302,0,57162.56
INV00012271,2025-04-13,STR040,PRD01155,50,0,23,1,28,0,102505.48
INV00012272,2025-04-13,STR040,PRD00556,311,0,57,0,254,0,119628.92
INV00012273,2025-04-13,STR040,PRD00982,104,280,32,0,352,0,20535.68
INV00012274,2025-04-13,STR040,PRD00811,80,187,35,0,231,1,32559.45
INV00012275,2025-04-13,STR040,PRD00854,72,0,24,0,48,0,70460.64
INV00012276,2025-04-13,STR040,PRD01095,29,109,11,0,127,0,332863.19
INV00012277,2025-04-13,STR040,PRD00148,24,59,10,0,73,0,342682.44
INV00012278,2025-04-13,STR040,PRD00272,263,0,91,0,172,0,59291.84
INV00012279,2025-04-13,STR040,PRD00949,73,0,31,0,42,0,23807.7
INV00012280,2025-04-13,STR040,PRD00784,148,0,76,0,72,0,93746.88
INV00012281,2025-04-13,STR041,PRD00073,27,64,12,0,79,0,1352748.6
INV00012282,2025-04-13,STR041,PRD01156,117,0,68,0,49,0,111120.73
INV00012283,2025-04-13,STR041,PRD00128,61,61,35,0,87,0,779851.47
INV00012284,2025-04-13,STR041,PRD00737,143,0,67,0,76,0,57256.12
INV00012285,2025-04-13,STR041,PRD00265,37,0,8,0,27,2,78841.62
INV00012286,2025-04-13,STR041,PRD00215,15,0,5,0,10,0,65251.5
INV00012287,2025-04-13,STR041,PRD00476,79,0,14,0,65,0,35306.7
INV00012288,2025-04-13,STR041,PRD00493,185,0,98,1,88,0,39292.0
INV00012289,2025-04-13,STR041,PRD00568,202,274,17,2,461,0,132910.91
INV00012290,2025-04-13,STR041,PRD00061,69,0,10,0,59,0,313281.74
INV00012291,2025-04-13,STR041,PRD00572,42,385,8,0,419,0,196443.96
INV00012292,2025-04-13,STR041,PRD00311,123,154,29,2,250,0,144585.0
INV00012293,2025-04-13,STR041,PRD00577,205,0,39,0,166,0,31420.48
INV00012294,2025-04-13,STR041,PRD00583,37,180,5,0,212,0,92769.08
INV00012295,2025-04-13,STR041,PRD00600,278,0,86,0,192,0,90078.72
INV00012296,2025-04-13,STR041,PRD00129,88,0,46,0,42,0,641052.3
INV00012297,2025-04-13,STR041,PRD01077,18,59,8,0,69,0,241043.91
INV00012298,2025-04-13,STR041,PRD00119,25,0,9,0,16,0,256553.12
INV00012299,2025-04-13,STR041,PRD01105,98,0,58,0,40,0,60340.8
INV00012300,2025-04-13,STR041,PRD00957,144,0,6,0,138,0,13047.9
INV00012301,2025-04-20,STR001,PRD00140,69,0,21,0,48,0,232881.6
INV00012302,2025-04-20,STR001,PRD00588,111,0,64,1,48,0,4338.72
INV00012303,2025-04-20,STR001,PRD00348,35,0,19,1,17,0,11799.02
INV00012304,2025-04-20,STR001,PRD01180,30,72,12,0,90,0,381942.9
INV00012305,2025-04-20,STR001,PRD00760,66,0,18,1,49,0,155467.69
INV00012306,2025-04-20,STR001,PRD00329,87,0,37,0,50,0,28030.5
INV00012307,2025-04-20,STR001,PRD00830,49,101,25,0,125,0,136222.5
INV00012308,2025-04-20,STR001,PRD00616,121,0,44,0,77,0,24188.01
INV00012309,2025-04-20,STR001,PRD00481,80,0,35,0,45,0,14254.2
INV00012310,2025-04-20,STR001,PRD00707,52,77,23,1,107,0,174059.04
INV00012311,2025-04-20,STR001,PRD00029,42,0,25,0,16,1,258518.88
INV00012312,2025-04-20,STR001,PRD00178,19,63,10,0,72,0,500380.56
INV00012313,2025-04-20,STR001,PRD00401,28,174,13,0,189,0,118767.6
INV00012314,2025-04-20,STR001,PRD00664,334,216,61,0,488,1,53294.48
INV00012315,2025-04-20,STR001,PRD00645,252,160,54,0,358,0,118290.36
INV00012316,2025-04-20,STR001,PRD00723,24,78,8,0,94,0,103208.24
INV00012317,2025-04-20,STR001,PRD00649,233,0,32,0,201,0,48030.96
INV00012318,2025-04-20,STR001,PRD00627,182,389,71,1,501,0,202258.71
INV00012319,2025-04-20,STR001,PRD00425,115,0,6,0,109,0,76028.59
INV00012320,2025-04-20,STR001,PRD00116,29,0,5,0,24,0,358922.16
INV00012321,2025-04-20,STR002,PRD00474,260,0,69,1,192,0,17159.04
INV00012322,2025-04-20,STR002,PRD00129,68,0,14,0,54,0,824210.1
INV00012323,2025-04-20,STR002,PRD00765,84,0,5,0,79,0,72754.26
INV00012324,2025-04-20,STR002,PRD00156,15,106,7,0,114,0,140442.3
INV00012325,2025-04-20,STR002,PRD00290,81,0,8,0,73,0,34917.36
INV00012326,2025-04-20,STR002,PRD01002,153,0,39,0,114,0,6348.66
INV00012327,2025-04-20,STR002,PRD01053,165,238,64,3,442,0,106970.76
INV00012328,2025-04-20,STR002,PRD00051,9,55,8,0,56,0,773482.08
INV00012329,2025-04-20,STR002,PRD00024,29,54,16,1,68,0,1054016.32
INV00012330,2025-04-20,STR002,PRD00943,69,0,40,0,28,1,14908.32
INV00012331,2025-04-20,STR002,PRD00314,51,370,22,0,399,0,148591.59
INV00012332,2025-04-20,STR002,PRD00871,51,0,13,0,38,0,32654.16
INV00012333,2025-04-20,STR002,PRD01101,76,0,11,0,65,0,173431.05
INV00012334,2025-04-20,STR002,PRD00882,36,0,9,0,27,0,59074.11
INV00012335,2025-04-20,STR002,PRD00419,163,0,40,0,123,0,93962.16
INV00012336,2025-04-20,STR002,PRD01011,253,379,76,2,558,0,83527.02
INV00012337,2025-04-20,STR002,PRD00961,311,0,51,0,310,0,41217.8
INV00012338,2025-04-20,STR002,PRD00908,105,0,28,1,78,0,104524.68
INV00012339,2025-04-20,STR002,PRD00744,137,125,43,3,322,0,639226.8
INV00012340,2025-04-20,STR002,PRD00653,190,0,70,2,122,0,54626.72
INV00012341,2025-04-20,STR003,PRD00338,75,0,25,0,50,0,34411.5
INV00012342,2025-04-20,STR003,PRD00950,322,0,38,0,284,0,36156.04
INV00012343,2025-04-20,STR003,PRD00611,129,0,19,0,110,0,4159.1
INV00012344,2025-04-20,STR003,PRD01182,51,66,15,0,102,0,435087.12
INV00012345,2025-04-20,STR003,PRD01110,117,0,44,0,73,0,42421.03
INV00012346,2025-04-20,STR003,PRD00807,186,0,98,0,87,1,37368.24
INV00012347,2025-04-20,STR003,PRD00649,200,0,18,0,182,0,43490.72
INV00012348,2025-04-20,STR003,PRD00291,173,0,87,0,86,0,24059.36
INV00012349,2025-04-20,STR003,PRD00330,83,299,39,0,343,0,57918.98
INV00012350,2025-04-20,STR003,PRD00585,342,0,44,0,298,0,86315.7
INV00012351,2025-04-20,STR003,PRD00870,79,167,26,2,222,0,359346.96
INV00012352,2025-04-20,STR003,PRD01128,102,0,30,0,72,0,103728.96
INV00012353,2025-04-20,STR003,PRD00641,253,0,82,0,171,0,56963.52
INV00012354,2025-04-20,STR003,PRD01025,117,0,40,0,77,0,2321.55
INV00012355,2025-04-20,STR003,PRD00356,69,0,31,0,38,0,27898.84
INV00012356,2025-04-20,STR003,PRD00032,31,0,7,0,24,0,355200.0
INV00012357,2025-04-20,STR003,PRD00276,148,351,88,2,413,0,120872.71
INV00012358,2025-04-20,STR003,PRD00682,104,0,29,0,74,1,181098.72
INV00012359,2025-04-20,STR003,PRD00404,32,114,13,0,133,0,80382.54
INV00012360,2025-04-20,STR003,PRD00140,45,43,9,0,79,0,383284.3
INV00012361,2025-04-20,STR004,PRD00508,385,0,211,0,174,0,19127.82
INV00012362,2025-04-20,STR004,PRD00084,27,0,11,1,17,0,140994.09
INV00012363,2025-04-20,STR004,PRD01182,68,0,33,0,35,0,149294.6
INV00012364,2025-04-20,STR004,PRD00981,461,177,139,0,499,0,27065.76
INV00012365,2025-04-20,STR004,PRD00050,61,0,31,0,30,0,482280.9
INV00012366,2025-04-20,STR004,PRD00879,81,162,22,0,221,0,356744.83
INV00012367,2025-04-20,STR004,PRD00716,51,0,13,1,39,0,39290.94
INV00012368,2025-04-20,STR004,PRD01188,124,0,64,1,61,0,102860.64
INV00012369,2025-04-20,STR004,PRD01173,103,269,48,1,325,0,161109.0
INV00012370,2025-04-20,STR004,PRD00921,89,0,11,0,78,0,143047.32
INV00012371,2025-04-20,STR004,PRD01012,139,0,24,0,115,0,66996.7
INV00012372,2025-04-20,STR004,PRD00421,446,0,252,1,195,0,94867.5
INV00012373,2025-04-20,STR004,PRD00939,45,265,17,1,294,0,71247.96
INV00012374,2025-04-20,STR004,PRD00558,459,0,17,0,442,0,107538.6
INV00012375,2025-04-20,STR004,PRD00972,97,0,18,1,80,0,50320.0
INV00012376,2025-04-20,STR004,PRD00149,31,0,16,0,15,0,30627.9
INV00012377,2025-04-20,STR004,PRD00506,98,0,10,0,88,0,50960.8
INV00012378,2025-04-20,STR004,PRD00619,383,0,27,0,356,0,49601.48
INV00012379,2025-04-20,STR004,PRD00875,192,0,7,0,185,0,27916.5
INV00012380,2025-04-20,STR004,PRD01083,33,0,5,0,28,0,109808.16
INV00012381,2025-04-20,STR005,PRD00203,56,0,19,0,37,0,157652.56
INV00012382,2025-04-20,STR005,PRD00518,53,0,20,1,34,0,26126.62
INV00012383,2025-04-20,STR005,PRD01155,71,0,7,0,64,0,234298.24
INV00012384,2025-04-20,STR005,PRD01061,57,0,15,1,43,0,23027.79
INV00012385,2025-04-20,STR005,PRD00468,258,0,29,0,229,0,33965.28
INV00012386,2025-04-20,STR005,PRD00566,97,155,43,0,209,0,88432.08
INV00012387,2025-04-20,STR005,PRD00176,89,0,31,0,58,0,167461.08
INV00012388,2025-04-20,STR005,PRD00003,44,0,8,1,37,0,19766.88
INV00012389,2025-04-20,STR005,PRD00904,33,0,8,0,25,0,46499.25
INV00012390,2025-04-20,STR005,PRD00020,17,173,10,0,180,0,350692.2
INV00012391,2025-04-20,STR005,PRD00585,144,0,39,0,105,0,30413.25
INV00012392,2025-04-20,STR005,PRD00791,108,0,39,0,69,0,41363.43
INV00012393,2025-04-20,STR005,PRD00539,117,266,29,0,354,0,16896.42
INV00012394,2025-04-20,STR005,PRD00695,34,89,12,0,111,0,141687.06
INV00012395,2025-04-20,STR005,PRD00767,40,0,16,0,24,0,37371.36
INV00012396,2025-04-20,STR005,PRD01125,184,0,10,0,174,0,247676.82
INV00012397,2025-04-20,STR005,PRD00376,106,102,36,0,172,0,117474.28
INV00012398,2025-04-20,STR005,PRD01186,100,154,8,0,246,0,369541.2
INV00012399,2025-04-20,STR005,PRD00923,40,111,12,0,139,0,314463.87
INV00012400,2025-04-20,STR005,PRD00643,53,174,9,0,218,0,47436.8
INV00012401,2025-04-20,STR006,PRD01101,48,135,23,0,160,0,426907.2
INV00012402,2025-04-20,STR006,PRD00619,402,0,25,1,378,0,52666.74
INV00012403,2025-04-20,STR006,PRD00759,68,152,5,0,215,0,568584.7
INV00012404,2025-04-20,STR006,PRD00076,33,0,9,0,24,0,257413.68
INV00012405,2025-04-20,STR006,PRD00084,16,53,6,0,63,0,522507.51
INV00012406,2025-04-20,STR006,PRD00478,40,91,11,1,119,2,96658.94
INV00012407,2025-04-20,STR006,PRD00851,96,139,12,0,223,0,429807.97
INV00012408,2025-04-20,STR006,PRD00984,158,0,43,0,115,0,2302.3
INV00012409,2025-04-20,STR006,PRD00664,254,0,142,0,110,2,12013.1
INV00012410,2025-04-20,STR006,PRD00166,161,0,35,0,125,1,308875.0
INV00012411,2025-04-20,STR006,PRD00763,143,0,21,0,122,0,347809.8
INV00012412,2025-04-20,STR006,PRD00064,45,137,23,1,160,0,292912.0
INV00012413,2025-04-20,STR006,PRD01167,43,148,6,3,188,0,157104.08
INV00012414,2025-04-20,STR006,PRD00963,144,0,14,0,130,0,8288.8
INV00012415,2025-04-20,STR006,PRD00445,149,0,60,0,87,2,29168.49
INV00012416,2025-04-20,STR006,PRD00089,17,0,7,0,10,0,184006.4
INV00012417,2025-04-20,STR006,PRD00022,6,65,6,0,65,0,1061929.05
INV00012418,2025-04-20,STR006,PRD00491,50,0,21,0,29,0,15274.59
INV00012419,2025-04-20,STR006,PRD00398,403,0,68,0,335,0,58072.25
INV00012420,2025-04-20,STR006,PRD00486,266,0,6,0,260,0,32123.0
INV00012421,2025-04-20,STR007,PRD00951,139,275,41,0,371,2,130732.98
INV00012422,2025-04-20,STR007,PRD00182,47,0,14,0,33,0,37770.15
INV00012423,2025-04-20,STR007,PRD01128,91,78,44,0,125,0,180085.0
INV00012424,2025-04-20,STR007,PRD00796,282,0,91,0,191,0,63010.9
INV00012425,2025-04-20,STR007,PRD00459,105,0,29,0,76,0,55860.76
INV00012426,2025-04-20,STR007,PRD00306,51,0,20,0,31,0,23930.14
INV00012427,2025-04-20,STR007,PRD00125,118,0,16,0,102,0,107741.58
INV00012428,2025-04-20,STR007,PRD00119,34,45,17,0,62,0,994143.34
INV00012429,2025-04-20,STR007,PRD00133,24,0,7,0,17,0,113573.26
INV00012430,2025-04-20,STR007,PRD00669,97,0,51,0,46,0,86790.96
INV00012431,2025-04-20,STR007,PRD00033,123,0,40,0,83,0,148012.24
INV00012432,2025-04-20,STR007,PRD00156,61,0,14,0,47,0,57901.65
INV00012433,2025-04-20,STR007,PRD00428,185,0,23,0,162,0,39649.5
INV00012434,2025-04-20,STR007,PRD00886,35,121,12,0,144,0,136036.8
INV00012435,2025-04-20,STR007,PRD00533,39,0,12,0,27,0,17875.62
INV00012436,2025-04-20,STR007,PRD00427,166,0,67,0,99,0,47941.74
INV00012437,2025-04-20,STR007,PRD00181,17,0,8,0,9,0,29154.24
INV00012438,2025-04-20,STR007,PRD00871,134,0,62,0,72,0,61871.04
INV00012439,2025-04-20,STR007,PRD00327,136,110,45,1,202,0,168512.44
INV00012440,2025-04-20,STR007,PRD00043,38,0,13,0,25,0,382574.25
INV00012441,2025-04-20,STR008,PRD01162,115,0,66,0,49,0,98847.21
INV00012442,2025-04-20,STR008,PRD00085,21,48,9,0,60,0,1072534.8
INV00012443,2025-04-20,STR008,PRD01137,106,0,11,0,93,2,99907.11
INV00012444,2025-04-20,STR008,PRD01089,53,0,6,0,47,0,178459.94
INV00012445,2025-04-20,STR008,PRD00584,163,359,15,0,507,0,72171.45
INV00012446,2025-04-20,STR008,PRD00622,235,0,19,0,216,0,86354.64
INV00012447,2025-04-20,STR008,PRD00445,80,347,21,1,406,1,136119.62
INV00012448,2025-04-20,STR008,PRD00039,46,0,9,1,38,0,238638.1
INV00012449,2025-04-20,STR008,PRD00940,221,0,79,0,141,1,5479.26
INV00012450,2025-04-20,STR008,PRD00990,92,317,8,0,401,0,140666.79
INV00012451,2025-04-20,STR008,PRD00894,34,96,20,1,111,0,178505.76
INV00012452,2025-04-20,STR008,PRD00163,40,72,18,0,94,0,725021.06
INV00012453,2025-04-20,STR008,PRD01032,185,384,62,0,507,0,35591.4
INV00012454,2025-04-20,STR008,PRD00316,87,0,42,2,47,0,27707.44
INV00012455,2025-04-20,STR008,PRD00443,76,251,13,0,314,0,52456.84
INV00012456,2025-04-20,STR008,PRD00870,59,0,31,1,29,0,46941.72
INV00012457,2025-04-20,STR008,PRD00800,163,0,38,0,125,0,40573.75
INV00012458,2025-04-20,STR008,PRD01168,53,92,9,0,136,0,336469.44
INV00012459,2025-04-20,STR008,PRD00009,36,0,14,0,22,0,183579.22
INV00012460,2025-04-20,STR008,PRD00597,138,0,31,0,106,1,47044.92
INV00012461,2025-04-20,STR009,PRD00080,19,70,5,1,85,0,1107329.85
INV00012462,2025-04-20,STR009,PRD00430,182,0,17,0,165,0,17935.5
INV00012463,2025-04-20,STR009,PRD00771,76,0,5,0,71,0,101965.23
INV00012464,2025-04-20,STR009,PRD00323,295,0,161,0,134,0,25212.1
INV00012465,2025-04-20,STR009,PRD00316,96,0,38,0,57,1,33602.64
INV00012466,2025-04-20,STR009,PRD00209,125,0,61,0,64,0,173946.88
INV00012467,2025-04-20,STR009,PRD00738,59,77,24,1,113,0,77635.52
INV00012468,2025-04-20,STR009,PRD00364,421,0,95,1,327,0,63990.63
INV00012469,2025-04-20,STR009,PRD00431,101,0,41,1,61,0,31793.2
INV00012470,2025-04-20,STR009,PRD00223,48,0,8,1,40,1,280591.6
INV00012471,2025-04-20,STR009,PRD01122,49,0,21,2,30,0,108944.4
INV00012472,2025-04-20,STR009,PRD01034,194,0,78,0,116,0,25255.52
INV00012473,2025-04-20,STR009,PRD00694,105,0,29,0,75,1,173925.75
INV00012474,2025-04-20,STR009,PRD00217,16,52,5,0,63,0,333801.09
INV00012475,2025-04-20,STR009,PRD00187,24,0,12,0,12,0,40373.16
INV00012476,2025-04-20,STR009,PRD01136,23,0,11,0,12,0,49500.6
INV00012477,2025-04-20,STR009,PRD01149,65,0,22,0,43,0,100395.11
INV00012478,2025-04-20,STR009,PRD00337,65,165,9,0,221,0,161646.03
INV00012479,2025-04-20,STR009,PRD00496,29,121,7,1,144,0,129951.36
INV00012480,2025-04-20,STR009,PRD00098,58,0,26,1,33,0,336798.33
INV00012481,2025-04-20,STR010,PRD00623,305,0,24,0,281,0,108932.46
INV00012482,2025-04-20,STR010,PRD00197,41,0,5,0,36,0,136045.08
INV00012483,2025-04-20,STR010,PRD01023,190,216,8,0,396,2,52778.88
INV00012484,2025-04-20,STR010,PRD00234,39,109,17,0,131,0,310999.24
INV00012485,2025-04-20,STR010,PRD00516,138,0,58,0,80,0,40204.8
INV00012486,2025-04-20,STR010,PRD00748,126,0,10,0,116,0,210584.08
INV00012487,2025-04-20,STR010,PRD00771,127,0,22,0,105,0,150793.65
INV00012488,2025-04-20,STR010,PRD00777,38,77,14,1,101,1,196119.78
INV00012489,2025-04-20,STR010,PRD00145,154,163,54,0,263,0,443894.03
INV00012490,2025-04-20,STR010,PRD00316,47,0,26,0,21,0,12379.92
INV00012491,2025-04-20,STR010,PRD00064,92,137,21,1,208,1,380785.6
INV00012492,2025-04-20,STR010,PRD01111,159,88,58,0,189,0,180593.28
INV00012493,2025-04-20,STR010,PRD00177,29,75,15,0,89,0,658428.23
INV00012494,2025-04-20,STR010,PRD00935,17,103,9,1,112,0,65643.2
INV00012495,2025-04-20,STR010,PRD00448,133,154,5,0,282,0,146233.92
INV00012496,2025-04-20,STR010,PRD00162,19,38,8,0,49,0,327615.96
INV00012497,2025-04-20,STR010,PRD01040,252,0,31,0,221,0,73100.17
INV00012498,2025-04-20,STR010,PRD00253,65,0,5,1,61,0,409741.27
INV00012499,2025-04-20,STR010,PRD00279,223,155,53,0,325,0,144924.0
INV00012500,2025-04-20,STR010,PRD00847,52,122,16,1,159,0,257122.08
INV00012501,2025-04-20,STR011,PRD00085,12,48,5,0,55,0,983156.9
INV00012502,2025-04-20,STR011,PRD00539,239,0,52,0,187,0,8925.51
INV00012503,2025-04-20,STR011,PRD00665,489,253,88,0,654,0,67453.56
INV00012504,2025-04-20,STR011,PRD01109,17,157,8,0,166,0,459557.72
INV00012505,2025-04-20,STR011,PRD01145,97,93,37,1,154,0,320352.34
INV00012506,2025-04-20,STR011,PRD00355,88,0,11,0,77,0,12612.6
INV00012507,2025-04-20,STR011,PRD00726,181,83,54,3,213,0,319042.05
INV00012508,2025-04-20,STR011,PRD00901,64,0,38,0,25,1,51789.25
INV00012509,2025-04-20,STR011,PRD00205,161,0,46,0,114,1,152201.4
INV00012510,2025-04-20,STR011,PRD00350,117,103,61,0,158,1,116227.96
INV00012511,2025-04-20,STR011,PRD00393,224,203,17,0,410,0,141113.8
INV00012512,2025-04-20,STR011,PRD00653,105,189,11,3,286,0,128059.36
INV00012513,2025-04-20,STR011,PRD00702,50,85,17,1,119,0,117648.16
INV00012514,2025-04-20,STR011,PRD00890,186,164,30,0,320,0,171497.6
INV00012515,2025-04-20,STR011,PRD00413,143,0,59,1,85,0,25526.35
INV00012516,2025-04-20,STR011,PRD00436,98,0,5,0,93,0,47216.1
INV00012517,2025-04-20,STR011,PRD00410,301,0,108,1,193,1,37202.68
INV00012518,2025-04-20,STR011,PRD00327,134,0,43,0,91,0,75914.02
INV00012519,2025-04-20,STR011,PRD00144,55,66,15,0,106,0,526191.42
INV00012520,2025-04-20,STR011,PRD00614,171,0,69,0,102,0,3496.56
INV00012521,2025-04-20,STR012,PRD00479,71,150,5,0,216,0,55211.76
INV00012522,2025-04-20,STR012,PRD00646,331,0,190,0,141,0,9276.39
INV00012523,2025-04-20,STR012,PRD00005,66,69,15,0,120,0,2212663.2
INV00012524,2025-04-20,STR012,PRD00744,49,0,16,2,35,0,100779.0
INV00012525,2025-04-20,STR012,PRD00819,21,90,12,0,99,0,153400.5
INV00012526,2025-04-20,STR012,PRD00045,80,66,19,0,127,0,1755416.86
INV00012527,2025-04-20,STR012,PRD00792,46,0,10,0,36,0,105312.24
INV00012528,2025-04-20,STR012,PRD00693,141,0,71,0,70,0,116999.4
INV00012529,2025-04-20,STR012,PRD00687,79,0,10,0,39,0,123452.73
INV00012530,2025-04-20,STR012,PRD00675,22,176,8,0,190,0,144101.7
INV00012531,2025-04-20,STR012,PRD00455,28,152,13,0,167,0,94099.49
INV00012532,2025-04-20,STR012,PRD00768,150,0,85,0,65,0,13331.5
INV00012533,2025-04-20,STR012,PRD01199,30,61,10,0,81,0,275128.65
INV00012534,2025-04-20,STR012,PRD00059,27,0,10,0,17,0,208585.92
INV00012535,2025-04-20,STR012,PRD00595,119,239,27,0,331,0,120656.12
INV00012536,2025-04-20,STR012,PRD00713,61,0,15,0,46,0,135136.96
INV00012537,2025-04-20,STR012,PRD00856,95,0,13,0,82,0,99430.74
INV00012538,2025-04-20,STR012,PRD00285,78,0,9,0,69,0,53044.44
INV00012539,2025-04-20,STR012,PRD00254,24,0,8,0,16,0,108419.36
INV00012540,2025-04-20,STR012,PRD00736,111,0,8,0,103,0,127879.65
INV00012541,2025-04-20,STR013,PRD00626,176,0,62,0,113,1,8580.09
INV00012542,2025-04-20,STR013,PRD00788,154,0,21,0,133,0,279991.6
INV00012543,2025-04-20,STR013,PRD00341,104,124,29,0,198,1,119900.88
INV00012544,2025-04-20,STR013,PRD01194,42,0,16,0,26,0,101014.68
INV00012545,2025-04-20,STR013,PRD00228,39,114,7,2,148,0,441381.88
INV00012546,2025-04-20,STR013,PRD00173,52,0,18,0,34,0,195544.88
INV00012547,2025-04-20,STR013,PRD00011,30,0,12,0,18,0,177024.42
INV00012548,2025-04-20,STR013,PRD01174,132,77,18,0,191,0,509009.27
INV00012549,2025-04-20,STR013,PRD00931,89,0,43,0,46,0,57356.48
INV00012550,2025-04-20,STR013,PRD00038,44,0,16,2,30,0,63405.9
INV00012551,2025-04-20,STR013,PRD00090,30,0,6,0,24,0,133364.64
INV00012552,2025-04-20,STR013,PRD00745,40,112,11,0,141,0,257914.38
INV00012553,2025-04-20,STR013,PRD00727,205,0,32,0,173,0,76514.44
INV00012554,2025-04-20,STR013,PRD00558,403,267,51,0,619,0,150602.7
INV00012555,2025-04-20,STR013,PRD00541,46,301,9,0,338,0,137082.66
INV00012556,2025-04-20,STR013,PRD00917,39,0,15,0,24,0,23539.92
INV00012557,2025-04-20,STR013,PRD01092,152,0,32,0,120,0,316141.2
INV00012558,2025-04-20,STR013,PRD00871,160,0,50,0,109,1,93665.88
INV00012559,2025-04-20,STR013,PRD00660,290,0,84,1,207,0,49274.28
INV00012560,2025-04-20,STR013,PRD01010,262,0,16,0,246,0,98281.92
INV00012561,2025-04-20,STR014,PRD01145,69,93,19,0,143,0,297470.03
INV00012562,2025-04-20,STR014,PRD00893,78,0,41,0,37,0,22312.85
INV00012563,2025-04-20,STR014,PRD00109,70,48,25,0,93,0,866434.5
INV00012564,2025-04-20,STR014,PRD00399,108,0,11,0,97,0,62771.61
INV00012565,2025-04-20,STR014,PRD01077,22,59,5,0,76,0,265497.64
INV00012566,2025-04-20,STR014,PRD00227,44,64,11,0,97,0,346062.05
INV00012567,2025-04-20,STR014,PRD00582,94,394,42,0,446,0,171710.0
INV00012568,2025-04-20,STR014,PRD00488,137,0,21,0,116,0,96959.76
INV00012569,2025-04-20,STR014,PRD00080,58,0,15,0,43,0,560178.63
INV00012570,2025-04-20,STR014,PRD00852,104,0,56,0,48,0,58312.32
INV00012571,2025-04-20,STR014,PRD00517,120,0,40,0,80,0,16242.4
INV00012572,2025-04-20,STR014,PRD00530,81,0,44,0,37,0,20796.59
INV00012573,2025-04-20,STR014,PRD00956,39,77,18,0,98,0,56056.0
INV00012574,2025-04-20,STR014,PRD00102,62,42,6,0,98,0,1581834.66
INV00012575,2025-04-20,STR014,PRD00715,27,90,13,1,105,0,208320.0
INV00012576,2025-04-20,STR014,PRD00493,348,0,71,0,277,0,123680.5
INV00012577,2025-04-20,STR014,PRD00682,116,0,11,0,105,0,256964.4
INV00012578,2025-04-20,STR014,PRD00240,27,62,9,1,81,0,598649.13
INV00012579,2025-04-20,STR014,PRD01182,27,0,13,0,14,0,59717.84
INV00012580,2025-04-20,STR014,PRD01010,111,0,39,1,73,0,29164.96
INV00012581,2025-04-20,STR015,PRD01003,157,0,22,0,135,0,19753.2
INV00012582,2025-04-20,STR015,PRD00566,107,155,14,0,248,0,104933.76
INV00012583,2025-04-20,STR015,PRD00039,35,0,10,1,25,1,156998.75
INV00012584,2025-04-20,STR015,PRD00318,260,0,140,1,121,0,14371.17
INV00012585,2025-04-20,STR015,PRD00246,108,0,23,0,85,0,105381.3
INV00012586,2025-04-20,STR015,PRD00453,133,0,57,0,76,0,71924.12
INV00012587,2025-04-20,STR015,PRD00791,18,76,8,0,86,0,51554.42
INV00012588,2025-04-20,STR015,PRD00624,332,318,84,0,566,0,49287.28
INV00012589,2025-04-20,STR015,PRD00206,17,27,5,0,39,0,268438.95
INV00012590,2025-04-20,STR015,PRD00353,111,178,12,0,277,0,146757.37
INV00012591,2025-04-20,STR015,PRD01123,37,109,12,0,134,0,254902.84
INV00012592,2025-04-20,STR015,PRD00918,165,158,48,0,275,0,546546.0
INV00012593,2025-04-20,STR015,PRD00159,60,0,5,0,55,0,202208.6
INV00012594,2025-04-20,STR015,PRD00692,75,132,20,0,187,0,270383.3
INV00012595,2025-04-20,STR015,PRD00554,50,255,9,1,297,0,138523.77
INV00012596,2025-04-20,STR015,PRD00459,109,152,37,0,224,0,164642.24
INV00012597,2025-04-20,STR015,PRD00080,41,0,19,0,22,0,286603.02
INV00012598,2025-04-20,STR015,PRD00543,116,0,5,0,111,0,47200.53
INV00012599,2025-04-20,STR015,PRD00617,160,0,28,0,132,0,47917.32
INV00012600,2025-04-20,STR015,PRD00634,349,266,176,0,439,0,131243.44
INV00012601,2025-04-20,STR016,PRD00804,42,148,16,0,174,0,98271.72
INV00012602,2025-04-20,STR016,PRD01035,98,332,25,1,406,0,50778.42
INV00012603,2025-04-20,STR016,PRD00019,46,0,6,0,40,0,255982.0
INV00012604,2025-04-20,STR016,PRD00565,211,0,89,0,122,0,7500.56
INV00012605,2025-04-20,STR016,PRD00855,29,0,10,0,18,1,27459.9
INV00012606,2025-04-20,STR016,PRD00459,101,0,7,3,97,0,71295.97
INV00012607,2025-04-20,STR016,PRD00274,58,398,30,1,427,0,181799.52
INV00012608,2025-04-20,STR016,PRD01173,187,269,96,0,360,0,178459.2
INV00012609,2025-04-20,STR016,PRD00672,12,26,7,0,31,0,93429.04
INV00012610,2025-04-20,STR016,PRD01057,127,235,54,0,308,0,10256.4
INV00012611,2025-04-20,STR016,PRD01075,46,0,27,0,19,0,60387.32
INV00012612,2025-04-20,STR016,PRD00038,66,0,36,0,30,0,63405.9
INV00012613,2025-04-20,STR016,PRD00032,50,52,6,0,95,1,1406000.0
INV00012614,2025-04-20,STR016,PRD00526,116,0,19,0,97,0,57447.28
INV00012615,2025-04-20,STR016,PRD00936,93,0,43,0,50,0,31026.5
INV00012616,2025-04-20,STR016,PRD00262,8,70,5,1,73,1,588631.12
INV00012617,2025-04-20,STR016,PRD00180,82,0,43,0,39,0,98544.42
INV00012618,2025-04-20,STR016,PRD00393,372,0,48,0,324,0,111514.32
INV00012619,2025-04-20,STR016,PRD00792,36,0,20,0,16,0,46805.44
INV00012620,2025-04-20,STR016,PRD00708,145,0,81,0,64,0,120521.6
INV00012621,2025-04-20,STR017,PRD00266,25,0,11,0,14,0,113202.46
INV00012622,2025-04-20,STR017,PRD00617,224,0,82,1,143,0,51910.43
INV00012623,2025-04-20,STR017,PRD00315,309,0,50,1,260,0,73174.4
INV00012624,2025-04-20,STR017,PRD00642,212,0,23,0,189,0,54851.58
INV00012625,2025-04-20,STR017,PRD00650,133,0,52,0,81,0,20194.11
INV00012626,2025-04-20,STR017,PRD00114,14,46,6,2,56,0,689136.0
INV00012627,2025-04-20,STR017,PRD01008,209,210,107,2,314,0,44588.0
INV00012628,2025-04-20,STR017,PRD01146,105,121,47,0,179,0,266489.83
INV00012629,2025-04-20,STR017,PRD00601,146,0,47,0,99,0,3051.18
INV00012630,2025-04-20,STR017,PRD00486,125,265,52,1,338,1,41759.9
INV00012631,2025-04-20,STR017,PRD01130,85,0,25,0,60,0,113378.4
INV00012632,2025-04-20,STR017,PRD00838,78,0,35,0,43,0,45014.55
INV00012633,2025-04-20,STR017,PRD01066,223,229,19,2,435,0,110050.65
INV00012634,2025-04-20,STR017,PRD01145,73,0,6,0,67,0,139374.07
INV00012635,2025-04-20,STR017,PRD01098,80,0,23,0,57,0,64003.02
INV00012636,2025-04-20,STR017,PRD00378,373,0,158,0,215,0,78591.1
INV00012637,2025-04-20,STR017,PRD01090,42,0,20,0,22,0,67420.32
INV00012638,2025-04-20,STR017,PRD00078,56,66,28,0,94,0,610187.84
INV00012639,2025-04-20,STR017,PRD01010,164,183,90,0,257,0,102676.64
INV00012640,2025-04-20,STR017,PRD00607,438,0,125,0,313,0,56762.55
INV00012641,2025-04-20,STR018,PRD00525,476,0,17,0,459,0,30500.55
INV00012642,2025-04-20,STR018,PRD00504,83,0,12,0,71,0,66331.04
INV00012643,2025-04-20,STR018,PRD01090,37,0,5,0,32,0,98065.92
INV00012644,2025-04-20,STR018,PRD00656,197,0,74,0,122,1,17214.2
INV00012645,2025-04-20,STR018,PRD00730,81,0,24,0,57,0,147113.01
INV00012646,2025-04-20,STR018,PRD01082,47,137,21,2,165,0,131547.9
INV00012647,2025-04-20,STR018,PRD00235,64,29,7,0,86,0,574791.32
INV00012648,2025-04-20,STR018,PRD00659,137,0,81,0,56,0,12255.04
INV00012649,2025-04-20,STR018,PRD00042,50,0,11,2,40,1,477586.8
INV00012650,2025-04-20,STR018,PRD01103,93,0,23,0,70,0,167490.4
INV00012651,2025-04-20,STR018,PRD00854,79,0,12,1,68,0,99819.24
INV00012652,2025-04-20,STR018,PRD00603,363,0,147,0,216,0,28287.36
INV00012653,2025-04-20,STR018,PRD00205,156,144,86,3,217,0,289716.7
INV00012654,2025-04-20,STR018,PRD00437,248,0,141,0,107,0,29009.84
INV00012655,2025-04-20,STR018,PRD01070,25,88,9,0,104,0,267984.08
INV00012656,2025-04-20,STR018,PRD00056,13,0,8,0,5,0,42905.05
INV00012657,2025-04-20,STR018,PRD01107,90,0,49,0,41,0,30140.33
INV00012658,2025-04-20,STR018,PRD00451,30,137,6,1,162,0,81847.26
INV00012659,2025-04-20,STR018,PRD00791,66,0,30,0,36,0,21580.92
INV00012660,2025-04-20,STR018,PRD00987,201,0,60,0,141,0,28531.35
INV00012661,2025-04-20,STR019,PRD00503,57,0,19,0,38,0,19980.02
INV00012662,2025-04-20,STR019,PRD00185,60,0,8,0,52,0,78002.08
INV00012663,2025-04-20,STR019,PRD00269,166,0,37,0,129,0,12876.78
INV00012664,2025-04-20,STR019,PRD01168,63,0,30,1,34,0,84117.36
INV00012665,2025-04-20,STR019,PRD00785,66,0,35,0,31,0,85399.73
INV00012666,2025-04-20,STR019,PRD00517,162,0,89,0,73,0,14821.19
INV00012667,2025-04-20,STR019,PRD00828,63,395,33,0,425,0,188275.0
INV00012668,2025-04-20,STR019,PRD00913,82,0,41,0,41,0,88580.5
INV00012669,2025-04-20,STR019,PRD00280,306,0,76,0,230,0,71615.1
INV00012670,2025-04-20,STR019,PRD00189,51,0,14,0,37,0,205521.68
INV00012671,2025-04-20,STR019,PRD01080,179,160,87,0,252,0,194475.96
INV00012672,2025-04-20,STR019,PRD01057,515,0,234,0,281,0,9357.3
INV00012673,2025-04-20,STR019,PRD00938,242,0,83,0,159,0,52045.47
INV00012674,2025-04-20,STR019,PRD01184,30,0,14,1,17,0,54105.9
INV00012675,2025-04-20,STR019,PRD00346,34,164,20,1,178,1,112962.36
INV00012676,2025-04-20,STR019,PRD00882,51,0,11,1,41,0,89705.13
INV00012677,2025-04-20,STR019,PRD00569,242,347,137,0,452,0,64771.6
INV00012678,2025-04-20,STR019,PRD00411,68,0,17,0,50,1,31592.5
INV00012679,2025-04-20,STR019,PRD00163,13,72,6,1,80,0,617039.2
INV00012680,2025-04-20,STR019,PRD00245,37,36,8,0,65,0,287905.15
INV00012681,2025-04-20,STR020,PRD01102,160,0,64,0,96,0,33922.56
INV00012682,2025-04-20,STR020,PRD00601,86,176,10,0,252,0,7766.64
INV00012683,2025-04-20,STR020,PRD00835,196,0,28,0,168,0,169377.6
INV00012684,2025-04-20,STR020,PRD00946,78,115,24,0,169,0,88823.02
INV00012685,2025-04-20,STR020,PRD00861,76,143,6,0,212,1,376045.6
INV00012686,2025-04-20,STR020,PRD00091,60,0,6,0,54,0,837247.32
INV00012687,2025-04-20,STR020,PRD00803,92,0,54,0,38,0,46540.12
INV00012688,2025-04-20,STR020,PRD00582,264,394,128,0,530,0,204050.0
INV00012689,2025-04-20,STR020,PRD00169,51,0,29,1,23,0,129459.41
INV00012690,2025-04-20,STR020,PRD00780,88,177,17,0,248,0,220437.28
INV00012691,2025-04-20,STR020,PRD01173,328,0,105,1,224,0,111041.28
INV00012692,2025-04-20,STR020,PRD00594,435,0,63,0,372,0,30254.76
INV00012693,2025-04-20,STR020,PRD00546,448,0,191,0,257,0,121792.3
INV00012694,2025-04-20,STR020,PRD00958,186,0,12,0,174,0,33361.02
INV00012695,2025-04-20,STR020,PRD00375,89,228,30,0,287,0,104772.22
INV00012696,2025-04-20,STR020,PRD00989,32,134,7,0,159,0,94145.49
INV00012697,2025-04-20,STR020,PRD00347,170,0,101,0,69,0,46178.94
INV00012698,2025-04-20,STR020,PRD01134,85,0,20,0,65,0,190405.8
INV00012699,2025-04-20,STR020,PRD00196,34,98,16,0,116,0,260638.08
INV00012700,2025-04-20,STR020,PRD00118,72,0,11,0,61,0,643182.17
INV00012701,2025-04-20,STR021,PRD00045,47,0,5,0,42,0,580531.56
INV00012702,2025-04-20,STR021,PRD01057,172,0,10,0,162,0,5394.6
INV00012703,2025-04-20,STR021,PRD00731,65,122,29,0,158,0,249963.9
INV00012704,2025-04-20,STR021,PRD00078,24,66,7,0,83,0,538782.88
INV00012705,2025-04-20,STR021,PRD00061,45,47,22,2,72,0,382309.92
INV00012706,2025-04-20,STR021,PRD00652,153,0,82,0,71,0,9727.0
INV00012707,2025-04-20,STR021,PRD00369,406,257,5,2,660,0,318443.4
INV00012708,2025-04-20,STR021,PRD00593,50,270,17,0,303,0,116909.52
INV00012709,2025-04-20,STR021,PRD00306,108,0,57,0,51,0,39368.94
INV00012710,2025-04-20,STR021,PRD00351,21,107,8,0,120,0,60388.8
INV00012711,2025-04-20,STR021,PRD00159,30,0,11,0,19,0,69853.88
INV00012712,2025-04-20,STR021,PRD00679,121,0,55,0,66,0,123125.64
INV00012713,2025-04-20,STR021,PRD00524,161,176,52,0,285,0,30352.5
INV00012714,2025-04-20,STR021,PRD00206,16,27,8,0,35,0,240906.75
INV00012715,2025-04-20,STR021,PRD00619,481,0,280,0,201,0,28005.33
INV00012716,2025-04-20,STR021,PRD00368,144,133,55,1,223,0,131108.39
INV00012717,2025-04-20,STR021,PRD00876,77,100,30,0,147,0,264361.86
INV00012718,2025-04-20,STR021,PRD00270,59,0,19,1,41,0,31531.46
INV00012719,2025-04-20,STR021,PRD01025,231,0,87,0,144,0,4341.6
INV00012720,2025-04-20,STR021,PRD00766,77,0,9,0,68,0,93023.32
INV00012721,2025-04-20,STR022,PRD00699,127,86,32,0,181,0,275532.68
INV00012722,2025-04-20,STR022,PRD00085,54,48,16,0,86,0,1537299.88
INV00012723,2025-04-20,STR022,PRD00254,14,73,5,0,82,0,555649.22
INV00012724,2025-04-20,STR022,PRD00819,87,0,25,1,63,0,97618.5
INV00012725,2025-04-20,STR022,PRD00807,179,0,30,0,149,0,63998.48
INV00012726,2025-04-20,STR022,PRD00143,22,0,9,0,11,2,88638.66
INV00012727,2025-04-20,STR022,PRD00491,68,109,12,1,164,2,86380.44
INV00012728,2025-04-20,STR022,PRD01012,62,139,31,0,170,0,99038.6
INV00012729,2025-04-20,STR022,PRD00512,194,0,42,0,152,0,17601.6
INV00012730,2025-04-20,STR022,PRD00487,237,263,64,0,436,0,34374.24
INV00012731,2025-04-20,STR022,PRD00970,414,256,175,0,495,0,118686.15
INV00012732,2025-04-20,STR022,PRD01186,100,0,21,0,79,0,118673.8
INV00012733,2025-04-20,STR022,PRD00128,14,61,5,0,70,0,627466.7
INV00012734,2025-04-20,STR022,PRD00295,29,0,12,1,18,0,10232.82
INV00012735,2025-04-20,STR022,PRD00739,94,0,46,0,48,0,73988.16
INV00012736,2025-04-20,STR022,PRD00180,54,0,29,1,25,1,63169.5
INV00012737,2025-04-20,STR022,PRD00962,124,0,52,0,72,0,28488.96
INV00012738,2025-04-20,STR022,PRD00536,106,397,33,0,470,0,127346.5
INV00012739,2025-04-20,STR022,PRD00935,95,0,9,0,86,0,50404.6
INV00012740,2025-04-20,STR022,PRD01005,363,279,135,1,508,0,241655.6
INV00012741,2025-04-20,STR023,PRD00253,26,74,9,1,92,0,617970.44
INV00012742,2025-04-20,STR023,PRD00179,45,0,19,0,26,0,83396.04
INV00012743,2025-04-20,STR023,PRD00473,69,368,16,0,421,0,39923.43
INV00012744,2025-04-20,STR023,PRD00725,78,0,40,1,39,0,58955.91
INV00012745,2025-04-20,STR023,PRD00131,28,0,10,0,18,0,162583.74
INV00012746,2025-04-20,STR023,PRD00816,95,0,26,0,69,0,59159.91
INV00012747,2025-04-20,STR023,PRD00051,14,0,5,0,9,0,124309.62
INV00012748,2025-04-20,STR023,PRD01015,93,0,43,1,51,0,27597.12
INV00012749,2025-04-20,STR023,PRD01134,39,0,16,0,23,0,67374.36
INV00012750,2025-04-20,STR023,PRD00714,42,0,13,0,29,0,39092.29
INV00012751,2025-04-20,STR023,PRD00374,94,153,38,0,209,0,154310.97
INV00012752,2025-04-20,STR023,PRD00146,84,0,8,0,76,0,315849.16
INV00012753,2025-04-20,STR023,PRD00734,141,276,54,0,363,0,170533.77
INV00012754,2025-04-20,STR023,PRD00835,100,0,24,0,76,0,76623.2
INV00012755,2025-04-20,STR023,PRD00184,26,121,11,0,136,0,352063.2
INV00012756,2025-04-20,STR023,PRD00150,35,167,13,0,189,0,169619.94
INV00012757,2025-04-20,STR023,PRD00056,15,0,5,0,10,0,85810.1
INV00012758,2025-04-20,STR023,PRD00379,432,388,153,0,667,0,307260.22
INV00012759,2025-04-20,STR023,PRD00347,164,0,98,0,64,2,42832.64
INV00012760,2025-04-20,STR023,PRD00539,65,266,25,0,306,0,14605.38
INV00012761,2025-04-20,STR024,PRD01011,149,0,38,0,111,0,16615.59
INV00012762,2025-04-20,STR024,PRD01102,238,0,32,0,206,0,72792.16
INV00012763,2025-04-20,STR024,PRD00154,280,0,94,0,186,0,88707.12
INV00012764,2025-04-20,STR024,PRD00829,94,108,39,0,163,0,250835.81
INV00012765,2025-04-20,STR024,PRD00196,90,0,53,0,37,0,83134.56
INV00012766,2025-04-20,STR024,PRD01034,268,279,122,0,425,0,92531.0
INV00012767,2025-04-20,STR024,PRD00696,138,137,53,0,222,0,239764.44
INV00012768,2025-04-20,STR024,PRD00176,87,0,15,2,74,0,213657.24
INV00012769,2025-04-20,STR024,PRD00729,72,156,40,1,187,2,478293.64
INV00012770,2025-04-20,STR024,PRD00708,153,0,25,0,128,0,241043.2
INV00012771,2025-04-20,STR024,PRD00215,43,0,9,0,33,1,215329.95
INV00012772,2025-04-20,STR024,PRD00113,33,0,18,0,15,0,178144.35
INV00012773,2025-04-20,STR024,PRD00895,285,0,7,0,278,0,82677.2
INV00012774,2025-04-20,STR024,PRD00415,95,270,31,1,335,0,95873.65
INV00012775,2025-04-20,STR024,PRD00547,416,0,139,0,276,1,21050.52
INV00012776,2025-04-20,STR024,PRD00260,56,0,7,0,49,0,274785.63
INV00012777,2025-04-20,STR024,PRD00341,17,124,6,0,-16,0,81750.6
INV00012778,2025-04-20,STR024,PRD00815,75,0,18,0,57,0,105312.63
INV00012779,2025-04-20,STR024,PRD00676,81,0,33,0,48,0,136164.48
INV00012780,2025-04-20,STR024,PRD00221,7,31,8,1,31,0,178897.59
INV00012781,2025-04-20,STR025,PRD00670,145,79,22,0,202,0,386813.84
INV00012782,2025-04-20,STR025,PRD00483,63,0,17,2,48,0,25486.08
INV00012783,2025-04-20,STR025,PRD01117,141,0,41,0,99,1,143233.2
INV00012784,2025-04-20,STR025,PRD00313,68,0,8,0,60,0,38360.4
INV00012785,2025-04-20,STR025,PRD01172,19,143,7,0,155,0,89599.3
INV00012786,2025-04-20,STR025,PRD00431,89,0,50,0,39,0,20326.8
INV00012787,2025-04-20,STR025,PRD00855,21,123,11,0,133,0,202898.15
INV00012788,2025-04-20,STR025,PRD01175,26,149,5,1,171,0,268931.7
INV00012789,2025-04-20,STR025,PRD00271,147,0,51,0,96,0,40185.6
INV00012790,2025-04-20,STR025,PRD00712,169,0,49,0,120,0,113658.0
INV00012791,2025-04-20,STR025,PRD00935,47,0,6,0,41,0,24030.1
INV00012792,2025-04-20,STR025,PRD00275,138,0,38,1,101,0,85637.9
INV00012793,2025-04-20,STR025,PRD00264,74,0,9,0,65,0,206182.6
INV00012794,2025-04-20,STR025,PRD01126,121,0,11,1,111,0,183302.07
INV00012795,2025-04-20,STR025,PRD00017,43,62,16,0,89,0,400943.22
INV00012796,2025-04-20,STR025,PRD01160,24,64,12,0,76,0,265303.84
INV00012797,2025-04-20,STR025,PRD00877,181,0,10,0,171,0,207236.61
INV00012798,2025-04-20,STR025,PRD00527,37,107,19,0,125,0,92658.75
INV00012799,2025-04-20,STR025,PRD00365,117,315,29,0,403,0,180822.07
INV00012800,2025-04-20,STR025,PRD00822,42,148,21,0,169,0,405583.1
INV00012801,2025-04-20,STR026,PRD00262,22,0,10,0,12,0,96761.28
INV00012802,2025-04-20,STR026,PRD00706,46,140,10,0,176,0,430145.76
INV00012803,2025-04-20,STR026,PRD00978,95,278,20,0,353,0,37883.96
INV00012804,2025-04-20,STR026,PRD01118,23,0,9,1,14,1,47195.4
INV00012805,2025-04-20,STR026,PRD00332,514,0,141,2,375,0,102348.75
INV00012806,2025-04-20,STR026,PRD00967,279,0,107,0,172,0,4908.88
INV00012807,2025-04-20,STR026,PRD00014,76,62,38,0,100,0,458664.0
INV00012808,2025-04-20,STR026,PRD01135,191,0,107,0,84,0,105818.16
INV00012809,2025-04-20,STR026,PRD00737,106,0,49,3,60,0,45202.2
INV00012810,2025-04-20,STR026,PRD00544,63,283,14,0,332,0,27469.68
INV00012811,2025-04-20,STR026,PRD01072,193,0,93,0,100,0,22000.0
INV00012812,2025-04-20,STR026,PRD00142,18,97,5,0,110,0,301008.4
INV00012813,2025-04-20,STR026,PRD00120,10,50,6,0,54,0,880481.88
INV00012814,2025-04-20,STR026,PRD00364,468,0,77,0,391,0,76514.79
INV00012815,2025-04-20,STR026,PRD00713,34,0,18,1,17,0,49941.92
INV00012816,2025-04-20,STR026,PRD00627,299,0,88,0,211,0,85182.81
INV00012817,2025-04-20,STR026,PRD01128,62,78,24,0,116,0,167118.88
INV00012818,2025-04-20,STR026,PRD00683,141,83,32,0,192,0,114053.76
INV00012819,2025-04-20,STR026,PRD00454,121,185,60,0,246,0,44845.8
INV00012820,2025-04-20,STR026,PRD00392,227,0,89,0,138,0,33434.64
INV00012821,2025-04-20,STR027,PRD00263,21,81,12,0,90,0,219519.0
INV00012822,2025-04-20,STR027,PRD00255,150,150,85,0,215,0,490903.05
INV00012823,2025-04-20,STR027,PRD01137,139,0,28,0,111,0,119243.97
INV00012824,2025-04-20,STR027,PRD00679,88,0,9,2,81,0,151108.74
INV00012825,2025-04-20,STR027,PRD00836,320,0,13,0,307,0,125292.84
INV00012826,2025-04-20,STR027,PRD00782,128,0,17,0,110,1,215327.2
INV00012827,2025-04-20,STR027,PRD00063,81,0,29,0,52,0,699242.44
INV00012828,2025-04-20,STR027,PRD00217,27,0,16,0,10,1,52984.3
INV00012829,2025-04-20,STR027,PRD00452,102,125,49,0,178,0,156577.7
INV00012830,2025-04-20,STR027,PRD00974,432,0,127,0,305,0,32561.8
INV00012831,2025-04-20,STR027,PRD00644,184,0,32,0,151,1,68310.89
INV00012832,2025-04-20,STR027,PRD00613,124,0,36,0,88,0,15717.68
INV00012833,2025-04-20,STR027,PRD01086,35,61,5,0,91,0,293240.22
INV00012834,2025-04-20,STR027,PRD00312,381,0,150,0,231,0,89671.89
INV00012835,2025-04-20,STR027,PRD01143,79,0,30,3,52,0,164180.64
INV00012836,2025-04-20,STR027,PRD00138,76,0,18,0,58,0,154394.26
INV00012837,2025-04-20,STR027,PRD00443,136,0,37,0,99,0,16538.94
INV00012838,2025-04-20,STR027,PRD00501,111,0,35,0,76,0,41598.6
INV00012839,2025-04-20,STR027,PRD00080,42,0,12,2,32,0,416877.12
INV00012840,2025-04-20,STR027,PRD00993,113,232,47,0,298,0,25902.16
INV00012841,2025-04-20,STR028,PRD01083,46,0,6,0,40,0,156868.8
INV00012842,2025-04-20,STR028,PRD00407,87,0,17,1,71,0,37871.4
INV00012843,2025-04-20,STR028,PRD00479,106,0,15,0,91,0,23260.51
INV00012844,2025-04-20,STR028,PRD00230,32,0,8,0,24,0,188061.12
INV00012845,2025-04-20,STR028,PRD00444,312,0,48,0,264,0,75493.44
INV00012846,2025-04-20,STR028,PRD00481,199,0,35,0,164,0,51948.64
INV00012847,2025-04-20,STR028,PRD00225,53,68,27,0,94,0,653491.76
INV00012848,2025-04-20,STR028,PRD00591,189,0,13,0,176,0,64016.48
INV00012849,2025-04-20,STR028,PRD00173,92,0,10,0,82,0,471608.24
INV00012850,2025-04-20,STR028,PRD00378,208,0,47,0,161,0,58851.94
INV00012851,2025-04-20,STR028,PRD00187,64,0,9,2,57,0,191772.51
INV00012852,2025-04-20,STR028,PRD00104,9,68,8,0,69,0,1213215.27
INV00012853,2025-04-20,STR028,PRD00576,190,0,55,0,135,0,44625.6
INV00012854,2025-04-20,STR028,PRD00524,147,176,68,0,255,0,27157.5
INV00012855,2025-04-20,STR028,PRD00811,164,0,87,1,78,0,10994.1
INV00012856,2025-04-20,STR028,PRD00398,340,0,125,2,217,0,37616.95
INV00012857,2025-04-20,STR028,PRD00397,130,108,46,0,192,0,139393.92
INV00012858,2025-04-20,STR028,PRD00802,45,0,17,0,28,0,66317.72
INV00012859,2025-04-20,STR028,PRD00447,245,0,82,0,163,0,57972.58
INV00012860,2025-04-20,STR028,PRD00745,27,112,12,2,129,0,235964.22
INV00012861,2025-04-20,STR029,PRD00079,86,0,41,0,45,0,606859.65
INV00012862,2025-04-20,STR029,PRD00245,44,0,9,0,35,0,155025.85
INV00012863,2025-04-20,STR029,PRD00724,70,0,25,0,45,0,71748.45
INV00012864,2025-04-20,STR029,PRD00955,317,198,138,0,377,0,154909.3
INV00012865,2025-04-20,STR029,PRD01018,486,223,22,0,687,0,61005.6
INV00012866,2025-04-20,STR029,PRD00263,42,0,24,0,18,0,43903.8
INV00012867,2025-04-20,STR029,PRD00730,82,0,9,0,73,0,188407.89
INV00012868,2025-04-20,STR029,PRD00091,20,58,5,0,73,0,1131834.34
INV00012869,2025-04-20,STR029,PRD00100,76,0,39,0,37,0,361669.82
INV00012870,2025-04-20,STR029,PRD00594,431,0,159,3,275,0,22365.75
INV00012871,2025-04-20,STR029,PRD00454,151,0,90,0,61,0,11120.3
INV00012872,2025-04-20,STR029,PRD00221,19,0,8,0,11,0,63479.79
INV00012873,2025-04-20,STR029,PRD00156,67,0,35,0,32,0,39422.4
INV00012874,2025-04-20,STR029,PRD00062,42,0,8,0,34,0,469152.06
INV00012875,2025-04-20,STR029,PRD00903,273,0,101,0,172,0,47370.52
INV00012876,2025-04-20,STR029,PRD00803,100,0,55,0,45,0,55113.3
INV00012877,2025-04-20,STR029,PRD00859,191,0,88,1,104,0,188255.6
INV00012878,2025-04-20,STR029,PRD00073,64,0,16,0,48,0,821923.2
INV00012879,2025-04-20,STR029,PRD00364,382,0,144,0,238,0,46574.22
INV00012880,2025-04-20,STR029,PRD00373,232,0,96,0,136,0,11633.44
INV00012881,2025-04-20,STR030,PRD01082,174,0,44,0,130,0,103643.8
INV00012882,2025-04-20,STR030,PRD00109,16,48,9,0,55,0,512407.5
INV00012883,2025-04-20,STR030,PRD00167,32,0,5,0,27,0,149126.67
INV00012884,2025-04-20,STR030,PRD00626,207,0,113,0,94,0,7137.42
INV00012885,2025-04-20,STR030,PRD00350,50,0,17,0,33,0,24275.46
INV00012886,2025-04-20,STR030,PRD01092,150,0,44,0,106,0,279258.06
INV00012887,2025-04-20,STR030,PRD00225,74,0,44,1,31,0,215513.24
INV00012888,2025-04-20,STR030,PRD00901,46,105,7,0,144,0,298306.08
INV00012889,2025-04-20,STR030,PRD00381,43,0,22,1,21,1,11156.88
INV00012890,2025-04-20,STR030,PRD00214,32,0,5,0,27,0,185480.82
INV00012891,2025-04-20,STR030,PRD00018,35,0,5,0,30,0,293075.7
INV00012892,2025-04-20,STR030,PRD01136,53,0,15,0,38,0,156751.9
INV00012893,2025-04-20,STR030,PRD00983,22,113,6,0,129,0,75320.52
INV00012894,2025-04-20,STR030,PRD01117,99,0,23,0,76,0,109956.8
INV00012895,2025-04-20,STR030,PRD00106,125,0,6,0,119,0,295995.84
INV00012896,2025-04-20,STR030,PRD00573,72,234,15,1,292,0,7869.4
INV00012897,2025-04-20,STR030,PRD01091,40,97,24,0,113,0,317400.05
INV00012898,2025-04-20,STR030,PRD00220,58,35,24,0,69,0,314739.36
INV00012899,2025-04-20,STR030,PRD00974,268,320,72,2,518,0,55301.68
INV00012900,2025-04-20,STR030,PRD01027,130,0,6,0,124,0,27989.28
INV00012901,2025-04-20,STR031,PRD00661,206,0,109,0,97,0,27516.96
INV00012902,2025-04-20,STR031,PRD00161,23,28,12,0,39,0,273595.92
INV00012903,2025-04-20,STR031,PRD00635,190,297,24,1,464,0,96187.2
INV00012904,2025-04-20,STR031,PRD01161,71,0,17,2,56,0,124261.76
INV00012905,2025-04-20,STR031,PRD00710,121,0,8,0,111,2,246862.89
INV00012906,2025-04-20,STR031,PRD01103,88,100,12,3,179,0,428296.88
INV00012907,2025-04-20,STR031,PRD00822,109,0,11,0,98,0,235190.2
INV00012908,2025-04-20,STR031,PRD00040,49,0,11,0,38,0,664506.38
INV00012909,2025-04-20,STR031,PRD00490,250,0,76,1,175,0,24204.25
INV00012910,2025-04-20,STR031,PRD00458,308,0,50,0,258,0,115047.36
INV00012911,2025-04-20,STR031,PRD00655,225,0,100,0,125,0,5893.75
INV00012912,2025-04-20,STR031,PRD00479,147,0,84,0,63,0,16103.43
INV00012913,2025-04-20,STR031,PRD00705,75,186,41,1,221,0,72583.03
INV00012914,2025-04-20,STR031,PRD00050,51,0,25,1,27,0,434052.81
INV00012915,2025-04-20,STR031,PRD00982,109,280,60,0,329,0,19193.86
INV00012916,2025-04-20,STR031,PRD00776,22,160,12,0,170,0,116409.2
INV00012917,2025-04-20,STR031,PRD00257,54,0,11,0,43,0,92268.11
INV00012918,2025-04-20,STR031,PRD00860,225,160,34,0,351,0,146546.01
INV00012919,2025-04-20,STR031,PRD00149,71,0,37,0,33,1,67381.38
INV00012920,2025-04-20,STR031,PRD00300,30,103,16,0,117,0,70328.7
INV00012921,2025-04-20,STR032,PRD00852,105,0,48,1,58,0,70460.72
INV00012922,2025-04-20,STR032,PRD00672,62,0,19,0,43,0,129595.12
INV00012923,2025-04-20,STR032,PRD00475,26,173,7,0,192,0,109240.32
INV00012924,2025-04-20,STR032,PRD00299,14,143,7,0,150,0,123495.0
INV00012925,2025-04-20,STR032,PRD00916,27,156,5,0,178,0,404198.84
INV00012926,2025-04-20,STR032,PRD00132,49,39,17,0,71,0,1258522.57
INV00012927,2025-04-20,STR032,PRD00536,296,397,120,0,573,0,155254.35
INV00012928,2025-04-20,STR032,PRD00508,133,0,29,0,104,0,11432.72
INV00012929,2025-04-20,STR032,PRD00911,122,0,73,0,49,0,29507.8
INV00012930,2025-04-20,STR032,PRD00942,199,284,77,0,406,0,25062.38
INV00012931,2025-04-20,STR032,PRD00837,157,0,67,0,90,0,213177.6
INV00012932,2025-04-20,STR032,PRD00547,180,0,10,0,170,0,12965.9
INV00012933,2025-04-20,STR032,PRD00540,181,0,21,0,160,0,62179.2
INV00012934,2025-04-20,STR032,PRD01141,86,167,28,0,225,0,182396.25
INV00012935,2025-04-20,STR032,PRD00952,142,146,71,1,218,0,109590.78
INV00012936,2025-04-20,STR032,PRD00217,22,0,7,0,15,0,79476.45
INV00012937,2025-04-20,STR032,PRD00347,103,0,53,2,52,0,34801.52
INV00012938,2025-04-20,STR032,PRD01060,179,0,85,0,94,0,18644.9
INV00012939,2025-04-20,STR032,PRD00248,7,54,7,0,104,0,371385.54
INV00012940,2025-04-20,STR032,PRD01053,164,0,83,1,82,0,25647.96
INV00012941,2025-04-20,STR033,PRD01195,20,46,8,1,58,1,197097.34
INV00012942,2025-04-20,STR033,PRD00748,92,0,22,0,70,0,127076.6
INV00012943,2025-04-20,STR033,PRD00038,27,114,9,0,132,0,278985.96
INV00012944,2025-04-20,STR033,PRD00515,113,0,37,0,75,1,35490.75
INV00012945,2025-04-20,STR033,PRD00638,162,0,82,0,80,0,9216.8
INV00012946,2025-04-20,STR033,PRD00660,250,0,78,0,172,0,40942.88
INV00012947,2025-04-20,STR033,PRD00059,28,47,15,0,60,0,736185.6
INV00012948,2025-04-20,STR033,PRD00795,36,100,21,3,118,0,81186.36
INV00012949,2025-04-20,STR033,PRD00898,95,0,36,1,59,1,108217.8
INV00012950,2025-04-20,STR033,PRD00921,58,0,19,0,39,0,71523.66
INV00012951,2025-04-20,STR033,PRD01001,176,0,37,0,139,0,24793.43
INV00012952,2025-04-20,STR033,PRD00247,14,0,8,0,6,0,29954.52
INV00012953,2025-04-20,STR033,PRD00981,271,177,77,1,372,0,20177.28
INV00012954,2025-04-20,STR033,PRD00387,140,0,26,0,114,0,28306.2
INV00012955,2025-04-20,STR033,PRD01153,92,0,6,0,86,0,214961.3
INV00012956,2025-04-20,STR033,PRD00889,117,121,6,0,232,0,342002.8
INV00012957,2025-04-20,STR033,PRD00262,35,0,8,0,27,0,217712.88
INV00012958,2025-04-20,STR033,PRD00300,51,0,19,0,31,1,18634.1
INV00012959,2025-04-20,STR033,PRD00977,346,0,194,0,152,0,42906.56
INV00012960,2025-04-20,STR033,PRD00235,50,0,19,1,32,0,213875.84
INV00012961,2025-04-20,STR034,PRD00504,43,0,24,0,19,0,17750.56
INV00012962,2025-04-20,STR034,PRD00984,181,283,91,0,373,0,7467.46
INV00012963,2025-04-20,STR034,PRD00401,127,0,11,0,116,0,72894.4
INV00012964,2025-04-20,STR034,PRD01191,49,0,21,0,28,0,112321.72
INV00012965,2025-04-20,STR034,PRD00235,16,29,9,0,36,0,240610.32
INV00012966,2025-04-20,STR034,PRD00531,60,297,23,0,334,0,60854.8
INV00012967,2025-04-20,STR034,PRD00432,72,0,22,0,50,0,32352.0
INV00012968,2025-04-20,STR034,PRD00909,121,0,48,0,73,0,63472.04
INV00012969,2025-04-20,STR034,PRD00397,124,0,32,0,92,0,66792.92
INV00012970,2025-04-20,STR034,PRD01185,110,0,49,0,61,0,56415.85
INV00012971,2025-04-20,STR034,PRD00230,10,35,5,0,40,0,313435.2
INV00012972,2025-04-20,STR034,PRD00415,311,0,83,1,229,0,65537.51
INV00012973,2025-04-20,STR034,PRD00440,343,0,184,0,159,0,51011.97
INV00012974,2025-04-20,STR034,PRD00687,82,0,16,0,66,0,118085.22
INV00012975,2025-04-20,STR034,PRD00387,187,392,42,0,537,0,133337.1
INV00012976,2025-04-20,STR034,PRD00728,80,0,29,0,51,0,153491.13
INV00012977,2025-04-20,STR034,PRD00495,362,0,19,0,343,0,56344.61
INV00012978,2025-04-20,STR034,PRD00333,169,0,30,0,139,0,77061.6
INV00012979,2025-04-20,STR034,PRD00590,100,185,16,0,269,0,65415.42
INV00012980,2025-04-20,STR034,PRD00405,142,0,59,0,83,0,66720.38
INV00012981,2025-04-20,STR035,PRD00333,66,103,26,0,143,0,79279.2
INV00012982,2025-04-20,STR035,PRD01115,55,0,28,0,27,0,64917.45
INV00012983,2025-04-20,STR035,PRD00913,135,0,36,0,99,0,213889.5
INV00012984,2025-04-20,STR035,PRD00747,79,0,32,0,47,0,45127.52
INV00012985,2025-04-20,STR035,PRD01136,22,36,12,0,46,0,189752.3
INV00012986,2025-04-20,STR035,PRD00918,122,0,37,3,88,0,174894.72
INV00012987,2025-04-20,STR035,PRD00659,227,399,60,0,565,1,123644.6
INV00012988,2025-04-20,STR035,PRD00360,196,0,60,0,136,0,32533.92
INV00012989,2025-04-20,STR035,PRD00336,80,0,30,0,49,1,40234.39
INV00012990,2025-04-20,STR035,PRD00056,8,45,7,1,46,1,394726.46
INV00012991,2025-04-20,STR035,PRD00443,326,0,126,0,199,1,33244.94
INV00012992,2025-04-20,STR035,PRD01158,86,68,40,0,114,0,476209.92
INV00012993,2025-04-20,STR035,PRD00156,57,0,21,0,36,0,44350.2
INV00012994,2025-04-20,STR035,PRD01111,150,0,19,0,131,0,125173.12
INV00012995,2025-04-20,STR035,PRD01061,79,0,35,0,44,0,23563.32
INV00012996,2025-04-20,STR035,PRD00537,260,0,146,1,115,0,9059.7
INV00012997,2025-04-20,STR035,PRD00237,79,73,19,0,133,0,859594.96
INV00012998,2025-04-20,STR035,PRD00225,38,0,18,0,20,0,139040.8
INV00012999,2025-04-20,STR035,PRD00115,33,65,17,0,81,0,338269.77
INV00013000,2025-04-20,STR035,PRD00712,33,109,14,0,128,0,121235.2
INV00013001,2025-04-20,STR036,PRD00379,403,0,167,0,235,1,108255.1
INV00013002,2025-04-20,STR036,PRD00875,119,183,13,1,290,0,43761.0
INV00013003,2025-04-20,STR036,PRD01009,135,0,51,0,84,0,2468.76
INV00013004,2025-04-20,STR036,PRD00362,90,0,8,2,84,0,44730.84
INV00013005,2025-04-20,STR036,PRD01137,21,162,6,0,177,0,190145.79
INV00013006,2025-04-20,STR036,PRD00681,54,0,5,0,49,0,132112.82
INV00013007,2025-04-20,STR036,PRD00385,270,323,145,0,448,0,124776.96
INV00013008,2025-04-20,STR036,PRD00014,101,0,16,0,85,0,389864.4
INV00013009,2025-04-20,STR036,PRD01012,204,0,38,0,166,0,96708.28
INV00013010,2025-04-20,STR036,PRD00489,66,0,25,0,41,0,28326.08
INV00013011,2025-04-20,STR036,PRD01093,105,175,30,0,250,0,721755.0
INV00013012,2025-04-20,STR036,PRD00307,407,0,71,0,336,0,162227.52
INV00013013,2025-04-20,STR036,PRD00353,58,0,8,0,50,0,26490.5
INV00013014,2025-04-20,STR036,PRD01177,86,0,37,0,48,1,76542.24
INV00013015,2025-04-20,STR036,PRD00437,142,0,52,2,91,1,24671.92
INV00013016,2025-04-20,STR036,PRD00002,78,0,23,1,56,0,48770.4
INV00013017,2025-04-20,STR036,PRD01030,165,0,31,0,133,1,42236.81
INV00013018,2025-04-20,STR036,PRD00144,55,0,8,0,47,0,233311.29
INV00013019,2025-04-20,STR036,PRD00220,29,35,7,0,57,0,260002.08
INV00013020,2025-04-20,STR036,PRD00558,190,0,65,0,125,0,30412.5
INV00013021,2025-04-20,STR037,PRD00538,277,0,91,0,156,0,7771.08
INV00013022,2025-04-20,STR037,PRD00809,94,0,50,0,44,0,39412.56
INV00013023,2025-04-20,STR037,PRD00632,368,0,128,1,241,0,103644.46
INV00013024,2025-04-20,STR037,PRD00871,39,94,14,1,120,0,103118.4
INV00013025,2025-04-20,STR037,PRD00700,25,96,13,0,107,1,306515.41
INV00013026,2025-04-20,STR037,PRD00266,34,52,10,0,76,0,614527.64
INV00013027,2025-04-20,STR037,PRD00359,17,103,6,0,114,0,73374.96
INV00013028,2025-04-20,STR037,PRD00425,149,0,49,0,100,0,69751.0
INV00013029,2025-04-20,STR037,PRD00676,82,0,43,0,39,0,110633.64
INV00013030,2025-04-20,STR037,PRD00829,47,0,28,0,19,0,29238.53
INV00013031,2025-04-20,STR037,PRD00925,80,0,20,1,61,0,93030.49
INV00013032,2025-04-20,STR037,PRD00808,123,130,26,1,228,0,413585.16
INV00013033,2025-04-20,STR037,PRD00516,126,0,61,0,65,0,32666.4
INV00013034,2025-04-20,STR037,PRD00926,331,0,91,0,240,0,115500.0
INV00013035,2025-04-20,STR037,PRD00998,314,0,104,0,209,1,94027.01
INV00013036,2025-04-20,STR037,PRD00729,87,156,26,0,215,2,549909.8
INV00013037,2025-04-20,STR037,PRD00155,106,0,42,0,64,0,105740.16
INV00013038,2025-04-20,STR037,PRD00173,15,66,9,0,72,0,414095.04
INV00013039,2025-04-20,STR037,PRD00113,13,65,5,0,73,0,866969.17
INV00013040,2025-04-20,STR037,PRD00965,204,0,71,0,133,0,6445.18
INV00013041,2025-04-20,STR038,PRD00506,127,126,43,0,210,0,121611.0
INV00013042,2025-04-20,STR038,PRD00035,23,0,11,0,12,0,58671.36
INV00013043,2025-04-20,STR038,PRD01099,75,0,29,2,48,0,130648.8
INV00013044,2025-04-20,STR038,PRD00409,22,176,5,0,193,0,142455.23
INV00013045,2025-04-20,STR038,PRD00578,379,0,38,0,341,0,144178.21
INV00013046,2025-04-20,STR038,PRD00137,78,35,37,0,76,0,488181.44
INV00013047,2025-04-20,STR038,PRD00982,428,280,171,0,537,0,31328.58
INV00013048,2025-04-20,STR038,PRD00891,167,0,28,0,139,0,51942.91
INV00013049,2025-04-20,STR038,PRD01143,12,69,5,0,76,0,239956.32
INV00013050,2025-04-20,STR038,PRD00407,114,0,52,0,62,0,33070.8
INV00013051,2025-04-20,STR038,PRD00158,33,155,5,0,183,0,472586.52
INV00013052,2025-04-20,STR038,PRD00143,33,0,6,0,27,0,217567.62
INV00013053,2025-04-20,STR038,PRD00053,160,0,65,0,95,0,219403.45
INV00013054,2025-04-20,STR038,PRD00958,374,247,139,0,482,0,92413.86
INV00013055,2025-04-20,STR038,PRD00134,65,0,24,0,41,0,613104.98
INV00013056,2025-04-20,STR038,PRD00592,62,169,24,0,207,0,45186.03
INV00013057,2025-04-20,STR038,PRD00220,90,0,40,0,50,0,228072.0
INV00013058,2025-04-20,STR038,PRD00136,39,0,12,0,27,0,152312.67
INV00013059,2025-04-20,STR038,PRD00428,104,0,53,0,51,0,12482.25
INV00013060,2025-04-20,STR038,PRD00909,167,0,8,0,159,0,138247.32
INV00013061,2025-04-20,STR039,PRD00584,360,0,187,0,173,0,24626.55
INV00013062,2025-04-20,STR039,PRD01121,51,130,11,0,170,0,165678.6
INV00013063,2025-04-20,STR039,PRD00604,141,181,44,0,278,0,42228.2
INV00013064,2025-04-20,STR039,PRD01000,400,0,135,0,265,0,91655.55
INV00013065,2025-04-20,STR039,PRD00914,20,146,12,0,154,0,338910.88
INV00013066,2025-04-20,STR039,PRD00127,12,0,5,0,7,0,73969.56
INV00013067,2025-04-20,STR039,PRD00507,208,0,59,0,149,0,32087.15
INV00013068,2025-04-20,STR039,PRD00831,35,123,21,0,137,0,273064.29
INV00013069,2025-04-20,STR039,PRD00662,202,0,79,0,123,0,17338.08
INV00013070,2025-04-20,STR039,PRD00061,37,47,21,0,63,0,334521.18
INV00013071,2025-04-20,STR039,PRD00410,78,362,23,0,417,0,80380.92
INV00013072,2025-04-20,STR039,PRD00935,18,103,6,0,113,2,66229.3
INV00013073,2025-04-20,STR039,PRD01017,130,0,10,0,120,0,71002.8
INV00013074,2025-04-20,STR039,PRD00392,330,0,70,0,259,1,62750.52
INV00013075,2025-04-20,STR039,PRD00431,70,0,30,0,40,0,20848.0
INV00013076,2025-04-20,STR039,PRD00885,102,0,38,0,64,0,80216.96
INV00013077,2025-04-20,STR039,PRD00142,100,97,47,0,150,0,410466.0
INV00013078,2025-04-20,STR039,PRD00214,57,0,11,0,46,0,316004.36
INV00013079,2025-04-20,STR039,PRD01102,189,345,39,0,495,0,174913.2
INV00013080,2025-04-20,STR039,PRD00006,92,99,50,1,142,0,357828.64
INV00013081,2025-04-20,STR040,PRD00483,176,0,32,2,146,0,77520.16
INV00013082,2025-04-20,STR040,PRD00606,166,0,85,1,82,0,25302.74
INV00013083,2025-04-20,STR040,PRD00973,221,0,6,0,215,0,33735.65
INV00013084,2025-04-20,STR040,PRD01195,72,46,20,0,98,0,333026.54
INV00013085,2025-04-20,STR040,PRD00675,74,0,34,0,40,0,30337.2
INV00013086,2025-04-20,STR040,PRD00113,9,65,5,0,69,0,819464.01
INV00013087,2025-04-20,STR040,PRD01141,23,167,9,0,181,0,146727.65
INV00013088,2025-04-20,STR040,PRD01043,375,0,8,0,367,0,29528.82
INV00013089,2025-04-20,STR040,PRD00837,193,111,13,0,291,0,689274.24
INV00013090,2025-04-20,STR040,PRD00426,229,0,110,0,119,0,49488.53
INV00013091,2025-04-20,STR040,PRD00187,17,48,7,0,58,0,195136.94
INV00013092,2025-04-20,STR040,PRD00696,27,137,13,1,152,0,164163.04
INV00013093,2025-04-20,STR040,PRD00329,138,0,74,0,64,0,35879.04
INV00013094,2025-04-20,STR040,PRD00266,28,0,15,0,13,0,105116.57
INV00013095,2025-04-20,STR040,PRD00189,30,0,14,0,16,0,88874.24
INV00013096,2025-04-20,STR040,PRD00636,76,216,29,0,263,0,118991.72
INV00013097,2025-04-20,STR040,PRD01197,61,0,25,0,36,0,41802.48
INV00013098,2025-04-20,STR040,PRD01059,171,0,71,0,100,0,36836.0
INV00013099,2025-04-20,STR040,PRD01107,76,0,12,1,65,0,47783.45
INV00013100,2025-04-20,STR040,PRD00659,287,0,27,2,260,2,56898.4
INV00013101,2025-04-20,STR041,PRD00905,183,0,56,0,126,1,193142.88
INV00013102,2025-04-20,STR041,PRD01120,12,49,8,0,53,0,233197.88
INV00013103,2025-04-20,STR041,PRD00085,53,0,14,0,39,0,697147.62
INV00013104,2025-04-20,STR041,PRD00601,281,0,77,1,205,0,6318.1
INV00013105,2025-04-20,STR041,PRD00581,110,0,33,0,77,0,15300.67
INV00013106,2025-04-20,STR041,PRD00751,169,0,68,0,101,0,195976.36
INV00013107,2025-04-20,STR041,PRD00228,60,114,15,0,159,0,-9999.0
INV00013108,2025-04-20,STR041,PRD00097,53,0,11,1,43,0,620827.98
INV00013109,2025-04-20,STR041,PRD01031,132,0,19,0,113,0,59140.81
INV00013110,2025-04-20,STR041,PRD01045,170,0,16,0,154,0,72570.96
INV00013111,2025-04-20,STR041,PRD00074,93,0,5,0,88,0,1039248.32
INV00013112,2025-04-20,STR041,PRD00755,108,177,18,0,267,0,91930.77
INV00013113,2025-04-20,STR041,PRD01138,88,106,42,0,152,0,423975.12
INV00013114,2025-04-20,STR041,PRD00503,117,0,11,0,106,0,55733.74
INV00013115,2025-04-20,STR041,PRD00091,96,58,14,0,139,1,2155136.62
INV00013116,2025-04-20,STR041,PRD01033,251,0,80,0,171,0,64755.99
INV00013117,2025-04-20,STR041,PRD01136,52,0,19,1,34,0,140251.7
INV00013118,2025-04-20,STR041,PRD00096,120,0,23,0,97,0,112004.93
INV00013119,2025-04-20,STR041,PRD01198,67,36,13,1,91,0,403332.93
INV00013120,2025-04-20,STR041,PRD00910,76,0,30,0,46,0,72665.74
INV00013121,2025-04-27,STR001,PRD01083,62,71,15,0,118,0,462762.96
INV00013122,2025-04-27,STR001,PRD00654,159,0,32,0,127,0,41197.53
INV00013123,2025-04-27,STR001,PRD00024,41,0,21,0,20,0,310004.8
INV00013124,2025-04-27,STR001,PRD01131,61,0,23,0,38,0,130170.14
INV00013125,2025-04-27,STR001,PRD00094,26,29,11,1,45,0,558375.3
INV00013126,2025-04-27,STR001,PRD00911,151,0,61,0,90,0,54198.0
INV00013127,2025-04-27,STR001,PRD00151,77,0,20,0,57,0,212818.05
INV00013128,2025-04-27,STR001,PRD00757,97,82,36,0,143,0,148415.41
INV00013129,2025-04-27,STR001,PRD00782,28,105,13,0,120,0,234902.4
INV00013130,2025-04-27,STR001,PRD00079,86,0,43,1,44,0,593373.88
INV00013131,2025-04-27,STR001,PRD01014,148,0,59,0,89,0,56611.12
INV00013132,2025-04-27,STR001,PRD00972,23,113,8,0,128,0,80512.0
INV00013133,2025-04-27,STR001,PRD00899,85,0,24,1,62,0,90443.12
INV00013134,2025-04-27,STR001,PRD00514,75,0,17,0,57,1,52116.81
INV00013135,2025-04-27,STR001,PRD01061,77,0,6,0,71,0,38022.63
INV00013136,2025-04-27,STR001,PRD00683,194,0,100,0,94,0,55838.82
INV00013137,2025-04-27,STR001,PRD01056,85,0,18,0,66,1,19932.66
INV00013138,2025-04-27,STR001,PRD00242,32,92,7,0,117,0,299246.22
INV00013139,2025-04-27,STR001,PRD01062,105,0,46,0,59,0,32040.54
INV00013140,2025-04-27,STR001,PRD00874,180,92,106,0,165,1,384859.2
INV00013141,2025-04-27,STR002,PRD00009,29,0,17,0,12,0,100134.12
INV00013142,2025-04-27,STR002,PRD00531,222,0,19,0,202,1,36804.4
INV00013143,2025-04-27,STR002,PRD00963,337,0,8,0,329,0,20977.04
INV00013144,2025-04-27,STR002,PRD01108,17,103,6,2,116,0,265582.0
INV00013145,2025-04-27,STR002,PRD01095,56,109,30,0,135,0,353830.95
INV00013146,2025-04-27,STR002,PRD00696,44,137,15,0,166,0,179283.32
INV00013147,2025-04-27,STR002,PRD01020,215,0,119,0,96,0,34749.12
INV00013148,2025-04-27,STR002,PRD00327,125,0,17,0,108,0,90095.76
INV00013149,2025-04-27,STR002,PRD00182,24,124,5,0,143,0,163670.65
INV00013150,2025-04-27,STR002,PRD00247,7,26,5,0,28,0,139787.76
INV00013151,2025-04-27,STR002,PRD01113,26,152,10,0,168,0,338674.56
INV00013152,2025-04-27,STR002,PRD00680,68,0,29,0,39,0,109395.0
INV00013153,2025-04-27,STR002,PRD00129,71,0,24,0,47,0,717368.05
INV00013154,2025-04-27,STR002,PRD00157,94,0,33,0,61,0,265666.59
INV00013155,2025-04-27,STR002,PRD00054,54,0,27,0,27,0,319689.18
INV00013156,2025-04-27,STR002,PRD00733,171,0,85,0,86,0,188079.42
INV00013157,2025-04-27,STR002,PRD00270,183,0,50,0,133,0,102284.98
INV00013158,2025-04-27,STR002,PRD00945,45,142,5,0,182,0,100143.68
INV00013159,2025-04-27,STR002,PRD00611,327,0,49,0,278,0,10511.18
INV00013160,2025-04-27,STR002,PRD00063,14,63,6,0,69,2,927840.93
INV00013161,2025-04-27,STR003,PRD00500,49,0,25,0,23,1,17423.19
INV00013162,2025-04-27,STR003,PRD00807,86,173,37,0,222,0,95353.44
INV00013163,2025-04-27,STR003,PRD00633,134,0,44,0,90,0,19161.0
INV00013164,2025-04-27,STR003,PRD00123,17,73,5,1,86,0,480578.32
INV00013165,2025-04-27,STR003,PRD00343,98,0,33,0,65,0,8476.65
INV00013166,2025-04-27,STR003,PRD00315,371,0,49,1,322,1,90623.68
INV00013167,2025-04-27,STR003,PRD00072,15,36,7,0,44,0,137481.96
INV00013168,2025-04-27,STR003,PRD00467,405,0,182,0,223,0,101030.15
INV00013169,2025-04-27,STR003,PRD01200,123,0,54,0,69,0,59740.2
INV00013170,2025-04-27,STR003,PRD00484,96,83,18,1,162,0,91941.48
INV00013171,2025-04-27,STR003,PRD00580,317,194,93,1,419,0,88534.7
INV00013172,2025-04-27,STR003,PRD00679,32,155,7,0,180,0,335797.2
INV00013173,2025-04-27,STR003,PRD00768,170,181,98,0,253,0,51890.3
INV00013174,2025-04-27,STR003,PRD00041,52,25,10,0,66,1,986915.82
INV00013175,2025-04-27,STR003,PRD00945,162,142,66,1,238,1,130957.12
INV00013176,2025-04-27,STR003,PRD00938,97,302,33,0,366,0,119802.78
INV00013177,2025-04-27,STR003,PRD00326,102,0,15,0,87,0,59284.41
INV00013178,2025-04-27,STR003,PRD00415,290,270,59,0,501,0,143381.19
INV00013179,2025-04-27,STR003,PRD00847,146,122,15,0,253,0,409131.36
INV00013180,2025-04-27,STR003,PRD00251,60,59,20,1,100,0,730606.0
INV00013181,2025-04-27,STR004,PRD00350,54,0,26,0,28,0,20597.36
INV00013182,2025-04-27,STR004,PRD00752,76,53,7,0,122,0,368792.58
INV00013183,2025-04-27,STR004,PRD00099,36,0,12,0,24,0,356593.44
INV00013184,2025-04-27,STR004,PRD00230,61,0,27,0,34,0,266419.92
INV00013185,2025-04-27,STR004,PRD00820,100,110,39,0,171,0,201297.78
INV00013186,2025-04-27,STR004,PRD00314,63,0,21,0,40,2,14896.4
INV00013187,2025-04-27,STR004,PRD01027,299,0,53,0,246,0,55527.12
INV00013188,2025-04-27,STR004,PRD01043,385,0,53,0,332,0,26712.72
INV00013189,2025-04-27,STR004,PRD01089,55,70,15,0,110,0,417672.2
INV00013190,2025-04-27,STR004,PRD00067,116,139,7,0,248,0,668290.56
INV00013191,2025-04-27,STR004,PRD00333,133,0,7,0,126,0,69854.4
INV00013192,2025-04-27,STR004,PRD00025,85,0,23,0,62,0,100257.1
INV00013193,2025-04-27,STR004,PRD00168,82,0,5,0,77,0,509051.62
INV00013194,2025-04-27,STR004,PRD00681,146,139,56,0,229,0,617425.22
INV00013195,2025-04-27,STR004,PRD00514,79,0,32,1,46,2,42059.18
INV00013196,2025-04-27,STR004,PRD00742,53,0,26,0,25,2,59206.5
INV00013197,2025-04-27,STR004,PRD00028,139,0,42,0,97,0,256212.89
INV00013198,2025-04-27,STR004,PRD00200,55,0,15,0,40,0,54537.2
INV00013199,2025-04-27,STR004,PRD00911,171,0,12,0,129,0,95749.8
INV00013200,2025-04-27,STR004,PRD00741,78,0,31,0,47,0,95357.83
INV00013201,2025-04-27,STR005,PRD00839,112,178,67,0,223,0,404738.31
INV00013202,2025-04-27,STR005,PRD00185,62,0,13,0,49,0,73501.96
INV00013203,2025-04-27,STR005,PRD00932,322,0,142,0,180,0,52918.2
INV00013204,2025-04-27,STR005,PRD00685,59,167,22,0,204,0,581734.56
INV00013205,2025-04-27,STR005,PRD00066,32,0,18,0,14,0,81490.64
INV00013206,2025-04-27,STR005,PRD00126,46,72,24,0,94,0,576344.08
INV00013207,2025-04-27,STR005,PRD00586,115,0,35,1,81,0,35640.81
INV00013208,2025-04-27,STR005,PRD00315,466,372,83,2,757,0,213050.08
INV00013209,2025-04-27,STR005,PRD00532,98,0,58,0,39,1,31545.54
INV00013210,2025-04-27,STR005,PRD00176,25,171,6,0,190,0,548579.4
INV00013211,2025-04-27,STR005,PRD00540,113,0,48,0,65,0,25260.3
INV00013212,2025-04-27,STR005,PRD00122,35,0,18,0,16,1,261865.12
INV00013213,2025-04-27,STR005,PRD00149,52,0,20,0,32,0,65339.52
INV00013214,2025-04-27,STR005,PRD00656,333,0,176,0,157,0,22152.7
INV00013215,2025-04-27,STR005,PRD00634,50,266,21,0,295,0,88193.2
INV00013216,2025-04-27,STR005,PRD00081,67,0,15,0,52,0,681531.76
INV00013217,2025-04-27,STR005,PRD00691,137,0,47,3,93,0,106943.49
INV00013218,2025-04-27,STR005,PRD00366,112,0,44,0,68,0,32281.64
INV00013219,2025-04-27,STR005,PRD00992,78,299,8,0,369,0,82718.73
INV00013220,2025-04-27,STR005,PRD00801,23,122,5,0,140,0,73476.2
INV00013221,2025-04-27,STR006,PRD00722,22,169,13,3,181,0,211923.85
INV00013222,2025-04-27,STR006,PRD00478,47,0,14,0,33,0,26804.58
INV00013223,2025-04-27,STR006,PRD00734,71,0,40,0,31,0,14563.49
INV00013224,2025-04-27,STR006,PRD00880,233,0,34,0,199,0,58494.06
INV00013225,2025-04-27,STR006,PRD00304,60,0,19,0,40,1,28952.4
INV00013226,2025-04-27,STR006,PRD00107,33,68,19,0,82,0,285664.22
INV00013227,2025-04-27,STR006,PRD01151,15,40,6,3,50,2,168718.0
INV00013228,2025-04-27,STR006,PRD00789,156,165,73,0,248,0,727857.68
INV00013229,2025-04-27,STR006,PRD00370,476,288,14,0,750,0,338497.5
INV00013230,2025-04-27,STR006,PRD00123,43,73,7,0,109,0,609105.08
INV00013231,2025-04-27,STR006,PRD01124,84,0,21,0,62,1,135020.5
INV00013232,2025-04-27,STR006,PRD00005,33,69,10,0,92,0,1696375.12
INV00013233,2025-04-27,STR006,PRD00808,99,130,8,0,220,1,399073.4
INV00013234,2025-04-27,STR006,PRD00423,348,0,63,0,285,0,60961.5
INV00013235,2025-04-27,STR006,PRD01059,182,0,7,0,175,0,64463.0
INV00013236,2025-04-27,STR006,PRD00592,99,0,42,0,56,1,12224.24
INV00013237,2025-04-27,STR006,PRD00175,59,0,10,0,49,0,364308.63
INV00013238,2025-04-27,STR006,PRD00058,105,167,63,1,210,0,539385.0
INV00013239,2025-04-27,STR006,PRD00309,23,133,9,1,147,1,93661.05
INV00013240,2025-04-27,STR006,PRD00993,382,0,93,0,289,0,25119.88
INV00013241,2025-04-27,STR007,PRD00370,191,0,107,2,86,0,38814.38
INV00013242,2025-04-27,STR007,PRD00115,34,0,11,0,23,0,96051.91
INV00013243,2025-04-27,STR007,PRD00185,68,117,31,0,154,0,231006.16
INV00013244,2025-04-27,STR007,PRD00869,61,180,32,0,209,0,494577.6
INV00013245,2025-04-27,STR007,PRD00112,11,70,8,0,73,0,228287.79
INV00013246,2025-04-27,STR007,PRD01065,235,0,61,0,174,0,83234.64
INV00013247,2025-04-27,STR007,PRD00168,75,56,14,0,117,0,773494.02
INV00013248,2025-04-27,STR007,PRD00414,429,245,250,0,424,0,180335.68
INV00013249,2025-04-27,STR007,PRD00659,105,0,43,0,62,0,13568.08
INV00013250,2025-04-27,STR007,PRD01036,246,0,62,0,184,0,23031.28
INV00013251,2025-04-27,STR007,PRD00058,30,167,17,0,180,0,462330.0
INV00013252,2025-04-27,STR007,PRD01026,184,0,14,1,171,0,58473.45
INV00013253,2025-04-27,STR007,PRD00979,264,0,44,1,221,0,8272.03
INV00013254,2025-04-27,STR007,PRD00601,453,0,69,0,384,0,11834.88
INV00013255,2025-04-27,STR007,PRD00317,106,0,22,1,85,0,67954.95
INV00013256,2025-04-27,STR007,PRD00618,98,279,39,3,340,1,62230.2
INV00013257,2025-04-27,STR007,PRD00027,35,0,15,1,21,0,333619.44
INV00013258,2025-04-27,STR007,PRD00730,57,0,29,0,28,0,72266.04
INV00013259,2025-04-27,STR007,PRD00773,28,116,10,1,135,0,69990.75
INV00013260,2025-04-27,STR007,PRD01097,144,0,30,0,114,0,234184.5
INV00013261,2025-04-27,STR008,PRD00902,85,290,28,0,347,0,53462.29
INV00013262,2025-04-27,STR008,PRD00720,67,116,17,0,166,0,349421.7
INV00013263,2025-04-27,STR008,PRD00288,259,0,55,0,204,0,89629.44
INV00013264,2025-04-27,STR008,PRD00152,52,0,19,0,33,0,178920.06
INV00013265,2025-04-27,STR008,PRD00422,291,330,145,1,477,0,79625.61
INV00013266,2025-04-27,STR008,PRD00612,109,0,41,0,68,0,14445.24
INV00013267,2025-04-27,STR008,PRD00571,74,331,9,0,394,2,56535.06
INV00013268,2025-04-27,STR008,PRD00314,64,0,26,0,38,0,14151.58
INV00013269,2025-04-27,STR008,PRD01060,201,0,100,0,101,0,20033.35
INV00013270,2025-04-27,STR008,PRD00648,397,0,38,0,359,0,164159.93
INV00013271,2025-04-27,STR008,PRD01091,36,97,20,0,111,2,311782.35
INV00013272,2025-04-27,STR008,PRD00539,193,0,8,0,185,0,8830.05
INV00013273,2025-04-27,STR008,PRD00841,175,0,46,0,128,1,171297.28
INV00013274,2025-04-27,STR008,PRD00252,11,42,5,0,48,0,361116.0
INV00013275,2025-04-27,STR008,PRD00538,83,154,31,0,206,0,8606.68
INV00013276,2025-04-27,STR008,PRD00674,61,0,25,0,36,0,57261.24
INV00013277,2025-04-27,STR008,PRD00913,91,0,35,0,56,0,120988.0
INV00013278,2025-04-27,STR008,PRD00647,206,306,72,0,440,0,83190.8
INV00013279,2025-04-27,STR008,PRD00898,66,164,23,1,208,0,381513.6
INV00013280,2025-04-27,STR008,PRD00194,77,0,10,0,67,0,277397.42
INV00013281,2025-04-27,STR009,PRD00490,196,0,84,0,111,1,15352.41
INV00013282,2025-04-27,STR009,PRD00522,99,0,17,1,83,0,72693.89
INV00013283,2025-04-27,STR009,PRD00302,204,0,95,0,109,0,24534.81
INV00013284,2025-04-27,STR009,PRD00379,229,0,9,0,220,0,101345.2
INV00013285,2025-04-27,STR009,PRD01116,287,0,36,1,252,0,99872.64
INV00013286,2025-04-27,STR009,PRD00386,77,0,38,0,39,0,28110.42
INV00013287,2025-04-27,STR009,PRD00410,86,362,39,0,409,0,78838.84
INV00013288,2025-04-27,STR009,PRD00321,177,0,100,0,77,0,55092.73
INV00013289,2025-04-27,STR009,PRD00004,54,0,16,2,40,0,589669.2
INV00013290,2025-04-27,STR009,PRD00480,410,0,73,0,337,0,29039.29
INV00013291,2025-04-27,STR009,PRD00642,147,0,12,0,135,0,39179.7
INV00013292,2025-04-27,STR009,PRD01014,83,0,47,0,36,0,22898.88
INV00013293,2025-04-27,STR009,PRD00461,145,0,55,0,90,0,15250.5
INV00013294,2025-04-27,STR009,PRD00570,73,364,15,0,422,0,113336.54
INV00013295,2025-04-27,STR009,PRD00845,115,88,69,0,134,0,204136.94
INV00013296,2025-04-27,STR009,PRD00528,69,0,7,0,62,0,58673.08
INV00013297,2025-04-27,STR009,PRD00646,277,0,155,0,122,0,8026.38
INV00013298,2025-04-27,STR009,PRD00982,194,0,62,0,132,0,7700.88
INV00013299,2025-04-27,STR009,PRD00168,59,0,19,0,39,1,257831.34
INV00013300,2025-04-27,STR009,PRD00419,137,0,9,0,128,0,97781.76
INV00013301,2025-04-27,STR010,PRD01137,137,162,67,0,232,0,249230.64
INV00013302,2025-04-27,STR010,PRD00513,33,270,15,0,288,0,26714.88
INV00013303,2025-04-27,STR010,PRD00166,119,0,46,0,73,0,180383.0
INV00013304,2025-04-27,STR010,PRD00931,112,0,57,0,55,0,68578.4
INV00013305,2025-04-27,STR010,PRD00098,95,0,6,0,89,0,908334.89
INV00013306,2025-04-27,STR010,PRD01127,172,0,64,1,109,0,34813.51
INV00013307,2025-04-27,STR010,PRD00162,21,38,9,0,50,0,334302.0
INV00013308,2025-04-27,STR010,PRD00216,8,66,7,0,67,0,484194.26
INV00013309,2025-04-27,STR010,PRD00353,152,178,9,0,321,0,170069.01
INV00013310,2025-04-27,STR010,PRD00358,273,0,18,0,255,0,119000.85
INV00013311,2025-04-27,STR010,PRD00527,141,0,10,0,131,0,97106.37
INV00013312,2025-04-27,STR010,PRD00206,36,27,20,2,45,0,309737.25
INV00013313,2025-04-27,STR010,PRD00428,116,388,20,0,484,0,118459.0
INV00013314,2025-04-27,STR010,PRD00219,20,88,5,2,105,0,104886.6
INV00013315,2025-04-27,STR010,PRD00504,25,149,7,2,169,0,157886.56
INV00013316,2025-04-27,STR010,PRD00118,55,0,16,0,39,0,411214.83
INV00013317,2025-04-27,STR010,PRD01146,134,0,58,0,76,0,113146.52
INV00013318,2025-04-27,STR010,PRD00829,30,108,6,1,133,0,204669.71
INV00013319,2025-04-27,STR010,PRD00401,159,0,95,0,64,0,40217.6
INV00013320,2025-04-27,STR010,PRD00427,332,0,195,0,137,0,66343.62
INV00013321,2025-04-27,STR011,PRD00470,406,0,241,0,165,0,53643.15
INV00013322,2025-04-27,STR011,PRD01129,302,0,84,0,217,1,61003.04
INV00013323,2025-04-27,STR011,PRD00445,85,0,31,0,54,0,18104.58
INV00013324,2025-04-27,STR011,PRD00237,37,0,20,0,17,0,109873.04
INV00013325,2025-04-27,STR011,PRD00596,299,0,60,0,239,0,95100.49
INV00013326,2025-04-27,STR011,PRD00604,222,0,12,0,210,0,31899.0
INV00013327,2025-04-27,STR011,PRD00615,378,0,148,0,230,0,78048.2
INV00013328,2025-04-27,STR011,PRD00610,137,0,8,0,129,0,53371.17
INV00013329,2025-04-27,STR011,PRD01167,128,148,67,0,209,0,174652.94
INV00013330,2025-04-27,STR011,PRD00867,190,219,79,0,330,0,151060.8
INV00013331,2025-04-27,STR011,PRD01074,20,0,5,0,15,0,49037.25
INV00013332,2025-04-27,STR011,PRD00504,70,0,38,0,32,0,29895.68
INV00013333,2025-04-27,STR011,PRD00227,44,0,25,0,19,0,67785.35
INV00013334,2025-04-27,STR011,PRD00278,221,0,82,0,139,0,40597.73
INV00013335,2025-04-27,STR011,PRD00127,31,0,6,0,25,0,264177.0
INV00013336,2025-04-27,STR011,PRD00196,53,0,15,2,40,0,89875.2
INV00013337,2025-04-27,STR011,PRD00301,61,266,10,0,317,0,41295.59
INV00013338,2025-04-27,STR011,PRD01102,109,0,58,0,51,0,18021.36
INV00013339,2025-04-27,STR011,PRD00902,251,0,55,0,196,0,30197.72
INV00013340,2025-04-27,STR011,PRD00492,42,391,21,0,412,0,149160.48
INV00013341,2025-04-27,STR012,PRD00524,219,0,131,0,87,1,9265.5
INV00013342,2025-04-27,STR012,PRD00942,262,284,128,0,418,0,25803.14
INV00013343,2025-04-27,STR012,PRD00152,59,48,21,0,86,0,466276.52
INV00013344,2025-04-27,STR012,PRD00267,24,71,5,0,90,0,720143.1
INV00013345,2025-04-27,STR012,PRD01037,344,0,122,0,222,0,51546.18
INV00013346,2025-04-27,STR012,PRD00894,56,0,29,1,28,0,45028.48
INV00013347,2025-04-27,STR012,PRD00750,30,125,7,0,148,0,317457.04
INV00013348,2025-04-27,STR012,PRD00421,353,0,73,0,280,0,136220.0
INV00013349,2025-04-27,STR012,PRD00335,108,0,19,2,89,2,55407.84
INV00013350,2025-04-27,STR012,PRD00207,48,69,15,0,102,0,687698.28
INV00013351,2025-04-27,STR012,PRD00501,80,0,47,0,33,0,18062.55
INV00013352,2025-04-27,STR012,PRD01081,28,0,11,0,17,0,59896.61
INV00013353,2025-04-27,STR012,PRD01167,145,0,12,1,134,0,111978.44
INV00013354,2025-04-27,STR012,PRD01049,229,0,69,0,160,0,22060.8
INV00013355,2025-04-27,STR012,PRD00037,30,0,15,0,15,0,251406.3
INV00013356,2025-04-27,STR012,PRD00509,18,133,10,0,140,1,94406.2
INV00013357,2025-04-27,STR012,PRD00794,8,31,6,0,33,0,104294.19
INV00013358,2025-04-27,STR012,PRD00845,111,0,15,1,97,0,147770.77
INV00013359,2025-04-27,STR012,PRD00161,47,28,11,0,64,0,448977.92
INV00013360,2025-04-27,STR012,PRD00134,58,70,14,0,114,0,1704730.92
INV00013361,2025-04-27,STR013,PRD00151,82,28,45,0,65,0,242687.25
INV00013362,2025-04-27,STR013,PRD00773,145,116,79,0,182,0,94357.9
INV00013363,2025-04-27,STR013,PRD00299,23,143,8,0,158,0,130081.4
INV00013364,2025-04-27,STR013,PRD01173,69,269,35,0,303,0,150203.16
INV00013365,2025-04-27,STR013,PRD00050,58,0,28,0,30,0,482280.9
INV00013366,2025-04-27,STR013,PRD00115,32,0,15,2,19,0,79347.23
INV00013367,2025-04-27,STR013,PRD00585,219,0,126,1,94,0,27227.1
INV00013368,2025-04-27,STR013,PRD00771,119,0,45,0,74,0,106273.62
INV00013369,2025-04-27,STR013,PRD00783,27,111,8,0,130,0,187622.5
INV00013370,2025-04-27,STR013,PRD00999,83,0,18,0,65,0,38145.25
INV00013371,2025-04-27,STR013,PRD00125,85,0,41,0,44,0,46476.76
INV00013372,2025-04-27,STR013,PRD00607,277,0,145,1,133,0,24119.55
INV00013373,2025-04-27,STR013,PRD00352,61,154,28,0,187,0,111620.3
INV00013374,2025-04-27,STR013,PRD00449,86,308,18,3,379,0,75474.06
INV00013375,2025-04-27,STR013,PRD00927,158,0,5,0,153,0,89440.74
INV00013376,2025-04-27,STR013,PRD00940,64,259,8,1,316,0,12279.76
INV00013377,2025-04-27,STR013,PRD00587,492,0,142,0,350,0,60126.5
INV00013378,2025-04-27,STR013,PRD00397,126,0,47,0,79,0,57354.79
INV00013379,2025-04-27,STR013,PRD00184,44,0,23,0,21,0,54362.7
INV00013380,2025-04-27,STR013,PRD00320,316,313,88,1,542,0,81294.58
INV00013381,2025-04-27,STR014,PRD00142,124,0,12,0,112,0,306481.28
INV00013382,2025-04-27,STR014,PRD00307,254,0,16,2,240,0,-9999.0
INV00013383,2025-04-27,STR014,PRD00948,97,370,36,0,429,2,11389.95
INV00013384,2025-04-27,STR014,PRD01105,20,130,6,1,143,2,215718.36
INV00013385,2025-04-27,STR014,PRD01152,74,91,29,0,136,0,187503.2
INV00013386,2025-04-27,STR014,PRD00844,166,0,54,0,110,2,244702.7
INV00013387,2025-04-27,STR014,PRD01004,142,0,38,0,104,0,6856.72
INV00013388,2025-04-27,STR014,PRD00959,82,0,42,0,40,0,16107.6
INV00013389,2025-04-27,STR014,PRD00225,60,0,22,0,36,2,250273.44
INV00013390,2025-04-27,STR014,PRD00141,68,0,6,0,62,0,120545.98
INV00013391,2025-04-27,STR014,PRD01094,24,0,12,0,11,1,41768.87
INV00013392,2025-04-27,STR014,PRD00854,25,90,10,0,105,0,154132.65
INV00013393,2025-04-27,STR014,PRD00910,76,0,31,1,46,0,72665.74
INV00013394,2025-04-27,STR014,PRD00589,458,307,20,1,746,0,189513.84
INV00013395,2025-04-27,STR014,PRD00298,96,0,49,1,48,0,31973.76
INV00013396,2025-04-27,STR014,PRD01133,100,0,21,0,79,0,-9999.0
INV00013397,2025-04-27,STR014,PRD00207,79,0,32,0,47,0,316880.58
INV00013398,2025-04-27,STR014,PRD00397,90,108,51,0,147,0,106723.47
INV00013399,2025-04-27,STR014,PRD01026,90,296,34,0,352,0,120366.4
INV00013400,2025-04-27,STR014,PRD00149,84,0,37,1,48,0,98009.28
INV00013401,2025-04-27,STR015,PRD00919,149,97,77,0,169,0,377221.52
INV00013402,2025-04-27,STR015,PRD00843,80,0,9,0,70,1,48262.2
INV00013403,2025-04-27,STR015,PRD00675,38,0,9,0,29,0,21994.47
INV00013404,2025-04-27,STR015,PRD00242,34,92,9,0,117,0,299246.22
INV00013405,2025-04-27,STR015,PRD00680,125,117,14,0,228,0,639540.0
INV00013406,2025-04-27,STR015,PRD00057,79,0,21,0,58,0,116332.34
INV00013407,2025-04-27,STR015,PRD01148,276,0,138,0,138,0,33324.24
INV00013408,2025-04-27,STR015,PRD00309,118,0,5,0,113,0,71997.95
INV00013409,2025-04-27,STR015,PRD00566,427,0,252,0,175,0,74046.0
INV00013410,2025-04-27,STR015,PRD00579,261,0,34,0,227,0,66322.59
INV00013411,2025-04-27,STR015,PRD01112,58,0,10,3,50,1,77909.5
INV00013412,2025-04-27,STR015,PRD00610,261,0,49,0,212,0,87710.76
INV00013413,2025-04-27,STR015,PRD00072,20,0,10,0,10,0,31245.9
INV00013414,2025-04-27,STR015,PRD00314,103,0,31,0,72,0,26813.52
INV00013415,2025-04-27,STR015,PRD00804,49,148,11,0,186,0,105049.08
INV00013416,2025-04-27,STR015,PRD00145,118,0,24,0,94,0,158654.14
INV00013417,2025-04-27,STR015,PRD01106,131,0,25,0,106,0,176930.96
INV00013418,2025-04-27,STR015,PRD00685,64,167,29,0,202,0,576031.28
INV00013419,2025-04-27,STR015,PRD00259,112,95,55,0,151,1,186183.0
INV00013420,2025-04-27,STR015,PRD00083,8,63,8,0,63,0,407123.01
INV00013421,2025-04-27,STR016,PRD00815,42,168,21,1,190,0,351042.1
INV00013422,2025-04-27,STR016,PRD00498,65,233,5,1,294,0,40616.1
INV00013423,2025-04-27,STR016,PRD00552,142,0,52,0,90,0,17544.6
INV00013424,2025-04-27,STR016,PRD00764,72,0,34,1,39,0,71608.29
INV00013425,2025-04-27,STR016,PRD00742,74,0,41,0,33,0,78152.58
INV00013426,2025-04-27,STR016,PRD00024,31,0,10,0,21,0,325505.04
INV00013427,2025-04-27,STR016,PRD00558,292,0,125,1,168,0,40874.4
INV00013428,2025-04-27,STR016,PRD00607,68,154,29,1,194,0,35181.9
INV00013429,2025-04-27,STR016,PRD00995,183,232,106,0,308,1,128657.76
INV00013430,2025-04-27,STR016,PRD00096,110,0,28,0,82,0,94684.58
INV00013431,2025-04-27,STR016,PRD01118,28,59,16,0,71,0,239348.1
INV00013432,2025-04-27,STR016,PRD00156,72,0,31,0,41,0,50509.95
INV00013433,2025-04-27,STR016,PRD00713,31,0,10,0,21,0,61692.96
INV00013434,2025-04-27,STR016,PRD01067,96,0,17,0,78,1,44057.52
INV00013435,2025-04-27,STR016,PRD00028,48,0,16,0,32,0,84523.84
INV00013436,2025-04-27,STR016,PRD00342,44,112,15,0,141,0,98441.97
INV00013437,2025-04-27,STR016,PRD00942,103,284,43,0,344,0,21235.12
INV00013438,2025-04-27,STR016,PRD00615,95,278,36,1,338,0,114696.92
INV00013439,2025-04-27,STR016,PRD00157,81,45,28,0,98,0,426808.62
INV00013440,2025-04-27,STR016,PRD00759,72,152,33,0,191,0,505114.78
INV00013441,2025-04-27,STR017,PRD00407,180,114,83,0,211,0,112547.4
INV00013442,2025-04-27,STR017,PRD00180,73,0,37,1,37,0,93490.86
INV00013443,2025-04-27,STR017,PRD00623,75,293,6,0,362,0,140332.92
INV00013444,2025-04-27,STR017,PRD00599,184,0,39,0,145,0,27458.65
INV00013445,2025-04-27,STR017,PRD00491,88,0,17,0,71,0,37396.41
INV00013446,2025-04-27,STR017,PRD00996,276,0,93,0,183,0,60278.37
INV00013447,2025-04-27,STR017,PRD00634,103,266,49,1,321,0,95966.16
INV00013448,2025-04-27,STR017,PRD01160,46,0,13,1,34,0,118688.56
INV00013449,2025-04-27,STR017,PRD00281,214,0,52,0,162,0,63750.24
INV00013450,2025-04-27,STR017,PRD00898,108,0,21,0,87,0,159575.4
INV00013451,2025-04-27,STR017,PRD00130,52,0,21,0,31,0,399359.98
INV00013452,2025-04-27,STR017,PRD00698,127,0,66,0,61,0,66769.99
INV00013453,2025-04-27,STR017,PRD01018,311,0,119,0,192,0,17049.6
INV00013454,2025-04-27,STR017,PRD00592,74,0,13,0,61,0,13315.69
INV00013455,2025-04-27,STR017,PRD00468,151,0,66,0,85,0,12607.2
INV00013456,2025-04-27,STR017,PRD00153,17,0,6,1,12,0,95065.44
INV00013457,2025-04-27,STR017,PRD00723,20,78,12,0,86,0,94424.56
INV00013458,2025-04-27,STR017,PRD00677,146,0,85,1,62,0,51676.38
INV00013459,2025-04-27,STR017,PRD00392,95,242,34,0,303,0,73410.84
INV00013460,2025-04-27,STR017,PRD00339,61,206,18,0,249,0,124044.33
INV00013461,2025-04-27,STR018,PRD00117,13,70,7,1,77,0,312082.54
INV00013462,2025-04-27,STR018,PRD00299,72,0,9,0,61,2,50221.3
INV00013463,2025-04-27,STR018,PRD00423,180,220,88,0,312,0,66736.8
INV00013464,2025-04-27,STR018,PRD01146,69,121,7,0,182,1,270956.14
INV00013465,2025-04-27,STR018,PRD00177,45,75,11,0,109,0,806389.63
INV00013466,2025-04-27,STR018,PRD00424,117,279,22,0,374,0,141087.76
INV00013467,2025-04-27,STR018,PRD01004,230,329,19,1,541,0,35668.13
INV00013468,2025-04-27,STR018,PRD00351,80,0,36,0,44,0,22142.56
INV00013469,2025-04-27,STR018,PRD01137,73,0,12,0,61,0,65530.47
INV00013470,2025-04-27,STR018,PRD01127,236,0,55,0,181,0,57809.59
INV00013471,2025-04-27,STR018,PRD00048,25,0,10,0,15,0,274456.5
INV00013472,2025-04-27,STR018,PRD01002,239,0,35,1,205,0,11416.45
INV00013473,2025-04-27,STR018,PRD01059,80,0,48,1,33,0,12155.88
INV00013474,2025-04-27,STR018,PRD00432,26,176,11,0,191,0,123584.64
INV00013475,2025-04-27,STR018,PRD00463,107,0,39,0,68,0,50827.96
INV00013476,2025-04-27,STR018,PRD00614,105,0,37,0,68,0,2331.04
INV00013477,2025-04-27,STR018,PRD00541,33,301,13,0,321,0,130187.97
INV00013478,2025-04-27,STR018,PRD00989,44,0,16,0,28,0,16579.08
INV00013479,2025-04-27,STR018,PRD00940,341,0,166,1,-13,0,6839.36
INV00013480,2025-04-27,STR018,PRD00130,35,55,21,0,67,2,863132.86
INV00013481,2025-04-27,STR019,PRD00548,413,0,92,0,321,0,38635.56
INV00013482,2025-04-27,STR019,PRD00453,93,0,42,0,51,0,48264.87
INV00013483,2025-04-27,STR019,PRD00121,92,0,42,1,51,0,475948.83
INV00013484,2025-04-27,STR019,PRD00262,24,0,7,0,17,0,137078.48
INV00013485,2025-04-27,STR019,PRD01074,20,51,9,0,62,0,202687.3
INV00013486,2025-04-27,STR019,PRD00500,140,0,77,0,63,0,47724.39
INV00013487,2025-04-27,STR019,PRD00047,80,0,20,1,61,0,1093299.95
INV00013488,2025-04-27,STR019,PRD00882,57,0,13,0,44,0,96268.92
INV00013489,2025-04-27,STR019,PRD00188,75,0,20,1,56,0,225543.92
INV00013490,2025-04-27,STR019,PRD00587,354,0,181,0,173,0,29719.67
INV00013491,2025-04-27,STR019,PRD00525,473,0,111,0,361,1,23988.45
INV00013492,2025-04-27,STR019,PRD00118,25,0,6,0,19,0,200335.43
INV00013493,2025-04-27,STR019,PRD00735,116,178,24,0,270,0,436395.6
INV00013494,2025-04-27,STR019,PRD00257,60,0,36,0,24,0,51498.48
INV00013495,2025-04-27,STR019,PRD00387,119,0,8,0,111,0,27561.3
INV00013496,2025-04-27,STR019,PRD00363,33,139,11,0,161,0,111146.35
INV00013497,2025-04-27,STR019,PRD00251,87,59,38,0,108,0,789054.48
INV00013498,2025-04-27,STR019,PRD00503,44,100,7,0,137,0,72033.23
INV00013499,2025-04-27,STR019,PRD00841,199,0,115,0,84,0,112413.84
INV00013500,2025-04-27,STR019,PRD00849,221,0,95,0,126,0,26684.28
INV00013501,2025-04-27,STR020,PRD00922,125,89,18,1,197,0,123747.52
INV00013502,2025-04-27,STR020,PRD00094,61,0,18,0,43,0,533558.62
INV00013503,2025-04-27,STR020,PRD00057,128,0,9,0,119,0,238681.87
INV00013504,2025-04-27,STR020,PRD00441,172,0,78,0,94,0,66465.52
INV00013505,2025-04-27,STR020,PRD00977,213,0,47,2,167,1,47140.76
INV00013506,2025-04-27,STR020,PRD00729,103,156,51,0,208,0,532005.76
INV00013507,2025-04-27,STR020,PRD01116,322,0,78,0,244,0,96702.08
INV00013508,2025-04-27,STR020,PRD00406,116,0,61,0,55,0,29318.3
INV00013509,2025-04-27,STR020,PRD00834,108,0,59,3,52,0,47605.48
INV00013510,2025-04-27,STR020,PRD00308,171,382,96,0,455,2,118559.35
INV00013511,2025-04-27,STR020,PRD00127,19,0,11,0,8,0,84536.64
INV00013512,2025-04-27,STR020,PRD00411,54,0,31,0,23,0,14532.55
INV00013513,2025-04-27,STR020,PRD00492,85,0,48,0,37,0,13395.48
INV00013514,2025-04-27,STR020,PRD00257,54,0,7,0,47,0,100851.19
INV00013515,2025-04-27,STR020,PRD01117,176,0,33,3,146,0,211232.8
INV00013516,2025-04-27,STR020,PRD00462,107,371,14,0,462,2,94830.12
INV00013517,2025-04-27,STR020,PRD00446,60,94,16,0,138,0,121634.58
INV00013518,2025-04-27,STR020,PRD00356,37,173,11,0,199,0,146101.82
INV00013519,2025-04-27,STR020,PRD00437,59,173,22,0,210,0,56935.2
INV00013520,2025-04-27,STR020,PRD00038,54,0,7,0,47,0,99335.91
INV00013521,2025-04-27,STR021,PRD00833,139,0,41,0,98,0,96032.16
INV00013522,2025-04-27,STR021,PRD00815,151,0,55,0,96,0,177368.64
INV00013523,2025-04-27,STR021,PRD00245,42,36,20,0,58,0,256899.98
INV00013524,2025-04-27,STR021,PRD00550,159,349,19,0,489,0,178445.88
INV00013525,2025-04-27,STR021,PRD00042,23,0,5,0,18,0,214914.06
INV00013526,2025-04-27,STR021,PRD00144,34,66,15,0,85,0,421945.95
INV00013527,2025-04-27,STR021,PRD01079,81,173,19,1,236,0,45203.44
INV00013528,2025-04-27,STR021,PRD00614,160,0,29,0,131,0,4490.68
INV00013529,2025-04-27,STR021,PRD00514,47,96,11,0,132,0,120691.56
INV00013530,2025-04-27,STR021,PRD00776,28,160,10,0,178,0,121887.28
INV00013531,2025-04-27,STR021,PRD00728,23,58,8,0,72,1,216693.36
INV00013532,2025-04-27,STR021,PRD00473,147,0,59,1,89,0,8439.87
INV00013533,2025-04-27,STR021,PRD00097,10,37,8,0,39,0,563076.54
INV00013534,2025-04-27,STR021,PRD00014,73,0,33,0,40,0,183465.6
INV00013535,2025-04-27,STR021,PRD00389,68,122,22,0,168,0,124313.28
INV00013536,2025-04-27,STR021,PRD00536,143,0,36,0,107,0,28991.65
INV00013537,2025-04-27,STR021,PRD00307,465,254,230,2,461,0,237064.62
INV00013538,2025-04-27,STR021,PRD00740,42,99,24,0,117,0,332550.27
INV00013539,2025-04-27,STR021,PRD00017,41,0,23,1,18,1,81089.64
INV00013540,2025-04-27,STR021,PRD01164,62,0,21,0,41,0,45457.11
INV00013541,2025-04-27,STR022,PRD01098,110,0,5,1,106,0,119023.16
INV00013542,2025-04-27,STR022,PRD00445,206,0,120,0,86,0,28833.22
INV00013543,2025-04-27,STR022,PRD00866,40,90,14,0,116,0,72194.92
INV00013544,2025-04-27,STR022,PRD01160,52,0,10,0,41,1,143124.44
INV00013545,2025-04-27,STR022,PRD00132,31,0,7,0,24,0,425416.08
INV00013546,2025-04-27,STR022,PRD00360,62,249,13,1,299,0,71526.78
INV00013547,2025-04-27,STR022,PRD00291,245,0,92,0,153,0,42803.28
INV00013548,2025-04-27,STR022,PRD00150,40,167,12,1,196,0,175902.16
INV00013549,2025-04-27,STR022,PRD00645,381,0,226,1,156,0,51545.52
INV00013550,2025-04-27,STR022,PRD00602,120,0,16,1,105,0,21764.4
INV00013551,2025-04-27,STR022,PRD00999,68,0,34,0,33,1,19366.05
INV00013552,2025-04-27,STR022,PRD00130,54,0,12,0,42,0,541068.36
INV00013553,2025-04-27,STR022,PRD00036,32,0,10,0,22,0,125585.68
INV00013554,2025-04-27,STR022,PRD00912,316,0,13,0,303,0,92808.9
INV00013555,2025-04-27,STR022,PRD00665,120,253,34,0,339,0,34964.46
INV00013556,2025-04-27,STR022,PRD00299,53,143,26,0,170,0,139961.0
INV00013557,2025-04-27,STR022,PRD00032,19,52,9,0,62,0,917600.0
INV00013558,2025-04-27,STR022,PRD00164,72,0,15,0,57,0,269530.77
INV00013559,2025-04-27,STR022,PRD00637,185,391,26,0,550,0,117480.0
INV00013560,2025-04-27,STR022,PRD00753,63,103,22,1,144,1,377527.68
INV00013561,2025-04-27,STR023,PRD01072,143,0,50,1,94,0,20680.0
INV00013562,2025-04-27,STR023,PRD00143,26,0,5,0,19,2,153103.14
INV00013563,2025-04-27,STR023,PRD01001,172,0,98,0,74,0,13199.38
INV00013564,2025-04-27,STR023,PRD00293,336,345,176,0,505,0,223462.5
INV00013565,2025-04-27,STR023,PRD00981,111,177,32,0,256,0,13885.44
INV00013566,2025-04-27,STR023,PRD00610,110,217,63,0,263,1,108810.99
INV00013567,2025-04-27,STR023,PRD00836,51,163,20,0,194,0,79175.28
INV00013568,2025-04-27,STR023,PRD00863,42,80,25,0,97,0,72270.82
INV00013569,2025-04-27,STR023,PRD00813,68,0,21,0,46,1,92432.86
INV00013570,2025-04-27,STR023,PRD00367,80,372,10,1,443,0,109323.54
INV00013571,2025-04-27,STR023,PRD01063,297,201,146,0,352,0,171913.28
INV00013572,2025-04-27,STR023,PRD00831,77,0,23,1,55,0,109624.35
INV00013573,2025-04-27,STR023,PRD00796,70,216,14,0,272,0,89732.8
INV00013574,2025-04-27,STR023,PRD00786,46,84,7,1,124,0,190152.76
INV00013575,2025-04-27,STR023,PRD00749,127,0,11,0,116,0,283593.32
INV00013576,2025-04-27,STR023,PRD00326,96,0,25,0,70,1,47700.1
INV00013577,2025-04-27,STR023,PRD01173,308,0,103,0,205,0,101622.6
INV00013578,2025-04-27,STR023,PRD00854,81,0,14,0,67,0,98351.31
INV00013579,2025-04-27,STR023,PRD01188,27,83,16,0,93,1,156820.32
INV00013580,2025-04-27,STR023,PRD00908,87,85,26,1,147,0,196988.82
INV00013581,2025-04-27,STR024,PRD00408,164,0,8,0,156,0,122135.52
INV00013582,2025-04-27,STR024,PRD00341,30,124,8,0,146,0,88411.76
INV00013583,2025-04-27,STR024,PRD01181,95,0,27,1,68,1,87232.44
INV00013584,2025-04-27,STR024,PRD00448,109,154,28,0,235,0,121861.6
INV00013585,2025-04-27,STR024,PRD00425,171,0,13,0,158,0,110206.58
INV00013586,2025-04-27,STR024,PRD00204,26,174,12,1,189,0,487640.79
INV00013587,2025-04-27,STR024,PRD00744,138,0,64,0,74,0,213075.6
INV00013588,2025-04-27,STR024,PRD00872,252,358,42,0,568,0,189496.16
INV00013589,2025-04-27,STR024,PRD01112,117,0,62,2,57,0,88816.83
INV00013590,2025-04-27,STR024,PRD01037,214,0,61,0,153,0,35525.07
INV00013591,2025-04-27,STR024,PRD00149,85,0,44,1,42,0,85758.12
INV00013592,2025-04-27,STR024,PRD00684,33,148,8,0,172,1,424072.88
INV00013593,2025-04-27,STR024,PRD00514,62,0,19,0,41,2,37487.53
INV00013594,2025-04-27,STR024,PRD00909,64,0,12,0,52,0,45212.96
INV00013595,2025-04-27,STR024,PRD01142,112,0,28,0,83,1,187977.57
INV00013596,2025-04-27,STR024,PRD00586,261,0,95,0,165,1,72601.65
INV00013597,2025-04-27,STR024,PRD00415,412,270,182,0,500,0,143095.0
INV00013598,2025-04-27,STR024,PRD01188,125,83,40,0,168,0,283288.32
INV00013599,2025-04-27,STR024,PRD00961,396,0,82,0,314,0,49778.42
INV00013600,2025-04-27,STR024,PRD00131,50,0,28,0,22,0,198713.46
INV00013601,2025-04-27,STR025,PRD00836,95,163,53,0,205,0,83664.6
INV00013602,2025-04-27,STR025,PRD00886,91,0,19,0,72,0,68018.4
INV00013603,2025-04-27,STR025,PRD00803,42,119,5,0,156,0,191059.44
INV00013604,2025-04-27,STR025,PRD01104,74,0,5,0,68,1,237208.48
INV00013605,2025-04-27,STR025,PRD00183,31,33,5,0,59,0,264825.04
INV00013606,2025-04-27,STR025,PRD01118,7,59,7,0,59,0,198894.9
INV00013607,2025-04-27,STR025,PRD00060,90,0,31,0,59,0,621360.27
INV00013608,2025-04-27,STR025,PRD01044,21,111,8,0,124,0,67515.52
INV00013609,2025-04-27,STR025,PRD00715,45,0,20,1,26,0,51584.0
INV00013610,2025-04-27,STR025,PRD01046,45,168,9,1,205,0,107889.45
INV00013611,2025-04-27,STR025,PRD00007,63,0,13,3,53,0,819496.6
INV00013612,2025-04-27,STR025,PRD00838,58,0,34,1,25,0,26171.25
INV00013613,2025-04-27,STR025,PRD00085,9,48,5,0,52,0,929530.16
INV00013614,2025-04-27,STR025,PRD00281,329,0,38,0,291,0,114514.32
INV00013615,2025-04-27,STR025,PRD00881,142,154,19,0,277,0,147782.27
INV00013616,2025-04-27,STR025,PRD00465,190,268,106,0,352,0,155865.6
INV00013617,2025-04-27,STR025,PRD00396,416,162,63,1,516,0,234625.2
INV00013618,2025-04-27,STR025,PRD01096,87,132,5,0,214,0,366851.64
INV00013619,2025-04-27,STR025,PRD00017,52,0,7,0,45,0,202724.1
INV00013620,2025-04-27,STR025,PRD00731,22,122,7,0,137,0,216740.85
INV00013621,2025-04-27,STR026,PRD00228,32,0,17,0,14,1,41752.34
INV00013622,2025-04-27,STR026,PRD00602,166,339,74,0,431,0,89337.68
INV00013623,2025-04-27,STR026,PRD01064,437,0,205,0,232,0,18242.16
INV00013624,2025-04-27,STR026,PRD00115,20,65,10,0,74,1,309036.58
INV00013625,2025-04-27,STR026,PRD00469,167,0,83,0,84,0,32713.8
INV00013626,2025-04-27,STR026,PRD00066,21,0,8,1,14,0,81490.64
INV00013627,2025-04-27,STR026,PRD00872,288,0,98,2,192,0,64055.04
INV00013628,2025-04-27,STR026,PRD00374,53,0,20,0,33,0,24364.89
INV00013629,2025-04-27,STR026,PRD00385,123,0,25,0,98,0,27294.96
INV00013630,2025-04-27,STR026,PRD01042,311,0,15,0,295,1,27933.55
INV00013631,2025-04-27,STR026,PRD00974,346,0,118,0,228,0,24341.28
INV00013632,2025-04-27,STR026,PRD01121,27,130,14,0,143,0,139364.94
INV00013633,2025-04-27,STR026,PRD01049,170,0,102,0,68,0,9375.84
INV00013634,2025-04-27,STR026,PRD01000,86,209,33,0,262,0,90617.94
INV00013635,2025-04-27,STR026,PRD00734,193,0,92,0,101,0,47448.79
INV00013636,2025-04-27,STR026,PRD00017,86,0,14,0,72,0,324358.56
INV00013637,2025-04-27,STR026,PRD00685,40,167,7,1,201,0,573179.64
INV00013638,2025-04-27,STR026,PRD00475,69,0,22,0,47,0,26741.12
INV00013639,2025-04-27,STR026,PRD00245,62,0,29,0,31,2,137308.61
INV00013640,2025-04-27,STR026,PRD00090,44,73,10,0,107,0,594584.02
INV00013641,2025-04-27,STR027,PRD00484,103,0,39,0,64,0,36322.56
INV00013642,2025-04-27,STR027,PRD00111,78,0,23,0,55,0,698168.9
INV00013643,2025-04-27,STR027,PRD00694,142,0,25,1,118,0,273643.18
INV00013644,2025-04-27,STR027,PRD00655,258,354,23,0,589,0,27771.35
INV00013645,2025-04-27,STR027,PRD01151,56,0,20,0,35,1,118102.6
INV00013646,2025-04-27,STR027,PRD00590,239,0,10,0,229,0,55688.22
INV00013647,2025-04-27,STR027,PRD00428,197,388,39,1,547,0,133878.25
INV00013648,2025-04-27,STR027,PRD00847,158,122,55,0,225,0,363852.0
INV00013649,2025-04-27,STR027,PRD00088,46,0,27,0,19,0,333020.6
INV00013650,2025-04-27,STR027,PRD00197,28,38,15,0,51,0,192730.53
INV00013651,2025-04-27,STR027,PRD00451,141,137,39,0,239,0,120749.97
INV00013652,2025-04-27,STR027,PRD00777,121,0,59,0,62,0,120390.36
INV00013653,2025-04-27,STR027,PRD01131,76,0,29,0,47,0,160999.91
INV00013654,2025-04-27,STR027,PRD01161,147,122,14,0,255,0,565834.8
INV00013655,2025-04-27,STR027,PRD00066,40,0,20,0,20,0,116415.2
INV00013656,2025-04-27,STR027,PRD00046,16,31,8,0,39,0,327498.6
INV00013657,2025-04-27,STR027,PRD00524,317,176,106,0,387,0,41215.5
INV00013658,2025-04-27,STR027,PRD00554,137,0,32,0,105,0,48973.05
INV00013659,2025-04-27,STR027,PRD00720,30,0,15,0,15,0,31574.25
INV00013660,2025-04-27,STR027,PRD00048,27,29,15,0,41,0,750181.1
INV00013661,2025-04-27,STR028,PRD01156,54,0,23,1,32,0,72568.64
INV00013662,2025-04-27,STR028,PRD00796,205,216,35,0,386,0,127341.4
INV00013663,2025-04-27,STR028,PRD00641,160,352,11,1,502,0,167226.24
INV00013664,2025-04-27,STR028,PRD00125,92,0,51,0,41,0,43307.89
INV00013665,2025-04-27,STR028,PRD00216,16,0,5,0,11,0,79494.58
INV00013666,2025-04-27,STR028,PRD00230,36,0,21,0,15,0,117538.2
INV00013667,2025-04-27,STR028,PRD00967,83,235,31,0,287,0,8190.98
INV00013668,2025-04-27,STR028,PRD00058,102,167,23,0,246,0,631851.0
INV00013669,2025-04-27,STR028,PRD01173,110,0,18,1,93,0,46101.96
INV00013670,2025-04-27,STR028,PRD00045,11,66,6,1,72,0,995196.96
INV00013671,2025-04-27,STR028,PRD00799,57,0,29,0,28,0,68840.24
INV00013672,2025-04-27,STR028,PRD00115,38,0,12,0,26,0,108580.42
INV00013673,2025-04-27,STR028,PRD00157,78,45,41,0,82,0,357125.58
INV00013674,2025-04-27,STR028,PRD00304,71,0,15,0,56,0,40533.36
INV00013675,2025-04-27,STR028,PRD00466,198,0,77,1,122,0,76825.84
INV00013676,2025-04-27,STR028,PRD00949,57,89,8,1,139,0,78792.15
INV00013677,2025-04-27,STR028,PRD00769,75,0,11,0,64,0,79498.88
INV00013678,2025-04-27,STR028,PRD00011,16,44,5,0,55,0,540907.95
INV00013679,2025-04-27,STR028,PRD00188,54,0,27,0,27,0,108744.39
INV00013680,2025-04-27,STR028,PRD00823,138,0,49,0,89,0,152874.41
INV00013681,2025-04-27,STR029,PRD00275,57,115,22,0,150,0,127185.0
INV00013682,2025-04-27,STR029,PRD00296,250,0,141,0,109,0,13257.67
INV00013683,2025-04-27,STR029,PRD00851,140,0,81,0,59,0,113716.01
INV00013684,2025-04-27,STR029,PRD00187,37,0,17,1,21,0,70653.03
INV00013685,2025-04-27,STR029,PRD00276,34,351,15,0,370,0,108287.9
INV00013686,2025-04-27,STR029,PRD00383,93,0,30,0,63,0,8551.62
INV00013687,2025-04-27,STR029,PRD00231,18,41,7,0,52,0,348664.68
INV00013688,2025-04-27,STR029,PRD00128,68,61,20,0,109,0,977055.29
INV00013689,2025-04-27,STR029,PRD00445,163,0,64,0,99,0,33191.73
INV00013690,2025-04-27,STR029,PRD00953,106,269,61,0,314,0,18202.58
INV00013691,2025-04-27,STR029,PRD01006,102,143,51,0,194,0,117697.86
INV00013692,2025-04-27,STR029,PRD00158,119,0,67,2,54,0,139451.76
INV00013693,2025-04-27,STR029,PRD00300,111,0,65,0,46,0,27650.6
INV00013694,2025-04-27,STR029,PRD00842,123,0,17,0,105,1,100472.4
INV00013695,2025-04-27,STR029,PRD00933,29,0,17,0,12,0,26163.6
INV00013696,2025-04-27,STR029,PRD00714,94,0,21,0,73,0,98404.73
INV00013697,2025-04-27,STR029,PRD00708,152,0,28,0,123,1,231627.45
INV00013698,2025-04-27,STR029,PRD01174,96,0,46,1,51,0,135913.47
INV00013699,2025-04-27,STR029,PRD00345,99,260,54,0,304,1,119739.52
INV00013700,2025-04-27,STR029,PRD00601,367,176,81,0,462,0,14238.84
INV00013701,2025-04-27,STR030,PRD00812,66,0,10,2,58,0,105751.4
INV00013702,2025-04-27,STR030,PRD00926,124,355,35,0,444,0,213675.0
INV00013703,2025-04-27,STR030,PRD00186,20,45,9,0,56,0,286993.84
INV00013704,2025-04-27,STR030,PRD01074,24,0,14,0,10,0,32691.5
INV00013705,2025-04-27,STR030,PRD00272,209,0,73,0,136,0,46881.92
INV00013706,2025-04-27,STR030,PRD00797,195,0,98,0,97,0,39906.77
INV00013707,2025-04-27,STR030,PRD00783,95,0,48,0,47,0,67832.75
INV00013708,2025-04-27,STR030,PRD00842,52,81,9,0,124,0,118653.12
INV00013709,2025-04-27,STR030,PRD00666,207,198,14,0,391,0,63619.61
INV00013710,2025-04-27,STR030,PRD00190,91,0,54,0,37,0,294346.84
INV00013711,2025-04-27,STR030,PRD00482,362,272,15,0,619,0,213010.28
INV00013712,2025-04-27,STR030,PRD00660,60,226,30,0,256,0,60938.24
INV00013713,2025-04-27,STR030,PRD00401,119,0,15,0,104,0,65353.6
INV00013714,2025-04-27,STR030,PRD01093,96,0,8,0,88,0,254057.76
INV00013715,2025-04-27,STR030,PRD00295,91,135,54,0,172,0,97780.28
INV00013716,2025-04-27,STR030,PRD00264,77,0,29,0,48,0,152257.92
INV00013717,2025-04-27,STR030,PRD00500,23,97,10,0,110,0,83328.3
INV00013718,2025-04-27,STR030,PRD00920,46,0,15,0,31,0,47568.26
INV00013719,2025-04-27,STR030,PRD00423,127,0,69,0,58,0,12406.2
INV00013720,2025-04-27,STR030,PRD00757,70,0,22,3,51,0,52931.37
INV00013721,2025-04-27,STR031,PRD00932,351,0,128,0,222,1,65265.78
INV00013722,2025-04-27,STR031,PRD00708,47,101,6,0,142,0,267407.3
INV00013723,2025-04-27,STR031,PRD00014,103,0,26,2,79,0,362344.56
INV00013724,2025-04-27,STR031,PRD00883,71,0,36,2,37,0,53186.76
INV00013725,2025-04-27,STR031,PRD00111,29,0,5,1,25,0,317349.5
INV00013726,2025-04-27,STR031,PRD00247,40,0,13,0,27,0,134795.34
INV00013727,2025-04-27,STR031,PRD00779,87,0,32,0,55,0,54905.95
INV00013728,2025-04-27,STR031,PRD00318,477,0,20,0,457,0,54277.89
INV00013729,2025-04-27,STR031,PRD00602,101,0,59,0,42,0,8705.76
INV00013730,2025-04-27,STR031,PRD00210,41,40,20,0,60,1,331992.0
INV00013731,2025-04-27,STR031,PRD00927,161,76,74,0,162,1,94701.96
INV00013732,2025-04-27,STR031,PRD01076,21,99,7,0,113,0,293297.15
INV00013733,2025-04-27,STR031,PRD00715,28,0,11,0,17,0,33728.0
INV00013734,2025-04-27,STR031,PRD00527,79,0,22,0,57,0,42252.39
INV00013735,2025-04-27,STR031,PRD00670,128,0,69,0,59,0,112980.28
INV00013736,2025-04-27,STR031,PRD00890,90,0,34,0,56,0,30012.08
INV00013737,2025-04-27,STR031,PRD00009,24,0,7,0,17,0,141856.67
INV00013738,2025-04-27,STR031,PRD00076,101,0,14,0,86,1,922399.02
INV00013739,2025-04-27,STR031,PRD00773,36,116,21,0,129,2,66880.05
INV00013740,2025-04-27,STR031,PRD00416,85,0,7,0,78,0,53959.62
INV00013741,2025-04-27,STR032,PRD00526,100,0,7,0,93,0,55078.32
INV00013742,2025-04-27,STR032,PRD00164,20,54,12,2,64,0,302631.04
INV00013743,2025-04-27,STR032,PRD00308,195,382,61,0,515,1,134193.55
INV00013744,2025-04-27,STR032,PRD00670,141,0,31,1,110,1,210641.2
INV00013745,2025-04-27,STR032,PRD00082,47,0,9,0,38,0,248992.72
INV00013746,2025-04-27,STR032,PRD01034,183,0,59,3,127,0,27650.44
INV00013747,2025-04-27,STR032,PRD01195,59,0,27,0,32,0,108743.36
INV00013748,2025-04-27,STR032,PRD01029,97,0,35,0,62,0,33688.32
INV00013749,2025-04-27,STR032,PRD00785,71,0,7,0,64,0,176309.12
INV00013750,2025-04-27,STR032,PRD00042,39,55,5,0,89,0,1062630.63
INV00013751,2025-04-27,STR032,PRD00150,72,0,40,0,32,0,28718.72
INV00013752,2025-04-27,STR032,PRD00124,84,0,49,0,35,0,249324.25
INV00013753,2025-04-27,STR032,PRD00473,197,0,107,0,90,0,8534.7
INV00013754,2025-04-27,STR032,PRD00620,350,0,65,0,285,0,92815.95
INV00013755,2025-04-27,STR032,PRD00619,396,345,11,0,730,0,101710.9
INV00013756,2025-04-27,STR032,PRD00645,410,0,191,0,219,0,72361.98
INV00013757,2025-04-27,STR032,PRD00666,184,0,71,0,83,0,18386.23
INV00013758,2025-04-27,STR032,PRD00775,85,0,27,0,58,0,114639.9
INV00013759,2025-04-27,STR032,PRD00754,98,0,50,0,48,0,10602.24
INV00013760,2025-04-27,STR032,PRD00691,38,133,17,0,154,0,177089.22
INV00013761,2025-04-27,STR033,PRD00435,60,0,20,0,40,0,23366.8
INV00013762,2025-04-27,STR033,PRD00938,135,302,69,0,368,0,120457.44
INV00013763,2025-04-27,STR033,PRD00208,62,147,16,0,193,0,395900.9
INV00013764,2025-04-27,STR033,PRD00896,232,291,74,0,449,0,65118.47
INV00013765,2025-04-27,STR033,PRD00014,33,0,5,0,28,0,128425.92
INV00013766,2025-04-27,STR033,PRD00796,92,0,5,0,87,0,28701.3
INV00013767,2025-04-27,STR033,PRD00145,124,163,36,0,251,0,423640.31
INV00013768,2025-04-27,STR033,PRD00077,79,0,14,1,66,0,797095.86
INV00013769,2025-04-27,STR033,PRD00680,24,117,9,0,132,0,370260.0
INV00013770,2025-04-27,STR033,PRD00899,23,112,10,0,125,0,182345.0
INV00013771,2025-04-27,STR033,PRD00662,240,0,74,0,165,1,23258.4
INV00013772,2025-04-27,STR033,PRD00076,58,0,5,0,53,0,568455.21
INV00013773,2025-04-27,STR033,PRD00588,325,0,193,0,132,0,11931.48
INV00013774,2025-04-27,STR033,PRD00671,440,0,252,0,187,1,38897.87
INV00013775,2025-04-27,STR033,PRD01093,59,0,28,0,31,0,89497.62
INV00013776,2025-04-27,STR033,PRD01085,20,0,5,1,16,0,66180.64
INV00013777,2025-04-27,STR033,PRD01019,189,0,38,0,151,0,73952.25
INV00013778,2025-04-27,STR033,PRD00059,33,0,13,0,20,0,245395.2
INV00013779,2025-04-27,STR033,PRD00963,370,0,117,0,252,1,16067.52
INV00013780,2025-04-27,STR033,PRD00698,107,0,58,0,49,0,53634.91
INV00013781,2025-04-27,STR034,PRD01193,47,0,17,0,30,0,31047.3
INV00013782,2025-04-27,STR034,PRD00698,30,175,17,0,188,0,205782.92
INV00013783,2025-04-27,STR034,PRD00461,176,0,60,1,-20,0,19825.65
INV00013784,2025-04-27,STR034,PRD00281,156,0,81,0,74,1,29120.48
INV00013785,2025-04-27,STR034,PRD00563,239,0,11,0,228,0,98851.68
INV00013786,2025-04-27,STR034,PRD00848,106,0,6,0,100,0,161632.0
INV00013787,2025-04-27,STR034,PRD00437,167,173,39,0,301,0,81607.12
INV00013788,2025-04-27,STR034,PRD00439,167,0,73,0,94,0,8987.34
INV00013789,2025-04-27,STR034,PRD00182,142,0,62,1,81,0,92708.55
INV00013790,2025-04-27,STR034,PRD01074,70,0,26,0,44,0,143842.6
INV00013791,2025-04-27,STR034,PRD00794,21,0,6,0,15,0,47406.45
INV00013792,2025-04-27,STR034,PRD00596,289,205,102,0,392,0,155980.72
INV00013793,2025-04-27,STR034,PRD00379,272,0,156,0,116,0,53436.56
INV00013794,2025-04-27,STR034,PRD00092,78,0,5,0,73,0,341470.64
INV00013795,2025-04-27,STR034,PRD00013,20,0,7,0,11,2,141482.99
INV00013796,2025-04-27,STR034,PRD01152,72,0,40,0,32,0,44118.4
INV00013797,2025-04-27,STR034,PRD00815,114,168,41,0,241,0,445269.19
INV00013798,2025-04-27,STR034,PRD00057,31,87,9,0,109,0,218624.57
INV00013799,2025-04-27,STR034,PRD00095,19,47,6,0,60,0,834828.0
INV00013800,2025-04-27,STR034,PRD00588,80,245,40,0,285,0,25761.15
INV00013801,2025-04-27,STR035,PRD00622,242,0,30,0,212,0,84755.48
INV00013802,2025-04-27,STR035,PRD01131,37,0,10,0,27,0,92489.31
INV00013803,2025-04-27,STR035,PRD00072,22,0,8,0,14,0,43744.26
INV00013804,2025-04-27,STR035,PRD00782,21,105,11,1,116,0,227072.32
INV00013805,2025-04-27,STR035,PRD00455,111,152,5,0,258,0,145375.26
INV00013806,2025-04-27,STR035,PRD00794,14,0,8,0,6,0,18962.58
INV00013807,2025-04-27,STR035,PRD00635,267,0,99,0,168,0,34826.4
INV00013808,2025-04-27,STR035,PRD01180,11,72,5,0,78,0,331017.18
INV00013809,2025-04-27,STR035,PRD01128,46,78,16,0,108,0,155593.44
INV00013810,2025-04-27,STR035,PRD01032,232,0,85,0,147,0,10319.4
INV00013811,2025-04-27,STR035,PRD00047,80,0,39,1,40,2,716918.0
INV00013812,2025-04-27,STR035,PRD00348,60,0,7,0,53,0,36785.18
INV00013813,2025-04-27,STR035,PRD00956,101,77,6,0,172,0,98384.0
INV00013814,2025-04-27,STR035,PRD01150,200,0,66,0,133,1,315481.32
INV00013815,2025-04-27,STR035,PRD00197,16,0,8,0,8,0,30232.24
INV00013816,2025-04-27,STR035,PRD00454,444,0,214,0,230,0,41929.0
INV00013817,2025-04-27,STR035,PRD00148,60,0,23,0,37,0,173688.36
INV00013818,2025-04-27,STR035,PRD01074,13,51,6,0,58,0,189610.7
INV00013819,2025-04-27,STR035,PRD00149,15,140,8,0,147,0,300153.42
INV00013820,2025-04-27,STR035,PRD00307,497,254,223,2,530,0,255894.6
INV00013821,2025-04-27,STR036,PRD00823,170,0,81,0,89,0,152874.41
INV00013822,2025-04-27,STR036,PRD00131,48,0,10,0,38,0,343232.34
INV00013823,2025-04-27,STR036,PRD00269,336,0,6,0,329,1,32840.78
INV00013824,2025-04-27,STR036,PRD00574,102,0,40,0,62,0,20990.72
INV00013825,2025-04-27,STR036,PRD00796,235,0,67,0,168,0,55423.2
INV00013826,2025-04-27,STR036,PRD00057,77,0,23,1,55,0,110315.15
INV00013827,2025-04-27,STR036,PRD01065,367,0,86,0,281,0,134419.16
INV00013828,2025-04-27,STR036,PRD01031,121,0,55,0,66,0,34542.42
INV00013829,2025-04-27,STR036,PRD00681,61,139,12,0,187,1,504185.66
INV00013830,2025-04-27,STR036,PRD00742,94,0,27,0,67,0,158673.42
INV00013831,2025-04-27,STR036,PRD00705,263,186,30,0,418,1,137283.74
INV00013832,2025-04-27,STR036,PRD00972,70,113,25,0,158,0,99382.0
INV00013833,2025-04-27,STR036,PRD00851,116,0,25,0,91,0,175392.49
INV00013834,2025-04-27,STR036,PRD00052,170,0,53,1,118,0,134175.44
INV00013835,2025-04-27,STR036,PRD00020,78,0,43,0,35,0,68190.15
INV00013836,2025-04-27,STR036,PRD00302,144,0,18,0,126,0,28361.34
INV00013837,2025-04-27,STR036,PRD00274,172,0,20,0,152,0,64715.52
INV00013838,2025-04-27,STR036,PRD00636,74,216,23,0,267,0,120801.48
INV00013839,2025-04-27,STR036,PRD01110,63,0,14,1,50,0,29055.5
INV00013840,2025-04-27,STR036,PRD00455,40,152,24,0,168,0,94662.96
INV00013841,2025-04-27,STR037,PRD01083,36,71,9,0,98,0,384328.56
INV00013842,2025-04-27,STR037,PRD00755,286,177,25,0,437,1,150463.47
INV00013843,2025-04-27,STR037,PRD01186,121,0,47,0,73,1,109660.6
INV00013844,2025-04-27,STR037,PRD00109,77,0,9,0,68,0,633522.0
INV00013845,2025-04-27,STR037,PRD01152,20,91,7,0,104,0,143384.8
INV00013846,2025-04-27,STR037,PRD00272,203,0,29,0,174,0,59981.28
INV00013847,2025-04-27,STR037,PRD00666,109,0,27,0,82,0,13342.22
INV00013848,2025-04-27,STR037,PRD00833,51,88,21,0,118,0,115630.56
INV00013849,2025-04-27,STR037,PRD01067,113,0,7,0,106,0,59873.04
INV00013850,2025-04-27,STR037,PRD00803,51,0,28,0,23,0,28169.02
INV00013851,2025-04-27,STR037,PRD00192,46,149,7,0,188,0,408055.88
INV00013852,2025-04-27,STR037,PRD00162,67,0,39,0,28,0,187209.12
INV00013853,2025-04-27,STR037,PRD01074,16,51,7,0,59,1,192879.85
INV00013854,2025-04-27,STR037,PRD00740,66,0,37,0,29,0,82426.99
INV00013855,2025-04-27,STR037,PRD00068,29,0,13,1,17,0,147807.18
INV00013856,2025-04-27,STR037,PRD00918,154,0,62,0,92,0,182844.48
INV00013857,2025-04-27,STR037,PRD00080,21,70,11,0,79,1,1029165.39
INV00013858,2025-04-27,STR037,PRD01123,146,0,46,0,100,0,190226.0
INV00013859,2025-04-27,STR037,PRD00297,171,0,65,0,106,0,66892.36
INV00013860,2025-04-27,STR037,PRD00571,164,331,5,1,491,0,70453.59
INV00013861,2025-04-27,STR038,PRD01037,205,301,29,0,477,0,110754.63
INV00013862,2025-04-27,STR038,PRD00972,117,0,31,3,89,0,55981.0
INV00013863,2025-04-27,STR038,PRD00035,47,0,17,0,30,0,146678.4
INV00013864,2025-04-27,STR038,PRD00248,25,0,12,0,12,1,82530.12
INV00013865,2025-04-27,STR038,PRD00616,82,0,12,0,70,0,21989.1
INV00013866,2025-04-27,STR038,PRD01179,159,0,29,0,130,0,269687.6
INV00013867,2025-04-27,STR038,PRD00273,97,125,24,0,198,0,150256.26
INV00013868,2025-04-27,STR038,PRD00727,261,0,141,0,120,0,53073.6
INV00013869,2025-04-27,STR038,PRD00186,21,45,11,0,55,0,281868.95
INV00013870,2025-04-27,STR038,PRD00329,43,161,8,1,197,0,110440.17
INV00013871,2025-04-27,STR038,PRD00130,47,0,28,0,19,0,244769.02
INV00013872,2025-04-27,STR038,PRD01118,28,0,7,0,21,0,70793.1
INV00013873,2025-04-27,STR038,PRD00663,73,230,24,0,279,0,17549.1
INV00013874,2025-04-27,STR038,PRD00300,41,0,5,0,36,0,21639.6
INV00013875,2025-04-27,STR038,PRD00523,35,141,18,0,158,0,103670.12
INV00013876,2025-04-27,STR038,PRD01088,41,0,24,2,18,1,35865.9
INV00013877,2025-04-27,STR038,PRD00091,100,0,56,0,44,0,682201.52
INV00013878,2025-04-27,STR038,PRD00832,32,0,9,0,23,0,31516.44
INV00013879,2025-04-27,STR038,PRD00004,43,0,12,0,31,0,456993.63
INV00013880,2025-04-27,STR038,PRD00990,194,317,88,0,423,0,148384.17
INV00013881,2025-04-27,STR039,PRD00188,61,0,21,0,40,0,161102.8
INV00013882,2025-04-27,STR039,PRD00893,103,0,34,0,69,0,41610.45
INV00013883,2025-04-27,STR039,PRD00206,32,27,14,0,45,0,309737.25
INV00013884,2025-04-27,STR039,PRD00230,50,0,15,0,35,0,274255.8
INV00013885,2025-04-27,STR039,PRD00312,338,0,134,0,203,1,78802.57
INV00013886,2025-04-27,STR039,PRD00152,13,48,7,0,54,0,292778.28
INV00013887,2025-04-27,STR039,PRD00813,150,82,51,0,181,0,363703.21
INV00013888,2025-04-27,STR039,PRD00638,172,0,56,0,116,0,13364.36
INV00013889,2025-04-27,STR039,PRD00611,142,0,76,0,66,0,2495.46
INV00013890,2025-04-27,STR039,PRD00762,28,133,8,0,153,0,139208.58
INV00013891,2025-04-27,STR039,PRD00375,78,228,38,0,268,0,97836.08
INV00013892,2025-04-27,STR039,PRD00771,159,180,38,0,301,0,432275.13
INV00013893,2025-04-27,STR039,PRD00599,159,0,77,1,83,0,15717.71
INV00013894,2025-04-27,STR039,PRD00448,179,154,35,1,299,0,155049.44
INV00013895,2025-04-27,STR039,PRD00480,154,0,29,0,125,0,10771.25
INV00013896,2025-04-27,STR039,PRD01069,155,144,88,0,211,0,228692.35
INV00013897,2025-04-27,STR039,PRD00135,78,0,29,0,49,0,336464.87
INV00013898,2025-04-27,STR039,PRD00158,71,0,12,1,60,0,154946.4
INV00013899,2025-04-27,STR039,PRD00004,17,0,9,0,8,0,117933.84
INV00013900,2025-04-27,STR039,PRD00435,25,75,6,0,94,0,54911.98
INV00013901,2025-04-27,STR040,PRD00557,207,327,12,0,520,2,69903.6
INV00013902,2025-04-27,STR040,PRD00922,67,89,25,0,131,0,82288.96
INV00013903,2025-04-27,STR040,PRD00001,48,0,15,0,33,0,506123.64
INV00013904,2025-04-27,STR040,PRD00355,55,365,31,0,389,0,63718.2
INV00013905,2025-04-27,STR040,PRD00361,138,0,54,0,83,1,68533.1
INV00013906,2025-04-27,STR040,PRD00915,207,277,85,0,399,0,184796.85
INV00013907,2025-04-27,STR040,PRD00397,103,0,19,0,84,0,60984.84
INV00013908,2025-04-27,STR040,PRD00442,219,290,24,0,483,2,57815.1
INV00013909,2025-04-27,STR040,PRD00111,92,65,46,0,111,0,1409031.78
INV00013910,2025-04-27,STR040,PRD00493,384,0,68,0,316,0,141094.0
INV00013911,2025-04-27,STR040,PRD00468,76,171,32,1,216,0,32037.12
INV00013912,2025-04-27,STR040,PRD00190,88,0,28,1,61,0,485274.52
INV00013913,2025-04-27,STR040,PRD00204,17,174,10,1,182,0,469580.02
INV00013914,2025-04-27,STR040,PRD00575,480,0,287,0,193,0,12946.44
INV00013915,2025-04-27,STR040,PRD00324,116,0,31,0,85,0,60767.35
INV00013916,2025-04-27,STR040,PRD00161,51,28,10,0,69,0,484054.32
INV00013917,2025-04-27,STR040,PRD00501,82,0,41,0,41,0,22441.35
INV00013918,2025-04-27,STR040,PRD00424,318,0,165,0,153,0,57717.72
INV00013919,2025-04-27,STR040,PRD00016,10,63,5,0,68,0,641482.76
INV00013920,2025-04-27,STR040,PRD00029,18,0,9,0,9,0,145416.87
INV00013921,2025-04-27,STR041,PRD00014,87,0,43,0,44,0,201812.16
INV00013922,2025-04-27,STR041,PRD00874,34,92,14,0,112,0,261237.76
INV00013923,2025-04-27,STR041,PRD00246,108,0,20,0,88,0,109100.64
INV00013924,2025-04-27,STR041,PRD00877,88,0,32,2,58,0,70290.78
INV00013925,2025-04-27,STR041,PRD01123,93,109,47,0,155,0,294850.3
INV00013926,2025-04-27,STR041,PRD00728,62,0,10,3,55,0,165529.65
INV00013927,2025-04-27,STR041,PRD00495,409,269,232,0,446,0,73264.42
INV00013928,2025-04-27,STR041,PRD00145,48,0,18,0,30,0,50634.3
INV00013929,2025-04-27,STR041,PRD00785,34,151,7,0,178,0,490359.74
INV00013930,2025-04-27,STR041,PRD00325,23,138,5,2,158,0,92747.58
INV00013931,2025-04-27,STR041,PRD00317,35,138,20,0,153,0,122318.91
INV00013932,2025-04-27,STR041,PRD00713,55,0,19,1,37,0,108697.12
INV00013933,2025-04-27,STR041,PRD00676,26,97,10,0,113,0,320553.88
INV00013934,2025-04-27,STR041,PRD00418,192,371,109,1,455,0,143520.65
INV00013935,2025-04-27,STR041,PRD00796,51,216,13,0,254,0,83794.6
INV00013936,2025-04-27,STR041,PRD00888,84,0,10,3,77,0,132828.08
INV00013937,2025-04-27,STR041,PRD00075,41,0,16,0,25,0,176064.75
INV00013938,2025-04-27,STR041,PRD01067,53,0,19,0,34,0,19204.56
INV00013939,2025-04-27,STR041,PRD00719,119,0,45,0,74,0,204181.54
INV00013940,2025-04-27,STR041,PRD00872,176,358,34,2,502,0,167477.24
