InventoryID,SnapshotDate,StoreID,ProductID,OpeningStock,ReceivedQuantity,SoldQuantity,ReturnQuantity,ClosingStock,DamagedQuantity,InventoryValue
INV00021321,2025-07-06,STR001,PRD00614,164,0,25,0,139,0,4764.92
INV00021322,2025-07-06,STR001,PRD00360,181,249,25,0,405,0,96884.1
INV00021323,2025-07-06,STR001,PRD00892,92,0,52,0,39,1,67938.39
INV00021324,2025-07-06,STR001,PRD00522,118,109,69,0,158,0,138381.14
INV00021325,2025-07-06,STR001,PRD00413,215,336,68,0,483,0,145049.73
INV00021326,2025-07-06,STR001,PRD00935,20,103,8,0,115,0,67401.5
INV00021327,2025-07-06,STR001,PRD01139,104,166,37,0,233,0,429782.48
INV00021328,2025-07-06,STR001,PRD00885,34,143,8,0,169,0,211822.91
INV00021329,2025-07-06,STR001,PRD00362,99,141,49,2,193,0,102774.43
INV00021330,2025-07-06,STR001,PRD00281,393,372,203,0,562,0,221158.24
INV00021331,2025-07-06,STR001,PRD00494,111,0,58,0,51,2,34819.23
INV00021332,2025-07-06,STR001,PRD00913,53,0,15,0,38,0,82099.0
INV00021333,2025-07-06,STR001,PRD00267,61,0,18,0,41,2,328065.19
INV00021334,2025-07-06,STR001,PRD00873,337,0,187,0,150,0,73717.5
INV00021335,2025-07-06,STR001,PRD00391,220,0,8,0,212,0,73650.92
INV00021336,2025-07-06,STR001,PRD00251,42,0,8,0,34,0,248406.04
INV00021337,2025-07-06,STR001,PRD00732,72,0,28,0,44,0,116534.44
INV00021338,2025-07-06,STR001,PRD00131,8,54,8,0,54,0,487751.22
INV00021339,2025-07-06,STR001,PRD00289,54,110,12,0,152,0,92264.0
INV00021340,2025-07-06,STR001,PRD00121,71,68,25,0,114,0,1063885.62
INV00021341,2025-07-06,STR002,PRD00751,78,0,7,0,71,0,137765.56
INV00021342,2025-07-06,STR002,PRD00668,128,339,17,0,-25,0,97443.0
INV00021343,2025-07-06,STR002,PRD00731,117,0,48,0,69,0,109161.45
INV00021344,2025-07-06,STR002,PRD00686,90,0,54,1,37,0,78211.71
INV00021345,2025-07-06,STR002,PRD00644,391,0,20,0,371,0,167836.69
INV00021346,2025-07-06,STR002,PRD00347,150,0,77,0,73,0,48855.98
INV00021347,2025-07-06,STR002,PRD01138,36,106,21,0,121,0,337506.51
INV00021348,2025-07-06,STR002,PRD00197,16,38,9,0,44,1,166277.32
INV00021349,2025-07-06,STR002,PRD00963,218,186,85,0,319,0,20339.44
INV00021350,2025-07-06,STR002,PRD00195,37,0,6,0,31,0,96374.35
INV00021351,2025-07-06,STR002,PRD00465,73,268,18,0,323,0,143024.4
INV00021352,2025-07-06,STR002,PRD00718,86,0,50,0,36,0,60335.64
INV00021353,2025-07-06,STR002,PRD00806,231,0,24,0,207,0,38632.41
INV00021354,2025-07-06,STR002,PRD00775,58,166,7,0,217,0,428911.35
INV00021355,2025-07-06,STR002,PRD00583,42,180,24,0,198,0,86642.82
INV00021356,2025-07-06,STR002,PRD00726,178,0,82,0,96,0,143793.6
INV00021357,2025-07-06,STR002,PRD00851,80,139,7,0,212,0,408606.68
INV00021358,2025-07-06,STR002,PRD00696,68,0,11,0,57,0,61561.14
INV00021359,2025-07-06,STR002,PRD00804,58,0,8,0,50,0,28239.0
INV00021360,2025-07-06,STR002,PRD01098,61,0,27,1,35,0,39300.1
INV00021361,2025-07-06,STR003,PRD01184,35,63,19,1,80,0,254616.0
INV00021362,2025-07-06,STR003,PRD00184,62,0,25,0,37,0,95781.9
INV00021363,2025-07-06,STR003,PRD00450,72,242,7,0,307,0,89195.78
INV00021364,2025-07-06,STR003,PRD00618,201,279,19,0,461,0,84376.83
INV00021365,2025-07-06,STR003,PRD01016,459,0,119,0,340,0,54876.0
INV00021366,2025-07-06,STR003,PRD00698,129,0,38,1,92,0,100702.28
INV00021367,2025-07-06,STR003,PRD00826,360,0,51,1,310,0,37262.0
INV00021368,2025-07-06,STR003,PRD00724,80,180,16,0,244,0,-9999.0
INV00021369,2025-07-06,STR003,PRD00672,67,0,13,0,54,0,162747.36
INV00021370,2025-07-06,STR003,PRD00366,179,164,28,0,315,0,149539.95
INV00021371,2025-07-06,STR003,PRD00079,97,0,51,0,46,0,620345.42
INV00021372,2025-07-06,STR003,PRD00820,153,0,67,1,87,0,102414.66
INV00021373,2025-07-06,STR003,PRD00585,86,374,34,0,426,0,123390.9
INV00021374,2025-07-06,STR003,PRD00991,32,83,18,0,97,0,49909.41
INV00021375,2025-07-06,STR003,PRD00214,31,33,13,0,51,0,350352.66
INV00021376,2025-07-06,STR003,PRD00124,34,0,20,2,16,0,113976.8
INV00021377,2025-07-06,STR003,PRD00690,89,0,32,0,57,0,136652.94
INV00021378,2025-07-06,STR003,PRD00510,421,366,27,0,759,1,325929.78
INV00021379,2025-07-06,STR003,PRD00879,45,162,16,0,191,0,308317.93
INV00021380,2025-07-06,STR003,PRD00772,93,0,31,0,62,0,40888.38
INV00021381,2025-07-06,STR004,PRD00972,85,113,46,0,152,0,95608.0
INV00021382,2025-07-06,STR004,PRD00541,161,0,72,0,89,0,36095.73
INV00021383,2025-07-06,STR004,PRD00551,347,0,15,0,332,0,142949.24
INV00021384,2025-07-06,STR004,PRD00687,25,141,5,0,161,0,288056.37
INV00021385,2025-07-06,STR004,PRD00226,118,0,33,0,85,0,180370.85
INV00021386,2025-07-06,STR004,PRD00278,228,0,58,0,170,0,49651.9
INV00021387,2025-07-06,STR004,PRD01138,80,106,37,0,149,0,415607.19
INV00021388,2025-07-06,STR004,PRD00439,103,375,26,0,452,0,43215.72
INV00021389,2025-07-06,STR004,PRD00589,366,0,103,0,263,0,66812.52
INV00021390,2025-07-06,STR004,PRD00440,272,0,70,1,203,0,65128.49
INV00021391,2025-07-06,STR004,PRD01199,31,61,6,1,87,0,295508.55
INV00021392,2025-07-06,STR004,PRD00502,95,0,54,1,42,0,26406.24
INV00021393,2025-07-06,STR004,PRD00977,185,0,7,0,178,0,50245.84
INV00021394,2025-07-06,STR004,PRD00155,26,79,13,0,92,0,152001.48
INV00021395,2025-07-06,STR004,PRD00787,217,0,96,2,123,0,23264.22
INV00021396,2025-07-06,STR004,PRD00156,86,0,29,0,57,0,70221.15
INV00021397,2025-07-06,STR004,PRD00491,56,0,18,0,38,0,20014.98
INV00021398,2025-07-06,STR004,PRD00832,50,0,30,0,20,0,27405.6
INV00021399,2025-07-06,STR004,PRD00590,230,0,86,0,144,0,35017.92
INV00021400,2025-07-06,STR004,PRD00868,34,116,8,0,141,1,128621.61
INV00021401,2025-07-06,STR005,PRD01172,102,0,53,0,49,0,28324.94
INV00021402,2025-07-06,STR005,PRD00091,21,58,12,0,67,0,1038806.86
INV00021403,2025-07-06,STR005,PRD00675,47,0,25,0,22,0,16685.46
INV00021404,2025-07-06,STR005,PRD00797,39,237,12,0,264,0,108612.24
INV00021405,2025-07-06,STR005,PRD00250,148,0,32,0,116,0,317500.12
INV00021406,2025-07-06,STR005,PRD01183,35,34,17,1,53,0,176596.0
INV00021407,2025-07-06,STR005,PRD00048,55,0,33,0,22,0,402536.2
INV00021408,2025-07-06,STR005,PRD01140,32,71,12,0,91,0,301797.86
INV00021409,2025-07-06,STR005,PRD00624,239,0,56,0,183,0,15935.64
INV00021410,2025-07-06,STR005,PRD01069,100,0,11,0,89,0,96462.65
INV00021411,2025-07-06,STR005,PRD00755,84,177,45,0,215,1,74026.65
INV00021412,2025-07-06,STR005,PRD00804,55,148,7,0,195,1,110132.1
INV00021413,2025-07-06,STR005,PRD00929,152,0,84,0,68,0,138464.32
INV00021414,2025-07-06,STR005,PRD00011,56,0,20,0,36,0,354048.84
INV00021415,2025-07-06,STR005,PRD00745,31,0,7,1,25,0,45729.5
INV00021416,2025-07-06,STR005,PRD00047,56,0,21,0,35,0,627303.25
INV00021417,2025-07-06,STR005,PRD00354,31,92,14,0,109,0,70812.94
INV00021418,2025-07-06,STR005,PRD01184,19,63,6,0,76,0,241885.2
INV00021419,2025-07-06,STR005,PRD01017,34,171,19,0,186,0,110054.34
INV00021420,2025-07-06,STR005,PRD00993,75,232,11,0,296,0,25728.32
INV00021421,2025-07-06,STR006,PRD00464,241,282,126,0,397,0,182020.53
INV00021422,2025-07-06,STR006,PRD00985,230,273,107,0,396,0,21803.76
INV00021423,2025-07-06,STR006,PRD00493,268,0,159,0,109,0,48668.5
INV00021424,2025-07-06,STR006,PRD00465,136,0,65,1,72,0,31881.6
INV00021425,2025-07-06,STR006,PRD00624,181,0,88,0,93,0,8098.44
INV00021426,2025-07-06,STR006,PRD00743,31,166,10,0,186,1,210470.16
INV00021427,2025-07-06,STR006,PRD00813,160,0,67,0,93,0,186875.13
INV00021428,2025-07-06,STR006,PRD01028,336,0,111,0,225,0,10822.5
INV00021429,2025-07-06,STR006,PRD00857,76,0,23,0,53,0,114524.52
INV00021430,2025-07-06,STR006,PRD01114,93,0,20,0,73,0,260853.82
INV00021431,2025-07-06,STR006,PRD00536,391,0,25,0,366,0,99167.7
INV00021432,2025-07-06,STR006,PRD00940,134,0,30,0,104,0,4041.44
INV00021433,2025-07-06,STR006,PRD00223,8,58,8,0,58,0,406857.82
INV00021434,2025-07-06,STR006,PRD00083,46,0,27,0,19,0,122783.13
INV00021435,2025-07-06,STR006,PRD00365,259,0,114,0,145,0,65060.05
INV00021436,2025-07-06,STR006,PRD00724,27,180,10,0,197,0,314098.77
INV00021437,2025-07-06,STR006,PRD01125,143,0,5,0,137,1,195009.91
INV00021438,2025-07-06,STR006,PRD00354,140,0,22,0,118,0,76659.88
INV00021439,2025-07-06,STR006,PRD00400,38,0,21,0,17,0,9375.16
INV00021440,2025-07-06,STR006,PRD01095,81,109,46,0,144,0,377419.68
INV00021441,2025-07-06,STR007,PRD00286,449,0,102,0,347,0,87908.98
INV00021442,2025-07-06,STR007,PRD00157,73,45,31,0,87,0,378901.53
INV00021443,2025-07-06,STR007,PRD00085,55,0,32,0,23,0,411138.34
INV00021444,2025-07-06,STR007,PRD00767,118,0,61,0,57,0,88756.98
INV00021445,2025-07-06,STR007,PRD00682,119,92,19,1,193,0,472325.04
INV00021446,2025-07-06,STR007,PRD00634,253,0,70,0,183,0,54709.68
INV00021447,2025-07-06,STR007,PRD00418,169,0,72,0,97,0,30596.71
INV00021448,2025-07-06,STR007,PRD00054,67,0,14,0,53,0,627538.02
INV00021449,2025-07-06,STR007,PRD00439,309,0,50,0,259,0,24762.99
INV00021450,2025-07-06,STR007,PRD01058,219,0,34,0,185,0,26828.7
INV00021451,2025-07-06,STR007,PRD00362,51,0,11,0,39,1,20767.89
INV00021452,2025-07-06,STR007,PRD00644,133,331,42,0,422,0,190908.58
INV00021453,2025-07-06,STR007,PRD01082,168,0,53,0,115,0,91684.9
INV00021454,2025-07-06,STR007,PRD00295,61,0,30,0,31,0,17623.19
INV00021455,2025-07-06,STR007,PRD00538,295,0,103,0,192,0,8021.76
INV00021456,2025-07-06,STR007,PRD00974,424,0,109,0,315,0,33629.4
INV00021457,2025-07-06,STR007,PRD00705,310,186,123,0,373,0,122504.39
INV00021458,2025-07-06,STR007,PRD01132,45,43,18,0,70,0,272378.4
INV00021459,2025-07-06,STR007,PRD00298,89,137,11,0,215,0,143215.8
INV00021460,2025-07-06,STR007,PRD00003,65,0,19,0,46,0,24575.04
INV00021461,2025-07-06,STR008,PRD00873,231,0,84,0,147,0,72243.15
INV00021462,2025-07-06,STR008,PRD00757,182,0,55,0,127,0,131809.49
INV00021463,2025-07-06,STR008,PRD00283,430,0,166,0,264,0,113908.08
INV00021464,2025-07-06,STR008,PRD01018,161,0,84,0,77,0,6837.6
INV00021465,2025-07-06,STR008,PRD00480,145,204,58,0,291,0,25075.47
INV00021466,2025-07-06,STR008,PRD00997,88,178,22,0,244,0,152424.36
INV00021467,2025-07-06,STR008,PRD00110,39,0,21,0,18,0,332867.7
INV00021468,2025-07-06,STR008,PRD00039,50,0,23,0,27,0,169558.65
INV00021469,2025-07-06,STR008,PRD00856,20,113,7,0,126,0,152783.82
INV00021470,2025-07-06,STR008,PRD00300,137,0,28,2,111,0,66722.1
INV00021471,2025-07-06,STR008,PRD00067,28,139,7,0,160,0,431155.2
INV00021472,2025-07-06,STR008,PRD00714,75,0,42,0,31,2,41788.31
INV00021473,2025-07-06,STR008,PRD00257,63,0,26,0,37,0,79393.49
INV00021474,2025-07-06,STR008,PRD00399,145,0,34,0,110,1,71184.3
INV00021475,2025-07-06,STR008,PRD00710,23,149,8,0,164,0,364734.36
INV00021476,2025-07-06,STR008,PRD00026,23,0,5,0,16,2,48752.16
INV00021477,2025-07-06,STR008,PRD00468,139,171,65,1,246,0,36486.72
INV00021478,2025-07-06,STR008,PRD00511,65,0,15,0,50,0,27959.0
INV00021479,2025-07-06,STR008,PRD00475,34,0,15,0,19,0,10810.24
INV00021480,2025-07-06,STR008,PRD00332,296,0,25,1,272,0,74236.96
INV00021481,2025-07-06,STR009,PRD00777,38,77,16,1,100,0,194178.0
INV00021482,2025-07-06,STR009,PRD00601,74,176,11,2,241,0,7427.62
INV00021483,2025-07-06,STR009,PRD00081,46,30,14,0,62,0,812595.56
INV00021484,2025-07-06,STR009,PRD00963,346,0,149,0,197,0,12560.72
INV00021485,2025-07-06,STR009,PRD00529,247,0,69,0,176,2,86294.56
INV00021486,2025-07-06,STR009,PRD00486,243,265,80,0,428,0,52879.4
INV00021487,2025-07-06,STR009,PRD00295,17,135,5,1,148,0,84136.52
INV00021488,2025-07-06,STR009,PRD01016,379,0,161,2,220,0,35508.0
INV00021489,2025-07-06,STR009,PRD00606,375,342,210,0,507,0,156444.99
INV00021490,2025-07-06,STR009,PRD00270,112,0,61,0,51,0,39222.06
INV00021491,2025-07-06,STR009,PRD00720,70,0,14,0,56,0,117877.2
INV00021492,2025-07-06,STR009,PRD00407,63,0,35,0,28,0,14935.2
INV00021493,2025-07-06,STR009,PRD00177,35,75,18,0,92,0,680622.44
INV00021494,2025-07-06,STR009,PRD00001,38,40,10,0,68,0,1042921.44
INV00021495,2025-07-06,STR009,PRD00953,253,0,42,0,211,0,12231.67
INV00021496,2025-07-06,STR009,PRD00249,39,0,23,0,16,0,54658.4
INV00021497,2025-07-06,STR009,PRD01170,74,0,5,0,69,0,47948.1
INV00021498,2025-07-06,STR009,PRD00677,70,0,23,0,47,0,39174.03
INV00021499,2025-07-06,STR009,PRD00377,17,180,7,2,192,0,157962.24
INV00021500,2025-07-06,STR009,PRD01004,231,0,110,0,121,0,7977.53
INV00021501,2025-07-06,STR010,PRD00022,34,65,8,0,91,0,1486700.67
INV00021502,2025-07-06,STR010,PRD00489,33,0,18,0,15,0,10363.2
INV00021503,2025-07-06,STR010,PRD00453,108,0,33,0,74,1,70031.38
INV00021504,2025-07-06,STR010,PRD00940,55,259,14,0,300,0,11658.0
INV00021505,2025-07-06,STR010,PRD01144,79,147,11,0,215,0,306594.3
INV00021506,2025-07-06,STR010,PRD00589,450,307,59,0,698,0,177319.92
INV00021507,2025-07-06,STR010,PRD00732,61,0,32,0,29,0,76806.79
INV00021508,2025-07-06,STR010,PRD00090,41,0,21,0,20,0,111137.2
INV00021509,2025-07-06,STR010,PRD00880,365,386,179,0,572,0,168133.68
INV00021510,2025-07-06,STR010,PRD01169,19,39,10,0,48,0,192067.68
INV00021511,2025-07-06,STR010,PRD00056,6,45,6,0,45,0,386145.45
INV00021512,2025-07-06,STR010,PRD00391,110,0,16,0,94,0,32656.54
INV00021513,2025-07-06,STR010,PRD00781,186,0,16,0,170,0,352042.8
INV00021514,2025-07-06,STR010,PRD01059,160,0,5,0,155,0,57095.8
INV00021515,2025-07-06,STR010,PRD00247,23,0,11,0,12,0,59909.04
INV00021516,2025-07-06,STR010,PRD00012,19,35,9,0,45,0,185460.75
INV00021517,2025-07-06,STR010,PRD00366,71,164,14,0,221,0,104915.33
INV00021518,2025-07-06,STR010,PRD00537,387,0,90,0,295,2,23240.1
INV00021519,2025-07-06,STR010,PRD00913,71,96,17,0,150,0,324075.0
INV00021520,2025-07-06,STR010,PRD01017,80,0,18,1,63,0,37276.47
INV00021521,2025-07-06,STR011,PRD00924,244,0,39,0,205,0,39872.5
INV00021522,2025-07-06,STR011,PRD00762,167,0,19,0,148,0,134659.28
INV00021523,2025-07-06,STR011,PRD00028,113,87,59,2,143,0,377715.91
INV00021524,2025-07-06,STR011,PRD00539,183,0,46,0,137,0,6539.01
INV00021525,2025-07-06,STR011,PRD00933,21,90,10,0,101,0,220210.3
INV00021526,2025-07-06,STR011,PRD00528,96,0,9,0,87,0,82331.58
INV00021527,2025-07-06,STR011,PRD01156,154,0,16,0,137,1,310684.49
INV00021528,2025-07-06,STR011,PRD00159,59,0,18,0,41,0,150737.32
INV00021529,2025-07-06,STR011,PRD00398,157,0,62,0,95,0,16468.25
INV00021530,2025-07-06,STR011,PRD00303,99,0,24,0,75,0,27171.0
INV00021531,2025-07-06,STR011,PRD00535,119,0,34,0,84,1,18839.52
INV00021532,2025-07-06,STR011,PRD00544,177,0,72,0,105,0,8687.7
INV00021533,2025-07-06,STR011,PRD00476,109,90,5,0,194,0,105376.92
INV00021534,2025-07-06,STR011,PRD00489,60,0,24,0,36,0,24871.68
INV00021535,2025-07-06,STR011,PRD00071,71,47,42,0,76,0,730027.88
INV00021536,2025-07-06,STR011,PRD00079,16,34,5,0,45,0,606859.65
INV00021537,2025-07-06,STR011,PRD00652,155,0,31,0,124,0,16988.0
INV00021538,2025-07-06,STR011,PRD00716,53,0,6,0,47,0,47350.62
INV00021539,2025-07-06,STR011,PRD00753,99,0,58,0,41,0,107490.52
INV00021540,2025-07-06,STR011,PRD00153,27,0,14,1,14,0,110909.68
INV00021541,2025-07-06,STR012,PRD01180,46,0,14,0,32,0,135801.92
INV00021542,2025-07-06,STR012,PRD00009,26,41,11,0,56,0,467292.56
INV00021543,2025-07-06,STR012,PRD00311,147,154,35,1,267,0,154416.78
INV00021544,2025-07-06,STR012,PRD00059,35,0,14,0,21,0,257664.96
INV00021545,2025-07-06,STR012,PRD00736,52,0,25,0,27,0,33521.85
INV00021546,2025-07-06,STR012,PRD00588,59,245,27,0,276,1,24947.64
INV00021547,2025-07-06,STR012,PRD00236,65,0,9,0,56,0,223427.68
INV00021548,2025-07-06,STR012,PRD01005,195,0,107,0,88,0,41861.6
INV00021549,2025-07-06,STR012,PRD00610,236,0,129,0,107,0,44269.11
INV00021550,2025-07-06,STR012,PRD00518,65,0,15,0,50,0,38421.5
INV00021551,2025-07-06,STR012,PRD01159,191,0,57,2,136,0,203899.36
INV00021552,2025-07-06,STR012,PRD01170,34,178,18,0,194,0,134810.6
INV00021553,2025-07-06,STR012,PRD01109,92,157,44,0,205,0,567526.1
INV00021554,2025-07-06,STR012,PRD00583,121,180,10,1,292,0,127776.28
INV00021555,2025-07-06,STR012,PRD00928,50,156,28,0,178,0,322630.34
INV00021556,2025-07-06,STR012,PRD00574,63,185,6,0,242,0,81931.52
INV00021557,2025-07-06,STR012,PRD00485,97,0,39,0,58,0,34402.7
INV00021558,2025-07-06,STR012,PRD00061,36,0,10,0,25,1,132746.5
INV00021559,2025-07-06,STR012,PRD00592,135,0,39,0,96,0,20955.84
INV00021560,2025-07-06,STR012,PRD00104,15,0,9,0,6,0,105496.98
INV00021561,2025-07-06,STR013,PRD00688,81,0,34,0,47,0,98175.48
INV00021562,2025-07-06,STR013,PRD00884,70,0,39,0,31,0,33676.54
INV00021563,2025-07-06,STR013,PRD00809,99,0,21,0,78,0,69867.72
INV00021564,2025-07-06,STR013,PRD00310,184,0,59,0,125,0,37967.5
INV00021565,2025-07-06,STR013,PRD01149,50,0,28,0,22,0,51364.94
INV00021566,2025-07-06,STR013,PRD00637,340,0,161,0,179,0,38234.4
INV00021567,2025-07-06,STR013,PRD00528,90,0,14,0,76,0,71921.84
INV00021568,2025-07-06,STR013,PRD00774,112,0,9,3,106,0,164222.62
INV00021569,2025-07-06,STR013,PRD00626,172,0,56,1,117,0,8883.81
INV00021570,2025-07-06,STR013,PRD01034,262,0,110,0,152,0,33093.44
INV00021571,2025-07-06,STR013,PRD01187,39,0,18,0,21,0,70454.79
INV00021572,2025-07-06,STR013,PRD00380,118,317,66,0,369,0,77674.5
INV00021573,2025-07-06,STR013,PRD00513,127,0,12,1,116,0,10760.16
INV00021574,2025-07-06,STR013,PRD00112,42,70,17,0,95,0,297086.85
INV00021575,2025-07-06,STR013,PRD01151,80,0,37,0,43,0,145097.48
INV00021576,2025-07-06,STR013,PRD00976,83,0,11,1,72,1,41947.92
INV00021577,2025-07-06,STR013,PRD00043,53,0,16,0,37,0,566209.89
INV00021578,2025-07-06,STR013,PRD00338,77,175,46,3,209,0,143840.07
INV00021579,2025-07-06,STR013,PRD00790,94,0,7,0,87,0,78536.64
INV00021580,2025-07-06,STR013,PRD00438,90,297,41,0,346,0,168463.94
INV00021581,2025-07-06,STR014,PRD00421,393,0,235,0,158,0,76867.0
INV00021582,2025-07-06,STR014,PRD00935,88,103,27,0,164,0,96120.4
INV00021583,2025-07-06,STR014,PRD00597,301,0,150,0,151,0,67016.82
INV00021584,2025-07-06,STR014,PRD00327,51,110,28,0,133,0,110951.26
INV00021585,2025-07-06,STR014,PRD00998,359,285,181,0,463,0,208299.07
INV00021586,2025-07-06,STR014,PRD00240,20,0,6,0,14,0,103470.22
INV00021587,2025-07-06,STR014,PRD00769,93,0,51,0,42,0,52171.14
INV00021588,2025-07-06,STR014,PRD00314,117,0,11,0,106,0,39475.46
INV00021589,2025-07-06,STR014,PRD00450,82,242,21,0,303,0,88033.62
INV00021590,2025-07-06,STR014,PRD00788,152,0,51,1,102,0,214730.4
INV00021591,2025-07-06,STR014,PRD00537,142,283,81,0,344,0,27100.32
INV00021592,2025-07-06,STR014,PRD00357,97,0,43,0,54,0,36552.6
INV00021593,2025-07-06,STR014,PRD00633,158,0,9,0,149,0,31722.1
INV00021594,2025-07-06,STR014,PRD00715,52,90,5,1,137,1,271808.0
INV00021595,2025-07-06,STR014,PRD00966,181,0,59,0,122,0,64226.9
INV00021596,2025-07-06,STR014,PRD00720,58,116,31,0,143,0,301007.85
INV00021597,2025-07-06,STR014,PRD00934,30,152,15,1,168,0,304259.76
INV00021598,2025-07-06,STR014,PRD00058,27,167,12,1,183,0,470035.5
INV00021599,2025-07-06,STR014,PRD00937,230,0,61,0,169,0,30007.64
INV00021600,2025-07-06,STR014,PRD00624,99,0,46,0,53,0,4615.24
INV00021601,2025-07-06,STR015,PRD00591,103,0,55,0,48,0,17459.04
INV00021602,2025-07-06,STR015,PRD00132,61,39,26,0,74,0,1311699.58
INV00021603,2025-07-06,STR015,PRD00626,202,283,111,0,374,0,28397.82
INV00021604,2025-07-06,STR015,PRD00433,73,0,5,3,71,0,61184.25
INV00021605,2025-07-06,STR015,PRD00764,21,171,6,0,186,0,341516.46
INV00021606,2025-07-06,STR015,PRD00266,25,52,5,0,72,0,582184.08
INV00021607,2025-07-06,STR015,PRD00534,205,0,92,0,113,0,9106.67
INV00021608,2025-07-06,STR015,PRD00938,150,0,40,0,110,0,36006.3
INV00021609,2025-07-06,STR015,PRD01104,19,50,5,0,64,0,223255.04
INV00021610,2025-07-06,STR015,PRD00719,134,99,8,1,226,0,623581.46
INV00021611,2025-07-06,STR015,PRD00589,93,307,6,0,393,1,99837.72
INV00021612,2025-07-06,STR015,PRD00616,98,365,43,0,420,0,131934.6
INV00021613,2025-07-06,STR015,PRD00487,172,0,24,0,148,0,11668.32
INV00021614,2025-07-06,STR015,PRD01143,68,0,8,0,58,2,183124.56
INV00021615,2025-07-06,STR015,PRD00294,86,122,5,0,203,0,132567.12
INV00021616,2025-07-06,STR015,PRD00586,276,0,135,0,141,0,62041.41
INV00021617,2025-07-06,STR015,PRD00177,35,0,16,0,19,0,140563.33
INV00021618,2025-07-06,STR015,PRD00242,31,92,14,0,109,0,278784.94
INV00021619,2025-07-06,STR015,PRD00227,30,64,11,0,83,0,296114.95
INV00021620,2025-07-06,STR015,PRD00050,36,75,9,0,102,0,1639755.06
INV00021621,2025-07-06,STR016,PRD01031,47,0,6,0,41,0,21458.17
INV00021622,2025-07-06,STR016,PRD00789,71,0,33,0,38,0,111526.58
INV00021623,2025-07-06,STR016,PRD01183,9,34,7,1,37,0,123284.0
INV00021624,2025-07-06,STR016,PRD00229,31,0,13,0,18,0,24280.2
INV00021625,2025-07-06,STR016,PRD01008,223,0,5,2,220,0,31240.0
INV00021626,2025-07-06,STR016,PRD00153,19,0,11,2,10,0,79221.2
INV00021627,2025-07-06,STR016,PRD00161,11,28,5,0,34,0,238519.52
INV00021628,2025-07-06,STR016,PRD00124,23,48,12,0,59,0,420289.45
INV00021629,2025-07-06,STR016,PRD00705,325,0,187,0,138,0,45323.34
INV00021630,2025-07-06,STR016,PRD00025,39,118,22,0,135,0,218301.75
INV00021631,2025-07-06,STR016,PRD00759,52,0,25,0,26,1,68759.08
INV00021632,2025-07-06,STR016,PRD01163,28,43,10,0,61,0,226679.66
INV00021633,2025-07-06,STR016,PRD00056,23,45,8,0,60,0,514860.6
INV00021634,2025-07-06,STR016,PRD00656,363,0,5,1,359,0,50654.9
INV00021635,2025-07-06,STR016,PRD00432,36,0,9,0,27,0,17470.08
INV00021636,2025-07-06,STR016,PRD00928,127,0,5,0,122,0,221128.66
INV00021637,2025-07-06,STR016,PRD01161,124,0,65,3,62,0,137575.52
INV00021638,2025-07-06,STR016,PRD00547,215,0,95,0,120,0,9152.4
INV00021639,2025-07-06,STR016,PRD00417,90,0,30,3,63,0,41687.73
INV00021640,2025-07-06,STR016,PRD00642,182,0,47,0,135,0,39179.7
INV00021641,2025-07-06,STR017,PRD00781,93,0,39,0,54,0,111825.36
INV00021642,2025-07-06,STR017,PRD00075,40,0,21,0,19,0,133809.21
INV00021643,2025-07-06,STR017,PRD00288,113,251,46,0,318,0,139716.48
INV00021644,2025-07-06,STR017,PRD00535,129,0,64,0,65,0,14578.2
INV00021645,2025-07-06,STR017,PRD00545,96,361,15,0,442,0,111582.9
INV00021646,2025-07-06,STR017,PRD00014,43,62,11,0,94,0,431144.16
INV00021647,2025-07-06,STR017,PRD00852,94,0,12,0,82,0,99616.88
INV00021648,2025-07-06,STR017,PRD00536,135,0,23,0,112,0,30346.4
INV00021649,2025-07-06,STR017,PRD00565,165,0,18,0,147,0,9037.56
INV00021650,2025-07-06,STR017,PRD00107,16,68,6,0,78,0,271729.38
INV00021651,2025-07-06,STR017,PRD00745,64,112,25,0,151,0,276206.18
INV00021652,2025-07-06,STR017,PRD00033,75,138,29,1,184,1,328123.52
INV00021653,2025-07-06,STR017,PRD00656,118,0,66,0,52,0,7337.2
INV00021654,2025-07-06,STR017,PRD00492,243,391,130,0,504,0,182468.16
INV00021655,2025-07-06,STR017,PRD00737,53,0,23,0,28,2,21094.36
INV00021656,2025-07-06,STR017,PRD00114,79,0,7,0,72,0,886032.0
INV00021657,2025-07-06,STR017,PRD00677,135,175,37,0,273,0,227542.77
INV00021658,2025-07-06,STR017,PRD00931,41,0,23,0,17,1,21196.96
INV00021659,2025-07-06,STR017,PRD01045,80,263,25,0,318,0,149854.32
INV00021660,2025-07-06,STR017,PRD00921,31,0,13,0,18,0,33010.92
INV00021661,2025-07-06,STR018,PRD00282,159,375,22,0,512,0,240757.76
INV00021662,2025-07-06,STR018,PRD00362,62,0,25,0,37,0,19702.87
INV00021663,2025-07-06,STR018,PRD00477,177,285,22,0,440,0,42970.4
INV00021664,2025-07-06,STR018,PRD01080,175,0,57,0,118,0,91064.14
INV00021665,2025-07-06,STR018,PRD00593,133,0,54,0,79,0,30481.36
INV00021666,2025-07-06,STR018,PRD00416,150,0,21,0,129,0,89240.91
INV00021667,2025-07-06,STR018,PRD00167,47,0,26,0,21,0,115987.41
INV00021668,2025-07-06,STR018,PRD00944,180,0,6,0,174,0,22240.68
INV00021669,2025-07-06,STR018,PRD00557,52,327,14,0,365,0,49066.95
INV00021670,2025-07-06,STR018,PRD00349,362,290,29,0,623,0,52251.01
INV00021671,2025-07-06,STR018,PRD00406,117,155,25,0,247,0,131665.82
INV00021672,2025-07-06,STR018,PRD00005,55,0,19,0,36,0,663798.96
INV00021673,2025-07-06,STR018,PRD01155,71,0,35,0,36,0,131792.76
INV00021674,2025-07-06,STR018,PRD00838,105,0,12,1,94,0,98403.9
INV00021675,2025-07-06,STR018,PRD01181,129,0,46,0,83,0,106474.89
INV00021676,2025-07-06,STR018,PRD00860,195,0,46,0,149,0,62208.99
INV00021677,2025-07-06,STR018,PRD00558,175,0,13,1,163,0,39657.9
INV00021678,2025-07-06,STR018,PRD00690,116,0,40,1,77,0,184601.34
INV00021679,2025-07-06,STR018,PRD00026,35,0,14,0,21,0,63987.21
INV00021680,2025-07-06,STR018,PRD00049,29,0,11,0,17,1,51477.87
INV00021681,2025-07-06,STR019,PRD00223,49,0,9,0,40,0,280591.6
INV00021682,2025-07-06,STR019,PRD00064,146,0,19,0,127,0,232498.9
INV00021683,2025-07-06,STR019,PRD00722,64,0,27,0,37,0,43321.45
INV00021684,2025-07-06,STR019,PRD00504,58,149,23,0,184,0,171900.16
INV00021685,2025-07-06,STR019,PRD00729,53,0,7,0,46,0,117655.12
INV00021686,2025-07-06,STR019,PRD01100,11,44,6,0,49,0,199962.63
INV00021687,2025-07-06,STR019,PRD01057,443,0,217,0,226,0,7525.8
INV00021688,2025-07-06,STR019,PRD00439,103,375,34,0,444,0,42450.84
INV00021689,2025-07-06,STR019,PRD00047,14,30,7,0,37,0,663149.15
INV00021690,2025-07-06,STR019,PRD01039,171,0,82,0,89,0,35060.66
INV00021691,2025-07-06,STR019,PRD00969,139,313,54,0,398,0,30343.52
INV00021692,2025-07-06,STR019,PRD00498,233,233,42,0,424,0,58575.6
INV00021693,2025-07-06,STR019,PRD00274,109,0,19,0,90,0,38318.4
INV00021694,2025-07-06,STR019,PRD00158,117,0,44,1,74,0,191100.56
INV00021695,2025-07-06,STR019,PRD00685,109,0,7,0,101,1,288015.64
INV00021696,2025-07-06,STR019,PRD01072,274,0,31,0,243,0,53460.0
INV00021697,2025-07-06,STR019,PRD00459,110,0,32,0,78,0,57330.78
INV00021698,2025-07-06,STR019,PRD01080,100,0,17,0,82,1,63281.86
INV00021699,2025-07-06,STR019,PRD00441,182,171,66,0,287,0,202931.96
INV00021700,2025-07-06,STR019,PRD00486,267,0,47,0,220,0,27181.0
INV00021701,2025-07-06,STR020,PRD00900,84,139,19,0,204,0,400054.2
INV00021702,2025-07-06,STR020,PRD00839,90,0,42,0,47,1,85303.59
INV00021703,2025-07-06,STR020,PRD00058,94,0,43,0,51,0,130993.5
INV00021704,2025-07-06,STR020,PRD01103,32,100,17,0,115,0,275162.8
INV00021705,2025-07-06,STR020,PRD00658,316,294,56,0,554,0,126134.72
INV00021706,2025-07-06,STR020,PRD01183,15,0,7,0,7,1,23324.0
INV00021707,2025-07-06,STR020,PRD01098,16,141,7,0,150,0,168429.0
INV00021708,2025-07-06,STR020,PRD00648,182,312,97,1,398,0,181993.46
INV00021709,2025-07-06,STR020,PRD00161,34,28,16,1,47,0,329718.16
INV00021710,2025-07-06,STR020,PRD00791,71,76,22,0,125,0,74933.75
INV00021711,2025-07-06,STR020,PRD00313,113,88,43,0,158,0,101015.72
INV00021712,2025-07-06,STR020,PRD00319,367,0,113,0,254,0,117807.74
INV00021713,2025-07-06,STR020,PRD00104,18,0,10,0,8,0,140662.64
INV00021714,2025-07-06,STR020,PRD00352,59,0,18,0,41,0,24472.9
INV00021715,2025-07-06,STR020,PRD00834,147,0,34,0,113,0,103450.37
INV00021716,2025-07-06,STR020,PRD00473,235,0,23,0,212,0,20103.96
INV00021717,2025-07-06,STR020,PRD00646,295,186,151,0,330,0,21710.7
INV00021718,2025-07-06,STR020,PRD00710,78,149,38,0,189,0,420334.11
INV00021719,2025-07-06,STR020,PRD00951,186,0,96,0,89,1,31361.82
INV00021720,2025-07-06,STR020,PRD00789,111,0,62,2,51,0,149680.41
INV00021721,2025-07-06,STR021,PRD00081,16,30,7,0,39,0,511148.82
INV00021722,2025-07-06,STR021,PRD00352,35,154,13,0,176,0,105054.4
INV00021723,2025-07-06,STR021,PRD00775,72,0,24,0,47,1,92897.85
INV00021724,2025-07-06,STR021,PRD00502,27,179,14,0,191,1,120085.52
INV00021725,2025-07-06,STR021,PRD00247,18,26,7,0,37,0,184719.54
INV00021726,2025-07-06,STR021,PRD01043,394,343,195,0,542,0,43609.32
INV00021727,2025-07-06,STR021,PRD00591,39,369,17,0,391,0,142218.43
INV00021728,2025-07-06,STR021,PRD00106,57,0,12,0,45,0,111931.2
INV00021729,2025-07-06,STR021,PRD01152,92,0,5,0,87,0,119946.9
INV00021730,2025-07-06,STR021,PRD00946,71,0,36,0,35,0,18395.3
INV00021731,2025-07-06,STR021,PRD01149,66,0,9,0,57,0,133081.89
INV00021732,2025-07-06,STR021,PRD00166,97,0,14,0,83,0,205093.0
INV00021733,2025-07-06,STR021,PRD00286,186,0,12,0,174,0,44081.16
INV00021734,2025-07-06,STR021,PRD01123,90,0,36,1,55,0,104624.3
INV00021735,2025-07-06,STR021,PRD00119,40,0,20,0,20,0,320691.4
INV00021736,2025-07-06,STR021,PRD00179,39,0,8,1,32,0,102641.28
INV00021737,2025-07-06,STR021,PRD00009,7,41,8,0,40,0,333780.4
INV00021738,2025-07-06,STR021,PRD00350,51,103,28,1,127,0,93423.74
INV00021739,2025-07-06,STR021,PRD00955,60,198,31,0,227,0,93274.3
INV00021740,2025-07-06,STR021,PRD00945,81,0,37,0,44,0,24210.56
INV00021741,2025-07-06,STR022,PRD00803,44,0,18,0,26,0,31843.24
INV00021742,2025-07-06,STR022,PRD00637,240,0,126,0,114,0,24350.4
INV00021743,2025-07-06,STR022,PRD00425,112,0,65,0,47,0,32782.97
INV00021744,2025-07-06,STR022,PRD00097,33,0,14,0,19,0,274319.34
INV00021745,2025-07-06,STR022,PRD00993,375,0,93,0,281,1,24424.52
INV00021746,2025-07-06,STR022,PRD00668,48,339,7,1,379,2,82068.66
INV00021747,2025-07-06,STR022,PRD00567,112,0,42,1,71,0,16114.16
INV00021748,2025-07-06,STR022,PRD01053,144,238,60,1,323,0,101027.94
INV00021749,2025-07-06,STR022,PRD00603,211,0,119,0,92,0,12048.32
INV00021750,2025-07-06,STR022,PRD00720,79,0,42,0,37,0,77883.15
INV00021751,2025-07-06,STR022,PRD01145,52,93,24,0,121,0,251705.41
INV00021752,2025-07-06,STR022,PRD00203,52,56,17,0,91,0,387740.08
INV00021753,2025-07-06,STR022,PRD00045,56,0,29,0,26,1,359376.68
INV00021754,2025-07-06,STR022,PRD00814,41,113,22,1,133,0,251286.21
INV00021755,2025-07-06,STR022,PRD00409,59,176,13,0,221,1,163122.31
INV00021756,2025-07-06,STR022,PRD00538,315,0,174,0,141,0,5890.98
INV00021757,2025-07-06,STR022,PRD00426,108,0,6,0,102,0,42418.74
INV00021758,2025-07-06,STR022,PRD00879,68,0,18,0,50,0,80711.5
INV00021759,2025-07-06,STR022,PRD00186,57,45,31,1,72,0,368992.08
INV00021760,2025-07-06,STR022,PRD01193,77,0,9,1,69,0,71408.79
INV00021761,2025-07-06,STR023,PRD01011,295,0,77,3,221,0,33081.49
INV00021762,2025-07-06,STR023,PRD00336,19,123,8,0,134,0,110028.74
INV00021763,2025-07-06,STR023,PRD00400,33,0,15,1,19,0,10478.12
INV00021764,2025-07-06,STR023,PRD00855,90,0,13,1,78,0,118992.9
INV00021765,2025-07-06,STR023,PRD00620,232,0,61,0,171,0,55689.57
INV00021766,2025-07-06,STR023,PRD00928,161,156,6,0,311,0,563696.83
INV00021767,2025-07-06,STR023,PRD00298,105,0,10,0,95,0,63281.4
INV00021768,2025-07-06,STR023,PRD00172,34,0,12,0,22,0,115572.6
INV00021769,2025-07-06,STR023,PRD00789,152,0,82,0,70,0,205443.7
INV00021770,2025-07-06,STR023,PRD00080,53,70,25,0,98,0,1276686.18
INV00021771,2025-07-06,STR023,PRD01180,62,0,21,1,42,0,178240.02
INV00021772,2025-07-06,STR023,PRD00350,21,103,6,0,118,0,86803.16
INV00021773,2025-07-06,STR023,PRD00676,95,0,45,0,50,0,141838.0
INV00021774,2025-07-06,STR023,PRD00896,204,0,120,0,83,1,12037.49
INV00021775,2025-07-06,STR023,PRD00131,49,0,12,3,40,0,361297.2
INV00021776,2025-07-06,STR023,PRD00314,77,0,24,0,53,0,19737.73
INV00021777,2025-07-06,STR023,PRD00767,88,0,35,1,54,0,84085.56
INV00021778,2025-07-06,STR023,PRD00805,52,159,29,0,182,0,393813.42
INV00021779,2025-07-06,STR023,PRD00705,115,0,47,0,68,0,22333.24
INV00021780,2025-07-06,STR023,PRD00819,91,90,17,0,164,0,254118.0
INV00021781,2025-07-06,STR024,PRD00355,97,0,18,0,79,0,12940.2
INV00021782,2025-07-06,STR024,PRD00280,174,218,20,0,372,0,115829.64
INV00021783,2025-07-06,STR024,PRD00159,20,36,12,0,44,0,161766.88
INV00021784,2025-07-06,STR024,PRD00753,124,0,20,1,105,0,275280.6
INV00021785,2025-07-06,STR024,PRD00424,231,0,42,0,187,2,70543.88
INV00021786,2025-07-06,STR024,PRD00939,56,265,16,0,305,0,73913.7
INV00021787,2025-07-06,STR024,PRD00177,47,0,11,1,37,0,273728.59
INV00021788,2025-07-06,STR024,PRD00934,63,0,15,0,48,0,86931.36
INV00021789,2025-07-06,STR024,PRD00371,254,390,35,0,609,0,69091.05
INV00021790,2025-07-06,STR024,PRD00905,148,0,49,0,97,2,148689.36
INV00021791,2025-07-06,STR024,PRD00590,313,0,62,0,251,0,61038.18
INV00021792,2025-07-06,STR024,PRD00752,38,53,11,1,81,0,244854.09
INV00021793,2025-07-06,STR024,PRD00699,99,0,10,0,89,0,135482.92
INV00021794,2025-07-06,STR024,PRD00054,29,0,7,0,21,1,248647.14
INV00021795,2025-07-06,STR024,PRD00485,74,175,32,0,217,0,128713.55
INV00021796,2025-07-06,STR024,PRD00941,32,163,8,0,187,0,95573.83
INV00021797,2025-07-06,STR024,PRD00936,129,0,64,0,65,0,40334.45
INV00021798,2025-07-06,STR024,PRD01105,25,130,6,0,149,0,224769.48
INV00021799,2025-07-06,STR024,PRD01066,377,0,113,0,264,0,66789.36
INV00021800,2025-07-06,STR024,PRD00762,122,133,37,1,219,0,199259.34
INV00021801,2025-07-06,STR025,PRD00780,81,0,48,2,35,0,31110.1
INV00021802,2025-07-06,STR025,PRD00659,156,399,81,0,474,0,103730.16
INV00021803,2025-07-06,STR025,PRD00794,35,31,9,0,57,0,180144.51
INV00021804,2025-07-06,STR025,PRD00284,204,0,36,0,168,0,17393.04
INV00021805,2025-07-06,STR025,PRD00945,178,0,14,1,165,0,90789.6
INV00021806,2025-07-06,STR025,PRD00057,158,0,40,0,118,0,236676.14
INV00021807,2025-07-06,STR025,PRD01043,409,0,189,0,219,1,17620.74
INV00021808,2025-07-06,STR025,PRD00398,196,0,110,0,86,0,14908.1
INV00021809,2025-07-06,STR025,PRD01119,13,71,5,0,79,0,345893.6
INV00021810,2025-07-06,STR025,PRD00580,267,0,118,0,149,0,31483.7
INV00021811,2025-07-06,STR025,PRD01120,21,0,10,0,11,0,48399.56
INV00021812,2025-07-06,STR025,PRD00027,20,72,6,0,86,0,1366251.04
INV00021813,2025-07-06,STR025,PRD00644,328,331,39,0,620,0,280481.8
INV00021814,2025-07-06,STR025,PRD01020,104,159,6,0,257,0,93026.29
INV00021815,2025-07-06,STR025,PRD01110,51,0,17,0,34,0,19757.74
INV00021816,2025-07-06,STR025,PRD00361,51,0,22,0,29,0,23945.3
INV00021817,2025-07-06,STR025,PRD00295,15,135,8,0,142,0,80725.58
INV00021818,2025-07-06,STR025,PRD00709,333,0,184,0,149,0,22804.45
INV00021819,2025-07-06,STR025,PRD00085,33,0,7,2,28,0,500516.24
INV00021820,2025-07-06,STR025,PRD01187,77,0,21,0,56,0,187879.44
INV00021821,2025-07-06,STR026,PRD00418,113,371,37,0,447,0,140997.21
INV00021822,2025-07-06,STR026,PRD00005,25,0,15,1,11,0,202827.46
INV00021823,2025-07-06,STR026,PRD00171,39,26,17,0,48,0,218543.52
INV00021824,2025-07-06,STR026,PRD00088,50,0,27,0,23,0,403130.2
INV00021825,2025-07-06,STR026,PRD00620,101,218,52,0,267,0,86953.89
INV00021826,2025-07-06,STR026,PRD00663,189,0,60,0,129,0,8114.1
INV00021827,2025-07-06,STR026,PRD00434,157,0,21,0,136,0,73275.44
INV00021828,2025-07-06,STR026,PRD00644,382,331,59,0,654,0,295863.06
INV00021829,2025-07-06,STR026,PRD00082,33,0,11,0,22,0,144153.68
INV00021830,2025-07-06,STR026,PRD00272,91,208,33,0,266,0,91695.52
INV00021831,2025-07-06,STR026,PRD01191,10,41,5,0,46,0,184528.54
INV00021832,2025-07-06,STR026,PRD00607,441,0,241,2,202,0,36632.7
INV00021833,2025-07-06,STR026,PRD00128,21,61,7,0,75,0,672285.75
INV00021834,2025-07-06,STR026,PRD01160,35,0,12,0,23,0,80289.32
INV00021835,2025-07-06,STR026,PRD01039,132,266,23,1,376,0,148121.44
INV00021836,2025-07-06,STR026,PRD01149,62,0,19,1,44,0,102729.88
INV00021837,2025-07-06,STR026,PRD00546,361,0,32,0,329,0,155913.1
INV00021838,2025-07-06,STR026,PRD00717,141,330,59,0,-17,0,-9999.0
INV00021839,2025-07-06,STR026,PRD00235,39,0,18,0,21,0,140356.02
INV00021840,2025-07-06,STR026,PRD00880,342,0,21,0,321,0,94354.74
INV00021841,2025-07-06,STR027,PRD00375,127,0,31,0,96,0,35045.76
INV00021842,2025-07-06,STR027,PRD00565,109,0,9,1,101,0,6209.48
INV00021843,2025-07-06,STR027,PRD00656,230,0,40,0,190,0,26809.0
INV00021844,2025-07-06,STR027,PRD01161,37,122,15,0,144,0,319530.24
INV00021845,2025-07-06,STR027,PRD00929,47,173,8,0,212,0,431682.88
INV00021846,2025-07-06,STR027,PRD00191,79,68,17,0,128,2,665376.0
INV00021847,2025-07-06,STR027,PRD00511,54,149,32,0,171,0,95619.78
INV00021848,2025-07-06,STR027,PRD00317,69,0,29,0,40,0,31978.8
INV00021849,2025-07-06,STR027,PRD00824,45,75,17,0,103,0,223152.59
INV00021850,2025-07-06,STR027,PRD00386,73,0,7,0,66,0,47571.48
INV00021851,2025-07-06,STR027,PRD00624,267,0,47,0,220,0,19157.6
INV00021852,2025-07-06,STR027,PRD00947,152,0,64,0,88,0,18305.76
INV00021853,2025-07-06,STR027,PRD00534,165,226,47,0,343,1,27642.37
INV00021854,2025-07-06,STR027,PRD00828,153,0,9,1,145,0,64235.0
INV00021855,2025-07-06,STR027,PRD00995,117,0,50,0,67,0,27987.24
INV00021856,2025-07-06,STR027,PRD00062,21,72,11,0,82,0,1131484.38
INV00021857,2025-07-06,STR027,PRD00614,190,0,95,0,95,0,3256.6
INV00021858,2025-07-06,STR027,PRD01121,22,130,13,0,139,0,135466.62
INV00021859,2025-07-06,STR027,PRD00974,237,0,56,0,181,0,19323.56
INV00021860,2025-07-06,STR027,PRD00559,372,0,11,0,361,0,152183.16
INV00021861,2025-07-06,STR028,PRD00387,145,0,39,0,105,1,26071.5
INV00021862,2025-07-06,STR028,PRD00742,37,0,5,0,32,0,75784.32
INV00021863,2025-07-06,STR028,PRD00844,159,0,50,0,109,0,242478.13
INV00021864,2025-07-06,STR028,PRD00640,266,223,80,0,407,2,47794.01
INV00021865,2025-07-06,STR028,PRD00219,97,0,51,3,48,1,47948.16
INV00021866,2025-07-06,STR028,PRD00516,68,0,9,0,59,0,29651.04
INV00021867,2025-07-06,STR028,PRD00603,111,221,50,1,283,0,37061.68
INV00021868,2025-07-06,STR028,PRD00897,28,0,15,1,14,0,33168.94
INV00021869,2025-07-06,STR028,PRD00840,73,164,17,0,220,0,370057.6
INV00021870,2025-07-06,STR028,PRD00947,130,0,62,0,66,2,13729.32
INV00021871,2025-07-06,STR028,PRD00041,24,0,7,0,17,0,254205.59
INV00021872,2025-07-06,STR028,PRD00070,46,44,13,0,76,1,838888.76
INV00021873,2025-07-06,STR028,PRD00580,132,0,5,0,127,0,26835.1
INV00021874,2025-07-06,STR028,PRD00229,63,0,12,0,51,0,68793.9
INV00021875,2025-07-06,STR028,PRD00060,83,0,10,0,73,0,768801.69
INV00021876,2025-07-06,STR028,PRD00121,34,0,13,0,21,0,195978.93
INV00021877,2025-07-06,STR028,PRD00290,159,0,11,0,148,0,70791.36
INV00021878,2025-07-06,STR028,PRD00885,109,143,50,0,202,0,253184.78
INV00021879,2025-07-06,STR028,PRD00726,154,0,71,0,83,0,124321.55
INV00021880,2025-07-06,STR028,PRD00128,85,0,38,3,50,0,448190.5
INV00021881,2025-07-06,STR029,PRD00973,118,0,7,0,109,2,17103.19
INV00021882,2025-07-06,STR029,PRD00120,25,0,10,0,15,0,244578.3
INV00021883,2025-07-06,STR029,PRD00111,79,0,28,0,51,0,647392.98
INV00021884,2025-07-06,STR029,PRD00559,150,312,34,1,429,0,180849.24
INV00021885,2025-07-06,STR029,PRD00386,79,0,44,0,35,0,25227.3
INV00021886,2025-07-06,STR029,PRD00487,75,263,17,1,322,0,25386.48
INV00021887,2025-07-06,STR029,PRD00132,24,39,13,0,50,0,886283.5
INV00021888,2025-07-06,STR029,PRD00155,34,0,18,0,16,0,26435.04
INV00021889,2025-07-06,STR029,PRD00008,11,65,7,0,69,0,717149.43
INV00021890,2025-07-06,STR029,PRD00821,104,77,41,2,142,0,224702.22
INV00021891,2025-07-06,STR029,PRD00683,157,0,68,2,91,0,54056.73
INV00021892,2025-07-06,STR029,PRD01188,166,0,75,0,91,0,153447.84
INV00021893,2025-07-06,STR029,PRD00112,40,0,20,1,21,0,65671.83
INV00021894,2025-07-06,STR029,PRD01092,176,0,7,1,170,0,447866.7
INV00021895,2025-07-06,STR029,PRD00440,424,0,187,2,239,0,76678.37
INV00021896,2025-07-06,STR029,PRD00108,66,0,37,0,28,1,442462.16
INV00021897,2025-07-06,STR029,PRD00401,55,0,27,0,28,0,17595.2
INV00021898,2025-07-06,STR029,PRD00654,39,317,15,0,341,0,110616.99
INV00021899,2025-07-06,STR029,PRD00959,127,0,76,0,51,0,20537.19
INV00021900,2025-07-06,STR029,PRD00557,102,327,16,0,413,0,55519.59
INV00021901,2025-07-06,STR030,PRD00942,135,0,36,0,99,0,6111.27
INV00021902,2025-07-06,STR030,PRD00896,136,0,13,0,123,0,17838.69
INV00021903,2025-07-06,STR030,PRD00727,216,371,126,0,461,0,203891.08
INV00021904,2025-07-06,STR030,PRD00645,346,160,85,0,421,0,139106.82
INV00021905,2025-07-06,STR030,PRD00182,22,124,9,0,137,0,156803.35
INV00021906,2025-07-06,STR030,PRD00797,111,0,12,0,99,0,40729.59
INV00021907,2025-07-06,STR030,PRD00348,114,0,58,0,56,0,38867.36
INV00021908,2025-07-06,STR030,PRD00767,44,0,16,0,28,0,43599.92
INV00021909,2025-07-06,STR030,PRD00722,21,169,6,0,183,1,214265.55
INV00021910,2025-07-06,STR030,PRD00073,55,0,20,2,37,0,633565.8
INV00021911,2025-07-06,STR030,PRD00201,122,0,16,0,106,0,200296.54
INV00021912,2025-07-06,STR030,PRD00269,89,400,40,0,449,0,44819.18
INV00021913,2025-07-06,STR030,PRD00946,33,115,9,0,139,0,73055.62
INV00021914,2025-07-06,STR030,PRD01120,22,0,11,0,11,0,48399.56
INV00021915,2025-07-06,STR030,PRD01011,113,0,61,1,53,0,7933.57
INV00021916,2025-07-06,STR030,PRD00166,111,0,56,0,55,0,135905.0
INV00021917,2025-07-06,STR030,PRD00451,124,0,9,0,114,1,57596.22
INV00021918,2025-07-06,STR030,PRD00907,24,103,5,0,122,0,119178.14
INV00021919,2025-07-06,STR030,PRD00193,25,0,15,1,10,1,41914.8
INV00021920,2025-07-06,STR030,PRD00165,40,0,16,0,23,1,153452.09
INV00021921,2025-07-06,STR031,PRD00542,244,0,81,1,164,0,56056.84
INV00021922,2025-07-06,STR031,PRD00870,16,167,6,1,178,0,288125.04
INV00021923,2025-07-06,STR031,PRD00684,23,148,5,1,167,0,411745.18
INV00021924,2025-07-06,STR031,PRD00104,39,68,17,0,90,0,1582454.7
INV00021925,2025-07-06,STR031,PRD00035,33,49,16,0,66,0,322692.48
INV00021926,2025-07-06,STR031,PRD00567,154,0,80,0,74,0,16795.04
INV00021927,2025-07-06,STR031,PRD00117,25,70,11,0,84,0,340453.68
INV00021928,2025-07-06,STR031,PRD00683,99,0,11,0,87,1,51680.61
INV00021929,2025-07-06,STR031,PRD00914,29,0,16,1,14,0,30810.08
INV00021930,2025-07-06,STR031,PRD00958,486,0,188,0,298,0,57135.54
INV00021931,2025-07-06,STR031,PRD00547,339,277,36,2,582,0,44389.14
INV00021932,2025-07-06,STR031,PRD00491,29,109,7,0,131,0,68999.01
INV00021933,2025-07-06,STR031,PRD00736,20,112,5,0,127,0,157676.85
INV00021934,2025-07-06,STR031,PRD00835,52,145,21,0,176,0,177443.2
INV00021935,2025-07-06,STR031,PRD00866,183,90,103,0,170,0,105802.9
INV00021936,2025-07-06,STR031,PRD00960,109,175,65,0,219,0,83745.6
INV00021937,2025-07-06,STR031,PRD00864,117,0,18,3,102,0,114042.12
INV00021938,2025-07-06,STR031,PRD00679,60,0,9,0,51,0,95142.54
INV00021939,2025-07-06,STR031,PRD01126,75,0,27,0,48,0,79265.76
INV00021940,2025-07-06,STR031,PRD00140,63,43,36,3,72,1,349322.4
INV00021941,2025-07-06,STR032,PRD00768,101,181,53,0,229,0,46967.9
INV00021942,2025-07-06,STR032,PRD00267,37,0,18,0,19,0,152030.21
INV00021943,2025-07-06,STR032,PRD00795,83,100,8,0,175,0,120403.5
INV00021944,2025-07-06,STR032,PRD00519,22,101,7,1,117,0,75219.3
INV00021945,2025-07-06,STR032,PRD00167,52,0,16,0,35,1,193312.35
INV00021946,2025-07-06,STR032,PRD00510,325,0,27,0,298,0,127967.16
INV00021947,2025-07-06,STR032,PRD00568,115,0,13,0,102,0,29407.62
INV00021948,2025-07-06,STR032,PRD00741,38,112,10,0,139,1,282015.71
INV00021949,2025-07-06,STR032,PRD00998,459,0,166,0,293,0,131817.77
INV00021950,2025-07-06,STR032,PRD00168,94,0,55,0,39,0,257831.34
INV00021951,2025-07-06,STR032,PRD00941,135,0,57,0,78,0,39865.02
INV00021952,2025-07-06,STR032,PRD00262,22,0,11,1,12,0,96761.28
INV00021953,2025-07-06,STR032,PRD00001,19,40,8,0,49,2,751516.92
INV00021954,2025-07-06,STR032,PRD00279,149,0,13,0,136,0,60645.12
INV00021955,2025-07-06,STR032,PRD01081,52,0,12,0,40,0,140933.2
INV00021956,2025-07-06,STR032,PRD00585,216,0,111,0,105,0,30413.25
INV00021957,2025-07-06,STR032,PRD00619,319,0,170,0,149,0,20760.17
INV00021958,2025-07-06,STR032,PRD00187,17,48,5,0,59,1,198501.37
INV00021959,2025-07-06,STR032,PRD00993,124,0,43,0,81,0,7040.52
INV00021960,2025-07-06,STR032,PRD00018,56,36,10,0,82,0,801073.58
INV00021961,2025-07-06,STR033,PRD00030,50,0,5,0,45,0,566531.55
INV00021962,2025-07-06,STR033,PRD00477,315,0,45,0,270,0,26368.2
INV00021963,2025-07-06,STR033,PRD00861,54,0,14,0,39,1,69178.2
INV00021964,2025-07-06,STR033,PRD00038,53,0,8,1,46,0,97222.38
INV00021965,2025-07-06,STR033,PRD00096,33,174,11,0,196,0,226319.24
INV00021966,2025-07-06,STR033,PRD00363,74,0,37,0,37,0,25542.95
INV00021967,2025-07-06,STR033,PRD00919,63,0,12,0,50,1,111604.0
INV00021968,2025-07-06,STR033,PRD00050,10,75,6,0,79,0,1270006.37
INV00021969,2025-07-06,STR033,PRD00892,90,114,25,0,179,0,311819.79
INV00021970,2025-07-06,STR033,PRD01100,25,44,15,0,54,0,220366.98
INV00021971,2025-07-06,STR033,PRD00797,122,0,48,0,73,1,30032.93
INV00021972,2025-07-06,STR033,PRD01055,66,216,35,0,247,0,65842.79
INV00021973,2025-07-06,STR033,PRD00792,24,129,6,0,147,0,430024.98
INV00021974,2025-07-06,STR033,PRD00544,157,0,62,0,95,0,7860.3
INV00021975,2025-07-06,STR033,PRD01152,34,0,8,0,26,0,35846.2
INV00021976,2025-07-06,STR033,PRD00828,202,0,60,0,142,0,62906.0
INV00021977,2025-07-06,STR033,PRD00143,24,25,5,0,44,0,354554.64
INV00021978,2025-07-06,STR033,PRD00872,285,358,23,3,623,0,207845.26
INV00021979,2025-07-06,STR033,PRD01172,66,143,5,0,204,0,117924.24
INV00021980,2025-07-06,STR033,PRD00036,60,0,16,0,44,0,251171.36
INV00021981,2025-07-06,STR034,PRD00950,345,0,167,0,178,0,22661.18
INV00021982,2025-07-06,STR034,PRD00293,364,0,183,0,181,0,80092.5
INV00021983,2025-07-06,STR034,PRD00223,31,58,9,2,82,0,575212.78
INV00021984,2025-07-06,STR034,PRD01028,297,0,5,1,293,0,14093.3
INV00021985,2025-07-06,STR034,PRD00982,198,0,65,0,133,0,7759.22
INV00021986,2025-07-06,STR034,PRD00193,15,32,8,0,39,0,163467.72
INV00021987,2025-07-06,STR034,PRD00511,66,0,35,0,31,0,17334.58
INV00021988,2025-07-06,STR034,PRD00974,356,0,201,0,154,1,16441.04
INV00021989,2025-07-06,STR034,PRD00933,75,90,44,0,121,0,263816.3
INV00021990,2025-07-06,STR034,PRD00095,31,0,11,1,21,0,292189.8
INV00021991,2025-07-06,STR034,PRD00028,133,0,37,0,96,0,253571.52
INV00021992,2025-07-06,STR034,PRD00958,489,0,288,1,202,0,38729.46
INV00021993,2025-07-06,STR034,PRD00841,100,0,52,0,48,0,64236.48
INV00021994,2025-07-06,STR034,PRD00528,66,0,24,0,42,0,39746.28
INV00021995,2025-07-06,STR034,PRD00061,36,0,5,0,31,0,164605.66
INV00021996,2025-07-06,STR034,PRD00375,189,0,76,0,113,0,41251.78
INV00021997,2025-07-06,STR034,PRD00909,65,0,9,0,56,0,48690.88
INV00021998,2025-07-06,STR034,PRD00130,39,0,19,1,21,0,270534.18
INV00021999,2025-07-06,STR034,PRD00450,86,242,23,0,305,0,88614.7
INV00022000,2025-07-06,STR034,PRD01144,105,0,62,0,43,0,61318.86
INV00022001,2025-07-06,STR035,PRD00008,11,65,8,0,68,0,706755.96
INV00022002,2025-07-06,STR035,PRD00339,334,0,198,0,136,0,67751.12
INV00022003,2025-07-06,STR035,PRD00609,105,322,49,0,378,0,76367.34
INV00022004,2025-07-06,STR035,PRD00902,232,0,89,0,143,0,22032.01
INV00022005,2025-07-06,STR035,PRD00119,43,0,13,0,29,1,465002.53
INV00022006,2025-07-06,STR035,PRD01152,74,91,8,0,157,0,216455.9
INV00022007,2025-07-06,STR035,PRD00380,203,0,45,0,158,0,33259.0
INV00022008,2025-07-06,STR035,PRD00248,24,54,14,0,64,0,440160.64
INV00022009,2025-07-06,STR035,PRD00893,129,0,9,0,120,0,72366.0
INV00022010,2025-07-06,STR035,PRD00042,49,55,6,1,99,0,1182027.33
INV00022011,2025-07-06,STR035,PRD00825,91,0,8,0,83,0,116406.67
INV00022012,2025-07-06,STR035,PRD00711,88,0,27,0,61,0,82696.48
INV00022013,2025-07-06,STR035,PRD00462,313,0,183,1,131,0,26889.06
INV00022014,2025-07-06,STR035,PRD00070,76,44,12,0,108,0,1192105.08
INV00022015,2025-07-06,STR035,PRD01158,91,0,39,1,53,0,221395.84
INV00022016,2025-07-06,STR035,PRD00437,135,173,61,2,249,0,67508.88
INV00022017,2025-07-06,STR035,PRD00898,112,0,67,0,45,0,82539.0
INV00022018,2025-07-06,STR035,PRD01072,249,0,33,0,216,0,47520.0
INV00022019,2025-07-06,STR035,PRD00303,145,246,49,2,344,0,124624.32
INV00022020,2025-07-06,STR035,PRD01047,159,0,40,0,119,0,57522.22
INV00022021,2025-07-06,STR036,PRD00456,253,0,11,0,242,0,41137.58
INV00022022,2025-07-06,STR036,PRD00755,370,0,168,3,205,0,70583.55
INV00022023,2025-07-06,STR036,PRD00961,174,0,37,0,137,0,21718.61
INV00022024,2025-07-06,STR036,PRD00109,64,0,31,0,33,0,307444.5
INV00022025,2025-07-06,STR036,PRD00841,99,0,30,0,69,0,92339.94
INV00022026,2025-07-06,STR036,PRD00336,68,0,11,0,57,0,46803.27
INV00022027,2025-07-06,STR036,PRD00299,92,0,38,1,55,0,45281.5
INV00022028,2025-07-06,STR036,PRD00125,72,141,13,0,200,0,211258.0
INV00022029,2025-07-06,STR036,PRD00502,87,0,23,0,64,0,40238.08
INV00022030,2025-07-06,STR036,PRD00367,183,0,104,0,79,0,19495.62
INV00022031,2025-07-06,STR036,PRD00636,87,0,32,2,57,0,25789.08
INV00022032,2025-07-06,STR036,PRD00256,77,0,14,0,63,0,510744.15
INV00022033,2025-07-06,STR036,PRD00616,41,365,15,0,391,0,122824.83
INV00022034,2025-07-06,STR036,PRD00093,17,0,6,0,10,1,97040.7
INV00022035,2025-07-06,STR036,PRD00475,67,0,15,0,52,0,29585.92
INV00022036,2025-07-06,STR036,PRD01111,139,0,20,2,121,0,115617.92
INV00022037,2025-07-06,STR036,PRD01121,75,0,12,0,62,1,60423.96
INV00022038,2025-07-06,STR036,PRD00383,164,0,28,0,136,0,18460.64
INV00022039,2025-07-06,STR036,PRD00228,86,0,51,0,35,0,104380.85
INV00022040,2025-07-06,STR036,PRD00559,461,0,214,2,249,0,104968.44
INV00022041,2025-07-06,STR037,PRD01034,145,0,59,0,86,0,18723.92
INV00022042,2025-07-06,STR037,PRD00418,197,0,80,0,117,0,36905.31
INV00022043,2025-07-06,STR037,PRD00242,29,92,12,0,109,0,278784.94
INV00022044,2025-07-06,STR037,PRD01048,252,0,66,0,186,0,77225.34
INV00022045,2025-07-06,STR037,PRD00566,176,0,71,0,104,1,44004.48
INV00022046,2025-07-06,STR037,PRD01032,84,0,13,0,71,0,4984.2
INV00022047,2025-07-06,STR037,PRD00825,42,0,7,0,35,0,49087.15
INV00022048,2025-07-06,STR037,PRD00012,20,0,5,0,15,0,61820.25
INV00022049,2025-07-06,STR037,PRD00959,251,0,109,0,142,0,57181.98
INV00022050,2025-07-06,STR037,PRD00768,186,0,53,0,132,1,27073.2
INV00022051,2025-07-06,STR037,PRD00379,126,388,67,1,448,0,206375.68
INV00022052,2025-07-06,STR037,PRD00746,87,177,31,0,233,0,355560.33
INV00022053,2025-07-06,STR037,PRD01099,45,0,14,0,31,0,84377.35
INV00022054,2025-07-06,STR037,PRD00771,30,180,13,0,197,0,282917.61
INV00022055,2025-07-06,STR037,PRD00567,265,0,32,0,233,0,52881.68
INV00022056,2025-07-06,STR037,PRD01186,129,154,64,0,218,1,327479.6
INV00022057,2025-07-06,STR037,PRD00335,163,0,62,0,101,0,62878.56
INV00022058,2025-07-06,STR037,PRD00001,21,0,10,0,11,0,168707.88
INV00022059,2025-07-06,STR037,PRD00423,178,0,89,0,89,0,19037.1
INV00022060,2025-07-06,STR037,PRD01174,177,0,92,0,85,0,226522.45
INV00022061,2025-07-06,STR038,PRD00583,203,0,92,0,110,1,48134.9
INV00022062,2025-07-06,STR038,PRD00520,221,0,44,0,177,0,71837.22
INV00022063,2025-07-06,STR038,PRD00026,73,0,18,0,55,0,167585.55
INV00022064,2025-07-06,STR038,PRD00186,25,0,7,0,18,0,92248.02
INV00022065,2025-07-06,STR038,PRD00212,36,0,15,1,22,0,137741.34
INV00022066,2025-07-06,STR038,PRD01060,283,0,138,0,145,0,28760.75
INV00022067,2025-07-06,STR038,PRD01082,30,137,14,0,153,0,121980.78
INV00022068,2025-07-06,STR038,PRD00315,454,0,253,0,201,0,56569.44
INV00022069,2025-07-06,STR038,PRD00921,77,0,34,0,43,0,78859.42
INV00022070,2025-07-06,STR038,PRD00879,123,162,45,0,240,0,387415.2
INV00022071,2025-07-06,STR038,PRD00788,160,79,59,0,180,0,378936.0
INV00022072,2025-07-06,STR038,PRD00868,59,0,11,0,48,0,43786.08
INV00022073,2025-07-06,STR038,PRD00567,120,0,38,0,82,0,18610.72
INV00022074,2025-07-06,STR038,PRD00211,19,49,5,0,63,0,310278.15
INV00022075,2025-07-06,STR038,PRD00172,73,42,33,0,82,0,430770.6
INV00022076,2025-07-06,STR038,PRD01098,38,0,9,1,30,0,33685.8
INV00022077,2025-07-06,STR038,PRD00623,198,0,41,1,158,0,61250.28
INV00022078,2025-07-06,STR038,PRD00372,127,0,18,0,109,0,30081.82
INV00022079,2025-07-06,STR038,PRD01154,30,113,18,0,125,0,76432.5
INV00022080,2025-07-06,STR038,PRD00013,13,0,7,0,6,0,77172.54
INV00022081,2025-07-06,STR039,PRD00797,35,237,20,2,254,0,104498.14
INV00022082,2025-07-06,STR039,PRD00951,350,0,72,0,278,0,97961.64
INV00022083,2025-07-06,STR039,PRD00885,124,0,30,0,94,0,117818.66
INV00022084,2025-07-06,STR039,PRD01143,84,0,48,0,36,0,113663.52
INV00022085,2025-07-06,STR039,PRD00513,150,0,35,0,115,0,10667.4
INV00022086,2025-07-06,STR039,PRD00372,63,222,6,0,279,0,76998.42
INV00022087,2025-07-06,STR039,PRD00788,52,0,12,0,40,0,84208.0
INV00022088,2025-07-06,STR039,PRD01122,61,0,35,2,28,0,101681.44
INV00022089,2025-07-06,STR039,PRD00188,75,0,38,0,37,0,149020.09
INV00022090,2025-07-06,STR039,PRD00059,34,47,10,1,72,0,883422.72
INV00022091,2025-07-06,STR039,PRD00876,94,0,14,0,80,0,143870.4
INV00022092,2025-07-06,STR039,PRD00031,15,0,8,2,9,0,125134.29
INV00022093,2025-07-06,STR039,PRD00151,82,28,38,0,72,0,268822.8
INV00022094,2025-07-06,STR039,PRD00452,97,0,57,0,40,0,35186.0
INV00022095,2025-07-06,STR039,PRD00911,86,0,40,0,46,0,27701.2
INV00022096,2025-07-06,STR039,PRD00620,289,0,52,0,237,0,77183.79
INV00022097,2025-07-06,STR039,PRD00754,152,189,39,0,302,0,66705.76
INV00022098,2025-07-06,STR039,PRD00447,60,265,31,0,294,0,104564.04
INV00022099,2025-07-06,STR039,PRD00310,195,259,31,0,423,0,128482.02
INV00022100,2025-07-06,STR039,PRD00768,115,0,12,1,104,0,21330.4
INV00022101,2025-07-06,STR040,PRD00053,29,84,8,1,106,0,244808.06
INV00022102,2025-07-06,STR040,PRD00506,110,0,22,0,88,0,50960.8
INV00022103,2025-07-06,STR040,PRD00553,135,0,78,0,57,0,4965.27
INV00022104,2025-07-06,STR040,PRD00091,71,0,17,0,54,0,837247.32
INV00022105,2025-07-06,STR040,PRD01197,92,90,17,2,167,0,193917.06
INV00022106,2025-07-06,STR040,PRD00238,6,46,6,0,46,0,144199.88
INV00022107,2025-07-06,STR040,PRD00312,364,0,190,0,174,0,67545.06
INV00022108,2025-07-06,STR040,PRD00115,65,0,35,0,30,0,125285.1
INV00022109,2025-07-06,STR040,PRD01097,35,101,12,0,124,0,254727.0
INV00022110,2025-07-06,STR040,PRD01068,43,0,18,0,25,0,87380.0
INV00022111,2025-07-06,STR040,PRD00879,64,0,36,1,29,0,46812.67
INV00022112,2025-07-06,STR040,PRD01004,206,0,96,0,110,0,7252.3
INV00022113,2025-07-06,STR040,PRD00967,382,0,60,0,322,0,9189.88
INV00022114,2025-07-06,STR040,PRD00375,196,0,83,1,114,0,41616.84
INV00022115,2025-07-06,STR040,PRD00189,55,0,29,0,26,0,144420.64
INV00022116,2025-07-06,STR040,PRD00479,129,150,60,0,219,0,55978.59
INV00022117,2025-07-06,STR040,PRD00089,14,45,5,3,57,0,1048836.48
INV00022118,2025-07-06,STR040,PRD00132,50,0,27,0,23,0,407690.41
INV00022119,2025-07-06,STR040,PRD00413,305,336,11,0,630,0,189195.3
INV00022120,2025-07-06,STR040,PRD00180,78,0,13,0,65,0,164240.7
INV00022121,2025-07-06,STR041,PRD00637,165,0,22,0,143,0,30544.8
INV00022122,2025-07-06,STR041,PRD00437,119,0,58,1,62,0,16809.44
INV00022123,2025-07-06,STR041,PRD00779,87,0,47,0,40,0,39931.6
INV00022124,2025-07-06,STR041,PRD00114,62,46,27,0,80,1,984480.0
INV00022125,2025-07-06,STR041,PRD01123,25,109,12,0,122,0,232075.72
INV00022126,2025-07-06,STR041,PRD00554,163,0,24,0,138,1,64364.58
INV00022127,2025-07-06,STR041,PRD00124,25,48,8,1,66,0,470154.3
INV00022128,2025-07-06,STR041,PRD00565,260,0,145,0,115,0,7070.2
INV00022129,2025-07-06,STR041,PRD01188,102,0,59,0,43,0,72508.32
INV00022130,2025-07-06,STR041,PRD00527,126,0,61,0,65,0,48182.55
INV00022131,2025-07-06,STR041,PRD00339,192,0,79,0,113,0,56293.21
INV00022132,2025-07-06,STR041,PRD00381,59,0,25,1,35,0,18594.8
INV00022133,2025-07-06,STR041,PRD00835,43,145,13,1,176,0,177443.2
INV00022134,2025-07-06,STR041,PRD00736,69,0,26,0,43,0,53386.65
INV00022135,2025-07-06,STR041,PRD00307,473,254,102,0,625,0,301762.5
INV00022136,2025-07-06,STR041,PRD01145,45,0,25,3,23,0,47844.83
INV00022137,2025-07-06,STR041,PRD00218,36,0,16,0,20,0,101020.4
INV00022138,2025-07-06,STR041,PRD00664,195,0,17,1,179,0,19548.59
INV00022139,2025-07-06,STR041,PRD00151,29,28,5,0,52,0,194149.8
INV00022140,2025-07-06,STR041,PRD00014,104,0,19,0,85,0,389864.4
INV00022141,2025-07-13,STR001,PRD01089,65,70,25,0,110,0,417672.2
INV00022142,2025-07-13,STR001,PRD00747,72,112,43,0,141,0,135382.56
INV00022143,2025-07-13,STR001,PRD00580,232,0,139,0,93,0,19650.9
INV00022144,2025-07-13,STR001,PRD00321,188,0,91,0,97,0,69402.53
INV00022145,2025-07-13,STR001,PRD00487,171,0,31,0,140,0,11037.6
INV00022146,2025-07-13,STR001,PRD00019,14,46,8,0,52,0,332776.6
INV00022147,2025-07-13,STR001,PRD00832,69,0,16,0,53,0,72624.84
INV00022148,2025-07-13,STR001,PRD00259,77,95,40,0,132,0,162756.0
INV00022149,2025-07-13,STR001,PRD01111,126,0,51,0,75,0,71664.0
INV00022150,2025-07-13,STR001,PRD00808,31,130,14,0,147,0,266653.59
INV00022151,2025-07-13,STR001,PRD00190,64,0,22,0,42,0,334123.44
INV00022152,2025-07-13,STR001,PRD00988,95,0,16,0,79,0,42067.5
INV00022153,2025-07-13,STR001,PRD00838,104,156,27,1,234,0,244962.9
INV00022154,2025-07-13,STR001,PRD00660,258,0,119,0,139,0,33087.56
INV00022155,2025-07-13,STR001,PRD00362,91,0,39,0,52,0,27690.52
INV00022156,2025-07-13,STR001,PRD00149,85,0,39,0,46,0,93925.56
INV00022157,2025-07-13,STR001,PRD00772,87,0,19,0,68,0,44845.32
INV00022158,2025-07-13,STR001,PRD00176,35,0,9,0,26,0,75068.76
INV00022159,2025-07-13,STR001,PRD00213,31,0,12,0,19,0,106345.09
INV00022160,2025-07-13,STR001,PRD00618,279,0,95,1,185,0,33860.55
INV00022161,2025-07-13,STR002,PRD00461,97,0,36,0,61,0,10336.45
INV00022162,2025-07-13,STR002,PRD00910,91,0,46,1,46,0,72665.74
INV00022163,2025-07-13,STR002,PRD00045,54,66,27,0,93,0,1285462.74
INV00022164,2025-07-13,STR002,PRD00508,215,0,41,0,174,0,19127.82
INV00022165,2025-07-13,STR002,PRD01143,52,69,12,0,109,0,344147.88
INV00022166,2025-07-13,STR002,PRD00049,15,0,9,0,6,0,18168.66
INV00022167,2025-07-13,STR002,PRD01017,70,0,14,0,56,0,33134.64
INV00022168,2025-07-13,STR002,PRD00802,32,77,6,0,103,0,243954.47
INV00022169,2025-07-13,STR002,PRD00849,86,380,17,0,449,0,95089.22
INV00022170,2025-07-13,STR002,PRD01155,18,25,10,1,33,1,120810.03
INV00022171,2025-07-13,STR002,PRD00606,485,0,107,0,377,1,116330.89
INV00022172,2025-07-13,STR002,PRD00094,45,0,15,0,30,0,372250.2
INV00022173,2025-07-13,STR002,PRD00063,55,0,14,0,41,0,551325.77
INV00022174,2025-07-13,STR002,PRD00510,141,0,38,0,103,0,44230.26
INV00022175,2025-07-13,STR002,PRD00539,154,0,26,0,128,0,6109.44
INV00022176,2025-07-13,STR002,PRD01100,54,0,8,0,46,0,187720.02
INV00022177,2025-07-13,STR002,PRD00446,144,0,5,0,139,0,122515.99
INV00022178,2025-07-13,STR002,PRD00908,61,0,22,0,39,0,52262.34
INV00022179,2025-07-13,STR002,PRD00698,54,0,13,0,41,0,44878.19
INV00022180,2025-07-13,STR002,PRD00925,51,177,25,1,204,0,311118.36
INV00022181,2025-07-13,STR003,PRD01023,57,216,34,1,240,0,31987.2
INV00022182,2025-07-13,STR003,PRD00183,49,0,11,1,39,0,175053.84
INV00022183,2025-07-13,STR003,PRD00728,39,0,8,0,31,0,93298.53
INV00022184,2025-07-13,STR003,PRD00911,124,0,61,1,64,0,38540.8
INV00022185,2025-07-13,STR003,PRD01169,41,0,10,0,31,0,124043.71
INV00022186,2025-07-13,STR003,PRD00298,59,0,34,0,25,0,16653.0
INV00022187,2025-07-13,STR003,PRD00434,106,0,29,0,77,0,41486.83
INV00022188,2025-07-13,STR003,PRD01159,97,0,54,0,42,1,62968.92
INV00022189,2025-07-13,STR003,PRD00589,451,307,90,0,668,0,169698.72
INV00022190,2025-07-13,STR003,PRD01074,14,51,5,0,60,0,196149.0
INV00022191,2025-07-13,STR003,PRD00785,142,0,77,0,63,2,173554.29
INV00022192,2025-07-13,STR003,PRD00316,130,0,65,0,65,0,38318.8
INV00022193,2025-07-13,STR003,PRD00249,47,0,12,0,35,0,119565.25
INV00022194,2025-07-13,STR003,PRD00221,35,31,10,0,56,0,323169.84
INV00022195,2025-07-13,STR003,PRD00153,14,0,8,3,9,0,71299.08
INV00022196,2025-07-13,STR003,PRD00177,36,0,14,2,24,0,177553.68
INV00022197,2025-07-13,STR003,PRD00932,203,377,88,0,491,1,144349.09
INV00022198,2025-07-13,STR003,PRD00164,77,54,22,0,109,0,515418.49
INV00022199,2025-07-13,STR003,PRD01039,487,266,187,0,566,0,222970.04
INV00022200,2025-07-13,STR003,PRD00044,36,0,16,0,20,0,42280.6
INV00022201,2025-07-13,STR004,PRD00912,352,0,200,0,151,1,46251.3
INV00022202,2025-07-13,STR004,PRD00638,206,0,88,0,168,0,13594.78
INV00022203,2025-07-13,STR004,PRD00472,97,0,57,0,40,0,17796.0
INV00022204,2025-07-13,STR004,PRD00180,47,0,13,0,34,0,85910.52
INV00022205,2025-07-13,STR004,PRD00625,56,371,9,0,418,0,180956.38
INV00022206,2025-07-13,STR004,PRD00158,125,0,9,0,116,0,299563.04
INV00022207,2025-07-13,STR004,PRD00245,20,0,9,2,13,0,57581.03
INV00022208,2025-07-13,STR004,PRD00282,138,0,43,0,95,0,44671.85
INV00022209,2025-07-13,STR004,PRD01096,165,132,43,1,255,0,437136.3
INV00022210,2025-07-13,STR004,PRD01071,13,32,6,0,39,0,133068.0
INV00022211,2025-07-13,STR004,PRD00089,6,45,6,0,45,0,828028.8
INV00022212,2025-07-13,STR004,PRD01062,89,0,31,0,58,0,31497.48
INV00022213,2025-07-13,STR004,PRD00370,464,0,173,0,291,0,131337.03
INV00022214,2025-07-13,STR004,PRD00557,124,327,39,0,412,0,55385.16
INV00022215,2025-07-13,STR004,PRD00938,183,0,99,0,84,0,27495.72
INV00022216,2025-07-13,STR004,PRD00408,95,111,53,0,153,0,119786.76
INV00022217,2025-07-13,STR004,PRD00348,29,113,17,0,125,0,86757.5
INV00022218,2025-07-13,STR004,PRD00801,71,0,35,1,37,0,19418.71
INV00022219,2025-07-13,STR004,PRD00804,172,0,7,0,165,0,93188.7
INV00022220,2025-07-13,STR004,PRD00218,27,25,12,0,40,0,202040.8
INV00022221,2025-07-13,STR005,PRD01083,21,71,10,0,82,0,321581.04
INV00022222,2025-07-13,STR005,PRD00979,239,172,103,0,308,0,11528.44
INV00022223,2025-07-13,STR005,PRD00907,32,0,19,0,13,0,12699.31
INV00022224,2025-07-13,STR005,PRD00588,181,0,105,0,76,0,6869.64
INV00022225,2025-07-13,STR005,PRD00319,390,340,115,0,615,0,285243.15
INV00022226,2025-07-13,STR005,PRD00266,29,0,13,1,17,0,137460.13
INV00022227,2025-07-13,STR005,PRD00615,172,278,56,0,394,0,133699.96
INV00022228,2025-07-13,STR005,PRD01056,123,287,17,0,392,1,118387.92
INV00022229,2025-07-13,STR005,PRD00785,23,151,5,0,169,0,465566.27
INV00022230,2025-07-13,STR005,PRD01129,455,340,149,0,646,0,181603.52
INV00022231,2025-07-13,STR005,PRD00948,343,0,43,0,300,0,7965.0
INV00022232,2025-07-13,STR005,PRD00397,33,108,9,0,132,0,95833.32
INV00022233,2025-07-13,STR005,PRD01095,36,109,11,0,134,0,351209.98
INV00022234,2025-07-13,STR005,PRD00585,203,0,32,0,171,0,49530.15
INV00022235,2025-07-13,STR005,PRD00092,61,0,31,0,30,0,140330.4
INV00022236,2025-07-13,STR005,PRD00574,149,185,69,0,265,0,89718.4
INV00022237,2025-07-13,STR005,PRD00168,72,0,35,0,35,2,231387.1
INV00022238,2025-07-13,STR005,PRD00442,93,0,53,0,40,0,4788.0
INV00022239,2025-07-13,STR005,PRD00265,85,0,11,0,74,0,216084.44
INV00022240,2025-07-13,STR005,PRD00065,48,56,23,0,81,0,660387.33
INV00022241,2025-07-13,STR006,PRD00458,340,0,58,0,282,0,125749.44
INV00022242,2025-07-13,STR006,PRD01192,13,67,8,1,73,0,296816.54
INV00022243,2025-07-13,STR006,PRD00775,66,0,9,0,57,0,112663.35
INV00022244,2025-07-13,STR006,PRD00112,12,70,6,0,76,0,237669.48
INV00022245,2025-07-13,STR006,PRD01196,197,0,55,0,142,0,84758.38
INV00022246,2025-07-13,STR006,PRD00700,89,0,10,3,82,0,234899.66
INV00022247,2025-07-13,STR006,PRD00994,26,153,12,3,170,0,107642.3
INV00022248,2025-07-13,STR006,PRD00099,42,0,18,0,24,0,356593.44
INV00022249,2025-07-13,STR006,PRD01154,95,113,51,1,158,0,96610.68
INV00022250,2025-07-13,STR006,PRD00796,200,0,45,0,155,0,51134.5
INV00022251,2025-07-13,STR006,PRD01063,324,201,55,0,469,1,229054.91
INV00022252,2025-07-13,STR006,PRD00637,356,0,167,0,189,0,40370.4
INV00022253,2025-07-13,STR006,PRD00341,95,124,43,0,176,0,106578.56
INV00022254,2025-07-13,STR006,PRD00962,248,0,33,0,215,0,85071.2
INV00022255,2025-07-13,STR006,PRD00902,121,0,64,0,57,0,8781.99
INV00022256,2025-07-13,STR006,PRD00655,186,0,76,0,110,0,5186.5
INV00022257,2025-07-13,STR006,PRD00992,282,0,10,2,274,0,61422.58
INV00022258,2025-07-13,STR006,PRD01147,64,0,9,0,55,0,212480.4
INV00022259,2025-07-13,STR006,PRD00741,178,112,91,3,201,1,407806.89
INV00022260,2025-07-13,STR006,PRD01149,84,170,49,0,205,0,478627.85
INV00022261,2025-07-13,STR007,PRD00296,80,0,6,0,74,0,9000.62
INV00022262,2025-07-13,STR007,PRD00752,26,0,11,0,15,0,45343.35
INV00022263,2025-07-13,STR007,PRD00960,160,0,48,0,112,0,42828.8
INV00022264,2025-07-13,STR007,PRD00927,34,76,5,0,105,0,61380.9
INV00022265,2025-07-13,STR007,PRD00549,200,0,113,0,87,0,33268.8
INV00022266,2025-07-13,STR007,PRD00921,40,0,16,0,23,1,42180.62
INV00022267,2025-07-13,STR007,PRD00499,154,0,80,0,74,0,19649.96
INV00022268,2025-07-13,STR007,PRD00845,23,88,6,0,105,0,159958.05
INV00022269,2025-07-13,STR007,PRD00952,127,0,33,0,92,2,46249.32
INV00022270,2025-07-13,STR007,PRD01058,142,0,61,0,81,0,11746.62
INV00022271,2025-07-13,STR007,PRD00100,77,0,40,0,36,1,351894.96
INV00022272,2025-07-13,STR007,PRD00269,195,0,56,0,139,0,13874.98
INV00022273,2025-07-13,STR007,PRD01186,88,0,7,0,81,0,121678.2
INV00022274,2025-07-13,STR007,PRD01074,65,0,17,0,48,0,156919.2
INV00022275,2025-07-13,STR007,PRD00555,279,0,107,0,172,0,37803.88
INV00022276,2025-07-13,STR007,PRD00071,39,0,14,0,24,1,230535.12
INV00022277,2025-07-13,STR007,PRD00997,84,0,7,1,77,1,48101.13
INV00022278,2025-07-13,STR007,PRD01140,13,71,8,0,76,0,252050.96
INV00022279,2025-07-13,STR007,PRD00606,467,0,60,0,407,0,125587.99
INV00022280,2025-07-13,STR007,PRD01063,253,0,95,0,158,0,77165.62
INV00022281,2025-07-13,STR008,PRD00759,93,152,23,1,223,0,589741.34
INV00022282,2025-07-13,STR008,PRD00849,171,0,76,0,93,2,19695.54
INV00022283,2025-07-13,STR008,PRD00952,118,0,53,0,65,0,32676.15
INV00022284,2025-07-13,STR008,PRD00614,204,0,21,0,183,0,6273.24
INV00022285,2025-07-13,STR008,PRD00463,35,167,14,0,188,0,140524.36
INV00022286,2025-07-13,STR008,PRD01056,95,0,54,0,41,0,12382.41
INV00022287,2025-07-13,STR008,PRD00917,114,0,37,0,77,0,75523.91
INV00022288,2025-07-13,STR008,PRD00508,308,318,123,0,503,0,55294.79
INV00022289,2025-07-13,STR008,PRD00758,34,0,12,1,23,0,72870.21
INV00022290,2025-07-13,STR008,PRD00998,79,285,7,2,359,0,161510.51
INV00022291,2025-07-13,STR008,PRD00597,231,0,60,0,170,1,75449.4
INV00022292,2025-07-13,STR008,PRD00231,33,41,8,0,66,0,442535.94
INV00022293,2025-07-13,STR008,PRD00791,79,0,22,0,57,0,34169.79
INV00022294,2025-07-13,STR008,PRD00433,148,0,71,0,77,0,66354.75
INV00022295,2025-07-13,STR008,PRD00834,28,145,5,0,168,0,153802.32
INV00022296,2025-07-13,STR008,PRD01113,31,152,6,1,178,0,358833.76
INV00022297,2025-07-13,STR008,PRD00552,82,311,34,0,358,1,69788.52
INV00022298,2025-07-13,STR008,PRD00961,504,0,55,0,449,0,71179.97
INV00022299,2025-07-13,STR008,PRD00964,41,151,11,0,181,0,104109.39
INV00022300,2025-07-13,STR008,PRD01151,89,0,23,0,66,0,222707.76
INV00022301,2025-07-13,STR009,PRD00966,126,0,49,0,177,0,40536.65
INV00022302,2025-07-13,STR009,PRD00500,69,97,32,0,134,0,101509.02
INV00022303,2025-07-13,STR009,PRD00369,333,0,119,0,214,0,103252.86
INV00022304,2025-07-13,STR009,PRD00609,115,322,52,0,385,0,77781.55
INV00022305,2025-07-13,STR009,PRD01023,100,0,41,0,59,0,7863.52
INV00022306,2025-07-13,STR009,PRD00136,48,0,17,0,31,0,174877.51
INV00022307,2025-07-13,STR009,PRD00089,8,45,8,0,45,0,828028.8
INV00022308,2025-07-13,STR009,PRD00133,58,0,8,0,50,0,334039.0
INV00022309,2025-07-13,STR009,PRD01121,26,130,7,0,149,0,145212.42
INV00022310,2025-07-13,STR009,PRD00970,172,0,61,0,111,0,26614.47
INV00022311,2025-07-13,STR009,PRD00756,39,78,18,0,99,0,218631.6
INV00022312,2025-07-13,STR009,PRD01125,87,0,16,0,70,1,99640.1
INV00022313,2025-07-13,STR009,PRD00481,103,0,56,0,47,0,14887.72
INV00022314,2025-07-13,STR009,PRD00157,88,0,24,2,66,0,287442.54
INV00022315,2025-07-13,STR009,PRD00746,151,0,12,0,139,0,212115.39
INV00022316,2025-07-13,STR009,PRD00664,331,0,19,0,312,0,34073.52
INV00022317,2025-07-13,STR009,PRD00705,299,0,79,0,220,0,72254.6
INV00022318,2025-07-13,STR009,PRD00771,101,0,11,0,90,0,129251.7
INV00022319,2025-07-13,STR009,PRD00890,44,164,8,0,200,0,107186.0
INV00022320,2025-07-13,STR009,PRD00566,237,0,39,0,198,0,83777.76
INV00022321,2025-07-13,STR010,PRD00601,317,0,135,0,182,0,5609.24
INV00022322,2025-07-13,STR010,PRD00966,71,0,10,0,61,0,32113.45
INV00022323,2025-07-13,STR010,PRD00602,236,0,47,0,189,0,39175.92
INV00022324,2025-07-13,STR010,PRD00075,55,30,8,0,76,1,535236.84
INV00022325,2025-07-13,STR010,PRD00331,119,0,61,1,59,0,5299.97
INV00022326,2025-07-13,STR010,PRD00952,53,0,18,0,35,0,17594.85
INV00022327,2025-07-13,STR010,PRD00645,369,0,127,0,242,0,79961.64
INV00022328,2025-07-13,STR010,PRD00070,64,0,22,3,45,0,496710.45
INV00022329,2025-07-13,STR010,PRD01037,239,301,141,0,399,0,92643.81
INV00022330,2025-07-13,STR010,PRD01067,106,0,13,0,93,0,52530.12
INV00022331,2025-07-13,STR010,PRD00168,49,0,12,0,37,0,244609.22
INV00022332,2025-07-13,STR010,PRD01033,253,0,58,0,195,0,73844.55
INV00022333,2025-07-13,STR010,PRD00584,170,0,60,0,110,0,15658.5
INV00022334,2025-07-13,STR010,PRD00663,189,230,29,0,390,0,24531.0
INV00022335,2025-07-13,STR010,PRD00361,107,0,8,1,100,0,82570.0
INV00022336,2025-07-13,STR010,PRD00214,84,0,6,2,80,0,549572.8
INV00022337,2025-07-13,STR010,PRD01060,306,0,66,0,240,0,47604.0
INV00022338,2025-07-13,STR010,PRD00871,68,0,7,1,62,0,53277.84
INV00022339,2025-07-13,STR010,PRD00472,84,212,22,0,274,0,121902.6
INV00022340,2025-07-13,STR010,PRD00489,44,114,15,0,143,0,98795.84
INV00022341,2025-07-13,STR011,PRD00043,28,0,8,0,20,0,306059.4
INV00022342,2025-07-13,STR011,PRD01021,269,0,135,0,134,0,50668.08
INV00022343,2025-07-13,STR011,PRD01152,38,91,16,0,113,0,155793.1
INV00022344,2025-07-13,STR011,PRD00841,118,0,20,0,98,0,131149.48
INV00022345,2025-07-13,STR011,PRD01089,60,0,8,0,52,0,197445.04
INV00022346,2025-07-13,STR011,PRD00897,34,115,20,0,129,0,305628.09
INV00022347,2025-07-13,STR011,PRD01027,217,0,64,0,153,0,34535.16
INV00022348,2025-07-13,STR011,PRD01091,71,0,40,0,30,1,84265.5
INV00022349,2025-07-13,STR011,PRD00932,345,0,11,0,334,0,98192.66
INV00022350,2025-07-13,STR011,PRD00930,112,0,63,0,49,0,115901.66
INV00022351,2025-07-13,STR011,PRD00021,123,0,5,1,119,0,158722.2
INV00022352,2025-07-13,STR011,PRD00498,46,233,17,0,262,0,36195.3
INV00022353,2025-07-13,STR011,PRD00678,96,165,35,0,226,0,509609.66
INV00022354,2025-07-13,STR011,PRD01075,24,0,14,1,11,0,34961.08
INV00022355,2025-07-13,STR011,PRD00793,19,88,10,0,97,0,136324.77
INV00022356,2025-07-13,STR011,PRD00224,48,63,8,0,103,0,354382.83
INV00022357,2025-07-13,STR011,PRD00258,69,0,18,0,51,0,81333.27
INV00022358,2025-07-13,STR011,PRD00259,101,0,13,0,88,0,108504.0
INV00022359,2025-07-13,STR011,PRD00594,128,380,50,0,458,0,37249.14
INV00022360,2025-07-13,STR011,PRD01179,146,0,29,0,117,0,242718.84
INV00022361,2025-07-13,STR012,PRD00254,6,73,8,0,71,0,481110.91
INV00022362,2025-07-13,STR012,PRD01133,57,0,29,0,28,0,105420.56
INV00022363,2025-07-13,STR012,PRD00504,30,0,14,0,16,0,14947.84
INV00022364,2025-07-13,STR012,PRD00818,27,87,16,0,98,0,163575.72
INV00022365,2025-07-13,STR012,PRD00079,92,34,32,0,94,0,1267662.38
INV00022366,2025-07-13,STR012,PRD00541,189,0,92,0,97,0,39340.29
INV00022367,2025-07-13,STR012,PRD00850,100,0,37,0,63,0,77809.41
INV00022368,2025-07-13,STR012,PRD00734,201,0,48,0,153,0,71877.87
INV00022369,2025-07-13,STR012,PRD01138,84,0,43,0,41,0,114361.71
INV00022370,2025-07-13,STR012,PRD00203,18,56,5,0,69,0,294000.72
INV00022371,2025-07-13,STR012,PRD01027,297,0,107,0,190,0,42886.8
INV00022372,2025-07-13,STR012,PRD00150,66,0,37,0,29,0,26026.34
INV00022373,2025-07-13,STR012,PRD00301,299,0,100,0,199,0,25923.73
INV00022374,2025-07-13,STR012,PRD00177,17,0,7,0,10,0,73980.7
INV00022375,2025-07-13,STR012,PRD00766,28,0,13,0,15,0,20519.85
INV00022376,2025-07-13,STR012,PRD00534,152,0,67,0,85,0,6850.15
INV00022377,2025-07-13,STR012,PRD00705,284,186,42,0,428,0,140568.04
INV00022378,2025-07-13,STR012,PRD00100,21,30,5,0,46,0,449643.56
INV00022379,2025-07-13,STR012,PRD00328,121,164,28,0,257,0,159085.57
INV00022380,2025-07-13,STR012,PRD00786,119,84,70,0,133,0,203954.17
INV00022381,2025-07-13,STR013,PRD00151,38,0,8,0,30,0,112009.5
INV00022382,2025-07-13,STR013,PRD00341,51,0,26,0,25,0,15139.0
INV00022383,2025-07-13,STR013,PRD00796,122,0,66,0,56,0,18474.4
INV00022384,2025-07-13,STR013,PRD00480,331,0,154,0,177,0,15252.09
INV00022385,2025-07-13,STR013,PRD00121,105,68,46,2,129,0,1203870.57
INV00022386,2025-07-13,STR013,PRD00264,55,0,24,0,31,0,98333.24
INV00022387,2025-07-13,STR013,PRD00058,125,167,28,0,264,0,678084.0
INV00022388,2025-07-13,STR013,PRD00529,201,0,79,0,122,0,59817.82
INV00022389,2025-07-13,STR013,PRD00383,147,0,20,0,127,0,17238.98
INV00022390,2025-07-13,STR013,PRD00967,499,0,11,1,489,0,13956.06
INV00022391,2025-07-13,STR013,PRD01076,80,99,11,0,168,0,436052.4
INV00022392,2025-07-13,STR013,PRD00785,71,151,6,0,216,0,595043.28
INV00022393,2025-07-13,STR013,PRD00232,48,0,13,0,35,0,169517.95
INV00022394,2025-07-13,STR013,PRD00370,324,0,145,0,178,1,80336.74
INV00022395,2025-07-13,STR013,PRD01062,94,0,24,2,72,0,39100.32
INV00022396,2025-07-13,STR013,PRD00686,184,0,14,0,170,0,359351.1
INV00022397,2025-07-13,STR013,PRD01081,27,0,5,0,22,0,77513.26
INV00022398,2025-07-13,STR013,PRD00521,37,123,19,0,140,1,116564.0
INV00022399,2025-07-13,STR013,PRD00021,41,155,22,0,174,0,232081.2
INV00022400,2025-07-13,STR013,PRD00559,283,0,63,0,220,0,92743.2
INV00022401,2025-07-13,STR014,PRD00981,388,0,115,0,273,0,14807.52
INV00022402,2025-07-13,STR014,PRD00093,48,0,20,0,27,1,262009.89
INV00022403,2025-07-13,STR014,PRD00571,204,0,90,0,114,0,16357.86
INV00022404,2025-07-13,STR014,PRD00590,102,185,17,0,270,0,65658.6
INV00022405,2025-07-13,STR014,PRD00562,227,0,75,0,152,0,71663.44
INV00022406,2025-07-13,STR014,PRD00544,186,283,13,1,507,0,37812.18
INV00022407,2025-07-13,STR014,PRD00228,39,0,17,0,22,0,65610.82
INV00022408,2025-07-13,STR014,PRD00205,40,144,21,1,164,0,218956.4
INV00022409,2025-07-13,STR014,PRD00114,58,46,19,0,85,0,1046010.0
INV00022410,2025-07-13,STR014,PRD00815,168,0,80,0,88,0,162587.92
INV00022411,2025-07-13,STR014,PRD00040,21,0,10,0,11,0,192357.11
INV00022412,2025-07-13,STR014,PRD01118,7,59,6,0,60,0,202266.0
INV00022413,2025-07-13,STR014,PRD00215,25,0,6,0,19,0,123977.85
INV00022414,2025-07-13,STR014,PRD00956,89,0,47,0,42,0,24024.0
INV00022415,2025-07-13,STR014,PRD00261,84,0,37,0,47,0,240569.97
INV00022416,2025-07-13,STR014,PRD00806,172,381,41,0,512,0,95554.56
INV00022417,2025-07-13,STR014,PRD00392,74,242,17,0,299,0,72441.72
INV00022418,2025-07-13,STR014,PRD00327,121,0,70,0,51,0,42545.22
INV00022419,2025-07-13,STR014,PRD00929,54,0,13,0,41,0,83485.84
INV00022420,2025-07-13,STR014,PRD00970,417,0,156,0,261,0,62579.97
INV00022421,2025-07-13,STR015,PRD00737,63,0,31,0,32,0,24107.84
INV00022422,2025-07-13,STR015,PRD01042,136,0,76,0,60,0,5681.4
INV00022423,2025-07-13,STR015,PRD00864,119,0,28,2,93,0,103979.58
INV00022424,2025-07-13,STR015,PRD00302,157,0,77,0,80,0,18007.2
INV00022425,2025-07-13,STR015,PRD00480,227,204,88,1,344,0,29642.48
INV00022426,2025-07-13,STR015,PRD00897,29,115,6,2,140,0,331689.4
INV00022427,2025-07-13,STR015,PRD00153,17,0,8,0,9,0,71299.08
INV00022428,2025-07-13,STR015,PRD00170,186,159,93,0,251,1,230540.99
INV00022429,2025-07-13,STR015,PRD00413,64,336,25,0,374,1,112315.94
INV00022430,2025-07-13,STR015,PRD00034,28,161,6,0,183,0,95262.48
INV00022431,2025-07-13,STR015,PRD00715,16,90,7,0,99,0,196416.0
INV00022432,2025-07-13,STR015,PRD00988,85,133,5,3,215,1,114487.5
INV00022433,2025-07-13,STR015,PRD00921,85,0,33,0,52,0,95364.88
INV00022434,2025-07-13,STR015,PRD00727,86,371,46,3,414,0,183103.92
INV00022435,2025-07-13,STR015,PRD00407,61,114,33,0,142,0,75742.8
INV00022436,2025-07-13,STR015,PRD00954,62,139,12,0,189,0,116227.44
INV00022437,2025-07-13,STR015,PRD00847,168,0,68,0,100,0,161712.0
INV00022438,2025-07-13,STR015,PRD00324,137,0,66,0,71,0,50758.61
INV00022439,2025-07-13,STR015,PRD00575,477,0,127,0,350,0,23478.0
INV00022440,2025-07-13,STR015,PRD00030,33,65,8,0,89,1,1120473.51
INV00022441,2025-07-13,STR016,PRD00144,19,0,11,0,8,0,39712.56
INV00022442,2025-07-13,STR016,PRD00520,201,209,25,2,387,0,157067.82
INV00022443,2025-07-13,STR016,PRD00562,163,316,34,0,445,0,209804.15
INV00022444,2025-07-13,STR016,PRD00239,16,28,5,0,39,0,177686.34
INV00022445,2025-07-13,STR016,PRD00441,42,171,7,0,205,1,144951.4
INV00022446,2025-07-13,STR016,PRD00024,13,54,7,0,60,0,930014.4
INV00022447,2025-07-13,STR016,PRD00884,178,0,56,0,122,0,132533.48
INV00022448,2025-07-13,STR016,PRD00092,94,54,11,1,138,0,645519.84
INV00022449,2025-07-13,STR016,PRD00013,37,0,16,0,21,0,270103.89
INV00022450,2025-07-13,STR016,PRD00241,56,0,22,1,35,0,195437.9
INV00022451,2025-07-13,STR016,PRD00571,405,331,185,0,551,0,79062.99
INV00022452,2025-07-13,STR016,PRD00572,231,0,108,0,123,0,57667.32
INV00022453,2025-07-13,STR016,PRD00096,21,174,5,1,190,1,219391.1
INV00022454,2025-07-13,STR016,PRD00892,195,0,71,0,123,1,214267.23
INV00022455,2025-07-13,STR016,PRD00882,13,94,6,0,101,0,220980.93
INV00022456,2025-07-13,STR016,PRD00156,75,0,38,0,37,0,45582.15
INV00022457,2025-07-13,STR016,PRD00349,132,0,74,0,57,1,4780.59
INV00022458,2025-07-13,STR016,PRD00484,124,0,6,0,118,0,66969.72
INV00022459,2025-07-13,STR016,PRD00962,169,0,43,0,126,0,49855.68
INV00022460,2025-07-13,STR016,PRD00704,112,0,17,0,95,0,67178.3
INV00022461,2025-07-13,STR017,PRD00815,31,168,5,0,194,0,358432.46
INV00022462,2025-07-13,STR017,PRD00220,68,0,7,0,61,0,278247.84
INV00022463,2025-07-13,STR017,PRD00075,38,0,16,0,22,0,154936.98
INV00022464,2025-07-13,STR017,PRD00542,168,0,69,1,100,0,34181.0
INV00022465,2025-07-13,STR017,PRD00841,137,0,35,0,102,0,136502.52
INV00022466,2025-07-13,STR017,PRD00116,43,54,22,0,75,0,1121631.75
INV00022467,2025-07-13,STR017,PRD01149,58,0,17,0,41,0,95725.57
INV00022468,2025-07-13,STR017,PRD00690,48,0,18,0,30,0,71922.6
INV00022469,2025-07-13,STR017,PRD00348,43,113,7,1,150,0,104109.0
INV00022470,2025-07-13,STR017,PRD00824,75,0,20,0,55,0,119159.15
INV00022471,2025-07-13,STR017,PRD01185,90,0,47,0,43,0,39768.55
INV00022472,2025-07-13,STR017,PRD01191,34,41,14,0,61,0,244700.89
INV00022473,2025-07-13,STR017,PRD01139,52,0,25,0,27,0,49803.12
INV00022474,2025-07-13,STR017,PRD00821,63,0,6,0,56,1,88614.96
INV00022475,2025-07-13,STR017,PRD01035,375,0,126,0,249,0,31142.43
INV00022476,2025-07-13,STR017,PRD00839,132,0,57,1,76,0,137937.72
INV00022477,2025-07-13,STR017,PRD00373,464,0,207,3,260,0,22240.4
INV00022478,2025-07-13,STR017,PRD00683,149,0,80,0,69,0,40988.07
INV00022479,2025-07-13,STR017,PRD00900,107,0,63,0,44,0,86286.2
INV00022480,2025-07-13,STR017,PRD00544,89,283,44,0,328,0,27138.72
INV00022481,2025-07-13,STR018,PRD00184,57,0,12,0,45,0,116491.5
INV00022482,2025-07-13,STR018,PRD00314,177,370,57,0,490,0,182480.9
INV00022483,2025-07-13,STR018,PRD00458,437,388,148,0,677,0,301887.84
INV00022484,2025-07-13,STR018,PRD00659,78,399,46,0,429,2,93882.36
INV00022485,2025-07-13,STR018,PRD00046,33,0,12,0,21,0,176345.4
INV00022486,2025-07-13,STR018,PRD00071,55,47,8,0,93,1,893323.59
INV00022487,2025-07-13,STR018,PRD00224,41,0,12,0,29,0,99777.69
INV00022488,2025-07-13,STR018,PRD00197,13,38,6,0,45,0,170056.35
INV00022489,2025-07-13,STR018,PRD01125,155,0,19,1,137,0,195009.91
INV00022490,2025-07-13,STR018,PRD00894,93,96,46,0,143,0,229966.88
INV00022491,2025-07-13,STR018,PRD00495,234,0,100,1,135,0,22176.45
INV00022492,2025-07-13,STR018,PRD00306,35,111,11,0,135,0,104211.9
INV00022493,2025-07-13,STR018,PRD00007,15,36,9,0,42,0,649412.4
INV00022494,2025-07-13,STR018,PRD01070,32,0,13,0,19,0,48958.63
INV00022495,2025-07-13,STR018,PRD00393,158,0,21,0,137,0,47152.66
INV00022496,2025-07-13,STR018,PRD00146,45,48,14,0,79,0,328316.89
INV00022497,2025-07-13,STR018,PRD00865,23,176,11,0,188,0,267698.84
INV00022498,2025-07-13,STR018,PRD00517,108,0,44,0,64,0,12993.92
INV00022499,2025-07-13,STR018,PRD00451,78,0,32,0,46,0,23240.58
INV00022500,2025-07-13,STR018,PRD00974,190,0,80,0,110,0,11743.6
INV00022501,2025-07-13,STR019,PRD01087,42,0,5,0,37,0,126529.64
INV00022502,2025-07-13,STR019,PRD00380,137,0,35,0,100,2,21050.0
INV00022503,2025-07-13,STR019,PRD01138,67,106,27,0,146,0,407239.26
INV00022504,2025-07-13,STR019,PRD01015,127,0,8,0,119,0,64393.28
INV00022505,2025-07-13,STR019,PRD00177,38,0,14,1,25,0,184951.75
INV00022506,2025-07-13,STR019,PRD00664,402,0,177,0,224,1,24463.04
INV00022507,2025-07-13,STR019,PRD00532,44,0,12,0,32,0,25883.52
INV00022508,2025-07-13,STR019,PRD00721,33,81,14,0,100,0,172763.0
INV00022509,2025-07-13,STR019,PRD00909,144,0,55,0,89,0,77383.72
INV00022510,2025-07-13,STR019,PRD00570,57,364,8,0,413,0,110919.41
INV00022511,2025-07-13,STR019,PRD00195,31,0,5,0,26,0,80830.1
INV00022512,2025-07-13,STR019,PRD00571,353,331,34,1,651,0,93411.99
INV00022513,2025-07-13,STR019,PRD00663,119,230,20,0,329,0,20694.1
INV00022514,2025-07-13,STR019,PRD00816,19,165,8,0,176,0,150900.64
INV00022515,2025-07-13,STR019,PRD00259,18,95,7,0,106,0,130698.0
INV00022516,2025-07-13,STR019,PRD00200,109,0,57,0,52,0,70898.36
INV00022517,2025-07-13,STR019,PRD00960,346,0,42,0,304,0,116249.6
INV00022518,2025-07-13,STR019,PRD00219,63,88,27,1,124,1,123866.08
INV00022519,2025-07-13,STR019,PRD00113,20,0,7,0,13,0,154391.77
INV00022520,2025-07-13,STR019,PRD00946,47,0,8,0,37,2,19446.46
INV00022521,2025-07-13,STR020,PRD00656,158,0,16,0,142,0,20036.2
INV00022522,2025-07-13,STR020,PRD01170,77,178,14,0,241,0,167470.9
INV00022523,2025-07-13,STR020,PRD01047,122,330,25,0,427,0,206403.26
INV00022524,2025-07-13,STR020,PRD00283,494,200,15,0,679,0,292968.13
INV00022525,2025-07-13,STR020,PRD00363,87,0,31,0,56,0,38659.6
INV00022526,2025-07-13,STR020,PRD00831,113,0,56,0,57,0,113610.69
INV00022527,2025-07-13,STR020,PRD00029,37,0,8,0,29,0,468565.47
INV00022528,2025-07-13,STR020,PRD00266,6,52,6,0,52,0,420466.28
INV00022529,2025-07-13,STR020,PRD01041,61,0,28,0,33,0,17582.73
INV00022530,2025-07-13,STR020,PRD00395,75,271,24,0,321,1,119822.88
INV00022531,2025-07-13,STR020,PRD00975,87,0,13,0,74,0,44289.0
INV00022532,2025-07-13,STR020,PRD00764,16,171,6,0,181,0,332335.91
INV00022533,2025-07-13,STR020,PRD00162,13,38,7,0,44,0,294185.76
INV00022534,2025-07-13,STR020,PRD00852,100,0,19,1,82,0,99616.88
INV00022535,2025-07-13,STR020,PRD00874,71,0,22,1,50,0,116624.0
INV00022536,2025-07-13,STR020,PRD00056,18,0,9,1,10,0,85810.1
INV00022537,2025-07-13,STR020,PRD01167,30,148,17,0,161,0,134541.26
INV00022538,2025-07-13,STR020,PRD00053,153,0,66,0,87,0,200927.37
INV00022539,2025-07-13,STR020,PRD00359,46,0,9,0,37,0,23814.68
INV00022540,2025-07-13,STR020,PRD00743,70,0,18,0,52,0,58841.12
INV00022541,2025-07-13,STR021,PRD00525,358,0,178,0,180,0,11961.0
INV00022542,2025-07-13,STR021,PRD00933,30,90,7,1,114,0,248554.2
INV00022543,2025-07-13,STR021,PRD00093,32,0,12,0,20,0,194081.4
INV00022544,2025-07-13,STR021,PRD00080,20,70,12,0,78,0,1016137.98
INV00022545,2025-07-13,STR021,PRD00023,32,54,14,0,172,0,318839.04
INV00022546,2025-07-13,STR021,PRD00858,119,0,40,0,79,0,54917.64
INV00022547,2025-07-13,STR021,PRD00599,178,0,90,0,88,0,16664.56
INV00022548,2025-07-13,STR021,PRD00913,112,0,14,0,97,1,209568.5
INV00022549,2025-07-13,STR021,PRD01084,11,53,5,0,59,0,248472.01
INV00022550,2025-07-13,STR021,PRD00474,231,0,77,0,153,1,13673.61
INV00022551,2025-07-13,STR021,PRD00461,93,0,55,1,39,0,6608.55
INV00022552,2025-07-13,STR021,PRD01112,63,162,37,0,188,0,292939.72
INV00022553,2025-07-13,STR021,PRD01134,22,153,8,0,167,0,489196.44
INV00022554,2025-07-13,STR021,PRD00164,18,54,9,0,63,0,297902.43
INV00022555,2025-07-13,STR021,PRD01118,39,0,21,3,20,1,67422.0
INV00022556,2025-07-13,STR021,PRD00689,457,0,247,0,210,0,69894.3
INV00022557,2025-07-13,STR021,PRD00669,44,0,25,3,22,0,41508.72
INV00022558,2025-07-13,STR021,PRD00205,27,144,15,0,156,0,208275.6
INV00022559,2025-07-13,STR021,PRD00176,48,0,5,1,44,0,127039.44
INV00022560,2025-07-13,STR021,PRD00414,204,0,87,0,117,0,49762.44
INV00022561,2025-07-13,STR022,PRD00941,36,163,10,1,190,0,97107.1
INV00022562,2025-07-13,STR022,PRD00761,201,0,102,2,101,0,27190.21
INV00022563,2025-07-13,STR022,PRD00133,60,0,27,0,33,0,220465.74
INV00022564,2025-07-13,STR022,PRD00012,7,35,8,0,34,0,140125.9
INV00022565,2025-07-13,STR022,PRD01132,41,0,21,0,20,0,77822.4
INV00022566,2025-07-13,STR022,PRD00265,23,118,12,2,130,1,379607.8
INV00022567,2025-07-13,STR022,PRD00466,160,0,81,0,79,0,49747.88
INV00022568,2025-07-13,STR022,PRD01096,46,132,6,0,172,0,294852.72
INV00022569,2025-07-13,STR022,PRD00318,420,246,42,0,624,0,74112.48
INV00022570,2025-07-13,STR022,PRD00325,73,0,34,0,39,0,22893.39
INV00022571,2025-07-13,STR022,PRD00380,95,0,54,0,41,0,8630.5
INV00022572,2025-07-13,STR022,PRD00201,41,0,6,1,36,0,68025.24
INV00022573,2025-07-13,STR022,PRD00049,24,0,11,1,14,0,42393.54
INV00022574,2025-07-13,STR022,PRD00522,104,0,58,0,46,0,40288.18
INV00022575,2025-07-13,STR022,PRD00485,34,0,16,0,17,1,-9999.0
INV00022576,2025-07-13,STR022,PRD01093,94,0,31,0,63,0,181882.26
INV00022577,2025-07-13,STR022,PRD00934,54,0,16,0,38,0,68820.66
INV00022578,2025-07-13,STR022,PRD00695,114,89,29,0,174,0,222104.04
INV00022579,2025-07-13,STR022,PRD00701,18,0,5,2,13,2,39822.38
INV00022580,2025-07-13,STR022,PRD00600,206,0,103,2,105,0,49261.8
INV00022581,2025-07-13,STR023,PRD00774,37,158,16,0,179,0,277319.33
INV00022582,2025-07-13,STR023,PRD00822,81,0,16,0,65,0,155993.5
INV00022583,2025-07-13,STR023,PRD00586,217,0,53,0,164,0,72161.64
INV00022584,2025-07-13,STR023,PRD00049,17,0,9,0,8,0,24224.88
INV00022585,2025-07-13,STR023,PRD00112,20,0,11,1,10,0,31272.3
INV00022586,2025-07-13,STR023,PRD00034,136,161,50,0,247,0,128578.32
INV00022587,2025-07-13,STR023,PRD00472,58,212,17,0,253,0,112559.7
INV00022588,2025-07-13,STR023,PRD00789,174,0,78,0,96,0,281751.36
INV00022589,2025-07-13,STR023,PRD00174,50,130,28,0,152,0,79532.48
INV00022590,2025-07-13,STR023,PRD00118,68,32,28,0,71,1,748621.87
INV00022591,2025-07-13,STR023,PRD01187,36,0,17,0,19,0,63744.81
INV00022592,2025-07-13,STR023,PRD00405,35,116,11,0,-24,0,112540.4
INV00022593,2025-07-13,STR023,PRD00212,72,54,19,0,107,0,669923.79
INV00022594,2025-07-13,STR023,PRD00945,178,142,78,1,243,0,133708.32
INV00022595,2025-07-13,STR023,PRD00234,79,0,41,0,38,0,90213.52
INV00022596,2025-07-13,STR023,PRD00126,81,0,33,0,48,0,294303.36
INV00022597,2025-07-13,STR023,PRD00172,17,42,8,0,51,0,267918.3
INV00022598,2025-07-13,STR023,PRD01102,79,345,28,0,396,0,139930.56
INV00022599,2025-07-13,STR023,PRD00703,31,115,14,0,132,0,92472.6
INV00022600,2025-07-13,STR023,PRD00552,162,0,75,0,87,0,16959.78
INV00022601,2025-07-13,STR024,PRD00195,28,0,15,2,15,0,46632.75
INV00022602,2025-07-13,STR024,PRD00306,75,0,30,0,45,0,34737.3
INV00022603,2025-07-13,STR024,PRD00674,65,154,21,2,200,0,318118.0
INV00022604,2025-07-13,STR024,PRD00988,108,0,50,0,58,0,30885.0
INV00022605,2025-07-13,STR024,PRD01190,27,0,16,0,11,0,41473.41
INV00022606,2025-07-13,STR024,PRD00161,49,0,19,1,31,0,217473.68
INV00022607,2025-07-13,STR024,PRD00171,18,26,9,0,35,0,159354.65
INV00022608,2025-07-13,STR024,PRD00827,144,0,54,0,90,0,197693.1
INV00022609,2025-07-13,STR024,PRD00927,128,0,16,1,113,0,66057.54
INV00022610,2025-07-13,STR024,PRD00650,153,0,38,0,115,0,28670.65
INV00022611,2025-07-13,STR024,PRD00109,76,0,35,0,39,2,363343.5
INV00022612,2025-07-13,STR024,PRD00740,122,0,43,1,80,0,227384.8
INV00022613,2025-07-13,STR024,PRD00098,64,37,33,0,68,0,694008.68
INV00022614,2025-07-13,STR024,PRD00474,109,191,65,0,235,0,21001.95
INV00022615,2025-07-13,STR024,PRD00183,51,0,12,0,39,0,175053.84
INV00022616,2025-07-13,STR024,PRD00227,56,0,15,0,41,0,146273.65
INV00022617,2025-07-13,STR024,PRD00334,109,230,45,0,294,0,117823.44
INV00022618,2025-07-13,STR024,PRD00016,18,0,7,0,11,0,103769.27
INV00022619,2025-07-13,STR024,PRD00500,64,97,14,0,147,0,111356.91
INV00022620,2025-07-13,STR024,PRD01072,108,0,16,1,93,0,20460.0
INV00022621,2025-07-13,STR025,PRD00415,116,270,57,0,329,0,94156.51
INV00022622,2025-07-13,STR025,PRD00455,94,0,18,0,76,0,42823.72
INV00022623,2025-07-13,STR025,PRD00618,64,279,18,1,326,0,59667.78
INV00022624,2025-07-13,STR025,PRD00227,35,0,6,0,29,0,103461.85
INV00022625,2025-07-13,STR025,PRD00376,36,0,18,0,18,0,12293.82
INV00022626,2025-07-13,STR025,PRD00246,28,76,15,0,89,0,110340.42
INV00022627,2025-07-13,STR025,PRD00162,88,0,23,0,65,0,434592.6
INV00022628,2025-07-13,STR025,PRD01144,100,0,56,0,44,0,62744.88
INV00022629,2025-07-13,STR025,PRD01066,134,229,31,1,333,0,84245.67
INV00022630,2025-07-13,STR025,PRD00987,301,0,142,0,159,0,32173.65
INV00022631,2025-07-13,STR025,PRD00830,129,101,13,0,217,0,236482.26
INV00022632,2025-07-13,STR025,PRD00070,47,44,11,0,80,0,883040.8
INV00022633,2025-07-13,STR025,PRD01122,13,38,8,0,43,0,156153.64
INV00022634,2025-07-13,STR025,PRD01172,73,143,26,0,190,0,109831.4
INV00022635,2025-07-13,STR025,PRD00658,187,0,87,0,100,0,22768.0
INV00022636,2025-07-13,STR025,PRD01164,38,88,12,3,117,0,129719.07
INV00022637,2025-07-13,STR025,PRD01101,55,0,5,0,50,0,133408.5
INV00022638,2025-07-13,STR025,PRD00441,39,171,16,0,194,0,137173.52
INV00022639,2025-07-13,STR025,PRD00155,55,79,12,0,122,0,201567.18
INV00022640,2025-07-13,STR025,PRD00384,68,0,19,1,50,0,25682.0
INV00022641,2025-07-13,STR026,PRD00481,85,0,35,0,50,0,15838.0
INV00022642,2025-07-13,STR026,PRD00964,60,0,21,0,39,0,22432.41
INV00022643,2025-07-13,STR026,PRD00583,49,180,7,0,222,0,97144.98
INV00022644,2025-07-13,STR026,PRD00960,203,0,68,0,133,2,50859.2
INV00022645,2025-07-13,STR026,PRD00865,52,0,27,0,25,0,35598.25
INV00022646,2025-07-13,STR026,PRD00640,190,223,94,0,319,0,37460.17
INV00022647,2025-07-13,STR026,PRD00028,121,87,35,0,173,0,456957.01
INV00022648,2025-07-13,STR026,PRD00225,54,68,7,0,115,0,799484.6
INV00022649,2025-07-13,STR026,PRD00773,109,116,10,0,215,0,111466.75
INV00022650,2025-07-13,STR026,PRD00675,57,0,14,0,43,0,32612.49
INV00022651,2025-07-13,STR026,PRD00579,220,0,116,0,104,0,30385.68
INV00022652,2025-07-13,STR026,PRD00854,67,0,27,0,40,0,58717.2
INV00022653,2025-07-13,STR026,PRD01045,191,0,81,2,112,0,52778.88
INV00022654,2025-07-13,STR026,PRD00944,231,0,60,0,171,0,21857.22
INV00022655,2025-07-13,STR026,PRD00278,295,324,153,0,465,1,135812.55
INV00022656,2025-07-13,STR026,PRD00922,72,0,5,0,66,1,41458.56
INV00022657,2025-07-13,STR026,PRD00074,53,0,25,0,28,0,330669.92
INV00022658,2025-07-13,STR026,PRD00672,50,0,25,1,26,0,78359.84
INV00022659,2025-07-13,STR026,PRD00287,149,0,50,0,99,0,27159.66
INV00022660,2025-07-13,STR026,PRD00620,217,0,41,1,177,0,57643.59
INV00022661,2025-07-13,STR027,PRD00764,81,171,18,0,234,0,429649.74
INV00022662,2025-07-13,STR027,PRD00490,236,0,71,0,165,0,22821.15
INV00022663,2025-07-13,STR027,PRD00214,73,0,40,0,33,0,226698.78
INV00022664,2025-07-13,STR027,PRD00583,121,180,56,0,245,0,107209.55
INV00022665,2025-07-13,STR027,PRD00102,67,42,21,0,88,0,1420422.96
INV00022666,2025-07-13,STR027,PRD00471,103,0,34,0,69,0,34179.15
INV00022667,2025-07-13,STR027,PRD00797,78,0,22,1,56,1,23038.96
INV00022668,2025-07-13,STR027,PRD00091,52,0,10,0,42,0,651192.36
INV00022669,2025-07-13,STR027,PRD00141,66,0,5,0,61,0,118601.69
INV00022670,2025-07-13,STR027,PRD00965,471,0,46,0,425,0,20595.5
INV00022671,2025-07-13,STR027,PRD00378,212,0,44,0,168,0,61410.72
INV00022672,2025-07-13,STR027,PRD00034,78,161,36,0,202,1,105153.12
INV00022673,2025-07-13,STR027,PRD00024,26,0,6,1,21,0,325505.04
INV00022674,2025-07-13,STR027,PRD00803,87,0,9,0,78,0,95529.72
INV00022675,2025-07-13,STR027,PRD00615,176,0,30,0,146,0,49543.64
INV00022676,2025-07-13,STR027,PRD00933,43,0,10,1,34,0,74130.2
INV00022677,2025-07-13,STR027,PRD00696,33,137,13,0,157,0,169563.14
INV00022678,2025-07-13,STR027,PRD00725,37,0,15,0,22,0,33257.18
INV00022679,2025-07-13,STR027,PRD00837,184,0,104,0,80,0,189491.2
INV00022680,2025-07-13,STR027,PRD01011,300,379,173,0,506,0,75743.14
INV00022681,2025-07-13,STR028,PRD00291,71,338,33,0,376,0,105189.76
INV00022682,2025-07-13,STR028,PRD00871,173,94,67,0,200,0,171864.0
INV00022683,2025-07-13,STR028,PRD00091,62,0,37,3,28,0,434128.24
INV00022684,2025-07-13,STR028,PRD00382,82,266,33,0,314,1,91973.74
INV00022685,2025-07-13,STR028,PRD00447,58,265,23,0,300,0,106698.0
INV00022686,2025-07-13,STR028,PRD00602,231,0,51,0,180,0,37310.4
INV00022687,2025-07-13,STR028,PRD00371,97,0,22,0,74,1,8395.3
INV00022688,2025-07-13,STR028,PRD00982,203,0,15,0,188,0,10967.92
INV00022689,2025-07-13,STR028,PRD00479,271,150,108,0,312,1,79750.32
INV00022690,2025-07-13,STR028,PRD00319,200,0,81,0,119,0,55193.39
INV00022691,2025-07-13,STR028,PRD00423,189,220,31,0,378,0,80854.2
INV00022692,2025-07-13,STR028,PRD00116,63,0,19,0,44,0,658023.96
INV00022693,2025-07-13,STR028,PRD00252,18,42,8,0,52,0,391209.0
INV00022694,2025-07-13,STR028,PRD00528,114,0,17,0,97,0,91794.98
INV00022695,2025-07-13,STR028,PRD00094,25,29,12,0,42,0,521150.28
INV00022696,2025-07-13,STR028,PRD00876,85,100,32,0,152,1,273353.76
INV00022697,2025-07-13,STR028,PRD00345,369,0,174,3,198,0,77988.24
INV00022698,2025-07-13,STR028,PRD00633,166,0,80,0,86,0,18309.4
INV00022699,2025-07-13,STR028,PRD00903,304,172,131,0,345,0,95016.45
INV00022700,2025-07-13,STR028,PRD01143,77,0,10,0,67,0,211540.44
INV00022701,2025-07-13,STR029,PRD00347,126,0,36,0,90,0,60233.4
INV00022702,2025-07-13,STR029,PRD01192,22,0,6,0,16,0,65055.68
INV00022703,2025-07-13,STR029,PRD00594,222,0,18,0,204,0,16591.32
INV00022704,2025-07-13,STR029,PRD00668,199,0,33,3,169,0,36595.26
INV00022705,2025-07-13,STR029,PRD00941,92,0,41,0,51,0,26065.59
INV00022706,2025-07-13,STR029,PRD00598,249,344,43,0,550,0,67369.5
INV00022707,2025-07-13,STR029,PRD00173,20,66,7,1,80,0,460105.6
INV00022708,2025-07-13,STR029,PRD01068,26,72,13,0,85,0,297092.0
INV00022709,2025-07-13,STR029,PRD00221,17,0,8,0,9,0,51938.01
INV00022710,2025-07-13,STR029,PRD00949,15,89,8,0,96,0,54417.6
INV00022711,2025-07-13,STR029,PRD00085,14,48,8,0,52,2,929530.16
INV00022712,2025-07-13,STR029,PRD00442,44,290,22,0,311,1,37226.7
INV00022713,2025-07-13,STR029,PRD00056,8,45,5,0,48,0,411888.48
INV00022714,2025-07-13,STR029,PRD00041,12,25,6,0,31,0,463551.37
INV00022715,2025-07-13,STR029,PRD00931,65,125,13,0,177,0,220697.76
INV00022716,2025-07-13,STR029,PRD00612,253,0,50,0,203,0,43123.29
INV00022717,2025-07-13,STR029,PRD00374,140,0,21,0,119,0,87861.27
INV00022718,2025-07-13,STR029,PRD00648,425,312,128,0,607,2,277562.89
INV00022719,2025-07-13,STR029,PRD01080,63,160,33,1,191,0,147400.43
INV00022720,2025-07-13,STR029,PRD00014,19,62,6,0,75,0,343998.0
INV00022721,2025-07-13,STR030,PRD00857,12,81,8,0,85,0,183671.4
INV00022722,2025-07-13,STR030,PRD00205,32,144,16,0,160,0,213616.0
INV00022723,2025-07-13,STR030,PRD01050,370,0,171,0,199,0,65498.86
INV00022724,2025-07-13,STR030,PRD00124,78,0,31,1,48,0,341930.4
INV00022725,2025-07-13,STR030,PRD00676,88,0,8,0,80,0,226940.8
INV00022726,2025-07-13,STR030,PRD00934,101,0,58,3,46,0,83309.22
INV00022727,2025-07-13,STR030,PRD00608,440,318,106,0,651,1,152425.14
INV00022728,2025-07-13,STR030,PRD00802,46,0,20,0,26,0,61580.74
INV00022729,2025-07-13,STR030,PRD00707,58,77,14,1,122,0,198459.84
INV00022730,2025-07-13,STR030,PRD00235,43,0,21,1,121,2,140356.02
INV00022731,2025-07-13,STR030,PRD00097,20,0,7,0,13,0,187692.18
INV00022732,2025-07-13,STR030,PRD01200,72,0,27,0,45,0,38961.0
INV00022733,2025-07-13,STR030,PRD00413,149,0,31,0,118,0,35436.58
INV00022734,2025-07-13,STR030,PRD00408,111,0,19,0,92,0,72028.64
INV00022735,2025-07-13,STR030,PRD00584,401,359,101,0,659,0,93808.65
INV00022736,2025-07-13,STR030,PRD00110,30,0,12,0,18,0,332867.7
INV00022737,2025-07-13,STR030,PRD00693,112,163,26,0,248,1,414512.16
INV00022738,2025-07-13,STR030,PRD00551,106,274,61,0,319,0,137351.83
INV00022739,2025-07-13,STR030,PRD00876,35,0,10,0,25,0,44959.5
INV00022740,2025-07-13,STR030,PRD00385,294,323,11,2,608,0,169340.16
INV00022741,2025-07-13,STR031,PRD00180,101,0,10,0,91,0,229936.98
INV00022742,2025-07-13,STR031,PRD00148,35,0,11,0,24,0,112662.72
INV00022743,2025-07-13,STR031,PRD00940,254,0,13,0,241,0,9365.26
INV00022744,2025-07-13,STR031,PRD01061,65,0,38,0,27,0,14459.31
INV00022745,2025-07-13,STR031,PRD00594,462,0,56,0,406,0,33019.98
INV00022746,2025-07-13,STR031,PRD00110,32,51,5,0,78,0,1442426.7
INV00022747,2025-07-13,STR031,PRD00384,70,0,39,1,32,0,16436.48
INV00022748,2025-07-13,STR031,PRD01175,66,0,5,0,61,0,95934.7
INV00022749,2025-07-13,STR031,PRD00500,49,97,26,0,120,0,90903.6
INV00022750,2025-07-13,STR031,PRD00491,81,0,26,0,55,0,28969.05
INV00022751,2025-07-13,STR031,PRD00802,50,0,30,0,20,0,47369.8
INV00022752,2025-07-13,STR031,PRD00575,356,0,25,0,331,0,22203.48
INV00022753,2025-07-13,STR031,PRD00207,34,0,5,0,29,0,195522.06
INV00022754,2025-07-13,STR031,PRD00629,239,0,71,0,167,1,22894.03
INV00022755,2025-07-13,STR031,PRD00139,165,0,67,0,98,0,177611.28
INV00022756,2025-07-13,STR031,PRD00646,273,186,85,2,376,0,24737.04
INV00022757,2025-07-13,STR031,PRD00052,167,0,64,0,103,0,117119.24
INV00022758,2025-07-13,STR031,PRD00136,51,0,29,1,22,1,124106.62
INV00022759,2025-07-13,STR031,PRD00642,121,0,59,0,61,1,17703.42
INV00022760,2025-07-13,STR031,PRD00013,35,39,17,0,57,0,733139.13
INV00022761,2025-07-13,STR032,PRD00396,382,0,104,0,278,0,126406.6
INV00022762,2025-07-13,STR032,PRD00176,31,171,15,0,187,0,539917.62
INV00022763,2025-07-13,STR032,PRD00585,70,374,22,1,423,0,122521.95
INV00022764,2025-07-13,STR032,PRD00414,259,0,117,0,142,0,60395.44
INV00022765,2025-07-13,STR032,PRD00003,86,0,42,2,46,0,24575.04
INV00022766,2025-07-13,STR032,PRD00001,15,40,8,0,47,0,720842.76
INV00022767,2025-07-13,STR032,PRD00062,12,72,5,0,79,0,1090088.61
INV00022768,2025-07-13,STR032,PRD00224,26,63,12,0,77,0,264926.97
INV00022769,2025-07-13,STR032,PRD00005,46,0,22,0,24,0,442532.64
INV00022770,2025-07-13,STR032,PRD00303,146,0,86,1,61,0,22099.08
INV00022771,2025-07-13,STR032,PRD01038,205,0,111,0,94,0,28513.96
INV00022772,2025-07-13,STR032,PRD00744,28,125,14,0,139,0,400236.6
INV00022773,2025-07-13,STR032,PRD00638,190,0,76,3,117,0,13479.57
INV00022774,2025-07-13,STR032,PRD00199,99,0,33,0,66,0,88129.8
INV00022775,2025-07-13,STR032,PRD00084,26,53,5,0,74,0,613738.98
INV00022776,2025-07-13,STR032,PRD00818,39,0,10,0,29,0,48405.06
INV00022777,2025-07-13,STR032,PRD00952,59,146,31,0,174,0,87471.54
INV00022778,2025-07-13,STR032,PRD00982,361,0,209,0,152,0,8867.68
INV00022779,2025-07-13,STR032,PRD00057,99,0,52,0,47,0,94269.31
INV00022780,2025-07-13,STR032,PRD00126,71,72,39,0,104,0,637657.28
INV00022781,2025-07-13,STR033,PRD00246,40,0,16,0,24,0,29754.72
INV00022782,2025-07-13,STR033,PRD00687,45,0,12,0,33,0,59042.61
INV00022783,2025-07-13,STR033,PRD00804,93,0,6,0,87,0,49135.86
INV00022784,2025-07-13,STR033,PRD00774,99,158,55,0,202,0,312952.54
INV00022785,2025-07-13,STR033,PRD00715,63,0,8,3,58,0,115072.0
INV00022786,2025-07-13,STR033,PRD00381,77,0,23,0,53,1,28157.84
INV00022787,2025-07-13,STR033,PRD00002,85,0,35,2,52,0,45286.8
INV00022788,2025-07-13,STR033,PRD00743,104,166,17,0,253,0,286284.68
INV00022789,2025-07-13,STR033,PRD00746,108,0,6,0,102,0,155653.02
INV00022790,2025-07-13,STR033,PRD00157,89,45,33,1,102,0,444229.38
INV00022791,2025-07-13,STR033,PRD01122,58,0,27,0,29,2,105312.92
INV00022792,2025-07-13,STR033,PRD00724,48,0,28,0,20,0,31888.2
INV00022793,2025-07-13,STR033,PRD00899,81,0,18,0,63,0,91901.88
INV00022794,2025-07-13,STR033,PRD01029,64,0,7,0,57,0,30971.52
INV00022795,2025-07-13,STR033,PRD01033,233,0,19,0,214,0,81039.66
INV00022796,2025-07-13,STR033,PRD00014,105,0,54,0,51,0,233918.64
INV00022797,2025-07-13,STR033,PRD00591,192,0,41,0,151,0,54923.23
INV00022798,2025-07-13,STR033,PRD01059,130,0,22,0,108,0,39782.88
INV00022799,2025-07-13,STR033,PRD01006,90,0,53,0,37,0,22447.53
INV00022800,2025-07-13,STR033,PRD00573,251,0,108,0,143,0,3853.85
INV00022801,2025-07-13,STR034,PRD00622,123,325,6,0,442,0,176707.18
INV00022802,2025-07-13,STR034,PRD00252,64,42,27,0,79,0,594336.75
INV00022803,2025-07-13,STR034,PRD00517,74,318,21,0,371,0,75324.13
INV00022804,2025-07-13,STR034,PRD00543,195,0,45,0,150,0,63784.5
INV00022805,2025-07-13,STR034,PRD00668,263,0,109,0,154,0,33347.16
INV00022806,2025-07-13,STR034,PRD00869,45,0,6,0,39,0,92289.6
INV00022807,2025-07-13,STR034,PRD00581,118,0,6,0,112,0,22255.52
INV00022808,2025-07-13,STR034,PRD00143,9,25,5,0,29,0,233683.74
INV00022809,2025-07-13,STR034,PRD00274,63,398,7,0,454,0,193295.04
INV00022810,2025-07-13,STR034,PRD00295,52,135,30,3,160,0,90958.4
INV00022811,2025-07-13,STR034,PRD00886,62,0,11,0,51,0,48179.7
INV00022812,2025-07-13,STR034,PRD00925,40,177,6,0,211,0,321793.99
INV00022813,2025-07-13,STR034,PRD00192,134,0,60,0,74,0,160617.74
INV00022814,2025-07-13,STR034,PRD00251,43,0,12,0,31,0,226487.86
INV00022815,2025-07-13,STR034,PRD00307,76,254,41,0,289,0,139534.98
INV00022816,2025-07-13,STR034,PRD00116,62,0,14,0,48,0,717844.32
INV00022817,2025-07-13,STR034,PRD00529,173,0,81,0,92,0,45108.52
INV00022818,2025-07-13,STR034,PRD00177,8,75,5,0,78,0,577049.46
INV00022819,2025-07-13,STR034,PRD00942,87,284,24,3,350,0,21605.5
INV00022820,2025-07-13,STR034,PRD00852,46,0,15,0,31,0,37660.04
INV00022821,2025-07-13,STR035,PRD00340,149,180,11,0,318,0,176833.44
INV00022822,2025-07-13,STR035,PRD00318,298,0,151,0,147,0,17459.19
INV00022823,2025-07-13,STR035,PRD00319,301,0,45,0,256,0,118735.36
INV00022824,2025-07-13,STR035,PRD01114,36,73,14,0,95,0,339467.3
INV00022825,2025-07-13,STR035,PRD00662,338,0,47,0,291,0,41019.36
INV00022826,2025-07-13,STR035,PRD00582,131,394,76,0,449,0,172865.0
INV00022827,2025-07-13,STR035,PRD01032,200,0,24,0,176,0,12355.2
INV00022828,2025-07-13,STR035,PRD00679,110,155,32,1,234,0,436536.36
INV00022829,2025-07-13,STR035,PRD00331,191,0,49,0,142,0,12755.86
INV00022830,2025-07-13,STR035,PRD00175,83,55,26,0,112,0,832705.44
INV00022831,2025-07-13,STR035,PRD00344,104,0,35,0,69,0,29918.4
INV00022832,2025-07-13,STR035,PRD01007,168,164,63,0,269,0,135140.22
INV00022833,2025-07-13,STR035,PRD00597,298,0,24,0,274,0,121606.68
INV00022834,2025-07-13,STR035,PRD00618,218,279,51,0,446,0,81631.38
INV00022835,2025-07-13,STR035,PRD00279,212,155,31,0,336,0,149829.12
INV00022836,2025-07-13,STR035,PRD00505,21,165,12,2,176,0,151442.72
INV00022837,2025-07-13,STR035,PRD00598,69,344,26,0,387,0,47403.63
INV00022838,2025-07-13,STR035,PRD00507,368,0,154,0,214,0,46084.9
INV00022839,2025-07-13,STR035,PRD01172,97,0,7,0,90,0,52025.4
INV00022840,2025-07-13,STR035,PRD00913,119,0,68,0,51,0,110185.5
INV00022841,2025-07-13,STR036,PRD00503,145,100,23,0,222,0,116725.38
INV00022842,2025-07-13,STR036,PRD00783,56,0,21,0,35,0,50513.75
INV00022843,2025-07-13,STR036,PRD00840,93,0,37,1,57,0,95878.56
INV00022844,2025-07-13,STR036,PRD00858,142,113,59,0,196,0,136251.36
INV00022845,2025-07-13,STR036,PRD00756,74,78,14,1,139,0,306967.6
INV00022846,2025-07-13,STR036,PRD00356,164,0,71,0,93,0,68278.74
INV00022847,2025-07-13,STR036,PRD00785,123,0,28,0,-5,0,261708.85
INV00022848,2025-07-13,STR036,PRD01009,74,0,21,1,54,0,1587.06
INV00022849,2025-07-13,STR036,PRD00479,208,0,116,0,92,0,23516.12
INV00022850,2025-07-13,STR036,PRD00498,248,0,39,1,210,0,29011.5
INV00022851,2025-07-13,STR036,PRD01147,26,0,7,0,19,0,73402.32
INV00022852,2025-07-13,STR036,PRD00360,202,0,56,1,147,0,35165.34
INV00022853,2025-07-13,STR036,PRD00669,41,117,6,0,152,0,286787.52
INV00022854,2025-07-13,STR036,PRD01093,110,0,46,0,64,0,184769.28
INV00022855,2025-07-13,STR036,PRD00982,323,280,168,0,435,0,25377.9
INV00022856,2025-07-13,STR036,PRD00863,23,80,5,1,99,0,73760.94
INV00022857,2025-07-13,STR036,PRD00637,268,0,6,0,262,0,55963.2
INV00022858,2025-07-13,STR036,PRD01097,80,0,17,0,61,2,125309.25
INV00022859,2025-07-13,STR036,PRD00443,295,0,164,0,131,0,21884.86
INV00022860,2025-07-13,STR036,PRD00682,27,92,12,1,107,1,261858.96
INV00022861,2025-07-13,STR037,PRD00283,78,200,18,0,258,2,111319.26
INV00022862,2025-07-13,STR037,PRD00269,80,400,40,0,439,1,43820.98
INV00022863,2025-07-13,STR037,PRD00111,26,65,14,0,77,0,977436.46
INV00022864,2025-07-13,STR037,PRD01061,54,0,13,0,41,0,21956.73
INV00022865,2025-07-13,STR037,PRD00865,14,176,8,1,183,0,260579.19
INV00022866,2025-07-13,STR037,PRD00317,99,0,48,0,51,0,40772.97
INV00022867,2025-07-13,STR037,PRD00400,51,85,26,2,112,0,61765.76
INV00022868,2025-07-13,STR037,PRD01092,72,0,10,0,61,1,160705.11
INV00022869,2025-07-13,STR037,PRD00426,77,0,33,1,45,0,18714.15
INV00022870,2025-07-13,STR037,PRD00245,60,0,10,0,50,0,221465.5
INV00022871,2025-07-13,STR037,PRD00607,337,0,61,0,276,0,50052.6
INV00022872,2025-07-13,STR037,PRD00911,142,0,49,0,93,0,56004.6
INV00022873,2025-07-13,STR037,PRD00322,45,156,21,0,180,0,105724.8
INV00022874,2025-07-13,STR037,PRD01157,26,0,10,0,15,1,63981.15
INV00022875,2025-07-13,STR037,PRD00977,170,0,99,0,71,0,20041.88
INV00022876,2025-07-13,STR037,PRD01065,392,0,222,1,171,0,81799.56
INV00022877,2025-07-13,STR037,PRD00597,367,0,139,0,228,0,101190.96
INV00022878,2025-07-13,STR037,PRD00374,102,153,46,0,209,0,154310.97
INV00022879,2025-07-13,STR037,PRD00224,82,0,22,3,62,1,213317.82
INV00022880,2025-07-13,STR037,PRD01165,66,40,10,0,96,0,290754.24
INV00022881,2025-07-13,STR038,PRD00610,225,0,81,0,144,0,59577.12
INV00022882,2025-07-13,STR038,PRD00981,311,0,134,0,177,0,9600.48
INV00022883,2025-07-13,STR038,PRD00303,57,246,15,0,288,0,-9999.0
INV00022884,2025-07-13,STR038,PRD00620,356,0,157,1,200,0,65134.0
INV00022885,2025-07-13,STR038,PRD00193,33,32,18,0,47,0,196999.56
INV00022886,2025-07-13,STR038,PRD00044,41,0,23,0,18,0,38052.54
INV00022887,2025-07-13,STR038,PRD00941,77,0,10,0,67,0,34243.03
INV00022888,2025-07-13,STR038,PRD00379,406,0,65,3,344,0,158467.04
INV00022889,2025-07-13,STR038,PRD01180,57,0,5,0,52,0,220678.12
INV00022890,2025-07-13,STR038,PRD00688,165,0,8,0,157,0,327947.88
INV00022891,2025-07-13,STR038,PRD01021,164,0,74,0,89,1,33652.68
INV00022892,2025-07-13,STR038,PRD00557,207,0,102,0,105,0,14115.15
INV00022893,2025-07-13,STR038,PRD01070,56,0,33,1,24,0,61842.48
INV00022894,2025-07-13,STR038,PRD01149,16,170,9,3,179,1,417923.83
INV00022895,2025-07-13,STR038,PRD00151,13,28,7,0,34,0,126944.1
INV00022896,2025-07-13,STR038,PRD00444,367,386,85,0,667,1,190735.32
INV00022897,2025-07-13,STR038,PRD00607,239,0,44,0,195,0,35363.25
INV00022898,2025-07-13,STR038,PRD00997,14,178,8,0,183,1,114318.27
INV00022899,2025-07-13,STR038,PRD00790,130,0,57,0,73,0,65898.56
INV00022900,2025-07-13,STR038,PRD00185,153,0,33,2,122,0,183004.88
INV00022901,2025-07-13,STR039,PRD00516,128,0,44,0,83,1,41712.48
INV00022902,2025-07-13,STR039,PRD00109,96,0,57,0,39,0,363343.5
INV00022903,2025-07-13,STR039,PRD00818,38,0,20,0,18,0,30044.52
INV00022904,2025-07-13,STR039,PRD00353,161,0,76,0,85,0,45033.85
INV00022905,2025-07-13,STR039,PRD00938,61,302,14,0,349,0,114238.17
INV00022906,2025-07-13,STR039,PRD00324,131,0,78,0,53,0,37890.23
INV00022907,2025-07-13,STR039,PRD00508,364,0,136,1,229,0,25173.97
INV00022908,2025-07-13,STR039,PRD00592,70,169,6,1,232,2,50643.28
INV00022909,2025-07-13,STR039,PRD00147,40,0,5,0,35,0,220473.05
INV00022910,2025-07-13,STR039,PRD01073,161,141,40,0,262,0,639397.9
INV00022911,2025-07-13,STR039,PRD00555,186,0,48,0,138,0,30331.02
INV00022912,2025-07-13,STR039,PRD00116,58,0,26,0,32,0,478562.88
INV00022913,2025-07-13,STR039,PRD00223,40,0,6,0,33,1,231488.07
INV00022914,2025-07-13,STR039,PRD00576,358,250,116,0,492,0,162635.52
INV00022915,2025-07-13,STR039,PRD00481,118,0,6,0,112,0,35477.12
INV00022916,2025-07-13,STR039,PRD00321,79,0,43,0,36,0,25757.64
INV00022917,2025-07-13,STR039,PRD01081,30,0,9,1,22,0,77513.26
INV00022918,2025-07-13,STR039,PRD00437,310,0,90,0,220,0,59646.4
INV00022919,2025-07-13,STR039,PRD00888,13,164,8,0,169,0,291531.76
INV00022920,2025-07-13,STR039,PRD01080,60,0,24,2,38,0,29325.74
INV00022921,2025-07-13,STR040,PRD01083,60,0,8,0,52,0,203929.44
INV00022922,2025-07-13,STR040,PRD00547,226,0,12,0,214,0,16321.78
INV00022923,2025-07-13,STR040,PRD00482,244,0,7,0,236,1,81212.32
INV00022924,2025-07-13,STR040,PRD00774,88,0,38,0,50,0,77463.5
INV00022925,2025-07-13,STR040,PRD00106,97,0,7,0,90,0,223862.4
INV00022926,2025-07-13,STR040,PRD00543,131,195,34,0,292,0,124167.16
INV00022927,2025-07-13,STR040,PRD01049,145,0,80,0,65,0,8962.2
INV00022928,2025-07-13,STR040,PRD01161,94,0,50,0,44,0,97634.24
INV00022929,2025-07-13,STR040,PRD00061,53,0,18,0,35,0,185845.1
INV00022930,2025-07-13,STR040,PRD00758,68,0,30,0,37,1,117225.99
INV00022931,2025-07-13,STR040,PRD00809,88,170,49,0,209,0,187209.66
INV00022932,2025-07-13,STR040,PRD00333,33,103,15,0,121,0,67082.4
INV00022933,2025-07-13,STR040,PRD00661,64,281,29,0,316,0,89642.88
INV00022934,2025-07-13,STR040,PRD00094,18,29,7,0,40,0,496333.6
INV00022935,2025-07-13,STR040,PRD00352,146,0,33,0,113,0,67449.7
INV00022936,2025-07-13,STR040,PRD01066,310,0,100,2,212,0,53633.88
INV00022937,2025-07-13,STR040,PRD00734,225,0,119,1,107,0,50267.53
INV00022938,2025-07-13,STR040,PRD00341,52,124,9,1,168,0,101734.08
INV00022939,2025-07-13,STR040,PRD00325,82,138,37,0,183,0,107422.83
INV00022940,2025-07-13,STR040,PRD00114,73,0,12,0,61,0,750666.0
INV00022941,2025-07-13,STR041,PRD00185,173,0,39,0,134,0,201005.36
INV00022942,2025-07-13,STR041,PRD00544,296,0,39,0,257,0,21264.18
INV00022943,2025-07-13,STR041,PRD00620,336,0,155,0,181,0,58946.27
INV00022944,2025-07-13,STR041,PRD00772,22,179,6,1,196,0,129260.04
INV00022945,2025-07-13,STR041,PRD00095,14,0,8,0,6,0,83482.8
INV00022946,2025-07-13,STR041,PRD00632,458,231,203,0,486,0,209009.16
INV00022947,2025-07-13,STR041,PRD00680,121,0,44,0,77,0,215985.0
INV00022948,2025-07-13,STR041,PRD00060,96,0,13,1,84,0,884648.52
INV00022949,2025-07-13,STR041,PRD01184,29,63,11,0,81,0,257798.7
INV00022950,2025-07-13,STR041,PRD00392,185,0,68,0,117,0,28346.76
INV00022951,2025-07-13,STR041,PRD01145,106,93,48,0,151,0,314111.71
INV00022952,2025-07-13,STR041,PRD00097,38,0,14,1,25,0,360946.5
INV00022953,2025-07-13,STR041,PRD00651,381,0,9,0,372,0,95410.56
INV00022954,2025-07-13,STR041,PRD00245,29,0,5,0,23,1,101874.13
INV00022955,2025-07-13,STR041,PRD00661,60,281,22,0,319,0,90493.92
INV00022956,2025-07-13,STR041,PRD01083,50,71,8,1,114,0,447076.08
INV00022957,2025-07-13,STR041,PRD00709,389,0,50,1,340,0,52037.0
INV00022958,2025-07-13,STR041,PRD01185,69,0,24,0,45,0,41618.25
INV00022959,2025-07-13,STR041,PRD00909,124,0,62,0,62,0,53907.76
INV00022960,2025-07-13,STR041,PRD00765,113,0,55,0,58,0,53414.52
INV00022961,2025-07-20,STR001,PRD00202,59,0,26,0,33,0,28561.17
INV00022962,2025-07-20,STR001,PRD00353,87,0,52,0,35,0,18543.35
INV00022963,2025-07-20,STR001,PRD00744,60,0,22,1,39,0,112296.6
INV00022964,2025-07-20,STR001,PRD00670,32,79,15,0,96,0,183832.32
INV00022965,2025-07-20,STR001,PRD01167,151,0,15,0,136,0,113649.76
INV00022966,2025-07-20,STR001,PRD01100,15,44,6,0,53,0,216286.11
INV00022967,2025-07-20,STR001,PRD00359,74,103,29,0,148,0,95258.72
INV00022968,2025-07-20,STR001,PRD00296,217,201,92,0,326,0,39651.38
INV00022969,2025-07-20,STR001,PRD00298,69,0,14,0,55,0,36636.6
INV00022970,2025-07-20,STR001,PRD00465,215,0,126,0,89,0,39409.2
INV00022971,2025-07-20,STR001,PRD00881,102,0,47,1,56,0,29876.56
INV00022972,2025-07-20,STR001,PRD01004,374,329,28,0,674,1,44436.82
INV00022973,2025-07-20,STR001,PRD00147,7,58,8,0,57,0,359056.11
INV00022974,2025-07-20,STR001,PRD00827,50,140,20,0,169,1,371223.71
INV00022975,2025-07-20,STR001,PRD00152,48,0,25,0,21,2,113858.22
INV00022976,2025-07-20,STR001,PRD00035,52,0,18,3,37,0,180903.36
INV00022977,2025-07-20,STR001,PRD00118,73,0,5,0,68,0,716989.96
INV00022978,2025-07-20,STR001,PRD00635,129,0,17,0,112,0,23217.6
INV00022979,2025-07-20,STR001,PRD00139,86,0,46,0,40,0,72494.4
INV00022980,2025-07-20,STR001,PRD00998,125,285,65,2,346,1,155661.94
INV00022981,2025-07-20,STR002,PRD00603,186,221,78,0,329,0,43085.84
INV00022982,2025-07-20,STR002,PRD00129,38,69,7,0,100,0,1526315.0
INV00022983,2025-07-20,STR002,PRD00694,144,0,54,2,92,0,213348.92
INV00022984,2025-07-20,STR002,PRD00447,84,265,22,0,327,0,116300.82
INV00022985,2025-07-20,STR002,PRD00162,94,38,13,1,120,0,802324.8
INV00022986,2025-07-20,STR002,PRD01119,15,71,9,0,77,0,337136.8
INV00022987,2025-07-20,STR002,PRD00576,240,0,22,0,218,0,72062.08
INV00022988,2025-07-20,STR002,PRD00541,180,0,30,0,150,0,60835.5
INV00022989,2025-07-20,STR002,PRD00194,75,45,41,0,79,0,327080.54
INV00022990,2025-07-20,STR002,PRD00312,333,0,163,0,170,0,65992.3
INV00022991,2025-07-20,STR002,PRD00664,309,0,41,0,268,0,29268.28
INV00022992,2025-07-20,STR002,PRD00611,333,0,113,1,221,0,8356.01
INV00022993,2025-07-20,STR002,PRD00513,134,270,55,0,349,0,32373.24
INV00022994,2025-07-20,STR002,PRD00422,95,330,40,0,385,0,64268.05
INV00022995,2025-07-20,STR002,PRD00824,73,0,32,0,41,0,88827.73
INV00022996,2025-07-20,STR002,PRD00746,64,0,13,0,51,0,77826.51
INV00022997,2025-07-20,STR002,PRD00498,71,233,34,0,270,0,37300.5
INV00022998,2025-07-20,STR002,PRD00765,155,0,15,0,140,0,128931.6
INV00022999,2025-07-20,STR002,PRD01105,72,130,26,0,175,1,263991.0
INV00023000,2025-07-20,STR002,PRD00992,54,299,20,1,334,0,74872.78
INV00023001,2025-07-20,STR003,PRD00149,24,140,5,1,158,2,322613.88
INV00023002,2025-07-20,STR003,PRD01167,72,0,42,0,30,0,25069.8
INV00023003,2025-07-20,STR003,PRD00419,41,176,13,0,202,2,154311.84
INV00023004,2025-07-20,STR003,PRD00776,74,0,29,0,45,0,30814.2
INV00023005,2025-07-20,STR003,PRD01154,109,0,45,0,64,0,39133.44
INV00023006,2025-07-20,STR003,PRD01007,153,0,69,0,84,0,42199.92
INV00023007,2025-07-20,STR003,PRD00501,58,114,10,0,162,0,88670.7
INV00023008,2025-07-20,STR003,PRD00303,195,0,54,0,141,0,51081.48
INV00023009,2025-07-20,STR003,PRD00672,28,26,11,0,43,0,129595.12
INV00023010,2025-07-20,STR003,PRD00265,24,118,5,3,140,0,408808.4
INV00023011,2025-07-20,STR003,PRD01023,172,0,25,0,147,0,19592.16
INV00023012,2025-07-20,STR003,PRD00302,109,154,10,0,253,0,56947.77
INV00023013,2025-07-20,STR003,PRD00205,109,0,23,0,86,0,114818.6
INV00023014,2025-07-20,STR003,PRD00437,188,0,26,2,164,0,44463.68
INV00023015,2025-07-20,STR003,PRD00792,73,0,27,0,46,0,134565.64
INV00023016,2025-07-20,STR003,PRD01105,80,130,33,2,179,0,270025.08
INV00023017,2025-07-20,STR003,PRD00023,36,0,13,0,23,0,101851.36
INV00023018,2025-07-20,STR003,PRD00764,65,0,12,0,53,0,97313.83
INV00023019,2025-07-20,STR003,PRD00961,396,218,194,0,419,1,66424.07
INV00023020,2025-07-20,STR003,PRD00315,472,0,279,0,193,0,54317.92
INV00023021,2025-07-20,STR004,PRD00519,111,0,50,1,62,0,39859.8
INV00023022,2025-07-20,STR004,PRD00104,11,68,5,0,74,0,1301129.42
INV00023023,2025-07-20,STR004,PRD00763,191,0,29,0,162,0,461845.8
INV00023024,2025-07-20,STR004,PRD00488,24,93,6,0,111,0,92780.46
INV00023025,2025-07-20,STR004,PRD00134,15,70,7,1,79,0,1181348.62
INV00023026,2025-07-20,STR004,PRD00841,203,0,56,0,147,0,196724.22
INV00023027,2025-07-20,STR004,PRD01103,88,0,27,1,62,0,148348.64
INV00023028,2025-07-20,STR004,PRD00629,184,0,84,0,100,0,13709.0
INV00023029,2025-07-20,STR004,PRD00020,103,0,21,0,82,0,159759.78
INV00023030,2025-07-20,STR004,PRD00442,71,0,35,0,36,0,4309.2
INV00023031,2025-07-20,STR004,PRD00029,23,0,5,0,18,0,290833.74
INV00023032,2025-07-20,STR004,PRD00062,35,0,19,0,15,1,206978.85
INV00023033,2025-07-20,STR004,PRD00528,124,0,56,0,68,0,64351.12
INV00023034,2025-07-20,STR004,PRD00363,85,139,44,0,178,2,122882.3
INV00023035,2025-07-20,STR004,PRD00989,39,0,8,0,30,1,17763.3
INV00023036,2025-07-20,STR004,PRD00914,71,0,38,0,33,0,72623.76
INV00023037,2025-07-20,STR004,PRD00117,56,0,22,0,34,0,137802.68
INV00023038,2025-07-20,STR004,PRD01018,408,223,87,0,544,0,48307.2
INV00023039,2025-07-20,STR004,PRD00683,96,0,17,0,79,0,46928.37
INV00023040,2025-07-20,STR004,PRD00982,254,0,137,0,117,0,6825.78
INV00023041,2025-07-20,STR005,PRD00483,113,0,67,0,46,0,24424.16
INV00023042,2025-07-20,STR005,PRD00715,13,90,5,0,98,0,194432.0
INV00023043,2025-07-20,STR005,PRD00475,90,0,31,0,59,0,33568.64
INV00023044,2025-07-20,STR005,PRD01067,71,0,26,0,45,0,25417.8
INV00023045,2025-07-20,STR005,PRD00535,61,199,19,0,240,1,53827.2
INV00023046,2025-07-20,STR005,PRD00283,377,200,100,0,477,0,205811.19
INV00023047,2025-07-20,STR005,PRD01101,50,135,29,0,156,0,416234.52
INV00023048,2025-07-20,STR005,PRD00407,52,114,15,0,151,0,80543.4
INV00023049,2025-07-20,STR005,PRD01063,134,201,68,0,267,0,130400.13
INV00023050,2025-07-20,STR005,PRD00262,33,0,17,3,19,0,153205.36
INV00023051,2025-07-20,STR005,PRD00337,136,165,43,0,258,0,188708.94
INV00023052,2025-07-20,STR005,PRD00097,23,0,12,0,11,0,158816.46
INV00023053,2025-07-20,STR005,PRD00453,74,178,14,0,238,0,225236.06
INV00023054,2025-07-20,STR005,PRD00570,115,0,47,0,68,0,18262.76
INV00023055,2025-07-20,STR005,PRD00242,66,0,12,0,54,0,138113.64
INV00023056,2025-07-20,STR005,PRD00847,31,122,14,1,140,0,226396.8
INV00023057,2025-07-20,STR005,PRD01114,27,0,7,0,20,0,71466.8
INV00023058,2025-07-20,STR005,PRD00716,26,99,5,3,123,0,123917.58
INV00023059,2025-07-20,STR005,PRD00646,180,0,10,0,170,0,11184.3
INV00023060,2025-07-20,STR005,PRD00250,202,0,68,0,133,1,364030.31
INV00023061,2025-07-20,STR006,PRD00919,72,0,14,0,58,0,129460.64
INV00023062,2025-07-20,STR006,PRD01178,57,32,22,0,67,0,235607.51
INV00023063,2025-07-20,STR006,PRD00592,198,0,73,0,124,1,27067.96
INV00023064,2025-07-20,STR006,PRD00629,56,242,32,0,266,0,36465.94
INV00023065,2025-07-20,STR006,PRD00939,103,0,40,0,62,1,15025.08
INV00023066,2025-07-20,STR006,PRD01128,80,0,10,0,70,0,100847.6
INV00023067,2025-07-20,STR006,PRD00253,37,74,5,1,107,0,718726.49
INV00023068,2025-07-20,STR006,PRD00948,233,370,12,0,591,0,15691.05
INV00023069,2025-07-20,STR006,PRD00116,64,0,31,2,35,0,523428.15
INV00023070,2025-07-20,STR006,PRD00956,118,77,14,0,180,1,102960.0
INV00023071,2025-07-20,STR006,PRD00582,271,0,102,0,167,2,64295.0
INV00023072,2025-07-20,STR006,PRD00840,184,0,84,0,-21,0,168208.0
INV00023073,2025-07-20,STR006,PRD00067,79,0,32,0,47,0,126651.84
INV00023074,2025-07-20,STR006,PRD00541,76,0,45,0,31,0,12572.67
INV00023075,2025-07-20,STR006,PRD00115,41,0,16,0,25,0,104404.25
INV00023076,2025-07-20,STR006,PRD00179,71,0,17,2,56,0,179622.24
INV00023077,2025-07-20,STR006,PRD00359,67,0,37,0,30,0,19309.2
INV00023078,2025-07-20,STR006,PRD00156,63,0,33,0,29,1,35726.55
INV00023079,2025-07-20,STR006,PRD00632,434,0,156,0,278,0,119556.68
INV00023080,2025-07-20,STR006,PRD00640,307,0,61,0,246,0,28887.78
INV00023081,2025-07-20,STR007,PRD00974,429,320,243,0,506,0,54020.56
INV00023082,2025-07-20,STR007,PRD00249,28,0,9,0,19,0,64906.85
INV00023083,2025-07-20,STR007,PRD00459,51,152,29,0,174,0,127891.74
INV00023084,2025-07-20,STR007,PRD00652,192,0,73,0,119,0,16303.0
INV00023085,2025-07-20,STR007,PRD00073,87,0,20,1,68,0,1164391.2
INV00023086,2025-07-20,STR007,PRD00813,110,0,22,0,88,0,176828.08
INV00023087,2025-07-20,STR007,PRD01090,38,0,13,0,25,0,76614.0
INV00023088,2025-07-20,STR007,PRD01199,20,61,10,0,71,0,241162.15
INV00023089,2025-07-20,STR007,PRD00241,64,0,15,3,52,0,290364.88
INV00023090,2025-07-20,STR007,PRD00848,46,0,21,0,25,0,40408.0
INV00023091,2025-07-20,STR007,PRD00646,344,0,171,1,174,0,11447.46
INV00023092,2025-07-20,STR007,PRD00206,23,0,10,2,15,0,103245.75
INV00023093,2025-07-20,STR007,PRD00496,21,121,6,0,136,0,122731.84
INV00023094,2025-07-20,STR007,PRD01048,430,246,153,1,524,0,217559.56
INV00023095,2025-07-20,STR007,PRD00262,15,0,9,0,6,0,48380.64
INV00023096,2025-07-20,STR007,PRD00455,134,0,68,3,69,0,38879.43
INV00023097,2025-07-20,STR007,PRD00785,81,151,17,0,215,0,592288.45
INV00023098,2025-07-20,STR007,PRD00755,137,0,33,1,105,0,36152.55
INV00023099,2025-07-20,STR007,PRD00752,63,0,18,0,45,0,136030.05
INV00023100,2025-07-20,STR007,PRD00085,41,0,18,0,23,0,411138.34
INV00023101,2025-07-20,STR008,PRD00386,37,126,12,3,154,0,111000.12
INV00023102,2025-07-20,STR008,PRD00268,109,0,41,0,68,0,35377.68
INV00023103,2025-07-20,STR008,PRD00254,8,73,8,0,73,0,494663.33
INV00023104,2025-07-20,STR008,PRD00513,182,0,6,0,176,0,16325.76
INV00023105,2025-07-20,STR008,PRD00188,69,0,15,0,54,0,217488.78
INV00023106,2025-07-20,STR008,PRD00184,32,121,18,0,135,0,349474.5
INV00023107,2025-07-20,STR008,PRD00023,40,54,22,0,71,1,314410.72
INV00023108,2025-07-20,STR008,PRD00334,421,0,171,0,250,0,100190.0
INV00023109,2025-07-20,STR008,PRD00508,234,0,107,0,127,0,13961.11
INV00023110,2025-07-20,STR008,PRD00762,29,133,17,0,-20,0,131929.7
INV00023111,2025-07-20,STR008,PRD00460,85,0,40,0,45,0,30049.65
INV00023112,2025-07-20,STR008,PRD01135,69,162,13,0,218,0,274623.32
INV00023113,2025-07-20,STR008,PRD01189,69,0,26,0,43,0,96206.91
INV00023114,2025-07-20,STR008,PRD00415,114,270,37,0,347,0,99307.93
INV00023115,2025-07-20,STR008,PRD00228,83,0,15,0,68,0,202797.08
INV00023116,2025-07-20,STR008,PRD00593,78,0,19,0,59,0,22764.56
INV00023117,2025-07-20,STR008,PRD00881,87,0,14,0,73,0,38946.23
INV00023118,2025-07-20,STR008,PRD00523,56,0,5,0,49,2,32150.86
INV00023119,2025-07-20,STR008,PRD00390,114,171,67,0,217,1,170416.61
INV00023120,2025-07-20,STR008,PRD00414,161,245,28,0,378,0,160770.96
INV00023121,2025-07-20,STR009,PRD00204,47,0,9,0,38,0,98044.18
INV00023122,2025-07-20,STR009,PRD00737,137,0,7,0,130,0,97938.1
INV00023123,2025-07-20,STR009,PRD00108,42,0,21,3,24,0,379253.28
INV00023124,2025-07-20,STR009,PRD00963,296,0,155,0,141,0,8990.16
INV00023125,2025-07-20,STR009,PRD00953,200,0,32,3,171,0,9912.87
INV00023126,2025-07-20,STR009,PRD00839,138,178,46,0,270,0,490041.9
INV00023127,2025-07-20,STR009,PRD00497,118,0,16,0,102,0,49591.38
INV00023128,2025-07-20,STR009,PRD00721,118,0,58,1,60,1,103657.8
INV00023129,2025-07-20,STR009,PRD00636,177,216,28,1,366,0,165593.04
INV00023130,2025-07-20,STR009,PRD00306,60,0,23,0,37,0,28561.78
INV00023131,2025-07-20,STR009,PRD01152,96,91,9,0,178,0,245408.6
INV00023132,2025-07-20,STR009,PRD00232,28,0,6,0,22,0,106554.14
INV00023133,2025-07-20,STR009,PRD00716,85,99,40,0,144,0,145074.24
INV00023134,2025-07-20,STR009,PRD00223,45,58,16,0,87,0,610286.73
INV00023135,2025-07-20,STR009,PRD00241,56,41,19,0,78,0,435547.32
INV00023136,2025-07-20,STR009,PRD00141,64,168,27,0,205,0,398579.45
INV00023137,2025-07-20,STR009,PRD00523,129,0,59,0,70,0,45929.8
INV00023138,2025-07-20,STR009,PRD00239,20,28,10,1,39,0,177686.34
INV00023139,2025-07-20,STR009,PRD00794,22,31,5,0,48,0,151700.64
INV00023140,2025-07-20,STR009,PRD00263,42,81,13,0,110,0,268301.0
INV00023141,2025-07-20,STR010,PRD00690,51,0,20,0,31,0,74320.02
INV00023142,2025-07-20,STR010,PRD00546,99,242,54,0,287,0,136009.3
INV00023143,2025-07-20,STR010,PRD00020,36,0,17,0,19,0,37017.51
INV00023144,2025-07-20,STR010,PRD00244,66,0,25,0,41,0,236444.13
INV00023145,2025-07-20,STR010,PRD00765,74,0,20,0,54,0,49730.76
INV00023146,2025-07-20,STR010,PRD00826,226,0,123,0,103,0,12380.6
INV00023147,2025-07-20,STR010,PRD00231,23,0,12,2,13,0,87166.17
INV00023148,2025-07-20,STR010,PRD00493,63,381,16,0,428,0,191102.0
INV00023149,2025-07-20,STR010,PRD00531,146,297,68,0,375,0,68325.0
INV00023150,2025-07-20,STR010,PRD00920,47,86,21,2,114,0,174928.44
INV00023151,2025-07-20,STR010,PRD00974,327,0,151,0,176,0,18789.76
INV00023152,2025-07-20,STR010,PRD01036,184,0,105,0,79,0,9888.43
INV00023153,2025-07-20,STR010,PRD00976,151,97,15,0,233,0,135748.13
INV00023154,2025-07-20,STR010,PRD00634,340,0,101,1,240,0,71750.4
INV00023155,2025-07-20,STR010,PRD00189,21,29,5,0,45,0,249958.8
INV00023156,2025-07-20,STR010,PRD00172,11,42,5,0,48,0,252158.4
INV00023157,2025-07-20,STR010,PRD00180,75,169,20,0,224,0,565998.72
INV00023158,2025-07-20,STR010,PRD00051,39,55,15,0,79,0,1091162.22
INV00023159,2025-07-20,STR010,PRD01195,89,0,32,0,57,0,193699.11
INV00023160,2025-07-20,STR010,PRD00293,176,345,54,0,467,0,206647.5
INV00023161,2025-07-20,STR011,PRD00968,218,0,57,0,161,0,25560.36
INV00023162,2025-07-20,STR011,PRD00984,258,283,66,1,476,0,9529.52
INV00023163,2025-07-20,STR011,PRD00633,173,0,63,0,109,1,23206.1
INV00023164,2025-07-20,STR011,PRD00869,30,0,11,1,20,0,47328.0
INV00023165,2025-07-20,STR011,PRD01048,136,0,61,0,75,0,31139.25
INV00023166,2025-07-20,STR011,PRD01143,45,0,19,0,26,0,82090.32
INV00023167,2025-07-20,STR011,PRD00503,52,100,7,0,145,0,76239.55
INV00023168,2025-07-20,STR011,PRD01198,90,0,14,1,77,0,341281.71
INV00023169,2025-07-20,STR011,PRD00873,316,325,6,0,635,0,312070.75
INV00023170,2025-07-20,STR011,PRD00377,54,0,16,0,38,0,31263.36
INV00023171,2025-07-20,STR011,PRD00287,157,0,28,0,129,0,35389.86
INV00023172,2025-07-20,STR011,PRD00878,162,0,45,0,117,0,93197.52
INV00023173,2025-07-20,STR011,PRD00972,107,0,16,0,91,0,57239.0
INV00023174,2025-07-20,STR011,PRD00322,93,0,21,3,75,0,44052.0
INV00023175,2025-07-20,STR011,PRD00076,49,0,12,0,35,2,375394.95
INV00023176,2025-07-20,STR011,PRD00121,37,0,6,2,33,0,307966.89
INV00023177,2025-07-20,STR011,PRD00113,26,65,10,1,82,0,973855.78
INV00023178,2025-07-20,STR011,PRD00681,95,0,26,0,69,0,186036.42
INV00023179,2025-07-20,STR011,PRD01189,45,0,8,0,37,0,82782.69
INV00023180,2025-07-20,STR011,PRD00694,172,0,11,1,162,0,375679.62
INV00023181,2025-07-20,STR012,PRD00581,151,360,21,0,490,0,97367.9
INV00023182,2025-07-20,STR012,PRD00658,101,0,44,0,57,0,12977.76
INV00023183,2025-07-20,STR012,PRD00557,87,327,34,0,380,0,51083.4
INV00023184,2025-07-20,STR012,PRD00337,81,0,25,0,56,0,40960.08
INV00023185,2025-07-20,STR012,PRD00405,29,116,11,0,132,2,106109.52
INV00023186,2025-07-20,STR012,PRD00609,93,322,17,0,398,0,80407.94
INV00023187,2025-07-20,STR012,PRD01077,80,0,10,0,70,0,244537.3
INV00023188,2025-07-20,STR012,PRD00059,21,0,5,0,16,0,196316.16
INV00023189,2025-07-20,STR012,PRD01175,122,149,48,3,226,0,355430.2
INV00023190,2025-07-20,STR012,PRD00489,69,0,22,0,47,0,32471.36
INV00023191,2025-07-20,STR012,PRD00213,19,0,7,0,12,0,67165.32
INV00023192,2025-07-20,STR012,PRD01163,29,0,5,0,24,0,89185.44
INV00023193,2025-07-20,STR012,PRD00919,47,97,12,0,132,0,294634.56
INV00023194,2025-07-20,STR012,PRD00997,33,0,17,0,15,1,9370.35
INV00023195,2025-07-20,STR012,PRD00339,113,0,40,0,73,0,36366.41
INV00023196,2025-07-20,STR012,PRD00591,249,0,32,0,216,1,78565.68
INV00023197,2025-07-20,STR012,PRD00627,260,389,55,1,595,0,240207.45
INV00023198,2025-07-20,STR012,PRD00170,99,0,52,0,47,0,43169.03
INV00023199,2025-07-20,STR012,PRD01132,57,0,26,0,31,0,120624.72
INV00023200,2025-07-20,STR012,PRD01043,430,0,116,0,314,0,25264.44
INV00023201,2025-07-20,STR013,PRD00331,307,0,47,1,261,0,23445.63
INV00023202,2025-07-20,STR013,PRD00506,68,0,15,0,53,0,30692.3
INV00023203,2025-07-20,STR013,PRD00039,55,33,29,0,59,0,370517.05
INV00023204,2025-07-20,STR013,PRD00896,75,291,11,1,356,0,51630.68
INV00023205,2025-07-20,STR013,PRD00177,10,75,6,0,79,0,584447.53
INV00023206,2025-07-20,STR013,PRD00747,51,112,20,0,143,0,137302.88
INV00023207,2025-07-20,STR013,PRD00523,29,141,8,0,162,0,106294.68
INV00023208,2025-07-20,STR013,PRD01057,267,0,83,0,184,0,6127.2
INV00023209,2025-07-20,STR013,PRD00348,22,113,11,0,124,0,86063.44
INV00023210,2025-07-20,STR013,PRD00719,53,99,30,0,122,0,336623.62
INV00023211,2025-07-20,STR013,PRD00257,17,117,7,0,127,0,272512.79
INV00023212,2025-07-20,STR013,PRD00876,49,0,12,0,37,0,66540.06
INV00023213,2025-07-20,STR013,PRD00872,55,358,28,0,385,0,128443.7
INV00023214,2025-07-20,STR013,PRD00893,27,125,15,0,137,0,82617.85
INV00023215,2025-07-20,STR013,PRD01187,39,0,10,0,29,0,97294.71
INV00023216,2025-07-20,STR013,PRD01134,56,0,23,0,33,0,96667.56
INV00023217,2025-07-20,STR013,PRD00406,150,155,17,0,288,0,153521.28
INV00023218,2025-07-20,STR013,PRD00941,136,0,63,0,73,0,37309.57
INV00023219,2025-07-20,STR013,PRD00166,97,0,19,0,78,0,192738.0
INV00023220,2025-07-20,STR013,PRD00465,166,0,12,0,154,0,68191.2
INV00023221,2025-07-20,STR014,PRD00585,134,0,78,0,56,0,16220.4
INV00023222,2025-07-20,STR014,PRD00646,396,186,178,0,403,1,26513.37
INV00023223,2025-07-20,STR014,PRD00871,131,94,43,1,183,0,157255.56
INV00023224,2025-07-20,STR014,PRD00686,72,0,35,0,37,0,78211.71
INV00023225,2025-07-20,STR014,PRD01071,16,32,8,0,40,0,136480.0
INV00023226,2025-07-20,STR014,PRD00215,37,0,15,0,22,0,143553.3
INV00023227,2025-07-20,STR014,PRD00648,90,312,36,0,365,1,166903.55
INV00023228,2025-07-20,STR014,PRD00525,178,318,79,0,415,2,27576.75
INV00023229,2025-07-20,STR014,PRD00752,46,0,15,0,31,0,93709.59
INV00023230,2025-07-20,STR014,PRD00618,322,0,80,0,242,0,44293.26
INV00023231,2025-07-20,STR014,PRD00440,352,0,25,3,330,0,105873.9
INV00023232,2025-07-20,STR014,PRD00610,324,0,16,0,308,0,127428.84
INV00023233,2025-07-20,STR014,PRD00357,130,0,10,0,120,0,81228.0
INV00023234,2025-07-20,STR014,PRD00868,94,116,25,0,185,0,168758.85
INV00023235,2025-07-20,STR014,PRD01009,39,169,9,0,199,0,5848.61
INV00023236,2025-07-20,STR014,PRD00269,276,400,51,0,625,0,62387.5
INV00023237,2025-07-20,STR014,PRD00658,160,294,82,0,372,0,84696.96
INV00023238,2025-07-20,STR014,PRD00095,33,0,5,0,28,0,389586.4
INV00023239,2025-07-20,STR014,PRD00552,192,0,103,0,89,0,17349.66
INV00023240,2025-07-20,STR014,PRD00672,80,26,12,2,96,0,289328.64
INV00023241,2025-07-20,STR015,PRD00313,116,0,20,0,96,0,61376.64
INV00023242,2025-07-20,STR015,PRD00112,24,0,6,0,16,2,50035.68
INV00023243,2025-07-20,STR015,PRD00712,69,0,32,0,37,0,35044.55
INV00023244,2025-07-20,STR015,PRD01055,78,216,22,0,272,0,72507.04
INV00023245,2025-07-20,STR015,PRD00393,315,0,73,0,242,0,83291.56
INV00023246,2025-07-20,STR015,PRD01018,491,0,108,0,382,1,33921.6
INV00023247,2025-07-20,STR015,PRD00174,173,130,51,0,252,0,131856.48
INV00023248,2025-07-20,STR015,PRD00893,93,0,24,0,69,0,41610.45
INV00023249,2025-07-20,STR015,PRD00465,128,0,51,0,77,0,34095.6
INV00023250,2025-07-20,STR015,PRD00934,48,152,18,0,182,0,329614.74
INV00023251,2025-07-20,STR015,PRD00211,26,0,5,0,21,0,103426.05
INV00023252,2025-07-20,STR015,PRD00586,250,224,135,0,339,0,149163.39
INV00023253,2025-07-20,STR015,PRD01154,84,0,43,0,41,0,25069.86
INV00023254,2025-07-20,STR015,PRD00347,128,0,48,0,80,0,53540.8
INV00023255,2025-07-20,STR015,PRD00832,22,121,11,0,132,0,180876.96
INV00023256,2025-07-20,STR015,PRD01099,107,0,24,0,82,1,223191.7
INV00023257,2025-07-20,STR015,PRD00530,80,0,27,0,52,1,29227.64
INV00023258,2025-07-20,STR015,PRD00771,78,0,24,0,104,0,77551.02
INV00023259,2025-07-20,STR015,PRD00846,155,0,77,0,78,0,85973.94
INV00023260,2025-07-20,STR015,PRD00032,56,0,32,0,23,1,340400.0
INV00023261,2025-07-20,STR016,PRD00729,111,0,64,0,47,0,120212.84
INV00023262,2025-07-20,STR016,PRD00209,120,161,16,0,265,0,720248.8
INV00023263,2025-07-20,STR016,PRD01073,31,141,16,0,156,0,380710.2
INV00023264,2025-07-20,STR016,PRD00910,73,0,6,0,67,0,105839.23
INV00023265,2025-07-20,STR016,PRD00248,8,54,6,0,56,0,385140.56
INV00023266,2025-07-20,STR016,PRD01125,136,0,26,1,110,1,156577.3
INV00023267,2025-07-20,STR016,PRD00481,167,179,97,0,249,0,78873.24
INV00023268,2025-07-20,STR016,PRD00487,195,0,62,0,133,0,10485.72
INV00023269,2025-07-20,STR016,PRD00763,142,0,67,0,74,1,210966.6
INV00023270,2025-07-20,STR016,PRD00041,48,0,11,0,37,0,553270.99
INV00023271,2025-07-20,STR016,PRD00090,21,73,12,1,83,0,461219.38
INV00023272,2025-07-20,STR016,PRD00954,115,0,65,0,49,1,30133.04
INV00023273,2025-07-20,STR016,PRD01124,52,0,15,0,37,0,80576.75
INV00023274,2025-07-20,STR016,PRD00973,38,163,12,1,190,0,29812.9
INV00023275,2025-07-20,STR016,PRD00764,35,171,14,0,192,0,352533.12
INV00023276,2025-07-20,STR016,PRD00706,45,140,26,1,160,0,391041.6
INV00023277,2025-07-20,STR016,PRD00139,141,0,44,0,97,0,175798.92
INV00023278,2025-07-20,STR016,PRD00721,21,81,8,0,94,0,162397.22
INV00023279,2025-07-20,STR016,PRD01149,39,170,14,0,195,0,455280.15
INV00023280,2025-07-20,STR016,PRD00803,105,119,5,0,219,0,268218.06
INV00023281,2025-07-20,STR017,PRD01162,137,0,66,0,71,0,143227.59
INV00023282,2025-07-20,STR017,PRD01159,126,0,54,0,72,0,107946.72
INV00023283,2025-07-20,STR017,PRD00532,30,0,7,0,23,0,18603.78
INV00023284,2025-07-20,STR017,PRD01197,89,0,50,0,38,1,44124.84
INV00023285,2025-07-20,STR017,PRD00118,72,0,6,0,66,0,695902.02
INV00023286,2025-07-20,STR017,PRD00659,349,0,24,0,325,0,71123.0
INV00023287,2025-07-20,STR017,PRD00528,30,97,18,1,110,0,104097.4
INV00023288,2025-07-20,STR017,PRD00860,143,160,18,0,285,0,118990.35
INV00023289,2025-07-20,STR017,PRD00697,78,75,27,0,126,0,101747.52
INV00023290,2025-07-20,STR017,PRD00574,176,0,63,0,113,0,38257.28
INV00023291,2025-07-20,STR017,PRD00087,12,30,7,0,35,0,549602.9
INV00023292,2025-07-20,STR017,PRD00540,281,0,161,1,121,0,47023.02
INV00023293,2025-07-20,STR017,PRD00453,115,0,48,0,67,0,63406.79
INV00023294,2025-07-20,STR017,PRD00075,23,30,12,0,41,0,288746.19
INV00023295,2025-07-20,STR017,PRD01177,34,159,7,0,186,0,296601.18
INV00023296,2025-07-20,STR017,PRD00618,147,0,47,0,100,0,18303.0
INV00023297,2025-07-20,STR017,PRD01116,363,0,50,0,313,0,124048.16
INV00023298,2025-07-20,STR017,PRD00141,37,0,18,0,19,0,36941.51
INV00023299,2025-07-20,STR017,PRD00655,106,0,61,1,46,0,2168.9
INV00023300,2025-07-20,STR017,PRD00964,85,0,14,0,70,1,40263.3
INV00023301,2025-07-20,STR018,PRD01009,206,169,9,0,366,0,10756.74
INV00023302,2025-07-20,STR018,PRD00039,13,33,6,0,40,0,251198.0
INV00023303,2025-07-20,STR018,PRD00388,94,241,23,0,311,1,79768.39
INV00023304,2025-07-20,STR018,PRD00106,133,0,70,0,63,0,156703.68
INV00023305,2025-07-20,STR018,PRD00142,37,0,17,0,20,0,54728.8
INV00023306,2025-07-20,STR018,PRD00635,125,0,70,0,55,0,11401.5
INV00023307,2025-07-20,STR018,PRD00678,30,165,14,0,181,0,408138.71
INV00023308,2025-07-20,STR018,PRD00412,88,198,48,0,238,0,108230.5
INV00023309,2025-07-20,STR018,PRD01114,62,0,30,0,32,0,114346.88
INV00023310,2025-07-20,STR018,PRD01047,155,0,76,0,77,2,37220.26
INV00023311,2025-07-20,STR018,PRD00878,102,93,48,0,147,0,117094.32
INV00023312,2025-07-20,STR018,PRD01121,37,0,20,0,17,0,16567.86
INV00023313,2025-07-20,STR018,PRD00248,23,0,10,1,12,2,82530.12
INV00023314,2025-07-20,STR018,PRD00837,95,0,49,2,48,0,113694.72
INV00023315,2025-07-20,STR018,PRD00963,136,186,25,0,297,0,18936.72
INV00023316,2025-07-20,STR018,PRD01012,143,0,71,0,71,1,41363.18
INV00023317,2025-07-20,STR018,PRD00292,100,241,33,1,309,0,151926.03
INV00023318,2025-07-20,STR018,PRD00933,41,0,17,0,23,1,50146.9
INV00023319,2025-07-20,STR018,PRD00913,145,0,48,0,97,0,209568.5
INV00023320,2025-07-20,STR018,PRD00703,76,0,31,0,45,0,31524.75
INV00023321,2025-07-20,STR019,PRD00817,105,169,43,0,231,0,500267.46
INV00023322,2025-07-20,STR019,PRD00966,157,0,39,2,120,0,63174.0
INV00023323,2025-07-20,STR019,PRD00093,47,43,19,2,73,0,708397.11
INV00023324,2025-07-20,STR019,PRD00794,27,0,10,3,20,0,63208.6
INV00023325,2025-07-20,STR019,PRD00154,271,0,19,0,252,0,120183.84
INV00023326,2025-07-20,STR019,PRD00950,343,0,41,1,303,0,38574.93
INV00023327,2025-07-20,STR019,PRD00963,141,0,37,2,-21,0,6758.56
INV00023328,2025-07-20,STR019,PRD00005,48,0,12,0,36,0,663798.96
INV00023329,2025-07-20,STR019,PRD00293,457,345,266,0,536,0,237180.0
INV00023330,2025-07-20,STR019,PRD00369,382,0,178,0,204,0,98427.96
INV00023331,2025-07-20,STR019,PRD00373,237,0,77,1,161,0,13771.94
INV00023332,2025-07-20,STR019,PRD00324,56,0,28,0,28,0,20017.48
INV00023333,2025-07-20,STR019,PRD00098,93,0,23,0,70,0,714420.7
INV00023334,2025-07-20,STR019,PRD00516,60,0,20,0,40,0,20102.4
INV00023335,2025-07-20,STR019,PRD00253,22,0,13,0,8,1,53736.56
INV00023336,2025-07-20,STR019,PRD00404,91,0,7,0,83,1,50163.54
INV00023337,2025-07-20,STR019,PRD00453,120,178,13,1,286,0,270661.82
INV00023338,2025-07-20,STR019,PRD00694,108,0,24,0,83,1,192477.83
INV00023339,2025-07-20,STR019,PRD00641,80,352,34,0,398,0,132581.76
INV00023340,2025-07-20,STR019,PRD01165,83,0,36,0,47,0,142348.43
INV00023341,2025-07-20,STR020,PRD00658,176,0,10,0,165,1,37567.2
INV00023342,2025-07-20,STR020,PRD00098,27,37,9,0,55,0,561330.55
INV00023343,2025-07-20,STR020,PRD00575,91,199,46,0,244,0,16367.52
INV00023344,2025-07-20,STR020,PRD00068,40,61,10,0,91,0,791203.14
INV00023345,2025-07-20,STR020,PRD00729,113,0,23,0,88,2,225079.36
INV00023346,2025-07-20,STR020,PRD00338,95,0,48,0,47,0,32346.81
INV00023347,2025-07-20,STR020,PRD01010,56,183,6,0,233,0,93088.16
INV00023348,2025-07-20,STR020,PRD01159,167,88,11,0,244,0,365819.44
INV00023349,2025-07-20,STR020,PRD00958,485,0,89,0,396,0,75925.08
INV00023350,2025-07-20,STR020,PRD00340,77,0,19,0,58,0,32252.64
INV00023351,2025-07-20,STR020,PRD00049,32,0,14,0,18,0,54505.98
INV00023352,2025-07-20,STR020,PRD00772,64,179,29,0,214,0,141130.86
INV00023353,2025-07-20,STR020,PRD00607,336,0,28,0,308,0,55855.8
INV00023354,2025-07-20,STR020,PRD00881,34,154,16,0,172,0,91763.72
INV00023355,2025-07-20,STR020,PRD00628,198,0,70,1,129,0,27194.49
INV00023356,2025-07-20,STR020,PRD00420,191,0,11,0,180,0,133662.6
INV00023357,2025-07-20,STR020,PRD00492,121,0,53,0,68,0,24618.72
INV00023358,2025-07-20,STR020,PRD00126,46,0,9,0,37,0,226858.84
INV00023359,2025-07-20,STR020,PRD00522,84,0,9,0,75,0,65687.25
INV00023360,2025-07-20,STR020,PRD00450,124,242,34,0,332,0,96459.28
INV00023361,2025-07-20,STR021,PRD00048,40,29,20,1,49,1,896557.9
INV00023362,2025-07-20,STR021,PRD00196,125,0,33,0,92,0,206712.96
INV00023363,2025-07-20,STR021,PRD00228,67,0,26,1,42,0,125257.02
INV00023364,2025-07-20,STR021,PRD00996,112,0,40,0,72,0,23716.08
INV00023365,2025-07-20,STR021,PRD00651,332,0,157,0,175,0,44884.0
INV00023366,2025-07-20,STR021,PRD00182,71,0,38,0,33,0,37770.15
INV00023367,2025-07-20,STR021,PRD00958,402,0,29,0,373,0,71515.29
INV00023368,2025-07-20,STR021,PRD00080,88,0,20,2,70,0,911918.7
INV00023369,2025-07-20,STR021,PRD00021,185,0,100,3,88,0,117374.4
INV00023370,2025-07-20,STR021,PRD00851,123,0,11,0,112,0,215867.68
INV00023371,2025-07-20,STR021,PRD00143,52,0,16,0,36,0,290090.16
INV00023372,2025-07-20,STR021,PRD00879,34,162,19,0,176,1,284104.48
INV00023373,2025-07-20,STR021,PRD00652,237,377,97,2,519,0,71103.0
INV00023374,2025-07-20,STR021,PRD00209,156,0,41,0,115,0,312560.8
INV00023375,2025-07-20,STR021,PRD00013,15,0,5,0,10,0,128620.9
INV00023376,2025-07-20,STR021,PRD00947,423,0,28,0,395,0,82167.9
INV00023377,2025-07-20,STR021,PRD00690,46,0,27,0,19,0,45550.98
INV00023378,2025-07-20,STR021,PRD00260,53,0,27,0,25,1,140196.75
INV00023379,2025-07-20,STR021,PRD00793,42,88,10,1,121,0,170054.61
INV00023380,2025-07-20,STR021,PRD01180,29,72,5,0,96,0,407405.76
INV00023381,2025-07-20,STR022,PRD00884,81,0,25,0,56,0,60835.04
INV00023382,2025-07-20,STR022,PRD01008,216,0,10,0,206,0,29252.0
INV00023383,2025-07-20,STR022,PRD01122,44,0,5,0,39,0,141627.72
INV00023384,2025-07-20,STR022,PRD00589,374,0,39,0,335,0,85103.4
INV00023385,2025-07-20,STR022,PRD00730,40,149,19,1,171,0,441339.03
INV00023386,2025-07-20,STR022,PRD01069,130,0,37,0,93,0,100798.05
INV00023387,2025-07-20,STR022,PRD00006,26,99,9,0,116,0,292310.72
INV00023388,2025-07-20,STR022,PRD00001,35,40,9,0,66,0,1012247.28
INV00023389,2025-07-20,STR022,PRD00180,102,169,45,0,226,0,571052.28
INV00023390,2025-07-20,STR022,PRD00268,97,0,23,0,72,2,37458.72
INV00023391,2025-07-20,STR022,PRD01102,259,0,108,0,151,0,53357.36
INV00023392,2025-07-20,STR022,PRD00123,12,73,8,0,77,0,430285.24
INV00023393,2025-07-20,STR022,PRD00866,107,0,28,1,80,0,49789.6
INV00023394,2025-07-20,STR022,PRD00997,64,0,24,1,39,2,24362.91
INV00023395,2025-07-20,STR022,PRD01000,286,0,33,1,254,0,87850.98
INV00023396,2025-07-20,STR022,PRD00609,162,0,94,1,69,0,13940.07
INV00023397,2025-07-20,STR022,PRD00628,34,275,13,1,297,0,62610.57
INV00023398,2025-07-20,STR022,PRD00782,40,0,10,1,31,0,60683.12
INV00023399,2025-07-20,STR022,PRD01028,364,156,131,0,389,0,18710.9
INV00023400,2025-07-20,STR022,PRD01077,47,0,15,2,34,0,118775.26
INV00023401,2025-07-20,STR023,PRD00728,75,0,36,1,39,1,117375.57
INV00023402,2025-07-20,STR023,PRD00414,188,0,10,1,178,1,75706.96
INV00023403,2025-07-20,STR023,PRD00051,34,0,17,0,17,0,234807.06
INV00023404,2025-07-20,STR023,PRD00872,172,0,89,0,83,0,27690.46
INV00023405,2025-07-20,STR023,PRD00058,151,0,84,0,67,0,172089.5
INV00023406,2025-07-20,STR023,PRD01093,36,0,14,0,22,0,63514.44
INV00023407,2025-07-20,STR023,PRD00209,159,0,63,0,96,0,260920.32
INV00023408,2025-07-20,STR023,PRD00484,53,0,13,0,40,0,22701.6
INV00023409,2025-07-20,STR023,PRD00107,8,68,5,0,71,0,247343.41
INV00023410,2025-07-20,STR023,PRD01197,28,90,10,0,108,0,125407.44
INV00023411,2025-07-20,STR023,PRD00406,148,0,25,0,123,0,65566.38
INV00023412,2025-07-20,STR023,PRD00833,62,0,20,0,42,0,41156.64
INV00023413,2025-07-20,STR023,PRD00197,16,0,5,0,11,0,41569.33
INV00023414,2025-07-20,STR023,PRD01027,204,0,95,0,109,0,24603.48
INV00023415,2025-07-20,STR023,PRD00284,219,0,102,0,117,0,12113.01
INV00023416,2025-07-20,STR023,PRD00535,188,0,45,0,143,0,32072.04
INV00023417,2025-07-20,STR023,PRD00760,31,0,8,0,23,0,72974.63
INV00023418,2025-07-20,STR023,PRD00422,377,0,5,0,372,0,62097.96
INV00023419,2025-07-20,STR023,PRD00975,82,0,44,0,38,0,22743.0
INV00023420,2025-07-20,STR023,PRD01098,57,0,7,0,50,0,56143.0
INV00023421,2025-07-20,STR024,PRD00694,140,142,51,0,231,0,535691.31
INV00023422,2025-07-20,STR024,PRD00542,291,0,79,0,212,0,72463.72
INV00023423,2025-07-20,STR024,PRD00928,53,156,22,1,188,0,340755.64
INV00023424,2025-07-20,STR024,PRD01053,127,0,32,0,95,0,29714.1
INV00023425,2025-07-20,STR024,PRD01192,47,67,17,0,95,2,386268.1
INV00023426,2025-07-20,STR024,PRD00052,152,0,19,0,133,0,151231.64
INV00023427,2025-07-20,STR024,PRD00515,198,0,47,0,151,0,71454.71
INV00023428,2025-07-20,STR024,PRD01133,77,0,16,0,61,0,229666.22
INV00023429,2025-07-20,STR024,PRD01109,74,0,25,0,49,0,135652.58
INV00023430,2025-07-20,STR024,PRD01129,279,0,153,0,126,0,35421.12
INV00023431,2025-07-20,STR024,PRD00645,87,160,26,0,221,0,73022.82
INV00023432,2025-07-20,STR024,PRD00423,267,220,133,0,354,0,75720.6
INV00023433,2025-07-20,STR024,PRD00304,98,0,41,0,57,0,41257.17
INV00023434,2025-07-20,STR024,PRD01029,99,0,39,0,60,0,32601.6
INV00023435,2025-07-20,STR024,PRD00409,135,0,55,1,81,0,59786.91
INV00023436,2025-07-20,STR024,PRD00095,27,47,11,1,63,1,876569.4
INV00023437,2025-07-20,STR024,PRD00416,143,0,34,0,109,0,75405.11
INV00023438,2025-07-20,STR024,PRD00454,281,185,48,0,418,0,76201.4
INV00023439,2025-07-20,STR024,PRD00370,211,288,28,1,472,0,213027.76
INV00023440,2025-07-20,STR024,PRD00721,92,0,42,0,50,0,86381.5
INV00023441,2025-07-20,STR025,PRD00709,128,224,64,1,289,0,44231.45
INV00023442,2025-07-20,STR025,PRD00601,329,0,162,0,167,0,5146.94
INV00023443,2025-07-20,STR025,PRD00497,241,239,5,0,475,0,230940.25
INV00023444,2025-07-20,STR025,PRD00073,35,0,13,0,22,0,376714.8
INV00023445,2025-07-20,STR025,PRD00553,232,257,66,0,423,0,36847.53
INV00023446,2025-07-20,STR025,PRD00332,178,0,16,0,162,0,44214.66
INV00023447,2025-07-20,STR025,PRD00195,21,72,6,0,87,0,270469.95
INV00023448,2025-07-20,STR025,PRD00451,27,137,15,0,147,2,74268.81
INV00023449,2025-07-20,STR025,PRD00651,108,299,20,0,386,1,99001.28
INV00023450,2025-07-20,STR025,PRD01058,381,0,13,0,368,0,53367.36
INV00023451,2025-07-20,STR025,PRD01086,36,0,10,0,26,0,83782.92
INV00023452,2025-07-20,STR025,PRD00233,13,0,7,0,6,0,42629.04
INV00023453,2025-07-20,STR025,PRD00563,375,0,122,0,253,0,109690.68
INV00023454,2025-07-20,STR025,PRD00904,65,0,6,0,29,0,109738.23
INV00023455,2025-07-20,STR025,PRD00900,52,0,8,1,45,0,88247.25
INV00023456,2025-07-20,STR025,PRD01150,179,0,95,0,84,0,199251.36
INV00023457,2025-07-20,STR025,PRD00432,41,176,15,0,202,0,130702.08
INV00023458,2025-07-20,STR025,PRD00489,56,0,13,0,43,0,29707.84
INV00023459,2025-07-20,STR025,PRD00474,130,0,38,2,93,1,8311.41
INV00023460,2025-07-20,STR025,PRD00111,37,65,19,0,83,0,1053600.34
INV00023461,2025-07-20,STR026,PRD01112,148,0,64,0,84,0,130887.96
INV00023462,2025-07-20,STR026,PRD01108,77,103,10,0,170,0,389215.0
INV00023463,2025-07-20,STR026,PRD00719,125,99,12,1,213,0,587711.73
INV00023464,2025-07-20,STR026,PRD00144,52,66,7,0,81,0,551011.77
INV00023465,2025-07-20,STR026,PRD00444,288,386,110,1,565,0,161567.4
INV00023466,2025-07-20,STR026,PRD00215,22,0,5,0,17,0,110927.55
INV00023467,2025-07-20,STR026,PRD00825,57,0,21,0,36,0,50489.64
INV00023468,2025-07-20,STR026,PRD00380,76,317,15,0,378,0,79569.0
INV00023469,2025-07-20,STR026,PRD00283,289,0,100,1,159,1,81547.83
INV00023470,2025-07-20,STR026,PRD01078,69,0,36,0,33,0,43424.37
INV00023471,2025-07-20,STR026,PRD00581,46,360,6,0,400,0,79484.0
INV00023472,2025-07-20,STR026,PRD01051,223,0,125,0,98,0,34710.62
INV00023473,2025-07-20,STR026,PRD00661,157,281,33,0,405,0,114890.4
INV00023474,2025-07-20,STR026,PRD00874,84,0,9,0,74,1,172603.52
INV00023475,2025-07-20,STR026,PRD01079,188,0,19,0,169,0,32370.26
INV00023476,2025-07-20,STR026,PRD01165,78,40,15,0,102,1,308926.38
INV00023477,2025-07-20,STR026,PRD00267,81,0,16,3,68,0,544108.12
INV00023478,2025-07-20,STR026,PRD00681,29,139,13,1,156,0,420604.08
INV00023479,2025-07-20,STR026,PRD01123,108,0,56,0,52,0,98917.52
INV00023480,2025-07-20,STR026,PRD00130,91,55,21,3,128,0,1648970.24
INV00023481,2025-07-20,STR027,PRD01198,89,36,17,0,107,1,474248.61
INV00023482,2025-07-20,STR027,PRD00675,70,0,25,0,45,0,34129.35
INV00023483,2025-07-20,STR027,PRD00687,78,0,13,0,64,1,114506.88
INV00023484,2025-07-20,STR027,PRD00246,103,0,42,0,60,1,74386.8
INV00023485,2025-07-20,STR027,PRD00744,51,0,29,0,22,0,63346.8
INV00023486,2025-07-20,STR027,PRD00848,42,120,18,1,145,0,234366.4
INV00023487,2025-07-20,STR027,PRD00557,90,0,46,0,44,0,5914.92
INV00023488,2025-07-20,STR027,PRD00113,41,0,16,0,24,1,285030.96
INV00023489,2025-07-20,STR027,PRD00206,45,0,22,0,23,0,158310.15
INV00023490,2025-07-20,STR027,PRD00220,61,35,17,1,80,0,364915.2
INV00023491,2025-07-20,STR027,PRD00530,43,77,6,0,114,0,64075.98
INV00023492,2025-07-20,STR027,PRD00033,120,0,56,0,64,0,114129.92
INV00023493,2025-07-20,STR027,PRD00754,67,189,33,0,223,0,49256.24
INV00023494,2025-07-20,STR027,PRD01181,163,77,26,0,213,1,273242.79
INV00023495,2025-07-20,STR027,PRD01025,223,0,44,1,180,0,5427.0
INV00023496,2025-07-20,STR027,PRD00440,179,294,73,0,400,0,128332.0
INV00023497,2025-07-20,STR027,PRD00255,71,0,26,0,45,0,102747.15
INV00023498,2025-07-20,STR027,PRD00981,283,0,59,0,224,0,12149.76
INV00023499,2025-07-20,STR027,PRD00482,232,272,44,0,460,0,158295.2
INV00023500,2025-07-20,STR027,PRD00973,75,0,24,0,51,0,8002.41
INV00023501,2025-07-20,STR028,PRD00594,90,380,47,0,423,0,34402.59
INV00023502,2025-07-20,STR028,PRD01158,81,0,29,0,52,0,217218.56
INV00023503,2025-07-20,STR028,PRD00813,159,0,76,1,84,0,168790.44
INV00023504,2025-07-20,STR028,PRD00506,121,0,8,0,113,0,65438.3
INV00023505,2025-07-20,STR028,PRD00468,154,0,83,0,71,0,10530.72
INV00023506,2025-07-20,STR028,PRD00312,290,326,136,0,480,0,186331.2
INV00023507,2025-07-20,STR028,PRD01197,27,90,15,0,102,0,-9999.0
INV00023508,2025-07-20,STR028,PRD00580,367,0,124,0,243,0,51345.9
INV00023509,2025-07-20,STR028,PRD01076,82,0,15,0,67,0,173901.85
INV00023510,2025-07-20,STR028,PRD00089,25,45,5,0,65,0,1196041.6
INV00023511,2025-07-20,STR028,PRD00493,261,0,69,0,192,0,85728.0
INV00023512,2025-07-20,STR028,PRD00421,415,0,137,0,278,0,135247.0
INV00023513,2025-07-20,STR028,PRD00534,222,0,109,0,113,0,9106.67
INV00023514,2025-07-20,STR028,PRD00458,110,388,52,1,446,1,198880.32
INV00023515,2025-07-20,STR028,PRD00595,102,239,35,1,307,0,111907.64
INV00023516,2025-07-20,STR028,PRD01036,100,371,15,0,456,0,57077.52
INV00023517,2025-07-20,STR028,PRD00847,28,122,13,0,137,0,221545.44
INV00023518,2025-07-20,STR028,PRD00589,381,307,143,0,545,0,138451.8
INV00023519,2025-07-20,STR028,PRD00277,128,0,45,0,83,0,56460.75
INV00023520,2025-07-20,STR028,PRD00471,90,0,6,0,84,0,41609.4
INV00023521,2025-07-20,STR029,PRD00871,26,94,7,0,112,1,96243.84
INV00023522,2025-07-20,STR029,PRD00952,82,0,21,0,59,2,29659.89
INV00023523,2025-07-20,STR029,PRD00614,149,0,49,0,100,0,3428.0
INV00023524,2025-07-20,STR029,PRD01105,73,0,37,0,35,1,52798.2
INV00023525,2025-07-20,STR029,PRD00042,31,0,16,0,15,0,179095.05
INV00023526,2025-07-20,STR029,PRD00933,30,0,17,0,13,0,28343.9
INV00023527,2025-07-20,STR029,PRD00063,58,0,6,0,52,0,699242.44
INV00023528,2025-07-20,STR029,PRD01197,105,0,5,0,100,0,116118.0
INV00023529,2025-07-20,STR029,PRD00075,83,0,46,0,37,0,260575.83
INV00023530,2025-07-20,STR029,PRD01120,24,0,13,0,11,0,48399.56
INV00023531,2025-07-20,STR029,PRD01047,167,0,52,0,115,0,55588.7
INV00023532,2025-07-20,STR029,PRD01121,55,0,21,0,33,1,32161.14
INV00023533,2025-07-20,STR029,PRD00520,330,0,197,0,133,0,53979.38
INV00023534,2025-07-20,STR029,PRD00127,20,0,7,0,13,0,137372.04
INV00023535,2025-07-20,STR029,PRD00664,182,0,79,0,103,0,11248.63
INV00023536,2025-07-20,STR029,PRD00965,180,0,24,0,156,0,7559.76
INV00023537,2025-07-20,STR029,PRD00464,291,0,105,0,186,0,85279.14
INV00023538,2025-07-20,STR029,PRD00883,105,0,10,1,96,0,137998.08
INV00023539,2025-07-20,STR029,PRD00889,22,121,9,0,134,0,197536.1
INV00023540,2025-07-20,STR029,PRD00925,80,177,21,0,236,0,359921.24
INV00023541,2025-07-20,STR030,PRD00441,95,171,25,0,241,0,170406.28
INV00023542,2025-07-20,STR030,PRD00401,149,0,78,0,71,0,44616.4
INV00023543,2025-07-20,STR030,PRD00514,24,96,10,1,111,0,101490.63
INV00023544,2025-07-20,STR030,PRD00221,15,31,5,0,41,0,236606.49
INV00023545,2025-07-20,STR030,PRD00017,86,0,12,0,74,0,333368.52
INV00023546,2025-07-20,STR030,PRD00242,120,0,49,0,71,0,181593.86
INV00023547,2025-07-20,STR030,PRD00627,164,0,74,0,90,0,36333.9
INV00023548,2025-07-20,STR030,PRD01087,66,31,38,1,59,1,201763.48
INV00023549,2025-07-20,STR030,PRD01016,174,0,73,0,101,0,16301.4
INV00023550,2025-07-20,STR030,PRD00248,19,0,5,0,14,0,96285.14
INV00023551,2025-07-20,STR030,PRD01150,90,0,24,1,67,0,158926.68
INV00023552,2025-07-20,STR030,PRD01152,93,0,5,0,88,0,121325.6
INV00023553,2025-07-20,STR030,PRD01020,369,0,183,2,188,0,68050.36
INV00023554,2025-07-20,STR030,PRD00368,133,133,76,0,190,0,111706.7
INV00023555,2025-07-20,STR030,PRD01040,123,379,23,0,479,0,158438.83
INV00023556,2025-07-20,STR030,PRD00117,67,0,16,2,53,0,214810.06
INV00023557,2025-07-20,STR030,PRD00009,15,41,7,2,50,1,417225.5
INV00023558,2025-07-20,STR030,PRD00485,77,175,38,0,214,0,126934.1
INV00023559,2025-07-20,STR030,PRD00296,242,0,144,3,99,2,12041.37
INV00023560,2025-07-20,STR030,PRD00535,100,0,37,0,63,0,14129.64
INV00023561,2025-07-20,STR031,PRD00148,68,0,16,0,51,1,239408.28
INV00023562,2025-07-20,STR031,PRD00593,120,270,64,0,326,0,125783.84
INV00023563,2025-07-20,STR031,PRD00040,37,0,15,0,22,0,384714.22
INV00023564,2025-07-20,STR031,PRD00921,49,0,27,0,22,0,40346.68
INV00023565,2025-07-20,STR031,PRD01150,100,169,42,0,227,0,538453.08
INV00023566,2025-07-20,STR031,PRD00835,98,145,33,0,210,0,211722.0
INV00023567,2025-07-20,STR031,PRD00218,24,0,6,2,20,0,101020.4
INV00023568,2025-07-20,STR031,PRD00417,152,0,70,0,81,1,53598.51
INV00023569,2025-07-20,STR031,PRD00990,98,0,24,0,74,0,25958.46
INV00023570,2025-07-20,STR031,PRD00603,82,221,33,0,270,0,35359.2
INV00023571,2025-07-20,STR031,PRD00352,41,154,5,0,190,0,113411.0
INV00023572,2025-07-20,STR031,PRD00057,103,87,49,0,141,0,282807.93
INV00023573,2025-07-20,STR031,PRD00143,20,0,10,0,10,0,80580.6
INV00023574,2025-07-20,STR031,PRD01179,74,150,26,0,198,0,410754.96
INV00023575,2025-07-20,STR031,PRD00254,33,0,6,0,27,0,182957.67
INV00023576,2025-07-20,STR031,PRD00951,313,0,88,0,225,0,79285.5
INV00023577,2025-07-20,STR031,PRD00542,260,212,17,0,455,0,155523.55
INV00023578,2025-07-20,STR031,PRD01157,30,0,16,0,14,0,59715.74
INV00023579,2025-07-20,STR031,PRD00961,415,0,6,0,409,0,64838.77
INV00023580,2025-07-20,STR031,PRD00374,164,0,52,0,112,0,82692.96
INV00023581,2025-07-20,STR032,PRD00100,65,0,31,0,34,0,332345.24
INV00023582,2025-07-20,STR032,PRD01159,82,0,45,0,37,0,55472.62
INV00023583,2025-07-20,STR032,PRD00689,226,0,5,1,222,0,73888.26
INV00023584,2025-07-20,STR032,PRD00274,154,398,57,0,495,0,210751.2
INV00023585,2025-07-20,STR032,PRD00940,101,259,54,0,305,1,11852.3
INV00023586,2025-07-20,STR032,PRD00731,106,122,51,0,176,1,278440.8
INV00023587,2025-07-20,STR032,PRD01011,252,0,119,0,133,0,19908.77
INV00023588,2025-07-20,STR032,PRD00561,128,160,56,1,233,0,17589.17
INV00023589,2025-07-20,STR032,PRD00476,81,0,13,0,68,0,36936.24
INV00023590,2025-07-20,STR032,PRD01120,38,0,14,0,24,0,105599.04
INV00023591,2025-07-20,STR032,PRD00085,39,0,12,0,27,0,482640.66
INV00023592,2025-07-20,STR032,PRD00741,86,0,7,0,79,0,160282.31
INV00023593,2025-07-20,STR032,PRD00957,161,0,35,1,127,0,12007.85
INV00023594,2025-07-20,STR032,PRD00252,36,42,9,0,69,0,519104.25
INV00023595,2025-07-20,STR032,PRD00332,155,0,80,0,75,0,20469.75
INV00023596,2025-07-20,STR032,PRD00618,88,279,25,0,342,0,62596.26
INV00023597,2025-07-20,STR032,PRD00968,139,0,14,0,125,0,19845.0
INV00023598,2025-07-20,STR032,PRD00602,96,0,54,1,43,0,8913.04
INV00023599,2025-07-20,STR032,PRD00367,237,0,67,0,170,0,41952.6
INV00023600,2025-07-20,STR032,PRD00280,213,0,41,0,172,0,53555.64
INV00023601,2025-07-20,STR033,PRD00205,31,144,7,0,168,0,224296.8
INV00023602,2025-07-20,STR033,PRD00045,32,0,15,0,17,0,234977.06
INV00023603,2025-07-20,STR033,PRD01182,70,0,26,0,44,0,187684.64
INV00023604,2025-07-20,STR033,PRD00182,125,0,64,0,61,0,69817.55
INV00023605,2025-07-20,STR033,PRD01059,145,159,54,0,250,0,92090.0
INV00023606,2025-07-20,STR033,PRD00937,191,0,92,0,99,0,17578.44
INV00023607,2025-07-20,STR033,PRD00680,51,0,20,0,31,0,86955.0
INV00023608,2025-07-20,STR033,PRD00488,140,0,77,0,63,0,52659.18
INV00023609,2025-07-20,STR033,PRD00037,20,0,12,0,8,0,134083.36
INV00023610,2025-07-20,STR033,PRD00500,85,0,8,0,76,1,57572.28
INV00023611,2025-07-20,STR033,PRD00195,14,72,6,0,80,0,248708.0
INV00023612,2025-07-20,STR033,PRD01048,175,0,21,0,154,0,63939.26
INV00023613,2025-07-20,STR033,PRD00173,82,0,35,0,46,1,264560.72
INV00023614,2025-07-20,STR033,PRD00158,44,0,15,0,29,0,74890.76
INV00023615,2025-07-20,STR033,PRD00897,63,0,8,0,55,0,130306.55
INV00023616,2025-07-20,STR033,PRD00259,91,0,42,0,49,0,60417.0
INV00023617,2025-07-20,STR033,PRD00436,106,87,36,0,157,0,79708.9
INV00023618,2025-07-20,STR033,PRD00469,141,0,45,0,96,0,37387.2
INV00023619,2025-07-20,STR033,PRD00032,23,0,12,0,11,0,162800.0
INV00023620,2025-07-20,STR033,PRD00107,35,0,14,0,21,0,73157.91
INV00023621,2025-07-20,STR034,PRD00109,21,48,10,1,60,0,558990.0
INV00023622,2025-07-20,STR034,PRD00212,39,0,14,0,25,0,156524.25
INV00023623,2025-07-20,STR034,PRD00352,44,0,5,0,39,0,23279.1
INV00023624,2025-07-20,STR034,PRD00147,26,0,9,0,17,0,107086.91
INV00023625,2025-07-20,STR034,PRD00303,35,246,17,0,264,0,95641.92
INV00023626,2025-07-20,STR034,PRD00379,118,388,7,0,499,0,229869.34
INV00023627,2025-07-20,STR034,PRD00371,151,0,53,1,99,0,11231.55
INV00023628,2025-07-20,STR034,PRD00821,54,77,10,0,121,0,191471.61
INV00023629,2025-07-20,STR034,PRD00190,26,63,10,0,79,0,628470.28
INV00023630,2025-07-20,STR034,PRD00143,17,25,7,0,35,0,282032.1
INV00023631,2025-07-20,STR034,PRD00128,93,0,30,0,63,0,564720.03
INV00023632,2025-07-20,STR034,PRD00635,335,297,26,0,606,0,125623.8
INV00023633,2025-07-20,STR034,PRD00554,195,0,88,0,107,0,49905.87
INV00023634,2025-07-20,STR034,PRD00398,308,200,147,0,361,0,62579.35
INV00023635,2025-07-20,STR034,PRD00726,110,83,48,0,145,0,217188.25
INV00023636,2025-07-20,STR034,PRD01058,339,0,109,0,230,0,33354.6
INV00023637,2025-07-20,STR034,PRD00789,179,0,55,0,123,1,360993.93
INV00023638,2025-07-20,STR034,PRD00201,109,146,32,0,223,0,421378.57
INV00023639,2025-07-20,STR034,PRD00407,77,114,41,0,150,0,80010.0
INV00023640,2025-07-20,STR034,PRD00224,17,63,9,0,71,0,244283.31
INV00023641,2025-07-20,STR035,PRD00509,18,133,8,0,142,1,95754.86
INV00023642,2025-07-20,STR035,PRD00871,107,0,62,0,45,0,38669.4
INV00023643,2025-07-20,STR035,PRD00247,25,0,13,0,12,0,59909.04
INV00023644,2025-07-20,STR035,PRD00223,56,0,22,0,34,0,238502.86
INV00023645,2025-07-20,STR035,PRD00633,84,374,37,1,422,0,89843.8
INV00023646,2025-07-20,STR035,PRD00996,286,0,141,0,145,0,47761.55
INV00023647,2025-07-20,STR035,PRD00402,34,159,19,0,174,0,142342.44
INV00023648,2025-07-20,STR035,PRD00310,168,0,60,0,108,0,32803.92
INV00023649,2025-07-20,STR035,PRD00738,102,0,12,0,90,0,61833.6
INV00023650,2025-07-20,STR035,PRD00183,34,33,15,0,52,0,233405.12
INV00023651,2025-07-20,STR035,PRD01042,369,0,42,0,327,0,30963.63
INV00023652,2025-07-20,STR035,PRD00559,386,0,174,0,212,0,89370.72
INV00023653,2025-07-20,STR035,PRD00539,122,266,65,0,322,1,15369.06
INV00023654,2025-07-20,STR035,PRD01096,31,132,11,0,152,0,260567.52
INV00023655,2025-07-20,STR035,PRD00716,72,99,10,0,161,0,162201.06
INV00023656,2025-07-20,STR035,PRD00431,46,0,9,1,38,0,19805.6
INV00023657,2025-07-20,STR035,PRD00293,305,0,16,0,289,0,127882.5
INV00023658,2025-07-20,STR035,PRD00676,86,0,45,0,41,0,116307.16
INV00023659,2025-07-20,STR035,PRD00845,97,0,45,1,53,0,80740.73
INV00023660,2025-07-20,STR035,PRD00667,250,369,76,0,543,0,49440.15
INV00023661,2025-07-20,STR036,PRD00018,35,0,16,0,19,0,185614.61
INV00023662,2025-07-20,STR036,PRD00182,125,124,55,0,194,0,222042.7
INV00023663,2025-07-20,STR036,PRD01141,98,0,33,0,65,0,52692.25
INV00023664,2025-07-20,STR036,PRD00599,153,0,90,0,63,0,11930.31
INV00023665,2025-07-20,STR036,PRD00942,50,284,13,0,321,0,19815.33
INV00023666,2025-07-20,STR036,PRD01086,17,61,7,1,72,0,232014.24
INV00023667,2025-07-20,STR036,PRD00635,124,297,38,0,383,0,79395.9
INV00023668,2025-07-20,STR036,PRD00231,7,41,7,0,39,2,261498.51
INV00023669,2025-07-20,STR036,PRD00972,51,0,16,0,35,0,22015.0
INV00023670,2025-07-20,STR036,PRD00210,24,0,6,0,18,0,99597.6
INV00023671,2025-07-20,STR036,PRD00011,66,0,28,3,41,0,403222.29
INV00023672,2025-07-20,STR036,PRD00397,109,0,32,0,77,0,55902.77
INV00023673,2025-07-20,STR036,PRD00473,60,368,8,1,421,0,39923.43
INV00023674,2025-07-20,STR036,PRD01169,70,0,38,0,32,0,128045.12
INV00023675,2025-07-20,STR036,PRD00319,190,340,85,0,445,0,206395.45
INV00023676,2025-07-20,STR036,PRD01097,138,0,39,0,99,0,203370.75
INV00023677,2025-07-20,STR036,PRD01148,212,0,46,1,167,0,40327.16
INV00023678,2025-07-20,STR036,PRD01014,33,89,16,0,106,0,67424.48
INV00023679,2025-07-20,STR036,PRD00685,108,0,29,0,78,1,222427.92
INV00023680,2025-07-20,STR036,PRD00857,83,0,17,0,66,0,142615.44
INV00023681,2025-07-20,STR037,PRD00195,35,0,17,0,17,1,52850.45
INV00023682,2025-07-20,STR037,PRD00317,33,138,12,1,160,0,127915.2
INV00023683,2025-07-20,STR037,PRD00399,153,0,46,0,107,0,69242.91
INV00023684,2025-07-20,STR037,PRD00078,60,66,28,0,97,1,629661.92
INV00023685,2025-07-20,STR037,PRD00419,41,176,17,0,200,0,152784.0
INV00023686,2025-07-20,STR037,PRD00121,44,0,10,0,34,0,317299.22
INV00023687,2025-07-20,STR037,PRD00684,99,148,20,0,227,0,559677.58
INV00023688,2025-07-20,STR037,PRD00112,19,70,11,0,78,0,243923.94
INV00023689,2025-07-20,STR037,PRD00854,31,90,18,0,103,0,151196.79
INV00023690,2025-07-20,STR037,PRD00080,16,70,7,0,79,0,1029165.39
INV00023691,2025-07-20,STR037,PRD00900,61,0,21,0,40,0,78442.0
INV00023692,2025-07-20,STR037,PRD00287,87,332,33,1,387,0,106169.58
INV00023693,2025-07-20,STR037,PRD00166,161,0,53,0,108,0,266868.0
INV00023694,2025-07-20,STR037,PRD00875,118,183,66,0,235,0,35461.5
INV00023695,2025-07-20,STR037,PRD00210,21,0,8,0,13,0,71931.6
INV00023696,2025-07-20,STR037,PRD00805,106,0,28,0,78,0,168777.18
INV00023697,2025-07-20,STR037,PRD00013,10,39,6,0,43,0,553069.87
INV00023698,2025-07-20,STR037,PRD00200,39,0,19,0,20,0,27268.6
INV00023699,2025-07-20,STR037,PRD01153,73,0,13,0,60,0,149973.0
INV00023700,2025-07-20,STR037,PRD00914,80,0,6,1,75,0,165054.0
INV00023701,2025-07-20,STR038,PRD00582,68,394,32,0,430,0,165550.0
INV00023702,2025-07-20,STR038,PRD00965,446,0,129,0,317,0,15361.82
INV00023703,2025-07-20,STR038,PRD00649,389,0,165,0,224,0,53527.04
INV00023704,2025-07-20,STR038,PRD01102,227,345,62,0,510,0,180213.6
INV00023705,2025-07-20,STR038,PRD00480,444,0,169,0,275,0,23696.75
INV00023706,2025-07-20,STR038,PRD01065,279,0,104,0,174,1,83234.64
INV00023707,2025-07-20,STR038,PRD00500,82,0,30,0,51,1,38634.03
INV00023708,2025-07-20,STR038,PRD00671,299,166,99,0,366,0,76131.66
INV00023709,2025-07-20,STR038,PRD00281,428,372,221,0,579,0,227848.08
INV00023710,2025-07-20,STR038,PRD00338,76,0,10,0,66,0,45423.18
INV00023711,2025-07-20,STR038,PRD00538,101,154,38,0,217,0,9066.26
INV00023712,2025-07-20,STR038,PRD00669,23,117,7,0,133,0,250939.08
INV00023713,2025-07-20,STR038,PRD01154,69,0,28,0,41,0,25069.86
INV00023714,2025-07-20,STR038,PRD00351,96,107,42,0,161,0,81021.64
INV00023715,2025-07-20,STR038,PRD00854,61,0,12,0,49,0,71928.57
INV00023716,2025-07-20,STR038,PRD00185,140,0,26,0,113,1,169504.52
INV00023717,2025-07-20,STR038,PRD00544,324,0,95,0,229,0,18947.46
INV00023718,2025-07-20,STR038,PRD01010,213,0,34,0,179,0,71514.08
INV00023719,2025-07-20,STR038,PRD00028,120,0,64,0,56,0,147916.72
INV00023720,2025-07-20,STR038,PRD00125,123,141,67,0,197,0,208089.13
INV00023721,2025-07-20,STR039,PRD00713,70,0,15,2,57,0,167452.32
INV00023722,2025-07-20,STR039,PRD00220,74,35,19,0,89,1,405968.16
INV00023723,2025-07-20,STR039,PRD00743,31,166,16,2,183,0,207075.48
INV00023724,2025-07-20,STR039,PRD00763,158,0,25,0,132,1,376318.8
INV00023725,2025-07-20,STR039,PRD00779,84,0,49,0,35,0,34940.15
INV00023726,2025-07-20,STR039,PRD00266,26,52,10,0,68,0,549840.52
INV00023727,2025-07-20,STR039,PRD00450,350,0,79,0,271,0,78736.34
INV00023728,2025-07-20,STR039,PRD00061,36,0,20,0,15,1,79647.9
INV00023729,2025-07-20,STR039,PRD00237,61,0,26,0,35,0,226209.2
INV00023730,2025-07-20,STR039,PRD00828,280,395,106,0,569,0,252067.0
INV00023731,2025-07-20,STR039,PRD00136,86,0,37,0,49,0,276419.29
INV00023732,2025-07-20,STR039,PRD00349,304,0,64,0,240,0,20128.8
INV00023733,2025-07-20,STR039,PRD00219,31,0,9,0,22,0,21976.24
INV00023734,2025-07-20,STR039,PRD00336,17,123,6,0,134,0,110028.74
INV00023735,2025-07-20,STR039,PRD00865,66,0,12,0,54,0,76892.22
INV00023736,2025-07-20,STR039,PRD01085,33,63,18,0,78,0,322630.62
INV00023737,2025-07-20,STR039,PRD00236,51,0,25,0,26,0,103734.28
INV00023738,2025-07-20,STR039,PRD01001,129,0,44,0,85,0,15161.45
INV00023739,2025-07-20,STR039,PRD00329,78,0,13,0,65,0,36439.65
INV00023740,2025-07-20,STR039,PRD00585,362,0,37,0,325,0,94136.25
INV00023741,2025-07-20,STR040,PRD00325,38,0,22,0,16,0,9392.16
INV00023742,2025-07-20,STR040,PRD00590,110,0,15,2,97,0,23588.46
INV00023743,2025-07-20,STR040,PRD00291,284,0,46,0,238,0,66582.88
INV00023744,2025-07-20,STR040,PRD00806,132,0,19,0,113,0,21089.19
INV00023745,2025-07-20,STR040,PRD00850,17,116,10,0,123,0,151913.61
INV00023746,2025-07-20,STR040,PRD00028,124,0,30,0,94,0,248288.78
INV00023747,2025-07-20,STR040,PRD00102,59,0,25,0,34,0,548799.78
INV00023748,2025-07-20,STR040,PRD00434,130,170,30,0,270,0,145473.3
INV00023749,2025-07-20,STR040,PRD00111,65,0,20,0,45,0,571229.1
INV00023750,2025-07-20,STR040,PRD00232,54,0,5,1,50,0,242168.5
INV00023751,2025-07-20,STR040,PRD00134,26,0,8,0,18,0,269168.04
INV00023752,2025-07-20,STR040,PRD00196,102,0,11,0,91,0,204466.08
INV00023753,2025-07-20,STR040,PRD01008,165,0,43,1,123,0,17466.0
INV00023754,2025-07-20,STR040,PRD00409,62,0,37,0,24,1,17714.64
INV00023755,2025-07-20,STR040,PRD00356,129,0,41,0,88,0,64607.84
INV00023756,2025-07-20,STR040,PRD01001,150,373,35,0,488,0,87044.56
INV00023757,2025-07-20,STR040,PRD00507,93,365,27,0,431,0,92815.85
INV00023758,2025-07-20,STR040,PRD00566,184,0,104,1,81,0,34272.72
INV00023759,2025-07-20,STR040,PRD00978,233,0,30,0,203,0,21785.96
INV00023760,2025-07-20,STR040,PRD00914,16,146,7,1,156,0,343312.32
INV00023761,2025-07-20,STR041,PRD00856,58,0,17,0,41,0,49715.37
INV00023762,2025-07-20,STR041,PRD01020,67,159,5,0,221,0,79995.37
INV00023763,2025-07-20,STR041,PRD00971,345,223,14,1,555,0,170201.85
INV00023764,2025-07-20,STR041,PRD01163,41,0,21,0,20,0,74321.2
INV00023765,2025-07-20,STR041,PRD00543,83,0,21,0,61,1,25939.03
INV00023766,2025-07-20,STR041,PRD00045,17,66,5,0,78,0,1078130.04
INV00023767,2025-07-20,STR041,PRD00647,199,306,6,0,499,0,94345.93
INV00023768,2025-07-20,STR041,PRD01165,63,0,6,0,57,0,172635.33
INV00023769,2025-07-20,STR041,PRD00966,37,169,14,0,192,0,101078.4
INV00023770,2025-07-20,STR041,PRD00315,515,372,178,0,709,0,199540.96
INV00023771,2025-07-20,STR041,PRD00098,19,37,10,0,46,0,469476.46
INV00023772,2025-07-20,STR041,PRD00731,83,0,23,0,60,0,94923.0
INV00023773,2025-07-20,STR041,PRD00788,86,79,27,0,138,0,290517.6
INV00023774,2025-07-20,STR041,PRD00916,50,156,12,0,194,0,440531.32
INV00023775,2025-07-20,STR041,PRD00007,57,0,20,0,37,0,572101.4
INV00023776,2025-07-20,STR041,PRD00851,42,139,19,1,213,0,314164.57
INV00023777,2025-07-20,STR041,PRD00261,30,0,13,1,118,0,92133.18
INV00023778,2025-07-20,STR041,PRD00235,27,0,16,0,11,0,73519.82
INV00023779,2025-07-20,STR041,PRD00836,59,163,8,0,184,0,87337.68
INV00023780,2025-07-20,STR041,PRD01168,80,92,26,0,146,0,361209.84
INV00023781,2025-07-27,STR001,PRD00110,30,0,15,0,15,0,277389.75
INV00023782,2025-07-27,STR001,PRD01174,48,77,17,0,108,0,287816.76
INV00023783,2025-07-27,STR001,PRD00204,59,0,33,0,26,0,67082.86
INV00023784,2025-07-27,STR001,PRD00783,100,111,37,3,177,0,255455.25
INV00023785,2025-07-27,STR001,PRD01000,288,0,50,0,238,0,82317.06
INV00023786,2025-07-27,STR001,PRD01169,49,0,5,0,44,0,176062.04
INV00023787,2025-07-27,STR001,PRD00345,67,260,29,0,298,0,117376.24
INV00023788,2025-07-27,STR001,PRD00219,23,88,13,0,98,0,97894.16
INV00023789,2025-07-27,STR001,PRD00972,55,0,10,0,45,0,28305.0
INV00023790,2025-07-27,STR001,PRD00290,82,0,42,0,39,1,18654.48
INV00023791,2025-07-27,STR001,PRD00030,67,0,31,1,37,0,465814.83
INV00023792,2025-07-27,STR001,PRD00174,38,130,12,0,154,2,80578.96
INV00023793,2025-07-27,STR001,PRD00634,333,266,185,0,414,0,123769.44
INV00023794,2025-07-27,STR001,PRD00703,147,115,76,0,186,0,130302.3
INV00023795,2025-07-27,STR001,PRD00917,128,161,20,0,269,0,263843.27
INV00023796,2025-07-27,STR001,PRD00991,35,83,5,0,113,0,58141.89
INV00023797,2025-07-27,STR001,PRD00360,362,0,212,0,150,0,35883.0
INV00023798,2025-07-27,STR001,PRD00217,56,52,16,0,90,2,476858.7
INV00023799,2025-07-27,STR001,PRD00180,118,0,41,0,77,0,194562.06
INV00023800,2025-07-27,STR001,PRD00377,53,0,8,0,45,0,37022.4
INV00023801,2025-07-27,STR002,PRD00902,329,0,146,0,183,0,28194.81
INV00023802,2025-07-27,STR002,PRD01124,112,87,17,0,182,0,396350.5
INV00023803,2025-07-27,STR002,PRD00653,211,0,116,3,98,0,43880.48
INV00023804,2025-07-27,STR002,PRD00901,110,0,55,0,55,0,113936.35
INV00023805,2025-07-27,STR002,PRD00118,15,32,7,0,39,1,411214.83
INV00023806,2025-07-27,STR002,PRD00256,72,59,36,0,95,0,770169.75
INV00023807,2025-07-27,STR002,PRD00624,238,0,113,0,125,0,10885.0
INV00023808,2025-07-27,STR002,PRD00296,172,0,96,0,75,1,9122.25
INV00023809,2025-07-27,STR002,PRD00476,37,90,20,0,107,0,58120.26
INV00023810,2025-07-27,STR002,PRD00099,39,0,14,0,25,0,371451.5
INV00023811,2025-07-27,STR002,PRD00525,367,0,125,1,243,0,16147.35
INV00023812,2025-07-27,STR002,PRD00745,22,112,6,0,-23,0,234135.04
INV00023813,2025-07-27,STR002,PRD01087,48,31,13,0,66,0,225701.52
INV00023814,2025-07-27,STR002,PRD00303,139,0,23,0,116,0,42024.48
INV00023815,2025-07-27,STR002,PRD00293,256,0,149,0,107,0,47347.5
INV00023816,2025-07-27,STR002,PRD00241,9,41,7,0,43,0,240109.42
INV00023817,2025-07-27,STR002,PRD00227,86,0,15,0,70,1,249735.5
INV00023818,2025-07-27,STR002,PRD00069,17,0,9,0,8,0,61610.72
INV00023819,2025-07-27,STR002,PRD00444,217,0,81,0,136,0,38890.56
INV00023820,2025-07-27,STR002,PRD01129,264,340,90,0,514,0,144495.68
INV00023821,2025-07-27,STR003,PRD00003,71,105,8,0,168,0,89752.32
INV00023822,2025-07-27,STR003,PRD00474,217,0,93,0,124,0,11081.88
INV00023823,2025-07-27,STR003,PRD00376,44,0,8,0,36,0,24587.64
INV00023824,2025-07-27,STR003,PRD00287,268,332,133,0,467,0,128116.78
INV00023825,2025-07-27,STR003,PRD00601,461,0,96,0,363,2,11187.66
INV00023826,2025-07-27,STR003,PRD00353,137,0,49,0,88,0,46623.28
INV00023827,2025-07-27,STR003,PRD00341,69,0,25,1,45,0,27250.2
INV00023828,2025-07-27,STR003,PRD00302,272,154,157,2,271,0,60999.39
INV00023829,2025-07-27,STR003,PRD00988,122,0,7,0,115,0,61237.5
INV00023830,2025-07-27,STR003,PRD01119,36,0,10,1,27,0,118216.8
INV00023831,2025-07-27,STR003,PRD00844,45,180,23,0,200,2,444914.0
INV00023832,2025-07-27,STR003,PRD01180,73,0,5,1,69,0,292822.89
INV00023833,2025-07-27,STR003,PRD00971,238,0,81,0,157,0,48147.19
INV00023834,2025-07-27,STR003,PRD01153,63,0,5,0,58,0,144973.9
INV00023835,2025-07-27,STR003,PRD00061,12,47,6,0,53,0,281422.58
INV00023836,2025-07-27,STR003,PRD00286,129,254,24,0,359,0,90949.06
INV00023837,2025-07-27,STR003,PRD00521,164,123,22,0,265,0,220639.0
INV00023838,2025-07-27,STR003,PRD00230,14,35,5,0,44,0,344778.72
INV00023839,2025-07-27,STR003,PRD00852,79,0,36,0,43,0,52238.12
INV00023840,2025-07-27,STR003,PRD00347,142,0,66,0,75,1,50194.5
INV00023841,2025-07-27,STR004,PRD00657,221,0,59,1,163,0,26216.92
INV00023842,2025-07-27,STR004,PRD00031,30,0,17,0,13,0,180749.53
INV00023843,2025-07-27,STR004,PRD00917,33,161,6,1,189,0,185376.87
INV00023844,2025-07-27,STR004,PRD00889,91,0,5,0,86,0,126776.9
INV00023845,2025-07-27,STR004,PRD00243,122,132,61,0,193,0,267442.03
INV00023846,2025-07-27,STR004,PRD00110,52,51,14,0,89,0,1645845.85
INV00023847,2025-07-27,STR004,PRD00554,163,0,38,1,126,0,58767.66
INV00023848,2025-07-27,STR004,PRD00378,367,0,218,0,149,0,54465.46
INV00023849,2025-07-27,STR004,PRD00596,85,205,47,0,243,0,96692.13
INV00023850,2025-07-27,STR004,PRD01172,88,0,8,0,80,0,46244.8
INV00023851,2025-07-27,STR004,PRD00216,10,66,5,0,70,1,505874.6
INV00023852,2025-07-27,STR004,PRD00546,185,0,10,0,175,0,82932.5
INV00023853,2025-07-27,STR004,PRD01188,152,0,86,0,66,0,111291.84
INV00023854,2025-07-27,STR004,PRD00074,52,28,27,0,51,2,602291.64
INV00023855,2025-07-27,STR004,PRD01085,22,0,8,2,16,0,66180.64
INV00023856,2025-07-27,STR004,PRD00410,281,0,107,1,175,0,33733.0
INV00023857,2025-07-27,STR004,PRD00157,20,45,9,0,56,0,243890.64
INV00023858,2025-07-27,STR004,PRD01131,55,0,33,0,22,0,75361.66
INV00023859,2025-07-27,STR004,PRD00293,76,345,30,0,391,0,173017.5
INV00023860,2025-07-27,STR004,PRD01089,60,0,24,0,36,0,136692.72
INV00023861,2025-07-27,STR005,PRD00455,99,0,53,0,46,0,25919.62
INV00023862,2025-07-27,STR005,PRD00157,64,45,5,1,105,0,457294.95
INV00023863,2025-07-27,STR005,PRD00491,108,109,48,0,169,0,89013.99
INV00023864,2025-07-27,STR005,PRD00953,264,0,149,0,115,0,6666.55
INV00023865,2025-07-27,STR005,PRD00671,144,166,7,0,303,0,63027.03
INV00023866,2025-07-27,STR005,PRD00214,58,0,19,0,39,0,267916.74
INV00023867,2025-07-27,STR005,PRD00966,175,0,9,0,166,0,87390.7
INV00023868,2025-07-27,STR005,PRD00860,215,0,10,3,207,1,86424.57
INV00023869,2025-07-27,STR005,PRD00045,29,0,10,0,19,0,262621.42
INV00023870,2025-07-27,STR005,PRD00663,330,0,134,0,196,0,12328.4
INV00023871,2025-07-27,STR005,PRD00933,36,0,15,0,21,0,45786.3
INV00023872,2025-07-27,STR005,PRD00673,52,0,27,1,26,0,44155.54
INV00023873,2025-07-27,STR005,PRD00228,34,0,6,0,28,0,83504.68
INV00023874,2025-07-27,STR005,PRD00785,54,151,28,0,177,0,487604.91
INV00023875,2025-07-27,STR005,PRD01111,138,88,16,1,211,0,201614.72
INV00023876,2025-07-27,STR005,PRD01012,40,139,20,0,159,0,92630.22
INV00023877,2025-07-27,STR005,PRD00952,163,146,24,0,285,0,143272.35
INV00023878,2025-07-27,STR005,PRD00460,43,152,5,0,190,0,126876.3
INV00023879,2025-07-27,STR005,PRD00294,65,0,23,0,42,0,27427.68
INV00023880,2025-07-27,STR005,PRD00543,180,0,78,0,102,0,43373.46
INV00023881,2025-07-27,STR006,PRD00426,127,283,57,0,351,2,145970.37
INV00023882,2025-07-27,STR006,PRD00855,62,0,7,0,55,0,83905.25
INV00023883,2025-07-27,STR006,PRD00704,35,0,14,0,21,0,14849.94
INV00023884,2025-07-27,STR006,PRD00559,505,312,215,0,602,0,253779.12
INV00023885,2025-07-27,STR006,PRD00237,66,0,9,0,57,0,368397.84
INV00023886,2025-07-27,STR006,PRD01186,73,154,10,0,217,0,325977.4
INV00023887,2025-07-27,STR006,PRD00025,150,0,58,0,92,0,148768.6
INV00023888,2025-07-27,STR006,PRD00168,70,0,6,0,64,0,423107.84
INV00023889,2025-07-27,STR006,PRD00635,190,0,36,0,152,2,31509.6
INV00023890,2025-07-27,STR006,PRD00279,165,0,30,0,135,0,60199.2
INV00023891,2025-07-27,STR006,PRD00150,118,0,8,2,112,0,100515.52
INV00023892,2025-07-27,STR006,PRD00377,39,0,16,0,23,0,18922.56
INV00023893,2025-07-27,STR006,PRD00365,169,0,22,0,147,0,65957.43
INV00023894,2025-07-27,STR006,PRD00965,247,0,94,0,153,0,7414.38
INV00023895,2025-07-27,STR006,PRD00708,72,0,32,3,43,0,80975.45
INV00023896,2025-07-27,STR006,PRD00488,133,93,6,0,220,0,183889.2
INV00023897,2025-07-27,STR006,PRD00369,510,0,205,0,305,0,147159.45
INV00023898,2025-07-27,STR006,PRD01009,144,0,84,0,60,0,1763.4
INV00023899,2025-07-27,STR006,PRD01002,162,0,90,0,72,0,4009.68
INV00023900,2025-07-27,STR006,PRD00325,29,138,12,0,155,0,90986.55
INV00023901,2025-07-27,STR007,PRD00241,16,41,9,0,48,0,268029.12
INV00023902,2025-07-27,STR007,PRD00665,510,0,249,0,261,0,26919.54
INV00023903,2025-07-27,STR007,PRD00169,34,0,17,1,18,0,101316.06
INV00023904,2025-07-27,STR007,PRD00486,175,265,89,0,351,0,43366.05
INV00023905,2025-07-27,STR007,PRD00518,110,0,62,0,47,1,36116.21
INV00023906,2025-07-27,STR007,PRD01067,56,0,11,0,45,0,25417.8
INV00023907,2025-07-27,STR007,PRD00821,43,77,24,0,95,1,150328.95
INV00023908,2025-07-27,STR007,PRD00342,81,0,11,0,70,0,48871.9
INV00023909,2025-07-27,STR007,PRD01145,100,0,48,0,52,0,108170.92
INV00023910,2025-07-27,STR007,PRD00625,49,371,9,0,411,0,177926.01
INV00023911,2025-07-27,STR007,PRD00455,36,152,15,0,173,0,97480.31
INV00023912,2025-07-27,STR007,PRD00487,86,0,40,0,46,0,3626.64
INV00023913,2025-07-27,STR007,PRD00794,16,31,5,1,43,0,135898.49
INV00023914,2025-07-27,STR007,PRD00286,326,0,127,0,199,0,50414.66
INV00023915,2025-07-27,STR007,PRD00056,18,0,8,1,11,0,94391.11
INV00023916,2025-07-27,STR007,PRD00007,53,0,27,0,26,0,402017.2
INV00023917,2025-07-27,STR007,PRD01024,352,0,83,2,271,0,24959.1
INV00023918,2025-07-27,STR007,PRD00437,173,0,30,0,141,2,38227.92
INV00023919,2025-07-27,STR007,PRD01113,72,0,42,0,30,0,60477.6
INV00023920,2025-07-27,STR007,PRD00181,8,30,8,2,32,0,103659.52
INV00023921,2025-07-27,STR008,PRD00509,79,0,46,0,33,0,22252.89
INV00023922,2025-07-27,STR008,PRD00096,122,0,8,0,114,0,131634.66
INV00023923,2025-07-27,STR008,PRD00550,305,0,95,0,210,0,76633.2
INV00023924,2025-07-27,STR008,PRD00565,266,0,132,1,134,1,8238.32
INV00023925,2025-07-27,STR008,PRD00983,73,0,11,0,62,0,36200.56
INV00023926,2025-07-27,STR008,PRD00949,34,0,11,0,22,1,12470.7
INV00023927,2025-07-27,STR008,PRD00530,65,0,18,0,47,0,26417.29
INV00023928,2025-07-27,STR008,PRD00726,58,0,19,1,40,0,59914.0
INV00023929,2025-07-27,STR008,PRD01083,40,0,12,0,27,1,105886.44
INV00023930,2025-07-27,STR008,PRD00840,185,164,110,0,239,0,402017.12
INV00023931,2025-07-27,STR008,PRD01144,48,0,21,0,27,0,38502.54
INV00023932,2025-07-27,STR008,PRD00186,70,0,24,0,46,0,235744.94
INV00023933,2025-07-27,STR008,PRD00381,85,0,32,0,52,1,27626.56
INV00023934,2025-07-27,STR008,PRD00955,77,198,22,0,253,0,103957.7
INV00023935,2025-07-27,STR008,PRD00626,198,283,74,0,407,0,30903.51
INV00023936,2025-07-27,STR008,PRD00307,110,254,62,0,302,0,145811.64
INV00023937,2025-07-27,STR008,PRD00089,21,0,6,0,15,0,276009.6
INV00023938,2025-07-27,STR008,PRD00182,27,124,15,2,138,0,157947.9
INV00023939,2025-07-27,STR008,PRD00853,82,0,17,0,65,0,121429.1
INV00023940,2025-07-27,STR008,PRD00537,353,0,211,0,141,1,11107.98
INV00023941,2025-07-27,STR009,PRD00695,143,0,9,0,133,1,169769.18
INV00023942,2025-07-27,STR009,PRD01105,130,130,40,0,220,0,331874.4
INV00023943,2025-07-27,STR009,PRD01066,258,0,32,3,229,0,57934.71
INV00023944,2025-07-27,STR009,PRD01119,9,71,8,0,72,0,315244.8
INV00023945,2025-07-27,STR009,PRD00032,66,52,37,0,81,0,1198800.0
INV00023946,2025-07-27,STR009,PRD00546,70,242,25,0,287,0,136009.3
INV00023947,2025-07-27,STR009,PRD00395,125,0,14,0,111,0,41434.08
INV00023948,2025-07-27,STR009,PRD00550,264,349,142,0,470,1,171512.4
INV00023949,2025-07-27,STR009,PRD00790,72,0,29,0,43,0,38816.96
INV00023950,2025-07-27,STR009,PRD00914,36,0,17,0,19,0,41813.68
INV00023951,2025-07-27,STR009,PRD00987,354,0,159,0,195,0,39458.25
INV00023952,2025-07-27,STR009,PRD00950,300,180,161,0,319,0,40611.89
INV00023953,2025-07-27,STR009,PRD00709,232,0,98,0,134,0,20508.7
INV00023954,2025-07-27,STR009,PRD00567,82,198,19,0,261,0,59236.56
INV00023955,2025-07-27,STR009,PRD00669,51,117,10,0,157,1,296221.32
INV00023956,2025-07-27,STR009,PRD00562,89,0,48,0,41,0,19330.27
INV00023957,2025-07-27,STR009,PRD01171,67,0,9,0,58,0,152185.62
INV00023958,2025-07-27,STR009,PRD00971,262,0,30,0,232,0,71147.44
INV00023959,2025-07-27,STR009,PRD00342,92,0,14,0,78,0,54457.26
INV00023960,2025-07-27,STR009,PRD00354,150,92,84,0,158,0,102646.28
INV00023961,2025-07-27,STR010,PRD00683,91,0,18,0,73,0,43364.19
INV00023962,2025-07-27,STR010,PRD00964,38,0,17,0,19,2,10928.61
INV00023963,2025-07-27,STR010,PRD00048,28,29,6,0,51,0,933152.1
INV00023964,2025-07-27,STR010,PRD00629,240,0,54,0,186,0,25498.74
INV00023965,2025-07-27,STR010,PRD01079,245,0,123,0,122,0,23367.88
INV00023966,2025-07-27,STR010,PRD00302,168,0,91,0,77,0,17331.93
INV00023967,2025-07-27,STR010,PRD00112,70,70,35,0,103,2,322104.69
INV00023968,2025-07-27,STR010,PRD00142,53,97,17,0,133,0,363946.52
INV00023969,2025-07-27,STR010,PRD00156,18,106,5,0,119,0,146602.05
INV00023970,2025-07-27,STR010,PRD00766,94,0,48,0,46,0,62927.54
INV00023971,2025-07-27,STR010,PRD00737,33,167,12,1,189,0,142386.93
INV00023972,2025-07-27,STR010,PRD00921,50,0,7,1,44,0,80693.36
INV00023973,2025-07-27,STR010,PRD00820,47,110,11,0,146,0,171868.28
INV00023974,2025-07-27,STR010,PRD00245,19,0,6,0,12,1,53151.72
INV00023975,2025-07-27,STR010,PRD01045,214,0,111,1,104,0,49008.96
INV00023976,2025-07-27,STR010,PRD00729,42,0,24,1,19,0,48596.68
INV00023977,2025-07-27,STR010,PRD00600,240,0,103,0,137,0,64274.92
INV00023978,2025-07-27,STR010,PRD00051,26,55,10,0,71,0,980664.78
INV00023979,2025-07-27,STR010,PRD00991,58,0,30,0,28,0,14406.84
INV00023980,2025-07-27,STR010,PRD00945,42,142,21,1,164,0,90239.36
INV00023981,2025-07-27,STR011,PRD01175,21,149,10,0,160,0,251632.0
INV00023982,2025-07-27,STR011,PRD00422,251,0,60,0,191,0,31883.63
INV00023983,2025-07-27,STR011,PRD00979,117,0,8,0,109,0,4079.87
INV00023984,2025-07-27,STR011,PRD00310,242,0,62,1,181,0,54976.94
INV00023985,2025-07-27,STR011,PRD00185,60,0,31,0,28,1,42001.12
INV00023986,2025-07-27,STR011,PRD01198,16,36,5,0,47,0,208314.81
INV00023987,2025-07-27,STR011,PRD00523,44,0,24,1,120,1,13122.8
INV00023988,2025-07-27,STR011,PRD01083,44,0,18,1,27,0,105886.44
INV00023989,2025-07-27,STR011,PRD00251,23,59,9,0,73,0,533342.38
INV00023990,2025-07-27,STR011,PRD00229,15,114,6,0,123,0,165914.7
INV00023991,2025-07-27,STR011,PRD00094,47,0,8,1,40,0,496333.6
INV00023992,2025-07-27,STR011,PRD01164,33,88,9,0,112,0,124175.52
INV00023993,2025-07-27,STR011,PRD00777,50,0,20,0,30,0,58253.4
INV00023994,2025-07-27,STR011,PRD00467,472,0,181,0,291,0,131837.55
INV00023995,2025-07-27,STR011,PRD00942,110,0,43,0,67,0,4135.91
INV00023996,2025-07-27,STR011,PRD00104,35,0,13,0,22,0,386822.26
INV00023997,2025-07-27,STR011,PRD00037,36,0,16,0,20,0,335208.4
INV00023998,2025-07-27,STR011,PRD00975,15,135,5,0,145,0,86782.5
INV00023999,2025-07-27,STR011,PRD00197,41,0,7,0,34,0,128487.02
INV00024000,2025-07-27,STR011,PRD01149,83,0,27,0,56,0,130747.12
INV00024001,2025-07-27,STR012,PRD00811,226,0,46,0,179,1,25230.05
INV00024002,2025-07-27,STR012,PRD01024,509,279,189,0,599,0,55167.9
INV00024003,2025-07-27,STR012,PRD00829,29,108,6,0,129,2,198514.23
INV00024004,2025-07-27,STR012,PRD00500,59,0,12,0,47,0,35603.91
INV00024005,2025-07-27,STR012,PRD00113,8,65,5,0,66,2,783835.14
INV00024006,2025-07-27,STR012,PRD01181,164,0,48,0,115,1,147525.45
INV00024007,2025-07-27,STR012,PRD00214,47,0,12,0,35,0,240438.1
INV00024008,2025-07-27,STR012,PRD00657,299,381,73,3,610,0,98112.4
INV00024009,2025-07-27,STR012,PRD01019,242,0,90,0,152,0,74442.0
INV00024010,2025-07-27,STR012,PRD00649,346,261,152,0,455,0,108726.8
INV00024011,2025-07-27,STR012,PRD00990,200,317,81,0,436,0,152944.44
INV00024012,2025-07-27,STR012,PRD01187,16,27,9,0,34,0,114069.66
INV00024013,2025-07-27,STR012,PRD00947,241,0,116,1,126,0,26210.52
INV00024014,2025-07-27,STR012,PRD00088,80,0,17,0,63,0,1104226.2
INV00024015,2025-07-27,STR012,PRD00510,246,0,13,0,232,1,99625.44
INV00024016,2025-07-27,STR012,PRD00446,74,0,16,0,58,0,51121.78
INV00024017,2025-07-27,STR012,PRD00988,37,133,18,0,152,0,80940.0
INV00024018,2025-07-27,STR012,PRD00392,81,242,9,1,315,0,76318.2
INV00024019,2025-07-27,STR012,PRD00174,164,0,75,0,89,0,46568.36
INV00024020,2025-07-27,STR012,PRD01035,268,0,119,1,150,0,18760.5
INV00024021,2025-07-27,STR013,PRD00054,19,49,9,0,59,0,698580.06
INV00024022,2025-07-27,STR013,PRD00547,346,0,23,0,323,0,24635.21
INV00024023,2025-07-27,STR013,PRD01153,75,0,6,0,69,0,172468.95
INV00024024,2025-07-27,STR013,PRD00056,17,0,10,0,7,0,60067.07
INV00024025,2025-07-27,STR013,PRD00037,48,0,17,0,31,0,519573.02
INV00024026,2025-07-27,STR013,PRD00096,61,0,22,0,39,0,45032.91
INV00024027,2025-07-27,STR013,PRD00285,70,0,6,0,64,0,49200.64
INV00024028,2025-07-27,STR013,PRD00208,56,0,9,0,47,0,96411.1
INV00024029,2025-07-27,STR013,PRD00629,252,0,95,0,157,0,21523.13
INV00024030,2025-07-27,STR013,PRD01020,262,0,104,0,158,0,57191.26
INV00024031,2025-07-27,STR013,PRD00126,34,0,5,0,29,0,177808.28
INV00024032,2025-07-27,STR013,PRD00195,15,0,5,0,10,0,31088.5
INV00024033,2025-07-27,STR013,PRD01119,29,0,10,0,19,0,83189.6
INV00024034,2025-07-27,STR013,PRD00011,24,0,14,2,12,0,118016.28
INV00024035,2025-07-27,STR013,PRD00317,46,138,6,0,178,0,142305.66
INV00024036,2025-07-27,STR013,PRD00713,53,0,18,0,35,0,102821.6
INV00024037,2025-07-27,STR013,PRD00274,88,398,42,1,445,0,189463.2
INV00024038,2025-07-27,STR013,PRD00850,22,116,9,0,129,0,159324.03
INV00024039,2025-07-27,STR013,PRD00532,99,144,30,2,215,0,173904.9
INV00024040,2025-07-27,STR013,PRD01190,37,0,6,1,32,0,120649.92
INV00024041,2025-07-27,STR014,PRD00316,69,159,21,0,207,0,122030.64
INV00024042,2025-07-27,STR014,PRD00483,167,0,58,2,110,1,58405.6
INV00024043,2025-07-27,STR014,PRD00232,57,0,6,0,51,0,247011.87
INV00024044,2025-07-27,STR014,PRD01002,199,0,87,0,112,0,6237.28
INV00024045,2025-07-27,STR014,PRD00361,106,0,54,0,52,0,42936.4
INV00024046,2025-07-27,STR014,PRD00019,38,46,18,0,66,0,422370.3
INV00024047,2025-07-27,STR014,PRD00899,30,0,10,0,20,0,29175.2
INV00024048,2025-07-27,STR014,PRD00380,97,0,6,3,93,1,19576.5
INV00024049,2025-07-27,STR014,PRD01072,272,0,121,0,151,0,33220.0
INV00024050,2025-07-27,STR014,PRD00784,74,0,21,0,53,0,69008.12
INV00024051,2025-07-27,STR014,PRD00203,12,56,5,0,63,0,268435.44
INV00024052,2025-07-27,STR014,PRD00201,71,0,40,0,31,0,58577.29
INV00024053,2025-07-27,STR014,PRD00432,97,0,52,0,45,0,29116.8
INV00024054,2025-07-27,STR014,PRD00727,164,0,92,0,72,0,31844.16
INV00024055,2025-07-27,STR014,PRD00897,49,0,12,0,37,0,87660.77
INV00024056,2025-07-27,STR014,PRD00065,89,56,22,0,123,0,1002810.39
INV00024057,2025-07-27,STR014,PRD01143,60,0,12,0,48,0,151551.36
INV00024058,2025-07-27,STR014,PRD01018,101,223,30,0,294,0,26107.2
INV00024059,2025-07-27,STR014,PRD00682,62,0,31,1,32,0,78312.96
INV00024060,2025-07-27,STR014,PRD01199,25,61,13,0,73,0,247955.45
INV00024061,2025-07-27,STR015,PRD00776,86,0,9,0,77,0,52726.52
INV00024062,2025-07-27,STR015,PRD00801,119,0,68,0,51,0,26766.33
INV00024063,2025-07-27,STR015,PRD00182,37,124,17,0,144,0,164815.2
INV00024064,2025-07-27,STR015,PRD01016,237,0,67,0,170,0,27438.0
INV00024065,2025-07-27,STR015,PRD00533,57,0,8,0,49,0,32440.94
INV00024066,2025-07-27,STR015,PRD00928,162,0,22,0,140,0,253754.2
INV00024067,2025-07-27,STR015,PRD00175,52,0,11,0,41,0,304829.67
INV00024068,2025-07-27,STR015,PRD00941,26,163,13,0,176,0,89951.84
INV00024069,2025-07-27,STR015,PRD00800,225,356,96,0,485,0,157426.15
INV00024070,2025-07-27,STR015,PRD00350,86,103,14,0,175,0,128733.5
INV00024071,2025-07-27,STR015,PRD00043,49,66,26,0,89,0,1361964.33
INV00024072,2025-07-27,STR015,PRD00945,201,142,79,1,265,0,145813.6
INV00024073,2025-07-27,STR015,PRD00718,76,159,21,1,215,0,360337.85
INV00024074,2025-07-27,STR015,PRD00307,99,254,7,0,346,0,167055.72
INV00024075,2025-07-27,STR015,PRD00548,307,0,116,0,191,0,22988.76
INV00024076,2025-07-27,STR015,PRD00608,73,318,14,0,377,0,88270.78
INV00024077,2025-07-27,STR015,PRD00455,117,0,19,0,98,0,55220.06
INV00024078,2025-07-27,STR015,PRD00881,124,0,35,0,89,0,47482.39
INV00024079,2025-07-27,STR015,PRD00857,19,81,6,0,94,0,203118.96
INV00024080,2025-07-27,STR015,PRD00236,32,61,8,1,85,1,339131.3
INV00024081,2025-07-27,STR016,PRD00442,126,0,34,0,92,0,11012.4
INV00024082,2025-07-27,STR016,PRD00102,65,0,33,0,32,0,516517.44
INV00024083,2025-07-27,STR016,PRD00709,118,224,25,0,317,0,48516.85
INV00024084,2025-07-27,STR016,PRD01100,43,0,23,1,21,0,85698.27
INV00024085,2025-07-27,STR016,PRD01068,46,0,16,0,30,0,104856.0
INV00024086,2025-07-27,STR016,PRD00286,445,0,12,0,432,1,109442.88
INV00024087,2025-07-27,STR016,PRD00030,33,0,8,0,25,0,314739.75
INV00024088,2025-07-27,STR016,PRD00619,172,345,12,0,505,0,70361.65
INV00024089,2025-07-27,STR016,PRD00416,91,106,42,0,155,0,107227.45
INV00024090,2025-07-27,STR016,PRD01069,54,144,18,0,180,0,195093.0
INV00024091,2025-07-27,STR016,PRD00380,127,0,30,0,97,0,20418.5
INV00024092,2025-07-27,STR016,PRD00685,84,167,28,0,223,0,635915.72
INV00024093,2025-07-27,STR016,PRD00209,144,161,13,0,292,0,793632.64
INV00024094,2025-07-27,STR016,PRD00555,59,233,19,0,273,0,60002.67
INV00024095,2025-07-27,STR016,PRD00859,81,0,21,0,60,0,108609.0
INV00024096,2025-07-27,STR016,PRD01104,19,50,5,0,62,2,216278.32
INV00024097,2025-07-27,STR016,PRD00783,141,111,63,0,189,0,272774.25
INV00024098,2025-07-27,STR016,PRD00935,46,103,17,3,135,0,79123.5
INV00024099,2025-07-27,STR016,PRD00228,30,114,16,0,128,0,381735.68
INV00024100,2025-07-27,STR016,PRD00422,288,0,163,1,126,0,21033.18
INV00024101,2025-07-27,STR017,PRD00268,91,0,41,0,50,0,26013.0
INV00024102,2025-07-27,STR017,PRD01138,36,0,19,0,17,0,47418.27
INV00024103,2025-07-27,STR017,PRD00643,98,174,12,0,260,0,56576.0
INV00024104,2025-07-27,STR017,PRD00835,75,145,13,1,208,0,209705.6
INV00024105,2025-07-27,STR017,PRD00717,243,330,9,0,564,0,147897.72
INV00024106,2025-07-27,STR017,PRD01035,72,332,7,0,396,1,49527.72
INV00024107,2025-07-27,STR017,PRD00699,76,0,7,0,68,1,103515.04
INV00024108,2025-07-27,STR017,PRD01006,77,143,11,0,209,0,126798.21
INV00024109,2025-07-27,STR017,PRD00387,102,392,5,0,489,0,121418.7
INV00024110,2025-07-27,STR017,PRD00389,77,0,9,0,67,1,49577.32
INV00024111,2025-07-27,STR017,PRD00006,35,99,20,2,215,1,289790.8
INV00024112,2025-07-27,STR017,PRD00613,197,0,38,1,160,0,28577.6
INV00024113,2025-07-27,STR017,PRD00908,91,85,35,0,141,0,188948.46
INV00024114,2025-07-27,STR017,PRD00076,85,55,15,0,125,0,1340696.25
INV00024115,2025-07-27,STR017,PRD00900,31,139,16,0,154,0,302001.7
INV00024116,2025-07-27,STR017,PRD00202,22,137,12,0,147,0,127227.03
INV00024117,2025-07-27,STR017,PRD01042,345,207,193,0,359,0,33993.71
INV00024118,2025-07-27,STR017,PRD00718,115,0,17,0,98,0,164247.02
INV00024119,2025-07-27,STR017,PRD01078,179,0,41,0,138,0,181592.82
INV00024120,2025-07-27,STR017,PRD00825,87,0,41,0,46,0,64514.54
INV00024121,2025-07-27,STR018,PRD00025,106,0,45,0,61,0,98640.05
INV00024122,2025-07-27,STR018,PRD00760,71,63,17,0,117,0,371218.77
INV00024123,2025-07-27,STR018,PRD00465,153,268,35,1,387,0,171363.6
INV00024124,2025-07-27,STR018,PRD00362,20,141,7,0,154,0,82006.54
INV00024125,2025-07-27,STR018,PRD00316,72,159,37,0,194,0,114366.88
INV00024126,2025-07-27,STR018,PRD01025,167,0,37,0,130,0,3919.5
INV00024127,2025-07-27,STR018,PRD00711,114,0,24,0,90,0,122011.2
INV00024128,2025-07-27,STR018,PRD00601,458,0,268,0,190,0,5855.8
INV00024129,2025-07-27,STR018,PRD00969,95,313,50,0,358,0,27293.92
INV00024130,2025-07-27,STR018,PRD00599,36,171,16,0,191,0,36169.67
INV00024131,2025-07-27,STR018,PRD00981,282,0,140,0,140,2,7593.6
INV00024132,2025-07-27,STR018,PRD00660,390,0,120,1,271,0,64508.84
INV00024133,2025-07-27,STR018,PRD00298,45,0,26,0,19,0,12656.28
INV00024134,2025-07-27,STR018,PRD00963,354,186,138,0,402,0,25631.52
INV00024135,2025-07-27,STR018,PRD00920,40,0,24,0,15,1,23016.9
INV00024136,2025-07-27,STR018,PRD00254,31,73,9,0,95,0,643739.95
INV00024137,2025-07-27,STR018,PRD00337,74,165,23,0,216,0,157988.88
INV00024138,2025-07-27,STR018,PRD00360,130,249,31,0,348,0,83248.56
INV00024139,2025-07-27,STR018,PRD00686,108,0,52,0,56,0,118374.48
INV00024140,2025-07-27,STR018,PRD01192,14,67,7,0,74,0,300882.52
INV00024141,2025-07-27,STR019,PRD00560,135,288,64,2,361,0,78983.19
INV00024142,2025-07-27,STR019,PRD00918,113,0,60,0,51,2,101359.44
INV00024143,2025-07-27,STR019,PRD01026,136,0,74,0,61,1,20858.95
INV00024144,2025-07-27,STR019,PRD01131,90,42,51,0,81,0,277467.93
INV00024145,2025-07-27,STR019,PRD00734,42,276,18,0,300,0,140937.0
INV00024146,2025-07-27,STR019,PRD00807,153,0,90,0,63,0,27059.76
INV00024147,2025-07-27,STR019,PRD00570,278,364,68,0,574,0,154159.18
INV00024148,2025-07-27,STR019,PRD00009,30,0,13,0,17,0,141856.67
INV00024149,2025-07-27,STR019,PRD00652,103,0,34,0,69,0,9453.0
INV00024150,2025-07-27,STR019,PRD00551,363,0,70,0,293,0,126157.01
INV00024151,2025-07-27,STR019,PRD00362,81,0,36,0,45,0,23962.95
INV00024152,2025-07-27,STR019,PRD00326,73,0,39,0,34,0,23168.62
INV00024153,2025-07-27,STR019,PRD00107,37,68,11,0,94,0,327468.74
INV00024154,2025-07-27,STR019,PRD00240,10,62,6,3,69,0,509960.37
INV00024155,2025-07-27,STR019,PRD00682,43,92,15,0,120,0,293673.6
INV00024156,2025-07-27,STR019,PRD00395,43,271,16,0,298,0,111237.44
INV00024157,2025-07-27,STR019,PRD00902,262,0,89,0,173,0,26654.11
INV00024158,2025-07-27,STR019,PRD00054,52,0,18,0,34,0,402571.56
INV00024159,2025-07-27,STR019,PRD00668,61,339,23,0,377,0,81635.58
INV00024160,2025-07-27,STR019,PRD00011,39,44,13,2,72,0,708097.68
INV00024161,2025-07-27,STR020,PRD00090,41,0,9,0,32,0,177819.52
INV00024162,2025-07-27,STR020,PRD00074,44,0,10,1,35,0,413337.4
INV00024163,2025-07-27,STR020,PRD01196,191,0,109,0,82,0,48944.98
INV00024164,2025-07-27,STR020,PRD00669,22,117,10,0,129,0,243392.04
INV00024165,2025-07-27,STR020,PRD00963,379,186,145,1,421,0,26842.96
INV00024166,2025-07-27,STR020,PRD00253,32,0,12,0,20,0,134341.4
INV00024167,2025-07-27,STR020,PRD00412,326,0,14,1,313,0,142336.75
INV00024168,2025-07-27,STR020,PRD01012,132,0,8,1,124,1,72239.92
INV00024169,2025-07-27,STR020,PRD00263,65,0,29,0,36,0,87807.6
INV00024170,2025-07-27,STR020,PRD00317,132,138,70,0,200,0,159894.0
INV00024171,2025-07-27,STR020,PRD01009,81,169,42,1,209,0,6142.51
INV00024172,2025-07-27,STR020,PRD01082,163,0,85,1,79,0,62983.54
INV00024173,2025-07-27,STR020,PRD00539,186,0,25,0,161,0,7684.53
INV00024174,2025-07-27,STR020,PRD00972,118,0,50,0,68,0,42772.0
INV00024175,2025-07-27,STR020,PRD00264,42,75,21,0,96,0,304515.84
INV00024176,2025-07-27,STR020,PRD00918,59,0,8,0,51,0,101359.44
INV00024177,2025-07-27,STR020,PRD00858,71,113,31,0,153,0,106359.48
INV00024178,2025-07-27,STR020,PRD00082,25,0,6,0,18,1,117943.92
INV00024179,2025-07-27,STR020,PRD00724,52,180,27,0,205,0,326854.05
INV00024180,2025-07-27,STR020,PRD00497,217,0,88,0,129,0,62718.51
INV00024181,2025-07-27,STR021,PRD00534,215,0,85,0,130,0,10476.7
INV00024182,2025-07-27,STR021,PRD00738,34,0,14,0,20,0,13740.8
INV00024183,2025-07-27,STR021,PRD00094,66,0,18,0,48,0,595600.32
INV00024184,2025-07-27,STR021,PRD00384,157,174,86,0,245,0,125841.8
INV00024185,2025-07-27,STR021,PRD00830,34,101,10,0,125,0,136222.5
INV00024186,2025-07-27,STR021,PRD01190,12,39,6,0,45,0,169663.95
INV00024187,2025-07-27,STR021,PRD00297,44,117,13,0,148,0,93396.88
INV00024188,2025-07-27,STR021,PRD00585,227,0,60,0,166,1,48081.9
INV00024189,2025-07-27,STR021,PRD00723,100,0,35,0,65,0,71367.4
INV00024190,2025-07-27,STR021,PRD00586,282,0,59,0,223,0,98122.23
INV00024191,2025-07-27,STR021,PRD00674,119,0,30,1,90,0,143153.1
INV00024192,2025-07-27,STR021,PRD00679,121,0,9,1,113,0,210806.02
INV00024193,2025-07-27,STR021,PRD00312,376,0,149,0,227,0,88119.13
INV00024194,2025-07-27,STR021,PRD00566,484,155,257,0,382,0,161631.84
INV00024195,2025-07-27,STR021,PRD00826,377,0,155,0,222,0,26684.4
INV00024196,2025-07-27,STR021,PRD00229,40,114,13,0,141,0,190194.9
INV00024197,2025-07-27,STR021,PRD00220,97,0,55,0,42,0,191580.48
INV00024198,2025-07-27,STR021,PRD00619,138,345,41,0,442,0,61583.86
INV00024199,2025-07-27,STR021,PRD01147,51,49,19,0,81,0,312925.68
INV00024200,2025-07-27,STR021,PRD00227,81,0,39,0,42,0,149841.3
INV00024201,2025-07-27,STR022,PRD00758,22,55,10,0,67,0,212274.09
INV00024202,2025-07-27,STR022,PRD00844,185,0,76,1,110,0,244702.7
INV00024203,2025-07-27,STR022,PRD01048,253,0,149,0,104,0,43179.76
INV00024204,2025-07-27,STR022,PRD00700,67,0,27,2,42,0,120314.46
INV00024205,2025-07-27,STR022,PRD00869,85,0,27,1,59,0,139617.6
INV00024206,2025-07-27,STR022,PRD00974,407,0,71,0,336,0,35871.36
INV00024207,2025-07-27,STR022,PRD00790,67,0,14,0,53,0,47844.16
INV00024208,2025-07-27,STR022,PRD00215,19,0,8,1,12,0,78301.8
INV00024209,2025-07-27,STR022,PRD00411,130,0,73,0,57,0,36015.45
INV00024210,2025-07-27,STR022,PRD00643,172,0,50,0,122,0,26547.2
INV00024211,2025-07-27,STR022,PRD00331,265,0,34,0,231,0,20750.73
INV00024212,2025-07-27,STR022,PRD00343,227,371,114,0,484,0,63118.44
INV00024213,2025-07-27,STR022,PRD01008,94,210,48,0,256,0,36352.0
INV00024214,2025-07-27,STR022,PRD00671,443,0,56,0,387,0,80499.87
INV00024215,2025-07-27,STR022,PRD00811,98,187,23,0,262,0,36928.9
INV00024216,2025-07-27,STR022,PRD00022,11,0,5,0,6,0,98024.22
INV00024217,2025-07-27,STR022,PRD00576,419,0,184,0,235,0,77681.6
INV00024218,2025-07-27,STR022,PRD00639,102,0,8,2,96,0,9831.36
INV00024219,2025-07-27,STR022,PRD00505,28,0,5,0,23,0,19790.81
INV00024220,2025-07-27,STR022,PRD01099,67,0,36,1,32,0,87099.2
INV00024221,2025-07-27,STR023,PRD00652,177,0,41,0,136,0,18632.0
INV00024222,2025-07-27,STR023,PRD00816,57,0,14,0,43,0,36867.77
INV00024223,2025-07-27,STR023,PRD01173,121,269,6,0,384,0,190356.48
INV00024224,2025-07-27,STR023,PRD00781,133,0,39,2,96,0,198800.64
INV00024225,2025-07-27,STR023,PRD00504,34,0,8,0,24,2,22421.76
INV00024226,2025-07-27,STR023,PRD00926,198,355,30,0,522,1,251212.5
INV00024227,2025-07-27,STR023,PRD00230,56,0,22,1,35,0,274255.8
INV00024228,2025-07-27,STR023,PRD00738,91,0,39,0,52,0,35726.08
INV00024229,2025-07-27,STR023,PRD00686,137,0,36,1,102,0,215610.66
INV00024230,2025-07-27,STR023,PRD00007,39,0,14,1,26,0,402017.2
INV00024231,2025-07-27,STR023,PRD00262,20,0,11,0,9,0,72570.96
INV00024232,2025-07-27,STR023,PRD01167,66,148,29,3,188,0,157104.08
INV00024233,2025-07-27,STR023,PRD00490,272,155,21,0,406,0,56153.86
INV00024234,2025-07-27,STR023,PRD00349,404,0,157,0,247,0,20715.89
INV00024235,2025-07-27,STR023,PRD00914,19,146,7,0,158,0,347713.76
INV00024236,2025-07-27,STR023,PRD00467,412,0,211,0,200,1,90610.0
INV00024237,2025-07-27,STR023,PRD00810,169,0,7,0,162,0,42298.2
INV00024238,2025-07-27,STR023,PRD00705,75,186,45,0,216,0,70940.88
INV00024239,2025-07-27,STR023,PRD00284,362,0,98,1,265,0,27435.45
INV00024240,2025-07-27,STR023,PRD00517,159,0,6,0,153,0,31063.59
INV00024241,2025-07-27,STR024,PRD00076,47,0,26,0,21,0,225236.97
INV00024242,2025-07-27,STR024,PRD00507,241,0,27,0,214,0,46084.9
INV00024243,2025-07-27,STR024,PRD00579,138,0,67,0,71,0,20744.07
INV00024244,2025-07-27,STR024,PRD00817,53,0,29,1,25,0,54141.5
INV00024245,2025-07-27,STR024,PRD00790,78,155,38,0,195,0,176030.4
INV00024246,2025-07-27,STR024,PRD00537,138,283,36,0,385,0,30330.3
INV00024247,2025-07-27,STR024,PRD00261,96,39,52,0,83,0,424836.33
INV00024248,2025-07-27,STR024,PRD00508,368,318,72,0,614,0,67497.02
INV00024249,2025-07-27,STR024,PRD00171,64,0,22,0,42,0,191225.58
INV00024250,2025-07-27,STR024,PRD00911,182,0,14,0,168,0,101169.6
INV00024251,2025-07-27,STR024,PRD01149,87,0,14,0,73,0,170438.21
INV00024252,2025-07-27,STR024,PRD00291,280,0,76,0,202,2,56511.52
INV00024253,2025-07-27,STR024,PRD00857,51,0,19,0,32,0,69146.88
INV00024254,2025-07-27,STR024,PRD00822,34,148,15,0,167,0,400783.3
INV00024255,2025-07-27,STR024,PRD00766,57,76,24,0,109,0,149110.91
INV00024256,2025-07-27,STR024,PRD00826,307,0,63,0,244,0,29328.8
INV00024257,2025-07-27,STR024,PRD00116,62,0,12,0,50,0,747754.5
INV00024258,2025-07-27,STR024,PRD00973,84,0,7,0,77,0,12082.07
INV00024259,2025-07-27,STR024,PRD00274,98,0,32,0,66,0,28100.16
INV00024260,2025-07-27,STR024,PRD01125,63,0,10,0,53,0,75441.79
INV00024261,2025-07-27,STR025,PRD01166,55,111,25,0,140,1,232460.2
INV00024262,2025-07-27,STR025,PRD00501,33,114,14,0,133,0,72797.55
INV00024263,2025-07-27,STR025,PRD00468,133,0,33,0,100,0,14832.0
INV00024264,2025-07-27,STR025,PRD01010,275,0,6,3,271,1,108269.92
INV00024265,2025-07-27,STR025,PRD00867,181,0,68,0,113,0,51726.88
INV00024266,2025-07-27,STR025,PRD00350,60,0,25,0,35,0,25746.7
INV00024267,2025-07-27,STR025,PRD01041,54,0,16,0,38,0,20246.78
INV00024268,2025-07-27,STR025,PRD00500,72,0,30,1,43,0,32573.79
INV00024269,2025-07-27,STR025,PRD00129,65,0,32,0,33,0,503683.95
INV00024270,2025-07-27,STR025,PRD00757,177,82,39,0,220,0,228331.4
INV00024271,2025-07-27,STR025,PRD00328,127,0,66,0,61,0,37759.61
INV00024272,2025-07-27,STR025,PRD00688,157,150,46,0,261,0,545187.24
INV00024273,2025-07-27,STR025,PRD00868,109,0,50,0,59,0,53820.39
INV00024274,2025-07-27,STR025,PRD00337,140,0,54,0,86,0,62902.98
INV00024275,2025-07-27,STR025,PRD00591,139,0,27,1,113,0,41101.49
INV00024276,2025-07-27,STR025,PRD00383,73,355,24,0,404,0,54838.96
INV00024277,2025-07-27,STR025,PRD00672,29,26,15,0,40,0,120553.6
INV00024278,2025-07-27,STR025,PRD00678,94,0,46,0,48,0,108235.68
INV00024279,2025-07-27,STR025,PRD00356,149,0,71,0,78,0,57266.04
INV00024280,2025-07-27,STR025,PRD00765,177,0,61,0,116,0,106829.04
INV00024281,2025-07-27,STR026,PRD00569,188,0,46,0,142,0,20348.6
INV00024282,2025-07-27,STR026,PRD00966,113,0,51,0,62,0,32639.9
INV00024283,2025-07-27,STR026,PRD00770,26,81,13,0,94,0,102496.66
INV00024284,2025-07-27,STR026,PRD00958,411,247,14,0,644,0,123474.12
INV00024285,2025-07-27,STR026,PRD00709,200,0,53,0,147,0,22498.35
INV00024286,2025-07-27,STR026,PRD00593,39,270,15,0,294,0,113436.96
INV00024287,2025-07-27,STR026,PRD00711,74,0,41,0,32,1,43381.76
INV00024288,2025-07-27,STR026,PRD00402,67,0,7,0,60,0,49083.6
INV00024289,2025-07-27,STR026,PRD00039,19,0,11,0,8,0,50239.6
INV00024290,2025-07-27,STR026,PRD00391,237,0,95,2,144,0,50027.04
INV00024291,2025-07-27,STR026,PRD00122,12,48,8,0,52,0,851061.64
INV00024292,2025-07-27,STR026,PRD00114,62,0,27,0,35,0,430710.0
INV00024293,2025-07-27,STR026,PRD00974,168,320,5,2,485,0,51778.6
INV00024294,2025-07-27,STR026,PRD00144,35,0,12,0,23,0,114173.61
INV00024295,2025-07-27,STR026,PRD00567,330,198,113,0,415,0,94188.4
INV00024296,2025-07-27,STR026,PRD00774,59,0,20,0,39,0,60421.53
INV00024297,2025-07-27,STR026,PRD01181,159,0,26,0,133,0,170616.39
INV00024298,2025-07-27,STR026,PRD00835,121,0,14,0,107,0,107877.4
INV00024299,2025-07-27,STR026,PRD00729,74,0,25,3,52,0,133001.44
INV00024300,2025-07-27,STR026,PRD00158,21,155,9,0,165,2,426102.6
INV00024301,2025-07-27,STR027,PRD00184,35,0,19,0,16,0,41419.2
INV00024302,2025-07-27,STR027,PRD00801,120,0,19,0,101,0,53007.83
INV00024303,2025-07-27,STR027,PRD00021,135,0,16,0,119,0,158722.2
INV00024304,2025-07-27,STR027,PRD00103,92,0,9,1,84,0,247081.8
INV00024305,2025-07-27,STR027,PRD00577,246,0,72,0,174,0,32934.72
INV00024306,2025-07-27,STR027,PRD00151,94,0,23,0,71,0,265089.15
INV00024307,2025-07-27,STR027,PRD00933,93,90,16,0,167,0,364110.1
INV00024308,2025-07-27,STR027,PRD00428,60,388,23,0,425,0,104018.75
INV00024309,2025-07-27,STR027,PRD00766,73,0,37,0,36,0,49247.64
INV00024310,2025-07-27,STR027,PRD00473,267,0,39,0,228,0,21621.24
INV00024311,2025-07-27,STR027,PRD01138,101,0,50,0,51,0,142254.81
INV00024312,2025-07-27,STR027,PRD01111,68,0,32,0,36,0,34398.72
INV00024313,2025-07-27,STR027,PRD00231,41,41,23,0,58,1,388895.22
INV00024314,2025-07-27,STR027,PRD00776,147,0,15,0,132,0,90388.32
INV00024315,2025-07-27,STR027,PRD01009,181,169,10,0,340,0,9992.6
INV00024316,2025-07-27,STR027,PRD01159,169,0,6,1,164,0,245878.64
INV00024317,2025-07-27,STR027,PRD00422,327,0,27,0,300,0,50079.0
INV00024318,2025-07-27,STR027,PRD00854,49,0,7,0,42,0,61653.06
INV00024319,2025-07-27,STR027,PRD00932,325,0,146,2,181,0,53212.19
INV00024320,2025-07-27,STR027,PRD01028,262,156,114,0,304,0,14622.4
INV00024321,2025-07-27,STR028,PRD00398,232,0,118,1,114,1,19761.9
INV00024322,2025-07-27,STR028,PRD00519,95,0,46,0,49,0,31502.1
INV00024323,2025-07-27,STR028,PRD00227,17,64,6,0,75,0,267573.75
INV00024324,2025-07-27,STR028,PRD00715,44,90,6,0,128,0,253952.0
INV00024325,2025-07-27,STR028,PRD00080,33,0,15,2,20,0,260548.2
INV00024326,2025-07-27,STR028,PRD00124,82,48,13,0,117,0,833455.35
INV00024327,2025-07-27,STR028,PRD00232,49,74,11,0,111,1,537614.07
INV00024328,2025-07-27,STR028,PRD00729,97,0,58,0,39,0,99751.08
INV00024329,2025-07-27,STR028,PRD00624,165,318,48,0,435,0,37879.8
INV00024330,2025-07-27,STR028,PRD01070,99,88,7,0,180,0,463818.6
INV00024331,2025-07-27,STR028,PRD00564,173,0,15,1,159,0,55327.23
INV00024332,2025-07-27,STR028,PRD01021,47,366,22,0,391,0,147844.92
INV00024333,2025-07-27,STR028,PRD00806,296,0,87,1,210,0,39192.3
INV00024334,2025-07-27,STR028,PRD00656,210,172,17,0,364,1,51360.4
INV00024335,2025-07-27,STR028,PRD01051,93,365,18,0,440,0,155843.6
INV00024336,2025-07-27,STR028,PRD00460,89,0,14,0,75,0,50082.75
INV00024337,2025-07-27,STR028,PRD01060,316,0,61,0,255,0,50579.25
INV00024338,2025-07-27,STR028,PRD00108,43,0,24,0,19,0,300242.18
INV00024339,2025-07-27,STR028,PRD00584,442,0,193,0,249,0,35445.15
INV00024340,2025-07-27,STR028,PRD00674,91,0,27,1,65,0,103388.35
INV00024341,2025-07-27,STR029,PRD01169,12,39,7,1,45,0,180063.45
INV00024342,2025-07-27,STR029,PRD00861,63,0,11,0,52,0,92237.6
INV00024343,2025-07-27,STR029,PRD00841,122,162,36,1,249,0,333226.74
INV00024344,2025-07-27,STR029,PRD00578,189,0,102,0,87,0,36784.47
INV00024345,2025-07-27,STR029,PRD00383,173,0,38,0,135,0,18324.9
INV00024346,2025-07-27,STR029,PRD00554,240,0,36,0,202,2,94214.82
INV00024347,2025-07-27,STR029,PRD00337,76,0,14,0,62,0,45348.66
INV00024348,2025-07-27,STR029,PRD00873,114,325,15,0,424,0,208374.8
INV00024349,2025-07-27,STR029,PRD00644,350,0,167,0,183,0,82787.37
INV00024350,2025-07-27,STR029,PRD01045,258,263,39,0,482,0,227137.68
INV00024351,2025-07-27,STR029,PRD00842,91,0,20,0,70,1,66981.6
INV00024352,2025-07-27,STR029,PRD00610,259,0,37,0,222,0,91848.06
INV00024353,2025-07-27,STR029,PRD01041,125,0,66,0,59,0,31435.79
INV00024354,2025-07-27,STR029,PRD00723,71,78,8,0,141,0,154812.36
INV00024355,2025-07-27,STR029,PRD00586,261,0,82,0,179,0,78761.79
INV00024356,2025-07-27,STR029,PRD00647,64,306,31,0,339,0,64094.73
INV00024357,2025-07-27,STR029,PRD00972,86,113,21,1,179,0,112591.0
INV00024358,2025-07-27,STR029,PRD00489,31,0,5,0,26,0,17962.88
INV00024359,2025-07-27,STR029,PRD00324,149,0,7,0,141,1,100802.31
INV00024360,2025-07-27,STR029,PRD00117,30,0,5,1,26,0,105378.52
INV00024361,2025-07-27,STR030,PRD00135,21,69,8,0,82,0,563063.66
INV00024362,2025-07-27,STR030,PRD01143,63,0,9,0,54,0,170495.28
INV00024363,2025-07-27,STR030,PRD00752,50,53,19,0,84,0,253922.76
INV00024364,2025-07-27,STR030,PRD00118,50,0,19,0,31,0,326863.07
INV00024365,2025-07-27,STR030,PRD00832,45,0,9,0,36,0,49330.08
INV00024366,2025-07-27,STR030,PRD00105,24,0,14,2,12,0,84121.68
INV00024367,2025-07-27,STR030,PRD00013,24,39,12,0,51,0,655966.59
INV00024368,2025-07-27,STR030,PRD00653,296,189,145,0,340,0,152238.4
INV00024369,2025-07-27,STR030,PRD00471,33,305,16,0,322,0,159502.7
INV00024370,2025-07-27,STR030,PRD00205,163,0,48,1,116,0,154871.6
INV00024371,2025-07-27,STR030,PRD01031,56,0,19,0,37,0,19364.69
INV00024372,2025-07-27,STR030,PRD00260,53,44,10,0,87,0,487884.69
INV00024373,2025-07-27,STR030,PRD00042,43,55,6,0,92,0,1098449.64
INV00024374,2025-07-27,STR030,PRD00075,23,30,9,1,45,0,316916.55
INV00024375,2025-07-27,STR030,PRD00445,206,0,22,0,184,0,61689.68
INV00024376,2025-07-27,STR030,PRD01138,73,0,40,0,33,0,92047.23
INV00024377,2025-07-27,STR030,PRD00312,240,0,35,0,205,0,79578.95
INV00024378,2025-07-27,STR030,PRD00189,29,0,7,0,22,0,122202.08
INV00024379,2025-07-27,STR030,PRD00898,38,0,9,0,27,2,49523.4
INV00024380,2025-07-27,STR030,PRD00174,137,0,20,1,118,0,61742.32
INV00024381,2025-07-27,STR031,PRD00996,168,0,98,0,68,2,22398.52
INV00024382,2025-07-27,STR031,PRD00755,325,177,52,0,450,0,154939.5
INV00024383,2025-07-27,STR031,PRD00541,158,0,55,0,103,0,41773.71
INV00024384,2025-07-27,STR031,PRD01143,66,0,6,0,60,0,189439.2
INV00024385,2025-07-27,STR031,PRD00760,50,0,29,0,21,0,66629.01
INV00024386,2025-07-27,STR031,PRD00897,56,0,11,0,45,0,106614.45
INV00024387,2025-07-27,STR031,PRD00774,128,158,54,0,232,0,359430.64
INV00024388,2025-07-27,STR031,PRD01006,98,0,5,0,93,0,56422.17
INV00024389,2025-07-27,STR031,PRD00874,122,0,13,0,109,0,254240.32
INV00024390,2025-07-27,STR031,PRD00064,66,0,23,0,43,0,78720.1
INV00024391,2025-07-27,STR031,PRD00198,24,160,11,0,173,0,514913.74
INV00024392,2025-07-27,STR031,PRD00484,52,0,24,0,28,0,15891.12
INV00024393,2025-07-27,STR031,PRD01107,78,0,15,0,63,0,46313.19
INV00024394,2025-07-27,STR031,PRD01093,90,0,15,1,76,0,219413.52
INV00024395,2025-07-27,STR031,PRD00408,164,0,49,3,118,0,92384.56
INV00024396,2025-07-27,STR031,PRD00690,137,0,70,0,67,0,160627.14
INV00024397,2025-07-27,STR031,PRD00286,230,0,16,0,214,0,54214.76
INV00024398,2025-07-27,STR031,PRD01046,45,0,14,1,32,0,16841.28
INV00024399,2025-07-27,STR031,PRD00902,173,0,12,1,162,0,24959.34
INV00024400,2025-07-27,STR031,PRD00388,287,241,28,0,500,0,128245.0
INV00024401,2025-07-27,STR032,PRD00504,23,149,5,0,167,0,156018.08
INV00024402,2025-07-27,STR032,PRD00950,233,0,31,0,202,0,25716.62
INV00024403,2025-07-27,STR032,PRD00114,77,0,23,3,57,0,701442.0
INV00024404,2025-07-27,STR032,PRD00270,173,0,70,0,103,0,79213.18
INV00024405,2025-07-27,STR032,PRD00783,38,111,10,0,139,0,200611.75
INV00024406,2025-07-27,STR032,PRD00274,283,0,57,0,226,0,96221.76
INV00024407,2025-07-27,STR032,PRD01012,206,0,10,0,196,0,114185.68
INV00024408,2025-07-27,STR032,PRD00902,240,0,29,0,211,0,32508.77
INV00024409,2025-07-27,STR032,PRD00513,61,270,15,0,316,0,29312.16
INV00024410,2025-07-27,STR032,PRD00791,90,0,13,1,78,0,46758.66
INV00024411,2025-07-27,STR032,PRD00209,154,0,27,0,127,0,345175.84
INV00024412,2025-07-27,STR032,PRD01166,148,0,39,1,109,1,180986.87
INV00024413,2025-07-27,STR032,PRD00653,230,189,59,3,362,1,162089.12
INV00024414,2025-07-27,STR032,PRD00976,33,97,5,0,125,0,72826.25
INV00024415,2025-07-27,STR032,PRD00027,67,72,30,0,108,1,1715757.12
INV00024416,2025-07-27,STR032,PRD00726,63,0,12,1,51,1,76390.35
INV00024417,2025-07-27,STR032,PRD00435,143,75,25,0,193,0,112744.81
INV00024418,2025-07-27,STR032,PRD01002,165,0,82,1,84,0,4677.96
INV00024419,2025-07-27,STR032,PRD00495,266,0,36,1,231,0,37946.37
INV00024420,2025-07-27,STR032,PRD00510,233,0,138,0,95,0,40794.9
INV00024421,2025-07-27,STR033,PRD00517,202,0,95,0,107,0,21724.21
INV00024422,2025-07-27,STR033,PRD01012,93,0,31,2,64,0,37285.12
INV00024423,2025-07-27,STR033,PRD00380,74,317,22,0,369,0,77674.5
INV00024424,2025-07-27,STR033,PRD00767,134,0,40,0,94,0,146371.16
INV00024425,2025-07-27,STR033,PRD00759,48,0,9,0,39,0,103138.62
INV00024426,2025-07-27,STR033,PRD00515,97,0,22,0,75,0,35490.75
INV00024427,2025-07-27,STR033,PRD00021,73,0,12,0,61,0,81361.8
INV00024428,2025-07-27,STR033,PRD01070,41,0,14,0,27,0,69572.79
INV00024429,2025-07-27,STR033,PRD00964,19,151,6,1,165,0,94906.35
INV00024430,2025-07-27,STR033,PRD00653,113,0,16,0,97,0,43432.72
INV00024431,2025-07-27,STR033,PRD01175,93,0,21,0,72,0,113234.4
INV00024432,2025-07-27,STR033,PRD00332,221,0,111,0,110,0,30022.3
INV00024433,2025-07-27,STR033,PRD00253,60,74,21,0,113,0,759028.91
INV00024434,2025-07-27,STR033,PRD01117,26,116,6,0,135,1,195318.0
INV00024435,2025-07-27,STR033,PRD00931,124,0,64,0,60,0,74812.8
INV00024436,2025-07-27,STR033,PRD00826,160,0,75,0,85,0,10217.0
INV00024437,2025-07-27,STR033,PRD00412,200,0,70,0,130,0,59117.5
INV00024438,2025-07-27,STR033,PRD00664,291,216,34,0,473,0,51656.33
INV00024439,2025-07-27,STR033,PRD00549,95,0,51,1,45,0,17208.0
INV00024440,2025-07-27,STR033,PRD00284,77,264,44,0,297,0,30748.41
INV00024441,2025-07-27,STR034,PRD01136,20,36,8,0,47,1,193877.35
INV00024442,2025-07-27,STR034,PRD01121,27,130,8,0,149,0,145212.42
INV00024443,2025-07-27,STR034,PRD00225,46,0,9,0,37,0,257225.48
INV00024444,2025-07-27,STR034,PRD00017,61,0,7,0,53,1,238763.94
INV00024445,2025-07-27,STR034,PRD01153,119,0,5,0,114,0,284948.7
INV00024446,2025-07-27,STR034,PRD00339,109,0,41,0,68,0,33875.56
INV00024447,2025-07-27,STR034,PRD00306,22,111,6,0,127,0,98036.38
INV00024448,2025-07-27,STR034,PRD00567,63,198,14,3,250,0,56740.0
INV00024449,2025-07-27,STR034,PRD00972,122,0,37,0,85,0,53465.0
INV00024450,2025-07-27,STR034,PRD00576,331,250,55,0,526,0,173874.56
INV00024451,2025-07-27,STR034,PRD00803,93,0,51,1,43,0,52663.82
INV00024452,2025-07-27,STR034,PRD00367,210,0,26,0,184,0,45407.52
INV00024453,2025-07-27,STR034,PRD00031,10,73,7,1,77,0,1070593.37
INV00024454,2025-07-27,STR034,PRD01087,93,0,49,0,44,0,150467.68
INV00024455,2025-07-27,STR034,PRD00359,40,0,24,1,17,0,10941.88
INV00024456,2025-07-27,STR034,PRD00869,16,180,5,0,190,1,449616.0
INV00024457,2025-07-27,STR034,PRD00914,31,146,17,0,159,1,349914.48
INV00024458,2025-07-27,STR034,PRD00975,36,0,17,0,19,0,11371.5
INV00024459,2025-07-27,STR034,PRD00475,75,0,31,0,44,0,25034.24
INV00024460,2025-07-27,STR034,PRD00508,161,318,95,0,383,1,42103.19
INV00024461,2025-07-27,STR035,PRD00657,129,381,31,0,479,0,77042.36
INV00024462,2025-07-27,STR035,PRD00884,25,152,8,0,169,0,183591.46
INV00024463,2025-07-27,STR035,PRD00361,73,169,27,0,215,0,177525.5
INV00024464,2025-07-27,STR035,PRD00165,56,0,22,0,34,0,226842.22
INV00024465,2025-07-27,STR035,PRD00300,86,0,46,0,40,0,24044.0
INV00024466,2025-07-27,STR035,PRD00285,62,0,19,0,43,0,33056.68
INV00024467,2025-07-27,STR035,PRD00243,78,0,11,0,65,2,90071.15
INV00024468,2025-07-27,STR035,PRD00592,183,0,67,0,115,1,25103.35
INV00024469,2025-07-27,STR035,PRD00051,41,55,19,0,77,0,1063537.86
INV00024470,2025-07-27,STR035,PRD00826,224,0,80,0,144,0,17308.8
INV00024471,2025-07-27,STR035,PRD00353,117,0,60,0,57,0,30199.17
INV00024472,2025-07-27,STR035,PRD00562,149,0,67,0,81,1,38189.07
INV00024473,2025-07-27,STR035,PRD00872,74,358,33,0,399,0,133114.38
INV00024474,2025-07-27,STR035,PRD00656,137,0,80,0,55,2,7760.5
INV00024475,2025-07-27,STR035,PRD00578,90,339,15,0,414,0,175043.34
INV00024476,2025-07-27,STR035,PRD00930,33,133,12,0,154,0,364262.36
INV00024477,2025-07-27,STR035,PRD01000,157,209,9,0,356,1,123129.72
INV00024478,2025-07-27,STR035,PRD00037,53,63,19,0,97,0,1625760.74
INV00024479,2025-07-27,STR035,PRD00449,82,308,29,0,361,0,71889.54
INV00024480,2025-07-27,STR035,PRD00922,129,0,17,0,112,0,70353.92
INV00024481,2025-07-27,STR036,PRD00792,119,0,71,0,48,0,140416.32
INV00024482,2025-07-27,STR036,PRD00633,260,0,46,0,214,0,45560.6
INV00024483,2025-07-27,STR036,PRD00090,43,73,7,0,109,0,605697.74
INV00024484,2025-07-27,STR036,PRD00124,17,48,6,0,59,0,420289.45
INV00024485,2025-07-27,STR036,PRD00600,451,0,25,1,427,0,200331.32
INV00024486,2025-07-27,STR036,PRD00862,101,0,43,0,58,0,66267.32
INV00024487,2025-07-27,STR036,PRD00724,28,180,10,1,199,0,317287.59
INV00024488,2025-07-27,STR036,PRD00684,85,148,15,0,218,0,537487.72
INV00024489,2025-07-27,STR036,PRD00716,133,0,28,0,105,0,105783.3
INV00024490,2025-07-27,STR036,PRD00729,44,156,13,0,187,0,478293.64
INV00024491,2025-07-27,STR036,PRD00613,139,159,28,0,269,1,48046.09
INV00024492,2025-07-27,STR036,PRD00951,397,275,13,0,659,0,232218.42
INV00024493,2025-07-27,STR036,PRD00376,60,0,28,0,32,0,21855.68
INV00024494,2025-07-27,STR036,PRD00168,71,56,27,0,100,0,661106.0
INV00024495,2025-07-27,STR036,PRD00022,27,65,16,1,77,0,1257977.49
INV00024496,2025-07-27,STR036,PRD00967,113,235,61,0,287,0,8190.98
INV00024497,2025-07-27,STR036,PRD00670,31,79,13,0,97,0,185747.24
INV00024498,2025-07-27,STR036,PRD00333,31,103,10,0,124,0,68745.6
INV00024499,2025-07-27,STR036,PRD00057,89,87,38,0,138,0,276790.74
INV00024500,2025-07-27,STR036,PRD01113,46,0,15,1,32,0,64509.44
INV00024501,2025-07-27,STR037,PRD01121,56,0,24,0,32,0,-9999.0
INV00024502,2025-07-27,STR037,PRD01011,158,0,6,1,153,0,22902.57
INV00024503,2025-07-27,STR037,PRD00651,336,0,49,0,287,0,73609.76
INV00024504,2025-07-27,STR037,PRD01081,48,44,8,0,84,0,295959.72
INV00024505,2025-07-27,STR037,PRD00625,57,371,23,0,405,0,175328.55
INV00024506,2025-07-27,STR037,PRD01198,72,0,7,1,66,0,292527.18
INV00024507,2025-07-27,STR037,PRD00477,423,0,171,1,251,2,24512.66
INV00024508,2025-07-27,STR037,PRD00200,69,0,30,0,39,0,53173.77
INV00024509,2025-07-27,STR037,PRD00355,134,365,40,1,460,0,75348.0
INV00024510,2025-07-27,STR037,PRD00986,104,0,46,1,59,0,6616.26
INV00024511,2025-07-27,STR037,PRD00550,121,349,71,0,399,0,145603.08
INV00024512,2025-07-27,STR037,PRD00723,20,78,10,0,88,0,96620.48
INV00024513,2025-07-27,STR037,PRD00465,261,268,151,0,378,0,167378.4
INV00024514,2025-07-27,STR037,PRD00457,45,98,11,0,132,0,72519.48
INV00024515,2025-07-27,STR037,PRD00692,112,132,60,0,184,0,266045.6
INV00024516,2025-07-27,STR037,PRD00001,54,40,16,2,80,0,1226966.4
INV00024517,2025-07-27,STR037,PRD00114,29,0,6,0,23,0,283038.0
INV00024518,2025-07-27,STR037,PRD01122,79,0,22,0,57,0,206994.36
INV00024519,2025-07-27,STR037,PRD01019,94,0,34,3,63,0,30854.25
INV00024520,2025-07-27,STR037,PRD01100,14,44,8,0,49,1,199962.63
INV00024521,2025-07-27,STR038,PRD00586,123,0,39,0,83,1,36520.83
INV00024522,2025-07-27,STR038,PRD00675,85,176,31,2,231,1,175197.33
INV00024523,2025-07-27,STR038,PRD00229,70,114,37,0,147,0,198288.3
INV00024524,2025-07-27,STR038,PRD00165,38,0,10,0,28,0,186811.24
INV00024525,2025-07-27,STR038,PRD00177,23,75,5,0,93,0,688020.51
INV00024526,2025-07-27,STR038,PRD00236,30,0,5,0,25,0,99744.5
INV00024527,2025-07-27,STR038,PRD00389,118,0,60,0,58,0,42917.68
INV00024528,2025-07-27,STR038,PRD00264,12,75,6,0,81,0,256935.24
INV00024529,2025-07-27,STR038,PRD00853,50,160,11,0,199,0,371759.86
INV00024530,2025-07-27,STR038,PRD00598,154,344,30,0,468,0,57325.32
INV00024531,2025-07-27,STR038,PRD01034,225,0,14,0,211,0,45938.92
INV00024532,2025-07-27,STR038,PRD00412,191,0,87,0,104,0,47294.0
INV00024533,2025-07-27,STR038,PRD00895,82,157,10,0,229,0,68104.6
INV00024534,2025-07-27,STR038,PRD00454,256,0,54,0,202,0,36824.6
INV00024535,2025-07-27,STR038,PRD00526,19,89,5,1,104,0,61592.96
INV00024536,2025-07-27,STR038,PRD00019,34,0,20,0,14,0,89593.7
INV00024537,2025-07-27,STR038,PRD00708,36,101,19,0,118,0,222211.7
INV00024538,2025-07-27,STR038,PRD00002,68,0,30,1,39,0,33965.1
INV00024539,2025-07-27,STR038,PRD00916,90,0,26,0,64,0,145329.92
INV00024540,2025-07-27,STR038,PRD00592,87,0,18,0,69,0,15062.01
INV00024541,2025-07-27,STR039,PRD00051,30,0,8,0,22,0,303867.96
INV00024542,2025-07-27,STR039,PRD00896,112,291,50,1,354,0,51340.62
INV00024543,2025-07-27,STR039,PRD00561,328,160,39,0,449,0,33895.01
INV00024544,2025-07-27,STR039,PRD00468,343,171,173,0,341,0,50577.12
INV00024545,2025-07-27,STR039,PRD00939,90,0,48,0,42,0,10178.28
INV00024546,2025-07-27,STR039,PRD00345,158,0,94,0,64,0,25208.32
INV00024547,2025-07-27,STR039,PRD00553,153,0,68,0,85,0,7404.35
INV00024548,2025-07-27,STR039,PRD00158,110,155,46,0,219,0,565554.36
INV00024549,2025-07-27,STR039,PRD00563,100,220,45,1,276,0,119662.56
INV00024550,2025-07-27,STR039,PRD00451,146,0,12,1,135,0,68206.05
INV00024551,2025-07-27,STR039,PRD00428,116,0,24,0,92,0,22517.0
INV00024552,2025-07-27,STR039,PRD00362,89,0,16,0,73,0,38873.23
INV00024553,2025-07-27,STR039,PRD00886,71,121,13,0,179,0,169101.3
INV00024554,2025-07-27,STR039,PRD00984,198,283,62,0,419,0,8388.38
INV00024555,2025-07-27,STR039,PRD00065,42,0,7,0,35,0,285352.55
INV00024556,2025-07-27,STR039,PRD00609,272,322,143,1,452,0,91317.56
INV00024557,2025-07-27,STR039,PRD00564,428,0,12,0,416,0,144755.52
INV00024558,2025-07-27,STR039,PRD00276,197,351,91,0,457,0,133750.19
INV00024559,2025-07-27,STR039,PRD00262,19,70,9,0,80,0,645075.2
INV00024560,2025-07-27,STR039,PRD00092,49,0,12,0,37,0,173074.16
INV00024561,2025-07-27,STR040,PRD01110,41,0,17,0,24,0,13946.64
INV00024562,2025-07-27,STR040,PRD01012,108,0,52,0,56,0,32624.48
INV00024563,2025-07-27,STR040,PRD01130,25,148,11,0,162,0,306121.68
INV00024564,2025-07-27,STR040,PRD00630,223,0,34,0,189,0,68314.05
INV00024565,2025-07-27,STR040,PRD00924,234,0,106,0,128,0,24896.0
INV00024566,2025-07-27,STR040,PRD00995,201,0,18,0,183,0,76442.76
INV00024567,2025-07-27,STR040,PRD00345,177,260,35,0,402,0,158339.76
INV00024568,2025-07-27,STR040,PRD01122,24,38,10,0,52,0,188836.96
INV00024569,2025-07-27,STR040,PRD00904,87,0,33,1,55,0,102298.35
INV00024570,2025-07-27,STR040,PRD00550,302,0,6,0,295,1,107651.4
INV00024571,2025-07-27,STR040,PRD01094,36,72,9,0,99,0,375919.83
INV00024572,2025-07-27,STR040,PRD00500,55,97,7,3,148,0,112114.44
INV00024573,2025-07-27,STR040,PRD00799,57,122,20,0,157,2,385997.06
INV00024574,2025-07-27,STR040,PRD01111,116,0,20,3,99,0,94596.48
INV00024575,2025-07-27,STR040,PRD00406,185,0,48,0,137,0,73029.22
INV00024576,2025-07-27,STR040,PRD00694,79,0,32,1,48,0,111312.48
INV00024577,2025-07-27,STR040,PRD00602,196,0,22,0,174,0,36066.72
INV00024578,2025-07-27,STR040,PRD00827,136,140,46,0,230,0,505215.7
INV00024579,2025-07-27,STR040,PRD01006,20,143,11,1,153,0,92823.57
INV00024580,2025-07-27,STR040,PRD00892,129,114,37,0,206,0,358854.06
INV00024581,2025-07-27,STR041,PRD00800,145,0,7,0,138,0,44793.42
INV00024582,2025-07-27,STR041,PRD00822,47,0,8,0,38,1,91196.2
INV00024583,2025-07-27,STR041,PRD00843,93,0,19,0,74,0,51020.04
INV00024584,2025-07-27,STR041,PRD01196,131,0,24,0,107,0,63867.23
INV00024585,2025-07-27,STR041,PRD00711,48,0,23,3,28,0,37959.04
INV00024586,2025-07-27,STR041,PRD00694,87,142,32,0,197,0,456844.97
INV00024587,2025-07-27,STR041,PRD01075,25,0,10,0,15,0,47674.2
INV00024588,2025-07-27,STR041,PRD00090,16,0,5,0,11,0,61125.46
INV00024589,2025-07-27,STR041,PRD00284,475,0,205,1,271,0,28056.63
INV00024590,2025-07-27,STR041,PRD00109,51,48,24,1,76,0,708054.0
INV00024591,2025-07-27,STR041,PRD00943,33,0,9,0,24,0,12778.56
INV00024592,2025-07-27,STR041,PRD00556,149,0,7,0,142,0,66879.16
INV00024593,2025-07-27,STR041,PRD01170,30,178,11,0,197,0,136895.3
INV00024594,2025-07-27,STR041,PRD00683,38,83,6,0,115,0,68313.45
INV00024595,2025-07-27,STR041,PRD00023,30,0,16,0,14,0,61996.48
INV00024596,2025-07-27,STR041,PRD00210,13,40,6,2,49,0,271126.8
INV00024597,2025-07-27,STR041,PRD00669,42,0,21,0,21,0,39621.96
INV00024598,2025-07-27,STR041,PRD00174,132,0,54,0,78,0,40812.72
INV00024599,2025-07-27,STR041,PRD01200,91,0,53,0,8,0,32900.4
INV00024600,2025-07-27,STR041,PRD00815,113,0,6,0,107,0,197692.13
