ReturnID,ReturnDate,SaleID,StoreID,ProductID,Quantity,ReturnReason,RefundAmount
RET2025000001,2025-11-17,SAL20250002325,STR008,PRD00463,1,Defective Item,933.21
RET2025000002,2025-04-03,SAL20250093188,STR015,PRD00426,1,Damaged in Transit,496.18
RET2025000003,2025-08-06,SAL20250086446,STR020,PRD01186,2,Wrong Item Delivered,6085.82
RET2025000004,2025-06-20,SAL20250015776,STR018,PRD01175,1,Customer Changed Mind,2568.19
RET2025000005,2025-07-16,SAL20250002347,STR041,PRD00562,1,Wrong Item Delivered,671.35
RET2025000006,2025-04-29,SAL20250088030,STR001,PRD00450,1,Damaged in Transit,377.7
RET2025000007,2025-12-22,SAL20250022587,STR032,PRD00592,1,Damaged in Transit,365.4
RET2025000008,2025-09-17,SAL20250062363,STR016,PRD01121,1,Size/Fit Issue,2103.52
RET2025000009,2025-06-22,SAL20250080315,STR026,PRD00856,1,Wrong Item Delivered,1871.17
RET2025000010,2025-07-15,SAL20250074750,STR018,PRD00408,1,Defective Item,1017.09
RET2025000011,2025-05-15,SAL20250093768,STR037,PRD00217,3,Defective Item,24479.82
RET2025000012,2025-05-23,SAL20250074543,STR007,PRD00274,1,Size/Fit Issue,920.1
RET2025000013,2025-04-15,SAL20250009585,STR010,PRD00846,1,Customer Changed Mind,1551.36
RET2025000014,2025-02-21,SAL20250083319,STR006,PRD00127,1,Damaged in Transit,14293.97
RET2025000015,2025-04-22,SAL20250064192,STR024,PRD00359,3,Defective Item,-4150.68
RET2025000016,2025-11-29,SAL20250011128,STR038,PRD00308,1,Damaged in Transit,373.95
RET2025000017,2025-10-15,SAL20250053162,STR007,PRD01077,1,Size/Fit Issue,8389.04
RET2025000018,2025-01-29,SAL20250002577,STR013,PRD00994,1,Defective Item,1224.56
RET2025000019,2025-03-14,SAL20250043904,STR031,PRD01162,1,Defective Item,3657.07
RET2025000020,2025-08-01,SAL20250099346,STR039,PRD00428,1,Wrong Item Delivered,311.12
RET2025000021,2025-06-28,SAL20250070362,STR030,PRD00915,3,Defective Item,2110.77
RET2025000022,2025-02-08,SAL20250035651,STR039,PRD00822,1,Size/Fit Issue,3937.8
RET2025000023,2025-04-18,SAL20250068450,STR038,PRD00178,1,Size/Fit Issue,9669.95
RET2025000024,2025-08-16,SAL20250016940,STR020,PRD00720,1,Defective Item,3749.56
RET2025000025,2025-06-21,SAL20250009596,STR030,PRD00185,1,Size/Fit Issue,1926.14
RET2025000026,2025-12-05,SAL20250065363,STR027,PRD00841,1,Wrong Item Delivered,1965.17
RET2025000027,2025-09-07,SAL20250062152,STR027,PRD00588,1,Size/Fit Issue,125.09
RET2025000028,2025-04-09,SAL20250056123,STR017,PRD00414,2,Size/Fit Issue,1093.58
RET2025000029,2025-02-05,SAL20250058051,STR030,PRD00758,1,Customer Changed Mind,4375.02
RET2025000030,2025-02-12,SAL20250047802,STR005,PRD00394,1,Damaged in Transit,327.5
RET2025000031,2025-05-05,SAL20250046694,STR025,PRD00619,1,Size/Fit Issue,215.37
RET2025000032,2025-02-28,SAL20250065421,STR028,PRD01184,1,Defective Item,6927.53
RET2025000033,2025-06-16,SAL20250039756,STR029,PRD00263,1,Defective Item,3207.01
RET2025000034,2025-03-19,SAL20250018275,STR013,PRD00317,1,Damaged in Transit,1393.76
RET2025000035,2025-04-17,SAL20250034151,STR004,PRD00427,1,Defective Item,558.44
RET2025000036,2025-07-03,SAL20250073615,STR017,PRD00202,1,Defective Item,1209.84
RET2025000037,2025-07-18,SAL20250046677,STR014,PRD00147,1,Damaged in Transit,10113.79
RET2025000038,2025-11-11,SAL20250046273,STR009,PRD00715,1,Damaged in Transit,2949.53
RET2025000039,2025-03-12,SAL20250000478,STR031,PRD00583,1,Customer Changed Mind,704.61
RET2025000040,2025-04-16,SAL20250025129,STR035,PRD00085,1,Defective Item,26032.76
RET2025000041,2025-05-19,SAL20250057825,STR026,PRD00113,1,Wrong Item Delivered,16350.49
RET2025000042,2025-07-14,SAL20250021367,STR038,PRD00094,1,Defective Item,15405.56
RET2025000043,2025-03-24,SAL20250075579,STR001,PRD01192,3,Wrong Item Delivered,21474.72
RET2025000044,2025-12-10,SAL20250032257,STR011,PRD00781,1,Customer Changed Mind,2809.53
RET2025000045,2025-04-03,SAL20250064194,STR039,PRD01109,1,Size/Fit Issue,5029.33
RET2025000046,2025-10-09,SAL20250069451,STR018,PRD00688,1,Defective Item,2802.62
RET2025000047,2025-06-07,SAL20250036679,STR029,PRD00380,1,Defective Item,304.64
RET2025000048,2025-01-19,SAL20250002924,STR019,PRD00234,1,Defective Item,3859.31
RET2025000049,2025-03-24,SAL20250044088,STR021,PRD01084,1,Customer Changed Mind,10498.54
RET2025000050,2025-04-13,SAL20250086456,STR013,PRD00427,1,Customer Changed Mind,558.44
RET2025000051,2025-04-24,SAL20250007901,STR014,PRD00563,1,Damaged in Transit,667.75
RET2025000052,2025-09-04,SAL20250023391,STR008,PRD00538,1,Size/Fit Issue,57.89
RET2025000053,2025-12-12,SAL20250017633,STR027,PRD00246,1,Defective Item,1945.93
RET2025000054,2025-01-20,SAL20250053393,STR010,PRD00852,1,Customer Changed Mind,1751.61
RET2025000055,2025-06-15,SAL20250078821,STR021,PRD00682,1,Defective Item,3799.71
RET2025000056,2025-10-03,SAL20250069330,STR031,PRD00031,1,Size/Fit Issue,18632.2
RET2025000057,2025-05-29,SAL20250020891,STR005,PRD00724,1,Wrong Item Delivered,2856.14
RET2025000058,2025-07-05,SAL20250075897,STR031,PRD00509,1,Customer Changed Mind,888.38
RET2025000059,2025-10-21,SAL20250036163,STR004,PRD00110,1,Size/Fit Issue,26501.66
RET2025000060,2025-06-08,SAL20250049669,STR018,PRD00655,1,Defective Item,75.89
RET2025000061,2025-01-29,SAL20250094139,STR017,PRD00019,1,Defective Item,9063.53
RET2025000062,2025-03-28,SAL20250018749,STR026,PRD00026,1,Defective Item,4182.92
RET2025000063,2025-08-01,SAL20250076129,STR036,PRD01145,1,Size/Fit Issue,3609.72
RET2025000064,2025-04-28,SAL20250041195,STR034,PRD00331,1,Size/Fit Issue,133.4
RET2025000065,2025-03-31,SAL20250077928,STR037,PRD00719,1,Damaged in Transit,4808.67
RET2025000066,2025-06-08,SAL20250055506,STR010,PRD00910,1,Defective Item,2302.88
RET2025000067,2025-12-04,SAL20250079418,STR026,PRD01038,1,Damaged in Transit,565.57
RET2025000068,2025-02-13,SAL20250017762,STR024,PRD01123,1,Defective Item,3145.87
RET2025000069,2025-01-19,SAL20250053492,STR004,PRD00871,1,Defective Item,1211.65
RET2025000070,2025-12-21,SAL20250082669,STR039,PRD01082,1,Damaged in Transit,1474.53
RET2025000071,2025-02-21,SAL20250010522,STR009,PRD00777,1,Defective Item,3515.65
RET2025000072,2025-11-19,SAL20250022728,STR009,PRD00740,1,Size/Fit Issue,3926.7
RET2025000073,2025-02-07,SAL20250032371,STR029,PRD00933,1,Defective Item,3527.61
RET2025000074,2025-01-15,SAL20250078519,STR006,PRD00771,1,Wrong Item Delivered,2601.02
RET2025000075,2025-12-08,SAL20250095810,STR014,PRD00863,2,Wrong Item Delivered,2677.66
RET2025000076,2025-03-29,SAL20250020463,STR029,PRD01077,1,Damaged in Transit,8389.04
RET2025000077,2025-04-25,SAL20250042101,STR001,PRD00934,2,Defective Item,6414.46
RET2025000078,2025-02-12,SAL20250047145,STR001,PRD00544,2,Wrong Item Delivered,229.4
RET2025000079,2025-12-30,SAL20250006527,STR018,PRD01120,1,Defective Item,8969.51
RET2025000080,2025-10-15,SAL20250080711,STR018,PRD00109,1,Defective Item,12280.41
RET2025000081,2025-07-19,SAL20250035041,STR009,PRD00693,1,Wrong Item Delivered,2512.22
RET2025000082,2025-08-20,SAL20250086239,STR005,PRD01194,1,Damaged in Transit,6442.41
RET2025000083,2025-02-18,SAL20250059052,STR030,PRD00339,1,Size/Fit Issue,831.47
RET2025000084,2025-01-29,SAL20250053673,STR038,PRD00769,1,Size/Fit Issue,1757.79
RET2025000085,2025-08-01,SAL20250093920,STR040,PRD00483,1,Size/Fit Issue,634.79
RET2025000086,2025-11-18,SAL20250071768,STR040,PRD00068,2,Damaged in Transit,21554.12
RET2025000087,2025-06-24,SAL20250076524,STR036,PRD01133,1,Damaged in Transit,8197.9
RET2025000088,2025-07-14,SAL20250061673,STR012,PRD00331,1,Wrong Item Delivered,133.4
RET2025000089,2025-01-31,SAL20250022169,STR014,PRD01119,1,Defective Item,9164.59
RET2025000090,2025-04-21,SAL20250006056,STR020,PRD00038,1,Wrong Item Delivered,2962.9
RET2025000091,2025-08-20,SAL20250006473,STR022,PRD00435,1,Size/Fit Issue,718.79
RET2025000092,2025-01-13,SAL20250043528,STR010,PRD00230,1,Defective Item,11424.91
RET2025000093,2025-09-19,SAL20250077647,STR026,PRD00285,2,Defective Item,2998.52
RET2025000094,2025-06-07,SAL20250050866,STR005,PRD01062,1,Wrong Item Delivered,925.26
RET2025000095,2025-08-02,SAL20250005636,STR016,PRD00956,1,Defective Item,1028.6
RET2025000096,2025-10-03,SAL20250092526,STR009,PRD01084,1,Defective Item,10498.54
RET2025000097,2025-07-05,SAL20250045210,STR030,PRD00964,1,Customer Changed Mind,842.84
RET2025000098,2025-07-06,SAL20250035333,STR007,PRD00323,1,Size/Fit Issue,361.28
RET2025000099,2025-12-03,SAL20250036476,STR014,PRD00953,1,Wrong Item Delivered,80.84
RET2025000100,2025-07-31,SAL20250012046,STR008,PRD00293,1,Size/Fit Issue,859.61
RET2025000101,2025-10-04,SAL20250037359,STR023,PRD00922,3,Wrong Item Delivered,2859.27
RET2025000102,2025-03-08,SAL20250043094,STR030,PRD00475,1,Defective Item,749.71
RET2025000103,2025-08-19,SAL20250007114,STR001,PRD01193,1,Defective Item,1712.13
RET2025000104,2025-11-07,SAL20250049412,STR034,PRD00557,1,Wrong Item Delivered,210.61
RET2025000105,2025-03-26,SAL20250078955,STR003,PRD01111,2,Customer Changed Mind,3471.8
RET2025000106,2025-09-14,SAL20250063073,STR037,PRD00071,1,Defective Item,14423.02
RET2025000107,2025-07-09,SAL20250022096,STR013,PRD00984,1,Customer Changed Mind,34.1
RET2025000108,2025-12-13,SAL20250039928,STR041,PRD00477,1,Size/Fit Issue,121.21
RET2025000109,2025-04-09,SAL20250084027,STR014,PRD00160,1,Damaged in Transit,7937.44
RET2025000110,2025-05-18,SAL20250003780,STR032,PRD00460,1,Defective Item,816.3
RET2025000111,2025-09-20,SAL20250041136,STR020,PRD00394,1,Defective Item,327.5
RET2025000112,2025-11-30,SAL20250067626,STR026,PRD01024,1,Customer Changed Mind,129.44
RET2025000113,2025-08-25,SAL20250084290,STR034,PRD00375,1,Size/Fit Issue,650.42
RET2025000114,2025-05-15,SAL20250044724,STR022,PRD00708,1,Defective Item,2849.79
RET2025000115,2025-05-25,SAL20250021690,STR026,PRD00788,1,Size/Fit Issue,3329.23
RET2025000116,2025-06-25,SAL20250022463,STR037,PRD00011,1,Defective Item,13229.12
RET2025000117,2025-05-24,SAL20250006830,STR037,PRD00695,1,Wrong Item Delivered,2280.88
RET2025000118,2025-05-22,SAL20250050362,STR001,PRD01056,1,Defective Item,449.88
RET2025000119,2025-07-17,SAL20250092548,STR036,PRD00811,1,Wrong Item Delivered,243.22
RET2025000120,2025-07-26,SAL20250022525,STR028,PRD00362,1,Size/Fit Issue,1120.03
RET2025000121,2025-07-27,SAL20250060979,STR026,PRD00414,1,Defective Item,546.79
RET2025000122,2025-05-16,SAL20250016185,STR029,PRD01028,1,Defective Item,93.34
RET2025000123,2025-08-06,SAL20250068658,STR041,PRD01103,1,Customer Changed Mind,5704.94
RET2025000124,2025-09-23,SAL20250087182,STR005,PRD01105,1,Wrong Item Delivered,2498.16
RET2025000125,2025-09-23,SAL20250050360,STR007,PRD00335,1,Size/Fit Issue,1156.98
RET2025000126,2025-07-05,SAL20250062043,STR024,PRD01175,1,Size/Fit Issue,2568.19
RET2025000127,2025-04-08,SAL20250030700,STR034,PRD00838,2,Damaged in Transit,3045.6
RET2025000128,2025-02-01,SAL20250073998,STR001,PRD00772,1,Size/Fit Issue,988.94
RET2025000129,2025-12-13,SAL20250096391,STR011,PRD00428,1,Wrong Item Delivered,311.12
RET2025000130,2025-01-29,SAL20250064367,STR011,PRD00383,1,Customer Changed Mind,216.69
RET2025000131,2025-03-20,SAL20250026010,STR011,PRD00977,1,Size/Fit Issue,417.51
RET2025000132,2025-01-08,SAL20250058872,STR032,PRD00114,1,Damaged in Transit,17643.2
RET2025000133,2025-03-29,SAL20250039756,STR013,PRD00820,1,Customer Changed Mind,2007.6
RET2025000134,2025-05-20,SAL20250079314,STR024,PRD00293,2,Defective Item,1719.22
RET2025000135,2025-09-29,SAL20250027182,STR005,PRD00057,1,Defective Item,2490.08
RET2025000136,2025-02-09,SAL20250051779,STR021,PRD00373,1,Size/Fit Issue,159.48
RET2025000137,2025-03-14,SAL20250040239,STR022,PRD00221,1,Size/Fit Issue,9230.37
RET2025000138,2025-10-04,SAL20250003779,STR024,PRD00215,1,Wrong Item Delivered,9358.07
RET2025000139,2025-06-08,SAL20250097805,STR023,PRD00369,1,Defective Item,1020.79
RET2025000140,2025-03-20,SAL20250097303,STR014,PRD00924,1,Defective Item,261.16
RET2025000141,2025-05-23,SAL20250041892,STR037,PRD00036,1,Customer Changed Mind,8731.85
RET2025000142,2025-10-06,SAL20250007219,STR001,PRD00045,1,Defective Item,17414.18
RET2025000143,2025-03-11,SAL20250064125,STR036,PRD00506,3,Damaged in Transit,2175.09
RET2025000144,2025-10-27,SAL20250062963,STR024,PRD00822,1,Defective Item,3937.8
RET2025000145,2025-07-19,SAL20250063142,STR007,PRD01162,1,Size/Fit Issue,3657.07
RET2025000146,2025-01-17,SAL20250053306,STR037,PRD00687,1,Customer Changed Mind,2662.45
RET2025000147,2025-03-29,SAL20250050391,STR016,PRD00558,1,Size/Fit Issue,353.1
RET2025000148,2025-07-08,SAL20250042764,STR025,PRD00586,1,Defective Item,648.21
RET2025000149,2025-03-28,SAL20250065984,STR014,PRD01154,1,Size/Fit Issue,1216.46
RET2025000150,2025-06-10,SAL20250054466,STR029,PRD00646,1,Defective Item,108.22
RET2025000151,2025-07-05,SAL20250043396,STR040,PRD00622,2,Defective Item,1288.0
RET2025000152,2025-10-25,SAL20250038893,STR040,PRD00519,1,Customer Changed Mind,818.33
RET2025000153,2025-05-05,SAL20250016183,STR004,PRD00484,1,Wrong Item Delivered,678.16
RET2025000154,2025-07-25,SAL20250073801,STR014,PRD00347,2,Defective Item,2266.44
RET2025000155,2025-12-31,SAL20250004110,STR025,PRD01194,1,Wrong Item Delivered,6442.41
RET2025000156,2025-12-01,SAL20250037697,STR027,PRD00692,1,Damaged in Transit,1997.13
RET2025000157,2025-11-18,SAL20250044311,STR038,PRD00875,1,Customer Changed Mind,258.44
RET2025000158,2025-12-21,SAL20250025788,STR027,PRD00476,1,Defective Item,645.16
RET2025000159,2025-09-27,SAL20250013773,STR010,PRD00978,1,Defective Item,172.32
RET2025000160,2025-05-03,SAL20250031387,STR037,PRD00002,1,Damaged in Transit,1289.58
RET2025000161,2025-02-12,SAL20250031206,STR029,PRD00112,1,Wrong Item Delivered,3948.48
RET2025000162,2025-04-20,SAL20250077512,STR024,PRD01077,1,Wrong Item Delivered,8389.04
RET2025000163,2025-09-11,SAL20250021750,STR033,PRD00073,1,Wrong Item Delivered,23649.92
RET2025000164,2025-10-11,SAL20250051683,STR008,PRD00457,1,Defective Item,726.05
RET2025000165,2025-08-24,SAL20250011130,STR007,PRD00605,2,Defective Item,133.22
RET2025000166,2025-11-21,SAL20250002772,STR012,PRD00428,1,Size/Fit Issue,311.12
RET2025000167,2025-01-14,SAL20250053199,STR020,PRD00769,1,Size/Fit Issue,1757.79
RET2025000168,2025-05-08,SAL20250058423,STR033,PRD00200,1,Defective Item,1880.51
RET2025000169,2025-04-23,SAL20250076289,STR012,PRD00176,1,Wrong Item Delivered,4757.11
RET2025000170,2025-10-01,SAL20250011626,STR016,PRD00758,2,Defective Item,8750.04
RET2025000171,2025-12-17,SAL20250054644,STR035,PRD00319,1,Wrong Item Delivered,746.89
RET2025000172,2025-06-09,SAL20250006891,STR024,PRD00349,1,Defective Item,152.26
RET2025000173,2025-11-02,SAL20250039995,STR022,PRD01022,1,Wrong Item Delivered,1023.04
RET2025000174,2025-01-31,SAL20250094103,STR038,PRD00145,1,Defective Item,2570.9
RET2025000175,2025-01-22,SAL20250088751,STR018,PRD00128,2,Wrong Item Delivered,27345.44
RET2025000176,2025-07-07,SAL20250022705,STR023,PRD01192,2,Defective Item,14316.48
RET2025000177,2025-12-24,SAL20250062848,STR033,PRD00147,1,Customer Changed Mind,10113.79
RET2025000178,2025-08-22,SAL20250078722,STR034,PRD01032,1,Customer Changed Mind,117.65
RET2025000179,2025-02-12,SAL20250040676,STR014,PRD01067,1,Size/Fit Issue,922.58
RET2025000180,2025-11-15,SAL20250061090,STR026,PRD00817,1,Size/Fit Issue,3058.64
RET2025000181,2025-12-31,SAL20250050733,STR015,PRD00020,1,Damaged in Transit,2507.15
RET2025000182,2025-10-21,SAL20250078758,STR001,PRD00640,1,Customer Changed Mind,209.4
RET2025000183,2025-11-15,SAL20250080549,STR041,PRD00661,1,Defective Item,443.39
RET2025000184,2025-01-16,SAL20250022231,STR014,PRD00697,1,Defective Item,1377.61
RET2025000185,2025-06-08,SAL20250007464,STR031,PRD00422,1,Wrong Item Delivered,218.73
RET2025000186,2025-11-21,SAL20250042205,STR026,PRD00391,1,Customer Changed Mind,716.46
RET2025000187,2025-01-12,SAL20250047609,STR023,PRD00012,2,Wrong Item Delivered,10511.96
RET2025000188,2025-03-24,SAL20250059325,STR010,PRD00898,1,Customer Changed Mind,3032.43
RET2025000189,2025-04-14,SAL20250099896,STR036,PRD00066,1,Defective Item,7423.58
RET2025000190,2025-03-07,SAL20250067016,STR002,PRD00035,1,Wrong Item Delivered,7229.47
RET2025000191,2025-07-05,SAL20250068779,STR009,PRD01089,1,Defective Item,8670.13
RET2025000192,2025-11-10,SAL20250070148,STR039,PRD00846,2,Defective Item,3102.72
RET2025000193,2025-06-20,SAL20250000895,STR020,PRD00094,1,Defective Item,15405.56
RET2025000194,2025-10-13,SAL20250058243,STR005,PRD00733,1,Customer Changed Mind,3579.07
RET2025000195,2025-07-23,SAL20250075492,STR032,PRD00326,1,Size/Fit Issue,1442.32
RET2025000196,2025-10-25,SAL20250055359,STR006,PRD01005,1,Size/Fit Issue,682.39
RET2025000197,2025-06-10,SAL20250090384,STR010,PRD00284,1,Customer Changed Mind,170.59
RET2025000198,2025-03-05,SAL20250063178,STR024,PRD00321,1,Size/Fit Issue,1442.95
RET2025000199,2025-09-05,SAL20250040389,STR026,PRD00416,1,Damaged in Transit,833.51
RET2025000200,2025-02-22,SAL20250010606,STR021,PRD01170,1,Wrong Item Delivered,1269.68
RET2025000201,2025-01-19,SAL20250034368,STR005,PRD00337,1,Customer Changed Mind,1047.01
RET2025000202,2025-10-06,SAL20250044869,STR016,PRD00559,1,Damaged in Transit,674.89
RET2025000203,2025-04-22,SAL20250070115,STR034,PRD00394,2,Wrong Item Delivered,655.0
RET2025000204,2025-12-24,SAL20250003387,STR035,PRD00303,1,Customer Changed Mind,674.18
RET2025000205,2025-07-20,SAL20250072269,STR008,PRD01154,1,Size/Fit Issue,1216.46
RET2025000206,2025-01-23,SAL20250040456,STR016,PRD00052,1,Defective Item,1655.5
RET2025000207,2025-02-11,SAL20250070319,STR013,PRD00427,1,Defective Item,558.44
RET2025000208,2025-12-07,SAL20250040971,STR030,PRD00893,2,Defective Item,1926.08
RET2025000209,2025-09-02,SAL20250098174,STR022,PRD00380,1,Wrong Item Delivered,304.64
RET2025000210,2025-11-13,SAL20250022590,STR030,PRD00873,2,Customer Changed Mind,1375.74
RET2025000211,2025-03-13,SAL20250036128,STR032,PRD00821,1,Defective Item,2784.44
RET2025000212,2025-02-01,SAL20250066250,STR007,PRD01103,1,Damaged in Transit,5704.94
RET2025000213,2025-09-22,SAL20250091060,STR033,PRD00675,1,Defective Item,1206.06
RET2025000214,2025-04-02,SAL20250036297,STR015,PRD00507,1,Defective Item,259.46
RET2025000215,2025-10-11,SAL20250066028,STR035,PRD00073,1,Defective Item,23649.92
RET2025000216,2025-06-13,SAL20250006052,STR035,PRD00297,1,Defective Item,1248.97
RET2025000217,2025-10-19,SAL20250074771,STR035,PRD01155,1,Size/Fit Issue,7374.97
RET2025000218,2025-11-19,SAL20250063636,STR017,PRD00610,1,Size/Fit Issue,637.82
RET2025000219,2025-12-02,SAL20250076876,STR008,PRD01027,1,Customer Changed Mind,412.95
RET2025000220,2025-02-07,SAL20250041992,STR040,PRD00382,1,Defective Item,534.11
RET2025000221,2025-02-12,SAL20250027741,STR031,PRD01072,2,Defective Item,708.98
RET2025000222,2025-12-17,SAL20250036329,STR014,PRD00306,1,Size/Fit Issue,1349.3
RET2025000223,2025-10-23,SAL20250089654,STR015,PRD00178,1,Customer Changed Mind,9669.95
RET2025000224,2025-01-14,SAL20250064533,STR038,PRD01183,2,Customer Changed Mind,15655.42
RET2025000225,2025-02-18,SAL20250035599,STR025,PRD00131,1,Wrong Item Delivered,11948.61
RET2025000226,2025-12-26,SAL20250009915,STR031,PRD00563,1,Defective Item,667.75
RET2025000227,2025-01-27,SAL20250099612,STR007,PRD00669,1,Wrong Item Delivered,3235.01
RET2025000228,2025-11-23,SAL20250077502,STR004,PRD00914,1,Defective Item,3460.6
RET2025000229,2025-05-30,SAL20250029646,STR022,PRD00642,1,Defective Item,467.68
RET2025000230,2025-09-13,SAL20250061004,STR023,PRD00183,2,Size/Fit Issue,13671.24
RET2025000231,2025-12-15,SAL20250005722,STR014,PRD00485,1,Size/Fit Issue,693.22
RET2025000232,2025-08-10,SAL20250073736,STR024,PRD00406,2,Wrong Item Delivered,1327.36
RET2025000233,2025-08-24,SAL20250041478,STR027,PRD00053,1,Size/Fit Issue,3304.53
RET2025000234,2025-09-11,SAL20250084202,STR035,PRD00110,1,Size/Fit Issue,26501.66
RET2025000235,2025-10-27,SAL20250012503,STR027,PRD00001,1,Size/Fit Issue,21322.84
RET2025000236,2025-07-18,SAL20250054984,STR002,PRD00346,1,Wrong Item Delivered,927.55
RET2025000237,2025-04-07,SAL20250023784,STR035,PRD00185,1,Size/Fit Issue,1926.14
RET2025000238,2025-01-06,SAL20250069738,STR015,PRD01069,1,Defective Item,2127.71
RET2025000239,2025-04-13,SAL20250067868,STR018,PRD00937,1,Wrong Item Delivered,262.48
RET2025000240,2025-12-10,SAL20250023810,STR013,PRD00191,1,Defective Item,7660.03
RET2025000241,2025-11-09,SAL20250040697,STR041,PRD00568,2,Wrong Item Delivered,931.76
RET2025000242,2025-09-26,SAL20250056112,STR016,PRD01167,1,Defective Item,1364.58
RET2025000243,2025-07-27,SAL20250000814,STR005,PRD00069,1,Size/Fit Issue,11744.39
RET2025000244,2025-03-07,SAL20250022341,STR001,PRD00917,1,Size/Fit Issue,1441.59
RET2025000245,2025-01-15,SAL20250098235,STR029,PRD01022,1,Size/Fit Issue,1023.04
RET2025000246,2025-04-12,SAL20250014420,STR021,PRD00039,1,Damaged in Transit,8380.37
RET2025000247,2025-05-06,SAL20250008181,STR018,PRD00489,2,Size/Fit Issue,1701.48
RET2025000248,2025-08-24,SAL20250046927,STR019,PRD00055,1,Damaged in Transit,18236.77
RET2025000249,2025-02-14,SAL20250040328,STR034,PRD01046,1,Defective Item,946.12
RET2025000250,2025-11-08,SAL20250002710,STR004,PRD01067,1,Size/Fit Issue,922.58
RET2025000251,2025-08-24,SAL20250090327,STR011,PRD01005,1,Defective Item,682.39
RET2025000252,2025-10-20,SAL20250012198,STR010,PRD00574,2,Wrong Item Delivered,1121.66
RET2025000253,2025-01-20,SAL20250004901,STR021,PRD00933,1,Wrong Item Delivered,3527.61
RET2025000254,2025-09-22,SAL20250072669,STR040,PRD01160,1,Wrong Item Delivered,7696.75
RET2025000255,2025-05-03,SAL20250005165,STR007,PRD00468,1,Wrong Item Delivered,180.53
RET2025000256,2025-07-05,SAL20250042261,STR019,PRD01129,1,Wrong Item Delivered,691.29
RET2025000257,2025-10-21,SAL20250052600,STR020,PRD00671,1,Size/Fit Issue,327.72
RET2025000258,2025-09-16,SAL20250052668,STR027,PRD00696,1,Defective Item,1599.77
RET2025000259,2025-07-14,SAL20250037664,STR027,PRD00869,1,Wrong Item Delivered,3787.4
RET2025000260,2025-03-18,SAL20250089799,STR024,PRD00985,1,Customer Changed Mind,79.43
RET2025000261,2025-09-09,SAL20250034197,STR010,PRD00925,1,Size/Fit Issue,2271.72
RET2025000262,2025-12-11,SAL20250007995,STR003,PRD00771,1,Defective Item,2601.02
RET2025000263,2025-12-13,SAL20250021761,STR030,PRD00950,1,Customer Changed Mind,184.59
RET2025000264,2025-08-07,SAL20250096824,STR013,PRD00431,2,Defective Item,1229.74
RET2025000265,2025-10-06,SAL20250047433,STR010,PRD00608,2,Defective Item,629.9
RET2025000266,2025-10-15,SAL20250007782,STR006,PRD00732,1,Damaged in Transit,4150.55
RET2025000267,2025-09-09,SAL20250020789,STR034,PRD00049,2,Damaged in Transit,9081.02
RET2025000268,2025-03-14,SAL20250032634,STR020,PRD00193,1,Wrong Item Delivered,5766.86
RET2025000269,2025-01-15,SAL20250056693,STR020,PRD00540,2,Customer Changed Mind,1101.08
RET2025000270,2025-08-07,SAL20250089345,STR010,PRD00693,1,Defective Item,2512.22
RET2025000271,2025-02-17,SAL20250042248,STR032,PRD00280,1,Size/Fit Issue,605.7
RET2025000272,2025-02-14,SAL20250012319,STR021,PRD01065,1,Size/Fit Issue,936.71
RET2025000273,2025-06-02,SAL20250024765,STR026,PRD00057,2,Customer Changed Mind,4980.16
RET2025000274,2025-07-18,SAL20250002077,STR025,PRD00948,1,Wrong Item Delivered,38.1
RET2025000275,2025-05-13,SAL20250076716,STR019,PRD00988,1,Size/Fit Issue,774.65
RET2025000276,2025-10-29,SAL20250012822,STR019,PRD00233,1,Damaged in Transit,9134.67
RET2025000277,2025-03-07,SAL20250078014,STR013,PRD00327,1,Size/Fit Issue,500.0
RET2025000278,2025-05-15,SAL20250016673,STR035,PRD00139,1,Defective Item,2949.49
RET2025000279,2025-02-05,SAL20250067245,STR014,PRD00273,1,Customer Changed Mind,1306.29
RET2025000280,2025-04-19,SAL20250095339,STR006,PRD00249,1,Size/Fit Issue,4858.0
RET2025000281,2025-04-06,SAL20250064336,STR013,PRD00987,1,Wrong Item Delivered,289.9
RET2025000282,2025-07-29,SAL20250007992,STR007,PRD00111,1,Customer Changed Mind,16671.18
RET2025000283,2025-06-29,SAL20250025240,STR027,PRD01093,1,Damaged in Transit,4476.19
RET2025000284,2025-01-15,SAL20250044990,STR013,PRD01035,1,Customer Changed Mind,199.19
RET2025000285,2025-06-15,SAL20250053784,STR007,PRD00693,1,Customer Changed Mind,2512.22
RET2025000286,2025-09-08,SAL20250014300,STR041,PRD00807,2,Defective Item,1335.8
RET2025000287,2025-09-16,SAL20250047300,STR041,PRD00117,1,Wrong Item Delivered,5653.79
RET2025000288,2025-05-07,SAL20250010448,STR023,PRD00341,1,Size/Fit Issue,977.08
RET2025000289,2025-01-27,SAL20250046319,STR016,PRD00231,2,Defective Item,18343.88
RET2025000290,2025-07-02,SAL20250003677,STR033,PRD00655,1,Defective Item,75.89
RET2025000291,2025-05-25,SAL20250002825,STR036,PRD00976,1,Defective Item,1125.69
RET2025000292,2025-08-26,SAL20250088763,STR041,PRD01052,1,Defective Item,462.25
RET2025000293,2025-11-10,SAL20250042540,STR031,PRD00536,1,Wrong Item Delivered,393.56
RET2025000294,2025-04-04,SAL20250016334,STR010,PRD00049,1,Size/Fit Issue,4540.51
RET2025000295,2025-08-20,SAL20250029911,STR012,PRD00532,3,Damaged in Transit,3117.09
RET2025000296,2025-12-08,SAL20250004642,STR032,PRD00571,1,Wrong Item Delivered,201.22
RET2025000297,2025-11-12,SAL20250078208,STR004,PRD00428,1,Defective Item,311.12
RET2025000298,2025-03-31,SAL20250084697,STR037,PRD00169,1,Wrong Item Delivered,8761.68
RET2025000299,2025-03-02,SAL20250042831,STR029,PRD00915,1,Customer Changed Mind,703.59
RET2025000300,2025-12-25,SAL20250085924,STR024,PRD00937,2,Defective Item,524.96
RET2025000301,2025-10-16,SAL20250082998,STR005,PRD00196,1,Defective Item,3177.64
RET2025000302,2025-09-20,SAL20250032968,STR041,PRD00648,1,Wrong Item Delivered,715.75
RET2025000303,2025-06-08,SAL20250046561,STR007,PRD01136,1,Defective Item,7702.34
RET2025000304,2025-04-26,SAL20250069143,STR005,PRD00839,2,Wrong Item Delivered,5679.16
RET2025000305,2025-02-22,SAL20250097380,STR002,PRD00805,1,Damaged in Transit,3870.93
RET2025000306,2025-12-23,SAL20250096082,STR007,PRD00855,1,Defective Item,2084.62
RET2025000307,2025-05-26,SAL20250084905,STR029,PRD00607,1,Wrong Item Delivered,313.72
RET2025000308,2025-01-13,SAL20250058653,STR001,PRD00298,1,Size/Fit Issue,1012.57
RET2025000309,2025-08-05,SAL20250075207,STR015,PRD00541,1,Defective Item,685.8
RET2025000310,2025-10-24,SAL20250066439,STR029,PRD01142,1,Size/Fit Issue,3878.91
RET2025000311,2025-05-07,SAL20250015660,STR020,PRD00391,1,Damaged in Transit,716.46
RET2025000312,2025-10-13,SAL20250064577,STR005,PRD00832,1,Customer Changed Mind,1859.75
RET2025000313,2025-11-24,SAL20250052842,STR004,PRD00681,1,Customer Changed Mind,4114.63
RET2025000314,2025-01-27,SAL20250057786,STR009,PRD01196,2,Defective Item,2738.36
RET2025000315,2025-02-23,SAL20250085950,STR010,PRD00154,2,Size/Fit Issue,1229.32
RET2025000316,2025-11-12,SAL20250052489,STR022,PRD00737,2,Damaged in Transit,2106.82
RET2025000317,2025-12-03,SAL20250072129,STR019,PRD00436,1,Size/Fit Issue,630.05
RET2025000318,2025-04-17,SAL20250019214,STR025,PRD00138,1,Size/Fit Issue,3460.02
RET2025000319,2025-11-19,SAL20250037447,STR037,PRD00995,1,Damaged in Transit,585.44
RET2025000320,2025-09-12,SAL20250021765,STR012,PRD00833,1,Wrong Item Delivered,1761.67
RET2025000321,2025-08-15,SAL20250098012,STR038,PRD00016,1,Defective Item,12816.4
RET2025000322,2025-08-15,SAL20250019297,STR040,PRD00205,1,Damaged in Transit,2084.53
RET2025000323,2025-11-08,SAL20250097734,STR033,PRD00426,1,Size/Fit Issue,496.18
RET2025000324,2025-10-08,SAL20250097031,STR025,PRD00079,1,Size/Fit Issue,19037.37
RET2025000325,2025-11-02,SAL20250025927,STR030,PRD00195,2,Defective Item,8177.8
RET2025000326,2025-03-10,SAL20250059178,STR026,PRD00507,1,Wrong Item Delivered,259.46
RET2025000327,2025-08-26,SAL20250051277,STR023,PRD00701,1,Wrong Item Delivered,4774.16
RET2025000328,2025-12-19,SAL20250070443,STR020,PRD00545,1,Defective Item,450.85
RET2025000329,2025-01-15,SAL20250040674,STR026,PRD00780,1,Wrong Item Delivered,1384.22
RET2025000330,2025-11-26,SAL20250085570,STR003,PRD00368,1,Customer Changed Mind,927.52
RET2025000331,2025-06-22,SAL20250008493,STR033,PRD00860,1,Size/Fit Issue,694.13
RET2025000332,2025-02-09,SAL20250081212,STR029,PRD00464,1,Defective Item,598.64
RET2025000333,2025-08-15,SAL20250056042,STR019,PRD01145,1,Wrong Item Delivered,3609.72
RET2025000334,2025-04-14,SAL20250066708,STR016,PRD00784,1,Size/Fit Issue,1985.25
RET2025000335,2025-08-13,SAL20250082709,STR038,PRD00261,1,Wrong Item Delivered,8333.44
RET2025000336,2025-08-03,SAL20250028292,STR028,PRD00193,1,Wrong Item Delivered,5766.86
RET2025000337,2025-12-21,SAL20250067206,STR026,PRD00977,1,Defective Item,417.51
RET2025000338,2025-11-27,SAL20250057337,STR012,PRD00977,1,Defective Item,417.51
RET2025000339,2025-02-03,SAL20250062103,STR010,PRD01094,1,Defective Item,7758.5
RET2025000340,2025-04-29,SAL20250099010,STR028,PRD00429,1,Defective Item,725.58
RET2025000341,2025-02-20,SAL20250085403,STR005,PRD00763,1,Size/Fit Issue,3968.33
RET2025000342,2025-05-19,SAL20250096240,STR041,PRD00488,2,Damaged in Transit,1990.96
RET2025000343,2025-03-07,SAL20250023461,STR016,PRD00467,1,Damaged in Transit,528.8
RET2025000344,2025-03-17,SAL20250021838,STR018,PRD00036,1,Customer Changed Mind,8731.85
RET2025000345,2025-02-08,SAL20250052057,STR020,PRD00854,1,Wrong Item Delivered,2355.83
RET2025000346,2025-04-25,SAL20250003871,STR038,PRD00409,1,Damaged in Transit,950.85
RET2025000347,2025-04-15,SAL20250059020,STR020,PRD00188,1,Defective Item,6172.58
RET2025000348,2025-12-21,SAL20250075669,STR016,PRD00313,2,Defective Item,2812.72
RET2025000349,2025-05-29,SAL20250047139,STR016,PRD00506,2,Damaged in Transit,1450.06
RET2025000350,2025-10-29,SAL20250088574,STR010,PRD00957,1,Defective Item,157.86
RET2025000351,2025-10-12,SAL20250032946,STR034,PRD00801,2,Defective Item,1000.0
RET2025000352,2025-06-04,SAL20250002388,STR002,PRD00038,1,Defective Item,2962.9
RET2025000353,2025-02-02,SAL20250046940,STR006,PRD00934,1,Size/Fit Issue,3207.23
RET2025000354,2025-10-01,SAL20250022043,STR024,PRD00867,2,Defective Item,1596.98
RET2025000355,2025-01-15,SAL20250013904,STR008,PRD00755,1,Size/Fit Issue,511.82
RET2025000356,2025-05-08,SAL20250019766,STR029,PRD00351,1,Size/Fit Issue,802.18
RET2025000357,2025-11-21,SAL20250060134,STR022,PRD01198,1,Wrong Item Delivered,7043.58
RET2025000358,2025-04-14,SAL20250092638,STR020,PRD00693,1,Wrong Item Delivered,2512.22
RET2025000359,2025-07-31,SAL20250008891,STR012,PRD00630,1,Defective Item,612.41
RET2025000360,2025-11-23,SAL20250067892,STR007,PRD00274,1,Defective Item,920.1
RET2025000361,2025-08-07,SAL20250085466,STR015,PRD00104,1,Wrong Item Delivered,21587.41
RET2025000362,2025-01-06,SAL20250082624,STR005,PRD00900,2,Customer Changed Mind,6334.6
RET2025000363,2025-10-16,SAL20250019661,STR025,PRD00518,2,Customer Changed Mind,2001.28
RET2025000364,2025-01-09,SAL20250055983,STR015,PRD00556,1,Defective Item,634.75
RET2025000365,2025-02-09,SAL20250032425,STR031,PRD00891,1,Size/Fit Issue,506.36
RET2025000366,2025-02-27,SAL20250048103,STR012,PRD00078,2,Size/Fit Issue,18072.74
RET2025000367,2025-06-28,SAL20250025817,STR035,PRD01199,1,Damaged in Transit,6549.57
RET2025000368,2025-05-21,SAL20250007507,STR035,PRD00542,1,Damaged in Transit,534.65
RET2025000369,2025-03-10,SAL20250047471,STR034,PRD00999,1,Defective Item,1102.59
RET2025000370,2025-07-06,SAL20250073045,STR001,PRD00418,1,Wrong Item Delivered,378.6
RET2025000371,2025-12-18,SAL20250029188,STR035,PRD00115,2,Defective Item,11556.54
RET2025000372,2025-09-20,SAL20250003019,STR008,PRD00781,1,Defective Item,2809.53
RET2025000373,2025-04-22,SAL20250053898,STR020,PRD01041,1,Customer Changed Mind,954.2
RET2025000374,2025-02-27,SAL20250051002,STR022,PRD00360,1,Defective Item,505.68
RET2025000375,2025-07-20,SAL20250007733,STR018,PRD01026,2,Defective Item,1024.0
RET2025000376,2025-10-09,SAL20250063433,STR027,PRD00509,2,Wrong Item Delivered,1776.76
RET2025000377,2025-10-09,SAL20250057427,STR025,PRD00174,1,Wrong Item Delivered,698.44
RET2025000378,2025-07-23,SAL20250064111,STR040,PRD00722,2,Wrong Item Delivered,4079.76
RET2025000379,2025-10-26,SAL20250042062,STR019,PRD00372,1,Size/Fit Issue,542.7
RET2025000380,2025-07-09,SAL20250055576,STR032,PRD00611,2,Damaged in Transit,102.06
RET2025000381,2025-05-14,SAL20250035525,STR006,PRD00830,1,Size/Fit Issue,1783.32
RET2025000382,2025-10-27,SAL20250053402,STR039,PRD00529,1,Defective Item,569.27
RET2025000383,2025-07-20,SAL20250053509,STR025,PRD00309,1,Customer Changed Mind,1344.75
RET2025000384,2025-02-13,SAL20250019853,STR023,PRD00077,1,Damaged in Transit,14848.8
RET2025000385,2025-12-24,SAL20250078103,STR015,PRD00140,2,Defective Item,12756.12
RET2025000386,2025-05-19,SAL20250036136,STR017,PRD00993,1,Defective Item,168.95
RET2025000387,2025-01-25,SAL20250000121,STR029,PRD00133,1,Size/Fit Issue,-10102.94
RET2025000388,2025-02-24,SAL20250073765,STR030,PRD00571,1,Size/Fit Issue,201.22
RET2025000389,2025-12-05,SAL20250040907,STR010,PRD01055,1,Defective Item,428.04
RET2025000390,2025-06-10,SAL20250074011,STR008,PRD00945,2,Defective Item,1742.98
RET2025000391,2025-03-08,SAL20250079956,STR028,PRD00281,1,Size/Fit Issue,679.79
RET2025000392,2025-11-26,SAL20250032569,STR041,PRD01163,1,Defective Item,6199.15
RET2025000393,2025-10-01,SAL20250007584,STR021,PRD00096,1,Defective Item,1587.91
RET2025000394,2025-03-24,SAL20250047460,STR001,PRD00554,2,Defective Item,1611.1
RET2025000395,2025-05-28,SAL20250029638,STR024,PRD00947,1,Damaged in Transit,413.13
RET2025000396,2025-09-17,SAL20250020321,STR010,PRD00247,1,Customer Changed Mind,8119.57
RET2025000397,2025-08-02,SAL20250055448,STR014,PRD01062,1,Defective Item,925.26
RET2025000398,2025-04-21,SAL20250001016,STR028,PRD00328,1,Defective Item,1206.9
RET2025000399,2025-09-18,SAL20250078985,STR001,PRD00694,1,Wrong Item Delivered,3202.51
RET2025000400,2025-06-01,SAL20250082057,STR005,PRD00421,2,Defective Item,1159.96
RET2025000401,2025-10-07,SAL20250060778,STR026,PRD00830,1,Size/Fit Issue,1783.32
RET2025000402,2025-04-09,SAL20250090765,STR015,PRD00690,1,Size/Fit Issue,3635.92
RET2025000403,2025-07-24,SAL20250068292,STR016,PRD01118,1,Damaged in Transit,5734.69
RET2025000404,2025-06-19,SAL20250057618,STR041,PRD01046,1,Wrong Item Delivered,946.12
RET2025000405,2025-05-07,SAL20250060499,STR015,PRD00055,1,Wrong Item Delivered,18236.77
RET2025000406,2025-04-03,SAL20250095637,STR019,PRD00980,1,Wrong Item Delivered,608.25
RET2025000407,2025-11-04,SAL20250015930,STR020,PRD00795,2,Defective Item,1930.68
RET2025000408,2025-01-22,SAL20250077514,STR011,PRD00647,1,Damaged in Transit,284.75
RET2025000409,2025-03-13,SAL20250026381,STR039,PRD00435,1,Defective Item,718.79
RET2025000410,2025-11-27,SAL20250073746,STR028,PRD00115,1,Wrong Item Delivered,5778.27
RET2025000411,2025-09-16,SAL20250045857,STR036,PRD00581,1,Wrong Item Delivered,310.86
RET2025000412,2025-04-28,SAL20250015402,STR012,PRD00591,1,Defective Item,500.81
RET2025000413,2025-11-10,SAL20250049024,STR037,PRD00890,1,Size/Fit Issue,891.3
RET2025000414,2025-08-04,SAL20250069431,STR013,PRD00743,1,Defective Item,1675.83
RET2025000415,2025-07-26,SAL20250004935,STR037,PRD00096,1,Defective Item,1587.91
RET2025000416,2025-04-08,SAL20250067374,STR031,PRD00149,1,Damaged in Transit,3024.83
RET2025000417,2025-03-03,SAL20250015958,STR017,PRD00064,1,Customer Changed Mind,2458.4
RET2025000418,2025-04-07,SAL20250006275,STR014,PRD00888,1,Damaged in Transit,2557.48
RET2025000419,2025-11-26,SAL20250043742,STR027,PRD00793,1,Size/Fit Issue,2445.38
RET2025000420,2025-07-13,SAL20250093264,STR010,PRD00721,1,Wrong Item Delivered,2330.52
RET2025000421,2025-08-23,SAL20250001196,STR025,PRD00443,2,Defective Item,413.88
RET2025000422,2025-09-05,SAL20250086223,STR016,PRD01100,2,Size/Fit Issue,13530.24
RET2025000423,2025-03-23,SAL20250043882,STR028,PRD00151,1,Customer Changed Mind,5709.55
RET2025000424,2025-08-18,SAL20250094429,STR013,PRD00880,1,Wrong Item Delivered,430.21
RET2025000425,2025-01-06,SAL20250083456,STR012,PRD00539,1,Defective Item,69.32
RET2025000426,2025-04-26,SAL20250031604,STR041,PRD00518,1,Defective Item,1000.64
RET2025000427,2025-05-03,SAL20250052004,STR038,PRD00045,1,Damaged in Transit,17414.18
RET2025000428,2025-01-08,SAL20250044330,STR015,PRD00763,1,Customer Changed Mind,3968.33
RET2025000429,2025-06-29,SAL20250033583,STR013,PRD00752,1,Wrong Item Delivered,4535.72
RET2025000430,2025-05-31,SAL20250071173,STR003,PRD00444,1,Defective Item,347.0
RET2025000431,2025-03-30,SAL20250010689,STR020,PRD00353,1,Customer Changed Mind,948.44
RET2025000432,2025-10-04,SAL20250074093,STR007,PRD00707,1,Size/Fit Issue,2433.38
RET2025000433,2025-07-13,SAL20250083859,STR004,PRD01164,1,Size/Fit Issue,2114.79
RET2025000434,2025-07-30,SAL20250088043,STR017,PRD01158,1,Customer Changed Mind,7747.18
RET2025000435,2025-08-27,SAL20250022654,STR012,PRD00478,1,Wrong Item Delivered,959.84
RET2025000436,2025-11-16,SAL20250069739,STR019,PRD00447,1,Defective Item,458.65
RET2025000437,2025-05-29,SAL20250009988,STR037,PRD00387,1,Wrong Item Delivered,446.12
RET2025000438,2025-03-27,SAL20250059259,STR036,PRD00693,1,Defective Item,2512.22
RET2025000439,2025-08-31,SAL20250035870,STR021,PRD00773,1,Wrong Item Delivered,733.06
RET2025000440,2025-03-11,SAL20250015437,STR017,PRD00096,1,Wrong Item Delivered,1587.91
RET2025000441,2025-06-04,SAL20250038713,STR015,PRD01118,1,Customer Changed Mind,5734.69
RET2025000442,2025-03-31,SAL20250079814,STR030,PRD00846,1,Defective Item,1551.36
RET2025000443,2025-12-16,SAL20250044139,STR002,PRD00358,1,Size/Fit Issue,873.37
RET2025000444,2025-12-31,SAL20250099825,STR039,PRD00084,1,Size/Fit Issue,11056.09
RET2025000445,2025-08-01,SAL20250042560,STR031,PRD00380,1,Defective Item,304.64
RET2025000446,2025-09-05,SAL20250021798,STR011,PRD00697,1,Defective Item,1377.61
RET2025000447,2025-01-12,SAL20250054988,STR013,PRD00326,1,Customer Changed Mind,1442.32
RET2025000448,2025-06-29,SAL20250005903,STR012,PRD00659,1,Defective Item,294.97
RET2025000449,2025-07-26,SAL20250007883,STR006,PRD00028,1,Wrong Item Delivered,4027.15
RET2025000450,2025-09-18,SAL20250029950,STR018,PRD00622,1,Wrong Item Delivered,644.0
RET2025000451,2025-05-19,SAL20250079029,STR034,PRD00535,2,Size/Fit Issue,629.9
RET2025000452,2025-06-15,SAL20250061941,STR035,PRD00819,1,Customer Changed Mind,2315.45
RET2025000453,2025-03-27,SAL20250025059,STR006,PRD00988,1,Size/Fit Issue,774.65
RET2025000454,2025-04-25,SAL20250071980,STR009,PRD00208,1,Wrong Item Delivered,2761.76
RET2025000455,2025-12-11,SAL20250050410,STR006,PRD00784,1,Damaged in Transit,1985.25
RET2025000456,2025-05-06,SAL20250077454,STR011,PRD00257,2,Damaged in Transit,6262.84
RET2025000457,2025-02-20,SAL20250007675,STR031,PRD00021,1,Defective Item,1822.47
RET2025000458,2025-11-13,SAL20250089075,STR013,PRD00576,1,Size/Fit Issue,451.26
RET2025000459,2025-05-21,SAL20250025241,STR007,PRD00020,1,Size/Fit Issue,2507.15
RET2025000460,2025-09-09,SAL20250031080,STR033,PRD00845,1,Defective Item,2226.26
RET2025000461,2025-05-16,SAL20250051739,STR025,PRD01179,3,Defective Item,10366.71
RET2025000462,2025-06-11,SAL20250028361,STR004,PRD01102,1,Defective Item,845.86
RET2025000463,2025-08-02,SAL20250008842,STR007,PRD00101,1,Wrong Item Delivered,2548.25
RET2025000464,2025-08-25,SAL20250068455,STR004,PRD00954,1,Defective Item,1090.11
RET2025000465,2025-06-25,SAL20250077075,STR007,PRD01191,1,Customer Changed Mind,6431.83
RET2025000466,2025-03-21,SAL20250099617,STR039,PRD01014,1,Size/Fit Issue,1123.09
RET2025000467,2025-07-23,SAL20250021426,STR011,PRD00253,2,Size/Fit Issue,19327.0
RET2025000468,2025-11-22,SAL20250073337,STR009,PRD00092,1,Wrong Item Delivered,6575.52
RET2025000469,2025-07-03,SAL20250087645,STR025,PRD00271,1,Defective Item,660.1
RET2025000470,2025-07-17,SAL20250034261,STR015,PRD00614,2,Defective Item,104.5
RET2025000471,2025-08-29,SAL20250048269,STR016,PRD00007,1,Customer Changed Mind,20090.22
RET2025000472,2025-03-20,SAL20250040270,STR038,PRD00476,1,Customer Changed Mind,645.16
RET2025000473,2025-04-27,SAL20250085652,STR023,PRD01150,1,Defective Item,4074.75
RET2025000474,2025-07-21,SAL20250007020,STR013,PRD00851,1,Customer Changed Mind,2659.29
RET2025000475,2025-07-20,SAL20250072711,STR004,PRD00723,1,Customer Changed Mind,1757.3
RET2025000476,2025-09-17,SAL20250080195,STR004,PRD01009,1,Size/Fit Issue,52.33
RET2025000477,2025-02-25,SAL20250037002,STR028,PRD00518,1,Defective Item,1000.64
RET2025000478,2025-05-27,SAL20250094648,STR003,PRD00135,1,Size/Fit Issue,9390.96
RET2025000479,2025-06-06,SAL20250057661,STR026,PRD00183,1,Defective Item,6835.62
RET2025000480,2025-12-03,SAL20250038872,STR018,PRD01027,1,Defective Item,412.95
RET2025000481,2025-09-13,SAL20250092111,STR037,PRD00830,3,Defective Item,5349.96
RET2025000482,2025-01-16,SAL20250037175,STR036,PRD00467,1,Wrong Item Delivered,528.8
RET2025000483,2025-11-11,SAL20250021130,STR034,PRD00151,1,Customer Changed Mind,5709.55
RET2025000484,2025-06-26,SAL20250069345,STR005,PRD00332,1,Wrong Item Delivered,556.82
RET2025000485,2025-06-29,SAL20250092761,STR035,PRD00488,1,Defective Item,995.48
RET2025000486,2025-11-20,SAL20250080617,STR010,PRD00732,1,Defective Item,4150.55
RET2025000487,2025-10-19,SAL20250049741,STR041,PRD01021,1,Size/Fit Issue,582.28
RET2025000488,2025-02-28,SAL20250053599,STR033,PRD00976,2,Defective Item,2251.38
RET2025000489,2025-10-30,SAL20250033104,STR021,PRD01139,2,Damaged in Transit,8121.54
RET2025000490,2025-03-11,SAL20250010245,STR016,PRD01038,1,Size/Fit Issue,565.57
RET2025000491,2025-05-12,SAL20250094401,STR016,PRD00640,1,Size/Fit Issue,209.4
RET2025000492,2025-02-15,SAL20250072713,STR028,PRD00632,1,Size/Fit Issue,758.72
RET2025000493,2025-03-02,SAL20250056242,STR028,PRD00108,1,Defective Item,22607.14
RET2025000494,2025-12-21,SAL20250080868,STR006,PRD00801,1,Size/Fit Issue,500.0
RET2025000495,2025-10-22,SAL20250082168,STR013,PRD01173,1,Wrong Item Delivered,1034.88
RET2025000496,2025-11-05,SAL20250082351,STR037,PRD00455,1,Defective Item,683.36
RET2025000497,2025-03-02,SAL20250034565,STR022,PRD00935,2,Size/Fit Issue,1642.86
RET2025000498,2025-08-04,SAL20250065649,STR020,PRD00061,2,Size/Fit Issue,15382.2
RET2025000499,2025-10-16,SAL20250027471,STR035,PRD00585,2,Defective Item,803.72
RET2025000500,2025-02-02,SAL20250079479,STR033,PRD00410,1,Customer Changed Mind,245.81
RET2025000501,2025-11-03,SAL20250070927,STR026,PRD00585,3,Wrong Item Delivered,1205.58
RET2025000502,2025-08-13,SAL20250054682,STR036,PRD00191,1,Wrong Item Delivered,7660.03
RET2025000503,2025-01-19,SAL20250069554,STR007,PRD00960,1,Size/Fit Issue,572.91
RET2025000504,2025-02-09,SAL20250062005,STR028,PRD01189,1,Damaged in Transit,5263.0
RET2025000505,2025-12-04,SAL20250093834,STR007,PRD00558,1,Size/Fit Issue,353.1
RET2025000506,2025-02-11,SAL20250081770,STR038,PRD00388,1,Damaged in Transit,522.1
RET2025000507,2025-01-10,SAL20250066545,STR010,PRD00139,1,Defective Item,2949.49
RET2025000508,2025-02-07,SAL20250076054,STR025,PRD00836,1,Customer Changed Mind,605.3
RET2025000509,2025-03-20,SAL20250002539,STR005,PRD00401,1,Customer Changed Mind,743.9
RET2025000510,2025-11-07,SAL20250007835,STR040,PRD00773,1,Size/Fit Issue,733.06
RET2025000511,2025-02-23,SAL20250078903,STR028,PRD00876,1,Wrong Item Delivered,2635.68
RET2025000512,2025-08-09,SAL20250054317,STR014,PRD01150,1,Wrong Item Delivered,4074.75
RET2025000513,2025-06-19,SAL20250096143,STR031,PRD00297,1,Customer Changed Mind,1248.97
RET2025000514,2025-09-16,SAL20250086545,STR003,PRD00526,1,Defective Item,712.58
RET2025000515,2025-07-08,SAL20250047395,STR021,PRD00010,1,Size/Fit Issue,14520.45
RET2025000516,2025-08-01,SAL20250035115,STR036,PRD00495,1,Defective Item,212.14
RET2025000517,2025-07-18,SAL20250075712,STR024,PRD00730,1,Damaged in Transit,3497.66
RET2025000518,2025-07-23,SAL20250080438,STR030,PRD00870,1,Size/Fit Issue,2808.24
RET2025000519,2025-11-19,SAL20250011653,STR019,PRD00514,1,Size/Fit Issue,1177.91
RET2025000520,2025-10-25,SAL20250088243,STR036,PRD00907,1,Wrong Item Delivered,1536.02
RET2025000521,2025-02-17,SAL20250074648,STR008,PRD00268,1,Defective Item,1061.68
RET2025000522,2025-07-20,SAL20250045170,STR033,PRD00597,1,Customer Changed Mind,765.55
RET2025000523,2025-02-18,SAL20250091568,STR006,PRD00947,1,Customer Changed Mind,413.13
RET2025000524,2025-02-10,SAL20250075227,STR007,PRD01110,1,Wrong Item Delivered,1048.97
RET2025000525,2025-11-09,SAL20250010570,STR041,PRD01103,1,Wrong Item Delivered,5704.94
RET2025000526,2025-05-04,SAL20250034593,STR023,PRD00859,1,Defective Item,500.0
RET2025000527,2025-03-08,SAL20250032658,STR016,PRD01193,1,Customer Changed Mind,1712.13
RET2025000528,2025-11-22,SAL20250052721,STR010,PRD00693,2,Size/Fit Issue,5024.44
RET2025000529,2025-01-23,SAL20250086465,STR022,PRD00673,2,Wrong Item Delivered,5370.36
RET2025000530,2025-10-15,SAL20250030971,STR038,PRD00751,1,Customer Changed Mind,3034.29
RET2025000531,2025-05-15,SAL20250029856,STR020,PRD01118,1,Customer Changed Mind,5734.69
RET2025000532,2025-02-03,SAL20250057275,STR031,PRD00437,2,Defective Item,640.42
RET2025000533,2025-10-19,SAL20250058492,STR007,PRD01119,2,Customer Changed Mind,18329.18
RET2025000534,2025-10-02,SAL20250034065,STR005,PRD00665,1,Defective Item,157.57
RET2025000535,2025-11-06,SAL20250032091,STR004,PRD00657,1,Defective Item,272.71
RET2025000536,2025-11-13,SAL20250060903,STR033,PRD01010,1,Wrong Item Delivered,762.29
RET2025000537,2025-04-16,SAL20250020005,STR005,PRD00926,1,Size/Fit Issue,683.78
RET2025000538,2025-05-05,SAL20250092484,STR001,PRD00223,1,Customer Changed Mind,11271.43
RET2025000539,2025-09-24,SAL20250083959,STR019,PRD00761,1,Size/Fit Issue,367.88
RET2025000540,2025-01-25,SAL20250030281,STR002,PRD00928,1,Wrong Item Delivered,2503.87
RET2025000541,2025-12-08,SAL20250022581,STR025,PRD00511,2,Defective Item,1418.58
RET2025000542,2025-03-06,SAL20250013587,STR017,PRD00470,2,Customer Changed Mind,833.54
RET2025000543,2025-12-21,SAL20250051671,STR004,PRD00493,1,Wrong Item Delivered,517.33
RET2025000544,2025-11-19,SAL20250058036,STR029,PRD01142,1,Customer Changed Mind,3878.91
RET2025000545,2025-09-01,SAL20250066852,STR006,PRD01068,1,Damaged in Transit,5954.4
RET2025000546,2025-07-19,SAL20250060371,STR030,PRD01097,1,Wrong Item Delivered,4205.24
RET2025000547,2025-07-12,SAL20250094681,STR005,PRD01038,1,Size/Fit Issue,565.57
RET2025000548,2025-06-12,SAL20250017822,STR012,PRD00520,1,Damaged in Transit,482.69
RET2025000549,2025-11-25,SAL20250038415,STR023,PRD00150,1,Wrong Item Delivered,1288.03
RET2025000550,2025-06-28,SAL20250087928,STR040,PRD00797,1,Customer Changed Mind,567.41
RET2025000551,2025-06-08,SAL20250021270,STR017,PRD00220,3,Defective Item,17578.38
RET2025000552,2025-03-28,SAL20250090092,STR022,PRD01077,1,Defective Item,8389.04
RET2025000553,2025-06-16,SAL20250038811,STR025,PRD00936,1,Size/Fit Issue,964.58
RET2025000554,2025-04-21,SAL20250006783,STR016,PRD00615,1,Defective Item,478.74
RET2025000555,2025-04-08,SAL20250068409,STR038,PRD00782,1,Size/Fit Issue,3353.32
RET2025000556,2025-01-24,SAL20250027862,STR031,PRD01010,2,Defective Item,1524.58
RET2025000557,2025-04-11,SAL20250062391,STR028,PRD00092,2,Size/Fit Issue,13151.04
RET2025000558,2025-10-29,SAL20250007841,STR038,PRD00520,1,Wrong Item Delivered,482.69
RET2025000559,2025-05-20,SAL20250029194,STR025,PRD00812,1,Defective Item,3142.68
RET2025000560,2025-06-01,SAL20250001939,STR023,PRD00240,1,Defective Item,10596.37
RET2025000561,2025-09-11,SAL20250035881,STR016,PRD00022,1,Wrong Item Delivered,22149.39
RET2025000562,2025-01-19,SAL20250035946,STR019,PRD00392,3,Defective Item,1310.22
RET2025000563,2025-01-29,SAL20250030897,STR011,PRD01194,1,Customer Changed Mind,6442.41
RET2025000564,2025-02-04,SAL20250076776,STR039,PRD00831,1,Size/Fit Issue,2902.42
RET2025000565,2025-02-12,SAL20250019408,STR021,PRD00940,1,Defective Item,57.11
RET2025000566,2025-09-02,SAL20250065709,STR024,PRD00291,1,Wrong Item Delivered,469.9
RET2025000567,2025-03-03,SAL20250052625,STR030,PRD00164,1,Defective Item,7383.75
RET2025000568,2025-05-16,SAL20250053787,STR009,PRD00707,2,Wrong Item Delivered,4866.76
RET2025000569,2025-06-13,SAL20250052851,STR040,PRD00414,1,Defective Item,546.79
RET2025000570,2025-11-02,SAL20250021239,STR040,PRD00244,1,Defective Item,9135.72
RET2025000571,2025-12-07,SAL20250043687,STR004,PRD00138,2,Defective Item,6920.04
RET2025000572,2025-09-12,SAL20250074390,STR009,PRD00430,1,Damaged in Transit,129.33
RET2025000573,2025-11-20,SAL20250074443,STR028,PRD00837,1,Wrong Item Delivered,4012.56
RET2025000574,2025-05-29,SAL20250070992,STR010,PRD00486,1,Defective Item,161.3
RET2025000575,2025-09-25,SAL20250022828,STR021,PRD00544,1,Customer Changed Mind,114.7
RET2025000576,2025-12-25,SAL20250004246,STR036,PRD00004,1,Customer Changed Mind,18331.36
RET2025000577,2025-08-24,SAL20250033094,STR002,PRD00577,1,Damaged in Transit,262.74
RET2025000578,2025-02-25,SAL20250068978,STR029,PRD00499,1,Size/Fit Issue,309.01
RET2025000579,2025-05-09,SAL20250028238,STR041,PRD00032,1,Wrong Item Delivered,19217.6
RET2025000580,2025-07-21,SAL20250037906,STR006,PRD00902,1,Wrong Item Delivered,258.19
RET2025000581,2025-07-31,SAL20250091567,STR007,PRD00617,1,Defective Item,496.18
RET2025000582,2025-01-16,SAL20250072900,STR019,PRD00676,2,Size/Fit Issue,8360.74
RET2025000583,2025-03-17,SAL20250024576,STR016,PRD00662,1,Defective Item,192.14
RET2025000584,2025-12-03,SAL20250012619,STR041,PRD00435,1,Defective Item,718.79
RET2025000585,2025-02-01,SAL20250064982,STR006,PRD00220,1,Customer Changed Mind,5859.46
RET2025000586,2025-03-03,SAL20250061135,STR014,PRD00993,3,Defective Item,506.85
RET2025000587,2025-09-29,SAL20250025934,STR003,PRD00648,1,Size/Fit Issue,715.75
RET2025000588,2025-11-04,SAL20250089015,STR003,PRD00899,1,Wrong Item Delivered,2165.69
RET2025000589,2025-08-27,SAL20250056507,STR034,PRD00295,2,Size/Fit Issue,2048.9
RET2025000590,2025-04-09,SAL20250058395,STR032,PRD01075,1,Damaged in Transit,6164.63
RET2025000591,2025-10-14,SAL20250028091,STR033,PRD00576,1,Customer Changed Mind,451.26
RET2025000592,2025-05-15,SAL20250015586,STR034,PRD00457,1,Defective Item,726.05
RET2025000593,2025-05-25,SAL20250088935,STR017,PRD01143,1,Size/Fit Issue,5565.18
RET2025000594,2025-06-01,SAL20250060430,STR034,PRD00763,1,Defective Item,3968.33
RET2025000595,2025-05-11,SAL20250078773,STR017,PRD00792,1,Customer Changed Mind,5089.33
RET2025000596,2025-09-06,SAL20250054007,STR040,PRD00238,2,Defective Item,9969.46
RET2025000597,2025-02-16,SAL20250006644,STR021,PRD00217,1,Defective Item,8159.94
RET2025000598,2025-04-06,SAL20250000594,STR037,PRD00138,1,Defective Item,3460.02
RET2025000599,2025-11-06,SAL20250035425,STR037,PRD00253,1,Customer Changed Mind,9663.5
RET2025000600,2025-03-20,SAL20250086232,STR025,PRD00484,2,Customer Changed Mind,1356.32
RET2025000601,2025-06-24,SAL20250097470,STR013,PRD01186,1,Defective Item,3042.91
RET2025000602,2025-08-17,SAL20250068698,STR004,PRD01133,1,Defective Item,8197.9
RET2025000603,2025-01-06,SAL20250040566,STR014,PRD00403,1,Customer Changed Mind,158.56
RET2025000604,2025-04-05,SAL20250090192,STR015,PRD00896,3,Defective Item,765.93
RET2025000605,2025-12-24,SAL20250024107,STR029,PRD01191,1,Defective Item,6431.83
RET2025000606,2025-04-19,SAL20250003214,STR005,PRD00536,1,Defective Item,393.56
RET2025000607,2025-12-30,SAL20250063897,STR035,PRD00962,1,Damaged in Transit,708.41
RET2025000608,2025-12-24,SAL20250052583,STR005,PRD00209,1,Defective Item,4015.2
RET2025000609,2025-07-22,SAL20250061365,STR030,PRD01073,1,Damaged in Transit,4074.99
RET2025000610,2025-02-16,SAL20250060099,STR028,PRD00467,1,Damaged in Transit,528.8
RET2025000611,2025-05-04,SAL20250056596,STR023,PRD00663,1,Defective Item,109.46
RET2025000612,2025-08-17,SAL20250030227,STR014,PRD00521,1,Wrong Item Delivered,947.8
RET2025000613,2025-10-03,SAL20250080220,STR002,PRD00168,1,Size/Fit Issue,8820.25
RET2025000614,2025-11-03,SAL20250042465,STR040,PRD00804,1,Customer Changed Mind,782.93
RET2025000615,2025-01-22,SAL20250092131,STR039,PRD00720,1,Damaged in Transit,3749.56
RET2025000616,2025-05-26,SAL20250083573,STR009,PRD00535,1,Defective Item,314.95
RET2025000617,2025-08-01,SAL20250004420,STR029,PRD00939,1,Defective Item,463.84
RET2025000618,2025-09-08,SAL20250087498,STR034,PRD01149,1,Damaged in Transit,4599.19
RET2025000619,2025-10-08,SAL20250009091,STR030,PRD01156,1,Customer Changed Mind,3916.29
RET2025000620,2025-01-18,SAL20250018298,STR005,PRD00327,1,Customer Changed Mind,500.0
RET2025000621,2025-12-17,SAL20250072345,STR022,PRD00871,1,Size/Fit Issue,1211.65
RET2025000622,2025-02-03,SAL20250076260,STR019,PRD00880,1,Wrong Item Delivered,430.21
RET2025000623,2025-07-27,SAL20250013834,STR005,PRD00526,2,Customer Changed Mind,1425.16
RET2025000624,2025-10-21,SAL20250085059,STR012,PRD00194,1,Customer Changed Mind,5905.12
RET2025000625,2025-12-03,SAL20250020472,STR021,PRD00747,1,Size/Fit Issue,1306.66
RET2025000626,2025-12-22,SAL20250024871,STR024,PRD00080,1,Defective Item,17292.25
RET2025000627,2025-01-17,SAL20250059989,STR033,PRD00961,1,Defective Item,294.28
RET2025000628,2025-06-22,SAL20250008603,STR018,PRD00081,1,Damaged in Transit,19888.54
RET2025000629,2025-12-19,SAL20250010582,STR013,PRD00568,1,Defective Item,465.88
RET2025000630,2025-12-17,SAL20250099589,STR015,PRD00959,1,Customer Changed Mind,664.61
RET2025000631,2025-10-12,SAL20250007528,STR030,PRD00975,1,Size/Fit Issue,912.31
RET2025000632,2025-08-17,SAL20250036042,STR007,PRD00599,1,Size/Fit Issue,273.52
RET2025000633,2025-06-23,SAL20250085090,STR002,PRD01058,2,Size/Fit Issue,423.14
RET2025000634,2025-08-16,SAL20250049963,STR035,PRD00603,1,Wrong Item Delivered,196.91
RET2025000635,2025-04-30,SAL20250047913,STR018,PRD00036,1,Defective Item,8731.85
RET2025000636,2025-02-12,SAL20250033215,STR036,PRD00778,3,Customer Changed Mind,2627.61
RET2025000637,2025-04-03,SAL20250030972,STR038,PRD00330,1,Wrong Item Delivered,275.94
RET2025000638,2025-12-03,SAL20250033497,STR021,PRD00546,1,Customer Changed Mind,854.43
RET2025000639,2025-04-05,SAL20250043990,STR037,PRD00253,1,Customer Changed Mind,9663.5
RET2025000640,2025-08-17,SAL20250063788,STR026,PRD00946,1,Wrong Item Delivered,937.06
RET2025000641,2025-02-25,SAL20250077118,STR030,PRD00810,1,Size/Fit Issue,406.14
RET2025000642,2025-05-10,SAL20250084827,STR020,PRD00726,1,Size/Fit Issue,2171.72
RET2025000643,2025-09-21,SAL20250015283,STR038,PRD00057,1,Defective Item,2490.08
RET2025000644,2025-12-07,SAL20250062221,STR006,PRD00422,2,Defective Item,437.46
RET2025000645,2025-09-26,SAL20250075316,STR026,PRD00530,1,Damaged in Transit,663.27
RET2025000646,2025-09-11,SAL20250049672,STR019,PRD00380,1,Size/Fit Issue,304.64
RET2025000647,2025-04-05,SAL20250037895,STR028,PRD00122,1,Customer Changed Mind,23504.26
RET2025000648,2025-12-21,SAL20250021265,STR002,PRD01128,1,Defective Item,2522.35
RET2025000649,2025-11-08,SAL20250031861,STR008,PRD00948,1,Damaged in Transit,38.1
RET2025000650,2025-01-24,SAL20250020573,STR019,PRD00993,1,Defective Item,168.95
RET2025000651,2025-04-04,SAL20250095164,STR002,PRD00597,1,Wrong Item Delivered,765.55
RET2025000652,2025-07-31,SAL20250017833,STR029,PRD00138,1,Size/Fit Issue,3460.02
RET2025000653,2025-08-31,SAL20250074101,STR033,PRD00347,1,Customer Changed Mind,1133.22
RET2025000654,2025-05-23,SAL20250089590,STR035,PRD00003,1,Wrong Item Delivered,810.89
RET2025000655,2025-06-14,SAL20250084793,STR004,PRD00970,1,Wrong Item Delivered,370.51
RET2025000656,2025-03-13,SAL20250012315,STR002,PRD01011,1,Wrong Item Delivered,265.01
RET2025000657,2025-10-29,SAL20250035478,STR006,PRD00099,1,Customer Changed Mind,19924.5
RET2025000658,2025-02-27,SAL20250062576,STR001,PRD00990,1,Customer Changed Mind,577.78
RET2025000659,2025-05-12,SAL20250069968,STR019,PRD00283,1,Wrong Item Delivered,917.06
RET2025000660,2025-04-02,SAL20250077687,STR034,PRD00424,1,Defective Item,428.73
RET2025000661,2025-01-09,SAL20250085442,STR009,PRD01131,1,Customer Changed Mind,6280.13
RET2025000662,2025-03-15,SAL20250007911,STR021,PRD00830,1,Customer Changed Mind,1783.32
RET2025000663,2025-11-20,SAL20250055304,STR004,PRD00599,1,Damaged in Transit,273.52
RET2025000664,2025-08-22,SAL20250064998,STR009,PRD00822,1,Damaged in Transit,3937.8
RET2025000665,2025-03-21,SAL20250064808,STR015,PRD00669,1,Wrong Item Delivered,3235.01
RET2025000666,2025-10-24,SAL20250082930,STR013,PRD01165,1,Customer Changed Mind,6335.51
RET2025000667,2025-07-08,SAL20250062579,STR026,PRD00915,1,Defective Item,703.59
RET2025000668,2025-07-30,SAL20250032374,STR026,PRD00985,1,Defective Item,79.43
RET2025000669,2025-09-28,SAL20250053049,STR001,PRD00364,2,Customer Changed Mind,592.4
RET2025000670,2025-07-12,SAL20250010038,STR013,PRD00447,1,Defective Item,458.65
RET2025000671,2025-03-17,SAL20250078075,STR038,PRD00276,1,Defective Item,499.9
RET2025000672,2025-08-03,SAL20250056535,STR003,PRD00105,1,Defective Item,9145.0
RET2025000673,2025-06-13,SAL20250044669,STR033,PRD01051,1,Size/Fit Issue,694.43
RET2025000674,2025-11-08,SAL20250093071,STR005,PRD00969,1,Size/Fit Issue,147.34
RET2025000675,2025-11-07,SAL20250099436,STR028,PRD00667,1,Damaged in Transit,129.77
RET2025000676,2025-07-06,SAL20250085542,STR018,PRD00592,1,Defective Item,365.4
RET2025000677,2025-11-02,SAL20250057864,STR035,PRD00923,2,Damaged in Transit,7622.9
RET2025000678,2025-07-27,SAL20250056584,STR020,PRD00582,2,Damaged in Transit,1070.64
RET2025000679,2025-05-22,SAL20250083597,STR020,PRD00133,1,Customer Changed Mind,10102.94
RET2025000680,2025-05-20,SAL20250041822,STR014,PRD00765,1,Defective Item,1419.48
RET2025000681,2025-05-15,SAL20250057892,STR010,PRD00520,1,Wrong Item Delivered,482.69
RET2025000682,2025-03-30,SAL20250087149,STR007,PRD00580,3,Size/Fit Issue,1117.77
RET2025000683,2025-11-24,SAL20250063844,STR029,PRD01109,1,Defective Item,5029.33
RET2025000684,2025-02-18,SAL20250092381,STR023,PRD00757,1,Customer Changed Mind,1608.8
RET2025000685,2025-09-04,SAL20250023328,STR011,PRD00749,1,Customer Changed Mind,4060.84
RET2025000686,2025-11-05,SAL20250020844,STR018,PRD00279,1,Defective Item,-704.62
RET2025000687,2025-11-08,SAL20250012230,STR037,PRD00736,1,Defective Item,1942.77
RET2025000688,2025-08-08,SAL20250004247,STR024,PRD00109,1,Customer Changed Mind,12280.41
RET2025000689,2025-08-10,SAL20250089139,STR008,PRD00114,1,Defective Item,17643.2
RET2025000690,2025-11-14,SAL20250098112,STR041,PRD01108,1,Size/Fit Issue,4924.79
RET2025000691,2025-05-12,SAL20250018701,STR034,PRD00473,1,Defective Item,113.62
RET2025000692,2025-08-31,SAL20250048200,STR001,PRD00581,1,Customer Changed Mind,310.86
RET2025000693,2025-04-22,SAL20250003012,STR008,PRD01099,1,Defective Item,4242.7
RET2025000694,2025-12-06,SAL20250036302,STR008,PRD01186,1,Size/Fit Issue,3042.91
RET2025000695,2025-01-12,SAL20250076407,STR023,PRD00848,1,Damaged in Transit,2441.1
RET2025000696,2025-12-03,SAL20250018598,STR034,PRD00085,1,Size/Fit Issue,26032.76
RET2025000697,2025-09-04,SAL20250013800,STR032,PRD00625,1,Customer Changed Mind,629.94
RET2025000698,2025-04-09,SAL20250098105,STR016,PRD00908,1,Defective Item,2285.46
RET2025000699,2025-11-28,SAL20250057076,STR001,PRD00468,1,Size/Fit Issue,180.53
RET2025000700,2025-05-18,SAL20250066791,STR034,PRD00232,1,Size/Fit Issue,6785.18
RET2025000701,2025-10-26,SAL20250094441,STR038,PRD00768,1,Wrong Item Delivered,281.0
RET2025000702,2025-05-27,SAL20250076955,STR034,PRD00740,1,Defective Item,3926.7
RET2025000703,2025-05-11,SAL20250047694,STR017,PRD00632,1,Defective Item,758.72
RET2025000704,2025-10-23,SAL20250082958,STR015,PRD00391,1,Size/Fit Issue,716.46
RET2025000705,2025-02-05,SAL20250005915,STR002,PRD00872,1,Size/Fit Issue,467.45
RET2025000706,2025-02-08,SAL20250015255,STR033,PRD01121,2,Damaged in Transit,4207.04
RET2025000707,2025-07-21,SAL20250095383,STR021,PRD00880,1,Damaged in Transit,430.21
RET2025000708,2025-08-04,SAL20250079806,STR016,PRD00342,1,Size/Fit Issue,1186.13
RET2025000709,2025-05-26,SAL20250041858,STR034,PRD00632,1,Defective Item,758.72
RET2025000710,2025-10-31,SAL20250086844,STR035,PRD01000,1,Wrong Item Delivered,495.66
RET2025000711,2025-03-05,SAL20250092578,STR008,PRD01019,1,Wrong Item Delivered,948.07
RET2025000712,2025-11-05,SAL20250045823,STR040,PRD00187,1,Size/Fit Issue,5314.8
RET2025000713,2025-08-17,SAL20250059010,STR034,PRD00324,1,Customer Changed Mind,1095.89
RET2025000714,2025-06-15,SAL20250017161,STR003,PRD00860,2,Customer Changed Mind,1388.26
RET2025000715,2025-11-23,SAL20250073582,STR035,PRD00404,2,Damaged in Transit,1390.92
RET2025000716,2025-04-27,SAL20250097637,STR011,PRD00638,1,Defective Item,188.95
RET2025000717,2025-05-19,SAL20250041975,STR017,PRD00092,2,Defective Item,13151.04
RET2025000718,2025-11-05,SAL20250053297,STR003,PRD00768,1,Defective Item,281.0
RET2025000719,2025-08-31,SAL20250003707,STR038,PRD01162,1,Size/Fit Issue,3657.07
RET2025000720,2025-04-29,SAL20250087889,STR007,PRD00937,1,Defective Item,262.48
RET2025000721,2025-08-07,SAL20250005875,STR024,PRD00870,1,Defective Item,2808.24
RET2025000722,2025-03-01,SAL20250008149,STR012,PRD00712,2,Size/Fit Issue,3160.0
RET2025000723,2025-12-24,SAL20250079927,STR016,PRD00949,1,Size/Fit Issue,855.15
RET2025000724,2025-10-20,SAL20250014920,STR016,PRD00452,1,Damaged in Transit,1046.75
RET2025000725,2025-04-17,SAL20250045491,STR023,PRD00631,1,Damaged in Transit,725.12
RET2025000726,2025-03-03,SAL20250017949,STR023,PRD00250,1,Wrong Item Delivered,3877.74
RET2025000727,2025-04-05,SAL20250065332,STR032,PRD00108,1,Size/Fit Issue,22607.14
RET2025000728,2025-12-18,SAL20250003645,STR026,PRD00655,1,Defective Item,75.89
RET2025000729,2025-01-14,SAL20250059238,STR004,PRD00777,1,Defective Item,3515.65
RET2025000730,2025-01-09,SAL20250013887,STR039,PRD00692,1,Wrong Item Delivered,1997.13
RET2025000731,2025-12-11,SAL20250004251,STR017,PRD00894,1,Defective Item,2403.9
RET2025000732,2025-01-23,SAL20250077530,STR002,PRD00292,2,Wrong Item Delivered,1951.94
RET2025000733,2025-04-19,SAL20250003295,STR003,PRD00303,1,Defective Item,674.18
RET2025000734,2025-03-09,SAL20250086551,STR009,PRD00470,1,Defective Item,416.77
RET2025000735,2025-11-27,SAL20250004619,STR033,PRD00641,1,Size/Fit Issue,499.93
RET2025000736,2025-07-05,SAL20250059914,STR006,PRD00786,2,Wrong Item Delivered,4543.88
RET2025000737,2025-08-31,SAL20250019894,STR039,PRD00839,1,Wrong Item Delivered,2839.58
RET2025000738,2025-08-21,SAL20250011298,STR016,PRD00641,2,Damaged in Transit,999.86
RET2025000739,2025-08-23,SAL20250046504,STR024,PRD00210,1,Customer Changed Mind,8463.87
RET2025000740,2025-06-22,SAL20250092721,STR031,PRD00717,1,Defective Item,402.54
RET2025000741,2025-08-16,SAL20250030401,STR020,PRD00749,1,Defective Item,4060.84
RET2025000742,2025-02-10,SAL20250004732,STR038,PRD00703,2,Size/Fit Issue,1880.2
RET2025000743,2025-03-14,SAL20250054648,STR036,PRD00534,1,Size/Fit Issue,97.09
RET2025000744,2025-12-17,SAL20250038139,STR031,PRD01141,1,Damaged in Transit,1387.21
RET2025000745,2025-12-16,SAL20250097772,STR036,PRD00606,1,Defective Item,516.03
RET2025000746,2025-08-12,SAL20250053674,STR020,PRD00878,1,Defective Item,1229.84
RET2025000747,2025-05-29,SAL20250018351,STR018,PRD00095,1,Defective Item,18324.65
RET2025000748,2025-05-23,SAL20250048825,STR021,PRD00229,2,Defective Item,4027.86
RET2025000749,2025-05-28,SAL20250080804,STR023,PRD00100,2,Size/Fit Issue,28589.62
RET2025000750,2025-10-29,SAL20250051048,STR032,PRD00995,3,Damaged in Transit,1756.32
RET2025000751,2025-10-04,SAL20250086970,STR040,PRD00982,1,Damaged in Transit,104.72
RET2025000752,2025-09-18,SAL20250093981,STR001,PRD00392,1,Wrong Item Delivered,436.74
RET2025000753,2025-08-11,SAL20250001962,STR017,PRD00758,1,Customer Changed Mind,4375.02
RET2025000754,2025-06-22,SAL20250062776,STR036,PRD00293,1,Defective Item,859.61
RET2025000755,2025-04-22,SAL20250046039,STR036,PRD00057,1,Defective Item,2490.08
RET2025000756,2025-01-18,SAL20250090894,STR013,PRD00553,1,Defective Item,150.28
RET2025000757,2025-12-09,SAL20250015498,STR040,PRD00406,1,Defective Item,663.68
RET2025000758,2025-08-19,SAL20250013573,STR022,PRD01117,1,Defective Item,2651.1
RET2025000759,2025-09-10,SAL20250096118,STR011,PRD01184,2,Defective Item,13855.06
RET2025000760,2025-07-22,SAL20250011059,STR020,PRD00396,1,Wrong Item Delivered,713.53
RET2025000761,2025-12-26,SAL20250012130,STR002,PRD00272,1,Damaged in Transit,610.52
RET2025000762,2025-06-08,SAL20250020297,STR028,PRD00129,1,Size/Fit Issue,19597.62
RET2025000763,2025-04-01,SAL20250017493,STR038,PRD00546,1,Defective Item,854.43
RET2025000764,2025-09-22,SAL20250099306,STR013,PRD00249,3,Damaged in Transit,14574.0
RET2025000765,2025-05-26,SAL20250097984,STR003,PRD01106,1,Defective Item,3135.75
RET2025000766,2025-10-22,SAL20250071718,STR030,PRD00165,2,Wrong Item Delivered,20529.8
RET2025000767,2025-12-06,SAL20250020236,STR006,PRD00826,1,Damaged in Transit,174.23
RET2025000768,2025-07-23,SAL20250003308,STR002,PRD00214,1,Defective Item,9551.75
RET2025000769,2025-01-13,SAL20250098761,STR025,PRD00485,1,Defective Item,693.22
RET2025000770,2025-07-17,SAL20250039827,STR041,PRD00864,1,Defective Item,1725.02
RET2025000771,2025-10-10,SAL20250022257,STR019,PRD00011,2,Customer Changed Mind,26458.24
RET2025000772,2025-05-09,SAL20250032695,STR017,PRD00133,1,Wrong Item Delivered,10102.94
RET2025000773,2025-11-28,SAL20250003404,STR024,PRD00891,1,Size/Fit Issue,506.36
RET2025000774,2025-03-05,SAL20250008556,STR020,PRD00619,1,Wrong Item Delivered,215.37
RET2025000775,2025-08-31,SAL20250020607,STR015,PRD00142,1,Damaged in Transit,4154.89
RET2025000776,2025-11-07,SAL20250067441,STR026,PRD00407,1,Wrong Item Delivered,687.91
RET2025000777,2025-09-30,SAL20250097796,STR001,PRD00977,1,Customer Changed Mind,417.51
RET2025000778,2025-01-13,SAL20250085314,STR029,PRD00682,1,Damaged in Transit,3799.71
RET2025000779,2025-04-23,SAL20250071677,STR011,PRD00373,1,Customer Changed Mind,159.48
RET2025000780,2025-03-05,SAL20250056051,STR002,PRD00158,1,Damaged in Transit,3798.87
RET2025000781,2025-04-06,SAL20250070968,STR010,PRD00868,1,Size/Fit Issue,1450.33
RET2025000782,2025-10-16,SAL20250075832,STR025,PRD00442,1,Defective Item,148.56
RET2025000783,2025-02-25,SAL20250079294,STR010,PRD00897,1,Wrong Item Delivered,3626.87
RET2025000784,2025-01-15,SAL20250051711,STR024,PRD00418,1,Wrong Item Delivered,378.6
RET2025000785,2025-07-22,SAL20250039564,STR034,PRD00979,1,Defective Item,62.69
RET2025000786,2025-08-14,SAL20250090360,STR031,PRD00062,1,Defective Item,21073.23
RET2025000787,2025-09-24,SAL20250066625,STR019,PRD00607,1,Wrong Item Delivered,313.72
RET2025000788,2025-09-20,SAL20250002721,STR011,PRD00603,1,Defective Item,196.91
RET2025000789,2025-08-21,SAL20250070203,STR001,PRD00975,1,Customer Changed Mind,912.31
RET2025000790,2025-06-04,SAL20250069720,STR014,PRD00507,1,Size/Fit Issue,259.46
RET2025000791,2025-03-30,SAL20250086515,STR002,PRD00153,1,Wrong Item Delivered,12724.66
RET2025000792,2025-05-30,SAL20250077730,STR040,PRD00915,2,Customer Changed Mind,1407.18
RET2025000793,2025-10-06,SAL20250095540,STR022,PRD00772,1,Defective Item,988.94
RET2025000794,2025-07-21,SAL20250070777,STR015,PRD00640,1,Size/Fit Issue,209.4
RET2025000795,2025-02-11,SAL20250058583,STR022,PRD01127,1,Wrong Item Delivered,730.99
RET2025000796,2025-03-14,SAL20250009326,STR037,PRD00037,1,Defective Item,21728.77
RET2025000797,2025-08-22,SAL20250014575,STR038,PRD00452,1,Size/Fit Issue,1046.75
RET2025000798,2025-06-22,SAL20250063001,STR004,PRD00932,1,Size/Fit Issue,479.96
RET2025000799,2025-09-17,SAL20250011080,STR013,PRD00479,2,Defective Item,606.98
RET2025000800,2025-09-07,SAL20250079563,STR017,PRD00121,1,Customer Changed Mind,13928.8
RET2025000801,2025-02-01,SAL20250082268,STR002,PRD00169,1,Defective Item,8761.68
RET2025000802,2025-11-12,SAL20250010252,STR003,PRD00011,1,Customer Changed Mind,13229.12
RET2025000803,2025-05-22,SAL20250043434,STR014,PRD00880,2,Customer Changed Mind,860.42
RET2025000804,2025-10-15,SAL20250092871,STR041,PRD00585,1,Wrong Item Delivered,401.86
RET2025000805,2025-05-18,SAL20250074151,STR027,PRD00157,1,Size/Fit Issue,5982.96
RET2025000806,2025-01-27,SAL20250013605,STR009,PRD00221,1,Wrong Item Delivered,9230.37
RET2025000807,2025-07-27,SAL20250003229,STR024,PRD00034,1,Wrong Item Delivered,761.93
RET2025000808,2025-09-23,SAL20250043998,STR025,PRD01058,1,Damaged in Transit,211.57
RET2025000809,2025-02-11,SAL20250063760,STR027,PRD00574,1,Size/Fit Issue,560.83
RET2025000810,2025-06-06,SAL20250004405,STR003,PRD00594,1,Size/Fit Issue,129.17
RET2025000811,2025-12-23,SAL20250060161,STR001,PRD01162,1,Size/Fit Issue,3657.07
RET2025000812,2025-05-07,SAL20250067388,STR009,PRD00288,2,Size/Fit Issue,1655.78
RET2025000813,2025-08-15,SAL20250056840,STR015,PRD00062,1,Customer Changed Mind,21073.23
RET2025000814,2025-12-21,SAL20250047164,STR001,PRD00736,1,Wrong Item Delivered,1942.77
RET2025000815,2025-06-14,SAL20250081201,STR029,PRD00309,1,Customer Changed Mind,1344.75
RET2025000816,2025-04-01,SAL20250009280,STR004,PRD00511,1,Defective Item,709.29
RET2025000817,2025-06-14,SAL20250093469,STR024,PRD00421,1,Wrong Item Delivered,579.98
RET2025000818,2025-11-13,SAL20250025455,STR010,PRD00913,1,Defective Item,3252.33
RET2025000819,2025-04-20,SAL20250054171,STR031,PRD00752,1,Size/Fit Issue,4535.72
RET2025000820,2025-10-31,SAL20250063724,STR028,PRD00163,3,Customer Changed Mind,38131.14
RET2025000821,2025-02-20,SAL20250035577,STR016,PRD00674,1,Size/Fit Issue,2861.74
RET2025000822,2025-04-13,SAL20250009426,STR013,PRD01141,1,Defective Item,1387.21
RET2025000823,2025-11-16,SAL20250094318,STR018,PRD00076,1,Wrong Item Delivered,13611.14
RET2025000824,2025-09-21,SAL20250055153,STR025,PRD00730,1,Defective Item,3497.66
RET2025000825,2025-06-19,SAL20250085963,STR004,PRD00189,1,Defective Item,8529.1
RET2025000826,2025-02-08,SAL20250095651,STR028,PRD01166,1,Size/Fit Issue,3220.85
RET2025000827,2025-07-08,SAL20250081326,STR002,PRD00841,3,Defective Item,5895.51
RET2025000828,2025-05-21,SAL20250091394,STR019,PRD00402,1,Defective Item,947.11
RET2025000829,2025-03-31,SAL20250078390,STR035,PRD00110,1,Wrong Item Delivered,26501.66
RET2025000830,2025-01-19,SAL20250018522,STR029,PRD00392,1,Wrong Item Delivered,436.74
RET2025000831,2025-08-15,SAL20250070987,STR017,PRD00217,1,Size/Fit Issue,8159.94
RET2025000832,2025-04-14,SAL20250038318,STR018,PRD01089,1,Defective Item,8670.13
RET2025000833,2025-11-06,SAL20250082945,STR018,PRD00046,1,Wrong Item Delivered,12754.14
RET2025000834,2025-07-31,SAL20250006163,STR003,PRD00691,1,Size/Fit Issue,1815.13
RET2025000835,2025-03-18,SAL20250080056,STR030,PRD00937,2,Customer Changed Mind,524.96
RET2025000836,2025-12-31,SAL20250083303,STR025,PRD00634,1,Defective Item,509.03
RET2025000837,2025-04-30,SAL20250075425,STR015,PRD00004,1,Wrong Item Delivered,18331.36
RET2025000838,2025-11-03,SAL20250061269,STR010,PRD00445,1,Defective Item,417.63
RET2025000839,2025-08-08,SAL20250057277,STR038,PRD00975,1,Defective Item,912.31
RET2025000840,2025-05-21,SAL20250047647,STR016,PRD00351,1,Defective Item,802.18
RET2025000841,2025-11-10,SAL20250020821,STR008,PRD00790,1,Defective Item,1379.35
RET2025000842,2025-07-26,SAL20250054863,STR040,PRD00179,1,Defective Item,5253.14
RET2025000843,2025-10-30,SAL20250068531,STR022,PRD01017,1,Customer Changed Mind,1092.19
RET2025000844,2025-11-20,SAL20250034625,STR040,PRD00564,1,Customer Changed Mind,566.41
RET2025000845,2025-08-21,SAL20250054116,STR037,PRD01063,2,Size/Fit Issue,1494.64
RET2025000846,2025-11-05,SAL20250070024,STR031,PRD00521,1,Defective Item,947.8
RET2025000847,2025-05-31,SAL20250014976,STR014,PRD00884,1,Damaged in Transit,1777.05
RET2025000848,2025-01-06,SAL20250050194,STR007,PRD00136,1,Wrong Item Delivered,8242.41
RET2025000849,2025-01-31,SAL20250073452,STR041,PRD00999,1,Customer Changed Mind,1102.59
RET2025000850,2025-08-15,SAL20250039067,STR026,PRD00371,1,Defective Item,199.9
RET2025000851,2025-02-02,SAL20250021477,STR039,PRD00530,2,Wrong Item Delivered,1326.54
RET2025000852,2025-12-11,SAL20250054000,STR024,PRD01084,1,Customer Changed Mind,10498.54
RET2025000853,2025-01-12,SAL20250092041,STR038,PRD01016,2,Wrong Item Delivered,507.12
RET2025000854,2025-01-07,SAL20250046219,STR018,PRD00787,1,Defective Item,291.05
RET2025000855,2025-12-09,SAL20250040196,STR021,PRD00248,1,Wrong Item Delivered,9547.84
RET2025000856,2025-08-22,SAL20250081721,STR037,PRD00047,1,Wrong Item Delivered,27210.89
RET2025000857,2025-02-09,SAL20250050985,STR015,PRD01004,1,Customer Changed Mind,128.91
RET2025000858,2025-01-09,SAL20250064659,STR033,PRD00538,2,Damaged in Transit,115.78
RET2025000859,2025-03-06,SAL20250092089,STR007,PRD00279,2,Customer Changed Mind,1409.24
RET2025000860,2025-06-27,SAL20250036038,STR014,PRD00264,1,Defective Item,4452.38
RET2025000861,2025-12-14,SAL20250064023,STR003,PRD00190,1,Damaged in Transit,12169.57
RET2025000862,2025-02-21,SAL20250028064,STR038,PRD00233,1,Size/Fit Issue,9134.67
RET2025000863,2025-07-13,SAL20250030223,STR031,PRD00115,1,Customer Changed Mind,5778.27
RET2025000864,2025-03-12,SAL20250050546,STR003,PRD00327,1,Customer Changed Mind,500.0
RET2025000865,2025-01-10,SAL20250009520,STR029,PRD01160,1,Defective Item,7696.75
RET2025000866,2025-07-21,SAL20250082582,STR013,PRD00341,1,Customer Changed Mind,977.08
RET2025000867,2025-07-23,SAL20250089289,STR031,PRD00168,2,Size/Fit Issue,17640.5
RET2025000868,2025-08-13,SAL20250077898,STR003,PRD01171,1,Defective Item,6541.96
RET2025000869,2025-08-19,SAL20250082353,STR024,PRD00134,1,Defective Item,19404.79
RET2025000870,2025-09-05,SAL20250013987,STR009,PRD00650,1,Wrong Item Delivered,429.23
RET2025000871,2025-11-16,SAL20250040019,STR023,PRD00689,1,Wrong Item Delivered,492.79
RET2025000872,2025-02-24,SAL20250007383,STR032,PRD00898,1,Defective Item,3032.43
RET2025000873,2025-09-07,SAL20250003843,STR033,PRD01018,1,Wrong Item Delivered,139.93
RET2025000874,2025-10-17,SAL20250074612,STR041,PRD00825,1,Defective Item,2419.3
RET2025000875,2025-10-27,SAL20250058804,STR013,PRD00869,1,Defective Item,3787.4
RET2025000876,2025-02-07,SAL20250036384,STR022,PRD00469,1,Size/Fit Issue,499.21
RET2025000877,2025-05-09,SAL20250046653,STR039,PRD00238,1,Customer Changed Mind,4984.73
RET2025000878,2025-11-17,SAL20250099260,STR009,PRD01198,1,Wrong Item Delivered,7043.58
RET2025000879,2025-01-26,SAL20250001796,STR022,PRD00600,2,Defective Item,1419.1
RET2025000880,2025-04-30,SAL20250021892,STR013,PRD01018,1,Defective Item,139.93
RET2025000881,2025-09-24,SAL20250067589,STR027,PRD00817,1,Defective Item,3058.64
RET2025000882,2025-02-10,SAL20250066152,STR035,PRD00524,2,Defective Item,257.7
RET2025000883,2025-03-08,SAL20250049498,STR030,PRD00818,1,Size/Fit Issue,2330.04
RET2025000884,2025-06-28,SAL20250018398,STR016,PRD00207,1,Size/Fit Issue,9083.73
RET2025000885,2025-11-27,SAL20250075640,STR014,PRD00622,1,Size/Fit Issue,644.0
RET2025000886,2025-11-27,SAL20250088622,STR014,PRD00923,1,Defective Item,3811.45
RET2025000887,2025-09-07,SAL20250058840,STR009,PRD00377,1,Damaged in Transit,1177.54
RET2025000888,2025-07-17,SAL20250025663,STR014,PRD00368,1,Defective Item,927.52
RET2025000889,2025-11-11,SAL20250012001,STR035,PRD01065,1,Defective Item,936.71
RET2025000890,2025-10-13,SAL20250076250,STR020,PRD00498,1,Wrong Item Delivered,178.55
RET2025000891,2025-06-05,SAL20250060463,STR011,PRD00771,1,Size/Fit Issue,2601.02
RET2025000892,2025-07-14,SAL20250023051,STR034,PRD01172,3,Size/Fit Issue,3397.5
RET2025000893,2025-12-10,SAL20250017183,STR029,PRD00554,1,Defective Item,805.55
RET2025000894,2025-09-22,SAL20250088581,STR032,PRD00057,1,Defective Item,2490.08
RET2025000895,2025-09-17,SAL20250059257,STR005,PRD00260,2,Damaged in Transit,17707.24
RET2025000896,2025-10-27,SAL20250005393,STR025,PRD00698,1,Defective Item,1659.66
RET2025000897,2025-06-05,SAL20250006216,STR016,PRD00619,1,Size/Fit Issue,215.37
RET2025000898,2025-04-19,SAL20250088322,STR008,PRD00892,1,Defective Item,2494.33
RET2025000899,2025-07-10,SAL20250017173,STR028,PRD00972,1,Defective Item,1079.34
RET2025000900,2025-07-07,SAL20250044650,STR020,PRD00111,2,Defective Item,33342.36
RET2025000901,2025-01-31,SAL20250073420,STR030,PRD00753,1,Defective Item,4495.87
RET2025000902,2025-04-23,SAL20250028088,STR036,PRD00734,2,Size/Fit Issue,1634.68
RET2025000903,2025-08-30,SAL20250065918,STR003,PRD01074,1,Customer Changed Mind,6150.42
RET2025000904,2025-08-16,SAL20250010705,STR037,PRD00588,1,Wrong Item Delivered,125.09
RET2025000905,2025-12-20,SAL20250098230,STR030,PRD00228,1,Size/Fit Issue,4421.9
RET2025000906,2025-10-01,SAL20250018238,STR041,PRD00510,1,Defective Item,500.0
RET2025000907,2025-03-28,SAL20250046969,STR007,PRD00892,1,Wrong Item Delivered,2494.33
RET2025000908,2025-07-04,SAL20250071402,STR013,PRD00582,2,Defective Item,1070.64
RET2025000909,2025-06-28,SAL20250046947,STR017,PRD01019,1,Customer Changed Mind,948.07
RET2025000910,2025-01-13,SAL20250019610,STR003,PRD00921,1,Defective Item,3248.47
RET2025000911,2025-11-03,SAL20250001540,STR016,PRD01109,1,Customer Changed Mind,5029.33
RET2025000912,2025-07-30,SAL20250087565,STR015,PRD00361,2,Defective Item,3049.06
RET2025000913,2025-07-06,SAL20250046182,STR020,PRD00505,1,Defective Item,1140.95
RET2025000914,2025-09-15,SAL20250020923,STR008,PRD00197,1,Size/Fit Issue,4849.89
RET2025000915,2025-04-16,SAL20250027336,STR017,PRD00251,1,Customer Changed Mind,10660.28
RET2025000916,2025-07-11,SAL20250013249,STR034,PRD00178,1,Defective Item,9669.95
RET2025000917,2025-10-16,SAL20250072021,STR030,PRD00055,1,Wrong Item Delivered,18236.77
RET2025000918,2025-04-20,SAL20250055551,STR031,PRD00906,1,Customer Changed Mind,3449.48
RET2025000919,2025-06-29,SAL20250002835,STR018,PRD01175,1,Defective Item,2568.19
RET2025000920,2025-04-27,SAL20250098784,STR038,PRD00879,1,Defective Item,2290.26
RET2025000921,2025-12-01,SAL20250003710,STR026,PRD00299,1,Damaged in Transit,1362.69
RET2025000922,2025-04-25,SAL20250070255,STR040,PRD00874,1,Wrong Item Delivered,3195.38
RET2025000923,2025-02-20,SAL20250032160,STR035,PRD00143,1,Customer Changed Mind,11610.06
RET2025000924,2025-02-14,SAL20250074483,STR034,PRD00282,2,Customer Changed Mind,1411.92
RET2025000925,2025-10-14,SAL20250071546,STR025,PRD01028,1,Wrong Item Delivered,93.34
RET2025000926,2025-11-22,SAL20250021873,STR032,PRD00488,1,Wrong Item Delivered,995.48
RET2025000927,2025-12-24,SAL20250042866,STR028,PRD00332,1,Wrong Item Delivered,556.82
RET2025000928,2025-11-20,SAL20250002321,STR035,PRD00359,3,Wrong Item Delivered,4150.68
RET2025000929,2025-10-11,SAL20250087862,STR017,PRD00089,2,Defective Item,48661.9
RET2025000930,2025-04-24,SAL20250047743,STR024,PRD01060,1,Size/Fit Issue,277.54
RET2025000931,2025-09-29,SAL20250014013,STR017,PRD00692,3,Defective Item,5991.39
RET2025000932,2025-07-13,SAL20250071321,STR032,PRD00284,1,Wrong Item Delivered,170.59
RET2025000933,2025-11-12,SAL20250018476,STR028,PRD00963,1,Customer Changed Mind,93.93
RET2025000934,2025-01-30,SAL20250071893,STR006,PRD00274,1,Wrong Item Delivered,920.1
RET2025000935,2025-04-23,SAL20250083492,STR026,PRD00010,1,Defective Item,14520.45
RET2025000936,2025-03-24,SAL20250024608,STR036,PRD00418,1,Wrong Item Delivered,378.6
RET2025000937,2025-07-24,SAL20250081052,STR032,PRD00419,1,Wrong Item Delivered,950.16
RET2025000938,2025-02-27,SAL20250094498,STR036,PRD00822,1,Size/Fit Issue,3937.8
RET2025000939,2025-07-20,SAL20250041305,STR015,PRD00944,1,Size/Fit Issue,197.23
RET2025000940,2025-07-24,SAL20250052269,STR037,PRD01124,1,Defective Item,4813.39
RET2025000941,2025-08-14,SAL20250008478,STR003,PRD00693,1,Size/Fit Issue,2512.22
RET2025000942,2025-12-15,SAL20250040576,STR025,PRD00746,3,Defective Item,6899.82
RET2025000943,2025-12-25,SAL20250013477,STR008,PRD00367,1,Defective Item,450.03
RET2025000944,2025-04-08,SAL20250091117,STR013,PRD00293,2,Defective Item,1719.22
RET2025000945,2025-07-20,SAL20250053570,STR040,PRD00783,1,Customer Changed Mind,2295.14
RET2025000946,2025-11-09,SAL20250051357,STR010,PRD00314,1,Damaged in Transit,610.16
RET2025000947,2025-05-15,SAL20250054584,STR041,PRD00197,1,Wrong Item Delivered,4849.89
RET2025000948,2025-10-13,SAL20250047445,STR032,PRD00525,2,Wrong Item Delivered,153.1
RET2025000949,2025-03-22,SAL20250084676,STR014,PRD00547,1,Size/Fit Issue,105.91
RET2025000950,2025-05-19,SAL20250001430,STR035,PRD00371,1,Customer Changed Mind,199.9
RET2025000951,2025-04-05,SAL20250060018,STR036,PRD00654,1,Damaged in Transit,474.17
RET2025000952,2025-04-23,SAL20250072956,STR017,PRD00636,1,Customer Changed Mind,685.82
RET2025000953,2025-12-16,SAL20250068190,STR038,PRD01129,1,Wrong Item Delivered,691.29
RET2025000954,2025-12-19,SAL20250092121,STR036,PRD00228,1,Defective Item,4421.9
RET2025000955,2025-06-05,SAL20250004603,STR005,PRD01116,1,Size/Fit Issue,792.37
RET2025000956,2025-05-21,SAL20250093168,STR034,PRD01121,1,Defective Item,2103.52
RET2025000957,2025-05-19,SAL20250071395,STR003,PRD00940,1,Damaged in Transit,57.11
RET2025000958,2025-12-13,SAL20250062180,STR017,PRD00071,1,Size/Fit Issue,14423.02
RET2025000959,2025-07-01,SAL20250087903,STR026,PRD00890,1,Defective Item,891.3
RET2025000960,2025-01-22,SAL20250093218,STR011,PRD00578,2,Wrong Item Delivered,1154.46
RET2025000961,2025-03-11,SAL20250044934,STR023,PRD01070,1,Defective Item,5540.5
RET2025000962,2025-01-12,SAL20250047504,STR002,PRD01114,1,Size/Fit Issue,8827.06
RET2025000963,2025-02-01,SAL20250042295,STR030,PRD00051,1,Defective Item,18906.15
RET2025000964,2025-05-11,SAL20250056323,STR011,PRD01163,1,Wrong Item Delivered,6199.15
RET2025000965,2025-05-05,SAL20250046618,STR018,PRD00494,1,Defective Item,893.47
RET2025000966,2025-01-11,SAL20250051286,STR036,PRD00989,1,Size/Fit Issue,922.35
RET2025000967,2025-07-31,SAL20250021064,STR021,PRD00243,1,Defective Item,1936.68
RET2025000968,2025-04-27,SAL20250076766,STR027,PRD00611,1,Size/Fit Issue,51.03
RET2025000969,2025-07-23,SAL20250008275,STR038,PRD00065,1,Customer Changed Mind,10562.87
RET2025000970,2025-11-29,SAL20250016247,STR036,PRD00396,1,Customer Changed Mind,713.53
RET2025000971,2025-11-16,SAL20250026101,STR001,PRD00163,1,Size/Fit Issue,12710.38
RET2025000972,2025-08-03,SAL20250071682,STR024,PRD00693,1,Customer Changed Mind,2512.22
RET2025000973,2025-02-19,SAL20250029166,STR018,PRD00439,1,Wrong Item Delivered,122.61
RET2025000974,2025-09-23,SAL20250071428,STR031,PRD00553,1,Damaged in Transit,150.28
RET2025000975,2025-05-09,SAL20250042693,STR003,PRD01001,3,Customer Changed Mind,946.62
RET2025000976,2025-08-13,SAL20250070401,STR037,PRD00740,1,Defective Item,3926.7
RET2025000977,2025-10-26,SAL20250068266,STR017,PRD00540,2,Customer Changed Mind,1101.08
RET2025000978,2025-12-07,SAL20250012604,STR026,PRD00203,1,Customer Changed Mind,6533.34
RET2025000979,2025-06-09,SAL20250022329,STR019,PRD00330,2,Size/Fit Issue,551.88
RET2025000980,2025-11-17,SAL20250053602,STR035,PRD00395,1,Defective Item,562.56
RET2025000981,2025-02-05,SAL20250010503,STR026,PRD00004,2,Size/Fit Issue,36662.72
RET2025000982,2025-02-25,SAL20250045016,STR040,PRD00548,1,Wrong Item Delivered,172.01
RET2025000983,2025-02-02,SAL20250029757,STR038,PRD00434,1,Size/Fit Issue,648.17
RET2025000984,2025-12-28,SAL20250080558,STR026,PRD00724,1,Customer Changed Mind,2856.14
RET2025000985,2025-03-31,SAL20250049208,STR025,PRD00121,1,Wrong Item Delivered,13928.8
RET2025000986,2025-05-27,SAL20250092326,STR021,PRD00512,1,Customer Changed Mind,151.51
RET2025000987,2025-11-05,SAL20250042849,STR033,PRD00892,1,Defective Item,2494.33
RET2025000988,2025-12-03,SAL20250045747,STR003,PRD00358,1,Defective Item,873.37
RET2025000989,2025-08-16,SAL20250072685,STR014,PRD00549,1,Defective Item,585.62
RET2025000990,2025-01-06,SAL20250083688,STR009,PRD01104,1,Defective Item,7758.33
RET2025000991,2025-10-03,SAL20250081793,STR012,PRD00831,1,Customer Changed Mind,2902.42
RET2025000992,2025-11-24,SAL20250030644,STR017,PRD01024,1,Size/Fit Issue,129.44
RET2025000993,2025-10-05,SAL20250078570,STR001,PRD00927,1,Defective Item,799.32
RET2025000994,2025-06-22,SAL20250038945,STR016,PRD00980,1,Size/Fit Issue,608.25
RET2025000995,2025-07-03,SAL20250027525,STR032,PRD00765,1,Defective Item,1419.48
RET2025000996,2025-05-09,SAL20250066614,STR004,PRD00769,1,Defective Item,1757.79
RET2025000997,2025-10-17,SAL20250042526,STR013,PRD00933,1,Size/Fit Issue,3527.61
RET2025000998,2025-06-01,SAL20250059058,STR020,PRD00867,2,Customer Changed Mind,1596.98
RET2025000999,2025-12-24,SAL20250051151,STR005,PRD00634,1,Size/Fit Issue,509.03
RET2025001000,2025-03-14,SAL20250093305,STR029,PRD00706,1,Wrong Item Delivered,3862.25
RET2025001001,2025-02-22,SAL20250066040,STR006,PRD00847,1,Defective Item,2294.5
RET2025001002,2025-10-28,SAL20250023876,STR006,PRD00231,3,Defective Item,27515.82
RET2025001003,2025-09-11,SAL20250098810,STR036,PRD00308,1,Damaged in Transit,373.95
RET2025001004,2025-07-27,SAL20250042813,STR013,PRD00366,1,Customer Changed Mind,994.61
RET2025001005,2025-03-31,SAL20250089979,STR020,PRD00854,1,Customer Changed Mind,2355.83
RET2025001006,2025-03-05,SAL20250090076,STR026,PRD00404,1,Defective Item,695.46
RET2025001007,2025-01-20,SAL20250064168,STR027,PRD00463,1,Size/Fit Issue,933.21
RET2025001008,2025-06-26,SAL20250047228,STR034,PRD00814,1,Customer Changed Mind,3265.17
RET2025001009,2025-02-25,SAL20250075054,STR038,PRD00957,1,Wrong Item Delivered,157.86
RET2025001010,2025-03-28,SAL20250071836,STR006,PRD00028,1,Customer Changed Mind,4027.15
RET2025001011,2025-02-19,SAL20250046893,STR019,PRD00025,1,Damaged in Transit,2348.16
RET2025001012,2025-08-03,SAL20250054968,STR020,PRD01104,1,Defective Item,7758.33
RET2025001013,2025-02-19,SAL20250026571,STR035,PRD00622,2,Customer Changed Mind,1288.0
RET2025001014,2025-09-17,SAL20250017186,STR022,PRD00007,1,Damaged in Transit,20090.22
RET2025001015,2025-12-17,SAL20250021606,STR024,PRD00379,1,Damaged in Transit,660.61
RET2025001016,2025-02-11,SAL20250017400,STR010,PRD01104,1,Wrong Item Delivered,7758.33
RET2025001017,2025-11-16,SAL20250054521,STR023,PRD00200,1,Defective Item,1880.51
RET2025001018,2025-07-18,SAL20250009233,STR019,PRD00488,1,Wrong Item Delivered,995.48
RET2025001019,2025-07-31,SAL20250012296,STR033,PRD00361,1,Damaged in Transit,1524.53
RET2025001020,2025-09-23,SAL20250041464,STR037,PRD00980,1,Defective Item,608.25
RET2025001021,2025-08-03,SAL20250022489,STR002,PRD00666,1,Damaged in Transit,224.43
RET2025001022,2025-04-03,SAL20250015810,STR009,PRD00790,2,Defective Item,2758.7
RET2025001023,2025-05-11,SAL20250080758,STR030,PRD00252,1,Defective Item,10910.07
RET2025001024,2025-09-26,SAL20250006887,STR032,PRD01083,2,Size/Fit Issue,17983.06
RET2025001025,2025-05-22,SAL20250062670,STR009,PRD00490,1,Defective Item,177.23
RET2025001026,2025-03-23,SAL20250027400,STR034,PRD00884,2,Defective Item,3554.1
RET2025001027,2025-12-10,SAL20250081012,STR037,PRD00861,3,Size/Fit Issue,9638.97
RET2025001028,2025-07-10,SAL20250060050,STR004,PRD00243,1,Damaged in Transit,1936.68
RET2025001029,2025-08-06,SAL20250029792,STR033,PRD00135,2,Customer Changed Mind,18781.92
RET2025001030,2025-07-26,SAL20250027973,STR012,PRD00364,2,Customer Changed Mind,592.4
RET2025001031,2025-05-06,SAL20250011881,STR003,PRD00584,1,Size/Fit Issue,232.29
RET2025001032,2025-03-24,SAL20250004317,STR033,PRD00816,1,Defective Item,1448.92
RET2025001033,2025-04-07,SAL20250020869,STR025,PRD00758,1,Wrong Item Delivered,4375.02
RET2025001034,2025-05-07,SAL20250024445,STR012,PRD00309,1,Size/Fit Issue,1344.75
RET2025001035,2025-03-01,SAL20250018896,STR026,PRD00484,1,Size/Fit Issue,678.16
RET2025001036,2025-04-10,SAL20250079422,STR036,PRD00748,1,Damaged in Transit,2656.98
RET2025001037,2025-05-16,SAL20250096557,STR012,PRD00359,2,Defective Item,2767.12
RET2025001038,2025-06-24,SAL20250033314,STR012,PRD00526,1,Defective Item,712.58
RET2025001039,2025-11-28,SAL20250094798,STR007,PRD00476,1,Defective Item,645.16
RET2025001040,2025-03-08,SAL20250020183,STR021,PRD00238,1,Defective Item,4984.73
RET2025001041,2025-07-05,SAL20250016308,STR008,PRD01174,1,Damaged in Transit,4967.43
RET2025001042,2025-08-10,SAL20250072419,STR025,PRD00783,2,Defective Item,4590.28
RET2025001043,2025-06-08,SAL20250067913,STR026,PRD00304,1,Defective Item,1052.14
RET2025001044,2025-08-10,SAL20250038819,STR001,PRD00029,1,Defective Item,24663.79
RET2025001045,2025-05-25,SAL20250066022,STR014,PRD00270,1,Defective Item,1213.51
RET2025001046,2025-01-29,SAL20250038130,STR034,PRD00166,1,Size/Fit Issue,4039.27
RET2025001047,2025-01-29,SAL20250045110,STR022,PRD01108,2,Wrong Item Delivered,9849.58
RET2025001048,2025-07-17,SAL20250096269,STR037,PRD00881,1,Size/Fit Issue,802.33
RET2025001049,2025-02-17,SAL20250044245,STR041,PRD00835,1,Defective Item,1480.55
RET2025001050,2025-01-17,SAL20250041576,STR014,PRD00328,2,Wrong Item Delivered,2413.8
RET2025001051,2025-01-10,SAL20250013329,STR020,PRD00424,3,Defective Item,1286.19
RET2025001052,2025-10-31,SAL20250009982,STR030,PRD00781,1,Wrong Item Delivered,2809.53
RET2025001053,2025-01-29,SAL20250080331,STR026,PRD00259,1,Wrong Item Delivered,1699.09
RET2025001054,2025-10-25,SAL20250086017,STR029,PRD00385,1,Defective Item,460.87
RET2025001055,2025-08-23,SAL20250065827,STR024,PRD00530,1,Defective Item,663.27
RET2025001056,2025-12-16,SAL20250036171,STR026,PRD00188,1,Customer Changed Mind,6172.58
RET2025001057,2025-10-09,SAL20250077285,STR006,PRD01162,1,Damaged in Transit,3657.07
RET2025001058,2025-07-27,SAL20250039551,STR030,PRD01136,1,Wrong Item Delivered,7702.34
RET2025001059,2025-03-13,SAL20250001980,STR011,PRD00215,1,Size/Fit Issue,9358.07
RET2025001060,2025-05-25,SAL20250075244,STR041,PRD00925,1,Defective Item,2271.72
RET2025001061,2025-06-29,SAL20250048713,STR037,PRD00965,2,Customer Changed Mind,135.34
RET2025001062,2025-07-23,SAL20250099310,STR036,PRD01005,1,Size/Fit Issue,682.39
RET2025001063,2025-10-25,SAL20250015507,STR016,PRD00967,1,Wrong Item Delivered,44.43
RET2025001064,2025-10-15,SAL20250073335,STR029,PRD00954,1,Defective Item,1090.11
RET2025001065,2025-03-25,SAL20250010625,STR031,PRD00487,1,Size/Fit Issue,92.35
RET2025001066,2025-03-06,SAL20250017775,STR032,PRD00299,2,Wrong Item Delivered,2725.38
RET2025001067,2025-12-10,SAL20250011523,STR040,PRD00507,1,Wrong Item Delivered,259.46
RET2025001068,2025-10-09,SAL20250027252,STR013,PRD00804,1,Customer Changed Mind,782.93
RET2025001069,2025-11-08,SAL20250062731,STR015,PRD00295,1,Wrong Item Delivered,1024.45
RET2025001070,2025-04-09,SAL20250076942,STR002,PRD00322,1,Customer Changed Mind,839.74
RET2025001071,2025-10-28,SAL20250014933,STR040,PRD00695,1,Customer Changed Mind,2280.88
RET2025001072,2025-02-23,SAL20250083076,STR008,PRD00192,1,Defective Item,3362.18
RET2025001073,2025-04-18,SAL20250043855,STR001,PRD00289,1,Size/Fit Issue,1047.34
RET2025001074,2025-05-29,SAL20250099570,STR038,PRD00149,1,Damaged in Transit,3024.83
RET2025001075,2025-05-30,SAL20250066386,STR034,PRD00706,1,Defective Item,3862.25
RET2025001076,2025-08-23,SAL20250014437,STR014,PRD00234,1,Damaged in Transit,3859.31
RET2025001077,2025-03-27,SAL20250055601,STR039,PRD00674,2,Defective Item,5723.48
RET2025001078,2025-01-23,SAL20250076516,STR020,PRD00873,2,Size/Fit Issue,1375.74
RET2025001079,2025-11-11,SAL20250067059,STR014,PRD00024,1,Size/Fit Issue,23723.95
RET2025001080,2025-08-15,SAL20250085701,STR011,PRD00027,2,Size/Fit Issue,42354.88
RET2025001081,2025-08-12,SAL20250098506,STR026,PRD00009,1,Damaged in Transit,10580.64
RET2025001082,2025-10-23,SAL20250036089,STR021,PRD00904,2,Defective Item,5622.72
RET2025001083,2025-03-01,SAL20250030770,STR001,PRD00107,1,Defective Item,4985.79
RET2025001084,2025-05-13,SAL20250056839,STR017,PRD00739,1,Customer Changed Mind,2279.96
RET2025001085,2025-01-16,SAL20250092163,STR023,PRD00624,1,Wrong Item Delivered,124.7
RET2025001086,2025-11-11,SAL20250053194,STR030,PRD01063,1,Defective Item,747.32
RET2025001087,2025-05-09,SAL20250004324,STR034,PRD00495,1,Size/Fit Issue,212.14
RET2025001088,2025-02-12,SAL20250051751,STR028,PRD01198,1,Damaged in Transit,7043.58
RET2025001089,2025-11-22,SAL20250077055,STR019,PRD00197,1,Wrong Item Delivered,4849.89
RET2025001090,2025-03-01,SAL20250034858,STR015,PRD00239,2,Customer Changed Mind,12361.62
RET2025001091,2025-03-28,SAL20250081878,STR027,PRD00808,2,Damaged in Transit,5996.66
RET2025001092,2025-08-01,SAL20250040529,STR022,PRD00332,1,Size/Fit Issue,556.82
RET2025001093,2025-10-11,SAL20250022659,STR019,PRD00344,1,Defective Item,702.67
RET2025001094,2025-04-28,SAL20250064837,STR030,PRD01025,1,Size/Fit Issue,56.45
RET2025001095,2025-04-03,SAL20250019601,STR027,PRD00444,1,Wrong Item Delivered,347.0
RET2025001096,2025-05-25,SAL20250095977,STR020,PRD00268,1,Wrong Item Delivered,1061.68
RET2025001097,2025-12-22,SAL20250074327,STR041,PRD01104,1,Defective Item,7758.33
RET2025001098,2025-11-17,SAL20250010205,STR023,PRD00808,1,Damaged in Transit,2998.33
RET2025001099,2025-07-19,SAL20250080991,STR009,PRD00698,1,Defective Item,1659.66
RET2025001100,2025-03-12,SAL20250045111,STR001,PRD00951,2,Damaged in Transit,1188.74
RET2025001101,2025-10-20,SAL20250025054,STR041,PRD00904,1,Size/Fit Issue,2811.36
RET2025001102,2025-09-01,SAL20250072465,STR001,PRD00855,1,Size/Fit Issue,2084.62
RET2025001103,2025-10-30,SAL20250053425,STR037,PRD00891,1,Defective Item,506.36
RET2025001104,2025-11-18,SAL20250087418,STR005,PRD00596,1,Customer Changed Mind,666.12
RET2025001105,2025-12-12,SAL20250068136,STR017,PRD00091,1,Defective Item,21335.5
RET2025001106,2025-08-10,SAL20250079125,STR010,PRD00072,1,Defective Item,4522.2
RET2025001107,2025-11-09,SAL20250014172,STR019,PRD00864,1,Customer Changed Mind,1725.02
RET2025001108,2025-05-02,SAL20250093072,STR037,PRD00960,1,Defective Item,572.91
RET2025001109,2025-04-22,SAL20250046530,STR031,PRD00195,1,Customer Changed Mind,4088.9
RET2025001110,2025-01-27,SAL20250053699,STR033,PRD00762,3,Defective Item,4788.69
RET2025001111,2025-03-22,SAL20250046556,STR033,PRD00707,1,Defective Item,2433.38
RET2025001112,2025-10-10,SAL20250067710,STR013,PRD01066,1,Wrong Item Delivered,424.4
RET2025001113,2025-12-26,SAL20250016452,STR011,PRD00941,1,Wrong Item Delivered,737.4
RET2025001114,2025-11-12,SAL20250084681,STR036,PRD00061,1,Wrong Item Delivered,7691.1
RET2025001115,2025-09-21,SAL20250027889,STR018,PRD01100,1,Customer Changed Mind,6765.12
RET2025001116,2025-04-08,SAL20250017726,STR004,PRD01158,1,Damaged in Transit,7747.18
RET2025001117,2025-02-22,SAL20250056954,STR029,PRD00352,1,Wrong Item Delivered,930.67
RET2025001118,2025-01-30,SAL20250035336,STR012,PRD01198,1,Size/Fit Issue,7043.58
RET2025001119,2025-07-15,SAL20250088227,STR020,PRD01178,1,Defective Item,5467.45
RET2025001120,2025-05-12,SAL20250085543,STR026,PRD00286,1,Customer Changed Mind,390.77
RET2025001121,2025-08-04,SAL20250018027,STR023,PRD01007,1,Damaged in Transit,886.03
RET2025001122,2025-12-04,SAL20250064919,STR008,PRD00583,1,Wrong Item Delivered,704.61
RET2025001123,2025-04-25,SAL20250073754,STR037,PRD00654,1,Defective Item,474.17
RET2025001124,2025-10-08,SAL20250087159,STR028,PRD00910,2,Customer Changed Mind,4605.76
RET2025001125,2025-06-26,SAL20250002167,STR034,PRD00019,1,Size/Fit Issue,9063.53
RET2025001126,2025-09-28,SAL20250002416,STR011,PRD00261,1,Defective Item,8333.44
RET2025001127,2025-01-08,SAL20250013666,STR006,PRD00846,1,Customer Changed Mind,1551.36
RET2025001128,2025-01-27,SAL20250031403,STR011,PRD00314,1,Customer Changed Mind,610.16
RET2025001129,2025-10-22,SAL20250058771,STR013,PRD00952,1,Defective Item,892.13
RET2025001130,2025-08-07,SAL20250098136,STR018,PRD00405,3,Size/Fit Issue,2752.05
RET2025001131,2025-08-06,SAL20250072929,STR001,PRD00479,1,Defective Item,303.49
RET2025001132,2025-03-13,SAL20250043110,STR024,PRD00799,2,Customer Changed Mind,7815.86
RET2025001133,2025-05-29,SAL20250034696,STR007,PRD01034,1,Customer Changed Mind,310.11
RET2025001134,2025-12-17,SAL20250046581,STR023,PRD00595,1,Customer Changed Mind,524.85
RET2025001135,2025-05-30,SAL20250037059,STR028,PRD00056,1,Customer Changed Mind,11452.31
RET2025001136,2025-07-05,SAL20250012037,STR024,PRD00035,1,Wrong Item Delivered,7229.47
RET2025001137,2025-08-18,SAL20250092725,STR017,PRD00335,1,Size/Fit Issue,1156.98
RET2025001138,2025-07-21,SAL20250088825,STR022,PRD00450,1,Size/Fit Issue,377.7
RET2025001139,2025-10-27,SAL20250011796,STR027,PRD00682,1,Defective Item,3799.71
RET2025001140,2025-10-20,SAL20250063037,STR014,PRD00746,1,Customer Changed Mind,2299.94
RET2025001141,2025-02-12,SAL20250048052,STR011,PRD00733,1,Defective Item,3579.07
RET2025001142,2025-04-30,SAL20250021505,STR020,PRD00392,1,Defective Item,436.74
RET2025001143,2025-09-29,SAL20250077590,STR009,PRD00290,1,Damaged in Transit,747.46
RET2025001144,2025-07-22,SAL20250028277,STR013,PRD01063,1,Defective Item,747.32
RET2025001145,2025-02-09,SAL20250026527,STR011,PRD01068,1,Customer Changed Mind,5954.4
RET2025001146,2025-07-09,SAL20250052488,STR029,PRD00110,1,Defective Item,26501.66
RET2025001147,2025-12-13,SAL20250039587,STR019,PRD01075,2,Damaged in Transit,12329.26
RET2025001148,2025-06-16,SAL20250037626,STR007,PRD00400,2,Defective Item,1841.92
RET2025001149,2025-03-25,SAL20250027469,STR005,PRD00464,1,Size/Fit Issue,598.64
RET2025001150,2025-11-05,SAL20250042151,STR001,PRD00803,1,Defective Item,2033.91
RET2025001151,2025-11-14,SAL20250078512,STR022,PRD00328,1,Customer Changed Mind,1206.9
RET2025001152,2025-03-02,SAL20250085495,STR030,PRD00074,2,Defective Item,34499.64
RET2025001153,2025-12-27,SAL20250060833,STR034,PRD00467,1,Customer Changed Mind,528.8
RET2025001154,2025-12-15,SAL20250098692,STR034,PRD00865,1,Defective Item,2254.56
RET2025001155,2025-07-09,SAL20250065190,STR027,PRD01062,1,Size/Fit Issue,925.26
RET2025001156,2025-02-23,SAL20250035143,STR013,PRD00627,1,Wrong Item Delivered,670.0
RET2025001157,2025-04-30,SAL20250042044,STR006,PRD00754,2,Wrong Item Delivered,745.04
RET2025001158,2025-08-08,SAL20250052752,STR023,PRD00151,1,Defective Item,5709.55
RET2025001159,2025-01-24,SAL20250046262,STR008,PRD00510,1,Defective Item,500.0
RET2025001160,2025-04-16,SAL20250019117,STR014,PRD00175,1,Damaged in Transit,11344.22
RET2025001161,2025-08-02,SAL20250002735,STR002,PRD00252,1,Defective Item,10910.07
RET2025001162,2025-10-19,SAL20250061510,STR020,PRD00505,1,Customer Changed Mind,1140.95
RET2025001163,2025-11-17,SAL20250068435,STR020,PRD00196,1,Damaged in Transit,3177.64
RET2025001164,2025-06-11,SAL20250038340,STR017,PRD00369,1,Customer Changed Mind,1020.79
RET2025001165,2025-06-03,SAL20250023420,STR021,PRD00688,2,Defective Item,5605.24
RET2025001166,2025-08-13,SAL20250006655,STR019,PRD00306,1,Defective Item,1349.3
RET2025001167,2025-09-26,SAL20250028074,STR019,PRD00533,1,Size/Fit Issue,799.67
RET2025001168,2025-12-25,SAL20250083394,STR021,PRD00459,1,Defective Item,918.25
RET2025001169,2025-03-22,SAL20250008989,STR036,PRD00899,1,Damaged in Transit,2165.69
RET2025001170,2025-05-01,SAL20250089848,STR025,PRD00186,2,Wrong Item Delivered,15652.16
RET2025001171,2025-07-10,SAL20250066493,STR024,PRD00482,1,Defective Item,411.59
RET2025001172,2025-08-16,SAL20250045799,STR010,PRD00925,1,Size/Fit Issue,2271.72
RET2025001173,2025-10-28,SAL20250025404,STR007,PRD00873,1,Size/Fit Issue,687.87
RET2025001174,2025-03-12,SAL20250046772,STR030,PRD01086,2,Defective Item,11083.96
RET2025001175,2025-03-27,SAL20250063794,STR014,PRD00655,1,Damaged in Transit,75.89
RET2025001176,2025-05-03,SAL20250028753,STR041,PRD00193,1,Defective Item,5766.86
RET2025001177,2025-08-25,SAL20250033250,STR030,PRD00003,1,Size/Fit Issue,810.89
RET2025001178,2025-12-31,SAL20250055558,STR022,PRD00925,2,Wrong Item Delivered,4543.44
RET2025001179,2025-09-21,SAL20250086448,STR040,PRD00071,1,Wrong Item Delivered,14423.02
RET2025001180,2025-09-19,SAL20250098415,STR003,PRD01145,2,Customer Changed Mind,7219.44
RET2025001181,2025-05-23,SAL20250028051,STR038,PRD00432,1,Defective Item,845.55
RET2025001182,2025-02-20,SAL20250089908,STR026,PRD00747,1,Defective Item,1306.66
RET2025001183,2025-06-14,SAL20250025896,STR036,PRD00450,1,Customer Changed Mind,377.7
RET2025001184,2025-12-06,SAL20250095393,STR038,PRD00550,1,Defective Item,639.85
RET2025001185,2025-09-16,SAL20250011679,STR003,PRD01046,1,Damaged in Transit,946.12
RET2025001186,2025-01-23,SAL20250051268,STR018,PRD00044,1,Defective Item,3159.2
RET2025001187,2025-04-29,SAL20250034261,STR017,PRD00893,1,Size/Fit Issue,963.04
RET2025001188,2025-02-22,SAL20250050241,STR010,PRD01012,1,Defective Item,896.48
RET2025001189,2025-03-18,SAL20250072348,STR003,PRD00369,1,Wrong Item Delivered,1020.79
RET2025001190,2025-10-29,SAL20250093627,STR010,PRD00244,1,Wrong Item Delivered,9135.72
RET2025001191,2025-05-11,SAL20250045153,STR024,PRD00527,1,Defective Item,938.3
RET2025001192,2025-01-11,SAL20250062874,STR029,PRD00411,1,Defective Item,779.25
RET2025001193,2025-06-09,SAL20250070634,STR010,PRD01003,1,Wrong Item Delivered,278.9
RET2025001194,2025-12-17,SAL20250028474,STR041,PRD00004,2,Size/Fit Issue,36662.72
RET2025001195,2025-06-08,SAL20250002072,STR024,PRD00833,3,Defective Item,5285.01
RET2025001196,2025-03-13,SAL20250020044,STR012,PRD00412,2,Defective Item,1152.82
RET2025001197,2025-05-21,SAL20250084098,STR014,PRD00372,1,Size/Fit Issue,542.7
RET2025001198,2025-04-10,SAL20250007725,STR036,PRD00857,1,Size/Fit Issue,3027.87
RET2025001199,2025-01-10,SAL20250096831,STR037,PRD00775,1,Defective Item,3571.78
RET2025001200,2025-12-20,SAL20250049768,STR005,PRD00962,1,Wrong Item Delivered,708.41
RET2025001201,2025-03-27,SAL20250077387,STR022,PRD01028,1,Defective Item,93.34
RET2025001202,2025-05-11,SAL20250034899,STR010,PRD00219,1,Defective Item,1404.86
RET2025001203,2025-12-19,SAL20250003279,STR033,PRD00379,1,Wrong Item Delivered,660.61
RET2025001204,2025-11-19,SAL20250067713,STR029,PRD00591,2,Wrong Item Delivered,1001.62
RET2025001205,2025-04-25,SAL20250034901,STR015,PRD00164,1,Wrong Item Delivered,7383.75
RET2025001206,2025-06-24,SAL20250033301,STR040,PRD00585,1,Size/Fit Issue,401.86
RET2025001207,2025-05-17,SAL20250006760,STR006,PRD00435,1,Size/Fit Issue,718.79
RET2025001208,2025-04-16,SAL20250040884,STR014,PRD01024,1,Defective Item,129.44
RET2025001209,2025-07-19,SAL20250095062,STR032,PRD00940,1,Size/Fit Issue,57.11
RET2025001210,2025-04-21,SAL20250031194,STR019,PRD01112,1,Defective Item,3077.42
RET2025001211,2025-12-07,SAL20250015659,STR029,PRD00086,1,Size/Fit Issue,22194.93
RET2025001212,2025-03-21,SAL20250038779,STR010,PRD00127,1,Size/Fit Issue,14293.97
RET2025001213,2025-01-10,SAL20250029172,STR026,PRD01162,1,Size/Fit Issue,3657.07
RET2025001214,2025-02-09,SAL20250005056,STR033,PRD00145,2,Defective Item,5141.8
RET2025001215,2025-05-08,SAL20250099070,STR008,PRD00211,1,Customer Changed Mind,-6731.6
RET2025001216,2025-05-15,SAL20250086834,STR031,PRD00818,2,Defective Item,4660.08
RET2025001217,2025-05-11,SAL20250083591,STR023,PRD00750,2,Customer Changed Mind,7769.62
RET2025001218,2025-02-18,SAL20250010565,STR040,PRD01180,1,Size/Fit Issue,9129.62
RET2025001219,2025-01-10,SAL20250098262,STR013,PRD00519,1,Defective Item,818.33
RET2025001220,2025-08-22,SAL20250034296,STR008,PRD00330,1,Defective Item,275.94
RET2025001221,2025-05-30,SAL20250010216,STR002,PRD00225,1,Defective Item,9871.63
RET2025001222,2025-12-06,SAL20250047715,STR009,PRD01156,1,Wrong Item Delivered,3916.29
RET2025001223,2025-10-16,SAL20250093461,STR015,PRD00042,1,Defective Item,15775.49
RET2025001224,2025-02-05,SAL20250022183,STR010,PRD00297,1,Damaged in Transit,1248.97
RET2025001225,2025-03-29,SAL20250068293,STR029,PRD00937,1,Size/Fit Issue,262.48
RET2025001226,2025-04-28,SAL20250066966,STR007,PRD00775,1,Wrong Item Delivered,3571.78
RET2025001227,2025-06-21,SAL20250029338,STR018,PRD00582,1,Size/Fit Issue,535.32
RET2025001228,2025-07-24,SAL20250014186,STR002,PRD00268,1,Defective Item,1061.68
RET2025001229,2025-10-08,SAL20250009955,STR023,PRD00054,1,Wrong Item Delivered,16291.52
RET2025001230,2025-01-07,SAL20250072293,STR007,PRD00167,1,Defective Item,8410.2
RET2025001231,2025-02-22,SAL20250027270,STR013,PRD00039,1,Customer Changed Mind,8380.37
RET2025001232,2025-03-15,SAL20250057225,STR020,PRD00158,1,Size/Fit Issue,3798.87
RET2025001233,2025-08-17,SAL20250011135,STR017,PRD00592,1,Customer Changed Mind,365.4
RET2025001234,2025-07-07,SAL20250013003,STR008,PRD00606,1,Defective Item,516.03
RET2025001235,2025-03-05,SAL20250070908,STR024,PRD00906,1,Defective Item,3449.48
RET2025001236,2025-11-01,SAL20250007818,STR031,PRD00373,1,Defective Item,159.48
RET2025001237,2025-08-15,SAL20250047849,STR001,PRD01008,1,Defective Item,227.58
RET2025001238,2025-05-20,SAL20250058105,STR041,PRD00948,1,Defective Item,38.1
RET2025001239,2025-09-19,SAL20250062087,STR008,PRD01135,1,Damaged in Transit,2481.4
RET2025001240,2025-07-18,SAL20250002512,STR016,PRD01039,1,Customer Changed Mind,616.85
RET2025001241,2025-12-03,SAL20250049789,STR027,PRD00822,1,Customer Changed Mind,3937.8
RET2025001242,2025-08-09,SAL20250060776,STR017,PRD00516,2,Size/Fit Issue,1306.52
RET2025001243,2025-02-05,SAL20250049931,STR020,PRD00264,1,Size/Fit Issue,4452.38
RET2025001244,2025-09-17,SAL20250053520,STR037,PRD01065,1,Defective Item,936.71
RET2025001245,2025-11-21,SAL20250057356,STR031,PRD00861,1,Size/Fit Issue,3212.99
RET2025001246,2025-01-08,SAL20250072915,STR041,PRD00435,1,Defective Item,718.79
RET2025001247,2025-04-09,SAL20250028614,STR023,PRD00570,1,Customer Changed Mind,376.39
RET2025001248,2025-01-20,SAL20250097108,STR022,PRD01173,1,Defective Item,1034.88
RET2025001249,2025-12-17,SAL20250080059,STR007,PRD00421,1,Damaged in Transit,579.98
RET2025001250,2025-05-13,SAL20250002954,STR002,PRD01067,1,Wrong Item Delivered,922.58
RET2025001251,2025-01-07,SAL20250043301,STR004,PRD00564,1,Defective Item,566.41
RET2025001252,2025-10-21,SAL20250021151,STR008,PRD00408,2,Customer Changed Mind,2034.18
RET2025001253,2025-04-01,SAL20250068133,STR036,PRD00477,2,Wrong Item Delivered,242.42
RET2025001254,2025-11-17,SAL20250051957,STR014,PRD00595,1,Size/Fit Issue,524.85
RET2025001255,2025-09-30,SAL20250078725,STR027,PRD00077,2,Defective Item,29697.6
RET2025001256,2025-04-09,SAL20250026955,STR037,PRD00204,1,Customer Changed Mind,3776.34
RET2025001257,2025-05-31,SAL20250019802,STR015,PRD00038,1,Customer Changed Mind,2962.9
RET2025001258,2025-11-24,SAL20250090328,STR026,PRD00479,1,Damaged in Transit,303.49
RET2025001259,2025-07-10,SAL20250015245,STR034,PRD00370,1,Size/Fit Issue,676.23
RET2025001260,2025-08-29,SAL20250031611,STR031,PRD00360,1,Defective Item,505.68
RET2025001261,2025-08-30,SAL20250051801,STR031,PRD00004,1,Size/Fit Issue,18331.36
RET2025001262,2025-07-05,SAL20250016420,STR007,PRD01088,1,Wrong Item Delivered,4543.5
RET2025001263,2025-02-19,SAL20250026219,STR009,PRD00243,1,Defective Item,1936.68
RET2025001264,2025-03-01,SAL20250074232,STR007,PRD00927,1,Size/Fit Issue,799.32
RET2025001265,2025-03-12,SAL20250059373,STR026,PRD00097,1,Customer Changed Mind,19452.93
RET2025001266,2025-04-11,SAL20250098381,STR023,PRD00870,1,Size/Fit Issue,2808.24
RET2025001267,2025-09-21,SAL20250005830,STR027,PRD00518,1,Defective Item,1000.64
RET2025001268,2025-12-29,SAL20250033183,STR037,PRD00772,2,Wrong Item Delivered,1977.88
RET2025001269,2025-04-14,SAL20250049963,STR013,PRD01145,1,Customer Changed Mind,3609.72
RET2025001270,2025-02-05,SAL20250040899,STR028,PRD00127,1,Defective Item,14293.97
RET2025001271,2025-04-18,SAL20250032453,STR037,PRD00730,1,Defective Item,3497.66
RET2025001272,2025-09-05,SAL20250088489,STR007,PRD00893,1,Defective Item,963.04
RET2025001273,2025-07-05,SAL20250066515,STR027,PRD00929,1,Defective Item,3367.15
RET2025001274,2025-05-15,SAL20250011443,STR027,PRD00022,1,Size/Fit Issue,22149.39
RET2025001275,2025-07-13,SAL20250022039,STR034,PRD00162,1,Customer Changed Mind,9916.48
RET2025001276,2025-10-24,SAL20250018366,STR034,PRD01020,1,Defective Item,560.55
RET2025001277,2025-12-03,SAL20250081479,STR041,PRD01166,1,Customer Changed Mind,3220.85
RET2025001278,2025-03-25,SAL20250018815,STR010,PRD01038,1,Defective Item,565.57
RET2025001279,2025-09-25,SAL20250028199,STR022,PRD00664,1,Customer Changed Mind,181.84
RET2025001280,2025-10-06,SAL20250085441,STR021,PRD00845,1,Customer Changed Mind,2226.26
RET2025001281,2025-04-17,SAL20250086312,STR008,PRD00678,1,Defective Item,3485.6
RET2025001282,2025-10-12,SAL20250040538,STR039,PRD00492,1,Wrong Item Delivered,431.72
RET2025001283,2025-04-15,SAL20250050292,STR017,PRD00544,1,Wrong Item Delivered,114.7
RET2025001284,2025-05-11,SAL20250001733,STR034,PRD00588,1,Size/Fit Issue,125.09
RET2025001285,2025-04-14,SAL20250097711,STR038,PRD00345,1,Defective Item,670.76
RET2025001286,2025-11-20,SAL20250084984,STR019,PRD00926,1,Size/Fit Issue,683.78
RET2025001287,2025-07-12,SAL20250011060,STR035,PRD00762,1,Wrong Item Delivered,1596.23
RET2025001288,2025-09-28,SAL20250007025,STR007,PRD00250,1,Customer Changed Mind,3877.74
RET2025001289,2025-02-23,SAL20250041452,STR030,PRD00444,1,Damaged in Transit,347.0
RET2025001290,2025-05-07,SAL20250048711,STR021,PRD00588,1,Wrong Item Delivered,125.09
RET2025001291,2025-06-03,SAL20250058034,STR009,PRD00573,1,Wrong Item Delivered,44.75
RET2025001292,2025-01-30,SAL20250061532,STR006,PRD01057,1,Wrong Item Delivered,52.31
RET2025001293,2025-09-11,SAL20250041796,STR024,PRD00824,1,Wrong Item Delivered,3034.92
RET2025001294,2025-01-08,SAL20250074756,STR030,PRD00881,1,Size/Fit Issue,802.33
RET2025001295,2025-10-14,SAL20250081797,STR005,PRD01039,1,Customer Changed Mind,616.85
RET2025001296,2025-04-01,SAL20250093816,STR027,PRD00576,1,Wrong Item Delivered,451.26
RET2025001297,2025-01-20,SAL20250067474,STR023,PRD00415,1,Damaged in Transit,345.23
RET2025001298,2025-03-29,SAL20250036350,STR011,PRD00434,3,Customer Changed Mind,1944.51
RET2025001299,2025-01-17,SAL20250038773,STR023,PRD00651,1,Size/Fit Issue,368.8
RET2025001300,2025-07-14,SAL20250075341,STR035,PRD00714,1,Defective Item,1837.1
RET2025001301,2025-04-28,SAL20250036128,STR017,PRD00363,1,Defective Item,1443.62
RET2025001302,2025-09-17,SAL20250031443,STR038,PRD00821,1,Damaged in Transit,2784.44
RET2025001303,2025-11-26,SAL20250068427,STR013,PRD00980,1,Defective Item,608.25
RET2025001304,2025-03-10,SAL20250042817,STR004,PRD00462,1,Wrong Item Delivered,271.55
RET2025001305,2025-03-01,SAL20250056905,STR011,PRD01092,1,Damaged in Transit,5535.53
RET2025001306,2025-05-28,SAL20250056799,STR029,PRD00419,1,Damaged in Transit,950.16
RET2025001307,2025-01-14,SAL20250087226,STR010,PRD00371,2,Size/Fit Issue,399.8
RET2025001308,2025-02-10,SAL20250061000,STR034,PRD00517,1,Size/Fit Issue,252.82
RET2025001309,2025-02-04,SAL20250077295,STR030,PRD00720,1,Size/Fit Issue,3749.56
RET2025001310,2025-12-16,SAL20250075718,STR023,PRD00394,2,Size/Fit Issue,655.0
RET2025001311,2025-11-27,SAL20250041831,STR021,PRD00507,3,Size/Fit Issue,778.38
RET2025001312,2025-02-11,SAL20250019605,STR036,PRD00399,2,Wrong Item Delivered,2709.98
RET2025001313,2025-06-10,SAL20250086539,STR019,PRD01096,1,Defective Item,3066.12
RET2025001314,2025-04-25,SAL20250068311,STR016,PRD00044,1,Customer Changed Mind,3159.2
RET2025001315,2025-03-05,SAL20250089030,STR018,PRD00880,1,Defective Item,430.21
RET2025001316,2025-06-01,SAL20250094341,STR021,PRD00367,2,Size/Fit Issue,900.06
RET2025001317,2025-03-09,SAL20250085813,STR017,PRD00252,1,Damaged in Transit,10910.07
RET2025001318,2025-02-18,SAL20250075108,STR005,PRD00157,1,Defective Item,5982.96
RET2025001319,2025-11-28,SAL20250034992,STR011,PRD00720,2,Wrong Item Delivered,7499.12
RET2025001320,2025-04-01,SAL20250048786,STR009,PRD00967,2,Customer Changed Mind,88.86
RET2025001321,2025-09-13,SAL20250022215,STR025,PRD00494,1,Wrong Item Delivered,893.47
RET2025001322,2025-10-21,SAL20250065647,STR001,PRD00169,1,Damaged in Transit,8761.68
RET2025001323,2025-03-16,SAL20250068990,STR028,PRD01007,1,Wrong Item Delivered,886.03
RET2025001324,2025-08-15,SAL20250095945,STR040,PRD00060,1,Wrong Item Delivered,15273.35
RET2025001325,2025-03-18,SAL20250034462,STR024,PRD00058,1,Wrong Item Delivered,3380.1
RET2025001326,2025-06-19,SAL20250066972,STR038,PRD00712,1,Defective Item,1580.0
RET2025001327,2025-02-24,SAL20250007057,STR019,PRD00142,1,Wrong Item Delivered,4154.89
RET2025001328,2025-11-03,SAL20250062299,STR035,PRD00558,1,Defective Item,353.1
RET2025001329,2025-02-17,SAL20250003775,STR023,PRD00009,1,Defective Item,10580.64
RET2025001330,2025-10-02,SAL20250087403,STR022,PRD00184,1,Defective Item,3565.48
RET2025001331,2025-07-03,SAL20250059095,STR007,PRD00268,1,Damaged in Transit,1061.68
RET2025001332,2025-09-10,SAL20250003943,STR017,PRD00986,1,Damaged in Transit,156.79
RET2025001333,2025-01-13,SAL20250018433,STR009,PRD00607,1,Damaged in Transit,313.72
RET2025001334,2025-09-25,SAL20250060417,STR018,PRD01031,1,Defective Item,1036.47
RET2025001335,2025-01-30,SAL20250086180,STR020,PRD00929,1,Defective Item,3367.15
RET2025001336,2025-11-24,SAL20250042705,STR034,PRD00702,1,Size/Fit Issue,1394.73
RET2025001337,2025-03-07,SAL20250006031,STR003,PRD00806,2,Wrong Item Delivered,661.58
RET2025001338,2025-05-23,SAL20250062821,STR021,PRD01097,1,Customer Changed Mind,4205.24
RET2025001339,2025-07-26,SAL20250062475,STR040,PRD00769,1,Customer Changed Mind,1757.79
RET2025001340,2025-06-10,SAL20250093689,STR016,PRD00002,2,Wrong Item Delivered,2579.16
RET2025001341,2025-09-11,SAL20250070384,STR009,PRD00942,1,Customer Changed Mind,93.87
RET2025001342,2025-07-29,SAL20250087497,STR007,PRD00195,1,Damaged in Transit,4088.9
RET2025001343,2025-08-25,SAL20250014330,STR019,PRD00118,1,Defective Item,13769.46
RET2025001344,2025-05-22,SAL20250086302,STR003,PRD00925,1,Wrong Item Delivered,2271.72
RET2025001345,2025-07-05,SAL20250027172,STR012,PRD00065,1,Wrong Item Delivered,10562.87
RET2025001346,2025-04-12,SAL20250080305,STR031,PRD00434,1,Size/Fit Issue,648.17
RET2025001347,2025-04-14,SAL20250032211,STR032,PRD01068,1,Customer Changed Mind,5954.4
RET2025001348,2025-06-01,SAL20250029837,STR004,PRD00896,1,Wrong Item Delivered,255.31
RET2025001349,2025-03-23,SAL20250036539,STR033,PRD00671,1,Defective Item,327.72
RET2025001350,2025-09-11,SAL20250067879,STR005,PRD00398,1,Size/Fit Issue,358.79
RET2025001351,2025-03-26,SAL20250024028,STR017,PRD00186,1,Defective Item,7826.08
RET2025001352,2025-08-12,SAL20250091273,STR034,PRD00394,1,Damaged in Transit,327.5
RET2025001353,2025-09-12,SAL20250056546,STR032,PRD01069,1,Wrong Item Delivered,2127.71
RET2025001354,2025-12-29,SAL20250007407,STR001,PRD00414,1,Customer Changed Mind,546.79
RET2025001355,2025-09-04,SAL20250001489,STR008,PRD00013,1,Defective Item,17378.5
RET2025001356,2025-01-06,SAL20250017497,STR041,PRD00942,1,Wrong Item Delivered,93.87
RET2025001357,2025-02-02,SAL20250037155,STR026,PRD00426,1,Defective Item,496.18
RET2025001358,2025-04-27,SAL20250093419,STR015,PRD00859,1,Size/Fit Issue,500.0
RET2025001359,2025-09-06,SAL20250060338,STR017,PRD00965,1,Damaged in Transit,67.67
RET2025001360,2025-10-16,SAL20250022850,STR029,PRD00125,1,Defective Item,1511.82
RET2025001361,2025-01-17,SAL20250076069,STR010,PRD00937,2,Wrong Item Delivered,524.96
RET2025001362,2025-03-01,SAL20250000707,STR012,PRD00239,1,Damaged in Transit,6180.81
RET2025001363,2025-05-12,SAL20250095224,STR031,PRD00907,1,Customer Changed Mind,1536.02
RET2025001364,2025-01-22,SAL20250003941,STR017,PRD01021,1,Wrong Item Delivered,582.28
RET2025001365,2025-04-09,SAL20250061498,STR017,PRD00676,1,Customer Changed Mind,4180.37
RET2025001366,2025-03-07,SAL20250010131,STR013,PRD00939,1,Customer Changed Mind,463.84
RET2025001367,2025-02-15,SAL20250068237,STR012,PRD00113,1,Size/Fit Issue,16350.49
RET2025001368,2025-07-21,SAL20250011607,STR035,PRD01141,1,Size/Fit Issue,1387.21
RET2025001369,2025-11-18,SAL20250073047,STR019,PRD00061,2,Wrong Item Delivered,15382.2
RET2025001370,2025-03-21,SAL20250027380,STR006,PRD00134,2,Damaged in Transit,38809.58
RET2025001371,2025-05-11,SAL20250086702,STR016,PRD00623,3,Defective Item,1690.65
RET2025001372,2025-08-28,SAL20250024696,STR008,PRD00200,2,Size/Fit Issue,3761.02
RET2025001373,2025-09-23,SAL20250095718,STR015,PRD00978,2,Damaged in Transit,344.64
RET2025001374,2025-05-25,SAL20250032141,STR004,PRD00546,1,Defective Item,854.43
RET2025001375,2025-09-07,SAL20250053301,STR011,PRD00264,1,Wrong Item Delivered,4452.38
RET2025001376,2025-11-14,SAL20250026604,STR027,PRD01047,1,Defective Item,844.86
RET2025001377,2025-05-26,SAL20250010835,STR032,PRD00123,1,Wrong Item Delivered,7408.15
RET2025001378,2025-07-04,SAL20250070079,STR041,PRD01200,1,Defective Item,1804.12
RET2025001379,2025-12-31,SAL20250057401,STR003,PRD00626,1,Wrong Item Delivered,125.9
RET2025001380,2025-01-21,SAL20250010752,STR020,PRD01115,1,Wrong Item Delivered,4843.87
RET2025001381,2025-10-29,SAL20250094095,STR009,PRD00336,1,Customer Changed Mind,1590.59
RET2025001382,2025-04-18,SAL20250000009,STR003,PRD00847,1,Damaged in Transit,2294.5
RET2025001383,2025-06-02,SAL20250066594,STR023,PRD00770,1,Defective Item,1474.46
RET2025001384,2025-02-19,SAL20250007410,STR039,PRD00210,1,Wrong Item Delivered,8463.87
RET2025001385,2025-03-23,SAL20250051774,STR026,PRD00651,1,Damaged in Transit,368.8
RET2025001386,2025-06-14,SAL20250095390,STR003,PRD00827,1,Customer Changed Mind,3989.15
RET2025001387,2025-12-16,SAL20250014631,STR041,PRD00436,1,Size/Fit Issue,630.05
RET2025001388,2025-02-28,SAL20250043783,STR032,PRD00248,1,Defective Item,9547.84
RET2025001389,2025-12-02,SAL20250086912,STR006,PRD00358,1,Damaged in Transit,873.37
RET2025001390,2025-03-12,SAL20250044499,STR039,PRD01045,1,Customer Changed Mind,910.12
RET2025001391,2025-03-28,SAL20250039838,STR035,PRD01036,1,Customer Changed Mind,177.81
RET2025001392,2025-12-19,SAL20250023112,STR023,PRD00766,1,Wrong Item Delivered,1923.71
RET2025001393,2025-12-06,SAL20250027347,STR020,PRD01175,1,Wrong Item Delivered,2568.19
RET2025001394,2025-09-03,SAL20250054828,STR024,PRD00607,1,Defective Item,313.72
RET2025001395,2025-05-24,SAL20250046169,STR030,PRD01055,2,Customer Changed Mind,856.08
RET2025001396,2025-12-03,SAL20250098961,STR038,PRD01118,1,Defective Item,5734.69
RET2025001397,2025-08-11,SAL20250014969,STR012,PRD00099,1,Damaged in Transit,19924.5
RET2025001398,2025-02-26,SAL20250066935,STR030,PRD01072,1,Customer Changed Mind,354.49
RET2025001399,2025-09-28,SAL20250037132,STR002,PRD00782,1,Customer Changed Mind,3353.32
RET2025001400,2025-09-17,SAL20250064050,STR014,PRD00145,1,Defective Item,2570.9
RET2025001401,2025-11-19,SAL20250008939,STR038,PRD00786,3,Size/Fit Issue,6815.82
RET2025001402,2025-08-15,SAL20250021708,STR012,PRD00566,1,Size/Fit Issue,655.12
RET2025001403,2025-02-26,SAL20250010125,STR024,PRD01154,1,Size/Fit Issue,1216.46
RET2025001404,2025-09-16,SAL20250029991,STR005,PRD00517,2,Defective Item,505.64
RET2025001405,2025-05-19,SAL20250029395,STR005,PRD00248,1,Size/Fit Issue,9547.84
RET2025001406,2025-11-14,SAL20250050673,STR006,PRD01079,1,Wrong Item Delivered,323.52
RET2025001407,2025-09-23,SAL20250010521,STR039,PRD01045,1,Defective Item,910.12
RET2025001408,2025-02-08,SAL20250050666,STR025,PRD00180,1,Customer Changed Mind,3550.84
RET2025001409,2025-10-05,SAL20250019188,STR031,PRD00557,1,Size/Fit Issue,210.61
RET2025001410,2025-04-22,SAL20250074330,STR019,PRD00337,1,Damaged in Transit,1047.01
RET2025001411,2025-03-18,SAL20250071009,STR005,PRD00558,1,Damaged in Transit,353.1
RET2025001412,2025-07-04,SAL20250078237,STR024,PRD01025,1,Wrong Item Delivered,56.45
RET2025001413,2025-07-11,SAL20250020312,STR031,PRD01024,1,Defective Item,129.44
RET2025001414,2025-12-07,SAL20250072189,STR027,PRD00387,1,Defective Item,446.12
RET2025001415,2025-01-09,SAL20250029898,STR018,PRD00417,1,Size/Fit Issue,788.29
RET2025001416,2025-04-02,SAL20250097141,STR039,PRD00452,1,Damaged in Transit,1046.75
RET2025001417,2025-08-29,SAL20250084097,STR016,PRD00859,2,Size/Fit Issue,1000.0
RET2025001418,2025-06-29,SAL20250075133,STR035,PRD00264,1,Damaged in Transit,4452.38
RET2025001419,2025-11-21,SAL20250080226,STR019,PRD00980,1,Defective Item,608.25
RET2025001420,2025-05-05,SAL20250036258,STR030,PRD00311,1,Wrong Item Delivered,936.08
RET2025001421,2025-01-08,SAL20250001684,STR023,PRD00648,1,Defective Item,715.75
RET2025001422,2025-05-30,SAL20250072222,STR021,PRD01069,2,Wrong Item Delivered,4255.42
RET2025001423,2025-06-05,SAL20250025264,STR030,PRD00830,1,Customer Changed Mind,1783.32
RET2025001424,2025-11-27,SAL20250098001,STR025,PRD00805,1,Customer Changed Mind,3870.93
RET2025001425,2025-02-08,SAL20250065866,STR011,PRD00897,1,Defective Item,3626.87
RET2025001426,2025-08-02,SAL20250073647,STR021,PRD00652,1,Defective Item,210.65
RET2025001427,2025-11-11,SAL20250063694,STR032,PRD00661,1,Size/Fit Issue,443.39
RET2025001428,2025-04-22,SAL20250088725,STR031,PRD00985,3,Defective Item,238.29
RET2025001429,2025-11-17,SAL20250019405,STR003,PRD00447,1,Damaged in Transit,458.65
RET2025001430,2025-07-17,SAL20250058583,STR006,PRD00237,1,Size/Fit Issue,9971.54
RET2025001431,2025-03-02,SAL20250068172,STR027,PRD00381,1,Wrong Item Delivered,931.15
RET2025001432,2025-03-26,SAL20250014292,STR015,PRD00005,3,Damaged in Transit,76148.13
RET2025001433,2025-12-12,SAL20250011382,STR033,PRD00688,2,Customer Changed Mind,5605.24
RET2025001434,2025-04-20,SAL20250010148,STR010,PRD00330,1,Wrong Item Delivered,275.94
RET2025001435,2025-02-05,SAL20250080261,STR025,PRD00202,1,Size/Fit Issue,1209.84
RET2025001436,2025-07-19,SAL20250071289,STR004,PRD00318,1,Wrong Item Delivered,184.33
RET2025001437,2025-04-19,SAL20250087800,STR005,PRD01078,1,Customer Changed Mind,2107.38
RET2025001438,2025-12-21,SAL20250078348,STR016,PRD00644,1,Defective Item,812.84
RET2025001439,2025-07-24,SAL20250028309,STR020,PRD00552,1,Size/Fit Issue,296.06
RET2025001440,2025-11-20,SAL20250064670,STR028,PRD00080,2,Defective Item,34584.5
RET2025001441,2025-07-05,SAL20250075716,STR023,PRD01106,1,Defective Item,3135.75
RET2025001442,2025-09-19,SAL20250009078,STR026,PRD00158,2,Size/Fit Issue,7597.74
RET2025001443,2025-04-04,SAL20250051623,STR029,PRD00282,1,Wrong Item Delivered,705.96
RET2025001444,2025-07-14,SAL20250017740,STR024,PRD01164,1,Defective Item,2114.79
RET2025001445,2025-07-05,SAL20250093099,STR034,PRD00405,1,Customer Changed Mind,917.35
RET2025001446,2025-07-27,SAL20250046571,STR001,PRD00817,1,Wrong Item Delivered,3058.64
RET2025001447,2025-06-30,SAL20250094679,STR012,PRD00516,1,Customer Changed Mind,653.26
RET2025001448,2025-05-28,SAL20250008361,STR012,PRD00096,1,Defective Item,1587.91
RET2025001449,2025-06-14,SAL20250046507,STR009,PRD00619,1,Customer Changed Mind,215.37
RET2025001450,2025-06-10,SAL20250062006,STR037,PRD01190,1,Defective Item,7433.72
RET2025001451,2025-06-04,SAL20250067048,STR032,PRD00094,1,Size/Fit Issue,15405.56
RET2025001452,2025-04-29,SAL20250059441,STR023,PRD00459,1,Damaged in Transit,918.25
RET2025001453,2025-01-24,SAL20250065615,STR007,PRD00124,1,Wrong Item Delivered,10921.57
RET2025001454,2025-06-24,SAL20250014021,STR037,PRD00568,1,Wrong Item Delivered,465.88
RET2025001455,2025-09-24,SAL20250031466,STR019,PRD00663,1,Wrong Item Delivered,109.46
RET2025001456,2025-07-15,SAL20250036978,STR034,PRD00134,2,Wrong Item Delivered,38809.58
RET2025001457,2025-09-12,SAL20250092028,STR007,PRD00898,2,Defective Item,6064.86
RET2025001458,2025-02-14,SAL20250036814,STR015,PRD00043,1,Defective Item,22998.01
RET2025001459,2025-10-31,SAL20250092259,STR017,PRD00591,1,Defective Item,500.81
RET2025001460,2025-12-02,SAL20250036160,STR018,PRD00576,1,Size/Fit Issue,451.26
RET2025001461,2025-03-07,SAL20250067300,STR006,PRD00671,1,Size/Fit Issue,327.72
RET2025001462,2025-08-05,SAL20250029443,STR032,PRD00252,1,Size/Fit Issue,10910.07
RET2025001463,2025-07-08,SAL20250090262,STR033,PRD00415,1,Size/Fit Issue,345.23
RET2025001464,2025-06-29,SAL20250039818,STR011,PRD01102,1,Defective Item,845.86
RET2025001465,2025-03-16,SAL20250020894,STR022,PRD00805,1,Defective Item,3870.93
RET2025001466,2025-03-28,SAL20250016663,STR006,PRD00124,1,Damaged in Transit,10921.57
RET2025001467,2025-02-10,SAL20250068801,STR023,PRD00689,1,Defective Item,492.79
RET2025001468,2025-05-29,SAL20250092762,STR030,PRD00475,1,Defective Item,749.71
RET2025001469,2025-01-29,SAL20250026657,STR004,PRD00056,1,Damaged in Transit,11452.31
RET2025001470,2025-09-09,SAL20250086135,STR010,PRD00738,1,Defective Item,984.8
RET2025001471,2025-08-28,SAL20250097340,STR031,PRD00015,1,Wrong Item Delivered,3619.87
RET2025001472,2025-09-20,SAL20250081966,STR036,PRD00889,1,Size/Fit Issue,2052.09
RET2025001473,2025-07-07,SAL20250098939,STR015,PRD00909,1,Damaged in Transit,1266.46
RET2025001474,2025-03-23,SAL20250026292,STR017,PRD00520,2,Wrong Item Delivered,965.38
RET2025001475,2025-02-18,SAL20250013919,STR036,PRD00406,1,Customer Changed Mind,663.68
RET2025001476,2025-02-25,SAL20250066314,STR011,PRD00780,1,Size/Fit Issue,1384.22
RET2025001477,2025-12-12,SAL20250016865,STR035,PRD01094,1,Damaged in Transit,7758.5
RET2025001478,2025-06-06,SAL20250066317,STR032,PRD00789,1,Size/Fit Issue,4846.68
RET2025001479,2025-02-13,SAL20250037895,STR030,PRD00765,1,Defective Item,1419.48
RET2025001480,2025-08-16,SAL20250095893,STR019,PRD01041,1,Wrong Item Delivered,954.2
RET2025001481,2025-06-27,SAL20250034823,STR033,PRD00780,1,Customer Changed Mind,1384.22
RET2025001482,2025-06-02,SAL20250002974,STR036,PRD00345,1,Customer Changed Mind,670.76
RET2025001483,2025-05-06,SAL20250021420,STR010,PRD00971,1,Customer Changed Mind,604.86
RET2025001484,2025-07-14,SAL20250086824,STR037,PRD00381,1,Customer Changed Mind,931.15
RET2025001485,2025-08-20,SAL20250035217,STR009,PRD00145,1,Customer Changed Mind,2570.9
RET2025001486,2025-01-27,SAL20250045706,STR034,PRD01065,1,Wrong Item Delivered,936.71
RET2025001487,2025-05-04,SAL20250054899,STR020,PRD00371,1,Customer Changed Mind,199.9
RET2025001488,2025-11-02,SAL20250089556,STR014,PRD00998,1,Size/Fit Issue,883.36
RET2025001489,2025-11-15,SAL20250091447,STR026,PRD01168,1,Size/Fit Issue,4286.69
RET2025001490,2025-06-21,SAL20250084977,STR005,PRD01169,1,Customer Changed Mind,6625.23
RET2025001491,2025-04-06,SAL20250012254,STR038,PRD01017,1,Size/Fit Issue,1092.19
RET2025001492,2025-10-08,SAL20250086525,STR023,PRD00822,2,Customer Changed Mind,7875.6
RET2025001493,2025-03-26,SAL20250023488,STR013,PRD00823,1,Wrong Item Delivered,2558.98
RET2025001494,2025-12-07,SAL20250083299,STR003,PRD00673,2,Wrong Item Delivered,5370.36
RET2025001495,2025-09-08,SAL20250035628,STR009,PRD00039,2,Defective Item,16760.74
RET2025001496,2025-01-08,SAL20250047470,STR004,PRD00914,1,Wrong Item Delivered,3460.6
RET2025001497,2025-06-05,SAL20250032975,STR029,PRD00965,1,Damaged in Transit,67.67
RET2025001498,2025-04-09,SAL20250048549,STR024,PRD00454,3,Defective Item,716.43
RET2025001499,2025-01-19,SAL20250081698,STR014,PRD00441,1,Damaged in Transit,853.01
RET2025001500,2025-04-10,SAL20250041049,STR012,PRD00607,1,Size/Fit Issue,313.72
RET2025001501,2025-08-30,SAL20250036136,STR019,PRD00140,1,Wrong Item Delivered,6378.06
RET2025001502,2025-02-10,SAL20250052842,STR027,PRD01057,1,Defective Item,52.31
RET2025001503,2025-08-14,SAL20250027049,STR023,PRD00099,1,Defective Item,19924.5
RET2025001504,2025-12-06,SAL20250095059,STR007,PRD00893,1,Wrong Item Delivered,963.04
RET2025001505,2025-08-08,SAL20250055271,STR040,PRD00268,1,Wrong Item Delivered,1061.68
RET2025001506,2025-04-21,SAL20250026647,STR039,PRD00471,1,Wrong Item Delivered,607.66
RET2025001507,2025-03-04,SAL20250040886,STR004,PRD00139,1,Size/Fit Issue,2949.49
RET2025001508,2025-10-11,SAL20250059126,STR039,PRD00513,1,Defective Item,111.04
RET2025001509,2025-06-24,SAL20250076236,STR019,PRD00583,1,Wrong Item Delivered,704.61
RET2025001510,2025-04-15,SAL20250013339,STR017,PRD00037,1,Damaged in Transit,21728.77
RET2025001511,2025-09-13,SAL20250018546,STR025,PRD00051,1,Size/Fit Issue,18906.15
RET2025001512,2025-07-23,SAL20250057496,STR016,PRD00057,1,Wrong Item Delivered,2490.08
RET2025001513,2025-11-20,SAL20250025467,STR020,PRD01116,1,Defective Item,792.37
RET2025001514,2025-02-17,SAL20250072567,STR026,PRD00521,2,Defective Item,1895.6
RET2025001515,2025-11-08,SAL20250011020,STR009,PRD00569,2,Defective Item,438.8
RET2025001516,2025-11-05,SAL20250028534,STR018,PRD00239,1,Wrong Item Delivered,6180.81
RET2025001517,2025-12-25,SAL20250034805,STR023,PRD01176,1,Customer Changed Mind,5880.6
RET2025001518,2025-08-19,SAL20250042205,STR005,PRD00103,2,Customer Changed Mind,8208.18
RET2025001519,2025-11-27,SAL20250051312,STR022,PRD00966,1,Defective Item,814.75
RET2025001520,2025-08-21,SAL20250009564,STR008,PRD00823,1,Wrong Item Delivered,2558.98
RET2025001521,2025-11-22,SAL20250091948,STR013,PRD01000,1,Damaged in Transit,495.66
RET2025001522,2025-11-09,SAL20250051199,STR032,PRD01037,1,Defective Item,431.13
RET2025001523,2025-09-19,SAL20250027720,STR029,PRD00947,1,Defective Item,413.13
RET2025001524,2025-08-14,SAL20250070291,STR016,PRD00556,1,Defective Item,634.75
RET2025001525,2025-09-21,SAL20250048352,STR040,PRD00741,2,Customer Changed Mind,5697.7
RET2025001526,2025-02-20,SAL20250035545,STR025,PRD00156,1,Customer Changed Mind,1591.76
RET2025001527,2025-02-14,SAL20250035254,STR012,PRD00828,1,Wrong Item Delivered,765.4
RET2025001528,2025-03-12,SAL20250082450,STR013,PRD00311,1,Wrong Item Delivered,936.08
RET2025001529,2025-07-03,SAL20250046046,STR041,PRD00605,1,Size/Fit Issue,66.61
RET2025001530,2025-09-05,SAL20250099724,STR017,PRD01059,1,Defective Item,553.69
RET2025001531,2025-11-04,SAL20250061890,STR008,PRD01148,1,Damaged in Transit,584.33
RET2025001532,2025-11-08,SAL20250063540,STR038,PRD00994,1,Defective Item,-1224.56
RET2025001533,2025-11-20,SAL20250064781,STR022,PRD00949,1,Damaged in Transit,855.15
RET2025001534,2025-10-24,SAL20250066862,STR041,PRD00575,1,Wrong Item Delivered,90.77
RET2025001535,2025-06-27,SAL20250067230,STR017,PRD00409,1,Customer Changed Mind,950.85
RET2025001536,2025-08-17,SAL20250049433,STR014,PRD00737,1,Damaged in Transit,1053.41
RET2025001537,2025-01-11,SAL20250079650,STR022,PRD00446,1,Defective Item,1037.38
RET2025001538,2025-10-11,SAL20250080502,STR007,PRD00190,1,Defective Item,12169.57
RET2025001539,2025-11-21,SAL20250026059,STR033,PRD00935,1,Defective Item,821.43
RET2025001540,2025-12-09,SAL20250058389,STR011,PRD00440,1,Customer Changed Mind,366.81
RET2025001541,2025-10-11,SAL20250036114,STR009,PRD00268,1,Wrong Item Delivered,1061.68
RET2025001542,2025-01-07,SAL20250025504,STR004,PRD00438,1,Wrong Item Delivered,638.02
RET2025001543,2025-04-29,SAL20250047290,STR031,PRD00718,1,Customer Changed Mind,2341.08
RET2025001544,2025-04-22,SAL20250052947,STR033,PRD00117,1,Damaged in Transit,5653.79
RET2025001545,2025-08-04,SAL20250007319,STR010,PRD00964,1,Defective Item,842.84
RET2025001546,2025-12-03,SAL20250074381,STR013,PRD00823,1,Customer Changed Mind,2558.98
RET2025001547,2025-03-09,SAL20250022032,STR027,PRD00947,1,Size/Fit Issue,413.13
RET2025001548,2025-03-24,SAL20250006286,STR014,PRD01044,1,Defective Item,762.23
RET2025001549,2025-11-17,SAL20250048310,STR038,PRD00616,1,Customer Changed Mind,565.82
RET2025001550,2025-04-27,SAL20250065845,STR021,PRD00090,1,Wrong Item Delivered,8184.6
RET2025001551,2025-03-15,SAL20250056838,STR002,PRD00662,1,Customer Changed Mind,192.14
RET2025001552,2025-02-18,SAL20250014932,STR028,PRD00984,1,Defective Item,34.1
RET2025001553,2025-01-11,SAL20250089571,STR006,PRD00368,1,Damaged in Transit,927.52
RET2025001554,2025-01-29,SAL20250091420,STR008,PRD00520,1,Defective Item,482.69
RET2025001555,2025-09-25,SAL20250065636,STR026,PRD00809,1,Defective Item,1418.3
RET2025001556,2025-01-09,SAL20250001999,STR018,PRD00499,1,Wrong Item Delivered,309.01
RET2025001557,2025-01-25,SAL20250014063,STR030,PRD00821,1,Damaged in Transit,2784.44
RET2025001558,2025-10-22,SAL20250019951,STR006,PRD00426,1,Wrong Item Delivered,496.18
RET2025001559,2025-09-20,SAL20250019296,STR026,PRD01195,1,Damaged in Transit,6990.3
RET2025001560,2025-06-29,SAL20250054248,STR025,PRD00615,1,Defective Item,478.74
RET2025001561,2025-03-24,SAL20250061858,STR015,PRD01190,2,Defective Item,14867.44
RET2025001562,2025-07-22,SAL20250001080,STR025,PRD01029,2,Defective Item,1524.52
RET2025001563,2025-08-03,SAL20250040010,STR026,PRD00343,1,Size/Fit Issue,244.94
RET2025001564,2025-11-25,SAL20250033815,STR012,PRD00256,1,Wrong Item Delivered,13048.37
RET2025001565,2025-06-06,SAL20250068001,STR022,PRD01100,1,Defective Item,6765.12
RET2025001566,2025-11-04,SAL20250019030,STR039,PRD00866,2,Customer Changed Mind,2046.1
RET2025001567,2025-03-05,SAL20250036916,STR040,PRD00872,1,Defective Item,467.45
RET2025001568,2025-12-15,SAL20250036741,STR018,PRD00563,1,Wrong Item Delivered,667.75
RET2025001569,2025-01-08,SAL20250072221,STR006,PRD00340,2,Customer Changed Mind,1913.28
RET2025001570,2025-01-07,SAL20250008356,STR027,PRD00293,1,Damaged in Transit,859.61
RET2025001571,2025-10-12,SAL20250062450,STR032,PRD00536,2,Defective Item,787.12
RET2025001572,2025-12-03,SAL20250081422,STR014,PRD00822,1,Damaged in Transit,3937.8
RET2025001573,2025-03-06,SAL20250011148,STR019,PRD00917,1,Size/Fit Issue,1441.59
RET2025001574,2025-06-17,SAL20250097351,STR020,PRD00454,1,Size/Fit Issue,238.81
RET2025001575,2025-02-11,SAL20250034487,STR006,PRD00171,1,Size/Fit Issue,6232.31
RET2025001576,2025-09-24,SAL20250024801,STR033,PRD00336,1,Damaged in Transit,1590.59
RET2025001577,2025-08-12,SAL20250037736,STR014,PRD00176,1,Damaged in Transit,4757.11
RET2025001578,2025-03-19,SAL20250091229,STR034,PRD00647,1,Defective Item,284.75
RET2025001579,2025-01-09,SAL20250023257,STR015,PRD00676,2,Defective Item,8360.74
RET2025001580,2025-03-13,SAL20250081541,STR021,PRD00053,1,Defective Item,3304.53
RET2025001581,2025-04-27,SAL20250035254,STR026,PRD00299,1,Defective Item,1362.69
RET2025001582,2025-04-05,SAL20250027470,STR041,PRD00089,1,Wrong Item Delivered,24330.95
RET2025001583,2025-07-20,SAL20250090440,STR010,PRD00593,1,Damaged in Transit,596.07
RET2025001584,2025-07-28,SAL20250067018,STR026,PRD00107,1,Defective Item,4985.79
RET2025001585,2025-01-31,SAL20250028823,STR012,PRD00586,1,Defective Item,648.21
RET2025001586,2025-10-13,SAL20250046966,STR030,PRD00013,1,Damaged in Transit,17378.5
RET2025001587,2025-10-15,SAL20250054668,STR016,PRD01114,1,Customer Changed Mind,8827.06
RET2025001588,2025-02-08,SAL20250069407,STR025,PRD00653,1,Wrong Item Delivered,614.39
RET2025001589,2025-06-25,SAL20250063578,STR008,PRD00098,1,Defective Item,13136.22
RET2025001590,2025-05-07,SAL20250011994,STR011,PRD00242,1,Defective Item,3336.56
RET2025001591,2025-07-14,SAL20250006460,STR024,PRD00487,1,Customer Changed Mind,-92.35
RET2025001592,2025-06-10,SAL20250077195,STR020,PRD00599,1,Defective Item,273.52
RET2025001593,2025-09-18,SAL20250024918,STR024,PRD00345,1,Customer Changed Mind,670.76
RET2025001594,2025-03-21,SAL20250045679,STR011,PRD00092,2,Defective Item,13151.04
RET2025001595,2025-11-04,SAL20250064122,STR027,PRD00333,1,Customer Changed Mind,1043.83
RET2025001596,2025-05-12,SAL20250055915,STR016,PRD00446,1,Damaged in Transit,1037.38
RET2025001597,2025-02-03,SAL20250087111,STR040,PRD00762,1,Wrong Item Delivered,1596.23
RET2025001598,2025-10-09,SAL20250021220,STR026,PRD00277,1,Defective Item,1350.87
RET2025001599,2025-11-21,SAL20250015892,STR026,PRD00556,1,Wrong Item Delivered,634.75
RET2025001600,2025-03-17,SAL20250035152,STR002,PRD00536,3,Defective Item,1180.68
RET2025001601,2025-07-16,SAL20250067424,STR008,PRD01185,1,Damaged in Transit,2223.59
RET2025001602,2025-08-01,SAL20250036264,STR036,PRD00295,1,Customer Changed Mind,1024.45
RET2025001603,2025-05-23,SAL20250019048,STR033,PRD00552,1,Defective Item,296.06
RET2025001604,2025-02-06,SAL20250075025,STR028,PRD00902,1,Size/Fit Issue,258.19
RET2025001605,2025-07-16,SAL20250027385,STR008,PRD00695,1,Defective Item,2280.88
RET2025001606,2025-05-13,SAL20250016336,STR036,PRD00278,1,Defective Item,439.84
RET2025001607,2025-03-23,SAL20250027274,STR005,PRD00789,2,Size/Fit Issue,9693.36
RET2025001608,2025-01-14,SAL20250077757,STR003,PRD00987,1,Defective Item,289.9
RET2025001609,2025-02-20,SAL20250057952,STR039,PRD00444,1,Defective Item,347.0
RET2025001610,2025-03-18,SAL20250099192,STR014,PRD00591,1,Wrong Item Delivered,500.81
RET2025001611,2025-11-16,SAL20250041317,STR018,PRD00987,1,Wrong Item Delivered,289.9
RET2025001612,2025-06-27,SAL20250087552,STR007,PRD00657,1,Customer Changed Mind,272.71
RET2025001613,2025-04-13,SAL20250063240,STR005,PRD01178,1,Damaged in Transit,5467.45
RET2025001614,2025-03-31,SAL20250016190,STR005,PRD00685,1,Defective Item,4676.03
RET2025001615,2025-02-12,SAL20250015755,STR029,PRD01056,1,Wrong Item Delivered,449.88
RET2025001616,2025-02-09,SAL20250006710,STR019,PRD01085,1,Customer Changed Mind,7889.14
RET2025001617,2025-08-19,SAL20250028737,STR007,PRD00185,1,Wrong Item Delivered,1926.14
RET2025001618,2025-01-19,SAL20250017317,STR002,PRD00306,1,Customer Changed Mind,1349.3
RET2025001619,2025-08-02,SAL20250066633,STR009,PRD00198,1,Wrong Item Delivered,4266.35
RET2025001620,2025-12-22,SAL20250079144,STR019,PRD00127,1,Size/Fit Issue,14293.97
RET2025001621,2025-12-22,SAL20250015421,STR021,PRD01127,1,Wrong Item Delivered,730.99
RET2025001622,2025-11-10,SAL20250088861,STR039,PRD00038,1,Customer Changed Mind,2962.9
RET2025001623,2025-05-17,SAL20250079915,STR002,PRD00338,1,Wrong Item Delivered,1223.61
RET2025001624,2025-06-21,SAL20250094007,STR002,PRD00516,1,Customer Changed Mind,653.26
RET2025001625,2025-01-12,SAL20250018903,STR026,PRD00631,1,Defective Item,725.12
RET2025001626,2025-06-28,SAL20250059077,STR020,PRD00413,1,Size/Fit Issue,347.68
RET2025001627,2025-06-07,SAL20250056604,STR034,PRD00989,1,Size/Fit Issue,922.35
RET2025001628,2025-11-13,SAL20250091216,STR017,PRD00672,1,Size/Fit Issue,4427.9
RET2025001629,2025-10-08,SAL20250049126,STR007,PRD00963,1,Size/Fit Issue,93.93
RET2025001630,2025-04-25,SAL20250057325,STR041,PRD00549,1,Size/Fit Issue,585.62
RET2025001631,2025-08-23,SAL20250066464,STR021,PRD00105,2,Customer Changed Mind,18290.0
RET2025001632,2025-07-13,SAL20250009227,STR028,PRD00632,1,Wrong Item Delivered,758.72
RET2025001633,2025-02-06,SAL20250073292,STR002,PRD00911,1,Wrong Item Delivered,807.88
RET2025001634,2025-04-24,SAL20250032884,STR024,PRD00342,1,Customer Changed Mind,1186.13
RET2025001635,2025-09-26,SAL20250081372,STR028,PRD00572,1,Defective Item,728.84
RET2025001636,2025-03-20,SAL20250055155,STR041,PRD00013,1,Defective Item,17378.5
RET2025001637,2025-09-14,SAL20250075628,STR007,PRD00567,1,Wrong Item Delivered,365.44
RET2025001638,2025-10-26,SAL20250078635,STR004,PRD01094,1,Customer Changed Mind,7758.5
RET2025001639,2025-06-02,SAL20250060865,STR027,PRD01067,2,Size/Fit Issue,1845.16
RET2025001640,2025-03-02,SAL20250089669,STR041,PRD01060,1,Wrong Item Delivered,277.54
RET2025001641,2025-05-27,SAL20250081109,STR001,PRD00655,2,Size/Fit Issue,151.78
RET2025001642,2025-04-26,SAL20250007705,STR005,PRD01044,2,Size/Fit Issue,1524.46
RET2025001643,2025-09-25,SAL20250041132,STR017,PRD00053,3,Damaged in Transit,9913.59
RET2025001644,2025-03-10,SAL20250080273,STR015,PRD00393,3,Defective Item,1578.75
RET2025001645,2025-09-21,SAL20250063004,STR008,PRD00524,1,Defective Item,128.85
RET2025001646,2025-10-14,SAL20250006408,STR024,PRD00860,1,Size/Fit Issue,694.13
RET2025001647,2025-01-18,SAL20250014303,STR006,PRD00938,1,Defective Item,622.57
RET2025001648,2025-11-24,SAL20250036274,STR026,PRD00108,2,Defective Item,45214.28
RET2025001649,2025-08-29,SAL20250062963,STR011,PRD00571,2,Wrong Item Delivered,402.44
RET2025001650,2025-05-05,SAL20250010350,STR002,PRD01035,1,Size/Fit Issue,199.19
RET2025001651,2025-01-21,SAL20250008705,STR041,PRD01117,1,Defective Item,2651.1
RET2025001652,2025-12-19,SAL20250061516,STR028,PRD00891,1,Size/Fit Issue,506.36
RET2025001653,2025-06-28,SAL20250076193,STR021,PRD00721,1,Size/Fit Issue,2330.52
RET2025001654,2025-02-15,SAL20250050864,STR029,PRD01047,1,Customer Changed Mind,844.86
RET2025001655,2025-03-02,SAL20250036668,STR026,PRD00207,1,Wrong Item Delivered,9083.73
RET2025001656,2025-07-05,SAL20250030201,STR009,PRD00430,1,Wrong Item Delivered,129.33
RET2025001657,2025-03-01,SAL20250051435,STR031,PRD00390,1,Defective Item,1246.69
RET2025001658,2025-05-06,SAL20250038025,STR040,PRD00515,1,Defective Item,551.51
RET2025001659,2025-03-06,SAL20250071164,STR032,PRD00400,1,Wrong Item Delivered,920.96
RET2025001660,2025-09-03,SAL20250019947,STR036,PRD00229,1,Customer Changed Mind,2013.93
RET2025001661,2025-01-06,SAL20250066179,STR023,PRD00176,1,Size/Fit Issue,4757.11
RET2025001662,2025-06-09,SAL20250068794,STR029,PRD00999,2,Customer Changed Mind,2205.18
RET2025001663,2025-01-24,SAL20250059879,STR027,PRD00055,1,Defective Item,18236.77
RET2025001664,2025-06-20,SAL20250054576,STR013,PRD00947,2,Wrong Item Delivered,826.26
RET2025001665,2025-04-20,SAL20250006623,STR031,PRD00225,1,Wrong Item Delivered,9871.63
RET2025001666,2025-04-26,SAL20250059972,STR004,PRD01013,1,Wrong Item Delivered,214.89
RET2025001667,2025-11-13,SAL20250023551,STR012,PRD01167,2,Size/Fit Issue,2729.16
RET2025001668,2025-01-27,SAL20250085478,STR030,PRD00935,1,Damaged in Transit,821.43
RET2025001669,2025-04-16,SAL20250041568,STR017,PRD00341,1,Size/Fit Issue,977.08
RET2025001670,2025-04-30,SAL20250069857,STR025,PRD01163,1,Defective Item,6199.15
RET2025001671,2025-05-08,SAL20250028074,STR031,PRD00870,1,Wrong Item Delivered,2808.24
RET2025001672,2025-03-10,SAL20250003001,STR033,PRD00258,1,Size/Fit Issue,2441.64
RET2025001673,2025-03-25,SAL20250097024,STR002,PRD01179,1,Customer Changed Mind,3455.57
RET2025001674,2025-03-14,SAL20250068455,STR041,PRD01189,1,Wrong Item Delivered,5263.0
RET2025001675,2025-06-30,SAL20250050686,STR039,PRD00615,1,Size/Fit Issue,478.74
RET2025001676,2025-06-29,SAL20250067226,STR005,PRD00542,1,Defective Item,534.65
RET2025001677,2025-01-23,SAL20250022628,STR022,PRD00752,1,Damaged in Transit,4535.72
RET2025001678,2025-03-19,SAL20250068743,STR037,PRD00100,2,Defective Item,28589.62
RET2025001679,2025-09-08,SAL20250071336,STR006,PRD00665,1,Wrong Item Delivered,157.57
RET2025001680,2025-10-08,SAL20250022234,STR017,PRD00164,1,Wrong Item Delivered,7383.75
RET2025001681,2025-10-31,SAL20250060260,STR015,PRD01042,2,Customer Changed Mind,287.04
RET2025001682,2025-07-12,SAL20250030347,STR008,PRD00476,1,Size/Fit Issue,645.16
RET2025001683,2025-05-05,SAL20250081289,STR011,PRD00993,1,Size/Fit Issue,168.95
RET2025001684,2025-03-08,SAL20250022218,STR026,PRD01117,1,Customer Changed Mind,2651.1
RET2025001685,2025-06-02,SAL20250009652,STR032,PRD00727,1,Damaged in Transit,737.62
RET2025001686,2025-03-19,SAL20250040010,STR023,PRD00030,1,Defective Item,17262.94
RET2025001687,2025-04-27,SAL20250048235,STR009,PRD01189,1,Damaged in Transit,5263.0
RET2025001688,2025-09-03,SAL20250037864,STR021,PRD00800,1,Wrong Item Delivered,478.19
RET2025001689,2025-11-01,SAL20250074571,STR033,PRD00643,1,Wrong Item Delivered,345.09
RET2025001690,2025-04-27,SAL20250093176,STR020,PRD00607,1,Size/Fit Issue,313.72
RET2025001691,2025-08-04,SAL20250039714,STR010,PRD00634,3,Size/Fit Issue,1527.09
RET2025001692,2025-03-23,SAL20250080611,STR029,PRD01000,1,Defective Item,495.66
RET2025001693,2025-03-31,SAL20250004272,STR036,PRD01106,1,Wrong Item Delivered,3135.75
RET2025001694,2025-06-21,SAL20250013809,STR026,PRD00720,1,Wrong Item Delivered,3749.56
RET2025001695,2025-06-19,SAL20250057936,STR020,PRD00780,1,Damaged in Transit,1384.22
RET2025001696,2025-03-31,SAL20250048264,STR031,PRD00770,1,Defective Item,1474.46
RET2025001697,2025-04-12,SAL20250089893,STR017,PRD00988,1,Defective Item,774.65
RET2025001698,2025-11-04,SAL20250011810,STR030,PRD00813,2,Defective Item,6173.36
RET2025001699,2025-01-24,SAL20250052642,STR013,PRD00106,1,Wrong Item Delivered,3614.0
RET2025001700,2025-03-07,SAL20250013387,STR018,PRD00074,1,Defective Item,17249.82
RET2025001701,2025-09-26,SAL20250039180,STR004,PRD00662,1,Defective Item,192.14
RET2025001702,2025-11-23,SAL20250062281,STR002,PRD00357,1,Size/Fit Issue,1112.32
RET2025001703,2025-01-31,SAL20250090555,STR010,PRD00093,1,Wrong Item Delivered,12459.16
RET2025001704,2025-05-17,SAL20250072344,STR029,PRD00440,1,Defective Item,366.81
RET2025001705,2025-12-21,SAL20250022473,STR033,PRD00611,1,Damaged in Transit,51.03
RET2025001706,2025-05-09,SAL20250008289,STR027,PRD00013,2,Customer Changed Mind,34757.0
RET2025001707,2025-05-09,SAL20250095520,STR010,PRD00626,1,Size/Fit Issue,125.9
RET2025001708,2025-01-30,SAL20250032484,STR019,PRD00467,1,Size/Fit Issue,528.8
RET2025001709,2025-09-13,SAL20250068563,STR018,PRD00061,1,Size/Fit Issue,7691.1
RET2025001710,2025-09-20,SAL20250096691,STR021,PRD00594,1,Damaged in Transit,129.17
RET2025001711,2025-01-16,SAL20250069479,STR004,PRD00956,1,Customer Changed Mind,1028.6
RET2025001712,2025-03-23,SAL20250073243,STR015,PRD01057,1,Damaged in Transit,52.31
RET2025001713,2025-08-13,SAL20250003855,STR004,PRD01067,1,Defective Item,922.58
RET2025001714,2025-05-28,SAL20250008864,STR031,PRD00744,1,Size/Fit Issue,4365.48
RET2025001715,2025-12-04,SAL20250064943,STR020,PRD00480,1,Wrong Item Delivered,103.25
RET2025001716,2025-10-20,SAL20250059981,STR023,PRD00041,1,Size/Fit Issue,19732.0
RET2025001717,2025-12-26,SAL20250000951,STR035,PRD00195,1,Defective Item,4088.9
RET2025001718,2025-12-02,SAL20250094293,STR026,PRD00694,2,Wrong Item Delivered,6405.02
RET2025001719,2025-10-25,SAL20250091142,STR030,PRD00404,1,Customer Changed Mind,695.46
RET2025001720,2025-07-02,SAL20250027208,STR028,PRD00443,2,Wrong Item Delivered,413.88
RET2025001721,2025-06-04,SAL20250006845,STR023,PRD01069,1,Wrong Item Delivered,2127.71
RET2025001722,2025-09-06,SAL20250039761,STR024,PRD00992,2,Defective Item,879.34
RET2025001723,2025-11-07,SAL20250022629,STR037,PRD00900,1,Size/Fit Issue,3167.3
RET2025001724,2025-06-02,SAL20250078855,STR040,PRD00320,2,Wrong Item Delivered,546.46
RET2025001725,2025-06-05,SAL20250062139,STR022,PRD00608,1,Defective Item,314.95
RET2025001726,2025-10-14,SAL20250087189,STR006,PRD00852,1,Defective Item,1751.61
RET2025001727,2025-03-27,SAL20250028487,STR005,PRD00261,1,Size/Fit Issue,8333.44
RET2025001728,2025-12-08,SAL20250078219,STR036,PRD00269,1,Customer Changed Mind,151.87
RET2025001729,2025-10-23,SAL20250013332,STR013,PRD00013,1,Size/Fit Issue,17378.5
RET2025001730,2025-08-18,SAL20250041669,STR031,PRD00492,1,Defective Item,431.72
RET2025001731,2025-04-22,SAL20250065068,STR002,PRD00945,1,Defective Item,871.49
RET2025001732,2025-07-09,SAL20250036589,STR029,PRD01132,1,Customer Changed Mind,7393.47
RET2025001733,2025-04-20,SAL20250081854,STR007,PRD00870,1,Wrong Item Delivered,2808.24
RET2025001734,2025-10-28,SAL20250086274,STR034,PRD01163,1,Size/Fit Issue,6199.15
RET2025001735,2025-02-17,SAL20250077659,STR023,PRD00458,1,Size/Fit Issue,587.81
RET2025001736,2025-07-22,SAL20250001244,STR014,PRD00411,1,Size/Fit Issue,779.25
RET2025001737,2025-10-02,SAL20250060926,STR017,PRD01159,1,Damaged in Transit,3270.67
RET2025001738,2025-04-10,SAL20250094155,STR032,PRD00531,1,Size/Fit Issue,217.65
RET2025001739,2025-04-26,SAL20250074494,STR011,PRD00266,1,Defective Item,13058.2
RET2025001740,2025-06-03,SAL20250027457,STR016,PRD01057,1,Defective Item,52.31
RET2025001741,2025-10-03,SAL20250005536,STR009,PRD00586,1,Damaged in Transit,648.21
RET2025001742,2025-01-10,SAL20250084926,STR039,PRD00583,1,Defective Item,704.61
RET2025001743,2025-03-05,SAL20250034825,STR011,PRD00398,1,Damaged in Transit,358.79
RET2025001744,2025-08-21,SAL20250027155,STR024,PRD01016,1,Defective Item,253.56
RET2025001745,2025-06-18,SAL20250092544,STR014,PRD00160,1,Size/Fit Issue,7937.44
RET2025001746,2025-08-27,SAL20250076278,STR021,PRD00781,1,Wrong Item Delivered,2809.53
RET2025001747,2025-04-27,SAL20250080526,STR010,PRD00716,1,Defective Item,1780.84
RET2025001748,2025-12-07,SAL20250089648,STR013,PRD00614,1,Defective Item,52.25
RET2025001749,2025-03-02,SAL20250015320,STR008,PRD00322,1,Defective Item,839.74
RET2025001750,2025-05-06,SAL20250008425,STR028,PRD00139,1,Defective Item,2949.49
RET2025001751,2025-11-30,SAL20250002709,STR030,PRD00481,1,Customer Changed Mind,391.79
RET2025001752,2025-12-05,SAL20250038756,STR017,PRD00798,1,Size/Fit Issue,1720.26
RET2025001753,2025-06-10,SAL20250091035,STR032,PRD00535,1,Defective Item,314.95
RET2025001754,2025-09-04,SAL20250086854,STR040,PRD00670,1,Size/Fit Issue,3171.53
RET2025001755,2025-05-24,SAL20250080491,STR041,PRD00645,1,Size/Fit Issue,456.66
RET2025001756,2025-11-27,SAL20250035451,STR001,PRD00963,2,Defective Item,187.86
RET2025001757,2025-03-18,SAL20250091737,STR001,PRD01176,1,Defective Item,5880.6
RET2025001758,2025-04-26,SAL20250049737,STR013,PRD00698,1,Wrong Item Delivered,1659.66
RET2025001759,2025-05-28,SAL20250058402,STR024,PRD00728,1,Wrong Item Delivered,5071.72
RET2025001760,2025-03-06,SAL20250084835,STR035,PRD00431,2,Defective Item,1229.74
RET2025001761,2025-11-17,SAL20250028353,STR013,PRD00376,1,Wrong Item Delivered,-1476.13
RET2025001762,2025-09-21,SAL20250008205,STR020,PRD00379,2,Damaged in Transit,1321.22
RET2025001763,2025-09-26,SAL20250046834,STR031,PRD00373,2,Defective Item,318.96
RET2025001764,2025-07-04,SAL20250020862,STR029,PRD00476,1,Defective Item,645.16
RET2025001765,2025-12-19,SAL20250013074,STR003,PRD00287,1,Size/Fit Issue,550.08
RET2025001766,2025-05-06,SAL20250051321,STR033,PRD00718,1,Wrong Item Delivered,2341.08
RET2025001767,2025-04-01,SAL20250069880,STR017,PRD00957,1,Wrong Item Delivered,157.86
RET2025001768,2025-12-05,SAL20250080398,STR035,PRD00611,1,Wrong Item Delivered,51.03
RET2025001769,2025-05-04,SAL20250026813,STR018,PRD00830,1,Size/Fit Issue,1783.32
RET2025001770,2025-11-23,SAL20250069076,STR013,PRD01034,3,Defective Item,930.33
RET2025001771,2025-04-17,SAL20250057993,STR006,PRD00842,1,Size/Fit Issue,1322.87
RET2025001772,2025-05-01,SAL20250013908,STR023,PRD00667,1,Defective Item,129.77
RET2025001773,2025-05-20,SAL20250030456,STR025,PRD00762,1,Size/Fit Issue,1596.23
RET2025001774,2025-04-20,SAL20250090394,STR017,PRD00036,2,Size/Fit Issue,17463.7
RET2025001775,2025-01-16,SAL20250071195,STR009,PRD00704,1,Defective Item,1185.8
RET2025001776,2025-12-03,SAL20250056984,STR021,PRD00505,1,Size/Fit Issue,1140.95
RET2025001777,2025-08-09,SAL20250026468,STR002,PRD00997,1,Size/Fit Issue,893.9
RET2025001778,2025-08-23,SAL20250092055,STR022,PRD01122,1,Customer Changed Mind,6526.26
RET2025001779,2025-01-25,SAL20250032086,STR009,PRD00340,1,Wrong Item Delivered,956.64
RET2025001780,2025-09-30,SAL20250085708,STR038,PRD00818,1,Defective Item,2330.04
RET2025001781,2025-09-30,SAL20250078028,STR004,PRD00905,3,Customer Changed Mind,7491.06
RET2025001782,2025-02-11,SAL20250021236,STR025,PRD00297,1,Wrong Item Delivered,1248.97
RET2025001783,2025-03-31,SAL20250052720,STR008,PRD00260,1,Size/Fit Issue,8853.62
RET2025001784,2025-06-24,SAL20250000002,STR030,PRD00367,1,Size/Fit Issue,450.03
RET2025001785,2025-09-01,SAL20250082727,STR020,PRD00669,3,Defective Item,9705.03
RET2025001786,2025-07-01,SAL20250068547,STR015,PRD01048,1,Damaged in Transit,623.5
RET2025001787,2025-05-22,SAL20250080996,STR036,PRD00111,1,Wrong Item Delivered,16671.18
RET2025001788,2025-03-12,SAL20250052863,STR040,PRD00537,1,Wrong Item Delivered,133.85
RET2025001789,2025-06-10,SAL20250041076,STR040,PRD00385,1,Customer Changed Mind,460.87
RET2025001790,2025-09-20,SAL20250059773,STR007,PRD00517,2,Damaged in Transit,505.64
RET2025001791,2025-10-06,SAL20250037835,STR002,PRD00763,2,Wrong Item Delivered,7936.66
RET2025001792,2025-11-02,SAL20250030813,STR001,PRD00981,1,Wrong Item Delivered,76.61
RET2025001793,2025-03-10,SAL20250041751,STR027,PRD00397,2,Wrong Item Delivered,1000.0
RET2025001794,2025-02-28,SAL20250096116,STR030,PRD00547,1,Defective Item,105.91
RET2025001795,2025-03-03,SAL20250085715,STR034,PRD01105,1,Defective Item,2498.16
RET2025001796,2025-11-22,SAL20250056660,STR002,PRD00709,1,Defective Item,232.93
RET2025001797,2025-05-20,SAL20250078572,STR019,PRD00811,1,Wrong Item Delivered,243.22
RET2025001798,2025-06-06,SAL20250055759,STR005,PRD00232,1,Size/Fit Issue,6785.18
RET2025001799,2025-08-23,SAL20250022242,STR013,PRD00935,1,Defective Item,821.43
RET2025001800,2025-01-13,SAL20250075047,STR026,PRD00914,1,Damaged in Transit,3460.6
RET2025001801,2025-03-13,SAL20250024816,STR018,PRD00739,1,Defective Item,2279.96
RET2025001802,2025-11-11,SAL20250088925,STR005,PRD00067,1,Wrong Item Delivered,3694.12
RET2025001803,2025-03-11,SAL20250044569,STR004,PRD01092,1,Wrong Item Delivered,5535.53
RET2025001804,2025-05-03,SAL20250078465,STR015,PRD00178,1,Customer Changed Mind,9669.95
RET2025001805,2025-04-23,SAL20250057414,STR039,PRD00817,1,Customer Changed Mind,3058.64
RET2025001806,2025-02-13,SAL20250090818,STR017,PRD00224,2,Wrong Item Delivered,9341.8
RET2025001807,2025-03-03,SAL20250060708,STR031,PRD00643,1,Defective Item,345.09
RET2025001808,2025-09-04,SAL20250010200,STR014,PRD00577,1,Defective Item,262.74
RET2025001809,2025-10-04,SAL20250011200,STR024,PRD00166,1,Defective Item,4039.27
RET2025001810,2025-08-30,SAL20250095035,STR001,PRD00888,1,Size/Fit Issue,2557.48
RET2025001811,2025-08-01,SAL20250001291,STR026,PRD00884,1,Wrong Item Delivered,1777.05
RET2025001812,2025-07-28,SAL20250006842,STR041,PRD00175,1,Customer Changed Mind,11344.22
RET2025001813,2025-05-24,SAL20250097492,STR025,PRD00686,3,Wrong Item Delivered,11077.14
RET2025001814,2025-09-15,SAL20250041999,STR007,PRD00211,1,Customer Changed Mind,6731.6
RET2025001815,2025-04-27,SAL20250067321,STR028,PRD00149,1,Defective Item,3024.83
RET2025001816,2025-03-21,SAL20250005112,STR003,PRD00390,1,Wrong Item Delivered,1246.69
RET2025001817,2025-06-01,SAL20250052808,STR039,PRD01087,1,Defective Item,7006.0
RET2025001818,2025-08-06,SAL20250055293,STR032,PRD00659,1,Damaged in Transit,294.97
RET2025001819,2025-09-22,SAL20250076176,STR008,PRD00012,1,Defective Item,5255.98
RET2025001820,2025-05-12,SAL20250070386,STR024,PRD00355,1,Defective Item,304.11
RET2025001821,2025-06-06,SAL20250012919,STR028,PRD00269,1,Defective Item,151.87
RET2025001822,2025-05-12,SAL20250007306,STR031,PRD00334,1,Customer Changed Mind,796.78
RET2025001823,2025-01-10,SAL20250089904,STR008,PRD00383,1,Damaged in Transit,216.69
RET2025001824,2025-05-24,SAL20250033355,STR040,PRD01145,1,Defective Item,3609.72
RET2025001825,2025-07-02,SAL20250069149,STR031,PRD01200,1,Customer Changed Mind,1804.12
RET2025001826,2025-07-29,SAL20250073596,STR015,PRD00735,1,Customer Changed Mind,2710.38
RET2025001827,2025-01-14,SAL20250087241,STR025,PRD00287,1,Defective Item,550.08
RET2025001828,2025-04-22,SAL20250033534,STR040,PRD00263,1,Defective Item,3207.01
RET2025001829,2025-05-03,SAL20250004116,STR011,PRD00182,2,Defective Item,3365.14
RET2025001830,2025-09-14,SAL20250002259,STR020,PRD00548,1,Customer Changed Mind,172.01
RET2025001831,2025-08-15,SAL20250035842,STR004,PRD00273,1,Damaged in Transit,1306.29
RET2025001832,2025-03-06,SAL20250028354,STR038,PRD00020,1,Defective Item,2507.15
RET2025001833,2025-03-11,SAL20250020345,STR025,PRD00310,2,Defective Item,1215.94
RET2025001834,2025-10-28,SAL20250066079,STR012,PRD00415,1,Defective Item,345.23
RET2025001835,2025-11-07,SAL20250070004,STR010,PRD01062,1,Defective Item,925.26
RET2025001836,2025-11-12,SAL20250017134,STR013,PRD00783,1,Customer Changed Mind,2295.14
RET2025001837,2025-06-22,SAL20250011627,STR011,PRD01046,1,Size/Fit Issue,946.12
RET2025001838,2025-02-12,SAL20250049094,STR005,PRD00795,1,Size/Fit Issue,965.34
RET2025001839,2025-08-07,SAL20250083743,STR006,PRD00778,1,Customer Changed Mind,875.87
RET2025001840,2025-01-08,SAL20250045855,STR001,PRD00589,1,Wrong Item Delivered,435.23
RET2025001841,2025-03-11,SAL20250058087,STR012,PRD00112,1,Defective Item,3948.48
RET2025001842,2025-05-22,SAL20250075194,STR034,PRD00976,1,Customer Changed Mind,1125.69
RET2025001843,2025-10-02,SAL20250084542,STR017,PRD01093,1,Defective Item,4476.19
RET2025001844,2025-12-18,SAL20250064030,STR032,PRD00140,1,Damaged in Transit,6378.06
RET2025001845,2025-08-21,SAL20250061108,STR004,PRD00569,1,Customer Changed Mind,219.4
RET2025001846,2025-12-09,SAL20250052921,STR001,PRD00590,1,Customer Changed Mind,353.62
RET2025001847,2025-11-25,SAL20250096206,STR003,PRD01038,1,Size/Fit Issue,565.57
RET2025001848,2025-02-18,SAL20250019133,STR026,PRD00086,1,Defective Item,22194.93
RET2025001849,2025-08-22,SAL20250074942,STR013,PRD00298,1,Defective Item,1012.57
RET2025001850,2025-09-10,SAL20250039399,STR020,PRD00402,1,Defective Item,947.11
RET2025001851,2025-06-08,SAL20250006377,STR015,PRD00074,1,Size/Fit Issue,17249.82
RET2025001852,2025-11-07,SAL20250010648,STR041,PRD01033,1,Customer Changed Mind,703.74
RET2025001853,2025-06-01,SAL20250092507,STR009,PRD00135,1,Wrong Item Delivered,9390.96
RET2025001854,2025-09-24,SAL20250015705,STR015,PRD00391,1,Defective Item,716.46
RET2025001855,2025-11-23,SAL20250048355,STR029,PRD00374,1,Defective Item,1242.75
RET2025001856,2025-07-11,SAL20250032712,STR022,PRD00074,1,Customer Changed Mind,17249.82
RET2025001857,2025-12-03,SAL20250066076,STR034,PRD00175,1,Defective Item,11344.22
RET2025001858,2025-11-23,SAL20250069857,STR031,PRD00359,1,Size/Fit Issue,1383.56
RET2025001859,2025-09-18,SAL20250073178,STR037,PRD00102,1,Defective Item,21236.57
RET2025001860,2025-04-16,SAL20250010990,STR026,PRD00928,1,Defective Item,2503.87
RET2025001861,2025-09-24,SAL20250084012,STR032,PRD01037,1,Size/Fit Issue,431.13
RET2025001862,2025-11-28,SAL20250012156,STR004,PRD00641,1,Defective Item,499.93
RET2025001863,2025-06-20,SAL20250064260,STR022,PRD00230,1,Defective Item,11424.91
RET2025001864,2025-07-01,SAL20250057748,STR008,PRD00207,1,Defective Item,9083.73
RET2025001865,2025-12-02,SAL20250064024,STR013,PRD00339,1,Customer Changed Mind,831.47
RET2025001866,2025-01-12,SAL20250059122,STR002,PRD00835,1,Damaged in Transit,1480.55
RET2025001867,2025-06-25,SAL20250070083,STR030,PRD01124,1,Customer Changed Mind,4813.39
RET2025001868,2025-06-21,SAL20250058261,STR033,PRD00218,1,Defective Item,7357.64
RET2025001869,2025-05-27,SAL20250003412,STR015,PRD00084,1,Defective Item,11056.09
RET2025001870,2025-02-07,SAL20250056041,STR029,PRD00228,2,Wrong Item Delivered,8843.8
RET2025001871,2025-11-15,SAL20250088885,STR038,PRD00229,1,Size/Fit Issue,2013.93
RET2025001872,2025-09-01,SAL20250017027,STR024,PRD00787,1,Size/Fit Issue,291.05
RET2025001873,2025-10-20,SAL20250024447,STR035,PRD00414,1,Defective Item,546.79
RET2025001874,2025-01-18,SAL20250029177,STR023,PRD01141,1,Wrong Item Delivered,1387.21
RET2025001875,2025-12-23,SAL20250029505,STR038,PRD01142,2,Wrong Item Delivered,7757.82
RET2025001876,2025-03-03,SAL20250078399,STR036,PRD00521,1,Defective Item,947.8
RET2025001877,2025-07-13,SAL20250094227,STR039,PRD00303,1,Size/Fit Issue,674.18
RET2025001878,2025-03-04,SAL20250057582,STR028,PRD01176,1,Wrong Item Delivered,5880.6
RET2025001879,2025-05-02,SAL20250024698,STR012,PRD00944,1,Wrong Item Delivered,197.23
RET2025001880,2025-05-10,SAL20250081548,STR037,PRD00961,1,Damaged in Transit,294.28
RET2025001881,2025-02-05,SAL20250095824,STR018,PRD00721,2,Defective Item,4661.04
RET2025001882,2025-09-11,SAL20250047332,STR013,PRD00239,1,Wrong Item Delivered,6180.81
RET2025001883,2025-12-24,SAL20250005679,STR010,PRD00273,1,Defective Item,1306.29
RET2025001884,2025-10-17,SAL20250050164,STR038,PRD00372,1,Defective Item,542.7
RET2025001885,2025-03-25,SAL20250039148,STR032,PRD00463,1,Customer Changed Mind,933.21
RET2025001886,2025-01-26,SAL20250037301,STR034,PRD00854,3,Defective Item,7067.49
RET2025001887,2025-11-27,SAL20250041422,STR031,PRD00536,1,Wrong Item Delivered,393.56
RET2025001888,2025-12-21,SAL20250003122,STR025,PRD00334,1,Customer Changed Mind,796.78
RET2025001889,2025-05-14,SAL20250086280,STR032,PRD00492,2,Size/Fit Issue,863.44
RET2025001890,2025-10-11,SAL20250041809,STR018,PRD00545,1,Defective Item,450.85
RET2025001891,2025-02-23,SAL20250047927,STR034,PRD00361,1,Damaged in Transit,1524.53
RET2025001892,2025-06-25,SAL20250034433,STR017,PRD00757,1,Customer Changed Mind,1608.8
RET2025001893,2025-09-09,SAL20250019553,STR025,PRD00638,2,Damaged in Transit,377.9
RET2025001894,2025-05-27,SAL20250056601,STR026,PRD01052,2,Defective Item,924.5
RET2025001895,2025-03-20,SAL20250006030,STR017,PRD01185,1,Customer Changed Mind,2223.59
RET2025001896,2025-10-28,SAL20250060983,STR001,PRD00523,1,Defective Item,773.23
RET2025001897,2025-09-28,SAL20250002688,STR028,PRD00869,1,Defective Item,3787.4
RET2025001898,2025-06-12,SAL20250080304,STR020,PRD00414,1,Damaged in Transit,546.79
RET2025001899,2025-11-14,SAL20250041370,STR013,PRD00995,1,Defective Item,585.44
RET2025001900,2025-07-27,SAL20250075541,STR023,PRD00229,1,Size/Fit Issue,2013.93
RET2025001901,2025-02-14,SAL20250037602,STR007,PRD00854,2,Customer Changed Mind,4711.66
RET2025001902,2025-08-29,SAL20250070802,STR031,PRD00513,2,Defective Item,222.08
RET2025001903,2025-12-16,SAL20250082415,STR009,PRD01126,1,Defective Item,2931.04
RET2025001904,2025-09-11,SAL20250025544,STR001,PRD00466,1,Wrong Item Delivered,725.28
RET2025001905,2025-07-05,SAL20250009791,STR033,PRD00158,1,Size/Fit Issue,3798.87
RET2025001906,2025-01-15,SAL20250046730,STR038,PRD00879,2,Defective Item,4580.52
RET2025001907,2025-05-08,SAL20250038129,STR005,PRD00413,2,Wrong Item Delivered,695.36
RET2025001908,2025-02-12,SAL20250004123,STR007,PRD00093,1,Wrong Item Delivered,12459.16
RET2025001909,2025-02-24,SAL20250004645,STR040,PRD00883,2,Size/Fit Issue,5151.5
RET2025001910,2025-09-27,SAL20250050126,STR009,PRD00903,3,Defective Item,1301.76
RET2025001911,2025-11-19,SAL20250088658,STR009,PRD01138,1,Damaged in Transit,4917.81
RET2025001912,2025-09-04,SAL20250063645,STR019,PRD00575,1,Defective Item,90.77
RET2025001913,2025-11-25,SAL20250050680,STR013,PRD00130,1,Wrong Item Delivered,17171.37
RET2025001914,2025-10-19,SAL20250026962,STR008,PRD00389,2,Damaged in Transit,3213.72
RET2025001915,2025-04-26,SAL20250054829,STR016,PRD01163,1,Defective Item,6199.15
RET2025001916,2025-12-29,SAL20250012798,STR011,PRD00223,1,Defective Item,11271.43
RET2025001917,2025-11-09,SAL20250009552,STR041,PRD00297,1,Wrong Item Delivered,1248.97
RET2025001918,2025-05-17,SAL20250054087,STR033,PRD00344,3,Damaged in Transit,2108.01
RET2025001919,2025-10-28,SAL20250080589,STR038,PRD00706,1,Size/Fit Issue,3862.25
RET2025001920,2025-03-25,SAL20250005399,STR011,PRD00505,1,Size/Fit Issue,1140.95
RET2025001921,2025-08-04,SAL20250021488,STR006,PRD00797,1,Size/Fit Issue,567.41
RET2025001922,2025-05-09,SAL20250077054,STR034,PRD01035,2,Size/Fit Issue,398.38
RET2025001923,2025-04-07,SAL20250076994,STR005,PRD00778,1,Damaged in Transit,875.87
RET2025001924,2025-08-14,SAL20250004435,STR012,PRD00105,1,Customer Changed Mind,9145.0
RET2025001925,2025-04-23,SAL20250039269,STR021,PRD00970,1,Wrong Item Delivered,370.51
RET2025001926,2025-07-28,SAL20250053133,STR020,PRD00947,2,Customer Changed Mind,826.26
RET2025001927,2025-01-31,SAL20250023022,STR018,PRD00496,1,Defective Item,1047.75
RET2025001928,2025-05-05,SAL20250034917,STR015,PRD00140,3,Customer Changed Mind,19134.18
RET2025001929,2025-10-08,SAL20250043249,STR013,PRD01110,1,Size/Fit Issue,1048.97
RET2025001930,2025-10-23,SAL20250020570,STR014,PRD00922,2,Size/Fit Issue,1906.18
RET2025001931,2025-05-22,SAL20250001170,STR010,PRD00629,3,Size/Fit Issue,592.23
RET2025001932,2025-08-09,SAL20250060456,STR022,PRD00770,2,Defective Item,2948.92
RET2025001933,2025-04-12,SAL20250010964,STR003,PRD00922,1,Customer Changed Mind,953.09
RET2025001934,2025-08-31,SAL20250073215,STR033,PRD00616,1,Defective Item,565.82
RET2025001935,2025-03-24,SAL20250059235,STR041,PRD00813,1,Size/Fit Issue,3086.68
RET2025001936,2025-06-16,SAL20250068896,STR039,PRD00007,1,Size/Fit Issue,20090.22
RET2025001937,2025-03-10,SAL20250033968,STR037,PRD00457,1,Wrong Item Delivered,726.05
RET2025001938,2025-10-11,SAL20250052778,STR017,PRD00523,2,Defective Item,1546.46
RET2025001939,2025-11-19,SAL20250017926,STR036,PRD00020,1,Damaged in Transit,2507.15
RET2025001940,2025-09-06,SAL20250082235,STR025,PRD00674,1,Wrong Item Delivered,2861.74
RET2025001941,2025-04-16,SAL20250054329,STR025,PRD00330,1,Customer Changed Mind,275.94
RET2025001942,2025-07-01,SAL20250099494,STR024,PRD00167,1,Wrong Item Delivered,8410.2
RET2025001943,2025-04-22,SAL20250065683,STR031,PRD00831,2,Wrong Item Delivered,5804.84
RET2025001944,2025-05-12,SAL20250097774,STR003,PRD00394,1,Defective Item,327.5
RET2025001945,2025-09-23,SAL20250047744,STR012,PRD00956,1,Wrong Item Delivered,1028.6
RET2025001946,2025-07-31,SAL20250028503,STR004,PRD00002,1,Defective Item,1289.58
RET2025001947,2025-08-07,SAL20250034840,STR026,PRD00838,1,Defective Item,1522.8
RET2025001948,2025-06-09,SAL20250042874,STR030,PRD00443,1,Defective Item,206.94
RET2025001949,2025-09-16,SAL20250092675,STR019,PRD00487,1,Defective Item,92.35
RET2025001950,2025-12-31,SAL20250079725,STR002,PRD00240,1,Defective Item,10596.37
RET2025001951,2025-09-29,SAL20250089668,STR005,PRD00347,1,Defective Item,1133.22
RET2025001952,2025-09-19,SAL20250001961,STR029,PRD00216,1,Defective Item,11614.64
RET2025001953,2025-12-13,SAL20250072854,STR011,PRD00472,1,Size/Fit Issue,554.85
RET2025001954,2025-10-18,SAL20250033483,STR041,PRD00777,3,Customer Changed Mind,10546.95
RET2025001955,2025-11-08,SAL20250077556,STR023,PRD00532,2,Defective Item,2078.06
RET2025001956,2025-09-14,SAL20250046517,STR012,PRD01096,1,Wrong Item Delivered,3066.12
RET2025001957,2025-06-01,SAL20250067549,STR008,PRD00982,1,Size/Fit Issue,104.72
RET2025001958,2025-09-09,SAL20250063071,STR036,PRD00362,2,Defective Item,2240.06
RET2025001959,2025-03-22,SAL20250040716,STR037,PRD00341,1,Customer Changed Mind,977.08
RET2025001960,2025-06-07,SAL20250003650,STR026,PRD00214,1,Wrong Item Delivered,9551.75
RET2025001961,2025-02-05,SAL20250044493,STR026,PRD00024,1,Wrong Item Delivered,23723.95
RET2025001962,2025-09-09,SAL20250002621,STR009,PRD01063,1,Wrong Item Delivered,747.32
RET2025001963,2025-07-23,SAL20250040625,STR041,PRD00285,1,Defective Item,1499.26
RET2025001964,2025-04-28,SAL20250067547,STR015,PRD00536,1,Damaged in Transit,393.56
RET2025001965,2025-09-20,SAL20250095824,STR026,PRD00485,2,Damaged in Transit,1386.44
RET2025001966,2025-01-12,SAL20250020219,STR030,PRD01150,1,Defective Item,4074.75
RET2025001967,2025-11-30,SAL20250088737,STR021,PRD00021,1,Wrong Item Delivered,1822.47
RET2025001968,2025-02-17,SAL20250013338,STR031,PRD01103,1,Wrong Item Delivered,5704.94
RET2025001969,2025-12-05,SAL20250069000,STR005,PRD00669,2,Wrong Item Delivered,6470.02
RET2025001970,2025-06-02,SAL20250047647,STR010,PRD00315,1,Damaged in Transit,452.88
RET2025001971,2025-03-16,SAL20250010969,STR007,PRD00539,1,Defective Item,69.32
RET2025001972,2025-08-11,SAL20250005810,STR017,PRD00043,1,Wrong Item Delivered,22998.01
RET2025001973,2025-10-08,SAL20250004155,STR020,PRD01014,1,Size/Fit Issue,1123.09
RET2025001974,2025-01-13,SAL20250033289,STR001,PRD00679,1,Defective Item,2876.53
RET2025001975,2025-05-30,SAL20250036619,STR036,PRD00376,2,Defective Item,2952.26
RET2025001976,2025-02-15,SAL20250039614,STR021,PRD00338,1,Defective Item,1223.61
RET2025001977,2025-06-04,SAL20250079732,STR037,PRD00399,1,Defective Item,1354.99
RET2025001978,2025-08-24,SAL20250004709,STR028,PRD00423,1,Size/Fit Issue,256.23
RET2025001979,2025-03-16,SAL20250033093,STR006,PRD00606,2,Customer Changed Mind,1032.06
RET2025001980,2025-11-07,SAL20250064945,STR033,PRD00703,1,Size/Fit Issue,940.1
RET2025001981,2025-05-26,SAL20250073594,STR027,PRD00127,1,Defective Item,14293.97
RET2025001982,2025-08-02,SAL20250082358,STR015,PRD00612,1,Customer Changed Mind,287.57
RET2025001983,2025-03-15,SAL20250064855,STR030,PRD00012,1,Defective Item,5255.98
RET2025001984,2025-02-03,SAL20250079532,STR022,PRD00810,1,Customer Changed Mind,406.14
RET2025001985,2025-05-31,SAL20250089047,STR001,PRD00806,2,Wrong Item Delivered,661.58
RET2025001986,2025-01-19,SAL20250001977,STR002,PRD00976,1,Wrong Item Delivered,1125.69
RET2025001987,2025-10-07,SAL20250054452,STR014,PRD00432,1,Defective Item,845.55
RET2025001988,2025-10-24,SAL20250094711,STR026,PRD00751,1,Size/Fit Issue,3034.29
RET2025001989,2025-04-22,SAL20250031433,STR025,PRD00122,1,Wrong Item Delivered,23504.26
RET2025001990,2025-03-31,SAL20250003294,STR040,PRD00804,1,Wrong Item Delivered,782.93
RET2025001991,2025-05-16,SAL20250031205,STR018,PRD00467,2,Size/Fit Issue,1057.6
RET2025001992,2025-04-26,SAL20250020182,STR020,PRD01004,1,Damaged in Transit,128.91
RET2025001993,2025-11-22,SAL20250086398,STR041,PRD01090,1,Defective Item,4828.9
RET2025001994,2025-05-14,SAL20250010279,STR023,PRD01067,1,Defective Item,922.58
RET2025001995,2025-11-10,SAL20250047800,STR030,PRD00429,1,Customer Changed Mind,725.58
RET2025001996,2025-04-24,SAL20250014064,STR017,PRD00329,1,Size/Fit Issue,500.0
RET2025001997,2025-02-12,SAL20250033977,STR028,PRD00209,1,Defective Item,4015.2
RET2025001998,2025-03-04,SAL20250063246,STR035,PRD00872,1,Wrong Item Delivered,467.45
RET2025001999,2025-11-08,SAL20250047815,STR032,PRD01169,1,Size/Fit Issue,6625.23
RET2025002000,2025-03-13,SAL20250097046,STR005,PRD01029,1,Wrong Item Delivered,762.26
RET2025002001,2025-05-02,SAL20250079466,STR038,PRD00273,1,Defective Item,1306.29
RET2025002002,2025-06-28,SAL20250020191,STR004,PRD00447,1,Damaged in Transit,458.65
RET2025002003,2025-05-09,SAL20250009535,STR027,PRD00137,1,Damaged in Transit,8245.04
RET2025002004,2025-04-04,SAL20250054304,STR028,PRD00422,2,Customer Changed Mind,437.46
RET2025002005,2025-04-04,SAL20250084862,STR034,PRD00251,2,Wrong Item Delivered,21320.56
RET2025002006,2025-10-27,SAL20250086083,STR012,PRD01144,1,Size/Fit Issue,2397.7
RET2025002007,2025-08-08,SAL20250058147,STR012,PRD00162,1,Defective Item,9916.48
RET2025002008,2025-12-03,SAL20250038303,STR004,PRD00578,1,Wrong Item Delivered,577.23
RET2025002009,2025-06-03,SAL20250065226,STR019,PRD00254,1,Wrong Item Delivered,11020.14
RET2025002010,2025-04-24,SAL20250027802,STR015,PRD00735,2,Damaged in Transit,5420.76
RET2025002011,2025-11-29,SAL20250003398,STR001,PRD01194,1,Defective Item,6442.41
RET2025002012,2025-05-26,SAL20250027392,STR007,PRD00860,1,Size/Fit Issue,-694.13
RET2025002013,2025-12-06,SAL20250024437,STR041,PRD00192,2,Defective Item,6724.36
RET2025002014,2025-08-03,SAL20250023598,STR020,PRD00574,1,Defective Item,560.83
RET2025002015,2025-02-01,SAL20250053947,STR021,PRD00562,1,Defective Item,671.35
RET2025002016,2025-12-22,SAL20250037442,STR010,PRD00618,1,Customer Changed Mind,249.13
RET2025002017,2025-07-04,SAL20250011555,STR025,PRD00365,2,Size/Fit Issue,1386.3
RET2025002018,2025-11-13,SAL20250016822,STR001,PRD00626,1,Wrong Item Delivered,125.9
RET2025002019,2025-02-13,SAL20250082581,STR017,PRD00644,1,Damaged in Transit,812.84
RET2025002020,2025-01-15,SAL20250065024,STR017,PRD00216,1,Damaged in Transit,11614.64
RET2025002021,2025-03-29,SAL20250033163,STR020,PRD01035,1,Size/Fit Issue,199.19
RET2025002022,2025-11-16,SAL20250060413,STR027,PRD00844,2,Wrong Item Delivered,7886.06
RET2025002023,2025-11-07,SAL20250053538,STR041,PRD00032,1,Defective Item,19217.6
RET2025002024,2025-03-22,SAL20250058808,STR012,PRD00958,2,Customer Changed Mind,549.0
RET2025002025,2025-09-15,SAL20250085846,STR013,PRD00820,1,Customer Changed Mind,2007.6
RET2025002026,2025-07-26,SAL20250032505,STR032,PRD00401,1,Customer Changed Mind,743.9
RET2025002027,2025-04-07,SAL20250007811,STR014,PRD00673,1,Defective Item,2685.18
RET2025002028,2025-05-09,SAL20250038484,STR021,PRD00424,1,Size/Fit Issue,428.73
RET2025002029,2025-03-12,SAL20250072607,STR029,PRD00469,2,Defective Item,998.42
RET2025002030,2025-07-31,SAL20250077170,STR015,PRD00400,1,Wrong Item Delivered,920.96
RET2025002031,2025-02-20,SAL20250001131,STR033,PRD00873,1,Defective Item,687.87
RET2025002032,2025-03-19,SAL20250032092,STR023,PRD00345,1,Size/Fit Issue,670.76
RET2025002033,2025-02-18,SAL20250082507,STR024,PRD00240,1,Size/Fit Issue,-10596.37
RET2025002034,2025-03-26,SAL20250015550,STR008,PRD00315,1,Damaged in Transit,452.88
RET2025002035,2025-05-01,SAL20250090335,STR037,PRD00717,1,Size/Fit Issue,402.54
RET2025002036,2025-08-22,SAL20250013614,STR001,PRD00563,1,Customer Changed Mind,667.75
RET2025002037,2025-03-17,SAL20250065058,STR039,PRD00452,1,Size/Fit Issue,1046.75
RET2025002038,2025-11-11,SAL20250094374,STR024,PRD00109,1,Defective Item,12280.41
RET2025002039,2025-10-10,SAL20250028074,STR023,PRD00477,2,Wrong Item Delivered,242.42
RET2025002040,2025-12-24,SAL20250095027,STR037,PRD00495,3,Wrong Item Delivered,636.42
RET2025002041,2025-02-24,SAL20250092604,STR038,PRD00664,1,Customer Changed Mind,181.84
RET2025002042,2025-06-29,SAL20250092961,STR007,PRD00649,1,Wrong Item Delivered,333.14
RET2025002043,2025-09-18,SAL20250012369,STR010,PRD00458,1,Defective Item,587.81
RET2025002044,2025-07-10,SAL20250039594,STR024,PRD00046,1,Customer Changed Mind,12754.14
RET2025002045,2025-05-30,SAL20250006330,STR014,PRD00994,1,Defective Item,1224.56
RET2025002046,2025-03-20,SAL20250031340,STR019,PRD00971,2,Defective Item,1209.72
RET2025002047,2025-09-06,SAL20250047493,STR022,PRD01160,1,Size/Fit Issue,7696.75
RET2025002048,2025-01-30,SAL20250023494,STR014,PRD00910,1,Customer Changed Mind,2302.88
RET2025002049,2025-07-22,SAL20250071023,STR010,PRD00392,1,Size/Fit Issue,436.74
RET2025002050,2025-09-24,SAL20250028795,STR030,PRD00617,2,Customer Changed Mind,992.36
RET2025002051,2025-02-05,SAL20250046318,STR024,PRD00186,1,Size/Fit Issue,7826.08
RET2025002052,2025-11-02,SAL20250009090,STR024,PRD01028,1,Defective Item,93.34
RET2025002053,2025-08-07,SAL20250017156,STR018,PRD00575,1,Size/Fit Issue,90.77
RET2025002054,2025-08-13,SAL20250006615,STR007,PRD00044,1,Defective Item,3159.2
RET2025002055,2025-03-23,SAL20250062840,STR030,PRD00148,1,Defective Item,6813.06
RET2025002056,2025-12-15,SAL20250056799,STR037,PRD00988,1,Defective Item,774.65
RET2025002057,2025-06-30,SAL20250023560,STR026,PRD00493,1,Size/Fit Issue,517.33
RET2025002058,2025-03-14,SAL20250079634,STR030,PRD01022,1,Customer Changed Mind,1023.04
RET2025002059,2025-06-27,SAL20250016784,STR012,PRD01177,2,Defective Item,5583.78
RET2025002060,2025-01-24,SAL20250097019,STR006,PRD01105,2,Size/Fit Issue,4996.32
RET2025002061,2025-05-27,SAL20250099118,STR007,PRD00849,3,Wrong Item Delivered,946.74
RET2025002062,2025-02-03,SAL20250042551,STR003,PRD00085,1,Size/Fit Issue,26032.76
RET2025002063,2025-03-30,SAL20250070956,STR016,PRD00560,1,Size/Fit Issue,314.33
RET2025002064,2025-01-11,SAL20250001602,STR012,PRD00441,1,Size/Fit Issue,853.01
RET2025002065,2025-04-11,SAL20250013420,STR027,PRD00880,1,Size/Fit Issue,430.21
RET2025002066,2025-08-28,SAL20250084034,STR035,PRD00148,1,Size/Fit Issue,6813.06
RET2025002067,2025-09-07,SAL20250093427,STR021,PRD00131,2,Defective Item,23897.22
RET2025002068,2025-01-12,SAL20250096047,STR009,PRD00015,1,Wrong Item Delivered,3619.87
RET2025002069,2025-01-19,SAL20250093656,STR040,PRD00830,1,Defective Item,1783.32
RET2025002070,2025-10-20,SAL20250070645,STR019,PRD01000,2,Wrong Item Delivered,991.32
RET2025002071,2025-06-06,SAL20250004818,STR026,PRD00599,1,Size/Fit Issue,273.52
RET2025002072,2025-10-08,SAL20250089692,STR033,PRD00995,1,Wrong Item Delivered,585.44
RET2025002073,2025-10-21,SAL20250024132,STR025,PRD00390,1,Customer Changed Mind,1246.69
RET2025002074,2025-05-21,SAL20250044030,STR026,PRD01121,1,Size/Fit Issue,2103.52
RET2025002075,2025-04-07,SAL20250017588,STR015,PRD00020,1,Defective Item,2507.15
RET2025002076,2025-10-18,SAL20250086732,STR017,PRD00058,1,Wrong Item Delivered,3380.1
RET2025002077,2025-10-06,SAL20250068105,STR032,PRD00553,1,Wrong Item Delivered,150.28
RET2025002078,2025-08-28,SAL20250005227,STR027,PRD00728,1,Wrong Item Delivered,5071.72
RET2025002079,2025-10-24,SAL20250048982,STR018,PRD00921,1,Defective Item,3248.47
RET2025002080,2025-12-18,SAL20250099531,STR026,PRD00911,2,Defective Item,1615.76
RET2025002081,2025-03-17,SAL20250084993,STR020,PRD01058,1,Damaged in Transit,211.57
RET2025002082,2025-05-24,SAL20250025904,STR013,PRD01031,2,Defective Item,2072.94
RET2025002083,2025-01-14,SAL20250064025,STR040,PRD00514,1,Defective Item,1177.91
RET2025002084,2025-01-23,SAL20250073087,STR008,PRD00180,1,Size/Fit Issue,3550.84
RET2025002085,2025-03-28,SAL20250043057,STR036,PRD01100,1,Defective Item,6765.12
RET2025002086,2025-08-19,SAL20250011736,STR032,PRD01091,1,Size/Fit Issue,5878.46
RET2025002087,2025-06-22,SAL20250023567,STR034,PRD00938,1,Defective Item,622.57
RET2025002088,2025-12-01,SAL20250095445,STR006,PRD00548,2,Defective Item,344.02
RET2025002089,2025-01-19,SAL20250058624,STR024,PRD00250,1,Wrong Item Delivered,3877.74
RET2025002090,2025-10-31,SAL20250031447,STR029,PRD01186,1,Defective Item,3042.91
RET2025002091,2025-04-27,SAL20250085228,STR005,PRD00060,1,Size/Fit Issue,15273.35
RET2025002092,2025-08-09,SAL20250054643,STR024,PRD00306,2,Defective Item,2698.6
RET2025002093,2025-09-03,SAL20250098819,STR023,PRD00077,2,Wrong Item Delivered,29697.6
RET2025002094,2025-10-06,SAL20250023986,STR022,PRD00195,1,Size/Fit Issue,4088.9
RET2025002095,2025-02-21,SAL20250049405,STR037,PRD00881,1,Defective Item,802.33
RET2025002096,2025-01-24,SAL20250092212,STR002,PRD00335,1,Wrong Item Delivered,1156.98
RET2025002097,2025-11-11,SAL20250075940,STR020,PRD01136,1,Damaged in Transit,7702.34
RET2025002098,2025-10-05,SAL20250019302,STR037,PRD00971,1,Defective Item,604.86
RET2025002099,2025-05-24,SAL20250082418,STR018,PRD00694,1,Damaged in Transit,3202.51
RET2025002100,2025-10-16,SAL20250008861,STR002,PRD00521,1,Size/Fit Issue,947.8
RET2025002101,2025-04-10,SAL20250028705,STR020,PRD01098,1,Wrong Item Delivered,1920.11
RET2025002102,2025-09-16,SAL20250006858,STR015,PRD00372,1,Wrong Item Delivered,542.7
RET2025002103,2025-01-23,SAL20250013563,STR011,PRD01145,1,Size/Fit Issue,3609.72
RET2025002104,2025-01-08,SAL20250022912,STR027,PRD00497,1,Defective Item,500.0
RET2025002105,2025-04-21,SAL20250026236,STR006,PRD00672,1,Defective Item,4427.9
RET2025002106,2025-10-04,SAL20250065687,STR017,PRD00459,3,Wrong Item Delivered,2754.75
RET2025002107,2025-11-29,SAL20250016484,STR023,PRD00817,1,Defective Item,3058.64
RET2025002108,2025-10-16,SAL20250006538,STR032,PRD01070,1,Wrong Item Delivered,5540.5
RET2025002109,2025-08-23,SAL20250075275,STR011,PRD00224,1,Defective Item,4670.9
RET2025002110,2025-07-30,SAL20250021482,STR022,PRD00656,1,Size/Fit Issue,201.0
RET2025002111,2025-07-04,SAL20250034491,STR011,PRD00867,1,Wrong Item Delivered,798.49
RET2025002112,2025-10-30,SAL20250074958,STR013,PRD00586,1,Size/Fit Issue,648.21
RET2025002113,2025-07-18,SAL20250071786,STR002,PRD01016,2,Customer Changed Mind,507.12
RET2025002114,2025-08-14,SAL20250059604,STR004,PRD00658,2,Wrong Item Delivered,677.24
RET2025002115,2025-11-29,SAL20250022806,STR025,PRD00431,1,Size/Fit Issue,614.87
RET2025002116,2025-09-07,SAL20250031680,STR015,PRD00831,1,Size/Fit Issue,2902.42
RET2025002117,2025-12-16,SAL20250007719,STR038,PRD00110,1,Wrong Item Delivered,26501.66
RET2025002118,2025-12-22,SAL20250020855,STR031,PRD00991,1,Size/Fit Issue,894.61
RET2025002119,2025-10-12,SAL20250061666,STR022,PRD00410,1,Defective Item,245.81
RET2025002120,2025-06-20,SAL20250051022,STR036,PRD00285,1,Defective Item,1499.26
RET2025002121,2025-04-18,SAL20250071735,STR021,PRD00871,1,Defective Item,1211.65
RET2025002122,2025-02-01,SAL20250056937,STR026,PRD01150,1,Size/Fit Issue,4074.75
RET2025002123,2025-09-21,SAL20250069690,STR038,PRD00394,1,Size/Fit Issue,327.5
RET2025002124,2025-04-16,SAL20250053757,STR015,PRD00027,1,Wrong Item Delivered,21177.44
RET2025002125,2025-10-24,SAL20250016865,STR004,PRD00559,1,Defective Item,674.89
RET2025002126,2025-12-13,SAL20250000779,STR019,PRD00017,1,Defective Item,6386.7
RET2025002127,2025-06-07,SAL20250003381,STR039,PRD00911,1,Wrong Item Delivered,807.88
RET2025002128,2025-07-22,SAL20250015632,STR041,PRD00598,1,Damaged in Transit,173.87
RET2025002129,2025-10-03,SAL20250072534,STR022,PRD00285,3,Wrong Item Delivered,4497.78
RET2025002130,2025-07-06,SAL20250011992,STR038,PRD00978,1,Wrong Item Delivered,172.32
RET2025002131,2025-05-01,SAL20250058225,STR007,PRD00829,1,Customer Changed Mind,2093.34
RET2025002132,2025-08-19,SAL20250078862,STR040,PRD01010,2,Size/Fit Issue,1524.58
RET2025002133,2025-08-26,SAL20250006017,STR020,PRD00764,1,Wrong Item Delivered,3332.71
RET2025002134,2025-04-20,SAL20250060561,STR026,PRD01102,1,Wrong Item Delivered,845.86
RET2025002135,2025-02-19,SAL20250043844,STR040,PRD00404,1,Defective Item,695.46
RET2025002136,2025-02-13,SAL20250015028,STR040,PRD00154,3,Size/Fit Issue,1843.98
RET2025002137,2025-11-18,SAL20250002130,STR021,PRD00566,1,Damaged in Transit,655.12
RET2025002138,2025-02-15,SAL20250091087,STR024,PRD00887,1,Size/Fit Issue,2006.5
RET2025002139,2025-02-26,SAL20250076239,STR023,PRD01071,1,Wrong Item Delivered,5607.68
RET2025002140,2025-02-17,SAL20250093996,STR005,PRD00990,1,Wrong Item Delivered,577.78
RET2025002141,2025-08-02,SAL20250080909,STR030,PRD00031,1,Damaged in Transit,18632.2
RET2025002142,2025-09-15,SAL20250059236,STR030,PRD00451,1,Defective Item,641.37
RET2025002143,2025-05-25,SAL20250085733,STR011,PRD00316,1,Wrong Item Delivered,924.22
RET2025002144,2025-12-09,SAL20250089564,STR032,PRD00291,1,Size/Fit Issue,469.9
RET2025002145,2025-04-02,SAL20250050787,STR035,PRD00563,1,Defective Item,667.75
RET2025002146,2025-12-17,SAL20250062321,STR036,PRD00363,1,Defective Item,1443.62
RET2025002147,2025-01-07,SAL20250052037,STR022,PRD00337,1,Customer Changed Mind,1047.01
RET2025002148,2025-11-09,SAL20250013379,STR034,PRD00069,1,Wrong Item Delivered,11744.39
RET2025002149,2025-03-26,SAL20250061729,STR024,PRD00414,1,Customer Changed Mind,546.79
RET2025002150,2025-03-21,SAL20250020091,STR002,PRD00940,1,Wrong Item Delivered,57.11
RET2025002151,2025-03-19,SAL20250027612,STR037,PRD00991,1,Damaged in Transit,894.61
RET2025002152,2025-10-04,SAL20250046983,STR009,PRD01073,2,Customer Changed Mind,8149.98
RET2025002153,2025-12-03,SAL20250071484,STR021,PRD00254,1,Defective Item,11020.14
RET2025002154,2025-10-09,SAL20250079425,STR038,PRD00874,1,Customer Changed Mind,3195.38
RET2025002155,2025-12-07,SAL20250001180,STR041,PRD00315,3,Customer Changed Mind,1358.64
RET2025002156,2025-09-26,SAL20250069257,STR036,PRD00759,1,Defective Item,4285.9
RET2025002157,2025-03-27,SAL20250049157,STR006,PRD00961,1,Damaged in Transit,294.28
RET2025002158,2025-03-29,SAL20250068741,STR028,PRD00594,1,Wrong Item Delivered,129.17
RET2025002159,2025-12-02,SAL20250048438,STR036,PRD00149,3,Wrong Item Delivered,9074.49
RET2025002160,2025-06-19,SAL20250003920,STR026,PRD00894,1,Defective Item,2403.9
RET2025002161,2025-01-24,SAL20250012186,STR001,PRD00243,1,Customer Changed Mind,1936.68
RET2025002162,2025-09-20,SAL20250081246,STR034,PRD00450,1,Customer Changed Mind,377.7
RET2025002163,2025-03-09,SAL20250022736,STR001,PRD00967,2,Defective Item,88.86
RET2025002164,2025-02-11,SAL20250042241,STR004,PRD00113,2,Wrong Item Delivered,32700.98
RET2025002165,2025-10-07,SAL20250078801,STR029,PRD00546,1,Wrong Item Delivered,854.43
RET2025002166,2025-02-06,SAL20250001773,STR037,PRD00116,1,Wrong Item Delivered,21256.57
RET2025002167,2025-09-15,SAL20250032235,STR028,PRD00471,1,Defective Item,607.66
RET2025002168,2025-11-18,SAL20250014653,STR018,PRD00693,2,Size/Fit Issue,5024.44
RET2025002169,2025-01-20,SAL20250088315,STR017,PRD01152,1,Wrong Item Delivered,2969.91
RET2025002170,2025-03-09,SAL20250058616,STR036,PRD00455,1,Wrong Item Delivered,683.36
RET2025002171,2025-12-12,SAL20250075114,STR038,PRD00297,1,Wrong Item Delivered,1248.97
RET2025002172,2025-05-12,SAL20250025491,STR011,PRD01182,1,Defective Item,9675.4
RET2025002173,2025-08-10,SAL20250056780,STR016,PRD00772,1,Size/Fit Issue,988.94
RET2025002174,2025-12-04,SAL20250008278,STR032,PRD00030,1,Size/Fit Issue,17262.94
RET2025002175,2025-10-01,SAL20250090040,STR018,PRD00673,1,Defective Item,2685.18
RET2025002176,2025-03-31,SAL20250080147,STR013,PRD00589,1,Defective Item,435.23
RET2025002177,2025-08-21,SAL20250028111,STR015,PRD00538,2,Damaged in Transit,115.78
RET2025002178,2025-05-29,SAL20250082118,STR027,PRD00460,1,Wrong Item Delivered,816.3
RET2025002179,2025-02-16,SAL20250084289,STR037,PRD01175,1,Customer Changed Mind,2568.19
RET2025002180,2025-06-15,SAL20250014766,STR026,PRD00062,1,Wrong Item Delivered,21073.23
RET2025002181,2025-09-10,SAL20250002739,STR018,PRD00351,1,Damaged in Transit,802.18
RET2025002182,2025-09-16,SAL20250004620,STR030,PRD00963,1,Size/Fit Issue,93.93
RET2025002183,2025-01-07,SAL20250019121,STR020,PRD01157,1,Defective Item,8076.82
RET2025002184,2025-01-09,SAL20250034002,STR031,PRD00127,1,Size/Fit Issue,14293.97
RET2025002185,2025-12-19,SAL20250000134,STR035,PRD00909,2,Size/Fit Issue,2532.92
RET2025002186,2025-09-24,SAL20250036862,STR032,PRD00880,1,Defective Item,430.21
RET2025002187,2025-02-19,SAL20250070145,STR016,PRD00206,1,Defective Item,10675.4
RET2025002188,2025-11-17,SAL20250018113,STR008,PRD01104,2,Size/Fit Issue,15516.66
RET2025002189,2025-03-23,SAL20250040055,STR015,PRD00057,3,Customer Changed Mind,7470.24
RET2025002190,2025-12-12,SAL20250054776,STR018,PRD00290,1,Defective Item,747.46
RET2025002191,2025-10-16,SAL20250014541,STR033,PRD00780,1,Defective Item,1384.22
RET2025002192,2025-07-11,SAL20250062980,STR041,PRD00049,1,Wrong Item Delivered,4540.51
RET2025002193,2025-10-22,SAL20250000062,STR012,PRD01163,1,Defective Item,6199.15
RET2025002194,2025-12-24,SAL20250007543,STR023,PRD00735,1,Defective Item,2710.38
RET2025002195,2025-12-12,SAL20250020780,STR029,PRD00649,1,Size/Fit Issue,333.14
RET2025002196,2025-12-28,SAL20250021341,STR027,PRD00823,2,Wrong Item Delivered,5117.96
RET2025002197,2025-10-30,SAL20250047155,STR011,PRD01050,1,Customer Changed Mind,562.12
RET2025002198,2025-03-05,SAL20250043744,STR009,PRD00160,1,Defective Item,7937.44
RET2025002199,2025-12-25,SAL20250063681,STR034,PRD00850,1,Customer Changed Mind,1897.52
RET2025002200,2025-06-16,SAL20250070563,STR004,PRD00076,1,Defective Item,13611.14
RET2025002201,2025-04-04,SAL20250029988,STR040,PRD00263,1,Damaged in Transit,3207.01
RET2025002202,2025-02-22,SAL20250070567,STR021,PRD00132,1,Customer Changed Mind,22943.8
RET2025002203,2025-05-26,SAL20250070968,STR026,PRD00894,1,Size/Fit Issue,2403.9
RET2025002204,2025-11-11,SAL20250038545,STR019,PRD01109,1,Defective Item,5029.33
RET2025002205,2025-03-15,SAL20250029425,STR001,PRD00212,1,Wrong Item Delivered,9559.41
RET2025002206,2025-05-22,SAL20250082822,STR004,PRD00801,1,Customer Changed Mind,500.0
RET2025002207,2025-05-13,SAL20250014883,STR027,PRD00837,1,Customer Changed Mind,4012.56
RET2025002208,2025-02-24,SAL20250055973,STR007,PRD00437,1,Defective Item,320.21
RET2025002209,2025-12-01,SAL20250064563,STR019,PRD00475,1,Customer Changed Mind,749.71
RET2025002210,2025-07-03,SAL20250085092,STR009,PRD00840,1,Defective Item,2736.67
RET2025002211,2025-05-12,SAL20250022135,STR036,PRD01018,1,Defective Item,139.93
RET2025002212,2025-07-29,SAL20250029755,STR021,PRD01171,1,Damaged in Transit,6541.96
RET2025002213,2025-12-04,SAL20250026770,STR002,PRD00415,3,Wrong Item Delivered,1035.69
RET2025002214,2025-09-26,SAL20250027679,STR020,PRD00669,1,Wrong Item Delivered,3235.01
RET2025002215,2025-01-08,SAL20250029985,STR009,PRD00238,1,Wrong Item Delivered,4984.73
RET2025002216,2025-01-30,SAL20250050299,STR010,PRD00875,1,Customer Changed Mind,258.44
RET2025002217,2025-05-30,SAL20250042008,STR030,PRD00641,3,Wrong Item Delivered,1499.79
RET2025002218,2025-05-30,SAL20250040538,STR024,PRD00348,1,Size/Fit Issue,1231.54
RET2025002219,2025-07-05,SAL20250065178,STR025,PRD00496,1,Defective Item,1047.75
RET2025002220,2025-08-06,SAL20250032601,STR001,PRD00537,1,Wrong Item Delivered,133.85
RET2025002221,2025-07-01,SAL20250045085,STR021,PRD00403,1,Defective Item,158.56
RET2025002222,2025-11-24,SAL20250024242,STR007,PRD00423,1,Wrong Item Delivered,256.23
RET2025002223,2025-11-24,SAL20250096881,STR032,PRD00384,2,Damaged in Transit,2024.16
RET2025002224,2025-04-17,SAL20250020328,STR003,PRD00193,1,Defective Item,5766.86
RET2025002225,2025-08-28,SAL20250087391,STR002,PRD00248,1,Wrong Item Delivered,9547.84
RET2025002226,2025-07-22,SAL20250005304,STR027,PRD00189,1,Defective Item,8529.1
RET2025002227,2025-04-24,SAL20250017959,STR037,PRD00719,1,Wrong Item Delivered,4808.67
RET2025002228,2025-05-26,SAL20250054589,STR004,PRD00674,2,Wrong Item Delivered,5723.48
RET2025002229,2025-09-07,SAL20250095895,STR015,PRD00072,1,Damaged in Transit,4522.2
RET2025002230,2025-11-18,SAL20250067594,STR033,PRD00420,1,Defective Item,876.02
RET2025002231,2025-05-22,SAL20250091637,STR041,PRD00716,1,Wrong Item Delivered,1780.84
RET2025002232,2025-02-08,SAL20250057484,STR017,PRD00270,2,Wrong Item Delivered,2427.02
RET2025002233,2025-07-12,SAL20250058948,STR008,PRD00299,2,Damaged in Transit,2725.38
RET2025002234,2025-05-06,SAL20250026219,STR003,PRD00721,1,Damaged in Transit,2330.52
RET2025002235,2025-09-10,SAL20250019480,STR024,PRD00536,2,Customer Changed Mind,787.12
RET2025002236,2025-11-28,SAL20250097826,STR014,PRD00101,1,Customer Changed Mind,2548.25
RET2025002237,2025-03-13,SAL20250053121,STR039,PRD00969,1,Damaged in Transit,147.34
RET2025002238,2025-10-25,SAL20250048216,STR031,PRD00087,1,Defective Item,23253.22
RET2025002239,2025-12-10,SAL20250073453,STR035,PRD01084,1,Defective Item,10498.54
RET2025002240,2025-11-17,SAL20250048604,STR009,PRD00656,1,Defective Item,201.0
RET2025002241,2025-09-08,SAL20250078112,STR028,PRD01028,1,Size/Fit Issue,93.34
RET2025002242,2025-06-28,SAL20250014046,STR019,PRD00007,1,Defective Item,20090.22
RET2025002243,2025-04-25,SAL20250007683,STR011,PRD00572,1,Size/Fit Issue,728.84
RET2025002244,2025-01-15,SAL20250028394,STR027,PRD01153,1,Damaged in Transit,5497.78
RET2025002245,2025-02-05,SAL20250006421,STR001,PRD00342,1,Defective Item,1186.13
RET2025002246,2025-05-05,SAL20250043186,STR028,PRD01110,1,Customer Changed Mind,1048.97
RET2025002247,2025-02-16,SAL20250022967,STR013,PRD00110,1,Defective Item,26501.66
RET2025002248,2025-09-02,SAL20250078875,STR007,PRD00960,1,Size/Fit Issue,572.91
RET2025002249,2025-03-18,SAL20250089039,STR013,PRD00193,1,Defective Item,5766.86
RET2025002250,2025-12-22,SAL20250049252,STR018,PRD00110,1,Damaged in Transit,26501.66
RET2025002251,2025-11-10,SAL20250046510,STR034,PRD00631,1,Customer Changed Mind,725.12
RET2025002252,2025-06-12,SAL20250098758,STR028,PRD00631,1,Customer Changed Mind,725.12
RET2025002253,2025-05-08,SAL20250097337,STR022,PRD00307,1,Damaged in Transit,743.28
RET2025002254,2025-06-30,SAL20250068352,STR008,PRD00197,1,Defective Item,4849.89
RET2025002255,2025-01-11,SAL20250051686,STR014,PRD00812,1,Customer Changed Mind,3142.68
RET2025002256,2025-09-26,SAL20250085982,STR004,PRD00209,1,Damaged in Transit,4015.2
RET2025002257,2025-09-08,SAL20250059078,STR023,PRD00392,2,Defective Item,873.48
RET2025002258,2025-01-10,SAL20250036089,STR005,PRD00114,1,Defective Item,17643.2
RET2025002259,2025-11-30,SAL20250001779,STR022,PRD00122,1,Wrong Item Delivered,23504.26
RET2025002260,2025-04-06,SAL20250077841,STR007,PRD01147,1,Defective Item,6760.77
RET2025002261,2025-08-16,SAL20250062128,STR027,PRD01115,1,Defective Item,4843.87
RET2025002262,2025-03-08,SAL20250007337,STR025,PRD00627,1,Size/Fit Issue,670.0
RET2025002263,2025-08-20,SAL20250021159,STR001,PRD00324,1,Defective Item,1095.89
RET2025002264,2025-04-20,SAL20250014124,STR021,PRD00756,1,Defective Item,3090.95
RET2025002265,2025-09-20,SAL20250038187,STR021,PRD00085,1,Wrong Item Delivered,26032.76
RET2025002266,2025-12-29,SAL20250087274,STR023,PRD00876,1,Damaged in Transit,2635.68
RET2025002267,2025-07-28,SAL20250009038,STR003,PRD00252,1,Size/Fit Issue,10910.07
RET2025002268,2025-11-06,SAL20250030790,STR007,PRD00311,1,Defective Item,936.08
RET2025002269,2025-12-18,SAL20250083024,STR020,PRD00496,1,Customer Changed Mind,1047.75
RET2025002270,2025-06-05,SAL20250091337,STR013,PRD00193,1,Wrong Item Delivered,5766.86
RET2025002271,2025-05-06,SAL20250021816,STR013,PRD00517,1,Wrong Item Delivered,252.82
RET2025002272,2025-10-03,SAL20250024513,STR038,PRD00469,1,Customer Changed Mind,499.21
RET2025002273,2025-07-19,SAL20250044335,STR016,PRD00744,1,Customer Changed Mind,4365.48
RET2025002274,2025-11-25,SAL20250068669,STR014,PRD01116,1,Size/Fit Issue,792.37
RET2025002275,2025-07-30,SAL20250095088,STR037,PRD00089,1,Size/Fit Issue,24330.95
RET2025002276,2025-08-21,SAL20250032831,STR017,PRD00064,2,Wrong Item Delivered,4916.8
RET2025002277,2025-12-26,SAL20250071403,STR040,PRD00596,1,Defective Item,666.12
RET2025002278,2025-12-19,SAL20250032937,STR026,PRD00605,1,Defective Item,66.61
RET2025002279,2025-07-15,SAL20250067822,STR037,PRD00673,3,Defective Item,8055.54
RET2025002280,2025-08-01,SAL20250086211,STR025,PRD00213,1,Damaged in Transit,7822.44
RET2025002281,2025-07-24,SAL20250075027,STR015,PRD01053,1,Defective Item,481.32
RET2025002282,2025-10-28,SAL20250095466,STR035,PRD00980,1,Damaged in Transit,608.25
RET2025002283,2025-10-25,SAL20250021445,STR002,PRD00080,1,Defective Item,17292.25
RET2025002284,2025-11-25,SAL20250094002,STR005,PRD00340,1,Defective Item,956.64
RET2025002285,2025-02-05,SAL20250010396,STR012,PRD01113,1,Size/Fit Issue,4340.13
RET2025002286,2025-01-30,SAL20250056682,STR003,PRD00147,1,Customer Changed Mind,10113.79
RET2025002287,2025-05-14,SAL20250098682,STR002,PRD00510,1,Defective Item,500.0
RET2025002288,2025-05-28,SAL20250094211,STR026,PRD00608,1,Size/Fit Issue,314.95
RET2025002289,2025-02-20,SAL20250027269,STR022,PRD00859,1,Wrong Item Delivered,500.0
RET2025002290,2025-10-11,SAL20250049737,STR033,PRD00678,1,Defective Item,3485.6
RET2025002291,2025-05-01,SAL20250097586,STR019,PRD00586,2,Damaged in Transit,1296.42
RET2025002292,2025-02-20,SAL20250052352,STR032,PRD00551,1,Defective Item,585.58
RET2025002293,2025-08-04,SAL20250026511,STR021,PRD00712,1,Defective Item,1580.0
RET2025002294,2025-05-16,SAL20250082096,STR033,PRD00705,1,Wrong Item Delivered,488.73
RET2025002295,2025-09-09,SAL20250050630,STR020,PRD00441,1,Wrong Item Delivered,853.01
RET2025002296,2025-06-03,SAL20250008324,STR002,PRD00621,1,Size/Fit Issue,335.41
RET2025002297,2025-01-08,SAL20250097473,STR012,PRD00816,1,Wrong Item Delivered,1448.92
RET2025002298,2025-11-24,SAL20250042868,STR002,PRD00365,1,Size/Fit Issue,693.15
RET2025002299,2025-04-24,SAL20250097347,STR015,PRD00598,1,Damaged in Transit,173.87
RET2025002300,2025-10-11,SAL20250058614,STR031,PRD00449,1,Customer Changed Mind,236.21
RET2025002301,2025-03-18,SAL20250047611,STR023,PRD00139,1,Defective Item,2949.49
RET2025002302,2025-05-22,SAL20250077365,STR030,PRD00695,2,Customer Changed Mind,4561.76
RET2025002303,2025-01-26,SAL20250005850,STR010,PRD00536,1,Wrong Item Delivered,393.56
RET2025002304,2025-11-19,SAL20250020097,STR035,PRD00179,2,Wrong Item Delivered,10506.28
RET2025002305,2025-11-07,SAL20250050609,STR002,PRD00886,1,Damaged in Transit,1331.79
RET2025002306,2025-06-10,SAL20250035095,STR037,PRD00047,1,Defective Item,27210.89
RET2025002307,2025-11-20,SAL20250094571,STR014,PRD00945,3,Defective Item,2614.47
RET2025002308,2025-03-31,SAL20250091177,STR002,PRD00910,1,Size/Fit Issue,2302.88
RET2025002309,2025-04-26,SAL20250011922,STR022,PRD00660,1,Defective Item,324.23
RET2025002310,2025-12-26,SAL20250067124,STR013,PRD01189,1,Size/Fit Issue,5263.0
RET2025002311,2025-09-10,SAL20250034043,STR012,PRD01164,1,Wrong Item Delivered,2114.79
RET2025002312,2025-01-22,SAL20250057120,STR021,PRD01127,1,Customer Changed Mind,730.99
RET2025002313,2025-10-23,SAL20250090748,STR032,PRD01035,1,Damaged in Transit,199.19
RET2025002314,2025-03-26,SAL20250015183,STR036,PRD00802,1,Damaged in Transit,500.0
RET2025002315,2025-07-22,SAL20250008018,STR005,PRD00177,2,Customer Changed Mind,20541.96
RET2025002316,2025-03-07,SAL20250010730,STR024,PRD00216,2,Wrong Item Delivered,23229.28
RET2025002317,2025-04-23,SAL20250023685,STR038,PRD00530,1,Customer Changed Mind,663.27
RET2025002318,2025-03-01,SAL20250088877,STR037,PRD00810,1,Wrong Item Delivered,406.14
RET2025002319,2025-05-29,SAL20250059561,STR017,PRD01192,1,Defective Item,7158.24
RET2025002320,2025-08-13,SAL20250011339,STR036,PRD00689,1,Defective Item,492.79
RET2025002321,2025-02-04,SAL20250067045,STR037,PRD00266,1,Size/Fit Issue,13058.2
RET2025002322,2025-09-29,SAL20250009393,STR039,PRD00840,1,Defective Item,2736.67
RET2025002323,2025-03-28,SAL20250061048,STR005,PRD01153,1,Defective Item,5497.78
RET2025002324,2025-02-07,SAL20250093629,STR014,PRD00214,1,Defective Item,-9551.75
RET2025002325,2025-03-13,SAL20250036820,STR010,PRD01035,1,Defective Item,199.19
RET2025002326,2025-08-03,SAL20250077903,STR001,PRD01160,1,Size/Fit Issue,7696.75
RET2025002327,2025-03-04,SAL20250073543,STR021,PRD00335,1,Defective Item,1156.98
RET2025002328,2025-08-07,SAL20250049569,STR007,PRD00920,1,Defective Item,2715.99
RET2025002329,2025-04-25,SAL20250005530,STR040,PRD01032,1,Wrong Item Delivered,117.65
RET2025002330,2025-01-13,SAL20250083453,STR035,PRD00897,2,Size/Fit Issue,7253.74
RET2025002331,2025-01-28,SAL20250033361,STR027,PRD00917,1,Customer Changed Mind,1441.59
RET2025002332,2025-05-01,SAL20250031520,STR035,PRD00364,1,Wrong Item Delivered,296.2
RET2025002333,2025-02-19,SAL20250038014,STR033,PRD00306,1,Wrong Item Delivered,1349.3
RET2025002334,2025-02-04,SAL20250048426,STR027,PRD00132,1,Defective Item,22943.8
RET2025002335,2025-04-14,SAL20250004282,STR019,PRD00677,1,Defective Item,1193.37
RET2025002336,2025-02-21,SAL20250011584,STR025,PRD00014,1,Size/Fit Issue,5918.05
RET2025002337,2025-02-07,SAL20250040695,STR006,PRD00531,1,Damaged in Transit,217.65
RET2025002338,2025-10-09,SAL20250008379,STR023,PRD00698,1,Defective Item,1659.66
RET2025002339,2025-04-17,SAL20250051015,STR035,PRD00779,1,Size/Fit Issue,1606.83
RET2025002340,2025-08-05,SAL20250086639,STR034,PRD00257,1,Damaged in Transit,3131.42
RET2025002341,2025-11-14,SAL20250061434,STR021,PRD00963,1,Customer Changed Mind,93.93
RET2025002342,2025-03-20,SAL20250043460,STR006,PRD01140,1,Damaged in Transit,5750.16
RET2025002343,2025-07-21,SAL20250093564,STR003,PRD00489,1,Damaged in Transit,850.74
RET2025002344,2025-08-11,SAL20250082182,STR013,PRD00686,1,Damaged in Transit,3692.38
RET2025002345,2025-08-30,SAL20250068516,STR009,PRD00681,2,Customer Changed Mind,8229.26
RET2025002346,2025-03-05,SAL20250051447,STR038,PRD01032,1,Customer Changed Mind,117.65
RET2025002347,2025-11-27,SAL20250088497,STR028,PRD00342,1,Wrong Item Delivered,1186.13
RET2025002348,2025-05-29,SAL20250053348,STR015,PRD00640,1,Wrong Item Delivered,209.4
RET2025002349,2025-08-01,SAL20250006592,STR011,PRD00641,1,Wrong Item Delivered,499.93
RET2025002350,2025-08-04,SAL20250066792,STR002,PRD01096,1,Size/Fit Issue,3066.12
RET2025002351,2025-06-01,SAL20250000822,STR012,PRD00686,2,Customer Changed Mind,7384.76
RET2025002352,2025-04-07,SAL20250058850,STR018,PRD01012,1,Defective Item,896.48
RET2025002353,2025-05-25,SAL20250093267,STR005,PRD01158,2,Defective Item,15494.36
RET2025002354,2025-03-29,SAL20250047672,STR025,PRD01197,1,Damaged in Transit,2167.83
RET2025002355,2025-11-09,SAL20250035952,STR007,PRD00599,2,Damaged in Transit,547.04
RET2025002356,2025-07-30,SAL20250075584,STR024,PRD00773,1,Size/Fit Issue,733.06
RET2025002357,2025-05-01,SAL20250074946,STR008,PRD00805,1,Damaged in Transit,3870.93
RET2025002358,2025-04-02,SAL20250060710,STR008,PRD00192,1,Damaged in Transit,3362.18
RET2025002359,2025-09-04,SAL20250029752,STR032,PRD00534,1,Size/Fit Issue,97.09
RET2025002360,2025-02-25,SAL20250094701,STR013,PRD00499,1,Defective Item,309.01
RET2025002361,2025-02-21,SAL20250007044,STR013,PRD00169,3,Defective Item,26285.04
RET2025002362,2025-04-30,SAL20250037054,STR002,PRD00698,1,Defective Item,1659.66
RET2025002363,2025-09-27,SAL20250084419,STR021,PRD00681,1,Customer Changed Mind,4114.63
RET2025002364,2025-03-11,SAL20250008437,STR005,PRD00601,1,Customer Changed Mind,50.1
RET2025002365,2025-05-01,SAL20250034012,STR035,PRD00012,1,Size/Fit Issue,5255.98
RET2025002366,2025-12-04,SAL20250052024,STR032,PRD00543,1,Wrong Item Delivered,579.45
RET2025002367,2025-02-09,SAL20250023015,STR034,PRD00922,1,Defective Item,953.09
RET2025002368,2025-06-04,SAL20250070514,STR035,PRD00372,2,Size/Fit Issue,1085.4
RET2025002369,2025-06-29,SAL20250021817,STR018,PRD00690,1,Size/Fit Issue,3635.92
RET2025002370,2025-09-09,SAL20250050020,STR036,PRD00931,1,Defective Item,1839.81
RET2025002371,2025-06-18,SAL20250019088,STR012,PRD01194,1,Damaged in Transit,6442.41
RET2025002372,2025-09-20,SAL20250094421,STR020,PRD00699,1,Defective Item,2305.84
RET2025002373,2025-04-30,SAL20250098730,STR014,PRD00051,1,Customer Changed Mind,18906.15
RET2025002374,2025-05-10,SAL20250049304,STR039,PRD00632,1,Size/Fit Issue,758.72
RET2025002375,2025-04-06,SAL20250073100,STR022,PRD01162,2,Defective Item,7314.14
RET2025002376,2025-06-05,SAL20250091983,STR005,PRD01005,1,Defective Item,682.39
RET2025002377,2025-01-28,SAL20250037862,STR001,PRD00094,1,Defective Item,15405.56
RET2025002378,2025-09-30,SAL20250097142,STR035,PRD00857,2,Size/Fit Issue,6055.74
RET2025002379,2025-03-01,SAL20250083764,STR038,PRD01107,1,Defective Item,1600.76
RET2025002380,2025-04-04,SAL20250089424,STR041,PRD00025,1,Wrong Item Delivered,2348.16
RET2025002381,2025-04-29,SAL20250046355,STR025,PRD00801,1,Size/Fit Issue,500.0
RET2025002382,2025-07-06,SAL20250050277,STR008,PRD00031,1,Defective Item,18632.2
RET2025002383,2025-08-01,SAL20250076349,STR035,PRD00350,1,Defective Item,1107.22
RET2025002384,2025-09-12,SAL20250054555,STR033,PRD00994,1,Defective Item,1224.56
RET2025002385,2025-03-23,SAL20250046038,STR033,PRD00625,2,Defective Item,1259.88
RET2025002386,2025-11-25,SAL20250021316,STR007,PRD00824,1,Defective Item,3034.92
RET2025002387,2025-01-18,SAL20250088006,STR012,PRD00233,1,Defective Item,9134.67
RET2025002388,2025-04-07,SAL20250099211,STR029,PRD00989,1,Damaged in Transit,922.35
RET2025002389,2025-09-15,SAL20250035146,STR013,PRD00492,1,Wrong Item Delivered,431.72
RET2025002390,2025-06-27,SAL20250093011,STR036,PRD00517,1,Defective Item,252.82
RET2025002391,2025-07-07,SAL20250027780,STR008,PRD01003,1,Wrong Item Delivered,278.9
RET2025002392,2025-02-16,SAL20250083416,STR007,PRD01019,2,Size/Fit Issue,1896.14
RET2025002393,2025-12-31,SAL20250047825,STR029,PRD00415,1,Damaged in Transit,345.23
RET2025002394,2025-05-17,SAL20250054014,STR034,PRD00967,1,Customer Changed Mind,44.43
RET2025002395,2025-10-28,SAL20250058014,STR034,PRD01060,1,Damaged in Transit,277.54
RET2025002396,2025-06-23,SAL20250019654,STR024,PRD01167,1,Damaged in Transit,1364.58
RET2025002397,2025-01-25,SAL20250085532,STR003,PRD00406,2,Damaged in Transit,1327.36
RET2025002398,2025-12-11,SAL20250001574,STR018,PRD00439,1,Defective Item,122.61
RET2025002399,2025-04-13,SAL20250020467,STR033,PRD00458,1,Size/Fit Issue,587.81
RET2025002400,2025-09-25,SAL20250041528,STR008,PRD00776,1,Customer Changed Mind,1145.74
RET2025002401,2025-03-15,SAL20250020691,STR034,PRD00218,1,Size/Fit Issue,7357.64
RET2025002402,2025-05-05,SAL20250093521,STR035,PRD00966,2,Damaged in Transit,1629.5
RET2025002403,2025-09-15,SAL20250077084,STR013,PRD00390,1,Defective Item,1246.69
RET2025002404,2025-06-04,SAL20250065346,STR002,PRD01173,1,Defective Item,1034.88
RET2025002405,2025-05-05,SAL20250086608,STR007,PRD01070,1,Customer Changed Mind,5540.5
RET2025002406,2025-03-26,SAL20250017609,STR009,PRD00882,1,Customer Changed Mind,3706.7
RET2025002407,2025-05-27,SAL20250002976,STR037,PRD00218,1,Damaged in Transit,7357.64
RET2025002408,2025-07-23,SAL20250070821,STR007,PRD01085,1,Wrong Item Delivered,7889.14
RET2025002409,2025-10-15,SAL20250051820,STR031,PRD00509,1,Defective Item,888.38
RET2025002410,2025-07-19,SAL20250026646,STR001,PRD00356,1,Defective Item,1354.34
RET2025002411,2025-04-20,SAL20250031145,STR005,PRD00928,1,Wrong Item Delivered,2503.87
RET2025002412,2025-12-24,SAL20250005250,STR006,PRD00961,2,Defective Item,-588.56
RET2025002413,2025-05-24,SAL20250080329,STR002,PRD00540,1,Wrong Item Delivered,550.54
RET2025002414,2025-05-11,SAL20250046113,STR039,PRD00918,1,Defective Item,2741.1
RET2025002415,2025-11-05,SAL20250070075,STR005,PRD00317,1,Size/Fit Issue,1393.76
RET2025002416,2025-07-29,SAL20250014904,STR017,PRD00176,1,Size/Fit Issue,4757.11
RET2025002417,2025-04-01,SAL20250002771,STR029,PRD01014,1,Damaged in Transit,1123.09
RET2025002418,2025-07-06,SAL20250083667,STR023,PRD01125,1,Defective Item,3015.8
RET2025002419,2025-07-05,SAL20250037965,STR013,PRD01027,1,Defective Item,412.95
RET2025002420,2025-06-13,SAL20250046239,STR038,PRD00076,1,Defective Item,13611.14
RET2025002421,2025-01-29,SAL20250065807,STR019,PRD00016,1,Defective Item,12816.4
RET2025002422,2025-10-15,SAL20250073400,STR009,PRD00493,1,Defective Item,517.33
RET2025002423,2025-12-22,SAL20250099106,STR006,PRD00841,1,Defective Item,1965.17
RET2025002424,2025-11-17,SAL20250007932,STR025,PRD00617,1,Defective Item,496.18
RET2025002425,2025-11-25,SAL20250030019,STR011,PRD00098,1,Damaged in Transit,13136.22
RET2025002426,2025-12-17,SAL20250032826,STR027,PRD00702,1,Wrong Item Delivered,1394.73
RET2025002427,2025-04-15,SAL20250032134,STR026,PRD00286,3,Size/Fit Issue,1172.31
RET2025002428,2025-08-31,SAL20250091166,STR022,PRD00287,1,Defective Item,550.08
RET2025002429,2025-10-04,SAL20250060103,STR030,PRD00448,1,Damaged in Transit,612.68
RET2025002430,2025-10-05,SAL20250038667,STR039,PRD00761,1,Wrong Item Delivered,367.88
RET2025002431,2025-05-29,SAL20250048049,STR030,PRD00909,1,Damaged in Transit,1266.46
RET2025002432,2025-11-14,SAL20250033558,STR019,PRD00219,1,Customer Changed Mind,1404.86
RET2025002433,2025-09-26,SAL20250068661,STR007,PRD01189,1,Damaged in Transit,5263.0
RET2025002434,2025-12-28,SAL20250029719,STR034,PRD01124,2,Defective Item,9626.78
RET2025002435,2025-08-11,SAL20250029928,STR035,PRD00687,1,Defective Item,2662.45
RET2025002436,2025-02-17,SAL20250052879,STR011,PRD01067,1,Defective Item,922.58
RET2025002437,2025-12-23,SAL20250006434,STR030,PRD01001,1,Damaged in Transit,315.54
RET2025002438,2025-11-23,SAL20250048496,STR001,PRD00115,1,Defective Item,5778.27
RET2025002439,2025-02-02,SAL20250082466,STR028,PRD00548,1,Defective Item,172.01
RET2025002440,2025-05-17,SAL20250028271,STR039,PRD00401,1,Size/Fit Issue,743.9
RET2025002441,2025-09-07,SAL20250049218,STR019,PRD00452,1,Defective Item,1046.75
RET2025002442,2025-12-20,SAL20250070300,STR030,PRD00730,1,Defective Item,3497.66
RET2025002443,2025-01-22,SAL20250006946,STR003,PRD00770,2,Customer Changed Mind,2948.92
RET2025002444,2025-08-24,SAL20250033255,STR041,PRD01153,1,Defective Item,5497.78
RET2025002445,2025-06-30,SAL20250038599,STR040,PRD00661,1,Customer Changed Mind,443.39
RET2025002446,2025-12-25,SAL20250024118,STR003,PRD00209,1,Customer Changed Mind,4015.2
RET2025002447,2025-12-19,SAL20250088765,STR030,PRD00162,1,Defective Item,9916.48
RET2025002448,2025-06-29,SAL20250005212,STR002,PRD01126,1,Wrong Item Delivered,2931.04
RET2025002449,2025-02-09,SAL20250091897,STR024,PRD01138,1,Size/Fit Issue,4917.81
RET2025002450,2025-01-15,SAL20250090204,STR020,PRD00829,1,Size/Fit Issue,2093.34
RET2025002451,2025-02-06,SAL20250020561,STR020,PRD00570,1,Wrong Item Delivered,376.39
RET2025002452,2025-09-23,SAL20250008539,STR040,PRD00896,1,Damaged in Transit,255.31
RET2025002453,2025-02-22,SAL20250078520,STR035,PRD00988,3,Defective Item,2323.95
RET2025002454,2025-10-09,SAL20250017941,STR008,PRD00455,1,Damaged in Transit,683.36
RET2025002455,2025-08-09,SAL20250014993,STR023,PRD00617,1,Defective Item,496.18
RET2025002456,2025-08-10,SAL20250047392,STR023,PRD01177,1,Defective Item,2791.89
RET2025002457,2025-12-02,SAL20250029205,STR016,PRD01059,1,Defective Item,553.69
RET2025002458,2025-01-17,SAL20250079377,STR008,PRD00661,1,Wrong Item Delivered,443.39
RET2025002459,2025-03-30,SAL20250092946,STR029,PRD00222,1,Defective Item,8948.67
RET2025002460,2025-12-04,SAL20250028473,STR034,PRD00967,1,Size/Fit Issue,44.43
RET2025002461,2025-09-11,SAL20250027192,STR004,PRD00054,1,Size/Fit Issue,16291.52
RET2025002462,2025-09-29,SAL20250075592,STR012,PRD00405,3,Customer Changed Mind,2752.05
RET2025002463,2025-08-16,SAL20250081303,STR028,PRD01119,1,Size/Fit Issue,9164.59
RET2025002464,2025-11-26,SAL20250052008,STR028,PRD00291,1,Wrong Item Delivered,469.9
RET2025002465,2025-10-14,SAL20250091087,STR013,PRD00731,1,Defective Item,2513.85
RET2025002466,2025-09-25,SAL20250087719,STR010,PRD00632,1,Defective Item,758.72
RET2025002467,2025-11-07,SAL20250005359,STR023,PRD00760,1,Wrong Item Delivered,4801.08
RET2025002468,2025-05-29,SAL20250039228,STR026,PRD00680,1,Wrong Item Delivered,3900.49
RET2025002469,2025-08-06,SAL20250024309,STR025,PRD00830,1,Customer Changed Mind,1783.32
RET2025002470,2025-03-12,SAL20250036238,STR038,PRD00393,1,Damaged in Transit,526.25
RET2025002471,2025-11-09,SAL20250070980,STR014,PRD00411,1,Wrong Item Delivered,779.25
RET2025002472,2025-08-12,SAL20250091870,STR029,PRD00783,1,Wrong Item Delivered,2295.14
RET2025002473,2025-05-02,SAL20250071062,STR010,PRD00801,2,Defective Item,1000.0
RET2025002474,2025-04-27,SAL20250042572,STR037,PRD00388,1,Defective Item,522.1
RET2025002475,2025-05-26,SAL20250000412,STR031,PRD01087,1,Size/Fit Issue,7006.0
RET2025002476,2025-10-30,SAL20250056719,STR030,PRD00059,1,Defective Item,15692.67
RET2025002477,2025-03-12,SAL20250052670,STR008,PRD00563,1,Size/Fit Issue,667.75
RET2025002478,2025-07-28,SAL20250035685,STR039,PRD00266,1,Wrong Item Delivered,13058.2
RET2025002479,2025-03-15,SAL20250013650,STR006,PRD00040,1,Customer Changed Mind,26675.54
RET2025002480,2025-12-29,SAL20250020385,STR040,PRD01177,1,Defective Item,2791.89
RET2025002481,2025-05-31,SAL20250070473,STR038,PRD00083,1,Wrong Item Delivered,9369.31
RET2025002482,2025-01-06,SAL20250046597,STR003,PRD00408,2,Size/Fit Issue,2034.18
RET2025002483,2025-06-03,SAL20250059464,STR037,PRD01075,1,Defective Item,6164.63
RET2025002484,2025-10-01,SAL20250042950,STR005,PRD00773,1,Size/Fit Issue,733.06
RET2025002485,2025-10-30,SAL20250057602,STR027,PRD00039,1,Customer Changed Mind,8380.37
RET2025002486,2025-09-27,SAL20250044443,STR005,PRD00080,1,Defective Item,17292.25
RET2025002487,2025-05-07,SAL20250050903,STR039,PRD00624,1,Customer Changed Mind,124.7
RET2025002488,2025-06-28,SAL20250084639,STR035,PRD00267,1,Defective Item,11328.41
RET2025002489,2025-09-07,SAL20250023788,STR031,PRD00194,1,Wrong Item Delivered,5905.12
RET2025002490,2025-06-02,SAL20250084923,STR025,PRD00718,1,Size/Fit Issue,2341.08
RET2025002491,2025-12-12,SAL20250043872,STR020,PRD01076,1,Customer Changed Mind,4373.35
RET2025002492,2025-03-24,SAL20250056598,STR023,PRD00601,2,Customer Changed Mind,100.2
RET2025002493,2025-09-04,SAL20250077065,STR022,PRD00850,3,Customer Changed Mind,5692.56
RET2025002494,2025-04-09,SAL20250056970,STR022,PRD00388,1,Defective Item,522.1
RET2025002495,2025-03-04,SAL20250029089,STR011,PRD00791,2,Wrong Item Delivered,1711.5
RET2025002496,2025-10-25,SAL20250075488,STR004,PRD00827,1,Customer Changed Mind,3989.15
RET2025002497,2025-03-23,SAL20250001438,STR014,PRD00273,2,Defective Item,2612.58
RET2025002498,2025-11-18,SAL20250059206,STR020,PRD01175,1,Size/Fit Issue,2568.19
RET2025002499,2025-10-18,SAL20250033281,STR030,PRD00354,1,Damaged in Transit,1099.31
RET2025002500,2025-02-06,SAL20250079662,STR009,PRD00616,1,Damaged in Transit,565.82
RET2025002501,2025-05-16,SAL20250078925,STR040,PRD00495,3,Wrong Item Delivered,636.42
RET2025002502,2025-07-27,SAL20250032653,STR034,PRD00626,1,Size/Fit Issue,125.9
RET2025002503,2025-10-07,SAL20250001984,STR022,PRD01131,1,Defective Item,6280.13
RET2025002504,2025-02-27,SAL20250078333,STR020,PRD00422,1,Damaged in Transit,218.73
RET2025002505,2025-12-27,SAL20250002745,STR002,PRD00949,2,Customer Changed Mind,1710.3
RET2025002506,2025-10-27,SAL20250047566,STR027,PRD01154,2,Wrong Item Delivered,2432.92
RET2025002507,2025-12-18,SAL20250023775,STR006,PRD00909,2,Wrong Item Delivered,2532.92
RET2025002508,2025-08-25,SAL20250021490,STR034,PRD00994,1,Customer Changed Mind,1224.56
RET2025002509,2025-04-13,SAL20250050033,STR017,PRD00614,1,Wrong Item Delivered,52.25
RET2025002510,2025-03-26,SAL20250091358,STR004,PRD00470,1,Wrong Item Delivered,416.77
RET2025002511,2025-11-16,SAL20250048530,STR030,PRD00846,1,Wrong Item Delivered,1551.36
RET2025002512,2025-12-06,SAL20250056984,STR009,PRD00257,1,Size/Fit Issue,3131.42
RET2025002513,2025-06-27,SAL20250077537,STR004,PRD00272,2,Defective Item,1221.04
RET2025002514,2025-01-23,SAL20250075296,STR035,PRD00964,2,Defective Item,1685.68
RET2025002515,2025-06-27,SAL20250023123,STR020,PRD00688,2,Wrong Item Delivered,5605.24
RET2025002516,2025-06-11,SAL20250002374,STR032,PRD00381,3,Defective Item,2793.45
RET2025002517,2025-10-24,SAL20250084870,STR040,PRD00552,1,Wrong Item Delivered,296.06
RET2025002518,2025-11-08,SAL20250006811,STR003,PRD01047,2,Size/Fit Issue,1689.72
RET2025002519,2025-03-08,SAL20250030999,STR036,PRD00314,1,Defective Item,610.16
RET2025002520,2025-11-15,SAL20250092632,STR026,PRD00689,1,Defective Item,492.79
RET2025002521,2025-10-01,SAL20250024594,STR009,PRD00321,1,Customer Changed Mind,1442.95
RET2025002522,2025-12-22,SAL20250089941,STR018,PRD00314,1,Customer Changed Mind,610.16
RET2025002523,2025-04-20,SAL20250055031,STR007,PRD00047,2,Defective Item,54421.78
RET2025002524,2025-12-30,SAL20250016833,STR010,PRD01110,1,Size/Fit Issue,1048.97
RET2025002525,2025-01-28,SAL20250065552,STR010,PRD00139,1,Customer Changed Mind,2949.49
RET2025002526,2025-10-07,SAL20250096099,STR001,PRD00088,1,Defective Item,22406.29
RET2025002527,2025-03-19,SAL20250082461,STR032,PRD00770,2,Customer Changed Mind,2948.92
RET2025002528,2025-05-15,SAL20250064084,STR027,PRD00034,1,Defective Item,761.93
RET2025002529,2025-08-04,SAL20250098625,STR007,PRD00013,1,Damaged in Transit,17378.5
RET2025002530,2025-03-19,SAL20250006854,STR019,PRD00724,1,Defective Item,2856.14
RET2025002531,2025-02-14,SAL20250042565,STR005,PRD00061,2,Customer Changed Mind,15382.2
RET2025002532,2025-04-06,SAL20250085485,STR011,PRD00999,2,Customer Changed Mind,2205.18
RET2025002533,2025-02-05,SAL20250081859,STR029,PRD00050,1,Defective Item,20155.67
RET2025002534,2025-05-17,SAL20250085964,STR016,PRD00691,1,Wrong Item Delivered,1815.13
RET2025002535,2025-08-08,SAL20250039902,STR001,PRD00335,1,Size/Fit Issue,1156.98
RET2025002536,2025-07-13,SAL20250046290,STR030,PRD00660,1,Customer Changed Mind,324.23
RET2025002537,2025-02-17,SAL20250010838,STR005,PRD00454,1,Damaged in Transit,238.81
RET2025002538,2025-11-04,SAL20250022525,STR012,PRD00350,3,Size/Fit Issue,3321.66
RET2025002539,2025-11-02,SAL20250037833,STR019,PRD00179,2,Wrong Item Delivered,10506.28
RET2025002540,2025-04-04,SAL20250034049,STR036,PRD00420,2,Defective Item,1752.04
RET2025002541,2025-11-04,SAL20250019181,STR029,PRD01024,2,Defective Item,258.88
RET2025002542,2025-01-19,SAL20250035887,STR017,PRD00317,1,Defective Item,1393.76
RET2025002543,2025-02-21,SAL20250089017,STR011,PRD00222,2,Defective Item,17897.34
RET2025002544,2025-02-28,SAL20250017172,STR024,PRD00609,1,Defective Item,338.3
RET2025002545,2025-06-29,SAL20250008509,STR027,PRD00336,1,Wrong Item Delivered,1590.59
RET2025002546,2025-08-09,SAL20250095372,STR008,PRD00131,1,Size/Fit Issue,11948.61
RET2025002547,2025-10-02,SAL20250092761,STR008,PRD00458,1,Damaged in Transit,587.81
RET2025002548,2025-11-14,SAL20250085076,STR038,PRD01056,1,Damaged in Transit,449.88
RET2025002549,2025-03-17,SAL20250066029,STR036,PRD00733,2,Defective Item,7158.14
RET2025002550,2025-04-15,SAL20250067050,STR010,PRD01028,1,Size/Fit Issue,93.34
RET2025002551,2025-08-29,SAL20250039354,STR022,PRD00737,1,Customer Changed Mind,1053.41
RET2025002552,2025-04-26,SAL20250054683,STR013,PRD00314,1,Defective Item,610.16
RET2025002553,2025-10-05,SAL20250069555,STR021,PRD01142,1,Customer Changed Mind,3878.91
RET2025002554,2025-05-14,SAL20250043151,STR018,PRD00628,1,Customer Changed Mind,365.09
RET2025002555,2025-07-27,SAL20250026934,STR039,PRD00623,1,Wrong Item Delivered,563.55
RET2025002556,2025-11-19,SAL20250001214,STR033,PRD00988,1,Customer Changed Mind,774.65
RET2025002557,2025-04-19,SAL20250048555,STR013,PRD00758,1,Customer Changed Mind,4375.02
RET2025002558,2025-12-01,SAL20250024724,STR032,PRD00827,1,Customer Changed Mind,3989.15
RET2025002559,2025-10-09,SAL20250049675,STR029,PRD00435,1,Defective Item,718.79
RET2025002560,2025-03-18,SAL20250068860,STR010,PRD01077,1,Wrong Item Delivered,8389.04
RET2025002561,2025-04-26,SAL20250086645,STR038,PRD00400,2,Defective Item,1841.92
RET2025002562,2025-12-30,SAL20250000516,STR031,PRD01052,1,Wrong Item Delivered,462.25
RET2025002563,2025-11-10,SAL20250039364,STR004,PRD00319,2,Customer Changed Mind,1493.78
RET2025002564,2025-08-11,SAL20250035675,STR040,PRD00632,1,Wrong Item Delivered,758.72
RET2025002565,2025-05-15,SAL20250038388,STR035,PRD00035,1,Defective Item,7229.47
RET2025002566,2025-05-07,SAL20250074841,STR018,PRD00377,3,Wrong Item Delivered,-3532.62
RET2025002567,2025-01-28,SAL20250066423,STR021,PRD01123,1,Wrong Item Delivered,3145.87
RET2025002568,2025-07-14,SAL20250055552,STR033,PRD01163,1,Wrong Item Delivered,6199.15
RET2025002569,2025-10-24,SAL20250001303,STR023,PRD01103,1,Defective Item,5704.94
RET2025002570,2025-01-12,SAL20250016950,STR026,PRD00914,1,Wrong Item Delivered,3460.6
RET2025002571,2025-05-03,SAL20250057510,STR037,PRD00406,1,Customer Changed Mind,663.68
RET2025002572,2025-10-01,SAL20250069693,STR027,PRD00925,1,Defective Item,2271.72
RET2025002573,2025-02-09,SAL20250050402,STR024,PRD00774,1,Wrong Item Delivered,2102.71
RET2025002574,2025-05-10,SAL20250068426,STR019,PRD01053,1,Defective Item,481.32
RET2025002575,2025-04-10,SAL20250039953,STR004,PRD01138,1,Size/Fit Issue,4917.81
RET2025002576,2025-05-07,SAL20250021914,STR027,PRD00658,1,Size/Fit Issue,338.62
RET2025002577,2025-07-26,SAL20250013640,STR037,PRD00007,1,Customer Changed Mind,20090.22
RET2025002578,2025-03-07,SAL20250038659,STR002,PRD00417,1,Defective Item,788.29
RET2025002579,2025-08-02,SAL20250074951,STR029,PRD01134,1,Size/Fit Issue,5914.46
RET2025002580,2025-10-27,SAL20250004402,STR035,PRD00106,1,Defective Item,3614.0
RET2025002581,2025-10-15,SAL20250062511,STR015,PRD00911,1,Size/Fit Issue,807.88
RET2025002582,2025-10-23,SAL20250046475,STR023,PRD00683,1,Defective Item,794.15
RET2025002583,2025-03-17,SAL20250006263,STR020,PRD00524,2,Customer Changed Mind,257.7
RET2025002584,2025-11-02,SAL20250012263,STR031,PRD00731,1,Size/Fit Issue,2513.85
RET2025002585,2025-10-21,SAL20250022468,STR035,PRD00827,1,Size/Fit Issue,3989.15
RET2025002586,2025-08-07,SAL20250066842,STR005,PRD00571,1,Size/Fit Issue,201.22
RET2025002587,2025-03-05,SAL20250003667,STR005,PRD00541,1,Damaged in Transit,685.8
RET2025002588,2025-04-20,SAL20250099345,STR024,PRD00053,1,Size/Fit Issue,3304.53
RET2025002589,2025-03-05,SAL20250086840,STR039,PRD00316,1,Defective Item,924.22
RET2025002590,2025-05-10,SAL20250067565,STR013,PRD00043,1,Defective Item,22998.01
RET2025002591,2025-05-19,SAL20250043756,STR020,PRD01127,1,Wrong Item Delivered,730.99
RET2025002592,2025-01-20,SAL20250003257,STR034,PRD00758,1,Defective Item,4375.02
RET2025002593,2025-08-26,SAL20250053762,STR023,PRD00182,1,Damaged in Transit,1682.57
RET2025002594,2025-12-25,SAL20250017166,STR039,PRD00754,1,Size/Fit Issue,372.52
RET2025002595,2025-03-08,SAL20250054888,STR037,PRD00464,1,Customer Changed Mind,598.64
RET2025002596,2025-10-14,SAL20250045227,STR010,PRD00253,1,Wrong Item Delivered,9663.5
RET2025002597,2025-09-10,SAL20250060494,STR002,PRD00753,1,Wrong Item Delivered,4495.87
RET2025002598,2025-01-31,SAL20250037969,STR019,PRD00965,1,Wrong Item Delivered,67.67
RET2025002599,2025-05-20,SAL20250086198,STR024,PRD00571,1,Defective Item,201.22
RET2025002600,2025-03-13,SAL20250052048,STR027,PRD00288,1,Size/Fit Issue,827.89
RET2025002601,2025-04-09,SAL20250034424,STR030,PRD00924,1,Defective Item,261.16
RET2025002602,2025-06-19,SAL20250045512,STR039,PRD00384,1,Size/Fit Issue,1012.08
RET2025002603,2025-04-15,SAL20250066648,STR028,PRD00095,1,Defective Item,18324.65
RET2025002604,2025-06-29,SAL20250065994,STR034,PRD00265,1,Wrong Item Delivered,4797.2
RET2025002605,2025-09-11,SAL20250092601,STR010,PRD00239,1,Customer Changed Mind,6180.81
RET2025002606,2025-03-16,SAL20250012399,STR019,PRD01119,1,Size/Fit Issue,9164.59
RET2025002607,2025-06-14,SAL20250032801,STR020,PRD00347,2,Defective Item,2266.44
RET2025002608,2025-03-09,SAL20250047573,STR007,PRD00579,1,Size/Fit Issue,-398.71
RET2025002609,2025-09-11,SAL20250083601,STR032,PRD00864,3,Wrong Item Delivered,5175.06
RET2025002610,2025-04-17,SAL20250060397,STR016,PRD00419,1,Defective Item,950.16
RET2025002611,2025-06-16,SAL20250093848,STR030,PRD00572,1,Defective Item,728.84
RET2025002612,2025-07-24,SAL20250085683,STR023,PRD01010,1,Customer Changed Mind,762.29
RET2025002613,2025-11-12,SAL20250045289,STR025,PRD00577,2,Damaged in Transit,525.48
RET2025002614,2025-12-09,SAL20250053813,STR021,PRD00850,1,Damaged in Transit,1897.52
RET2025002615,2025-10-21,SAL20250099281,STR032,PRD00854,2,Wrong Item Delivered,4711.66
RET2025002616,2025-08-11,SAL20250003648,STR038,PRD00989,3,Customer Changed Mind,2767.05
RET2025002617,2025-08-04,SAL20250090691,STR028,PRD01064,1,Defective Item,155.0
RET2025002618,2025-07-17,SAL20250072930,STR032,PRD00268,1,Wrong Item Delivered,1061.68
RET2025002619,2025-12-19,SAL20250074949,STR041,PRD00445,3,Customer Changed Mind,1252.89
RET2025002620,2025-09-29,SAL20250048060,STR006,PRD00511,1,Size/Fit Issue,709.29
RET2025002621,2025-10-06,SAL20250036196,STR015,PRD00776,1,Damaged in Transit,1145.74
RET2025002622,2025-08-10,SAL20250010183,STR034,PRD00320,1,Damaged in Transit,273.23
RET2025002623,2025-06-10,SAL20250067750,STR032,PRD00664,1,Size/Fit Issue,181.84
RET2025002624,2025-10-02,SAL20250088735,STR027,PRD00290,1,Wrong Item Delivered,747.46
RET2025002625,2025-09-30,SAL20250062109,STR024,PRD00267,1,Customer Changed Mind,11328.41
RET2025002626,2025-04-07,SAL20250000939,STR006,PRD01106,1,Defective Item,3135.75
RET2025002627,2025-04-15,SAL20250025504,STR033,PRD00881,1,Customer Changed Mind,802.33
RET2025002628,2025-01-25,SAL20250026308,STR010,PRD00591,1,Size/Fit Issue,500.81
RET2025002629,2025-01-21,SAL20250052880,STR006,PRD00913,1,Defective Item,3252.33
RET2025002630,2025-02-25,SAL20250023104,STR002,PRD00645,1,Defective Item,456.66
RET2025002631,2025-05-11,SAL20250034031,STR028,PRD00815,1,Wrong Item Delivered,2750.26
RET2025002632,2025-05-28,SAL20250000373,STR002,PRD00575,1,Defective Item,90.77
RET2025002633,2025-09-15,SAL20250080479,STR019,PRD00607,1,Defective Item,313.72
RET2025002634,2025-11-25,SAL20250055107,STR002,PRD00683,1,Defective Item,794.15
RET2025002635,2025-07-18,SAL20250063517,STR019,PRD00184,1,Wrong Item Delivered,3565.48
RET2025002636,2025-10-31,SAL20250055029,STR033,PRD00297,1,Defective Item,1248.97
RET2025002637,2025-05-18,SAL20250085239,STR008,PRD00713,1,Defective Item,4061.86
RET2025002638,2025-06-21,SAL20250057989,STR024,PRD00870,3,Defective Item,8424.72
RET2025002639,2025-08-21,SAL20250082324,STR005,PRD00221,1,Defective Item,9230.37
RET2025002640,2025-03-20,SAL20250055409,STR041,PRD00178,1,Defective Item,9669.95
RET2025002641,2025-09-09,SAL20250041585,STR014,PRD00128,2,Size/Fit Issue,27345.44
RET2025002642,2025-07-27,SAL20250003213,STR035,PRD00425,1,Defective Item,878.01
RET2025002643,2025-07-31,SAL20250011838,STR037,PRD01062,1,Size/Fit Issue,925.26
RET2025002644,2025-06-19,SAL20250064120,STR032,PRD00740,1,Defective Item,3926.7
RET2025002645,2025-12-24,SAL20250035869,STR002,PRD01028,1,Defective Item,93.34
RET2025002646,2025-06-12,SAL20250041589,STR025,PRD00905,1,Size/Fit Issue,2497.02
RET2025002647,2025-09-07,SAL20250033818,STR019,PRD00130,1,Wrong Item Delivered,17171.37
RET2025002648,2025-11-06,SAL20250037748,STR020,PRD00077,3,Size/Fit Issue,44546.4
RET2025002649,2025-09-08,SAL20250086764,STR034,PRD00552,3,Defective Item,888.18
RET2025002650,2025-09-20,SAL20250094733,STR030,PRD00841,1,Defective Item,1965.17
RET2025002651,2025-04-06,SAL20250059591,STR011,PRD00541,2,Wrong Item Delivered,1371.6
RET2025002652,2025-01-16,SAL20250078197,STR018,PRD00364,2,Size/Fit Issue,592.4
RET2025002653,2025-12-12,SAL20250020353,STR002,PRD00164,1,Defective Item,7383.75
RET2025002654,2025-02-12,SAL20250065079,STR027,PRD00164,1,Wrong Item Delivered,7383.75
RET2025002655,2025-07-29,SAL20250080521,STR029,PRD00815,1,Size/Fit Issue,2750.26
RET2025002656,2025-04-08,SAL20250081539,STR028,PRD00752,1,Defective Item,4535.72
RET2025002657,2025-04-09,SAL20250024027,STR020,PRD01075,1,Defective Item,6164.63
RET2025002658,2025-11-22,SAL20250016466,STR007,PRD00965,1,Defective Item,67.67
RET2025002659,2025-01-06,SAL20250099624,STR014,PRD00325,1,Size/Fit Issue,1273.47
RET2025002660,2025-04-21,SAL20250051956,STR031,PRD01024,1,Customer Changed Mind,129.44
RET2025002661,2025-02-14,SAL20250034415,STR008,PRD01014,1,Size/Fit Issue,1123.09
RET2025002662,2025-11-02,SAL20250028125,STR024,PRD00878,1,Size/Fit Issue,1229.84
RET2025002663,2025-07-14,SAL20250033304,STR021,PRD01067,1,Defective Item,922.58
RET2025002664,2025-03-01,SAL20250043503,STR013,PRD00779,2,Wrong Item Delivered,3213.66
RET2025002665,2025-01-31,SAL20250040990,STR014,PRD00964,1,Size/Fit Issue,842.84
RET2025002666,2025-02-22,SAL20250067381,STR026,PRD00359,2,Size/Fit Issue,2767.12
RET2025002667,2025-06-26,SAL20250003431,STR019,PRD00481,1,Damaged in Transit,391.79
RET2025002668,2025-06-18,SAL20250098464,STR022,PRD00472,1,Wrong Item Delivered,554.85
RET2025002669,2025-08-28,SAL20250082543,STR012,PRD00006,1,Customer Changed Mind,3457.14
RET2025002670,2025-03-03,SAL20250021817,STR028,PRD00050,1,Defective Item,20155.67
RET2025002671,2025-02-19,SAL20250068842,STR034,PRD00692,1,Wrong Item Delivered,1997.13
RET2025002672,2025-08-01,SAL20250074389,STR033,PRD00703,1,Defective Item,940.1
RET2025002673,2025-12-28,SAL20250037695,STR010,PRD00655,1,Size/Fit Issue,75.89
RET2025002674,2025-12-22,SAL20250037148,STR024,PRD00220,1,Wrong Item Delivered,5859.46
RET2025002675,2025-12-06,SAL20250080739,STR005,PRD00984,1,Defective Item,34.1
RET2025002676,2025-06-14,SAL20250012461,STR033,PRD00249,1,Size/Fit Issue,4858.0
RET2025002677,2025-09-05,SAL20250044822,STR007,PRD00660,1,Size/Fit Issue,324.23
RET2025002678,2025-03-22,SAL20250017771,STR037,PRD00566,1,Wrong Item Delivered,655.12
RET2025002679,2025-02-24,SAL20250047610,STR019,PRD01085,1,Size/Fit Issue,7889.14
RET2025002680,2025-12-17,SAL20250048780,STR017,PRD00563,3,Defective Item,2003.25
RET2025002681,2025-07-11,SAL20250045881,STR011,PRD00461,1,Defective Item,198.22
RET2025002682,2025-02-26,SAL20250037191,STR011,PRD00244,1,Defective Item,9135.72
RET2025002683,2025-05-27,SAL20250020452,STR010,PRD00473,2,Defective Item,227.24
RET2025002684,2025-09-16,SAL20250092794,STR005,PRD00950,1,Size/Fit Issue,184.59
RET2025002685,2025-08-14,SAL20250041294,STR007,PRD00769,1,Defective Item,1757.79
RET2025002686,2025-02-11,SAL20250078872,STR009,PRD00034,1,Size/Fit Issue,761.93
RET2025002687,2025-07-10,SAL20250025158,STR026,PRD00239,1,Wrong Item Delivered,6180.81
RET2025002688,2025-05-29,SAL20250052363,STR032,PRD00988,1,Defective Item,774.65
RET2025002689,2025-08-07,SAL20250063117,STR033,PRD01141,3,Size/Fit Issue,4161.63
RET2025002690,2025-08-27,SAL20250031279,STR004,PRD00806,1,Defective Item,330.79
RET2025002691,2025-04-24,SAL20250046819,STR015,PRD01129,1,Wrong Item Delivered,691.29
RET2025002692,2025-07-23,SAL20250066017,STR016,PRD01148,1,Defective Item,584.33
RET2025002693,2025-02-05,SAL20250097842,STR003,PRD00476,1,Damaged in Transit,645.16
RET2025002694,2025-03-14,SAL20250087689,STR019,PRD00984,1,Customer Changed Mind,34.1
RET2025002695,2025-05-11,SAL20250006371,STR032,PRD00002,2,Defective Item,2579.16
RET2025002696,2025-12-10,SAL20250097420,STR021,PRD00585,1,Size/Fit Issue,401.86
RET2025002697,2025-07-04,SAL20250019182,STR015,PRD00970,2,Defective Item,741.02
RET2025002698,2025-03-15,SAL20250055225,STR028,PRD00894,1,Wrong Item Delivered,2403.9
RET2025002699,2025-09-27,SAL20250023226,STR019,PRD01009,1,Wrong Item Delivered,52.33
RET2025002700,2025-11-01,SAL20250077376,STR006,PRD00067,1,Customer Changed Mind,3694.12
RET2025002701,2025-05-10,SAL20250024507,STR007,PRD00543,1,Customer Changed Mind,579.45
RET2025002702,2025-04-18,SAL20250045426,STR027,PRD01009,1,Defective Item,52.33
RET2025002703,2025-09-24,SAL20250081930,STR001,PRD00702,1,Size/Fit Issue,1394.73
RET2025002704,2025-03-27,SAL20250097493,STR004,PRD00122,1,Defective Item,23504.26
RET2025002705,2025-12-11,SAL20250007952,STR027,PRD00666,3,Size/Fit Issue,673.29
RET2025002706,2025-10-16,SAL20250037583,STR021,PRD00031,1,Defective Item,18632.2
RET2025002707,2025-07-25,SAL20250039710,STR023,PRD00801,1,Wrong Item Delivered,500.0
RET2025002708,2025-10-29,SAL20250056429,STR034,PRD00841,1,Size/Fit Issue,1965.17
RET2025002709,2025-10-13,SAL20250032791,STR019,PRD00567,1,Customer Changed Mind,365.44
RET2025002710,2025-01-20,SAL20250019202,STR041,PRD00158,1,Wrong Item Delivered,3798.87
RET2025002711,2025-02-11,SAL20250015922,STR015,PRD01036,1,Defective Item,177.81
RET2025002712,2025-10-03,SAL20250039115,STR022,PRD00929,1,Customer Changed Mind,3367.15
RET2025002713,2025-04-13,SAL20250093387,STR029,PRD00674,1,Wrong Item Delivered,2861.74
RET2025002714,2025-09-10,SAL20250086441,STR009,PRD00477,1,Defective Item,121.21
RET2025002715,2025-08-27,SAL20250099273,STR009,PRD01119,1,Wrong Item Delivered,9164.59
RET2025002716,2025-07-31,SAL20250098511,STR015,PRD00025,1,Defective Item,2348.16
RET2025002717,2025-08-12,SAL20250041315,STR025,PRD00134,1,Damaged in Transit,19404.79
RET2025002718,2025-07-05,SAL20250055684,STR016,PRD00060,1,Wrong Item Delivered,15273.35
RET2025002719,2025-10-25,SAL20250003216,STR002,PRD00642,1,Size/Fit Issue,467.68
RET2025002720,2025-04-26,SAL20250016124,STR014,PRD00034,1,Customer Changed Mind,761.93
RET2025002721,2025-03-18,SAL20250067497,STR037,PRD00429,2,Size/Fit Issue,1451.16
RET2025002722,2025-04-04,SAL20250011499,STR022,PRD00625,1,Defective Item,629.94
RET2025002723,2025-12-28,SAL20250084876,STR021,PRD00851,1,Size/Fit Issue,2659.29
RET2025002724,2025-11-26,SAL20250040204,STR040,PRD00127,1,Wrong Item Delivered,14293.97
RET2025002725,2025-07-27,SAL20250016102,STR002,PRD00495,1,Defective Item,212.14
RET2025002726,2025-02-03,SAL20250059317,STR023,PRD00158,1,Defective Item,3798.87
RET2025002727,2025-10-15,SAL20250001109,STR014,PRD01018,1,Customer Changed Mind,139.93
RET2025002728,2025-03-21,SAL20250060109,STR023,PRD00815,1,Wrong Item Delivered,2750.26
RET2025002729,2025-07-24,SAL20250036566,STR019,PRD00193,1,Size/Fit Issue,5766.86
RET2025002730,2025-08-24,SAL20250079115,STR039,PRD00099,1,Size/Fit Issue,19924.5
RET2025002731,2025-03-11,SAL20250092771,STR019,PRD00397,1,Defective Item,500.0
RET2025002732,2025-07-12,SAL20250066531,STR002,PRD00306,1,Customer Changed Mind,1349.3
RET2025002733,2025-04-27,SAL20250001616,STR009,PRD00268,1,Wrong Item Delivered,1061.68
RET2025002734,2025-06-30,SAL20250088311,STR025,PRD00491,1,Defective Item,675.67
RET2025002735,2025-09-16,SAL20250005575,STR025,PRD00254,2,Defective Item,22040.28
RET2025002736,2025-06-18,SAL20250072528,STR032,PRD00793,1,Size/Fit Issue,2445.38
RET2025002737,2025-08-05,SAL20250001475,STR029,PRD00097,1,Defective Item,19452.93
RET2025002738,2025-08-15,SAL20250018373,STR004,PRD00234,1,Customer Changed Mind,3859.31
RET2025002739,2025-11-12,SAL20250015987,STR026,PRD00478,2,Damaged in Transit,1919.68
RET2025002740,2025-08-08,SAL20250037135,STR003,PRD01139,1,Defective Item,4060.77
RET2025002741,2025-09-07,SAL20250013576,STR016,PRD00944,1,Damaged in Transit,197.23
RET2025002742,2025-10-26,SAL20250062594,STR038,PRD00414,1,Wrong Item Delivered,546.79
RET2025002743,2025-10-20,SAL20250026108,STR021,PRD01121,1,Defective Item,2103.52
RET2025002744,2025-10-01,SAL20250058684,STR009,PRD00676,1,Wrong Item Delivered,4180.37
RET2025002745,2025-02-19,SAL20250073050,STR031,PRD00477,1,Defective Item,121.21
RET2025002746,2025-07-16,SAL20250036254,STR025,PRD00956,1,Defective Item,1028.6
RET2025002747,2025-12-30,SAL20250003712,STR030,PRD00953,1,Wrong Item Delivered,80.84
RET2025002748,2025-09-05,SAL20250092864,STR012,PRD01001,1,Damaged in Transit,315.54
RET2025002749,2025-05-07,SAL20250035782,STR033,PRD00702,1,Wrong Item Delivered,1394.73
RET2025002750,2025-05-02,SAL20250080955,STR017,PRD01117,2,Defective Item,5302.2
RET2025002751,2025-01-18,SAL20250028895,STR002,PRD00413,1,Size/Fit Issue,347.68
RET2025002752,2025-11-17,SAL20250051548,STR033,PRD00460,1,Wrong Item Delivered,816.3
RET2025002753,2025-11-27,SAL20250026593,STR033,PRD01070,1,Wrong Item Delivered,5540.5
RET2025002754,2025-05-04,SAL20250022936,STR024,PRD01128,1,Damaged in Transit,2522.35
RET2025002755,2025-05-17,SAL20250000003,STR025,PRD00527,2,Defective Item,1876.6
RET2025002756,2025-06-01,SAL20250071217,STR013,PRD00492,1,Customer Changed Mind,431.72
RET2025002757,2025-10-29,SAL20250042412,STR004,PRD01108,2,Defective Item,9849.58
RET2025002758,2025-03-23,SAL20250039369,STR022,PRD00027,1,Wrong Item Delivered,21177.44
RET2025002759,2025-05-17,SAL20250086927,STR028,PRD00698,1,Size/Fit Issue,1659.66
RET2025002760,2025-04-24,SAL20250045304,STR003,PRD00160,1,Defective Item,7937.44
RET2025002761,2025-11-04,SAL20250013218,STR038,PRD00611,1,Defective Item,51.03
RET2025002762,2025-06-05,SAL20250016880,STR012,PRD00635,2,Customer Changed Mind,664.06
RET2025002763,2025-05-15,SAL20250086791,STR039,PRD00725,1,Size/Fit Issue,2084.99
RET2025002764,2025-12-05,SAL20250039427,STR021,PRD00580,1,Wrong Item Delivered,372.59
RET2025002765,2025-11-04,SAL20250028582,STR008,PRD01033,1,Wrong Item Delivered,703.74
RET2025002766,2025-04-23,SAL20250042127,STR005,PRD00746,2,Defective Item,4599.88
RET2025002767,2025-11-26,SAL20250085846,STR009,PRD00923,1,Defective Item,3811.45
RET2025002768,2025-12-14,SAL20250028002,STR013,PRD00690,2,Size/Fit Issue,7271.84
RET2025002769,2025-12-30,SAL20250026639,STR019,PRD01049,1,Customer Changed Mind,225.77
RET2025002770,2025-01-07,SAL20250063505,STR001,PRD01042,2,Defective Item,287.04
RET2025002771,2025-05-21,SAL20250000589,STR023,PRD00291,1,Size/Fit Issue,469.9
RET2025002772,2025-04-12,SAL20250054654,STR021,PRD00396,1,Wrong Item Delivered,713.53
RET2025002773,2025-09-22,SAL20250097947,STR024,PRD00859,1,Size/Fit Issue,500.0
RET2025002774,2025-01-07,SAL20250055468,STR032,PRD00724,1,Customer Changed Mind,2856.14
RET2025002775,2025-07-18,SAL20250086234,STR004,PRD00633,1,Size/Fit Issue,365.95
RET2025002776,2025-05-08,SAL20250092863,STR039,PRD00696,1,Defective Item,1599.77
RET2025002777,2025-05-05,SAL20250079856,STR032,PRD01199,1,Wrong Item Delivered,6549.57
RET2025002778,2025-07-28,SAL20250060475,STR019,PRD00497,1,Wrong Item Delivered,500.0
RET2025002779,2025-06-23,SAL20250078090,STR009,PRD00827,1,Wrong Item Delivered,3989.15
RET2025002780,2025-10-23,SAL20250035459,STR020,PRD00747,1,Size/Fit Issue,1306.66
RET2025002781,2025-01-09,SAL20250048454,STR037,PRD00519,1,Defective Item,818.33
RET2025002782,2025-05-29,SAL20250032179,STR026,PRD00923,1,Customer Changed Mind,3811.45
RET2025002783,2025-08-15,SAL20250099654,STR032,PRD00914,1,Customer Changed Mind,3460.6
RET2025002784,2025-11-06,SAL20250039765,STR018,PRD00441,1,Wrong Item Delivered,853.01
RET2025002785,2025-12-22,SAL20250054821,STR029,PRD00282,1,Defective Item,705.96
RET2025002786,2025-10-19,SAL20250085799,STR016,PRD00465,1,Size/Fit Issue,578.8
RET2025002787,2025-08-03,SAL20250002701,STR011,PRD01105,2,Wrong Item Delivered,4996.32
RET2025002788,2025-04-03,SAL20250061807,STR027,PRD00498,1,Defective Item,178.55
RET2025002789,2025-03-24,SAL20250000806,STR022,PRD00406,1,Wrong Item Delivered,663.68
RET2025002790,2025-06-24,SAL20250045821,STR012,PRD00823,1,Defective Item,2558.98
RET2025002791,2025-06-07,SAL20250094816,STR023,PRD00590,1,Defective Item,353.62
RET2025002792,2025-11-11,SAL20250070927,STR008,PRD01008,1,Wrong Item Delivered,227.58
RET2025002793,2025-06-22,SAL20250034015,STR018,PRD00823,1,Defective Item,2558.98
RET2025002794,2025-06-24,SAL20250093319,STR002,PRD01163,1,Defective Item,6199.15
RET2025002795,2025-10-13,SAL20250012701,STR020,PRD00817,1,Customer Changed Mind,3058.64
RET2025002796,2025-08-31,SAL20250025831,STR008,PRD00035,1,Defective Item,7229.47
RET2025002797,2025-11-29,SAL20250051501,STR035,PRD00202,2,Size/Fit Issue,2419.68
RET2025002798,2025-03-01,SAL20250083810,STR008,PRD00063,1,Wrong Item Delivered,19546.78
RET2025002799,2025-08-16,SAL20250097546,STR017,PRD00233,1,Defective Item,9134.67
RET2025002800,2025-11-19,SAL20250099560,STR004,PRD00059,1,Damaged in Transit,15692.67
RET2025002801,2025-05-01,SAL20250079828,STR008,PRD00854,2,Damaged in Transit,4711.66
RET2025002802,2025-05-10,SAL20250004477,STR032,PRD00812,1,Size/Fit Issue,3142.68
RET2025002803,2025-09-06,SAL20250007980,STR004,PRD01064,1,Damaged in Transit,155.0
RET2025002804,2025-07-15,SAL20250054650,STR037,PRD00079,1,Size/Fit Issue,19037.37
RET2025002805,2025-08-19,SAL20250054195,STR004,PRD00187,1,Size/Fit Issue,5314.8
RET2025002806,2025-01-18,SAL20250074204,STR008,PRD01019,1,Defective Item,948.07
RET2025002807,2025-06-03,SAL20250065735,STR039,PRD00624,1,Defective Item,124.7
RET2025002808,2025-12-20,SAL20250089025,STR031,PRD00898,1,Wrong Item Delivered,3032.43
RET2025002809,2025-08-13,SAL20250011515,STR016,PRD00191,1,Wrong Item Delivered,7660.03
RET2025002810,2025-06-18,SAL20250083007,STR041,PRD00428,1,Size/Fit Issue,311.12
RET2025002811,2025-03-29,SAL20250001818,STR033,PRD01155,1,Defective Item,7374.97
RET2025002812,2025-07-29,SAL20250073001,STR036,PRD00689,1,Size/Fit Issue,492.79
RET2025002813,2025-11-28,SAL20250063075,STR033,PRD00470,1,Defective Item,416.77
RET2025002814,2025-03-12,SAL20250010174,STR027,PRD00992,1,Wrong Item Delivered,439.67
RET2025002815,2025-06-06,SAL20250005181,STR015,PRD00671,1,Size/Fit Issue,327.72
RET2025002816,2025-07-02,SAL20250095824,STR013,PRD00494,1,Size/Fit Issue,893.47
RET2025002817,2025-05-31,SAL20250078960,STR031,PRD00986,1,Wrong Item Delivered,156.79
RET2025002818,2025-02-11,SAL20250083390,STR039,PRD00046,1,Wrong Item Delivered,12754.14
RET2025002819,2025-01-30,SAL20250064135,STR004,PRD00446,1,Size/Fit Issue,1037.38
RET2025002820,2025-08-11,SAL20250014691,STR011,PRD00751,1,Size/Fit Issue,3034.29
RET2025002821,2025-04-05,SAL20250032874,STR032,PRD00194,2,Customer Changed Mind,11810.24
RET2025002822,2025-09-04,SAL20250005924,STR029,PRD00297,1,Customer Changed Mind,1248.97
RET2025002823,2025-10-27,SAL20250097463,STR032,PRD00503,1,Defective Item,634.01
RET2025002824,2025-08-11,SAL20250012682,STR008,PRD00783,1,Wrong Item Delivered,2295.14
RET2025002825,2025-02-23,SAL20250046255,STR007,PRD00213,1,Defective Item,7822.44
RET2025002826,2025-12-24,SAL20250083788,STR040,PRD01087,1,Defective Item,7006.0
RET2025002827,2025-07-11,SAL20250068488,STR037,PRD00096,1,Damaged in Transit,1587.91
RET2025002828,2025-08-18,SAL20250067497,STR015,PRD01128,1,Customer Changed Mind,2522.35
RET2025002829,2025-10-14,SAL20250039692,STR038,PRD00095,1,Wrong Item Delivered,18324.65
RET2025002830,2025-12-23,SAL20250061057,STR025,PRD00792,1,Size/Fit Issue,5089.33
RET2025002831,2025-07-14,SAL20250008295,STR041,PRD00813,1,Defective Item,3086.68
RET2025002832,2025-07-07,SAL20250078801,STR032,PRD00197,1,Wrong Item Delivered,4849.89
RET2025002833,2025-11-09,SAL20250030365,STR010,PRD00370,1,Size/Fit Issue,676.23
RET2025002834,2025-01-06,SAL20250016182,STR010,PRD01004,1,Defective Item,128.91
RET2025002835,2025-03-30,SAL20250036192,STR015,PRD00535,1,Customer Changed Mind,314.95
RET2025002836,2025-01-18,SAL20250002114,STR032,PRD00667,1,Size/Fit Issue,129.77
RET2025002837,2025-08-30,SAL20250084587,STR032,PRD00659,1,Customer Changed Mind,294.97
RET2025002838,2025-10-13,SAL20250009140,STR019,PRD01044,1,Defective Item,762.23
RET2025002839,2025-12-06,SAL20250082307,STR019,PRD00546,1,Defective Item,854.43
RET2025002840,2025-07-24,SAL20250014579,STR026,PRD00983,2,Wrong Item Delivered,2015.9
RET2025002841,2025-02-03,SAL20250085776,STR004,PRD00422,3,Size/Fit Issue,656.19
RET2025002842,2025-09-15,SAL20250093082,STR004,PRD00563,1,Size/Fit Issue,667.75
RET2025002843,2025-02-04,SAL20250042852,STR037,PRD00489,1,Defective Item,850.74
RET2025002844,2025-11-27,SAL20250047042,STR015,PRD00432,1,Defective Item,845.55
RET2025002845,2025-11-24,SAL20250098894,STR027,PRD00592,1,Customer Changed Mind,365.4
RET2025002846,2025-04-11,SAL20250078937,STR002,PRD00972,1,Damaged in Transit,1079.34
RET2025002847,2025-08-16,SAL20250015565,STR031,PRD00167,2,Damaged in Transit,16820.4
RET2025002848,2025-07-24,SAL20250003020,STR036,PRD00616,2,Customer Changed Mind,1131.64
RET2025002849,2025-06-17,SAL20250097754,STR036,PRD00947,1,Wrong Item Delivered,413.13
RET2025002850,2025-01-18,SAL20250005423,STR004,PRD00520,2,Defective Item,965.38
RET2025002851,2025-11-04,SAL20250064739,STR034,PRD00706,1,Defective Item,3862.25
RET2025002852,2025-04-01,SAL20250092769,STR010,PRD00376,2,Size/Fit Issue,2952.26
RET2025002853,2025-11-11,SAL20250071804,STR035,PRD00561,1,Size/Fit Issue,111.53
RET2025002854,2025-12-19,SAL20250021789,STR014,PRD00151,1,Defective Item,5709.55
RET2025002855,2025-06-19,SAL20250034796,STR005,PRD00610,1,Defective Item,637.82
RET2025002856,2025-01-08,SAL20250082407,STR034,PRD00663,1,Size/Fit Issue,109.46
RET2025002857,2025-05-08,SAL20250018088,STR022,PRD01155,1,Defective Item,7374.97
RET2025002858,2025-03-19,SAL20250092930,STR021,PRD00965,1,Customer Changed Mind,67.67
RET2025002859,2025-07-02,SAL20250099092,STR013,PRD00056,1,Wrong Item Delivered,11452.31
RET2025002860,2025-09-08,SAL20250053443,STR030,PRD00218,1,Size/Fit Issue,7357.64
RET2025002861,2025-04-23,SAL20250038643,STR037,PRD00719,1,Wrong Item Delivered,4808.67
RET2025002862,2025-08-17,SAL20250045863,STR017,PRD00399,1,Damaged in Transit,1354.99
RET2025002863,2025-03-17,SAL20250031453,STR008,PRD00589,1,Customer Changed Mind,435.23
RET2025002864,2025-01-13,SAL20250017535,STR019,PRD00619,1,Size/Fit Issue,215.37
RET2025002865,2025-03-17,SAL20250005527,STR017,PRD01072,1,Defective Item,354.49
RET2025002866,2025-11-29,SAL20250090336,STR008,PRD00224,1,Defective Item,4670.9
RET2025002867,2025-09-21,SAL20250083601,STR012,PRD00425,1,Defective Item,878.01
RET2025002868,2025-06-05,SAL20250061219,STR026,PRD00302,1,Customer Changed Mind,486.18
RET2025002869,2025-06-11,SAL20250077876,STR040,PRD00855,1,Wrong Item Delivered,2084.62
RET2025002870,2025-06-13,SAL20250045106,STR022,PRD00337,1,Wrong Item Delivered,1047.01
RET2025002871,2025-10-29,SAL20250071726,STR029,PRD00650,3,Wrong Item Delivered,1287.69
RET2025002872,2025-04-27,SAL20250096896,STR033,PRD00817,1,Customer Changed Mind,3058.64
RET2025002873,2025-10-12,SAL20250001315,STR015,PRD00397,1,Defective Item,500.0
RET2025002874,2025-01-25,SAL20250081345,STR011,PRD00291,2,Size/Fit Issue,939.8
RET2025002875,2025-07-16,SAL20250009267,STR030,PRD01064,2,Defective Item,310.0
RET2025002876,2025-01-25,SAL20250037853,STR024,PRD00617,1,Damaged in Transit,496.18
RET2025002877,2025-11-06,SAL20250063369,STR034,PRD01061,1,Defective Item,1015.91
RET2025002878,2025-03-07,SAL20250031111,STR041,PRD00311,1,Wrong Item Delivered,936.08
RET2025002879,2025-09-08,SAL20250061938,STR005,PRD01015,1,Size/Fit Issue,771.47
RET2025002880,2025-10-06,SAL20250096962,STR004,PRD00840,1,Size/Fit Issue,2736.67
RET2025002881,2025-08-10,SAL20250011909,STR031,PRD00949,1,Customer Changed Mind,855.15
RET2025002882,2025-03-17,SAL20250037237,STR034,PRD00674,1,Damaged in Transit,2861.74
RET2025002883,2025-03-02,SAL20250007454,STR029,PRD01057,1,Damaged in Transit,52.31
RET2025002884,2025-07-12,SAL20250001650,STR001,PRD00630,1,Customer Changed Mind,612.41
RET2025002885,2025-07-26,SAL20250026397,STR038,PRD00349,1,Wrong Item Delivered,152.26
RET2025002886,2025-08-23,SAL20250036309,STR008,PRD00576,1,Customer Changed Mind,451.26
RET2025002887,2025-11-07,SAL20250089116,STR039,PRD00587,1,Customer Changed Mind,250.15
RET2025002888,2025-03-15,SAL20250068206,STR034,PRD00449,1,Size/Fit Issue,236.21
RET2025002889,2025-07-05,SAL20250029188,STR019,PRD01111,1,Customer Changed Mind,1735.9
RET2025002890,2025-07-31,SAL20250034884,STR008,PRD00123,1,Size/Fit Issue,7408.15
RET2025002891,2025-03-24,SAL20250078190,STR021,PRD00088,1,Size/Fit Issue,22406.29
RET2025002892,2025-11-01,SAL20250053237,STR012,PRD00151,1,Wrong Item Delivered,5709.55
RET2025002893,2025-08-03,SAL20250075417,STR040,PRD00724,1,Wrong Item Delivered,2856.14
RET2025002894,2025-12-08,SAL20250088349,STR006,PRD00964,1,Size/Fit Issue,842.84
RET2025002895,2025-02-21,SAL20250093953,STR009,PRD00874,1,Size/Fit Issue,3195.38
RET2025002896,2025-04-21,SAL20250074914,STR028,PRD00868,1,Wrong Item Delivered,1450.33
RET2025002897,2025-03-12,SAL20250008383,STR010,PRD00076,1,Wrong Item Delivered,13611.14
RET2025002898,2025-02-11,SAL20250036406,STR031,PRD00206,1,Size/Fit Issue,10675.4
RET2025002899,2025-06-13,SAL20250075872,STR033,PRD00471,1,Size/Fit Issue,607.66
RET2025002900,2025-08-28,SAL20250046276,STR039,PRD00723,3,Defective Item,5271.9
RET2025002901,2025-10-31,SAL20250018600,STR014,PRD00329,1,Defective Item,500.0
RET2025002902,2025-08-11,SAL20250062867,STR017,PRD00095,1,Size/Fit Issue,18324.65
RET2025002903,2025-04-30,SAL20250010227,STR020,PRD00172,2,Defective Item,14303.16
RET2025002904,2025-01-20,SAL20250079723,STR040,PRD01062,1,Defective Item,925.26
RET2025002905,2025-03-14,SAL20250093068,STR032,PRD01141,1,Size/Fit Issue,1387.21
RET2025002906,2025-04-23,SAL20250061945,STR002,PRD00510,2,Size/Fit Issue,1000.0
RET2025002907,2025-10-17,SAL20250014169,STR030,PRD00031,2,Defective Item,37264.4
RET2025002908,2025-04-03,SAL20250085843,STR011,PRD00363,1,Defective Item,1443.62
RET2025002909,2025-01-15,SAL20250006783,STR026,PRD01197,1,Size/Fit Issue,2167.83
RET2025002910,2025-11-29,SAL20250013623,STR019,PRD00970,1,Wrong Item Delivered,370.51
RET2025002911,2025-12-09,SAL20250071691,STR009,PRD00760,1,Wrong Item Delivered,4801.08
RET2025002912,2025-02-22,SAL20250088386,STR002,PRD00412,1,Defective Item,576.41
RET2025002913,2025-09-11,SAL20250089134,STR027,PRD00465,2,Defective Item,1157.6
RET2025002914,2025-08-30,SAL20250011704,STR030,PRD00723,1,Damaged in Transit,1757.3
RET2025002915,2025-09-15,SAL20250085265,STR032,PRD00195,1,Customer Changed Mind,4088.9
RET2025002916,2025-12-28,SAL20250059773,STR036,PRD00210,1,Size/Fit Issue,8463.87
RET2025002917,2025-11-25,SAL20250059545,STR005,PRD00895,1,Wrong Item Delivered,472.54
RET2025002918,2025-09-05,SAL20250028317,STR003,PRD00963,1,Customer Changed Mind,93.93
RET2025002919,2025-10-05,SAL20250060933,STR023,PRD00597,2,Defective Item,1531.1
RET2025002920,2025-09-24,SAL20250084794,STR001,PRD00552,1,Damaged in Transit,296.06
RET2025002921,2025-09-04,SAL20250025790,STR007,PRD00905,2,Defective Item,4994.04
RET2025002922,2025-10-24,SAL20250050162,STR002,PRD00028,1,Wrong Item Delivered,4027.15
RET2025002923,2025-11-12,SAL20250062773,STR012,PRD01149,1,Defective Item,4599.19
RET2025002924,2025-04-01,SAL20250025275,STR040,PRD00874,1,Defective Item,-3195.38
RET2025002925,2025-11-06,SAL20250006556,STR018,PRD01121,1,Defective Item,2103.52
RET2025002926,2025-11-28,SAL20250090679,STR006,PRD00594,1,Customer Changed Mind,129.17
RET2025002927,2025-11-11,SAL20250066028,STR016,PRD00539,1,Size/Fit Issue,69.32
RET2025002928,2025-05-14,SAL20250093081,STR026,PRD00728,3,Defective Item,15215.16
RET2025002929,2025-02-16,SAL20250089793,STR009,PRD01071,1,Customer Changed Mind,5607.68
RET2025002930,2025-07-31,SAL20250002301,STR020,PRD00282,1,Size/Fit Issue,705.96
RET2025002931,2025-10-09,SAL20250003112,STR002,PRD01134,1,Wrong Item Delivered,5914.46
RET2025002932,2025-02-21,SAL20250000420,STR035,PRD01129,1,Damaged in Transit,691.29
RET2025002933,2025-06-02,SAL20250007154,STR002,PRD00584,1,Defective Item,232.29
RET2025002934,2025-08-10,SAL20250056573,STR014,PRD01068,1,Wrong Item Delivered,5954.4
RET2025002935,2025-12-10,SAL20250057956,STR013,PRD00298,1,Defective Item,1012.57
RET2025002936,2025-07-13,SAL20250021396,STR031,PRD00087,1,Defective Item,23253.22
RET2025002937,2025-02-16,SAL20250018802,STR032,PRD00927,2,Wrong Item Delivered,1598.64
RET2025002938,2025-10-19,SAL20250074140,STR002,PRD00328,1,Defective Item,1206.9
RET2025002939,2025-11-28,SAL20250041066,STR020,PRD00297,1,Customer Changed Mind,1248.97
RET2025002940,2025-01-09,SAL20250016179,STR013,PRD00616,1,Customer Changed Mind,565.82
RET2025002941,2025-11-01,SAL20250072482,STR013,PRD00290,1,Size/Fit Issue,747.46
RET2025002942,2025-10-27,SAL20250009029,STR001,PRD00426,1,Customer Changed Mind,496.18
RET2025002943,2025-05-05,SAL20250094597,STR002,PRD00672,2,Size/Fit Issue,8855.8
RET2025002944,2025-09-19,SAL20250071707,STR033,PRD00621,1,Defective Item,335.41
RET2025002945,2025-07-26,SAL20250018171,STR031,PRD00341,1,Wrong Item Delivered,977.08
RET2025002946,2025-12-05,SAL20250043975,STR019,PRD00753,3,Defective Item,13487.61
RET2025002947,2025-05-12,SAL20250001714,STR015,PRD00099,1,Wrong Item Delivered,19924.5
RET2025002948,2025-05-13,SAL20250048499,STR035,PRD01132,1,Wrong Item Delivered,7393.47
RET2025002949,2025-02-20,SAL20250094731,STR016,PRD01020,1,Wrong Item Delivered,560.55
RET2025002950,2025-10-26,SAL20250001900,STR034,PRD00868,1,Wrong Item Delivered,1450.33
RET2025002951,2025-06-06,SAL20250019561,STR025,PRD00205,1,Customer Changed Mind,2084.53
RET2025002952,2025-07-21,SAL20250017120,STR018,PRD00457,3,Customer Changed Mind,2178.15
RET2025002953,2025-08-02,SAL20250004635,STR030,PRD01086,1,Size/Fit Issue,5541.98
RET2025002954,2025-03-19,SAL20250008506,STR009,PRD00438,1,Customer Changed Mind,638.02
RET2025002955,2025-08-13,SAL20250059558,STR005,PRD01073,1,Customer Changed Mind,4074.99
RET2025002956,2025-12-26,SAL20250065768,STR025,PRD00285,1,Defective Item,1499.26
RET2025002957,2025-05-15,SAL20250077245,STR041,PRD01104,1,Size/Fit Issue,7758.33
RET2025002958,2025-01-28,SAL20250056232,STR009,PRD00396,2,Wrong Item Delivered,1427.06
RET2025002959,2025-07-12,SAL20250036134,STR040,PRD00537,1,Defective Item,133.85
RET2025002960,2025-09-17,SAL20250050293,STR039,PRD00125,1,Defective Item,1511.82
RET2025002961,2025-06-07,SAL20250093790,STR025,PRD00118,1,Customer Changed Mind,13769.46
RET2025002962,2025-03-04,SAL20250075182,STR006,PRD00041,1,Defective Item,19732.0
RET2025002963,2025-03-10,SAL20250070676,STR038,PRD00991,1,Damaged in Transit,894.61
RET2025002964,2025-11-21,SAL20250094431,STR009,PRD00520,1,Defective Item,482.69
RET2025002965,2025-11-05,SAL20250088945,STR028,PRD01084,1,Damaged in Transit,10498.54
RET2025002966,2025-01-20,SAL20250012544,STR023,PRD00335,3,Customer Changed Mind,-3470.94
RET2025002967,2025-09-22,SAL20250060151,STR039,PRD00745,1,Wrong Item Delivered,2529.52
RET2025002968,2025-02-27,SAL20250091069,STR021,PRD00468,1,Size/Fit Issue,180.53
RET2025002969,2025-07-18,SAL20250061584,STR030,PRD00240,1,Defective Item,10596.37
RET2025002970,2025-08-07,SAL20250072747,STR001,PRD00107,2,Defective Item,9971.58
RET2025002971,2025-10-16,SAL20250091399,STR039,PRD00663,1,Damaged in Transit,109.46
RET2025002972,2025-08-02,SAL20250009845,STR032,PRD00236,2,Customer Changed Mind,11182.2
RET2025002973,2025-02-06,SAL20250009692,STR012,PRD00073,1,Defective Item,23649.92
RET2025002974,2025-09-18,SAL20250082817,STR040,PRD00683,1,Defective Item,794.15
RET2025002975,2025-09-10,SAL20250025372,STR001,PRD00837,1,Customer Changed Mind,4012.56
RET2025002976,2025-07-12,SAL20250075060,STR039,PRD00324,1,Wrong Item Delivered,1095.89
RET2025002977,2025-06-08,SAL20250005675,STR039,PRD00247,1,Defective Item,8119.57
RET2025002978,2025-06-12,SAL20250034291,STR024,PRD00492,1,Defective Item,431.72
RET2025002979,2025-12-20,SAL20250059375,STR030,PRD00917,1,Wrong Item Delivered,1441.59
RET2025002980,2025-07-31,SAL20250072706,STR018,PRD01107,1,Customer Changed Mind,1600.76
RET2025002981,2025-02-17,SAL20250030535,STR019,PRD00155,1,Defective Item,2214.51
RET2025002982,2025-11-25,SAL20250051491,STR028,PRD00123,1,Wrong Item Delivered,7408.15
RET2025002983,2025-06-30,SAL20250089291,STR024,PRD00358,1,Damaged in Transit,873.37
RET2025002984,2025-11-27,SAL20250009868,STR016,PRD00666,2,Size/Fit Issue,448.86
RET2025002985,2025-04-06,SAL20250089750,STR028,PRD00451,1,Size/Fit Issue,641.37
RET2025002986,2025-10-05,SAL20250016653,STR025,PRD00186,1,Size/Fit Issue,7826.08
RET2025002987,2025-05-19,SAL20250055967,STR038,PRD00876,2,Wrong Item Delivered,5271.36
RET2025002988,2025-05-14,SAL20250096098,STR030,PRD00401,1,Customer Changed Mind,743.9
RET2025002989,2025-06-20,SAL20250069162,STR038,PRD01157,1,Customer Changed Mind,8076.82
RET2025002990,2025-09-02,SAL20250036816,STR024,PRD00936,2,Defective Item,1929.16
RET2025002991,2025-09-18,SAL20250089556,STR013,PRD00773,1,Customer Changed Mind,733.06
RET2025002992,2025-12-11,SAL20250081425,STR011,PRD00109,1,Defective Item,12280.41
RET2025002993,2025-03-24,SAL20250067513,STR031,PRD01166,1,Customer Changed Mind,3220.85
RET2025002994,2025-05-13,SAL20250043297,STR024,PRD00719,2,Size/Fit Issue,9617.34
RET2025002995,2025-05-03,SAL20250036671,STR041,PRD00994,1,Size/Fit Issue,1224.56
RET2025002996,2025-09-07,SAL20250009623,STR028,PRD00902,1,Size/Fit Issue,258.19
RET2025002997,2025-05-26,SAL20250075042,STR026,PRD00935,1,Defective Item,821.43
RET2025002998,2025-03-01,SAL20250031814,STR041,PRD00079,1,Size/Fit Issue,19037.37
RET2025002999,2025-07-27,SAL20250031672,STR017,PRD00796,1,Wrong Item Delivered,462.4
RET2025003000,2025-12-02,SAL20250019048,STR028,PRD00563,1,Defective Item,667.75
RET2025003001,2025-08-28,SAL20250001962,STR035,PRD00764,1,Customer Changed Mind,3332.71
RET2025003002,2025-06-02,SAL20250016398,STR032,PRD00568,3,Defective Item,1397.64
RET2025003003,2025-10-11,SAL20250032475,STR009,PRD01061,1,Defective Item,1015.91
RET2025003004,2025-09-25,SAL20250085858,STR016,PRD00511,1,Customer Changed Mind,709.29
RET2025003005,2025-08-28,SAL20250021900,STR030,PRD00410,1,Defective Item,245.81
RET2025003006,2025-08-07,SAL20250063423,STR018,PRD00305,1,Customer Changed Mind,1134.36
RET2025003007,2025-03-10,SAL20250031513,STR020,PRD00309,1,Defective Item,1344.75
RET2025003008,2025-12-05,SAL20250074256,STR016,PRD00664,1,Customer Changed Mind,181.84
RET2025003009,2025-11-26,SAL20250009538,STR025,PRD00758,1,Defective Item,4375.02
RET2025003010,2025-07-14,SAL20250073289,STR016,PRD00104,1,Size/Fit Issue,21587.41
RET2025003011,2025-01-16,SAL20250042131,STR036,PRD01187,1,Defective Item,5464.91
RET2025003012,2025-12-08,SAL20250025099,STR033,PRD00912,1,Size/Fit Issue,532.47
RET2025003013,2025-05-20,SAL20250077195,STR031,PRD01032,1,Wrong Item Delivered,117.65
RET2025003014,2025-09-26,SAL20250077739,STR010,PRD00369,1,Defective Item,1020.79
RET2025003015,2025-11-13,SAL20250055787,STR026,PRD00634,1,Defective Item,509.03
RET2025003016,2025-02-28,SAL20250094721,STR034,PRD00767,1,Defective Item,2122.92
RET2025003017,2025-04-01,SAL20250008675,STR016,PRD00726,1,Defective Item,2171.72
RET2025003018,2025-12-28,SAL20250095569,STR023,PRD00187,1,Wrong Item Delivered,5314.8
RET2025003019,2025-08-01,SAL20250014343,STR037,PRD00340,1,Defective Item,956.64
RET2025003020,2025-08-24,SAL20250089704,STR041,PRD00511,1,Defective Item,709.29
RET2025003021,2025-06-11,SAL20250076331,STR035,PRD00349,1,Defective Item,152.26
RET2025003022,2025-09-08,SAL20250016873,STR007,PRD01168,1,Size/Fit Issue,4286.69
RET2025003023,2025-03-17,SAL20250047357,STR027,PRD00296,1,Size/Fit Issue,250.04
RET2025003024,2025-07-12,SAL20250060262,STR001,PRD00369,1,Damaged in Transit,1020.79
RET2025003025,2025-04-27,SAL20250062313,STR037,PRD00617,1,Customer Changed Mind,496.18
RET2025003026,2025-12-31,SAL20250022264,STR038,PRD01050,2,Wrong Item Delivered,1124.24
RET2025003027,2025-01-08,SAL20250032690,STR040,PRD00184,3,Size/Fit Issue,10696.44
RET2025003028,2025-11-19,SAL20250001965,STR034,PRD00506,1,Size/Fit Issue,725.03
RET2025003029,2025-11-29,SAL20250013618,STR008,PRD00270,2,Defective Item,2427.02
RET2025003030,2025-09-16,SAL20250011369,STR006,PRD00561,2,Damaged in Transit,223.06
RET2025003031,2025-06-11,SAL20250019348,STR031,PRD00784,1,Size/Fit Issue,1985.25
RET2025003032,2025-03-24,SAL20250060638,STR035,PRD00973,1,Damaged in Transit,291.44
RET2025003033,2025-04-06,SAL20250042017,STR025,PRD00729,1,Defective Item,3595.95
RET2025003034,2025-06-11,SAL20250097706,STR009,PRD00945,1,Defective Item,871.49
RET2025003035,2025-03-06,SAL20250072936,STR029,PRD00430,1,Wrong Item Delivered,129.33
RET2025003036,2025-06-22,SAL20250021802,STR040,PRD00436,1,Wrong Item Delivered,630.05
RET2025003037,2025-01-06,SAL20250092053,STR027,PRD00841,1,Defective Item,1965.17
RET2025003038,2025-04-30,SAL20250090922,STR005,PRD00855,1,Defective Item,2084.62
RET2025003039,2025-11-24,SAL20250021021,STR022,PRD00255,1,Customer Changed Mind,3159.1
RET2025003040,2025-01-17,SAL20250075780,STR002,PRD00737,1,Damaged in Transit,1053.41
RET2025003041,2025-07-15,SAL20250063526,STR037,PRD00261,2,Wrong Item Delivered,16666.88
RET2025003042,2025-10-03,SAL20250053727,STR018,PRD00814,2,Wrong Item Delivered,6530.34
RET2025003043,2025-02-02,SAL20250078692,STR010,PRD00206,1,Defective Item,10675.4
RET2025003044,2025-06-09,SAL20250073448,STR024,PRD00098,2,Defective Item,26272.44
RET2025003045,2025-08-21,SAL20250038602,STR009,PRD00154,1,Wrong Item Delivered,614.66
RET2025003046,2025-08-20,SAL20250084537,STR021,PRD00320,1,Customer Changed Mind,273.23
RET2025003047,2025-11-26,SAL20250044812,STR010,PRD01015,1,Size/Fit Issue,771.47
RET2025003048,2025-04-23,SAL20250014605,STR013,PRD00882,1,Wrong Item Delivered,3706.7
RET2025003049,2025-03-07,SAL20250096439,STR003,PRD00021,1,Size/Fit Issue,1822.47
RET2025003050,2025-08-14,SAL20250077848,STR008,PRD00575,1,Wrong Item Delivered,90.77
RET2025003051,2025-09-09,SAL20250015508,STR038,PRD00260,1,Size/Fit Issue,8853.62
RET2025003052,2025-11-12,SAL20250097030,STR021,PRD00917,1,Damaged in Transit,1441.59
RET2025003053,2025-03-08,SAL20250054715,STR004,PRD00409,1,Customer Changed Mind,950.85
RET2025003054,2025-12-19,SAL20250046636,STR013,PRD00938,2,Wrong Item Delivered,1245.14
RET2025003055,2025-02-04,SAL20250007016,STR024,PRD00298,1,Damaged in Transit,1012.57
RET2025003056,2025-08-23,SAL20250034270,STR020,PRD01176,1,Customer Changed Mind,5880.6
RET2025003057,2025-12-17,SAL20250097802,STR022,PRD00629,1,Customer Changed Mind,197.41
RET2025003058,2025-08-24,SAL20250003225,STR035,PRD00849,1,Customer Changed Mind,315.58
RET2025003059,2025-07-25,SAL20250097936,STR024,PRD00138,1,Defective Item,3460.02
RET2025003060,2025-02-23,SAL20250060381,STR028,PRD00640,1,Defective Item,209.4
RET2025003061,2025-08-11,SAL20250021375,STR036,PRD00626,2,Defective Item,251.8
RET2025003062,2025-07-26,SAL20250052635,STR033,PRD01112,1,Customer Changed Mind,3077.42
RET2025003063,2025-02-08,SAL20250075937,STR005,PRD00395,1,Size/Fit Issue,562.56
RET2025003064,2025-05-03,SAL20250070673,STR006,PRD00014,1,Customer Changed Mind,5918.05
RET2025003065,2025-11-11,SAL20250006432,STR019,PRD00946,1,Defective Item,937.06
RET2025003066,2025-06-26,SAL20250053909,STR041,PRD00137,1,Defective Item,8245.04
RET2025003067,2025-08-05,SAL20250096506,STR039,PRD00719,1,Defective Item,4808.67
RET2025003068,2025-03-18,SAL20250021695,STR011,PRD00409,1,Defective Item,950.85
RET2025003069,2025-07-30,SAL20250028714,STR021,PRD00961,1,Damaged in Transit,294.28
RET2025003070,2025-07-16,SAL20250018726,STR009,PRD00922,1,Wrong Item Delivered,953.09
RET2025003071,2025-05-01,SAL20250005148,STR021,PRD00065,1,Wrong Item Delivered,10562.87
RET2025003072,2025-06-27,SAL20250022819,STR032,PRD00585,1,Defective Item,401.86
RET2025003073,2025-11-03,SAL20250079661,STR007,PRD00856,1,Defective Item,1871.17
RET2025003074,2025-03-08,SAL20250032314,STR015,PRD00149,1,Defective Item,3024.83
RET2025003075,2025-11-08,SAL20250049746,STR026,PRD00529,2,Defective Item,1138.54
RET2025003076,2025-01-29,SAL20250017632,STR004,PRD00957,1,Wrong Item Delivered,157.86
RET2025003077,2025-01-25,SAL20250086650,STR014,PRD00286,1,Damaged in Transit,390.77
RET2025003078,2025-08-05,SAL20250088477,STR029,PRD00560,1,Size/Fit Issue,314.33
RET2025003079,2025-07-17,SAL20250029968,STR036,PRD01006,2,Defective Item,1698.94
RET2025003080,2025-11-17,SAL20250059154,STR039,PRD01169,2,Defective Item,13250.46
RET2025003081,2025-03-29,SAL20250030923,STR039,PRD00149,1,Wrong Item Delivered,3024.83
RET2025003082,2025-07-26,SAL20250032038,STR018,PRD00227,1,Wrong Item Delivered,5367.28
RET2025003083,2025-04-15,SAL20250076016,STR039,PRD00083,1,Defective Item,9369.31
RET2025003084,2025-09-03,SAL20250005740,STR032,PRD00088,1,Defective Item,22406.29
RET2025003085,2025-11-26,SAL20250040384,STR011,PRD00441,1,Defective Item,853.01
RET2025003086,2025-04-22,SAL20250059890,STR032,PRD01115,3,Defective Item,14531.61
RET2025003087,2025-10-08,SAL20250055886,STR011,PRD00112,1,Wrong Item Delivered,3948.48
RET2025003088,2025-06-16,SAL20250022504,STR029,PRD00519,1,Defective Item,818.33
RET2025003089,2025-02-10,SAL20250049674,STR017,PRD00625,1,Defective Item,629.94
RET2025003090,2025-07-05,SAL20250083795,STR010,PRD01171,1,Damaged in Transit,6541.96
RET2025003091,2025-06-10,SAL20250088548,STR010,PRD00169,1,Customer Changed Mind,8761.68
RET2025003092,2025-01-17,SAL20250053411,STR022,PRD00092,1,Defective Item,6575.52
RET2025003093,2025-11-20,SAL20250042297,STR002,PRD00168,1,Wrong Item Delivered,8820.25
RET2025003094,2025-11-19,SAL20250008117,STR005,PRD01173,1,Wrong Item Delivered,1034.88
RET2025003095,2025-05-11,SAL20250094459,STR035,PRD00767,1,Wrong Item Delivered,2122.92
RET2025003096,2025-09-12,SAL20250035004,STR038,PRD01089,1,Defective Item,8670.13
RET2025003097,2025-10-10,SAL20250076246,STR021,PRD00272,3,Defective Item,1831.56
RET2025003098,2025-12-28,SAL20250090256,STR014,PRD00477,1,Defective Item,121.21
RET2025003099,2025-08-28,SAL20250095469,STR025,PRD00907,1,Defective Item,1536.02
RET2025003100,2025-02-08,SAL20250021915,STR015,PRD00160,1,Customer Changed Mind,7937.44
RET2025003101,2025-05-18,SAL20250045271,STR004,PRD01162,1,Defective Item,3657.07
RET2025003102,2025-11-04,SAL20250019993,STR001,PRD00694,1,Damaged in Transit,3202.51
RET2025003103,2025-08-30,SAL20250098784,STR040,PRD00010,1,Defective Item,14520.45
RET2025003104,2025-11-08,SAL20250070136,STR022,PRD00422,3,Customer Changed Mind,656.19
RET2025003105,2025-11-17,SAL20250014918,STR002,PRD01139,1,Wrong Item Delivered,4060.77
RET2025003106,2025-02-21,SAL20250092020,STR009,PRD00907,1,Wrong Item Delivered,1536.02
RET2025003107,2025-04-24,SAL20250036403,STR028,PRD01141,2,Wrong Item Delivered,2774.42
RET2025003108,2025-09-19,SAL20250045216,STR033,PRD00522,1,Wrong Item Delivered,1139.79
RET2025003109,2025-05-05,SAL20250085175,STR018,PRD00574,1,Damaged in Transit,560.83
RET2025003110,2025-09-18,SAL20250082866,STR003,PRD01018,1,Defective Item,139.93
RET2025003111,2025-03-10,SAL20250081499,STR025,PRD00178,1,Customer Changed Mind,9669.95
RET2025003112,2025-06-01,SAL20250051232,STR023,PRD00001,1,Defective Item,21322.84
RET2025003113,2025-02-24,SAL20250012782,STR028,PRD00706,1,Customer Changed Mind,3862.25
RET2025003114,2025-08-12,SAL20250082081,STR012,PRD00192,1,Defective Item,3362.18
RET2025003115,2025-04-10,SAL20250005155,STR002,PRD00272,1,Customer Changed Mind,610.52
RET2025003116,2025-03-24,SAL20250031181,STR032,PRD00209,1,Defective Item,4015.2
RET2025003117,2025-08-07,SAL20250030264,STR032,PRD00628,1,Damaged in Transit,365.09
RET2025003118,2025-07-03,SAL20250042965,STR015,PRD00572,1,Size/Fit Issue,728.84
RET2025003119,2025-08-03,SAL20250031154,STR039,PRD00840,1,Customer Changed Mind,2736.67
RET2025003120,2025-07-17,SAL20250086486,STR028,PRD01004,1,Defective Item,128.91
RET2025003121,2025-03-02,SAL20250013116,STR040,PRD01190,1,Customer Changed Mind,7433.72
RET2025003122,2025-09-20,SAL20250088440,STR033,PRD00991,1,Size/Fit Issue,894.61
RET2025003123,2025-02-24,SAL20250062039,STR012,PRD00825,1,Defective Item,2419.3
RET2025003124,2025-09-08,SAL20250033572,STR014,PRD00396,2,Customer Changed Mind,1427.06
RET2025003125,2025-01-09,SAL20250076482,STR036,PRD00437,2,Defective Item,640.42
RET2025003126,2025-07-24,SAL20250066827,STR002,PRD00094,1,Defective Item,15405.56
RET2025003127,2025-01-29,SAL20250044360,STR006,PRD00726,1,Defective Item,2171.72
RET2025003128,2025-10-23,SAL20250014299,STR017,PRD00344,1,Customer Changed Mind,702.67
RET2025003129,2025-06-04,SAL20250054182,STR020,PRD00790,2,Damaged in Transit,2758.7
RET2025003130,2025-02-10,SAL20250001097,STR023,PRD00024,1,Defective Item,23723.95
RET2025003131,2025-03-12,SAL20250095535,STR027,PRD01164,1,Wrong Item Delivered,2114.79
RET2025003132,2025-11-26,SAL20250037251,STR032,PRD00179,1,Size/Fit Issue,5253.14
RET2025003133,2025-02-18,SAL20250098823,STR040,PRD00954,1,Customer Changed Mind,1090.11
RET2025003134,2025-06-01,SAL20250081110,STR030,PRD00758,1,Defective Item,4375.02
RET2025003135,2025-02-25,SAL20250078386,STR033,PRD00611,1,Size/Fit Issue,51.03
RET2025003136,2025-02-21,SAL20250040301,STR031,PRD00194,1,Damaged in Transit,5905.12
RET2025003137,2025-10-28,SAL20250045078,STR011,PRD01156,1,Damaged in Transit,3916.29
RET2025003138,2025-11-15,SAL20250065812,STR010,PRD00856,1,Size/Fit Issue,1871.17
RET2025003139,2025-06-25,SAL20250034610,STR033,PRD00167,2,Defective Item,16820.4
RET2025003140,2025-05-30,SAL20250033472,STR017,PRD00289,1,Defective Item,1047.34
RET2025003141,2025-12-09,SAL20250090815,STR035,PRD00727,1,Size/Fit Issue,737.62
RET2025003142,2025-07-15,SAL20250027015,STR040,PRD00054,1,Defective Item,16291.52
RET2025003143,2025-12-19,SAL20250002455,STR016,PRD00204,1,Wrong Item Delivered,3776.34
RET2025003144,2025-10-14,SAL20250067071,STR013,PRD00749,1,Damaged in Transit,4060.84
RET2025003145,2025-03-28,SAL20250089079,STR019,PRD00460,2,Customer Changed Mind,1632.6
RET2025003146,2025-02-05,SAL20250078353,STR001,PRD01026,1,Wrong Item Delivered,512.0
RET2025003147,2025-03-13,SAL20250036988,STR009,PRD00776,1,Defective Item,1145.74
RET2025003148,2025-06-25,SAL20250033511,STR009,PRD00073,1,Damaged in Transit,23649.92
RET2025003149,2025-12-04,SAL20250077631,STR018,PRD00897,1,Defective Item,3626.87
RET2025003150,2025-08-16,SAL20250093625,STR019,PRD00351,1,Customer Changed Mind,802.18
RET2025003151,2025-07-29,SAL20250041953,STR038,PRD00098,1,Size/Fit Issue,13136.22
RET2025003152,2025-01-29,SAL20250001890,STR016,PRD00048,2,Defective Item,53327.7
RET2025003153,2025-12-09,SAL20250065767,STR035,PRD00550,1,Size/Fit Issue,639.85
RET2025003154,2025-02-25,SAL20250030041,STR028,PRD00436,1,Defective Item,630.05
RET2025003155,2025-05-22,SAL20250056592,STR014,PRD00440,1,Damaged in Transit,366.81
RET2025003156,2025-09-12,SAL20250057394,STR028,PRD00941,1,Size/Fit Issue,737.4
RET2025003157,2025-12-15,SAL20250040041,STR021,PRD01099,3,Defective Item,12728.1
RET2025003158,2025-09-10,SAL20250065485,STR012,PRD00838,1,Size/Fit Issue,1522.8
RET2025003159,2025-02-10,SAL20250061242,STR015,PRD01116,1,Customer Changed Mind,792.37
RET2025003160,2025-04-04,SAL20250066413,STR016,PRD00420,1,Defective Item,876.02
RET2025003161,2025-08-13,SAL20250058447,STR010,PRD01093,1,Defective Item,4476.19
RET2025003162,2025-04-27,SAL20250054393,STR012,PRD00599,1,Size/Fit Issue,273.52
RET2025003163,2025-06-11,SAL20250098983,STR029,PRD00916,1,Size/Fit Issue,3924.97
RET2025003164,2025-03-11,SAL20250024310,STR001,PRD00398,1,Wrong Item Delivered,358.79
RET2025003165,2025-12-01,SAL20250098589,STR029,PRD00108,1,Defective Item,22607.14
RET2025003166,2025-12-17,SAL20250044780,STR032,PRD00129,2,Defective Item,39195.24
RET2025003167,2025-03-27,SAL20250086854,STR033,PRD00248,1,Damaged in Transit,9547.84
RET2025003168,2025-05-03,SAL20250008289,STR002,PRD00848,1,Size/Fit Issue,2441.1
RET2025003169,2025-03-26,SAL20250052746,STR011,PRD00998,1,Defective Item,883.36
RET2025003170,2025-09-12,SAL20250088031,STR040,PRD01055,1,Defective Item,428.04
RET2025003171,2025-02-16,SAL20250060081,STR024,PRD00254,1,Defective Item,11020.14
RET2025003172,2025-09-28,SAL20250066263,STR027,PRD00837,1,Defective Item,4012.56
RET2025003173,2025-11-02,SAL20250039786,STR030,PRD00063,1,Defective Item,19546.78
RET2025003174,2025-12-14,SAL20250057290,STR010,PRD00073,1,Damaged in Transit,23649.92
RET2025003175,2025-06-16,SAL20250007580,STR006,PRD00348,1,Wrong Item Delivered,1231.54
RET2025003176,2025-02-06,SAL20250069476,STR025,PRD00196,1,Wrong Item Delivered,3177.64
RET2025003177,2025-06-16,SAL20250097321,STR006,PRD01166,1,Defective Item,3220.85
RET2025003178,2025-04-11,SAL20250064707,STR038,PRD01024,1,Size/Fit Issue,129.44
RET2025003179,2025-10-13,SAL20250010078,STR026,PRD01122,1,Defective Item,6526.26
RET2025003180,2025-11-15,SAL20250048948,STR034,PRD00278,1,Defective Item,439.84
RET2025003181,2025-01-29,SAL20250004497,STR040,PRD00314,1,Size/Fit Issue,610.16
RET2025003182,2025-02-13,SAL20250075734,STR005,PRD00349,1,Defective Item,152.26
RET2025003183,2025-02-15,SAL20250001172,STR032,PRD01164,1,Damaged in Transit,2114.79
RET2025003184,2025-02-17,SAL20250008007,STR016,PRD00304,1,Wrong Item Delivered,1052.14
RET2025003185,2025-10-25,SAL20250028178,STR006,PRD00017,1,Defective Item,6386.7
RET2025003186,2025-09-18,SAL20250037991,STR020,PRD00039,1,Customer Changed Mind,8380.37
RET2025003187,2025-01-22,SAL20250029784,STR036,PRD00061,1,Wrong Item Delivered,7691.1
RET2025003188,2025-05-01,SAL20250032530,STR018,PRD00467,1,Defective Item,528.8
RET2025003189,2025-07-21,SAL20250044352,STR036,PRD00344,1,Wrong Item Delivered,702.67
RET2025003190,2025-01-08,SAL20250072462,STR026,PRD00013,1,Defective Item,17378.5
RET2025003191,2025-04-16,SAL20250043037,STR005,PRD00813,1,Defective Item,3086.68
RET2025003192,2025-02-23,SAL20250062851,STR026,PRD00833,1,Size/Fit Issue,1761.67
RET2025003193,2025-07-05,SAL20250038949,STR025,PRD00354,1,Wrong Item Delivered,1099.31
RET2025003194,2025-04-16,SAL20250039070,STR040,PRD00816,1,Customer Changed Mind,1448.92
RET2025003195,2025-02-27,SAL20250099245,STR037,PRD00891,1,Size/Fit Issue,506.36
RET2025003196,2025-06-12,SAL20250091775,STR002,PRD00425,1,Customer Changed Mind,878.01
RET2025003197,2025-08-15,SAL20250075104,STR031,PRD00992,1,Wrong Item Delivered,439.67
RET2025003198,2025-04-12,SAL20250075136,STR036,PRD00095,2,Defective Item,36649.3
RET2025003199,2025-04-16,SAL20250006981,STR029,PRD00928,1,Defective Item,2503.87
RET2025003200,2025-11-04,SAL20250095309,STR005,PRD00707,1,Defective Item,2433.38
RET2025003201,2025-07-06,SAL20250071611,STR007,PRD00263,1,Size/Fit Issue,3207.01
RET2025003202,2025-08-24,SAL20250028976,STR041,PRD00108,1,Wrong Item Delivered,22607.14
RET2025003203,2025-01-20,SAL20250012224,STR033,PRD01003,1,Wrong Item Delivered,278.9
RET2025003204,2025-05-26,SAL20250043318,STR035,PRD00825,1,Wrong Item Delivered,2419.3
RET2025003205,2025-11-10,SAL20250059631,STR001,PRD00846,1,Defective Item,1551.36
RET2025003206,2025-05-18,SAL20250017185,STR004,PRD00470,1,Wrong Item Delivered,416.77
RET2025003207,2025-04-03,SAL20250008952,STR029,PRD00040,2,Wrong Item Delivered,53351.08
RET2025003208,2025-09-13,SAL20250071670,STR015,PRD00273,1,Defective Item,1306.29
RET2025003209,2025-11-28,SAL20250021772,STR023,PRD00022,1,Wrong Item Delivered,22149.39
RET2025003210,2025-02-17,SAL20250092855,STR041,PRD00347,1,Wrong Item Delivered,1133.22
RET2025003211,2025-08-19,SAL20250091297,STR028,PRD01158,1,Wrong Item Delivered,7747.18
RET2025003212,2025-02-28,SAL20250029558,STR036,PRD01024,2,Wrong Item Delivered,258.88
RET2025003213,2025-04-21,SAL20250031844,STR033,PRD00679,1,Size/Fit Issue,2876.53
RET2025003214,2025-09-02,SAL20250000288,STR033,PRD01017,1,Defective Item,1092.19
RET2025003215,2025-03-29,SAL20250099097,STR028,PRD00404,2,Damaged in Transit,1390.92
RET2025003216,2025-04-12,SAL20250083769,STR036,PRD01056,1,Defective Item,449.88
RET2025003217,2025-01-14,SAL20250054383,STR032,PRD01197,3,Size/Fit Issue,6503.49
RET2025003218,2025-11-13,SAL20250082323,STR032,PRD00722,1,Size/Fit Issue,2039.88
RET2025003219,2025-08-16,SAL20250072188,STR003,PRD01124,1,Wrong Item Delivered,4813.39
RET2025003220,2025-07-14,SAL20250066658,STR014,PRD00887,1,Wrong Item Delivered,2006.5
RET2025003221,2025-02-16,SAL20250014539,STR016,PRD00926,1,Defective Item,683.78
RET2025003222,2025-11-02,SAL20250098294,STR029,PRD00783,1,Defective Item,2295.14
RET2025003223,2025-11-28,SAL20250014550,STR020,PRD01185,1,Size/Fit Issue,2223.59
RET2025003224,2025-07-24,SAL20250095276,STR001,PRD00712,1,Defective Item,1580.0
RET2025003225,2025-03-26,SAL20250000338,STR032,PRD00013,1,Size/Fit Issue,17378.5
RET2025003226,2025-09-28,SAL20250027087,STR001,PRD00891,1,Defective Item,506.36
RET2025003227,2025-07-29,SAL20250014456,STR006,PRD00056,1,Defective Item,11452.31
RET2025003228,2025-10-22,SAL20250004406,STR002,PRD01115,1,Damaged in Transit,4843.87
RET2025003229,2025-05-11,SAL20250082328,STR036,PRD00018,1,Size/Fit Issue,13116.16
RET2025003230,2025-11-18,SAL20250094529,STR023,PRD00627,1,Size/Fit Issue,670.0
RET2025003231,2025-07-11,SAL20250005265,STR018,PRD00183,1,Defective Item,6835.62
RET2025003232,2025-10-10,SAL20250061446,STR027,PRD00131,2,Defective Item,23897.22
RET2025003233,2025-01-11,SAL20250068546,STR001,PRD01083,2,Defective Item,17983.06
RET2025003234,2025-09-24,SAL20250022866,STR026,PRD00244,1,Customer Changed Mind,9135.72
RET2025003235,2025-10-25,SAL20250013377,STR012,PRD00867,1,Size/Fit Issue,798.49
RET2025003236,2025-05-01,SAL20250067287,STR014,PRD00125,1,Size/Fit Issue,1511.82
RET2025003237,2025-03-10,SAL20250059958,STR025,PRD00198,1,Damaged in Transit,4266.35
RET2025003238,2025-06-10,SAL20250066375,STR010,PRD00249,1,Defective Item,4858.0
RET2025003239,2025-03-26,SAL20250069143,STR031,PRD00049,1,Damaged in Transit,4540.51
RET2025003240,2025-12-12,SAL20250071346,STR022,PRD00818,1,Customer Changed Mind,2330.04
RET2025003241,2025-04-04,SAL20250097715,STR008,PRD01187,2,Size/Fit Issue,10929.82
RET2025003242,2025-06-30,SAL20250054167,STR003,PRD00444,1,Defective Item,347.0
RET2025003243,2025-03-28,SAL20250023195,STR033,PRD00059,1,Customer Changed Mind,15692.67
RET2025003244,2025-05-20,SAL20250052521,STR027,PRD01046,1,Wrong Item Delivered,946.12
RET2025003245,2025-05-06,SAL20250071028,STR004,PRD00882,1,Damaged in Transit,3706.7
RET2025003246,2025-07-11,SAL20250009250,STR036,PRD00230,1,Size/Fit Issue,11424.91
RET2025003247,2025-02-27,SAL20250089185,STR001,PRD00878,1,Size/Fit Issue,1229.84
RET2025003248,2025-11-17,SAL20250027492,STR040,PRD00231,1,Customer Changed Mind,9171.94
RET2025003249,2025-06-27,SAL20250012576,STR020,PRD00697,1,Size/Fit Issue,1377.61
RET2025003250,2025-04-21,SAL20250050421,STR028,PRD00221,2,Size/Fit Issue,18460.74
RET2025003251,2025-05-06,SAL20250065924,STR038,PRD01035,1,Damaged in Transit,199.19
RET2025003252,2025-12-08,SAL20250031777,STR021,PRD00874,1,Defective Item,3195.38
RET2025003253,2025-07-23,SAL20250019865,STR015,PRD00333,1,Defective Item,1043.83
RET2025003254,2025-07-11,SAL20250010617,STR033,PRD00547,1,Defective Item,105.91
RET2025003255,2025-08-03,SAL20250007970,STR017,PRD00320,1,Wrong Item Delivered,273.23
RET2025003256,2025-12-23,SAL20250023443,STR008,PRD01081,1,Defective Item,7442.0
RET2025003257,2025-09-28,SAL20250093135,STR035,PRD00821,1,Wrong Item Delivered,2784.44
RET2025003258,2025-05-08,SAL20250094279,STR007,PRD01130,1,Wrong Item Delivered,3164.31
RET2025003259,2025-12-18,SAL20250070693,STR012,PRD00732,1,Defective Item,4150.55
RET2025003260,2025-01-26,SAL20250077340,STR036,PRD00205,1,Size/Fit Issue,2084.53
RET2025003261,2025-11-18,SAL20250012037,STR029,PRD00154,1,Wrong Item Delivered,614.66
RET2025003262,2025-12-06,SAL20250073543,STR040,PRD00765,1,Size/Fit Issue,1419.48
RET2025003263,2025-02-07,SAL20250037114,STR035,PRD00773,1,Customer Changed Mind,733.06
RET2025003264,2025-03-09,SAL20250039259,STR016,PRD00521,1,Defective Item,947.8
RET2025003265,2025-03-06,SAL20250018861,STR020,PRD00911,1,Customer Changed Mind,807.88
RET2025003266,2025-02-11,SAL20250009222,STR022,PRD00601,1,Customer Changed Mind,50.1
RET2025003267,2025-09-09,SAL20250096088,STR029,PRD00436,3,Defective Item,1890.15
RET2025003268,2025-07-21,SAL20250027481,STR009,PRD00885,1,Customer Changed Mind,1948.54
RET2025003269,2025-11-03,SAL20250015132,STR031,PRD00574,1,Size/Fit Issue,560.83
RET2025003270,2025-10-16,SAL20250054887,STR038,PRD00459,1,Defective Item,918.25
RET2025003271,2025-04-10,SAL20250065843,STR027,PRD00421,1,Customer Changed Mind,579.98
RET2025003272,2025-03-13,SAL20250089906,STR027,PRD00839,1,Damaged in Transit,2839.58
RET2025003273,2025-05-24,SAL20250004430,STR021,PRD00370,1,Size/Fit Issue,676.23
RET2025003274,2025-01-10,SAL20250025710,STR041,PRD01002,1,Defective Item,98.3
RET2025003275,2025-06-29,SAL20250044399,STR039,PRD00299,1,Defective Item,1362.69
RET2025003276,2025-05-25,SAL20250006334,STR024,PRD00027,1,Wrong Item Delivered,21177.44
RET2025003277,2025-12-07,SAL20250013185,STR012,PRD00367,2,Size/Fit Issue,900.06
RET2025003278,2025-01-28,SAL20250075620,STR030,PRD01074,1,Defective Item,6150.42
RET2025003279,2025-05-31,SAL20250085110,STR022,PRD00813,1,Defective Item,3086.68
RET2025003280,2025-08-26,SAL20250002218,STR024,PRD00140,3,Customer Changed Mind,19134.18
RET2025003281,2025-09-29,SAL20250072125,STR019,PRD00746,1,Wrong Item Delivered,2299.94
RET2025003282,2025-07-25,SAL20250031376,STR013,PRD00545,1,Wrong Item Delivered,450.85
RET2025003283,2025-01-27,SAL20250057939,STR028,PRD00562,2,Defective Item,1342.7
RET2025003284,2025-05-09,SAL20250042450,STR005,PRD00260,2,Wrong Item Delivered,17707.24
RET2025003285,2025-02-11,SAL20250009478,STR034,PRD00480,1,Customer Changed Mind,103.25
RET2025003286,2025-08-29,SAL20250081649,STR001,PRD00746,1,Defective Item,2299.94
RET2025003287,2025-04-08,SAL20250033029,STR031,PRD00399,1,Defective Item,1354.99
RET2025003288,2025-09-10,SAL20250001772,STR029,PRD00972,1,Size/Fit Issue,1079.34
RET2025003289,2025-02-23,SAL20250083594,STR008,PRD00972,2,Wrong Item Delivered,2158.68
RET2025003290,2025-07-16,SAL20250034879,STR011,PRD00682,1,Defective Item,3799.71
RET2025003291,2025-05-11,SAL20250051519,STR028,PRD00471,1,Wrong Item Delivered,607.66
RET2025003292,2025-08-16,SAL20250011645,STR028,PRD00023,1,Size/Fit Issue,6541.47
RET2025003293,2025-04-13,SAL20250024333,STR034,PRD00884,2,Wrong Item Delivered,3554.1
RET2025003294,2025-03-14,SAL20250003551,STR039,PRD00287,1,Wrong Item Delivered,550.08
RET2025003295,2025-03-03,SAL20250057202,STR011,PRD00651,2,Defective Item,737.6
RET2025003296,2025-07-28,SAL20250099236,STR040,PRD00427,2,Size/Fit Issue,1116.88
RET2025003297,2025-08-31,SAL20250039646,STR038,PRD00898,1,Size/Fit Issue,3032.43
RET2025003298,2025-01-27,SAL20250098995,STR016,PRD00747,2,Customer Changed Mind,2613.32
RET2025003299,2025-06-20,SAL20250098638,STR009,PRD00439,1,Defective Item,122.61
RET2025003300,2025-11-25,SAL20250067986,STR014,PRD01183,2,Customer Changed Mind,-15655.42
RET2025003301,2025-07-31,SAL20250083885,STR009,PRD00605,1,Damaged in Transit,66.61
RET2025003302,2025-06-27,SAL20250074987,STR024,PRD00316,1,Customer Changed Mind,924.22
RET2025003303,2025-09-10,SAL20250099862,STR032,PRD00568,1,Size/Fit Issue,465.88
RET2025003304,2025-01-30,SAL20250000849,STR017,PRD00323,1,Wrong Item Delivered,361.28
RET2025003305,2025-04-25,SAL20250088892,STR004,PRD00186,1,Size/Fit Issue,7826.08
RET2025003306,2025-07-12,SAL20250087559,STR020,PRD00171,1,Customer Changed Mind,6232.31
RET2025003307,2025-04-01,SAL20250091584,STR017,PRD01169,1,Damaged in Transit,6625.23
RET2025003308,2025-08-16,SAL20250082106,STR027,PRD00761,1,Customer Changed Mind,367.88
RET2025003309,2025-12-05,SAL20250027988,STR023,PRD00969,1,Damaged in Transit,147.34
RET2025003310,2025-03-12,SAL20250048648,STR033,PRD00957,1,Customer Changed Mind,157.86
RET2025003311,2025-12-19,SAL20250045281,STR002,PRD00737,1,Wrong Item Delivered,1053.41
RET2025003312,2025-03-11,SAL20250056348,STR019,PRD00308,1,Defective Item,373.95
RET2025003313,2025-06-21,SAL20250061276,STR002,PRD00585,1,Customer Changed Mind,401.86
RET2025003314,2025-10-07,SAL20250025522,STR039,PRD00511,1,Wrong Item Delivered,709.29
RET2025003315,2025-10-12,SAL20250035238,STR002,PRD01137,1,Customer Changed Mind,2009.09
RET2025003316,2025-03-18,SAL20250092442,STR016,PRD00036,1,Size/Fit Issue,8731.85
RET2025003317,2025-08-04,SAL20250055305,STR011,PRD00049,2,Size/Fit Issue,9081.02
RET2025003318,2025-09-28,SAL20250055694,STR040,PRD00113,1,Customer Changed Mind,16350.49
RET2025003319,2025-10-05,SAL20250024675,STR041,PRD00837,2,Size/Fit Issue,8025.12
RET2025003320,2025-01-17,SAL20250081399,STR020,PRD00865,1,Defective Item,2254.56
RET2025003321,2025-06-27,SAL20250007985,STR010,PRD00551,1,Size/Fit Issue,585.58
RET2025003322,2025-09-28,SAL20250033595,STR025,PRD00420,1,Wrong Item Delivered,876.02
RET2025003323,2025-04-05,SAL20250004137,STR008,PRD00529,2,Defective Item,1138.54
RET2025003324,2025-05-27,SAL20250013867,STR025,PRD00212,1,Size/Fit Issue,9559.41
RET2025003325,2025-07-03,SAL20250037218,STR033,PRD00289,1,Defective Item,1047.34
RET2025003326,2025-01-28,SAL20250063562,STR033,PRD00101,1,Defective Item,2548.25
RET2025003327,2025-12-17,SAL20250037081,STR006,PRD00030,1,Defective Item,17262.94
RET2025003328,2025-08-27,SAL20250092277,STR004,PRD01156,1,Customer Changed Mind,3916.29
RET2025003329,2025-03-05,SAL20250076628,STR020,PRD00339,1,Defective Item,831.47
RET2025003330,2025-03-02,SAL20250025970,STR029,PRD00201,1,Defective Item,2838.89
RET2025003331,2025-04-25,SAL20250050125,STR039,PRD00893,2,Wrong Item Delivered,1926.08
RET2025003332,2025-06-18,SAL20250047207,STR025,PRD00112,1,Damaged in Transit,3948.48
RET2025003333,2025-10-11,SAL20250067140,STR013,PRD00627,2,Customer Changed Mind,1340.0
RET2025003334,2025-10-27,SAL20250072331,STR033,PRD00668,1,Wrong Item Delivered,302.1
RET2025003335,2025-08-31,SAL20250040581,STR014,PRD00190,1,Defective Item,12169.57
RET2025003336,2025-08-11,SAL20250005305,STR031,PRD00115,1,Customer Changed Mind,5778.27
RET2025003337,2025-05-13,SAL20250077339,STR026,PRD00451,1,Wrong Item Delivered,641.37
RET2025003338,2025-11-22,SAL20250046644,STR008,PRD00059,1,Defective Item,15692.67
RET2025003339,2025-12-29,SAL20250049117,STR004,PRD00365,2,Defective Item,1386.3
RET2025003340,2025-02-05,SAL20250007255,STR008,PRD00596,2,Defective Item,1332.24
RET2025003341,2025-07-11,SAL20250079753,STR028,PRD00495,1,Defective Item,212.14
RET2025003342,2025-01-23,SAL20250009259,STR034,PRD00127,1,Customer Changed Mind,14293.97
RET2025003343,2025-08-22,SAL20250092526,STR016,PRD00586,2,Customer Changed Mind,1296.42
RET2025003344,2025-09-18,SAL20250044235,STR036,PRD00079,1,Wrong Item Delivered,19037.37
RET2025003345,2025-03-25,SAL20250099637,STR005,PRD00349,1,Wrong Item Delivered,152.26
RET2025003346,2025-03-15,SAL20250035708,STR039,PRD00354,1,Defective Item,1099.31
RET2025003347,2025-08-08,SAL20250083861,STR007,PRD00678,1,Defective Item,3485.6
RET2025003348,2025-11-24,SAL20250054454,STR010,PRD00338,1,Defective Item,1223.61
RET2025003349,2025-07-31,SAL20250078776,STR003,PRD00627,1,Defective Item,670.0
RET2025003350,2025-12-21,SAL20250070812,STR016,PRD00492,1,Customer Changed Mind,431.72
RET2025003351,2025-08-02,SAL20250096333,STR001,PRD00639,1,Wrong Item Delivered,160.88
RET2025003352,2025-08-21,SAL20250084285,STR041,PRD01020,1,Customer Changed Mind,560.55
RET2025003353,2025-03-09,SAL20250079406,STR003,PRD00741,1,Defective Item,2848.85
RET2025003354,2025-12-04,SAL20250069792,STR038,PRD00626,1,Customer Changed Mind,125.9
RET2025003355,2025-03-11,SAL20250097293,STR007,PRD00176,1,Size/Fit Issue,4757.11
RET2025003356,2025-10-19,SAL20250043398,STR002,PRD00218,1,Defective Item,7357.64
RET2025003357,2025-05-21,SAL20250032657,STR041,PRD01188,1,Wrong Item Delivered,2837.24
RET2025003358,2025-06-19,SAL20250041200,STR037,PRD00113,1,Customer Changed Mind,16350.49
RET2025003359,2025-01-07,SAL20250012239,STR006,PRD00424,1,Size/Fit Issue,428.73
RET2025003360,2025-09-17,SAL20250035667,STR030,PRD00762,2,Wrong Item Delivered,3192.46
RET2025003361,2025-07-17,SAL20250023140,STR010,PRD00556,1,Size/Fit Issue,634.75
RET2025003362,2025-03-11,SAL20250025865,STR001,PRD00120,3,Defective Item,66511.47
RET2025003363,2025-09-19,SAL20250000821,STR015,PRD01180,1,Size/Fit Issue,9129.62
RET2025003364,2025-03-05,SAL20250046287,STR009,PRD01173,1,Wrong Item Delivered,1034.88
RET2025003365,2025-04-11,SAL20250030302,STR012,PRD00823,2,Customer Changed Mind,5117.96
RET2025003366,2025-12-21,SAL20250003788,STR037,PRD00161,1,Wrong Item Delivered,9190.04
RET2025003367,2025-02-08,SAL20250087759,STR012,PRD00287,2,Wrong Item Delivered,1100.16
RET2025003368,2025-02-10,SAL20250048482,STR016,PRD00766,1,Size/Fit Issue,1923.71
RET2025003369,2025-06-27,SAL20250077788,STR020,PRD01076,1,Size/Fit Issue,4373.35
RET2025003370,2025-01-18,SAL20250009244,STR017,PRD00863,1,Defective Item,1338.83
RET2025003371,2025-03-26,SAL20250047195,STR018,PRD00357,1,Size/Fit Issue,1112.32
RET2025003372,2025-03-18,SAL20250023067,STR001,PRD00500,2,Size/Fit Issue,1872.26
RET2025003373,2025-10-06,SAL20250099052,STR040,PRD00512,1,Customer Changed Mind,151.51
RET2025003374,2025-12-15,SAL20250088655,STR012,PRD00040,1,Defective Item,26675.54
RET2025003375,2025-03-31,SAL20250069200,STR027,PRD00048,1,Defective Item,26663.85
RET2025003376,2025-07-23,SAL20250073453,STR033,PRD00933,1,Defective Item,3527.61
RET2025003377,2025-03-08,SAL20250012231,STR008,PRD00194,1,Size/Fit Issue,5905.12
RET2025003378,2025-09-02,SAL20250008039,STR006,PRD00934,1,Wrong Item Delivered,3207.23
RET2025003379,2025-08-26,SAL20250035365,STR007,PRD00506,1,Wrong Item Delivered,725.03
RET2025003380,2025-08-12,SAL20250022642,STR012,PRD00262,1,Customer Changed Mind,10754.4
RET2025003381,2025-03-24,SAL20250069222,STR011,PRD00011,2,Damaged in Transit,26458.24
RET2025003382,2025-04-05,SAL20250094349,STR027,PRD00828,1,Customer Changed Mind,765.4
RET2025003383,2025-08-12,SAL20250010337,STR025,PRD01142,2,Damaged in Transit,7757.82
RET2025003384,2025-08-01,SAL20250063732,STR002,PRD01025,1,Defective Item,56.45
RET2025003385,2025-02-28,SAL20250015044,STR035,PRD01178,1,Size/Fit Issue,5467.45
RET2025003386,2025-05-03,SAL20250060107,STR011,PRD00602,1,Customer Changed Mind,328.03
RET2025003387,2025-12-01,SAL20250057571,STR011,PRD00474,1,Size/Fit Issue,108.22
RET2025003388,2025-03-09,SAL20250042560,STR019,PRD00050,1,Customer Changed Mind,20155.67
RET2025003389,2025-08-21,SAL20250007138,STR015,PRD00096,1,Defective Item,1587.91
RET2025003390,2025-10-30,SAL20250003701,STR016,PRD00104,1,Customer Changed Mind,21587.41
RET2025003391,2025-10-06,SAL20250058859,STR002,PRD00170,1,Defective Item,1380.75
RET2025003392,2025-09-06,SAL20250095331,STR003,PRD00176,1,Defective Item,4757.11
RET2025003393,2025-11-10,SAL20250007668,STR029,PRD00216,1,Defective Item,11614.64
RET2025003394,2025-06-21,SAL20250073017,STR041,PRD01143,1,Defective Item,5565.18
RET2025003395,2025-10-04,SAL20250031622,STR020,PRD00243,1,Defective Item,1936.68
RET2025003396,2025-04-04,SAL20250013603,STR031,PRD00055,1,Size/Fit Issue,18236.77
RET2025003397,2025-02-28,SAL20250081055,STR004,PRD00823,1,Customer Changed Mind,2558.98
RET2025003398,2025-07-02,SAL20250038805,STR018,PRD00329,1,Damaged in Transit,500.0
RET2025003399,2025-02-08,SAL20250004461,STR035,PRD00696,2,Size/Fit Issue,3199.54
RET2025003400,2025-05-14,SAL20250056818,STR006,PRD00391,1,Size/Fit Issue,716.46
RET2025003401,2025-04-23,SAL20250070683,STR006,PRD00616,1,Defective Item,565.82
RET2025003402,2025-01-23,SAL20250011880,STR030,PRD00637,1,Customer Changed Mind,299.32
RET2025003403,2025-04-30,SAL20250079012,STR032,PRD00631,2,Defective Item,1450.24
RET2025003404,2025-12-16,SAL20250022945,STR008,PRD00793,2,Defective Item,4890.76
RET2025003405,2025-04-12,SAL20250060304,STR008,PRD00629,1,Customer Changed Mind,197.41
RET2025003406,2025-02-03,SAL20250020373,STR016,PRD00449,3,Damaged in Transit,708.63
RET2025003407,2025-10-11,SAL20250023995,STR027,PRD00617,1,Damaged in Transit,496.18
RET2025003408,2025-05-28,SAL20250095964,STR020,PRD00081,1,Damaged in Transit,19888.54
RET2025003409,2025-09-17,SAL20250047116,STR038,PRD00008,1,Size/Fit Issue,14817.35
RET2025003410,2025-07-12,SAL20250060265,STR019,PRD00491,1,Wrong Item Delivered,-675.67
RET2025003411,2025-04-24,SAL20250011529,STR031,PRD00665,1,Wrong Item Delivered,157.57
RET2025003412,2025-08-14,SAL20250048208,STR011,PRD01175,1,Size/Fit Issue,2568.19
RET2025003413,2025-01-28,SAL20250009275,STR014,PRD01156,1,Size/Fit Issue,3916.29
RET2025003414,2025-05-03,SAL20250015655,STR040,PRD00984,1,Defective Item,34.1
RET2025003415,2025-04-17,SAL20250097698,STR016,PRD00087,1,Customer Changed Mind,23253.22
RET2025003416,2025-03-14,SAL20250086326,STR031,PRD00914,1,Size/Fit Issue,3460.6
RET2025003417,2025-06-06,SAL20250012189,STR030,PRD00708,1,Size/Fit Issue,2849.79
RET2025003418,2025-04-29,SAL20250066451,STR011,PRD00403,1,Defective Item,158.56
RET2025003419,2025-05-27,SAL20250046124,STR033,PRD01043,1,Wrong Item Delivered,134.43
RET2025003420,2025-06-20,SAL20250099875,STR012,PRD00108,1,Defective Item,22607.14
RET2025003421,2025-05-07,SAL20250011804,STR039,PRD00731,1,Size/Fit Issue,2513.85
RET2025003422,2025-01-10,SAL20250035544,STR011,PRD01088,3,Wrong Item Delivered,13630.5
RET2025003423,2025-07-20,SAL20250014332,STR027,PRD00973,1,Defective Item,291.44
RET2025003424,2025-03-27,SAL20250010412,STR004,PRD01071,1,Defective Item,5607.68
RET2025003425,2025-01-18,SAL20250043815,STR029,PRD00023,1,Wrong Item Delivered,6541.47
RET2025003426,2025-11-10,SAL20250085242,STR017,PRD00008,1,Defective Item,14817.35
RET2025003427,2025-03-12,SAL20250078529,STR009,PRD00106,1,Damaged in Transit,3614.0
RET2025003428,2025-10-25,SAL20250075211,STR039,PRD00888,1,Defective Item,2557.48
RET2025003429,2025-12-15,SAL20250096785,STR026,PRD01004,1,Wrong Item Delivered,128.91
RET2025003430,2025-10-17,SAL20250042709,STR031,PRD00481,1,Wrong Item Delivered,391.79
RET2025003431,2025-11-11,SAL20250023446,STR035,PRD00155,1,Defective Item,2214.51
RET2025003432,2025-10-06,SAL20250047501,STR005,PRD01104,1,Defective Item,7758.33
RET2025003433,2025-06-27,SAL20250056167,STR027,PRD00911,2,Wrong Item Delivered,1615.76
RET2025003434,2025-11-27,SAL20250097261,STR003,PRD01021,1,Damaged in Transit,582.28
RET2025003435,2025-03-20,SAL20250075562,STR034,PRD00509,1,Customer Changed Mind,888.38
RET2025003436,2025-08-19,SAL20250032520,STR018,PRD00527,2,Customer Changed Mind,1876.6
RET2025003437,2025-11-02,SAL20250023593,STR011,PRD00299,1,Defective Item,1362.69
RET2025003438,2025-04-05,SAL20250095437,STR031,PRD00858,1,Defective Item,1066.62
RET2025003439,2025-12-19,SAL20250047351,STR031,PRD00216,1,Size/Fit Issue,11614.64
RET2025003440,2025-04-05,SAL20250070151,STR012,PRD00209,1,Defective Item,4015.2
RET2025003441,2025-03-13,SAL20250090143,STR025,PRD01170,1,Defective Item,1269.68
RET2025003442,2025-07-11,SAL20250029681,STR039,PRD00750,1,Wrong Item Delivered,3884.81
RET2025003443,2025-07-31,SAL20250062300,STR036,PRD00397,1,Customer Changed Mind,500.0
RET2025003444,2025-05-22,SAL20250016062,STR021,PRD00387,1,Wrong Item Delivered,446.12
RET2025003445,2025-07-03,SAL20250046318,STR001,PRD00652,1,Defective Item,210.65
RET2025003446,2025-07-04,SAL20250031886,STR010,PRD01135,1,Defective Item,2481.4
RET2025003447,2025-02-02,SAL20250038211,STR001,PRD00869,1,Size/Fit Issue,3787.4
RET2025003448,2025-11-09,SAL20250073600,STR016,PRD00660,1,Defective Item,324.23
RET2025003449,2025-02-24,SAL20250086504,STR034,PRD00198,2,Damaged in Transit,8532.7
RET2025003450,2025-12-05,SAL20250036876,STR001,PRD01053,1,Size/Fit Issue,481.32
RET2025003451,2025-06-10,SAL20250070307,STR010,PRD01161,1,Wrong Item Delivered,5090.05
RET2025003452,2025-05-14,SAL20250017639,STR009,PRD00915,1,Customer Changed Mind,703.59
RET2025003453,2025-02-28,SAL20250052312,STR022,PRD00113,1,Size/Fit Issue,16350.49
RET2025003454,2025-09-27,SAL20250067426,STR029,PRD00024,1,Wrong Item Delivered,23723.95
RET2025003455,2025-05-07,SAL20250068703,STR007,PRD00694,2,Damaged in Transit,6405.02
RET2025003456,2025-01-06,SAL20250042272,STR030,PRD01156,1,Customer Changed Mind,3916.29
RET2025003457,2025-03-03,SAL20250077096,STR032,PRD00296,1,Defective Item,250.04
RET2025003458,2025-09-15,SAL20250058235,STR016,PRD01132,3,Defective Item,22180.41
RET2025003459,2025-02-16,SAL20250011871,STR026,PRD00205,1,Damaged in Transit,2084.53
RET2025003460,2025-01-10,SAL20250079147,STR004,PRD00195,1,Size/Fit Issue,4088.9
RET2025003461,2025-01-25,SAL20250079328,STR006,PRD01052,1,Customer Changed Mind,462.25
RET2025003462,2025-03-09,SAL20250031185,STR033,PRD00005,1,Damaged in Transit,25382.71
RET2025003463,2025-04-20,SAL20250072091,STR031,PRD00146,1,Defective Item,5953.14
RET2025003464,2025-08-26,SAL20250012263,STR037,PRD00175,1,Wrong Item Delivered,11344.22
RET2025003465,2025-02-25,SAL20250027389,STR004,PRD00132,1,Damaged in Transit,22943.8
RET2025003466,2025-04-17,SAL20250031995,STR016,PRD00110,1,Wrong Item Delivered,26501.66
RET2025003467,2025-03-19,SAL20250076704,STR041,PRD00948,1,Defective Item,38.1
RET2025003468,2025-11-15,SAL20250074313,STR014,PRD00125,1,Defective Item,1511.82
RET2025003469,2025-06-21,SAL20250015404,STR022,PRD00348,1,Size/Fit Issue,1231.54
RET2025003470,2025-06-12,SAL20250092200,STR006,PRD00071,2,Size/Fit Issue,28846.04
RET2025003471,2025-12-22,SAL20250000940,STR022,PRD01068,1,Defective Item,5954.4
RET2025003472,2025-05-22,SAL20250048811,STR022,PRD00267,2,Defective Item,22656.82
RET2025003473,2025-08-25,SAL20250090760,STR041,PRD00663,1,Size/Fit Issue,109.46
RET2025003474,2025-02-18,SAL20250089863,STR025,PRD00050,1,Size/Fit Issue,-20155.67
RET2025003475,2025-02-10,SAL20250039528,STR023,PRD00035,1,Defective Item,7229.47
RET2025003476,2025-12-05,SAL20250019011,STR005,PRD00747,1,Defective Item,1306.66
RET2025003477,2025-08-20,SAL20250055878,STR015,PRD00266,1,Customer Changed Mind,13058.2
RET2025003478,2025-08-26,SAL20250086404,STR019,PRD00875,2,Customer Changed Mind,516.88
RET2025003479,2025-09-05,SAL20250089636,STR034,PRD01165,1,Defective Item,6335.51
RET2025003480,2025-08-23,SAL20250096382,STR004,PRD01081,1,Defective Item,7442.0
RET2025003481,2025-12-26,SAL20250046704,STR038,PRD00756,1,Customer Changed Mind,3090.95
RET2025003482,2025-04-18,SAL20250098892,STR002,PRD00667,1,Defective Item,129.77
RET2025003483,2025-11-28,SAL20250075709,STR023,PRD00952,1,Damaged in Transit,892.13
RET2025003484,2025-03-13,SAL20250067670,STR022,PRD00579,1,Defective Item,398.71
RET2025003485,2025-02-02,SAL20250077598,STR018,PRD00873,1,Size/Fit Issue,687.87
RET2025003486,2025-11-27,SAL20250049100,STR016,PRD00326,1,Damaged in Transit,1442.32
RET2025003487,2025-08-04,SAL20250036366,STR032,PRD00098,1,Customer Changed Mind,13136.22
RET2025003488,2025-02-03,SAL20250066795,STR007,PRD00607,1,Defective Item,313.72
RET2025003489,2025-07-17,SAL20250091082,STR025,PRD00233,1,Defective Item,9134.67
RET2025003490,2025-09-07,SAL20250013266,STR015,PRD00947,1,Wrong Item Delivered,413.13
RET2025003491,2025-03-29,SAL20250053938,STR039,PRD00843,1,Defective Item,1073.63
RET2025003492,2025-05-01,SAL20250000136,STR026,PRD00871,2,Defective Item,2423.3
RET2025003493,2025-10-15,SAL20250055365,STR001,PRD00062,2,Defective Item,42146.46
RET2025003494,2025-04-16,SAL20250079187,STR015,PRD00382,1,Wrong Item Delivered,534.11
RET2025003495,2025-02-27,SAL20250064581,STR027,PRD00416,1,Defective Item,833.51
RET2025003496,2025-06-04,SAL20250044317,STR013,PRD00143,2,Size/Fit Issue,23220.12
RET2025003497,2025-11-19,SAL20250041441,STR019,PRD00469,2,Customer Changed Mind,998.42
RET2025003498,2025-05-28,SAL20250060175,STR009,PRD00352,1,Size/Fit Issue,930.67
RET2025003499,2025-02-24,SAL20250034833,STR007,PRD00436,1,Damaged in Transit,630.05
RET2025003500,2025-11-14,SAL20250070193,STR033,PRD01060,1,Size/Fit Issue,277.54
RET2025003501,2025-12-19,SAL20250025650,STR002,PRD00252,1,Defective Item,10910.07
RET2025003502,2025-02-06,SAL20250097182,STR001,PRD01044,1,Wrong Item Delivered,762.23
RET2025003503,2025-05-18,SAL20250049754,STR041,PRD00081,1,Customer Changed Mind,19888.54
RET2025003504,2025-04-21,SAL20250054816,STR034,PRD00271,1,Wrong Item Delivered,660.1
RET2025003505,2025-07-05,SAL20250065947,STR018,PRD00108,1,Size/Fit Issue,22607.14
RET2025003506,2025-03-10,SAL20250074608,STR010,PRD00298,1,Defective Item,1012.57
RET2025003507,2025-10-24,SAL20250089526,STR009,PRD00254,1,Size/Fit Issue,11020.14
RET2025003508,2025-12-10,SAL20250006709,STR029,PRD00368,1,Wrong Item Delivered,927.52
RET2025003509,2025-12-27,SAL20250052368,STR003,PRD00541,1,Wrong Item Delivered,685.8
RET2025003510,2025-10-05,SAL20250091796,STR032,PRD00227,1,Defective Item,5367.28
RET2025003511,2025-04-22,SAL20250070784,STR037,PRD01078,1,Customer Changed Mind,2107.38
RET2025003512,2025-08-12,SAL20250099468,STR012,PRD00409,1,Defective Item,950.85
RET2025003513,2025-01-20,SAL20250084325,STR017,PRD00543,1,Defective Item,579.45
RET2025003514,2025-06-07,SAL20250047850,STR006,PRD00541,1,Customer Changed Mind,685.8
RET2025003515,2025-12-20,SAL20250079189,STR010,PRD00281,1,Size/Fit Issue,679.79
RET2025003516,2025-01-29,SAL20250010261,STR025,PRD01148,1,Defective Item,584.33
RET2025003517,2025-10-03,SAL20250010454,STR002,PRD00005,1,Defective Item,25382.71
RET2025003518,2025-04-14,SAL20250051717,STR025,PRD00847,1,Damaged in Transit,2294.5
RET2025003519,2025-12-14,SAL20250028608,STR032,PRD00790,1,Defective Item,1379.35
RET2025003520,2025-03-23,SAL20250013237,STR007,PRD00610,1,Size/Fit Issue,637.82
RET2025003521,2025-10-10,SAL20250073065,STR020,PRD00654,1,Wrong Item Delivered,474.17
RET2025003522,2025-09-11,SAL20250079683,STR007,PRD00298,1,Defective Item,1012.57
RET2025003523,2025-05-11,SAL20250021471,STR041,PRD00685,1,Customer Changed Mind,4676.03
RET2025003524,2025-12-31,SAL20250011263,STR040,PRD00397,1,Customer Changed Mind,500.0
RET2025003525,2025-07-02,SAL20250068924,STR027,PRD00306,1,Damaged in Transit,1349.3
RET2025003526,2025-01-23,SAL20250034346,STR004,PRD00702,1,Defective Item,1394.73
RET2025003527,2025-12-10,SAL20250035461,STR015,PRD00917,2,Defective Item,2883.18
RET2025003528,2025-08-21,SAL20250017294,STR024,PRD01081,1,Defective Item,7442.0
RET2025003529,2025-11-03,SAL20250083776,STR026,PRD00917,1,Defective Item,1441.59
RET2025003530,2025-12-11,SAL20250080381,STR005,PRD00909,1,Size/Fit Issue,1266.46
RET2025003531,2025-04-02,SAL20250001404,STR028,PRD00873,1,Defective Item,687.87
RET2025003532,2025-04-22,SAL20250036375,STR026,PRD00003,1,Defective Item,810.89
RET2025003533,2025-12-29,SAL20250092857,STR033,PRD00853,1,Damaged in Transit,3236.74
RET2025003534,2025-05-11,SAL20250077918,STR016,PRD00320,1,Customer Changed Mind,273.23
RET2025003535,2025-01-09,SAL20250039962,STR039,PRD00012,1,Customer Changed Mind,5255.98
RET2025003536,2025-02-05,SAL20250029692,STR003,PRD00231,1,Defective Item,9171.94
RET2025003537,2025-12-11,SAL20250060595,STR002,PRD00324,1,Wrong Item Delivered,1095.89
RET2025003538,2025-01-15,SAL20250083780,STR021,PRD01032,2,Size/Fit Issue,235.3
RET2025003539,2025-02-19,SAL20250036771,STR001,PRD00380,1,Defective Item,304.64
RET2025003540,2025-09-23,SAL20250041124,STR007,PRD00269,1,Defective Item,151.87
RET2025003541,2025-12-20,SAL20250005317,STR008,PRD00737,2,Defective Item,2106.82
RET2025003542,2025-05-24,SAL20250065107,STR040,PRD01139,2,Wrong Item Delivered,8121.54
RET2025003543,2025-12-19,SAL20250019137,STR017,PRD00366,1,Customer Changed Mind,994.61
RET2025003544,2025-12-11,SAL20250010308,STR017,PRD00399,1,Damaged in Transit,1354.99
RET2025003545,2025-03-08,SAL20250074782,STR022,PRD00236,1,Damaged in Transit,5591.1
RET2025003546,2025-12-19,SAL20250002367,STR015,PRD00814,1,Size/Fit Issue,3265.17
RET2025003547,2025-12-25,SAL20250062474,STR017,PRD00479,1,Size/Fit Issue,303.49
RET2025003548,2025-05-04,SAL20250037535,STR018,PRD01142,1,Customer Changed Mind,3878.91
RET2025003549,2025-05-12,SAL20250075381,STR036,PRD01080,1,Damaged in Transit,1721.88
RET2025003550,2025-06-21,SAL20250054987,STR017,PRD00401,1,Defective Item,743.9
RET2025003551,2025-01-11,SAL20250095915,STR023,PRD00047,1,Damaged in Transit,27210.89
RET2025003552,2025-11-09,SAL20250078337,STR011,PRD00012,1,Defective Item,5255.98
RET2025003553,2025-11-17,SAL20250043469,STR014,PRD00657,2,Size/Fit Issue,545.42
RET2025003554,2025-03-24,SAL20250032643,STR034,PRD00801,2,Wrong Item Delivered,1000.0
RET2025003555,2025-01-29,SAL20250090502,STR031,PRD00308,1,Customer Changed Mind,373.95
RET2025003556,2025-02-10,SAL20250068440,STR039,PRD01099,1,Wrong Item Delivered,4242.7
RET2025003557,2025-04-24,SAL20250059681,STR034,PRD00904,1,Defective Item,2811.36
RET2025003558,2025-09-28,SAL20250071664,STR026,PRD00614,1,Wrong Item Delivered,52.25
RET2025003559,2025-05-29,SAL20250033014,STR031,PRD00528,1,Size/Fit Issue,1118.04
RET2025003560,2025-06-11,SAL20250041934,STR009,PRD00414,1,Customer Changed Mind,546.79
RET2025003561,2025-09-19,SAL20250062024,STR022,PRD00922,1,Wrong Item Delivered,953.09
RET2025003562,2025-07-29,SAL20250034963,STR025,PRD00736,1,Defective Item,1942.77
RET2025003563,2025-10-01,SAL20250045627,STR011,PRD00873,2,Customer Changed Mind,1375.74
RET2025003564,2025-01-11,SAL20250041348,STR013,PRD00407,1,Wrong Item Delivered,687.91
RET2025003565,2025-03-09,SAL20250066872,STR027,PRD00854,1,Defective Item,2355.83
RET2025003566,2025-10-31,SAL20250084964,STR037,PRD00788,1,Wrong Item Delivered,3329.23
RET2025003567,2025-07-03,SAL20250029127,STR037,PRD00866,1,Size/Fit Issue,1023.05
RET2025003568,2025-07-13,SAL20250032776,STR024,PRD00134,1,Defective Item,19404.79
RET2025003569,2025-10-13,SAL20250073399,STR005,PRD00879,1,Defective Item,2290.26
RET2025003570,2025-07-08,SAL20250086479,STR028,PRD01169,2,Defective Item,13250.46
RET2025003571,2025-01-28,SAL20250078501,STR021,PRD00387,1,Customer Changed Mind,446.12
RET2025003572,2025-09-18,SAL20250053359,STR032,PRD00992,1,Size/Fit Issue,439.67
RET2025003573,2025-02-02,SAL20250069932,STR036,PRD00294,1,Wrong Item Delivered,1047.83
RET2025003574,2025-12-04,SAL20250052564,STR029,PRD00171,1,Size/Fit Issue,6232.31
RET2025003575,2025-07-24,SAL20250002593,STR017,PRD00563,2,Customer Changed Mind,1335.5
RET2025003576,2025-04-04,SAL20250010980,STR034,PRD00895,1,Customer Changed Mind,472.54
RET2025003577,2025-03-16,SAL20250006037,STR036,PRD00417,1,Wrong Item Delivered,788.29
RET2025003578,2025-04-25,SAL20250057515,STR025,PRD00040,1,Defective Item,26675.54
RET2025003579,2025-04-16,SAL20250082436,STR041,PRD00059,1,Customer Changed Mind,15692.67
RET2025003580,2025-10-02,SAL20250019553,STR039,PRD00140,1,Size/Fit Issue,6378.06
RET2025003581,2025-03-14,SAL20250065039,STR002,PRD00567,1,Defective Item,365.44
RET2025003582,2025-03-15,SAL20250014155,STR022,PRD00815,1,Wrong Item Delivered,2750.26
RET2025003583,2025-08-09,SAL20250057362,STR005,PRD00954,1,Size/Fit Issue,1090.11
RET2025003584,2025-03-21,SAL20250013530,STR029,PRD00137,1,Customer Changed Mind,8245.04
RET2025003585,2025-04-24,SAL20250075390,STR008,PRD01159,1,Defective Item,3270.67
RET2025003586,2025-08-22,SAL20250009559,STR011,PRD00232,1,Defective Item,6785.18
RET2025003587,2025-07-18,SAL20250034951,STR027,PRD00654,1,Size/Fit Issue,474.17
RET2025003588,2025-08-13,SAL20250025266,STR030,PRD00848,1,Size/Fit Issue,2441.1
RET2025003589,2025-01-23,SAL20250049755,STR037,PRD00620,1,Defective Item,556.49
RET2025003590,2025-12-25,SAL20250092543,STR011,PRD01114,1,Damaged in Transit,8827.06
RET2025003591,2025-02-03,SAL20250003852,STR014,PRD01043,1,Size/Fit Issue,134.43
RET2025003592,2025-02-24,SAL20250006867,STR003,PRD00582,2,Defective Item,1070.64
RET2025003593,2025-01-08,SAL20250021612,STR040,PRD00290,1,Size/Fit Issue,747.46
RET2025003594,2025-06-25,SAL20250092626,STR022,PRD00817,1,Wrong Item Delivered,3058.64
RET2025003595,2025-12-06,SAL20250036884,STR027,PRD00992,1,Size/Fit Issue,439.67
RET2025003596,2025-12-05,SAL20250012527,STR006,PRD00891,1,Wrong Item Delivered,506.36
RET2025003597,2025-07-01,SAL20250001025,STR026,PRD01141,2,Damaged in Transit,2774.42
RET2025003598,2025-03-31,SAL20250005385,STR016,PRD00267,1,Customer Changed Mind,11328.41
RET2025003599,2025-04-11,SAL20250053591,STR005,PRD00571,3,Defective Item,603.66
RET2025003600,2025-06-15,SAL20250026235,STR031,PRD00246,1,Defective Item,1945.93
RET2025003601,2025-03-31,SAL20250027634,STR039,PRD01026,1,Wrong Item Delivered,512.0
RET2025003602,2025-07-21,SAL20250036287,STR040,PRD00299,1,Customer Changed Mind,1362.69
RET2025003603,2025-04-16,SAL20250074301,STR007,PRD01174,1,Defective Item,4967.43
RET2025003604,2025-06-23,SAL20250035616,STR024,PRD00468,1,Defective Item,180.53
RET2025003605,2025-12-07,SAL20250066531,STR027,PRD01130,1,Defective Item,3164.31
RET2025003606,2025-11-29,SAL20250084739,STR026,PRD00958,1,Damaged in Transit,274.5
RET2025003607,2025-05-17,SAL20250033380,STR039,PRD00616,1,Defective Item,565.82
RET2025003608,2025-12-30,SAL20250083897,STR003,PRD00465,1,Customer Changed Mind,578.8
RET2025003609,2025-10-23,SAL20250005556,STR010,PRD01133,1,Damaged in Transit,8197.9
RET2025003610,2025-01-08,SAL20250000765,STR030,PRD01118,1,Defective Item,5734.69
RET2025003611,2025-09-18,SAL20250031739,STR025,PRD00616,1,Defective Item,565.82
RET2025003612,2025-03-26,SAL20250002344,STR016,PRD01064,2,Damaged in Transit,310.0
RET2025003613,2025-07-23,SAL20250026274,STR022,PRD00754,1,Wrong Item Delivered,372.52
RET2025003614,2025-09-01,SAL20250028418,STR009,PRD00540,1,Customer Changed Mind,550.54
RET2025003615,2025-11-30,SAL20250067065,STR020,PRD00563,1,Wrong Item Delivered,667.75
RET2025003616,2025-05-05,SAL20250041011,STR025,PRD00674,1,Damaged in Transit,2861.74
RET2025003617,2025-10-22,SAL20250068894,STR041,PRD01165,1,Customer Changed Mind,6335.51
RET2025003618,2025-05-27,SAL20250027424,STR024,PRD00114,1,Defective Item,17643.2
RET2025003619,2025-11-24,SAL20250080956,STR040,PRD01111,1,Defective Item,1735.9
RET2025003620,2025-11-11,SAL20250076646,STR030,PRD00248,1,Wrong Item Delivered,9547.84
RET2025003621,2025-02-25,SAL20250069968,STR020,PRD00176,1,Wrong Item Delivered,4757.11
RET2025003622,2025-07-24,SAL20250005181,STR018,PRD00449,1,Damaged in Transit,236.21
RET2025003623,2025-11-24,SAL20250006421,STR039,PRD00691,1,Defective Item,1815.13
RET2025003624,2025-07-23,SAL20250059746,STR008,PRD01138,1,Customer Changed Mind,4917.81
RET2025003625,2025-09-01,SAL20250025767,STR033,PRD00788,1,Customer Changed Mind,3329.23
RET2025003626,2025-10-18,SAL20250098461,STR017,PRD00441,1,Size/Fit Issue,853.01
RET2025003627,2025-01-08,SAL20250081164,STR028,PRD00173,1,Wrong Item Delivered,9167.15
RET2025003628,2025-06-24,SAL20250098260,STR029,PRD00503,1,Size/Fit Issue,634.01
RET2025003629,2025-05-18,SAL20250080953,STR032,PRD00730,1,Defective Item,3497.66
RET2025003630,2025-10-13,SAL20250095898,STR034,PRD00312,1,Wrong Item Delivered,662.59
RET2025003631,2025-11-13,SAL20250083387,STR034,PRD00196,1,Size/Fit Issue,3177.64
RET2025003632,2025-12-31,SAL20250081895,STR017,PRD00732,1,Damaged in Transit,4150.55
RET2025003633,2025-03-12,SAL20250095290,STR009,PRD01181,1,Defective Item,2062.42
RET2025003634,2025-12-31,SAL20250035107,STR002,PRD00691,3,Wrong Item Delivered,5445.39
RET2025003635,2025-02-07,SAL20250097436,STR018,PRD00827,1,Customer Changed Mind,3989.15
RET2025003636,2025-10-14,SAL20250073762,STR001,PRD00324,1,Defective Item,1095.89
RET2025003637,2025-10-21,SAL20250049371,STR027,PRD00010,1,Defective Item,-14520.45
RET2025003638,2025-11-01,SAL20250050185,STR009,PRD00974,1,Wrong Item Delivered,202.7
RET2025003639,2025-02-21,SAL20250037835,STR020,PRD00949,1,Defective Item,855.15
RET2025003640,2025-06-23,SAL20250096246,STR023,PRD00670,1,Damaged in Transit,3171.53
RET2025003641,2025-03-07,SAL20250085717,STR030,PRD00671,1,Size/Fit Issue,327.72
RET2025003642,2025-05-28,SAL20250000374,STR006,PRD00543,1,Wrong Item Delivered,579.45
RET2025003643,2025-11-29,SAL20250013014,STR021,PRD00864,1,Defective Item,1725.02
RET2025003644,2025-03-16,SAL20250045530,STR024,PRD00102,1,Customer Changed Mind,21236.57
RET2025003645,2025-07-22,SAL20250022705,STR028,PRD00677,1,Size/Fit Issue,1193.37
RET2025003646,2025-04-17,SAL20250080305,STR005,PRD00964,1,Defective Item,842.84
RET2025003647,2025-10-16,SAL20250078405,STR025,PRD00004,1,Size/Fit Issue,18331.36
RET2025003648,2025-03-12,SAL20250077075,STR018,PRD01073,1,Defective Item,4074.99
RET2025003649,2025-03-03,SAL20250050949,STR010,PRD00446,1,Defective Item,1037.38
RET2025003650,2025-05-12,SAL20250005612,STR011,PRD00514,1,Size/Fit Issue,1177.91
RET2025003651,2025-04-11,SAL20250070866,STR040,PRD01194,3,Defective Item,19327.23
RET2025003652,2025-12-16,SAL20250059824,STR031,PRD00095,1,Size/Fit Issue,18324.65
RET2025003653,2025-09-21,SAL20250041154,STR002,PRD00056,1,Customer Changed Mind,11452.31
RET2025003654,2025-10-04,SAL20250071615,STR011,PRD01055,1,Damaged in Transit,428.04
RET2025003655,2025-05-24,SAL20250099796,STR013,PRD00692,1,Defective Item,1997.13
RET2025003656,2025-11-06,SAL20250008620,STR026,PRD00968,1,Wrong Item Delivered,316.7
RET2025003657,2025-03-10,SAL20250082096,STR013,PRD00797,1,Wrong Item Delivered,567.41
RET2025003658,2025-03-31,SAL20250064265,STR015,PRD01104,1,Defective Item,7758.33
RET2025003659,2025-09-29,SAL20250030049,STR038,PRD00347,1,Wrong Item Delivered,1133.22
RET2025003660,2025-11-10,SAL20250087818,STR035,PRD00873,1,Defective Item,687.87
RET2025003661,2025-03-22,SAL20250082418,STR023,PRD00248,1,Wrong Item Delivered,9547.84
RET2025003662,2025-01-21,SAL20250080179,STR013,PRD00101,1,Defective Item,2548.25
RET2025003663,2025-11-19,SAL20250024469,STR027,PRD00652,1,Wrong Item Delivered,210.65
RET2025003664,2025-04-24,SAL20250092008,STR029,PRD00485,1,Defective Item,693.22
RET2025003665,2025-05-15,SAL20250072153,STR017,PRD00273,1,Wrong Item Delivered,1306.29
RET2025003666,2025-08-05,SAL20250018604,STR038,PRD00204,1,Size/Fit Issue,3776.34
RET2025003667,2025-12-02,SAL20250054118,STR037,PRD00665,1,Customer Changed Mind,157.57
RET2025003668,2025-06-26,SAL20250049568,STR016,PRD01185,1,Defective Item,2223.59
RET2025003669,2025-02-15,SAL20250008859,STR012,PRD00033,1,Damaged in Transit,2653.86
RET2025003670,2025-12-25,SAL20250044338,STR012,PRD00823,1,Size/Fit Issue,2558.98
RET2025003671,2025-06-01,SAL20250020246,STR010,PRD00724,1,Defective Item,2856.14
RET2025003672,2025-05-24,SAL20250090990,STR031,PRD01094,1,Wrong Item Delivered,7758.5
RET2025003673,2025-12-23,SAL20250042351,STR005,PRD01184,1,Defective Item,6927.53
RET2025003674,2025-07-26,SAL20250016616,STR008,PRD00505,1,Defective Item,1140.95
RET2025003675,2025-03-30,SAL20250010478,STR040,PRD00700,1,Customer Changed Mind,4752.07
RET2025003676,2025-07-07,SAL20250087102,STR029,PRD01005,1,Damaged in Transit,682.39
RET2025003677,2025-10-30,SAL20250009547,STR023,PRD00652,1,Defective Item,210.65
RET2025003678,2025-08-05,SAL20250087162,STR033,PRD00571,1,Size/Fit Issue,201.22
RET2025003679,2025-03-18,SAL20250092996,STR007,PRD00125,1,Damaged in Transit,1511.82
RET2025003680,2025-06-29,SAL20250091450,STR021,PRD00341,1,Wrong Item Delivered,977.08
RET2025003681,2025-07-13,SAL20250077731,STR033,PRD00403,2,Defective Item,317.12
RET2025003682,2025-06-26,SAL20250048960,STR032,PRD00535,1,Wrong Item Delivered,314.95
RET2025003683,2025-03-13,SAL20250012558,STR005,PRD00456,1,Defective Item,215.04
RET2025003684,2025-08-25,SAL20250072724,STR013,PRD00389,1,Defective Item,1606.86
RET2025003685,2025-03-17,SAL20250063313,STR009,PRD00226,1,Customer Changed Mind,3456.4
RET2025003686,2025-10-26,SAL20250049885,STR030,PRD00519,1,Defective Item,818.33
RET2025003687,2025-07-13,SAL20250076376,STR034,PRD00508,1,Defective Item,125.21
RET2025003688,2025-10-04,SAL20250038133,STR030,PRD01156,1,Size/Fit Issue,3916.29
RET2025003689,2025-02-14,SAL20250021073,STR013,PRD00200,1,Damaged in Transit,1880.51
RET2025003690,2025-07-14,SAL20250019962,STR036,PRD01193,2,Defective Item,3424.26
RET2025003691,2025-02-05,SAL20250008083,STR034,PRD00903,1,Size/Fit Issue,433.92
RET2025003692,2025-02-01,SAL20250050716,STR019,PRD00869,1,Customer Changed Mind,3787.4
RET2025003693,2025-06-11,SAL20250010661,STR030,PRD00966,1,Defective Item,814.75
RET2025003694,2025-04-21,SAL20250049973,STR028,PRD00852,1,Size/Fit Issue,1751.61
RET2025003695,2025-03-05,SAL20250012147,STR022,PRD00690,1,Defective Item,3635.92
RET2025003696,2025-08-20,SAL20250080231,STR020,PRD00464,1,Defective Item,598.64
RET2025003697,2025-08-08,SAL20250004459,STR013,PRD00602,1,Wrong Item Delivered,328.03
RET2025003698,2025-05-17,SAL20250077895,STR031,PRD00449,1,Defective Item,236.21
RET2025003699,2025-02-08,SAL20250083196,STR026,PRD00860,1,Defective Item,694.13
RET2025003700,2025-02-15,SAL20250003223,STR026,PRD01014,1,Defective Item,1123.09
RET2025003701,2025-01-29,SAL20250084183,STR014,PRD00566,1,Wrong Item Delivered,655.12
RET2025003702,2025-04-27,SAL20250036938,STR018,PRD01188,1,Damaged in Transit,2837.24
RET2025003703,2025-06-10,SAL20250051194,STR008,PRD00899,1,Customer Changed Mind,2165.69
RET2025003704,2025-05-14,SAL20250043450,STR040,PRD00007,3,Size/Fit Issue,60270.66
RET2025003705,2025-11-28,SAL20250037483,STR022,PRD00370,1,Defective Item,676.23
RET2025003706,2025-02-16,SAL20250025242,STR007,PRD00569,1,Size/Fit Issue,219.4
RET2025003707,2025-07-26,SAL20250011823,STR011,PRD00179,1,Defective Item,5253.14
RET2025003708,2025-04-08,SAL20250069600,STR030,PRD00998,2,Customer Changed Mind,1766.72
RET2025003709,2025-08-24,SAL20250072383,STR029,PRD00656,1,Wrong Item Delivered,201.0
RET2025003710,2025-03-08,SAL20250095018,STR021,PRD00586,1,Customer Changed Mind,648.21
RET2025003711,2025-02-28,SAL20250062233,STR005,PRD01177,1,Defective Item,2791.89
RET2025003712,2025-05-11,SAL20250090258,STR004,PRD00796,1,Size/Fit Issue,462.4
RET2025003713,2025-02-28,SAL20250005810,STR012,PRD01178,1,Customer Changed Mind,5467.45
RET2025003714,2025-07-04,SAL20250018400,STR031,PRD00469,1,Size/Fit Issue,499.21
RET2025003715,2025-11-24,SAL20250050353,STR037,PRD00209,1,Damaged in Transit,4015.2
RET2025003716,2025-01-24,SAL20250088397,STR030,PRD00696,1,Size/Fit Issue,1599.77
RET2025003717,2025-07-30,SAL20250059012,STR015,PRD01002,1,Defective Item,98.3
RET2025003718,2025-10-04,SAL20250004365,STR025,PRD00698,1,Defective Item,1659.66
RET2025003719,2025-10-07,SAL20250095222,STR023,PRD00876,1,Wrong Item Delivered,2635.68
RET2025003720,2025-10-22,SAL20250034755,STR023,PRD00433,1,Size/Fit Issue,1065.88
RET2025003721,2025-09-03,SAL20250092053,STR001,PRD00918,1,Defective Item,2741.1
RET2025003722,2025-01-16,SAL20250072897,STR014,PRD00656,1,Wrong Item Delivered,201.0
RET2025003723,2025-06-12,SAL20250068907,STR004,PRD00077,1,Customer Changed Mind,14848.8
RET2025003724,2025-07-04,SAL20250069090,STR009,PRD00193,1,Defective Item,5766.86
RET2025003725,2025-11-16,SAL20250017368,STR002,PRD01003,1,Defective Item,278.9
RET2025003726,2025-12-22,SAL20250097748,STR036,PRD01034,1,Wrong Item Delivered,310.11
RET2025003727,2025-03-11,SAL20250017273,STR035,PRD00728,1,Defective Item,5071.72
RET2025003728,2025-07-21,SAL20250064266,STR007,PRD00677,1,Customer Changed Mind,1193.37
RET2025003729,2025-04-14,SAL20250047724,STR041,PRD01166,1,Defective Item,3220.85
RET2025003730,2025-05-25,SAL20250065047,STR007,PRD00462,1,Size/Fit Issue,271.55
RET2025003731,2025-05-25,SAL20250047136,STR020,PRD00326,1,Wrong Item Delivered,1442.32
RET2025003732,2025-11-11,SAL20250002165,STR036,PRD01152,1,Defective Item,2969.91
RET2025003733,2025-02-27,SAL20250040404,STR009,PRD00927,1,Defective Item,799.32
RET2025003734,2025-02-19,SAL20250049784,STR033,PRD00705,1,Defective Item,488.73
RET2025003735,2025-07-23,SAL20250041802,STR014,PRD00424,1,Size/Fit Issue,428.73
RET2025003736,2025-03-10,SAL20250087282,STR027,PRD00653,1,Defective Item,614.39
RET2025003737,2025-05-12,SAL20250082324,STR037,PRD00997,1,Size/Fit Issue,893.9
RET2025003738,2025-09-14,SAL20250037884,STR036,PRD00724,1,Defective Item,2856.14
RET2025003739,2025-05-24,SAL20250010938,STR006,PRD00551,1,Wrong Item Delivered,585.58
RET2025003740,2025-05-28,SAL20250015260,STR034,PRD00169,1,Defective Item,8761.68
RET2025003741,2025-06-21,SAL20250001795,STR007,PRD00086,1,Defective Item,22194.93
RET2025003742,2025-06-10,SAL20250085067,STR025,PRD00801,1,Wrong Item Delivered,500.0
RET2025003743,2025-09-01,SAL20250086324,STR040,PRD00326,2,Damaged in Transit,2884.64
RET2025003744,2025-09-20,SAL20250018029,STR006,PRD00356,1,Size/Fit Issue,1354.34
RET2025003745,2025-02-03,SAL20250067150,STR026,PRD00912,1,Damaged in Transit,532.47
RET2025003746,2025-04-23,SAL20250037562,STR014,PRD00337,1,Customer Changed Mind,1047.01
RET2025003747,2025-02-17,SAL20250014189,STR003,PRD00993,1,Customer Changed Mind,168.95
RET2025003748,2025-07-20,SAL20250007904,STR041,PRD01002,1,Size/Fit Issue,98.3
RET2025003749,2025-02-06,SAL20250035070,STR021,PRD00438,1,Wrong Item Delivered,638.02
RET2025003750,2025-03-15,SAL20250078135,STR022,PRD00539,1,Defective Item,69.32
RET2025003751,2025-07-19,SAL20250079344,STR015,PRD00793,1,Size/Fit Issue,2445.38
RET2025003752,2025-01-19,SAL20250095603,STR028,PRD01096,1,Size/Fit Issue,3066.12
RET2025003753,2025-01-10,SAL20250098856,STR010,PRD00500,1,Defective Item,936.13
RET2025003754,2025-02-12,SAL20250073364,STR009,PRD01102,1,Customer Changed Mind,845.86
RET2025003755,2025-12-23,SAL20250033335,STR016,PRD00934,1,Defective Item,3207.23
RET2025003756,2025-07-18,SAL20250027584,STR022,PRD00058,1,Defective Item,3380.1
RET2025003757,2025-12-12,SAL20250084946,STR028,PRD00023,1,Wrong Item Delivered,6541.47
RET2025003758,2025-10-16,SAL20250045966,STR007,PRD00128,2,Defective Item,27345.44
RET2025003759,2025-10-01,SAL20250092508,STR010,PRD00614,1,Wrong Item Delivered,52.25
RET2025003760,2025-09-27,SAL20250062124,STR013,PRD01043,1,Defective Item,134.43
RET2025003761,2025-04-08,SAL20250069329,STR012,PRD00867,1,Defective Item,798.49
RET2025003762,2025-03-04,SAL20250003991,STR041,PRD00360,1,Wrong Item Delivered,505.68
RET2025003763,2025-08-15,SAL20250008161,STR035,PRD00493,1,Defective Item,517.33
RET2025003764,2025-03-08,SAL20250046831,STR017,PRD00169,1,Defective Item,8761.68
RET2025003765,2025-01-11,SAL20250076389,STR003,PRD00419,2,Defective Item,1900.32
RET2025003766,2025-09-15,SAL20250061765,STR029,PRD00218,1,Size/Fit Issue,7357.64
RET2025003767,2025-03-01,SAL20250053019,STR021,PRD01089,2,Size/Fit Issue,17340.26
RET2025003768,2025-09-22,SAL20250056475,STR018,PRD01178,1,Size/Fit Issue,5467.45
RET2025003769,2025-06-22,SAL20250058486,STR032,PRD00922,1,Size/Fit Issue,953.09
RET2025003770,2025-04-11,SAL20250081359,STR016,PRD00582,1,Defective Item,535.32
RET2025003771,2025-12-06,SAL20250052348,STR020,PRD00653,1,Defective Item,614.39
RET2025003772,2025-06-05,SAL20250093062,STR009,PRD00143,2,Defective Item,23220.12
RET2025003773,2025-12-07,SAL20250099940,STR031,PRD00540,1,Wrong Item Delivered,550.54
RET2025003774,2025-11-26,SAL20250045619,STR028,PRD00376,1,Size/Fit Issue,1476.13
RET2025003775,2025-06-02,SAL20250015560,STR038,PRD00780,1,Size/Fit Issue,1384.22
RET2025003776,2025-10-24,SAL20250036340,STR015,PRD01165,1,Damaged in Transit,6335.51
RET2025003777,2025-11-23,SAL20250097512,STR002,PRD00999,1,Defective Item,1102.59
RET2025003778,2025-10-03,SAL20250030486,STR003,PRD00772,1,Wrong Item Delivered,988.94
RET2025003779,2025-01-20,SAL20250081473,STR008,PRD01150,1,Damaged in Transit,4074.75
RET2025003780,2025-12-27,SAL20250058000,STR009,PRD00608,1,Size/Fit Issue,314.95
RET2025003781,2025-05-24,SAL20250036704,STR034,PRD00957,1,Defective Item,157.86
RET2025003782,2025-06-08,SAL20250031756,STR018,PRD00709,1,Defective Item,232.93
RET2025003783,2025-03-31,SAL20250067713,STR005,PRD00481,1,Wrong Item Delivered,391.79
RET2025003784,2025-12-20,SAL20250090234,STR028,PRD00171,1,Wrong Item Delivered,6232.31
RET2025003785,2025-10-21,SAL20250038020,STR011,PRD00979,1,Damaged in Transit,62.69
RET2025003786,2025-04-30,SAL20250092522,STR025,PRD01008,1,Defective Item,227.58
RET2025003787,2025-12-10,SAL20250015571,STR038,PRD00069,1,Size/Fit Issue,11744.39
RET2025003788,2025-01-20,SAL20250074177,STR023,PRD00881,1,Defective Item,802.33
RET2025003789,2025-09-24,SAL20250051311,STR022,PRD00522,1,Damaged in Transit,1139.79
RET2025003790,2025-09-06,SAL20250024767,STR012,PRD01119,1,Damaged in Transit,9164.59
RET2025003791,2025-06-12,SAL20250004062,STR014,PRD00986,1,Wrong Item Delivered,156.79
RET2025003792,2025-02-04,SAL20250033994,STR037,PRD00335,1,Customer Changed Mind,1156.98
RET2025003793,2025-10-30,SAL20250005319,STR037,PRD00743,1,Damaged in Transit,1675.83
RET2025003794,2025-05-25,SAL20250047713,STR032,PRD01089,1,Wrong Item Delivered,8670.13
RET2025003795,2025-12-05,SAL20250008717,STR034,PRD01168,1,Customer Changed Mind,4286.69
RET2025003796,2025-01-18,SAL20250075297,STR031,PRD00883,1,Defective Item,2575.75
RET2025003797,2025-03-24,SAL20250092504,STR001,PRD00178,1,Wrong Item Delivered,9669.95
RET2025003798,2025-07-14,SAL20250057306,STR040,PRD00356,1,Defective Item,1354.34
RET2025003799,2025-05-06,SAL20250068130,STR026,PRD00977,1,Wrong Item Delivered,417.51
RET2025003800,2025-05-27,SAL20250035094,STR039,PRD00477,1,Defective Item,121.21
RET2025003801,2025-11-14,SAL20250060132,STR007,PRD00004,1,Size/Fit Issue,18331.36
RET2025003802,2025-07-04,SAL20250018021,STR028,PRD01169,1,Defective Item,6625.23
RET2025003803,2025-03-14,SAL20250012940,STR011,PRD00876,1,Customer Changed Mind,2635.68
RET2025003804,2025-03-10,SAL20250046881,STR033,PRD00297,1,Wrong Item Delivered,1248.97
RET2025003805,2025-05-01,SAL20250024735,STR034,PRD00443,1,Size/Fit Issue,206.94
RET2025003806,2025-03-18,SAL20250027527,STR020,PRD01006,1,Wrong Item Delivered,849.47
RET2025003807,2025-04-11,SAL20250031544,STR008,PRD00293,1,Customer Changed Mind,859.61
RET2025003808,2025-10-13,SAL20250049888,STR036,PRD00886,1,Defective Item,1331.79
RET2025003809,2025-07-21,SAL20250048535,STR035,PRD00473,1,Wrong Item Delivered,113.62
RET2025003810,2025-10-22,SAL20250033260,STR032,PRD00789,1,Defective Item,4846.68
RET2025003811,2025-02-11,SAL20250038171,STR010,PRD00349,1,Size/Fit Issue,152.26
RET2025003812,2025-07-16,SAL20250005729,STR019,PRD00726,2,Wrong Item Delivered,4343.44
RET2025003813,2025-03-15,SAL20250014236,STR039,PRD00881,1,Wrong Item Delivered,802.33
RET2025003814,2025-05-26,SAL20250038465,STR037,PRD00803,1,Customer Changed Mind,2033.91
RET2025003815,2025-06-03,SAL20250051921,STR025,PRD01041,1,Defective Item,954.2
RET2025003816,2025-01-19,SAL20250001580,STR003,PRD00903,1,Size/Fit Issue,433.92
RET2025003817,2025-10-09,SAL20250034254,STR004,PRD00734,1,Customer Changed Mind,817.34
RET2025003818,2025-09-04,SAL20250089335,STR010,PRD00773,1,Defective Item,733.06
RET2025003819,2025-11-03,SAL20250013021,STR015,PRD00141,1,Wrong Item Delivered,2559.21
RET2025003820,2025-08-21,SAL20250086938,STR004,PRD00742,1,Defective Item,3993.24
RET2025003821,2025-03-09,SAL20250027752,STR026,PRD00333,1,Wrong Item Delivered,1043.83
RET2025003822,2025-10-13,SAL20250092020,STR009,PRD01145,1,Size/Fit Issue,3609.72
RET2025003823,2025-12-10,SAL20250024322,STR019,PRD01197,1,Size/Fit Issue,2167.83
RET2025003824,2025-06-22,SAL20250045110,STR039,PRD01007,1,Size/Fit Issue,886.03
RET2025003825,2025-09-10,SAL20250000642,STR036,PRD00611,1,Defective Item,51.03
RET2025003826,2025-01-22,SAL20250082315,STR015,PRD01098,1,Wrong Item Delivered,1920.11
RET2025003827,2025-04-01,SAL20250074045,STR038,PRD01123,1,Size/Fit Issue,3145.87
RET2025003828,2025-02-11,SAL20250010354,STR021,PRD01120,2,Customer Changed Mind,17939.02
RET2025003829,2025-02-25,SAL20250028141,STR018,PRD00378,2,Wrong Item Delivered,1334.72
RET2025003830,2025-12-13,SAL20250039887,STR009,PRD00315,1,Size/Fit Issue,452.88
RET2025003831,2025-12-04,SAL20250002730,STR013,PRD00778,1,Customer Changed Mind,875.87
RET2025003832,2025-11-12,SAL20250014869,STR019,PRD00082,1,Defective Item,9499.68
RET2025003833,2025-12-12,SAL20250010435,STR005,PRD00940,1,Customer Changed Mind,57.11
RET2025003834,2025-11-19,SAL20250038663,STR039,PRD00843,1,Size/Fit Issue,1073.63
RET2025003835,2025-03-17,SAL20250030065,STR009,PRD00042,2,Size/Fit Issue,31550.98
RET2025003836,2025-07-15,SAL20250058986,STR039,PRD00297,2,Defective Item,2497.94
RET2025003837,2025-09-11,SAL20250065241,STR005,PRD00252,1,Defective Item,10910.07
RET2025003838,2025-04-17,SAL20250001847,STR014,PRD01094,1,Defective Item,7758.5
RET2025003839,2025-12-19,SAL20250041628,STR026,PRD01126,2,Wrong Item Delivered,-5862.08
RET2025003840,2025-10-10,SAL20250031492,STR031,PRD00312,1,Damaged in Transit,662.59
RET2025003841,2025-05-06,SAL20250050118,STR036,PRD00952,1,Size/Fit Issue,892.13
RET2025003842,2025-06-02,SAL20250071718,STR037,PRD00211,1,Defective Item,6731.6
RET2025003843,2025-09-20,SAL20250056985,STR010,PRD00868,2,Size/Fit Issue,2900.66
RET2025003844,2025-03-17,SAL20250032533,STR013,PRD00379,1,Size/Fit Issue,660.61
RET2025003845,2025-04-04,SAL20250031700,STR011,PRD00543,1,Defective Item,579.45
RET2025003846,2025-07-11,SAL20250038038,STR014,PRD01001,2,Wrong Item Delivered,631.08
RET2025003847,2025-11-04,SAL20250051981,STR008,PRD00505,1,Defective Item,1140.95
RET2025003848,2025-11-02,SAL20250030510,STR004,PRD01199,1,Defective Item,6549.57
RET2025003849,2025-07-01,SAL20250074633,STR040,PRD00318,1,Defective Item,184.33
RET2025003850,2025-11-15,SAL20250085588,STR018,PRD00830,1,Customer Changed Mind,1783.32
RET2025003851,2025-03-26,SAL20250030752,STR033,PRD01045,1,Customer Changed Mind,910.12
RET2025003852,2025-03-26,SAL20250050574,STR027,PRD00875,2,Defective Item,516.88
RET2025003853,2025-06-20,SAL20250040155,STR036,PRD00834,1,Wrong Item Delivered,1440.43
RET2025003854,2025-02-07,SAL20250059631,STR015,PRD00928,2,Size/Fit Issue,5007.74
RET2025003855,2025-04-26,SAL20250000785,STR023,PRD00076,1,Size/Fit Issue,13611.14
RET2025003856,2025-01-30,SAL20250056117,STR016,PRD00408,1,Defective Item,1017.09
RET2025003857,2025-04-22,SAL20250028678,STR032,PRD00035,1,Size/Fit Issue,7229.47
RET2025003858,2025-10-07,SAL20250001025,STR033,PRD00717,2,Wrong Item Delivered,805.08
RET2025003859,2025-04-18,SAL20250060756,STR036,PRD00670,1,Damaged in Transit,-3171.53
RET2025003860,2025-12-22,SAL20250033870,STR002,PRD00924,1,Size/Fit Issue,261.16
RET2025003861,2025-12-14,SAL20250034244,STR008,PRD00525,1,Size/Fit Issue,76.55
RET2025003862,2025-06-26,SAL20250091539,STR020,PRD00773,2,Wrong Item Delivered,1466.12
RET2025003863,2025-09-27,SAL20250076296,STR025,PRD00501,1,Damaged in Transit,707.96
RET2025003864,2025-03-07,SAL20250008263,STR035,PRD00463,1,Size/Fit Issue,933.21
RET2025003865,2025-07-21,SAL20250093177,STR004,PRD01193,1,Customer Changed Mind,1712.13
RET2025003866,2025-06-27,SAL20250080826,STR004,PRD00150,3,Defective Item,3864.09
RET2025003867,2025-05-07,SAL20250012266,STR023,PRD00622,2,Defective Item,1288.0
RET2025003868,2025-12-31,SAL20250066079,STR034,PRD00756,1,Wrong Item Delivered,3090.95
RET2025003869,2025-05-25,SAL20250092422,STR027,PRD00237,1,Size/Fit Issue,9971.54
RET2025003870,2025-08-30,SAL20250007446,STR030,PRD00609,1,Damaged in Transit,338.3
RET2025003871,2025-12-16,SAL20250084634,STR004,PRD00069,1,Customer Changed Mind,11744.39
RET2025003872,2025-09-07,SAL20250066545,STR020,PRD01067,1,Wrong Item Delivered,922.58
RET2025003873,2025-07-04,SAL20250020273,STR010,PRD01026,1,Damaged in Transit,512.0
RET2025003874,2025-09-11,SAL20250041931,STR013,PRD00184,1,Defective Item,3565.48
RET2025003875,2025-09-27,SAL20250072319,STR017,PRD00064,1,Defective Item,2458.4
RET2025003876,2025-11-03,SAL20250034059,STR025,PRD00078,1,Defective Item,9036.37
RET2025003877,2025-06-23,SAL20250016641,STR033,PRD00655,2,Wrong Item Delivered,151.78
RET2025003878,2025-02-20,SAL20250068035,STR034,PRD00650,2,Defective Item,858.46
RET2025003879,2025-07-04,SAL20250027235,STR002,PRD00426,1,Wrong Item Delivered,496.18
RET2025003880,2025-02-16,SAL20250072438,STR003,PRD00508,2,Wrong Item Delivered,250.42
RET2025003881,2025-08-09,SAL20250099108,STR007,PRD01081,3,Wrong Item Delivered,22326.0
RET2025003882,2025-07-19,SAL20250083845,STR028,PRD00724,1,Defective Item,2856.14
RET2025003883,2025-03-10,SAL20250012656,STR003,PRD00779,1,Defective Item,1606.83
RET2025003884,2025-01-25,SAL20250051482,STR009,PRD00164,1,Wrong Item Delivered,7383.75
RET2025003885,2025-03-04,SAL20250008358,STR020,PRD00495,2,Customer Changed Mind,424.28
RET2025003886,2025-09-11,SAL20250076706,STR032,PRD00923,1,Size/Fit Issue,3811.45
RET2025003887,2025-06-19,SAL20250084446,STR039,PRD00060,1,Defective Item,15273.35
RET2025003888,2025-07-22,SAL20250041416,STR016,PRD00876,1,Wrong Item Delivered,2635.68
RET2025003889,2025-09-30,SAL20250049477,STR022,PRD00496,1,Damaged in Transit,1047.75
RET2025003890,2025-05-17,SAL20250077990,STR004,PRD00084,1,Defective Item,11056.09
RET2025003891,2025-05-16,SAL20250020756,STR012,PRD00842,2,Wrong Item Delivered,2645.74
RET2025003892,2025-05-10,SAL20250006842,STR013,PRD00449,1,Wrong Item Delivered,236.21
RET2025003893,2025-07-27,SAL20250091033,STR017,PRD00909,1,Customer Changed Mind,1266.46
RET2025003894,2025-05-06,SAL20250039750,STR004,PRD01006,1,Wrong Item Delivered,849.47
RET2025003895,2025-08-29,SAL20250063273,STR033,PRD01097,1,Defective Item,4205.24
RET2025003896,2025-11-23,SAL20250094341,STR021,PRD00739,1,Size/Fit Issue,2279.96
RET2025003897,2025-04-25,SAL20250023910,STR023,PRD01065,1,Size/Fit Issue,936.71
RET2025003898,2025-08-23,SAL20250098644,STR015,PRD01167,1,Damaged in Transit,1364.58
RET2025003899,2025-04-20,SAL20250025218,STR015,PRD00322,1,Defective Item,839.74
RET2025003900,2025-03-01,SAL20250075632,STR023,PRD01065,2,Customer Changed Mind,1873.42
RET2025003901,2025-04-23,SAL20250075680,STR020,PRD01137,1,Size/Fit Issue,2009.09
RET2025003902,2025-05-25,SAL20250015255,STR025,PRD00624,1,Customer Changed Mind,124.7
RET2025003903,2025-04-06,SAL20250001521,STR027,PRD00812,1,Defective Item,3142.68
RET2025003904,2025-03-02,SAL20250063763,STR018,PRD00768,1,Size/Fit Issue,281.0
RET2025003905,2025-08-03,SAL20250008629,STR016,PRD00441,1,Defective Item,853.01
RET2025003906,2025-12-20,SAL20250063926,STR009,PRD00951,1,Defective Item,594.37
RET2025003907,2025-10-31,SAL20250003279,STR023,PRD00931,1,Wrong Item Delivered,1839.81
RET2025003908,2025-11-08,SAL20250031283,STR036,PRD00220,1,Wrong Item Delivered,5859.46
RET2025003909,2025-04-11,SAL20250084704,STR031,PRD00115,1,Defective Item,5778.27
RET2025003910,2025-05-28,SAL20250034380,STR037,PRD00094,1,Defective Item,15405.56
RET2025003911,2025-06-18,SAL20250022618,STR035,PRD00409,1,Defective Item,950.85
RET2025003912,2025-09-03,SAL20250004843,STR017,PRD00532,1,Size/Fit Issue,1039.03
RET2025003913,2025-11-20,SAL20250010451,STR001,PRD00341,1,Wrong Item Delivered,977.08
RET2025003914,2025-02-15,SAL20250005672,STR025,PRD01032,1,Defective Item,117.65
RET2025003915,2025-07-24,SAL20250002548,STR026,PRD00770,1,Customer Changed Mind,1474.46
RET2025003916,2025-10-15,SAL20250028212,STR004,PRD00958,1,Defective Item,274.5
RET2025003917,2025-05-15,SAL20250015553,STR006,PRD00201,1,Defective Item,2838.89
RET2025003918,2025-03-20,SAL20250011740,STR031,PRD00265,1,Defective Item,4797.2
RET2025003919,2025-01-30,SAL20250015493,STR017,PRD00723,1,Wrong Item Delivered,1757.3
RET2025003920,2025-08-09,SAL20250085445,STR011,PRD00553,1,Damaged in Transit,150.28
RET2025003921,2025-03-28,SAL20250019467,STR009,PRD00795,1,Defective Item,965.34
RET2025003922,2025-02-11,SAL20250011348,STR001,PRD00780,1,Wrong Item Delivered,1384.22
RET2025003923,2025-07-04,SAL20250096702,STR023,PRD01024,1,Damaged in Transit,129.44
RET2025003924,2025-02-27,SAL20250015009,STR002,PRD00587,1,Defective Item,250.15
RET2025003925,2025-08-06,SAL20250095280,STR020,PRD00201,1,Defective Item,2838.89
RET2025003926,2025-04-23,SAL20250073379,STR012,PRD00218,2,Size/Fit Issue,14715.28
RET2025003927,2025-10-09,SAL20250006563,STR022,PRD00165,1,Customer Changed Mind,10264.9
RET2025003928,2025-04-27,SAL20250092442,STR040,PRD00766,1,Defective Item,1923.71
RET2025003929,2025-10-29,SAL20250012489,STR015,PRD00605,1,Size/Fit Issue,66.61
RET2025003930,2025-07-29,SAL20250091547,STR002,PRD00492,2,Defective Item,863.44
RET2025003931,2025-10-20,SAL20250090708,STR004,PRD01044,1,Defective Item,762.23
RET2025003932,2025-12-25,SAL20250011325,STR032,PRD00081,2,Customer Changed Mind,39777.08
RET2025003933,2025-02-07,SAL20250068633,STR031,PRD00136,1,Wrong Item Delivered,8242.41
RET2025003934,2025-03-30,SAL20250080423,STR034,PRD00816,1,Customer Changed Mind,1448.92
RET2025003935,2025-03-01,SAL20250066354,STR034,PRD00722,1,Wrong Item Delivered,2039.88
RET2025003936,2025-02-13,SAL20250090158,STR004,PRD00395,1,Wrong Item Delivered,562.56
RET2025003937,2025-04-15,SAL20250091805,STR041,PRD00069,2,Wrong Item Delivered,23488.78
RET2025003938,2025-06-13,SAL20250083586,STR001,PRD00414,1,Size/Fit Issue,546.79
RET2025003939,2025-07-14,SAL20250068983,STR033,PRD00454,1,Wrong Item Delivered,238.81
RET2025003940,2025-07-15,SAL20250042569,STR031,PRD00144,1,Customer Changed Mind,7333.73
RET2025003941,2025-05-15,SAL20250001294,STR002,PRD00447,1,Size/Fit Issue,458.65
RET2025003942,2025-12-04,SAL20250013435,STR009,PRD01186,1,Wrong Item Delivered,3042.91
RET2025003943,2025-07-08,SAL20250082707,STR002,PRD01078,1,Size/Fit Issue,2107.38
RET2025003944,2025-12-25,SAL20250085452,STR037,PRD00700,1,Wrong Item Delivered,4752.07
RET2025003945,2025-11-28,SAL20250059936,STR012,PRD00627,1,Wrong Item Delivered,670.0
RET2025003946,2025-11-15,SAL20250074677,STR008,PRD01145,1,Size/Fit Issue,3609.72
RET2025003947,2025-10-11,SAL20250099261,STR007,PRD00546,2,Defective Item,1708.86
RET2025003948,2025-01-11,SAL20250086951,STR008,PRD01150,1,Customer Changed Mind,4074.75
RET2025003949,2025-10-12,SAL20250021939,STR029,PRD01003,2,Defective Item,557.8
RET2025003950,2025-10-25,SAL20250048149,STR013,PRD00839,1,Wrong Item Delivered,2839.58
RET2025003951,2025-07-09,SAL20250003522,STR011,PRD00866,1,Damaged in Transit,1023.05
RET2025003952,2025-10-07,SAL20250089603,STR017,PRD00552,1,Size/Fit Issue,296.06
RET2025003953,2025-04-06,SAL20250073587,STR002,PRD00249,1,Defective Item,4858.0
RET2025003954,2025-05-12,SAL20250069188,STR025,PRD00182,1,Size/Fit Issue,1682.57
RET2025003955,2025-08-29,SAL20250069435,STR032,PRD00913,1,Size/Fit Issue,3252.33
RET2025003956,2025-11-14,SAL20250017367,STR011,PRD00665,1,Customer Changed Mind,157.57
RET2025003957,2025-11-15,SAL20250012997,STR004,PRD00416,1,Size/Fit Issue,833.51
RET2025003958,2025-10-19,SAL20250090210,STR025,PRD01116,2,Defective Item,1584.74
RET2025003959,2025-03-07,SAL20250001162,STR016,PRD00783,1,Defective Item,2295.14
RET2025003960,2025-02-18,SAL20250035142,STR022,PRD00790,1,Wrong Item Delivered,1379.35
RET2025003961,2025-01-08,SAL20250042066,STR020,PRD00201,1,Defective Item,2838.89
RET2025003962,2025-07-31,SAL20250082044,STR032,PRD00677,1,Size/Fit Issue,1193.37
RET2025003963,2025-04-07,SAL20250019921,STR010,PRD00548,1,Wrong Item Delivered,172.01
RET2025003964,2025-06-11,SAL20250096125,STR010,PRD00062,2,Defective Item,42146.46
RET2025003965,2025-01-25,SAL20250032669,STR015,PRD00545,1,Defective Item,450.85
RET2025003966,2025-12-19,SAL20250053983,STR014,PRD00424,2,Defective Item,857.46
RET2025003967,2025-05-19,SAL20250035946,STR031,PRD00308,2,Defective Item,747.9
RET2025003968,2025-06-27,SAL20250074753,STR002,PRD00417,1,Damaged in Transit,788.29
RET2025003969,2025-05-29,SAL20250086568,STR039,PRD01049,1,Wrong Item Delivered,225.77
RET2025003970,2025-03-14,SAL20250089727,STR007,PRD00421,1,Defective Item,579.98
RET2025003971,2025-07-25,SAL20250076211,STR015,PRD00528,2,Wrong Item Delivered,2236.08
RET2025003972,2025-03-08,SAL20250092460,STR004,PRD00365,1,Wrong Item Delivered,693.15
RET2025003973,2025-09-17,SAL20250031492,STR030,PRD00834,2,Damaged in Transit,2880.86
RET2025003974,2025-11-10,SAL20250009849,STR030,PRD01059,1,Defective Item,553.69
RET2025003975,2025-10-09,SAL20250026447,STR033,PRD00447,1,Defective Item,458.65
RET2025003976,2025-05-15,SAL20250064146,STR009,PRD00651,1,Size/Fit Issue,368.8
RET2025003977,2025-03-29,SAL20250068020,STR033,PRD01180,2,Wrong Item Delivered,18259.24
RET2025003978,2025-03-04,SAL20250035226,STR030,PRD00537,1,Damaged in Transit,133.85
RET2025003979,2025-04-01,SAL20250070396,STR032,PRD00524,1,Defective Item,128.85
RET2025003980,2025-05-19,SAL20250082629,STR027,PRD00420,1,Defective Item,876.02
RET2025003981,2025-06-14,SAL20250086340,STR012,PRD00184,1,Size/Fit Issue,3565.48
RET2025003982,2025-06-24,SAL20250067233,STR032,PRD00914,2,Defective Item,6921.2
RET2025003983,2025-09-29,SAL20250048572,STR006,PRD00214,1,Damaged in Transit,9551.75
RET2025003984,2025-02-21,SAL20250018311,STR018,PRD00590,1,Customer Changed Mind,353.62
RET2025003985,2025-06-18,SAL20250015089,STR027,PRD00068,2,Customer Changed Mind,21554.12
RET2025003986,2025-02-04,SAL20250085055,STR020,PRD00738,1,Size/Fit Issue,984.8
RET2025003987,2025-07-27,SAL20250066642,STR039,PRD00906,2,Customer Changed Mind,6898.96
RET2025003988,2025-07-08,SAL20250053761,STR009,PRD00518,1,Wrong Item Delivered,1000.64
RET2025003989,2025-10-29,SAL20250067370,STR007,PRD00778,1,Wrong Item Delivered,875.87
RET2025003990,2025-09-08,SAL20250036547,STR008,PRD00313,1,Wrong Item Delivered,1406.36
RET2025003991,2025-09-01,SAL20250077785,STR033,PRD00805,1,Wrong Item Delivered,3870.93
RET2025003992,2025-02-10,SAL20250017024,STR032,PRD01086,1,Defective Item,5541.98
RET2025003993,2025-03-24,SAL20250087530,STR012,PRD00781,1,Defective Item,2809.53
RET2025003994,2025-11-03,SAL20250050513,STR003,PRD01134,1,Defective Item,5914.46
RET2025003995,2025-04-04,SAL20250065981,STR034,PRD01087,1,Defective Item,7006.0
RET2025003996,2025-08-19,SAL20250069305,STR001,PRD00083,2,Defective Item,18738.62
RET2025003997,2025-05-31,SAL20250085611,STR020,PRD01078,2,Defective Item,4214.76
RET2025003998,2025-08-14,SAL20250057146,STR029,PRD00674,1,Customer Changed Mind,2861.74
RET2025003999,2025-01-09,SAL20250084313,STR029,PRD00499,1,Defective Item,309.01
RET2025004000,2025-09-27,SAL20250044866,STR033,PRD00158,1,Defective Item,3798.87
RET2025004001,2025-08-22,SAL20250068868,STR013,PRD00209,1,Size/Fit Issue,4015.2
RET2025004002,2025-03-25,SAL20250038236,STR001,PRD00086,1,Damaged in Transit,22194.93
RET2025004003,2025-03-10,SAL20250059293,STR030,PRD00270,1,Defective Item,1213.51
RET2025004004,2025-10-05,SAL20250089639,STR029,PRD00381,1,Size/Fit Issue,931.15
RET2025004005,2025-08-31,SAL20250085767,STR036,PRD00835,1,Defective Item,1480.55
RET2025004006,2025-02-24,SAL20250046828,STR023,PRD00364,1,Wrong Item Delivered,296.2
RET2025004007,2025-07-01,SAL20250018421,STR037,PRD00573,1,Defective Item,44.75
RET2025004008,2025-12-08,SAL20250090114,STR039,PRD00759,3,Customer Changed Mind,12857.7
RET2025004009,2025-05-05,SAL20250001695,STR017,PRD00684,1,Defective Item,3989.77
RET2025004010,2025-11-03,SAL20250087157,STR023,PRD01045,1,Size/Fit Issue,910.12
RET2025004011,2025-04-18,SAL20250069145,STR034,PRD00580,1,Damaged in Transit,372.59
RET2025004012,2025-08-27,SAL20250034581,STR034,PRD01120,1,Size/Fit Issue,8969.51
RET2025004013,2025-09-10,SAL20250019240,STR014,PRD00335,1,Wrong Item Delivered,1156.98
RET2025004014,2025-05-12,SAL20250060579,STR011,PRD00475,2,Customer Changed Mind,1499.42
RET2025004015,2025-03-28,SAL20250079369,STR001,PRD00593,1,Defective Item,596.07
RET2025004016,2025-02-20,SAL20250079183,STR019,PRD01125,1,Size/Fit Issue,3015.8
RET2025004017,2025-03-18,SAL20250087853,STR036,PRD00086,1,Defective Item,22194.93
RET2025004018,2025-10-17,SAL20250089945,STR035,PRD00610,1,Defective Item,637.82
RET2025004019,2025-03-24,SAL20250099456,STR020,PRD00400,1,Customer Changed Mind,920.96
RET2025004020,2025-09-19,SAL20250042237,STR008,PRD00041,1,Wrong Item Delivered,19732.0
RET2025004021,2025-06-19,SAL20250044556,STR012,PRD00103,1,Customer Changed Mind,4104.09
RET2025004022,2025-12-07,SAL20250010584,STR006,PRD00102,1,Customer Changed Mind,21236.57
RET2025004023,2025-03-04,SAL20250010366,STR022,PRD00428,1,Size/Fit Issue,311.12
RET2025004024,2025-02-15,SAL20250070215,STR018,PRD00140,1,Customer Changed Mind,6378.06
RET2025004025,2025-12-17,SAL20250082182,STR013,PRD00789,1,Defective Item,4846.68
RET2025004026,2025-12-05,SAL20250035806,STR023,PRD00942,1,Wrong Item Delivered,93.87
RET2025004027,2025-06-06,SAL20250079030,STR007,PRD01129,1,Wrong Item Delivered,691.29
RET2025004028,2025-09-04,SAL20250079565,STR028,PRD00275,1,Defective Item,1560.95
RET2025004029,2025-03-02,SAL20250098859,STR011,PRD01099,1,Size/Fit Issue,4242.7
RET2025004030,2025-08-02,SAL20250051966,STR032,PRD01014,2,Defective Item,2246.18
RET2025004031,2025-06-22,SAL20250053985,STR035,PRD01146,1,Customer Changed Mind,2954.25
RET2025004032,2025-03-15,SAL20250035670,STR009,PRD00851,1,Customer Changed Mind,2659.29
RET2025004033,2025-05-19,SAL20250056407,STR034,PRD00197,2,Size/Fit Issue,9699.78
RET2025004034,2025-12-24,SAL20250036260,STR036,PRD01100,2,Defective Item,13530.24
RET2025004035,2025-08-02,SAL20250006045,STR008,PRD00360,1,Size/Fit Issue,505.68
RET2025004036,2025-04-12,SAL20250042799,STR038,PRD00731,1,Wrong Item Delivered,2513.85
RET2025004037,2025-01-07,SAL20250043271,STR014,PRD00264,1,Defective Item,4452.38
RET2025004038,2025-03-29,SAL20250015910,STR007,PRD00154,1,Wrong Item Delivered,614.66
RET2025004039,2025-01-17,SAL20250040945,STR002,PRD00736,1,Wrong Item Delivered,1942.77
RET2025004040,2025-10-22,SAL20250054063,STR023,PRD00653,1,Defective Item,614.39
RET2025004041,2025-10-31,SAL20250059385,STR015,PRD00672,1,Defective Item,4427.9
RET2025004042,2025-03-26,SAL20250005877,STR002,PRD00532,1,Size/Fit Issue,1039.03
RET2025004043,2025-01-28,SAL20250032504,STR011,PRD01160,1,Defective Item,7696.75
RET2025004044,2025-07-09,SAL20250054076,STR038,PRD00978,1,Wrong Item Delivered,172.32
RET2025004045,2025-09-23,SAL20250022472,STR019,PRD00322,1,Customer Changed Mind,839.74
RET2025004046,2025-06-23,SAL20250028559,STR003,PRD00171,1,Customer Changed Mind,6232.31
RET2025004047,2025-01-26,SAL20250005874,STR012,PRD01174,1,Size/Fit Issue,4967.43
RET2025004048,2025-06-16,SAL20250043996,STR029,PRD00942,1,Size/Fit Issue,93.87
RET2025004049,2025-09-14,SAL20250095467,STR037,PRD00973,1,Defective Item,291.44
RET2025004050,2025-02-13,SAL20250023939,STR032,PRD01170,1,Wrong Item Delivered,1269.68
RET2025004051,2025-08-09,SAL20250000047,STR020,PRD00048,1,Wrong Item Delivered,26663.85
RET2025004052,2025-02-25,SAL20250029858,STR038,PRD00825,2,Wrong Item Delivered,4838.6
RET2025004053,2025-04-01,SAL20250026124,STR022,PRD00466,1,Size/Fit Issue,725.28
RET2025004054,2025-11-07,SAL20250049146,STR026,PRD00396,1,Defective Item,713.53
RET2025004055,2025-07-09,SAL20250011640,STR031,PRD00340,2,Wrong Item Delivered,1913.28
RET2025004056,2025-02-06,SAL20250094252,STR038,PRD00303,1,Damaged in Transit,674.18
RET2025004057,2025-02-13,SAL20250044204,STR018,PRD00864,1,Defective Item,1725.02
RET2025004058,2025-10-04,SAL20250034146,STR037,PRD00455,1,Customer Changed Mind,683.36
RET2025004059,2025-12-06,SAL20250049810,STR016,PRD00143,1,Damaged in Transit,11610.06
RET2025004060,2025-01-08,SAL20250043075,STR034,PRD00604,1,Customer Changed Mind,254.69
RET2025004061,2025-07-17,SAL20250092621,STR001,PRD01042,1,Defective Item,143.52
RET2025004062,2025-06-03,SAL20250043175,STR036,PRD00680,2,Customer Changed Mind,7800.98
RET2025004063,2025-06-11,SAL20250046388,STR025,PRD01088,1,Wrong Item Delivered,4543.5
RET2025004064,2025-01-10,SAL20250047940,STR013,PRD00571,1,Wrong Item Delivered,-201.22
RET2025004065,2025-06-21,SAL20250089073,STR030,PRD00695,1,Size/Fit Issue,2280.88
RET2025004066,2025-09-05,SAL20250016727,STR006,PRD00388,1,Defective Item,522.1
RET2025004067,2025-02-02,SAL20250027601,STR033,PRD00818,1,Customer Changed Mind,2330.04
RET2025004068,2025-03-20,SAL20250069559,STR017,PRD00743,1,Defective Item,1675.83
RET2025004069,2025-01-25,SAL20250069142,STR015,PRD00484,1,Wrong Item Delivered,678.16
RET2025004070,2025-01-08,SAL20250014544,STR023,PRD00320,1,Defective Item,273.23
RET2025004071,2025-12-30,SAL20250054180,STR014,PRD00046,1,Size/Fit Issue,12754.14
RET2025004072,2025-07-04,SAL20250085311,STR033,PRD01082,1,Wrong Item Delivered,1474.53
RET2025004073,2025-10-30,SAL20250080394,STR031,PRD00791,1,Customer Changed Mind,855.75
RET2025004074,2025-08-13,SAL20250007707,STR040,PRD00451,1,Wrong Item Delivered,641.37
RET2025004075,2025-09-12,SAL20250074187,STR021,PRD01064,1,Size/Fit Issue,155.0
RET2025004076,2025-07-16,SAL20250015360,STR016,PRD01059,1,Customer Changed Mind,553.69
RET2025004077,2025-12-27,SAL20250047697,STR027,PRD00721,1,Defective Item,2330.52
RET2025004078,2025-07-09,SAL20250030311,STR002,PRD00874,1,Size/Fit Issue,3195.38
RET2025004079,2025-08-05,SAL20250068026,STR022,PRD00792,2,Damaged in Transit,10178.66
RET2025004080,2025-06-14,SAL20250081211,STR034,PRD00341,1,Defective Item,977.08
RET2025004081,2025-06-16,SAL20250043355,STR034,PRD01113,1,Damaged in Transit,4340.13
RET2025004082,2025-05-29,SAL20250084253,STR030,PRD01003,1,Wrong Item Delivered,278.9
RET2025004083,2025-05-06,SAL20250020967,STR009,PRD00430,1,Size/Fit Issue,129.33
RET2025004084,2025-01-15,SAL20250002277,STR034,PRD00290,1,Defective Item,747.46
RET2025004085,2025-10-18,SAL20250072555,STR016,PRD01152,1,Defective Item,2969.91
RET2025004086,2025-03-02,SAL20250041718,STR003,PRD00009,1,Defective Item,10580.64
RET2025004087,2025-11-03,SAL20250023102,STR028,PRD01029,1,Wrong Item Delivered,762.26
RET2025004088,2025-03-02,SAL20250014899,STR018,PRD00767,1,Wrong Item Delivered,2122.92
RET2025004089,2025-09-03,SAL20250097761,STR019,PRD00658,1,Size/Fit Issue,338.62
RET2025004090,2025-03-09,SAL20250018314,STR007,PRD00938,1,Wrong Item Delivered,622.57
RET2025004091,2025-11-14,SAL20250069951,STR011,PRD00099,1,Size/Fit Issue,19924.5
RET2025004092,2025-11-07,SAL20250034902,STR024,PRD00294,2,Size/Fit Issue,2095.66
RET2025004093,2025-05-05,SAL20250099735,STR015,PRD00309,1,Defective Item,1344.75
RET2025004094,2025-06-07,SAL20250000462,STR041,PRD00771,1,Defective Item,2601.02
RET2025004095,2025-05-10,SAL20250017922,STR004,PRD01149,1,Defective Item,4599.19
RET2025004096,2025-12-06,SAL20250020396,STR015,PRD00681,1,Customer Changed Mind,4114.63
RET2025004097,2025-03-09,SAL20250080127,STR025,PRD00541,1,Customer Changed Mind,685.8
RET2025004098,2025-07-01,SAL20250024306,STR037,PRD00805,1,Wrong Item Delivered,3870.93
RET2025004099,2025-07-05,SAL20250051065,STR019,PRD00924,1,Wrong Item Delivered,261.16
RET2025004100,2025-11-13,SAL20250070406,STR032,PRD00868,1,Size/Fit Issue,1450.33
RET2025004101,2025-10-29,SAL20250023082,STR004,PRD00691,1,Size/Fit Issue,1815.13
RET2025004102,2025-09-25,SAL20250090344,STR031,PRD01169,1,Defective Item,6625.23
RET2025004103,2025-05-14,SAL20250063956,STR019,PRD00886,1,Defective Item,1331.79
RET2025004104,2025-04-29,SAL20250040141,STR036,PRD00661,1,Customer Changed Mind,443.39
RET2025004105,2025-04-18,SAL20250010509,STR005,PRD00480,2,Size/Fit Issue,206.5
RET2025004106,2025-10-25,SAL20250012936,STR033,PRD00965,1,Defective Item,67.67
RET2025004107,2025-12-15,SAL20250095689,STR032,PRD00001,1,Wrong Item Delivered,21322.84
RET2025004108,2025-08-13,SAL20250092138,STR038,PRD01098,1,Defective Item,1920.11
RET2025004109,2025-10-16,SAL20250044054,STR023,PRD00189,1,Defective Item,8529.1
RET2025004110,2025-10-23,SAL20250042046,STR005,PRD00093,1,Defective Item,12459.16
RET2025004111,2025-11-12,SAL20250053667,STR027,PRD00825,1,Customer Changed Mind,2419.3
RET2025004112,2025-02-03,SAL20250012109,STR025,PRD01130,1,Defective Item,3164.31
RET2025004113,2025-06-29,SAL20250060118,STR034,PRD01080,2,Wrong Item Delivered,3443.76
RET2025004114,2025-09-25,SAL20250013731,STR017,PRD00999,1,Defective Item,1102.59
RET2025004115,2025-10-13,SAL20250046252,STR011,PRD00985,1,Size/Fit Issue,79.43
RET2025004116,2025-09-12,SAL20250071286,STR028,PRD00776,2,Defective Item,2291.48
RET2025004117,2025-04-04,SAL20250013477,STR041,PRD00248,2,Defective Item,19095.68
RET2025004118,2025-12-02,SAL20250042710,STR021,PRD00682,1,Defective Item,3799.71
RET2025004119,2025-04-05,SAL20250094441,STR009,PRD00262,3,Damaged in Transit,32263.2
RET2025004120,2025-05-08,SAL20250052394,STR037,PRD01014,1,Customer Changed Mind,1123.09
RET2025004121,2025-12-18,SAL20250019194,STR004,PRD00092,1,Wrong Item Delivered,6575.52
RET2025004122,2025-06-15,SAL20250041203,STR025,PRD00104,1,Size/Fit Issue,21587.41
RET2025004123,2025-09-27,SAL20250036585,STR032,PRD00335,1,Damaged in Transit,1156.98
RET2025004124,2025-10-05,SAL20250014107,STR027,PRD00796,2,Defective Item,-924.8
RET2025004125,2025-10-12,SAL20250047401,STR034,PRD00597,1,Defective Item,765.55
RET2025004126,2025-08-15,SAL20250077551,STR008,PRD00389,1,Customer Changed Mind,1606.86
RET2025004127,2025-08-25,SAL20250054504,STR033,PRD00496,1,Size/Fit Issue,1047.75
RET2025004128,2025-10-22,SAL20250047209,STR004,PRD00864,1,Defective Item,1725.02
RET2025004129,2025-07-20,SAL20250070755,STR030,PRD00086,1,Wrong Item Delivered,22194.93
RET2025004130,2025-03-23,SAL20250062247,STR012,PRD00425,1,Defective Item,878.01
RET2025004131,2025-08-21,SAL20250066791,STR032,PRD00117,2,Damaged in Transit,11307.58
RET2025004132,2025-12-25,SAL20250012249,STR017,PRD00785,1,Wrong Item Delivered,4604.98
RET2025004133,2025-12-31,SAL20250009109,STR027,PRD01194,1,Defective Item,6442.41
RET2025004134,2025-03-03,SAL20250023290,STR025,PRD01123,2,Defective Item,6291.74
RET2025004135,2025-05-08,SAL20250034312,STR002,PRD00046,1,Defective Item,12754.14
RET2025004136,2025-11-28,SAL20250018916,STR022,PRD00541,1,Defective Item,685.8
RET2025004137,2025-12-28,SAL20250073032,STR002,PRD00060,1,Size/Fit Issue,15273.35
RET2025004138,2025-03-10,SAL20250056400,STR003,PRD01070,1,Damaged in Transit,5540.5
RET2025004139,2025-07-09,SAL20250054975,STR034,PRD00155,1,Defective Item,2214.51
RET2025004140,2025-02-03,SAL20250063735,STR024,PRD00267,1,Defective Item,11328.41
RET2025004141,2025-03-10,SAL20250053617,STR002,PRD00439,1,Wrong Item Delivered,122.61
RET2025004142,2025-12-09,SAL20250066400,STR020,PRD00432,1,Size/Fit Issue,845.55
RET2025004143,2025-04-27,SAL20250060177,STR025,PRD00994,1,Wrong Item Delivered,1224.56
RET2025004144,2025-09-25,SAL20250058337,STR026,PRD00137,1,Customer Changed Mind,8245.04
RET2025004145,2025-09-22,SAL20250024032,STR036,PRD01115,1,Customer Changed Mind,4843.87
RET2025004146,2025-12-16,SAL20250059971,STR032,PRD01187,1,Size/Fit Issue,5464.91
RET2025004147,2025-07-30,SAL20250083603,STR020,PRD00263,1,Wrong Item Delivered,3207.01
RET2025004148,2025-06-28,SAL20250091992,STR008,PRD00320,1,Customer Changed Mind,273.23
RET2025004149,2025-10-17,SAL20250057210,STR018,PRD00628,1,Defective Item,365.09
RET2025004150,2025-04-14,SAL20250036895,STR023,PRD00397,2,Defective Item,1000.0
RET2025004151,2025-08-26,SAL20250001814,STR020,PRD00451,1,Size/Fit Issue,641.37
RET2025004152,2025-03-27,SAL20250035204,STR002,PRD00072,1,Defective Item,4522.2
RET2025004153,2025-09-01,SAL20250022189,STR041,PRD00704,2,Damaged in Transit,2371.6
RET2025004154,2025-07-19,SAL20250082519,STR007,PRD00758,2,Wrong Item Delivered,8750.04
RET2025004155,2025-10-05,SAL20250004374,STR033,PRD00889,1,Defective Item,2052.09
RET2025004156,2025-11-03,SAL20250054687,STR019,PRD00273,1,Damaged in Transit,1306.29
RET2025004157,2025-01-30,SAL20250039288,STR040,PRD00450,1,Size/Fit Issue,377.7
RET2025004158,2025-10-25,SAL20250036554,STR020,PRD00729,1,Size/Fit Issue,3595.95
RET2025004159,2025-03-04,SAL20250056978,STR002,PRD00832,2,Wrong Item Delivered,3719.5
RET2025004160,2025-06-18,SAL20250083933,STR019,PRD01150,1,Customer Changed Mind,4074.75
RET2025004161,2025-01-17,SAL20250049716,STR014,PRD00779,2,Wrong Item Delivered,3213.66
RET2025004162,2025-09-12,SAL20250053427,STR001,PRD01013,1,Wrong Item Delivered,214.89
RET2025004163,2025-11-15,SAL20250033462,STR005,PRD00052,1,Customer Changed Mind,1655.5
RET2025004164,2025-07-18,SAL20250028316,STR040,PRD01006,2,Size/Fit Issue,1698.94
RET2025004165,2025-05-25,SAL20250069047,STR025,PRD00446,1,Customer Changed Mind,1037.38
RET2025004166,2025-08-17,SAL20250050955,STR014,PRD01187,1,Size/Fit Issue,5464.91
RET2025004167,2025-11-24,SAL20250049843,STR036,PRD00144,1,Customer Changed Mind,7333.73
RET2025004168,2025-12-19,SAL20250052570,STR021,PRD01086,2,Customer Changed Mind,11083.96
RET2025004169,2025-03-11,SAL20250050499,STR007,PRD00569,1,Defective Item,219.4
RET2025004170,2025-02-23,SAL20250005190,STR024,PRD00513,1,Defective Item,111.04
RET2025004171,2025-04-20,SAL20250055479,STR015,PRD00011,1,Defective Item,13229.12
RET2025004172,2025-05-21,SAL20250096751,STR019,PRD00443,1,Defective Item,206.94
RET2025004173,2025-03-31,SAL20250023949,STR020,PRD01037,1,Damaged in Transit,431.13
RET2025004174,2025-05-15,SAL20250091113,STR015,PRD00902,1,Defective Item,258.19
RET2025004175,2025-06-04,SAL20250075036,STR004,PRD00578,1,Wrong Item Delivered,577.23
RET2025004176,2025-08-18,SAL20250095279,STR008,PRD00927,1,Damaged in Transit,799.32
RET2025004177,2025-03-31,SAL20250002711,STR003,PRD01072,1,Wrong Item Delivered,354.49
RET2025004178,2025-04-26,SAL20250018822,STR025,PRD00551,1,Wrong Item Delivered,585.58
RET2025004179,2025-02-17,SAL20250000600,STR030,PRD00542,1,Size/Fit Issue,534.65
RET2025004180,2025-08-27,SAL20250086627,STR031,PRD00401,1,Defective Item,743.9
RET2025004181,2025-03-13,SAL20250064129,STR021,PRD00467,1,Damaged in Transit,528.8
RET2025004182,2025-02-16,SAL20250095679,STR019,PRD01118,1,Defective Item,5734.69
RET2025004183,2025-12-15,SAL20250001880,STR037,PRD00923,1,Customer Changed Mind,3811.45
RET2025004184,2025-01-17,SAL20250025480,STR037,PRD00552,1,Size/Fit Issue,296.06
RET2025004185,2025-07-28,SAL20250066227,STR039,PRD01158,2,Wrong Item Delivered,15494.36
RET2025004186,2025-05-09,SAL20250048830,STR008,PRD00243,2,Wrong Item Delivered,3873.36
RET2025004187,2025-08-12,SAL20250025809,STR003,PRD00614,1,Customer Changed Mind,52.25
RET2025004188,2025-03-22,SAL20250035299,STR038,PRD00757,1,Size/Fit Issue,1608.8
RET2025004189,2025-06-16,SAL20250022140,STR038,PRD00266,1,Size/Fit Issue,13058.2
RET2025004190,2025-04-26,SAL20250039692,STR016,PRD00691,2,Customer Changed Mind,3630.26
RET2025004191,2025-06-04,SAL20250035755,STR032,PRD00426,1,Defective Item,496.18
RET2025004192,2025-01-27,SAL20250089260,STR013,PRD00347,1,Customer Changed Mind,1133.22
RET2025004193,2025-07-20,SAL20250098429,STR026,PRD00190,1,Damaged in Transit,12169.57
RET2025004194,2025-03-28,SAL20250057778,STR011,PRD01108,1,Customer Changed Mind,4924.79
RET2025004195,2025-05-18,SAL20250070318,STR020,PRD00444,1,Wrong Item Delivered,347.0
RET2025004196,2025-06-07,SAL20250074051,STR038,PRD01000,1,Wrong Item Delivered,495.66
RET2025004197,2025-08-03,SAL20250059047,STR014,PRD00375,1,Defective Item,650.42
RET2025004198,2025-07-30,SAL20250021969,STR036,PRD00209,1,Size/Fit Issue,4015.2
RET2025004199,2025-11-10,SAL20250079059,STR025,PRD00821,1,Damaged in Transit,2784.44
RET2025004200,2025-03-08,SAL20250027254,STR012,PRD01117,1,Damaged in Transit,2651.1
RET2025004201,2025-07-20,SAL20250026186,STR021,PRD01097,1,Damaged in Transit,4205.24
RET2025004202,2025-12-15,SAL20250058566,STR005,PRD00218,1,Size/Fit Issue,7357.64
RET2025004203,2025-02-16,SAL20250070759,STR014,PRD00708,1,Size/Fit Issue,2849.79
RET2025004204,2025-04-24,SAL20250018090,STR036,PRD00946,1,Wrong Item Delivered,937.06
RET2025004205,2025-08-03,SAL20250036009,STR033,PRD00699,1,Customer Changed Mind,2305.84
RET2025004206,2025-07-13,SAL20250015819,STR035,PRD00951,1,Wrong Item Delivered,594.37
RET2025004207,2025-07-08,SAL20250065632,STR033,PRD00813,2,Defective Item,6173.36
RET2025004208,2025-01-25,SAL20250093207,STR019,PRD00821,1,Size/Fit Issue,2784.44
RET2025004209,2025-01-15,SAL20250052000,STR034,PRD00007,1,Wrong Item Delivered,20090.22
RET2025004210,2025-10-21,SAL20250052196,STR032,PRD00677,1,Wrong Item Delivered,1193.37
RET2025004211,2025-04-12,SAL20250072710,STR021,PRD01140,2,Defective Item,11500.32
RET2025004212,2025-04-07,SAL20250059140,STR007,PRD00309,1,Defective Item,1344.75
RET2025004213,2025-04-28,SAL20250090255,STR016,PRD00630,1,Wrong Item Delivered,612.41
RET2025004214,2025-04-29,SAL20250041213,STR029,PRD00823,1,Customer Changed Mind,2558.98
RET2025004215,2025-10-11,SAL20250018056,STR015,PRD00024,1,Size/Fit Issue,23723.95
RET2025004216,2025-05-08,SAL20250019558,STR023,PRD01195,1,Defective Item,6990.3
RET2025004217,2025-12-30,SAL20250045306,STR024,PRD00017,1,Wrong Item Delivered,6386.7
RET2025004218,2025-08-14,SAL20250077712,STR034,PRD01093,1,Defective Item,4476.19
RET2025004219,2025-08-26,SAL20250024293,STR004,PRD01085,1,Damaged in Transit,7889.14
RET2025004220,2025-07-07,SAL20250018089,STR002,PRD01056,1,Wrong Item Delivered,449.88
RET2025004221,2025-03-28,SAL20250064140,STR037,PRD00124,1,Wrong Item Delivered,10921.57
RET2025004222,2025-11-03,SAL20250066365,STR033,PRD00272,1,Customer Changed Mind,610.52
RET2025004223,2025-04-17,SAL20250071275,STR002,PRD01027,1,Defective Item,412.95
RET2025004224,2025-08-11,SAL20250071917,STR038,PRD00924,2,Size/Fit Issue,522.32
RET2025004225,2025-05-23,SAL20250053311,STR007,PRD00051,1,Defective Item,18906.15
RET2025004226,2025-02-12,SAL20250028531,STR031,PRD01060,1,Customer Changed Mind,277.54
RET2025004227,2025-04-07,SAL20250065418,STR009,PRD01171,1,Defective Item,6541.96
RET2025004228,2025-11-10,SAL20250092848,STR031,PRD01032,1,Defective Item,117.65
RET2025004229,2025-02-28,SAL20250018993,STR011,PRD00478,1,Defective Item,959.84
RET2025004230,2025-03-14,SAL20250013803,STR028,PRD00092,1,Size/Fit Issue,6575.52
RET2025004231,2025-06-28,SAL20250010794,STR026,PRD00703,1,Defective Item,940.1
RET2025004232,2025-09-11,SAL20250050483,STR032,PRD00058,1,Damaged in Transit,3380.1
RET2025004233,2025-08-13,SAL20250085502,STR017,PRD00808,1,Size/Fit Issue,2998.33
RET2025004234,2025-09-07,SAL20250063585,STR007,PRD01064,1,Customer Changed Mind,155.0
RET2025004235,2025-06-30,SAL20250015954,STR033,PRD00057,1,Wrong Item Delivered,2490.08
RET2025004236,2025-08-14,SAL20250045154,STR009,PRD00877,1,Damaged in Transit,1728.24
RET2025004237,2025-06-03,SAL20250060409,STR025,PRD00867,1,Defective Item,798.49
RET2025004238,2025-03-12,SAL20250095435,STR032,PRD01063,1,Size/Fit Issue,747.32
RET2025004239,2025-12-26,SAL20250087316,STR037,PRD00002,2,Wrong Item Delivered,2579.16
RET2025004240,2025-07-31,SAL20250034651,STR030,PRD01152,1,Size/Fit Issue,2969.91
RET2025004241,2025-03-14,SAL20250002153,STR018,PRD01032,1,Wrong Item Delivered,117.65
RET2025004242,2025-06-14,SAL20250008016,STR004,PRD01008,1,Customer Changed Mind,227.58
RET2025004243,2025-01-29,SAL20250076598,STR009,PRD00737,1,Damaged in Transit,1053.41
RET2025004244,2025-02-16,SAL20250083375,STR017,PRD00900,1,Defective Item,3167.3
RET2025004245,2025-06-21,SAL20250067459,STR025,PRD01175,1,Size/Fit Issue,2568.19
RET2025004246,2025-05-19,SAL20250053556,STR016,PRD00855,2,Wrong Item Delivered,4169.24
RET2025004247,2025-03-01,SAL20250072168,STR014,PRD00079,1,Size/Fit Issue,19037.37
RET2025004248,2025-12-26,SAL20250034225,STR040,PRD00234,1,Damaged in Transit,3859.31
RET2025004249,2025-12-06,SAL20250064461,STR017,PRD00024,1,Damaged in Transit,23723.95
RET2025004250,2025-09-14,SAL20250073004,STR041,PRD00241,1,Wrong Item Delivered,7381.55
RET2025004251,2025-12-22,SAL20250011536,STR006,PRD00781,1,Wrong Item Delivered,2809.53
RET2025004252,2025-04-08,SAL20250026342,STR017,PRD00270,1,Wrong Item Delivered,1213.51
RET2025004253,2025-03-25,SAL20250058615,STR027,PRD01125,2,Size/Fit Issue,6031.6
RET2025004254,2025-05-03,SAL20250018426,STR040,PRD00287,2,Damaged in Transit,1100.16
RET2025004255,2025-04-07,SAL20250089890,STR039,PRD00570,1,Wrong Item Delivered,376.39
RET2025004256,2025-06-06,SAL20250011249,STR022,PRD00675,1,Defective Item,1206.06
RET2025004257,2025-03-10,SAL20250059584,STR024,PRD00190,1,Defective Item,12169.57
RET2025004258,2025-01-31,SAL20250012665,STR021,PRD00583,1,Size/Fit Issue,704.61
RET2025004259,2025-03-23,SAL20250034700,STR038,PRD00402,1,Defective Item,947.11
RET2025004260,2025-10-14,SAL20250074821,STR019,PRD00363,1,Customer Changed Mind,1443.62
RET2025004261,2025-06-28,SAL20250017294,STR030,PRD01137,1,Defective Item,2009.09
RET2025004262,2025-04-25,SAL20250048105,STR012,PRD00613,2,Wrong Item Delivered,478.82
RET2025004263,2025-07-28,SAL20250033440,STR032,PRD00824,1,Wrong Item Delivered,3034.92
RET2025004264,2025-07-04,SAL20250052902,STR023,PRD00753,1,Defective Item,4495.87
RET2025004265,2025-09-13,SAL20250034900,STR005,PRD00300,1,Size/Fit Issue,1106.33
RET2025004266,2025-09-05,SAL20250057959,STR041,PRD00915,2,Damaged in Transit,1407.18
RET2025004267,2025-06-29,SAL20250061800,STR014,PRD00334,2,Size/Fit Issue,1593.56
RET2025004268,2025-09-30,SAL20250046714,STR040,PRD00634,1,Damaged in Transit,509.03
RET2025004269,2025-05-09,SAL20250062615,STR004,PRD00887,1,Customer Changed Mind,2006.5
RET2025004270,2025-09-01,SAL20250069625,STR021,PRD00429,1,Defective Item,725.58
RET2025004271,2025-03-27,SAL20250056457,STR028,PRD00942,1,Defective Item,93.87
RET2025004272,2025-02-08,SAL20250002364,STR036,PRD00030,1,Size/Fit Issue,17262.94
RET2025004273,2025-02-17,SAL20250049553,STR004,PRD01121,2,Wrong Item Delivered,4207.04
RET2025004274,2025-08-21,SAL20250064472,STR029,PRD01098,1,Size/Fit Issue,1920.11
RET2025004275,2025-01-28,SAL20250049157,STR031,PRD00021,1,Defective Item,1822.47
RET2025004276,2025-06-19,SAL20250058702,STR010,PRD00033,2,Damaged in Transit,5307.72
RET2025004277,2025-05-25,SAL20250089082,STR037,PRD00403,2,Size/Fit Issue,317.12
RET2025004278,2025-04-18,SAL20250098664,STR040,PRD00015,1,Damaged in Transit,3619.87
RET2025004279,2025-12-03,SAL20250047421,STR026,PRD00077,2,Defective Item,29697.6
RET2025004280,2025-05-23,SAL20250040955,STR032,PRD00425,1,Size/Fit Issue,878.01
RET2025004281,2025-12-09,SAL20250012227,STR016,PRD00025,2,Damaged in Transit,4696.32
RET2025004282,2025-06-25,SAL20250060255,STR020,PRD00441,1,Defective Item,853.01
RET2025004283,2025-05-26,SAL20250012092,STR033,PRD00310,1,Size/Fit Issue,607.97
RET2025004284,2025-01-17,SAL20250077339,STR030,PRD00516,1,Size/Fit Issue,653.26
RET2025004285,2025-12-26,SAL20250027323,STR019,PRD00460,1,Wrong Item Delivered,816.3
RET2025004286,2025-03-14,SAL20250093313,STR003,PRD00924,1,Defective Item,261.16
RET2025004287,2025-04-06,SAL20250006873,STR020,PRD00794,1,Defective Item,5386.59
RET2025004288,2025-06-26,SAL20250079778,STR034,PRD00055,1,Wrong Item Delivered,18236.77
RET2025004289,2025-11-25,SAL20250074187,STR006,PRD00834,1,Defective Item,1440.43
RET2025004290,2025-11-01,SAL20250095674,STR035,PRD00663,1,Defective Item,109.46
RET2025004291,2025-10-06,SAL20250029759,STR003,PRD01122,1,Damaged in Transit,6526.26
RET2025004292,2025-12-26,SAL20250035028,STR022,PRD01074,1,Customer Changed Mind,6150.42
RET2025004293,2025-02-27,SAL20250083131,STR023,PRD01147,3,Wrong Item Delivered,20282.31
RET2025004294,2025-04-27,SAL20250064773,STR015,PRD00859,1,Size/Fit Issue,500.0
RET2025004295,2025-04-02,SAL20250028136,STR034,PRD00437,1,Wrong Item Delivered,320.21
RET2025004296,2025-06-04,SAL20250060915,STR039,PRD00729,1,Defective Item,3595.95
RET2025004297,2025-01-10,SAL20250096405,STR026,PRD00885,1,Wrong Item Delivered,1948.54
RET2025004298,2025-12-04,SAL20250066498,STR038,PRD00989,1,Size/Fit Issue,922.35
RET2025004299,2025-08-21,SAL20250022631,STR011,PRD00055,1,Customer Changed Mind,18236.77
RET2025004300,2025-09-23,SAL20250085236,STR016,PRD00171,2,Defective Item,12464.62
RET2025004301,2025-10-24,SAL20250022757,STR036,PRD01129,1,Wrong Item Delivered,691.29
RET2025004302,2025-08-15,SAL20250094728,STR026,PRD00702,1,Wrong Item Delivered,1394.73
RET2025004303,2025-03-11,SAL20250066291,STR004,PRD00258,1,Size/Fit Issue,2441.64
RET2025004304,2025-08-29,SAL20250072461,STR021,PRD00681,1,Defective Item,4114.63
RET2025004305,2025-10-16,SAL20250091947,STR012,PRD00192,1,Wrong Item Delivered,3362.18
RET2025004306,2025-12-04,SAL20250098077,STR017,PRD01099,1,Wrong Item Delivered,4242.7
RET2025004307,2025-02-08,SAL20250075741,STR026,PRD01040,1,Size/Fit Issue,466.28
RET2025004308,2025-07-01,SAL20250015900,STR012,PRD00161,1,Size/Fit Issue,9190.04
RET2025004309,2025-11-18,SAL20250046439,STR026,PRD01125,1,Wrong Item Delivered,3015.8
RET2025004310,2025-05-16,SAL20250038537,STR010,PRD00473,1,Size/Fit Issue,113.62
RET2025004311,2025-11-18,SAL20250000159,STR014,PRD00427,1,Defective Item,558.44
RET2025004312,2025-10-20,SAL20250027624,STR002,PRD01169,1,Size/Fit Issue,6625.23
RET2025004313,2025-06-01,SAL20250045155,STR002,PRD00971,1,Size/Fit Issue,604.86
RET2025004314,2025-01-09,SAL20250009048,STR033,PRD00320,1,Wrong Item Delivered,273.23
RET2025004315,2025-08-24,SAL20250034421,STR012,PRD00683,1,Defective Item,794.15
RET2025004316,2025-08-09,SAL20250059658,STR017,PRD00716,1,Customer Changed Mind,1780.84
RET2025004317,2025-10-02,SAL20250054064,STR018,PRD00176,1,Defective Item,4757.11
RET2025004318,2025-07-29,SAL20250015626,STR033,PRD00178,1,Wrong Item Delivered,9669.95
RET2025004319,2025-03-17,SAL20250095621,STR014,PRD00119,1,Wrong Item Delivered,21410.34
RET2025004320,2025-03-14,SAL20250071674,STR017,PRD01059,1,Defective Item,553.69
RET2025004321,2025-10-22,SAL20250024780,STR003,PRD00818,1,Size/Fit Issue,2330.04
RET2025004322,2025-03-08,SAL20250011501,STR023,PRD00053,1,Defective Item,3304.53
RET2025004323,2025-01-26,SAL20250043795,STR027,PRD00175,1,Customer Changed Mind,11344.22
RET2025004324,2025-08-18,SAL20250091499,STR027,PRD00277,1,Defective Item,1350.87
RET2025004325,2025-09-26,SAL20250013572,STR003,PRD00744,2,Size/Fit Issue,8730.96
RET2025004326,2025-04-17,SAL20250000986,STR024,PRD00899,1,Defective Item,2165.69
RET2025004327,2025-04-17,SAL20250091797,STR014,PRD01174,1,Size/Fit Issue,4967.43
RET2025004328,2025-02-07,SAL20250044767,STR029,PRD00380,3,Defective Item,913.92
RET2025004329,2025-05-17,SAL20250087208,STR011,PRD01099,1,Size/Fit Issue,4242.7
RET2025004330,2025-11-13,SAL20250054573,STR020,PRD00491,1,Size/Fit Issue,675.67
RET2025004331,2025-09-11,SAL20250039909,STR036,PRD00133,1,Damaged in Transit,10102.94
RET2025004332,2025-02-12,SAL20250034814,STR019,PRD00974,1,Wrong Item Delivered,202.7
RET2025004333,2025-11-22,SAL20250071561,STR022,PRD00388,1,Defective Item,522.1
RET2025004334,2025-12-15,SAL20250024327,STR040,PRD00790,1,Size/Fit Issue,1379.35
RET2025004335,2025-07-09,SAL20250081299,STR018,PRD01171,1,Defective Item,6541.96
RET2025004336,2025-07-27,SAL20250006700,STR035,PRD00207,1,Size/Fit Issue,9083.73
RET2025004337,2025-11-25,SAL20250021208,STR010,PRD00758,1,Damaged in Transit,4375.02
RET2025004338,2025-12-03,SAL20250032068,STR021,PRD00878,1,Defective Item,1229.84
RET2025004339,2025-07-10,SAL20250020721,STR019,PRD00508,1,Defective Item,125.21
RET2025004340,2025-12-28,SAL20250069470,STR007,PRD00415,1,Damaged in Transit,345.23
RET2025004341,2025-03-31,SAL20250036219,STR038,PRD00368,1,Size/Fit Issue,927.52
RET2025004342,2025-04-14,SAL20250010445,STR022,PRD00925,1,Defective Item,2271.72
RET2025004343,2025-02-08,SAL20250008066,STR010,PRD00689,1,Size/Fit Issue,492.79
RET2025004344,2025-10-25,SAL20250058696,STR006,PRD00606,1,Wrong Item Delivered,516.03
RET2025004345,2025-11-03,SAL20250036108,STR026,PRD00653,1,Customer Changed Mind,614.39
RET2025004346,2025-03-23,SAL20250094754,STR003,PRD00940,1,Size/Fit Issue,57.11
RET2025004347,2025-11-28,SAL20250083355,STR032,PRD00343,1,Customer Changed Mind,244.94
RET2025004348,2025-10-14,SAL20250015722,STR039,PRD01004,3,Size/Fit Issue,386.73
RET2025004349,2025-04-11,SAL20250020121,STR040,PRD00948,1,Defective Item,38.1
RET2025004350,2025-11-02,SAL20250059356,STR013,PRD00702,1,Size/Fit Issue,1394.73
RET2025004351,2025-04-04,SAL20250060861,STR006,PRD00438,1,Defective Item,638.02
RET2025004352,2025-11-07,SAL20250012832,STR002,PRD00054,1,Size/Fit Issue,16291.52
RET2025004353,2025-07-23,SAL20250087347,STR027,PRD01005,1,Size/Fit Issue,682.39
RET2025004354,2025-04-18,SAL20250062159,STR021,PRD00331,1,Size/Fit Issue,133.4
RET2025004355,2025-02-17,SAL20250092277,STR021,PRD01184,1,Customer Changed Mind,6927.53
RET2025004356,2025-02-11,SAL20250033923,STR019,PRD00985,1,Customer Changed Mind,79.43
RET2025004357,2025-04-02,SAL20250039887,STR002,PRD00467,1,Wrong Item Delivered,528.8
RET2025004358,2025-10-10,SAL20250027455,STR026,PRD00314,1,Customer Changed Mind,610.16
RET2025004359,2025-05-15,SAL20250069963,STR039,PRD00593,3,Wrong Item Delivered,1788.21
RET2025004360,2025-10-26,SAL20250086198,STR006,PRD00786,1,Customer Changed Mind,2271.94
RET2025004361,2025-06-10,SAL20250066896,STR001,PRD00758,1,Wrong Item Delivered,4375.02
RET2025004362,2025-06-10,SAL20250038850,STR005,PRD00992,1,Defective Item,439.67
RET2025004363,2025-12-25,SAL20250061876,STR006,PRD01048,1,Customer Changed Mind,-623.5
RET2025004364,2025-05-28,SAL20250058531,STR004,PRD01164,1,Customer Changed Mind,2114.79
RET2025004365,2025-10-16,SAL20250069493,STR007,PRD01137,1,Wrong Item Delivered,2009.09
RET2025004366,2025-12-20,SAL20250010841,STR019,PRD00130,1,Damaged in Transit,17171.37
RET2025004367,2025-10-26,SAL20250067906,STR012,PRD00882,1,Size/Fit Issue,3706.7
RET2025004368,2025-09-03,SAL20250055146,STR038,PRD00028,1,Wrong Item Delivered,4027.15
RET2025004369,2025-02-18,SAL20250015817,STR021,PRD00363,1,Size/Fit Issue,1443.62
RET2025004370,2025-10-17,SAL20250006797,STR037,PRD00631,1,Customer Changed Mind,725.12
RET2025004371,2025-11-27,SAL20250056150,STR003,PRD00059,1,Size/Fit Issue,15692.67
RET2025004372,2025-07-18,SAL20250083404,STR025,PRD00603,1,Customer Changed Mind,196.91
RET2025004373,2025-12-15,SAL20250088544,STR024,PRD00814,1,Defective Item,3265.17
RET2025004374,2025-04-08,SAL20250049992,STR026,PRD00350,1,Size/Fit Issue,1107.22
RET2025004375,2025-06-20,SAL20250009738,STR032,PRD00267,1,Customer Changed Mind,11328.41
RET2025004376,2025-11-15,SAL20250034987,STR007,PRD00003,1,Defective Item,810.89
RET2025004377,2025-12-13,SAL20250050964,STR033,PRD00670,1,Wrong Item Delivered,3171.53
RET2025004378,2025-06-06,SAL20250068006,STR006,PRD00405,1,Defective Item,917.35
RET2025004379,2025-02-17,SAL20250066898,STR028,PRD00997,2,Damaged in Transit,1787.8
RET2025004380,2025-03-25,SAL20250046943,STR028,PRD00775,1,Defective Item,3571.78
RET2025004381,2025-07-18,SAL20250008850,STR016,PRD00452,1,Size/Fit Issue,1046.75
RET2025004382,2025-04-02,SAL20250061348,STR003,PRD00833,1,Size/Fit Issue,1761.67
RET2025004383,2025-12-27,SAL20250094804,STR012,PRD00046,2,Customer Changed Mind,25508.28
RET2025004384,2025-07-15,SAL20250092721,STR027,PRD00093,2,Customer Changed Mind,24918.32
RET2025004385,2025-09-12,SAL20250010904,STR030,PRD00666,1,Wrong Item Delivered,224.43
RET2025004386,2025-01-15,SAL20250044879,STR019,PRD01084,1,Customer Changed Mind,10498.54
RET2025004387,2025-07-23,SAL20250089338,STR010,PRD00378,1,Damaged in Transit,667.36
RET2025004388,2025-06-06,SAL20250091255,STR021,PRD00911,1,Customer Changed Mind,807.88
RET2025004389,2025-05-18,SAL20250083960,STR028,PRD00409,1,Defective Item,950.85
RET2025004390,2025-08-14,SAL20250083768,STR001,PRD00424,1,Wrong Item Delivered,428.73
RET2025004391,2025-07-21,SAL20250004181,STR026,PRD00724,1,Size/Fit Issue,2856.14
RET2025004392,2025-06-02,SAL20250034981,STR010,PRD00589,1,Defective Item,435.23
RET2025004393,2025-06-29,SAL20250022690,STR017,PRD00972,1,Defective Item,1079.34
RET2025004394,2025-06-24,SAL20250064229,STR002,PRD00978,1,Size/Fit Issue,172.32
RET2025004395,2025-09-28,SAL20250095101,STR026,PRD00366,1,Defective Item,994.61
RET2025004396,2025-02-01,SAL20250078996,STR028,PRD00470,1,Size/Fit Issue,416.77
RET2025004397,2025-04-12,SAL20250046096,STR011,PRD00210,1,Customer Changed Mind,8463.87
RET2025004398,2025-06-29,SAL20250093300,STR008,PRD00198,2,Defective Item,8532.7
RET2025004399,2025-12-16,SAL20250063725,STR027,PRD01144,1,Size/Fit Issue,2397.7
RET2025004400,2025-08-10,SAL20250042602,STR001,PRD00022,1,Wrong Item Delivered,22149.39
RET2025004401,2025-03-29,SAL20250094910,STR019,PRD00282,1,Wrong Item Delivered,705.96
RET2025004402,2025-05-27,SAL20250058604,STR008,PRD00376,2,Size/Fit Issue,2952.26
RET2025004403,2025-05-22,SAL20250012879,STR003,PRD00442,2,Wrong Item Delivered,297.12
RET2025004404,2025-06-12,SAL20250019517,STR023,PRD00715,1,Customer Changed Mind,2949.53
RET2025004405,2025-09-12,SAL20250010917,STR032,PRD00148,1,Defective Item,6813.06
RET2025004406,2025-01-25,SAL20250079071,STR032,PRD00985,1,Size/Fit Issue,79.43
RET2025004407,2025-03-03,SAL20250022708,STR034,PRD00424,2,Wrong Item Delivered,857.46
RET2025004408,2025-07-13,SAL20250088427,STR028,PRD01114,1,Size/Fit Issue,8827.06
RET2025004409,2025-03-10,SAL20250046779,STR036,PRD00369,1,Defective Item,1020.79
RET2025004410,2025-08-09,SAL20250002829,STR018,PRD00359,1,Customer Changed Mind,1383.56
RET2025004411,2025-04-13,SAL20250004516,STR020,PRD00136,1,Wrong Item Delivered,8242.41
RET2025004412,2025-08-14,SAL20250041618,STR019,PRD00483,1,Defective Item,634.79
RET2025004413,2025-04-08,SAL20250042428,STR025,PRD00331,1,Defective Item,133.4
RET2025004414,2025-12-12,SAL20250030414,STR015,PRD00511,1,Size/Fit Issue,709.29
RET2025004415,2025-11-24,SAL20250008644,STR023,PRD00881,1,Size/Fit Issue,802.33
RET2025004416,2025-12-26,SAL20250075119,STR022,PRD00424,1,Customer Changed Mind,428.73
RET2025004417,2025-02-08,SAL20250010322,STR007,PRD00599,1,Damaged in Transit,273.52
RET2025004418,2025-05-14,SAL20250076004,STR031,PRD00676,1,Defective Item,4180.37
RET2025004419,2025-08-24,SAL20250093176,STR027,PRD00661,2,Defective Item,886.78
RET2025004420,2025-10-30,SAL20250061944,STR004,PRD00454,2,Defective Item,477.62
RET2025004421,2025-02-10,SAL20250068789,STR023,PRD01194,1,Wrong Item Delivered,6442.41
RET2025004422,2025-02-19,SAL20250056902,STR040,PRD00919,1,Defective Item,3391.01
RET2025004423,2025-08-20,SAL20250030405,STR038,PRD00082,1,Size/Fit Issue,9499.68
RET2025004424,2025-12-27,SAL20250041302,STR028,PRD00686,1,Size/Fit Issue,3692.38
RET2025004425,2025-12-27,SAL20250001042,STR031,PRD00513,1,Wrong Item Delivered,111.04
RET2025004426,2025-01-13,SAL20250064520,STR029,PRD00489,3,Size/Fit Issue,2552.22
RET2025004427,2025-05-31,SAL20250009309,STR018,PRD00475,1,Size/Fit Issue,749.71
RET2025004428,2025-06-21,SAL20250060168,STR001,PRD00877,2,Defective Item,3456.48
RET2025004429,2025-12-11,SAL20250002417,STR039,PRD00558,1,Size/Fit Issue,353.1
RET2025004430,2025-12-12,SAL20250057607,STR010,PRD00867,1,Damaged in Transit,798.49
RET2025004431,2025-01-06,SAL20250016994,STR008,PRD01170,1,Defective Item,1269.68
RET2025004432,2025-02-19,SAL20250090123,STR027,PRD00330,1,Size/Fit Issue,275.94
RET2025004433,2025-03-08,SAL20250000433,STR009,PRD00934,1,Defective Item,3207.23
RET2025004434,2025-12-06,SAL20250057172,STR017,PRD00738,1,Defective Item,984.8
RET2025004435,2025-06-04,SAL20250037472,STR029,PRD00669,1,Damaged in Transit,3235.01
RET2025004436,2025-02-22,SAL20250012202,STR004,PRD00349,1,Defective Item,152.26
RET2025004437,2025-10-08,SAL20250058643,STR014,PRD00104,1,Wrong Item Delivered,21587.41
RET2025004438,2025-12-10,SAL20250038747,STR023,PRD01176,1,Defective Item,5880.6
RET2025004439,2025-08-14,SAL20250040376,STR029,PRD00366,1,Defective Item,994.61
RET2025004440,2025-01-31,SAL20250097000,STR033,PRD01128,1,Customer Changed Mind,2522.35
RET2025004441,2025-11-25,SAL20250002127,STR017,PRD00109,1,Wrong Item Delivered,12280.41
RET2025004442,2025-02-19,SAL20250043572,STR024,PRD00150,1,Wrong Item Delivered,1288.03
RET2025004443,2025-02-01,SAL20250029737,STR033,PRD00743,3,Size/Fit Issue,5027.49
RET2025004444,2025-10-08,SAL20250066681,STR031,PRD00722,1,Size/Fit Issue,2039.88
RET2025004445,2025-04-01,SAL20250067174,STR032,PRD00260,3,Size/Fit Issue,26560.86
RET2025004446,2025-04-10,SAL20250040273,STR015,PRD00366,1,Defective Item,994.61
RET2025004447,2025-03-10,SAL20250024621,STR032,PRD00772,1,Wrong Item Delivered,988.94
RET2025004448,2025-09-23,SAL20250047036,STR007,PRD00389,2,Wrong Item Delivered,3213.72
RET2025004449,2025-07-03,SAL20250068892,STR004,PRD00964,1,Defective Item,842.84
RET2025004450,2025-08-03,SAL20250097818,STR016,PRD00276,1,Defective Item,499.9
RET2025004451,2025-07-28,SAL20250055147,STR037,PRD00650,1,Size/Fit Issue,429.23
RET2025004452,2025-09-02,SAL20250039341,STR035,PRD00483,1,Defective Item,634.79
RET2025004453,2025-01-19,SAL20250069177,STR016,PRD00149,2,Defective Item,6049.66
RET2025004454,2025-06-04,SAL20250052261,STR018,PRD00513,1,Defective Item,111.04
RET2025004455,2025-07-08,SAL20250016459,STR018,PRD01199,1,Size/Fit Issue,6549.57
RET2025004456,2025-03-28,SAL20250053963,STR004,PRD00561,1,Defective Item,111.53
RET2025004457,2025-03-18,SAL20250020611,STR022,PRD00554,1,Damaged in Transit,805.55
RET2025004458,2025-10-13,SAL20250052256,STR027,PRD00707,2,Customer Changed Mind,4866.76
RET2025004459,2025-07-08,SAL20250062625,STR023,PRD00496,1,Customer Changed Mind,1047.75
RET2025004460,2025-02-19,SAL20250018880,STR002,PRD00283,1,Defective Item,917.06
RET2025004461,2025-03-17,SAL20250024986,STR004,PRD00531,1,Customer Changed Mind,217.65
RET2025004462,2025-05-24,SAL20250059912,STR023,PRD00868,1,Customer Changed Mind,1450.33
RET2025004463,2025-03-20,SAL20250032700,STR013,PRD00082,3,Size/Fit Issue,28499.04
RET2025004464,2025-10-29,SAL20250048149,STR032,PRD00414,1,Defective Item,546.79
RET2025004465,2025-11-22,SAL20250081400,STR027,PRD00492,1,Customer Changed Mind,431.72
RET2025004466,2025-11-03,SAL20250023341,STR002,PRD00151,1,Customer Changed Mind,5709.55
RET2025004467,2025-01-12,SAL20250038435,STR036,PRD00555,1,Defective Item,381.92
RET2025004468,2025-06-01,SAL20250070396,STR035,PRD01121,1,Size/Fit Issue,2103.52
RET2025004469,2025-11-16,SAL20250076675,STR037,PRD00936,1,Size/Fit Issue,964.58
RET2025004470,2025-03-08,SAL20250018296,STR010,PRD00357,1,Customer Changed Mind,1112.32
RET2025004471,2025-05-11,SAL20250027293,STR005,PRD00030,2,Defective Item,34525.88
RET2025004472,2025-05-10,SAL20250061434,STR022,PRD00422,2,Customer Changed Mind,437.46
RET2025004473,2025-08-26,SAL20250056835,STR033,PRD00629,1,Customer Changed Mind,197.41
RET2025004474,2025-11-15,SAL20250015634,STR011,PRD01128,1,Customer Changed Mind,2522.35
RET2025004475,2025-10-18,SAL20250033861,STR027,PRD00795,1,Customer Changed Mind,965.34
RET2025004476,2025-05-17,SAL20250095141,STR006,PRD00610,3,Wrong Item Delivered,1913.46
RET2025004477,2025-04-03,SAL20250068358,STR025,PRD00998,3,Defective Item,2650.08
RET2025004478,2025-08-28,SAL20250005205,STR016,PRD00913,1,Customer Changed Mind,3252.33
RET2025004479,2025-09-05,SAL20250083143,STR028,PRD00826,2,Defective Item,348.46
RET2025004480,2025-12-05,SAL20250083839,STR034,PRD00814,1,Damaged in Transit,3265.17
RET2025004481,2025-03-09,SAL20250087157,STR004,PRD00674,1,Customer Changed Mind,2861.74
RET2025004482,2025-11-01,SAL20250050669,STR001,PRD01050,1,Defective Item,562.12
RET2025004483,2025-04-11,SAL20250008090,STR013,PRD00626,1,Wrong Item Delivered,125.9
RET2025004484,2025-12-06,SAL20250086731,STR025,PRD00373,1,Size/Fit Issue,159.48
RET2025004485,2025-12-16,SAL20250082895,STR030,PRD00327,1,Size/Fit Issue,500.0
RET2025004486,2025-12-11,SAL20250097286,STR017,PRD00108,1,Wrong Item Delivered,22607.14
RET2025004487,2025-04-28,SAL20250065075,STR015,PRD00369,1,Customer Changed Mind,1020.79
RET2025004488,2025-10-18,SAL20250034941,STR012,PRD00672,1,Customer Changed Mind,4427.9
RET2025004489,2025-06-12,SAL20250069719,STR002,PRD01176,1,Defective Item,5880.6
RET2025004490,2025-02-02,SAL20250060679,STR039,PRD01132,1,Size/Fit Issue,7393.47
RET2025004491,2025-08-25,SAL20250099231,STR007,PRD01175,3,Defective Item,7704.57
RET2025004492,2025-06-04,SAL20250000181,STR012,PRD01116,1,Size/Fit Issue,792.37
RET2025004493,2025-04-27,SAL20250033856,STR003,PRD00185,1,Size/Fit Issue,1926.14
RET2025004494,2025-08-10,SAL20250072768,STR029,PRD00591,1,Defective Item,500.81
RET2025004495,2025-04-14,SAL20250018682,STR040,PRD00529,1,Size/Fit Issue,569.27
RET2025004496,2025-01-27,SAL20250073026,STR020,PRD01128,1,Size/Fit Issue,2522.35
RET2025004497,2025-08-05,SAL20250091822,STR017,PRD00007,1,Wrong Item Delivered,20090.22
RET2025004498,2025-08-22,SAL20250045076,STR032,PRD00701,2,Size/Fit Issue,9548.32
RET2025004499,2025-05-27,SAL20250068591,STR010,PRD01127,1,Customer Changed Mind,730.99
RET2025004500,2025-11-16,SAL20250007804,STR013,PRD00400,1,Wrong Item Delivered,920.96
RET2025004501,2025-10-30,SAL20250047157,STR028,PRD00037,1,Customer Changed Mind,21728.77
RET2025004502,2025-09-21,SAL20250003708,STR014,PRD00045,1,Defective Item,17414.18
RET2025004503,2025-02-09,SAL20250015371,STR021,PRD00356,1,Defective Item,1354.34
RET2025004504,2025-08-20,SAL20250087227,STR022,PRD01155,1,Wrong Item Delivered,7374.97
RET2025004505,2025-11-09,SAL20250098009,STR028,PRD00666,1,Defective Item,224.43
RET2025004506,2025-08-21,SAL20250091064,STR039,PRD00109,1,Size/Fit Issue,12280.41
RET2025004507,2025-02-25,SAL20250095653,STR002,PRD00347,1,Size/Fit Issue,1133.22
RET2025004508,2025-07-19,SAL20250072469,STR005,PRD00767,1,Defective Item,2122.92
RET2025004509,2025-03-02,SAL20250044795,STR041,PRD00451,1,Defective Item,641.37
RET2025004510,2025-02-28,SAL20250071543,STR034,PRD00123,1,Size/Fit Issue,7408.15
RET2025004511,2025-12-26,SAL20250072462,STR034,PRD00997,1,Defective Item,893.9
RET2025004512,2025-07-17,SAL20250083690,STR026,PRD01003,1,Size/Fit Issue,278.9
RET2025004513,2025-09-17,SAL20250057753,STR013,PRD01135,2,Defective Item,4962.8
RET2025004514,2025-07-04,SAL20250064355,STR036,PRD00920,1,Defective Item,2715.99
RET2025004515,2025-11-23,SAL20250051866,STR008,PRD00014,1,Size/Fit Issue,5918.05
RET2025004516,2025-12-28,SAL20250015953,STR006,PRD01137,2,Defective Item,4018.18
RET2025004517,2025-01-19,SAL20250087591,STR004,PRD00067,1,Customer Changed Mind,3694.12
RET2025004518,2025-09-16,SAL20250039918,STR013,PRD00805,1,Size/Fit Issue,3870.93
RET2025004519,2025-11-07,SAL20250035554,STR006,PRD00829,1,Customer Changed Mind,2093.34
RET2025004520,2025-01-28,SAL20250017570,STR028,PRD00119,1,Defective Item,21410.34
RET2025004521,2025-07-28,SAL20250070721,STR006,PRD00804,1,Defective Item,782.93
RET2025004522,2025-05-08,SAL20250095147,STR007,PRD00379,1,Defective Item,660.61
RET2025004523,2025-02-27,SAL20250087767,STR024,PRD00910,2,Defective Item,4605.76
RET2025004524,2025-02-01,SAL20250010737,STR025,PRD00815,1,Wrong Item Delivered,2750.26
RET2025004525,2025-08-04,SAL20250083760,STR010,PRD00835,1,Defective Item,1480.55
RET2025004526,2025-02-01,SAL20250037049,STR041,PRD00753,2,Size/Fit Issue,8991.74
RET2025004527,2025-06-17,SAL20250091659,STR018,PRD00651,1,Damaged in Transit,368.8
RET2025004528,2025-05-04,SAL20250065695,STR036,PRD01142,1,Wrong Item Delivered,3878.91
RET2025004529,2025-03-21,SAL20250025030,STR036,PRD00415,1,Wrong Item Delivered,345.23
RET2025004530,2025-11-06,SAL20250013902,STR022,PRD00078,2,Defective Item,18072.74
RET2025004531,2025-01-18,SAL20250041205,STR005,PRD00628,1,Defective Item,365.09
RET2025004532,2025-07-08,SAL20250045622,STR007,PRD01176,1,Size/Fit Issue,5880.6
RET2025004533,2025-10-17,SAL20250063620,STR016,PRD00462,2,Size/Fit Issue,543.1
RET2025004534,2025-05-04,SAL20250064557,STR032,PRD00222,1,Defective Item,8948.67
RET2025004535,2025-04-04,SAL20250078045,STR002,PRD00668,1,Size/Fit Issue,302.1
RET2025004536,2025-07-16,SAL20250074650,STR034,PRD00112,1,Customer Changed Mind,3948.48
RET2025004537,2025-08-11,SAL20250071113,STR002,PRD01001,1,Wrong Item Delivered,315.54
RET2025004538,2025-03-10,SAL20250093340,STR007,PRD00399,2,Customer Changed Mind,2709.98
RET2025004539,2025-06-18,SAL20250075283,STR018,PRD00992,1,Size/Fit Issue,439.67
RET2025004540,2025-04-15,SAL20250077960,STR003,PRD01084,1,Customer Changed Mind,10498.54
RET2025004541,2025-08-02,SAL20250018469,STR026,PRD00560,1,Wrong Item Delivered,314.33
RET2025004542,2025-03-19,SAL20250047891,STR011,PRD00050,1,Customer Changed Mind,20155.67
RET2025004543,2025-07-23,SAL20250082812,STR019,PRD00584,1,Damaged in Transit,232.29
RET2025004544,2025-12-21,SAL20250024823,STR011,PRD01169,1,Size/Fit Issue,6625.23
RET2025004545,2025-12-19,SAL20250054454,STR026,PRD00466,1,Size/Fit Issue,725.28
RET2025004546,2025-03-31,SAL20250066599,STR004,PRD00761,1,Wrong Item Delivered,367.88
RET2025004547,2025-05-05,SAL20250084846,STR001,PRD00557,1,Defective Item,210.61
RET2025004548,2025-07-01,SAL20250031036,STR034,PRD00726,1,Size/Fit Issue,2171.72
RET2025004549,2025-05-17,SAL20250068963,STR037,PRD00074,1,Defective Item,17249.82
RET2025004550,2025-08-13,SAL20250043403,STR009,PRD00471,3,Defective Item,1822.98
RET2025004551,2025-08-03,SAL20250036596,STR036,PRD01059,1,Wrong Item Delivered,553.69
RET2025004552,2025-12-16,SAL20250006641,STR002,PRD01120,1,Size/Fit Issue,8969.51
RET2025004553,2025-07-18,SAL20250018612,STR020,PRD00237,3,Size/Fit Issue,29914.62
RET2025004554,2025-04-14,SAL20250084642,STR008,PRD00115,2,Size/Fit Issue,11556.54
RET2025004555,2025-02-06,SAL20250048820,STR015,PRD00393,1,Size/Fit Issue,526.25
RET2025004556,2025-03-12,SAL20250037569,STR025,PRD00204,1,Wrong Item Delivered,3776.34
RET2025004557,2025-12-25,SAL20250088388,STR019,PRD00728,1,Defective Item,5071.72
RET2025004558,2025-06-07,SAL20250030223,STR010,PRD00674,1,Defective Item,2861.74
RET2025004559,2025-06-09,SAL20250063557,STR019,PRD00067,1,Wrong Item Delivered,3694.12
RET2025004560,2025-07-31,SAL20250058456,STR024,PRD00145,2,Wrong Item Delivered,5141.8
RET2025004561,2025-05-22,SAL20250064148,STR010,PRD00817,1,Damaged in Transit,3058.64
RET2025004562,2025-05-03,SAL20250050222,STR016,PRD00715,1,Wrong Item Delivered,2949.53
RET2025004563,2025-10-19,SAL20250083115,STR010,PRD00858,2,Defective Item,2133.24
RET2025004564,2025-09-15,SAL20250010031,STR029,PRD01044,1,Defective Item,762.23
RET2025004565,2025-10-02,SAL20250082816,STR021,PRD01154,3,Defective Item,3649.38
RET2025004566,2025-04-06,SAL20250055343,STR038,PRD00744,1,Damaged in Transit,4365.48
RET2025004567,2025-03-10,SAL20250042046,STR029,PRD00651,3,Defective Item,1106.4
RET2025004568,2025-08-04,SAL20250070822,STR014,PRD00484,2,Defective Item,1356.32
RET2025004569,2025-12-28,SAL20250004590,STR025,PRD00765,2,Size/Fit Issue,2838.96
RET2025004570,2025-04-20,SAL20250025120,STR036,PRD00747,1,Defective Item,1306.66
RET2025004571,2025-07-24,SAL20250022487,STR022,PRD00729,1,Size/Fit Issue,3595.95
RET2025004572,2025-04-16,SAL20250004517,STR040,PRD00883,1,Defective Item,2575.75
RET2025004573,2025-09-24,SAL20250080477,STR015,PRD00324,1,Wrong Item Delivered,1095.89
RET2025004574,2025-03-07,SAL20250035296,STR031,PRD01151,1,Wrong Item Delivered,7065.61
RET2025004575,2025-04-01,SAL20250021018,STR001,PRD01150,1,Size/Fit Issue,4074.75
RET2025004576,2025-06-01,SAL20250037853,STR028,PRD00901,1,Wrong Item Delivered,3120.68
RET2025004577,2025-07-11,SAL20250009626,STR029,PRD00612,1,Defective Item,287.57
RET2025004578,2025-08-04,SAL20250065909,STR006,PRD00809,1,Defective Item,1418.3
RET2025004579,2025-08-25,SAL20250031300,STR023,PRD00129,1,Damaged in Transit,19597.62
RET2025004580,2025-10-01,SAL20250043336,STR023,PRD00173,1,Customer Changed Mind,9167.15
RET2025004581,2025-10-18,SAL20250014487,STR023,PRD00998,1,Size/Fit Issue,883.36
RET2025004582,2025-06-26,SAL20250014654,STR011,PRD00877,1,Defective Item,1728.24
RET2025004583,2025-02-14,SAL20250082664,STR007,PRD01000,1,Wrong Item Delivered,495.66
RET2025004584,2025-01-17,SAL20250042301,STR016,PRD00034,1,Wrong Item Delivered,761.93
RET2025004585,2025-05-20,SAL20250092826,STR019,PRD00359,1,Defective Item,1383.56
RET2025004586,2025-07-18,SAL20250093875,STR016,PRD00281,1,Size/Fit Issue,679.79
RET2025004587,2025-04-11,SAL20250028577,STR001,PRD00003,1,Defective Item,810.89
RET2025004588,2025-08-09,SAL20250037439,STR011,PRD00040,1,Damaged in Transit,26675.54
RET2025004589,2025-12-13,SAL20250010103,STR017,PRD00582,1,Size/Fit Issue,535.32
RET2025004590,2025-12-29,SAL20250031846,STR027,PRD01080,1,Damaged in Transit,1721.88
RET2025004591,2025-03-28,SAL20250072610,STR016,PRD00414,1,Wrong Item Delivered,546.79
RET2025004592,2025-10-31,SAL20250024810,STR004,PRD00221,1,Size/Fit Issue,9230.37
RET2025004593,2025-09-25,SAL20250076205,STR035,PRD00032,1,Damaged in Transit,19217.6
RET2025004594,2025-07-21,SAL20250064335,STR037,PRD01061,1,Defective Item,1015.91
RET2025004595,2025-05-19,SAL20250018956,STR021,PRD00438,1,Customer Changed Mind,638.02
RET2025004596,2025-01-30,SAL20250070701,STR008,PRD00314,1,Wrong Item Delivered,610.16
RET2025004597,2025-06-13,SAL20250053121,STR004,PRD00805,1,Defective Item,3870.93
RET2025004598,2025-03-04,SAL20250074162,STR017,PRD01021,1,Defective Item,582.28
RET2025004599,2025-03-20,SAL20250086600,STR023,PRD00970,1,Wrong Item Delivered,370.51
RET2025004600,2025-03-15,SAL20250089968,STR008,PRD00693,1,Defective Item,2512.22
RET2025004601,2025-11-21,SAL20250025052,STR032,PRD01034,1,Customer Changed Mind,310.11
RET2025004602,2025-11-22,SAL20250089244,STR012,PRD00876,1,Damaged in Transit,2635.68
RET2025004603,2025-05-30,SAL20250023360,STR027,PRD01147,1,Defective Item,6760.77
RET2025004604,2025-11-17,SAL20250011779,STR017,PRD00169,1,Defective Item,8761.68
RET2025004605,2025-11-12,SAL20250094561,STR018,PRD00527,3,Size/Fit Issue,2814.9
RET2025004606,2025-10-12,SAL20250093249,STR037,PRD01079,1,Defective Item,323.52
RET2025004607,2025-02-11,SAL20250055472,STR011,PRD00037,2,Size/Fit Issue,43457.54
RET2025004608,2025-02-25,SAL20250009156,STR016,PRD00702,1,Defective Item,1394.73
RET2025004609,2025-05-23,SAL20250032705,STR003,PRD00631,1,Defective Item,725.12
RET2025004610,2025-03-25,SAL20250088477,STR032,PRD00882,1,Damaged in Transit,3706.7
RET2025004611,2025-10-11,SAL20250090549,STR005,PRD00618,1,Customer Changed Mind,249.13
RET2025004612,2025-09-02,SAL20250095046,STR023,PRD01102,1,Size/Fit Issue,845.86
RET2025004613,2025-11-27,SAL20250080830,STR041,PRD00214,1,Damaged in Transit,9551.75
RET2025004614,2025-07-25,SAL20250054933,STR021,PRD00075,1,Defective Item,9132.03
RET2025004615,2025-04-24,SAL20250013031,STR022,PRD00178,2,Size/Fit Issue,19339.9
RET2025004616,2025-01-21,SAL20250007988,STR012,PRD00296,1,Defective Item,250.04
RET2025004617,2025-02-12,SAL20250017830,STR035,PRD00578,1,Defective Item,577.23
RET2025004618,2025-09-01,SAL20250072477,STR020,PRD00779,1,Size/Fit Issue,1606.83
RET2025004619,2025-05-12,SAL20250046935,STR035,PRD00065,2,Defective Item,21125.74
RET2025004620,2025-04-05,SAL20250002196,STR033,PRD00518,1,Size/Fit Issue,1000.64
RET2025004621,2025-10-26,SAL20250029631,STR013,PRD00626,3,Damaged in Transit,377.7
RET2025004622,2025-11-26,SAL20250014391,STR027,PRD01016,1,Wrong Item Delivered,253.56
RET2025004623,2025-01-19,SAL20250077786,STR001,PRD00926,1,Defective Item,683.78
RET2025004624,2025-06-19,SAL20250046210,STR035,PRD00799,1,Damaged in Transit,3907.93
RET2025004625,2025-07-28,SAL20250097815,STR021,PRD00485,1,Size/Fit Issue,693.22
RET2025004626,2025-10-28,SAL20250077432,STR011,PRD01161,1,Defective Item,5090.05
RET2025004627,2025-05-22,SAL20250039803,STR040,PRD00801,3,Defective Item,1500.0
RET2025004628,2025-04-04,SAL20250082264,STR039,PRD01061,2,Customer Changed Mind,2031.82
RET2025004629,2025-08-10,SAL20250073003,STR011,PRD00314,1,Customer Changed Mind,610.16
RET2025004630,2025-06-29,SAL20250047395,STR005,PRD00464,1,Size/Fit Issue,598.64
RET2025004631,2025-03-15,SAL20250064269,STR039,PRD00434,1,Wrong Item Delivered,648.17
RET2025004632,2025-04-23,SAL20250003768,STR012,PRD00776,2,Wrong Item Delivered,2291.48
RET2025004633,2025-06-11,SAL20250057334,STR031,PRD00756,1,Damaged in Transit,3090.95
RET2025004634,2025-07-31,SAL20250020934,STR010,PRD00155,1,Wrong Item Delivered,2214.51
RET2025004635,2025-11-13,SAL20250044865,STR028,PRD01010,1,Size/Fit Issue,762.29
RET2025004636,2025-12-04,SAL20250039342,STR009,PRD00127,1,Damaged in Transit,14293.97
RET2025004637,2025-07-27,SAL20250001708,STR001,PRD00149,2,Defective Item,6049.66
RET2025004638,2025-07-06,SAL20250070209,STR003,PRD00536,1,Wrong Item Delivered,393.56
RET2025004639,2025-02-20,SAL20250026976,STR021,PRD00694,1,Wrong Item Delivered,3202.51
RET2025004640,2025-03-07,SAL20250032366,STR029,PRD00354,1,Defective Item,1099.31
RET2025004641,2025-04-03,SAL20250079621,STR036,PRD00558,1,Size/Fit Issue,353.1
RET2025004642,2025-12-12,SAL20250045810,STR039,PRD00277,1,Wrong Item Delivered,1350.87
RET2025004643,2025-11-09,SAL20250029962,STR028,PRD00333,1,Damaged in Transit,1043.83
RET2025004644,2025-06-27,SAL20250068344,STR009,PRD01137,1,Size/Fit Issue,2009.09
RET2025004645,2025-06-11,SAL20250082882,STR014,PRD00692,1,Defective Item,1997.13
RET2025004646,2025-02-14,SAL20250044719,STR005,PRD01055,1,Defective Item,428.04
RET2025004647,2025-10-23,SAL20250055914,STR009,PRD00039,3,Customer Changed Mind,25141.11
RET2025004648,2025-10-07,SAL20250032818,STR014,PRD00858,1,Size/Fit Issue,1066.62
RET2025004649,2025-06-18,SAL20250017522,STR003,PRD00660,1,Wrong Item Delivered,324.23
RET2025004650,2025-10-28,SAL20250016714,STR012,PRD00704,1,Damaged in Transit,1185.8
RET2025004651,2025-01-27,SAL20250092972,STR036,PRD00260,1,Size/Fit Issue,8853.62
RET2025004652,2025-06-28,SAL20250019186,STR007,PRD01181,1,Defective Item,2062.42
RET2025004653,2025-06-28,SAL20250006517,STR007,PRD00924,1,Size/Fit Issue,261.16
RET2025004654,2025-01-30,SAL20250014471,STR032,PRD00326,1,Size/Fit Issue,-1442.32
RET2025004655,2025-02-23,SAL20250015534,STR016,PRD00594,1,Size/Fit Issue,129.17
RET2025004656,2025-08-09,SAL20250003803,STR011,PRD00043,1,Size/Fit Issue,22998.01
RET2025004657,2025-10-22,SAL20250004178,STR031,PRD01010,1,Damaged in Transit,762.29
RET2025004658,2025-06-30,SAL20250087366,STR018,PRD00653,1,Defective Item,614.39
RET2025004659,2025-10-07,SAL20250023246,STR004,PRD00251,1,Size/Fit Issue,10660.28
RET2025004660,2025-06-23,SAL20250026505,STR037,PRD00798,1,Size/Fit Issue,1720.26
RET2025004661,2025-07-21,SAL20250050668,STR034,PRD01015,1,Wrong Item Delivered,771.47
RET2025004662,2025-04-08,SAL20250082197,STR034,PRD00666,1,Wrong Item Delivered,224.43
RET2025004663,2025-01-18,SAL20250085024,STR007,PRD00371,2,Wrong Item Delivered,399.8
RET2025004664,2025-04-22,SAL20250052517,STR017,PRD00304,2,Defective Item,2104.28
RET2025004665,2025-11-14,SAL20250043664,STR016,PRD00931,1,Defective Item,1839.81
RET2025004666,2025-01-08,SAL20250012490,STR034,PRD01177,1,Wrong Item Delivered,2791.89
RET2025004667,2025-09-06,SAL20250062839,STR030,PRD00855,1,Size/Fit Issue,2084.62
RET2025004668,2025-09-02,SAL20250058177,STR005,PRD00049,1,Damaged in Transit,4540.51
RET2025004669,2025-02-22,SAL20250032383,STR032,PRD00160,1,Defective Item,7937.44
RET2025004670,2025-03-28,SAL20250084438,STR041,PRD00286,1,Damaged in Transit,390.77
RET2025004671,2025-08-20,SAL20250094663,STR010,PRD00231,1,Defective Item,9171.94
RET2025004672,2025-08-03,SAL20250004649,STR023,PRD00199,1,Customer Changed Mind,1863.27
RET2025004673,2025-12-09,SAL20250041205,STR002,PRD00178,2,Defective Item,19339.9
RET2025004674,2025-04-05,SAL20250087056,STR028,PRD00439,1,Wrong Item Delivered,122.61
RET2025004675,2025-04-21,SAL20250078050,STR001,PRD00567,1,Customer Changed Mind,365.44
RET2025004676,2025-08-06,SAL20250005402,STR038,PRD01017,2,Defective Item,2184.38
RET2025004677,2025-12-09,SAL20250086198,STR005,PRD00384,1,Customer Changed Mind,1012.08
RET2025004678,2025-03-18,SAL20250090438,STR019,PRD00391,1,Damaged in Transit,716.46
RET2025004679,2025-09-17,SAL20250071452,STR033,PRD00029,1,Defective Item,24663.79
RET2025004680,2025-07-16,SAL20250079543,STR008,PRD00519,1,Defective Item,-818.33
RET2025004681,2025-11-04,SAL20250016632,STR035,PRD01057,1,Defective Item,52.31
RET2025004682,2025-10-28,SAL20250087070,STR031,PRD01000,1,Damaged in Transit,495.66
RET2025004683,2025-12-30,SAL20250069923,STR013,PRD01008,2,Wrong Item Delivered,455.16
RET2025004684,2025-01-23,SAL20250067795,STR002,PRD00289,1,Customer Changed Mind,1047.34
RET2025004685,2025-04-27,SAL20250064875,STR018,PRD00615,2,Damaged in Transit,957.48
RET2025004686,2025-04-13,SAL20250009221,STR017,PRD00582,1,Wrong Item Delivered,535.32
RET2025004687,2025-07-04,SAL20250060833,STR009,PRD00662,2,Wrong Item Delivered,384.28
RET2025004688,2025-08-19,SAL20250023673,STR012,PRD00776,3,Defective Item,3437.22
RET2025004689,2025-02-09,SAL20250051701,STR028,PRD01016,1,Wrong Item Delivered,253.56
RET2025004690,2025-07-25,SAL20250035687,STR011,PRD00112,1,Size/Fit Issue,3948.48
RET2025004691,2025-02-07,SAL20250076853,STR040,PRD00038,1,Defective Item,2962.9
RET2025004692,2025-09-07,SAL20250009997,STR029,PRD00951,1,Wrong Item Delivered,594.37
RET2025004693,2025-12-30,SAL20250004826,STR035,PRD00222,3,Size/Fit Issue,26846.01
RET2025004694,2025-12-22,SAL20250015493,STR009,PRD00513,1,Customer Changed Mind,111.04
RET2025004695,2025-10-06,SAL20250066636,STR007,PRD01160,1,Defective Item,7696.75
RET2025004696,2025-05-22,SAL20250036626,STR023,PRD00152,1,Defective Item,8357.62
RET2025004697,2025-11-07,SAL20250021880,STR002,PRD00176,1,Defective Item,4757.11
RET2025004698,2025-01-09,SAL20250040367,STR041,PRD00400,1,Wrong Item Delivered,920.96
RET2025004699,2025-08-13,SAL20250094231,STR016,PRD01069,1,Size/Fit Issue,2127.71
RET2025004700,2025-04-14,SAL20250050151,STR001,PRD00997,1,Defective Item,893.9
RET2025004701,2025-06-03,SAL20250022349,STR033,PRD01130,2,Defective Item,6328.62
RET2025004702,2025-05-18,SAL20250006230,STR030,PRD00177,1,Size/Fit Issue,10270.98
RET2025004703,2025-10-13,SAL20250058893,STR018,PRD00637,1,Defective Item,299.32
RET2025004704,2025-01-20,SAL20250062829,STR036,PRD00917,1,Size/Fit Issue,1441.59
RET2025004705,2025-05-26,SAL20250059171,STR016,PRD00891,1,Wrong Item Delivered,506.36
RET2025004706,2025-09-21,SAL20250021214,STR015,PRD00467,1,Size/Fit Issue,528.8
RET2025004707,2025-03-20,SAL20250029203,STR024,PRD00327,1,Defective Item,500.0
RET2025004708,2025-07-11,SAL20250089658,STR029,PRD00025,2,Defective Item,4696.32
RET2025004709,2025-08-02,SAL20250086003,STR025,PRD00913,1,Wrong Item Delivered,3252.33
RET2025004710,2025-10-10,SAL20250086240,STR031,PRD01192,1,Customer Changed Mind,7158.24
RET2025004711,2025-03-26,SAL20250012568,STR022,PRD01181,1,Defective Item,2062.42
RET2025004712,2025-06-01,SAL20250010385,STR029,PRD01004,1,Damaged in Transit,128.91
RET2025004713,2025-09-04,SAL20250031804,STR007,PRD00325,1,Defective Item,1273.47
RET2025004714,2025-06-08,SAL20250041201,STR038,PRD01044,1,Damaged in Transit,762.23
RET2025004715,2025-07-21,SAL20250092922,STR025,PRD00440,1,Damaged in Transit,366.81
RET2025004716,2025-09-01,SAL20250013863,STR018,PRD01157,1,Wrong Item Delivered,8076.82
RET2025004717,2025-04-07,SAL20250075328,STR032,PRD00289,2,Defective Item,2094.68
RET2025004718,2025-10-22,SAL20250044859,STR013,PRD00562,1,Wrong Item Delivered,671.35
RET2025004719,2025-06-13,SAL20250088534,STR034,PRD00801,1,Size/Fit Issue,500.0
RET2025004720,2025-03-31,SAL20250011257,STR020,PRD00534,2,Customer Changed Mind,194.18
RET2025004721,2025-12-11,SAL20250060984,STR011,PRD00172,1,Defective Item,7151.58
RET2025004722,2025-08-02,SAL20250046054,STR037,PRD01131,1,Defective Item,6280.13
RET2025004723,2025-12-15,SAL20250065261,STR038,PRD00742,1,Wrong Item Delivered,3993.24
RET2025004724,2025-08-29,SAL20250071935,STR031,PRD00824,1,Size/Fit Issue,3034.92
RET2025004725,2025-03-11,SAL20250040054,STR029,PRD00021,1,Wrong Item Delivered,1822.47
RET2025004726,2025-12-21,SAL20250044081,STR029,PRD01158,1,Defective Item,7747.18
RET2025004727,2025-08-15,SAL20250044639,STR015,PRD01130,2,Defective Item,6328.62
RET2025004728,2025-04-23,SAL20250014582,STR003,PRD00868,2,Defective Item,2900.66
RET2025004729,2025-08-06,SAL20250051659,STR001,PRD00022,1,Defective Item,22149.39
RET2025004730,2025-09-15,SAL20250019033,STR022,PRD01084,2,Defective Item,20997.08
RET2025004731,2025-11-18,SAL20250042175,STR017,PRD00931,1,Size/Fit Issue,1839.81
RET2025004732,2025-08-28,SAL20250069365,STR040,PRD00075,1,Wrong Item Delivered,9132.03
RET2025004733,2025-02-04,SAL20250037680,STR010,PRD00226,1,Defective Item,3456.4
RET2025004734,2025-06-05,SAL20250068317,STR015,PRD00615,1,Defective Item,478.74
RET2025004735,2025-12-02,SAL20250096783,STR037,PRD00173,1,Defective Item,9167.15
RET2025004736,2025-06-07,SAL20250090862,STR017,PRD00886,1,Wrong Item Delivered,1331.79
RET2025004737,2025-02-21,SAL20250022759,STR011,PRD00050,2,Defective Item,40311.34
RET2025004738,2025-03-11,SAL20250024848,STR012,PRD00746,1,Wrong Item Delivered,2299.94
RET2025004739,2025-08-24,SAL20250094821,STR027,PRD00160,1,Wrong Item Delivered,7937.44
RET2025004740,2025-07-22,SAL20250019423,STR028,PRD00724,1,Defective Item,2856.14
RET2025004741,2025-02-05,SAL20250093400,STR015,PRD00046,1,Wrong Item Delivered,12754.14
RET2025004742,2025-07-07,SAL20250048770,STR020,PRD00854,1,Damaged in Transit,2355.83
RET2025004743,2025-04-17,SAL20250034946,STR039,PRD00793,2,Defective Item,4890.76
RET2025004744,2025-10-06,SAL20250028059,STR040,PRD00586,1,Defective Item,648.21
RET2025004745,2025-04-04,SAL20250008689,STR015,PRD00574,1,Wrong Item Delivered,560.83
RET2025004746,2025-05-08,SAL20250075815,STR010,PRD00446,1,Size/Fit Issue,1037.38
RET2025004747,2025-04-11,SAL20250013444,STR007,PRD00692,1,Defective Item,1997.13
RET2025004748,2025-05-30,SAL20250058905,STR015,PRD00772,1,Size/Fit Issue,988.94
RET2025004749,2025-12-28,SAL20250017906,STR024,PRD00020,1,Size/Fit Issue,2507.15
RET2025004750,2025-08-23,SAL20250043043,STR036,PRD00436,1,Defective Item,630.05
RET2025004751,2025-12-11,SAL20250026713,STR039,PRD01119,1,Size/Fit Issue,9164.59
RET2025004752,2025-09-10,SAL20250014162,STR007,PRD00389,1,Size/Fit Issue,1606.86
RET2025004753,2025-01-11,SAL20250006152,STR002,PRD00988,1,Size/Fit Issue,774.65
RET2025004754,2025-12-13,SAL20250005638,STR004,PRD01135,1,Customer Changed Mind,2481.4
RET2025004755,2025-05-23,SAL20250036998,STR017,PRD00706,1,Size/Fit Issue,3862.25
RET2025004756,2025-08-25,SAL20250067095,STR018,PRD01046,1,Customer Changed Mind,946.12
RET2025004757,2025-02-23,SAL20250040303,STR004,PRD00759,1,Defective Item,4285.9
RET2025004758,2025-03-03,SAL20250041191,STR011,PRD00704,1,Size/Fit Issue,1185.8
RET2025004759,2025-12-01,SAL20250060445,STR034,PRD00162,1,Size/Fit Issue,9916.48
RET2025004760,2025-03-24,SAL20250038392,STR022,PRD00372,2,Defective Item,1085.4
RET2025004761,2025-06-25,SAL20250025918,STR017,PRD00307,1,Wrong Item Delivered,743.28
RET2025004762,2025-04-13,SAL20250048261,STR018,PRD00733,1,Defective Item,3579.07
RET2025004763,2025-02-04,SAL20250013663,STR025,PRD00810,1,Size/Fit Issue,406.14
RET2025004764,2025-11-25,SAL20250024577,STR007,PRD00692,1,Defective Item,1997.13
RET2025004765,2025-10-13,SAL20250011072,STR008,PRD00706,1,Wrong Item Delivered,3862.25
RET2025004766,2025-11-28,SAL20250098751,STR028,PRD00136,1,Defective Item,8242.41
RET2025004767,2025-11-04,SAL20250002618,STR028,PRD00350,1,Defective Item,1107.22
RET2025004768,2025-07-01,SAL20250058481,STR014,PRD00457,1,Defective Item,726.05
RET2025004769,2025-05-27,SAL20250089744,STR034,PRD00936,1,Defective Item,964.58
RET2025004770,2025-04-13,SAL20250076510,STR035,PRD00273,1,Size/Fit Issue,1306.29
RET2025004771,2025-02-06,SAL20250078893,STR005,PRD00434,1,Defective Item,648.17
RET2025004772,2025-08-05,SAL20250091219,STR026,PRD00422,1,Wrong Item Delivered,218.73
RET2025004773,2025-08-25,SAL20250005593,STR003,PRD00022,1,Size/Fit Issue,22149.39
RET2025004774,2025-07-09,SAL20250099707,STR019,PRD00895,1,Customer Changed Mind,472.54
RET2025004775,2025-12-27,SAL20250015919,STR033,PRD00664,1,Wrong Item Delivered,181.84
RET2025004776,2025-07-27,SAL20250018961,STR021,PRD00302,1,Wrong Item Delivered,486.18
RET2025004777,2025-08-25,SAL20250001176,STR019,PRD01015,1,Defective Item,771.47
RET2025004778,2025-06-18,SAL20250008666,STR012,PRD01009,2,Defective Item,104.66
RET2025004779,2025-10-25,SAL20250091028,STR032,PRD01030,1,Wrong Item Delivered,525.24
RET2025004780,2025-04-16,SAL20250054672,STR008,PRD00467,1,Size/Fit Issue,528.8
RET2025004781,2025-03-16,SAL20250045574,STR003,PRD00757,1,Size/Fit Issue,1608.8
RET2025004782,2025-12-13,SAL20250099911,STR026,PRD00918,2,Wrong Item Delivered,5482.2
RET2025004783,2025-05-10,SAL20250009787,STR009,PRD01005,1,Damaged in Transit,682.39
RET2025004784,2025-03-22,SAL20250052460,STR016,PRD00416,1,Customer Changed Mind,833.51
RET2025004785,2025-12-04,SAL20250096866,STR006,PRD00587,1,Customer Changed Mind,250.15
RET2025004786,2025-06-22,SAL20250036327,STR012,PRD00671,1,Defective Item,327.72
RET2025004787,2025-03-06,SAL20250004978,STR020,PRD00905,1,Damaged in Transit,2497.02
RET2025004788,2025-07-06,SAL20250019099,STR028,PRD00352,1,Customer Changed Mind,930.67
RET2025004789,2025-11-12,SAL20250019869,STR037,PRD00395,1,Wrong Item Delivered,562.56
RET2025004790,2025-03-10,SAL20250063591,STR033,PRD00089,1,Wrong Item Delivered,24330.95
RET2025004791,2025-09-28,SAL20250071239,STR033,PRD00603,2,Damaged in Transit,393.82
RET2025004792,2025-12-29,SAL20250012220,STR010,PRD00098,1,Customer Changed Mind,13136.22
RET2025004793,2025-08-31,SAL20250023056,STR025,PRD00307,1,Defective Item,743.28
RET2025004794,2025-03-05,SAL20250089109,STR040,PRD00224,1,Size/Fit Issue,4670.9
RET2025004795,2025-10-19,SAL20250098152,STR026,PRD00282,1,Size/Fit Issue,705.96
RET2025004796,2025-04-11,SAL20250098060,STR029,PRD01193,1,Defective Item,1712.13
RET2025004797,2025-06-20,SAL20250027193,STR020,PRD00452,1,Damaged in Transit,1046.75
RET2025004798,2025-11-26,SAL20250084322,STR032,PRD01044,2,Damaged in Transit,1524.46
RET2025004799,2025-01-21,SAL20250046032,STR004,PRD00138,1,Size/Fit Issue,3460.02
RET2025004800,2025-06-09,SAL20250059747,STR021,PRD00947,1,Defective Item,413.13
RET2025004801,2025-03-01,SAL20250088856,STR016,PRD01183,1,Defective Item,7827.71
RET2025004802,2025-03-27,SAL20250007163,STR020,PRD00147,1,Wrong Item Delivered,10113.79
RET2025004803,2025-04-15,SAL20250008406,STR020,PRD00369,1,Defective Item,1020.79
RET2025004804,2025-01-17,SAL20250077516,STR040,PRD01177,1,Defective Item,2791.89
RET2025004805,2025-03-07,SAL20250045325,STR018,PRD00030,1,Defective Item,17262.94
RET2025004806,2025-05-04,SAL20250066416,STR026,PRD00502,1,Defective Item,721.0
RET2025004807,2025-04-08,SAL20250003338,STR031,PRD00984,1,Wrong Item Delivered,34.1
RET2025004808,2025-08-04,SAL20250059587,STR029,PRD00363,1,Defective Item,1443.62
RET2025004809,2025-04-18,SAL20250015977,STR020,PRD00108,1,Customer Changed Mind,22607.14
RET2025004810,2025-05-30,SAL20250074601,STR011,PRD00178,1,Customer Changed Mind,9669.95
RET2025004811,2025-12-17,SAL20250062440,STR027,PRD00769,1,Size/Fit Issue,1757.79
RET2025004812,2025-06-19,SAL20250060691,STR025,PRD00905,2,Wrong Item Delivered,4994.04
RET2025004813,2025-09-21,SAL20250009167,STR024,PRD00287,1,Defective Item,550.08
RET2025004814,2025-02-05,SAL20250047759,STR008,PRD01014,1,Defective Item,1123.09
RET2025004815,2025-06-11,SAL20250065549,STR039,PRD00187,1,Size/Fit Issue,5314.8
RET2025004816,2025-12-14,SAL20250093112,STR016,PRD00096,1,Defective Item,1587.91
RET2025004817,2025-12-06,SAL20250067108,STR015,PRD00759,1,Defective Item,4285.9
RET2025004818,2025-06-03,SAL20250069178,STR018,PRD00446,1,Wrong Item Delivered,1037.38
RET2025004819,2025-10-19,SAL20250095989,STR021,PRD00607,1,Defective Item,313.72
RET2025004820,2025-03-27,SAL20250083101,STR016,PRD00348,1,Defective Item,1231.54
RET2025004821,2025-07-06,SAL20250087142,STR031,PRD00994,1,Customer Changed Mind,1224.56
RET2025004822,2025-10-13,SAL20250083000,STR005,PRD00085,1,Size/Fit Issue,26032.76
RET2025004823,2025-03-27,SAL20250016884,STR022,PRD01189,2,Customer Changed Mind,10526.0
RET2025004824,2025-08-05,SAL20250096691,STR011,PRD00025,1,Size/Fit Issue,2348.16
RET2025004825,2025-06-25,SAL20250005091,STR031,PRD00963,1,Wrong Item Delivered,93.93
RET2025004826,2025-07-13,SAL20250000187,STR034,PRD01145,1,Size/Fit Issue,3609.72
RET2025004827,2025-04-02,SAL20250083400,STR040,PRD00627,1,Customer Changed Mind,670.0
RET2025004828,2025-08-12,SAL20250045919,STR039,PRD01174,1,Size/Fit Issue,4967.43
RET2025004829,2025-03-06,SAL20250005787,STR007,PRD00346,1,Size/Fit Issue,927.55
RET2025004830,2025-08-04,SAL20250032078,STR020,PRD00800,2,Wrong Item Delivered,956.38
RET2025004831,2025-03-30,SAL20250014355,STR020,PRD00162,1,Customer Changed Mind,9916.48
RET2025004832,2025-11-18,SAL20250083418,STR001,PRD00788,1,Defective Item,3329.23
RET2025004833,2025-01-15,SAL20250095393,STR002,PRD01144,1,Defective Item,2397.7
RET2025004834,2025-03-18,SAL20250057957,STR018,PRD00833,1,Size/Fit Issue,1761.67
RET2025004835,2025-10-24,SAL20250001473,STR003,PRD01047,1,Wrong Item Delivered,844.86
RET2025004836,2025-02-12,SAL20250028573,STR007,PRD00892,1,Customer Changed Mind,2494.33
RET2025004837,2025-09-20,SAL20250068206,STR022,PRD00110,1,Size/Fit Issue,26501.66
RET2025004838,2025-04-24,SAL20250033313,STR033,PRD00850,1,Customer Changed Mind,1897.52
RET2025004839,2025-01-18,SAL20250006267,STR028,PRD00138,1,Size/Fit Issue,3460.02
RET2025004840,2025-08-21,SAL20250071424,STR009,PRD01091,3,Customer Changed Mind,17635.38
RET2025004841,2025-04-06,SAL20250044876,STR003,PRD00301,1,Defective Item,189.19
RET2025004842,2025-12-14,SAL20250051973,STR008,PRD00743,1,Defective Item,1675.83
RET2025004843,2025-02-04,SAL20250085596,STR037,PRD01196,1,Damaged in Transit,1369.18
RET2025004844,2025-09-22,SAL20250031096,STR004,PRD00504,1,Customer Changed Mind,1118.52
RET2025004845,2025-06-12,SAL20250053467,STR020,PRD00434,1,Damaged in Transit,648.17
RET2025004846,2025-03-13,SAL20250036063,STR007,PRD01072,1,Defective Item,354.49
RET2025004847,2025-12-24,SAL20250017044,STR006,PRD00065,1,Size/Fit Issue,10562.87
RET2025004848,2025-08-03,SAL20250047699,STR041,PRD00199,2,Wrong Item Delivered,3726.54
RET2025004849,2025-11-15,SAL20250046644,STR041,PRD00690,1,Defective Item,3635.92
RET2025004850,2025-12-02,SAL20250016711,STR004,PRD00133,1,Customer Changed Mind,10102.94
RET2025004851,2025-09-08,SAL20250031593,STR038,PRD00733,1,Wrong Item Delivered,3579.07
RET2025004852,2025-06-18,SAL20250009568,STR006,PRD00582,1,Defective Item,535.32
RET2025004853,2025-04-30,SAL20250022506,STR034,PRD00601,1,Damaged in Transit,50.1
RET2025004854,2025-09-23,SAL20250018670,STR013,PRD00668,1,Defective Item,302.1
RET2025004855,2025-03-10,SAL20250022481,STR015,PRD01183,1,Customer Changed Mind,7827.71
RET2025004856,2025-01-13,SAL20250070203,STR001,PRD00693,2,Wrong Item Delivered,5024.44
RET2025004857,2025-08-22,SAL20250037578,STR035,PRD00156,1,Defective Item,1591.76
RET2025004858,2025-12-25,SAL20250092532,STR004,PRD00103,1,Wrong Item Delivered,4104.09
RET2025004859,2025-10-11,SAL20250004370,STR030,PRD00589,1,Customer Changed Mind,-435.23
RET2025004860,2025-11-22,SAL20250029814,STR010,PRD00344,1,Wrong Item Delivered,702.67
RET2025004861,2025-09-01,SAL20250021728,STR041,PRD00177,1,Defective Item,10270.98
RET2025004862,2025-01-19,SAL20250064724,STR024,PRD00502,1,Customer Changed Mind,721.0
RET2025004863,2025-10-08,SAL20250071711,STR019,PRD00189,1,Defective Item,8529.1
RET2025004864,2025-06-01,SAL20250093711,STR009,PRD00433,1,Size/Fit Issue,1065.88
RET2025004865,2025-07-09,SAL20250083194,STR040,PRD00563,3,Size/Fit Issue,2003.25
RET2025004866,2025-06-07,SAL20250098711,STR035,PRD01166,1,Size/Fit Issue,3220.85
RET2025004867,2025-04-18,SAL20250027046,STR009,PRD00729,1,Wrong Item Delivered,3595.95
RET2025004868,2025-09-07,SAL20250099936,STR038,PRD00265,2,Defective Item,9594.4
RET2025004869,2025-02-16,SAL20250069481,STR006,PRD00044,1,Damaged in Transit,3159.2
RET2025004870,2025-06-23,SAL20250058070,STR019,PRD00710,1,Customer Changed Mind,4042.5
RET2025004871,2025-05-22,SAL20250025568,STR006,PRD00258,2,Size/Fit Issue,4883.28
RET2025004872,2025-05-22,SAL20250007178,STR029,PRD00413,1,Wrong Item Delivered,347.68
RET2025004873,2025-08-23,SAL20250077449,STR026,PRD00616,1,Wrong Item Delivered,565.82
RET2025004874,2025-07-16,SAL20250049677,STR001,PRD00476,1,Customer Changed Mind,645.16
RET2025004875,2025-02-18,SAL20250081348,STR015,PRD00800,3,Size/Fit Issue,1434.57
RET2025004876,2025-09-08,SAL20250084125,STR021,PRD00343,1,Damaged in Transit,244.94
RET2025004877,2025-03-15,SAL20250032453,STR005,PRD00381,1,Wrong Item Delivered,931.15
RET2025004878,2025-09-09,SAL20250011508,STR020,PRD00089,3,Wrong Item Delivered,72992.85
RET2025004879,2025-08-02,SAL20250066618,STR005,PRD00263,2,Customer Changed Mind,6414.02
RET2025004880,2025-06-21,SAL20250097167,STR041,PRD00572,1,Defective Item,728.84
RET2025004881,2025-06-22,SAL20250087869,STR025,PRD00668,1,Size/Fit Issue,302.1
RET2025004882,2025-10-18,SAL20250017661,STR029,PRD00710,2,Wrong Item Delivered,8085.0
RET2025004883,2025-01-11,SAL20250059312,STR039,PRD00292,1,Defective Item,975.97
RET2025004884,2025-04-04,SAL20250055981,STR037,PRD01002,1,Defective Item,98.3
RET2025004885,2025-07-20,SAL20250003698,STR028,PRD00331,1,Defective Item,133.4
RET2025004886,2025-08-15,SAL20250015301,STR014,PRD00838,1,Wrong Item Delivered,1522.8
RET2025004887,2025-09-20,SAL20250047120,STR031,PRD01187,1,Size/Fit Issue,5464.91
RET2025004888,2025-04-13,SAL20250046278,STR008,PRD00155,1,Customer Changed Mind,2214.51
RET2025004889,2025-10-27,SAL20250049801,STR040,PRD00746,1,Size/Fit Issue,2299.94
RET2025004890,2025-01-22,SAL20250035583,STR027,PRD00354,1,Size/Fit Issue,1099.31
RET2025004891,2025-04-30,SAL20250052219,STR005,PRD00914,1,Defective Item,3460.6
RET2025004892,2025-11-25,SAL20250010574,STR020,PRD00788,1,Customer Changed Mind,3329.23
RET2025004893,2025-04-12,SAL20250052180,STR034,PRD00069,1,Size/Fit Issue,11744.39
RET2025004894,2025-10-01,SAL20250093301,STR023,PRD00955,1,Wrong Item Delivered,608.44
RET2025004895,2025-12-15,SAL20250085442,STR012,PRD00973,2,Damaged in Transit,582.88
RET2025004896,2025-07-24,SAL20250057080,STR012,PRD00023,1,Customer Changed Mind,6541.47
RET2025004897,2025-04-23,SAL20250063328,STR009,PRD00870,1,Defective Item,2808.24
RET2025004898,2025-11-11,SAL20250021351,STR006,PRD00171,1,Damaged in Transit,6232.31
RET2025004899,2025-08-17,SAL20250085023,STR024,PRD01032,1,Damaged in Transit,117.65
RET2025004900,2025-12-24,SAL20250095218,STR026,PRD00923,1,Defective Item,3811.45
RET2025004901,2025-06-20,SAL20250004099,STR004,PRD00776,1,Wrong Item Delivered,1145.74
RET2025004902,2025-07-31,SAL20250084014,STR002,PRD00985,1,Customer Changed Mind,79.43
RET2025004903,2025-12-18,SAL20250060284,STR005,PRD00327,2,Size/Fit Issue,1000.0
RET2025004904,2025-12-10,SAL20250003111,STR013,PRD00455,2,Customer Changed Mind,1366.72
RET2025004905,2025-09-22,SAL20250002746,STR032,PRD01142,1,Size/Fit Issue,3878.91
RET2025004906,2025-06-10,SAL20250032943,STR030,PRD00262,1,Defective Item,10754.4
RET2025004907,2025-10-26,SAL20250042193,STR022,PRD00881,1,Damaged in Transit,802.33
RET2025004908,2025-03-02,SAL20250001919,STR037,PRD00792,1,Wrong Item Delivered,5089.33
RET2025004909,2025-07-29,SAL20250074120,STR015,PRD00230,1,Customer Changed Mind,11424.91
RET2025004910,2025-12-17,SAL20250060301,STR025,PRD00128,1,Defective Item,13672.72
RET2025004911,2025-03-17,SAL20250092273,STR025,PRD00313,1,Damaged in Transit,-1406.36
RET2025004912,2025-04-22,SAL20250054918,STR012,PRD01164,1,Damaged in Transit,2114.79
RET2025004913,2025-01-31,SAL20250058709,STR006,PRD00385,1,Defective Item,460.87
RET2025004914,2025-03-22,SAL20250035501,STR022,PRD00328,1,Damaged in Transit,1206.9
RET2025004915,2025-07-25,SAL20250005869,STR014,PRD00500,2,Defective Item,1872.26
RET2025004916,2025-12-13,SAL20250037351,STR002,PRD00371,1,Defective Item,199.9
RET2025004917,2025-07-09,SAL20250012017,STR017,PRD00432,2,Defective Item,1691.1
RET2025004918,2025-06-17,SAL20250092581,STR004,PRD00113,1,Defective Item,16350.49
RET2025004919,2025-05-16,SAL20250017923,STR019,PRD00615,1,Size/Fit Issue,478.74
RET2025004920,2025-09-09,SAL20250082780,STR012,PRD00088,1,Wrong Item Delivered,22406.29
RET2025004921,2025-08-19,SAL20250026086,STR036,PRD00499,1,Damaged in Transit,309.01
RET2025004922,2025-08-17,SAL20250034283,STR003,PRD01038,1,Size/Fit Issue,565.57
RET2025004923,2025-04-03,SAL20250088581,STR041,PRD00083,1,Defective Item,9369.31
RET2025004924,2025-07-29,SAL20250081560,STR032,PRD00880,1,Size/Fit Issue,430.21
RET2025004925,2025-02-27,SAL20250053396,STR030,PRD00292,1,Defective Item,975.97
RET2025004926,2025-06-09,SAL20250000888,STR014,PRD00033,2,Defective Item,5307.72
RET2025004927,2025-02-23,SAL20250057859,STR023,PRD00244,1,Wrong Item Delivered,9135.72
RET2025004928,2025-01-20,SAL20250045339,STR028,PRD01096,1,Defective Item,3066.12
RET2025004929,2025-02-22,SAL20250033641,STR039,PRD00672,1,Damaged in Transit,4427.9
RET2025004930,2025-05-11,SAL20250077142,STR036,PRD01015,2,Wrong Item Delivered,1542.94
RET2025004931,2025-02-02,SAL20250079365,STR030,PRD00784,1,Damaged in Transit,1985.25
RET2025004932,2025-04-03,SAL20250001579,STR012,PRD00680,1,Size/Fit Issue,3900.49
RET2025004933,2025-08-19,SAL20250046126,STR022,PRD01086,1,Customer Changed Mind,5541.98
RET2025004934,2025-03-09,SAL20250076763,STR024,PRD00738,1,Defective Item,984.8
RET2025004935,2025-07-24,SAL20250061936,STR028,PRD00668,1,Damaged in Transit,302.1
RET2025004936,2025-02-22,SAL20250037335,STR028,PRD00776,1,Size/Fit Issue,1145.74
RET2025004937,2025-07-08,SAL20250080704,STR038,PRD00215,1,Wrong Item Delivered,9358.07
RET2025004938,2025-12-18,SAL20250090007,STR013,PRD00483,1,Customer Changed Mind,634.79
RET2025004939,2025-03-23,SAL20250024282,STR039,PRD00231,2,Defective Item,18343.88
RET2025004940,2025-10-27,SAL20250082383,STR001,PRD00526,1,Defective Item,712.58
RET2025004941,2025-09-11,SAL20250003590,STR001,PRD00094,1,Damaged in Transit,15405.56
RET2025004942,2025-09-29,SAL20250044479,STR037,PRD00549,1,Wrong Item Delivered,585.62
RET2025004943,2025-12-25,SAL20250040613,STR028,PRD00472,2,Defective Item,1109.7
RET2025004944,2025-01-16,SAL20250015163,STR015,PRD00784,1,Defective Item,1985.25
RET2025004945,2025-04-08,SAL20250005797,STR022,PRD00702,1,Wrong Item Delivered,1394.73
RET2025004946,2025-07-29,SAL20250063841,STR001,PRD00556,1,Damaged in Transit,634.75
RET2025004947,2025-02-11,SAL20250002333,STR020,PRD00262,1,Customer Changed Mind,10754.4
RET2025004948,2025-07-06,SAL20250079069,STR025,PRD00579,1,Size/Fit Issue,398.71
RET2025004949,2025-09-11,SAL20250061368,STR040,PRD00400,2,Defective Item,1841.92
RET2025004950,2025-10-05,SAL20250006018,STR017,PRD00874,1,Defective Item,3195.38
RET2025004951,2025-07-31,SAL20250033746,STR014,PRD00244,1,Damaged in Transit,9135.72
RET2025004952,2025-05-29,SAL20250044714,STR015,PRD00099,1,Defective Item,19924.5
RET2025004953,2025-03-03,SAL20250024279,STR032,PRD00966,1,Size/Fit Issue,814.75
RET2025004954,2025-06-10,SAL20250001264,STR011,PRD00484,1,Defective Item,678.16
RET2025004955,2025-05-05,SAL20250099921,STR002,PRD01179,1,Customer Changed Mind,3455.57
RET2025004956,2025-02-17,SAL20250004839,STR021,PRD01078,1,Defective Item,2107.38
RET2025004957,2025-04-09,SAL20250012783,STR038,PRD00776,1,Defective Item,1145.74
RET2025004958,2025-02-27,SAL20250040898,STR013,PRD00660,1,Wrong Item Delivered,324.23
RET2025004959,2025-01-19,SAL20250097362,STR034,PRD00073,1,Damaged in Transit,23649.92
RET2025004960,2025-08-22,SAL20250090190,STR040,PRD01104,2,Size/Fit Issue,15516.66
RET2025004961,2025-07-11,SAL20250002814,STR034,PRD00181,1,Size/Fit Issue,4428.73
RET2025004962,2025-04-15,SAL20250031252,STR009,PRD00490,2,Defective Item,354.46
RET2025004963,2025-03-24,SAL20250024912,STR021,PRD00777,1,Customer Changed Mind,3515.65
RET2025004964,2025-07-18,SAL20250035655,STR016,PRD00159,1,Wrong Item Delivered,4881.58
RET2025004965,2025-09-29,SAL20250052074,STR012,PRD00355,2,Damaged in Transit,608.22
RET2025004966,2025-05-20,SAL20250051482,STR010,PRD00960,1,Defective Item,572.91
RET2025004967,2025-01-29,SAL20250050129,STR027,PRD00933,1,Wrong Item Delivered,3527.61
RET2025004968,2025-04-13,SAL20250074054,STR028,PRD01182,1,Defective Item,9675.4
RET2025004969,2025-09-24,SAL20250030406,STR037,PRD00141,1,Defective Item,2559.21
RET2025004970,2025-02-25,SAL20250044467,STR025,PRD00732,1,Wrong Item Delivered,4150.55
RET2025004971,2025-11-02,SAL20250021774,STR003,PRD00231,1,Customer Changed Mind,9171.94
RET2025004972,2025-10-26,SAL20250088429,STR018,PRD00584,1,Wrong Item Delivered,232.29
RET2025004973,2025-08-14,SAL20250023373,STR003,PRD00592,1,Customer Changed Mind,365.4
RET2025004974,2025-09-11,SAL20250025879,STR026,PRD00225,1,Wrong Item Delivered,9871.63
RET2025004975,2025-12-09,SAL20250064542,STR028,PRD00113,1,Size/Fit Issue,16350.49
RET2025004976,2025-11-30,SAL20250086894,STR020,PRD00419,1,Wrong Item Delivered,950.16
RET2025004977,2025-10-02,SAL20250010173,STR027,PRD00564,1,Size/Fit Issue,566.41
RET2025004978,2025-08-26,SAL20250054103,STR014,PRD00504,1,Wrong Item Delivered,1118.52
RET2025004979,2025-09-07,SAL20250094983,STR028,PRD00408,1,Defective Item,1017.09
RET2025004980,2025-02-19,SAL20250088839,STR009,PRD00504,1,Size/Fit Issue,1118.52
RET2025004981,2025-03-26,SAL20250065281,STR012,PRD00548,2,Wrong Item Delivered,344.02
RET2025004982,2025-12-27,SAL20250023641,STR008,PRD00791,1,Defective Item,855.75
RET2025004983,2025-06-12,SAL20250019683,STR028,PRD00202,2,Defective Item,2419.68
RET2025004984,2025-03-28,SAL20250071774,STR036,PRD01064,1,Defective Item,155.0
RET2025004985,2025-03-08,SAL20250032279,STR019,PRD00861,1,Defective Item,3212.99
RET2025004986,2025-04-02,SAL20250039863,STR018,PRD00850,1,Defective Item,1897.52
RET2025004987,2025-04-13,SAL20250076996,STR020,PRD00089,1,Defective Item,24330.95
RET2025004988,2025-07-14,SAL20250042754,STR019,PRD00548,1,Wrong Item Delivered,172.01
RET2025004989,2025-03-09,SAL20250037131,STR037,PRD01137,1,Defective Item,2009.09
RET2025004990,2025-07-22,SAL20250060173,STR019,PRD01036,1,Defective Item,177.81
RET2025004991,2025-05-19,SAL20250055828,STR014,PRD00338,1,Defective Item,1223.61
RET2025004992,2025-07-31,SAL20250056250,STR033,PRD00417,1,Customer Changed Mind,788.29
RET2025004993,2025-01-18,SAL20250032576,STR041,PRD00290,1,Size/Fit Issue,747.46
RET2025004994,2025-08-02,SAL20250029650,STR034,PRD00501,1,Damaged in Transit,707.96
RET2025004995,2025-02-19,SAL20250033055,STR035,PRD00744,1,Defective Item,4365.48
RET2025004996,2025-01-23,SAL20250051796,STR023,PRD01050,1,Wrong Item Delivered,562.12
RET2025004997,2025-08-28,SAL20250062765,STR019,PRD00344,1,Defective Item,702.67
RET2025004998,2025-12-30,SAL20250087215,STR031,PRD00540,1,Defective Item,550.54
RET2025004999,2025-12-06,SAL20250009629,STR016,PRD00281,1,Wrong Item Delivered,679.79
RET2025005000,2025-09-25,SAL20250076431,STR035,PRD00224,1,Size/Fit Issue,4670.9
RET2025005001,2025-10-17,SAL20250076967,STR031,PRD00583,1,Defective Item,704.61
RET2025005002,2025-01-29,SAL20250082305,STR037,PRD01051,1,Wrong Item Delivered,694.43
RET2025005003,2025-11-27,SAL20250062552,STR041,PRD00386,1,Customer Changed Mind,1129.86
RET2025005004,2025-10-27,SAL20250068572,STR040,PRD00911,1,Defective Item,807.88
RET2025005005,2025-02-13,SAL20250064828,STR027,PRD00229,1,Wrong Item Delivered,2013.93
RET2025005006,2025-07-27,SAL20250063705,STR040,PRD01021,1,Size/Fit Issue,582.28
RET2025005007,2025-06-27,SAL20250027416,STR037,PRD00433,2,Size/Fit Issue,2131.76
RET2025005008,2025-03-12,SAL20250052936,STR031,PRD01024,1,Size/Fit Issue,129.44
RET2025005009,2025-07-30,SAL20250098064,STR015,PRD00022,1,Damaged in Transit,22149.39
RET2025005010,2025-12-24,SAL20250075568,STR015,PRD00113,1,Size/Fit Issue,16350.49
RET2025005011,2025-11-22,SAL20250067808,STR024,PRD00528,3,Wrong Item Delivered,3354.12
RET2025005012,2025-06-10,SAL20250007827,STR028,PRD00536,2,Size/Fit Issue,787.12
RET2025005013,2025-05-09,SAL20250078342,STR034,PRD00768,1,Wrong Item Delivered,281.0
RET2025005014,2025-10-12,SAL20250046638,STR020,PRD00926,1,Wrong Item Delivered,683.78
RET2025005015,2025-04-08,SAL20250024264,STR038,PRD00081,1,Size/Fit Issue,19888.54
RET2025005016,2025-12-04,SAL20250052632,STR016,PRD00709,1,Size/Fit Issue,232.93
RET2025005017,2025-03-14,SAL20250090860,STR019,PRD00380,1,Defective Item,304.64
RET2025005018,2025-09-02,SAL20250060054,STR003,PRD00640,1,Wrong Item Delivered,209.4
RET2025005019,2025-09-26,SAL20250069179,STR038,PRD00618,1,Wrong Item Delivered,249.13
RET2025005020,2025-07-20,SAL20250027504,STR004,PRD00768,1,Damaged in Transit,281.0
RET2025005021,2025-08-02,SAL20250037426,STR024,PRD00664,1,Size/Fit Issue,181.84
RET2025005022,2025-03-12,SAL20250099738,STR014,PRD01168,1,Defective Item,4286.69
RET2025005023,2025-11-03,SAL20250057667,STR025,PRD00713,1,Defective Item,4061.86
RET2025005024,2025-10-23,SAL20250095204,STR009,PRD00452,1,Defective Item,1046.75
RET2025005025,2025-01-08,SAL20250022658,STR024,PRD01029,1,Defective Item,762.26
RET2025005026,2025-07-13,SAL20250025068,STR016,PRD00499,2,Customer Changed Mind,618.02
RET2025005027,2025-11-18,SAL20250067163,STR005,PRD01053,1,Defective Item,481.32
RET2025005028,2025-10-01,SAL20250083673,STR031,PRD00286,1,Size/Fit Issue,390.77
RET2025005029,2025-07-05,SAL20250032694,STR001,PRD00949,1,Defective Item,855.15
RET2025005030,2025-02-16,SAL20250024208,STR011,PRD01005,1,Defective Item,682.39
RET2025005031,2025-01-19,SAL20250081373,STR031,PRD00797,1,Wrong Item Delivered,567.41
RET2025005032,2025-09-11,SAL20250000035,STR018,PRD00303,2,Defective Item,1348.36
RET2025005033,2025-07-27,SAL20250062466,STR013,PRD00183,1,Defective Item,6835.62
RET2025005034,2025-07-30,SAL20250060429,STR037,PRD00758,1,Size/Fit Issue,4375.02
RET2025005035,2025-06-01,SAL20250013149,STR021,PRD00494,1,Damaged in Transit,893.47
RET2025005036,2025-11-22,SAL20250091542,STR007,PRD00112,3,Defective Item,11845.44
RET2025005037,2025-05-03,SAL20250009623,STR034,PRD00740,1,Size/Fit Issue,3926.7
RET2025005038,2025-04-06,SAL20250004120,STR037,PRD00143,1,Customer Changed Mind,11610.06
RET2025005039,2025-04-19,SAL20250060035,STR005,PRD01018,1,Size/Fit Issue,139.93
RET2025005040,2025-06-20,SAL20250033185,STR007,PRD00214,1,Damaged in Transit,9551.75
RET2025005041,2025-03-01,SAL20250009473,STR036,PRD00841,2,Size/Fit Issue,3930.34
RET2025005042,2025-05-15,SAL20250065243,STR002,PRD01168,2,Size/Fit Issue,8573.38
RET2025005043,2025-11-30,SAL20250054600,STR013,PRD00251,1,Damaged in Transit,10660.28
RET2025005044,2025-01-31,SAL20250052562,STR009,PRD00638,1,Size/Fit Issue,188.95
RET2025005045,2025-07-09,SAL20250082797,STR028,PRD00654,1,Damaged in Transit,474.17
RET2025005046,2025-05-17,SAL20250048086,STR025,PRD00083,1,Damaged in Transit,9369.31
RET2025005047,2025-05-02,SAL20250025461,STR036,PRD00461,1,Customer Changed Mind,198.22
RET2025005048,2025-05-10,SAL20250028956,STR004,PRD00877,1,Damaged in Transit,1728.24
RET2025005049,2025-11-14,SAL20250022199,STR012,PRD00015,1,Wrong Item Delivered,3619.87
RET2025005050,2025-12-20,SAL20250069397,STR017,PRD00026,1,Defective Item,4182.92
RET2025005051,2025-12-22,SAL20250059139,STR035,PRD00216,1,Size/Fit Issue,11614.64
RET2025005052,2025-07-16,SAL20250035519,STR027,PRD00045,1,Size/Fit Issue,17414.18
RET2025005053,2025-06-17,SAL20250079303,STR039,PRD00701,1,Size/Fit Issue,4774.16
RET2025005054,2025-04-14,SAL20250075011,STR013,PRD00042,1,Customer Changed Mind,15775.49
RET2025005055,2025-09-18,SAL20250017654,STR033,PRD00375,1,Customer Changed Mind,650.42
RET2025005056,2025-09-24,SAL20250022425,STR004,PRD01180,1,Damaged in Transit,9129.62
RET2025005057,2025-04-04,SAL20250096916,STR007,PRD00288,1,Customer Changed Mind,827.89
RET2025005058,2025-03-25,SAL20250046531,STR005,PRD01125,1,Size/Fit Issue,3015.8
RET2025005059,2025-10-17,SAL20250026477,STR040,PRD00610,1,Defective Item,637.82
RET2025005060,2025-07-08,SAL20250047986,STR039,PRD00790,1,Defective Item,1379.35
RET2025005061,2025-07-19,SAL20250044796,STR014,PRD01071,1,Defective Item,5607.68
RET2025005062,2025-05-19,SAL20250015947,STR041,PRD00864,3,Customer Changed Mind,5175.06
RET2025005063,2025-08-11,SAL20250032108,STR021,PRD00799,1,Defective Item,3907.93
RET2025005064,2025-04-26,SAL20250080025,STR041,PRD01149,1,Defective Item,4599.19
RET2025005065,2025-03-31,SAL20250097869,STR015,PRD00292,1,Customer Changed Mind,975.97
RET2025005066,2025-07-06,SAL20250059335,STR013,PRD00537,1,Wrong Item Delivered,133.85
RET2025005067,2025-02-15,SAL20250065613,STR034,PRD01117,1,Defective Item,2651.1
RET2025005068,2025-05-05,SAL20250042666,STR007,PRD00484,1,Wrong Item Delivered,678.16
RET2025005069,2025-09-14,SAL20250070053,STR035,PRD00229,1,Wrong Item Delivered,2013.93
RET2025005070,2025-06-30,SAL20250094259,STR009,PRD00961,1,Customer Changed Mind,294.28
RET2025005071,2025-09-06,SAL20250073222,STR018,PRD00713,1,Size/Fit Issue,4061.86
RET2025005072,2025-08-06,SAL20250055240,STR041,PRD00547,1,Size/Fit Issue,105.91
RET2025005073,2025-08-25,SAL20250099874,STR027,PRD00559,1,Customer Changed Mind,674.89
RET2025005074,2025-04-19,SAL20250008669,STR035,PRD00999,1,Defective Item,1102.59
RET2025005075,2025-10-19,SAL20250011694,STR018,PRD00342,1,Defective Item,1186.13
RET2025005076,2025-05-04,SAL20250064063,STR022,PRD00227,1,Defective Item,5367.28
RET2025005077,2025-08-20,SAL20250087049,STR004,PRD00433,1,Defective Item,1065.88
RET2025005078,2025-07-21,SAL20250084970,STR031,PRD00476,1,Damaged in Transit,645.16
RET2025005079,2025-03-13,SAL20250086076,STR008,PRD00547,1,Customer Changed Mind,105.91
RET2025005080,2025-10-09,SAL20250092172,STR014,PRD00431,2,Defective Item,1229.74
RET2025005081,2025-07-25,SAL20250026914,STR041,PRD01195,1,Wrong Item Delivered,6990.3
RET2025005082,2025-07-01,SAL20250078221,STR039,PRD00357,1,Defective Item,1112.32
RET2025005083,2025-08-26,SAL20250053391,STR034,PRD00864,1,Size/Fit Issue,1725.02
RET2025005084,2025-09-06,SAL20250002594,STR025,PRD00488,1,Customer Changed Mind,995.48
RET2025005085,2025-10-07,SAL20250069726,STR005,PRD01040,1,Customer Changed Mind,466.28
RET2025005086,2025-03-02,SAL20250078835,STR018,PRD01174,1,Wrong Item Delivered,4967.43
RET2025005087,2025-11-07,SAL20250011601,STR003,PRD00723,3,Size/Fit Issue,5271.9
RET2025005088,2025-05-29,SAL20250046033,STR002,PRD00736,1,Size/Fit Issue,1942.77
RET2025005089,2025-07-15,SAL20250079039,STR041,PRD00419,2,Customer Changed Mind,1900.32
RET2025005090,2025-02-13,SAL20250048028,STR024,PRD00879,1,Defective Item,2290.26
RET2025005091,2025-02-03,SAL20250065457,STR030,PRD01190,1,Wrong Item Delivered,7433.72
RET2025005092,2025-04-26,SAL20250077946,STR012,PRD00851,1,Customer Changed Mind,2659.29
RET2025005093,2025-01-20,SAL20250019320,STR035,PRD00707,2,Size/Fit Issue,4866.76
RET2025005094,2025-01-27,SAL20250022403,STR038,PRD00410,1,Damaged in Transit,245.81
RET2025005095,2025-07-07,SAL20250070889,STR030,PRD01056,1,Defective Item,449.88
RET2025005096,2025-11-24,SAL20250089002,STR008,PRD00169,1,Defective Item,8761.68
RET2025005097,2025-06-01,SAL20250009210,STR007,PRD00921,3,Damaged in Transit,9745.41
RET2025005098,2025-04-15,SAL20250080221,STR023,PRD00765,1,Defective Item,1419.48
RET2025005099,2025-02-03,SAL20250029251,STR032,PRD00013,1,Customer Changed Mind,17378.5
RET2025005100,2025-09-12,SAL20250042979,STR003,PRD00499,1,Damaged in Transit,309.01
RET2025005101,2025-04-02,SAL20250097271,STR030,PRD00725,2,Customer Changed Mind,4169.98
RET2025005102,2025-10-03,SAL20250067061,STR041,PRD00488,1,Customer Changed Mind,995.48
RET2025005103,2025-03-14,SAL20250076059,STR016,PRD00974,2,Defective Item,405.4
RET2025005104,2025-03-04,SAL20250081503,STR038,PRD00404,1,Wrong Item Delivered,695.46
RET2025005105,2025-09-18,SAL20250030767,STR027,PRD00207,1,Size/Fit Issue,9083.73
RET2025005106,2025-02-19,SAL20250070866,STR028,PRD00935,1,Defective Item,821.43
RET2025005107,2025-07-19,SAL20250073677,STR018,PRD00325,1,Damaged in Transit,1273.47
RET2025005108,2025-11-27,SAL20250098467,STR040,PRD01015,1,Wrong Item Delivered,771.47
RET2025005109,2025-11-12,SAL20250093954,STR014,PRD00033,1,Customer Changed Mind,2653.86
RET2025005110,2025-07-17,SAL20250078967,STR041,PRD00391,1,Wrong Item Delivered,716.46
RET2025005111,2025-11-18,SAL20250062800,STR039,PRD00769,2,Defective Item,3515.58
RET2025005112,2025-06-12,SAL20250025963,STR028,PRD00258,1,Defective Item,2441.64
RET2025005113,2025-08-10,SAL20250018338,STR034,PRD00631,2,Customer Changed Mind,1450.24
RET2025005114,2025-05-14,SAL20250069289,STR016,PRD00015,1,Customer Changed Mind,3619.87
RET2025005115,2025-03-25,SAL20250042865,STR026,PRD00361,1,Customer Changed Mind,1524.53
RET2025005116,2025-12-06,SAL20250009422,STR032,PRD00588,1,Defective Item,125.09
RET2025005117,2025-02-18,SAL20250088896,STR028,PRD01191,1,Wrong Item Delivered,6431.83
RET2025005118,2025-07-08,SAL20250036491,STR013,PRD00808,2,Wrong Item Delivered,5996.66
RET2025005119,2025-08-03,SAL20250023182,STR007,PRD00235,1,Damaged in Transit,11077.6
RET2025005120,2025-01-30,SAL20250062161,STR031,PRD01144,2,Defective Item,4795.4
RET2025005121,2025-02-14,SAL20250027043,STR002,PRD00885,1,Damaged in Transit,1948.54
RET2025005122,2025-08-08,SAL20250050469,STR006,PRD00652,1,Defective Item,210.65
RET2025005123,2025-06-18,SAL20250041400,STR020,PRD00490,1,Damaged in Transit,177.23
RET2025005124,2025-01-23,SAL20250054304,STR022,PRD00483,1,Defective Item,634.79
RET2025005125,2025-07-16,SAL20250054991,STR029,PRD00288,1,Defective Item,827.89
RET2025005126,2025-05-13,SAL20250091339,STR007,PRD00693,2,Defective Item,5024.44
RET2025005127,2025-03-31,SAL20250009412,STR014,PRD00551,1,Customer Changed Mind,585.58
RET2025005128,2025-09-09,SAL20250000207,STR009,PRD00671,1,Size/Fit Issue,327.72
RET2025005129,2025-12-06,SAL20250039771,STR028,PRD00176,1,Damaged in Transit,4757.11
RET2025005130,2025-08-29,SAL20250019249,STR010,PRD00576,2,Defective Item,902.52
RET2025005131,2025-12-07,SAL20250042165,STR012,PRD00558,1,Defective Item,353.1
RET2025005132,2025-09-10,SAL20250020745,STR007,PRD00820,1,Size/Fit Issue,2007.6
RET2025005133,2025-01-29,SAL20250034626,STR005,PRD01054,3,Size/Fit Issue,768.12
RET2025005134,2025-10-24,SAL20250020957,STR030,PRD01109,2,Damaged in Transit,10058.66
RET2025005135,2025-08-17,SAL20250032134,STR016,PRD00586,1,Defective Item,648.21
RET2025005136,2025-02-23,SAL20250025251,STR003,PRD00087,1,Size/Fit Issue,23253.22
RET2025005137,2025-08-17,SAL20250034292,STR017,PRD00642,1,Size/Fit Issue,467.68
RET2025005138,2025-02-28,SAL20250030683,STR018,PRD00237,1,Defective Item,9971.54
RET2025005139,2025-02-10,SAL20250007617,STR038,PRD00705,1,Wrong Item Delivered,488.73
RET2025005140,2025-06-19,SAL20250042460,STR009,PRD01069,3,Defective Item,6383.13
RET2025005141,2025-03-28,SAL20250084543,STR040,PRD00560,2,Defective Item,628.66
RET2025005142,2025-05-04,SAL20250083337,STR009,PRD00002,1,Size/Fit Issue,1289.58
RET2025005143,2025-02-01,SAL20250057078,STR029,PRD00782,1,Defective Item,3353.32
RET2025005144,2025-12-30,SAL20250096111,STR030,PRD00696,2,Customer Changed Mind,3199.54
RET2025005145,2025-06-15,SAL20250097411,STR031,PRD01100,1,Damaged in Transit,6765.12
RET2025005146,2025-12-08,SAL20250054928,STR027,PRD00535,1,Damaged in Transit,314.95
RET2025005147,2025-01-30,SAL20250015116,STR015,PRD00809,2,Defective Item,2836.6
RET2025005148,2025-12-05,SAL20250076146,STR002,PRD00540,1,Wrong Item Delivered,550.54
RET2025005149,2025-12-10,SAL20250010140,STR033,PRD00324,1,Size/Fit Issue,1095.89
RET2025005150,2025-11-24,SAL20250083120,STR023,PRD00560,1,Defective Item,314.33
RET2025005151,2025-12-06,SAL20250012933,STR033,PRD00980,1,Defective Item,608.25
RET2025005152,2025-08-02,SAL20250086094,STR037,PRD00623,1,Defective Item,563.55
RET2025005153,2025-11-30,SAL20250093319,STR038,PRD01158,1,Size/Fit Issue,7747.18
RET2025005154,2025-03-08,SAL20250028614,STR035,PRD00082,1,Size/Fit Issue,9499.68
RET2025005155,2025-01-23,SAL20250003609,STR014,PRD01193,1,Defective Item,1712.13
RET2025005156,2025-06-24,SAL20250071963,STR019,PRD00729,1,Defective Item,3595.95
RET2025005157,2025-01-15,SAL20250036916,STR037,PRD00211,1,Defective Item,6731.6
RET2025005158,2025-02-05,SAL20250051789,STR011,PRD00945,1,Defective Item,-871.49
RET2025005159,2025-02-20,SAL20250006271,STR001,PRD00646,2,Size/Fit Issue,216.44
RET2025005160,2025-12-06,SAL20250034704,STR039,PRD01007,1,Wrong Item Delivered,886.03
RET2025005161,2025-03-10,SAL20250039349,STR027,PRD00723,1,Defective Item,1757.3
RET2025005162,2025-01-19,SAL20250036295,STR009,PRD00613,2,Defective Item,-478.82
RET2025005163,2025-04-04,SAL20250026559,STR040,PRD00556,2,Size/Fit Issue,1269.5
RET2025005164,2025-12-24,SAL20250097571,STR026,PRD00927,1,Defective Item,799.32
RET2025005165,2025-01-09,SAL20250072785,STR039,PRD00967,2,Size/Fit Issue,88.86
RET2025005166,2025-07-05,SAL20250099381,STR007,PRD00303,1,Customer Changed Mind,674.18
RET2025005167,2025-11-21,SAL20250022024,STR028,PRD00769,1,Wrong Item Delivered,1757.79
RET2025005168,2025-11-05,SAL20250017105,STR021,PRD00612,1,Defective Item,287.57
RET2025005169,2025-07-23,SAL20250020911,STR023,PRD00908,1,Size/Fit Issue,2285.46
RET2025005170,2025-05-31,SAL20250075639,STR027,PRD00416,1,Defective Item,833.51
RET2025005171,2025-02-26,SAL20250004973,STR010,PRD00643,1,Wrong Item Delivered,345.09
RET2025005172,2025-11-20,SAL20250046250,STR009,PRD00427,1,Wrong Item Delivered,558.44
RET2025005173,2025-06-25,SAL20250081426,STR006,PRD00091,2,Defective Item,42671.0
RET2025005174,2025-02-27,SAL20250093282,STR018,PRD00195,1,Wrong Item Delivered,4088.9
RET2025005175,2025-08-24,SAL20250043269,STR020,PRD01088,2,Customer Changed Mind,9087.0
RET2025005176,2025-11-01,SAL20250050377,STR041,PRD00685,1,Damaged in Transit,4676.03
RET2025005177,2025-01-09,SAL20250008558,STR025,PRD00581,1,Wrong Item Delivered,310.86
RET2025005178,2025-12-04,SAL20250031045,STR001,PRD00361,1,Damaged in Transit,1524.53
RET2025005179,2025-07-24,SAL20250056646,STR016,PRD00200,1,Defective Item,1880.51
RET2025005180,2025-10-01,SAL20250034482,STR001,PRD00646,2,Wrong Item Delivered,216.44
RET2025005181,2025-03-20,SAL20250021283,STR006,PRD00117,1,Wrong Item Delivered,5653.79
RET2025005182,2025-08-21,SAL20250011273,STR012,PRD00294,2,Damaged in Transit,2095.66
RET2025005183,2025-12-29,SAL20250061110,STR024,PRD01183,1,Defective Item,7827.71
RET2025005184,2025-08-18,SAL20250002542,STR040,PRD00812,1,Defective Item,3142.68
RET2025005185,2025-10-19,SAL20250083802,STR001,PRD00072,2,Wrong Item Delivered,9044.4
RET2025005186,2025-12-03,SAL20250099057,STR031,PRD00067,1,Customer Changed Mind,3694.12
RET2025005187,2025-02-09,SAL20250038182,STR029,PRD00601,2,Defective Item,100.2
RET2025005188,2025-02-27,SAL20250034033,STR024,PRD00453,1,Wrong Item Delivered,1257.16
RET2025005189,2025-12-27,SAL20250048245,STR023,PRD01092,1,Defective Item,5535.53
RET2025005190,2025-07-02,SAL20250091220,STR038,PRD01001,1,Defective Item,315.54
RET2025005191,2025-06-04,SAL20250081167,STR002,PRD00947,1,Defective Item,413.13
RET2025005192,2025-05-27,SAL20250095851,STR021,PRD00501,1,Defective Item,707.96
RET2025005193,2025-06-25,SAL20250047105,STR040,PRD00899,2,Size/Fit Issue,4331.38
RET2025005194,2025-09-22,SAL20250039614,STR034,PRD01059,1,Damaged in Transit,553.69
RET2025005195,2025-02-27,SAL20250065138,STR026,PRD00167,1,Customer Changed Mind,8410.2
RET2025005196,2025-03-30,SAL20250030943,STR033,PRD00251,1,Defective Item,10660.28
RET2025005197,2025-10-29,SAL20250075934,STR020,PRD00990,1,Wrong Item Delivered,577.78
RET2025005198,2025-01-24,SAL20250076948,STR028,PRD00120,1,Defective Item,22170.49
RET2025005199,2025-04-23,SAL20250086425,STR023,PRD00027,1,Customer Changed Mind,21177.44
RET2025005200,2025-03-30,SAL20250014150,STR023,PRD01151,1,Defective Item,7065.61
RET2025005201,2025-12-20,SAL20250072376,STR009,PRD00992,1,Damaged in Transit,439.67
RET2025005202,2025-02-11,SAL20250027750,STR036,PRD01175,1,Defective Item,2568.19
RET2025005203,2025-12-18,SAL20250040988,STR033,PRD00339,1,Wrong Item Delivered,831.47
RET2025005204,2025-09-10,SAL20250086463,STR023,PRD00398,1,Wrong Item Delivered,358.79
RET2025005205,2025-05-01,SAL20250088553,STR038,PRD00649,1,Defective Item,333.14
RET2025005206,2025-01-06,SAL20250065235,STR026,PRD00464,1,Customer Changed Mind,598.64
RET2025005207,2025-02-26,SAL20250046113,STR009,PRD00888,1,Defective Item,2557.48
RET2025005208,2025-03-12,SAL20250084714,STR038,PRD00146,1,Defective Item,5953.14
RET2025005209,2025-02-18,SAL20250096450,STR007,PRD00207,1,Customer Changed Mind,9083.73
RET2025005210,2025-01-24,SAL20250069330,STR035,PRD00441,1,Wrong Item Delivered,853.01
RET2025005211,2025-07-09,SAL20250069258,STR036,PRD00340,1,Defective Item,956.64
RET2025005212,2025-03-02,SAL20250075521,STR013,PRD00431,1,Wrong Item Delivered,614.87
RET2025005213,2025-07-17,SAL20250061253,STR005,PRD00460,1,Size/Fit Issue,816.3
RET2025005214,2025-02-10,SAL20250063462,STR016,PRD00684,2,Defective Item,7979.54
RET2025005215,2025-05-09,SAL20250039764,STR027,PRD01048,1,Defective Item,623.5
RET2025005216,2025-05-31,SAL20250079688,STR034,PRD01001,1,Size/Fit Issue,315.54
RET2025005217,2025-10-01,SAL20250038697,STR016,PRD01085,1,Customer Changed Mind,7889.14
RET2025005218,2025-12-26,SAL20250033675,STR012,PRD00443,1,Customer Changed Mind,206.94
RET2025005219,2025-12-18,SAL20250005344,STR016,PRD00796,1,Defective Item,462.4
RET2025005220,2025-02-05,SAL20250016535,STR027,PRD00462,1,Customer Changed Mind,271.55
RET2025005221,2025-09-09,SAL20250012414,STR020,PRD00765,1,Customer Changed Mind,1419.48
RET2025005222,2025-08-27,SAL20250014996,STR021,PRD00145,1,Size/Fit Issue,2570.9
RET2025005223,2025-07-20,SAL20250023186,STR037,PRD00613,1,Damaged in Transit,239.41
RET2025005224,2025-11-03,SAL20250001444,STR040,PRD01190,1,Wrong Item Delivered,7433.72
RET2025005225,2025-04-03,SAL20250035798,STR033,PRD01052,1,Defective Item,462.25
RET2025005226,2025-09-23,SAL20250036241,STR026,PRD01183,2,Size/Fit Issue,15655.42
RET2025005227,2025-03-03,SAL20250001422,STR007,PRD01121,1,Customer Changed Mind,2103.52
RET2025005228,2025-09-03,SAL20250077467,STR010,PRD00903,1,Customer Changed Mind,433.92
RET2025005229,2025-05-05,SAL20250013184,STR007,PRD00837,1,Defective Item,4012.56
RET2025005230,2025-03-17,SAL20250098144,STR018,PRD00389,1,Defective Item,1606.86
RET2025005231,2025-03-30,SAL20250035448,STR020,PRD00660,3,Customer Changed Mind,972.69
RET2025005232,2025-05-14,SAL20250062602,STR030,PRD00044,1,Customer Changed Mind,3159.2
RET2025005233,2025-09-09,SAL20250031514,STR018,PRD00667,1,Defective Item,129.77
RET2025005234,2025-06-15,SAL20250010465,STR031,PRD00616,1,Customer Changed Mind,565.82
RET2025005235,2025-03-08,SAL20250069583,STR034,PRD01195,1,Defective Item,6990.3
RET2025005236,2025-04-26,SAL20250035761,STR030,PRD00008,1,Defective Item,14817.35
RET2025005237,2025-01-16,SAL20250036543,STR026,PRD01151,1,Wrong Item Delivered,7065.61
RET2025005238,2025-06-30,SAL20250085642,STR009,PRD00976,1,Wrong Item Delivered,1125.69
RET2025005239,2025-04-05,SAL20250001471,STR005,PRD00016,2,Defective Item,25632.8
RET2025005240,2025-04-27,SAL20250000075,STR023,PRD00710,1,Defective Item,4042.5
RET2025005241,2025-08-26,SAL20250005947,STR022,PRD00394,1,Size/Fit Issue,327.5
RET2025005242,2025-04-17,SAL20250038601,STR017,PRD00672,1,Defective Item,4427.9
RET2025005243,2025-03-22,SAL20250057910,STR001,PRD00550,2,Defective Item,1279.7
RET2025005244,2025-10-10,SAL20250065874,STR030,PRD01017,2,Defective Item,2184.38
RET2025005245,2025-06-26,SAL20250094427,STR016,PRD00290,1,Defective Item,747.46
RET2025005246,2025-09-11,SAL20250067502,STR040,PRD00876,1,Damaged in Transit,2635.68
RET2025005247,2025-11-26,SAL20250063366,STR034,PRD00322,1,Wrong Item Delivered,839.74
RET2025005248,2025-05-22,SAL20250050090,STR032,PRD00689,1,Size/Fit Issue,492.79
RET2025005249,2025-10-05,SAL20250054464,STR014,PRD00721,1,Defective Item,2330.52
